6.89697266e-03 -5.49316406e-02 -2.24609375e-02 1.58691406e-02 -6.31713867e-03 2.00195312e-02 -4.48608398e-03 -1.12304688e-02 -6.88476562e-02 3.67187500e-01 -8.85009766e-03 -2.08984375e-01 8.30078125e-02 -2.04101562e-01 1.68457031e-02 5.76171875e-02 7.75146484e-03 -1.69677734e-02 9.47265625e-02 6.34765625e-02 -2.57568359e-02 6.79687500e-01 -1.12304688e-02 3.69140625e-01 -2.58789062e-02 8.85009766e-03 -5.67626953e-03 -6.09375000e-01 -5.50781250e-01 -2.42187500e-01
-5.05371094e-02 -2.51464844e-02 1.63574219e-02 1.85546875e-02 2.57873535e-03 1.00097656e-02 6.46972656e-03 -6.05468750e-01 2.16796875e-01 -7.12890625e-02 5.66406250e-01 6.83593750e-02 1.86523438e-01 -1.58691406e-02 7.38525391e-03 -1.61132812e-02 -3.34472656e-02 -5.11718750e-01 -1.14746094e-02 1.24023438e-01 1.06445312e-01 -8.98437500e-02 1.41601562e-02 7.12890625e-02 -6.29425049e-04 2.88085938e-02 -1.58691406e-02 -3.86718750e-01 -1.47460938e-01 4.80957031e-02
4.33349609e-03 1.14746094e-02 -1.37329102e-02 2.06298828e-02 6.25000000e-02 -6.29882812e-02 2.36816406e-02 2.74658203e-02 2.83203125e-02 5.15136719e-02 -7.28607178e-04 -1.89971924e-03 2.51464844e-02 6.54296875e-02 -4.73632812e-02 2.96875000e-01 -1.34765625e-01 -4.17480469e-02 -3.63769531e-02 -4.93164062e-02 -1.41601562e-02 -2.22167969e-02 -2.21252441e-03 6.34765625e-02 4.14062500e-01 -4.21875000e-01 -6.22558594e-02 -9.32617188e-02 -1.08886719e-01 -6.05468750e-02
5.99026680e-06 1.04492188e-01 -7.13348389e-04 -2.84194946e-04 1.57356262e-04 1.97753906e-02 -1.91497803e-03 6.05468750e-01 -5.93750000e-01 1.30859375e-01 4.16015625e-01 3.27148438e-02 1.08642578e-02 1.80664062e-02 4.18090820e-03 8.23974609e-03 -4.11987305e-03 5.39062500e-01 -4.82421875e-01 3.56445312e-02 -2.67578125e-01 7.37304688e-02 4.05273438e-02 4.92095947e-04 -7.26318359e-03 4.12597656e-02 4.91333008e-03 -8.05664062e-02 -1.23046875e-01 -1.57226562e-01
-9.33837891e-03 1.18164062e-01 -4.56542969e-02 5.90820312e-02 -3.06701660e-03 -5.76171875e-02 -2.07519531e-03 -1.77734375e-01 -2.00195312e-01 -6.34765625e-02 -3.80859375e-01 5.42968750e-01 2.67578125e-01 9.37500000e-02 -7.69042969e-03 -2.24609375e-02 5.34057617e-03 -1.22070312e-01 -2.01171875e-01 -4.68750000e-02 -3.37890625e-01 3.75000000e-01 1.06445312e-01 -1.32812500e-01 -2.12402344e-02 -1.38671875e-01 -4.08935547e-03 -5.31250000e-01 -4.25781250e-01 -1.22070312e-01
5.88378906e-02 -4.71191406e-02 -1.34277344e-03 4.71191406e-02 1.27563477e-02 -2.40478516e-02 7.03125000e-02 -3.85742188e-02 3.66210938e-02 -2.97851562e-02 -1.10839844e-01 4.73632812e-02 1.80664062e-01 8.64257812e-02 -4.84375000e-01 -2.41210938e-01 -1.95312500e-01 -7.91015625e-02 -2.39257812e-02 -8.54492188e-02 1.66015625e-02 -2.49023438e-02 3.32031250e-01 -2.36816406e-02 6.54296875e-02 -3.22265625e-01 1.47460938e-01 -1.60156250e-01 -2.02148438e-01 -1.84570312e-01
4.82177734e-03 -4.39453125e-01 3.28063965e-03 -1.14746094e-02 -5.76019287e-04 -1.11083984e-02 9.84191895e-04 1.53320312e-01 -2.08984375e-01 2.75390625e-01 -3.53515625e-01 -2.96875000e-01 2.05078125e-02 -1.34765625e-01 -1.43432617e-03 -1.40380859e-02 -2.59399414e-03 1.05468750e-01 -1.53320312e-01 3.24218750e-01 2.41210938e-01 -1.88476562e-01 -4.14062500e-01 3.10058594e-02 -1.17187500e-02 -9.58251953e-03 5.21850586e-03 -8.74023438e-02 -1.14257812e-01 -1.28906250e-01
1.43051147e-04 -1.44042969e-02 1.46484375e-03 -7.51953125e-02 1.26342773e-02 -5.34667969e-02 1.21307373e-03 1.52587891e-02 4.45556641e-03 -5.34057617e-03 -2.60925293e-03 2.23388672e-02 -1.45721436e-03 3.66210938e-02 7.76367188e-02 3.41796875e-01 1.74560547e-02 -1.80053711e-03 -3.31115723e-03 -3.17382812e-02 -3.70788574e-03 6.89697266e-03 -2.05078125e-02 8.25195312e-02 7.92968750e-01 4.25781250e-01 -1.17187500e-02 -6.83593750e-02 -7.91015625e-02 -6.34765625e-02
-3.62396240e-04 5.85937500e-03 1.41601562e-02 -3.63281250e-01 1.37329102e-03 -7.42187500e-02 7.62939453e-03 6.10351562e-03 1.03759766e-02 2.98828125e-01 4.21142578e-03 -2.20947266e-02 -7.42187500e-02 1.35937500e+00 -2.41699219e-02 -2.94921875e-01 -1.64794922e-02 3.63159180e-03 -3.14941406e-02 -2.30468750e-01 3.24707031e-02 -8.64257812e-02 -2.12402344e-02 -1.83593750e-01 5.29785156e-02 2.15820312e-01 -3.17382812e-03 -1.76757812e-01 -1.64062500e-01 -1.04980469e-01
7.00950623e-05 -3.98635864e-04 -4.08935547e-03 -5.81054688e-02 6.10351562e-03 -1.37695312e-01 2.71606445e-03 3.11279297e-02 1.41906738e-03 2.39257812e-02 1.09863281e-03 -2.05993652e-03 1.30004883e-02 -4.39453125e-02 6.71875000e-01 3.63281250e-01 -3.54003906e-02 -2.83813477e-03 1.83105469e-02 2.42919922e-02 9.58251953e-03 8.36181641e-03 1.21459961e-02 3.80859375e-02 2.59765625e-01 2.08984375e-01 4.66918945e-03 7.32421875e-03 5.81054688e-02 8.59375000e-02
-3.72314453e-03 3.69140625e-01 -2.10571289e-03 1.77734375e-01 -5.12695312e-03 1.73339844e-02 -4.79125977e-03 -2.41699219e-02 1.29699707e-03 1.14257812e-01 1.37939453e-02 2.26562500e-01 1.22070312e-01 7.51953125e-02 2.11181641e-02 1.66015625e-02 5.76019287e-04 3.10058594e-02 -1.64794922e-03 9.76562500e-02 7.99560547e-03 -2.83203125e-01 -6.52343750e-01 3.63281250e-01 -3.34167480e-03 2.51464844e-02 -8.48388672e-03 -3.80859375e-02 -4.32128906e-02 -2.45666504e-03
-4.06265259e-04 8.23974609e-03 -2.82287598e-04 -9.22851562e-02 1.51824951e-03 2.78320312e-02 5.41687012e-04 -3.27148438e-02 -4.15039062e-02 -2.12500000e+00 -3.20434570e-04 -1.30004883e-02 1.18255615e-03 -2.39257812e-02 -1.28173828e-03 1.50146484e-02 1.22070312e-03 -3.56445312e-02 -1.36108398e-02 -2.20312500e+00 3.81469727e-03 -4.34570312e-02 2.24304199e-03 1.08398438e-01 -9.99450684e-04 3.97949219e-02 8.50677490e-04 3.41796875e-01 3.16406250e-01 2.92968750e-01
-3.63159180e-03 -1.55273438e-01 2.34985352e-03 -1.40380859e-02 1.01470947e-03 3.41796875e-03 -9.30786133e-04 -1.62506104e-03 -4.53125000e-01 4.82421875e-01 -2.06054688e-01 -1.70898438e-01 9.21630859e-03 5.49316406e-02 -5.31005859e-03 -1.12304688e-02 1.20239258e-02 -1.10626221e-03 -3.39843750e-01 3.82812500e-01 2.45361328e-02 -1.54296875e-01 -3.88183594e-02 -2.74658203e-02 -4.13894653e-04 6.13403320e-03 6.56127930e-03 -2.67333984e-02 -7.08007812e-02 -4.25781250e-01
-1.91650391e-02 6.34765625e-03 -2.92968750e-03 -9.21630859e-03 -1.93023682e-03 4.94384766e-03 3.93676758e-03 7.92968750e-01 7.26562500e-01 7.81250000e-03 -4.29687500e-01 -1.02539062e-02 -7.32421875e-03 -1.09863281e-02 1.45721436e-03 1.09195709e-04 -5.37109375e-03 7.81250000e-01 6.91406250e-01 -3.29589844e-02 5.54687500e-01 -2.82287598e-04 -1.19018555e-03 3.82995605e-03 1.31988525e-03 4.97436523e-03 -2.92968750e-03 -5.59082031e-02 -5.85937500e-02 -6.54296875e-02
-6.74438477e-03 -2.01171875e-01 1.82342529e-03 3.90625000e-02 4.79125977e-03 2.36511230e-03 -2.19726562e-03 2.53906250e-01 -6.28906250e-01 6.34765625e-02 -5.93750000e-01 -1.60156250e-01 -1.32446289e-02 3.28063965e-03 -1.97753906e-02 7.14111328e-03 -6.25610352e-03 2.44140625e-01 -5.85937500e-01 -4.93164062e-02 2.42187500e-01 3.69140625e-01 -4.71191406e-02 -9.42230225e-04 -1.28784180e-02 6.34765625e-03 3.28063965e-03 -1.66992188e-01 -1.19628906e-01 -1.87500000e-01
1.68457031e-02 4.08935547e-03 -2.53295898e-03 4.49218750e-02 1.30462646e-03 9.33837891e-03 1.32751465e-03 6.48437500e-01 1.80664062e-01 -2.29492188e-02 6.79687500e-01 1.55029297e-02 1.66992188e-01 -2.52685547e-02 -8.36181641e-03 1.34887695e-02 4.33349609e-03 5.50781250e-01 5.07812500e-02 -8.48388672e-03 -3.45703125e-01 -2.19726562e-02 1.33514404e-03 -5.83496094e-02 6.68334961e-03 7.08007812e-03 6.06536865e-04 -2.22656250e-01 -1.46484375e-01 -7.95898438e-02
-1.02539062e-02 -7.20214844e-03 6.98852539e-03 5.95092773e-03 2.35595703e-02 -5.10253906e-02 -1.67236328e-02 -1.74560547e-02 -2.20947266e-02 -5.20019531e-02 4.34570312e-02 9.88769531e-03 -1.38671875e-01 -2.80761719e-02 6.71875000e-01 -4.80468750e-01 6.80541992e-03 3.29589844e-02 -6.95800781e-03 -1.06811523e-03 -5.21850586e-03 1.12304688e-02 -6.39648438e-02 3.51562500e-02 4.73632812e-02 -3.43750000e-01 -3.49121094e-02 -1.24023438e-01 -1.13281250e-01 -1.93359375e-01
-1.19018555e-02 4.51660156e-02 6.22558594e-03 -8.58306885e-04 -1.09863281e-02 4.61425781e-02 1.70898438e-02 5.41992188e-02 1.15203857e-03 1.14257812e-01 2.86865234e-02 -2.77099609e-02 -8.97216797e-03 -9.42382812e-02 1.57470703e-02 1.78222656e-02 -3.49121094e-02 -9.37500000e-02 -1.53808594e-02 -1.90429688e-01 -6.22558594e-03 -1.93750000e+00 9.96093750e-02 4.90234375e-01 -6.90460205e-04 5.51757812e-02 3.12805176e-03 -4.14062500e-01 -3.80859375e-01 2.78320312e-02
-7.23266602e-03 -5.93261719e-02 1.89208984e-02 -5.20019531e-02 -2.24304199e-03 -6.34765625e-03 -8.36181641e-03 2.01171875e-01 4.63867188e-02 1.62353516e-02 2.39257812e-02 1.07910156e-01 -4.00390625e-02 -1.63085938e-01 6.80541992e-03 2.45666504e-03 7.14111328e-03 2.87109375e-01 -2.85644531e-02 -3.17382812e-02 2.38281250e-01 6.95312500e-01 -3.78906250e-01 7.08007812e-02 1.53808594e-02 -1.08642578e-02 -9.33837891e-03 -2.40234375e-01 -3.98437500e-01 -1.43554688e-01
1.23901367e-02 -4.45556641e-03 7.44628906e-03 2.46582031e-02 -3.93676758e-03 -5.06591797e-03 -3.82995605e-03 6.56250000e-01 -2.66113281e-02 -2.70080566e-03 6.91406250e-01 -4.45556641e-03 1.96289062e-01 -4.66308594e-02 4.57763672e-03 -9.33837891e-03 5.61523438e-03 5.70312500e-01 -4.02832031e-02 -4.02832031e-02 1.92382812e-01 -2.63671875e-02 1.14746094e-02 -3.90625000e-02 6.98852539e-03 -5.95092773e-03 9.33837891e-03 -1.67968750e-01 -9.08203125e-02 -1.18164062e-01
1.74713135e-03 -6.37817383e-03 -8.81195068e-04 -2.28271484e-02 2.58684158e-05 1.45263672e-02 7.05718994e-04 -5.74218750e-01 -5.43212891e-03 5.89843750e-01 -7.78198242e-04 1.01318359e-02 2.30407715e-03 -2.31933594e-02 9.72747803e-05 1.17187500e-02 -4.69970703e-03 -4.72656250e-01 -2.88085938e-02 4.51171875e-01 -8.23974609e-03 5.20019531e-02 1.28936768e-03 1.97753906e-02 -1.70707703e-04 1.66015625e-02 -2.70080566e-03 1.03759766e-02 -1.18408203e-02 -3.16406250e-01
-1.23901367e-02 -3.63159180e-03 1.70135498e-03 -1.10626221e-03 2.41088867e-03 6.10351562e-03 5.21850586e-03 -6.75781250e-01 4.57031250e-01 -1.76757812e-01 -2.73437500e-01 -4.90722656e-02 5.61523438e-03 4.30297852e-03 -7.13348389e-04 4.66918945e-03 -1.07421875e-02 -6.21093750e-01 3.65234375e-01 -1.98242188e-01 3.76953125e-01 4.34570312e-02 7.69042969e-03 -1.81884766e-02 -1.75476074e-03 1.06201172e-02 1.06201172e-02 -1.14257812e-01 -6.73828125e-02 3.19824219e-02
1.53350830e-03 -7.26318359e-03 -1.22833252e-03 -2.45361328e-02 4.92095947e-04 2.86865234e-02 1.90734863e-03 7.18750000e-01 6.87500000e-01 -2.52685547e-02 -4.06250000e-01 2.23388672e-02 8.01086426e-04 1.08642578e-02 -2.97546387e-03 1.45263672e-02 3.00598145e-03 6.91406250e-01 6.44531250e-01 -1.20605469e-01 -3.84765625e-01 -1.32446289e-02 7.72094727e-03 1.67236328e-02 5.24902344e-03 4.37011719e-02 -1.10626221e-03 -6.12792969e-02 -1.15234375e-01 -5.61523438e-02
4.94384766e-03 1.15722656e-01 2.27355957e-03 9.21630859e-03 8.92639160e-04 -2.22167969e-02 8.91685486e-05 2.33154297e-02 6.87500000e-01 -5.23437500e-01 3.43750000e-01 3.12500000e-01 -1.79443359e-02 -1.02539062e-02 -3.50952148e-03 -1.33666992e-02 -7.93457031e-03 -5.51757812e-02 6.52343750e-01 -9.29687500e-01 5.85937500e-02 2.08984375e-01 -5.06591797e-03 -7.47680664e-03 -5.18798828e-03 -4.29687500e-02 -2.10571289e-03 1.85546875e-02 6.98242188e-02 1.21459961e-02
4.48608398e-03 -1.81884766e-02 -4.21142578e-03 4.85839844e-02 -1.50299072e-03 -7.69042969e-03 -1.58691406e-03 2.77343750e-01 7.53906250e-01 -6.68945312e-02 2.79296875e-01 1.25122070e-02 3.71093750e-02 2.39257812e-02 -2.18200684e-03 -1.69677734e-02 7.11059570e-03 1.66992188e-01 6.95312500e-01 5.93261719e-02 -7.14843750e-01 -1.81884766e-02 -1.23977661e-04 -5.49316406e-02 7.11059570e-03 -8.23974609e-03 4.92095947e-04 -1.94335938e-01 -2.98828125e-01 5.95703125e-02
-2.39562988e-03 1.66015625e-01 -3.73535156e-02 1.33789062e-01 -5.67626953e-03 -9.46044922e-03 -1.51367188e-02 2.33154297e-02 8.60595703e-03 -1.08398438e-01 -7.03125000e-02 -8.39843750e-02 -3.94531250e-01 -6.73828125e-02 -3.30078125e-01 -4.84375000e-01 3.24218750e-01 3.27148438e-02 -3.85742188e-02 -8.83789062e-02 -2.63671875e-02 -8.93554688e-02 1.21093750e-01 -1.06201172e-02 -1.01562500e-01 -2.21679688e-01 1.43554688e-01 -7.32421875e-02 -2.81250000e-01 -2.53906250e-01
1.28784180e-02 -2.77099609e-02 1.52587891e-03 8.44726562e-02 7.47680664e-03 -1.39160156e-02 6.50024414e-03 -4.57031250e-01 2.16796875e-01 -2.58789062e-02 -6.05468750e-01 1.02539062e-01 3.67187500e-01 -1.32812500e-01 -8.11767578e-03 9.09423828e-03 2.24304199e-03 -3.63281250e-01 1.78710938e-01 -2.84423828e-02 -1.89453125e-01 -3.41796875e-02 5.73730469e-02 -1.47460938e-01 1.64794922e-02 -3.24707031e-02 -4.86373901e-04 -1.83593750e-01 -8.88671875e-02 -1.16699219e-01
4.66918945e-03 -3.49121094e-02 1.36108398e-02 -8.15429688e-02 -5.83496094e-02 -2.41088867e-03 6.74438477e-03 6.86645508e-03 -1.98974609e-02 3.83300781e-02 -1.20239258e-02 2.49023438e-02 -8.47656250e-01 -6.60156250e-01 -9.07897949e-04 6.50024414e-03 -1.67236328e-02 -2.99453735e-04 1.78222656e-02 4.49218750e-02 7.11059570e-03 3.44238281e-02 2.30468750e-01 -1.46484375e-01 7.76367188e-02 -2.09960938e-02 -1.04980469e-02 -1.02539062e-01 -1.22070312e-01 -1.62109375e-01
-2.59399414e-03 -2.16796875e-01 -2.36511230e-03 -2.12402344e-02 -3.46374512e-03 -3.11279297e-02 -2.24304199e-03 3.22265625e-02 -5.91278076e-04 2.01416016e-02 3.41796875e-03 -3.35937500e-01 -1.60156250e-01 -7.18750000e-01 5.24902344e-03 9.09423828e-03 -6.19506836e-03 -2.75878906e-02 2.09960938e-02 1.44042969e-02 -2.45361328e-02 4.96093750e-01 -8.59375000e-01 -2.16796875e-01 -7.56835938e-03 -6.20117188e-02 3.20434570e-03 -2.29492188e-01 -2.48046875e-01 -2.71484375e-01
9.09423828e-03 3.04687500e-01 -9.72747803e-04 -2.17285156e-02 3.03649902e-03 -1.55029297e-02 -5.12695312e-03 -2.49023438e-01 -3.51562500e-01 4.37500000e-01 2.83203125e-01 2.59765625e-01 -1.00097656e-02 -5.76171875e-02 -3.63159180e-03 2.48718262e-03 5.46264648e-03 -1.97265625e-01 -3.22265625e-01 4.12109375e-01 2.23632812e-01 -1.89453125e-01 1.57226562e-01 1.36718750e-02 4.11987305e-03 -2.70996094e-02 -3.79943848e-03 -8.83789062e-02 -7.91015625e-02 -2.94921875e-01
-9.33837891e-03 -2.35351562e-01 -8.96453857e-05 4.34570312e-02 1.44195557e-03 -1.18408203e-02 4.19616699e-04 -6.91406250e-01 8.49609375e-02 1.44531250e-01 6.54296875e-02 -5.10253906e-02 -3.82995605e-03 5.22460938e-02 -1.69372559e-03 -5.58471680e-03 -1.46484375e-02 -6.87500000e-01 1.01318359e-02 7.91015625e-02 -5.39062500e-01 3.18359375e-01 -3.22265625e-02 -3.78417969e-02 -1.09863281e-03 -1.42822266e-02 -6.83593750e-03 -1.18164062e-01 -7.51953125e-02 -1.85546875e-01
-6.34765625e-02 -1.18255615e-03 1.19018555e-02 4.56542969e-02 -4.45556641e-03 3.17382812e-02 6.68334961e-03 -4.00390625e-01 -3.37890625e-01 -8.72802734e-03 -4.78515625e-01 -3.12500000e-02 3.45703125e-01 -9.81445312e-02 1.36566162e-03 1.97753906e-02 -1.09863281e-02 -2.55859375e-01 -3.30078125e-01 -4.39453125e-02 3.00781250e-01 -6.83593750e-02 -2.82287598e-03 -9.66796875e-02 1.33666992e-02 2.36816406e-02 7.32421875e-03 -1.96289062e-01 -1.06445312e-01 -1.61132812e-01
-6.98852539e-03 3.18359375e-01 -3.20434570e-03 -8.36181641e-03 -9.38415527e-04 9.09423828e-03 3.17382812e-03 -3.55468750e-01 2.31445312e-01 4.94140625e-01 -1.64062500e-01 3.00781250e-01 -2.05993652e-03 -9.27734375e-02 -2.07519531e-03 5.24902344e-03 -1.21459961e-02 -2.71484375e-01 1.58203125e-01 4.57031250e-01 3.12500000e-01 -2.47070312e-01 1.73828125e-01 1.04522705e-03 2.18200684e-03 1.56250000e-02 -4.43458557e-05 -8.69140625e-02 -8.93554688e-02 -3.61328125e-01
5.85937500e-03 -9.17968750e-02 -2.92968750e-03 3.41796875e-02 -2.57873535e-03 -4.94384766e-03 -1.32751465e-03 -3.92578125e-01 6.60156250e-01 -5.74218750e-01 -3.26171875e-01 -1.83593750e-01 -5.58471680e-03 -9.82666016e-03 8.36181641e-03 7.11059570e-03 5.55419922e-03 -3.22265625e-01 6.17187500e-01 -5.27343750e-01 2.08007812e-01 2.48046875e-01 6.71386719e-03 -1.41601562e-02 -6.56127930e-04 -1.20239258e-02 -5.11169434e-04 5.02929688e-02 -2.90527344e-02 1.02539062e-01
-3.49426270e-03 2.34985352e-03 -1.52587891e-03 -1.48925781e-02 -2.70080566e-03 -2.57873535e-03 -1.61743164e-03 -9.25781250e-01 1.26953125e-01 2.81982422e-02 7.85156250e-01 2.14576721e-04 -4.22363281e-02 -8.85009766e-03 4.82177734e-03 -3.86047363e-03 -8.85009766e-03 -9.06250000e-01 1.12304688e-01 -3.49121094e-02 2.49023438e-02 -3.32641602e-03 6.43920898e-03 1.56250000e-02 5.34057617e-04 -3.87573242e-03 4.45556641e-03 -3.41796875e-02 -1.43554688e-01 -3.56445312e-02
3.21960449e-03 1.03759766e-02 -3.83377075e-04 1.30004883e-02 -8.01086426e-04 5.34057617e-04 5.76019287e-04 -3.02734375e-01 -9.37500000e-01 -6.13403320e-03 -2.50000000e-01 -1.40380859e-02 4.83398438e-02 3.29589844e-03 5.98144531e-03 7.26318359e-03 -5.26428223e-04 -2.20703125e-01 -8.78906250e-01 -5.00488281e-02 7.22656250e-01 1.26342773e-02 2.71606445e-03 -2.56347656e-02 -5.06591797e-03 4.05883789e-03 2.05993652e-03 -6.64062500e-02 -1.28906250e-01 -3.78417969e-02
3.69262695e-03 -2.75390625e-01 8.60595703e-03 -5.10253906e-02 -3.34167480e-03 -7.20214844e-03 1.01470947e-03 -1.23901367e-02 1.07421875e-02 -1.14746094e-02 1.60980225e-03 -1.38671875e-01 5.35156250e-01 -4.43359375e-01 -8.60595703e-03 -3.50952148e-03 -5.67626953e-03 -5.31005859e-03 -5.24902344e-03 -8.64257812e-02 1.19018555e-02 3.32031250e-01 6.64062500e-01 -2.51953125e-01 -3.81469727e-03 -2.25830078e-02 -3.43322754e-03 -1.90429688e-01 -1.84570312e-01 -1.36718750e-01
1.52587891e-03 -1.41601562e-01 -1.15203857e-03 1.55029297e-02 -1.04522705e-03 1.02539062e-02 4.36401367e-03 6.52343750e-01 -4.19921875e-01 2.18750000e-01 -2.92968750e-01 -1.10351562e-01 -2.30407715e-03 2.27050781e-02 7.75146484e-03 -1.44195557e-03 -1.42822266e-02 6.01562500e-01 -3.78906250e-01 1.25000000e-01 4.60937500e-01 1.18164062e-01 -4.44335938e-02 -1.74560547e-02 1.89208984e-03 1.34887695e-02 -1.48010254e-03 -1.16210938e-01 -6.29882812e-02 -2.16796875e-01
8.08715820e-04 1.45507812e-01 -5.26428223e-04 7.47680664e-03 -3.06701660e-03 1.84326172e-02 -5.34057617e-04 -7.34375000e-01 -2.49023438e-01 -6.67968750e-01 -1.10351562e-01 2.37304688e-01 -2.63671875e-02 -3.34472656e-02 1.08642578e-02 1.39617920e-03 -4.48608398e-03 -6.75781250e-01 -2.91015625e-01 -7.10937500e-01 -3.35937500e-01 1.36718750e-01 -1.04522705e-03 3.28063965e-03 5.18798828e-03 2.40478516e-02 3.08227539e-03 1.87988281e-02 1.30004883e-02 9.52148438e-02
2.45666504e-03 -2.88085938e-02 -8.01086426e-04 1.04980469e-02 -1.58691406e-03 -2.30789185e-04 1.28936768e-03 8.08593750e-01 -4.66796875e-01 1.27563477e-02 -7.22656250e-01 3.63769531e-02 -5.85937500e-02 -2.03857422e-02 -1.40380859e-03 6.06536865e-04 -9.99450684e-04 7.57812500e-01 -3.20312500e-01 -4.07714844e-02 -3.02734375e-01 -9.49859619e-04 -1.17492676e-03 -1.64794922e-02 4.43458557e-05 -2.26020813e-04 -1.86920166e-03 -1.58203125e-01 -1.25976562e-01 -6.64062500e-02
9.70458984e-03 -2.24609375e-01 1.78222656e-02 -2.44140625e-02 1.57165527e-03 -2.20947266e-02 -1.57165527e-03 -4.27246094e-02 -5.78613281e-02 -4.12597656e-02 -3.05175781e-02 -3.96484375e-01 -1.65039062e-01 -4.08203125e-01 6.07299805e-03 3.51562500e-02 1.26342773e-02 5.79833984e-03 7.37304688e-02 -2.35351562e-01 -4.00390625e-02 -1.16699219e-01 6.25000000e-01 -4.58984375e-01 -2.22778320e-03 -4.39453125e-02 7.72094727e-03 -1.98242188e-01 -2.49023438e-01 -2.06054688e-01
-5.70678711e-03 -1.53808594e-02 -2.09045410e-03 -6.79016113e-04 -6.06536865e-04 -1.92871094e-02 -7.55310059e-04 -6.60156250e-01 5.62500000e-01 -5.17578125e-02 4.74609375e-01 3.24707031e-02 -1.42578125e-01 -6.31713867e-03 1.82342529e-03 -2.36816406e-02 6.71386719e-03 -5.70312500e-01 3.96484375e-01 -4.29687500e-02 5.46875000e-01 -6.74438477e-03 1.40380859e-02 -9.33837891e-03 -5.34057617e-03 -2.85644531e-02 1.77764893e-03 -1.42578125e-01 -1.45507812e-01 -2.52685547e-02
-6.13403320e-03 -8.20312500e-02 -4.39453125e-02 2.16796875e-01 -1.39617920e-03 -4.11987305e-03 9.70458984e-03 -3.58581543e-03 -2.22167969e-02 4.32128906e-02 2.24609375e-02 3.32031250e-01 -6.71875000e-01 1.53808594e-02 4.60815430e-03 -1.00097656e-02 -1.44042969e-02 -1.17797852e-02 6.34765625e-03 -1.06445312e-01 1.36718750e-02 5.19531250e-01 -1.23535156e-01 3.06640625e-01 -5.21850586e-03 -1.83105469e-02 7.93457031e-03 -1.94335938e-01 -2.04101562e-01 -1.74804688e-01
2.55126953e-02 -5.29785156e-02 -3.60107422e-03 8.30078125e-02 6.98852539e-03 -2.35595703e-02 2.22778320e-03 3.86718750e-01 -5.27343750e-01 -9.52148438e-02 4.41406250e-01 6.34765625e-02 -3.29589844e-02 2.84423828e-02 -1.64794922e-02 -1.53808594e-02 5.00488281e-03 4.27734375e-01 -4.82421875e-01 1.40380859e-02 5.42968750e-01 -4.90722656e-02 -1.34887695e-02 -4.61425781e-02 -9.21630859e-03 -3.12500000e-02 -1.22680664e-02 -2.77343750e-01 -2.35351562e-01 -6.59179688e-03
-5.18798828e-03 -2.21679688e-01 1.30004883e-02 8.98437500e-02 -5.43212891e-03 -1.26342773e-02 5.09643555e-03 -1.22680664e-02 1.40380859e-03 -7.53906250e-01 2.07519531e-02 -4.53125000e-01 6.49414062e-02 -1.49414062e-01 -6.10351562e-03 2.96020508e-03 -9.33837891e-03 2.56347656e-02 -2.50244141e-02 -6.91406250e-01 1.18408203e-02 2.39257812e-01 5.66406250e-01 5.05371094e-02 -7.62939453e-03 -2.62451172e-02 6.34765625e-03 -5.59082031e-02 -3.03649902e-03 4.73632812e-02
-1.80664062e-02 -2.71484375e-01 3.37219238e-03 6.93359375e-02 -1.14746094e-02 1.10626221e-03 4.45556641e-03 -3.24218750e-01 5.02929688e-02 -2.57812500e-01 3.29589844e-02 -2.89062500e-01 3.41796875e-02 3.66210938e-02 1.68457031e-02 9.21630859e-03 -4.94384766e-03 -5.66406250e-01 -3.34472656e-02 -2.53906250e-01 4.27734375e-01 1.01562500e-01 -1.30859375e-01 -2.08984375e-01 5.61523438e-03 8.11767578e-03 -1.44195557e-03 -5.34057617e-03 -2.14843750e-01 -3.75976562e-02
1.15966797e-02 -2.51953125e-01 -6.10351562e-03 5.59082031e-02 2.34985352e-03 -1.13525391e-02 -1.65557861e-03 4.31640625e-01 5.11718750e-01 6.34765625e-02 5.85937500e-01 -2.42187500e-01 3.99780273e-03 -1.58691406e-02 -7.01904297e-03 -1.52587891e-02 1.03759766e-02 4.39453125e-01 5.00000000e-01 -9.58251953e-03 5.19531250e-01 1.78710938e-01 -3.51562500e-02 -6.46972656e-03 -2.71606445e-03 -8.60595703e-03 3.93676758e-03 -1.16699219e-01 -1.60156250e-01 -2.24609375e-01
-3.58581543e-03 -2.57873535e-03 6.46972656e-03 -3.36914062e-02 -2.21252441e-03 5.22460938e-02 7.20214844e-03 -5.93261719e-02 4.57763672e-03 -3.82812500e-01 1.33666992e-02 4.90722656e-02 -4.24804688e-02 -5.27343750e-01 -8.10546875e-02 3.26171875e-01 -1.61132812e-02 -5.15136719e-02 -1.45263672e-02 -1.15722656e-01 1.30004883e-02 2.22656250e-01 -2.69775391e-02 3.04687500e-01 1.04492188e-01 -2.28515625e-01 3.03649902e-03 3.06640625e-01 3.10546875e-01 4.66796875e-01
1.22680664e-02 -1.84570312e-01 2.27355957e-03 -1.82617188e-01 4.05883789e-03 -6.10351562e-02 -5.95092773e-03 7.14111328e-03 1.78527832e-03 7.95898438e-02 -1.86767578e-02 -1.00585938e-01 3.49609375e-01 2.31445312e-01 -2.31933594e-03 -1.67236328e-02 9.70458984e-03 3.63769531e-02 -6.86645508e-04 9.27734375e-02 5.31005859e-03 4.19921875e-01 -2.67578125e-01 -3.55468750e-01 3.00598145e-03 -8.25195312e-02 7.75146484e-03 -4.24804688e-02 -4.76074219e-02 -1.35742188e-01
6.10351562e-03 9.08203125e-02 2.35595703e-02 1.04492188e-01 -5.21850586e-03 -5.12695312e-02 -3.19824219e-02 -2.04101562e-01 3.27148438e-02 -1.76757812e-01 -2.91015625e-01 -4.02343750e-01 3.90625000e-01 -4.12597656e-02 2.78320312e-02 1.91650391e-02 7.86132812e-02 -1.92382812e-01 2.51953125e-01 5.98144531e-02 2.59765625e-01 4.29687500e-02 1.42578125e-01 -1.55273438e-01 -1.90429688e-02 -6.68945312e-02 4.21142578e-03 -1.67968750e-01 -1.32812500e-01 -5.27343750e-02
3.31115723e-03 2.73437500e-01 7.08007812e-03 7.91015625e-02 -2.96020508e-03 -2.25830078e-02 -8.01086426e-04 4.08203125e-01 3.76953125e-01 5.51757812e-02 -4.98046875e-01 3.00781250e-01 -1.40380859e-02 -4.49218750e-02 7.44628906e-03 -1.28784180e-02 3.69262695e-03 4.66796875e-01 3.90625000e-01 2.10571289e-03 -5.70312500e-01 5.59082031e-02 1.78222656e-02 -3.08837891e-02 -2.97546387e-03 -3.54003906e-02 6.40869141e-04 -1.08398438e-01 -1.39648438e-01 -2.42187500e-01
3.82995605e-03 -2.60009766e-02 1.44195557e-03 3.12500000e-02 8.50677490e-04 -2.33154297e-02 5.64575195e-04 6.52343750e-01 6.05468750e-01 -9.22851562e-02 -4.80468750e-01 2.49023438e-02 -4.44335938e-02 3.07083130e-04 1.78527832e-03 -7.35473633e-03 3.47900391e-03 6.21093750e-01 5.54687500e-01 4.22363281e-02 5.15625000e-01 -5.37109375e-03 -2.47955322e-04 -4.44335938e-02 1.00097656e-02 -3.17382812e-02 1.80053711e-03 -1.41601562e-01 -1.39648438e-01 -6.22558594e-03
-7.23266602e-03 -5.98144531e-02 -5.49316406e-03 1.94091797e-02 2.44140625e-02 -6.34765625e-02 1.08337402e-03 1.85546875e-01 3.88671875e-01 -1.62353516e-02 4.16015625e-01 8.05664062e-02 3.22265625e-01 -5.73730469e-02 -5.85937500e-02 -2.64892578e-02 -5.34057617e-03 1.02539062e-01 4.35546875e-01 6.59179688e-03 -9.08203125e-02 -8.48388672e-03 -7.91015625e-02 -1.56250000e-01 2.80761719e-02 -1.04003906e-01 -2.01416016e-02 -1.43554688e-01 -5.00488281e-02 -6.73828125e-02
-7.51495361e-04 6.29882812e-02 -1.22070312e-03 -2.05078125e-02 1.40380859e-03 -1.52587891e-02 7.85827637e-04 -1.30859375e-01 1.30859375e-01 -7.71484375e-02 1.92382812e-01 3.06640625e-01 -5.74218750e-01 1.31835938e-01 -3.51562500e-02 1.62353516e-02 2.30712891e-02 -1.20605469e-01 1.31835938e-01 -4.85839844e-02 1.80664062e-02 -1.00097656e-01 -5.00488281e-02 -1.90429688e-02 1.20239258e-02 -5.07812500e-02 -1.52587891e-02 -2.12890625e-01 -1.60156250e-01 1.64794922e-02
-2.96630859e-02 -1.42822266e-02 -1.07421875e-02 -1.68457031e-02 6.54296875e-02 -1.06445312e-01 -2.96630859e-02 -4.61425781e-02 -1.85546875e-02 -2.80761719e-02 5.34667969e-02 4.93164062e-02 2.25830078e-02 2.62451172e-02 -7.91015625e-02 1.18164062e-01 2.77343750e-01 -2.73437500e-02 4.95605469e-02 -2.66113281e-02 -1.19018555e-03 -2.64892578e-02 1.89208984e-02 -8.48388672e-03 3.69140625e-01 -3.57421875e-01 2.94921875e-01 -1.75781250e-01 -1.37695312e-01 -9.96093750e-02
5.24902344e-03 1.09863281e-02 -3.58581543e-03 3.54003906e-02 1.34887695e-02 -1.41601562e-01 -1.11579895e-04 3.01513672e-02 6.00585938e-02 2.56347656e-03 1.13677979e-03 -2.02636719e-02 -3.55529785e-03 3.63769531e-02 -3.44238281e-02 3.14453125e-01 6.95312500e-01 -4.15039062e-02 -4.34570312e-02 -1.77001953e-02 -7.99560547e-03 -5.79833984e-03 -1.17187500e-02 -4.56542969e-02 2.77099609e-02 -5.71289062e-02 -7.03125000e-01 -1.45263672e-02 -6.00585938e-02 -5.93261719e-02
-3.70788574e-03 2.24304199e-03 1.52587891e-03 2.96630859e-02 6.14166260e-04 -8.11767578e-03 -5.98907471e-04 7.65625000e-01 6.48437500e-01 -3.36914062e-02 5.42968750e-01 9.07897949e-04 3.14941406e-02 1.36718750e-02 1.06048584e-03 -2.04467773e-03 -4.66918945e-03 7.34375000e-01 5.70312500e-01 -5.20019531e-02 -4.37500000e-01 1.87683105e-03 8.97216797e-03 -3.95507812e-02 3.20434570e-04 -1.28784180e-02 2.82287598e-03 -1.01562500e-01 -6.83593750e-02 -2.28271484e-02
-9.91821289e-04 5.68847656e-02 -3.93066406e-02 -3.71093750e-02 2.09045410e-03 -1.25122070e-02 -5.73730469e-03 -1.58691406e-02 -1.47705078e-02 3.47137451e-04 2.11181641e-02 -5.92041016e-03 -1.22070312e-01 -2.00195312e-01 -8.11767578e-03 -9.29832458e-05 1.57470703e-02 1.74560547e-02 1.37939453e-02 2.85644531e-02 -9.21630859e-03 8.20312500e-01 6.64062500e-01 -1.64062500e-01 1.32446289e-02 -2.75878906e-02 -3.20434570e-03 -2.34375000e-01 -2.35351562e-01 -1.78710938e-01
-2.15148926e-03 -3.34167480e-03 4.66918945e-03 2.72216797e-02 -4.73022461e-03 -3.44848633e-03 -2.45666504e-03 8.98437500e-01 -7.03125000e-02 -3.90625000e-02 -8.08593750e-01 -1.44042969e-02 -6.59179688e-02 6.19506836e-03 4.48608398e-03 7.23266602e-03 4.82177734e-03 8.67187500e-01 -1.12304688e-01 -1.26342773e-02 1.10351562e-01 -2.92968750e-03 6.22558594e-03 -3.46679688e-02 -1.04980469e-02 -1.01318359e-02 2.59399414e-04 -1.67968750e-01 -4.05273438e-02 -3.19824219e-02
1.86920166e-03 -5.12695312e-02 8.83789062e-02 -5.85937500e-03 8.23974609e-03 -4.94384766e-03 4.57763672e-05 -8.49609375e-02 -8.97216797e-03 2.00195312e-02 -3.73535156e-02 6.15234375e-02 8.28125000e-01 -2.09960938e-01 -9.88769531e-03 1.14746094e-02 -2.82287598e-03 5.39550781e-02 -3.12500000e-02 -2.35351562e-01 2.57568359e-02 -8.20312500e-01 1.57226562e-01 -1.45507812e-01 -9.21630859e-03 -3.22265625e-02 1.15966797e-02 -5.78125000e-01 -4.76562500e-01 2.33398438e-01
1.46865845e-04 -1.34887695e-02 -7.36236572e-04 -1.23901367e-02 -1.57928467e-03 -5.31005859e-03 -1.06048584e-03 2.11181641e-02 3.08837891e-02 -7.38281250e-01 -2.74658203e-04 2.39257812e-02 1.13677979e-03 -3.95507812e-02 -4.21142578e-03 -2.77709961e-03 9.91821289e-04 -2.17285156e-02 -2.90527344e-02 -7.30468750e-01 -3.34167480e-03 7.96875000e-01 -2.03857422e-02 7.91015625e-02 -4.82177734e-03 -1.09863281e-02 -2.02178955e-04 5.98144531e-02 6.73828125e-02 1.22070312e-01
-2.07519531e-03 -9.21630859e-03 -1.43432617e-03 1.45263672e-02 -3.11279297e-03 -3.03649902e-03 1.93786621e-03 3.06640625e-01 9.68750000e-01 5.24902344e-03 2.61718750e-01 1.03759766e-02 3.78417969e-02 1.28784180e-02 3.00598145e-03 5.34057617e-03 -8.65936279e-04 2.69531250e-01 9.33593750e-01 -3.44238281e-02 -7.46093750e-01 -5.58471680e-03 1.31225586e-03 -1.86767578e-02 4.54711914e-03 -1.17797852e-02 -6.25610352e-03 -1.24511719e-01 -8.98437500e-02 -2.16064453e-02
1.02539062e-02 -3.12500000e-02 5.06591797e-03 -1.44531250e-01 3.14941406e-02 7.12890625e-02 2.74658203e-02 1.26342773e-02 8.43048096e-04 7.51953125e-02 -1.51367188e-02 -3.14941406e-02 -4.73632812e-02 8.78906250e-01 -1.78710938e-01 1.18408203e-02 -1.45507812e-01 4.49218750e-02 5.39550781e-02 -2.39257812e-02 5.68847656e-02 -2.79296875e-01 4.40597534e-04 -2.14843750e-01 -3.14453125e-01 -2.53906250e-01 -5.09643555e-03 -2.94921875e-01 -2.53906250e-01 -1.44531250e-01
-1.43432617e-03 -1.46484375e-02 5.41687012e-04 -1.50146484e-02 -7.93457031e-04 2.89916992e-04 -1.44958496e-03 6.87500000e-01 7.81250000e-02 5.85937500e-01 1.39617920e-03 2.18505859e-02 -5.95092773e-03 -1.68457031e-02 4.33349609e-03 9.91821289e-04 6.71386719e-03 5.97656250e-01 -9.58251953e-03 4.37500000e-01 -1.99890137e-03 2.64892578e-02 -4.02927399e-05 1.72119141e-02 4.42504883e-03 -3.69262695e-03 -1.16729736e-03 -5.29785156e-02 7.93457031e-03 -3.49609375e-01
-4.69970703e-03 6.12792969e-02 2.05993652e-03 -6.34765625e-02 1.80816650e-03 1.20239258e-02 2.56347656e-03 -2.96020508e-03 -9.21630859e-03 2.18505859e-02 1.98974609e-02 -1.41601562e-01 7.77343750e-01 -6.79687500e-01 5.98144531e-03 1.64794922e-02 -1.22680664e-02 1.39160156e-02 2.96020508e-03 1.19781494e-03 1.31988525e-03 4.29687500e-02 -5.66406250e-01 -1.53320312e-01 -1.40380859e-02 -7.55310059e-04 -9.58251953e-03 -8.54492188e-02 -1.14257812e-01 -1.37695312e-01
4.86373901e-04 -2.61230469e-02 -2.57873535e-03 -6.88476562e-02 -5.34057617e-04 1.08642578e-02 8.35418701e-04 2.69531250e-01 -1.32812500e-01 -9.57031250e-01 -4.92095947e-04 4.63867188e-02 6.31713867e-03 -2.86865234e-02 5.91278076e-04 3.90625000e-03 -2.31933594e-03 2.35351562e-01 -1.03027344e-01 -9.72656250e-01 1.28784180e-02 3.57421875e-01 2.07519531e-03 1.08886719e-01 -1.61743164e-03 2.08740234e-02 -5.85937500e-03 2.06054688e-01 2.28515625e-01 2.08984375e-01
2.12097168e-03 -3.03649902e-03 1.26647949e-03 -1.66015625e-02 -3.56674194e-04 -2.36511230e-03 -1.59454346e-03 5.35156250e-01 -7.85156250e-01 -1.57226562e-01 4.66918945e-03 -6.71386719e-04 -2.59399414e-03 -5.06591797e-03 1.95312500e-03 4.97436523e-03 6.86645508e-04 3.98437500e-01 -7.10937500e-01 -2.43164062e-01 -6.59179688e-03 -7.93457031e-04 -4.29153442e-04 2.11181641e-02 -3.81469727e-04 -4.21142578e-03 2.42614746e-03 -2.28881836e-03 -3.97949219e-02 3.83300781e-02
1.94549561e-03 1.98242188e-01 -1.67846680e-03 1.07421875e-01 -3.67736816e-03 -7.56835938e-03 6.59179688e-03 8.48388672e-03 1.52587891e-02 -6.99218750e-01 -5.73730469e-03 4.74609375e-01 -2.28271484e-02 -2.27539062e-01 7.14111328e-03 -8.48388672e-03 -1.15966797e-02 -2.31933594e-03 -6.59179688e-02 -7.38281250e-01 3.29589844e-02 3.59375000e-01 -5.50781250e-01 -9.27734375e-02 -1.94549561e-03 -7.72094727e-03 4.45556641e-03 -8.11767578e-03 -4.90722656e-02 -7.62939453e-03
-1.75476074e-03 -2.60925293e-03 -2.79235840e-03 4.69970703e-03 -1.35040283e-03 -3.70788574e-03 2.09045410e-03 6.99218750e-01 -8.24218750e-01 -9.33837891e-03 4.88281250e-01 1.41601562e-02 1.90429688e-02 1.55029297e-02 -3.35693359e-03 4.63485718e-04 -2.05993652e-03 7.10937500e-01 -7.92968750e-01 -4.02832031e-02 6.48437500e-01 6.62231445e-03 1.19018555e-03 -5.24902344e-03 8.27789307e-04 -8.36181641e-03 7.51495361e-04 -1.61132812e-02 -8.25195312e-02 -4.07714844e-02
-1.00097656e-02 7.11059570e-03 -5.22136688e-05 3.24707031e-02 -1.61132812e-02 -2.63671875e-02 6.83593750e-03 -1.13525391e-02 -2.67333984e-02 -3.75976562e-02 2.09960938e-02 -2.81982422e-02 2.17285156e-02 -3.12805176e-03 4.19921875e-01 3.75976562e-02 5.82031250e-01 1.37329102e-02 4.41894531e-02 -3.22265625e-02 -3.54003906e-03 -1.08642578e-02 7.72094727e-03 -6.29882812e-02 -6.98242188e-02 -4.98046875e-02 3.34472656e-02 -1.05468750e-01 -3.56445312e-02 -9.22851562e-02
-2.30407715e-03 -2.20947266e-02 -6.31713867e-03 -3.12500000e-01 -3.81469727e-03 1.86767578e-02 1.75476074e-03 7.26318359e-03 1.68457031e-02 2.95410156e-02 1.61170959e-04 -9.58251953e-03 -2.78320312e-02 3.47656250e-01 -5.98144531e-03 3.88183594e-02 -2.07519531e-03 -1.66015625e-02 -1.84326172e-02 1.61132812e-01 3.50952148e-03 4.44335938e-02 2.84423828e-02 -7.96875000e-01 1.57470703e-02 4.69970703e-03 -7.23266602e-03 1.40625000e-01 1.42578125e-01 1.65039062e-01
1.98974609e-02 1.90429688e-01 -3.21960449e-03 7.12890625e-02 2.48718262e-03 -5.82885742e-03 -2.28881836e-03 -2.89062500e-01 -5.19531250e-01 2.03857422e-02 5.46875000e-01 2.63671875e-01 2.44140625e-02 -4.08935547e-03 -1.27563477e-02 -1.01318359e-02 1.89208984e-03 -2.40234375e-01 -5.19531250e-01 -3.06701660e-03 3.76953125e-01 3.32031250e-01 5.12695312e-02 -3.63769531e-02 -4.92095947e-04 -6.59179688e-03 2.96020508e-03 -1.75781250e-01 -9.61914062e-02 -1.70898438e-01
-4.27246094e-04 1.07421875e-01 3.58886719e-02 3.88183594e-02 8.72802734e-03 2.16064453e-02 4.33349609e-03 5.59082031e-02 -3.27148438e-02 -8.32031250e-01 -3.90625000e-02 2.37304688e-01 6.48437500e-01 1.20117188e-01 -2.20947266e-02 -9.58251953e-03 -1.14746094e-02 -5.54199219e-02 -2.49023438e-02 -8.51562500e-01 4.82177734e-03 5.11718750e-01 2.30468750e-01 -8.98437500e-02 -6.98852539e-03 4.63867188e-02 -9.46044922e-03 -1.74804688e-01 -1.18164062e-01 -5.15136719e-02
9.82666016e-03 2.15820312e-01 6.86645508e-03 6.12792969e-02 -1.31225586e-02 6.68334961e-03 5.79833984e-03 -3.85742188e-02 6.50024414e-03 4.98046875e-02 -1.75476074e-03 5.07812500e-01 -2.24609375e-01 -3.76953125e-01 2.77099609e-02 2.49023438e-02 -3.99780273e-03 2.80761719e-02 -3.63159180e-03 4.12597656e-02 -7.20977783e-04 8.10546875e-02 6.67968750e-01 1.76757812e-01 6.10351562e-03 9.58251953e-03 -7.51495361e-04 -2.39257812e-01 -2.20703125e-01 -1.56250000e-01
-1.17797852e-02 3.85742188e-02 2.18505859e-02 3.82812500e-01 -4.91333008e-03 2.56347656e-02 -3.67736816e-03 1.64794922e-02 -1.43051147e-04 1.45507812e-01 3.80859375e-02 -8.39843750e-02 9.21875000e-01 8.59375000e-01 1.86767578e-02 4.12597656e-02 -2.62451172e-03 -2.11181641e-02 1.01318359e-02 -7.17773438e-02 -2.22778320e-03 -1.48437500e-01 -5.59082031e-02 4.76074219e-02 2.25830078e-02 1.22680664e-02 -7.11059570e-03 -1.51367188e-01 -1.65039062e-01 -1.27929688e-01
1.14746094e-02 2.68554688e-02 2.44140625e-02 5.29785156e-02 -2.31933594e-02 9.86328125e-02 3.90625000e-03 1.61132812e-02 1.03759766e-02 5.37109375e-02 -9.33837891e-03 -5.61523438e-02 -5.46875000e-02 8.69140625e-02 1.87500000e-01 -2.83203125e-01 -4.82177734e-03 1.30462646e-03 -5.58471680e-03 -7.95898438e-02 -3.08227539e-03 4.97436523e-03 4.07714844e-02 -3.17382812e-02 5.78125000e-01 -3.45703125e-01 5.44433594e-02 -7.12890625e-02 -9.32617188e-02 -4.76074219e-02
3.29589844e-03 -1.27410889e-03 -3.60107422e-03 -8.48388672e-03 -3.34167480e-03 -2.96875000e-01 4.60815430e-03 1.58691406e-02 5.07812500e-02 1.27929688e-01 -2.84194946e-04 2.77709961e-03 5.85937500e-03 3.66210938e-02 6.22558594e-03 -1.19531250e+00 -1.48925781e-02 -1.62353516e-02 -8.69140625e-02 -7.76367188e-02 6.86645508e-03 4.56542969e-02 -5.70678711e-03 1.99218750e-01 2.40234375e-01 2.48046875e-01 -1.35803223e-03 8.54492188e-02 9.86328125e-02 1.64062500e-01
-7.95898438e-02 4.17480469e-02 -2.09045410e-03 7.47070312e-02 7.35473633e-03 -5.12695312e-02 -1.02539062e-02 4.35546875e-01 -1.31835938e-01 -3.58886719e-02 -3.51562500e-01 -6.98242188e-02 -3.57421875e-01 -5.37109375e-02 -1.21459961e-02 -4.51660156e-02 2.79541016e-02 3.45703125e-01 -4.44335938e-02 6.80541992e-03 -3.14453125e-01 -5.17578125e-02 -8.72802734e-03 -1.22070312e-01 1.52587891e-02 -6.54296875e-02 1.21459961e-02 -2.51953125e-01 -1.87988281e-02 -1.09375000e-01
3.73840332e-03 2.19726562e-01 -5.11169434e-04 5.63964844e-02 2.96020508e-03 -1.79443359e-02 2.71797180e-05 -5.44433594e-02 5.27343750e-01 5.12695312e-02 -6.75781250e-01 2.89062500e-01 -1.89971924e-03 -1.01318359e-02 -4.85229492e-03 -1.45263672e-02 9.65118408e-04 1.21093750e-01 5.58593750e-01 1.94091797e-02 -1.83105469e-02 2.40234375e-01 4.39453125e-02 -1.84326172e-02 -3.50952148e-03 -1.67236328e-02 -1.27410889e-03 -1.03027344e-01 -1.73828125e-01 -2.04101562e-01
-4.21142578e-03 -2.83203125e-02 4.97436523e-03 9.08203125e-02 -1.90429688e-02 9.70458984e-03 3.43322754e-03 -6.17675781e-02 -5.03906250e-01 -1.30859375e-01 2.20703125e-01 1.57226562e-01 2.37304688e-01 -8.59375000e-02 3.95507812e-02 -4.54101562e-02 -4.54711914e-03 -2.36328125e-01 -5.89843750e-01 2.88085938e-02 -4.94140625e-01 -1.37695312e-01 -3.56445312e-02 9.47265625e-02 1.97753906e-02 5.63964844e-02 4.60815430e-03 -6.88476562e-02 -3.51562500e-01 -7.12890625e-02
1.06201172e-02 4.73022461e-03 -1.31607056e-04 3.00598145e-03 -2.75878906e-02 4.85839844e-02 -1.27563477e-02 1.45263672e-02 -6.34765625e-02 1.97753906e-02 -8.97216797e-03 1.62506104e-03 -1.59912109e-02 1.70898438e-02 -6.21093750e-01 -2.55859375e-01 2.84423828e-02 -5.61523438e-03 6.39648438e-02 -6.07910156e-02 7.43865967e-04 2.02636719e-02 1.23901367e-02 -5.49316406e-03 4.12109375e-01 -4.12109375e-01 2.28271484e-02 -2.02148438e-01 -1.30859375e-01 -1.04980469e-01
-6.59179688e-03 2.02148438e-01 -9.72747803e-04 5.98144531e-02 -1.73568726e-04 -9.88769531e-03 1.04308128e-05 -5.54687500e-01 -2.98828125e-01 3.34472656e-02 4.80468750e-01 2.41210938e-01 1.25122070e-02 -2.69775391e-02 -4.57763672e-03 2.59399414e-03 -4.72068787e-05 -5.54687500e-01 -3.51562500e-01 -1.09863281e-02 5.66406250e-01 1.76757812e-01 5.17578125e-02 -1.30004883e-02 -3.03649902e-03 -1.52587891e-02 4.21142578e-03 -9.86328125e-02 -1.29882812e-01 -1.74804688e-01
-1.55639648e-03 -5.34057617e-03 -2.68554688e-03 -3.19824219e-02 2.70080566e-03 2.20947266e-02 1.98364258e-03 2.17773438e-01 -6.05468750e-01 5.62500000e-01 -5.79833984e-03 1.41601562e-02 -3.20434570e-03 -1.81884766e-02 -4.60815430e-03 1.02539062e-02 -6.10351562e-03 2.05078125e-01 -4.74609375e-01 4.19921875e-01 5.31005859e-03 4.49218750e-02 -2.47192383e-03 3.75976562e-02 2.86865234e-03 3.56445312e-02 7.78198242e-04 -2.72216797e-02 -2.47192383e-03 -3.16406250e-01
-1.30462646e-03 -7.99560547e-03 -3.03649902e-03 -3.08837891e-02 -1.66320801e-03 3.72314453e-03 -2.61306763e-04 -7.42187500e-01 3.06640625e-01 -6.67968750e-01 -1.22680664e-02 2.99072266e-02 -1.06048584e-03 -9.21630859e-03 2.62451172e-03 4.21142578e-03 1.71661377e-03 -6.75781250e-01 2.35351562e-01 -7.34375000e-01 -4.54711914e-03 -5.37109375e-03 3.20434570e-03 4.07714844e-02 5.82885742e-03 1.99890137e-03 -4.33349609e-03 5.34667969e-02 7.76367188e-02 1.23046875e-01
2.91442871e-03 -4.40597534e-04 -4.46319580e-04 -2.20947266e-02 3.34167480e-03 -4.57763672e-04 -4.17709351e-04 -2.92968750e-01 6.05468750e-01 -5.07812500e-01 -5.00488281e-02 1.45721436e-03 9.70458984e-03 -2.79541016e-02 3.73840332e-03 5.09643555e-03 -2.33650208e-04 -2.14843750e-01 5.58593750e-01 -5.39062500e-01 -9.71679688e-02 -8.64257812e-02 -1.17797852e-02 2.80761719e-02 -3.70025635e-04 -7.20214844e-03 -9.00268555e-04 5.46875000e-02 1.66015625e-02 1.20117188e-01
1.54876709e-03 -2.38037109e-02 -3.70788574e-03 -6.05468750e-02 7.32421875e-03 -1.17187500e-01 -3.28063965e-03 -1.20239258e-02 3.29589844e-02 3.06396484e-02 1.52587891e-02 3.39355469e-02 1.20239258e-02 -1.48925781e-02 -7.53906250e-01 4.35546875e-01 -2.09960938e-02 1.81884766e-02 -3.80859375e-02 1.06201172e-02 5.24902344e-03 2.63671875e-02 -1.14440918e-03 2.81982422e-02 2.79296875e-01 2.89062500e-01 2.89306641e-02 -7.81250000e-02 -4.68750000e-02 1.34887695e-02
4.21142578e-03 2.71484375e-01 -2.31933594e-03 1.90429688e-02 -1.19018555e-03 -9.88769531e-03 -4.79125977e-03 -1.08337402e-03 3.80859375e-02 4.06250000e-01 -1.22680664e-02 9.17968750e-02 1.14746094e-02 -4.12109375e-01 1.19018555e-02 -4.79125977e-03 1.90429688e-02 2.50244141e-02 -2.02636719e-02 5.00000000e-01 4.84466553e-04 -8.63281250e-01 5.31250000e-01 4.07714844e-02 -1.40380859e-02 -6.22558594e-03 1.00097656e-02 -2.71484375e-01 -3.51562500e-01 -2.29492188e-01
-1.08642578e-02 -2.09960938e-01 2.59399414e-03 9.27734375e-02 3.52859497e-04 -1.30004883e-02 2.59399414e-03 5.41992188e-02 5.19531250e-01 3.17382812e-02 7.10937500e-01 -3.30078125e-01 -1.28784180e-02 -3.34472656e-02 1.09863281e-02 -1.11083984e-02 -1.07421875e-02 1.63574219e-02 5.66406250e-01 3.58581543e-03 3.58886719e-02 1.58203125e-01 -2.38037109e-02 -5.17578125e-02 -3.31115723e-03 -2.47802734e-02 5.98144531e-03 -1.13281250e-01 -1.49414062e-01 -2.19726562e-01
-1.62353516e-02 1.64062500e-01 2.76565552e-04 1.50390625e-01 2.31933594e-03 3.36914062e-02 1.51367188e-02 8.88671875e-02 7.50732422e-03 9.03320312e-02 1.59454346e-03 -6.19888306e-05 -6.34765625e-02 1.18750000e+00 -1.09863281e-02 3.14941406e-02 -3.71093750e-02 -2.30712891e-02 -2.72216797e-02 -1.08886719e-01 6.22558594e-03 -1.67968750e-01 5.07812500e-01 9.76562500e-02 6.89697266e-03 7.91015625e-02 2.99072266e-02 -8.15429688e-02 3.90625000e-02 -4.00390625e-02
3.86047363e-03 1.83593750e-01 3.12805176e-03 5.39550781e-02 3.75747681e-04 -1.53808594e-02 -5.98144531e-03 -4.23828125e-01 5.19531250e-01 3.29589844e-02 -6.40625000e-01 2.25585938e-01 1.30004883e-02 -4.95605469e-02 6.83593750e-03 -8.97216797e-03 1.02539062e-02 -3.75000000e-01 4.90234375e-01 1.20239258e-02 3.08593750e-01 1.68945312e-01 6.59179688e-02 -2.51464844e-02 -3.43322754e-03 -2.07519531e-02 6.33239746e-04 -1.03027344e-01 -1.79687500e-01 -1.62109375e-01
-6.48498535e-04 -2.65625000e-01 -3.18908691e-03 7.14111328e-03 -5.92041016e-03 -1.77001953e-02 5.12695312e-03 3.98437500e-01 2.75878906e-02 -3.06640625e-01 5.12695312e-02 -3.02734375e-01 4.80957031e-02 2.83203125e-02 -5.34057617e-03 -6.07299805e-03 -3.82995605e-03 6.05468750e-01 -8.64257812e-02 -3.57421875e-01 -4.70703125e-01 6.83593750e-02 -1.23535156e-01 -1.19628906e-01 1.16729736e-03 -2.17285156e-02 2.10571289e-03 -4.22363281e-02 -1.96289062e-01 -4.76074219e-02
1.53808594e-02 4.57763672e-03 3.03649902e-03 4.98046875e-02 -5.09643555e-03 4.97436523e-03 -5.43212891e-03 -7.66601562e-02 4.25781250e-01 -2.17285156e-02 -2.75390625e-01 3.71093750e-02 3.82812500e-01 -1.16699219e-01 -2.31933594e-02 8.60595703e-03 -7.56835938e-03 -1.40380859e-02 4.10156250e-01 -1.73339844e-02 -5.42968750e-01 -1.46484375e-03 6.29882812e-02 -1.09863281e-01 1.55029297e-02 -1.75476074e-03 -1.06201172e-02 -1.72851562e-01 -8.39843750e-02 -1.37695312e-01
5.46264648e-03 9.88769531e-03 -9.23156738e-04 1.08642578e-02 6.48498535e-05 6.95800781e-03 -1.83868408e-03 -6.75781250e-01 8.12500000e-01 -7.11059570e-03 -5.00000000e-01 -2.18505859e-02 5.27343750e-02 3.05175781e-03 1.80053711e-03 5.50746918e-05 -2.31933594e-03 -7.10937500e-01 8.24218750e-01 -2.27050781e-02 -6.52343750e-01 4.10079956e-04 7.59887695e-03 -1.78222656e-02 -2.05993652e-03 8.60595703e-03 2.45666504e-03 -7.91015625e-02 -4.71191406e-02 -6.05468750e-02
1.69372559e-03 -3.61633301e-03 1.09863281e-02 -2.46093750e-01 5.21850586e-03 -2.66113281e-02 5.79833984e-03 -7.62939453e-04 1.40380859e-02 -5.02929688e-02 9.89437103e-06 -6.64062500e-02 1.87683105e-03 7.08007812e-02 -1.25122070e-02 -1.14440918e-03 -4.79125977e-03 7.81250000e-03 -1.09863281e-02 -2.73437500e-01 -3.78417969e-03 -1.89843750e+00 -5.85937500e-02 -2.69531250e-01 1.91650391e-02 -4.34570312e-02 -2.49023438e-02 -1.32812500e-01 -7.12890625e-02 -1.92382812e-01
-1.98364258e-03 3.00292969e-02 -8.85009766e-03 -1.64794922e-02 -8.85009766e-03 -1.15966797e-02 -4.57763672e-03 -3.46679688e-02 -4.72656250e-01 -1.97753906e-02 2.98828125e-01 -8.15429688e-02 -3.86718750e-01 -3.95507812e-02 2.17285156e-02 -3.08227539e-03 9.33837891e-03 -6.25000000e-02 -3.80859375e-01 -1.48925781e-02 -3.80859375e-01 2.22167969e-02 -4.22363281e-02 -2.78320312e-02 2.92968750e-03 -3.19824219e-02 1.40380859e-02 -8.39843750e-02 -1.81640625e-01 -1.04980469e-01
3.88183594e-02 5.70678711e-03 -7.70568848e-04 4.56542969e-02 -9.91821289e-04 -6.56127930e-03 -3.79943848e-03 -2.83203125e-01 -6.91406250e-01 -6.29882812e-02 -3.22265625e-01 7.78198242e-04 9.61914062e-02 -5.55419922e-03 6.13403320e-03 -5.82885742e-03 7.20214844e-03 -1.62109375e-01 -6.13281250e-01 -4.00390625e-02 6.71875000e-01 -2.90527344e-02 6.83593750e-03 -5.88378906e-02 1.94549561e-03 -3.60107422e-03 -4.66918945e-03 -1.00585938e-01 -2.20703125e-01 -5.95703125e-02
4.08935547e-03 -2.40234375e-01 -2.07519531e-02 3.80859375e-02 -1.28784180e-02 2.99072266e-02 4.69207764e-04 7.66601562e-02 -5.34057617e-03 1.55273438e-01 1.61132812e-02 8.15429688e-02 2.94921875e-01 3.61633301e-03 3.63769531e-02 5.98144531e-03 1.58691406e-02 -9.22851562e-02 3.46679688e-02 -1.68457031e-02 1.61132812e-02 -1.19531250e+00 -6.13281250e-01 1.25000000e-01 1.18408203e-02 4.61425781e-02 4.05273438e-02 -2.96875000e-01 -2.51953125e-01 3.61328125e-02
-7.62939453e-03 -3.67187500e-01 3.01513672e-02 3.83300781e-02 2.45666504e-03 -1.21459961e-02 -8.48388672e-03 4.56542969e-02 9.88769531e-03 1.04980469e-01 2.25830078e-02 -7.12890625e-02 3.78906250e-01 -4.93164062e-02 1.18408203e-02 -2.22778320e-03 1.98974609e-02 -4.39453125e-02 -3.34472656e-02 4.63867188e-02 3.15856934e-03 -2.48046875e-01 3.04687500e-01 3.26171875e-01 3.90625000e-02 -1.26342773e-02 4.33349609e-03 -1.06445312e-01 -1.47460938e-01 -2.06054688e-01
4.66918945e-03 7.99560547e-03 2.69775391e-02 2.95410156e-02 -2.53295898e-03 3.49426270e-03 -2.15148926e-03 3.80859375e-02 -8.73565674e-04 1.47460938e-01 -1.67236328e-02 -4.98046875e-01 -2.65625000e-01 -4.06250000e-01 4.11987305e-03 -1.61132812e-02 8.34465027e-05 -9.76562500e-02 -3.29589844e-02 2.27539062e-01 6.98852539e-03 3.49609375e-01 5.78125000e-01 -1.48925781e-02 1.33666992e-02 -1.57165527e-03 8.23974609e-03 -4.66796875e-01 -4.25781250e-01 -7.95898438e-02
-4.42504883e-03 1.23535156e-01 -7.78198242e-04 -1.14746094e-02 -8.85009766e-04 -1.20239258e-02 -1.60217285e-03 1.99218750e-01 -6.71875000e-01 -7.14843750e-01 -2.53906250e-01 2.19726562e-01 -7.35473633e-03 -2.22167969e-02 -1.06048584e-03 -1.36108398e-02 -1.69372559e-03 1.38671875e-01 -6.05468750e-01 -8.82812500e-01 3.17382812e-02 2.02148438e-01 -1.83105469e-03 3.97949219e-02 -2.94494629e-03 -1.79443359e-02 6.37817383e-03 6.68945312e-02 1.48925781e-02 1.01562500e-01
-2.18200684e-03 -3.78906250e-01 2.70996094e-02 -2.07519531e-02 1.60980225e-03 -1.62353516e-02 1.59912109e-02 -5.64575195e-04 1.55029297e-02 -5.88378906e-02 -3.39355469e-02 3.27148438e-02 -3.61328125e-01 -9.96093750e-02 7.59887695e-03 -1.12304688e-02 -1.95312500e-02 -4.05273438e-02 -2.19726562e-02 -4.12109375e-01 1.28784180e-02 -8.28125000e-01 -7.85156250e-01 -1.48437500e-01 7.78198242e-04 -4.85839844e-02 -1.83105469e-02 -2.92968750e-01 -2.21679688e-01 -1.04492188e-01
-4.18090820e-03 -1.98242188e-01 -3.00598145e-03 4.37011719e-02 2.71606445e-03 -3.75747681e-04 -1.49536133e-03 -4.74609375e-01 5.82031250e-01 7.42187500e-02 5.46875000e-01 -1.57226562e-01 1.17187500e-02 8.72802734e-03 4.29153442e-04 -3.20434570e-03 3.17382812e-03 -4.29687500e-01 5.70312500e-01 1.17187500e-02 -3.90625000e-01 3.04687500e-01 -5.54199219e-02 -2.38037109e-02 -6.95800781e-03 3.08227539e-03 1.20239258e-02 -1.67968750e-01 -1.43554688e-01 -1.86523438e-01
-3.81469727e-03 -7.03125000e-02 -1.39617920e-03 -4.69970703e-03 2.47192383e-03 -1.64794922e-02 -2.09045410e-03 -6.25000000e-01 -2.98828125e-01 -6.48437500e-01 1.34765625e-01 -1.07910156e-01 5.46264648e-03 1.14746094e-02 -1.30004883e-02 -6.71386719e-03 4.94384766e-03 -5.62500000e-01 -2.53906250e-01 -7.57812500e-01 1.40625000e-01 9.61914062e-02 3.96728516e-03 9.58251953e-03 -8.85009766e-03 -1.72119141e-02 5.70678711e-03 5.85937500e-02 5.61523438e-02 8.30078125e-02
9.70458984e-03 3.35693359e-03 2.15148926e-03 2.40478516e-02 -8.85009766e-04 -4.05883789e-03 -1.85394287e-03 -2.63671875e-01 8.63281250e-01 3.07617188e-02 5.97656250e-01 -4.58984375e-02 -3.14941406e-02 -1.22680664e-02 1.80816650e-03 1.26342773e-02 1.28173828e-03 -2.20703125e-01 8.35937500e-01 -4.22363281e-02 5.23437500e-01 -9.88769531e-03 -1.26647949e-03 -3.88183594e-02 -4.73022461e-03 -7.35473633e-03 5.34057617e-03 -6.73828125e-02 -1.02539062e-01 -6.88476562e-02
-9.58251953e-03 -3.22265625e-01 -6.06536865e-04 7.66601562e-02 -1.49536133e-03 -8.85009766e-03 -1.44958496e-03 1.93359375e-01 -5.58593750e-01 3.93066406e-02 -7.03125000e-01 -2.49023438e-01 -5.18798828e-04 -3.63769531e-02 1.06201172e-02 -8.11767578e-03 8.72802734e-03 2.65625000e-01 -5.15625000e-01 2.39257812e-02 3.26171875e-01 1.37695312e-01 -3.01513672e-02 -4.02832031e-02 1.39160156e-02 -1.80664062e-02 -5.09643555e-03 -1.34765625e-01 -1.81640625e-01 -2.11914062e-01
2.47955322e-04 -1.84570312e-01 1.19018555e-02 5.19531250e-01 -8.60595703e-03 -1.70898438e-02 -2.00195312e-02 2.85644531e-02 1.97753906e-02 2.21679688e-01 5.34057617e-03 5.34667969e-02 -7.85156250e-01 3.18359375e-01 1.78222656e-02 -1.58691406e-02 4.61425781e-02 -1.19018555e-02 1.95312500e-02 1.34765625e-01 1.19018555e-02 -1.43554688e-01 3.06640625e-01 2.45117188e-01 -1.70898438e-02 -4.41894531e-02 -2.59399414e-03 -1.66992188e-01 -2.29492188e-01 -1.04980469e-01
3.16619873e-04 3.67187500e-01 4.66918945e-03 -1.25976562e-01 -3.06701660e-03 -1.63574219e-02 9.65118408e-04 -6.31713867e-03 4.66918945e-03 -1.30859375e-01 -1.80664062e-02 2.43164062e-01 -6.46972656e-03 -4.00390625e-01 1.48925781e-02 -1.17797852e-02 -2.70080566e-03 -2.50244141e-03 2.12097168e-03 -6.93359375e-02 -4.82177734e-03 3.51562500e-01 -7.46093750e-01 -4.43359375e-01 -1.01318359e-02 -4.24804688e-02 5.34057617e-03 -1.77734375e-01 -2.09960938e-01 -4.78515625e-02
-1.33514404e-03 -3.81469727e-03 6.67572021e-05 -1.48925781e-02 7.05718994e-04 6.71386719e-03 -1.77001953e-03 -3.80859375e-01 -7.34375000e-01 5.03906250e-01 -3.12805176e-04 2.44140625e-03 -3.05175781e-04 -7.59887695e-03 -1.15203857e-03 6.59179688e-03 2.59399414e-03 -3.08593750e-01 -6.32812500e-01 3.28125000e-01 1.74713135e-03 1.20239258e-02 -1.24359131e-03 1.58691406e-02 -2.97546387e-04 3.32641602e-03 -7.78198242e-04 -1.04980469e-02 -5.00488281e-02 -3.18359375e-01
-7.11059570e-03 2.44140625e-01 -2.65502930e-03 5.12695312e-02 -2.25067139e-04 7.47680664e-03 1.84774399e-05 -3.56445312e-02 6.09375000e-01 1.07910156e-01 -5.70312500e-01 1.10351562e-01 9.82666016e-03 -1.28784180e-02 5.67626953e-03 1.30004883e-02 1.67846680e-03 1.50390625e-01 6.56250000e-01 5.90820312e-02 5.26428223e-04 3.18359375e-01 5.00488281e-02 -3.14941406e-02 -1.54876709e-03 8.97216797e-03 7.87353516e-03 -8.74023438e-02 -1.10839844e-01 -1.73828125e-01
1.77001953e-02 1.45507812e-01 8.11767578e-03 1.50146484e-02 -3.75976562e-02 -1.35742188e-01 -2.16064453e-02 -1.23901367e-02 -4.33349609e-03 1.69677734e-02 -2.92968750e-02 -2.08984375e-01 -1.37695312e-01 2.67578125e-01 -2.39257812e-01 3.16406250e-01 1.15722656e-01 6.95800781e-03 1.09863281e-02 -7.51953125e-02 6.39648438e-02 1.45721436e-03 -4.74609375e-01 1.47705078e-02 7.62939453e-04 1.67968750e-01 -1.22680664e-02 -2.81250000e-01 -2.63671875e-01 -1.04980469e-01
3.57055664e-03 -4.92095947e-04 -6.07299805e-03 -3.08837891e-02 5.09643555e-03 -1.71875000e-01 5.67626953e-03 -1.47705078e-02 2.60925293e-03 4.73632812e-02 -6.46972656e-03 9.33837891e-03 1.87988281e-02 3.56445312e-02 -9.27734375e-02 4.35546875e-01 3.14941406e-02 1.28784180e-02 5.76019287e-04 1.63574219e-02 -4.84466553e-04 6.46972656e-03 -4.85229492e-03 -2.59399414e-03 -8.28125000e-01 3.08593750e-01 4.76837158e-04 2.73437500e-02 4.27246094e-02 1.15722656e-01
-3.66210938e-03 -2.37304688e-01 -2.97546387e-04 2.12402344e-02 6.40869141e-04 -7.62939453e-03 -1.22070312e-03 4.19921875e-02 -4.21875000e-01 -3.41796875e-01 4.51171875e-01 -3.37890625e-01 6.31713867e-03 5.82885742e-03 -7.75146484e-03 -2.40478516e-02 6.10351562e-03 -9.52148438e-02 -5.93750000e-01 -3.22265625e-01 9.82666016e-03 8.25195312e-02 -1.05957031e-01 -1.34765625e-01 2.19726562e-03 -2.36816406e-02 1.56250000e-02 -2.06054688e-01 -1.97753906e-02 -2.49023438e-02
1.52587891e-02 -4.66796875e-01 1.05285645e-03 3.92578125e-01 5.61523438e-03 -2.96020508e-03 -1.51367188e-02 2.11181641e-02 -1.03759766e-02 2.85156250e-01 -2.79541016e-02 1.02539062e-02 -3.78417969e-02 2.96875000e-01 2.41699219e-02 1.47247314e-03 3.56445312e-02 -6.20117188e-02 -1.47705078e-02 2.46093750e-01 -1.08642578e-02 -5.27343750e-01 6.79687500e-01 6.93359375e-02 -8.60595703e-03 -4.94384766e-03 -2.59876251e-05 -7.51953125e-02 -9.81445312e-02 -2.59765625e-01
4.08935547e-03 -9.46044922e-03 -3.35693359e-03 -3.93066406e-02 1.31988525e-03 3.99780273e-03 2.57873535e-03 6.79687500e-01 -3.92578125e-01 -6.21093750e-01 -6.62231445e-03 1.32446289e-02 6.22558594e-03 -2.01416016e-02 -7.50732422e-03 1.12304688e-02 -4.33349609e-03 5.97656250e-01 -3.18359375e-01 -6.71875000e-01 -1.11389160e-03 -4.37011719e-02 5.49316406e-04 4.49218750e-02 4.54711914e-03 3.77655029e-04 -5.49316406e-03 3.03955078e-02 2.97851562e-02 1.10839844e-01
3.26633453e-05 5.34057617e-03 2.12097168e-03 1.04492188e-01 1.91688538e-04 -2.56347656e-02 -1.44958496e-04 -5.20019531e-02 2.96020508e-03 -6.01562500e-01 4.11987305e-03 -2.39257812e-01 -1.08642578e-02 -3.10058594e-02 1.61132812e-02 -1.86767578e-02 7.11059570e-03 2.56347656e-02 -5.31005859e-03 -5.39062500e-01 -4.36401367e-03 7.30468750e-01 2.06054688e-01 1.74804688e-01 3.61633301e-03 -3.03955078e-02 -6.63757324e-04 7.47070312e-02 5.15136719e-02 1.38671875e-01
-1.38854980e-03 -3.33984375e-01 -4.57763672e-03 -2.83203125e-02 3.20434570e-03 3.84521484e-03 4.99725342e-04 2.57812500e-01 2.06054688e-01 4.16015625e-01 2.44140625e-01 -3.02734375e-01 2.14843750e-02 -3.73535156e-02 -6.71386719e-03 1.83105469e-03 3.46374512e-03 1.77734375e-01 1.94335938e-01 3.63281250e-01 3.20312500e-01 -1.96289062e-01 -2.69531250e-01 1.12304688e-02 -3.96728516e-04 6.10351562e-03 -2.28881836e-03 -8.93554688e-02 -6.93359375e-02 -2.94921875e-01
1.38854980e-03 -1.72851562e-01 3.32641602e-03 5.70678711e-03 1.16729736e-03 1.58691406e-02 1.86157227e-03 -5.00000000e-01 -2.89062500e-01 -6.13281250e-01 2.05078125e-01 -3.39843750e-01 -6.68945312e-02 -1.74560547e-02 -2.91824341e-04 9.09423828e-03 -2.91442871e-03 -4.43359375e-01 -2.50000000e-01 -7.18750000e-01 2.75390625e-01 2.92968750e-01 -5.27343750e-02 3.71093750e-02 3.46374512e-03 3.01513672e-02 -2.19726562e-03 2.27050781e-02 -6.68334961e-03 1.31835938e-01
8.50677490e-04 3.58581543e-03 -6.29425049e-04 -1.50146484e-02 1.32560730e-04 6.10351562e-03 -6.79016113e-04 9.14062500e-01 1.47460938e-01 2.03125000e-01 -1.19781494e-03 -5.21850586e-03 7.77244568e-05 -5.79833984e-03 6.63757324e-04 5.70678711e-03 1.57165527e-03 8.59375000e-01 7.47070312e-02 2.41699219e-02 -1.37329102e-04 5.12695312e-03 -3.98635864e-04 2.12402344e-02 4.40597534e-04 8.36181641e-03 2.30407715e-03 -4.73632812e-02 1.48925781e-02 -1.46484375e-01
1.16729736e-03 1.91650391e-02 2.89916992e-03 1.89971924e-03 1.73568726e-04 6.46972656e-03 -1.13677979e-03 -8.08593750e-01 -7.61718750e-01 7.87353516e-03 5.03906250e-01 -1.56250000e-02 -6.12792969e-02 -8.60595703e-03 3.57055664e-03 1.20239258e-02 1.24359131e-03 -7.65625000e-01 -7.07031250e-01 -3.61328125e-02 -5.62500000e-01 -9.09423828e-03 -3.78417969e-03 -1.02539062e-02 -1.44958496e-03 1.07574463e-03 3.50952148e-03 -9.52148438e-02 -1.23535156e-01 -6.12792969e-02
-1.78222656e-02 -1.50146484e-02 1.86767578e-02 5.07812500e-02 -3.43322754e-03 -4.39453125e-02 4.08935547e-03 3.59375000e-01 3.88671875e-01 -4.39453125e-02 3.75000000e-01 5.00488281e-02 3.75000000e-01 -1.53320312e-01 8.58306885e-04 -3.17382812e-02 -1.21459961e-02 2.24609375e-01 3.30078125e-01 -6.34765625e-02 -6.25000000e-01 -1.10351562e-01 4.41894531e-02 -7.76367188e-02 1.12152100e-03 -6.05468750e-02 -6.50024414e-03 -2.11181641e-02 -1.35742188e-01 -1.88476562e-01
5.09643555e-03 2.10937500e-01 -9.46044922e-03 1.30004883e-02 3.15856934e-03 -1.58691406e-02 -1.74713135e-03 1.48925781e-02 -2.20947266e-02 5.39550781e-02 -1.13525391e-02 2.83203125e-01 5.11718750e-01 -4.96093750e-01 3.55529785e-03 1.48925781e-02 -5.12695312e-03 -1.79443359e-02 3.27148438e-02 1.47460938e-01 5.34057617e-03 3.43750000e-01 7.69531250e-01 -3.04687500e-01 -1.86157227e-03 -3.71093750e-02 -1.09863281e-03 -1.99218750e-01 -1.77734375e-01 -2.06054688e-01
-4.42504883e-03 1.66992188e-01 6.98852539e-03 7.51953125e-02 1.94549561e-03 5.85937500e-03 -6.86645508e-04 -2.00195312e-01 -5.15625000e-01 -2.45666504e-03 6.60156250e-01 1.46484375e-01 -3.54003906e-02 -1.70898438e-02 -9.58251953e-03 1.81884766e-02 -5.31005859e-03 -2.53906250e-01 -5.27343750e-01 3.19824219e-02 1.19018555e-02 1.68945312e-01 2.70996094e-02 -6.49414062e-02 -1.85546875e-02 1.68609619e-03 4.57763672e-03 -1.40625000e-01 -7.95898438e-02 -1.12792969e-01
7.99560547e-03 1.95312500e-01 -5.55419922e-03 6.88476562e-02 -2.27355957e-03 -2.30407715e-03 -2.47192383e-03 4.37500000e-01 4.51171875e-01 2.96630859e-02 -5.23437500e-01 2.39257812e-01 5.98144531e-03 -6.98852539e-03 -2.48718262e-03 1.58691406e-02 -3.09753418e-03 5.11718750e-01 5.03906250e-01 -1.08642578e-02 -5.27343750e-01 3.63281250e-01 7.32421875e-02 -2.17285156e-02 -4.21142578e-03 -1.31225586e-02 -8.72802734e-03 -1.32812500e-01 -1.51367188e-01 -1.68945312e-01
9.58251953e-03 -2.16064453e-02 8.08715820e-04 -4.48608398e-03 9.76562500e-04 5.98144531e-03 1.11389160e-03 6.60156250e-01 7.26562500e-01 1.28784180e-02 3.90625000e-01 -3.83300781e-02 -1.87988281e-02 -8.72802734e-03 3.46374512e-03 7.08007812e-03 -1.67846680e-03 5.93750000e-01 6.91406250e-01 -2.63671875e-02 3.57421875e-01 4.29687500e-02 -1.01318359e-02 -1.32446289e-02 2.94446945e-05 2.67028809e-03 9.57489014e-04 -8.83789062e-02 -1.12792969e-01 -6.98242188e-02
1.98974609e-02 5.15136719e-02 -1.75781250e-01 2.07031250e-01 -8.49609375e-02 -2.46093750e-01 -1.38854980e-03 -7.08007812e-02 -4.95605469e-02 -1.61132812e-01 1.06445312e-01 -5.27343750e-02 1.74804688e-01 9.76562500e-02 5.90820312e-02 2.18750000e-01 1.77001953e-02 -1.20117188e-01 -5.78613281e-02 -1.57226562e-01 3.02734375e-02 5.27343750e-02 2.87109375e-01 -1.48437500e-01 1.56250000e-01 -1.98974609e-02 -1.25000000e-01 -3.14453125e-01 -2.51953125e-01 -2.61718750e-01
7.08007812e-03 -2.83203125e-01 3.18908691e-03 8.30078125e-02 -3.57055664e-03 -2.46582031e-02 -2.02941895e-03 -5.85937500e-01 1.22070312e-01 4.19921875e-02 9.96093750e-02 -2.69531250e-01 7.01904297e-03 -3.95507812e-02 1.77764893e-03 -1.03759766e-02 7.93457031e-03 -5.85937500e-01 5.51757812e-02 1.94091797e-02 -7.14843750e-01 1.81640625e-01 -2.69775391e-02 -4.37011719e-02 1.49536133e-03 -3.44238281e-02 5.73730469e-03 -1.38671875e-01 -1.38671875e-01 -1.91406250e-01
-5.49316406e-03 -1.07421875e-02 -4.45556641e-03 7.95898438e-02 7.15255737e-05 -2.34375000e-02 1.41906738e-03 -5.66406250e-01 6.91406250e-01 -1.02539062e-01 -4.82421875e-01 9.70458984e-03 8.44726562e-02 6.59179688e-03 8.72802734e-03 -1.55029297e-02 -4.32968140e-04 -5.93750000e-01 7.14843750e-01 1.37939453e-02 -6.75781250e-01 8.23974609e-03 -1.31988525e-03 -1.08398438e-01 -7.08007812e-03 -2.33154297e-02 4.79125977e-03 -1.36718750e-01 -8.54492188e-02 -6.98242188e-02
6.59179688e-03 -1.40380859e-02 -2.53295898e-03 1.58691406e-02 5.46264648e-03 5.21850586e-03 -3.55529785e-03 3.08227539e-03 3.20434570e-03 -1.40625000e-01 7.24792480e-05 3.36914062e-02 -5.90820312e-02 -2.91015625e-01 9.86328125e-02 -3.76953125e-01 1.66015625e-02 -1.81884766e-02 -1.94091797e-02 7.76367188e-02 4.73022461e-03 2.65625000e-01 4.11987305e-03 4.53125000e-01 -6.07910156e-02 3.06640625e-01 -1.00097656e-02 3.73046875e-01 3.67187500e-01 5.07812500e-01
-2.09045410e-03 -6.06536865e-04 -9.38415527e-04 7.38525391e-03 -1.61743164e-03 -3.36914062e-02 -3.88183594e-02 1.98974609e-02 2.73437500e-02 5.44433594e-02 1.18408203e-02 8.23974609e-03 -1.01318359e-02 3.95507812e-02 1.58691406e-02 5.59082031e-02 -7.65625000e-01 -4.68750000e-02 -1.51367188e-02 -9.27734375e-02 -7.14111328e-03 -1.37329102e-03 -8.08715820e-04 -2.69775391e-02 -1.04980469e-02 4.11987305e-03 8.39843750e-01 -7.42187500e-02 -1.06445312e-01 -8.49609375e-02
-2.82287598e-03 -1.01318359e-02 3.93390656e-05 -7.47070312e-02 2.19726562e-03 1.23901367e-02 -1.91497803e-03 -2.00195312e-01 -1.68945312e-01 -9.21875000e-01 6.37817383e-03 1.68457031e-02 6.80541992e-03 -4.76074219e-02 -4.21142578e-03 1.28784180e-02 2.85339355e-03 -2.02148438e-01 -2.01171875e-01 -9.29687500e-01 -6.31713867e-03 3.61328125e-01 8.23974609e-03 1.14257812e-01 -8.23974609e-03 2.28271484e-02 1.71661377e-03 1.98242188e-01 1.87500000e-01 1.96289062e-01
-1.87683105e-03 -1.78222656e-02 1.49536133e-03 3.98437500e-01 9.09423828e-03 2.84423828e-02 -5.92041016e-03 -1.92871094e-02 -9.58251953e-03 2.05078125e-01 4.60815430e-03 -1.96533203e-02 6.28906250e-01 5.42968750e-01 -1.11083984e-02 5.39550781e-02 2.39257812e-02 3.95507812e-02 3.19824219e-02 -5.49316406e-02 1.63574219e-02 -2.50000000e-01 -6.00585938e-02 3.80859375e-01 -3.17382812e-02 2.29492188e-02 -1.13525391e-02 -1.05957031e-01 -1.82617188e-01 1.50390625e-01
1.91688538e-04 1.06201172e-02 -2.61306763e-04 -3.46679688e-02 -9.70458984e-03 2.25830078e-02 7.99560547e-03 2.12402344e-02 2.07519531e-03 7.86132812e-02 -7.93457031e-03 -3.14941406e-02 -1.08642578e-02 1.66015625e-02 -6.17187500e-01 -2.13867188e-01 -6.83593750e-02 -3.17382812e-02 -8.36181641e-03 -1.56250000e-01 -1.59912109e-02 5.61523438e-03 -1.15966797e-02 2.18505859e-02 -4.02343750e-01 -5.46875000e-01 7.12890625e-02 -1.61132812e-01 -1.56250000e-01 -1.53320312e-01
-1.47705078e-02 9.57489014e-04 -3.22265625e-02 5.44433594e-02 -3.78417969e-02 8.49609375e-02 -2.67333984e-02 4.29687500e-02 2.12097168e-03 5.68847656e-02 5.85937500e-03 -1.11083984e-02 1.36718750e-01 -1.18164062e-01 1.17187500e-01 -2.31445312e-01 -8.23974609e-03 -3.34472656e-02 1.39160156e-02 -7.66601562e-02 2.03857422e-02 -1.23901367e-02 -5.54199219e-02 -7.61718750e-02 4.47265625e-01 -1.79687500e-01 2.33154297e-02 -1.46484375e-01 -1.18652344e-01 -1.19628906e-01
7.81250000e-03 -6.73828125e-02 7.38525391e-03 -1.25976562e-01 -6.71386719e-03 7.56835938e-03 -2.15148926e-03 -1.58691406e-02 3.11279297e-02 6.49414062e-02 -7.72094727e-03 4.02832031e-02 -8.43750000e-01 -1.84326172e-02 7.99560547e-03 2.33154297e-02 -1.78222656e-02 2.28271484e-02 -1.86767578e-02 -1.17187500e-02 4.57763672e-03 1.08886719e-01 -1.05468750e-01 -4.64843750e-01 7.35473633e-03 1.08642578e-02 -8.60595703e-03 -1.02050781e-01 -6.12792969e-02 -5.00000000e-01
6.56127930e-04 -7.75146484e-03 -7.51495361e-04 -1.27563477e-02 1.41143799e-03 -2.57873535e-03 2.42614746e-03 1.47460938e-01 6.64062500e-01 5.39062500e-01 -2.44140625e-03 1.02539062e-02 1.02233887e-03 -7.51495361e-04 -2.74658203e-03 3.20434570e-03 -8.11767578e-03 -3.80859375e-02 5.62500000e-01 3.69140625e-01 -5.09643555e-03 1.80664062e-02 3.32641602e-03 9.21630859e-03 8.43048096e-04 -3.70788574e-03 1.03759766e-03 -2.51464844e-02 -5.34667969e-02 -3.20312500e-01
2.62451172e-03 1.39648438e-01 -7.38525391e-03 3.88671875e-01 -4.69970703e-03 8.39843750e-02 2.12097168e-03 -7.81250000e-03 2.61230469e-02 1.69921875e-01 1.09863281e-02 -3.55468750e-01 -3.82812500e-01 9.41406250e-01 5.58471680e-03 5.27343750e-02 -1.13525391e-02 4.44335938e-02 -3.17382812e-02 -8.15429688e-02 -1.23901367e-02 -3.35937500e-01 -4.02343750e-01 6.20117188e-02 -2.07519531e-02 7.86132812e-02 -1.19018555e-02 -4.82559204e-04 -1.39648438e-01 1.58203125e-01
5.64575195e-04 7.32421875e-03 -1.44195557e-03 -2.20947266e-02 1.02233887e-03 1.11083984e-02 -3.83377075e-04 4.23828125e-01 6.44531250e-01 5.31250000e-01 -1.54876709e-03 -1.51367188e-02 1.22833252e-03 -7.32421875e-03 -1.57165527e-03 7.99560547e-03 1.93786621e-03 3.35937500e-01 5.42968750e-01 3.57421875e-01 -2.96020508e-03 1.34887695e-02 1.27410889e-03 2.78320312e-02 -8.01086426e-04 1.21459961e-02 4.21142578e-03 -3.97949219e-02 -5.95703125e-02 -3.08593750e-01
8.36181641e-03 -6.25000000e-02 1.03027344e-01 -6.29882812e-02 1.67083740e-03 -2.59765625e-01 -1.23901367e-02 -2.02941895e-03 4.90722656e-02 -5.37109375e-02 -9.61914062e-02 3.56445312e-02 2.20703125e-01 1.78710938e-01 -3.45703125e-01 2.12890625e-01 1.91650391e-02 -3.12500000e-02 4.15039062e-02 -1.12792969e-01 8.36181641e-03 -5.22460938e-02 1.02050781e-01 1.07910156e-01 1.28784180e-02 3.44238281e-02 5.51757812e-02 -1.56250000e-01 -1.05468750e-01 -7.32421875e-02
-4.82177734e-03 8.39843750e-02 -3.66210938e-03 -1.59454346e-03 3.20434570e-03 -8.48388672e-03 -1.20239258e-02 1.69372559e-03 1.01318359e-02 -3.90625000e-02 1.31225586e-02 5.78125000e-01 -4.00390625e-02 -3.04687500e-01 -2.28271484e-02 2.63671875e-02 -3.20434570e-03 7.51495361e-04 5.82885742e-03 -7.76367188e-02 -2.86865234e-03 4.62890625e-01 -6.67968750e-01 -3.51562500e-01 1.85546875e-02 -1.47705078e-02 1.20239258e-02 -3.96484375e-01 -4.14062500e-01 -1.75781250e-01
4.69970703e-03 -6.86645508e-03 1.12152100e-03 1.53808594e-02 3.41796875e-03 4.57763672e-03 2.22778320e-03 2.81982422e-02 -9.25781250e-01 -2.77099609e-02 2.22656250e-01 2.95410156e-02 -3.58886719e-02 2.12669373e-04 -6.19506836e-03 -1.50299072e-03 -4.69970703e-03 -7.95898438e-02 -9.06250000e-01 -1.46484375e-03 -8.24218750e-01 -1.30004883e-02 6.22558594e-03 -2.51464844e-02 1.14440918e-03 2.36511230e-03 -4.94384766e-03 -3.73535156e-02 -1.52343750e-01 -5.37109375e-02
-3.93676758e-03 -3.37219238e-03 -4.08935547e-03 2.44140625e-02 8.65936279e-04 2.33459473e-03 -2.50244141e-03 9.41406250e-01 1.86523438e-01 -4.07714844e-02 7.14843750e-01 2.80761719e-02 2.45666504e-03 1.85546875e-02 -1.94549561e-03 -1.55639648e-03 7.11059570e-03 8.90625000e-01 -4.73632812e-02 -1.83105469e-02 -8.30078125e-02 2.38037109e-02 -4.11987305e-03 -2.90527344e-02 -4.48608398e-03 8.60595703e-03 -3.49426270e-03 -1.33789062e-01 -3.95507812e-02 -9.33837891e-03
-5.85937500e-03 -1.34887695e-02 3.66210938e-03 -9.33837891e-03 1.44195557e-03 6.22558594e-03 -2.16674805e-03 6.83593750e-01 -6.13281250e-01 8.97216797e-03 -2.96875000e-01 4.80957031e-02 -6.12792969e-02 -1.52587891e-02 -3.50952148e-03 7.08007812e-03 -1.45721436e-03 6.60156250e-01 -5.11718750e-01 -3.51562500e-02 -7.14843750e-01 3.40270996e-03 1.12304688e-02 7.50732422e-03 -2.04467773e-03 1.03759766e-02 1.25122070e-03 -1.56250000e-01 -4.83398438e-02 -5.20019531e-02
7.05718994e-04 3.00781250e-01 2.62451172e-03 -2.40478516e-02 -2.70080566e-03 1.07574463e-03 -4.32968140e-04 2.51953125e-01 -2.83203125e-01 4.47265625e-01 2.96875000e-01 2.85156250e-01 -2.29492188e-02 -9.08203125e-02 -6.14166260e-04 -5.76019287e-04 -8.35418701e-04 2.18750000e-01 -2.67578125e-01 4.06250000e-01 -2.65625000e-01 -2.42187500e-01 1.42578125e-01 2.49023438e-02 -6.71386719e-03 -2.10571289e-03 -2.97546387e-03 -6.15234375e-02 -1.20117188e-01 -3.24218750e-01
-2.07519531e-03 9.96093750e-02 -3.85742188e-02 1.79687500e-01 -6.86645508e-04 -3.95507812e-02 -2.85339355e-03 -7.99560547e-03 3.97949219e-02 -1.49414062e-01 1.77001953e-02 -1.12792969e-01 5.97656250e-01 1.07421875e-01 -5.91278076e-04 -6.89697266e-03 1.83105469e-02 4.54101562e-02 1.83105469e-03 -1.03027344e-01 7.81250000e-03 5.78125000e-01 -5.71289062e-02 3.41796875e-01 1.50146484e-02 -5.68847656e-02 3.64303589e-04 4.39453125e-02 6.34765625e-02 1.78710938e-01
-3.21960449e-03 4.19921875e-02 6.93359375e-02 -4.05273438e-02 -1.93023682e-03 8.97216797e-03 1.51824951e-03 8.11767578e-03 -3.11279297e-03 2.08740234e-02 5.46264648e-03 -3.19824219e-02 1.01562500e+00 -7.07031250e-01 9.07897949e-04 2.28271484e-02 -4.18090820e-03 -7.14111328e-03 1.67083740e-03 -8.97216797e-03 1.80664062e-02 -5.41992188e-02 1.41601562e-01 -1.72851562e-01 3.70788574e-03 6.56127930e-04 1.42097473e-04 -7.03125000e-02 -1.86767578e-02 -2.25585938e-01
-1.07574463e-03 -1.32446289e-02 -3.31115723e-03 -7.51953125e-02 3.10897827e-04 1.02539062e-02 6.56127930e-04 -7.76367188e-02 3.04687500e-01 -9.33593750e-01 6.68334961e-03 2.88085938e-02 1.51367188e-02 -3.66210938e-02 -3.05175781e-03 2.96020508e-03 -4.91333008e-03 -3.39355469e-02 2.27539062e-01 -9.57031250e-01 -9.84191895e-04 3.80859375e-01 -1.86157227e-03 1.16699219e-01 -4.21142578e-03 1.37939453e-02 2.92968750e-03 2.13867188e-01 1.88476562e-01 1.94335938e-01
-7.23266602e-03 2.28515625e-01 5.49316406e-04 5.44433594e-02 2.71606445e-03 -4.34875488e-04 4.69970703e-03 -5.97656250e-01 3.12500000e-01 7.51953125e-02 -3.24218750e-01 2.35351562e-01 -3.60107422e-03 -1.37329102e-02 -3.43322754e-03 5.00488281e-03 -1.66015625e-02 -5.31250000e-01 2.89062500e-01 2.57568359e-02 6.09375000e-01 2.89062500e-01 4.54101562e-02 -1.57470703e-02 -9.07897949e-04 -7.93457031e-03 -5.83648682e-04 -1.43554688e-01 -1.66992188e-01 -1.76757812e-01
4.36401367e-03 -3.59375000e-01 -4.34570312e-02 -7.27539062e-02 -5.43212891e-03 1.59912109e-02 2.24304199e-03 5.56640625e-02 -3.51562500e-02 -1.54296875e-01 -1.30004883e-02 -1.20605469e-01 -8.75000000e-01 -2.88085938e-02 1.14746094e-02 6.22558594e-03 1.06201172e-02 -5.34667969e-02 -1.44195557e-03 -5.42968750e-01 -1.01318359e-02 -5.42968750e-01 4.90722656e-02 4.71191406e-02 -1.14746094e-02 4.85839844e-02 1.07421875e-02 -2.91015625e-01 -1.62109375e-01 -5.44433594e-02
-2.01225281e-04 2.08984375e-01 8.23974609e-03 -1.16210938e-01 -1.12304688e-02 -5.46875000e-02 -3.18908691e-03 6.25000000e-02 3.95507812e-02 3.17382812e-02 8.23974609e-03 2.67578125e-01 -3.55468750e-01 1.33789062e-01 3.05175781e-02 -2.63671875e-02 -2.05078125e-02 -1.01562500e-01 -1.27410889e-03 -9.47265625e-02 -1.51367188e-02 7.51953125e-02 5.35156250e-01 -3.84765625e-01 2.70996094e-02 -1.06445312e-01 5.06591797e-03 -1.55273438e-01 -1.78710938e-01 -2.13867188e-01
-4.05883789e-03 -4.58984375e-02 -6.14166260e-04 4.63867188e-02 1.04003906e-01 -7.51953125e-02 -1.04980469e-02 4.56542969e-02 3.66210938e-02 -1.04492188e-01 1.42669678e-03 5.83496094e-02 1.03759766e-02 2.17285156e-02 3.45703125e-01 1.09863281e-02 6.68945312e-02 -6.88476562e-02 -5.10253906e-02 6.98242188e-02 -6.62231445e-03 1.00097656e-02 3.82995605e-03 -6.64062500e-02 1.25000000e-01 -4.49218750e-02 -9.72656250e-01 -1.05957031e-01 -1.06445312e-01 -1.50390625e-01
-4.33921814e-05 -1.26342773e-02 -5.79833984e-03 7.27539062e-02 1.34277344e-03 -6.80541992e-03 -1.25122070e-03 5.89843750e-01 -6.83593750e-01 -1.05957031e-01 4.82421875e-01 1.58691406e-02 5.71289062e-02 1.91650391e-02 9.00268555e-04 -7.47680664e-03 5.34057617e-04 6.05468750e-01 -6.44531250e-01 -5.67626953e-03 6.21093750e-01 9.30786133e-04 2.44140625e-03 -8.93554688e-02 1.02996826e-03 -1.19018555e-02 3.73840332e-03 -4.73632812e-02 -1.37695312e-01 -6.20117188e-02
8.11767578e-03 -2.55859375e-01 1.46484375e-02 2.59765625e-01 -7.72094727e-03 -5.98144531e-03 3.32641602e-03 3.66210938e-02 -2.28271484e-02 1.48437500e-01 -3.80859375e-02 -4.58984375e-01 -4.66308594e-02 -9.27734375e-02 1.94091797e-02 2.94189453e-02 -1.07421875e-02 -4.29687500e-02 4.76074219e-02 9.81445312e-02 -1.31225586e-02 -1.28906250e-01 -4.35546875e-01 4.98046875e-01 -3.81469727e-03 -3.44238281e-02 1.07421875e-02 -3.72314453e-03 -6.39648438e-02 -6.34765625e-02
2.50244141e-02 1.77734375e-01 -8.48388672e-03 6.49414062e-02 -7.20977783e-04 -4.51660156e-02 8.65936279e-04 1.65039062e-01 2.34375000e-01 -1.52343750e-01 2.81250000e-01 4.10156250e-01 1.70898438e-01 1.50146484e-02 -1.02996826e-04 7.36236572e-04 -1.20239258e-02 1.66015625e-01 3.92578125e-01 -4.73632812e-02 2.02148438e-01 2.35351562e-01 3.17382812e-02 -1.24023438e-01 -1.78222656e-02 -4.22363281e-02 1.07421875e-02 -4.51171875e-01 -3.24707031e-02 -2.23388672e-02
3.08227539e-03 2.45117188e-01 2.79235840e-03 4.39453125e-02 -5.18798828e-04 -2.78320312e-02 -4.42504883e-03 -8.98437500e-02 -4.17968750e-01 -2.53906250e-01 -4.25781250e-01 2.83203125e-01 2.40478516e-02 1.00097656e-02 -6.46972656e-03 -2.08740234e-02 3.73840332e-03 4.58984375e-02 -6.05468750e-01 -1.81640625e-01 3.19824219e-02 2.31445312e-01 3.51562500e-02 -1.00585938e-01 -5.09643555e-03 -3.19824219e-02 -8.97216797e-03 -1.66992188e-01 6.10351562e-03 -2.86865234e-02
-7.99560547e-03 -2.88085938e-02 1.97753906e-02 3.03955078e-02 1.26342773e-02 2.33154297e-02 7.93457031e-03 -2.34375000e-01 -4.05273438e-02 -5.07812500e-02 -4.11987305e-03 5.05371094e-02 9.21630859e-03 -1.10351562e-01 -3.58886719e-02 1.64794922e-02 9.58251953e-03 -3.18359375e-01 -1.55029297e-02 4.41894531e-02 -2.25585938e-01 5.54687500e-01 -4.29687500e-01 -1.50146484e-02 1.58691406e-02 6.37817383e-03 -1.90734863e-03 -2.15820312e-01 -3.14453125e-01 -2.41699219e-02
-4.57763672e-03 1.18164062e-01 9.33837891e-03 5.10253906e-02 3.54003906e-03 2.29492188e-02 4.21142578e-03 2.16796875e-01 -5.15625000e-01 -1.50390625e-01 4.68750000e-01 -4.56542969e-02 -2.40478516e-02 -5.63964844e-02 4.21142578e-03 1.52587891e-02 -9.46044922e-03 2.02148438e-01 -5.62500000e-01 -9.08203125e-02 -1.90429688e-01 4.90234375e-01 9.61914062e-02 -2.33154297e-02 2.88085938e-02 2.86865234e-02 -1.09863281e-02 -1.99218750e-01 -1.04980469e-01 -1.12792969e-01
-4.79125977e-03 -2.34375000e-01 -1.69372559e-03 6.29882812e-02 1.57165527e-03 1.41906738e-03 -9.91821289e-04 -5.39062500e-01 -3.37890625e-01 3.02734375e-02 -2.71484375e-01 -2.63671875e-01 1.42097473e-04 -3.11279297e-02 1.39236450e-04 -6.34765625e-03 1.05285645e-03 -5.27343750e-01 -2.19726562e-01 1.06048584e-03 -7.18750000e-01 2.01171875e-01 -3.01513672e-02 -1.42822266e-02 -1.48773193e-03 -4.97436523e-03 2.56347656e-03 -1.63085938e-01 -1.40625000e-01 -2.04101562e-01
-3.81469727e-03 4.17968750e-01 -3.66210938e-02 3.00292969e-02 -1.22070312e-03 -4.66918945e-03 -1.44195557e-03 8.54492188e-02 9.33837891e-03 -6.88476562e-02 9.70458984e-03 -2.12402344e-02 1.20117188e-01 -2.27539062e-01 -1.33514404e-03 1.32446289e-02 -1.27563477e-02 -4.54101562e-02 2.24304199e-03 -4.64843750e-01 1.95312500e-02 -7.53906250e-01 8.00781250e-01 -1.08398438e-01 9.46044922e-03 -1.57470703e-02 -1.87988281e-02 -1.66992188e-01 -1.98242188e-01 -1.62109375e-01
-6.63757324e-04 -3.56445312e-02 2.48718262e-03 -1.00097656e-02 2.53295898e-03 -7.50732422e-03 -3.34167480e-03 -1.18164062e-01 -8.12500000e-01 -9.42382812e-02 4.16015625e-01 -6.05468750e-02 1.53808594e-02 1.02539062e-02 -3.90625000e-03 4.82177734e-03 1.91497803e-03 -2.02148438e-01 -7.65625000e-01 -1.36718750e-01 1.76757812e-01 8.74023438e-02 3.00292969e-02 1.74560547e-02 -4.08935547e-03 -1.81884766e-02 -8.72802734e-03 -1.82617188e-01 -5.07812500e-02 2.66113281e-02
2.27050781e-02 -1.03759766e-02 -2.36511230e-03 -2.19726562e-02 2.31933594e-03 1.51367188e-02 -1.94549561e-04 -5.42968750e-01 5.46875000e-01 4.29687500e-02 1.43554688e-01 2.34375000e-02 1.28784180e-02 1.46484375e-02 -6.37817383e-03 1.97753906e-02 1.13677979e-03 -4.39453125e-01 4.17968750e-01 -1.06445312e-01 1.48437500e-01 3.01513672e-02 5.60283661e-05 1.89208984e-02 3.05175781e-03 2.18505859e-02 -3.09753418e-03 -2.68554688e-02 -3.66210938e-02 -7.76367188e-02
-7.20214844e-03 -2.57812500e-01 -2.62451172e-03 -1.18164062e-01 -1.95312500e-03 -2.38037109e-02 -3.82995605e-03 -4.69970703e-03 2.85644531e-02 -1.64062500e-01 8.72802734e-03 -3.78906250e-01 -1.52343750e-01 -3.02734375e-01 8.48388672e-03 -3.58581543e-03 1.37329102e-02 1.53808594e-02 -3.49121094e-02 -1.24511719e-01 1.94091797e-02 2.05078125e-01 6.95312500e-01 -3.57421875e-01 1.53808594e-02 -3.95507812e-02 3.81469727e-03 -1.71875000e-01 -1.75781250e-01 -3.27148438e-02
1.52587891e-03 1.17797852e-02 -2.44140625e-03 3.39355469e-02 3.55529785e-03 -2.02636719e-02 -3.29589844e-03 -7.89062500e-01 6.98242188e-02 -4.41894531e-02 -7.30468750e-01 1.32751465e-03 4.78515625e-02 4.36401367e-03 -8.23974609e-03 -1.11083984e-02 -9.30786133e-04 -7.65625000e-01 1.10351562e-01 -5.73730469e-02 -7.37304688e-02 8.85009766e-04 1.87988281e-02 -3.71093750e-02 6.71386719e-04 -2.27050781e-02 -3.33786011e-04 -1.04980469e-01 -1.55029297e-02 -3.83300781e-02
1.01318359e-02 -2.41210938e-01 1.00097656e-02 2.35595703e-02 8.85009766e-03 -2.17437744e-04 4.99725342e-04 6.73828125e-02 3.26171875e-01 -3.00781250e-01 -4.41406250e-01 -3.20312500e-01 1.28784180e-02 8.23974609e-03 -2.28271484e-02 2.86865234e-03 8.36181641e-03 -2.21252441e-03 5.82031250e-01 -3.12500000e-01 -1.19018555e-02 3.61328125e-02 -1.22070312e-01 -1.72851562e-01 -2.74658203e-03 -1.15966797e-02 -1.28784180e-02 -2.03125000e-01 1.02233887e-03 -7.51953125e-02
-1.39160156e-02 -2.35595703e-02 2.57873535e-03 5.41992188e-02 -1.19018555e-03 -3.12500000e-02 1.23977661e-04 5.19531250e-01 4.92187500e-01 -2.12890625e-01 -4.47265625e-01 -1.20239258e-02 -7.26318359e-03 2.44140625e-03 -3.11279297e-03 -8.11767578e-03 3.69262695e-03 6.67968750e-01 5.82031250e-01 -1.32812500e-01 -4.53125000e-01 1.49414062e-01 4.78515625e-02 -9.47265625e-02 -7.59887695e-03 -4.29687500e-02 8.23974609e-03 1.23977661e-04 -1.60156250e-01 -6.68945312e-02
2.41994858e-05 -2.59399414e-03 -2.86865234e-03 -1.13525391e-02 -5.68389893e-04 2.79235840e-03 -5.41687012e-04 2.89062500e-01 -6.71875000e-01 5.15625000e-01 -4.69970703e-03 8.85009766e-03 2.74658203e-03 -7.99560547e-03 9.30786133e-04 5.92041016e-03 -3.46374512e-03 2.14843750e-01 -5.46875000e-01 3.51562500e-01 -2.47192383e-03 2.62451172e-02 2.19726562e-03 1.69677734e-02 -2.86865234e-03 -6.29425049e-04 1.03759766e-03 8.60595703e-03 -3.88183594e-02 -3.49609375e-01
-1.08642578e-02 4.34570312e-02 8.58306885e-04 -9.09423828e-03 -3.33786011e-04 4.66918945e-03 9.57489014e-04 -4.41406250e-01 7.34375000e-01 7.12890625e-02 -4.76562500e-01 4.66308594e-02 6.74438477e-03 3.06396484e-02 -5.18798828e-03 -1.47705078e-02 -8.35418701e-04 -3.35937500e-01 7.26562500e-01 1.84326172e-02 3.47656250e-01 -1.57470703e-02 3.27148438e-02 1.67236328e-02 8.36181641e-03 8.60595703e-03 7.93457031e-04 -1.67236328e-02 -6.54296875e-02 -7.76367188e-02
-5.09643555e-03 4.95605469e-02 2.21252441e-03 -4.08935547e-03 -1.96838379e-03 1.97753906e-02 -6.90460205e-04 -6.87500000e-01 -6.36718750e-01 5.49316406e-02 4.14062500e-01 3.97949219e-02 -2.57873535e-03 6.22558594e-03 3.60488892e-04 3.06701660e-03 2.07519531e-03 -6.67968750e-01 -5.97656250e-01 -1.56250000e-02 4.16015625e-01 3.22265625e-02 5.82885742e-03 -7.01904297e-03 2.96020508e-03 3.85742188e-02 -2.18200684e-03 -7.08007812e-02 -6.68945312e-02 -1.18652344e-01
7.56835938e-03 1.15966797e-02 2.23159790e-04 7.12890625e-02 4.19616699e-04 -1.33666992e-02 -8.50677490e-04 -6.21093750e-01 -6.25000000e-01 -1.39648438e-01 4.31640625e-01 -3.07617188e-02 -7.12890625e-02 -1.42822266e-02 -1.36566162e-03 -8.11767578e-03 2.47192383e-03 -6.48437500e-01 -5.46875000e-01 5.68847656e-02 -5.74218750e-01 -2.38037109e-02 -9.88769531e-03 -9.86328125e-02 -3.82995605e-03 -2.24609375e-02 -6.46972656e-03 -1.23535156e-01 -1.18164062e-01 -2.85644531e-02
-2.17437744e-04 5.59082031e-02 1.98364258e-03 -3.63769531e-02 -1.48773193e-03 3.06396484e-02 -4.36401367e-03 4.32128906e-02 3.29589844e-02 -5.37109375e-02 3.71093750e-02 -4.32128906e-02 -8.28125000e-01 -2.41210938e-01 1.08642578e-02 3.29589844e-02 4.45556641e-03 -5.95703125e-02 -4.12597656e-02 -3.39843750e-01 -3.00598145e-03 -9.37500000e-01 5.02929688e-02 -1.12304688e-01 2.44140625e-03 2.47802734e-02 1.97753906e-02 -4.23828125e-01 -4.70703125e-01 9.32617188e-02
-1.19018555e-02 1.21582031e-01 7.56835938e-03 -1.36718750e-01 1.66320801e-03 2.09960938e-02 1.69372559e-03 -1.18408203e-02 4.93164062e-02 -1.44531250e-01 1.69677734e-02 3.20312500e-01 -4.82421875e-01 -7.12890625e-02 -8.23974609e-03 1.80664062e-02 -9.46044922e-03 -2.36816406e-02 -2.79541016e-02 -2.89062500e-01 -1.80664062e-02 -3.63281250e-01 7.17773438e-02 2.55859375e-01 -9.21630859e-03 2.14843750e-02 -1.85546875e-02 -3.84765625e-01 -5.03906250e-01 1.64062500e-01
-2.35595703e-02 -5.90820312e-02 -8.85009766e-03 7.76367188e-02 9.72747803e-04 -2.08740234e-02 1.31225586e-03 -5.23437500e-01 -2.04101562e-01 -3.49121094e-02 -4.82421875e-01 6.73828125e-02 -1.34765625e-01 -3.66210938e-02 3.17382812e-02 -1.21459961e-02 -1.06201172e-02 -4.92187500e-01 -1.38671875e-01 1.48925781e-02 1.95312500e-01 -1.81640625e-01 -3.36914062e-02 5.98144531e-02 -1.94091797e-02 -2.34375000e-02 2.30712891e-02 -2.44140625e-01 -4.98046875e-01 1.16210938e-01
4.73022461e-03 2.06054688e-01 4.60815430e-03 4.15039062e-02 4.24194336e-03 -4.24194336e-03 -3.00598145e-03 6.44531250e-01 1.69677734e-02 7.27539062e-02 5.55419922e-03 7.03125000e-02 1.44195557e-03 -3.72314453e-03 -9.58251953e-03 -1.39160156e-02 2.05993652e-03 6.95312500e-01 2.38037109e-02 -1.01318359e-02 -5.58593750e-01 3.24218750e-01 3.97949219e-02 -2.00195312e-02 5.06591797e-03 -3.20434570e-03 5.67626953e-03 -5.90820312e-02 -1.01074219e-01 -1.63085938e-01
-3.09753418e-03 1.58691406e-02 -2.41088867e-03 6.54296875e-02 -2.30407715e-03 -5.49316406e-03 -7.85827637e-04 -7.77343750e-01 2.06054688e-01 -5.76171875e-02 7.42187500e-01 -4.44335938e-02 -1.04003906e-01 -2.09960938e-02 4.94384766e-03 -5.21850586e-03 5.37109375e-03 -7.22656250e-01 5.73730469e-02 -4.37011719e-02 1.78222656e-02 8.23974609e-03 9.46044922e-03 -9.37500000e-02 -9.84191895e-04 -8.85009766e-03 6.46972656e-03 -2.36328125e-01 8.69140625e-02 -1.07421875e-01
-3.08227539e-03 -3.39843750e-01 -3.58581543e-03 -9.22851562e-02 2.05993652e-03 -2.05993652e-03 -9.46044922e-03 -4.57763672e-03 -7.01904297e-03 2.77343750e-01 -1.97753906e-02 -2.27539062e-01 6.54296875e-02 -4.60937500e-01 -1.59912109e-02 2.67028809e-03 2.00195312e-02 2.90527344e-02 2.41699219e-02 3.04687500e-01 3.17382812e-02 -5.62500000e-01 -5.97656250e-01 4.90722656e-02 -3.44848633e-03 -1.09863281e-02 -5.43212891e-03 -2.91015625e-01 -3.20312500e-01 -3.35937500e-01
2.83813477e-03 3.22265625e-01 -6.59179688e-03 -1.66015625e-01 4.97436523e-03 -1.67236328e-02 2.96020508e-03 2.99072266e-02 3.19824219e-02 -1.21093750e-01 2.88085938e-02 6.29882812e-02 9.42382812e-02 3.63281250e-01 -2.70996094e-02 1.15966797e-02 -2.54821777e-03 3.71093750e-02 -2.56347656e-02 -2.65625000e-01 1.85546875e-02 -5.07812500e-01 2.91015625e-01 -3.14453125e-01 1.42822266e-02 -3.80859375e-02 -1.42669678e-03 -1.57226562e-01 -1.80664062e-01 -1.08886719e-01
-3.44238281e-02 -5.34667969e-02 3.95507812e-02 7.12890625e-02 4.45556641e-03 -5.18798828e-03 -3.80859375e-02 -2.91015625e-01 1.43554688e-01 -3.51562500e-02 -1.56250000e-01 -1.51367188e-01 3.04687500e-01 -3.61328125e-02 3.90625000e-02 -2.68554688e-03 7.32421875e-02 -2.71484375e-01 2.61718750e-01 1.80664062e-02 -4.55078125e-01 1.30004883e-02 -1.53320312e-01 -1.63085938e-01 2.49023438e-02 1.58691406e-02 1.62353516e-02 -1.81640625e-01 -5.22460938e-02 -2.36328125e-01
1.25122070e-03 3.15856934e-03 -1.47247314e-03 -2.05078125e-02 4.65393066e-04 9.33837891e-03 5.83648682e-04 8.51562500e-01 -6.83593750e-01 1.06445312e-01 4.33349609e-03 -5.46264648e-03 1.20544434e-03 -7.75146484e-03 -1.65557861e-03 7.23266602e-03 2.68936157e-04 7.73437500e-01 -5.11718750e-01 -2.74658203e-02 3.08227539e-03 5.09643555e-03 9.30786133e-04 2.77099609e-02 -1.99890137e-03 1.13525391e-02 -1.67846680e-04 -4.54101562e-02 -5.00488281e-02 -6.34765625e-02
-2.36511230e-03 -1.08886719e-01 1.36108398e-02 -7.27539062e-02 -3.82995605e-03 -9.84191895e-04 -2.76565552e-04 -1.42822266e-02 -4.22363281e-02 3.76953125e-01 -2.42614746e-03 3.59375000e-01 9.71679688e-02 5.02929688e-02 3.66210938e-02 5.88378906e-02 -1.94549561e-03 -2.19726562e-03 5.93261719e-02 1.16210938e-01 6.48498535e-04 6.56250000e-01 1.43554688e-01 2.51953125e-01 -7.93457031e-03 -6.43920898e-03 -1.03759766e-02 -2.98828125e-01 -3.82812500e-01 -3.73046875e-01
-1.33666992e-02 9.08203125e-02 7.69042969e-03 -1.34765625e-01 -2.67028809e-03 -1.32446289e-02 -5.31005859e-03 3.51562500e-02 -4.12597656e-02 7.51953125e-02 3.19824219e-02 1.07910156e-01 7.07031250e-01 -1.40625000e-01 -2.36816406e-02 -2.40478516e-02 5.21850586e-03 -4.39453125e-02 -7.20214844e-03 1.22680664e-02 3.83300781e-02 1.13281250e-01 5.54199219e-02 -2.03125000e-01 3.97949219e-02 -4.44335938e-02 5.43212891e-03 -1.63085938e-01 -6.93359375e-02 -3.84765625e-01
5.98144531e-03 1.47705078e-02 -5.92041016e-03 5.32226562e-02 -1.47705078e-02 -1.07421875e-01 -8.97216797e-03 -1.17187500e-02 -1.36108398e-02 2.05078125e-02 -2.70996094e-02 -3.22265625e-02 3.56445312e-02 -6.64062500e-02 -6.50024414e-03 3.49609375e-01 -6.29882812e-02 2.00195312e-02 3.10058594e-02 -5.05371094e-02 1.07421875e-02 -1.48010254e-03 1.97753906e-02 -2.09960938e-01 -5.89843750e-01 1.20117188e-01 1.57470703e-02 -1.34765625e-01 -1.27929688e-01 -9.47265625e-02
1.02539062e-02 2.73437500e-01 -1.38854980e-03 -3.90625000e-02 -9.46044922e-03 -8.85009766e-03 -7.59887695e-03 1.66015625e-02 2.74658203e-02 -1.34887695e-02 -2.74658203e-02 3.33984375e-01 6.73828125e-02 -3.04687500e-01 3.24707031e-02 4.19921875e-02 1.37939453e-02 -2.66113281e-02 -2.57568359e-02 -1.46484375e-01 6.59179688e-03 -3.71093750e-01 -4.92187500e-01 -6.01562500e-01 -4.24194336e-03 -4.07714844e-02 1.15966797e-02 -2.67578125e-01 -2.69531250e-01 -2.16796875e-01
1.12304688e-02 6.10351562e-02 -1.02539062e-02 6.49414062e-02 -5.98144531e-03 -3.46679688e-02 1.71661377e-03 1.83105469e-02 -2.86865234e-02 -7.61718750e-02 -2.68554688e-02 -1.96533203e-02 -7.07031250e-01 -6.40625000e-01 5.98144531e-03 -1.37329102e-02 -1.94549561e-03 -1.91650391e-02 -1.52587891e-02 9.27734375e-02 -8.20312500e-02 -6.39648438e-02 -1.06201172e-02 -2.51953125e-01 -5.00488281e-03 -5.51757812e-02 4.33349609e-03 -3.06640625e-01 -3.33984375e-01 -1.52343750e-01
-4.33349609e-03 -6.00585938e-02 1.06334686e-04 -2.36816406e-02 3.32641602e-03 2.42919922e-02 -1.96838379e-03 -5.11718750e-01 7.69531250e-01 1.92382812e-01 4.84375000e-01 -3.22265625e-02 -1.59912109e-02 1.01318359e-02 -3.47900391e-03 1.00097656e-02 -6.46972656e-03 -4.74609375e-01 7.10937500e-01 4.73632812e-02 -3.41796875e-01 1.52587891e-02 -3.93676758e-03 3.66210938e-02 -2.16674805e-03 2.86865234e-02 1.33514404e-03 -1.09375000e-01 -3.93066406e-02 -1.38671875e-01
3.32641602e-03 1.95312500e-02 3.29589844e-03 -8.49609375e-02 5.85937500e-03 -3.00292969e-02 -6.13403320e-03 3.70788574e-03 1.87988281e-02 3.08227539e-03 -4.97436523e-03 -3.14941406e-02 -6.71386719e-03 -4.73632812e-02 -3.81469727e-04 7.46093750e-01 7.35473633e-03 -1.59912109e-02 -4.69970703e-03 5.07812500e-02 7.11059570e-03 -2.86865234e-02 2.16674805e-03 -2.86865234e-02 -1.75781250e-01 -8.59375000e-01 3.31115723e-03 1.36718750e-02 3.35693359e-03 8.15429688e-02
-1.64794922e-03 -1.04980469e-01 3.82995605e-03 -1.30004883e-02 2.92968750e-03 -5.56945801e-04 1.64794922e-03 4.76562500e-01 6.01562500e-01 -7.46093750e-01 -1.85546875e-01 -2.07031250e-01 -2.42919922e-02 -2.58789062e-02 6.86645508e-04 -2.34985352e-03 2.07519531e-03 4.60937500e-01 5.11718750e-01 -8.32031250e-01 -1.37695312e-01 1.88476562e-01 -1.22680664e-02 5.95703125e-02 -3.72314453e-03 -2.10571289e-03 -7.72476196e-05 9.66796875e-02 5.10253906e-02 1.24511719e-01
2.67028809e-03 -8.11767578e-03 -7.11059570e-03 2.62451172e-03 9.33837891e-03 -4.68750000e-02 -2.65625000e-01 -1.02539062e-02 6.34765625e-03 -7.95898438e-02 9.21630859e-03 8.35418701e-04 -7.47680664e-03 1.66015625e-02 3.92578125e-01 -2.16064453e-02 3.80859375e-01 1.45263672e-02 -1.47705078e-02 4.07714844e-02 8.23974609e-03 1.71661377e-03 5.12695312e-03 -6.86645508e-03 -5.49316406e-03 -5.63964844e-02 9.29687500e-01 -6.93359375e-02 -6.12792969e-02 -1.53320312e-01
1.54113770e-03 -1.52343750e-01 -4.18090820e-03 2.17285156e-02 -1.14440918e-03 -2.36511230e-03 -5.06591797e-03 6.09375000e-01 -3.82812500e-01 -5.85937500e-01 1.55273438e-01 -2.81250000e-01 1.67083740e-03 1.26342773e-02 6.07299805e-03 3.37219238e-03 2.02636719e-02 5.85937500e-01 -3.33984375e-01 -6.91406250e-01 -3.24218750e-01 1.56250000e-01 -2.57568359e-02 4.57763672e-03 -8.01086426e-04 -1.18408203e-02 5.09643555e-03 6.73828125e-02 4.05273438e-02 1.29882812e-01
-4.69970703e-03 8.15429688e-02 -1.67846680e-03 -2.77099609e-02 -1.99890137e-03 1.79290771e-03 -2.34985352e-03 5.82031250e-01 5.00000000e-01 -6.67968750e-01 1.11816406e-01 1.78710938e-01 -1.40380859e-02 -1.02233887e-03 -1.14440918e-03 7.36236572e-04 -3.41415405e-04 5.03906250e-01 3.98437500e-01 -8.04687500e-01 1.42578125e-01 1.42578125e-01 -5.85937500e-03 5.90820312e-02 4.21142578e-03 5.46264648e-03 -1.58691406e-03 6.93359375e-02 3.36914062e-02 1.02050781e-01
-9.88769531e-03 2.24609375e-01 9.49859619e-04 9.37500000e-02 -4.92095947e-04 -2.64892578e-02 -5.73730469e-03 -4.64843750e-01 2.65625000e-01 3.56445312e-02 -3.43750000e-01 3.75000000e-01 -2.55126953e-02 -1.79443359e-02 2.24304199e-03 -2.46582031e-02 1.37329102e-02 -4.33593750e-01 2.73437500e-01 -1.40380859e-02 6.44531250e-01 9.86328125e-02 -1.01318359e-02 -1.78222656e-02 6.10351562e-03 -3.46679688e-02 -1.23901367e-02 -1.42578125e-01 -1.20605469e-01 -2.44140625e-01
-1.81884766e-02 7.76367188e-02 -1.79443359e-02 -1.77734375e-01 9.70458984e-03 5.51757812e-02 -1.66320801e-03 -1.09863281e-02 -3.17382812e-02 5.88378906e-02 4.56542969e-02 5.90820312e-02 1.01074219e-01 8.24218750e-01 -1.01074219e-01 2.63671875e-01 -3.78417969e-03 -5.17578125e-02 3.39355469e-02 -1.31835938e-01 -2.95410156e-02 6.17675781e-02 2.46582031e-02 -1.83593750e-01 1.21582031e-01 -3.88183594e-02 -3.24707031e-02 -1.12304688e-01 -1.04492188e-01 -1.06445312e-01
3.15856934e-03 -1.02539062e-02 6.07299805e-03 3.19824219e-02 2.67028809e-03 2.17773438e-01 1.69677734e-02 7.23266602e-03 -3.97949219e-02 -1.32446289e-02 -5.95092773e-03 6.83593750e-03 -5.85937500e-03 3.93066406e-02 -5.89843750e-01 -2.14843750e-01 -8.98437500e-02 -1.62353516e-02 5.61523438e-02 -5.46875000e-02 4.11987305e-03 1.50146484e-02 2.86865234e-03 -6.00585938e-02 -1.89208984e-02 4.25781250e-01 4.22363281e-02 -1.85546875e-01 -2.00195312e-01 -1.65039062e-01
1.68609619e-03 2.06054688e-01 4.06265259e-04 1.10351562e-01 7.47680664e-03 -2.45361328e-02 -5.43212891e-03 4.76562500e-01 3.36914062e-02 1.45263672e-02 3.51562500e-02 3.47656250e-01 2.36511230e-03 -4.15039062e-02 -9.33837891e-03 -1.55029297e-02 2.45666504e-03 5.19531250e-01 -3.56445312e-02 4.68750000e-02 -6.91406250e-01 7.12890625e-02 -1.19018555e-02 -6.54296875e-02 7.85827637e-04 -3.17382812e-02 3.33786011e-04 -2.04101562e-01 -5.93261719e-02 -2.16796875e-01
2.19726562e-03 7.81250000e-03 -2.30407715e-03 -6.83593750e-02 -7.11059570e-03 4.58984375e-02 7.23266602e-03 5.67626953e-03 -1.06201172e-02 1.55029297e-02 -1.00097656e-02 1.34887695e-02 1.11083984e-02 -7.38525391e-03 2.25585938e-01 1.61132812e-01 -9.76562500e-02 -2.50244141e-02 2.02636719e-02 -1.09863281e-01 7.43865967e-04 -3.90625000e-03 -6.13403320e-03 6.59179688e-02 -5.00000000e-01 -6.64062500e-01 2.28271484e-02 -2.21679688e-01 -2.57812500e-01 -1.73828125e-01
1.69677734e-02 6.71386719e-03 -1.73339844e-02 1.03027344e-01 -3.99351120e-06 -8.85009766e-03 2.41088867e-03 5.74218750e-01 -1.22070312e-01 -1.11816406e-01 -5.27343750e-01 6.68945312e-02 3.30078125e-01 -1.25122070e-02 -5.37109375e-03 -4.80957031e-02 -2.49023438e-02 5.89843750e-01 -8.20312500e-02 1.90429688e-02 -2.01171875e-01 -1.43554688e-01 4.21142578e-03 5.73730469e-02 -1.02539062e-02 5.37109375e-03 1.13525391e-02 -2.87109375e-01 -1.77734375e-01 6.83593750e-02
8.36181641e-03 2.30468750e-01 1.82342529e-03 9.81445312e-02 -3.99780273e-03 -8.48388672e-03 3.03649902e-03 2.30468750e-01 -4.64843750e-01 3.71932983e-04 6.17187500e-01 3.82812500e-01 -1.23901367e-02 -3.85742188e-02 1.17492676e-03 -6.59179688e-03 -1.31225586e-02 2.61718750e-01 -4.06250000e-01 2.06298828e-02 -3.08593750e-01 5.37109375e-02 -8.11767578e-03 -2.06298828e-02 -1.00097656e-02 -1.37939453e-02 4.45556641e-03 -1.28906250e-01 -2.13867188e-01 -2.29492188e-01
9.58251953e-03 1.15722656e-01 -2.15148926e-03 2.31933594e-02 -2.31933594e-03 1.12304688e-02 -3.60107422e-03 8.32031250e-01 -1.18164062e-01 -4.19921875e-01 -1.02539062e-01 1.98242188e-01 2.80761719e-03 -3.06701660e-03 1.92260742e-03 1.11083984e-02 4.30297852e-03 8.51562500e-01 -1.88476562e-01 -4.80468750e-01 5.46875000e-01 8.30078125e-02 1.74560547e-02 -3.71093750e-02 -5.06591797e-03 7.72094727e-03 6.50024414e-03 -1.89208984e-02 -2.06298828e-02 4.68750000e-02
-2.25067139e-04 8.83789062e-02 -1.21459961e-02 -6.39648438e-02 -2.70080566e-03 6.79016113e-04 9.84191895e-04 2.20947266e-02 -6.22558594e-03 5.00488281e-02 3.28063965e-03 -1.44531250e-01 -8.20312500e-01 -7.65625000e-01 8.85009766e-03 8.72802734e-03 1.13525391e-02 -5.02929688e-02 -1.39617920e-03 2.85644531e-02 -8.60595703e-03 -2.85339355e-03 -5.03906250e-01 -2.26562500e-01 2.44140625e-03 -9.46044922e-03 -4.57763672e-03 -9.47265625e-02 -9.32617188e-02 -2.20703125e-01
-5.18798828e-04 -2.91824341e-04 -9.30786133e-04 -1.68457031e-02 3.54766846e-04 4.53948975e-04 1.46865845e-04 -1.23046875e-01 1.03906250e+00 3.08837891e-02 3.41415405e-04 -2.68554688e-03 -1.54113770e-03 -3.34167480e-03 1.42669678e-03 2.53295898e-03 -4.53948975e-04 -8.30078125e-02 9.76562500e-01 -8.64257812e-02 -2.70080566e-03 1.17492676e-03 1.95312500e-03 2.05078125e-02 1.81579590e-03 9.82284546e-05 2.68554688e-03 -2.05078125e-02 -6.83593750e-02 -1.70135498e-03
4.73632812e-02 6.54296875e-02 -1.77001953e-02 -4.98046875e-02 -1.19018555e-02 -1.86523438e-01 7.59887695e-03 -5.43212891e-03 3.61328125e-02 1.67236328e-02 -1.03027344e-01 -1.21582031e-01 -2.79296875e-01 4.23828125e-01 3.24218750e-01 3.71093750e-01 -6.88476562e-02 -3.66210938e-02 6.19506836e-03 -2.17285156e-02 3.56445312e-02 -3.56445312e-02 2.13867188e-01 7.17773438e-02 1.39648438e-01 2.51953125e-01 3.61328125e-02 -4.95605469e-02 -2.14843750e-01 -1.80664062e-01
-1.74560547e-02 -3.24707031e-02 2.77709961e-03 1.64794922e-02 -1.35040283e-03 1.98974609e-02 2.51531601e-05 -2.19726562e-03 -2.36816406e-02 2.52685547e-02 2.90527344e-02 4.15039062e-02 -1.30004883e-02 -8.85009766e-03 -1.33514404e-03 -4.58984375e-01 6.28906250e-01 4.13894653e-04 2.67333984e-02 -1.12304688e-01 1.03759766e-02 2.39562988e-03 1.47705078e-02 -4.54101562e-02 -9.81445312e-02 -4.83398438e-02 -6.60156250e-01 -1.18652344e-01 -1.61132812e-01 -1.68945312e-01
-1.44195557e-03 -9.71679688e-02 -3.07617188e-02 6.59179688e-03 -3.00598145e-03 -1.65557861e-03 -2.62451172e-03 -1.83105469e-02 -1.89208984e-02 4.90722656e-02 2.30712891e-02 -4.16015625e-01 5.39062500e-01 -4.62890625e-01 2.05078125e-02 8.60595703e-03 2.72216797e-02 1.64794922e-02 -1.36108398e-02 -5.29785156e-02 2.66113281e-02 7.61718750e-02 5.03906250e-01 -3.12500000e-01 -1.45263672e-02 -1.21459961e-02 1.22680664e-02 -3.22265625e-01 -3.12500000e-01 -2.08984375e-01
-2.68554688e-03 -1.66015625e-01 4.30297852e-03 1.67968750e-01 -1.01318359e-02 2.02636719e-02 5.18798828e-03 -1.58691406e-02 2.44140625e-02 1.85546875e-02 -1.02539062e-02 -1.66992188e-01 -1.20117188e-01 3.58886719e-02 9.58251953e-03 3.95507812e-02 -6.34765625e-03 2.86865234e-03 -1.67236328e-02 1.44531250e-01 -3.96728516e-03 4.23828125e-01 6.52343750e-01 4.25781250e-01 -3.17382812e-03 1.28784180e-02 -1.12304688e-02 7.47070312e-02 9.17968750e-02 2.41210938e-01
4.85229492e-03 -4.76562500e-01 -1.69677734e-02 1.96289062e-01 3.49426270e-03 1.47705078e-02 4.24194336e-03 3.75976562e-02 2.03857422e-02 1.85546875e-01 -1.23901367e-02 -5.46875000e-02 -3.73535156e-02 2.91015625e-01 1.73950195e-03 1.53808594e-02 -1.58691406e-02 -5.90820312e-02 -1.21459961e-02 1.34765625e-01 -5.46264648e-03 -3.84765625e-01 7.14843750e-01 3.14453125e-01 -8.48388672e-03 9.70458984e-03 -5.12695312e-03 -5.54199219e-02 -2.36816406e-02 -6.73828125e-02
3.40270996e-03 2.07519531e-03 -5.21850586e-03 3.34472656e-02 -8.16345215e-04 -1.52587891e-02 -3.46374512e-03 3.08593750e-01 -9.02343750e-01 -3.78417969e-02 -4.41406250e-01 -2.95410156e-02 -9.17968750e-02 -4.21142578e-03 5.46264648e-03 3.31878662e-04 5.92041016e-03 8.15429688e-02 -8.55468750e-01 -2.35595703e-02 -6.83593750e-01 -7.39097595e-05 -1.05285645e-03 -4.93164062e-02 -1.86157227e-03 -2.78320312e-02 7.44628906e-03 -2.58789062e-02 -1.71875000e-01 -6.88476562e-02
1.61132812e-02 6.86645508e-03 2.67333984e-02 5.98144531e-02 3.75366211e-03 5.24902344e-03 1.84631348e-03 1.14257812e-01 -5.27343750e-01 -1.26342773e-02 2.87109375e-01 2.80761719e-03 3.71093750e-01 -1.08886719e-01 -1.49536133e-03 -1.72119141e-02 1.06201172e-02 8.20312500e-02 -4.96093750e-01 -2.40478516e-02 5.23437500e-01 -9.03320312e-02 7.12890625e-02 -1.33789062e-01 6.80541992e-03 3.98159027e-05 -3.73840332e-03 -1.51367188e-01 -6.20117188e-02 -1.47460938e-01
6.63757324e-04 -7.23266602e-03 -4.10079956e-04 -7.26318359e-03 2.31933594e-03 -2.71606445e-03 -6.48498535e-04 -6.56250000e-01 3.17382812e-02 5.50781250e-01 -3.55529785e-03 8.36181641e-03 3.07083130e-04 -1.17187500e-02 -4.45556641e-03 5.56945801e-04 -2.24304199e-03 -5.46875000e-01 -5.46875000e-02 4.02343750e-01 -4.11987305e-03 3.14941406e-02 1.83868408e-03 2.22778320e-03 2.89916992e-03 -7.26318359e-03 2.49862671e-04 -3.44238281e-02 2.12402344e-02 -3.65234375e-01
5.15136719e-02 1.22680664e-02 5.37109375e-03 1.98974609e-02 4.53948975e-04 7.43865967e-04 4.33349609e-03 -7.30468750e-01 2.49023438e-01 1.89208984e-02 9.47265625e-02 7.27539062e-02 -3.90625000e-02 -1.12304688e-02 7.11059570e-03 2.73132324e-03 2.33650208e-04 -7.18750000e-01 1.43554688e-01 -2.80761719e-02 6.01562500e-01 2.74658203e-02 1.58691406e-02 -1.83105469e-02 -1.56402588e-03 4.84466553e-04 2.12097168e-03 -6.83593750e-02 -9.96093750e-02 -5.90820312e-02
-1.50146484e-02 4.57031250e-01 7.78198242e-04 2.38281250e-01 -5.98907471e-04 -5.37109375e-03 -3.77655029e-04 -1.32446289e-02 2.79541016e-02 1.68945312e-01 2.46582031e-02 -7.85827637e-04 2.26562500e-01 2.08007812e-01 6.68334961e-03 1.31225586e-02 -1.25885010e-04 8.23974609e-03 -1.51367188e-02 2.69775391e-02 1.23596191e-03 -5.07812500e-01 -7.34375000e-01 1.95312500e-01 -1.09863281e-02 -2.72216797e-02 -1.26342773e-02 -1.82617188e-01 -1.15722656e-01 -1.35742188e-01
1.81884766e-02 3.65234375e-01 1.07421875e-02 2.32421875e-01 -4.05883789e-03 -2.27050781e-02 -5.06591797e-03 -1.26342773e-02 4.56542969e-02 2.00195312e-01 -3.56445312e-02 1.32812500e-01 -5.07812500e-01 4.02343750e-01 5.55419922e-03 -1.27563477e-02 2.01416016e-02 -3.63159180e-03 -2.83203125e-02 1.23046875e-01 -1.00097656e-02 -4.41406250e-01 -5.19531250e-01 1.96289062e-01 8.97216797e-03 -2.34375000e-02 8.72802734e-03 -7.42187500e-02 -4.83398438e-02 -1.15234375e-01
-1.77001953e-02 -2.06298828e-02 2.17437744e-04 3.85742188e-02 -1.41143799e-03 -3.54003906e-03 2.22778320e-03 -8.86718750e-01 -1.88476562e-01 -1.36108398e-02 -6.75781250e-01 2.06298828e-02 3.61328125e-02 3.06701660e-03 2.07519531e-03 -1.15203857e-03 9.05990601e-05 -8.51562500e-01 -2.69531250e-01 -3.75976562e-02 2.38281250e-01 8.23974609e-03 4.60815430e-03 -4.34570312e-02 -1.58691406e-03 -6.43920898e-03 1.39617920e-03 -1.00585938e-01 -1.31835938e-01 -2.51464844e-02
5.82885742e-03 -1.95312500e-01 8.48388672e-03 5.85937500e-01 2.19726562e-03 1.58691406e-02 1.43432617e-03 -1.68457031e-02 3.11279297e-02 -8.93554688e-02 -3.61328125e-02 3.02734375e-01 2.01416016e-02 8.35937500e-01 4.66308594e-02 7.95898438e-02 1.66015625e-02 1.85546875e-02 -6.29882812e-02 -3.37890625e-01 -5.67626953e-03 3.30078125e-01 7.27539062e-02 1.85546875e-01 -2.06298828e-02 -9.46044922e-03 -1.00097656e-02 6.39648438e-02 4.78515625e-02 2.41210938e-01
-1.07574463e-03 7.35473633e-03 -9.57489014e-04 -2.51464844e-02 4.06265259e-04 6.83593750e-03 5.34057617e-04 -7.61718750e-01 -7.81250000e-01 1.37329102e-02 2.45666504e-03 -1.33666992e-02 3.58581543e-03 -5.70678711e-03 3.58581543e-03 7.47680664e-03 -5.41687012e-04 -7.03125000e-01 -7.26562500e-01 -9.76562500e-02 2.91442871e-03 2.70080566e-03 4.79817390e-06 3.44238281e-02 5.41687012e-04 8.36181641e-03 -1.52587891e-04 -2.68554688e-02 -6.73828125e-02 -1.23901367e-02
7.70568848e-04 -3.61633301e-03 -6.63757324e-04 -2.05078125e-02 1.43432617e-03 6.37817383e-03 -8.65936279e-04 -8.39843750e-01 -8.25195312e-02 2.75390625e-01 -1.21307373e-03 8.23974609e-03 -8.58306885e-04 -2.19726562e-03 -3.66210938e-03 6.25610352e-03 -3.46374512e-03 -7.89062500e-01 -1.12304688e-01 8.25195312e-02 -1.11389160e-03 5.18798828e-04 9.00268555e-04 3.19824219e-02 1.20544434e-03 6.89697266e-03 -1.06811523e-03 -3.05175781e-02 -4.22363281e-02 -1.50390625e-01
8.23974609e-03 7.44628906e-03 -3.07083130e-04 -1.30004883e-02 -1.84631348e-03 1.30004883e-02 -3.06701660e-03 -8.24218750e-01 -2.14843750e-01 1.25122070e-02 -3.90625000e-01 -4.98046875e-02 1.21459961e-02 -1.64794922e-02 1.17187500e-02 1.63574219e-02 1.22680664e-02 -7.77343750e-01 -2.10937500e-01 -4.66308594e-02 -5.19531250e-01 -6.39648438e-02 6.40869141e-04 3.22265625e-02 -5.67626953e-03 8.97216797e-03 6.21795654e-04 -6.07910156e-02 -1.16699219e-01 -3.46679688e-02
-2.12402344e-02 1.36718750e-01 -2.29492188e-02 3.11279297e-02 9.33837891e-03 -3.19824219e-02 7.93457031e-04 1.43554688e-01 4.19921875e-02 -7.12890625e-02 -1.99218750e-01 1.96289062e-01 -5.93750000e-01 -5.17578125e-02 1.21459961e-02 1.34277344e-03 -1.92260742e-03 2.06054688e-01 -1.16210938e-01 9.09423828e-03 1.09375000e-01 -1.24023438e-01 -1.03759766e-02 -1.49414062e-01 -9.70458984e-03 -4.49218750e-02 -1.21459961e-02 -1.86523438e-01 -7.37304688e-02 -4.05273438e-02
-1.44958496e-03 -1.22070312e-01 6.24656677e-05 -1.84570312e-01 -3.60107422e-03 1.79443359e-02 -5.58471680e-03 -1.17797852e-02 -5.51757812e-02 -9.03320312e-02 6.34765625e-03 -3.98437500e-01 2.60925293e-03 6.21093750e-01 -2.39562988e-03 8.83789062e-02 4.58984375e-02 1.85546875e-02 5.90820312e-02 -2.51953125e-01 1.89971924e-03 -3.24218750e-01 -3.17382812e-02 -2.89062500e-01 3.46679688e-02 -5.10253906e-02 -7.47680664e-03 -2.15820312e-01 -2.07031250e-01 -9.52148438e-02
-3.37219238e-03 -4.27246094e-02 7.81250000e-03 -4.49218750e-02 6.59179688e-02 -4.00390625e-02 4.82177734e-03 4.66918945e-03 -3.72314453e-03 1.73339844e-02 -7.70568848e-04 3.41796875e-02 -7.14843750e-01 -5.93750000e-01 5.12695312e-03 -1.45263672e-02 5.70678711e-03 -1.79443359e-02 -4.17480469e-02 5.49316406e-02 -8.23974609e-03 1.70898438e-03 1.99218750e-01 -1.56250000e-01 -1.13769531e-01 -5.76171875e-02 1.15966797e-02 -8.64257812e-02 -1.02050781e-01 -1.86523438e-01
-1.62506104e-03 3.63159180e-03 7.58171082e-05 3.11279297e-02 6.71386719e-04 -2.89916992e-03 1.94549561e-03 -1.41601562e-01 8.94531250e-01 -4.05273438e-02 8.44726562e-02 4.45556641e-03 -7.27539062e-02 -1.84326172e-02 2.24304199e-03 1.79290771e-03 -1.52587891e-03 -3.80859375e-02 8.59375000e-01 -2.61230469e-02 8.32031250e-01 -8.23974609e-03 4.66918945e-03 -4.02832031e-02 -6.22558594e-03 -2.94494629e-03 1.08337402e-03 -5.05371094e-02 -1.79687500e-01 -4.95605469e-02
-5.46264648e-03 -1.45263672e-02 -1.39160156e-02 1.18652344e-01 3.83377075e-04 5.78613281e-02 -1.31988525e-03 -7.28607178e-04 1.81884766e-02 -4.15039062e-02 1.21459961e-02 4.22363281e-02 5.56640625e-02 -5.00000000e-01 1.83105469e-02 2.30468750e-01 5.58471680e-03 1.94549561e-03 -1.52587891e-02 6.39648438e-02 -2.06298828e-02 5.20019531e-02 1.33666992e-02 9.57031250e-01 -2.58789062e-02 -1.25976562e-01 3.72314453e-03 1.74804688e-01 1.70898438e-01 2.42187500e-01
-1.60980225e-03 3.07617188e-02 5.83648682e-04 1.78222656e-02 6.34765625e-03 2.65502930e-03 -1.27563477e-02 -5.63964844e-02 1.84326172e-02 -6.54296875e-02 1.20239258e-02 -4.44335938e-02 -1.58691406e-02 4.58984375e-02 -4.58984375e-01 1.40380859e-02 -7.62939453e-03 4.78515625e-02 -2.79541016e-02 6.56127930e-03 8.97216797e-03 1.44042969e-02 -3.81469727e-03 -5.05371094e-02 1.17797852e-02 4.95605469e-02 -1.00781250e+00 -1.60156250e-01 -1.39648438e-01 -1.34765625e-01
-1.20239258e-02 -2.53906250e-01 2.34985352e-03 9.47265625e-02 -7.93457031e-04 -1.70898438e-02 2.10571289e-03 5.42968750e-01 1.07421875e-01 3.71093750e-02 1.68945312e-01 -3.18359375e-01 -2.79235840e-03 -3.56445312e-02 7.23266602e-03 -8.60595703e-03 -1.03759766e-02 5.78125000e-01 1.66992188e-01 4.34570312e-02 7.03125000e-01 1.75781250e-01 -2.60009766e-02 -5.85937500e-02 3.28063965e-03 -2.61230469e-02 -6.14166260e-04 -1.85546875e-01 -1.24023438e-01 -2.08007812e-01
-4.18090820e-03 -2.71484375e-01 -5.98907471e-04 8.64257812e-02 3.47900391e-03 -2.75878906e-02 6.22558594e-03 -4.08203125e-01 4.78515625e-01 7.17773438e-02 6.01562500e-01 -3.22265625e-01 -3.96728516e-03 -4.68750000e-02 -7.93457031e-03 -5.34057617e-03 -1.26342773e-02 -3.88671875e-01 4.62890625e-01 4.34570312e-02 -4.96093750e-01 8.74023438e-02 -2.36816406e-02 -4.22363281e-02 7.01904297e-03 -3.78417969e-02 -7.62939453e-03 -1.32812500e-01 -1.52343750e-01 -2.28515625e-01
-8.85009766e-03 2.42187500e-01 2.60009766e-02 2.18200684e-03 7.87353516e-03 -1.73339844e-02 -6.22558594e-03 5.58471680e-03 1.41601562e-02 5.59082031e-02 2.67333984e-02 3.32031250e-01 -2.61718750e-01 -5.70312500e-01 -1.33666992e-02 5.73730469e-03 1.08642578e-02 -1.04980469e-02 -6.46972656e-03 7.42187500e-02 -2.57873535e-03 3.14453125e-01 7.57812500e-01 -3.55468750e-01 3.99780273e-03 -3.10058594e-02 -1.43432617e-03 -2.57812500e-01 -2.37304688e-01 -2.18750000e-01
-6.31713867e-03 2.33398438e-01 -2.80761719e-03 4.61425781e-02 -4.45556641e-03 -1.80664062e-02 9.65118408e-04 1.86523438e-01 -5.66406250e-01 8.10546875e-02 6.64062500e-01 2.67578125e-01 1.14746094e-02 -1.03759766e-02 1.63574219e-02 -8.05854797e-05 -8.36181641e-03 2.02148438e-01 -5.46875000e-01 4.34570312e-02 -2.43164062e-01 2.14843750e-01 4.41894531e-02 -1.08337402e-03 -1.53350830e-03 -2.22167969e-02 3.60107422e-03 -1.49414062e-01 -9.32617188e-02 -2.08984375e-01
-6.31713867e-03 2.81250000e-01 2.18200684e-03 5.46875000e-02 -2.67028809e-03 -6.22558594e-03 1.44195557e-03 5.15625000e-01 8.48388672e-03 7.61718750e-02 1.53808594e-02 2.19726562e-01 -1.51367188e-02 -3.51562500e-02 4.33349609e-03 7.87353516e-03 -4.94384766e-03 5.62500000e-01 -2.08740234e-02 1.79443359e-02 -7.03125000e-01 1.75781250e-01 4.56542969e-02 -2.02636719e-02 -1.47247314e-03 -9.21630859e-03 -5.55419922e-03 -1.18164062e-01 -1.13769531e-01 -2.22656250e-01
-2.74658203e-03 3.24218750e-01 -9.70458984e-03 -2.73132324e-03 9.25064087e-05 1.69677734e-02 -3.37219238e-03 2.48046875e-01 2.83203125e-01 4.94140625e-01 -2.24609375e-01 3.06640625e-01 2.51464844e-02 -7.51953125e-02 1.42097473e-04 -2.82287598e-03 3.28063965e-03 2.91015625e-01 2.10937500e-01 4.47265625e-01 -2.65625000e-01 -2.39257812e-01 1.64062500e-01 8.11767578e-03 8.36181641e-03 2.19726562e-02 -6.71386719e-03 -9.37500000e-02 -3.93066406e-02 -3.96484375e-01
9.71679688e-02 1.66015625e-01 8.05664062e-02 3.06396484e-02 1.30859375e-01 9.42382812e-02 9.17968750e-02 -1.97753906e-02 -6.10351562e-02 -4.05273438e-02 -1.34765625e-01 1.96533203e-02 1.57226562e-01 1.09375000e+00 -1.02539062e-01 -3.57421875e-01 -5.11718750e-01 9.47265625e-02 -1.45507812e-01 -4.78515625e-02 1.42578125e-01 -5.12695312e-03 8.30078125e-02 -2.04101562e-01 2.57812500e-01 3.00781250e-01 2.23632812e-01 -2.92968750e-01 -2.51953125e-01 -2.57812500e-01
6.10351562e-03 -5.00488281e-02 -1.06445312e-01 7.08007812e-02 3.00598145e-03 -6.50024414e-03 -1.19018555e-02 -1.02539062e-02 -2.06298828e-02 2.85644531e-02 7.11059570e-03 4.58984375e-02 8.90625000e-01 -6.13281250e-01 -1.02233887e-03 1.33666992e-02 2.31933594e-02 -1.48925781e-02 1.00097656e-02 7.81250000e-03 1.13525391e-02 -6.39648438e-02 -3.96484375e-01 -3.04687500e-01 -2.09960938e-02 -1.67236328e-02 2.48718262e-03 -1.90429688e-01 -1.60156250e-01 -2.81250000e-01
-1.15966797e-02 2.21679688e-01 -5.41687012e-04 6.49414062e-02 -5.21850586e-03 -1.46484375e-02 -5.26428223e-04 -5.46875000e-01 -1.39648438e-01 4.05273438e-02 7.71484375e-02 2.26562500e-01 1.32446289e-02 -9.33837891e-03 8.85009766e-03 -6.34765625e-03 2.77709961e-03 -5.66406250e-01 -1.74804688e-01 -1.00097656e-02 7.10937500e-01 2.40234375e-01 5.68847656e-02 -4.78515625e-02 -5.21850586e-03 -1.92871094e-02 8.92639160e-04 -1.10839844e-01 -1.00097656e-01 -1.99218750e-01
-1.62506104e-03 -2.30468750e-01 -2.05993652e-03 9.08203125e-02 -2.19726562e-03 -2.99072266e-02 -1.12056732e-04 -2.87109375e-01 -5.42968750e-01 2.47802734e-02 -6.79687500e-01 -3.49609375e-01 -8.72802734e-03 -2.83203125e-02 4.21142578e-03 -1.64794922e-02 -5.49316406e-04 -2.79296875e-01 -5.31250000e-01 1.62353516e-02 -3.43750000e-01 1.47460938e-01 -2.66113281e-02 -4.00390625e-02 3.17382812e-03 -3.88183594e-02 -5.37109375e-03 -7.47070312e-02 -1.52343750e-01 -2.37304688e-01
-5.98144531e-03 -2.35351562e-01 9.65118408e-04 7.61718750e-02 -3.12805176e-03 -1.15966797e-02 2.85339355e-03 5.42968750e-01 -2.63671875e-01 5.93261719e-02 -3.51562500e-01 -2.73437500e-01 -1.78527832e-03 -3.71093750e-02 1.17187500e-02 1.86157227e-03 4.08935547e-03 5.58593750e-01 -2.67578125e-01 1.36718750e-02 7.07031250e-01 1.66992188e-01 -3.88183594e-02 -2.44140625e-02 -5.03540039e-04 -1.68457031e-02 -2.80761719e-03 -1.16699219e-01 -1.49414062e-01 -2.08007812e-01
-1.71661377e-03 9.37500000e-02 2.02636719e-02 1.76757812e-01 -1.48773193e-03 -9.57489014e-04 -2.83813477e-03 2.90527344e-02 -1.03759766e-02 -7.03125000e-02 -7.20214844e-03 2.18750000e-01 -9.96093750e-02 -2.14843750e-02 -3.54003906e-03 2.02636719e-02 5.85937500e-03 -3.41796875e-02 9.58251953e-03 -2.72216797e-02 2.80761719e-03 5.70312500e-01 -5.50781250e-01 4.49218750e-01 3.67736816e-03 -1.59912109e-02 -6.59179688e-03 1.32812500e-01 1.10351562e-01 1.80664062e-01
9.09423828e-03 3.17382812e-02 1.90429688e-02 -1.78710938e-01 -2.81982422e-02 3.66210938e-02 -2.73437500e-02 -1.59912109e-02 -3.00598145e-03 3.75976562e-02 -2.63671875e-02 1.03759766e-02 -6.12792969e-02 7.03125000e-01 1.37695312e-01 1.56250000e-01 6.59179688e-02 1.98364258e-03 9.09423828e-03 -1.21093750e-01 -6.68334961e-03 9.08203125e-02 -4.92095947e-04 -1.81640625e-01 -2.30468750e-01 -2.01171875e-01 2.84423828e-02 -1.35742188e-01 -1.45507812e-01 -1.21093750e-01
-8.43048096e-04 -7.11059570e-03 3.20434570e-03 2.80761719e-02 3.61633301e-03 8.36181641e-03 2.43186951e-04 1.35742188e-01 7.22656250e-01 -4.27246094e-02 -3.90625000e-01 3.24707031e-02 -1.63085938e-01 -2.05078125e-02 -7.93457031e-03 5.85937500e-03 7.99560547e-03 1.05468750e-01 7.07031250e-01 1.19018555e-02 6.60156250e-01 -1.74560547e-02 -2.04467773e-03 -3.63769531e-02 -4.33349609e-03 1.22680664e-02 3.31115723e-03 -1.49414062e-01 -1.24511719e-01 -1.25122070e-02
1.48925781e-02 -5.70678711e-03 -3.18908691e-03 1.31225586e-02 4.11987305e-03 7.72094727e-03 1.52587891e-04 -7.30468750e-01 -6.28906250e-01 1.10626221e-03 -4.70703125e-01 6.34765625e-03 3.39355469e-02 1.20239258e-02 -1.87683105e-03 -8.36181641e-03 3.63159180e-03 -6.25000000e-01 -5.66406250e-01 -4.51660156e-02 4.70703125e-01 4.60815430e-03 -2.21252441e-03 -1.73339844e-02 -1.02539062e-02 9.33837891e-03 -3.29589844e-03 -1.37695312e-01 -1.43554688e-01 -1.52587891e-02
1.31225586e-03 -3.49609375e-01 4.97436523e-03 4.85839844e-02 -2.80761719e-03 -1.90429688e-02 7.93457031e-03 -2.20703125e-01 5.32226562e-02 4.33593750e-01 7.81250000e-02 -3.45703125e-01 -6.07299805e-03 -8.54492188e-02 7.26318359e-03 3.20434570e-03 -1.66015625e-02 -1.80664062e-01 7.71484375e-02 4.80468750e-01 -2.42187500e-01 -2.50000000e-01 -2.51953125e-01 -7.76367188e-02 -2.41279602e-04 -3.06396484e-02 7.99560547e-03 -5.02929688e-02 -4.51660156e-02 -3.73046875e-01
-5.98907471e-04 8.97216797e-03 -8.01086426e-04 4.24194336e-03 4.34875488e-04 -1.59912109e-02 -2.24304199e-03 2.90527344e-02 2.18505859e-02 7.65625000e-01 6.79016113e-04 -2.45361328e-02 2.82287598e-03 5.95703125e-02 -4.99725342e-04 -8.60595703e-03 4.42504883e-03 3.87573242e-03 2.28271484e-02 6.17187500e-01 1.80816650e-03 1.78710938e-01 -4.66918945e-03 -4.37011719e-02 -1.52587891e-03 -2.69775391e-02 2.22778320e-03 5.90820312e-02 6.64062500e-02 -4.66796875e-01
1.09863281e-02 -2.59765625e-01 -2.24304199e-03 2.63671875e-02 -3.73840332e-03 1.93786621e-03 -4.24194336e-03 1.20605469e-01 6.09375000e-01 1.57226562e-01 6.36718750e-01 -1.90429688e-01 -1.35040283e-03 -7.14111328e-03 9.58251953e-03 7.47680664e-03 7.81250000e-03 3.24707031e-02 6.40625000e-01 2.28271484e-02 3.58886719e-02 2.39257812e-01 -6.73828125e-02 1.61132812e-02 7.23266602e-03 -7.05718994e-04 1.16729736e-03 -1.78710938e-01 -8.69140625e-02 -2.27539062e-01
7.05718994e-04 -1.52587891e-02 -1.04427338e-04 -1.79443359e-02 9.20295715e-05 6.98852539e-03 2.74658203e-03 7.93457031e-03 1.31225586e-02 6.25000000e-01 -6.46972656e-03 9.46044922e-03 -6.46972656e-03 -5.18798828e-03 1.51824951e-03 -9.72747803e-04 -5.46264648e-03 1.25122070e-03 -2.19726562e-03 4.72656250e-01 1.70135498e-03 -7.10937500e-01 1.17187500e-02 7.71484375e-02 1.46484375e-03 1.25122070e-02 1.31988525e-03 4.00390625e-02 4.39453125e-02 -5.54687500e-01
-1.31988525e-03 6.25000000e-02 -2.46582031e-02 2.69775391e-02 -3.90625000e-03 -4.00390625e-02 -3.11279297e-03 2.31445312e-01 3.98437500e-01 -3.41796875e-02 -4.90234375e-01 -8.69140625e-02 -2.61718750e-01 -6.34765625e-02 1.72119141e-02 -2.55126953e-02 -6.71386719e-03 2.96875000e-01 4.70703125e-01 1.80664062e-02 1.05468750e-01 3.20434570e-03 7.47070312e-02 -5.07812500e-02 -1.02539062e-02 -4.56542969e-02 -1.61132812e-02 -4.90722656e-02 -9.08203125e-02 -9.86328125e-02
1.07421875e-02 2.98828125e-01 1.96838379e-03 6.49414062e-02 4.29153442e-04 -3.80859375e-02 -3.35693359e-04 -2.37304688e-01 -4.57031250e-01 5.12695312e-02 5.66406250e-01 2.94921875e-01 -1.55029297e-02 -2.75878906e-02 8.60595703e-03 -2.75878906e-02 -3.03649902e-03 -1.89453125e-01 -4.88281250e-01 1.45263672e-02 4.10156250e-01 2.27050781e-02 -3.29589844e-02 -6.86645508e-03 4.66918945e-03 -4.27246094e-02 1.07421875e-02 -1.66015625e-01 -9.22851562e-02 -2.57812500e-01
7.03125000e-02 9.86328125e-02 2.17285156e-02 2.62451172e-02 -6.25610352e-03 1.69677734e-02 -8.85009766e-03 4.33593750e-01 3.63769531e-02 -3.73535156e-02 -5.97656250e-01 -1.07910156e-01 -2.26562500e-01 -1.09863281e-02 1.22680664e-02 -1.01318359e-02 2.94189453e-02 4.00390625e-01 7.17773438e-02 -4.90722656e-02 -1.08398438e-01 -3.85742188e-02 -2.60009766e-02 -7.37304688e-02 2.92968750e-03 3.54003906e-02 2.57873535e-03 -1.51367188e-01 2.61230469e-02 -1.25976562e-01
-5.67626953e-03 3.61328125e-02 1.88827515e-04 -3.73535156e-02 -3.35693359e-03 4.00390625e-02 -2.10571289e-03 -5.39062500e-01 5.03906250e-01 1.66015625e-01 -2.15820312e-01 -1.63574219e-02 2.20947266e-02 5.85937500e-03 4.08935547e-03 2.94189453e-02 9.15527344e-04 -4.31640625e-01 4.53125000e-01 -7.62939453e-03 6.17675781e-02 1.28784180e-02 -4.94384766e-03 3.75976562e-02 -9.84191895e-04 5.98144531e-02 -4.42504883e-03 -9.17968750e-02 -8.69140625e-02 -1.67968750e-01
6.33239746e-04 -1.04980469e-02 -4.42504883e-03 5.85937500e-03 1.01318359e-02 1.85546875e-01 -5.85937500e-03 1.59912109e-02 6.34765625e-03 -5.51757812e-02 5.61523438e-03 2.09960938e-02 8.85009766e-03 -1.52587891e-02 1.97753906e-02 -6.52343750e-01 1.21459961e-02 -2.80761719e-02 -2.22778320e-03 -3.69262695e-03 5.43212891e-03 1.87988281e-02 -1.13525391e-02 -4.93164062e-02 -7.77343750e-01 -1.59179688e-01 2.52685547e-02 -1.24511719e-01 -1.40625000e-01 -1.62109375e-01
-3.21960449e-03 2.63671875e-01 4.57763672e-03 1.90429688e-01 1.49536133e-03 1.14746094e-02 9.21630859e-03 -4.05273438e-02 -3.00292969e-02 2.55859375e-01 1.86767578e-02 4.02343750e-01 2.42187500e-01 2.55859375e-01 -2.09960938e-02 -4.05883789e-03 -7.87353516e-03 7.99560547e-03 3.63159180e-03 2.51953125e-01 2.73437500e-02 -4.66796875e-01 6.48437500e-01 1.65039062e-01 -2.01416016e-02 2.12402344e-02 -2.70080566e-03 1.70898438e-02 1.17675781e-01 4.98046875e-02
-5.31005859e-03 -3.14453125e-01 3.34167480e-03 -4.15039062e-02 2.48718262e-03 2.05078125e-02 -7.87353516e-03 -2.19726562e-01 5.34667969e-02 4.86328125e-01 1.06445312e-01 -4.60937500e-01 4.60815430e-03 -9.03320312e-02 -2.62451172e-03 1.14746094e-02 1.77001953e-02 -2.08984375e-01 8.93554688e-02 4.29687500e-01 -2.81250000e-01 -1.81640625e-01 -2.94921875e-01 8.20312500e-02 5.55419922e-03 2.92968750e-02 -5.73730469e-03 -1.38671875e-01 -1.14257812e-01 -2.65625000e-01
-7.72094727e-03 -2.45361328e-02 -1.28784180e-02 1.90429688e-02 5.21850586e-03 6.49414062e-02 3.79943848e-03 -4.27246094e-02 1.08886719e-01 -3.01513672e-02 -1.14746094e-02 4.63867188e-02 1.95312500e-01 1.94091797e-02 7.61718750e-01 -3.45703125e-01 -8.69140625e-02 4.49218750e-02 -8.39843750e-02 -4.80957031e-02 -6.59179688e-03 -3.78417969e-02 5.90820312e-02 -2.36816406e-02 -4.24804688e-02 -2.33398438e-01 -1.81579590e-03 -1.90429688e-01 -2.25585938e-01 -2.53906250e-01
-4.21142578e-03 -2.40234375e-01 -9.76562500e-04 1.59912109e-02 4.42504883e-03 4.69970703e-03 -1.22070312e-03 6.13281250e-01 1.38671875e-01 1.30859375e-01 1.38671875e-01 -1.98242188e-01 -1.44958496e-03 7.50732422e-03 -5.43212891e-03 -3.03268433e-04 3.20434570e-03 6.17187500e-01 9.17968750e-02 -7.99560547e-03 6.32812500e-01 2.61718750e-01 -3.39355469e-02 3.19824219e-02 -5.92041016e-03 2.15148926e-03 1.08642578e-02 -8.25195312e-02 -2.02148438e-01 -2.07031250e-01
-1.87683105e-03 2.20703125e-01 3.23486328e-03 6.54296875e-02 -1.35803223e-03 -5.92041016e-03 -3.96728516e-03 4.86328125e-01 -4.60937500e-01 1.20239258e-02 4.58984375e-01 2.43164062e-01 -2.17285156e-02 -6.46972656e-03 -2.41088867e-03 -1.19018555e-02 1.01318359e-02 4.96093750e-01 -4.37500000e-01 4.42504883e-03 -5.89843750e-01 2.63671875e-01 5.49316406e-02 -4.17480469e-02 -7.56835938e-03 -1.33666992e-02 4.45556641e-03 -1.09375000e-01 -1.55273438e-01 -1.66992188e-01
2.86865234e-03 1.41601562e-01 -1.94549561e-03 1.04980469e-02 3.73840332e-03 -5.18798828e-03 -2.73132324e-03 -6.83593750e-01 4.74609375e-01 -4.39453125e-01 3.18359375e-01 9.37500000e-02 2.21252441e-03 -1.21116638e-04 2.46047974e-04 2.06298828e-02 5.73730469e-03 -6.99218750e-01 5.42968750e-01 -4.70703125e-01 -4.06250000e-01 1.06445312e-01 7.99560547e-03 -2.00195312e-02 -2.19726562e-03 -8.97216797e-03 -3.63159180e-03 -3.39355469e-02 4.98046875e-02 2.92968750e-02
-1.15203857e-03 -5.12695312e-03 2.27928162e-04 -1.19018555e-02 -9.57489014e-04 9.33837891e-03 -5.91278076e-04 -3.76953125e-01 5.74218750e-01 5.50781250e-01 -4.34875488e-04 6.13403320e-03 -3.62396240e-04 -1.98974609e-02 3.08227539e-03 8.60595703e-03 -1.48773193e-03 -3.24218750e-01 4.62890625e-01 3.86718750e-01 2.10571289e-03 1.21459961e-02 -4.30297852e-03 1.79443359e-02 1.01566315e-04 9.46044922e-03 2.19726562e-03 -6.34765625e-03 -3.17382812e-02 -3.32031250e-01
3.93676758e-03 -1.83105469e-02 3.70788574e-03 1.78222656e-02 1.03759766e-03 4.42504883e-03 2.39562988e-03 -6.40625000e-01 -7.10937500e-01 -1.10351562e-01 -5.07812500e-01 4.07714844e-02 4.85229492e-03 1.93786621e-03 5.88893890e-05 -4.05883789e-03 7.28607178e-04 -4.94140625e-01 -7.18750000e-01 -1.10351562e-01 -2.63671875e-01 6.54296875e-02 -1.69677734e-02 -3.56445312e-02 1.68609619e-03 2.44140625e-03 -2.07519531e-03 -4.00390625e-02 -8.30078125e-02 -2.63671875e-02
-3.96728516e-03 4.05883789e-03 4.48608398e-03 2.50244141e-02 -6.98852539e-03 -6.89697266e-03 -1.61132812e-01 -3.56445312e-02 -1.15966797e-02 -8.39843750e-02 -6.01196289e-03 -1.68457031e-02 -1.13525391e-02 1.94091797e-02 -4.45312500e-01 6.07299805e-03 2.34375000e-01 1.47705078e-02 2.02636719e-02 2.75878906e-02 -6.68334961e-03 3.57055664e-03 -6.40869141e-04 -6.59179688e-02 1.91650391e-02 3.24707031e-02 9.80468750e-01 -1.25976562e-01 -1.04003906e-01 -1.54296875e-01
-1.65557861e-03 2.27539062e-01 2.68554688e-03 8.74023438e-02 7.93457031e-04 -1.53808594e-02 1.32751465e-03 -6.15234375e-02 4.60937500e-01 4.41894531e-02 -6.13281250e-01 3.45703125e-01 -1.52587891e-03 -2.66113281e-02 9.65118408e-04 -1.13525391e-02 5.67626953e-03 1.02539062e-01 4.62890625e-01 -5.49316406e-03 -6.98852539e-03 1.58691406e-02 -6.00585938e-02 -2.39257812e-02 1.22680664e-02 -2.81982422e-02 5.00679016e-05 -8.74023438e-02 -1.41601562e-01 -2.67578125e-01
-3.78417969e-03 3.98437500e-01 -3.54003906e-03 4.31640625e-01 4.33349609e-03 -1.32446289e-02 3.21960449e-03 -1.64794922e-02 5.29785156e-02 4.08203125e-01 -1.13525391e-02 9.33837891e-03 1.54296875e-01 2.57812500e-01 1.52587891e-02 1.31225586e-02 1.25122070e-03 1.13525391e-02 -4.05273438e-02 3.96484375e-01 9.46044922e-03 1.80664062e-02 -5.07812500e-01 -1.18164062e-01 -7.11059570e-03 -1.06048584e-03 -4.57763672e-03 -5.85937500e-03 1.13525391e-02 -5.19531250e-01
1.44195557e-03 -2.65625000e-01 -2.89916992e-03 2.29492188e-02 5.92041016e-03 -2.53295898e-03 1.31225586e-03 -3.10546875e-01 -6.01562500e-01 1.30859375e-01 -6.21093750e-01 -1.92382812e-01 4.57763672e-03 -1.37329102e-02 -5.79833984e-03 1.09863281e-02 -6.50024414e-03 -2.75390625e-01 -5.85937500e-01 1.34887695e-02 -2.79296875e-01 2.63671875e-01 -4.61425781e-02 2.35595703e-02 -2.47192383e-03 -6.34765625e-03 1.01470947e-03 -1.69921875e-01 -1.37695312e-01 -1.98242188e-01
