[INFO] [1758695682.492710063] [moveit_rdf_loader.rdf_loader]: Loaded robot model in 0.00577615 seconds
[INFO] [1758695682.492776519] [moveit_robot_model.robot_model]: Loading robot model 'husky_fr3'...
[WARN] [1758695682.500266767] [moveit_robot_model.robot_model]: Link camera_base has visual geometry but no collision geometry. Collision geometry will be left empty. Fix your URDF file by explicitly specifying collision geometry.
[WARN] [1758695682.500301028] [moveit_robot_model.robot_model]: Link top_chassis_link has visual geometry but no collision geometry. Collision geometry will be left empty. Fix your URDF file by explicitly specifying collision geometry.
[ERROR] [1758695682.500544054] [moveit_robot_model.robot_model]: Group 'fr3' was specified as parent group for end-effector 'franka_hand' but it does not include the parent link 'fr3_link8'
[WARN] [1758695682.500552950] [moveit_robot_model.robot_model]: Could not identify parent group for end-effector 'franka_hand'
[INFO] [1758695682.509534692] [moveit_rdf_loader.rdf_loader]: Loaded robot model in 0.000989351 seconds
[INFO] [1758695682.509542495] [moveit_robot_model.robot_model]: Loading robot model 'husky_fr3'...
[WARN] [1758695682.511453823] [moveit_robot_model.robot_model]: Link camera_base has visual geometry but no collision geometry. Collision geometry will be left empty. Fix your URDF file by explicitly specifying collision geometry.
[WARN] [1758695682.511466839] [moveit_robot_model.robot_model]: Link top_chassis_link has visual geometry but no collision geometry. Collision geometry will be left empty. Fix your URDF file by explicitly specifying collision geometry.
[ERROR] [1758695682.511553861] [moveit_robot_model.robot_model]: Group 'fr3' was specified as parent group for end-effector 'franka_hand' but it does not include the parent link 'fr3_link8'
[WARN] [1758695682.511556676] [moveit_robot_model.robot_model]: Could not identify parent group for end-effector 'franka_hand'
[WARN] [1758695682.512212233] [moveit_ros.robot_model_loader]: No kinematics plugins defined. Fill and load kinematics.yaml!
[INFO] [1758695682.514439049] [moveit_ros.planning_scene_monitor.planning_scene_monitor]: Publishing maintained planning scene on '/planning_scene'
[INFO] [1758695682.514479087] [moveit_ros.planning_scene_monitor.planning_scene_monitor]: Starting planning scene monitor
[INFO] [1758695682.514760264] [moveit_ros.planning_scene_monitor.planning_scene_monitor]: Listening to '/planning_scene'
[INFO] [1758695682.514766053] [moveit_ros.planning_scene_monitor.planning_scene_monitor]: Updating internal planning scene state at most every 0.010000 seconds
link: base_link
link: base_footprint
link: default_mount
link: front_bumper_mount
link: front_left_wheel
link: front_right_wheel
link: fr3_base
link: fr3_link0
link: fr3_link1
link: fr3_link2
link: fr3_link3
link: fr3_link4
link: fr3_link5
link: fr3_link6
link: fr3_link7
link: fr3_link8
link: fr3_hand
link: fr3_leftfinger
link: fr3_rightfinger
link: fr3_hand_tcp
link: rgb_camera_link
link: depth_camera_link
link: camera_base
link: imu_camera_link
link: inertial_link
link: rear_bumper_mount
link: rear_left_wheel
link: rear_right_wheel
link: top_chassis_link
link: top_structure_link
Franka Panda Robot Model is loaded!
Franka Panda Robot Model is loaded!
Default initialization of bounds
Default initialization of model params
bounds initialized
Available cores: 28
Default threads: 28
Updated threads: 27
Franka Panda Robot Model is loaded!
Franka Panda Robot Model is loaded!
bounds initialized
param values:
	desired_s_velocity: 0.1
	tol_envcol: 1
	tol_selcol: 1
	tol_sing: 0.018
cost values:
	qC: 1000
	qCNmult: 10
	qL: 500
	qOri: 100
	qSing: 1
	qVs: 10
	rdVs: 0.1
	rddq: 50
	rdq: 0.002
bounds values:
normalization values:
sqp values:
====================================================================
[MPC] Generating a new initial guess based on maximum deceleration.
----------------------------------------------------
Step 0 - Current Input: [0.000000, 0.000000, 0.000000, 0.000000, 0.000000, 0.000000, 0.000000, 0.000000], ddq: [0.000000, 0.000000, 0.000000, 0.000000, 0.000000, 0.000000, 0.000000], dVs: [0.000000]
Step 0 - Current State: [q: 0.000000, 0.000000 0.000000 -1.570796 0.000000 1.570796 0.785398, s: 0.000000, vs: 0.000000]
Next State: [q: 0.000000, 0.000000 0.000000 -1.570796 0.000000 1.570796 0.785398, s: 0.000000, vs: 0.000000]
----------------------------------------------------
----------------------------------------------------
Step 1 - Current Input: [0.000000, 0.000000, 0.000000, 0.000000, 0.000000, 0.000000, 0.000000, 0.000000], ddq: [0.000000, 0.000000, 0.000000, 0.000000, 0.000000, 0.000000, 0.000000], dVs: [0.000000]
Step 1 - Current State: [q: 0.000000, 0.000000 0.000000 -1.570796 0.000000 1.570796 0.785398, s: 0.000000, vs: 0.000000]
Next State: [q: 0.000000, 0.000000 0.000000 -1.570796 0.000000 1.570796 0.785398, s: 0.000000, vs: 0.000000]
----------------------------------------------------
----------------------------------------------------
Step 2 - Current Input: [0.000000, 0.000000, 0.000000, 0.000000, 0.000000, 0.000000, 0.000000, 0.000000], ddq: [0.000000, 0.000000, 0.000000, 0.000000, 0.000000, 0.000000, 0.000000], dVs: [0.000000]
Step 2 - Current State: [q: 0.000000, 0.000000 0.000000 -1.570796 0.000000 1.570796 0.785398, s: 0.000000, vs: 0.000000]
Next State: [q: 0.000000, 0.000000 0.000000 -1.570796 0.000000 1.570796 0.785398, s: 0.000000, vs: 0.000000]
----------------------------------------------------
----------------------------------------------------
Step 3 - Current Input: [0.000000, 0.000000, 0.000000, 0.000000, 0.000000, 0.000000, 0.000000, 0.000000], ddq: [0.000000, 0.000000, 0.000000, 0.000000, 0.000000, 0.000000, 0.000000], dVs: [0.000000]
Step 3 - Current State: [q: 0.000000, 0.000000 0.000000 -1.570796 0.000000 1.570796 0.785398, s: 0.000000, vs: 0.000000]
Next State: [q: 0.000000, 0.000000 0.000000 -1.570796 0.000000 1.570796 0.785398, s: 0.000000, vs: 0.000000]
----------------------------------------------------
----------------------------------------------------
Step 4 - Current Input: [0.000000, 0.000000, 0.000000, 0.000000, 0.000000, 0.000000, 0.000000, 0.000000], ddq: [0.000000, 0.000000, 0.000000, 0.000000, 0.000000, 0.000000, 0.000000], dVs: [0.000000]
Step 4 - Current State: [q: 0.000000, 0.000000 0.000000 -1.570796 0.000000 1.570796 0.785398, s: 0.000000, vs: 0.000000]
Next State: [q: 0.000000, 0.000000 0.000000 -1.570796 0.000000 1.570796 0.785398, s: 0.000000, vs: 0.000000]
----------------------------------------------------
----------------------------------------------------
Step 5 - Current Input: [0.000000, 0.000000, 0.000000, 0.000000, 0.000000, 0.000000, 0.000000, 0.000000], ddq: [0.000000, 0.000000, 0.000000, 0.000000, 0.000000, 0.000000, 0.000000], dVs: [0.000000]
Step 5 - Current State: [q: 0.000000, 0.000000 0.000000 -1.570796 0.000000 1.570796 0.785398, s: 0.000000, vs: 0.000000]
Next State: [q: 0.000000, 0.000000 0.000000 -1.570796 0.000000 1.570796 0.785398, s: 0.000000, vs: 0.000000]
----------------------------------------------------
----------------------------------------------------
Step 6 - Current Input: [0.000000, 0.000000, 0.000000, 0.000000, 0.000000, 0.000000, 0.000000, 0.000000], ddq: [0.000000, 0.000000, 0.000000, 0.000000, 0.000000, 0.000000, 0.000000], dVs: [0.000000]
Step 6 - Current State: [q: 0.000000, 0.000000 0.000000 -1.570796 0.000000 1.570796 0.785398, s: 0.000000, vs: 0.000000]
Next State: [q: 0.000000, 0.000000 0.000000 -1.570796 0.000000 1.570796 0.785398, s: 0.000000, vs: 0.000000]
----------------------------------------------------
----------------------------------------------------
Step 7 - Current Input: [0.000000, 0.000000, 0.000000, 0.000000, 0.000000, 0.000000, 0.000000, 0.000000], ddq: [0.000000, 0.000000, 0.000000, 0.000000, 0.000000, 0.000000, 0.000000], dVs: [0.000000]
Step 7 - Current State: [q: 0.000000, 0.000000 0.000000 -1.570796 0.000000 1.570796 0.785398, s: 0.000000, vs: 0.000000]
Next State: [q: 0.000000, 0.000000 0.000000 -1.570796 0.000000 1.570796 0.785398, s: 0.000000, vs: 0.000000]
----------------------------------------------------
----------------------------------------------------
Step 8 - Current Input: [0.000000, 0.000000, 0.000000, 0.000000, 0.000000, 0.000000, 0.000000, 0.000000], ddq: [0.000000, 0.000000, 0.000000, 0.000000, 0.000000, 0.000000, 0.000000], dVs: [0.000000]
Step 8 - Current State: [q: 0.000000, 0.000000 0.000000 -1.570796 0.000000 1.570796 0.785398, s: 0.000000, vs: 0.000000]
Next State: [q: 0.000000, 0.000000 0.000000 -1.570796 0.000000 1.570796 0.785398, s: 0.000000, vs: 0.000000]
----------------------------------------------------
----------------------------------------------------
Step 9 - Current Input: [0.000000, 0.000000, 0.000000, 0.000000, 0.000000, 0.000000, 0.000000, 0.000000], ddq: [0.000000, 0.000000, 0.000000, 0.000000, 0.000000, 0.000000, 0.000000], dVs: [0.000000]
Step 9 - Current State: [q: 0.000000, 0.000000 0.000000 -1.570796 0.000000 1.570796 0.785398, s: 0.000000, vs: 0.000000]
Next State: [q: 0.000000, 0.000000 0.000000 -1.570796 0.000000 1.570796 0.785398, s: 0.000000, vs: 0.000000]
----------------------------------------------------
====================================================================
BEFORE initial_guess_[0].uk: [0.000000, 0.000000, 0.000000, 0.000000, 0.000000, 0.000000, 0.000000, 0.000000]
Initialization finished.
Allocations finished.
Setup successful.
Solver is ready.
Starting solver...
Solver initialization verified.
Solver finished.
===== SQP Iteration: 0 =====
step_ (179 x 1): 
 3.14364e-05  2.25621e-06  3.14458e-05 -1.89058e-06  1.09902e-05 -1.97072e-06 -5.19296e-05 -3.68791e-05 -2.96822e-06 -5.37415e-05 -2.70253e-05 -5.42387e-05 -3.64528e-05  2.40037e-05  1.47432e-05 -0.000276701  5.59204e-05   0.00718802  -0.00016056 -5.70548e-05 -0.000161612 -6.97877e-05  2.79383e-05   3.2022e-05  -0.00051308  0.000179693    0.0134477 -0.000287751 -8.79704e-05  -0.00028942 -0.000101739  2.28663e-05  4.97906e-05 -0.000760134  0.000329205    0.0188474 -0.000433194 -0.000119632 -0.000435556 -0.000132608  9.40609e-06  6.77607e-05  -0.00101611  0.000501834    0.0234489 -0.000595247 -0.000152045 -0.000598359 -0.000162436   -1.166e-05  8.59041e-05  -0.00127833  0.000695492    0.0273046 -0.000772686  -0.00018541 -0.000776608 -0.000190926 -3.93958e-05  0.000104478  -0.00154333  0.000908551    0.0304582 -0.000964554 -0.000220061 -0.000969344 -0.000217575 -7.27766e-05  0.000123909  -0.00180711   0.00113968    0.0329453  -0.00116994 -0.000256293  -0.00117566 -0.000241972 -0.000110816  0.000144562  -0.00206566   0.00138759     0.034793  -0.00138764 -0.000294095  -0.00139437 -0.000264264 -0.000152627  0.000166414  -0.00231552   0.00165073    0.0360207  -0.00161562 -0.000332898  -0.00162343 -0.000285518 -0.000197389  0.000188756   -0.0025544   0.00192669    0.0366398   -0.0228263  -0.00264455   -0.0228938  -0.00440132  -0.00203497   0.00277707   -0.0191606      0.14389   -0.0229717  -0.00266413   -0.0230478  -0.00433814  -0.00210856   0.00277685   -0.0203884      0.12527   -0.0232359  -0.00268932   -0.0233204  -0.00425778  -0.00223674     0.002775   -0.0215141      0.10807   -0.0235714  -0.00271965   -0.0236644  -0.00416529  -0.00239946   0.00277401   -0.0225167    0.0920982   -0.0239396  -0.00275582    -0.024041   -0.0040643  -0.00257927   0.00277616   -0.0233761     0.077173   -0.0243079  -0.00279889   -0.0244176  -0.00395783  -0.00276059   0.00278326   -0.0240761    0.0631209   -0.0246466  -0.00284958   -0.0247645  -0.00384904  -0.00292916   0.00279621   -0.0246075    0.0497757   -0.0249266  -0.00290721   -0.0250526  -0.00374232  -0.00307155   0.00281458   -0.0249708    0.0369758    -0.025116  -0.00296828   -0.0252501  -0.00364479  -0.00317489   0.00283592   -0.0251804    0.0245622   -0.0251772  -0.00302462   -0.0253192   -0.0035682  -0.00322673   0.00285487   -0.0252671    0.0123762
========================================
primal_step_norm FAILED
Initialization finished.
Allocations finished.
Setup successful.
Solver is ready.
Starting solver...
Solver initialization verified.
Solver finished.
===== SQP Iteration: 1 =====
step_ (179 x 1): 
 3.81547e-06  1.32536e-05  3.43839e-06 -2.10785e-05  1.37798e-05 -6.88426e-06  1.08581e-05  1.97763e-05 -2.54226e-06 -6.13275e-05  7.56766e-06  -6.3688e-05 -4.11357e-05 -4.88858e-05  -1.6043e-06  7.38771e-05  8.95478e-07  -0.00194914 -0.000124733  3.35036e-07 -0.000133006 -6.02506e-05 -0.000125458  3.77249e-06  9.34882e-05 -2.41989e-05  -0.00397276 -0.000192758 -1.11262e-05  -0.00021077 -7.70121e-05 -0.000221118  9.80965e-06  7.47653e-05 -6.35459e-05  -0.00596599 -0.000263965 -2.98314e-05 -0.000295544 -8.95217e-05 -0.000337086  1.73897e-05  2.16191e-05 -0.000116875   -0.0078452  -0.00033561 -5.86186e-05 -0.000384442 -9.63096e-05 -0.000473168  2.71762e-05 -6.33187e-05 -0.000185046  -0.00954545 -0.000404358 -9.95547e-05  -0.00047399 -9.63687e-05   -0.0006285  3.94584e-05 -0.000178149 -0.000270282   -0.0110135 -0.000467963 -0.000152602 -0.000561542 -8.98151e-05 -0.000801982  5.38729e-05 -0.000320411 -0.000374025   -0.0122032 -0.000525471 -0.000215976 -0.000645378 -7.76795e-05 -0.000991681  6.97345e-05 -0.000487189 -0.000496339   -0.0130752 -0.000576185 -0.000286924 -0.000724135 -6.12309e-05  -0.00119415  8.66064e-05 -0.000675506 -0.000635356   -0.0135879 -0.000616765 -0.000362544 -0.000793656 -4.12624e-05  -0.00140288  0.000104754  -0.00088209 -0.000783098   -0.0137157  0.000123369   -0.0012632 -9.16847e-05  -0.00034841  -0.00568831    0.0013622  3.60936e-06   -0.0389415 -0.000633859  -0.00142813  -0.00137252 -9.71559e-05  -0.00759764   0.00147166  -0.00487386   -0.0404836  -0.00164406  -0.00182266  -0.00290154  0.000377632  -0.00990811    0.0016665  -0.00917592   -0.0398728  -0.00253515  -0.00245131   -0.0043066   0.00108054   -0.0123645   0.00195427   -0.0129571   -0.0375887  -0.00299264  -0.00331834  -0.00527313   0.00201541   -0.0147525   0.00234259   -0.0162856   -0.0340062  -0.00295568  -0.00435711  -0.00572532   0.00311412   -0.0169512   0.00279421   -0.0191456   -0.0293593  -0.00273101  -0.00538838  -0.00593163   0.00419468   -0.0189426   0.00321358   -0.0214064   -0.0237901  -0.00254872  -0.00626266  -0.00609086   0.00510569   -0.0206644   0.00353633   -0.0230086   -0.0174357  -0.00248954  -0.00688286  -0.00626459   0.00574947   -0.0219789   0.00374541   -0.0239932   -0.0102513   -0.0025002  -0.00720211    -0.006392   0.00607981   -0.0227061   0.00385049    -0.024454   -0.0025563
========================================
primal_step_norm SUCCESS
SOLVED , sqp_iter_: 1
AFTER initial_guess_[0].uk: [-0.049379, -0.008499, -0.049994, -0.010331, -0.020158, 0.010803, -0.050000, 0.524741]
BEFORE initial_guess_[0].uk: [-0.051342, -0.008901, -0.053114, -0.009647, -0.025333, 0.011089, -0.065935, 0.423932]
Initialization finished.
Allocations finished.
Setup successful.
Solver is ready.
Starting solver...
Solver initialization verified.
Solver finished.
===== SQP Iteration: 0 =====
step_ (179 x 1): 
  6.7015e-05  6.50056e-06  6.79818e-05 -1.85191e-05  5.39645e-05 -7.32083e-06 -1.13514e-05  9.72128e-05 -4.23148e-06  5.92897e-05 -2.23524e-05   6.1901e-05  3.33101e-05  9.50582e-05  6.79125e-06 -6.95286e-05  0.000110764   0.00263902  0.000112615 -1.70737e-05  0.000119831  4.13051e-05  0.000198863  4.74721e-06 -0.000119234  0.000168105   0.00522137    0.0001732 -3.81983e-06  0.000188487  4.78217e-05  0.000321711  1.27334e-06 -0.000136763  0.000235653   0.00767173  0.000239604  2.07552e-05  0.000266792  5.05234e-05  0.000462989 -5.03878e-06  -0.00012484  0.000311738   0.00992922  0.000307212  5.94062e-05   0.00034891  4.67756e-05  0.000621532 -1.52274e-05 -8.90697e-05  0.000401072    0.0119442  0.000372287   0.00011207  0.000431822  3.66318e-05  0.000796053 -2.88988e-05 -3.24307e-05  0.000506228    0.0136748    0.0004334  0.000176302  0.000514231  2.21286e-05  0.000984797 -4.45275e-05  4.41883e-05  0.000627251    0.0150867  0.000490257  0.000248029  0.000592546  6.63056e-06   0.00118511 -6.01054e-05  0.000138864  0.000763111     0.016144  0.000268357  0.000208582  0.000362052 -8.36597e-06   0.00113871 -3.39095e-05 -0.000197901   0.00103632    0.0173193  0.000245912  0.000294505  0.000362886 -3.80304e-05   0.00132688  -5.3362e-05 -7.67862e-05   0.00109125    0.0174176   0.00173291  0.000756394   0.00163559  0.000245541   0.00675936 -0.000359591  -0.00742473    0.0527246   0.00308829   0.00145394   0.00350403 -0.000333773   0.00959502 -0.000613815  -0.00261762    0.0516803   0.00433408   0.00236682   0.00525889  -0.00114426    0.0125364 -0.000953917   0.00157749    0.0490407   0.00510824    0.0035057   0.00653941  -0.00219615    0.0153449  -0.00139171   0.00524704    0.0451813   0.00532158   0.00480497   0.00724301  -0.00342232    0.0178939  -0.00188853   0.00836555    0.0403283   0.00531001   0.00606647   0.00766389  -0.00462103    0.0201607  -0.00234758    0.0107992    0.0346365   0.00528223   0.00713818   0.00798011  -0.00563772    0.0220804  -0.00270308    0.0124933    0.0282582   0.00529652     0.007918   0.00823129  -0.00636869    0.0235151  -0.00293586    0.0135034    0.0211644    0.0052746   0.00835125   0.00833189  -0.00675872    0.0242871  -0.00305289    0.0139481    0.0136962    0.0052188   0.00837471   0.00827598  -0.00674429    0.0242738  -0.00304321    0.0139109   0.00196077
========================================
primal_step_norm SUCCESS
SOLVED , sqp_iter_: 0
AFTER initial_guess_[0].uk: [-0.047573, -0.007256, -0.049557, -0.009113, -0.007691, 0.010150, -0.085313, 0.687555]
BEFORE initial_guess_[0].uk: [-0.047397, -0.006651, -0.049412, -0.009165, -0.006655, 0.009990, -0.086933, 0.599387]
Initialization finished.
Allocations finished.
Setup successful.
Solver is ready.
Starting solver...
Solver initialization verified.
Solver finished.
===== SQP Iteration: 0 =====
step_ (179 x 1): 
 0.000101578  2.10755e-06  0.000101759 -2.40969e-05  6.76298e-05  2.79812e-06 -3.83515e-06  0.000168217  1.19833e-05 -1.21985e-05 -7.85137e-06 -1.49245e-05 -3.73674e-07 -1.86077e-05  2.01983e-05 -1.80743e-05  2.06647e-05  0.000447513 -1.89338e-05 -1.18568e-05 -2.18217e-05  -6.6904e-06 -1.32046e-05   2.5422e-05 -5.25882e-05  2.69926e-05  0.000876267 -3.01798e-05 -1.78278e-05 -3.33605e-05 -1.19203e-05 -8.59112e-06  3.09997e-05 -8.30379e-05  3.91601e-05   0.00130773 -4.43825e-05 -2.40331e-05 -4.69658e-05 -1.67647e-05 -4.44665e-06  3.71194e-05 -0.000107479  5.43826e-05     0.001744 -5.88819e-05 -2.92052e-05 -6.11484e-05 -2.19497e-05 -2.83696e-07  4.39417e-05  -0.00012893  7.01285e-05   0.00218744 -7.21303e-05  -3.2266e-05 -7.53568e-05 -2.84531e-05  4.37392e-06  5.10134e-05 -0.000152927  8.50791e-05   0.00264114 -8.35616e-05  -3.2108e-05 -8.62673e-05 -3.77522e-05  8.82088e-06  5.72959e-05 -0.000183931  9.71649e-05   0.00310884 -9.06191e-05 -2.81633e-05 -9.19804e-05 -5.07303e-05  1.04596e-05   6.2024e-05 -0.000222928  0.000104221    0.0035952 -0.000326558 -6.40123e-05 -0.000335126 -7.38228e-05 -3.91449e-05  9.56198e-05 -0.000594807  0.000393785   0.00469541  -0.00040469  -8.3965e-05 -0.000412965 -5.16899e-05  -7.6547e-05  0.000112485  -0.00063076  0.000296079   0.00465608 -0.000705006  8.60524e-05 -0.000601337   0.00015778  0.000100541 -0.000332782  -0.00453303   0.00820393 -0.000835198 -0.000165251  -0.00071322  0.000187697 -0.000240235 -0.000278046  -0.00406186   0.00826508 -0.000901561 -0.000389965 -0.000764362  0.000224205  -0.00050805 -0.000229683  -0.00365343   0.00834204 -0.000901074 -0.000590538 -0.000753278  0.000268859 -0.000707991 -0.000190443  -0.00331305    0.0084633  -0.00088688 -0.000750177 -0.000729655  0.000303541 -0.000846213  -0.00016206   -0.0030446   0.00863866 -0.000862092 -0.000869621 -0.000697187  0.000328136 -0.000930852 -0.000145334  -0.00285049   0.00887864 -0.000831791 -0.000949577 -0.000661385   0.00034249 -0.000972728 -0.000140013  -0.00273001   0.00919722 -0.000804909 -0.000992268 -0.000631347  0.000347975 -0.000985688 -0.000143826  -0.00267643   0.00960922 -0.000795193  -0.00100616 -0.000621012  0.000352249 -0.000987164 -0.000150257  -0.00267258    0.0101395 -0.000821482   -0.0010042 -0.000647095  0.000366223  -0.00099633 -0.000146295   -0.0026856 -0.000842958
========================================
primal_step_norm SUCCESS
SOLVED , sqp_iter_: 0
AFTER initial_guess_[0].uk: [-0.048930, -0.006464, -0.050719, -0.008822, -0.006393, 0.009122, -0.098764, 0.640406]
BEFORE initial_guess_[0].uk: [-0.049172, -0.006458, -0.050950, -0.008790, -0.006441, 0.009125, -0.099071, 0.559077]
Initialization finished.
Allocations finished.
Setup successful.
Solver is ready.
Starting solver...
Solver initialization verified.
Solver finished.
===== SQP Iteration: 0 =====
step_ (179 x 1): 
 0.000115963   5.8766e-06  0.000117132 -2.17462e-05  6.79201e-05  6.25231e-06  2.39776e-08  0.000202026  8.15478e-06 -1.99607e-05   1.8901e-05 -1.72896e-05  2.70139e-05 -2.13937e-05 -1.06998e-06 -1.82478e-05  2.63531e-05  0.000322004 -3.13372e-05   3.1352e-05 -2.71916e-05  3.35729e-05 -1.18282e-05 -2.75782e-06 -5.58435e-05  3.65836e-05   0.00066245 -4.42094e-05   4.1796e-05 -3.85779e-05  4.23907e-05  3.85418e-07 -5.13363e-06 -9.34888e-05  4.79674e-05   0.00100941 -5.87274e-05   5.0829e-05 -5.16015e-05  5.22682e-05  1.78465e-05 -9.64262e-06 -0.000131327  6.01078e-05   0.00136642 -7.22786e-05  5.85428e-05 -6.35967e-05  6.25015e-05  4.25229e-05 -1.75995e-05 -0.000174077  6.95004e-05   0.00173721 -8.10627e-05  6.55562e-05 -7.08937e-05  7.13627e-05  7.53035e-05  -3.0876e-05 -0.000228287  7.15982e-05   0.00212573 -8.19183e-05  7.53296e-05 -7.02133e-05  7.31442e-05  0.000114225 -5.26549e-05 -0.000299296  6.30739e-05   0.00253639  -7.5098e-05  9.39686e-05 -6.20167e-05  5.95502e-05  0.000154068 -8.54113e-05 -0.000385705  4.57397e-05   0.00297402 -0.000314619  6.94668e-05 -0.000307149  4.27386e-05  0.000136183 -6.87099e-05 -0.000833465  0.000331519   0.00399309 -0.000397992  6.75125e-05 -0.000389778  8.20444e-05  0.000131538 -5.45262e-05 -0.000906606  0.000194076     0.003956 -0.000877189  0.000766336 -0.000761827   0.00052824   0.00188758  -0.00113908  -0.00497324    0.0067985 -0.000888952  0.000812354 -0.000772212  0.000555671   0.00193896  -0.00115858  -0.00500508   0.00685749 -0.000901911  0.000860939 -0.000783965  0.000584819   0.00198976  -0.00118033  -0.00504014   0.00698233 -0.000913685  0.000911077 -0.000794701   0.00061412   0.00204021  -0.00120385   -0.0050809   0.00717636 -0.000923179  0.000960927 -0.000803321  0.000642176   0.00208995  -0.00122842  -0.00512798   0.00744377 -0.000930515   0.00100842 -0.000809942  0.000667495   0.00213749  -0.00125289  -0.00518006   0.00778986 -0.000937185   0.00105158 -0.000816047   0.00068863   0.00217956  -0.00127537  -0.00523357   0.00822182 -0.000946687   0.00108808 -0.000825122  0.000705307    0.0022103  -0.00129251  -0.00528173   0.00874819 -0.000965768   0.00111047 -0.000843896  0.000723873   0.00222055  -0.00129694  -0.00531276   0.00936932 -0.000993302   0.00111821  -0.00087123  0.000745671    0.0022159  -0.00129213  -0.00532831 -0.000797341
========================================
primal_step_norm SUCCESS
SOLVED , sqp_iter_: 0
AFTER initial_guess_[0].uk: [-0.051079, -0.004792, -0.052607, -0.007641, -0.001515, 0.006152, -0.112051, 0.593069]
BEFORE initial_guess_[0].uk: [-0.051362, -0.004668, -0.052877, -0.007537, -0.001451, 0.006104, -0.112421, 0.517738]
Initialization finished.
Allocations finished.
Setup successful.
Solver is ready.
Starting solver...
Solver initialization verified.
Solver finished.
===== SQP Iteration: 0 =====
step_ (179 x 1): 
 0.000108739  1.24933e-05  0.000105386   -3.507e-05  5.56531e-05 -8.05751e-06  1.85702e-05  0.000206103  -5.9974e-06 -3.62816e-05 -1.75872e-06 -8.43493e-05  8.50734e-06 -1.33718e-05 -1.35188e-05 -0.000112584  7.25073e-05   0.00021497 -6.59208e-05 -4.55814e-06 -0.000158209  5.67268e-06 -1.29781e-06 -7.49572e-06 -0.000250865  0.000130064  0.000456229 -9.54244e-05 -6.29718e-06 -0.000232789  -1.7838e-06  6.00012e-06 -1.44365e-06 -0.000389174  0.000188997  0.000707355 -0.000127089 -8.11512e-06 -0.000310232 -1.20491e-05  5.44091e-06  6.16193e-06 -0.000523467  0.000252605  0.000973715  -0.00016451 -1.07344e-05  -0.00039405 -2.33473e-05 -4.18693e-06  1.70209e-05 -0.000647429   0.00032532   0.00126058 -0.000210479 -1.78786e-05 -0.000486906 -2.92511e-05 -2.01168e-05  3.47762e-05  -0.00075633  0.000409726   0.00157284 -0.000261145 -3.50519e-05 -0.000585147  -2.1986e-05 -3.66573e-05  6.17415e-05 -0.000856832  0.000499853    0.0019149 -0.000304445 -4.77095e-05 -0.000676421 -3.03727e-05 -4.86807e-05  7.47463e-05 -0.000970888  0.000580899   0.00229169 -0.000588628 -8.83991e-05  -0.00101445 -4.93359e-05 -8.13775e-05  0.000107231  -0.00153609  0.000950067   0.00321861 -0.000690281 -0.000110757   -0.0011648 -4.01451e-05 -0.000112204  0.000125818  -0.00171044  0.000833396   0.00317922  -0.00494565   -0.0021255   -0.0101699   0.00560265  0.000496151   0.00430603   -0.0190154   0.00501024  -0.00472175  -0.00215756   -0.0101164   0.00564657  0.000440831   0.00430959   -0.0190285   0.00508449  -0.00445041   -0.0022319   -0.0100151   0.00574246  0.000371002   0.00432474   -0.0190701   0.00526581  -0.00411687   -0.0023442  -0.00985001   0.00588677  0.000293749   0.00435212   -0.0191368   0.00554997  -0.00371482  -0.00249078  -0.00961338   0.00607598  0.000216302    0.0043921   -0.0192225   0.00593479  -0.00323517  -0.00267263  -0.00929543   0.00631095   0.00014862   0.00444552   -0.0193211   0.00641592  -0.00265617  -0.00289643  -0.00887555   0.00659771  0.000105349   0.00451286   -0.0194324    0.0069845  -0.00194124  -0.00316509  -0.00831962   0.00693775  0.000105762    0.0045888   -0.0195689   0.00764541  -0.00142306  -0.00336419  -0.00791467   0.00719975  0.000109355   0.00464723    -0.019677   0.00841169  -0.00113809  -0.00348428  -0.00769228   0.00737006  0.000109451   0.00468892   -0.0197408 -0.000795864
========================================
primal_step_norm SUCCESS
SOLVED , sqp_iter_: 0
AFTER initial_guess_[0].uk: [-0.062118, -0.009291, -0.074997, 0.004649, -0.000156, 0.017343, -0.162051, 0.542789]
BEFORE initial_guess_[0].uk: [-0.061915, -0.009218, -0.075154, 0.004859, -0.000249, 0.017298, -0.162441, 0.473100]
Initialization finished.
Allocations finished.
Setup successful.
Solver is ready.
Starting solver...
Solver initialization verified.
Solver finished.
===== SQP Iteration: 0 =====
step_ (179 x 1): 
 9.93137e-05  1.86741e-05  9.91579e-05 -6.26209e-05  5.47816e-05 -3.47108e-06  3.14446e-05  0.000222576  5.19928e-06  2.35373e-06 -4.42142e-06  9.90231e-06 -2.04501e-06 -8.84103e-06  1.41533e-05  1.52763e-05 -4.69615e-06  0.000398959  1.27237e-05 -5.39595e-06  2.16649e-05 -8.39709e-06  -5.4726e-06  1.43806e-05  2.98364e-05 -1.83371e-05  0.000777988  2.27541e-05  -8.5502e-06  3.35425e-05 -9.33059e-06 -1.90374e-06  1.52857e-05  4.40728e-05 -3.18894e-05   0.00115535  3.16317e-05 -1.09011e-05  4.44995e-05 -7.91183e-06  2.71729e-06  1.60874e-05  5.91967e-05 -4.44839e-05   0.00153229  4.00184e-05 -1.10877e-05    5.467e-05 -5.26976e-06  9.42646e-06  1.67162e-05  7.42786e-05 -5.68186e-05   0.00191021  4.68462e-05 -8.37348e-06  6.38034e-05 -2.49325e-06  1.95254e-05  1.64289e-05  8.51392e-05 -6.84196e-05    0.0022911   5.5632e-05 -2.12287e-06  7.39799e-05 -7.99996e-07  3.36968e-05  1.35901e-05  9.17611e-05 -8.26483e-05   0.00267752  6.65434e-05   8.4437e-06  8.55387e-05 -3.13221e-06  5.05539e-05  6.08005e-06  9.26267e-05  -9.9448e-05    0.0030727 -0.000206617 -2.04193e-05 -0.000241648 -2.34037e-05   3.2043e-05  2.83507e-05 -0.000478359  0.000253969   0.00394841 -0.000293758  1.14446e-05 -0.000329074 -6.40893e-05  1.13525e-05  5.77651e-06  -0.00047266  9.58581e-05   0.00391959   0.00353878  0.000187729    0.0031169  0.000775814   0.00129459  -0.00114767   0.00151474   0.00741121   0.00347117  0.000264492   0.00318724  0.000620704    0.0013302  -0.00117296   0.00168576   0.00736738   0.00334144  0.000376346   0.00319248  0.000442966   0.00137381  -0.00120624    0.0018629   0.00734736   0.00314573    0.0005196   0.00312722  0.000245602   0.00142084  -0.00124826   0.00203813   0.00735553   0.00287788  0.000694006    0.0029847  2.82419e-05   0.00146608   -0.0013007   0.00220257   0.00739718   0.00252143  0.000905298   0.00274959 -0.000215643   0.00150214  -0.00136667   0.00234956   0.00748049   0.00205034   0.00116141   0.00239833 -0.000495068   0.00151942  -0.00144855   0.00247754   0.00761778   0.00173855   0.00135616    0.0021664 -0.000693839    0.0015424  -0.00151642   0.00255101   0.00782212   0.00159847   0.00147264   0.00206337 -0.000795479   0.00156341  -0.00156132    0.0025728   0.00810945   0.00168536   0.00146548   0.00213549 -0.000752988   0.00157702  -0.00156199   0.00254838 -0.000626558
========================================
primal_step_norm SUCCESS
SOLVED , sqp_iter_: 0
AFTER initial_guess_[0].uk: [-0.054218, -0.008810, -0.068375, 0.006547, 0.003130, 0.014303, -0.158487, 0.510156]
BEFORE initial_guess_[0].uk: [-0.054043, -0.008652, -0.068261, 0.006537, 0.003091, 0.014219, -0.158491, 0.445352]
Initialization finished.
Allocations finished.
Setup successful.
Solver is ready.
Starting solver...
Solver initialization verified.
Solver finished.
===== SQP Iteration: 0 =====
step_ (179 x 1): 
 6.72142e-05   1.7653e-05  6.59878e-05 -3.37693e-05   4.9416e-05 -1.43602e-05  2.20333e-05    0.0001411 -7.70259e-06  3.21627e-05   1.9263e-05 -1.18134e-05  0.000111841 -2.78665e-05  -2.2075e-05  -7.1029e-05 -1.20404e-05 -0.000792865  5.21646e-05  6.26861e-05 -4.70126e-05  0.000123952 -5.77635e-05 -4.29905e-05 -0.000112065  5.79462e-06  -0.00150089  7.88792e-05  0.000103383 -8.71365e-05  0.000137838 -9.17239e-05 -6.27778e-05 -0.000157055  2.14055e-05  -0.00212048  0.000111915  0.000138854 -0.000131195  0.000155212 -0.000132158 -8.15568e-05 -0.000205738   3.6913e-05   -0.0026367    0.0001542  0.000165718  -0.00017628  0.000177782 -0.000181437 -9.89337e-05 -0.000255313    4.986e-05  -0.00303521  0.000201053  0.000185439 -0.000224559  0.000204672 -0.000241191 -0.000114237 -0.000305906  6.46096e-05  -0.00330228  0.000247609  0.000200807 -0.000278674  0.000234569 -0.000310576 -0.000126584 -0.000354979   8.4851e-05  -0.00342626  0.000294944  0.000211469 -0.000336053  0.000268216 -0.000386204 -0.000135017 -0.000404894  0.000107805  -0.00339785  7.13814e-05  0.000189469 -0.000721807  0.000286392 -0.000488082 -0.000119687  -0.00103298  0.000485681  -0.00276949  3.09464e-05  0.000210169 -0.000875414  0.000284415 -0.000606688 -0.000139823  -0.00111786  0.000307813  -0.00284103  0.000476782   0.00310492  -0.00502417  -0.00167012  -0.00530108  -0.00228561  -0.00523502   -0.0152461   0.00131799   0.00307839  -0.00591805  -0.00125943  -0.00562435  -0.00221624  -0.00578375   -0.0139249   0.00219445   0.00283845  -0.00665692 -0.000616257   -0.0061162  -0.00210369  -0.00637868   -0.0121727    0.0030268   0.00249556  -0.00728918  0.000142306  -0.00673411  -0.00197614  -0.00697787   -0.0101264   0.00449956   0.00186271  -0.00720604   0.00121626  -0.00732003  -0.00176189  -0.00768959  -0.00779565   0.00562509   0.00132999  -0.00724567   0.00215968  -0.00795378  -0.00156879  -0.00834717  -0.00519284    0.0059504   0.00104451  -0.00778776   0.00275896  -0.00863923  -0.00144951  -0.00888039   -0.0023579   0.00621406  0.000790109  -0.00818434   0.00326692  -0.00922611  -0.00133738  -0.00935232   0.00066171   0.00657238   0.00054156  -0.00829387    0.0037114  -0.00964915  -0.00123534  -0.00973746   0.00386177   0.00697039  0.000340518  -0.00816036   0.00404181  -0.00986156  -0.00116167  -0.00998438  -0.00143974
========================================
primal_step_norm SUCCESS
SOLVED , sqp_iter_: 0
AFTER initial_guess_[0].uk: [-0.053006, -0.001899, -0.079189, 0.002904, -0.010745, 0.008254, -0.172154, 0.369122]
BEFORE initial_guess_[0].uk: [-0.050973, -0.001805, -0.080996, 0.003842, -0.011623, 0.008362, -0.173623, 0.315466]
Initialization finished.
Allocations finished.
Setup successful.
Solver is ready.
Starting solver...
Solver initialization verified.
Solver finished.
===== SQP Iteration: 0 =====
step_ (179 x 1): 
 4.15494e-05  2.16559e-05  4.00205e-05 -4.46642e-05  5.32505e-05 -1.82616e-05   2.5814e-05  0.000100032 -9.86316e-06  2.66085e-05  8.54018e-06 -2.55455e-05  3.26221e-05  2.80749e-05 -9.76908e-06 -5.38198e-05  -5.1828e-06  0.000771348   3.7204e-05  3.21755e-05 -6.33539e-05  4.05345e-05  6.61596e-05 -3.03307e-05 -8.43606e-05  2.39053e-06   0.00148703  4.30427e-05  5.65219e-05 -0.000102369  4.73122e-05  0.000107584 -5.10065e-05 -0.000110859  1.25065e-05   0.00214994  4.33712e-05  8.28857e-05 -0.000143674  5.19751e-05  0.000152217 -7.22007e-05 -0.000133016  2.62236e-05   0.00275672  3.95666e-05  0.000110576 -0.000186778  5.51473e-05   0.00019959 -9.37933e-05 -0.000151484  4.24453e-05   0.00330416    3.397e-05  0.000138455 -0.000230372  5.81402e-05  0.000248855 -0.000115371 -0.000167326  5.98641e-05    0.0037907  2.67558e-05  0.000166807 -0.000274789  6.11349e-05    0.0002989 -0.000136913 -0.000181305  7.85572e-05   0.00421677  1.88687e-05   0.00019528 -0.000319781   6.4636e-05  0.000348609 -0.000158378 -0.000194662  9.77585e-05   0.00458293 -0.000207068  0.000195773 -0.000747863  9.28705e-05  0.000288848  -0.00016254 -0.000843817  0.000492089   0.00525651 -0.000301918  0.000234708 -0.000881503  7.26877e-05  0.000300354 -0.000194105 -0.000861059  0.000355452   0.00525493   0.00256717   0.00149444  -0.00443513   0.00280804   0.00251144  -0.00238998  -0.00437462    0.0153697   0.00218567   0.00160964  -0.00422208   0.00259699   0.00299686  -0.00242481  -0.00404254    0.0143601   0.00211458   0.00165151  -0.00381277   0.00247353   0.00356694  -0.00242491  -0.00376541    0.0133022   0.00186949   0.00177867  -0.00363272   0.00226719   0.00410334  -0.00244948  -0.00345483    0.0121776    0.0017913   0.00185489  -0.00339336   0.00213565   0.00461052  -0.00245491  -0.00317777    0.0109883   0.00191937   0.00186159  -0.00306486   0.00211603   0.00503693  -0.00242787  -0.00295187   0.00976713   0.00192904   0.00190211  -0.00293208   0.00208676   0.00532302   -0.0024089  -0.00274697    0.0085547   0.00199331   0.00191493  -0.00284727   0.00212012    0.0054826  -0.00238027  -0.00261326   0.00735287   0.00270183   0.00170028  -0.00230045   0.00245065   0.00557647  -0.00228561  -0.00265426   0.00620941   0.00315401   0.00150777  -0.00204669   0.00276195   0.00548239  -0.00220363  -0.00279148 -4.25706e-05
========================================
primal_step_norm SUCCESS
SOLVED , sqp_iter_: 0
AFTER initial_guess_[0].uk: [-0.045389, 0.001445, -0.090642, 0.009949, -0.005068, 0.002124, -0.185041, 0.392314]
BEFORE initial_guess_[0].uk: [-0.044066, 0.001311, -0.091611, 0.010980, -0.005105, 0.002265, -0.185795, 0.339700]
Initialization finished.
Allocations finished.
Setup successful.
Solver is ready.
Starting solver...
Solver initialization verified.
Solver finished.
===== SQP Iteration: 0 =====
step_ (179 x 1): 
-5.12379e-06  2.23292e-05 -6.14561e-06 -4.29515e-05  2.75241e-05 -1.56446e-05  2.91309e-05  2.75875e-05 -1.03539e-05  5.51824e-05 -8.39725e-06 -2.75094e-05  4.81324e-05  -7.1917e-05  1.49345e-05 -4.46094e-05 -2.13019e-06 -0.000191042   0.00010396  5.79224e-06  -6.9751e-05  4.93765e-05 -0.000102141  8.79784e-06 -6.53906e-05  1.39751e-06 -0.000360282  0.000157627  1.91941e-05  -0.00011351   5.2207e-05  -0.00013292  3.11853e-06 -8.69262e-05  2.53571e-06 -0.000491718  0.000215172  3.18113e-05 -0.000159077  5.66691e-05 -0.000164547 -2.10163e-06 -0.000109349  2.83807e-06 -0.000579956   0.00027454  4.43229e-05 -0.000207599  6.19743e-05 -0.000197094 -7.22998e-06 -0.000132369  3.70259e-06 -0.000620326   0.00033584   5.6131e-05 -0.000258663  6.83212e-05 -0.000230526 -1.23776e-05 -0.000156125  5.04123e-06 -0.000608466   0.00040107  6.48105e-05 -0.000310092  7.69673e-05 -0.000264741 -1.73988e-05 -0.000181023  4.91687e-06 -0.000539216  0.000464098  7.46174e-05 -0.000366231  8.49859e-05  -0.00029985 -2.30103e-05 -0.000205668  8.78519e-06 -0.000407953  0.000302137  8.20684e-05 -0.000852376  0.000125421 -0.000402371 -3.17536e-05 -0.000886333  0.000409187  0.000152061  0.000247399  0.000109374  -0.00102941  9.75091e-05 -0.000482419 -5.30196e-05 -0.000909266  0.000228662  0.000114404   0.00570426   0.00100683  -0.00556579 -0.000164733  -0.00265509  -0.00130644  -0.00246756  -0.00397498   0.00611419     0.001162  -0.00604076 -0.000243694  -0.00278156  -0.00134179  -0.00238132  -0.00336323   0.00668297   0.00113604  -0.00631703 -0.000101817  -0.00297601   -0.0013126  -0.00238072  -0.00260773   0.00704423   0.00110218  -0.00670486  6.49998e-05  -0.00324413  -0.00127095  -0.00241342   -0.0017439   0.00716688   0.00109811  -0.00722617  0.000199768  -0.00354517  -0.00124353  -0.00246814 -0.000786108   0.00739763   0.00102721   -0.0075749  0.000414691  -0.00383024  -0.00120152   -0.0025845  0.000258978   0.00824968  0.000733875  -0.00730217  0.000890912  -0.00402827  -0.00109879  -0.00281776   0.00140725   0.00782912  0.000794304  -0.00801429  0.000918242  -0.00435606  -0.00110491  -0.00292965   0.00264883    0.0073689  0.000818506  -0.00865381  0.000968429  -0.00465475  -0.00110845  -0.00304159   0.00397898   0.00768203  0.000613176  -0.00856761   0.00129259  -0.00483935  -0.00103464  -0.00322278 -0.000764411
========================================
primal_step_norm SUCCESS
SOLVED , sqp_iter_: 0
AFTER initial_guess_[0].uk: [-0.031659, 0.003501, -0.103716, 0.010622, -0.012035, -0.001145, -0.192235, 0.319825]
BEFORE initial_guess_[0].uk: [-0.028811, 0.003294, -0.105009, 0.011964, -0.012491, -0.000952, -0.192947, 0.274864]
Initialization finished.
Allocations finished.
Setup successful.
Solver is ready.
Starting solver...
Solver initialization verified.
Solver finished.
===== SQP Iteration: 0 =====
step_ (179 x 1): 
-6.06738e-05   3.7114e-05 -6.07419e-05 -8.09803e-05  1.62635e-05 -3.70945e-05  3.89297e-05 -5.08161e-05 -1.33596e-05  9.54119e-05 -5.78846e-06 -0.000104689 -9.16452e-06   6.5348e-05 -1.67354e-05 -4.61852e-07 -7.18688e-06  0.000945037  0.000172584 -3.45493e-06 -0.000219213  -2.2203e-05  0.000147778 -2.29117e-05  1.75997e-05 -3.85605e-06   0.00180636  0.000242421 -1.36843e-06 -0.000332255 -3.38001e-05  0.000230652 -2.46084e-05  3.49579e-05  2.62666e-06   0.00258944  0.000309093 -6.11756e-07 -0.000441598  -4.3678e-05   0.00031421 -2.27309e-05  5.14458e-05  8.86893e-06   0.00329392  0.000374068 -1.06002e-07 -0.000547221 -5.31631e-05  0.000398813 -1.87547e-05  6.75481e-05  1.38904e-05   0.00391984  0.000434817   3.3301e-06  -0.00065268 -6.51737e-05   0.00048477 -1.44331e-05  8.44819e-05  2.05239e-05   0.00446663  0.000493699  8.73014e-06 -0.000757437 -7.88784e-05  0.000572387 -1.02585e-05  0.000102403  2.74846e-05   0.00493398  0.000553261  1.46297e-05 -0.000861569 -9.29876e-05  0.000661566 -6.45926e-06  0.000121555  3.35057e-05   0.00532257  0.000451559  2.62441e-05  -0.00145316 -6.35235e-05  0.000642689 -1.14945e-05 -0.000544628  0.000441604   0.00595842  0.000395075  5.23378e-05  -0.00167547 -0.000113894  0.000690358 -2.43244e-05 -0.000519465  0.000268585   0.00596489    0.0122938 -0.000903797   -0.0147139   0.00276321   0.00828721   0.00102187   0.00168863    0.0188403    0.0108985 -0.000576607   -0.0147525   0.00193329   0.00844005  0.000890909   0.00200916    0.0172945    0.0100872 -0.000361711   -0.0144114    0.0012652   0.00869536  0.000789417    0.0022465    0.0157262    0.0100252 -0.000311521   -0.0135596  0.000855314   0.00906193  0.000741991   0.00240065    0.0141492    0.0100992 -0.000254943   -0.0127371  0.000502248    0.0094438  0.000698252   0.00254938    0.0125729    0.0096958 -2.09772e-05   -0.0124819  3.67825e-06   0.00974216  0.000610601   0.00276028     0.010985   0.00968289  0.000111666   -0.0120684 -0.000294743    0.0100297  0.000565128   0.00291561   0.00938987    0.0100916  0.000123406   -0.0114792 -0.000369938    0.0102726  0.000572933     0.002986   0.00780819   0.00991839  0.000236258    -0.011529 -0.000518095    0.0103311  0.000552453   0.00305935   0.00626385    0.0100946  0.000145782   -0.0114179 -0.000376216    0.0102737  0.000592638   0.00299244  0.000115351
========================================
primal_step_norm SUCCESS
SOLVED , sqp_iter_: 0
AFTER initial_guess_[0].uk: [-0.002072, 0.001328, -0.137012, 0.017974, 0.009138, 0.001715, -0.188540, 0.369066]
BEFORE initial_guess_[0].uk: [-0.000837, 0.000956, -0.136841, 0.018535, 0.008924, 0.001912, -0.188868, 0.321010]
Initialization finished.
Allocations finished.
Setup successful.
Solver is ready.
Starting solver...
Solver initialization verified.
Solver finished.
===== SQP Iteration: 0 =====
step_ (179 x 1): 
-0.000122126  2.87851e-05 -0.000123999 -5.60515e-05 -9.44453e-06 -2.18796e-05  3.34144e-05 -0.000169793 -1.29558e-05  6.68888e-05 -2.98625e-05 -1.43872e-05  9.91225e-05 -7.30846e-05  4.61387e-05 -7.74523e-05 -1.54492e-05 -0.000474021  0.000116347 -1.30722e-05 -5.44663e-05  9.33591e-05 -0.000111925   3.9268e-05 -0.000112135 -1.25087e-05 -0.000893134  0.000169539   4.5836e-06 -9.97714e-05  8.68225e-05 -0.000150008   2.9871e-05 -0.000144166  -8.6676e-06  -0.00124185  0.000226586  1.97276e-05   -0.0001491  8.24649e-05  -0.00018846  1.98581e-05 -0.000175034 -4.48905e-06  -0.00151623  0.000283953  3.34761e-05 -0.000203771  8.03715e-05 -0.000228517  1.02942e-05 -0.000205289  2.92392e-06  -0.00171229  0.000341175  4.50643e-05  -0.00026284  8.08277e-05 -0.000271286  1.72501e-06 -0.000235956  1.35276e-05  -0.00182626  0.000398563  5.37497e-05 -0.000324164  8.39891e-05 -0.000317659 -5.52468e-06 -0.000268537  2.61582e-05  -0.00185423  0.000457002  5.93325e-05 -0.000386048  8.97741e-05 -0.000368064 -1.10808e-05 -0.000304158  3.93493e-05  -0.00179215  0.000417206  7.16242e-05  -0.00103852  0.000130632 -0.000446437 -2.02327e-05  -0.00101374  0.000460416  -0.00130496  0.000351847  9.40996e-05  -0.00123076  9.68783e-05 -0.000553095 -3.89774e-05  -0.00106383    0.0002388  -0.00134958   0.00584837   0.00140021  -0.00449276    -0.002474  -0.00459481  -0.00136531  -0.00475425  -0.00972448   0.00661178   0.00147444  -0.00507838  -0.00218921  -0.00467928  -0.00136259  -0.00475233  -0.00837225   0.00709504   0.00144603  -0.00579469  -0.00182237  -0.00489887  -0.00130818  -0.00479758  -0.00696361   0.00783193   0.00120953   -0.0061703  -0.00124307  -0.00516768  -0.00117476  -0.00496114  -0.00547594   0.00771705   0.00113791  -0.00713096 -0.000910459  -0.00559192  -0.00108109  -0.00510709  -0.00390731   0.00761502  0.000998484  -0.00792921 -0.000538046  -0.00604041 -0.000972819   -0.0053131  -0.00226184   0.00770431  0.000775395  -0.00841296 -0.000104169   -0.0064673    -0.000849  -0.00557821 -0.000537806    0.0078518  0.000526766  -0.00869392  0.000319505  -0.00685633 -0.000732408  -0.00585636   0.00126795    0.0080897  0.000290094  -0.00877152   0.00069965  -0.00717243 -0.000628466   -0.0061124   0.00317301   0.00844458  6.21057e-05  -0.00862355   0.00103752  -0.00737141 -0.000536967  -0.00631114  -0.00090546
========================================
primal_step_norm SUCCESS
SOLVED , sqp_iter_: 0
AFTER initial_guess_[0].uk: [0.011884, 0.004002, -0.146613, 0.013154, -0.003069, -0.001652, -0.201277, 0.272387]
BEFORE initial_guess_[0].uk: [0.015275, 0.003590, -0.147207, 0.014652, -0.003604, -0.001328, -0.201868, 0.234878]
Initialization finished.
Allocations finished.
Setup successful.
Solver is ready.
Starting solver...
Solver initialization verified.
Solver finished.
===== SQP Iteration: 0 =====
step_ (179 x 1): 
 -0.00019854  3.24907e-05 -0.000199939 -6.48164e-05 -3.60377e-05 -2.51647e-05  3.66089e-05 -0.000298176 -1.40008e-05   4.5666e-05  -1.0952e-05 -2.73811e-05   4.3441e-05 -3.78965e-06  7.60857e-06 -2.38966e-05 -9.36298e-06  0.000181758  7.68463e-05  3.22822e-06 -7.25363e-05  4.07856e-05   2.2793e-05 -2.75054e-06  -1.7153e-05 -7.70458e-06  0.000346113  0.000109064  1.77016e-05 -0.000117899  3.87724e-05  5.02639e-05 -1.29707e-05 -1.00915e-05 -6.10736e-06  0.000504814   0.00014101  3.26499e-05 -0.000164534    3.742e-05  7.81895e-05 -2.29622e-05 -2.73343e-06 -3.75031e-06  0.000660392  0.000172712  4.77428e-05  -0.00021259   3.6988e-05   0.00010628 -3.26032e-05  4.64067e-06 -4.51634e-07  0.000815164  0.000204132    6.281e-05 -0.000262178  3.75513e-05  0.000134284 -4.18815e-05  1.19638e-05  3.91314e-06  0.000971291  0.000235476  7.74808e-05 -0.000313188   3.9222e-05  0.000161962 -5.08152e-05  1.90762e-05  9.25011e-06   0.00113088  0.000266324  9.17996e-05 -0.000366004  4.18217e-05  0.000189022  -5.9539e-05  2.58117e-05  1.58772e-05   0.00129554  0.000261268  0.000113602  -0.00106989  9.11512e-05  0.000128561 -7.61358e-05 -0.000684975  0.000442842   0.00175244  0.000167387  0.000144986  -0.00124867  5.85258e-05   0.00010623 -9.89882e-05 -0.000679637  0.000240044   0.00173745   0.00396035  0.000759071  -0.00603494  0.000937357   0.00254626 -0.000911407   0.00028619    0.0034645    0.0044553  0.000821419  -0.00571775   0.00094073   0.00275056 -0.000964538  0.000307437   0.00332725   0.00480019   0.00087358    -0.005535  0.000953676   0.00286925  -0.00100123  0.000294389   0.00321195   0.00485823  0.000949486  -0.00559662  0.000934948   0.00291006  -0.00104235  0.000287097   0.00314759   0.00491213  0.000995685  -0.00567149   0.00095549   0.00290839  -0.00106451  0.000255956    0.0031297   0.00495421   0.00101869  -0.00576654   0.00100797   0.00286643  -0.00107089  0.000209097   0.00315543   0.00505438  0.000997789  -0.00582213   0.00111674   0.00279121  -0.00105624  0.000139972   0.00322357   0.00509202  0.000965757  -0.00593995   0.00123958   0.00266457  -0.00103183  5.99949e-05   0.00332379   0.00516837  0.000883764  -0.00602963   0.00141926   0.00249202 -0.000988412 -5.20489e-05   0.00347348   0.00551728  0.000668307  -0.00588251   0.00175014   0.00229456 -0.000902849 -0.000236562 -0.000313692
========================================
primal_step_norm SUCCESS
SOLVED , sqp_iter_: 0
AFTER initial_guess_[0].uk: [0.023889, 0.005241, -0.160333, 0.016691, 0.003042, -0.003706, -0.201121, 0.252201]
BEFORE initial_guess_[0].uk: [0.027523, 0.004816, -0.160630, 0.018343, 0.002554, -0.003385, -0.201857, 0.217550]
Initialization finished.
Allocations finished.
Setup successful.
Solver is ready.
Starting solver...
Solver initialization verified.
Solver finished.
===== SQP Iteration: 0 =====
step_ (179 x 1): 
-0.000276788  2.87691e-05  -0.00027841 -5.89688e-05 -6.39552e-05 -2.19184e-05  3.33087e-05 -0.000437362 -1.44074e-05  8.50717e-05 -2.03771e-05 -3.54565e-05  7.23212e-05 -5.41241e-05   2.0798e-05 -6.16061e-05  -1.5413e-05 -0.000208533  0.000152916 -2.27768e-06 -9.56046e-05  7.34926e-05 -7.63723e-05  1.29831e-05 -8.14131e-05 -1.69458e-05 -0.000387788  0.000224185  1.69203e-05 -0.000158033  7.39625e-05  -9.6914e-05  4.28682e-06  -9.9288e-05 -1.73309e-05 -0.000529775  0.000297702  3.59621e-05 -0.000223388  7.45591e-05 -0.000116354 -5.01473e-06 -0.000115391  -1.7815e-05 -0.000633489  0.000373189   5.3922e-05 -0.000291339  7.59907e-05 -0.000135071 -1.46268e-05 -0.000130088 -1.81277e-05 -0.000698307  0.000450412  6.99963e-05 -0.000361688  7.88539e-05 -0.000153584 -2.42714e-05 -0.000143957 -1.81114e-05 -0.000723264  0.000528334   8.4562e-05 -0.000434875  8.30438e-05 -0.000172561 -3.37825e-05  -0.00015733 -1.69146e-05 -0.000706895  0.000606305  9.78011e-05 -0.000511116  8.85416e-05 -0.000192788 -4.29694e-05 -0.000170766 -1.36744e-05 -0.000647178  0.000683348  0.000127489  -0.00129098  0.000149764 -0.000283439 -6.73796e-05 -0.000902826  0.000416695 -0.000271103  0.000630416  0.000158142  -0.00150212  0.000117127 -0.000357071 -9.14581e-05 -0.000916029  0.000201754 -0.000296437   0.00814414   0.00142045  -0.00805303 -8.41924e-05  -0.00304926  -0.00116198  -0.00210454  -0.00438257    0.0084225    0.0016179  -0.00859725 -0.000190977  -0.00291854  -0.00124883  -0.00186814  -0.00355696   0.00873586   0.00165622  -0.00904392 -0.000119944  -0.00282489  -0.00127973  -0.00169442  -0.00281279    0.0090265    0.0015942  -0.00944064   6.4112e-05  -0.00275885  -0.00127884  -0.00155946  -0.00204797   0.00928911   0.00146347  -0.00978601  0.000324733  -0.00273547   -0.0012541  -0.00147896  -0.00127037   0.00958251   0.00127042   -0.0100254  0.000654897  -0.00276103  -0.00120638  -0.00147235 -0.000473083   0.00971828    0.0011152   -0.0103356  0.000942178  -0.00287602  -0.00116025  -0.00151903  0.000353983    0.0097811  0.000979961   -0.0106401   0.00120515  -0.00308662  -0.00111022  -0.00163251    0.0012221   0.00985993  0.000834244   -0.0108618   0.00147566  -0.00335489   -0.0010506  -0.00179691   0.00216934    0.0102108  0.000590632    -0.010776   0.00185167  -0.00361778 -0.000958938  -0.00201532 -0.000520415
========================================
primal_step_norm SUCCESS
SOLVED , sqp_iter_: 0
AFTER initial_guess_[0].uk: [0.045237, 0.007905, -0.178145, 0.018160, -0.005405, -0.006418, -0.207350, 0.195638]
BEFORE initial_guess_[0].uk: [0.049767, 0.007429, -0.179032, 0.020106, -0.005933, -0.006063, -0.207916, 0.168407]
Initialization finished.
Allocations finished.
Setup successful.
Solver is ready.
Starting solver...
Solver initialization verified.
Solver finished.
===== SQP Iteration: 0 =====
step_ (179 x 1): 
-0.000392144  5.14565e-05 -0.000394111 -0.000109447 -9.56448e-05 -5.03528e-05  5.28383e-05 -0.000611462 -1.73636e-05  3.57303e-05 -2.26589e-05  -5.8313e-05 -3.98499e-05   5.0779e-05 -5.67904e-06  3.26903e-05  3.40428e-06   0.00115303  5.77053e-05  -4.3923e-05 -0.000118601  -8.1286e-05  0.000128149  3.23955e-06  7.34492e-05  8.04886e-06   0.00217378  7.53102e-05 -6.87651e-05 -0.000172215 -0.000116342  0.000205797  1.96787e-05  0.000110182  1.17207e-05   0.00307537  8.91138e-05 -9.42708e-05 -0.000220644  -0.00014824  0.000283833  4.13817e-05  0.000143938  1.45677e-05   0.00386195  9.99505e-05 -0.000117672 -0.000264731 -0.000180026  0.000362693  6.59777e-05  0.000175593  1.65315e-05   0.00453734  0.000108419 -0.000138008 -0.000305677 -0.000213395  0.000443029  9.16584e-05  0.000205901  1.78721e-05   0.00510469  0.000114732 -0.000155428 -0.000344739 -0.000248591  0.000525476  0.000117367  0.000235708  1.87445e-05   0.00556591  0.000118906 -0.000170698  -0.00038348 -0.000285214   0.00061019  0.000142431  0.000266131  1.98577e-05   0.00592145  0.000201191 -0.000159102  -0.00120223 -0.000256618  0.000597156  0.000142557 -0.000440617  0.000452486   0.00641529  7.04155e-05 -0.000151219  -0.00137667  -0.00033826  0.000635305  0.000146412 -0.000403807  0.000244611   0.00643434   0.00486009  -0.00311998  -0.00757495 -0.000125054   0.00764769   0.00383702    0.0040099    0.0229588   0.00410251   -0.0030478  -0.00663459 -0.000734659   0.00797026   0.00375656   0.00415009    0.0205019   0.00368075  -0.00291348  -0.00561919   -0.0013316   0.00831898   0.00367129   0.00426263    0.0181125   0.00337144  -0.00268267  -0.00472969  -0.00195704   0.00867467   0.00357049   0.00438953    0.0158064   0.00313446  -0.00235707  -0.00402321  -0.00260142   0.00902979   0.00346103   0.00454545    0.0135756   0.00296027  -0.00204916  -0.00345348  -0.00316041   0.00938916   0.00336083   0.00471741    0.0114064   0.00286009  -0.00179559  -0.00301354    -0.003592   0.00974236   0.00328066   0.00489605   0.00927557   0.00281241   -0.0016166  -0.00272062  -0.00387419     0.010024   0.00322904   0.00504316   0.00715344   0.00281235   -0.0015394  -0.00257609   -0.0039783    0.0101612   0.00321512   0.00511289   0.00504968   0.00306745  -0.00165872  -0.00239114  -0.00379794    0.0101006   0.00326543   0.00502886  0.000363739
========================================
primal_step_norm SUCCESS
SOLVED , sqp_iter_: 0
AFTER initial_guess_[0].uk: [0.060338, 0.000644, -0.195507, 0.019834, 0.014028, 0.003951, -0.197450, 0.283200]
BEFORE initial_guess_[0].uk: [0.061332, 0.000236, -0.195406, 0.020428, 0.013723, 0.004177, -0.197809, 0.246271]
Initialization finished.
Allocations finished.
Setup successful.
Solver is ready.
Starting solver...
Solver initialization verified.
Solver finished.
===== SQP Iteration: 0 =====
step_ (179 x 1): 
-0.000474962  3.78378e-05  -0.00047747 -7.41342e-05 -0.000132305  -2.8232e-05  4.20512e-05 -0.000764022 -1.61457e-05  5.49065e-05 -4.66941e-05  6.86434e-06  0.000144245 -9.88978e-05  6.35894e-05 -0.000111765 -1.20348e-05  -0.00073458  8.81043e-05 -2.37357e-05 -2.17859e-05  0.000141859 -0.000148796  5.15501e-05 -0.000165143 -6.24377e-06  -0.00137745  0.000125567  1.80462e-06 -5.62297e-05  0.000136517  -0.00019705  3.51727e-05 -0.000213489  2.62213e-06  -0.00192044  0.000165588  2.66198e-05 -9.69797e-05  0.000131941 -0.000245174  1.73108e-05  -0.00025832  1.36618e-05  -0.00236415  0.000207534  4.86799e-05 -0.000143051  0.000130457 -0.000294468 -5.25941e-08 -0.000301213  2.69258e-05  -0.00270839  0.000251447  6.72598e-05 -0.000193284  0.000132767 -0.000346167 -1.58658e-05 -0.000343773  4.20018e-05  -0.00295214  0.000297507  8.25247e-05 -0.000246007  0.000138717 -0.000401368 -2.95982e-05 -0.000388059  5.80619e-05  -0.00309358   0.00034712  9.45381e-05 -0.000298604  0.000148491 -0.000460795  -4.0486e-05 -0.000436574  7.30346e-05  -0.00313005  0.000484189   0.00011275  -0.00116798  0.000193704 -0.000544228 -4.95174e-05  -0.00120109  0.000519365  -0.00279602  0.000392777  0.000145065  -0.00136821  0.000159025 -0.000670373 -7.43074e-05   -0.0012756  0.000257495   -0.0028393   0.00392208   0.00187024  -0.00286351   -0.0021697  -0.00579683  -0.00211064   -0.0075036   -0.0150272    0.0048132   0.00202047  -0.00347846  -0.00183571  -0.00592579  -0.00214481  -0.00746651   -0.0128559   0.00535282   0.00202335  -0.00427209  -0.00139422  -0.00618709  -0.00209351  -0.00748343   -0.0108569   0.00571604   0.00189409  -0.00507031 -0.000859522  -0.00654937  -0.00197707  -0.00758368  -0.00886831   0.00599102    0.0016798  -0.00579166 -0.000279356  -0.00698643  -0.00182234  -0.00776879  -0.00687406   0.00620407   0.00142985  -0.00641081  0.000293141  -0.00747137  -0.00165539  -0.00802214  -0.00485903   0.00635956   0.00118444  -0.00692342   0.00081326  -0.00797211  -0.00149703  -0.00831612  -0.00280655   0.00648299  0.000963063  -0.00730782   0.00125884  -0.00844705  -0.00135938  -0.00861859 -0.000700862   0.00665661  0.000755312  -0.00749352   0.00164145  -0.00884135  -0.00124327  -0.00889788   0.00148664   0.00700778  0.000528493  -0.00737119   0.00199799  -0.00908804  -0.00114066  -0.00912118 -0.000880575
========================================
primal_step_norm SUCCESS
SOLVED , sqp_iter_: 0
AFTER initial_guess_[0].uk: [0.069863, 0.004304, -0.201634, 0.015709, -0.001406, -0.001332, -0.217394, 0.171135]
BEFORE initial_guess_[0].uk: [0.072875, 0.004101, -0.202694, 0.017240, -0.002250, -0.001112, -0.217908, 0.148014]
Initialization finished.
Allocations finished.
Setup successful.
Solver is ready.
Starting solver...
Solver initialization verified.
Solver finished.
===== SQP Iteration: 0 =====
step_ (179 x 1): 
-0.000558098  3.31922e-05 -0.000559912 -6.28098e-05 -0.000163728 -1.99751e-05  3.14804e-05 -0.000921475 -1.64908e-05  7.89661e-05 -2.99801e-05 -6.89173e-06  9.84958e-05 -3.50775e-05  2.09395e-05 -3.30776e-05 -2.58869e-05 -0.000629796  0.000134767 -1.10521e-05 -4.87934e-05  0.000111459  -3.3542e-05  3.69292e-06 -1.37567e-05 -4.29729e-05  -0.00116723  0.000199046  1.31425e-05 -9.02228e-05  0.000123308 -3.20114e-05  -1.5545e-05  6.05168e-06 -5.68451e-05  -0.00162525  0.000267727  4.07004e-05 -0.000134334  0.000134866 -3.24573e-05  -3.6191e-05  2.58687e-05 -7.10463e-05   -0.0020053  0.000339683  6.99858e-05 -0.000181298  0.000146908 -3.55606e-05 -5.77324e-05  4.53649e-05 -8.49805e-05  -0.00230808  0.000414081  9.97255e-05 -0.000231226   0.00015999 -4.16918e-05 -7.97153e-05  6.44055e-05 -9.80057e-05  -0.00253417  0.000489973   0.00012907 -0.000284108  0.000174462 -5.09845e-05 -0.000101766  8.29738e-05 -0.000109544  -0.00268381   0.00056627  0.000157456  -0.00034006  0.000190492 -6.33772e-05 -0.000123574  0.000101053 -0.000119094  -0.00275741  0.000785042  0.000198252  -0.00126432  0.000259031 -0.000172064  -0.00015282 -0.000654461   0.00031762  -0.00253561   0.00072301  0.000246266  -0.00146425  0.000233841 -0.000242144 -0.000189815 -0.000637068  7.66561e-05  -0.00256357   0.00577828   0.00121783  -0.00604679  0.000860754  -2.3146e-05  -0.00298569   0.00308289   -0.0128363    0.0068606   0.00172098  -0.00619013  0.000802503 -4.28228e-05  -0.00322539   0.00307883   -0.0107221   0.00750657   0.00210719  -0.00661241  0.000808588 -0.000242947  -0.00339178   0.00300121  -0.00913617   0.00797283   0.00234237  -0.00709009  0.000928988 -0.000558552  -0.00348221   0.00284625  -0.00757802   0.00833933   0.00244677  -0.00755367   0.00114798 -0.000953516  -0.00351087   0.00263267  -0.00603295   0.00862488   0.00245291  -0.00798723    0.0014336  -0.00140269  -0.00349361   0.00238115  -0.00449881   0.00883082   0.00239178  -0.00839003   0.00175391  -0.00188433   -0.0034443   0.00210955  -0.00296802   0.00895853   0.00228833  -0.00876123   0.00208245  -0.00237721  -0.00337482   0.00183261  -0.00144506   0.00907142    0.0021424  -0.00904511   0.00242095  -0.00285176  -0.00329047   0.00155511  0.000119967   0.00944281   0.00188185   -0.0089997   0.00285434  -0.00324784  -0.00317416   0.00125597  -0.00057347
========================================
primal_step_norm SUCCESS
SOLVED , sqp_iter_: 0
AFTER initial_guess_[0].uk: [0.085443, 0.006749, -0.215846, 0.019112, -0.002310, -0.008905, -0.209862, 0.083833]
BEFORE initial_guess_[0].uk: [0.090026, 0.007292, -0.217517, 0.020833, -0.003669, -0.009063, -0.210656, 0.072987]
Initialization finished.
Allocations finished.
Setup successful.
Solver is ready.
Starting solver...
Solver initialization verified.
Solver finished.
===== SQP Iteration: 0 =====
step_ (179 x 1): 
-0.000662117  3.32297e-05  -0.00066401 -6.26182e-05  -0.00020233 -1.83473e-05  3.00191e-05  -0.00110134 -1.70402e-05  5.73029e-05  -3.4421e-05 -2.24268e-05  5.37963e-05 -2.72201e-05  2.24665e-05 -3.10639e-05 -2.83247e-06 -3.52931e-05  9.56135e-05 -3.25019e-05 -6.88579e-05  4.43914e-05 -1.36341e-05  2.24781e-05  -2.7513e-05 -1.22832e-05 -5.06739e-05   0.00013939 -2.76367e-05 -0.000112815  3.38637e-05  2.99473e-06  2.17175e-05 -2.17302e-05 -1.62402e-05 -6.46288e-05  0.000184385   -2.076e-05 -0.000158279  2.27861e-05  2.06603e-05  2.05046e-05 -1.41945e-05 -1.98649e-05 -7.67822e-05  0.000230294 -1.28605e-05 -0.000205533  1.17699e-05  3.86656e-05  1.91177e-05 -5.53432e-06 -2.30777e-05 -8.59438e-05   0.00027706 -4.71951e-06 -0.000254644  1.31559e-06   5.6373e-05  1.77614e-05  3.68212e-06 -2.56596e-05 -9.11207e-05   0.00032456  3.11012e-06  -0.00030559  -8.2142e-06  7.31254e-05  1.65822e-05  1.29354e-05 -2.74243e-05 -9.11648e-05  0.000372417  1.02075e-05 -0.000358764 -1.65781e-05  8.81626e-05  1.56787e-05  2.16749e-05 -2.83582e-05 -8.61906e-05  0.000644567  5.21896e-05  -0.00133536  5.09002e-05 -1.87663e-05 -1.29976e-05 -0.000734033  0.000407534  0.000115399  0.000565153  7.81522e-05  -0.00152011  4.39296e-06 -5.80764e-05  -2.7472e-05  -0.00072791  0.000191743  0.000109105   0.00470704 -0.000183444  -0.00611052  -0.00101285   0.00110641  7.12826e-05  0.000304913 -0.000925156   0.00556632  5.48996e-05  -0.00570962  -0.00115339   0.00138437 -7.66444e-05  0.000505293  -0.00026853    0.0059182  0.000303188  -0.00574645  -0.00131762   0.00151699 -0.000198461  0.000686259 -0.000242735   0.00612802  0.000473126  -0.00590078  -0.00139514   0.00155708 -0.000270209  0.000799887 -0.000209034   0.00630514  0.000558935  -0.00607598  -0.00137435    0.0015204 -0.000296544  0.000839882 -0.000151021   0.00646491  0.000577868  -0.00625836  -0.00127256   0.00140865 -0.000287863  0.000810816 -7.27466e-05   0.00659964  0.000546529  -0.00645452  -0.00110816   0.00121933 -0.000252673  0.000717711   2.9014e-05   0.00669615  0.000475472  -0.00667595 -0.000894254  0.000946856 -0.000196952  0.000564855  0.000128974   0.00678837   0.00035268  -0.00689241 -0.000619028  0.000587902 -0.000120658  0.000350683  0.000289259   0.00715659  8.70166e-05  -0.00685388  -0.00017904  0.000173478 -1.30889e-06  4.37996e-05 -0.000140562
========================================
primal_step_norm SUCCESS
SOLVED , sqp_iter_: 0
AFTER initial_guess_[0].uk: [0.100264, 0.006893, -0.230808, 0.018630, -0.000781, -0.008877, -0.209860, 0.068362]
BEFORE initial_guess_[0].uk: [0.105294, 0.007471, -0.232227, 0.020358, -0.002204, -0.009073, -0.210565, 0.060281]
Initialization finished.
Allocations finished.
Setup successful.
Solver is ready.
Starting solver...
Solver initialization verified.
Solver finished.
===== SQP Iteration: 0 =====
step_ (179 x 1): 
-0.000724196  2.68096e-05 -0.000726244 -5.41946e-05 -0.000232214 -1.73998e-05  2.62594e-05  -0.00121027 -1.55819e-05  0.000131623 -1.06062e-05 -7.09826e-05  9.08496e-05  -9.4033e-05  2.19945e-06 -5.12563e-05  2.12467e-05  -0.00117077  0.000240715  2.04486e-05 -0.000186102  0.000112896 -0.000142423 -1.63401e-05  -6.9245e-05  2.03882e-06  -0.00209575  0.000371437  5.35683e-05 -0.000297353  0.000135305 -0.000183465 -3.60802e-05 -8.63532e-05 -2.47905e-06  -0.00287354   0.00051209  8.68282e-05 -0.000414422  0.000158859 -0.000222617 -5.65268e-05 -0.000103256  -7.7693e-06  -0.00351859  0.000660506  0.000118463 -0.000537681  0.000184211  -0.00026161 -7.72548e-05  -0.00012069  -1.3981e-05  -0.00403805  0.000815266  0.000147063 -0.000666839  0.000211815  -0.00030163 -9.79103e-05 -0.000139209 -2.01826e-05  -0.00443758  0.000975564  0.000171258  -0.00080112  0.000242152 -0.000343459 -0.000118138 -0.000159184 -2.54657e-05  -0.00472141   0.00113936  0.000190738  -0.00094054  0.000274835 -0.000387475 -0.000137806 -0.000180577 -2.75536e-05  -0.00489626   0.00156236  0.000258038  -0.00207558  0.000372705 -0.000553048 -0.000186842 -0.000962419  0.000423379  -0.00479383   0.00158207  0.000303478  -0.00236878  0.000359151 -0.000651709 -0.000221024 -0.000982403  0.000225457  -0.00480874    0.0123126   0.00275362   -0.0148277   0.00218215  -0.00534276   -0.0023019  -0.00173786   -0.0237285    0.0144462   0.00276506   -0.0154035   0.00265291  -0.00490125  -0.00233643  -0.00171749   -0.0185082    0.0155992   0.00286161    -0.016609   0.00291654  -0.00474957  -0.00240237  -0.00169211   -0.0155634    0.0165111   0.00281485   -0.0178055   0.00324992  -0.00479906  -0.00243556  -0.00175833   -0.0129065    0.0172601   0.00263634   -0.0189276   0.00364527   -0.0050165  -0.00244062  -0.00191301   -0.0103914    0.0178587   0.00235218   -0.0199678   0.00407571  -0.00537071  -0.00242543  -0.00214101  -0.00798887    0.0183619   0.00196773   -0.0208823   0.00453701   -0.0058234  -0.00239381  -0.00242527  -0.00567011    0.0185924   0.00156045   -0.0218331   0.00493893   -0.0063567  -0.00236696    -0.002719  -0.00348451    0.0147404   0.00240835   -0.0261922   0.00377703   -0.0074055  -0.00270927  -0.00251337  -0.00156093    0.0150228   0.00177533   -0.0267015    0.0043128  -0.00795281  -0.00263108  -0.00283407 -0.000309812
========================================
primal_step_norm SUCCESS
SOLVED , sqp_iter_: 0
AFTER initial_guess_[0].uk: [0.132073, 0.013460, -0.264477, 0.025104, -0.016149, -0.015081, -0.215101, -0.058362]
BEFORE initial_guess_[0].uk: [0.139990, 0.013621, -0.268037, 0.028106, -0.017283, -0.015023, -0.216188, -0.041796]
Initialization finished.
Allocations finished.
Setup successful.
Solver is ready.
Starting solver...
Solver initialization verified.
Solver finished.
===== SQP Iteration: 0 =====
step_ (179 x 1): 
-0.000840256  2.34694e-05 -0.000842122 -4.81109e-05 -0.000274673 -1.46393e-05  2.40028e-05  -0.00141039 -1.61701e-05  7.82805e-05  -6.9705e-05 -5.11805e-05  3.27829e-05  1.87144e-05  3.93971e-05 -1.57266e-05  7.56142e-06   0.00044645  0.000130619 -0.000105464 -0.000133647  1.89131e-06  6.90026e-05  5.71154e-05 -1.93239e-06 -1.24918e-05  0.000884214   0.00019231 -0.000136937 -0.000210351 -3.29982e-05  0.000124513  7.47016e-05  1.44973e-05 -1.72242e-05   0.00125233  0.000255376 -0.000164687 -0.000290006 -7.13385e-05  0.000181916  9.26457e-05  3.32194e-05 -1.99778e-05   0.00155491  0.000320654 -0.000189378 -0.000372714 -0.000112344  0.000240731  0.000111392  5.36722e-05 -2.16805e-05   0.00179838  0.000386842 -0.000209306 -0.000460017  -0.00015702  0.000300547  0.000130887  7.56726e-05 -2.00836e-05   0.00198507  0.000432172 -0.000205601 -0.000570937  -0.00021693  0.000359204  0.000148527  0.000103398 -7.24167e-08   0.00210737  0.000495403 -0.000208583 -0.000673763 -0.000271932  0.000417516  0.000169194  0.000127498  1.06185e-05   0.00216354  0.000987872 -0.000147144  -0.00191638 -0.000224892  0.000296754   0.00014316 -0.000638396  0.000476096   0.00233149   0.00096404 -0.000124099  -0.00211717 -0.000321993  0.000313978   0.00015072 -0.000616722  0.000338667   0.00234487   0.00718029  -0.00280003   -0.0102657  -0.00498012   0.00539029   0.00212885   0.00156184   0.00875695    0.0086121  -0.00267772  -0.00932533  -0.00525762   0.00578365   0.00213053   0.00172783   0.00879804   0.00907194  -0.00233925  -0.00934298  -0.00577308   0.00602898   0.00213548   0.00195803   0.00740037    0.0094713  -0.00204652  -0.00951775  -0.00620687   0.00622395   0.00220997   0.00213594    0.0060852   0.00997979  -0.00179949  -0.00969657  -0.00654708   0.00637395   0.00233998   0.00225049   0.00489824    0.0102362  -0.00142711   -0.0101951  -0.00698314   0.00642785   0.00247696    0.0023351   0.00375878   0.00602025   0.00051331   -0.0147425  -0.00920238    0.0058206    0.0021955   0.00292447   0.00247057   0.00945737 -5.08045e-05    -0.012644  -0.00840192   0.00601152   0.00267279   0.00241971   0.00114579   0.00951143    0.0004547     -0.01332  -0.00870876   0.00562304    0.0028189   0.00221918  6.06415e-05    0.0100709   0.00024694   -0.0136008  -0.00843659   0.00512961   0.00297599    0.0018769  0.000255726
========================================
primal_step_norm SUCCESS
SOLVED , sqp_iter_: 0
AFTER initial_guess_[0].uk: [0.155608, 0.007531, -0.290365, 0.017274, -0.003214, -0.009466, -0.212111, 0.001988]
BEFORE initial_guess_[0].uk: [0.163803, 0.007644, -0.293210, 0.019556, -0.004581, -0.009187, -0.213175, 0.008930]
Initialization finished.
Allocations finished.
Setup successful.
Solver is ready.
Starting solver...
Solver initialization verified.
Solver finished.
===== SQP Iteration: 0 =====
step_ (179 x 1): 
-0.000907221  2.24842e-05 -0.000909502 -4.77804e-05 -0.000303369 -1.81953e-05  2.44026e-05  -0.00152023 -1.47992e-05  0.000142272 -2.81412e-05 -0.000106108  5.09884e-05 -5.92619e-05  1.54862e-05 -5.24824e-05  4.48052e-05 -0.000625311   0.00025828 -3.22747e-05 -0.000260729  5.37283e-05 -8.17791e-05  1.78966e-05 -8.20456e-05   2.3446e-05  -0.00102356  0.000400886 -3.53623e-05 -0.000407807  5.47452e-05 -9.37402e-05  1.97837e-05 -0.000110202  2.65521e-05  -0.00133971   0.00055335  -3.6523e-05 -0.000562551  5.31761e-05 -0.000101658  2.15086e-05 -0.000137155  3.35337e-05  -0.00159102  0.000685671  -1.4093e-05 -0.000749639  3.50745e-05 -0.000109216  2.01618e-05 -0.000157625  6.05579e-05   -0.0017988  0.000843304  -5.9645e-06 -0.000930281  2.52003e-05 -0.000115479  2.19828e-05  -0.00018253  7.51138e-05  -0.00197638   0.00101404 -4.79621e-06  -0.00111178  1.97389e-05 -0.000122713  2.58463e-05 -0.000210144  8.44025e-05  -0.00211803    0.0011878 -4.91296e-06  -0.00129997  1.52958e-05 -0.000132218   3.0961e-05 -0.000239576  9.40122e-05  -0.00222214   0.00186475  4.98814e-05  -0.00273461  6.44738e-05 -0.000276305  1.36247e-05  -0.00104458  0.000570545  -0.00210717   0.00195085  6.23311e-05   -0.0030256   2.9922e-05 -0.000328424  9.91664e-06  -0.00107945  0.000420969    -0.002117    0.0138247 -6.18899e-05   -0.0193514  0.000242457  -0.00263064  0.000956477  -0.00343119   -0.0127765    0.0165844 -0.000354433   -0.0194236  0.000453991  -0.00194629  0.000902816  -0.00340428  -0.00796885    0.0179746 -0.000260617   -0.0205614  0.000180523  -0.00154581  0.000792134  -0.00328199  -0.00632678    0.0189189 -9.42999e-05    -0.021969 -0.000201159  -0.00133575  0.000714679   -0.0031983  -0.00502805    0.0143091   0.00187316   -0.0281665  -0.00271937  -0.00196475  0.000160825  -0.00248355  -0.00415148    0.0187026  0.000726289    -0.026314  -0.00157281  -0.00164949  0.000545652  -0.00303458  -0.00354339    0.0207115  0.000196295   -0.0261327  -0.00103926  -0.00178769  0.000736227   -0.0033682  -0.00282159    0.0210345  0.000108763    -0.027079 -0.000938232  -0.00220707  0.000835514  -0.00361609  -0.00206718    0.0215343 -8.75119e-05   -0.0277199  -0.00070222  -0.00270654  0.000988153  -0.00395786  -0.00125643    0.0221739 -0.000358058   -0.0280803 -0.000370587  -0.00327301    0.0011674  -0.00435946 -0.000206529
========================================
primal_step_norm SUCCESS
SOLVED , sqp_iter_: 0
AFTER initial_guess_[0].uk: [0.193872, 0.007509, -0.335300, 0.020083, -0.011447, -0.006691, -0.222130, -0.054953]
BEFORE initial_guess_[0].uk: [0.205029, 0.006777, -0.340061, 0.022639, -0.012205, -0.006270, -0.223478, -0.031206]
Initialization finished.
Allocations finished.
Setup successful.
Solver is ready.
Starting solver...
Solver initialization verified.
Solver finished.
QP solve FAILED : 7 
QP_MaxIterReached
NOT SOLVED , sqp_iter_: 0
===================================================
================ QP did not solved ================
================ Max Iter reached ==================
===================================================
AFTER initial_guess_[0].uk: [0.205029, 0.006777, -0.340061, 0.022639, -0.012205, -0.006270, -0.223478, -0.031206]
====================================================================
[MPC] Generating a new initial guess based on maximum deceleration.
----------------------------------------------------
Step 0 - Current Input: [0.212377, 0.006294, -0.346965, 0.024440, -0.014335, -0.005665, -0.225061, -3.412342], ddq: [-5.000000, -5.000000, 5.000000, -5.000000, 5.000000, 5.000000, 5.000000], dVs: [-3.412342]
Step 0 - Current State: [q: 0.006381, 0.000303 -0.033159 -1.568565 -0.000904 1.570940 0.748180, s: 0.009277, vs: 0.061333]
Next State: [q: 0.008504, 0.000366 -0.036629 -1.568321 -0.001047 1.570883 0.745930, s: 0.009720, vs: 0.027209]
----------------------------------------------------
----------------------------------------------------
Step 1 - Current Input: [0.162377, 0.000000, -0.296965, 0.000000, 0.000000, 0.000000, -0.175061, 0.000148], ddq: [-5.000000, 0.000000, 5.000000, 0.000000, 0.000000, 0.000000, 5.000000], dVs: [0.000148]
Step 1 - Current State: [q: 0.008504, 0.000366 -0.036629 -1.568321 -0.001047 1.570883 0.745930, s: 0.009720, vs: 0.027209]
Next State: [q: 0.010128, 0.000366 -0.039598 -1.568321 -0.001047 1.570883 0.744179, s: 0.009992, vs: 0.027211]
----------------------------------------------------
----------------------------------------------------
Step 2 - Current Input: [0.112377, 0.000000, -0.246965, 0.000000, 0.000000, 0.000000, -0.125061, 0.001229], ddq: [-5.000000, 0.000000, 5.000000, 0.000000, 0.000000, 0.000000, 5.000000], dVs: [0.001229]
Step 2 - Current State: [q: 0.010128, 0.000366 -0.039598 -1.568321 -0.001047 1.570883 0.744179, s: 0.009992, vs: 0.027211]
Next State: [q: 0.011252, 0.000366 -0.042068 -1.568321 -0.001047 1.570883 0.742929, s: 0.010264, vs: 0.027223]
----------------------------------------------------
----------------------------------------------------
Step 3 - Current Input: [0.062377, 0.000000, -0.196965, 0.000000, 0.000000, 0.000000, -0.075061, 0.001259], ddq: [-5.000000, 0.000000, 5.000000, 0.000000, 0.000000, 0.000000, 5.000000], dVs: [0.001259]
Step 3 - Current State: [q: 0.011252, 0.000366 -0.042068 -1.568321 -0.001047 1.570883 0.742929, s: 0.010264, vs: 0.027223]
Next State: [q: 0.011876, 0.000366 -0.044038 -1.568321 -0.001047 1.570883 0.742178, s: 0.010536, vs: 0.027236]
----------------------------------------------------
----------------------------------------------------
Step 4 - Current Input: [0.012377, 0.000000, -0.146965, 0.000000, 0.000000, 0.000000, -0.025061, -0.760490], ddq: [-5.000000, 0.000000, 5.000000, 0.000000, 0.000000, 0.000000, 5.000000], dVs: [-0.760490]
Step 4 - Current State: [q: 0.011876, 0.000366 -0.044038 -1.568321 -0.001047 1.570883 0.742178, s: 0.010536, vs: 0.027236]
Next State: [q: 0.012000, 0.000366 -0.045507 -1.568321 -0.001047 1.570883 0.741927, s: 0.010771, vs: 0.019631]
----------------------------------------------------
----------------------------------------------------
Step 5 - Current Input: [0.000000, 0.000000, -0.096965, 0.000000, 0.000000, 0.000000, 0.000000, -1.012020], ddq: [0.000000, 0.000000, 5.000000, 0.000000, 0.000000, 0.000000, 0.000000], dVs: [-1.012020]
Step 5 - Current State: [q: 0.012000, 0.000366 -0.045507 -1.568321 -0.001047 1.570883 0.741927, s: 0.010771, vs: 0.019631]
Next State: [q: 0.012000, 0.000366 -0.046477 -1.568321 -0.001047 1.570883 0.741927, s: 0.010916, vs: 0.009511]
----------------------------------------------------
----------------------------------------------------
Step 6 - Current Input: [0.000000, 0.000000, -0.046965, 0.000000, 0.000000, 0.000000, 0.000000, -0.951053], ddq: [0.000000, 0.000000, 5.000000, 0.000000, 0.000000, 0.000000, 0.000000], dVs: [-0.951053]
Step 6 - Current State: [q: 0.012000, 0.000366 -0.046477 -1.568321 -0.001047 1.570883 0.741927, s: 0.010916, vs: 0.009511]
Next State: [q: 0.012000, 0.000366 -0.046946 -1.568321 -0.001047 1.570883 0.741927, s: 0.010964, vs: -0.000000]
----------------------------------------------------
----------------------------------------------------
Step 7 - Current Input: [0.000000, 0.000000, 0.000000, 0.000000, 0.000000, 0.000000, 0.000000, 0.000000], ddq: [0.000000, 0.000000, 0.000000, 0.000000, 0.000000, 0.000000, 0.000000], dVs: [0.000000]
Step 7 - Current State: [q: 0.012000, 0.000366 -0.046946 -1.568321 -0.001047 1.570883 0.741927, s: 0.010964, vs: -0.000000]
Next State: [q: 0.012000, 0.000366 -0.046946 -1.568321 -0.001047 1.570883 0.741927, s: 0.010964, vs: 0.000000]
----------------------------------------------------
----------------------------------------------------
Step 8 - Current Input: [0.000000, 0.000000, 0.000000, 0.000000, 0.000000, 0.000000, 0.000000, -0.000000], ddq: [0.000000, 0.000000, 0.000000, 0.000000, 0.000000, 0.000000, 0.000000], dVs: [-0.000000]
Step 8 - Current State: [q: 0.012000, 0.000366 -0.046946 -1.568321 -0.001047 1.570883 0.741927, s: 0.010964, vs: 0.000000]
Next State: [q: 0.012000, 0.000366 -0.046946 -1.568321 -0.001047 1.570883 0.741927, s: 0.010964, vs: -0.000000]
----------------------------------------------------
----------------------------------------------------
Step 9 - Current Input: [0.000000, 0.000000, 0.000000, 0.000000, 0.000000, 0.000000, 0.000000, 0.000000], ddq: [0.000000, 0.000000, 0.000000, 0.000000, 0.000000, 0.000000, 0.000000], dVs: [0.000000]
Step 9 - Current State: [q: 0.012000, 0.000366 -0.046946 -1.568321 -0.001047 1.570883 0.741927, s: 0.010964, vs: -0.000000]
Next State: [q: 0.012000, 0.000366 -0.046946 -1.568321 -0.001047 1.570883 0.741927, s: 0.010964, vs: 0.000000]
----------------------------------------------------
====================================================================
BEFORE initial_guess_[0].uk: [0.212377, 0.006294, -0.346965, 0.024440, -0.014335, -0.005665, -0.225061, -3.412342]
Initialization finished.
Allocations finished.
Setup successful.
Solver is ready.
Starting solver...
Solver initialization verified.
Solver finished.
===== SQP Iteration: 0 =====
step_ (179 x 1): 
 -0.00114488  9.79586e-06  -0.00115242 -3.63856e-05 -0.000382333 -1.72579e-05  2.11268e-05  -0.00190967 -1.54493e-05  -0.00129166  4.54693e-05  -0.00159926 -0.000115734 -0.000394529 -5.62568e-05  7.55663e-05  -0.00220958    0.0345422  -0.00109387   0.00011776  -0.00209141 -0.000111595 -0.000400118 -0.000106232 -4.55253e-05  -0.00207706    0.0350305 -0.000693777   0.00018782  -0.00276506 -0.000101954 -0.000406264 -0.000150574 -0.000344411  -0.00191372    0.0354582 -0.000132337  0.000272241  -0.00365008 -9.73031e-05 -0.000422348 -0.000191019 -0.000819032  -0.00172196    0.0358329  0.000608852  0.000356703  -0.00473129 -8.88336e-05 -0.000450418 -0.000225494  -0.00147261  -0.00147868    0.0437691   0.00140836  0.000433171   -0.0059979 -7.10626e-05 -0.000492505 -0.000252959  -0.00222198  -0.00114172    0.0541706   0.00221873  0.000502069  -0.00744715 -4.37762e-05 -0.000549811 -0.000273924  -0.00298281 -0.000701184    0.0639238   0.00303721  0.000564249  -0.00906498 -8.03898e-06 -0.000622424 -0.000289548  -0.00375358 -0.000209273    0.0641397   0.00386532  0.000620533   -0.0106878  3.46135e-05  -0.00070956 -0.000301225  -0.00453124  0.000283662    0.0643381   0.00470082  0.000672688   -0.0123074  8.23831e-05 -0.000807689 -0.000310217  -0.00531454  0.000782185    0.0645227    0.0191758   0.00178383   -0.0198153  -0.00646788    0.0052341  -0.00335075   0.00397794     0.691368    0.0446254   0.00472567   -0.0462903   0.00512683 -0.000358325  -0.00510723   -0.0154368      0.00994    0.0697331   0.00453344   -0.0725382   0.00587487 -0.000841693  -0.00440378   -0.0351149   0.00869437    0.0894205   0.00570494    -0.102941   0.00497238  -0.00223268  -0.00400955   -0.0543533   0.00760801     0.112484   0.00568672    -0.129995   0.00546732  -0.00343202  -0.00321632    -0.074141     0.158814     0.119946   0.00502621    -0.155029   0.00669748  -0.00455736  -0.00227747   -0.0846367     0.208097     0.121359   0.00439136    -0.179643   0.00788625  -0.00571448  -0.00144544   -0.0854909     0.195112     0.122365   0.00385285    -0.202483   0.00889502  -0.00678187 -0.000779223   -0.0862276   0.00434524     0.123095   0.00342661    -0.203255    0.0096601  -0.00761695 -0.000309424   -0.0867888   0.00397547     0.123575   0.00315602    -0.203543    0.0101077  -0.00808641 -5.92267e-05   -0.0871116    0.0036825
========================================
primal_step_norm FAILED
Initialization finished.
Allocations finished.
Setup successful.
Solver is ready.
Starting solver...
Solver initialization verified.
Solver finished.
===== SQP Iteration: 1 =====
step_ (179 x 1): 
 -0.00043643  9.39476e-06 -0.000437888 -1.93211e-05 -0.000158267 -7.10474e-06  9.66497e-06  -0.00072674 -1.05234e-05  -0.00045935  -4.8068e-05 -0.000450439 -1.59282e-05 -0.000421296 -3.73979e-05 -0.000102553 -0.000818531   -0.0109434 -0.000434395 -0.000111977 -0.000565195 -1.19798e-05 -0.000758647  -7.4763e-05 -0.000231614  -0.00103507   -0.0189731 -0.000271514 -0.000181918 -0.000679584 -1.13254e-05  -0.00112419 -0.000119425 -0.000380495  -0.00121272    -0.025387  -4.6002e-05 -0.000247801 -0.000853883 -2.67481e-05  -0.00153455 -0.000173853 -0.000545735  -0.00139673   -0.0308163   0.00026087 -0.000343099  -0.00106121 -3.62768e-05  -0.00199247 -0.000229857 -0.000741703  -0.00161152   -0.0355724  0.000605324   -0.0004658  -0.00132383 -4.08752e-05  -0.00250752 -0.000287069 -0.000967359  -0.00186252   -0.0397038   0.00097438 -0.000623422  -0.00164087 -3.51658e-05  -0.00307941 -0.000341859  -0.00122328  -0.00216036   -0.0430579   0.00136212 -0.000814424  -0.00200056 -1.77942e-05  -0.00369946 -0.000393175  -0.00150673  -0.00249516   -0.0454218   0.00176113  -0.00102672  -0.00238324   6.6613e-06  -0.00435024 -0.000442408  -0.00181057   -0.0028416    -0.046697   0.00216826  -0.00124795  -0.00277655  3.30472e-05  -0.00501287 -0.000491257  -0.00212367  -0.00318642   -0.0469476 -0.000591703  -0.00436644  1.36344e-07  -0.00149779   -0.0235765  -0.00553402   -0.0114452    -0.218763   0.00880901  -0.00495077   -0.0106874  -0.00108656   -0.0310705  -0.00627051   -0.0133819    -0.160715    0.0184258  -0.00545948   -0.0192241  -0.00151393   -0.0371434  -0.00718865   -0.0156147    -0.128392    0.0226119  -0.00514406   -0.0309434  -0.00362114   -0.0437178  -0.00843663   -0.0176798    -0.108683    0.0316646    -0.007443   -0.0370307  -0.00296073   -0.0498814   -0.0087032   -0.0210685   -0.0952014    0.0360929  -0.00960512   -0.0449697  -0.00232612   -0.0568713  -0.00888961   -0.0244027    -0.082686    0.0397784   -0.0123641    -0.051597 -0.000860385    -0.063507  -0.00852165   -0.0280653   -0.0671231    0.0426005    -0.015011   -0.0566656  0.000784433   -0.0692736  -0.00802043    -0.031343   -0.0473045     0.043935    -0.016733   -0.0603647   0.00182621   -0.0735457  -0.00771242   -0.0336572   -0.0255148    0.0442043   -0.0174759   -0.0624208   0.00223053   -0.0758568  -0.00759608   -0.0348444  -0.00500408
========================================
primal_step_norm FAILED
Initialization finished.
Allocations finished.
Setup successful.
Solver is ready.
Starting solver...
Solver initialization verified.
Solver finished.
===== SQP Iteration: 2 =====
step_ (179 x 1): 
-0.000409439  4.92516e-05 -0.000413186 -9.77975e-05 -0.000113923 -3.70758e-05  4.17399e-05 -0.000656357 -2.64928e-05 -0.000374911  9.73994e-05 -0.000373856 -0.000129739 -6.48562e-05 -9.12147e-05  7.17274e-05 -0.000508323    0.0112404 -0.000487304  0.000139623 -0.000326977  -0.00015332 -2.21625e-05 -0.000135428  0.000109799 -0.000401148    0.0194204 -0.000723709  0.000175613 -0.000261406 -0.000166293  1.70392e-05 -0.000170728  0.000154118 -0.000305567    0.0258759   -0.0010233  0.000189038 -0.000138195 -0.000153254  6.62467e-05 -0.000194646  0.000198137 -0.000220177    0.0312439  -0.00140477  0.000214595  1.97923e-05 -0.000137944  0.000135683 -0.000216307   0.00025544 -0.000105005    0.0358566  -0.00185842   0.00024902  0.000203719 -0.000120055  0.000228537 -0.000236637  0.000326675 -6.83708e-06    0.0397887  -0.00237705  0.000298564  0.000397875 -0.000105013  0.000345377 -0.000259708  0.000416121   6.2827e-05    0.0429368  -0.00295116  0.000364592  0.000595213 -9.55977e-05  0.000484848 -0.000287252  0.000523752  0.000103891    0.0451386  -0.00354587  0.000440751  0.000808768 -8.96476e-05  0.000647054  -0.00031879  0.000644998  0.000146341    0.0463193  -0.00414908  0.000520281   0.00103098  -8.4323e-05  0.000819498 -0.000353348  0.000773368  0.000187929    0.0465417  -0.00111768   0.00106615 -8.97587e-07   0.00541608 -1.01674e-06  -0.00418071  8.46509e-05     0.225676   -0.0105781   0.00100223    0.0112472   0.00538632    0.0026773  -0.00354148    0.0012901     0.163931    -0.020516  0.000787756    0.0200437   0.00599744   0.00443764  -0.00288828   0.00234048     0.129423   -0.0242244 -0.000755539    0.0325675   0.00871125    0.0073061  -0.00185497   0.00281754     0.107642   -0.0337063  0.000360751    0.0385502   0.00850307    0.0102099  -0.00186601    0.0046597    0.0925055   -0.0386938   0.00117904    0.0460518   0.00846762    0.0144849  -0.00188315   0.00655121    0.0788532   -0.0426311   0.00246504     0.052316   0.00779588    0.0190332  -0.00234505    0.0089783    0.0631227   -0.0456515   0.00380818    0.0570065   0.00689903    0.0233462  -0.00288421    0.0113559    0.0441379   -0.0471324   0.00460566    0.0604174   0.00639234    0.0267909  -0.00321113    0.0131423    0.0236551   -0.0474549   0.00486359    0.0623327   0.00627572    0.0287776   -0.0033319    0.0141166   0.00442463
========================================
primal_step_norm FAILED
Initialization finished.
Allocations finished.
Setup successful.
Solver is ready.
Starting solver...
Solver initialization verified.
Solver finished.
===== SQP Iteration: 3 =====
step_ (179 x 1): 
-0.000203215  2.94199e-05 -0.000206324 -5.68307e-05 -5.17672e-05 -2.43643e-05  2.90135e-05  -0.00031828 -1.74355e-05 -0.000133683  5.26935e-05 -0.000150469 -2.61543e-05 -4.53508e-05 -5.59061e-05  0.000169157 -0.000263588  -0.00691891  -2.0744e-05  8.69025e-05  -0.00018774  3.41187e-06  -0.00010224 -9.21827e-05  0.000300054 -0.000318627   -0.0129046  0.000156469  0.000124917 -0.000288553  3.32613e-05 -0.000210181 -0.000131405  0.000420393 -0.000427168   -0.0181063  0.000378243  0.000175505 -0.000454569  5.22361e-05 -0.000363156  -0.00017482  0.000533465 -0.000534426   -0.0226734  0.000662882   0.00020446 -0.000664999  8.20413e-05 -0.000563836 -0.000214784  0.000627905 -0.000676273   -0.0267151   0.00100128  0.000210798 -0.000915642  0.000124205 -0.000809558 -0.000249818  0.000702731  -0.00082465   -0.0302192   0.00137899  0.000190914  -0.00119879  0.000181573  -0.00109783 -0.000277834  0.000757035 -0.000976251   -0.0330584   0.00178995  0.000145294  -0.00150504  0.000254876  -0.00142151 -0.000297753  0.000791736  -0.00112683   -0.0350754   0.00221732  8.12008e-05  -0.00183115  0.000340778  -0.00177229 -0.000309983  0.000810333  -0.00128391   -0.0361923   0.00266053  7.38069e-06  -0.00215856  0.000434809  -0.00213339 -0.000315612  0.000818072  -0.00143131   -0.0364352   0.00214416   0.00310113  1.14401e-06 -0.000115682  1.13791e-06  -0.00562148    0.0165589    -0.138193    0.0119164   0.00363614  -0.00844628  0.000860268  -0.00589617  -0.00556317    0.0152392     -0.11987    0.0202923   0.00366009   -0.0168225   0.00183405   -0.0116578  -0.00532609    0.0137424    -0.104185    0.0230699   0.00435791   -0.0288151   0.00137351   -0.0178773  -0.00524627    0.0124954   -0.0914775    0.0311706    0.0024029   -0.0350469   0.00363836   -0.0234269  -0.00430327     0.010142   -0.0809551      0.03584   0.00044073   -0.0423066    0.0058632    -0.029288  -0.00334701   0.00776805    -0.070185    0.0390632  -0.00175175   -0.0488688   0.00828455   -0.0348586  -0.00229091   0.00530363   -0.0568615    0.0414155  -0.00382272   -0.0539821    0.0105423   -0.0396212  -0.00132088   0.00304956   -0.0403921    0.0426598  -0.00522285    -0.057574    0.0120699   -0.0431016 -0.000650644   0.00137385   -0.0223581    0.0429892  -0.00586291   -0.0595228    0.0127725   -0.0449877 -0.000322646  0.000465024  -0.00484779
========================================
primal_step_norm FAILED
Initialization finished.
Allocations finished.
Setup successful.
Solver is ready.
Starting solver...
Solver initialization verified.
Solver finished.
===== SQP Iteration: 4 =====
step_ (179 x 1): 
-0.000183917  0.000123262 -0.000187709 -0.000232426  -4.8767e-05 -0.000105021   0.00019573 -5.53833e-06 -3.26248e-05 -0.000270084  0.000143211 -0.000268943 -0.000292514 -9.07395e-05 -0.000155004  0.000436528  0.000135672    0.0083007 -0.000453174   0.00014239 -0.000277984 -0.000331111 -8.62354e-05 -0.000184777  0.000653585  0.000277744    0.0155094 -0.000718982  0.000133834 -0.000213945 -0.000356297 -3.55411e-05 -0.000201861  0.000843998  0.000408861    0.0217896  -0.00102004  0.000101413 -5.05125e-05 -0.000350505  6.26613e-05 -0.000204984   0.00100205  0.000481612    0.0273203  -0.00137832  8.71437e-05  0.000187359 -0.000339369  0.000216016 -0.000203611   0.00114607  0.000551191    0.0322221  -0.00179608  9.72102e-05  0.000478092 -0.000327547  0.000423303 -0.000200665   0.00128737  0.000592983    0.0364783  -0.00226827  0.000134658  0.000806665 -0.000319078  0.000683689 -0.000199613   0.00143959  0.000606234    0.0399316  -0.00279202  0.000198488   0.00115343 -0.000317754  0.000991905 -0.000204293   0.00161477   0.00059666    0.0423902  -0.00334727  0.000283516   0.00151484  -0.00032814   0.00134365 -0.000219958   0.00182235  0.000600797    0.0437574  -0.00393803  0.000385097   0.00186257 -0.000356522   0.00172131  -0.00025173    0.0020692  0.000613917    0.0440591 -0.000896121  -0.00408486 -1.66635e-06   0.00991863 -6.40418e-06  6.29444e-06    0.0105861      0.16699   -0.0126715  -0.00443789    0.0107157   0.00827469   0.00666821 -0.000264541    0.0121107     0.144505   -0.0230687  -0.00402804    0.0210046   0.00647559    0.0132031 -0.000831387    0.0140474     0.125931   -0.0251285  -0.00482652    0.0369753   0.00690592    0.0205839  -0.00109726    0.0156372     0.110915   -0.0342134  -0.00225006     0.045455    0.0038596    0.0271605  -0.00244947    0.0187032    0.0983056   -0.0407878  0.000801727     0.053865  0.000375198    0.0340016   -0.0039416    0.0220043    0.0853471   -0.0453136   0.00399431    0.0616114  -0.00319547    0.0405904  -0.00547855    0.0253415    0.0692346   -0.0484129   0.00685807    0.0678369  -0.00636485    0.0462885  -0.00682913    0.0283174     0.049276    -0.050118    0.0088052    0.0721973  -0.00852291    0.0504725  -0.00776113    0.0305068    0.0273857   -0.0507711   0.00975871    0.0744539   -0.0095835    0.0527402  -0.00823233    0.0316954   0.00600981
========================================
primal_step_norm SUCCESS
SOLVED , sqp_iter_: 4
AFTER initial_guess_[0].uk: [0.254969, 0.009463, -0.390062, 0.019317, -0.062209, -0.054437, -0.200247, -0.585807]
BEFORE initial_guess_[0].uk: [0.280646, 0.009297, -0.414071, 0.022936, -0.089887, -0.053481, -0.206148, -0.510842]
Initialization finished.
Allocations finished.
Setup successful.
Solver is ready.
Starting solver...
Solver initialization verified.
Solver finished.
===== SQP Iteration: 0 =====
step_ (179 x 1): 
 -0.00106101  2.28923e-05  -0.00106306 -4.68381e-05 -0.000385729 -1.57249e-05  2.39458e-05  -0.00179834 -1.48152e-05   0.00122196 -0.000252857    0.0011049  0.000162889  0.000568785  0.000176205 -7.95587e-05   0.00181667   0.00358398   0.00121625 -0.000366789   0.00110102  6.01254e-05  0.000935474  0.000238907 -7.95438e-06    0.0019121   0.00707201   0.00123541 -0.000497852   0.00123321 -3.61212e-05   0.00140277  0.000297502  8.69522e-05   0.00205868    0.0102058   0.00120175 -0.000600296     0.001431 -0.000149294   0.00194587  0.000344545  0.000216622   0.00223167    0.0130269   0.00114346 -0.000663143   0.00171017 -0.000282047   0.00256245  0.000378694   0.00038181   0.00245571    0.0155046   0.00110611 -0.000706309   0.00209746 -0.000420016   0.00324677  0.000402553  0.000574314   0.00272864    0.0175001   0.00112315 -0.000757404   0.00260167  -0.00054553   0.00398648  0.000420408  0.000782658    0.0030227    0.0188746   0.00112842 -0.000784907   0.00313668 -0.000682424    0.0047531  0.000429661   0.00100642   0.00332674    0.0195686   0.00217034 -0.000949948   0.00155461 -0.000659386   0.00458699  0.000333399  0.000286151   0.00367106    0.0195209    0.0020084  -0.00093418    0.0019396  -0.00084989   0.00529919  0.000319051  0.000516382   0.00373405    0.0197566   0.00603841   -0.0112554   -0.0119757   -0.0116993    0.0294833   0.00960043   0.00522613    0.0701964  -0.00641881  -0.00903287  -0.00638157    -0.016136    0.0396826   0.00805724   0.00880617    0.0696974  -0.00456834   -0.0103152    0.0106649   -0.0154201    0.0503813   0.00742631    0.0112441     0.062621   -0.0109715  -0.00788567    0.0199833    -0.018024    0.0588776   0.00568647    0.0149738     0.056372   -0.0161199   -0.0045774    0.0290062    -0.021002    0.0663447   0.00376341    0.0186683    0.0495173   -0.0151905  -0.00290811    0.0414381   -0.0218827    0.0731761    0.0022433    0.0215105    0.0398868  -0.00791549  -0.00355549    0.0572077   -0.0199904    0.0791104   0.00142816    0.0230893    0.0274836  -0.00888781  -0.00165823    0.0618346   -0.0214189     0.082038  0.000290166     0.024698    0.0138912   -0.0114389  0.000142151    0.0618184   -0.0230164    0.0827601 -0.000513444    0.0255247  0.000609913   -0.0110775 -8.19503e-05    0.0618498    -0.022541    0.0818523  -0.00054163    0.0250494   0.00470495
========================================
primal_step_norm SUCCESS
SOLVED , sqp_iter_: 0
AFTER initial_guess_[0].uk: [0.293780, -0.015183, -0.440118, -0.002510, -0.012935, -0.028423, -0.192508, -0.159861]
BEFORE initial_guess_[0].uk: [0.288107, -0.012260, -0.451994, -0.008137, -0.013337, -0.030734, -0.191359, -0.102908]
Initialization finished.
Allocations finished.
Setup successful.
Solver is ready.
Starting solver...
Solver initialization verified.
Solver finished.
===== SQP Iteration: 0 =====
step_ (179 x 1): 
 -0.00139005  2.74392e-05  -0.00139579 -6.54582e-05 -0.000501441 -1.33985e-05  3.64393e-05  -0.00230076 -1.46004e-05 -5.68673e-05  0.000133759 -7.37374e-05   5.3007e-05  0.000161518  0.000117692 -4.08387e-05  4.91782e-05   0.00315433 -0.000114757  0.000296434 -0.000128914  8.05678e-05  0.000335773   0.00022044  -6.8258e-05  8.65425e-05   0.00590581  -0.00018757  0.000464617 -0.000189244   0.00011006  0.000511394  0.000326862 -9.21402e-05  0.000133978    0.0083135 -0.000263595  0.000630549 -0.000249088  0.000142964  0.000692821  0.000437102 -0.000114293   0.00018524    0.0103947  -0.00035542  0.000812773 -0.000322486   0.00016588  0.000882229  0.000547817 -0.000129947  0.000251864    0.0121353  -0.00048245   0.00102924 -0.000426919  0.000166753   0.00107731  0.000655952 -0.000135445   0.00033975    0.0134901 -0.000584334   0.00122979 -0.000506808  0.000179166   0.00128041  0.000766926 -0.000141515  0.000406798    0.0144381 -0.000674113   0.00141579 -0.000571933  0.000200457   0.00148889  0.000878609 -0.000148029  0.000460986    0.0150064  0.000280922   0.00142962  -0.00221734  0.000251393   0.00152143  0.000893186 -0.000883482  0.000859384    0.0153866  0.000111309   0.00162495  -0.00236326  0.000246298   0.00169696  0.000990396 -0.000895164  0.000771804    0.0154749  -0.00342198    0.0123162  -0.00544877   0.00500134    0.0193104    0.0129266  -0.00458928    0.0630113  -0.00411813    0.0125885   -0.0042063    0.0057335    0.0194144    0.0133579  -0.00445889    0.0551274  -0.00497404    0.0130287  -0.00360497   0.00590745    0.0199157    0.0137348  -0.00417207    0.0482465  -0.00388448    0.0128364  -0.00200545   0.00633483    0.0210208    0.0142219  -0.00394814    0.0417088  -0.00587513    0.0141118  -0.00349037   0.00497229     0.021921    0.0143519  -0.00325337    0.0348889   -0.0113547    0.0168583  -0.00846891   0.00182842    0.0223819    0.0141106  -0.00212925    0.0271682  -0.00547638    0.0154599  -0.00257757   0.00376084    0.0240508    0.0148043   -0.0022889    0.0190218  -0.00246221    0.0142148  0.000684111   0.00518615    0.0251268    0.0152081  -0.00224197    0.0114127  -0.00275835    0.0139342  0.000590941   0.00541617    0.0253739    0.0152814  -0.00205204   0.00447409  -0.00258902    0.0136203  0.000688283   0.00584981     0.025033    0.0153228  -0.00222389   0.00175332
========================================
primal_step_norm SUCCESS
SOLVED , sqp_iter_: 0
AFTER initial_guess_[0].uk: [0.280664, 0.014527, -0.463845, 0.002741, 0.037063, 0.003004, -0.203337, 0.212149]
BEFORE initial_guess_[0].uk: [0.282935, 0.013671, -0.463442, 0.004274, 0.036324, 0.003139, -0.204115, 0.182782]
Initialization finished.
Allocations finished.
Setup successful.
Solver is ready.
Starting solver...
Solver initialization verified.
Solver finished.
===== SQP Iteration: 0 =====
step_ (179 x 1): 
 -0.00126968  1.92112e-05  -0.00127085 -5.54376e-05 -0.000443626 -2.01952e-05  3.11906e-05  -0.00210014  -1.5158e-05  6.29793e-05 -3.91185e-05  7.10078e-05  8.59611e-05 -7.62382e-05 -4.26377e-06 -1.64051e-05  3.62064e-05  -0.00218673  6.71363e-05 -2.97605e-05  6.25152e-05  0.000101126   -0.0001695 -1.75958e-05  1.98166e-06 -3.20684e-05  -0.00388744   0.00010319   -7.583e-06  7.76033e-05  0.000113856 -0.000258553 -3.55543e-05  1.79533e-05 -5.15967e-05  -0.00538623  0.000144042  2.36321e-05  9.15314e-05  0.000127125 -0.000356122 -5.62712e-05  3.05703e-05 -6.52635e-05  -0.00670389  0.000193871  5.40918e-05  0.000108487  0.000147204 -0.000464131 -7.69757e-05  3.73231e-05  -8.2652e-05  -0.00782613  0.000263519  7.43287e-05  0.000139084  0.000180705 -0.000581722 -9.47998e-05  3.57666e-05 -0.000107435  -0.00872266   0.00032794  9.28882e-05  0.000161197  0.000218042 -0.000710979 -0.000112264   3.1862e-05 -0.000128688  -0.00937607  0.000394044  0.000106614  0.000182087  0.000261624 -0.000850338 -0.000127259  2.49225e-05 -0.000149462  -0.00979049   0.00142219  0.000123137   -0.0014382  0.000367966 -0.000973464 -0.000125365 -0.000728208  0.000227505  -0.00971978   0.00134873   0.00015048  -0.00156147  0.000381279   -0.0011825 -0.000143315 -0.000737285 -3.15145e-05  -0.00978859  0.000571988  0.000988264   0.00106218   0.00108782   -0.0105922  0.000358418     0.003338   -0.0439824   0.00274855   0.00111664   0.00107877   0.00183603   -0.0108376  0.000131051   0.00272671   -0.0340466   0.00196012   0.00205904 -0.000859959   0.00178145   -0.0118942 -0.000346487   0.00247059   -0.0300057   0.00104675   0.00275619  -0.00258485   0.00199584   -0.0132352 -0.000704354   0.00211266   -0.0263767   0.00160929   0.00269035   -0.0028307   0.00300574   -0.0144945 -0.000766145   0.00143468   -0.0224608   0.00381999    0.0018972  -0.00142544   0.00477894   -0.0155441 -0.000544687  0.000454289   -0.0179384   0.00262794   0.00172265  -0.00307343   0.00543138   -0.0169848 -0.000661648 -8.61195e-06   -0.0130662   0.00290716   0.00130045  -0.00321331   0.00638311   -0.0181255 -0.000568262 -0.000668491  -0.00827492   0.00333443  0.000813132  -0.00309301   0.00728535    -0.019084  -0.00045068  -0.00125035  -0.00347663   0.00369054  0.000361667  -0.00292778   0.00801473   -0.0198068 -0.000351545  -0.00167091  -0.00138698
========================================
primal_step_norm SUCCESS
SOLVED , sqp_iter_: 0
AFTER initial_guess_[0].uk: [0.284179, 0.015821, -0.461132, 0.006640, 0.008678, 0.004074, -0.195403, -0.037130]
BEFORE initial_guess_[0].uk: [0.289356, 0.015653, -0.461568, 0.009762, 0.005935, 0.003620, -0.198090, -0.016455]
Initialization finished.
Allocations finished.
Setup successful.
Solver is ready.
Starting solver...
Solver initialization verified.
Solver finished.
===== SQP Iteration: 0 =====
step_ (179 x 1): 
 -0.00131146  1.02299e-05   -0.0013153 -4.26652e-05 -0.000462008 -1.36142e-05  2.20427e-05  -0.00219751 -1.58254e-05  4.78039e-05   -2.641e-05  6.46091e-05  6.78522e-05 -3.05219e-05  1.76354e-05 -2.06468e-06  4.15543e-05 -0.000424769  5.56998e-06 -9.29455e-06  4.08216e-05  6.17953e-05 -4.53951e-05  5.95035e-06  3.42011e-05 -8.46536e-06 -0.000539581 -4.62483e-06   1.0973e-05  4.73752e-05  5.46171e-05 -4.37859e-05 -6.80319e-06  7.13659e-05 -1.45327e-05 -0.000628888 -8.70974e-06   3.2326e-05  5.84895e-05  4.76273e-05 -3.72601e-05  -2.0109e-05  0.000108807 -2.07473e-05 -0.000717761  -7.1511e-06  5.27437e-05   7.3458e-05  4.29668e-05 -2.85389e-05 -3.33776e-05  0.000145468 -3.32795e-05 -0.000809809  -1.7595e-06   7.2543e-05  9.06426e-05  4.06694e-05 -2.03814e-05 -4.74534e-05  0.000182526 -4.84566e-05 -0.000905816  3.50924e-06  9.35331e-05  0.000106495  3.90608e-05 -1.48091e-05 -6.27668e-05  0.000220131 -6.23903e-05  -0.00100418  6.33687e-06  0.000115573  0.000118982  3.76315e-05 -1.34237e-05 -7.93283e-05  0.000257699 -7.40294e-05  -0.00110795   0.00104219  0.000145647  -0.00148648  0.000152565 -0.000152288 -9.23645e-05 -0.000467544  0.000293361  -0.00103431  0.000946508  0.000183932  -0.00157496  0.000115958  -0.00019926 -0.000123368 -0.000432782  0.000125184  -0.00102925  -0.00328871   0.00143611  -0.00055272  -0.00142858  -0.00194625  -0.00224537   0.00471132  -0.00863503  -0.00202184   0.00155535  0.000353185  -0.00136058 -0.000852192  -0.00209365   0.00443923  -0.00226787  -0.00111048   0.00172921   0.00104478  -0.00132491 -0.000176933  -0.00211699   0.00436862  -0.00175921  -0.00014399   0.00175866   0.00179329  -0.00112226  0.000312217  -0.00210345   0.00423356  -0.00175148  0.000849155   0.00166941    0.0025687 -0.000778371  0.000610857  -0.00206145   0.00403396  -0.00181676   0.00118662   0.00164413   0.00272927 -0.000544377  0.000499545  -0.00216997    0.0039972  -0.00189774  0.000873917   0.00174854   0.00228145 -0.000476364  9.55088e-05   -0.0023254   0.00397929  -0.00194612  0.000430546   0.00180615     0.001711 -0.000353259 -0.000478965  -0.00244442   0.00387672  -0.00205457  0.000289157   0.00165973   0.00142453  1.85217e-05  -0.00116099  -0.00247783   0.00363306  -0.00203234  0.000391905   0.00133082   0.00136163  0.000604597  -0.00194936  -0.00243002   0.00326027  9.00861e-05
========================================
primal_step_norm SUCCESS
SOLVED , sqp_iter_: 0
AFTER initial_guess_[0].uk: [0.282203, 0.018776, -0.462770, 0.006654, 0.000855, -0.002240, -0.185794, -0.059631]
BEFORE initial_guess_[0].uk: [0.286761, 0.019443, -0.462531, 0.009717, -0.001436, -0.002545, -0.188971, -0.033525]
Initialization finished.
Allocations finished.
Setup successful.
Solver is ready.
Starting solver...
Solver initialization verified.
Solver finished.
===== SQP Iteration: 0 =====
step_ (179 x 1): 
 -0.00158702   1.3084e-05  -0.00158457 -6.64852e-05 -0.000555722 -2.11145e-05  2.03614e-05  -0.00263579  -1.8175e-05  1.04636e-05 -2.72434e-05  3.27005e-05  1.98622e-05  7.65145e-05  9.54808e-06 -1.02199e-05 -3.48861e-05   0.00218884   4.8503e-06 -3.76479e-05  4.93932e-05  1.02893e-05  0.000190356  1.31949e-05   1.1663e-05 -6.74375e-05    0.0041463 -2.15657e-05 -4.46218e-05  5.29025e-05 -1.03644e-05  0.000314807  1.65198e-05  4.48708e-05 -7.96233e-05   0.00586378 -8.33581e-05 -3.95949e-05  2.87333e-05 -4.94258e-05  0.000447628  1.63537e-05  9.26215e-05 -6.64747e-05   0.00731942  -0.00014742 -3.20471e-05  6.18712e-06 -9.45963e-05  0.000590482  1.75276e-05  0.000145403 -4.86961e-05   0.00850339 -0.000215333  -2.1194e-05 -1.72924e-05 -0.000145043  0.000741348  1.91331e-05  0.000202984 -2.86658e-05   0.00942599  -0.00028659 -7.27308e-06 -4.23173e-05 -0.000199677  0.000898401  2.02959e-05  0.000264473 -7.09106e-06    0.0100983 -0.000360856  8.91987e-06 -6.94203e-05 -0.000257247   0.00105913  2.02284e-05  0.000328537  1.45612e-05    0.0105246  0.000600561  5.24063e-05   -0.0017032 -0.000195238   0.00106897  7.12061e-06 -0.000339412  0.000407167    0.0108931   0.00042547  8.92709e-05  -0.00183183 -0.000290754   0.00119019 -8.62998e-06 -0.000276092  0.000269442    0.0109546   0.00367115 -0.000687363   0.00593191   0.00154928    0.0116553  0.000459495   0.00192214     0.043746   0.00248831 -0.000995168   0.00570914  0.000576876    0.0130433  0.000685339   0.00277615    0.0392583 -0.000193988 -0.000759307   0.00397543 -0.000961871    0.0142095  0.000621794    0.0038657     0.034446  -0.00456037  4.00704e-05   0.00054792  -0.00308859    0.0150494  0.000261878   0.00519772    0.0291996  -0.00356149  0.000138823   0.00201639  -0.00370093    0.0164719  0.000537267   0.00552355    0.0237562  -0.00308995  0.000332312   0.00285904  -0.00431208    0.0176295  0.000684654   0.00587175    0.0185174  -0.00284755  0.000511911   0.00336042  -0.00478597    0.0185226  0.000752461   0.00617136    0.0135005  -0.00272736  0.000618976     0.003627  -0.00505319    0.0190974  0.000774133   0.00636784   0.00856653  -0.00318833  0.000769468   0.00323239  -0.00526873    0.0192019  0.000741348    0.0064565   0.00378267  -0.00300979  0.000536502   0.00333921  -0.00490134    0.0188728  0.000780039   0.00626506   0.00121355
========================================
primal_step_norm SUCCESS
SOLVED , sqp_iter_: 0
AFTER initial_guess_[0].uk: [0.294746, 0.017948, -0.449629, 0.013087, 0.028984, -0.001346, -0.183954, 0.185204]
BEFORE initial_guess_[0].uk: [0.299090, 0.016442, -0.446623, 0.015973, 0.028579, -0.000822, -0.185226, 0.160508]
Initialization finished.
Allocations finished.
Setup successful.
Solver is ready.
Starting solver...
Solver initialization verified.
Solver finished.
===== SQP Iteration: 0 =====
step_ (179 x 1): 
 -0.00144517  1.43243e-05  -0.00144535 -5.75264e-05 -0.000501934 -1.67948e-05  1.95414e-05  -0.00240463 -1.86084e-05  3.69525e-05 -4.15634e-05   7.8747e-05  8.84226e-05 -0.000125115  1.48109e-05 -2.33334e-05  7.56954e-05  -0.00271436  1.23003e-07 -3.56659e-05  7.65871e-05  0.000103006 -0.000239906 -1.28959e-06 -2.80965e-05  1.33941e-05   -0.0047944  1.93497e-05 -2.56535e-05  0.000123787  0.000127322 -0.000343111 -1.91003e-05 -3.82208e-05 -7.82731e-06   -0.0065666  4.90543e-05 -6.88138e-06  0.000176974  0.000155912 -0.000451839 -3.98295e-05 -5.06252e-05 -3.19823e-05  -0.00805891  8.51678e-05  1.70016e-05  0.000233374  0.000189571 -0.000568653 -6.25137e-05 -6.59503e-05 -6.08044e-05  -0.00928395  0.000125751   4.2859e-05  0.000292233  0.000228976 -0.000694863 -8.61948e-05 -8.46606e-05 -9.29797e-05    -0.010252  0.000175931  6.30751e-05  0.000359207  0.000278226 -0.000830572 -0.000109239 -0.000108082  -0.00013086   -0.0109656  0.000230705  7.91291e-05  0.000429674  0.000334716 -0.000976195 -0.000131424 -0.000135122 -0.000172146   -0.0114249   0.00125195  0.000131945  -0.00112992  0.000463446  -0.00113052 -0.000165411 -0.000839569  0.000180448   -0.0113848   0.00116211  0.000170479  -0.00120653  0.000471553  -0.00134687 -0.000206409  -0.00086955 -0.000101907   -0.0114543  -0.00359273  -0.00104782   0.00177551  0.000834359   -0.0119723  -0.00195623 -0.000144965   -0.0545957  -0.00313013  0.000443846   0.00136739  0.000986454   -0.0125406  -0.00263556 -0.000163517   -0.0416318 -0.000556304   0.00081908   0.00307745   0.00227317   -0.0128698  -0.00287311 -0.000676935   -0.0354713 -0.000289114   0.00158267   0.00277758   0.00280802   -0.0139199  -0.00331112 -0.000895933   -0.0298673 -0.000131392   0.00204771   0.00251252   0.00347324   -0.0151279  -0.00362614  -0.00123595   -0.0245143 -7.82631e-05   0.00225839   0.00228141    0.0042267   -0.0164348  -0.00383303  -0.00167883   -0.0193646   0.00104289    0.0018606   0.00318121   0.00552714   -0.0176189  -0.00384789  -0.00231849    -0.014267    0.0016455   0.00156205    0.0036192   0.00651209   -0.0188115  -0.00383596  -0.00291698  -0.00917111   0.00173606   0.00135673   0.00360779   0.00719038   -0.0198891  -0.00380978  -0.00343307  -0.00400742   0.00191694   0.00108186   0.00370129   0.00777688   -0.0206754  -0.00375705  -0.00384371  -0.00140363
========================================
primal_step_norm SUCCESS
SOLVED , sqp_iter_: 0
AFTER initial_guess_[0].uk: [0.291275, 0.014163, -0.442761, 0.017787, -0.002669, -0.005928, -0.185604, -0.112471]
BEFORE initial_guess_[0].uk: [0.300341, 0.014090, -0.437088, 0.023203, -0.004972, -0.006689, -0.187789, -0.072099]
Initialization finished.
Allocations finished.
Setup successful.
Solver is ready.
Starting solver...
Solver initialization verified.
Solver finished.
===== SQP Iteration: 0 =====
step_ (179 x 1): 
 -0.00148361  1.54428e-05  -0.00148408 -6.20634e-05 -0.000516792 -2.03677e-05  2.31777e-05  -0.00246061 -1.93545e-05  3.40169e-05 -4.61658e-05  8.85256e-05  4.35663e-05 -1.42337e-05  1.91857e-05  2.00088e-06  7.48435e-05 -0.000885978 -3.43027e-05 -4.95874e-05  7.63143e-05     2.81e-05 -1.74605e-05  2.12202e-05  2.16621e-05 -7.96763e-06   -0.0012937 -6.28275e-05 -4.70837e-05  0.000104994   1.1961e-05 -4.95706e-06  2.11013e-05  4.36818e-05 -2.56432e-05  -0.00162963 -7.49011e-05 -4.99888e-05  0.000150216  3.11386e-06  9.50376e-06    2.098e-05    6.524e-05 -4.55856e-05  -0.00192272 -8.57308e-05 -5.01131e-05  0.000196544 -4.67694e-06  2.29299e-05  1.98969e-05  8.76805e-05 -6.63089e-05  -0.00216975 -0.000106367 -3.96635e-05   0.00023292  -1.7373e-05  3.38358e-05  1.68907e-05  0.000112076 -8.07254e-05  -0.00238229 -0.000125045 -2.88816e-05  0.000270768 -2.78538e-05  4.22038e-05  1.35063e-05  0.000135576 -9.47351e-05  -0.00257143 -0.000143257 -1.84335e-05  0.000308514 -3.58933e-05  4.63332e-05  9.88973e-06  0.000157496 -0.000109667  -0.00274456   0.00086553  3.80407e-05  -0.00120893  9.55619e-05 -0.000123044 -2.62052e-05 -0.000535059  0.000229284  -0.00272345  0.000749406  6.69238e-05  -0.00127059  5.15423e-05 -0.000168361 -4.30285e-05 -0.000518938  4.78497e-05  -0.00271978  -0.00144046  -0.00158598   0.00579545 -0.000650256   0.00158131   0.00125035   0.00130232   -0.0179041  -0.00320622 -0.000449481   0.00426617  -0.00157504   0.00137673  0.000757215   0.00180197  -0.00813197  -0.00325495  2.02773e-05   0.00436179  -0.00170108    0.0013391  0.000441401   0.00207738  -0.00669878  -0.00115127 -0.000378663   0.00647777  -0.00077052   0.00144392  0.000369572   0.00203436  -0.00584395  -0.00114078 -0.000117948   0.00647556 -0.000703133    0.0011886  0.000166239   0.00212826  -0.00492416  -0.00306169  0.000755298   0.00453827  -0.00143516  0.000605325 -0.000152954   0.00232937  -0.00423398  -0.00294657  0.000802101   0.00456197  -0.00115751  0.000161525 -0.000250005   0.00220936  -0.00376479   -0.0029262  0.000785327   0.00450012 -0.000824831 -0.000441187  -0.00031414   0.00200424  -0.00344362  -0.00283117  0.000638207   0.00451569 -0.000355166  -0.00116753 -0.000318084   0.00168008  -0.00298503  -0.00266169  0.000375375   0.00460186   0.00023073  -0.00201213 -0.000271625   0.00125019  6.16266e-05
========================================
primal_step_norm SUCCESS
SOLVED , sqp_iter_: 0
AFTER initial_guess_[0].uk: [0.297208, 0.010640, -0.424483, 0.021789, -0.000845, -0.003425, -0.184390, -0.161619]
BEFORE initial_guess_[0].uk: [0.310968, 0.008982, -0.413746, 0.029655, -0.003091, -0.003894, -0.187284, -0.103162]
Initialization finished.
Allocations finished.
Setup successful.
Solver is ready.
Starting solver...
Solver initialization verified.
Solver finished.
===== SQP Iteration: 0 =====
step_ (179 x 1): 
 -0.00155471  1.15509e-05  -0.00155388 -5.93183e-05 -0.000539469 -1.51138e-05  2.31215e-05  -0.00257324 -1.95232e-05  2.02749e-05  -1.7284e-05  5.66624e-05  6.06384e-05 -4.87888e-05  9.77492e-06  4.34185e-06  0.000113313 -0.000571681 -2.76907e-05 -1.49122e-05  3.92658e-05  7.19853e-05 -7.98857e-05 -3.91643e-06  2.57837e-05  2.66819e-05 -0.000687038 -4.04135e-05   3.5499e-06   5.4909e-05  7.59259e-05 -8.56834e-05 -2.03904e-05  5.18665e-05  1.13667e-05 -0.000767413 -4.74936e-05  2.93493e-05   7.3964e-05  7.82337e-05 -8.23564e-05 -3.82853e-05  8.05593e-05  2.28863e-06 -0.000856018 -5.32636e-05  5.99762e-05  9.23522e-05  8.03221e-05 -7.43228e-05 -5.73878e-05  0.000110976 -7.17811e-06 -0.000954858 -5.84863e-05  9.38675e-05  0.000109592  8.29882e-05 -6.44657e-05 -7.76876e-05  0.000142294 -1.67091e-05  -0.00106368 -6.33869e-05  0.000129484  0.000125834  8.70247e-05 -5.52995e-05  -9.9075e-05   0.00017356 -2.60571e-05  -0.00118135 -6.86933e-05   0.00016543  0.000140568  9.31572e-05 -4.94992e-05 -0.000121423   0.00020375 -3.61241e-05   -0.0013124  0.000940534  0.000251313  -0.00135796   0.00024173 -0.000232616 -0.000178921 -0.000468735  0.000294333  -0.00127493  0.000844754  0.000305212  -0.00143541  0.000213208 -0.000274122 -0.000215826 -0.000443841  0.000131985  -0.00126467  -0.00760881   0.00173496  -0.00292786  -0.00118701  -0.00452923  -0.00323972   0.00292814   -0.0116199 -0.000305305  0.000264771   0.00378503   0.00144009  -0.00211797  -0.00263722   0.00240918  -0.00227931  -0.00116729   0.00146624   0.00262887  0.000617766  -0.00113766  -0.00285979   0.00287429  -0.00158308 -0.000884706   0.00201125   0.00260946  0.000547168  -0.00033256   -0.0029445   0.00310498  -0.00174936 -0.000686966   0.00236602   0.00254095  0.000651709  0.000147081  -0.00300825    0.0032305  -0.00195541 -0.000609355   0.00259669     0.002394  0.000859732    0.0002999  -0.00307078   0.00326487  -0.00215596  -0.00057634   0.00270576   0.00223953   0.00117267  0.000164928  -0.00312017   0.00318791  -0.00233347 -0.000571767   0.00270453   0.00209118   0.00157719 -0.000246393  -0.00315524   0.00299962  -0.00260111 -0.000463467   0.00255205   0.00207499   0.00212152 -0.000898284  -0.00315397   0.00268058  -0.00271964 -0.000302881   0.00229485   0.00213283   0.00274282  -0.00175668  -0.00311507   0.00224098  0.000193612
========================================
primal_step_norm SUCCESS
SOLVED , sqp_iter_: 0
AFTER initial_guess_[0].uk: [0.294419, 0.012755, -0.420114, 0.027073, -0.014912, -0.012350, -0.179642, -0.161261]
BEFORE initial_guess_[0].uk: [0.313699, 0.010257, -0.403958, 0.036953, -0.013912, -0.012199, -0.182696, -0.097937]
Initialization finished.
Allocations finished.
Setup successful.
Solver is ready.
Starting solver...
Solver initialization verified.
Solver finished.
===== SQP Iteration: 0 =====
step_ (179 x 1): 
 -0.00168164  1.15276e-05  -0.00168162 -6.62524e-05 -0.000591651 -2.17564e-05  2.42448e-05  -0.00277484 -2.01715e-05 -1.34751e-05   -3.404e-05  5.29732e-05 -7.02961e-06  3.29124e-05  3.10681e-05  1.37774e-05   8.3202e-05  0.000149656 -9.16052e-05 -5.49887e-05  4.28311e-05 -5.77804e-05   9.2899e-05  5.55711e-05  4.31269e-05  1.57893e-05  0.000538406 -0.000135431 -7.99832e-05  6.85819e-05 -0.000107618  0.000166952    8.004e-05  7.30728e-05  2.06898e-06  0.000862179 -0.000177902 -0.000106411  9.71862e-05 -0.000157768  0.000243012  0.000104418  0.000104452 -6.35299e-06   0.00110737 -0.000221892 -0.000133658   0.00012534 -0.000208105  0.000319824  0.000128831  0.000137149 -1.36006e-05   0.00128046   -0.0002671 -0.000161667  0.000152944 -0.000258125  0.000396867   0.00015337  0.000170744 -1.98473e-05   0.00138635  -0.00031338  -0.00019045   0.00018001 -0.000307357  0.000473361  0.000178127  0.000204688 -2.52514e-05   0.00142893 -0.000361127  -0.00022038  0.000205705 -0.000355077  0.000547819   0.00020322  0.000238072 -3.12493e-05   0.00140712  0.000605259 -0.000171712  -0.00126314 -0.000243423  0.000420714   0.00017242 -0.000410836  0.000294548    0.0015151  0.000468506 -0.000183867  -0.00132701  -0.00032814  0.000451844   0.00018447 -0.000382514    0.0001396   0.00153363  -0.00881095 -0.000376925  9.03232e-05  -0.00795289   0.00784352   0.00378865   0.00362593   0.00284011  -0.00494337   -0.0018804   0.00410038  -0.00644145    0.0086019    0.0041615   0.00312982   0.00782551  -0.00418797  -0.00224534   0.00507037  -0.00627483   0.00879966   0.00414875   0.00314048   0.00652042  -0.00412211    -0.002355    0.0053283  -0.00634143   0.00882625   0.00407294   0.00324376   0.00494426  -0.00418118  -0.00240998   0.00541545  -0.00639235   0.00879436   0.00400857   0.00332939   0.00349791  -0.00422962  -0.00246152   0.00546625  -0.00636616   0.00869366   0.00396035    0.0033738    0.0021499  -0.00428534   -0.0025168   0.00546743  -0.00625815   0.00849455   0.00393164   0.00335301  0.000880129  -0.00433345  -0.00260483   0.00543713  -0.00603825   0.00815277   0.00392729   0.00323834 -0.000411283  -0.00423735   -0.0028052   0.00551129  -0.00561418   0.00762334   0.00396031   0.00298758  -0.00150095  -0.00407071  -0.00308578     0.005615   -0.0050316   0.00684696   0.00401514   0.00258686  0.000357996
========================================
primal_step_norm SUCCESS
SOLVED , sqp_iter_: 0
AFTER initial_guess_[0].uk: [0.294535, 0.009438, -0.403761, 0.019655, 0.006559, -0.002310, -0.173232, -0.083737]
BEFORE initial_guess_[0].uk: [0.307086, 0.007557, -0.393108, 0.027048, 0.005483, -0.002587, -0.175918, -0.040987]
Initialization finished.
Allocations finished.
Setup successful.
Solver is ready.
Starting solver...
Solver initialization verified.
Solver finished.
===== SQP Iteration: 0 =====
step_ (179 x 1): 
 -0.00164022  6.70163e-06  -0.00163994 -5.87877e-05 -0.000572368 -1.81505e-05  2.66461e-05  -0.00270242 -2.03508e-05  7.70216e-05 -4.83702e-05  0.000111074   8.9549e-05 -7.11446e-05  2.30081e-05 -3.56274e-05  0.000142817  -0.00189885  5.07436e-06 -4.46737e-05  6.81499e-05  0.000104886 -0.000152889  1.49028e-05 -4.58828e-05  1.83812e-05  -0.00289848  1.94129e-06 -2.83659e-05  9.00789e-05   0.00011857  -0.00020486  1.45448e-06 -5.03441e-05 -5.15519e-06  -0.00369029  1.05966e-05 -3.19587e-06   0.00012052  0.000132063 -0.000250863 -1.58243e-05 -5.06826e-05 -2.00929e-05  -0.00435864  2.35839e-05  2.76862e-05  0.000152574  0.000146725  -0.00029608 -3.59417e-05 -4.86826e-05 -3.70238e-05  -0.00491891   3.9869e-05  6.18142e-05  0.000185518  0.000163612 -0.000343178 -5.81523e-05 -4.59373e-05 -5.60465e-05  -0.00537981  5.84156e-05  9.74344e-05  0.000219075  0.000183284 -0.000394334 -8.18928e-05 -4.37917e-05 -7.61264e-05  -0.00574707   7.7916e-05  0.000133179  0.000252146  0.000205946 -0.000451433 -0.000106661 -4.33498e-05 -9.71211e-05  -0.00602907   0.00106989  0.000210663  -0.00117902  0.000351795  -0.00065644 -0.000161101  -0.00070247  0.000209772  -0.00601938  0.000990023  0.000265798  -0.00124691  0.000336965 -0.000766215 -0.000200926 -0.000708177  2.19554e-05  -0.00603048  -0.00229433  -0.00029272    0.0021749   0.00137593   -0.0076613 -0.000735354  -0.00219857   -0.0382056   -0.0013817  0.000650209   0.00247364   0.00138671  -0.00701843   -0.0014569  -0.00141914   -0.0199988 -0.000846344   0.00157192   0.00249526   0.00128032  -0.00647569   -0.0021036 -0.000755571   -0.0158429 -0.000510795   0.00225383   0.00239559   0.00133853  -0.00623763  -0.00261179 -0.000297726   -0.0133712 -0.000255556   0.00269343   0.00228408   0.00157823  -0.00628724  -0.00299049 -5.18468e-05    -0.011206 -7.28577e-05   0.00293668   0.00216438   0.00195379  -0.00661326  -0.00326844  8.23084e-06  -0.00921482 -2.60978e-06    0.0030381   0.00199393   0.00240635  -0.00719025  -0.00346585  -9.2761e-05  -0.00733717 -3.64233e-05   0.00302593   0.00177678   0.00290687  -0.00797155  -0.00358957 -0.000336827  -0.00562717 -1.58694e-06    0.0028624   0.00167647   0.00350578  -0.00888228   -0.0036307 -0.000715386  -0.00382921  0.000108465   0.00259184   0.00168919   0.00415018  -0.00984759  -0.00360395  -0.00118262  -0.00023231
========================================
primal_step_norm SUCCESS
SOLVED , sqp_iter_: 0
AFTER initial_guess_[0].uk: [0.302095, 0.006920, -0.388378, 0.030041, -0.014513, -0.004506, -0.181656, -0.232015]
BEFORE initial_guess_[0].uk: [0.307337, 0.009161, -0.385845, 0.034201, -0.016855, -0.007433, -0.181356, -0.133229]
Initialization finished.
Allocations finished.
Setup successful.
Solver is ready.
Starting solver...
Solver initialization verified.
Solver finished.
===== SQP Iteration: 0 =====
step_ (179 x 1): 
 -0.00186684  6.42784e-06  -0.00186624 -7.01132e-05 -0.000662525 -2.62378e-05  2.88518e-05  -0.00305653 -2.08994e-05 -1.81806e-05 -3.40036e-05  8.14015e-05 -1.51363e-05   6.0424e-05  2.99694e-05  4.61185e-05  6.09188e-05    0.0007793 -0.000116262 -4.70576e-05  9.00066e-05 -7.86949e-05  0.000150621  5.17977e-05  0.000112022 -1.14608e-05   0.00169036 -0.000187344 -6.47451e-05  0.000132422 -0.000142486  0.000256725  7.51563e-05  0.000177097 -2.55202e-05   0.00244441 -0.000262538  -8.5747e-05  0.000177035 -0.000206782  0.000366902  9.98158e-05  0.000242208   -3.191e-05   0.00303609 -0.000343706 -0.000109481  0.000221611 -0.000271219  0.000480012  0.000125486  0.000307592  -3.4959e-05   0.00347754 -0.000429554 -0.000136078   0.00026672 -0.000334903    0.0005955  0.000152039  0.000373054 -3.60776e-05   0.00377837 -0.000519789 -0.000165462  0.000312351 -0.000397091  0.000712193  0.000179324  0.000438171 -3.63643e-05   0.00394604 -0.000615439 -0.000197794  0.000356966 -0.000457057  0.000827638  0.000207153  0.000502399 -3.81054e-05   0.00398346  0.000298011 -0.000174681  -0.00100985 -0.000349946  0.000720377  0.000184342  -0.00010591  0.000258213   0.00410638  0.000136412 -0.000207058  -0.00102664 -0.000432397   0.00079798  0.000201815 -5.02869e-05   0.00011799    0.0041293   -0.0066807 -0.000678832   0.00656088  -0.00783007    0.0118804   0.00352442      0.00729    0.0154715  -0.00630161  -0.00141441   0.00790359  -0.00757757    0.0123959    0.0039014   0.00694669    0.0182927  -0.00657746  -0.00182094   0.00854167    -0.007604    0.0127769   0.00412492   0.00680455    0.0151447  -0.00711754  -0.00208501   0.00884863  -0.00767932    0.0130572   0.00427509   0.00675237    0.0118903  -0.00763789  -0.00230643   0.00910312  -0.00768168    0.0132814   0.00439161   0.00672582   0.00887897  -0.00802462  -0.00253858   0.00942086  -0.00755148    0.0134402   0.00449307   0.00668423   0.00606001  -0.00839967  -0.00276622   0.00968961  -0.00731829    0.0134673   0.00457823   0.00660758    0.0033905  -0.00883593  -0.00300543   0.00984379  -0.00697525    0.0132559   0.00463589   0.00648278  0.000779391  -0.00635715  -0.00437394    0.0127791  -0.00513794     0.013141   0.00494983    0.0059215  -0.00132618  -0.00641911  -0.00471395    0.0128683  -0.00449783    0.0123121   0.00500615   0.00551868  0.000445691
========================================
primal_step_norm SUCCESS
SOLVED , sqp_iter_: 0
AFTER initial_guess_[0].uk: [0.292806, 0.007684, -0.371575, 0.017170, 0.014153, 0.001765, -0.162329, -0.055871]
BEFORE initial_guess_[0].uk: [0.294358, 0.008589, -0.370136, 0.020621, 0.011457, 0.000053, -0.163261, -0.015069]
Initialization finished.
Allocations finished.
Setup successful.
Solver is ready.
Starting solver...
Solver initialization verified.
Solver finished.
===== SQP Iteration: 0 =====
step_ (179 x 1): 
 -0.00143607  3.66581e-06  -0.00143522 -4.69747e-05 -0.000537113   -1.878e-05  1.95571e-05  -0.00237675  -2.0946e-05   0.00032828 -9.13956e-05  0.000316861  0.000188499 -0.000154584  3.89465e-05 -0.000117422  0.000456658  -0.00731257  0.000173195 -0.000121512  0.000135816  0.000287055 -0.000423143  2.72568e-05 -0.000189649  9.10057e-05    -0.010913  0.000201818 -0.000117316  0.000126279  0.000381027 -0.000625611 -2.11153e-06 -0.000250325  -1.5305e-05   -0.0133785   0.00028507 -8.38683e-05  0.000160482  0.000471573 -0.000810302 -4.46837e-05 -0.000302229 -6.86336e-05   -0.0152862  0.000388436 -2.65667e-05  0.000204951  0.000560741 -0.000992091 -9.70619e-05 -0.000348485 -0.000120253   -0.0167762  0.000504051  5.03102e-05  0.000252743  0.000649934  -0.00117572 -0.000156651 -0.000391888 -0.000177145   -0.0179065  0.000629125  0.000143682  0.000301974  0.000739677  -0.00136305 -0.000221356 -0.000434828 -0.000237353   -0.0187168   0.00074609  0.000263677  0.000336552  0.000820867  -0.00155611 -0.000291418 -0.000476179 -0.000288398   -0.0192534   0.00177859  0.000415381 -0.000996342   0.00101597  -0.00187528 -0.000385054  -0.00113592 -3.81794e-05   -0.0193351   0.00178631  0.000577037  -0.00107629   0.00105113  -0.00211698 -0.000474562  -0.00118094 -0.000263563   -0.0193318  -0.00207858  -0.00316684  -0.00358883    0.0102819   -0.0181266   7.1849e-05  -0.00815715    -0.146539  3.91824e-05  -0.00149388  -0.00339414    0.0110426   -0.0192226  -0.00223086  -0.00711495   -0.0721062   0.00181664   0.00109196  -0.00323842    0.0104589   -0.0192448  -0.00459714  -0.00583791   -0.0494072   0.00326925   0.00345706  -0.00323645   0.00988869   -0.0193798  -0.00654537  -0.00491865   -0.0382396   0.00452723    0.0054464  -0.00329033   0.00953946   -0.0198544   -0.0080787  -0.00438234   -0.0298668   0.00559005   0.00710194   -0.0034138   0.00938328   -0.0206758  -0.00924977  -0.00418819   -0.0226557   0.00643393   0.00849441  -0.00364054   0.00935681    -0.021758   -0.0100937  -0.00430181   -0.0162391   0.00434021    0.0106628  -0.00662109   0.00818231   -0.0233913   -0.0109083  -0.00434057   -0.0107445   0.00383884    0.0118373  -0.00763954   0.00807212   -0.0248013   -0.0112873  -0.00477708  -0.00588039   0.00403714    0.0120546  -0.00763644   0.00859594   -0.0260291   -0.0113796  -0.00535839  6.03225e-05
========================================
primal_step_norm FAILED
Initialization finished.
Allocations finished.
Setup successful.
Solver is ready.
Starting solver...
Solver initialization verified.
Solver finished.
===== SQP Iteration: 1 =====
step_ (179 x 1): 
 -0.00143024 -1.01964e-05  -0.00142875 -3.70336e-05 -0.000514017 -1.17911e-05  8.66861e-06  -0.00236293 -1.12538e-05 -0.000257662   7.2962e-05 -0.000137936 -9.95963e-05  8.23797e-05 -2.24175e-05  4.20261e-05 -0.000431217    0.0100508 -0.000149566  0.000115325  0.000104113 -0.000172374  0.000299168 -4.62316e-06  6.91891e-05 -0.000121243    0.0156639 -0.000238393  0.000119125  0.000161037 -0.000248395  0.000451965  3.23675e-05  8.54431e-05 -3.54417e-05     0.019893 -0.000370547  8.95468e-05  0.000184159 -0.000327151   0.00059684  8.27102e-05  9.34113e-05  4.56474e-05    0.0232869  -0.00052134  3.44771e-05  0.000196417 -0.000410847    0.0007448  0.000141854  9.70783e-05  0.000145398    0.0259788 -0.000684927 -3.90765e-05   0.00020194 -0.000501073  0.000899824  0.000206344  0.000100407  0.000262274    0.0280315 -0.000858906 -0.000126967   0.00020207 -0.000597239   0.00106335  0.000273899  0.000106336  0.000390057    0.0294885  -0.00105414  -0.00022668  0.000184339 -0.000697868   0.00123038   0.00034323  0.000116956  0.000503864    0.0303905  -0.00133527 -0.000340109   8.3172e-05 -0.000798897   0.00137292   0.00041468  0.000132799  0.000485894    0.0308309  -0.00158732 -0.000457826  1.23666e-05 -0.000900427   0.00153065  0.000486557  0.000153178  0.000524603    0.0308787   0.00660713   0.00651194    0.0224293   -0.0103569    0.0168762  -0.00216498   0.00514772     0.201423   -0.0017071   0.00434029    0.0161697   -0.0121904    0.0170021  0.000739397   0.00426865      0.11248   -0.0066192   0.00118635    0.0128415   -0.0121787    0.0167649   0.00361162   0.00302729     0.084785  -0.00901188  -0.00181894    0.0117125   -0.0117227    0.0170859   0.00597683   0.00205609    0.0680566   -0.0103713  -0.00426827    0.0113745   -0.0113935    0.0179133   0.00779857   0.00148094    0.0539945   -0.0112763  -0.00615969    0.0112848   -0.0112632    0.0191017    0.0091394   0.00128909     0.041186   -0.0117999  -0.00767428    0.0113879   -0.0111736    0.0204946    0.0100973   0.00139282      0.02925   -0.0122512  -0.00889844    0.0113991   -0.0110801     0.021855    0.0107482   0.00169351    0.0181235   -0.0123867   -0.0100598    0.0115725   -0.0107491    0.0229622    0.0111834   0.00202824   0.00883838   -0.0124243   -0.0105094    0.0116907   -0.0107255    0.0237355    0.0113523   0.00234247  0.000942148
========================================
primal_step_norm FAILED
Initialization finished.
Allocations finished.
Setup successful.
Solver is ready.
Starting solver...
Solver initialization verified.
Solver finished.
===== SQP Iteration: 2 =====
step_ (179 x 1): 
-0.000717217  1.19814e-05 -0.000714542 -4.81738e-05 -0.000238545 -1.91996e-05  2.50672e-05  -0.00116203  -6.3773e-06 -3.81833e-05 -2.80913e-05 -0.000110351 -0.000164273  0.000179163  1.42151e-05  0.000144071 -0.000141581   0.00058959  8.30167e-05 -8.13867e-05 -6.04421e-05 -0.000270258    0.0003868  5.98329e-05  0.000261473 -7.14539e-05   0.00108765  0.000133885 -0.000138614  -7.8623e-05 -0.000371656  0.000570728  0.000111671  0.000376707 -0.000106046   0.00147159  0.000158398 -0.000196016 -0.000121552 -0.000472314  0.000749153  0.000167574  0.000490349  -0.00016312   0.00179209  0.000169561 -0.000253906 -0.000176352 -0.000573435  0.000926993  0.000225938  0.000602681 -0.000225032   0.00206452  0.000174447 -0.000314906 -0.000236651 -0.000674399    0.0011057  0.000285559  0.000713895 -0.000290897     0.002293  0.000175743 -0.000379455 -0.000300196 -0.000775998   0.00128564  0.000345172  0.000825101 -0.000360191   0.00247908  0.000169261  -0.00044603 -0.000370678 -0.000879965   0.00146501  0.000403495  0.000937932 -0.000437862   0.00262229  0.000119016 -0.000514526 -0.000483377  -0.00098694   0.00162924  0.000459804    0.0010541 -0.000584982   0.00270541  8.21178e-05 -0.000581303   -0.0005823  -0.00109857   0.00179894  0.000512875   0.00117534 -0.000699271   0.00272133     0.013213  -0.00424404   0.00348627   -0.0153914    0.0214404    0.0061282    0.0114094    0.0120253    0.0132893  -0.00423928   0.00381514   -0.0157042    0.0215502    0.0061361    0.0116419    0.0100795    0.0118317  -0.00413665   0.00260769   -0.0162297    0.0214063   0.00611553    0.0119973   0.00778879   0.00951873  -0.00388328  0.000542257   -0.0169957    0.0212099   0.00605298    0.0124617    0.0065077   0.00752146  -0.00377276  -0.00124423   -0.0176026    0.0211283   0.00601381    0.0129185   0.00553364   0.00648796  -0.00397226   -0.0021219   -0.0178115    0.0212265   0.00603534    0.0132872   0.00464107    0.0060173  -0.00428791  -0.00247558   -0.0178384    0.0214299   0.00607534    0.0135898   0.00377961   0.00568353  -0.00452845  -0.00271592   -0.0178988    0.0216558   0.00609306    0.0138501   0.00290734   0.00562913  -0.00472974  -0.00270329   -0.0179292    0.0218858   0.00610054    0.0140325   0.00167736   0.00537429  -0.00478203  -0.00291907   -0.0180181    0.0219703   0.00608929    0.0141392  0.000311659
========================================
primal_step_norm SUCCESS
SOLVED , sqp_iter_: 2
AFTER initial_guess_[0].uk: [0.332945, 0.006634, -0.321575, -0.013019, 0.064153, 0.010585, -0.141337, 0.319479]
BEFORE initial_guess_[0].uk: [0.320586, 0.005605, -0.333001, -0.012069, 0.057783, 0.010919, -0.141784, 0.240101]
Initialization finished.
Allocations finished.
Setup successful.
Solver is ready.
Starting solver...
Solver initialization verified.
Solver finished.
===== SQP Iteration: 0 =====
step_ (179 x 1): 
  -0.0022795  1.16745e-06  -0.00227863 -9.00842e-05  -0.00081681 -2.61968e-05  3.25095e-05  -0.00369127 -2.22174e-05 -5.20707e-05   3.7133e-06 -5.90064e-05  0.000163066 -0.000168466 -1.81084e-05 -9.85943e-05  5.40042e-05  -0.00200683 -9.65505e-05  6.72546e-05 -0.000115978  0.000235841 -0.000276056 -9.27568e-05 -0.000144998  7.93818e-05  -0.00357698 -0.000101683  0.000143411 -0.000139539  0.000311336 -0.000366972 -0.000171622  -0.00018385  0.000116921  -0.00489322 -9.30918e-05  0.000228931 -0.000154291  0.000392114 -0.000453465 -0.000252021 -0.000217379  0.000141117  -0.00596886  -7.6434e-05   0.00032275 -0.000164258  0.000478943 -0.000539527 -0.000332328 -0.000248336  0.000158611   -0.0068085 -5.28788e-05  0.000423322 -0.000170151  0.000572655 -0.000627839 -0.000411499  -0.00028002  0.000173529   -0.0074153 -6.01568e-06  0.000528644 -0.000154996  0.000674016  -0.00071424 -0.000489128 -0.000315992  0.000212118  -0.00779539  0.000171653  0.000637572 -1.20237e-05  0.000783498 -0.000759835 -0.000566125 -0.000360083   0.00044806   -0.0079985   0.00105089  0.000717864  -0.00141657   0.00088683 -0.000833136 -0.000610045 -0.000940094  0.000773617  -0.00776578  0.000926779   0.00084537  -0.00157683  0.000972515  -0.00100683 -0.000693939  -0.00100457  0.000479791  -0.00781533   -0.0138552   0.00121974   -0.0145557    0.0186064   -0.0167173  -0.00734753  -0.00719276   -0.0410268  -0.00870946    0.0025485   -0.0103833    0.0189304   -0.0145621  -0.00785664  -0.00670411   -0.0315111  -0.00476474    0.0036313  -0.00725225     0.019311   -0.0131026  -0.00822205  -0.00641464   -0.0264217  -0.00218518   0.00462571  -0.00533122     0.019576   -0.0123144  -0.00850157  -0.00628127   -0.0215994 -0.000851435   0.00561961  -0.00451235    0.0196414   -0.0120995  -0.00873558  -0.00627164   -0.0168696  -0.00019242   0.00652308  -0.00425044    0.0196418   -0.0122924  -0.00892172  -0.00639119   -0.0122032  0.000372747   0.00722632  -0.00398917    0.0197319   -0.0127127   -0.0090482  -0.00663953  -0.00765431    0.0013803   0.00758508  -0.00321619    0.0201002   -0.0131877  -0.00909082  -0.00701232  -0.00406058  0.000997488   0.00809047   -0.0037591    0.0201952   -0.0139646  -0.00914525  -0.00733111 -0.000887991   0.00119525    0.0080383  -0.00365659    0.0207018    -0.014558  -0.00909697  -0.00765707   -0.0010062
========================================
primal_step_norm SUCCESS
SOLVED , sqp_iter_: 0
AFTER initial_guess_[0].uk: [0.290451, 0.008258, -0.364660, 0.028400, 0.014151, -0.008258, -0.160557, 0.034967]
BEFORE initial_guess_[0].uk: [0.291631, 0.009653, -0.364839, 0.030810, 0.013466, -0.009170, -0.160223, 0.047616]
Initialization finished.
Allocations finished.
Setup successful.
Solver is ready.
Starting solver...
Solver initialization verified.
Solver finished.
===== SQP Iteration: 0 =====
step_ (179 x 1): 
 -0.00149032  6.31856e-07   -0.0014896 -4.82429e-05 -0.000561392 -2.22709e-05  1.73549e-05   -0.0024705 -2.35037e-05  0.000482699 -0.000123892  0.000490885  0.000263323 -0.000101356  7.60283e-05 -0.000168508  0.000671374     -0.01193  0.000234979 -0.000180468  0.000246159  0.000402922 -0.000433151  9.47447e-05 -0.000287583  0.000138518   -0.0177998  0.000231517 -0.000190763  0.000243605  0.000532715 -0.000691134    8.205e-05 -0.000394909 -4.44625e-05   -0.0216606  0.000310266 -0.000161305  0.000322457  0.000654873 -0.000931765  4.57123e-05 -0.000493821 -0.000136834   -0.0245821  0.000416619 -9.91836e-05  0.000429445  0.000772655  -0.00117525 -7.86138e-06 -0.000588146   -0.0002196   -0.0268524  0.000535769 -1.04625e-05  0.000550317  0.000888879  -0.00142759 -7.33777e-05 -0.000681314 -0.000307786    -0.028587  0.000656321  0.000103044  0.000674739   0.00100354  -0.00169131 -0.000146435 -0.000775887  -0.00040199   -0.0298629  0.000781558  0.000224768  0.000807046   0.00112347  -0.00196649  -0.00022216 -0.000875306 -0.000504994   -0.0307315    0.0018125  0.000417905 -0.000436104   0.00136751  -0.00233322 -0.000341175  -0.00156991 -0.000283912   -0.0309534   0.00182733  0.000561498 -0.000409756   0.00144757  -0.00267116 -0.000435257   -0.0016817 -0.000607007   -0.0309946  -0.00613273  -0.00487911  -0.00514842    0.0139654   -0.0188973   0.00768483   -0.0127996     -0.23894  -0.00399743  -0.00323304  -0.00362951    0.0152657   -0.0234148   0.00349468   -0.0121547    -0.117553  -0.00241355  0.000132806   -0.0022986    0.0142642   -0.0253702 -0.000743811   -0.0109594   -0.0773726 -0.000982178   0.00324978 -0.000952742    0.0133011   -0.0268704  -0.00422993    -0.010182   -0.0585657  9.35647e-05   0.00591561  0.000169614    0.0126289   -0.0284841  -0.00698133  -0.00984352   -0.0455147  0.000785328   0.00813816    0.0010226    0.0122586   -0.0303066  -0.00907662  -0.00989178   -0.0347715  0.000290612    0.0102493  0.000812088    0.0117986   -0.0323448   -0.0106232   -0.0102208   -0.0255663  0.000896274    0.0110113   0.00183622    0.0123543    -0.034258   -0.0115087    -0.010962   -0.0173912   0.00368092    0.0105105   0.00506614    0.0142405   -0.0357501   -0.0117655   -0.0120525  -0.00899484    0.0034982    0.0107124   0.00503534    0.0147142   -0.0371826   -0.0119536   -0.0127363 -0.000828276
========================================
primal_step_norm FAILED
Initialization finished.
Allocations finished.
Setup successful.
Solver is ready.
Starting solver...
Solver initialization verified.
Solver finished.
===== SQP Iteration: 1 =====
step_ (179 x 1): 
 -0.00171823 -1.95782e-05   -0.0017192 -4.10116e-05 -0.000620813 -1.72848e-05  2.99073e-05  -0.00278824 -9.99264e-06 -0.000384755  6.16771e-05 -0.000220265 -0.000123783 -1.69219e-05 -3.26126e-05 -6.13471e-06  -0.00052542    0.0137943 -0.000250125  9.74859e-05  9.40188e-05 -0.000219374  0.000180385 -9.20101e-06 -4.86373e-05 -7.20526e-05    0.0209025  -0.00035907  8.42392e-05  0.000173434 -0.000315612   0.00030629  4.29305e-05 -0.000104755  9.32328e-05    0.0258905 -0.000528176  2.85262e-05  0.000199244 -0.000413248  0.000424584  0.000115591 -0.000171468  0.000237782    0.0297715 -0.000718495 -6.29313e-05  0.000208584 -0.000513473  0.000549196  0.000202873 -0.000244855  0.000398718    0.0328108 -0.000922036 -0.000181954  0.000208252  -0.00061866  0.000684417  0.000300023 -0.000320881  0.000577294    0.0351206  -0.00113378 -0.000324461  0.000201782 -0.000728325  0.000831547  0.000403621 -0.000395964  0.000768147      0.03678  -0.00135501 -0.000484311  0.000186116 -0.000839886  0.000987974  0.000511747 -0.000468004  0.000953719    0.0378477  -0.00167276  -0.00065237  7.16893e-05 -0.000955983   0.00112012  0.000623024 -0.000534524  0.000999777    0.0383877  -0.00195338 -0.000826973 -6.44817e-06  -0.00106945   0.00127073  0.000736392 -0.000597596   0.00110408     0.038443   0.00606719    0.0058592    0.0282193   -0.0126206    0.0101536  -0.00265441    -0.004634     0.276255  -0.00345482   0.00347523    0.0204159   -0.0145393    0.0126468   0.00177522  -0.00533791     0.142387  -0.00913841 -0.000570558    0.0159269   -0.0138522    0.0134406   0.00616701   -0.0066942    0.0999716   -0.0122698  -0.00442387    0.0136739   -0.0128174    0.0143567   0.00976861  -0.00773363    0.0778088    -0.013773  -0.00780441    0.0127984   -0.0118451    0.0156985     0.012601  -0.00836876    0.0609508   -0.0148039     -0.01051    0.0122002   -0.0112622    0.0173401    0.0147172  -0.00856109    0.0463349   -0.0152107   -0.0128154    0.0120451   -0.0107967    0.0191325    0.0162278  -0.00838153    0.0333019   -0.0150567    -0.014479    0.0122129   -0.0103974    0.0209264    0.0172438  -0.00796229    0.0214426   -0.0160952    -0.015168    0.0110332   -0.0106602    0.0222594    0.0177603  -0.00733937    0.0108316     -0.01548   -0.0157334    0.0115899   -0.0104279    0.0232904    0.0180394  -0.00695711   0.00109401
========================================
primal_step_norm FAILED
Initialization finished.
Allocations finished.
Setup successful.
Solver is ready.
Starting solver...
Solver initialization verified.
Solver finished.
===== SQP Iteration: 2 =====
step_ (179 x 1): 
-0.000861905  4.37336e-06  -0.00086021 -4.40804e-05 -0.000302236 -2.01219e-05  3.36649e-05  -0.00138449 -4.74987e-06 -3.81234e-05 -5.13948e-05 -0.000187869 -0.000176242  0.000129193  2.17802e-05  0.000125869 -0.000223392  0.000603018  0.000152956 -0.000123069 -0.000146876 -0.000297244  0.000319312  7.78137e-05  0.000215081 -0.000143059   0.00108934   0.00025828 -0.000201332 -0.000190021 -0.000411684  0.000477786  0.000141689  0.000300951 -0.000191612   0.00143739  0.000329361 -0.000283363 -0.000266155  -0.00052256  0.000626071  0.000211399  0.000384485   -0.0002741   0.00171803  0.000383082 -0.000368107 -0.000358909 -0.000632519  0.000771776  0.000284878  0.000466662 -0.000361512   0.00195585  0.000428506 -0.000458264 -0.000460228 -0.000741425   0.00091768   0.00036053  0.000548491 -0.000451158   0.00215779  0.000472118 -0.000556504 -0.000563892 -0.000848567   0.00106535  0.000437025   0.00063073 -0.000544683   0.00232588  0.000513864 -0.000659469 -0.000670053  -0.00095727   0.00121567  0.000512279  0.000716613 -0.000640046   0.00245881   0.00050089 -0.000762425 -0.000828834  -0.00107273   0.00135143  0.000584299  0.000809378 -0.000808833   0.00253788  0.000502918 -0.000864558 -0.000971422  -0.00119335   0.00149828  0.000652386  0.000911265 -0.000939952   0.00255356    0.0200603    -0.005459 -3.78967e-07   -0.0184949    0.0205131    0.0071714   0.00981117    0.0122816    0.0202673  -0.00547083  0.000354118   -0.0188423    0.0205909   0.00723889   0.00995056   0.00986731     0.018607  -0.00548961   -0.0011614   -0.0193093    0.0203249   0.00730892    0.0102192   0.00709122    0.0159945  -0.00543224  -0.00363265   -0.0199469    0.0199876   0.00735523    0.0106058   0.00572635    0.0133927  -0.00544002  -0.00611654   -0.0205344    0.0197445   0.00740466    0.0110268   0.00485298     0.011896  -0.00579859  -0.00754805    -0.020676    0.0197172   0.00751438    0.0113627   0.00411848    0.0116168  -0.00646853  -0.00781392   -0.0203861     0.019893   0.00767212    0.0115866    0.0034249    0.0114439  -0.00695263  -0.00800032   -0.0202172    0.0201028   0.00777526    0.0117911    0.0027047    0.0108263   -0.0070579  -0.00863732   -0.0204224    0.0202358   0.00777616     0.012012   0.00159697    0.0108563   -0.0072348  -0.00861212   -0.0203464    0.0203475   0.00780483    0.0120815  0.000305535
========================================
primal_step_norm SUCCESS
SOLVED , sqp_iter_: 2
AFTER initial_guess_[0].uk: [0.335120, -0.000089, -0.314661, -0.006491, 0.044184, 0.022677, -0.180117, 0.295601]
BEFORE initial_guess_[0].uk: [0.320763, -0.001199, -0.327481, -0.005455, 0.037078, 0.022989, -0.180451, 0.214884]
Initialization finished.
Allocations finished.
Setup successful.
Solver is ready.
Starting solver...
Solver initialization verified.
Solver finished.
===== SQP Iteration: 0 =====
step_ (179 x 1): 
 -0.00259874 -7.68323e-06  -0.00259537 -9.97546e-05 -0.000922801 -3.43927e-05  4.40707e-05  -0.00415395 -2.36696e-05 -7.60458e-05  7.06022e-05 -5.25588e-05  0.000143984 -6.45315e-05 -5.38824e-05  4.13581e-05  4.11205e-05  -0.00224997 -0.000134776  0.000191107 -9.48279e-05  0.000208723 -9.83691e-05 -0.000170288  0.000154358  7.40063e-05  -0.00402346 -0.000157294  0.000324175 -0.000103328  0.000277098 -0.000114432 -0.000291576  0.000274309  0.000111119  -0.00552185 -0.000169659  0.000466954 -0.000102886  0.000351927 -0.000126259 -0.000414953  0.000398762   0.00012748  -0.00675873 -0.000175096  0.000618397 -9.54104e-05  0.000434585 -0.000138357 -0.000538539  0.000524549  0.000133071  -0.00774013  -0.00017407  0.000777794 -8.07735e-05  0.000525334 -0.000154095 -0.000661389   0.00064825  0.000136453  -0.00847248  -0.00016871  0.000950344 -6.00726e-05  0.000620204 -0.000175153 -0.000783711  0.000766466  0.000153895  -0.00896199 -2.38639e-05   0.00112645  0.000100675  0.000727121 -0.000158121 -0.000904831  0.000872677  0.000374846  -0.00925342  0.000825348   0.00122045  -0.00124904  0.000857829 -0.000257668 -0.000961765  0.000298807   0.00069301  -0.00910318   0.00067195   0.00141227  -0.00138484  0.000939568 -0.000387279  -0.00109137  0.000375339  0.000368632  -0.00916111   -0.0163876   0.00579371    -0.013563    0.0183983   -0.0121947   -0.0128102   0.00948669   -0.0458639   -0.0102854   0.00693912  -0.00798955    0.0190439  -0.00969924   -0.0133834   0.00970212   -0.0355719  -0.00599987   0.00801596   -0.0040625    0.0195727  -0.00803862   -0.0138171    0.0097815   -0.0300576  -0.00319441   0.00903236  -0.00146664    0.0200026  -0.00711577   -0.0141427   0.00972274    -0.024817  -0.00166345    0.0100631  -1.0285e-05    0.0202652  -0.00681374   -0.0144035   0.00955148   -0.0196987 -0.000893902    0.0110427  0.000796954    0.0204603  -0.00696663   -0.0146059   0.00926613   -0.0147077  -0.00183465     0.012413  2.15271e-05    0.0200538  -0.00758482    -0.014865    0.0090229  -0.00983804 -0.000725091     0.012784   0.00133658    0.0206996  -0.00807198   -0.0148911   0.00850162  -0.00582298  -0.00103729    0.0130801   0.00118338    0.0210379  -0.00888614   -0.0149323   0.00807449  -0.00210106 -0.000951487    0.0129271   0.00139072    0.0216392  -0.00951921   -0.0148854   0.00770078   -0.0011747
========================================
primal_step_norm SUCCESS
SOLVED , sqp_iter_: 0
AFTER initial_guess_[0].uk: [0.285120, 0.011402, -0.356981, 0.034561, 0.005250, -0.010445, -0.155691, -0.014435]
BEFORE initial_guess_[0].uk: [0.286721, 0.012397, -0.355177, 0.037683, 0.004913, -0.011575, -0.156035, 0.006241]
Initialization finished.
Allocations finished.
Setup successful.
Solver is ready.
Starting solver...
Solver initialization verified.
Solver finished.
===== SQP Iteration: 0 =====
step_ (179 x 1): 
 -0.00175547 -1.81733e-06  -0.00175463 -5.93471e-05 -0.000660807 -2.78921e-05  2.10951e-05  -0.00288365 -2.62396e-05  0.000495064 -0.000123986  0.000506395  0.000273263 -0.000135734  7.45645e-05 -0.000187963   0.00064501   -0.0112825  0.000243502  -0.00018249  0.000259425  0.000417131 -0.000474641  8.41763e-05 -0.000304247  0.000101312   -0.0168635  0.000249578 -0.000188752  0.000264869    0.0005511 -0.000730205  6.33593e-05 -0.000406511  -7.1653e-05   -0.0206343  0.000335365 -0.000150003  0.000346208  0.000677498 -0.000966123  1.98517e-05 -0.000498405 -0.000159317   -0.0235375  0.000442007 -6.97665e-05  0.000445913  0.000797066  -0.00120346 -4.05704e-05  -0.00058318 -0.000240464   -0.0258236  0.000565689   3.2799e-05  0.000561142   0.00091835  -0.00144697 -0.000111669 -0.000666319 -0.000331656   -0.0276002  0.000680957  0.000163066  0.000668575   0.00103256  -0.00170016 -0.000191053 -0.000747716 -0.000420714   -0.0289319   0.00081719  0.000292075   0.00079975   0.00115944  -0.00195983 -0.000271875 -0.000834351 -0.000516422   -0.0298424   0.00180672  0.000517303 -0.000411883   0.00142827  -0.00234049 -0.000410684  -0.00150786 -0.000294436   -0.0301255   0.00179974  0.000682973 -0.000420363    0.0014953  -0.00266396 -0.000517339  -0.00160027 -0.000623444   -0.0301612  -0.00756838  -0.00529483   -0.0060061    0.0141804   -0.0190311   0.00597728   -0.0118176    -0.225966  -0.00399068  -0.00347905  -0.00343031    0.0157193   -0.0225004   0.00190996   -0.0109058     -0.11177  -0.00219426  0.000390125  -0.00227279    0.0145509   -0.0239234  -0.00224185  -0.00947902   -0.0755681 -0.000591055   0.00398624  -0.00115423    0.0134587   -0.0250941  -0.00565884  -0.00852536   -0.0581946 -0.000148723   0.00742789  -0.00105044    0.0122972   -0.0265696  -0.00842246  -0.00798227   -0.0458268   0.00152779   0.00935274  0.000444368    0.0122885   -0.0281167   -0.0103735  -0.00807552   -0.0356087 -0.000760285    0.0117154   -0.0017505    0.0110266   -0.0303332   -0.0120196  -0.00819571   -0.0266834   0.00193995    0.0117391   0.00129681      0.01259   -0.0319697   -0.0127114  -0.00914577   -0.0182284   0.00172698    0.0122503   0.00133395    0.0129927    -0.033815    -0.013232  -0.00991262  -0.00961304   0.00179917    0.0123365   0.00158838    0.0136031   -0.0352188   -0.0134132   -0.0106401 -0.000719597
========================================
primal_step_norm FAILED
Initialization finished.
Allocations finished.
Setup successful.
Solver is ready.
Starting solver...
Solver initialization verified.
Solver finished.
===== SQP Iteration: 1 =====
step_ (179 x 1): 
 -0.00191132 -2.65977e-05  -0.00190978 -4.63287e-05 -0.000698808 -2.20547e-05  1.77923e-05  -0.00309505 -1.05715e-05 -0.000345793  6.23372e-05 -0.000228618 -0.000139098  1.07776e-05 -2.91326e-05  1.09531e-05 -0.000551809    0.0133061 -0.000158525  9.89448e-05  8.79662e-05 -0.000246804  0.000238504  3.92668e-06 -2.53372e-06 -9.82653e-05    0.0201991  -0.00023244  7.93137e-05  0.000150329 -0.000355182  0.000381881  6.52182e-05 -3.05801e-05  4.21508e-05    0.0251547 -0.000364857  1.06578e-05  0.000158993 -0.000465206  0.000513904  0.000146346 -6.96768e-05   0.00016718    0.0290605 -0.000515972  -0.00010171  0.000152184 -0.000577284  0.000649606  0.000241648 -0.000115551  0.000311728    0.0321479 -0.000679171 -0.000242935  0.000134356  -0.00069596  0.000794344  0.000345889 -0.000162529  0.000478994    0.0345233  -0.00085048 -0.000406021  0.000107228 -0.000818984  0.000949094   0.00045633 -0.000207435   0.00065303    0.0362513  -0.00103997 -0.000578578  5.94805e-05 -0.000950287   0.00111228  0.000569956 -0.000245906  0.000827137    0.0373548   -0.0013186 -0.000764242 -7.84797e-05  -0.00108125   0.00125189  0.000687761 -0.000277813  0.000861392    0.0378966  -0.00157377 -0.000953939 -0.000193093  -0.00121163    0.0014066  0.000807517 -0.000303195  0.000945417    0.0379518    0.0125216   0.00653068    0.0281654   -0.0148447    0.0148989  -0.00156314  0.000198102     0.266515   0.00120279   0.00392243    0.0183219   -0.0170523    0.0159268   0.00285627 -0.000621637     0.138098  -0.00483649 -0.000708677    0.0132413     -0.01623    0.0158597   0.00726114  -0.00209902    0.0993342  -0.00815857  -0.00513463    0.0105849   -0.0151051    0.0161886    0.0108759  -0.00323104     0.078313  -0.00948439  -0.00919984   0.00968393   -0.0139398    0.0171309    0.0137405  -0.00395145    0.0619187   -0.0105591   -0.0120599    0.0087814   -0.0134312    0.0184596    0.0158213  -0.00412606    0.0476537    -0.010484    -0.014241   0.00876023   -0.0129526    0.0201466     0.017328  -0.00395406    0.0346789   -0.0113584   -0.0153367   0.00761625   -0.0132289    0.0217496    0.0182419   -0.0034022    0.0221596    -0.011136   -0.0164086    0.0076775    -0.012876     0.023158    0.0188784  -0.00291288    0.0108705   -0.0111167   -0.0167908    0.0076154   -0.0128815    0.0240735    0.0191298  -0.00248091    0.0010916
========================================
primal_step_norm FAILED
Initialization finished.
Allocations finished.
Setup successful.
Solver is ready.
Starting solver...
Solver initialization verified.
Solver finished.
===== SQP Iteration: 2 =====
step_ (179 x 1): 
  -0.0009326  7.69317e-06  -0.00093143 -4.38511e-05 -0.000344521 -2.09444e-05  1.44563e-05  -0.00153804 -3.26811e-06 -3.46639e-05  -5.7751e-05 -0.000162261 -0.000190889  0.000135958  2.93002e-05  0.000122893 -0.000232669   0.00059271     0.000163 -0.000141578 -9.37498e-05 -0.000327714  0.000348975  9.39998e-05  0.000230566 -0.000125191   0.00102692  0.000262982 -0.000233289 -0.000121722  -0.00045859  0.000525466  0.000166669  0.000336976 -0.000166844   0.00132718  0.000327578 -0.000330184 -0.000184127 -0.000586163   0.00069115  0.000245596  0.000442857 -0.000242768   0.00156848  0.000377345 -0.000434225 -0.000260943 -0.000710947  0.000854226  0.000329152  0.000548692 -0.000325328   0.00177401  0.000417924 -0.000544806 -0.000346629 -0.000834691    0.0010178  0.000415403  0.000655441 -0.000408945    0.0019497  0.000451501 -0.000661517 -0.000439039  -0.00095901   0.00118332  0.000502438  0.000764658 -0.000495399   0.00209531  0.000471793 -0.000778685 -0.000544597  -0.00108975   0.00135125  0.000587822  0.000878616 -0.000581398   0.00220875  0.000444679 -0.000899048  -0.00069737  -0.00122459   0.00150733  0.000671524  0.000997262 -0.000737241   0.00227639   0.00042836  -0.00102025 -0.000839894  -0.00136286   0.00167278  0.000753351   0.00112062 -0.000867679   0.00228967    0.0173005  -0.00710098  1.34439e-06   -0.0210448    0.0228273   0.00823989    0.0124177    0.0120342    0.0179492  -0.00721304  0.000755635   -0.0213068    0.0228849   0.00835463    0.0124035   0.00881892    0.0166034  -0.00735106 -0.000486361    -0.021701    0.0225797   0.00846785     0.012544   0.00613045    0.0142359  -0.00742377  -0.00275255   -0.0222807    0.0222079   0.00855237    0.0128267   0.00493524    0.0124682  -0.00780302  -0.00445806   -0.0225312     0.022017   0.00868722    0.0131018   0.00420351    0.0111458  -0.00825235  -0.00576161   -0.0226373    0.0219762   0.00882836    0.0133737   0.00359088    0.0105905  -0.00878268  -0.00635064   -0.0225272    0.0221008   0.00898033     0.013592   0.00297359   0.00953502  -0.00896147  -0.00744555   -0.0227899    0.0221881   0.00902928    0.0138619   0.00231362   0.00962021  -0.00927798  -0.00737971   -0.0226859    0.0224099   0.00910139    0.0139975   0.00136916   0.00966879  -0.00945481  -0.00733943   -0.0226093    0.0225229   0.00913622    0.0140639  0.000258986
========================================
primal_step_norm SUCCESS
SOLVED , sqp_iter_: 2
AFTER initial_guess_[0].uk: [0.335123, -0.000359, -0.306977, -0.009534, 0.053707, 0.021452, -0.153952, 0.269156]
BEFORE initial_guess_[0].uk: [0.320304, -0.001763, -0.320143, -0.008138, 0.045600, 0.021936, -0.154862, 0.181461]
Initialization finished.
Allocations finished.
Setup successful.
Solver is ready.
Starting solver...
Solver initialization verified.
Solver finished.
===== SQP Iteration: 0 =====
step_ (179 x 1): 
 -0.00293877 -1.69331e-05  -0.00293616 -0.000111986  -0.00105367 -4.29155e-05  4.53819e-05  -0.00465084  -2.5397e-05 -0.000131932  5.57841e-05  -0.00013654   0.00016317 -8.17656e-05 -5.42103e-05   2.7365e-05  6.91542e-05  -0.00227738 -0.000199465  0.000178491 -0.000210526  0.000245291 -0.000145913 -0.000176017  7.74006e-05  9.90444e-05  -0.00405426   -0.0002248  0.000317837 -0.000243502  0.000332165 -0.000189311 -0.000302756  0.000133264  0.000137436  -0.00555211 -0.000236473  0.000471643 -0.000262913  0.000425956 -0.000226572 -0.000431779  0.000192027  0.000157225   -0.0067868 -0.000244886  0.000642796 -0.000278412  0.000525312  -0.00026425 -0.000561694  0.000251126  0.000166209  -0.00776779 -0.000243261  0.000826103 -0.000282163  0.000632457 -0.000304463 -0.000691224  0.000306311  0.000179511  -0.00850386 -0.000220933   0.00101089 -0.000262885  0.000754836 -0.000350795 -0.000818572  0.000351962   0.00018924  -0.00899441 -6.38229e-05   0.00120514 -0.000107851  0.000884056 -0.000360026 -0.000947078  0.000386484  0.000407093  -0.00928789  0.000781154   0.00131441  -0.00144918   0.00102756 -0.000471377  -0.00101324 -0.000177444  0.000725276  -0.00918153  0.000628016   0.00153334  -0.00160046   0.00112411 -0.000628559  -0.00115219 -0.000168987   0.00039181  -0.00922951   -0.0161751   0.00645195   -0.0165325    0.0211686   -0.0160524   -0.0133719   0.00116801   -0.0464413  -0.00918035   0.00765928   -0.0099118    0.0221253   -0.0131487   -0.0139808   0.00152772   -0.0356461  -0.00486194   0.00911073  -0.00578436    0.0225895   -0.0112271   -0.0145008   0.00179908   -0.0300525  -0.00214073    0.0105495   -0.0031144    0.0229126   -0.0100994   -0.0149049   0.00190221   -0.0247782  -0.00156304    0.0123208  -0.00244281    0.0226897  -0.00974958   -0.0153022   0.00194105   -0.0196942  -0.00141171    0.0136801  -0.00205819     0.022621  -0.00986846   -0.0155976   0.00179221   -0.0147841  2.93855e-05    0.0142036 -0.000313766     0.023363   -0.0101251   -0.0156901   0.00134469  -0.00986122 -0.000178931    0.0149885 -0.000291241     0.023365   -0.0107515   -0.0158631  0.000990884  -0.00586691  -0.00030782    0.0152268  -0.00023089    0.0237588    -0.011529     -0.01591  0.000547238  -0.00243476 -0.000195495    0.0150493  2.11465e-05    0.0243816   -0.0121792   -0.0158669  0.000155881 -0.000976527
========================================
primal_step_norm SUCCESS
SOLVED , sqp_iter_: 0
AFTER initial_guess_[0].uk: [0.285123, 0.012270, -0.356101, 0.037903, 0.003703, -0.012964, -0.151813, -0.050745]
BEFORE initial_guess_[0].uk: [0.288290, 0.013104, -0.352280, 0.042080, 0.003543, -0.014005, -0.152377, -0.023562]
Initialization finished.
Allocations finished.
Setup successful.
Solver is ready.
Starting solver...
Solver initialization verified.
Solver finished.
===== SQP Iteration: 0 =====
step_ (179 x 1): 
  -0.0019225 -5.76141e-06   -0.0019218 -6.35474e-05 -0.000723573 -3.09307e-05  2.20551e-05  -0.00314507 -2.92225e-05  0.000592245 -0.000137395  0.000632115  0.000317222 -8.68921e-05  0.000100982 -0.000217367  0.000759645   -0.0129975  0.000267885 -0.000198527  0.000342067  0.000480332 -0.000450938  0.000120699 -0.000359185  0.000112536   -0.0191223  0.000239353 -0.000193807  0.000343989  0.000627106 -0.000717962  0.000103375 -0.000483002 -9.58079e-05   -0.0231068  0.000309365 -0.000144932  0.000442714  0.000765735 -0.000960635  5.89531e-05 -0.000594315 -0.000199388   -0.0261392  0.000409757 -6.06564e-05  0.000571414  0.000898498  -0.00120354 -5.26044e-06 -0.000697613 -0.000293206   -0.0285233   0.00050742   5.9932e-05  0.000698755   0.00102032  -0.00145523 -8.47473e-05 -0.000794863 -0.000386399   -0.0303791  0.000629907  0.000186401  0.000854837   0.00115216   -0.0017145 -0.000171128 -0.000894582  -0.00048894   -0.0317537  0.000752387  0.000324126   0.00101389    0.0012858  -0.00198475 -0.000261784 -0.000996613  -0.00059744   -0.0326711   0.00172696  0.000573014 -0.000157958   0.00157441  -0.00238779 -0.000420233  -0.00167605 -0.000387033   -0.0329726   0.00170373  0.000749049 -0.000140736   0.00164289   -0.0027271 -0.000539937  -0.00178439  -0.00073537   -0.0329893  -0.00890357  -0.00631612  -0.00353519    0.0171814   -0.0190991   0.00824092   -0.0151823    -0.260255  -0.00701951  -0.00356527  -0.00245014    0.0179085   -0.0236542   0.00330836   -0.0138799     -0.12266  -0.00573704   0.00128848  -0.00163843    0.0159686   -0.0253739  -0.00168166   -0.0120326   -0.0798594  -0.00321374   0.00476604  0.000640064    0.0148904    -0.026558  -0.00569209   -0.0108639   -0.0607922   -0.0018328   0.00769797   0.00197353    0.0139127   -0.0280079  -0.00887732   -0.0102299   -0.0478004  -0.00373877    0.0107524  0.000270998    0.0121079   -0.0301182    -0.011517  -0.00982841   -0.0372006 -0.000783719    0.0113743   0.00371412     0.013227   -0.0317975   -0.0130287   -0.0104113   -0.0275461  -0.00093075    0.0124199   0.00393806    0.0132474   -0.0338675   -0.0141914   -0.0110058   -0.0183712 -0.000968721    0.0129509   0.00419631     0.013575   -0.0357323   -0.0148475   -0.0117724  -0.00963791  -0.00101804    0.0131095   0.00435648    0.0140532   -0.0372219   -0.0151335   -0.0124708 -0.000338694
========================================
primal_step_norm FAILED
Initialization finished.
Allocations finished.
Setup successful.
Solver is ready.
Starting solver...
Solver initialization verified.
Solver finished.
===== SQP Iteration: 1 =====
step_ (179 x 1): 
 -0.00194343 -3.41437e-05  -0.00194236 -3.71236e-05  -0.00070506 -1.73718e-05  1.92703e-05   -0.0031283 -1.18793e-05 -0.000366719  0.000146387 -0.000385141  -0.00012117 -3.09725e-05 -7.19392e-05  1.78518e-05  -0.00074645    0.0140092 -9.37967e-07  0.000258422 -2.86147e-05 -0.000211037   0.00022304 -8.05809e-05  6.05777e-06  -0.00012874    0.0202071  1.27807e-05  0.000290446 -1.86256e-05 -0.000288804  0.000350697 -5.33856e-05 -2.54396e-05  3.74122e-05    0.0243668 -4.05524e-05  0.000257822 -7.32249e-05   -0.0003561  0.000454189  -9.8767e-07 -7.40171e-05  0.000167245    0.0275689 -0.000111311  0.000177179 -0.000144745 -0.000418164  0.000553325  6.85764e-05  -0.00013407  0.000318172    0.0300446 -0.000191522  6.18955e-05 -0.000226846 -0.000478356  0.000653283  0.000149633  -0.00020055  0.000486603    0.0318911 -0.000280571 -7.55743e-05 -0.000320208  -0.00054046  0.000757127  0.000237724 -0.000268829  0.000669777    0.0331456 -0.000385067 -0.000232859 -0.000430516 -0.000600423  0.000860581  0.000330911  -0.00033639  0.000840526    0.0338354 -0.000565221 -0.000406624 -0.000617931  -0.00065675  0.000939087  0.000428261  -0.00040127  0.000897884    0.0341123 -0.000730873 -0.000587045 -0.000791109 -0.000710566   0.00102443  0.000527557 -0.000463157  0.000984208    0.0340959    0.0271996    0.0145774    0.0247669   -0.0159809    0.0144251  -0.00985595  0.000614173     0.280537    0.0126522    0.0105716    0.0114143   -0.0170367    0.0142231  -0.00451598 -0.000655232     0.124161   0.00491126   0.00419388   0.00438771   -0.0145799    0.0127338  0.000816059  -0.00282155     0.083387   0.00165973  -0.00149191    0.0014678   -0.0117136    0.0119876   0.00523158  -0.00471849    0.0642111  5.80032e-06  -0.00593569  -0.00010737  -0.00942355     0.011869   0.00861344  -0.00603096    0.0496599 -0.000824129  -0.00926857  -0.00106964  -0.00770709    0.0122968    0.0111264  -0.00680773    0.0370536  -0.00165387   -0.0115408  -0.00219626  -0.00666392    0.0130748    0.0128966  -0.00709227    0.0251929   -0.0017671   -0.0134727  -0.00250899  -0.00544803    0.0139625    0.0141564  -0.00711433    0.0138749  -0.00225237   -0.0148979  -0.00311097  -0.00441578    0.0145959    0.0149598  -0.00695238   0.00556772  -0.00220576   -0.0155349  -0.00311957  -0.00396009    0.0152117    0.0153281  -0.00674068 -0.000337635
========================================
primal_step_norm FAILED
Initialization finished.
Allocations finished.
Setup successful.
Solver is ready.
Starting solver...
Solver initialization verified.
Solver finished.
===== SQP Iteration: 2 =====
step_ (179 x 1): 
  -0.0011015 -4.73808e-06  -0.00110257 -5.00233e-05 -0.000404616 -1.33615e-05  1.65235e-05  -0.00180281 -3.71483e-07 -0.000160085  -2.2852e-05 -0.000185011 -0.000146697  0.000141206  1.93147e-05  3.33197e-05  -0.00023891   0.00137275 -1.20723e-05 -6.03471e-05 -5.99226e-05 -0.000236708  0.000380574  6.46321e-05  5.20137e-05  -4.7055e-05   0.00239295   1.3851e-05 -0.000104695 -5.65287e-05 -0.000325936  0.000572574   0.00011462  7.32417e-05 -3.97106e-05   0.00310492 -6.84168e-06 -0.000152862 -9.90711e-05 -0.000417188  0.000749951  0.000167664  9.86427e-05  -6.8544e-05    0.0036675 -4.89454e-05 -0.000209329 -0.000162928 -0.000508854   0.00092315  0.000222986  0.000128041  -0.00010224    0.0041419 -9.91677e-05 -0.000279072  -0.00023531 -0.000596818   0.00109595  0.000280375   0.00016022 -0.000142529   0.00454235  -0.00015791 -0.000356751 -0.000316932 -0.000685649    0.0012707  0.000337836  0.000195958 -0.000182246   0.00487161 -0.000219939 -0.000442875 -0.000402369 -0.000773479   0.00144807  0.000394846  0.000233574  -0.00022825   0.00512885  -0.00032638 -0.000532917 -0.000532611 -0.000863376   0.00161279  0.000450329  0.000272354  -0.00034585   0.00528087 -0.000420399 -0.000623573 -0.000650755 -0.000955569   0.00178451  0.000503188  0.000310055  -0.00044306    0.0053099   0.00323848  -0.00341938   2.2823e-06   -0.0114764    0.0238938   0.00558861   0.00204257    0.0275437   0.00632767   -0.0035317   0.00318718   -0.0116916    0.0240411   0.00576817   0.00190198     0.020519   0.00541821   -0.0037727   0.00237706    -0.012062    0.0233995   0.00599849   0.00199634    0.0143504   0.00246757  -0.00395409 -0.000472218   -0.0127065    0.0225751   0.00621625   0.00231622    0.0113518  0.000800068  -0.00466273   -0.0021315   -0.0126422    0.0221429   0.00657641   0.00257313   0.00957577  0.000808585  -0.00580947  -0.00221176   -0.0119033    0.0221355   0.00702905   0.00274246   0.00808344  0.000224195  -0.00658452  -0.00289954   -0.0115981    0.0222185   0.00734756   0.00302965    0.0066464  0.000495889  -0.00736667  -0.00270073   -0.0111201    0.0225283   0.00762399    0.0032528   0.00519198  0.000351856   -0.0076964  -0.00290394   -0.0110872    0.0228238   0.00774325   0.00350316   0.00305864  0.000168987  -0.00785608  -0.00311568   -0.0110855    0.0229767    0.0077952   0.00364289  0.000574708
========================================
primal_step_norm SUCCESS
SOLVED , sqp_iter_: 2
AFTER initial_guess_[0].uk: [0.335128, 0.023635, -0.306097, 0.019730, 0.053707, -0.003634, -0.185068, 0.215567]
BEFORE initial_guess_[0].uk: [0.314744, 0.021762, -0.324541, 0.022203, 0.039729, -0.002884, -0.186536, 0.090526]
Initialization finished.
Allocations finished.
Setup successful.
Solver is ready.
Starting solver...
Solver initialization verified.
Solver finished.
QP solve FAILED : 7 
QP_MaxIterReached
NOT SOLVED , sqp_iter_: 0
===================================================
================ QP did not solved ================
================ Max Iter reached ==================
===================================================
AFTER initial_guess_[0].uk: [0.314744, 0.021762, -0.324541, 0.022203, 0.039729, -0.002884, -0.186536, 0.090526]
====================================================================
[MPC] Generating a new initial guess based on maximum deceleration.
----------------------------------------------------
Step 0 - Current Input: [0.298530, 0.018754, -0.339009, 0.026362, 0.026558, -0.001837, -0.188962, -5.206165], ddq: [-5.000000, -5.000000, 5.000000, -5.000000, -5.000000, 5.000000, 5.000000], dVs: [-5.206165]
Step 0 - Current State: [q: 0.066147, 0.002367 -0.110861 -1.565633 0.001764 1.570044 0.712749, s: 0.020233, vs: 0.060413]
Next State: [q: 0.069132, 0.002555 -0.114251 -1.565369 0.002029 1.570026 0.710859, s: 0.020577, vs: 0.008352]
----------------------------------------------------
----------------------------------------------------
Step 1 - Current Input: [0.248530, 0.000000, -0.289009, 0.000000, 0.000000, 0.000000, -0.138962, -0.000017], ddq: [-5.000000, 0.000000, 5.000000, 0.000000, 0.000000, 0.000000, 5.000000], dVs: [-0.000017]
Step 1 - Current State: [q: 0.069132, 0.002555 -0.114251 -1.565369 0.002029 1.570026 0.710859, s: 0.020577, vs: 0.008352]
Next State: [q: 0.071618, 0.002555 -0.117141 -1.565369 0.002029 1.570026 0.709470, s: 0.020661, vs: 0.008352]
----------------------------------------------------
----------------------------------------------------
Step 2 - Current Input: [0.198530, 0.000000, -0.239009, 0.000000, 0.000000, 0.000000, -0.088962, 0.001119], ddq: [-5.000000, 0.000000, 5.000000, 0.000000, 0.000000, 0.000000, 5.000000], dVs: [0.001119]
Step 2 - Current State: [q: 0.071618, 0.002555 -0.117141 -1.565369 0.002029 1.570026 0.709470, s: 0.020661, vs: 0.008352]
Next State: [q: 0.073603, 0.002555 -0.119531 -1.565369 0.002029 1.570026 0.708580, s: 0.020744, vs: 0.008363]
----------------------------------------------------
----------------------------------------------------
Step 3 - Current Input: [0.148530, 0.000000, -0.189009, 0.000000, 0.000000, 0.000000, -0.038962, 0.001120], ddq: [-5.000000, 0.000000, 5.000000, 0.000000, 0.000000, 0.000000, 5.000000], dVs: [0.001120]
Step 3 - Current State: [q: 0.073603, 0.002555 -0.119531 -1.565369 0.002029 1.570026 0.708580, s: 0.020744, vs: 0.008363]
Next State: [q: 0.075088, 0.002555 -0.121422 -1.565369 0.002029 1.570026 0.708190, s: 0.020828, vs: 0.008374]
----------------------------------------------------
----------------------------------------------------
Step 4 - Current Input: [0.098530, 0.000000, -0.139009, 0.000000, 0.000000, 0.000000, 0.000000, 0.001122], ddq: [-5.000000, 0.000000, 5.000000, 0.000000, 0.000000, 0.000000, 0.000000], dVs: [0.001122]
Step 4 - Current State: [q: 0.075088, 0.002555 -0.121422 -1.565369 0.002029 1.570026 0.708190, s: 0.020828, vs: 0.008374]
Next State: [q: 0.076074, 0.002555 -0.122812 -1.565369 0.002029 1.570026 0.708190, s: 0.020912, vs: 0.008385]
----------------------------------------------------
----------------------------------------------------
Step 5 - Current Input: [0.048530, 0.000000, -0.089009, 0.000000, 0.000000, 0.000000, 0.000000, -0.029394], ddq: [-5.000000, 0.000000, 5.000000, 0.000000, 0.000000, 0.000000, 0.000000], dVs: [-0.029394]
Step 5 - Current State: [q: 0.076074, 0.002555 -0.122812 -1.565369 0.002029 1.570026 0.708190, s: 0.020912, vs: 0.008385]
Next State: [q: 0.076559, 0.002555 -0.123702 -1.565369 0.002029 1.570026 0.708190, s: 0.020994, vs: 0.008091]
----------------------------------------------------
----------------------------------------------------
Step 6 - Current Input: [0.000000, 0.000000, -0.039009, 0.000000, 0.000000, 0.000000, 0.000000, -0.809121], ddq: [0.000000, 0.000000, 5.000000, 0.000000, 0.000000, 0.000000, 0.000000], dVs: [-0.809121]
Step 6 - Current State: [q: 0.076559, 0.002555 -0.123702 -1.565369 0.002029 1.570026 0.708190, s: 0.020994, vs: 0.008091]
Next State: [q: 0.076559, 0.002555 -0.124092 -1.565369 0.002029 1.570026 0.708190, s: 0.021035, vs: 0.000000]
----------------------------------------------------
----------------------------------------------------
Step 7 - Current Input: [0.000000, 0.000000, 0.000000, 0.000000, 0.000000, 0.000000, 0.000000, 0.000000], ddq: [0.000000, 0.000000, 0.000000, 0.000000, 0.000000, 0.000000, 0.000000], dVs: [0.000000]
Step 7 - Current State: [q: 0.076559, 0.002555 -0.124092 -1.565369 0.002029 1.570026 0.708190, s: 0.021035, vs: 0.000000]
Next State: [q: 0.076559, 0.002555 -0.124092 -1.565369 0.002029 1.570026 0.708190, s: 0.021035, vs: 0.000000]
----------------------------------------------------
----------------------------------------------------
Step 8 - Current Input: [0.000000, 0.000000, 0.000000, 0.000000, 0.000000, 0.000000, 0.000000, 0.000000], ddq: [0.000000, 0.000000, 0.000000, 0.000000, 0.000000, 0.000000, 0.000000], dVs: [0.000000]
Step 8 - Current State: [q: 0.076559, 0.002555 -0.124092 -1.565369 0.002029 1.570026 0.708190, s: 0.021035, vs: 0.000000]
Next State: [q: 0.076559, 0.002555 -0.124092 -1.565369 0.002029 1.570026 0.708190, s: 0.021035, vs: 0.000000]
----------------------------------------------------
----------------------------------------------------
Step 9 - Current Input: [0.000000, 0.000000, 0.000000, 0.000000, 0.000000, 0.000000, 0.000000, 0.000000], ddq: [0.000000, 0.000000, 0.000000, 0.000000, 0.000000, 0.000000, 0.000000], dVs: [0.000000]
Step 9 - Current State: [q: 0.076559, 0.002555 -0.124092 -1.565369 0.002029 1.570026 0.708190, s: 0.021035, vs: 0.000000]
Next State: [q: 0.076559, 0.002555 -0.124092 -1.565369 0.002029 1.570026 0.708190, s: 0.021035, vs: 0.000000]
----------------------------------------------------
====================================================================
BEFORE initial_guess_[0].uk: [0.298530, 0.018754, -0.339009, 0.026362, 0.026558, -0.001837, -0.188962, -5.206165]
Initialization finished.
Allocations finished.
Setup successful.
Solver is ready.
Starting solver...
Solver initialization verified.
Solver finished.
===== SQP Iteration: 0 =====
step_ (179 x 1): 
 -0.00245249 -4.95201e-05  -0.00244915 -6.31862e-05 -0.000914351 -7.20835e-05  2.23474e-05  -0.00369675 -3.34553e-05  -0.00396817 -0.000335007  -0.00394863  2.15894e-05   -0.0015539 -0.000259094 -0.000119603  -0.00555024      0.04086   -0.0044625 -0.000533067  -0.00474265  0.000188045   -0.0018763  -0.00047379 -0.000458863  -0.00596377    0.0357288  -0.00441376 -0.000693038  -0.00531679  0.000321241   -0.0021291 -0.000713081 -0.000985252  -0.00590641    0.0323165  -0.00407795 -0.000812897  -0.00593127  0.000423578  -0.00240007 -0.000973249  -0.00169649  -0.00572924    0.0296117  -0.00353487 -0.000897611  -0.00666546  0.000504466  -0.00271484  -0.00124716  -0.00255784  -0.00553954    0.0274091  -0.00280361  -0.00095329  -0.00753956  0.000573421  -0.00307755   -0.0015279  -0.00344025  -0.00535764    0.0259727  -0.00189269 -0.000984686   -0.0085627  0.000635235  -0.00348458  -0.00181211  -0.00434488  -0.00514233    0.0327818 -0.000971359 -0.000997715   -0.0097008  0.000694068  -0.00393063  -0.00209732  -0.00527179  -0.00489095    0.0319468 -4.19924e-05 -0.000997811   -0.0108261  0.000751128  -0.00440666  -0.00238262   -0.0062173  -0.00463866    0.0315761  0.000900486 -0.000992205   -0.0119376   0.00080936  -0.00489867  -0.00266634  -0.00717673  -0.00438235    0.0316799    -0.015534   -0.0216075   -0.0137369    0.0210786   -0.0141147   -0.0175748   -0.0182296     0.818127    0.0111008   -0.0163501    -0.029301    0.0321413   -0.0136276   -0.0227008   -0.0400826    -0.102522    0.0382558   -0.0138521   -0.0450278    0.0266292   -0.0201179   -0.0271055    -0.060766   -0.0681926    0.0627174   -0.0105937   -0.0638001    0.0213299   -0.0263699   -0.0308764   -0.0811158    -0.054062    0.0864341   -0.0075284   -0.0836292    0.0173093   -0.0323975   -0.0336062   -0.0976307   -0.0440299      0.11005  -0.00491638    -0.103857    0.0145737   -0.0380044   -0.0354005   -0.0996904   -0.0287163     0.132377  -0.00270638    -0.125011    0.0126439   -0.0431769   -0.0366444    -0.101896     0.136188     0.132567   -0.0010235    -0.141681    0.0114394   -0.0476332   -0.0374711    -0.104066   -0.0166999     0.132419  0.000157095    -0.141328    0.0106784   -0.0510417   -0.0380038    -0.105896  -0.00741861     0.132697  0.000692834    -0.140803    0.0104614   -0.0528641   -0.0381866    -0.107129   0.00206746
========================================
primal_step_norm FAILED
Initialization finished.
Allocations finished.
Setup successful.
Solver is ready.
Starting solver...
Solver initialization verified.
Solver finished.
===== SQP Iteration: 1 =====
step_ (179 x 1): 
  -0.0022119 -1.00691e-05  -0.00220686 -9.18168e-05 -0.000801462 -6.00915e-05  6.40279e-05  -0.00349649 -3.81268e-05  -0.00198439   2.5628e-05  -0.00192672 -0.000121124 -0.000694589 -6.70321e-05  0.000319267  -0.00322555   0.00377376  -0.00198752  3.24692e-05  -0.00188841 -0.000144091 -0.000706636 -9.37083e-05  0.000593237  -0.00318536   0.00475151  -0.00209621 -1.86078e-06  -0.00196376 -0.000158323  -0.00079502 -0.000135797  0.000867779  -0.00325656   0.00528793  -0.00221829 -7.11977e-05  -0.00205848 -0.000168186 -0.000918816 -0.000191033   0.00113123  -0.00333229    0.0057364  -0.00233034 -0.000171278  -0.00215095 -0.000176598  -0.00106383   -0.0002585   0.00137884   -0.0033899   0.00608942  -0.00243258 -0.000298317  -0.00224186 -0.000185726  -0.00122398 -0.000337709   0.00161245  -0.00343482   0.00632337  -0.00253316  -0.00045087  -0.00233673 -0.000193015  -0.00139781 -0.000424971   0.00183084  -0.00348127   0.00643801  -0.00264388   -0.0006266   -0.0024463 -0.000196041  -0.00158461 -0.000516692   0.00203568  -0.00354979   0.00648685  -0.00275367 -0.000820594  -0.00255545 -0.000192691  -0.00177674 -0.000609483   0.00222944  -0.00362964   0.00651219  -0.00285567  -0.00102499  -0.00265812 -0.000183871  -0.00197055 -0.000701541   0.00241509  -0.00370688   0.00650277 -1.68676e-07  1.05534e-06   0.00678165 -6.81302e-07  2.42304e-07  -0.00198224     0.023747    0.0763818  -0.00268731  -0.00170831   0.00280895   0.00145972  -0.00425427   -0.0037298    0.0259011    0.0197001  -0.00367801  -0.00480987   0.00067361   0.00328125    -0.008617  -0.00524445    0.0259845    0.0108517  -0.00335396  -0.00766704 -9.23233e-05   0.00435162   -0.0118641  -0.00670478    0.0249535   0.00907019  -0.00268844   -0.0102282 -0.000463164   0.00490582   -0.0142991  -0.00816662    0.0235625   0.00714314  -0.00239525   -0.0124635  -0.00115589   0.00512515   -0.0161513  -0.00953646    0.0222532    0.0047468  -0.00183809    -0.014545  -0.00151155   0.00552687   -0.0173384   -0.0105006    0.0210636   0.00234519  -0.00168414    -0.016367  -0.00175696   0.00608863   -0.0179949   -0.0110519    0.0201769   0.00100959  -0.00131965   -0.0177267  -0.00145123   0.00663325   -0.0181381   -0.0113065    0.0197178  0.000518451   -0.0013903   -0.0184079  -0.00155315   0.00686465    -0.018132   -0.0114522    0.0196975 -0.000196491
========================================
primal_step_norm SUCCESS
SOLVED , sqp_iter_: 1
AFTER initial_guess_[0].uk: [0.264743, -0.028240, -0.354137, 0.072207, -0.010281, -0.052881, -0.174562, -0.733621]
BEFORE initial_guess_[0].uk: [0.266829, -0.039277, -0.346629, 0.073082, -0.046672, -0.068984, -0.175976, -0.414126]
Initialization finished.
Allocations finished.
Setup successful.
Solver is ready.
Starting solver...
Solver initialization verified.
Solver finished.
===== SQP Iteration: 0 =====
step_ (179 x 1): 
 -0.00303003 -2.64098e-05  -0.00302752 -9.46818e-05  -0.00108272 -4.37894e-05   2.9991e-05  -0.00485575 -3.20077e-05   0.00234614   0.00010903   0.00239248  5.24266e-05  0.000870946  0.000215612  2.19073e-05   0.00313109 -6.01611e-05   0.00241247   0.00024754   0.00250546  -4.5769e-05   0.00101411  0.000296847   0.00019288   0.00308497  0.000354751    0.0025129  0.000405275   0.00264359 -0.000123484   0.00125823  0.000402967  0.000395816   0.00312235  0.000626092   0.00258958  0.000573507   0.00275085  -0.00017854    0.0015636  0.000532048  0.000631103   0.00314202  0.000830459   0.00264924  0.000749577    0.0028345 -0.000213188   0.00191673  0.000679259    0.0008975   0.00315403   0.00101326   0.00270052  0.000933809   0.00290926 -0.000232413   0.00230694  0.000838764   0.00119343   0.00317337   0.00117608   0.00274904   0.00113586   0.00297569 -0.000248186   0.00272412   0.00100415   0.00151671    0.0032201   0.00124941   0.00279316   0.00134476   0.00303472 -0.000256689   0.00315101   0.00117272   0.00185726   0.00327559   0.00116203   0.00367599    0.0013476   0.00188346 -0.000184105    0.0028884  0.000967246   0.00143236   0.00349534   0.00102658   0.00358155   0.00156699   0.00181502 -0.000224481   0.00324934      0.00111     0.001786   0.00334604   0.00109548   0.00261672   0.00750855    0.0104631   -0.0148599  -0.00154337   0.00569686    0.0196982  -0.00236629  0.000912444    0.0104049    0.0073397   -0.0129226    0.0103496   0.00995487    0.0230106   0.00831452  0.000391698     0.011913   0.00566099  -0.00970249    0.0201472    0.0140078    0.0263301   0.00544515  -0.00030307    0.0128054    0.0040194  -0.00644116    0.0279539    0.0174288    0.0296696   0.00410397 -0.000842735    0.0134519   0.00272587  -0.00359717    0.0340331    0.0200763    0.0328146   0.00366916  -0.00115003    0.0141203   0.00184113  -0.00148672    0.0385556    0.0218977    0.0355595   0.00326759  -0.00285841    0.0155341 -0.000283374  -0.00105456      0.04145    0.0228076    0.0378639   0.00148074  -0.00288569      0.01608 -0.000378455 -7.10898e-05    0.0430182    0.0233573     0.039134  -0.00172819 -0.000267752    0.0154787   0.00247334   0.00187762    0.0435424    0.0237127    0.0391949  -0.00457466 -0.000111343    0.0155251   0.00282659   0.00232087    0.0425714    0.0236233     0.038628    0.0013645
========================================
primal_step_norm SUCCESS
SOLVED , sqp_iter_: 0
AFTER initial_guess_[0].uk: [0.272521, -0.022946, -0.323872, 0.040762, -0.050700, -0.054115, -0.124564, -0.425958]
BEFORE initial_guess_[0].uk: [0.275721, -0.017959, -0.319515, 0.036949, -0.047986, -0.058451, -0.119685, -0.244013]
Initialization finished.
Allocations finished.
Setup successful.
Solver is ready.
Starting solver...
Solver initialization verified.
Solver finished.
===== SQP Iteration: 0 =====
step_ (179 x 1): 
 -0.00271484 -2.87987e-05  -0.00271277 -7.56547e-05 -0.000984553 -3.44616e-05  3.32347e-05  -0.00431664 -3.26501e-05  0.000278743  0.000162077  0.000358823  0.000148684 -1.10619e-05  0.000203607  4.33462e-06  0.000647584  -0.00484705 -2.78127e-05  0.000372209  0.000137339  0.000205699 -0.000161657  0.000356101  1.64696e-05  0.000206868  -0.00631323 -0.000106927  0.000584862  0.000148054  0.000277251 -0.000227764  0.000496933  2.16076e-05  0.000128706   -0.0071774 -0.000152023  0.000795953  0.000200242   0.00035788 -0.000280768  0.000627971  2.24318e-05  0.000113934  -0.00788982 -0.000179367  0.000989126  0.000274773  0.000456575 -0.000331506  0.000753867  1.54403e-05  9.94033e-05   -0.0085023 -0.000202678    0.0011643  0.000362242  0.000570273 -0.000383831  0.000875919  1.23345e-06  7.97781e-05  -0.00901069 -0.000226877   0.00132973  0.000454121  0.000691714 -0.000438311  0.000994812 -1.78772e-05  5.85705e-05  -0.00942399 -0.000265467   0.00149811  0.000531495  0.000810169 -0.000498509   0.00110997 -4.01311e-05  4.38989e-05  -0.00977967  0.000585733   0.00166075 -0.000531976   0.00101587 -0.000844354   0.00102092 -0.000502116  0.000250776  -0.00991851  0.000462217   0.00184521 -0.000536242    0.0010922 -0.000949093   0.00111448 -0.000535449  7.56572e-05  -0.00988601  -0.00700482    0.0183918    0.0039962   0.00205758  -0.00322307    0.0208193   0.00235264   -0.0971712   -0.0069188    0.0180009   0.00444629   0.00542549  -0.00417831    0.0200142  0.000675586   -0.0293685  -0.00670301    0.0177327   0.00530115   0.00773006  -0.00452135    0.0187677 -0.000181023    -0.017333  -0.00793906    0.0174802   0.00495137   0.00925963  -0.00517425    0.0175503 -0.000694246   -0.0142889  -0.00644692    0.0159778   0.00742877    0.0120511  -0.00546551    0.0169544  -0.00156505   -0.0122804  -0.00578284    0.0144921   0.00890492    0.0144202  -0.00603706    0.0165646   -0.0022766    -0.010189  -0.00632634    0.0136641   0.00885974    0.0157316  -0.00683836    0.0162649  -0.00283099  -0.00827703  -0.00936973    0.0138881   0.00603052    0.0155288  -0.00813872    0.0159081  -0.00308602  -0.00711321  -0.00954432    0.0133406   0.00611377    0.0164276  -0.00924308    0.0158276  -0.00367286  -0.00601513  -0.00961646    0.0130889    0.0062618    0.0171044   -0.0104657    0.0157553  -0.00433037  0.000641105
========================================
primal_step_norm SUCCESS
SOLVED , sqp_iter_: 0
AFTER initial_guess_[0].uk: [0.260486, 0.022043, -0.310824, 0.041424, -0.056398, -0.004113, -0.113544, -0.729869]
BEFORE initial_guess_[0].uk: [0.263449, 0.025346, -0.305992, 0.046555, -0.058112, -0.009289, -0.115061, -0.343456]
Initialization finished.
Allocations finished.
Setup successful.
Solver is ready.
Starting solver...
Solver initialization verified.
Solver finished.
===== SQP Iteration: 0 =====
step_ (179 x 1): 
 -0.00383156 -6.69895e-05  -0.00382816 -9.42047e-05  -0.00142733 -5.64878e-05  4.13482e-05  -0.00586582 -2.60903e-05 -0.000193234 -4.32294e-05  -1.8523e-05 -3.71448e-05  3.37141e-05   1.7822e-05  8.80301e-05  6.51169e-05   0.00444431 -0.000298157 -2.91829e-05  5.23215e-05 -0.000155257  0.000214247  3.90321e-05   0.00020412  7.60904e-05   0.00799721 -0.000421826 -3.43627e-05  0.000104606 -0.000278986  0.000423419  6.91973e-05  0.000321002  8.90862e-05     0.010901 -0.000565844 -5.49269e-05  0.000136156 -0.000408233  0.000656315   0.00010552  0.000441219  0.000101701    0.0132483 -0.000718782  -9.0469e-05  0.000158734 -0.000540024  0.000912694   0.00014647  0.000564887  0.000122496    0.0150849 -0.000881753 -0.000136369  0.000171388 -0.000675011   0.00118861  0.000189878  0.000692883  0.000151704    0.0164539   -0.0010532 -0.000190424  0.000175959 -0.000811901   0.00148014  0.000234525  0.000824489   0.00018659    0.0173925  -0.00123296 -0.000250537  0.000172726 -0.000949062   0.00178193  0.000279638  0.000958164   0.00022211    0.0179161 -0.000560248 -0.000159504 -0.000890197 -0.000868106    0.0017258  0.000237715  0.000618135  0.000465709    0.0182492 -0.000793015 -0.000210508 -0.000944172  -0.00103755   0.00201199   0.00026951  0.000746646  0.000422637    0.0183412  -0.00573089   0.00138361    0.0173915   -0.0129539    0.0198116    0.0015554    0.0119985     0.088711  -0.00983042  0.000911117    0.0135396   -0.0153371    0.0234674   0.00304251    0.0123854    0.0712284  -0.00971523 -0.000809067    0.0136664   -0.0154988    0.0271858   0.00470273    0.0123493    0.0582306    -0.010194  -0.00219795     0.013133   -0.0157277    0.0302046   0.00593551    0.0126058    0.0470783   -0.0103236   -0.0035451    0.0129931   -0.0156095    0.0328042   0.00692836    0.0128924    0.0368434   -0.0108984  -0.00452075    0.0124291   -0.0155778     0.034829     0.007603    0.0132828    0.0274717   -0.0113456  -0.00529949    0.0120268   -0.0153982    0.0363672   0.00806664    0.0136113    0.0188401   -0.0117561  -0.00586738    0.0116952   -0.0151135    0.0373193     0.008347     0.013806    0.0105203   -0.0118768  -0.00639179    0.0117107   -0.0145828    0.0375779   0.00849906    0.0137458   0.00279859   -0.0118943  -0.00681184    0.0118696   -0.0139145    0.0369956   0.00854181    0.0133489   0.00182483
========================================
primal_step_norm SUCCESS
SOLVED , sqp_iter_: 0
AFTER initial_guess_[0].uk: [0.250984, 0.028355, -0.268165, 0.018380, -0.006404, -0.005230, -0.083745, 0.100099]
BEFORE initial_guess_[0].uk: [0.244057, 0.029781, -0.272189, 0.017763, 0.000531, -0.006613, -0.084027, 0.106685]
Initialization finished.
Allocations finished.
Setup successful.
Solver is ready.
Starting solver...
Solver initialization verified.
Solver finished.
===== SQP Iteration: 0 =====
step_ (179 x 1): 
 -0.00214803 -2.86696e-05  -0.00214604 -3.55844e-05 -0.000811857 -1.42499e-05  1.53635e-05   -0.0035086 -3.65101e-05  0.000994697 -0.000327947   0.00106944  0.000355224  0.000162489  0.000229836 -0.000248551   0.00125175   -0.0186758  0.000422156 -0.000569518  0.000569029  0.000561746  -0.00029584  0.000329446 -0.000425873  0.000222345   -0.0257417  0.000292798 -0.000685094  0.000512835  0.000727448 -0.000605335   0.00036908 -0.000576765 -0.000152779   -0.0293759  0.000330703 -0.000702604  0.000629019  0.000863155 -0.000864465  0.000362418 -0.000705944  -0.00032789   -0.0318742  0.000433708 -0.000650882  0.000818281  0.000981508  -0.00111632  0.000320424 -0.000818969 -0.000464829   -0.0337689  0.000548722 -0.000538858   0.00102605   0.00108044  -0.00137682   0.00025131 -0.000920514 -0.000603157    -0.035179  0.000667585 -0.000383876   0.00124293   0.00116575  -0.00164933  0.000162902   -0.0010165   -0.0007453   -0.0361603  0.000788117 -0.000201381   0.00146574   0.00124281  -0.00193352  6.18376e-05  -0.00111197 -0.000889407   -0.0367563   0.00158822  7.82121e-05  0.000637143   0.00140751  -0.00229243 -8.62458e-05   -0.0015602  -0.00078965   -0.0367047   0.00157295  0.000308725  0.000730241   0.00141558  -0.00264503 -0.000224457  -0.00165982  -0.00116261   -0.0366666   -0.0178518   -0.0236693  -0.00767937    0.0232775   -0.0218165    0.0196861   -0.0190518    -0.373597   -0.0148645   -0.0173041   -0.0052498    0.0226631   -0.0293552    0.0117669   -0.0177009     -0.14148   -0.0116297  -0.00767959  -0.00186047    0.0165468    -0.030544   0.00332134   -0.0147236    -0.072867  -0.00788328  0.000329484   0.00259007    0.0113821   -0.0308381    -0.003757   -0.0123241   -0.0501288  -0.00406299   0.00619511   0.00747769   0.00799284   -0.0316748  -0.00941565   -0.0106399   -0.0380226  -0.00334851    0.0113183   0.00905122    0.0045767   -0.0331528   -0.0138219  -0.00958481   -0.0282992  -0.00287764    0.0149542    0.0102355   0.00230111   -0.0348475   -0.0169529  -0.00929162   -0.0196879  -0.00242787    0.0172453    0.0112601   0.00108257   -0.0365071   -0.0189387  -0.00966176   -0.0119475  -0.00175932    0.0183272     0.012374  0.000841069    -0.037939   -0.0199723   -0.0104683   -0.0046791  -0.00121759    0.0185305    0.0132198   0.00121459   -0.0390931   -0.0203557   -0.0112938  0.000756329
========================================
primal_step_norm FAILED
Initialization finished.
Allocations finished.
Setup successful.
Solver is ready.
Starting solver...
Solver initialization verified.
Solver finished.
===== SQP Iteration: 1 =====
step_ (179 x 1): 
 -0.00264363 -6.52407e-05  -0.00264029 -3.83796e-05  -0.00097816 -3.18508e-05  2.70196e-05   -0.0041181 -1.02558e-05 -0.000587444  0.000148331 -0.000671274 -0.000221596 -1.16518e-05 -9.40627e-05  3.09764e-05    -0.001096    0.0196617  2.66083e-06  0.000250251 -0.000164482 -0.000402902  0.000438105 -8.99165e-05  1.89743e-05 -0.000189061    0.0266954  8.57806e-05  0.000240596 -0.000167085 -0.000560979  0.000686586 -3.08358e-05 -2.40705e-05  8.27329e-05    0.0305897  5.57158e-05  0.000142354 -0.000288439 -0.000698313  0.000876812  6.86092e-05 -9.65126e-05  0.000280581    0.0334329 -2.81719e-06 -2.08378e-05 -0.000445987 -0.000823082     0.001048  0.000197908 -0.000193253  0.000495576    0.0356133 -6.10475e-05 -0.000237071 -0.000608756    -0.000934   0.00121276  0.000349158 -0.000307507    0.0007275    0.0372021 -0.000120829 -0.000489365 -0.000777519  -0.00103604   0.00137594  0.000515643 -0.000431975  0.000968056    0.0382473 -0.000193047 -0.000766631  -0.00096134  -0.00113124   0.00153628  0.000692608 -0.000560068   0.00119749    0.0387989 -0.000325286  -0.00106201  -0.00120753  -0.00122041   0.00167643  0.000877431 -0.000687591   0.00134079    0.0389809 -0.000455384  -0.00136575  -0.00145265  -0.00130466   0.00181941    0.0010679 -0.000813124   0.00149712    0.0389091     0.044025    0.0153625     0.032518   -0.0266375    0.0327099  -0.00777561  2.82204e-06     0.393499    0.0257126   0.00862356    0.0146606   -0.0266985    0.0315311  0.000302319  -0.00194506     0.140866    0.0123596 -0.000191421  0.000987323   -0.0221618    0.0264303   0.00847883  -0.00543491    0.0780738    0.0060494  -0.00798083  -0.00608138   -0.0171585    0.0227635    0.0153533  -0.00873353    0.0570293   0.00340877   -0.0140175  -0.00974705   -0.0130939    0.0210169    0.0208514   -0.0115001    0.0437476   0.00349927   -0.0189426   -0.0104425  -0.00941066    0.0204563    0.0249658   -0.0134428    0.0318946    0.0033088   -0.0223172   -0.0112416  -0.00697356    0.0205112    0.0278051   -0.0144733    0.0210006     0.002824   -0.0246023   -0.0121589   -0.0053436     0.020817    0.0296088   -0.0147536    0.0111059   0.00186593   -0.0260718   -0.0133841  -0.00429515    0.0210495    0.0306134   -0.0145481    0.0036696   0.00127984   -0.0266764   -0.0141002  -0.00392359    0.0213519    0.0310121   -0.0142047  -0.00144408
========================================
primal_step_norm FAILED
Initialization finished.
Allocations finished.
Setup successful.
Solver is ready.
Starting solver...
Solver initialization verified.
Solver finished.
===== SQP Iteration: 2 =====
step_ (179 x 1): 
 -0.00152422 -2.76492e-05  -0.00152765  -5.5241e-05 -0.000536344 -3.45562e-05  2.35901e-05   -0.0024339  7.62789e-06 -0.000287976 -5.84282e-05 -0.000291118 -0.000198768  1.06385e-06  -1.2671e-06  2.20373e-05 -0.000332206    0.0015069 -6.97944e-05 -0.000116797 -7.34149e-05 -0.000330568  0.000184412   5.2381e-05  2.65628e-05 -1.23336e-05   0.00251963  -1.7895e-05 -0.000187805 -2.34695e-05 -0.000454955  0.000332028  0.000116441  3.61455e-05  3.11941e-05   0.00309768 -3.25933e-05 -0.000270566 -4.16768e-05 -0.000573387  0.000477891  0.000189209  5.11861e-05 -6.01181e-06   0.00349165 -8.18129e-05 -0.000362726   -9.597e-05 -0.000688372  0.000630747  0.000268882  7.19562e-05 -5.90311e-05   0.00381262 -0.000143517 -0.000469579 -0.000164268 -0.000796975  0.000792767  0.000354403  9.64845e-05 -0.000111778   0.00408971 -0.000210264 -0.000590858 -0.000238845 -0.000899194  0.000961833  0.000444131  0.000124296 -0.000164915   0.00432395 -0.000282271 -0.000722255 -0.000319965 -0.000997721   0.00113444  0.000535952  0.000154509 -0.000221505   0.00451125 -0.000390218 -0.000859164 -0.000437156  -0.00109571   0.00129629   0.00062802  0.000187048 -0.000333061   0.00462431   -0.0004943  -0.00099722 -0.000551429  -0.00119453   0.00145924  0.000718669  0.000220256 -0.000436014   0.00464497  3.26852e-06  -0.00493678  3.28747e-06    -0.016928   0.00561098   0.00777615 -2.84579e-07    0.0300465   0.00576784  -0.00501253   0.00555294   -0.0166646    0.0109955   0.00856701  0.000467152    0.0203745   0.00609314  -0.00559343   0.00566934   -0.0162186    0.0142241   0.00945316  0.000993727    0.0116833   0.00395089  -0.00638417   0.00332155   -0.0157712    0.0162813     0.010342   0.00158084   0.00798818  0.000769073  -0.00711458 -6.39087e-05   -0.0155297    0.0176798    0.0111391   0.00222638    0.0065118 -0.000485423  -0.00839936  -0.00146613   -0.0145059    0.0189797    0.0119985   0.00263385   0.00561903 -0.000896019  -0.00969686  -0.00198958   -0.0133763    0.0200585    0.0127466    0.0029393    0.0047465  -0.00116154   -0.0106563  -0.00234643   -0.0125713    0.0208563    0.0132827   0.00321019   0.00379161  -0.00141468   -0.0111761  -0.00266987   -0.0121955     0.021386    0.0135853   0.00344207    0.0022803     -0.00159   -0.0114122  -0.00288013   -0.0120333    0.0216147    0.0137162   0.00356483  0.000407644
========================================
primal_step_norm SUCCESS
SOLVED , sqp_iter_: 2
AFTER initial_guess_[0].uk: [0.300991, 0.000977, -0.218158, -0.026363, 0.043607, 0.044769, -0.133745, 0.356430]
BEFORE initial_guess_[0].uk: [0.278588, -0.002066, -0.238444, -0.023572, 0.039308, 0.047055, -0.136102, 0.187616]
Initialization finished.
Allocations finished.
Setup successful.
Solver is ready.
Starting solver...
Solver initialization verified.
Solver finished.
===== SQP Iteration: 0 =====
step_ (179 x 1): 
 -0.00243313  -4.1865e-05   -0.0024318  -4.0613e-05 -0.000910832 -1.32249e-05  1.76038e-05   -0.0038971 -3.91109e-05  0.000737386  1.22548e-05  0.000728557  0.000256863  3.05125e-05  2.40066e-05  7.59721e-05  0.000903227   -0.0184871  0.000237117  6.50589e-05  0.000233127  0.000389236  -0.00038476 -9.65021e-05  0.000227255 -4.14407e-05   -0.0265961  0.000178619  0.000177961  0.000195316  0.000533861 -0.000667659 -0.000248775  0.000392096 -0.000374587   -0.0315768  0.000267224  0.000331492  0.000322449  0.000695591 -0.000922302 -0.000422697  0.000565644 -0.000564005   -0.0352481  0.000385417  0.000527122  0.000494956  0.000864342  -0.00118448 -0.000612887  0.000745139 -0.000739542   -0.0380276  0.000521296  0.000749252  0.000700122   0.00104494   -0.0014601 -0.000813658  0.000924417 -0.000921219   -0.0400476   0.00067159  0.000995817  0.000930917   0.00123105  -0.00174751  -0.00102274   0.00110181  -0.00108791   -0.0413841  0.000911494   0.00126139   0.00125952   0.00142081  -0.00201604   -0.0012383   0.00127428  -0.00111128   -0.0421718   0.00171367   0.00137315  0.000405308   0.00160101  -0.00236488  -0.00132638   0.00089038 -0.000997816   -0.0422266   0.00170835   0.00167421  0.000498409   0.00173149  -0.00274466  -0.00157221   0.00105338  -0.00142082   -0.0422143   -0.0126943  0.000868324   -0.0136675    0.0138069   -0.0175172   -0.0140593    0.0163955    -0.370207  -0.00982882   0.00462956  -0.00906693    0.0171093   -0.0250744    -0.018308    0.0174993    -0.162425  -0.00422165   0.00902947  -0.00131592    0.0184413   -0.0274541   -0.0225813    0.0189855   -0.0998663  0.000391791    0.0125912   0.00567651    0.0197246   -0.0292609   -0.0260615    0.0199396   -0.0736525  0.000466208    0.0164758   0.00785255    0.0194291   -0.0315799   -0.0289616    0.0205679   -0.0557867   0.00124988    0.0190917    0.0105754    0.0199005   -0.0339089   -0.0310357    0.0205063   -0.0405612  0.000625653    0.0214106    0.0114263    0.0198154   -0.0364546   -0.0326272    0.0201736    -0.026854  0.000313784    0.0229892    0.0122181     0.019902   -0.0387367   -0.0336465    0.0194857   -0.0158124 -1.85569e-05     0.023644    0.0126557    0.0204373   -0.0407909   -0.0341343     0.018587    -0.006529 -0.000282591    0.0235912    0.0128319    0.0212137    -0.042292   -0.0342495    0.0178161  0.000239429
========================================
primal_step_norm FAILED
Initialization finished.
Allocations finished.
Setup successful.
Solver is ready.
Starting solver...
Solver initialization verified.
Solver finished.
===== SQP Iteration: 1 =====
step_ (179 x 1): 
 -0.00273946 -6.55937e-05  -0.00273668 -5.08279e-05 -0.000998331 -4.53096e-05  4.34795e-05  -0.00423805 -1.19789e-05  -0.00078437  0.000197863 -0.000624701 -9.76777e-05 -0.000183929 -0.000111158  9.81558e-05  -0.00109461     0.018389 -0.000328055  0.000384774 -1.59469e-05 -0.000164862  0.000120629   -0.0001532  0.000173624 -0.000195933    0.0255268 -0.000353602  0.000507881  0.000101403 -0.000240275  0.000260993 -0.000177887  0.000255734  6.37735e-05    0.0298996 -0.000482302  0.000582234  0.000104056  -0.00032341  0.000373054 -0.000191623  0.000340832  0.000252838    0.0331683 -0.000621459  0.000606124  8.59231e-05 -0.000403921  0.000485437 -0.000196361   0.00042621  0.000454157    0.0356582 -0.000763294  0.000593525  5.62581e-05   -0.0004857  0.000604343 -0.000194948  0.000512969  0.000676101    0.0374786 -0.000897859  0.000551296  2.73849e-05 -0.000566798   0.00073429 -0.000188412  0.000600916  0.000920525    0.0386863  -0.00102186  0.000485539  4.49174e-06 -0.000645186  0.000875481 -0.000177643   0.00069049   0.00118646    0.0393065  -0.00123334   0.00039624 -0.000108714 -0.000716443  0.000987265 -0.000161339  0.000780804   0.00130938    0.0394934  -0.00144099  0.000296201 -0.000219548  -0.00078261   0.00110161 -0.000141292  0.000870734   0.00143731     0.039422    0.0208469    0.0184464    0.0419126  -0.00549192    0.0116306   -0.0059742   0.00366549     0.368086   0.00902928    0.0149827    0.0291958  -0.00930515     0.014477  -0.00459106   0.00595196     0.142959  -0.00056777    0.0104178     0.018287   -0.0103239    0.0137041  -0.00256661   0.00686789    0.0876506  -0.00576749   0.00622989    0.0115375   -0.0105366    0.0134304 -0.000755963   0.00741737    0.0655469  -0.00602763   0.00176899   0.00996791  -0.00920531    0.0140525  0.000870934   0.00768882    0.0499437  -0.00635705  -0.00157123   0.00846649  -0.00842326     0.015032   0.00207776   0.00809759    0.0365312  -0.00613591  -0.00429529   0.00781531  -0.00756929     0.016329    0.0030407   0.00850036    0.0242543  -0.00599209   -0.0064384    0.0073593  -0.00671199    0.0175493    0.0037412   0.00895751    0.0124859  -0.00623988  -0.00826415   0.00679057  -0.00559787    0.0183007   0.00427293   0.00933393   0.00377382  -0.00624227  -0.00911177   0.00663611  -0.00509139    0.0188787   0.00450475   0.00964868  -0.00143563
========================================
primal_step_norm FAILED
Initialization finished.
Allocations finished.
Setup successful.
Solver is ready.
Starting solver...
Solver initialization verified.
Solver finished.
===== SQP Iteration: 2 =====
step_ (179 x 1): 
 -0.00161512 -2.29662e-05  -0.00161272  -6.3976e-05 -0.000571337  -7.2836e-05  9.33422e-05  -0.00246678  4.93616e-06 -0.000273234  7.31585e-05 -0.000429772 -0.000147218  0.000106549 -0.000117828  0.000143066 -0.000421308   0.00162264  2.34961e-05   0.00013875 -0.000295852 -0.000223333  0.000384581 -0.000144473   0.00021311 -0.000160137   0.00275286  0.000151885  0.000196586 -0.000333563 -0.000300686  0.000599082 -0.000163686  0.000298322 -0.000141646   0.00346382   0.00021104  0.000252304  -0.00044369 -0.000382916  0.000790694 -0.000177421  0.000396174 -0.000180071   0.00398899  0.000242625  0.000303496 -0.000583891 -0.000468569  0.000975643 -0.000186445  0.000502875 -0.000220951   0.00441674  0.000261474  0.000346997 -0.000739908 -0.000556985   0.00115948 -0.000191761  0.000615158  -0.00025629   0.00476538  0.000283804  0.000377061 -0.000894228 -0.000642476   0.00134594 -0.000193173  0.000728838 -0.000289867   0.00504287  0.000320948  0.000397252  -0.00103515 -0.000726085   0.00153967  -0.00019157  0.000841516  -0.00030689   0.00526435  0.000307451  0.000411224  -0.00122677 -0.000809864   0.00171704 -0.000187163  0.000951957 -0.000413452    0.0054029  0.000303881  0.000422026   -0.0014087 -0.000892552   0.00189942 -0.000180048   0.00105887 -0.000511653   0.00542872    0.0251382   0.00507268   0.00407273  -0.00886907    0.0266934 -7.14227e-07  2.11607e-06    0.0324233    0.0269401   0.00476382   0.00542781  -0.00920392    0.0269181  0.000234314   0.00234417    0.0227202    0.0237909   0.00448649   0.00183662  -0.00991301    0.0259738  0.000388349   0.00452509    0.0143322    0.0185282   0.00441846  -0.00386554   -0.0110487    0.0247455  0.000432476   0.00654912    0.0106019    0.0144693   0.00400391  -0.00831706   -0.0116974    0.0239091    0.0005363   0.00817893   0.00863859    0.0122964   0.00318029    -0.010822   -0.0116903    0.0235494  0.000722248   0.00937578   0.00704268    0.0123592   0.00189902    -0.010946    -0.010875    0.0236536   0.00099909     0.010125   0.00560729    0.0125647  0.000937891   -0.0108844   -0.0103043    0.0238869   0.00117862    0.0106697   0.00447749    0.0125921   0.00049673   -0.0109808   -0.0102118    0.0241748   0.00122462    0.0110727   0.00279153    0.0125739  0.000284365   -0.0110597   -0.0101827    0.0243395   0.00123762    0.0112572  0.000511194
========================================
primal_step_norm SUCCESS
SOLVED , sqp_iter_: 2
AFTER initial_guess_[0].uk: [0.350996, 0.050977, -0.168153, -0.024777, 0.093613, -0.005235, -0.083738, 0.339128]
BEFORE initial_guess_[0].uk: [0.316923, 0.046894, -0.199452, -0.022241, 0.076239, -0.009836, -0.072041, 0.174593]
Initialization finished.
Allocations finished.
Setup successful.
Solver is ready.
Starting solver...
Solver initialization verified.
Solver finished.
===== SQP Iteration: 0 =====
step_ (179 x 1): 
 -0.00314344 -6.30559e-05  -0.00313947 -4.60559e-05  -0.00117434 -1.65454e-05  2.38564e-05  -0.00494255 -4.16745e-05  0.000716084 -0.000215804  0.000707386  0.000211162  4.52885e-05  0.000258307 -0.000148488  0.000516288   -0.0123218  0.000386022 -0.000377047  0.000385984  0.000247261 -0.000221566  0.000310267 -0.000113583 -0.000133647   -0.0186705   0.00037001 -0.000514611  0.000394467  0.000298295 -0.000386663  0.000357808 -0.000112922 -0.000325135   -0.0232106  0.000433261 -0.000644949   0.00049732  0.000373761 -0.000543827  0.000405224 -0.000141273 -0.000468786   -0.0267526  0.000508182 -0.000756569   0.00062413  0.000462285 -0.000718108  0.000449673 -0.000187046 -0.000623391    -0.029489  0.000570359 -0.000845692  0.000747663  0.000555781 -0.000915303  0.000490284 -0.000244634 -0.000795437   -0.0315061  0.000605572 -0.000917201  0.000851976  0.000652938  -0.00113905  0.000527588 -0.000311104  -0.00100472    -0.032845  0.000777771 -0.000970641   0.00109847  0.000751334  -0.00132591  0.000559254 -0.000383199  -0.00098333   -0.0336483   0.00152965 -0.000997574  0.000194363  0.000890679  -0.00159694  0.000525141 -0.000654188 -0.000827159   -0.0337939   0.00143064  -0.00102188  0.000176035  0.000940382  -0.00190753  0.000533166 -0.000728007  -0.00123123   -0.0338179  -0.00732771   -0.0161259  -0.00860294   0.00357447    -0.012507   0.00267414    0.0146719    -0.247005   -0.0123947   -0.0129519    -0.011395   0.00398397   -0.0175213   0.00244932    0.0104838    -0.127159  -0.00924612   -0.0115134  -0.00602057   0.00656313   -0.0188188   0.00298991   0.00581697   -0.0909855  -0.00464032   -0.0106918  0.000601133   0.00953627   -0.0200583   0.00347202   0.00173879    -0.071002  -0.00432109  -0.00871888   0.00247654    0.0103357   -0.0225003   0.00327729  -0.00100702   -0.0548714  -0.00568647  -0.00649958   0.00233205    0.0102264   -0.0251943   0.00297762  -0.00317678   -0.0404653  -0.00659521  -0.00475654   0.00241395    0.0102173   -0.0276325   0.00280482  -0.00508068    -0.026886  -0.00671653  -0.00346776   0.00305092    0.0102693   -0.0296606   0.00267334  -0.00661191   -0.0161126  -0.00704405  -0.00306489   0.00330069    0.0108441   -0.0316046   0.00265703  -0.00780086  -0.00765557  -0.00737062  -0.00345387   0.00336643    0.0118236   -0.0330926   0.00272988  -0.00857925 -0.000489813
========================================
primal_step_norm FAILED
Initialization finished.
Allocations finished.
Setup successful.
Solver is ready.
Starting solver...
Solver initialization verified.
Solver finished.
===== SQP Iteration: 1 =====
step_ (179 x 1): 
 -0.00264867 -4.79749e-05  -0.00265012 -5.78088e-05 -0.000973506 -2.42212e-05  9.77621e-06  -0.00414801 -1.10381e-05 -0.000482666 -4.91165e-05 -0.000350068  7.38008e-06 -0.000132657  2.14262e-05 -0.000111287 -0.000643751    0.0120763 -6.08881e-05 -0.000119798  0.000194295  7.07351e-05   8.1923e-05  9.95825e-05 -0.000223887   5.2442e-05    0.0169849 -7.11687e-05 -0.000204511  0.000294717  0.000112888  0.000152064  0.000187337  -0.00032322  0.000166717    0.0204296 -0.000161975 -0.000284582  0.000303281  0.000126161   0.00021261  0.000276859 -0.000410061  0.000281064    0.0231379 -0.000273946 -0.000374387  0.000282929  0.000126198  0.000281967  0.000369793 -0.000491863  0.000420841    0.0252226  -0.00039326 -0.000482414  0.000250359  0.000124238  0.000359068  0.000465709 -0.000570472  0.000560796    0.0267547 -0.000518712 -0.000603131  0.000208543  0.000119649  0.000442753  0.000562021 -0.000643586  0.000702308    0.0278041 -0.000623488 -0.000731606  0.000184286  0.000112199  0.000541749   0.00065691 -0.000710491  0.000888862    0.0283725 -0.000810925 -0.000872466  7.59445e-05   0.00010636  0.000613301   0.00075186 -0.000771813  0.000947656    0.0285561  -0.00101359  -0.00101836 -4.84925e-05  0.000100669  0.000680435  0.000845534 -0.000828502  0.000988593    0.0285164     0.014527  -0.00448797    0.0324422    0.0104319   0.00520058   0.00762614    -0.011484     0.241823      0.01084  -0.00652195    0.0270815   0.00842407   0.00792184   0.00928791   -0.0108499    0.0983559   0.00164131  -0.00670235    0.0162419   0.00444979   0.00736708   0.00984763  -0.00930225    0.0690613  -0.00665257  -0.00626318   0.00650183  0.000363223   0.00713701    0.0101721  -0.00792759    0.0543123  -0.00924557  -0.00712765   0.00290886  -0.00117706   0.00821946    0.0109361  -0.00748647    0.0418231   -0.0085903  -0.00866687   0.00290535  -0.00114689   0.00968394    0.0116627    -0.007292    0.0307502  -0.00824719  -0.00977104   0.00274817  -0.00119856    0.0109104    0.0120488  -0.00689861    0.0210764  -0.00814114   -0.0105475   0.00250511  -0.00124538     0.011963    0.0122441  -0.00645564    0.0114398  -0.00833751   -0.0114782   0.00215532 -0.000724583    0.0125559    0.0124505  -0.00618705   0.00370772  -0.00838351   -0.0119401   0.00204371  -0.00044778     0.012977    0.0125459  -0.00600267 -0.000802133
========================================
primal_step_norm FAILED
Initialization finished.
Allocations finished.
Setup successful.
Solver is ready.
Starting solver...
Solver initialization verified.
Solver finished.
===== SQP Iteration: 2 =====
step_ (179 x 1): 
 -0.00153664 -2.72774e-05  -0.00153575 -4.24004e-05  -0.00058037 -2.69081e-05  2.25461e-05  -0.00245662  4.52705e-06    -5.53e-05 -1.54668e-05 -0.000191979  1.43091e-05  6.61282e-05  2.16003e-05  5.85459e-05 -0.000327563   0.00142497   0.00027058 -6.16734e-05 -6.86244e-06  7.79579e-05  0.000271772  8.75532e-05  9.33202e-05 -0.000166172   0.00251673  0.000443179 -0.000131529  1.99821e-05  0.000136132  0.000421317  0.000156649  0.000127074 -0.000224572   0.00327071  0.000556685 -0.000212198 -1.74526e-05  0.000182259  0.000555104  0.000226112  0.000161555 -0.000318284    0.0038617    0.0006314 -0.000292822  -9.8731e-05  0.000210896  0.000684887  0.000294183  0.000198988  -0.00040013   0.00436042  0.000674119 -0.000366909 -0.000216945  0.000219562  0.000815802  0.000359897  0.000240711 -0.000457822   0.00477928  0.000694613 -0.000438659 -0.000361497  0.000214412  0.000949926  0.000424189  0.000285935 -0.000503457   0.00511294  0.000723791 -0.000512167 -0.000498968  0.000200929   0.00109796   0.00048773  0.000334813 -0.000506874   0.00537308   0.00070006   -0.0005905 -0.000690616  0.000183926   0.00123602  0.000552509  0.000387721 -0.000587328   0.00553923  0.000668847 -0.000672254 -0.000889486  0.000166983   0.00138176  0.000619616  0.000445453 -0.000671581   0.00557622    0.0314565  -0.00049723    0.0135436   0.00781696    0.0230707    0.0106202   0.00302579    0.0285219    0.0329428  -0.00314022     0.014273   0.00840283    0.0233973    0.0113166   0.00309258    0.0219757    0.0300701  -0.00504692    0.0106558   0.00815617    0.0227865    0.0117825   0.00341579    0.0152027     0.024988  -0.00614125    0.0048389   0.00707616    0.0218933    0.0120057   0.00397471    0.0119189    0.0186455  -0.00639646  -0.00223039   0.00517076    0.0209975    0.0119848   0.00474605    0.0100513    0.0122579  -0.00614088  -0.00928861    0.0029236    0.0202844    0.0118195    0.0055876   0.00843697   0.00823874  -0.00619914   -0.0137997   0.00151591    0.0200266      0.01173   0.00620861   0.00671791   0.00671041   -0.0066455   -0.0156275   0.00105498    0.0201663    0.0117423   0.00656894   0.00524145   0.00668163  -0.00707392   -0.0158248  0.000972116    0.0205409    0.0117562   0.00678821   0.00333986   0.00687242  -0.00732599   -0.0157054  0.000998263    0.0207898    0.0117594   0.00689545   0.00073443
========================================
primal_step_norm SUCCESS
SOLVED , sqp_iter_: 2
AFTER initial_guess_[0].uk: [0.400999, 0.000977, -0.118144, 0.025224, 0.117384, 0.044766, -0.055823, 0.291292]
BEFORE initial_guess_[0].uk: [0.357623, -0.007885, -0.159266, 0.027735, 0.096094, 0.047007, -0.056850, 0.113116]
Initialization finished.
Allocations finished.
Setup successful.
Solver is ready.
Starting solver...
Solver initialization verified.
Solver finished.
===== SQP Iteration: 0 =====
step_ (179 x 1): 
 -0.00409722  -0.00010128  -0.00409203 -6.26636e-05  -0.00152561  -4.6169e-05  3.42362e-05  -0.00623589 -4.20233e-05  0.000106205  0.000161025  0.000101748 -5.35377e-05 -4.00578e-05  -8.7685e-05  0.000161249  6.43153e-05  -0.00702567  -0.00010863    0.0004161 -0.000128647 -0.000235355 -0.000203265 -0.000254376  0.000359844 -0.000245537   -0.0111214 -0.000154721  0.000685144 -0.000162787 -0.000390518 -0.000310787 -0.000429814  0.000554566 -0.000271091   -0.0142261 -0.000152721  0.000933044 -0.000121771 -0.000497874 -0.000420236 -0.000605244  0.000736241 -0.000303331   -0.0166687 -0.000116482   0.00116114  -2.2287e-05 -0.000561981 -0.000538878 -0.000779085  0.000903918 -0.000354499   -0.0185691 -6.12765e-05   0.00137927  0.000116337 -0.000595134 -0.000669833 -0.000951457   0.00105771 -0.000412774   -0.0199996 -4.49026e-05   0.00159159  0.000232957 -0.000604617 -0.000834517  -0.00112146    0.0011965 -0.000555852   -0.0209671   9.7789e-05   0.00180879  0.000490913 -0.000600423 -0.000968782   -0.0012922   0.00131987 -0.000495792   -0.0215553  0.000790115   0.00175433 -0.000431134 -0.000451273  -0.00118727  -0.00133342   0.00114505  -0.00030248   -0.0216537  0.000695093   0.00197985 -0.000389683 -0.000476449  -0.00145161  -0.00151935   0.00123567  -0.00067217   -0.0216785  -0.00305066    0.0172344  -0.00408684    -0.024143   -0.0110066    -0.020016    0.0195509    -0.141226  -0.00833773    0.0206754   -0.0103256   -0.0237701    -0.015111   -0.0222545    0.0197839   -0.0820723   -0.0107215    0.0215333  -0.00902892   -0.0202289   -0.0168148   -0.0234386    0.0189534   -0.0622334  -0.00528111    0.0199135  5.50827e-05   -0.0137653   -0.0173618   -0.0236637    0.0171495   -0.0489721 -0.000621606    0.0185007   0.00795125  -0.00821286   -0.0182615   -0.0237922    0.0154239   -0.0381059    0.0012677    0.0178819    0.0125924  -0.00440552   -0.0196612   -0.0239393    0.0139089   -0.0286872   0.00115532     0.017753    0.0148009   -0.0019068   -0.0214086   -0.0240778    0.0125781   -0.0194222  0.000125202    0.0180477    0.0156849 -0.000571337   -0.0231174   -0.0242482    0.0114941    -0.011789   0.00104397    0.0171734    0.0183652   0.00177442   -0.0245328   -0.0240954     0.010287  -0.00614519  0.000263814    0.0165539    0.0184504   0.00305204   -0.0259039   -0.0240166   0.00952632 -0.000510074
========================================
primal_step_norm FAILED
Initialization finished.
Allocations finished.
Setup successful.
Solver is ready.
Starting solver...
Solver initialization verified.
Solver finished.
===== SQP Iteration: 1 =====
step_ (179 x 1): 
 -0.00126121 -1.93479e-05  -0.00125996 -2.97907e-05 -0.000468176 -1.30453e-05  9.91432e-06  -0.00204482 -1.72681e-05 -0.000328964  0.000118421 -0.000328939 -1.51264e-05 -0.000130894 -1.49101e-05 -9.18566e-06 -0.000507485  -0.00278544 -0.000111931  0.000292813 -0.000100543 -1.58031e-05 -0.000128498 -6.10017e-05 -1.01204e-05 -0.000210982  -0.00784983 -1.88912e-05  0.000482719  2.16807e-05 -1.39564e-05 -0.000239437 -0.000142747 -6.49614e-06  -0.00018168   -0.0121903  7.62826e-05  0.000678585  0.000162121  -5.5759e-07 -0.000409405 -0.000253127 -5.25989e-07 -0.000231871   -0.0154309    0.0001745  0.000895684  0.000317482  7.09804e-06 -0.000621076 -0.000390837  1.37053e-05 -0.000289889   -0.0178115  0.000281259   0.00112164  0.000492269  1.50684e-05 -0.000861388 -0.000546745  2.94115e-05 -0.000348892   -0.0196589  0.000396801   0.00134113  0.000686102   3.3147e-05   -0.0011264  -0.00071289  4.12232e-05 -0.000417682   -0.0211893  0.000504736   0.00154916  0.000880328  6.22139e-05  -0.00141866 -0.000885225  4.87648e-05 -0.000505934   -0.0225687  0.000586642   0.00173897   0.00105568   0.00010372  -0.00174303  -0.00106082  5.26481e-05 -0.000618752   -0.0235345  0.000648685   0.00192307   0.00121377  0.000146668  -0.00208272  -0.00123897    5.573e-05 -0.000745552    -0.023766  2.04668e-06   0.00982887  1.91455e-06 -4.98334e-07  3.31291e-06 -2.54198e-07  1.38349e-07   -0.0555482  1.72259e-06    0.0143227   0.00158557   -0.0028034  -0.00716792  -0.00750779   0.00174368    -0.101406   0.00163017    0.0158833   0.00559019  -0.00247384   -0.0141805   -0.0128531   0.00200314    -0.086906   0.00464251    0.0166437    0.0107107  -0.00158777   -0.0198259   -0.0172804   0.00218905   -0.0648983   0.00348401     0.018482      0.01114  -0.00276854   -0.0250411   -0.0213678   0.00294551   -0.0476827   0.00318793    0.0192855    0.0122471  -0.00298366   -0.0288187    -0.024096   0.00291733   -0.0370017   0.00355193    0.0188862    0.0138916  -0.00194574    -0.031931   -0.0257045   0.00232521   -0.0306424    0.0026846    0.0180491    0.0141083 -0.000643809   -0.0350594    -0.026668   0.00167955   -0.0276051  0.000506254    0.0165634    0.0128902    0.0012701   -0.0385062   -0.0270686   0.00103128    -0.019319 -0.000908788     0.015994    0.0118794   0.00196956   -0.0402145   -0.0272289  0.000634797  -0.00462058
========================================
primal_step_norm FAILED
Initialization finished.
Allocations finished.
Setup successful.
Solver is ready.
Starting solver...
Solver initialization verified.
Solver finished.
===== SQP Iteration: 2 =====
step_ (179 x 1): 
-0.000841291 -1.50482e-05 -0.000840558  -1.4827e-05 -0.000310964 -5.80669e-06  1.01614e-05  -0.00137841 -1.01034e-05 -0.000299841 -1.39653e-05 -0.000208378  -1.1167e-06  -0.00018619 -9.06433e-07  1.03035e-05 -0.000800935   0.00508513  4.19346e-05   4.6702e-05  0.000212287 -4.46749e-05 -0.000138902 -1.38609e-05  3.65664e-05 -0.000525665   0.00665093  0.000218337  0.000165972  0.000415841 -0.000145718 -0.000166128 -4.44863e-05  8.89404e-05 -0.000423188   0.00720512  0.000266861  0.000329821   0.00048319 -0.000295773 -0.000237551 -8.82809e-05  0.000157528 -0.000344175   0.00749954  0.000312838  0.000472924  0.000545926 -0.000439725 -0.000319391 -0.000130447  0.000219158 -0.000278991   0.00765692  0.000361448  0.000599427  0.000609476 -0.000579934 -0.000410839 -0.000173757  0.000279264 -0.000207533   0.00770541   0.00040539  0.000713154  0.000666664 -0.000719318 -0.000509223 -0.000217858  0.000338498 -0.000128657   0.00764848  0.000445815  0.000810072  0.000719745 -0.000852831 -0.000611978 -0.000260297  0.000394605 -5.44484e-05   0.00750652  0.000483907  0.000888261  0.000770718 -0.000975792 -0.000718777 -0.000299573   0.00044692  1.22674e-06   0.00734746  0.000522629  0.000954737  0.000823077  -0.00109073 -0.000827337 -0.000336519  0.000497229  4.54742e-05   0.00725748    0.0276772 -6.11889e-07    0.0397723  9.63517e-07  1.25527e-06   8.4019e-07 -7.44413e-07     0.101872    0.0276791   0.00523811    0.0381901  -0.00820859 -0.000163582  -0.00284376    0.0028972    0.0313254    0.0195764    0.0102478    0.0231617   -0.0165999  -0.00391555  -0.00559552   0.00588423     0.011099   0.00554197    0.0137106   0.00805121   -0.0228567  -0.00799624  -0.00727519   0.00763561   0.00590394   0.00668648    0.0119108   0.00894418   -0.0215585  -0.00870553  -0.00685321   0.00686477   0.00316009   0.00677002    0.0104277   0.00879592   -0.0206231  -0.00987442  -0.00681477   0.00670814  0.000980502   0.00599179   0.00922281   0.00781933   -0.0199567   -0.0107777  -0.00669063   0.00657917  -0.00112767   0.00609239   0.00774997   0.00784979   -0.0187376   -0.0111526  -0.00628727   0.00621285  -0.00282905    0.0068741   0.00623831   0.00866544   -0.0172339   -0.0112486  -0.00581089    0.0058115  -0.00317488   0.00728843   0.00535546   0.00912983   -0.0163281   -0.0113068  -0.00553844   0.00562489  -0.00179922
========================================
primal_step_norm FAILED
Initialization finished.
Allocations finished.
Setup successful.
Solver is ready.
Starting solver...
Solver initialization verified.
Solver finished.
===== SQP Iteration: 3 =====
step_ (179 x 1): 
 -0.00179508   2.9447e-05  -0.00179418 -0.000184666 -0.000631389 -0.000146508  8.35639e-05  -0.00275947  5.75771e-06 -7.22933e-05   0.00014236 -3.20185e-05 -0.000345635  6.04528e-05 -0.000282243  0.000150025   0.00030403   0.00639263 -8.51018e-05  0.000152034  7.95894e-06 -0.000474969  0.000155467 -0.000346877  0.000198494  0.000432244    0.0141751 -0.000186127  0.000139336 -2.98388e-05  -0.00060671  0.000276985 -0.000372027  0.000237837  0.000386915    0.0211406 -0.000247796  0.000141262 -5.84174e-05 -0.000764295  0.000464019 -0.000369902  0.000280109  0.000402105    0.0266091 -0.000324901  0.000186784 -0.000132053 -0.000969047  0.000696356  -0.00035115  0.000336896   0.00049376    0.0308265 -0.000411411  0.000258115 -0.000239025  -0.00120431  0.000966211 -0.000316583  0.000403789  0.000619892    0.0341384 -0.000510408  0.000349243 -0.000379092  -0.00146374    0.0012641 -0.000270978  0.000482007  0.000745486    0.0368004  -0.00056045  0.000457921 -0.000488144  -0.00174212   0.00160709 -0.000218725  0.000569959  0.000943575    0.0389688 -0.000700332  0.000588932 -0.000702093  -0.00204317   0.00194264 -0.000161985   0.00066657  0.000981489    0.0403851 -0.000805376   0.00072819 -0.000888743  -0.00235003   0.00229962 -0.000101998  0.000763124   0.00105246    0.0407254  0.000777928  1.34953e-06   0.00620886 -1.71014e-06  4.66462e-06 -3.72824e-06  3.13097e-06     0.128026   0.00507212  -0.00418617    0.0120681  0.000904307   0.00810717   0.00546812  -0.00195511     0.155944    0.0118471  -0.00494876    0.0203266  -0.00205435    0.0170921   0.00896546  -0.00229774     0.139562     0.015821  -0.00294028    0.0202389  -0.00855936    0.0242989    0.0107575  -0.00107271     0.109583    0.0102782   0.00128337    0.0107368   -0.0178248    0.0285967    0.0111437   0.00144063    0.0845288   0.00802082    0.0039979   0.00516928   -0.0244391     0.032867     0.011568   0.00346547    0.0663905    0.0078845   0.00607392   0.00224307   -0.0295602    0.0368975    0.0116143   0.00552645     0.053359   0.00986676   0.00771596   0.00191905    -0.033435    0.0409908    0.0114389     0.007404    0.0434612    0.0115306   0.00992765   0.00159228     -0.03746    0.0450149    0.0110214   0.00906638    0.0283639    0.0135083    0.0107074   0.00271304   -0.0389776    0.0473319    0.0108275   0.00993075    0.0067905
========================================
primal_step_norm FAILED
Initialization finished.
Allocations finished.
Setup successful.
Solver is ready.
Starting solver...
Solver initialization verified.
Solver finished.
===== SQP Iteration: 4 =====
step_ (179 x 1): 
 -0.00103458  0.000111451  -0.00103858 -0.000306664 -0.000310425 -0.000230831  0.000178477  -0.00141967  1.71725e-05 -0.000157883  0.000186927 -0.000146479   -0.0004319  6.10749e-05 -0.000328956  0.000272641  0.000258695  0.000467258 -0.000241858  0.000243508 -0.000219758 -0.000552967  0.000103062 -0.000400371  0.000365599  0.000252104   0.00122926 -0.000300422  0.000311019 -0.000271269  -0.00067627   0.00018421 -0.000458023  0.000453475   0.00023182   0.00190811 -0.000328609  0.000394474 -0.000296469 -0.000803883   0.00030174 -0.000503854  0.000535647  0.000216227   0.00246679 -0.000352516   0.00049731 -0.000320826  -0.00093795  0.000441767 -0.000539694  0.000611988  0.000176892   0.00291526 -0.000375185   0.00062239 -0.000348753   -0.0010802   0.00059909 -0.000567508  0.000683492  0.000120612   0.00327948 -0.000403983  0.000770749 -0.000386619  -0.00123108  0.000767331 -0.000588711  0.000751097  4.52418e-05   0.00357311 -0.000407869  0.000942524 -0.000402517  -0.00139116  0.000954965 -0.000605175  0.000815774  1.21865e-05   0.00380479 -0.000465112   0.00113377 -0.000474834  -0.00156107   0.00112952 -0.000618071  0.000878229 -9.87092e-05   0.00395266 -0.000503649   0.00133432 -0.000529071  -0.00173386   0.00131208 -0.000628252  0.000937194 -0.000183032    0.0039886  -0.00175934  9.43173e-07  8.35823e-08 -1.61934e-06  1.77026e-06 -3.54245e-06  4.13667e-06   0.00910901   0.00262729  0.000996509   0.00388194   -0.0016347   0.00541602   0.00126985  0.000397507    0.0153435   0.00629302   0.00250148   0.00704688  -0.00374443    0.0102067     0.002148   0.00100153    0.0136737   0.00869433   0.00441643    0.0089519  -0.00625155    0.0141758   0.00267277   0.00175526    0.0112644   0.00975717    0.0066293     0.009523  -0.00905319    0.0172888   0.00289232   0.00259568   0.00904916   0.00977318   0.00901847   0.00905155   -0.0120269     0.019638     0.002862    0.0034595   0.00735054   0.00896938    0.0114607   0.00776446   -0.0150517    0.0213091   0.00263981   0.00429266   0.00592007   0.00773325    0.0137241   0.00606671   -0.0178562    0.0224025   0.00231747   0.00501532   0.00467267   0.00626303      0.01568   0.00416123   -0.0203077    0.0230194   0.00195596   0.00560152   0.00297089   0.00610919    0.0164909    0.0038532   -0.0212694    0.0233606   0.00180629   0.00581353  0.000713297
========================================
primal_step_norm SUCCESS
SOLVED , sqp_iter_: 4
AFTER initial_guess_[0].uk: [0.409056, 0.050982, -0.068142, -0.024782, 0.067395, -0.005253, -0.005805, 0.324283]
BEFORE initial_guess_[0].uk: [0.377937, 0.064685, -0.096954, -0.046633, 0.052673, -0.018644, 0.000516, 0.188564]
Initialization finished.
Allocations finished.
Setup successful.
Solver is ready.
Starting solver...
Solver initialization verified.
Solver finished.
===== SQP Iteration: 0 =====
step_ (179 x 1): 
 -0.00444268 -0.000114699  -0.00443651 -5.46667e-05  -0.00166066 -3.51715e-05  2.56457e-05  -0.00672294 -4.59825e-05  0.000732121 -0.000742844  0.000727069   0.00111787 -0.000115065  0.000835363 -0.000477418  0.000101179  -0.00873036  0.000514105  -0.00118637  0.000494738   0.00142179 -0.000358089   0.00101737  -0.00050467 -0.000368667   -0.0140719   0.00042865  -0.00167323  0.000427978   0.00176664 -0.000522254   0.00120084 -0.000541794 -0.000464716   -0.0181166  0.000332696  -0.00221651  0.000382714   0.00215897 -0.000677848   0.00138567 -0.000591588 -0.000535364   -0.0212828  0.000233596  -0.00281532  0.000364975   0.00259914 -0.000835575   0.00156969 -0.000654899   -0.0006288   -0.0237397  0.000143872  -0.00344535  0.000382831   0.00306872 -0.000992547    0.0017484 -0.000727627 -0.000698324    -0.025589 -1.60039e-05  -0.00409136   0.00035267   0.00355374  -0.00117926   0.00192003 -0.000805921 -0.000855903   -0.0268757 -1.02045e-05  -0.00474609   0.00050733   0.00405275  -0.00131084   0.00208248 -0.000889505 -0.000732553   -0.0276756  0.000605293  -0.00488018 -0.000311168   0.00416777  -0.00160356   0.00203404 -0.000949423 -0.000543116   -0.0278132   0.00023616  -0.00553779 -0.000511105   0.00461469  -0.00188058   0.00214663  -0.00102733 -0.000983777   -0.0278811   -0.0086867   -0.0244106  -0.00974682   0.00597947   -0.0135238  -0.00183456     0.014196     -0.17526   -0.0191292   -0.0294066    -0.021172    0.0156329   -0.0178471    0.0024662    0.0115964    -0.107033   -0.0320085    -0.034843   -0.0295983    0.0262116   -0.0194752   0.00644661   0.00836519   -0.0810843   -0.0349867   -0.0408805   -0.0282329    0.0376778   -0.0198861    0.0101039   0.00458179   -0.0634927   -0.0329604   -0.0465643   -0.0221341    0.0485629   -0.0201667    0.0131409  0.000827913   -0.0492853   -0.0327075   -0.0501179   -0.0183821    0.0562895   -0.0211911    0.0152467  -0.00224161   -0.0371047   -0.0339682   -0.0520686   -0.0166791    0.0614143   -0.0227356       0.0166  -0.00471831   -0.0258403   -0.0336053    -0.053643   -0.0137328    0.0654809   -0.0241337    0.0174701  -0.00682227   -0.0160333   -0.0350986   -0.0543454   -0.0135883    0.0676091   -0.0258538    0.0178439  -0.00818695  -0.00750502   -0.0357077   -0.0550024   -0.0132275    0.0689693    -0.027098     0.017962  -0.00903388  -0.00137322
========================================
primal_step_norm FAILED
Initialization finished.
Allocations finished.
Setup successful.
Solver is ready.
Starting solver...
Solver initialization verified.
Solver finished.
===== SQP Iteration: 1 =====
step_ (179 x 1): 
 -0.00281759 -9.05846e-05   -0.0028117 -8.08128e-06  -0.00104622  -3.2753e-06  2.52226e-05  -0.00434365 -5.07694e-06 -0.000414343  -0.00011266 -0.000390412  0.000215561    1.209e-05  0.000185561 -0.000296999 -0.000241706   0.00758812  -9.7275e-05 -0.000417604  -5.1119e-05  0.000553786  0.000266046  0.000441466 -0.000614801  0.000389086    0.0101923 -0.000144952 -0.000890551 -0.000115741  0.000952179  0.000352164   0.00072734  -0.00092463     0.000427    0.0120363 -0.000258484  -0.00145864 -0.000265008   0.00137209  0.000406459   0.00102592  -0.00122206  0.000470838    0.0135233 -0.000410622  -0.00207828 -0.000470648   0.00179004  0.000448401   0.00132802  -0.00150609  0.000574522     0.014716 -0.000575086  -0.00274023 -0.000702661   0.00220792  0.000485808   0.00163032  -0.00178147  0.000712845     0.015621 -0.000745447  -0.00343844 -0.000951056   0.00262985   0.00051833   0.00193153  -0.00205205  0.000843271    0.0162623 -0.000877848   -0.0041548  -0.00117026   0.00305024  0.000565719   0.00222983  -0.00231832   0.00103676    0.0165914  -0.00106807  -0.00488631  -0.00145191   0.00347151  0.000591729   0.00252734  -0.00258243    0.0011375     0.016626  -0.00132264  -0.00562744  -0.00179996   0.00389424  0.000594501   0.00282567  -0.00284569   0.00114027    0.0165522  5.68121e-06  -0.00487841   0.00312229    0.0270556    0.0166205    0.0261232   -0.0357745     0.151859  5.24889e-06   -0.0238146   0.00312187    0.0423849    0.0151746    0.0327252   -0.0357718    0.0521821 -5.28178e-06   -0.0370141  -0.00224948    0.0516999     0.011837    0.0372085    -0.034977     0.036961  -0.00838057   -0.0450287   -0.0132266    0.0557504   0.00842868    0.0398821    -0.033504    0.0298009   -0.0173303   -0.0496534   -0.0245507     0.056774   0.00579589    0.0413822   -0.0319464    0.0239047   -0.0207764   -0.0535257   -0.0298396     0.058136   0.00462678    0.0423669   -0.0309618    0.0181488   -0.0203763   -0.0567669   -0.0308224    0.0597711   0.00440227    0.0429502   -0.0303635    0.0128663   -0.0200056   -0.0585391    -0.031599     0.060345   0.00452417    0.0431172   -0.0298022   0.00662679   -0.0202796   -0.0597596   -0.0324948    0.0608521   0.00448964    0.0431803   -0.0294655    0.0007247   -0.0209696   -0.0604474    -0.033452    0.0611798   0.00439717    0.0432329    -0.029292  -0.00147751
========================================
primal_step_norm FAILED
Initialization finished.
Allocations finished.
Setup successful.
Solver is ready.
Starting solver...
Solver initialization verified.
Solver finished.
===== SQP Iteration: 2 =====
step_ (179 x 1): 
 -0.00113596 -9.67614e-05  -0.00113556   8.8241e-05 -0.000371905  4.64052e-05  4.13187e-05  -0.00175111  6.52265e-06 -0.000397387 -0.000143093 -0.000387757   0.00017018  7.02533e-05  6.96054e-05  5.99036e-05 -0.000761087  0.000619261  1.41473e-05 -0.000245854  3.34033e-05  0.000295824  0.000339443  0.000178497  6.09195e-05 -0.000333962  -0.00122895  0.000148782 -0.000453396  0.000177841  0.000486929  0.000438285  0.000356718  4.80989e-05 -0.000394198  -0.00318942  0.000197649 -0.000801568  0.000216834  0.000760171    0.0004572  0.000586669  2.46737e-05 -0.000571077  -0.00474521  0.000186327  -0.00132064  0.000177208   0.00112656  0.000433453  0.000853598 -6.82465e-06 -0.000735623  -0.00589632  0.000116249  -0.00198421   7.2855e-05   0.00155785  0.000382676   0.00114552 -4.43845e-05 -0.000852078  -0.00672233  5.88484e-06  -0.00274731 -7.72369e-05   0.00203031  0.000313893   0.00145287 -8.61758e-05  -0.00090999  -0.00730698  -0.00013965  -0.00357717 -0.000266887   0.00252933  0.000228096   0.00176938 -0.000131694 -0.000940162  -0.00775989 -0.000304858  -0.00445879 -0.000476279    0.0030512  0.000125312   0.00209147 -0.000182656 -0.000975685  -0.00809895 -0.000483455  -0.00536702 -0.000698166   0.00358465  7.15051e-06   0.00241545  -0.00023712  -0.00103001  -0.00820685    0.0252451 -8.69221e-07    0.0266906  1.13328e-07    0.0217031  4.67551e-07  2.31612e-06    0.0122202     0.025242  -0.00401568    0.0266873   0.00617052    0.0163604    0.0118564  -0.00199037   -0.0369142    0.0252384   -0.0120958    0.0266834    0.0156524   0.00927248    0.0215882  -0.00348098   -0.0391679    0.0213651   -0.0236143    0.0202316    0.0278394   0.00301994    0.0292385  -0.00452446   -0.0311029    0.0109688   -0.0378271   0.00736801    0.0418555  -0.00216157    0.0349841  -0.00516894   -0.0230317  -0.00215499   -0.0499807  -0.00654829    0.0519258  -0.00638551    0.0390665  -0.00545668    -0.016541   -0.0133674   -0.0585431   -0.0185093    0.0587403  -0.00971594    0.0418096  -0.00552115   -0.0117123   -0.0216846   -0.0643699   -0.0274629    0.0632789   -0.0121245    0.0435646  -0.00554406  -0.00906925   -0.0247069   -0.0689388   -0.0305632    0.0673764   -0.0135347    0.0447773  -0.00588981  -0.00678422   -0.0256331    -0.071381   -0.0314191    0.0696919   -0.0143161     0.045349  -0.00611475   -0.0021566
========================================
primal_step_norm SUCCESS
SOLVED , sqp_iter_: 2
AFTER initial_guess_[0].uk: [0.413964, 0.000980, -0.053311, 0.025219, 0.117401, 0.044750, -0.055798, 0.132660]
BEFORE initial_guess_[0].uk: [0.363953, -0.049022, -0.103322, 0.075219, 0.074352, 0.092814, -0.063957, -0.301538]
Initialization finished.
Allocations finished.
Setup successful.
Solver is ready.
Starting solver...
Solver initialization verified.
Solver finished.
===== SQP Iteration: 0 =====
step_ (179 x 1): 
  -0.0048277 -0.000125864  -0.00482593 -7.98211e-05  -0.00179851 -6.75111e-05  4.07554e-05  -0.00720732 -4.82802e-05  0.000369778  0.000639073  0.000363582 -0.000649297  -4.1011e-05 -0.000442245   0.00010613  6.84263e-05  -0.00424097   0.00017923    0.0013921  0.000173005  -0.00127509 -0.000146705 -0.000895651  0.000348087 -0.000343321  -0.00533453  0.000265803   0.00239745   0.00027049  -0.00203144 -0.000114319  -0.00142935  0.000621196 -0.000295154  -0.00598123  0.000420023   0.00361873  0.000479101   -0.0028897 -4.71441e-05  -0.00201151  0.000910287 -0.000242687  -0.00652049  0.000643473   0.00498209  0.000787709  -0.00379138  3.18123e-05  -0.00261867   0.00120362 -0.000264447  -0.00697909  0.000911634   0.00643387   0.00116887  -0.00471376  0.000115685  -0.00323764   0.00149817 -0.000329186  -0.00734477   0.00115454   0.00794028   0.00154782  -0.00564515  0.000183751  -0.00385932   0.00179258 -0.000469031  -0.00749501   0.00145107   0.00948506   0.00199835  -0.00658018  0.000273332   -0.0044798   0.00208651  -0.00049249  -0.00746576   0.00200893   0.00922076   0.00116757  -0.00640541 -3.36576e-05  -0.00451817   0.00198453 -0.000251765   -0.0075782   0.00219349    0.0107273   0.00153928  -0.00730608  5.19582e-06  -0.00513241   0.00226375 -0.000441449  -0.00738955 -1.47542e-06    0.0323908 -1.18893e-06   -0.0459773  -0.00267147   -0.0375726    0.0222838   -0.0850739  1.89507e-06     0.055108  2.42456e-06   -0.0699614 -0.000612375   -0.0546865    0.0278302   -0.0219509  5.64789e-06     0.075564   0.00153066   -0.0901605   0.00296048   -0.0671918    0.0312485    -0.012991    0.0088114    0.0936939    0.0161692    -0.106535   0.00647643    -0.075629    0.0327721    -0.010818    0.0240102     0.106025    0.0354964    -0.114916   0.00931423   -0.0808213    0.0329311  -0.00919508    0.0335584     0.113961    0.0487338    -0.119998     0.010543   -0.0839991     0.032775  -0.00733491    0.0369555     0.119057    0.0552342    -0.122873    0.0103065   -0.0856157    0.0324339  -0.00303908    0.0353181     0.122506    0.0560931    -0.124704   0.00929934   -0.0862469     0.032215  0.000560452    0.0362992     0.121397    0.0598437    -0.121929   0.00842324   -0.0857489    0.0312588  -0.00199989    0.0342825     0.119944    0.0592305    -0.119814   0.00668969   -0.0854118    0.0304909   0.00375866
========================================
primal_step_norm FAILED
Initialization finished.
Allocations finished.
Setup successful.
Solver is ready.
Starting solver...
Solver initialization verified.
Solver finished.
QP solve FAILED : 7 
QP_MaxIterReached
NOT SOLVED , sqp_iter_: 1
===================================================
================ QP did not solved ================
================ Max Iter reached ==================
===================================================
AFTER initial_guess_[0].uk: [0.363953, -0.049022, -0.103322, 0.075219, 0.074352, 0.092814, -0.063957, -0.301538]
dist too large
====================================================================
[MPC] Generating a new initial guess based on maximum deceleration.
----------------------------------------------------
Step 0 - Current Input: [0.313942, -0.099023, -0.153333, 0.125219, 0.030506, 0.130956, -0.072296, -5.394244], ddq: [-5.000000, 5.000000, 5.000000, -5.000000, -5.000000, -5.000000, 5.000000], dVs: [-5.394244]
Step 0 - Current State: [q: 0.099034, 0.002918 -0.130723 -1.563408 0.005664 1.571047 0.703796, s: 0.025270, vs: 0.053942]
Next State: [q: 0.102173, 0.001928 -0.132257 -1.562156 0.005969 1.572356 0.703073, s: 0.025540, vs: 0.000000]
----------------------------------------------------
----------------------------------------------------
Step 1 - Current Input: [0.263942, -0.049023, -0.103333, 0.075219, 0.000000, 0.080956, -0.022296, -3.409181], ddq: [-5.000000, 5.000000, 5.000000, -5.000000, 0.000000, -5.000000, 5.000000], dVs: [-3.409181]
Step 1 - Current State: [q: 0.102173, 0.001928 -0.132257 -1.562156 0.005969 1.572356 0.703073, s: 0.025540, vs: 0.000000]
Next State: [q: 0.104813, 0.001438 -0.133290 -1.561404 0.005969 1.573166 0.702850, s: 0.025369, vs: -0.034092]
----------------------------------------------------
----------------------------------------------------
Step 2 - Current Input: [0.213942, 0.000000, -0.053333, 0.025219, 0.000000, 0.030956, 0.000000, 0.026646], ddq: [-5.000000, 0.000000, 5.000000, -5.000000, 0.000000, -5.000000, 0.000000], dVs: [0.026646]
Step 2 - Current State: [q: 0.104813, 0.001438 -0.133290 -1.561404 0.005969 1.573166 0.702850, s: 0.025369, vs: -0.034092]
Next State: [q: 0.106952, 0.001438 -0.133823 -1.561151 0.005969 1.573476 0.702850, s: 0.025030, vs: -0.033825]
----------------------------------------------------
----------------------------------------------------
Step 3 - Current Input: [0.163942, 0.000000, -0.003333, 0.000000, 0.000000, 0.000000, 0.000000, 0.985615], ddq: [-5.000000, 0.000000, 5.000000, 0.000000, 0.000000, 0.000000, 0.000000], dVs: [0.985615]
Step 3 - Current State: [q: 0.106952, 0.001438 -0.133823 -1.561151 0.005969 1.573476 0.702850, s: 0.025030, vs: -0.033825]
Next State: [q: 0.108592, 0.001438 -0.133857 -1.561151 0.005969 1.573476 0.702850, s: 0.024741, vs: -0.023969]
----------------------------------------------------
----------------------------------------------------
Step 4 - Current Input: [0.113942, 0.000000, 0.000000, 0.000000, 0.000000, 0.000000, 0.000000, 1.052788], ddq: [-5.000000, 0.000000, 0.000000, 0.000000, 0.000000, 0.000000, 0.000000], dVs: [1.052788]
Step 4 - Current State: [q: 0.108592, 0.001438 -0.133857 -1.561151 0.005969 1.573476 0.702850, s: 0.024741, vs: -0.023969]
Next State: [q: 0.109731, 0.001438 -0.133857 -1.561151 0.005969 1.573476 0.702850, s: 0.024554, vs: -0.013441]
----------------------------------------------------
----------------------------------------------------
Step 5 - Current Input: [0.063942, 0.000000, 0.000000, 0.000000, 0.000000, 0.000000, 0.000000, 1.051148], ddq: [-5.000000, 0.000000, 0.000000, 0.000000, 0.000000, 0.000000, 0.000000], dVs: [1.051148]
Step 5 - Current State: [q: 0.109731, 0.001438 -0.133857 -1.561151 0.005969 1.573476 0.702850, s: 0.024554, vs: -0.013441]
Next State: [q: 0.110371, 0.001438 -0.133857 -1.561151 0.005969 1.573476 0.702850, s: 0.024472, vs: -0.002930]
----------------------------------------------------
----------------------------------------------------
Step 6 - Current Input: [0.013942, 0.000000, 0.000000, 0.000000, 0.000000, 0.000000, 0.000000, 0.292983], ddq: [-5.000000, 0.000000, 0.000000, 0.000000, 0.000000, 0.000000, 0.000000], dVs: [0.292983]
Step 6 - Current State: [q: 0.110371, 0.001438 -0.133857 -1.561151 0.005969 1.573476 0.702850, s: 0.024472, vs: -0.002930]
Next State: [q: 0.110510, 0.001438 -0.133857 -1.561151 0.005969 1.573476 0.702850, s: 0.024457, vs: 0.000000]
----------------------------------------------------
----------------------------------------------------
Step 7 - Current Input: [0.000000, 0.000000, 0.000000, 0.000000, 0.000000, 0.000000, 0.000000, -0.000000], ddq: [0.000000, 0.000000, 0.000000, 0.000000, 0.000000, 0.000000, 0.000000], dVs: [-0.000000]
Step 7 - Current State: [q: 0.110510, 0.001438 -0.133857 -1.561151 0.005969 1.573476 0.702850, s: 0.024457, vs: 0.000000]
Next State: [q: 0.110510, 0.001438 -0.133857 -1.561151 0.005969 1.573476 0.702850, s: 0.024457, vs: -0.000000]
----------------------------------------------------
----------------------------------------------------
Step 8 - Current Input: [0.000000, 0.000000, 0.000000, 0.000000, 0.000000, 0.000000, 0.000000, 0.000000], ddq: [0.000000, 0.000000, 0.000000, 0.000000, 0.000000, 0.000000, 0.000000], dVs: [0.000000]
Step 8 - Current State: [q: 0.110510, 0.001438 -0.133857 -1.561151 0.005969 1.573476 0.702850, s: 0.024457, vs: -0.000000]
Next State: [q: 0.110510, 0.001438 -0.133857 -1.561151 0.005969 1.573476 0.702850, s: 0.024457, vs: 0.000000]
----------------------------------------------------
----------------------------------------------------
Step 9 - Current Input: [0.000000, 0.000000, 0.000000, 0.000000, 0.000000, 0.000000, 0.000000, -0.000000], ddq: [0.000000, 0.000000, 0.000000, 0.000000, 0.000000, 0.000000, 0.000000], dVs: [-0.000000]
Step 9 - Current State: [q: 0.110510, 0.001438 -0.133857 -1.561151 0.005969 1.573476 0.702850, s: 0.024457, vs: 0.000000]
Next State: [q: 0.110510, 0.001438 -0.133857 -1.561151 0.005969 1.573476 0.702850, s: 0.024457, vs: -0.000000]
----------------------------------------------------
====================================================================
BEFORE initial_guess_[0].uk: [0.313942, -0.099023, -0.153333, 0.125219, 0.030506, 0.130956, -0.072296, -5.394244]
Initialization finished.
Allocations finished.
Setup successful.
Solver is ready.
Starting solver...
Solver initialization verified.
Solver finished.
===== SQP Iteration: 0 =====
step_ (179 x 1): 
 -0.00323851 -9.92333e-05  -0.00323631 -8.50474e-05    -0.001216 -9.86475e-05  2.70851e-05   -0.0042481   -5.777e-05   -0.0057616 -0.000172413  -0.00575769 -0.000487537  -0.00218351 -0.000416935 -9.14198e-05  -0.00745742    0.0131607  -0.00731928 -0.000713328  -0.00765633 -0.000878813  -0.00285337 -0.000713723 -0.000477055  -0.00919743    0.0341546  -0.00809452   -0.0016848  -0.00901041  -0.00124334  -0.00340032 -0.000992532  -0.00107853   -0.0097967    0.0314061  -0.00825184   -0.0027956  -0.00995074  -0.00163604  -0.00393852  -0.00130959  -0.00178622  -0.00984119    0.0221803  -0.00804652  -0.00399319   -0.0106118   -0.0021236  -0.00452457  -0.00175287  -0.00257227  -0.00970813    0.0127236  -0.00760633  -0.00525254   -0.0111277   -0.0026835  -0.00518821  -0.00229822  -0.00342543  -0.00958303   0.00301534  -0.00698774  -0.00655094   -0.0115682   -0.0032993  -0.00593648  -0.00292283  -0.00433109  -0.00949345  0.000575623  -0.00632134  -0.00787208   -0.0119694  -0.00395493  -0.00675474  -0.00360031  -0.00528468  -0.00941141  0.000871632   -0.0056507   -0.0092082   -0.0123448  -0.00463162  -0.00761916  -0.00430514  -0.00628256  -0.00933837    0.0011366  -0.00497838   -0.0105535   -0.0127039  -0.00531364  -0.00850627  -0.00501821  -0.00731258  -0.00928504   0.00152616 -8.79903e-06  4.39184e-07 -8.72827e-06   -0.0459782  -0.00237437   -0.0337734   -0.0159604     0.264869 -1.62777e-05   -0.0408284   -0.0459932   -0.0459793  -0.00985218   -0.0337752   -0.0453437     0.419993 -1.98061e-05    -0.078137   -0.0774977   -0.0435267   -0.0290131   -0.0337767   -0.0690233   -0.0550312    0.0204307   -0.0907404   -0.0841318   -0.0487626   -0.0473529   -0.0410747   -0.0804927    -0.184627    0.0408489   -0.0982598   -0.0747702   -0.0630485    -0.061362   -0.0602324    -0.088935    -0.189242    0.0619353    -0.103279   -0.0654857   -0.0740683   -0.0730384   -0.0755462   -0.0961455    -0.194255    0.0820077    -0.106343   -0.0591833    -0.082504   -0.0835496   -0.0873407    -0.101789   -0.0488604    0.0871884    -0.108096   -0.0551094   -0.0884802   -0.0916777   -0.0952108    -0.106884   0.00587721    0.0875919    -0.109194   -0.0517819   -0.0918429   -0.0967609   -0.0993541    -0.111534   0.00527691     0.088382    -0.109798   -0.0495359   -0.0931245   -0.0989996    -0.100757    -0.114717   0.00778374
========================================
primal_step_norm FAILED
Initialization finished.
Allocations finished.
Setup successful.
Solver is ready.
Starting solver...
Solver initialization verified.
Solver finished.
===== SQP Iteration: 1 =====
step_ (179 x 1): 
 -0.00369625  -8.5245e-05  -0.00369437  -0.00010882  -0.00138901 -0.000105653  3.66886e-05  -0.00558946 -7.01508e-05  -0.00366259 -5.70482e-05  -0.00366324 -0.000129763   -0.0013764 -0.000108906  0.000390587  -0.00606056    0.0119652  -0.00343242 -2.29619e-05  -0.00343405 -0.000152567  -0.00128917 -0.000118789  0.000897887  -0.00597396    0.0114843  -0.00334059 -5.98326e-05  -0.00335117 -0.000194584  -0.00125391 -0.000139526   0.00152856  -0.00593679    0.0077014  -0.00338516 -0.000144856  -0.00345335 -0.000262974  -0.00128295 -0.000167525   0.00223915  -0.00605715   0.00448002  -0.00344912 -0.000270555  -0.00360729 -0.000375168   -0.0013595 -0.000197381   0.00300246  -0.00622475   0.00261943  -0.00346999 -0.000429247  -0.00374885 -0.000533387  -0.00144213 -0.000252884   0.00380351  -0.00636484   0.00182038  -0.00343461  -0.00062114  -0.00386437 -0.000727719   -0.0015103 -0.000345891   0.00462402  -0.00646927   0.00160437  -0.00336451 -0.000847067  -0.00395694 -0.000944317   -0.0015646 -0.000465759   0.00545845   -0.0065532   0.00163689  -0.00327724  -0.00109985   -0.0040358  -0.00117385  -0.00161145 -0.000604969   0.00630751   -0.0066212   0.00174077  -0.00317339  -0.00136705  -0.00410419  -0.00140924  -0.00165429 -0.000754761   0.00716831   -0.0066659   0.00179162  2.91774e-06 -2.36427e-07  3.12428e-06  7.66238e-07  1.92737e-06  6.75456e-07    0.0383127     0.240849  5.74562e-06  0.000367048  6.14361e-06  1.62178e-06   3.7555e-06  1.39141e-06    0.0554056  -0.00948171  1.11128e-05  -0.00458315 -0.000865192   -0.0019389    4.808e-06  2.18539e-06    0.0689075   -0.0755299   0.00259285  -0.00781647  -0.00500859  -0.00506418 -0.000813862  2.51149e-06    0.0776145   -0.0643309   0.00684741   -0.0108316   -0.0050789   -0.0111644  -0.00407552  2.12649e-06    0.0834577   -0.0371497    0.0113208   -0.0134274  -0.00485965   -0.0178358  -0.00523296  -0.00384227    0.0876951    -0.015945    0.0162849   -0.0160453  -0.00397587   -0.0234016  -0.00441679  -0.00966447    0.0900738  -0.00430123    0.0190352   -0.0186597  -0.00289668   -0.0271997  -0.00338096   -0.0140581    0.0918314  0.000656729    0.0197812   -0.0206895  -0.00274833   -0.0296409  -0.00296487   -0.0173982    0.0936336   0.00207466    0.0196664   -0.0217574  -0.00319558   -0.0309047  -0.00302935   -0.0194157    0.0951217   0.00100895
========================================
primal_step_norm FAILED
Initialization finished.
Allocations finished.
Setup successful.
Solver is ready.
Starting solver...
Solver initialization verified.
Solver finished.
===== SQP Iteration: 2 =====
step_ (179 x 1): 
 -0.00248357  -3.1279e-05   -0.0024817 -7.99588e-05  -0.00092674 -4.93304e-05  2.90801e-05  -0.00404967 -5.88326e-05  -0.00171265  2.09818e-05  -0.00170878 -5.82543e-05 -0.000630783  -6.4973e-06  2.25825e-05  -0.00305286   0.00319532  -0.00137279  0.000207823  -0.00137119 -4.34326e-05  -0.00049859  2.34635e-05  0.000128209  -0.00263212   0.00278478  -0.00123837  0.000508676  -0.00125605  1.24338e-05 -0.000450964  4.62312e-05   0.00042156  -0.00253467   0.00122423  -0.00117171   0.00087111  -0.00122626  0.000133387 -0.000437358  6.57132e-05  0.000896764  -0.00258439 -0.000461103  -0.00113714   0.00127892  -0.00124175  0.000303251 -0.000409763   8.2191e-05   0.00151328  -0.00267936  -0.00180598  -0.00110668   0.00171896  -0.00127255  0.000510556 -0.000360987  9.60889e-05   0.00222859  -0.00277716  -0.00270985   -0.0010636   0.00218179  -0.00129868  0.000745184 -0.000291646   0.00012657    0.0030116  -0.00286378  -0.00325045  -0.00100946   0.00266297  -0.00132025  0.000995245 -0.000207847  0.000166101   0.00383853  -0.00293424  -0.00354175 -0.000951504   0.00315828    -0.001342   0.00125077 -0.000115306  0.000209476   0.00468991  -0.00298702  -0.00366175 -0.000892538   0.00366155  -0.00136521   0.00150654 -1.80906e-05  0.000253654   0.00555128  -0.00302223  -0.00367802  3.66893e-06   0.00127411  3.67841e-06  3.64729e-07  4.16083e-06  1.31996e-06 -2.65234e-07     0.065053  5.38371e-06    0.0135786  5.40089e-06  6.83587e-07  5.81662e-06  2.33357e-06    0.0122897  -0.00816349   0.00270389    0.0235161  8.14537e-05   0.00637263  6.37497e-06  3.18307e-06    0.0330814   -0.0311495   0.00584087    0.0288289   0.00103205    0.0157215  0.000157213  3.86894e-06    0.0532594   -0.0336566   0.00537479    0.0325912  -0.00116973    0.0229841   0.00295499  4.88064e-06    0.0688438   -0.0268644   0.00542866    0.0351691  -0.00245204    0.0286483   0.00550152  7.53047e-06    0.0797445    -0.018059   0.00621067    0.0369994   -0.0027018    0.0326774   0.00758025      0.00266    0.0871551   -0.0108043   0.00650699    0.0384692  -0.00320146    0.0349302   0.00893142   0.00414488    0.0919788  -0.00582522   0.00619311    0.0395866  -0.00409297    0.0358303   0.00970591   0.00487285     0.094681  -0.00240165    0.0058369    0.0401969  -0.00476283    0.0360312     0.010075    0.0051642    0.0957417 -0.000325679
========================================
primal_step_norm SUCCESS
SOLVED , sqp_iter_: 2
AFTER initial_guess_[0].uk: [0.313937, -0.096251, -0.153337, 0.025219, 0.024324, 0.042813, -0.013957, -2.540390]
dist too large
BEFORE initial_guess_[0].uk: [0.263931, -0.107493, -0.203343, -0.024781, -0.025689, -0.007188, 0.036042, -1.397441]
Initialization finished.
Allocations finished.
Setup successful.
Solver is ready.
Starting solver...
Solver initialization verified.
Solver finished.
===== SQP Iteration: 0 =====
step_ (179 x 1): 
 -0.00210437  -2.7556e-05  -0.00210472  1.23428e-05 -0.000800597  5.89315e-05  1.00415e-05  -0.00364603 -5.37178e-05   0.00821852  0.000154355   0.00820974  0.000473353   0.00304434  0.000467304 -0.000126976    0.0110905   -0.0708445   0.00763936  0.000196158   0.00756062  0.000561047   0.00281867  0.000582893 -0.000266091   0.00920021   -0.0860985   0.00746738   0.00033113   0.00727331  0.000616311   0.00292594  0.000718958 -0.000529438   0.00796821   -0.0798202   0.00759211  0.000545077    0.0072522  0.000674221    0.0032984  0.000900355 -0.000868349   0.00728265   -0.0680443   0.00783077  0.000823225   0.00732641  0.000746854   0.00382691   0.00115335  -0.00124257   0.00690308   -0.0568043   0.00805957   0.00115688   0.00737796  0.000834822   0.00443367   0.00146663  -0.00162589    0.0066528   -0.0477245   0.00826606   0.00151939   0.00740341   0.00094794   0.00508544   0.00182764  -0.00200994   0.00645181   -0.0409265   0.00843646   0.00190605   0.00739029   0.00107547   0.00575652   0.00221776  -0.00238695   0.00626859   -0.0362749   0.00940924   0.00119566   0.00689527  0.000546704    0.0055975   0.00180017  -0.00206514     0.006058   -0.0330974   0.00951476   0.00161094   0.00682383    0.0006401   0.00625873   0.00217947  -0.00243327   0.00585987   -0.0320149 -3.61608e-06  -0.00116864 -3.73036e-06   0.00304048 -4.33719e-06  0.000518338  4.64988e-07     -1.42003  -0.00270789    0.0052062   -0.0118386   0.00247423 -5.87288e-06   0.00483073   -0.0136739    -0.305179   0.00107502    0.0121792   -0.0140629  1.65471e-05     0.020917    0.0113335   -0.0274764     0.125382   0.00586981    0.0184071   -0.0133785  0.000980093    0.0396209     0.020169   -0.0357447     0.235336   0.00775838    0.0233922   -0.0142172   0.00397712    0.0526026    0.0318388   -0.0397747     0.224658   0.00549997    0.0277524   -0.0181052   0.00690402      0.06083    0.0413009   -0.0409804     0.181498   0.00593665    0.0299837   -0.0182351    0.0111367     0.066644    0.0486936   -0.0413559       0.1359   0.00509613    0.0318453   -0.0192593    0.0137414     0.069782    0.0532976   -0.0409249    0.0929993   0.00463895    0.0327625   -0.0194951    0.0150052    0.0709187    0.0552383   -0.0406281    0.0550539    0.0045566    0.0327692   -0.0190984    0.0146201    0.0703559    0.0546551    -0.040967    0.0216483
========================================
primal_step_norm FAILED
Initialization finished.
Allocations finished.
Setup successful.
Solver is ready.
Starting solver...
Solver initialization verified.
Solver finished.
===== SQP Iteration: 1 =====
step_ (179 x 1): 
 -0.00197729 -6.90705e-05  -0.00197839  -1.0524e-05 -0.000745343 -2.24168e-05  1.07494e-05  -0.00300524 -9.73292e-06 -0.000219372   0.00028371 -0.000221033 -4.36319e-05  0.000141289 -8.61422e-05 -0.000336812 -2.72698e-05     0.087405   0.00137701   0.00065944   0.00137948 -8.13162e-05   0.00111516 -7.80433e-05 -0.000877732   0.00303169     0.106137   0.00204316   0.00102365   0.00201993 -0.000114289     0.001753  7.25733e-06    -0.001567   0.00490263     0.100205   0.00215488   0.00134068    0.0020987 -0.000129056   0.00217468   0.00015127  -0.00239231    0.0059776    0.0882521   0.00205273   0.00160101   0.00195877 -0.000119478   0.00250929  0.000332816  -0.00332932   0.00667531    0.0765956   0.00189829     0.001798    0.0017646 -7.97491e-05    0.0028153   0.00053911  -0.00435157   0.00719356    0.0669459   0.00173223   0.00194433   0.00155711 -1.73408e-05   0.00310673  0.000758394  -0.00542922   0.00761526    0.0595662   0.00156376   0.00205556   0.00134897  5.85083e-05   0.00338872  0.000982575  -0.00653872   0.00799022    0.0543792   0.00139615   0.00214318   0.00114139  0.000142611   0.00366378   0.00120841  -0.00766509   0.00833871    0.0511796   0.00123502   0.00221626  0.000938802  0.000232714   0.00393541   0.00143541  -0.00879929   0.00867903    0.0499347    0.0459833    0.0283194    0.0459833  -0.00304034    0.0383222 -0.000518131   -0.0383139      1.74792    0.0531125    0.0304592    0.0536502  -0.00573388    0.0573459   0.00730281   -0.0596153     0.374677    0.0231608    0.0305546     0.019699  -0.00664207    0.0497354    0.0148286   -0.0761783     -0.11844   0.00398726    0.0269581 -0.000422857  -0.00395672    0.0428173    0.0212912   -0.0914595    -0.238833  -0.00497414    0.0223494    -0.009943  -0.00040263    0.0393367    0.0259911    -0.103917    -0.232941   -0.0066014     0.017061   -0.0118059   0.00419355     0.037886      0.02945    -0.113472    -0.192846  -0.00740771    0.0128189   -0.0127075   0.00769206    0.0366133    0.0313934    -0.119629    -0.147489   -0.0086378   0.00984055   -0.0139487   0.00992192    0.0353052    0.0322442      -0.1231    -0.103676  -0.00946349   0.00781354   -0.0146915    0.0113899      0.03445    0.0326063    -0.124933   -0.0639635  -0.00965942   0.00655054   -0.0147421    0.0123883    0.0340782    0.0328572    -0.125778   -0.0248989
========================================
primal_step_norm FAILED
Initialization finished.
Allocations finished.
Setup successful.
Solver is ready.
Starting solver...
Solver initialization verified.
Solver finished.
QP solve FAILED : 7 
QP_MaxIterReached
NOT SOLVED , sqp_iter_: 2
===================================================
================ QP did not solved ================
================ Max Iter reached ==================
===================================================
AFTER initial_guess_[0].uk: [0.263931, -0.107493, -0.203343, -0.024781, -0.025689, -0.007188, 0.036042, -1.397441]
dist too large
====================================================================
[MPC] Generating a new initial guess based on maximum deceleration.
----------------------------------------------------
Step 0 - Current Input: [0.219804, -0.128769, -0.223595, -0.059808, -0.075695, -0.057187, 0.086040, -1.055331], ddq: [-5.000000, 5.000000, 5.000000, 5.000000, 5.000000, 5.000000, -5.000000], dVs: [-1.055331]
Step 0 - Current State: [q: 0.104813, 0.000881 -0.134290 -1.563404 0.005650 1.571403 0.704017, s: 0.025898, vs: 0.014564]
Next State: [q: 0.107011, -0.000407 -0.136526 -1.564002 0.004893 1.570831 0.704877, s: 0.025991, vs: 0.004011]
----------------------------------------------------
----------------------------------------------------
Step 1 - Current Input: [0.169804, -0.078769, -0.173595, -0.009808, -0.025695, -0.007187, 0.036040, -0.279759], ddq: [-5.000000, 5.000000, 5.000000, 5.000000, 5.000000, 5.000000, -5.000000], dVs: [-0.279759]
Step 1 - Current State: [q: 0.107011, -0.000407 -0.136526 -1.564002 0.004893 1.570831 0.704877, s: 0.025991, vs: 0.004011]
Next State: [q: 0.108709, -0.001195 -0.138262 -1.564100 0.004636 1.570759 0.705238, s: 0.026017, vs: 0.001213]
----------------------------------------------------
----------------------------------------------------
Step 2 - Current Input: [0.119804, -0.028769, -0.123595, 0.000000, 0.000000, 0.000000, 0.000000, -0.040724], ddq: [-5.000000, 5.000000, 5.000000, 0.000000, 0.000000, 0.000000, 0.000000], dVs: [-0.040724]
Step 2 - Current State: [q: 0.108709, -0.001195 -0.138262 -1.564100 0.004636 1.570759 0.705238, s: 0.026017, vs: 0.001213]
Next State: [q: 0.109907, -0.001482 -0.139498 -1.564100 0.004636 1.570759 0.705238, s: 0.026027, vs: 0.000806]
----------------------------------------------------
----------------------------------------------------
Step 3 - Current Input: [0.069804, 0.000000, -0.073595, 0.000000, 0.000000, 0.000000, 0.000000, -0.000403], ddq: [-5.000000, 0.000000, 5.000000, 0.000000, 0.000000, 0.000000, 0.000000], dVs: [-0.000403]
Step 3 - Current State: [q: 0.109907, -0.001482 -0.139498 -1.564100 0.004636 1.570759 0.705238, s: 0.026027, vs: 0.000806]
Next State: [q: 0.110605, -0.001482 -0.140234 -1.564100 0.004636 1.570759 0.705238, s: 0.026035, vs: 0.000802]
----------------------------------------------------
----------------------------------------------------
Step 4 - Current Input: [0.019804, 0.000000, -0.023595, 0.000000, 0.000000, 0.000000, 0.000000, -0.080197], ddq: [-5.000000, 0.000000, 5.000000, 0.000000, 0.000000, 0.000000, 0.000000], dVs: [-0.080197]
Step 4 - Current State: [q: 0.110605, -0.001482 -0.140234 -1.564100 0.004636 1.570759 0.705238, s: 0.026035, vs: 0.000802]
Next State: [q: 0.110803, -0.001482 -0.140470 -1.564100 0.004636 1.570759 0.705238, s: 0.026039, vs: 0.000000]
----------------------------------------------------
----------------------------------------------------
Step 5 - Current Input: [0.000000, 0.000000, 0.000000, 0.000000, 0.000000, 0.000000, 0.000000, 0.000000], ddq: [0.000000, 0.000000, 0.000000, 0.000000, 0.000000, 0.000000, 0.000000], dVs: [0.000000]
Step 5 - Current State: [q: 0.110803, -0.001482 -0.140470 -1.564100 0.004636 1.570759 0.705238, s: 0.026039, vs: 0.000000]
Next State: [q: 0.110803, -0.001482 -0.140470 -1.564100 0.004636 1.570759 0.705238, s: 0.026039, vs: 0.000000]
----------------------------------------------------
----------------------------------------------------
Step 6 - Current Input: [0.000000, 0.000000, 0.000000, 0.000000, 0.000000, 0.000000, 0.000000, 0.000000], ddq: [0.000000, 0.000000, 0.000000, 0.000000, 0.000000, 0.000000, 0.000000], dVs: [0.000000]
Step 6 - Current State: [q: 0.110803, -0.001482 -0.140470 -1.564100 0.004636 1.570759 0.705238, s: 0.026039, vs: 0.000000]
Next State: [q: 0.110803, -0.001482 -0.140470 -1.564100 0.004636 1.570759 0.705238, s: 0.026039, vs: 0.000000]
----------------------------------------------------
----------------------------------------------------
Step 7 - Current Input: [0.000000, 0.000000, 0.000000, 0.000000, 0.000000, 0.000000, 0.000000, 0.000000], ddq: [0.000000, 0.000000, 0.000000, 0.000000, 0.000000, 0.000000, 0.000000], dVs: [0.000000]
Step 7 - Current State: [q: 0.110803, -0.001482 -0.140470 -1.564100 0.004636 1.570759 0.705238, s: 0.026039, vs: 0.000000]
Next State: [q: 0.110803, -0.001482 -0.140470 -1.564100 0.004636 1.570759 0.705238, s: 0.026039, vs: 0.000000]
----------------------------------------------------
----------------------------------------------------
Step 8 - Current Input: [0.000000, 0.000000, 0.000000, 0.000000, 0.000000, 0.000000, 0.000000, 0.000000], ddq: [0.000000, 0.000000, 0.000000, 0.000000, 0.000000, 0.000000, 0.000000], dVs: [0.000000]
Step 8 - Current State: [q: 0.110803, -0.001482 -0.140470 -1.564100 0.004636 1.570759 0.705238, s: 0.026039, vs: 0.000000]
Next State: [q: 0.110803, -0.001482 -0.140470 -1.564100 0.004636 1.570759 0.705238, s: 0.026039, vs: 0.000000]
----------------------------------------------------
----------------------------------------------------
Step 9 - Current Input: [0.000000, 0.000000, 0.000000, 0.000000, 0.000000, 0.000000, 0.000000, 0.000000], ddq: [0.000000, 0.000000, 0.000000, 0.000000, 0.000000, 0.000000, 0.000000], dVs: [0.000000]
Step 9 - Current State: [q: 0.110803, -0.001482 -0.140470 -1.564100 0.004636 1.570759 0.705238, s: 0.026039, vs: 0.000000]
Next State: [q: 0.110803, -0.001482 -0.140470 -1.564100 0.004636 1.570759 0.705238, s: 0.026039, vs: 0.000000]
----------------------------------------------------
====================================================================
BEFORE initial_guess_[0].uk: [0.219804, -0.128769, -0.223595, -0.059808, -0.075695, -0.057187, 0.086040, -1.055331]
Initialization finished.
Allocations finished.
Setup successful.
Solver is ready.
Starting solver...
Solver initialization verified.
Solver finished.
===== SQP Iteration: 0 =====
step_ (179 x 1): 
 -0.00325513 -0.000126016  -0.00325649 -7.76536e-05  -0.00122984 -0.000127086  1.71863e-05  -0.00421083 -5.50279e-05  -0.00580229 -0.000387039  -0.00588744  0.000129521  -0.00218368 -0.000234945  -0.00031204  -0.00755094   -0.0210047  -0.00726975  -0.00117447  -0.00763548  0.000145457  -0.00310336 -0.000588377 -0.000640935  -0.00966395   -0.0238262  -0.00776041   -0.0022654  -0.00863665 -2.46178e-05  -0.00398806  -0.00107509  -0.00101924   -0.0107316   -0.0202641  -0.00759346  -0.00348387   -0.0092277 -0.000345972  -0.00479752  -0.00167989  -0.00150702   -0.0111696    -0.015448   -0.0070441  -0.00467022  -0.00969459 -0.000820192  -0.00560949  -0.00240846   -0.0020715   -0.0113007   -0.0105235  -0.00635231  -0.00582569   -0.0101095  -0.00141724  -0.00646654  -0.00323298  -0.00270288   -0.0113126  -0.00756697  -0.00563029  -0.00695712   -0.0104666  -0.00209982  -0.00738107  -0.00412327  -0.00339625   -0.0112959  -0.00565297  -0.00489521  -0.00806916   -0.0107904  -0.00283852  -0.00835263  -0.00505739  -0.00414155   -0.0112801  -0.00451377   -0.0041547   -0.0091651   -0.0110957  -0.00361268    -0.009372  -0.00602038  -0.00492328   -0.0112698  -0.00384033  -0.00341251   -0.0102505   -0.0113946  -0.00440463   -0.0104205   -0.0069984  -0.00572501   -0.0112646  -0.00332454  -0.00270657   -0.0132053   -0.0136832    0.0390919 -1.02556e-05  0.000368572   -0.0383175     -0.41854   0.00913017   -0.0591813   -0.0279469    0.0113792   -0.0383293   -0.0379451   -0.0383211   -0.0563457    0.0355594   -0.0862317   -0.0320597   -0.0161222   -0.0673497   -0.0598577   -0.0436861    0.0711666    0.0627568   -0.0977876   -0.0376848    -0.039115   -0.0779508   -0.0790174   -0.0555167    0.0962066    0.0862148   -0.0955266   -0.0485817    -0.062057   -0.0867543   -0.0982051   -0.0638099    0.0983829    0.0961302   -0.0929755   -0.0514593   -0.0804614    -0.094607    -0.112928   -0.0710987    0.0590471    0.0982245   -0.0908281   -0.0457745    -0.093496    -0.101555    -0.123131   -0.0778244    0.0382219    0.0998079   -0.0890721     -0.04156    -0.102291    -0.107788    -0.130123   -0.0833785    0.0227462     0.100224    -0.087678   -0.0394558    -0.107858    -0.113019    -0.134765   -0.0872479    0.0134479     0.100018   -0.0868604   -0.0388478    -0.110563    -0.116249    -0.137163   -0.0893146    0.0103097
========================================
primal_step_norm FAILED
Initialization finished.
Allocations finished.
Setup successful.
Solver is ready.
Starting solver...
Solver initialization verified.
Solver finished.
===== SQP Iteration: 1 =====
step_ (179 x 1): 
 -0.00465313 -0.000101793  -0.00465157 -0.000164471  -0.00174289 -0.000143013  4.89889e-05  -0.00694727 -5.79326e-05   -0.0043725  -1.5353e-05  -0.00426605  -0.00045264   -0.0016185 -0.000140948  0.000396171  -0.00699034    0.0264004  -0.00368524  0.000181015  -0.00357246 -0.000773479  -0.00138189 -0.000144746  0.000934849  -0.00621668    0.0320631  -0.00329595  0.000320698   -0.0032524  -0.00104597  -0.00121622 -0.000161165   0.00166895  -0.00570307    0.0307579  -0.00314747  0.000379255  -0.00324273  -0.00127677  -0.00113934 -0.000181032   0.00252253   -0.0054563    0.0282514  -0.00308247  0.000373499  -0.00338087  -0.00145091  -0.00109934 -0.000177816   0.00344991  -0.00533908     0.026251   -0.0030345  0.000310678  -0.00357624  -0.00157834  -0.00106395 -0.000157166   0.00442815  -0.00526545     0.025021  -0.00298574  0.000201191  -0.00378981   -0.0016755  -0.00101915 -0.000128833   0.00544625  -0.00519639    0.0244317  -0.00293452  5.29545e-05  -0.00401133  -0.00175231 -0.000957149 -9.57725e-05   0.00649168  -0.00512038    0.0242726   -0.0028761 -0.000126746  -0.00423604  -0.00181214  -0.00087563 -5.61975e-05   0.00755111  -0.00504101    0.0243053  -0.00280758 -0.000326933  -0.00445371  -0.00185796 -0.000780378 -9.13618e-06   0.00861264  -0.00495559    0.0242802  5.06365e-06 -1.85631e-06    0.0139545     -0.02912  4.87476e-06 -0.000367727    0.0352559     0.529189    0.0139556   0.00858739    0.0147658   -0.0338904  6.76716e-06  -0.00036891    0.0566803     0.113375    0.0143912   0.00534814   0.00460589   -0.0266484   0.00485172 -0.000368437    0.0783865   -0.0259437    0.0143879 -0.000227472  -0.00491104   -0.0203518    0.0049509  0.000427359    0.0915999   -0.0499776    0.0176453  -0.00488201   -0.0104439   -0.0124302   0.00539428   0.00421831    0.0997976   -0.0398827    0.0197586  -0.00918291   -0.0132682  -0.00628875   0.00634219   0.00669467     0.105772    -0.024504     0.019829   -0.0127427   -0.0150796  -0.00254146    0.0077057   0.00767568     0.110498    -0.011721    0.0197866   -0.0156614   -0.0165077 -0.000183281   0.00970661   0.00821897     0.113931  -0.00314106    0.0203838   -0.0179507   -0.0167861   0.00150855    0.0121127   0.00888753     0.116051  0.000668098    0.0211555   -0.0193071   -0.0164279   0.00252713     0.013955   0.00947219     0.117112 -0.000511381
========================================
primal_step_norm FAILED
Initialization finished.
Allocations finished.
Setup successful.
Solver is ready.
Starting solver...
Solver initialization verified.
Solver finished.
===== SQP Iteration: 2 =====
step_ (179 x 1): 
 -0.00231171 -3.43372e-05   -0.0023104  -7.6731e-05  -0.00086412 -4.60788e-05  1.93422e-05  -0.00379758  -4.3193e-05  -0.00150383 -2.72403e-05  -0.00150464 -6.28947e-05  -0.00056564  1.61938e-05  2.10122e-05  -0.00278517  -0.00579662    -0.001223  0.000134394  -0.00121673 -4.81837e-05 -0.000475049  6.37241e-05  0.000174542  -0.00257338   -0.0093502  -0.00104987  0.000408933  -0.00103178 -1.99305e-05 -0.000427244  0.000104795  0.000478148   -0.0025368   -0.0120731 -0.000938234  0.000750792 -0.000899911  3.11979e-05 -0.000408328    0.0001428  0.000943728  -0.00261323   -0.0143887 -0.000863016   0.00112996 -0.000798115  0.000107269 -0.000410944  0.000179947    0.0015356   -0.0027613   -0.0163227 -0.000797258   0.00152753 -0.000704597  0.000205096 -0.000428384  0.000216335   0.00221872  -0.00294066     -0.01787  -0.00073704   0.00193235 -0.000608652  0.000319327 -0.000456808  0.000252177     0.002962  -0.00312758   -0.0190349 -0.000677333   0.00233851 -0.000511533  0.000444295   -0.0004938  0.000287258   0.00374179  -0.00331187   -0.0198248 -0.000618924   0.00274402 -0.000410653  0.000574524 -0.000536202  0.000321388   0.00454093  -0.00348487   -0.0202383 -0.000558678   0.00314931 -0.000306569  0.000705206 -0.000578806  0.000353954   0.00535003  -0.00364197   -0.0203012  5.15181e-07  2.49754e-07 -0.000533876   -0.0081886  2.45781e-06  3.33963e-07   0.00305942    -0.115155   0.00234194    0.0143582   0.00287957  -0.00718886  2.73776e-06   7.4435e-07    0.0199519   -0.0711025   0.00285517    0.0238077   0.00448332  -0.00455254  4.84137e-05  1.72851e-06    0.0365754   -0.0544636   0.00320635    0.0292472   0.00592638 -0.000382348 -0.000420276  0.000314534     0.054349   -0.0463081   0.00347215    0.0320752   0.00715542   0.00408418  -0.00129507  0.000815329    0.0682882   -0.0386773   0.00344303    0.0333238   0.00789004   0.00803414  -0.00245849   0.00127991     0.078135    -0.030947   0.00309216    0.0336615   0.00809281    0.0111423  -0.00374607   0.00164829    0.0845866   -0.0233032   0.00256222    0.0335471   0.00792575    0.0133382  -0.00496612   0.00192844    0.0883007   -0.0158048   0.00202777    0.0333185   0.00759249    0.0146416  -0.00592838   0.00211503     0.089994  -0.00827278   0.00163134     0.033195   0.00726984    0.0151455  -0.00647679   0.00218287    0.0904565  -0.00125599
========================================
primal_step_norm FAILED
Initialization finished.
Allocations finished.
Setup successful.
Solver is ready.
Starting solver...
Solver initialization verified.
Solver finished.
QP solve FAILED : 7 
QP_MaxIterReached
NOT SOLVED , sqp_iter_: 3
===================================================
================ QP did not solved ================
================ Max Iter reached ==================
===================================================
AFTER initial_guess_[0].uk: [0.219804, -0.128769, -0.223595, -0.059808, -0.075695, -0.057187, 0.086040, -1.055331]
dist too large
====================================================================
[MPC] Generating a new initial guess based on maximum deceleration.
----------------------------------------------------
Step 0 - Current Input: [0.169804, -0.078769, -0.173595, -0.009808, -0.025695, -0.007187, 0.036040, -0.279759], ddq: [-5.000000, 5.000000, 5.000000, 5.000000, 5.000000, 5.000000, -5.000000], dVs: [-0.279759]
Step 0 - Current State: [q: 0.107011, -0.000407 -0.136526 -1.564002 0.004893 1.570831 0.704877, s: 0.025991, vs: 0.004011]
Next State: [q: 0.108709, -0.001195 -0.138262 -1.564100 0.004636 1.570759 0.705238, s: 0.026017, vs: 0.001213]
----------------------------------------------------
----------------------------------------------------
Step 1 - Current Input: [0.119804, -0.028769, -0.123595, 0.000000, 0.000000, 0.000000, 0.000000, -0.040724], ddq: [-5.000000, 5.000000, 5.000000, 0.000000, 0.000000, 0.000000, 0.000000], dVs: [-0.040724]
Step 1 - Current State: [q: 0.108709, -0.001195 -0.138262 -1.564100 0.004636 1.570759 0.705238, s: 0.026017, vs: 0.001213]
Next State: [q: 0.109907, -0.001482 -0.139498 -1.564100 0.004636 1.570759 0.705238, s: 0.026027, vs: 0.000806]
----------------------------------------------------
----------------------------------------------------
Step 2 - Current Input: [0.069804, 0.000000, -0.073595, 0.000000, 0.000000, 0.000000, 0.000000, -0.000403], ddq: [-5.000000, 0.000000, 5.000000, 0.000000, 0.000000, 0.000000, 0.000000], dVs: [-0.000403]
Step 2 - Current State: [q: 0.109907, -0.001482 -0.139498 -1.564100 0.004636 1.570759 0.705238, s: 0.026027, vs: 0.000806]
Next State: [q: 0.110605, -0.001482 -0.140234 -1.564100 0.004636 1.570759 0.705238, s: 0.026035, vs: 0.000802]
----------------------------------------------------
----------------------------------------------------
Step 3 - Current Input: [0.019804, 0.000000, -0.023595, 0.000000, 0.000000, 0.000000, 0.000000, -0.080197], ddq: [-5.000000, 0.000000, 5.000000, 0.000000, 0.000000, 0.000000, 0.000000], dVs: [-0.080197]
Step 3 - Current State: [q: 0.110605, -0.001482 -0.140234 -1.564100 0.004636 1.570759 0.705238, s: 0.026035, vs: 0.000802]
Next State: [q: 0.110803, -0.001482 -0.140470 -1.564100 0.004636 1.570759 0.705238, s: 0.026039, vs: 0.000000]
----------------------------------------------------
----------------------------------------------------
Step 4 - Current Input: [0.000000, 0.000000, 0.000000, 0.000000, 0.000000, 0.000000, 0.000000, 0.000000], ddq: [0.000000, 0.000000, 0.000000, 0.000000, 0.000000, 0.000000, 0.000000], dVs: [0.000000]
Step 4 - Current State: [q: 0.110803, -0.001482 -0.140470 -1.564100 0.004636 1.570759 0.705238, s: 0.026039, vs: 0.000000]
Next State: [q: 0.110803, -0.001482 -0.140470 -1.564100 0.004636 1.570759 0.705238, s: 0.026039, vs: 0.000000]
----------------------------------------------------
----------------------------------------------------
Step 5 - Current Input: [0.000000, 0.000000, 0.000000, 0.000000, 0.000000, 0.000000, 0.000000, 0.000000], ddq: [0.000000, 0.000000, 0.000000, 0.000000, 0.000000, 0.000000, 0.000000], dVs: [0.000000]
Step 5 - Current State: [q: 0.110803, -0.001482 -0.140470 -1.564100 0.004636 1.570759 0.705238, s: 0.026039, vs: 0.000000]
Next State: [q: 0.110803, -0.001482 -0.140470 -1.564100 0.004636 1.570759 0.705238, s: 0.026039, vs: 0.000000]
----------------------------------------------------
----------------------------------------------------
Step 6 - Current Input: [0.000000, 0.000000, 0.000000, 0.000000, 0.000000, 0.000000, 0.000000, 0.000000], ddq: [0.000000, 0.000000, 0.000000, 0.000000, 0.000000, 0.000000, 0.000000], dVs: [0.000000]
Step 6 - Current State: [q: 0.110803, -0.001482 -0.140470 -1.564100 0.004636 1.570759 0.705238, s: 0.026039, vs: 0.000000]
Next State: [q: 0.110803, -0.001482 -0.140470 -1.564100 0.004636 1.570759 0.705238, s: 0.026039, vs: 0.000000]
----------------------------------------------------
----------------------------------------------------
Step 7 - Current Input: [0.000000, 0.000000, 0.000000, 0.000000, 0.000000, 0.000000, 0.000000, 0.000000], ddq: [0.000000, 0.000000, 0.000000, 0.000000, 0.000000, 0.000000, 0.000000], dVs: [0.000000]
Step 7 - Current State: [q: 0.110803, -0.001482 -0.140470 -1.564100 0.004636 1.570759 0.705238, s: 0.026039, vs: 0.000000]
Next State: [q: 0.110803, -0.001482 -0.140470 -1.564100 0.004636 1.570759 0.705238, s: 0.026039, vs: 0.000000]
----------------------------------------------------
----------------------------------------------------
Step 8 - Current Input: [0.000000, 0.000000, 0.000000, 0.000000, 0.000000, 0.000000, 0.000000, 0.000000], ddq: [0.000000, 0.000000, 0.000000, 0.000000, 0.000000, 0.000000, 0.000000], dVs: [0.000000]
Step 8 - Current State: [q: 0.110803, -0.001482 -0.140470 -1.564100 0.004636 1.570759 0.705238, s: 0.026039, vs: 0.000000]
Next State: [q: 0.110803, -0.001482 -0.140470 -1.564100 0.004636 1.570759 0.705238, s: 0.026039, vs: 0.000000]
----------------------------------------------------
----------------------------------------------------
Step 9 - Current Input: [0.000000, 0.000000, 0.000000, 0.000000, 0.000000, 0.000000, 0.000000, 0.000000], ddq: [0.000000, 0.000000, 0.000000, 0.000000, 0.000000, 0.000000, 0.000000], dVs: [0.000000]
Step 9 - Current State: [q: 0.110803, -0.001482 -0.140470 -1.564100 0.004636 1.570759 0.705238, s: 0.026039, vs: 0.000000]
Next State: [q: 0.110803, -0.001482 -0.140470 -1.564100 0.004636 1.570759 0.705238, s: 0.026039, vs: 0.000000]
----------------------------------------------------
====================================================================
BEFORE initial_guess_[0].uk: [0.169804, -0.078769, -0.173595, -0.009808, -0.025695, -0.007187, 0.036040, -0.279759]
Initialization finished.
Allocations finished.
Setup successful.
Solver is ready.
Starting solver...
Solver initialization verified.
Solver finished.
QP solve FAILED : 7 
QP_MaxIterReached
NOT SOLVED , sqp_iter_: 0
===================================================
================ QP did not solved ================
================ Max Iter reached ==================
===================================================
AFTER initial_guess_[0].uk: [0.169804, -0.078769, -0.173595, -0.009808, -0.025695, -0.007187, 0.036040, -0.279759]
dist too large
====================================================================
[MPC] Generating a new initial guess based on maximum deceleration.
----------------------------------------------------
Step 0 - Current Input: [0.119804, -0.028769, -0.123595, 0.000000, 0.000000, 0.000000, 0.000000, -0.040724], ddq: [-5.000000, 5.000000, 5.000000, 0.000000, 0.000000, 0.000000, 0.000000], dVs: [-0.040724]
Step 0 - Current State: [q: 0.108709, -0.001195 -0.138262 -1.564100 0.004636 1.570759 0.705238, s: 0.026017, vs: 0.001213]
Next State: [q: 0.109907, -0.001482 -0.139498 -1.564100 0.004636 1.570759 0.705238, s: 0.026027, vs: 0.000806]
----------------------------------------------------
----------------------------------------------------
Step 1 - Current Input: [0.069804, 0.000000, -0.073595, 0.000000, 0.000000, 0.000000, 0.000000, -0.000403], ddq: [-5.000000, 0.000000, 5.000000, 0.000000, 0.000000, 0.000000, 0.000000], dVs: [-0.000403]
Step 1 - Current State: [q: 0.109907, -0.001482 -0.139498 -1.564100 0.004636 1.570759 0.705238, s: 0.026027, vs: 0.000806]
Next State: [q: 0.110605, -0.001482 -0.140234 -1.564100 0.004636 1.570759 0.705238, s: 0.026035, vs: 0.000802]
----------------------------------------------------
----------------------------------------------------
Step 2 - Current Input: [0.019804, 0.000000, -0.023595, 0.000000, 0.000000, 0.000000, 0.000000, -0.080197], ddq: [-5.000000, 0.000000, 5.000000, 0.000000, 0.000000, 0.000000, 0.000000], dVs: [-0.080197]
Step 2 - Current State: [q: 0.110605, -0.001482 -0.140234 -1.564100 0.004636 1.570759 0.705238, s: 0.026035, vs: 0.000802]
Next State: [q: 0.110803, -0.001482 -0.140470 -1.564100 0.004636 1.570759 0.705238, s: 0.026039, vs: 0.000000]
----------------------------------------------------
----------------------------------------------------
Step 3 - Current Input: [0.000000, 0.000000, 0.000000, 0.000000, 0.000000, 0.000000, 0.000000, 0.000000], ddq: [0.000000, 0.000000, 0.000000, 0.000000, 0.000000, 0.000000, 0.000000], dVs: [0.000000]
Step 3 - Current State: [q: 0.110803, -0.001482 -0.140470 -1.564100 0.004636 1.570759 0.705238, s: 0.026039, vs: 0.000000]
Next State: [q: 0.110803, -0.001482 -0.140470 -1.564100 0.004636 1.570759 0.705238, s: 0.026039, vs: 0.000000]
----------------------------------------------------
----------------------------------------------------
Step 4 - Current Input: [0.000000, 0.000000, 0.000000, 0.000000, 0.000000, 0.000000, 0.000000, 0.000000], ddq: [0.000000, 0.000000, 0.000000, 0.000000, 0.000000, 0.000000, 0.000000], dVs: [0.000000]
Step 4 - Current State: [q: 0.110803, -0.001482 -0.140470 -1.564100 0.004636 1.570759 0.705238, s: 0.026039, vs: 0.000000]
Next State: [q: 0.110803, -0.001482 -0.140470 -1.564100 0.004636 1.570759 0.705238, s: 0.026039, vs: 0.000000]
----------------------------------------------------
----------------------------------------------------
Step 5 - Current Input: [0.000000, 0.000000, 0.000000, 0.000000, 0.000000, 0.000000, 0.000000, 0.000000], ddq: [0.000000, 0.000000, 0.000000, 0.000000, 0.000000, 0.000000, 0.000000], dVs: [0.000000]
Step 5 - Current State: [q: 0.110803, -0.001482 -0.140470 -1.564100 0.004636 1.570759 0.705238, s: 0.026039, vs: 0.000000]
Next State: [q: 0.110803, -0.001482 -0.140470 -1.564100 0.004636 1.570759 0.705238, s: 0.026039, vs: 0.000000]
----------------------------------------------------
----------------------------------------------------
Step 6 - Current Input: [0.000000, 0.000000, 0.000000, 0.000000, 0.000000, 0.000000, 0.000000, 0.000000], ddq: [0.000000, 0.000000, 0.000000, 0.000000, 0.000000, 0.000000, 0.000000], dVs: [0.000000]
Step 6 - Current State: [q: 0.110803, -0.001482 -0.140470 -1.564100 0.004636 1.570759 0.705238, s: 0.026039, vs: 0.000000]
Next State: [q: 0.110803, -0.001482 -0.140470 -1.564100 0.004636 1.570759 0.705238, s: 0.026039, vs: 0.000000]
----------------------------------------------------
----------------------------------------------------
Step 7 - Current Input: [0.000000, 0.000000, 0.000000, 0.000000, 0.000000, 0.000000, 0.000000, 0.000000], ddq: [0.000000, 0.000000, 0.000000, 0.000000, 0.000000, 0.000000, 0.000000], dVs: [0.000000]
Step 7 - Current State: [q: 0.110803, -0.001482 -0.140470 -1.564100 0.004636 1.570759 0.705238, s: 0.026039, vs: 0.000000]
Next State: [q: 0.110803, -0.001482 -0.140470 -1.564100 0.004636 1.570759 0.705238, s: 0.026039, vs: 0.000000]
----------------------------------------------------
----------------------------------------------------
Step 8 - Current Input: [0.000000, 0.000000, 0.000000, 0.000000, 0.000000, 0.000000, 0.000000, 0.000000], ddq: [0.000000, 0.000000, 0.000000, 0.000000, 0.000000, 0.000000, 0.000000], dVs: [0.000000]
Step 8 - Current State: [q: 0.110803, -0.001482 -0.140470 -1.564100 0.004636 1.570759 0.705238, s: 0.026039, vs: 0.000000]
Next State: [q: 0.110803, -0.001482 -0.140470 -1.564100 0.004636 1.570759 0.705238, s: 0.026039, vs: 0.000000]
----------------------------------------------------
----------------------------------------------------
Step 9 - Current Input: [0.000000, 0.000000, 0.000000, 0.000000, 0.000000, 0.000000, 0.000000, 0.000000], ddq: [0.000000, 0.000000, 0.000000, 0.000000, 0.000000, 0.000000, 0.000000], dVs: [0.000000]
Step 9 - Current State: [q: 0.110803, -0.001482 -0.140470 -1.564100 0.004636 1.570759 0.705238, s: 0.026039, vs: 0.000000]
Next State: [q: 0.110803, -0.001482 -0.140470 -1.564100 0.004636 1.570759 0.705238, s: 0.026039, vs: 0.000000]
----------------------------------------------------
====================================================================
BEFORE initial_guess_[0].uk: [0.119804, -0.028769, -0.123595, 0.000000, 0.000000, 0.000000, 0.000000, -0.040724]
Initialization finished.
Allocations finished.
Setup successful.
Solver is ready.
Starting solver...
Solver initialization verified.
Solver finished.
QP solve FAILED : 7 
QP_MaxIterReached
NOT SOLVED , sqp_iter_: 0
===================================================
================ QP did not solved ================
================ Max Iter reached ==================
===================================================
AFTER initial_guess_[0].uk: [0.119804, -0.028769, -0.123595, 0.000000, 0.000000, 0.000000, 0.000000, -0.040724]
dist too large
====================================================================
[MPC] Generating a new initial guess based on maximum deceleration.
----------------------------------------------------
Step 0 - Current Input: [0.069804, 0.000000, -0.073595, 0.000000, 0.000000, 0.000000, 0.000000, -0.000403], ddq: [-5.000000, 0.000000, 5.000000, 0.000000, 0.000000, 0.000000, 0.000000], dVs: [-0.000403]
Step 0 - Current State: [q: 0.109907, -0.001482 -0.139498 -1.564100 0.004636 1.570759 0.705238, s: 0.026027, vs: 0.000806]
Next State: [q: 0.110605, -0.001482 -0.140234 -1.564100 0.004636 1.570759 0.705238, s: 0.026035, vs: 0.000802]
----------------------------------------------------
----------------------------------------------------
Step 1 - Current Input: [0.019804, 0.000000, -0.023595, 0.000000, 0.000000, 0.000000, 0.000000, -0.080197], ddq: [-5.000000, 0.000000, 5.000000, 0.000000, 0.000000, 0.000000, 0.000000], dVs: [-0.080197]
Step 1 - Current State: [q: 0.110605, -0.001482 -0.140234 -1.564100 0.004636 1.570759 0.705238, s: 0.026035, vs: 0.000802]
Next State: [q: 0.110803, -0.001482 -0.140470 -1.564100 0.004636 1.570759 0.705238, s: 0.026039, vs: 0.000000]
----------------------------------------------------
----------------------------------------------------
Step 2 - Current Input: [0.000000, 0.000000, 0.000000, 0.000000, 0.000000, 0.000000, 0.000000, 0.000000], ddq: [0.000000, 0.000000, 0.000000, 0.000000, 0.000000, 0.000000, 0.000000], dVs: [0.000000]
Step 2 - Current State: [q: 0.110803, -0.001482 -0.140470 -1.564100 0.004636 1.570759 0.705238, s: 0.026039, vs: 0.000000]
Next State: [q: 0.110803, -0.001482 -0.140470 -1.564100 0.004636 1.570759 0.705238, s: 0.026039, vs: 0.000000]
----------------------------------------------------
----------------------------------------------------
Step 3 - Current Input: [0.000000, 0.000000, 0.000000, 0.000000, 0.000000, 0.000000, 0.000000, 0.000000], ddq: [0.000000, 0.000000, 0.000000, 0.000000, 0.000000, 0.000000, 0.000000], dVs: [0.000000]
Step 3 - Current State: [q: 0.110803, -0.001482 -0.140470 -1.564100 0.004636 1.570759 0.705238, s: 0.026039, vs: 0.000000]
Next State: [q: 0.110803, -0.001482 -0.140470 -1.564100 0.004636 1.570759 0.705238, s: 0.026039, vs: 0.000000]
----------------------------------------------------
----------------------------------------------------
Step 4 - Current Input: [0.000000, 0.000000, 0.000000, 0.000000, 0.000000, 0.000000, 0.000000, 0.000000], ddq: [0.000000, 0.000000, 0.000000, 0.000000, 0.000000, 0.000000, 0.000000], dVs: [0.000000]
Step 4 - Current State: [q: 0.110803, -0.001482 -0.140470 -1.564100 0.004636 1.570759 0.705238, s: 0.026039, vs: 0.000000]
Next State: [q: 0.110803, -0.001482 -0.140470 -1.564100 0.004636 1.570759 0.705238, s: 0.026039, vs: 0.000000]
----------------------------------------------------
----------------------------------------------------
Step 5 - Current Input: [0.000000, 0.000000, 0.000000, 0.000000, 0.000000, 0.000000, 0.000000, 0.000000], ddq: [0.000000, 0.000000, 0.000000, 0.000000, 0.000000, 0.000000, 0.000000], dVs: [0.000000]
Step 5 - Current State: [q: 0.110803, -0.001482 -0.140470 -1.564100 0.004636 1.570759 0.705238, s: 0.026039, vs: 0.000000]
Next State: [q: 0.110803, -0.001482 -0.140470 -1.564100 0.004636 1.570759 0.705238, s: 0.026039, vs: 0.000000]
----------------------------------------------------
----------------------------------------------------
Step 6 - Current Input: [0.000000, 0.000000, 0.000000, 0.000000, 0.000000, 0.000000, 0.000000, 0.000000], ddq: [0.000000, 0.000000, 0.000000, 0.000000, 0.000000, 0.000000, 0.000000], dVs: [0.000000]
Step 6 - Current State: [q: 0.110803, -0.001482 -0.140470 -1.564100 0.004636 1.570759 0.705238, s: 0.026039, vs: 0.000000]
Next State: [q: 0.110803, -0.001482 -0.140470 -1.564100 0.004636 1.570759 0.705238, s: 0.026039, vs: 0.000000]
----------------------------------------------------
----------------------------------------------------
Step 7 - Current Input: [0.000000, 0.000000, 0.000000, 0.000000, 0.000000, 0.000000, 0.000000, 0.000000], ddq: [0.000000, 0.000000, 0.000000, 0.000000, 0.000000, 0.000000, 0.000000], dVs: [0.000000]
Step 7 - Current State: [q: 0.110803, -0.001482 -0.140470 -1.564100 0.004636 1.570759 0.705238, s: 0.026039, vs: 0.000000]
Next State: [q: 0.110803, -0.001482 -0.140470 -1.564100 0.004636 1.570759 0.705238, s: 0.026039, vs: 0.000000]
----------------------------------------------------
----------------------------------------------------
Step 8 - Current Input: [0.000000, 0.000000, 0.000000, 0.000000, 0.000000, 0.000000, 0.000000, 0.000000], ddq: [0.000000, 0.000000, 0.000000, 0.000000, 0.000000, 0.000000, 0.000000], dVs: [0.000000]
Step 8 - Current State: [q: 0.110803, -0.001482 -0.140470 -1.564100 0.004636 1.570759 0.705238, s: 0.026039, vs: 0.000000]
Next State: [q: 0.110803, -0.001482 -0.140470 -1.564100 0.004636 1.570759 0.705238, s: 0.026039, vs: 0.000000]
----------------------------------------------------
----------------------------------------------------
Step 9 - Current Input: [0.000000, 0.000000, 0.000000, 0.000000, 0.000000, 0.000000, 0.000000, 0.000000], ddq: [0.000000, 0.000000, 0.000000, 0.000000, 0.000000, 0.000000, 0.000000], dVs: [0.000000]
Step 9 - Current State: [q: 0.110803, -0.001482 -0.140470 -1.564100 0.004636 1.570759 0.705238, s: 0.026039, vs: 0.000000]
Next State: [q: 0.110803, -0.001482 -0.140470 -1.564100 0.004636 1.570759 0.705238, s: 0.026039, vs: 0.000000]
----------------------------------------------------
====================================================================
BEFORE initial_guess_[0].uk: [0.069804, 0.000000, -0.073595, 0.000000, 0.000000, 0.000000, 0.000000, -0.000403]
Initialization finished.
Allocations finished.
Setup successful.
Solver is ready.
Starting solver...
Solver initialization verified.
Solver finished.
QP solve FAILED : 7 
QP_MaxIterReached
NOT SOLVED , sqp_iter_: 0
===================================================
================ QP did not solved ================
================ Max Iter reached ==================
===================================================
AFTER initial_guess_[0].uk: [0.069804, 0.000000, -0.073595, 0.000000, 0.000000, 0.000000, 0.000000, -0.000403]
dist too large
====================================================================
[MPC] Generating a new initial guess based on maximum deceleration.
----------------------------------------------------
Step 0 - Current Input: [0.019804, 0.000000, -0.023595, 0.000000, 0.000000, 0.000000, 0.000000, -0.080197], ddq: [-5.000000, 0.000000, 5.000000, 0.000000, 0.000000, 0.000000, 0.000000], dVs: [-0.080197]
Step 0 - Current State: [q: 0.110605, -0.001482 -0.140234 -1.564100 0.004636 1.570759 0.705238, s: 0.026035, vs: 0.000802]
Next State: [q: 0.110803, -0.001482 -0.140470 -1.564100 0.004636 1.570759 0.705238, s: 0.026039, vs: 0.000000]
----------------------------------------------------
----------------------------------------------------
Step 1 - Current Input: [0.000000, 0.000000, 0.000000, 0.000000, 0.000000, 0.000000, 0.000000, -0.000000], ddq: [0.000000, 0.000000, 0.000000, 0.000000, 0.000000, 0.000000, 0.000000], dVs: [-0.000000]
Step 1 - Current State: [q: 0.110803, -0.001482 -0.140470 -1.564100 0.004636 1.570759 0.705238, s: 0.026039, vs: 0.000000]
Next State: [q: 0.110803, -0.001482 -0.140470 -1.564100 0.004636 1.570759 0.705238, s: 0.026039, vs: -0.000000]
----------------------------------------------------
----------------------------------------------------
Step 2 - Current Input: [0.000000, 0.000000, 0.000000, 0.000000, 0.000000, 0.000000, 0.000000, 0.000000], ddq: [0.000000, 0.000000, 0.000000, 0.000000, 0.000000, 0.000000, 0.000000], dVs: [0.000000]
Step 2 - Current State: [q: 0.110803, -0.001482 -0.140470 -1.564100 0.004636 1.570759 0.705238, s: 0.026039, vs: -0.000000]
Next State: [q: 0.110803, -0.001482 -0.140470 -1.564100 0.004636 1.570759 0.705238, s: 0.026039, vs: 0.000000]
----------------------------------------------------
----------------------------------------------------
Step 3 - Current Input: [0.000000, 0.000000, 0.000000, 0.000000, 0.000000, 0.000000, 0.000000, -0.000000], ddq: [0.000000, 0.000000, 0.000000, 0.000000, 0.000000, 0.000000, 0.000000], dVs: [-0.000000]
Step 3 - Current State: [q: 0.110803, -0.001482 -0.140470 -1.564100 0.004636 1.570759 0.705238, s: 0.026039, vs: 0.000000]
Next State: [q: 0.110803, -0.001482 -0.140470 -1.564100 0.004636 1.570759 0.705238, s: 0.026039, vs: -0.000000]
----------------------------------------------------
----------------------------------------------------
Step 4 - Current Input: [0.000000, 0.000000, 0.000000, 0.000000, 0.000000, 0.000000, 0.000000, 0.000000], ddq: [0.000000, 0.000000, 0.000000, 0.000000, 0.000000, 0.000000, 0.000000], dVs: [0.000000]
Step 4 - Current State: [q: 0.110803, -0.001482 -0.140470 -1.564100 0.004636 1.570759 0.705238, s: 0.026039, vs: -0.000000]
Next State: [q: 0.110803, -0.001482 -0.140470 -1.564100 0.004636 1.570759 0.705238, s: 0.026039, vs: 0.000000]
----------------------------------------------------
----------------------------------------------------
Step 5 - Current Input: [0.000000, 0.000000, 0.000000, 0.000000, 0.000000, 0.000000, 0.000000, -0.000000], ddq: [0.000000, 0.000000, 0.000000, 0.000000, 0.000000, 0.000000, 0.000000], dVs: [-0.000000]
Step 5 - Current State: [q: 0.110803, -0.001482 -0.140470 -1.564100 0.004636 1.570759 0.705238, s: 0.026039, vs: 0.000000]
Next State: [q: 0.110803, -0.001482 -0.140470 -1.564100 0.004636 1.570759 0.705238, s: 0.026039, vs: -0.000000]
----------------------------------------------------
----------------------------------------------------
Step 6 - Current Input: [0.000000, 0.000000, 0.000000, 0.000000, 0.000000, 0.000000, 0.000000, 0.000000], ddq: [0.000000, 0.000000, 0.000000, 0.000000, 0.000000, 0.000000, 0.000000], dVs: [0.000000]
Step 6 - Current State: [q: 0.110803, -0.001482 -0.140470 -1.564100 0.004636 1.570759 0.705238, s: 0.026039, vs: -0.000000]
Next State: [q: 0.110803, -0.001482 -0.140470 -1.564100 0.004636 1.570759 0.705238, s: 0.026039, vs: 0.000000]
----------------------------------------------------
----------------------------------------------------
Step 7 - Current Input: [0.000000, 0.000000, 0.000000, 0.000000, 0.000000, 0.000000, 0.000000, -0.000000], ddq: [0.000000, 0.000000, 0.000000, 0.000000, 0.000000, 0.000000, 0.000000], dVs: [-0.000000]
Step 7 - Current State: [q: 0.110803, -0.001482 -0.140470 -1.564100 0.004636 1.570759 0.705238, s: 0.026039, vs: 0.000000]
Next State: [q: 0.110803, -0.001482 -0.140470 -1.564100 0.004636 1.570759 0.705238, s: 0.026039, vs: -0.000000]
----------------------------------------------------
----------------------------------------------------
Step 8 - Current Input: [0.000000, 0.000000, 0.000000, 0.000000, 0.000000, 0.000000, 0.000000, 0.000000], ddq: [0.000000, 0.000000, 0.000000, 0.000000, 0.000000, 0.000000, 0.000000], dVs: [0.000000]
Step 8 - Current State: [q: 0.110803, -0.001482 -0.140470 -1.564100 0.004636 1.570759 0.705238, s: 0.026039, vs: -0.000000]
Next State: [q: 0.110803, -0.001482 -0.140470 -1.564100 0.004636 1.570759 0.705238, s: 0.026039, vs: 0.000000]
----------------------------------------------------
----------------------------------------------------
Step 9 - Current Input: [0.000000, 0.000000, 0.000000, 0.000000, 0.000000, 0.000000, 0.000000, -0.000000], ddq: [0.000000, 0.000000, 0.000000, 0.000000, 0.000000, 0.000000, 0.000000], dVs: [-0.000000]
Step 9 - Current State: [q: 0.110803, -0.001482 -0.140470 -1.564100 0.004636 1.570759 0.705238, s: 0.026039, vs: 0.000000]
Next State: [q: 0.110803, -0.001482 -0.140470 -1.564100 0.004636 1.570759 0.705238, s: 0.026039, vs: -0.000000]
----------------------------------------------------
====================================================================
BEFORE initial_guess_[0].uk: [0.019804, 0.000000, -0.023595, 0.000000, 0.000000, 0.000000, 0.000000, -0.080197]
Initialization finished.
Allocations finished.
Setup successful.
Solver is ready.
Starting solver...
Solver initialization verified.
Solver finished.
QP solve FAILED : 7 
QP_MaxIterReached
NOT SOLVED , sqp_iter_: 0
===================================================
================ QP did not solved ================
================ Max Iter reached ==================
===================================================
AFTER initial_guess_[0].uk: [0.019804, 0.000000, -0.023595, 0.000000, 0.000000, 0.000000, 0.000000, -0.080197]
dist too large
====================================================================
[MPC] Generating a new initial guess based on maximum deceleration.
----------------------------------------------------
Step 0 - Current Input: [0.000000, 0.000000, 0.000000, 0.000000, 0.000000, 0.000000, 0.000000, -0.000000], ddq: [0.000000, 0.000000, 0.000000, 0.000000, 0.000000, 0.000000, 0.000000], dVs: [-0.000000]
Step 0 - Current State: [q: 0.110803, -0.001482 -0.140470 -1.564100 0.004636 1.570759 0.705238, s: 0.026039, vs: 0.000000]
Next State: [q: 0.110803, -0.001482 -0.140470 -1.564100 0.004636 1.570759 0.705238, s: 0.026039, vs: 0.000000]
----------------------------------------------------
----------------------------------------------------
Step 1 - Current Input: [0.000000, 0.000000, 0.000000, 0.000000, 0.000000, 0.000000, 0.000000, 0.000000], ddq: [0.000000, 0.000000, 0.000000, 0.000000, 0.000000, 0.000000, 0.000000], dVs: [0.000000]
Step 1 - Current State: [q: 0.110803, -0.001482 -0.140470 -1.564100 0.004636 1.570759 0.705238, s: 0.026039, vs: 0.000000]
Next State: [q: 0.110803, -0.001482 -0.140470 -1.564100 0.004636 1.570759 0.705238, s: 0.026039, vs: 0.000000]
----------------------------------------------------
----------------------------------------------------
Step 2 - Current Input: [0.000000, 0.000000, 0.000000, 0.000000, 0.000000, 0.000000, 0.000000, 0.000000], ddq: [0.000000, 0.000000, 0.000000, 0.000000, 0.000000, 0.000000, 0.000000], dVs: [0.000000]
Step 2 - Current State: [q: 0.110803, -0.001482 -0.140470 -1.564100 0.004636 1.570759 0.705238, s: 0.026039, vs: 0.000000]
Next State: [q: 0.110803, -0.001482 -0.140470 -1.564100 0.004636 1.570759 0.705238, s: 0.026039, vs: 0.000000]
----------------------------------------------------
----------------------------------------------------
Step 3 - Current Input: [0.000000, 0.000000, 0.000000, 0.000000, 0.000000, 0.000000, 0.000000, 0.000000], ddq: [0.000000, 0.000000, 0.000000, 0.000000, 0.000000, 0.000000, 0.000000], dVs: [0.000000]
Step 3 - Current State: [q: 0.110803, -0.001482 -0.140470 -1.564100 0.004636 1.570759 0.705238, s: 0.026039, vs: 0.000000]
Next State: [q: 0.110803, -0.001482 -0.140470 -1.564100 0.004636 1.570759 0.705238, s: 0.026039, vs: 0.000000]
----------------------------------------------------
----------------------------------------------------
Step 4 - Current Input: [0.000000, 0.000000, 0.000000, 0.000000, 0.000000, 0.000000, 0.000000, 0.000000], ddq: [0.000000, 0.000000, 0.000000, 0.000000, 0.000000, 0.000000, 0.000000], dVs: [0.000000]
Step 4 - Current State: [q: 0.110803, -0.001482 -0.140470 -1.564100 0.004636 1.570759 0.705238, s: 0.026039, vs: 0.000000]
Next State: [q: 0.110803, -0.001482 -0.140470 -1.564100 0.004636 1.570759 0.705238, s: 0.026039, vs: 0.000000]
----------------------------------------------------
----------------------------------------------------
Step 5 - Current Input: [0.000000, 0.000000, 0.000000, 0.000000, 0.000000, 0.000000, 0.000000, 0.000000], ddq: [0.000000, 0.000000, 0.000000, 0.000000, 0.000000, 0.000000, 0.000000], dVs: [0.000000]
Step 5 - Current State: [q: 0.110803, -0.001482 -0.140470 -1.564100 0.004636 1.570759 0.705238, s: 0.026039, vs: 0.000000]
Next State: [q: 0.110803, -0.001482 -0.140470 -1.564100 0.004636 1.570759 0.705238, s: 0.026039, vs: 0.000000]
----------------------------------------------------
----------------------------------------------------
Step 6 - Current Input: [0.000000, 0.000000, 0.000000, 0.000000, 0.000000, 0.000000, 0.000000, 0.000000], ddq: [0.000000, 0.000000, 0.000000, 0.000000, 0.000000, 0.000000, 0.000000], dVs: [0.000000]
Step 6 - Current State: [q: 0.110803, -0.001482 -0.140470 -1.564100 0.004636 1.570759 0.705238, s: 0.026039, vs: 0.000000]
Next State: [q: 0.110803, -0.001482 -0.140470 -1.564100 0.004636 1.570759 0.705238, s: 0.026039, vs: 0.000000]
----------------------------------------------------
----------------------------------------------------
Step 7 - Current Input: [0.000000, 0.000000, 0.000000, 0.000000, 0.000000, 0.000000, 0.000000, 0.000000], ddq: [0.000000, 0.000000, 0.000000, 0.000000, 0.000000, 0.000000, 0.000000], dVs: [0.000000]
Step 7 - Current State: [q: 0.110803, -0.001482 -0.140470 -1.564100 0.004636 1.570759 0.705238, s: 0.026039, vs: 0.000000]
Next State: [q: 0.110803, -0.001482 -0.140470 -1.564100 0.004636 1.570759 0.705238, s: 0.026039, vs: 0.000000]
----------------------------------------------------
----------------------------------------------------
Step 8 - Current Input: [0.000000, 0.000000, 0.000000, 0.000000, 0.000000, 0.000000, 0.000000, 0.000000], ddq: [0.000000, 0.000000, 0.000000, 0.000000, 0.000000, 0.000000, 0.000000], dVs: [0.000000]
Step 8 - Current State: [q: 0.110803, -0.001482 -0.140470 -1.564100 0.004636 1.570759 0.705238, s: 0.026039, vs: 0.000000]
Next State: [q: 0.110803, -0.001482 -0.140470 -1.564100 0.004636 1.570759 0.705238, s: 0.026039, vs: 0.000000]
----------------------------------------------------
----------------------------------------------------
Step 9 - Current Input: [0.000000, 0.000000, 0.000000, 0.000000, 0.000000, 0.000000, 0.000000, 0.000000], ddq: [0.000000, 0.000000, 0.000000, 0.000000, 0.000000, 0.000000, 0.000000], dVs: [0.000000]
Step 9 - Current State: [q: 0.110803, -0.001482 -0.140470 -1.564100 0.004636 1.570759 0.705238, s: 0.026039, vs: 0.000000]
Next State: [q: 0.110803, -0.001482 -0.140470 -1.564100 0.004636 1.570759 0.705238, s: 0.026039, vs: 0.000000]
----------------------------------------------------
====================================================================
BEFORE initial_guess_[0].uk: [0.000000, 0.000000, 0.000000, 0.000000, 0.000000, 0.000000, 0.000000, -0.000000]
Initialization finished.
Allocations finished.
Setup successful.
Solver is ready.
Starting solver...
Solver initialization verified.
Solver finished.
QP solve FAILED : 7 
QP_MaxIterReached
NOT SOLVED , sqp_iter_: 0
===================================================
================ QP did not solved ================
================ Max Iter reached ==================
===================================================
AFTER initial_guess_[0].uk: [0.000000, 0.000000, 0.000000, 0.000000, 0.000000, 0.000000, 0.000000, -0.000000]
dist too large
====================================================================
[MPC] Generating a new initial guess based on maximum deceleration.
----------------------------------------------------
Step 0 - Current Input: [0.000000, 0.000000, 0.000000, 0.000000, 0.000000, 0.000000, 0.000000, 0.000000], ddq: [0.000000, 0.000000, 0.000000, 0.000000, 0.000000, 0.000000, 0.000000], dVs: [0.000000]
Step 0 - Current State: [q: 0.110803, -0.001482 -0.140470 -1.564100 0.004636 1.570759 0.705238, s: 0.026039, vs: -0.000000]
Next State: [q: 0.110803, -0.001482 -0.140470 -1.564100 0.004636 1.570759 0.705238, s: 0.026039, vs: 0.000000]
----------------------------------------------------
----------------------------------------------------
Step 1 - Current Input: [0.000000, 0.000000, 0.000000, 0.000000, 0.000000, 0.000000, 0.000000, 0.000000], ddq: [0.000000, 0.000000, 0.000000, 0.000000, 0.000000, 0.000000, 0.000000], dVs: [0.000000]
Step 1 - Current State: [q: 0.110803, -0.001482 -0.140470 -1.564100 0.004636 1.570759 0.705238, s: 0.026039, vs: 0.000000]
Next State: [q: 0.110803, -0.001482 -0.140470 -1.564100 0.004636 1.570759 0.705238, s: 0.026039, vs: 0.000000]
----------------------------------------------------
----------------------------------------------------
Step 2 - Current Input: [0.000000, 0.000000, 0.000000, 0.000000, 0.000000, 0.000000, 0.000000, 0.000000], ddq: [0.000000, 0.000000, 0.000000, 0.000000, 0.000000, 0.000000, 0.000000], dVs: [0.000000]
Step 2 - Current State: [q: 0.110803, -0.001482 -0.140470 -1.564100 0.004636 1.570759 0.705238, s: 0.026039, vs: 0.000000]
Next State: [q: 0.110803, -0.001482 -0.140470 -1.564100 0.004636 1.570759 0.705238, s: 0.026039, vs: 0.000000]
----------------------------------------------------
----------------------------------------------------
Step 3 - Current Input: [0.000000, 0.000000, 0.000000, 0.000000, 0.000000, 0.000000, 0.000000, 0.000000], ddq: [0.000000, 0.000000, 0.000000, 0.000000, 0.000000, 0.000000, 0.000000], dVs: [0.000000]
Step 3 - Current State: [q: 0.110803, -0.001482 -0.140470 -1.564100 0.004636 1.570759 0.705238, s: 0.026039, vs: 0.000000]
Next State: [q: 0.110803, -0.001482 -0.140470 -1.564100 0.004636 1.570759 0.705238, s: 0.026039, vs: 0.000000]
----------------------------------------------------
----------------------------------------------------
Step 4 - Current Input: [0.000000, 0.000000, 0.000000, 0.000000, 0.000000, 0.000000, 0.000000, 0.000000], ddq: [0.000000, 0.000000, 0.000000, 0.000000, 0.000000, 0.000000, 0.000000], dVs: [0.000000]
Step 4 - Current State: [q: 0.110803, -0.001482 -0.140470 -1.564100 0.004636 1.570759 0.705238, s: 0.026039, vs: 0.000000]
Next State: [q: 0.110803, -0.001482 -0.140470 -1.564100 0.004636 1.570759 0.705238, s: 0.026039, vs: 0.000000]
----------------------------------------------------
----------------------------------------------------
Step 5 - Current Input: [0.000000, 0.000000, 0.000000, 0.000000, 0.000000, 0.000000, 0.000000, 0.000000], ddq: [0.000000, 0.000000, 0.000000, 0.000000, 0.000000, 0.000000, 0.000000], dVs: [0.000000]
Step 5 - Current State: [q: 0.110803, -0.001482 -0.140470 -1.564100 0.004636 1.570759 0.705238, s: 0.026039, vs: 0.000000]
Next State: [q: 0.110803, -0.001482 -0.140470 -1.564100 0.004636 1.570759 0.705238, s: 0.026039, vs: 0.000000]
----------------------------------------------------
----------------------------------------------------
Step 6 - Current Input: [0.000000, 0.000000, 0.000000, 0.000000, 0.000000, 0.000000, 0.000000, 0.000000], ddq: [0.000000, 0.000000, 0.000000, 0.000000, 0.000000, 0.000000, 0.000000], dVs: [0.000000]
Step 6 - Current State: [q: 0.110803, -0.001482 -0.140470 -1.564100 0.004636 1.570759 0.705238, s: 0.026039, vs: 0.000000]
Next State: [q: 0.110803, -0.001482 -0.140470 -1.564100 0.004636 1.570759 0.705238, s: 0.026039, vs: 0.000000]
----------------------------------------------------
----------------------------------------------------
Step 7 - Current Input: [0.000000, 0.000000, 0.000000, 0.000000, 0.000000, 0.000000, 0.000000, 0.000000], ddq: [0.000000, 0.000000, 0.000000, 0.000000, 0.000000, 0.000000, 0.000000], dVs: [0.000000]
Step 7 - Current State: [q: 0.110803, -0.001482 -0.140470 -1.564100 0.004636 1.570759 0.705238, s: 0.026039, vs: 0.000000]
Next State: [q: 0.110803, -0.001482 -0.140470 -1.564100 0.004636 1.570759 0.705238, s: 0.026039, vs: 0.000000]
----------------------------------------------------
----------------------------------------------------
Step 8 - Current Input: [0.000000, 0.000000, 0.000000, 0.000000, 0.000000, 0.000000, 0.000000, 0.000000], ddq: [0.000000, 0.000000, 0.000000, 0.000000, 0.000000, 0.000000, 0.000000], dVs: [0.000000]
Step 8 - Current State: [q: 0.110803, -0.001482 -0.140470 -1.564100 0.004636 1.570759 0.705238, s: 0.026039, vs: 0.000000]
Next State: [q: 0.110803, -0.001482 -0.140470 -1.564100 0.004636 1.570759 0.705238, s: 0.026039, vs: 0.000000]
----------------------------------------------------
----------------------------------------------------
Step 9 - Current Input: [0.000000, 0.000000, 0.000000, 0.000000, 0.000000, 0.000000, 0.000000, 0.000000], ddq: [0.000000, 0.000000, 0.000000, 0.000000, 0.000000, 0.000000, 0.000000], dVs: [0.000000]
Step 9 - Current State: [q: 0.110803, -0.001482 -0.140470 -1.564100 0.004636 1.570759 0.705238, s: 0.026039, vs: 0.000000]
Next State: [q: 0.110803, -0.001482 -0.140470 -1.564100 0.004636 1.570759 0.705238, s: 0.026039, vs: 0.000000]
----------------------------------------------------
====================================================================
BEFORE initial_guess_[0].uk: [0.000000, 0.000000, 0.000000, 0.000000, 0.000000, 0.000000, 0.000000, 0.000000]
Initialization finished.
Allocations finished.
Setup successful.
Solver is ready.
Starting solver...
Solver initialization verified.
Solver finished.
QP solve FAILED : 7 
QP_MaxIterReached
NOT SOLVED , sqp_iter_: 0
===================================================
================ QP did not solved ================
================ Max Iter reached ==================
===================================================
AFTER initial_guess_[0].uk: [0.000000, 0.000000, 0.000000, 0.000000, 0.000000, 0.000000, 0.000000, 0.000000]
dist too large
====================================================================
[MPC] Generating a new initial guess based on maximum deceleration.
----------------------------------------------------
Step 0 - Current Input: [0.000000, 0.000000, 0.000000, 0.000000, 0.000000, 0.000000, 0.000000, -0.000000], ddq: [0.000000, 0.000000, 0.000000, 0.000000, 0.000000, 0.000000, 0.000000], dVs: [-0.000000]
Step 0 - Current State: [q: 0.110803, -0.001482 -0.140470 -1.564100 0.004636 1.570759 0.705238, s: 0.026039, vs: 0.000000]
Next State: [q: 0.110803, -0.001482 -0.140470 -1.564100 0.004636 1.570759 0.705238, s: 0.026039, vs: 0.000000]
----------------------------------------------------
----------------------------------------------------
Step 1 - Current Input: [0.000000, 0.000000, 0.000000, 0.000000, 0.000000, 0.000000, 0.000000, 0.000000], ddq: [0.000000, 0.000000, 0.000000, 0.000000, 0.000000, 0.000000, 0.000000], dVs: [0.000000]
Step 1 - Current State: [q: 0.110803, -0.001482 -0.140470 -1.564100 0.004636 1.570759 0.705238, s: 0.026039, vs: 0.000000]
Next State: [q: 0.110803, -0.001482 -0.140470 -1.564100 0.004636 1.570759 0.705238, s: 0.026039, vs: 0.000000]
----------------------------------------------------
----------------------------------------------------
Step 2 - Current Input: [0.000000, 0.000000, 0.000000, 0.000000, 0.000000, 0.000000, 0.000000, 0.000000], ddq: [0.000000, 0.000000, 0.000000, 0.000000, 0.000000, 0.000000, 0.000000], dVs: [0.000000]
Step 2 - Current State: [q: 0.110803, -0.001482 -0.140470 -1.564100 0.004636 1.570759 0.705238, s: 0.026039, vs: 0.000000]
Next State: [q: 0.110803, -0.001482 -0.140470 -1.564100 0.004636 1.570759 0.705238, s: 0.026039, vs: 0.000000]
----------------------------------------------------
----------------------------------------------------
Step 3 - Current Input: [0.000000, 0.000000, 0.000000, 0.000000, 0.000000, 0.000000, 0.000000, 0.000000], ddq: [0.000000, 0.000000, 0.000000, 0.000000, 0.000000, 0.000000, 0.000000], dVs: [0.000000]
Step 3 - Current State: [q: 0.110803, -0.001482 -0.140470 -1.564100 0.004636 1.570759 0.705238, s: 0.026039, vs: 0.000000]
Next State: [q: 0.110803, -0.001482 -0.140470 -1.564100 0.004636 1.570759 0.705238, s: 0.026039, vs: 0.000000]
----------------------------------------------------
----------------------------------------------------
Step 4 - Current Input: [0.000000, 0.000000, 0.000000, 0.000000, 0.000000, 0.000000, 0.000000, 0.000000], ddq: [0.000000, 0.000000, 0.000000, 0.000000, 0.000000, 0.000000, 0.000000], dVs: [0.000000]
Step 4 - Current State: [q: 0.110803, -0.001482 -0.140470 -1.564100 0.004636 1.570759 0.705238, s: 0.026039, vs: 0.000000]
Next State: [q: 0.110803, -0.001482 -0.140470 -1.564100 0.004636 1.570759 0.705238, s: 0.026039, vs: 0.000000]
----------------------------------------------------
----------------------------------------------------
Step 5 - Current Input: [0.000000, 0.000000, 0.000000, 0.000000, 0.000000, 0.000000, 0.000000, 0.000000], ddq: [0.000000, 0.000000, 0.000000, 0.000000, 0.000000, 0.000000, 0.000000], dVs: [0.000000]
Step 5 - Current State: [q: 0.110803, -0.001482 -0.140470 -1.564100 0.004636 1.570759 0.705238, s: 0.026039, vs: 0.000000]
Next State: [q: 0.110803, -0.001482 -0.140470 -1.564100 0.004636 1.570759 0.705238, s: 0.026039, vs: 0.000000]
----------------------------------------------------
----------------------------------------------------
Step 6 - Current Input: [0.000000, 0.000000, 0.000000, 0.000000, 0.000000, 0.000000, 0.000000, 0.000000], ddq: [0.000000, 0.000000, 0.000000, 0.000000, 0.000000, 0.000000, 0.000000], dVs: [0.000000]
Step 6 - Current State: [q: 0.110803, -0.001482 -0.140470 -1.564100 0.004636 1.570759 0.705238, s: 0.026039, vs: 0.000000]
Next State: [q: 0.110803, -0.001482 -0.140470 -1.564100 0.004636 1.570759 0.705238, s: 0.026039, vs: 0.000000]
----------------------------------------------------
----------------------------------------------------
Step 7 - Current Input: [0.000000, 0.000000, 0.000000, 0.000000, 0.000000, 0.000000, 0.000000, 0.000000], ddq: [0.000000, 0.000000, 0.000000, 0.000000, 0.000000, 0.000000, 0.000000], dVs: [0.000000]
Step 7 - Current State: [q: 0.110803, -0.001482 -0.140470 -1.564100 0.004636 1.570759 0.705238, s: 0.026039, vs: 0.000000]
Next State: [q: 0.110803, -0.001482 -0.140470 -1.564100 0.004636 1.570759 0.705238, s: 0.026039, vs: 0.000000]
----------------------------------------------------
----------------------------------------------------
Step 8 - Current Input: [0.000000, 0.000000, 0.000000, 0.000000, 0.000000, 0.000000, 0.000000, 0.000000], ddq: [0.000000, 0.000000, 0.000000, 0.000000, 0.000000, 0.000000, 0.000000], dVs: [0.000000]
Step 8 - Current State: [q: 0.110803, -0.001482 -0.140470 -1.564100 0.004636 1.570759 0.705238, s: 0.026039, vs: 0.000000]
Next State: [q: 0.110803, -0.001482 -0.140470 -1.564100 0.004636 1.570759 0.705238, s: 0.026039, vs: 0.000000]
----------------------------------------------------
----------------------------------------------------
Step 9 - Current Input: [0.000000, 0.000000, 0.000000, 0.000000, 0.000000, 0.000000, 0.000000, 0.000000], ddq: [0.000000, 0.000000, 0.000000, 0.000000, 0.000000, 0.000000, 0.000000], dVs: [0.000000]
Step 9 - Current State: [q: 0.110803, -0.001482 -0.140470 -1.564100 0.004636 1.570759 0.705238, s: 0.026039, vs: 0.000000]
Next State: [q: 0.110803, -0.001482 -0.140470 -1.564100 0.004636 1.570759 0.705238, s: 0.026039, vs: 0.000000]
----------------------------------------------------
====================================================================
BEFORE initial_guess_[0].uk: [0.000000, 0.000000, 0.000000, 0.000000, 0.000000, 0.000000, 0.000000, -0.000000]
Initialization finished.
Allocations finished.
Setup successful.
Solver is ready.
Starting solver...
Solver initialization verified.
Solver finished.
QP solve FAILED : 7 
QP_MaxIterReached
NOT SOLVED , sqp_iter_: 0
===================================================
================ QP did not solved ================
================ Max Iter reached ==================
===================================================
AFTER initial_guess_[0].uk: [0.000000, 0.000000, 0.000000, 0.000000, 0.000000, 0.000000, 0.000000, -0.000000]
dist too large
====================================================================
[MPC] Generating a new initial guess based on maximum deceleration.
----------------------------------------------------
Step 0 - Current Input: [0.000000, 0.000000, 0.000000, 0.000000, 0.000000, 0.000000, 0.000000, 0.000000], ddq: [0.000000, 0.000000, 0.000000, 0.000000, 0.000000, 0.000000, 0.000000], dVs: [0.000000]
Step 0 - Current State: [q: 0.110803, -0.001482 -0.140470 -1.564100 0.004636 1.570759 0.705238, s: 0.026039, vs: -0.000000]
Next State: [q: 0.110803, -0.001482 -0.140470 -1.564100 0.004636 1.570759 0.705238, s: 0.026039, vs: 0.000000]
----------------------------------------------------
----------------------------------------------------
Step 1 - Current Input: [0.000000, 0.000000, 0.000000, 0.000000, 0.000000, 0.000000, 0.000000, 0.000000], ddq: [0.000000, 0.000000, 0.000000, 0.000000, 0.000000, 0.000000, 0.000000], dVs: [0.000000]
Step 1 - Current State: [q: 0.110803, -0.001482 -0.140470 -1.564100 0.004636 1.570759 0.705238, s: 0.026039, vs: 0.000000]
Next State: [q: 0.110803, -0.001482 -0.140470 -1.564100 0.004636 1.570759 0.705238, s: 0.026039, vs: 0.000000]
----------------------------------------------------
----------------------------------------------------
Step 2 - Current Input: [0.000000, 0.000000, 0.000000, 0.000000, 0.000000, 0.000000, 0.000000, 0.000000], ddq: [0.000000, 0.000000, 0.000000, 0.000000, 0.000000, 0.000000, 0.000000], dVs: [0.000000]
Step 2 - Current State: [q: 0.110803, -0.001482 -0.140470 -1.564100 0.004636 1.570759 0.705238, s: 0.026039, vs: 0.000000]
Next State: [q: 0.110803, -0.001482 -0.140470 -1.564100 0.004636 1.570759 0.705238, s: 0.026039, vs: 0.000000]
----------------------------------------------------
----------------------------------------------------
Step 3 - Current Input: [0.000000, 0.000000, 0.000000, 0.000000, 0.000000, 0.000000, 0.000000, 0.000000], ddq: [0.000000, 0.000000, 0.000000, 0.000000, 0.000000, 0.000000, 0.000000], dVs: [0.000000]
Step 3 - Current State: [q: 0.110803, -0.001482 -0.140470 -1.564100 0.004636 1.570759 0.705238, s: 0.026039, vs: 0.000000]
Next State: [q: 0.110803, -0.001482 -0.140470 -1.564100 0.004636 1.570759 0.705238, s: 0.026039, vs: 0.000000]
----------------------------------------------------
----------------------------------------------------
Step 4 - Current Input: [0.000000, 0.000000, 0.000000, 0.000000, 0.000000, 0.000000, 0.000000, 0.000000], ddq: [0.000000, 0.000000, 0.000000, 0.000000, 0.000000, 0.000000, 0.000000], dVs: [0.000000]
Step 4 - Current State: [q: 0.110803, -0.001482 -0.140470 -1.564100 0.004636 1.570759 0.705238, s: 0.026039, vs: 0.000000]
Next State: [q: 0.110803, -0.001482 -0.140470 -1.564100 0.004636 1.570759 0.705238, s: 0.026039, vs: 0.000000]
----------------------------------------------------
----------------------------------------------------
Step 5 - Current Input: [0.000000, 0.000000, 0.000000, 0.000000, 0.000000, 0.000000, 0.000000, 0.000000], ddq: [0.000000, 0.000000, 0.000000, 0.000000, 0.000000, 0.000000, 0.000000], dVs: [0.000000]
Step 5 - Current State: [q: 0.110803, -0.001482 -0.140470 -1.564100 0.004636 1.570759 0.705238, s: 0.026039, vs: 0.000000]
Next State: [q: 0.110803, -0.001482 -0.140470 -1.564100 0.004636 1.570759 0.705238, s: 0.026039, vs: 0.000000]
----------------------------------------------------
----------------------------------------------------
Step 6 - Current Input: [0.000000, 0.000000, 0.000000, 0.000000, 0.000000, 0.000000, 0.000000, 0.000000], ddq: [0.000000, 0.000000, 0.000000, 0.000000, 0.000000, 0.000000, 0.000000], dVs: [0.000000]
Step 6 - Current State: [q: 0.110803, -0.001482 -0.140470 -1.564100 0.004636 1.570759 0.705238, s: 0.026039, vs: 0.000000]
Next State: [q: 0.110803, -0.001482 -0.140470 -1.564100 0.004636 1.570759 0.705238, s: 0.026039, vs: 0.000000]
----------------------------------------------------
----------------------------------------------------
Step 7 - Current Input: [0.000000, 0.000000, 0.000000, 0.000000, 0.000000, 0.000000, 0.000000, 0.000000], ddq: [0.000000, 0.000000, 0.000000, 0.000000, 0.000000, 0.000000, 0.000000], dVs: [0.000000]
Step 7 - Current State: [q: 0.110803, -0.001482 -0.140470 -1.564100 0.004636 1.570759 0.705238, s: 0.026039, vs: 0.000000]
Next State: [q: 0.110803, -0.001482 -0.140470 -1.564100 0.004636 1.570759 0.705238, s: 0.026039, vs: 0.000000]
----------------------------------------------------
----------------------------------------------------
Step 8 - Current Input: [0.000000, 0.000000, 0.000000, 0.000000, 0.000000, 0.000000, 0.000000, 0.000000], ddq: [0.000000, 0.000000, 0.000000, 0.000000, 0.000000, 0.000000, 0.000000], dVs: [0.000000]
Step 8 - Current State: [q: 0.110803, -0.001482 -0.140470 -1.564100 0.004636 1.570759 0.705238, s: 0.026039, vs: 0.000000]
Next State: [q: 0.110803, -0.001482 -0.140470 -1.564100 0.004636 1.570759 0.705238, s: 0.026039, vs: 0.000000]
----------------------------------------------------
----------------------------------------------------
Step 9 - Current Input: [0.000000, 0.000000, 0.000000, 0.000000, 0.000000, 0.000000, 0.000000, 0.000000], ddq: [0.000000, 0.000000, 0.000000, 0.000000, 0.000000, 0.000000, 0.000000], dVs: [0.000000]
Step 9 - Current State: [q: 0.110803, -0.001482 -0.140470 -1.564100 0.004636 1.570759 0.705238, s: 0.026039, vs: 0.000000]
Next State: [q: 0.110803, -0.001482 -0.140470 -1.564100 0.004636 1.570759 0.705238, s: 0.026039, vs: 0.000000]
----------------------------------------------------
====================================================================
BEFORE initial_guess_[0].uk: [0.000000, 0.000000, 0.000000, 0.000000, 0.000000, 0.000000, 0.000000, 0.000000]
Initialization finished.
Allocations finished.
Setup successful.
Solver is ready.
Starting solver...
Solver initialization verified.
Solver finished.
QP solve FAILED : 7 
QP_MaxIterReached
NOT SOLVED , sqp_iter_: 0
===================================================
================ QP did not solved ================
================ Max Iter reached ==================
===================================================
AFTER initial_guess_[0].uk: [0.000000, 0.000000, 0.000000, 0.000000, 0.000000, 0.000000, 0.000000, 0.000000]
dist too large
====================================================================
[MPC] Generating a new initial guess based on maximum deceleration.
----------------------------------------------------
Step 0 - Current Input: [0.000000, 0.000000, 0.000000, 0.000000, 0.000000, 0.000000, 0.000000, -0.000000], ddq: [0.000000, 0.000000, 0.000000, 0.000000, 0.000000, 0.000000, 0.000000], dVs: [-0.000000]
Step 0 - Current State: [q: 0.110803, -0.001482 -0.140470 -1.564100 0.004636 1.570759 0.705238, s: 0.026039, vs: 0.000000]
Next State: [q: 0.110803, -0.001482 -0.140470 -1.564100 0.004636 1.570759 0.705238, s: 0.026039, vs: 0.000000]
----------------------------------------------------
----------------------------------------------------
Step 1 - Current Input: [0.000000, 0.000000, 0.000000, 0.000000, 0.000000, 0.000000, 0.000000, 0.000000], ddq: [0.000000, 0.000000, 0.000000, 0.000000, 0.000000, 0.000000, 0.000000], dVs: [0.000000]
Step 1 - Current State: [q: 0.110803, -0.001482 -0.140470 -1.564100 0.004636 1.570759 0.705238, s: 0.026039, vs: 0.000000]
Next State: [q: 0.110803, -0.001482 -0.140470 -1.564100 0.004636 1.570759 0.705238, s: 0.026039, vs: 0.000000]
----------------------------------------------------
----------------------------------------------------
Step 2 - Current Input: [0.000000, 0.000000, 0.000000, 0.000000, 0.000000, 0.000000, 0.000000, 0.000000], ddq: [0.000000, 0.000000, 0.000000, 0.000000, 0.000000, 0.000000, 0.000000], dVs: [0.000000]
Step 2 - Current State: [q: 0.110803, -0.001482 -0.140470 -1.564100 0.004636 1.570759 0.705238, s: 0.026039, vs: 0.000000]
Next State: [q: 0.110803, -0.001482 -0.140470 -1.564100 0.004636 1.570759 0.705238, s: 0.026039, vs: 0.000000]
----------------------------------------------------
----------------------------------------------------
Step 3 - Current Input: [0.000000, 0.000000, 0.000000, 0.000000, 0.000000, 0.000000, 0.000000, 0.000000], ddq: [0.000000, 0.000000, 0.000000, 0.000000, 0.000000, 0.000000, 0.000000], dVs: [0.000000]
Step 3 - Current State: [q: 0.110803, -0.001482 -0.140470 -1.564100 0.004636 1.570759 0.705238, s: 0.026039, vs: 0.000000]
Next State: [q: 0.110803, -0.001482 -0.140470 -1.564100 0.004636 1.570759 0.705238, s: 0.026039, vs: 0.000000]
----------------------------------------------------
----------------------------------------------------
Step 4 - Current Input: [0.000000, 0.000000, 0.000000, 0.000000, 0.000000, 0.000000, 0.000000, 0.000000], ddq: [0.000000, 0.000000, 0.000000, 0.000000, 0.000000, 0.000000, 0.000000], dVs: [0.000000]
Step 4 - Current State: [q: 0.110803, -0.001482 -0.140470 -1.564100 0.004636 1.570759 0.705238, s: 0.026039, vs: 0.000000]
Next State: [q: 0.110803, -0.001482 -0.140470 -1.564100 0.004636 1.570759 0.705238, s: 0.026039, vs: 0.000000]
----------------------------------------------------
----------------------------------------------------
Step 5 - Current Input: [0.000000, 0.000000, 0.000000, 0.000000, 0.000000, 0.000000, 0.000000, 0.000000], ddq: [0.000000, 0.000000, 0.000000, 0.000000, 0.000000, 0.000000, 0.000000], dVs: [0.000000]
Step 5 - Current State: [q: 0.110803, -0.001482 -0.140470 -1.564100 0.004636 1.570759 0.705238, s: 0.026039, vs: 0.000000]
Next State: [q: 0.110803, -0.001482 -0.140470 -1.564100 0.004636 1.570759 0.705238, s: 0.026039, vs: 0.000000]
----------------------------------------------------
----------------------------------------------------
Step 6 - Current Input: [0.000000, 0.000000, 0.000000, 0.000000, 0.000000, 0.000000, 0.000000, 0.000000], ddq: [0.000000, 0.000000, 0.000000, 0.000000, 0.000000, 0.000000, 0.000000], dVs: [0.000000]
Step 6 - Current State: [q: 0.110803, -0.001482 -0.140470 -1.564100 0.004636 1.570759 0.705238, s: 0.026039, vs: 0.000000]
Next State: [q: 0.110803, -0.001482 -0.140470 -1.564100 0.004636 1.570759 0.705238, s: 0.026039, vs: 0.000000]
----------------------------------------------------
----------------------------------------------------
Step 7 - Current Input: [0.000000, 0.000000, 0.000000, 0.000000, 0.000000, 0.000000, 0.000000, 0.000000], ddq: [0.000000, 0.000000, 0.000000, 0.000000, 0.000000, 0.000000, 0.000000], dVs: [0.000000]
Step 7 - Current State: [q: 0.110803, -0.001482 -0.140470 -1.564100 0.004636 1.570759 0.705238, s: 0.026039, vs: 0.000000]
Next State: [q: 0.110803, -0.001482 -0.140470 -1.564100 0.004636 1.570759 0.705238, s: 0.026039, vs: 0.000000]
----------------------------------------------------
----------------------------------------------------
Step 8 - Current Input: [0.000000, 0.000000, 0.000000, 0.000000, 0.000000, 0.000000, 0.000000, 0.000000], ddq: [0.000000, 0.000000, 0.000000, 0.000000, 0.000000, 0.000000, 0.000000], dVs: [0.000000]
Step 8 - Current State: [q: 0.110803, -0.001482 -0.140470 -1.564100 0.004636 1.570759 0.705238, s: 0.026039, vs: 0.000000]
Next State: [q: 0.110803, -0.001482 -0.140470 -1.564100 0.004636 1.570759 0.705238, s: 0.026039, vs: 0.000000]
----------------------------------------------------
----------------------------------------------------
Step 9 - Current Input: [0.000000, 0.000000, 0.000000, 0.000000, 0.000000, 0.000000, 0.000000, 0.000000], ddq: [0.000000, 0.000000, 0.000000, 0.000000, 0.000000, 0.000000, 0.000000], dVs: [0.000000]
Step 9 - Current State: [q: 0.110803, -0.001482 -0.140470 -1.564100 0.004636 1.570759 0.705238, s: 0.026039, vs: 0.000000]
Next State: [q: 0.110803, -0.001482 -0.140470 -1.564100 0.004636 1.570759 0.705238, s: 0.026039, vs: 0.000000]
----------------------------------------------------
====================================================================
BEFORE initial_guess_[0].uk: [0.000000, 0.000000, 0.000000, 0.000000, 0.000000, 0.000000, 0.000000, -0.000000]
Initialization finished.
Allocations finished.
Setup successful.
Solver is ready.
Starting solver...
Solver initialization verified.
Solver finished.
QP solve FAILED : 7 
QP_MaxIterReached
NOT SOLVED , sqp_iter_: 0
===================================================
================ QP did not solved ================
================ Max Iter reached ==================
===================================================
AFTER initial_guess_[0].uk: [0.000000, 0.000000, 0.000000, 0.000000, 0.000000, 0.000000, 0.000000, -0.000000]
dist too large
====================================================================
[MPC] Generating a new initial guess based on maximum deceleration.
----------------------------------------------------
Step 0 - Current Input: [0.000000, 0.000000, 0.000000, 0.000000, 0.000000, 0.000000, 0.000000, 0.000000], ddq: [0.000000, 0.000000, 0.000000, 0.000000, 0.000000, 0.000000, 0.000000], dVs: [0.000000]
Step 0 - Current State: [q: 0.110803, -0.001482 -0.140470 -1.564100 0.004636 1.570759 0.705238, s: 0.026039, vs: -0.000000]
Next State: [q: 0.110803, -0.001482 -0.140470 -1.564100 0.004636 1.570759 0.705238, s: 0.026039, vs: 0.000000]
----------------------------------------------------
----------------------------------------------------
Step 1 - Current Input: [0.000000, 0.000000, 0.000000, 0.000000, 0.000000, 0.000000, 0.000000, 0.000000], ddq: [0.000000, 0.000000, 0.000000, 0.000000, 0.000000, 0.000000, 0.000000], dVs: [0.000000]
Step 1 - Current State: [q: 0.110803, -0.001482 -0.140470 -1.564100 0.004636 1.570759 0.705238, s: 0.026039, vs: 0.000000]
Next State: [q: 0.110803, -0.001482 -0.140470 -1.564100 0.004636 1.570759 0.705238, s: 0.026039, vs: 0.000000]
----------------------------------------------------
----------------------------------------------------
Step 2 - Current Input: [0.000000, 0.000000, 0.000000, 0.000000, 0.000000, 0.000000, 0.000000, 0.000000], ddq: [0.000000, 0.000000, 0.000000, 0.000000, 0.000000, 0.000000, 0.000000], dVs: [0.000000]
Step 2 - Current State: [q: 0.110803, -0.001482 -0.140470 -1.564100 0.004636 1.570759 0.705238, s: 0.026039, vs: 0.000000]
Next State: [q: 0.110803, -0.001482 -0.140470 -1.564100 0.004636 1.570759 0.705238, s: 0.026039, vs: 0.000000]
----------------------------------------------------
----------------------------------------------------
Step 3 - Current Input: [0.000000, 0.000000, 0.000000, 0.000000, 0.000000, 0.000000, 0.000000, 0.000000], ddq: [0.000000, 0.000000, 0.000000, 0.000000, 0.000000, 0.000000, 0.000000], dVs: [0.000000]
Step 3 - Current State: [q: 0.110803, -0.001482 -0.140470 -1.564100 0.004636 1.570759 0.705238, s: 0.026039, vs: 0.000000]
Next State: [q: 0.110803, -0.001482 -0.140470 -1.564100 0.004636 1.570759 0.705238, s: 0.026039, vs: 0.000000]
----------------------------------------------------
----------------------------------------------------
Step 4 - Current Input: [0.000000, 0.000000, 0.000000, 0.000000, 0.000000, 0.000000, 0.000000, 0.000000], ddq: [0.000000, 0.000000, 0.000000, 0.000000, 0.000000, 0.000000, 0.000000], dVs: [0.000000]
Step 4 - Current State: [q: 0.110803, -0.001482 -0.140470 -1.564100 0.004636 1.570759 0.705238, s: 0.026039, vs: 0.000000]
Next State: [q: 0.110803, -0.001482 -0.140470 -1.564100 0.004636 1.570759 0.705238, s: 0.026039, vs: 0.000000]
----------------------------------------------------
----------------------------------------------------
Step 5 - Current Input: [0.000000, 0.000000, 0.000000, 0.000000, 0.000000, 0.000000, 0.000000, 0.000000], ddq: [0.000000, 0.000000, 0.000000, 0.000000, 0.000000, 0.000000, 0.000000], dVs: [0.000000]
Step 5 - Current State: [q: 0.110803, -0.001482 -0.140470 -1.564100 0.004636 1.570759 0.705238, s: 0.026039, vs: 0.000000]
Next State: [q: 0.110803, -0.001482 -0.140470 -1.564100 0.004636 1.570759 0.705238, s: 0.026039, vs: 0.000000]
----------------------------------------------------
----------------------------------------------------
Step 6 - Current Input: [0.000000, 0.000000, 0.000000, 0.000000, 0.000000, 0.000000, 0.000000, 0.000000], ddq: [0.000000, 0.000000, 0.000000, 0.000000, 0.000000, 0.000000, 0.000000], dVs: [0.000000]
Step 6 - Current State: [q: 0.110803, -0.001482 -0.140470 -1.564100 0.004636 1.570759 0.705238, s: 0.026039, vs: 0.000000]
Next State: [q: 0.110803, -0.001482 -0.140470 -1.564100 0.004636 1.570759 0.705238, s: 0.026039, vs: 0.000000]
----------------------------------------------------
----------------------------------------------------
Step 7 - Current Input: [0.000000, 0.000000, 0.000000, 0.000000, 0.000000, 0.000000, 0.000000, 0.000000], ddq: [0.000000, 0.000000, 0.000000, 0.000000, 0.000000, 0.000000, 0.000000], dVs: [0.000000]
Step 7 - Current State: [q: 0.110803, -0.001482 -0.140470 -1.564100 0.004636 1.570759 0.705238, s: 0.026039, vs: 0.000000]
Next State: [q: 0.110803, -0.001482 -0.140470 -1.564100 0.004636 1.570759 0.705238, s: 0.026039, vs: 0.000000]
----------------------------------------------------
----------------------------------------------------
Step 8 - Current Input: [0.000000, 0.000000, 0.000000, 0.000000, 0.000000, 0.000000, 0.000000, 0.000000], ddq: [0.000000, 0.000000, 0.000000, 0.000000, 0.000000, 0.000000, 0.000000], dVs: [0.000000]
Step 8 - Current State: [q: 0.110803, -0.001482 -0.140470 -1.564100 0.004636 1.570759 0.705238, s: 0.026039, vs: 0.000000]
Next State: [q: 0.110803, -0.001482 -0.140470 -1.564100 0.004636 1.570759 0.705238, s: 0.026039, vs: 0.000000]
----------------------------------------------------
----------------------------------------------------
Step 9 - Current Input: [0.000000, 0.000000, 0.000000, 0.000000, 0.000000, 0.000000, 0.000000, 0.000000], ddq: [0.000000, 0.000000, 0.000000, 0.000000, 0.000000, 0.000000, 0.000000], dVs: [0.000000]
Step 9 - Current State: [q: 0.110803, -0.001482 -0.140470 -1.564100 0.004636 1.570759 0.705238, s: 0.026039, vs: 0.000000]
Next State: [q: 0.110803, -0.001482 -0.140470 -1.564100 0.004636 1.570759 0.705238, s: 0.026039, vs: 0.000000]
----------------------------------------------------
====================================================================
BEFORE initial_guess_[0].uk: [0.000000, 0.000000, 0.000000, 0.000000, 0.000000, 0.000000, 0.000000, 0.000000]
Initialization finished.
Allocations finished.
Setup successful.
Solver is ready.
Starting solver...
Solver initialization verified.
Solver finished.
QP solve FAILED : 7 
QP_MaxIterReached
NOT SOLVED , sqp_iter_: 0
===================================================
================ QP did not solved ================
================ Max Iter reached ==================
===================================================
AFTER initial_guess_[0].uk: [0.000000, 0.000000, 0.000000, 0.000000, 0.000000, 0.000000, 0.000000, 0.000000]
dist too large
====================================================================
[MPC] Generating a new initial guess based on maximum deceleration.
----------------------------------------------------
Step 0 - Current Input: [0.000000, 0.000000, 0.000000, 0.000000, 0.000000, 0.000000, 0.000000, -0.000000], ddq: [0.000000, 0.000000, 0.000000, 0.000000, 0.000000, 0.000000, 0.000000], dVs: [-0.000000]
Step 0 - Current State: [q: 0.110803, -0.001482 -0.140470 -1.564100 0.004636 1.570759 0.705238, s: 0.026039, vs: 0.000000]
Next State: [q: 0.110803, -0.001482 -0.140470 -1.564100 0.004636 1.570759 0.705238, s: 0.026039, vs: 0.000000]
----------------------------------------------------
----------------------------------------------------
Step 1 - Current Input: [0.000000, 0.000000, 0.000000, 0.000000, 0.000000, 0.000000, 0.000000, 0.000000], ddq: [0.000000, 0.000000, 0.000000, 0.000000, 0.000000, 0.000000, 0.000000], dVs: [0.000000]
Step 1 - Current State: [q: 0.110803, -0.001482 -0.140470 -1.564100 0.004636 1.570759 0.705238, s: 0.026039, vs: 0.000000]
Next State: [q: 0.110803, -0.001482 -0.140470 -1.564100 0.004636 1.570759 0.705238, s: 0.026039, vs: 0.000000]
----------------------------------------------------
----------------------------------------------------
Step 2 - Current Input: [0.000000, 0.000000, 0.000000, 0.000000, 0.000000, 0.000000, 0.000000, 0.000000], ddq: [0.000000, 0.000000, 0.000000, 0.000000, 0.000000, 0.000000, 0.000000], dVs: [0.000000]
Step 2 - Current State: [q: 0.110803, -0.001482 -0.140470 -1.564100 0.004636 1.570759 0.705238, s: 0.026039, vs: 0.000000]
Next State: [q: 0.110803, -0.001482 -0.140470 -1.564100 0.004636 1.570759 0.705238, s: 0.026039, vs: 0.000000]
----------------------------------------------------
----------------------------------------------------
Step 3 - Current Input: [0.000000, 0.000000, 0.000000, 0.000000, 0.000000, 0.000000, 0.000000, 0.000000], ddq: [0.000000, 0.000000, 0.000000, 0.000000, 0.000000, 0.000000, 0.000000], dVs: [0.000000]
Step 3 - Current State: [q: 0.110803, -0.001482 -0.140470 -1.564100 0.004636 1.570759 0.705238, s: 0.026039, vs: 0.000000]
Next State: [q: 0.110803, -0.001482 -0.140470 -1.564100 0.004636 1.570759 0.705238, s: 0.026039, vs: 0.000000]
----------------------------------------------------
----------------------------------------------------
Step 4 - Current Input: [0.000000, 0.000000, 0.000000, 0.000000, 0.000000, 0.000000, 0.000000, 0.000000], ddq: [0.000000, 0.000000, 0.000000, 0.000000, 0.000000, 0.000000, 0.000000], dVs: [0.000000]
Step 4 - Current State: [q: 0.110803, -0.001482 -0.140470 -1.564100 0.004636 1.570759 0.705238, s: 0.026039, vs: 0.000000]
Next State: [q: 0.110803, -0.001482 -0.140470 -1.564100 0.004636 1.570759 0.705238, s: 0.026039, vs: 0.000000]
----------------------------------------------------
----------------------------------------------------
Step 5 - Current Input: [0.000000, 0.000000, 0.000000, 0.000000, 0.000000, 0.000000, 0.000000, 0.000000], ddq: [0.000000, 0.000000, 0.000000, 0.000000, 0.000000, 0.000000, 0.000000], dVs: [0.000000]
Step 5 - Current State: [q: 0.110803, -0.001482 -0.140470 -1.564100 0.004636 1.570759 0.705238, s: 0.026039, vs: 0.000000]
Next State: [q: 0.110803, -0.001482 -0.140470 -1.564100 0.004636 1.570759 0.705238, s: 0.026039, vs: 0.000000]
----------------------------------------------------
----------------------------------------------------
Step 6 - Current Input: [0.000000, 0.000000, 0.000000, 0.000000, 0.000000, 0.000000, 0.000000, 0.000000], ddq: [0.000000, 0.000000, 0.000000, 0.000000, 0.000000, 0.000000, 0.000000], dVs: [0.000000]
Step 6 - Current State: [q: 0.110803, -0.001482 -0.140470 -1.564100 0.004636 1.570759 0.705238, s: 0.026039, vs: 0.000000]
Next State: [q: 0.110803, -0.001482 -0.140470 -1.564100 0.004636 1.570759 0.705238, s: 0.026039, vs: 0.000000]
----------------------------------------------------
----------------------------------------------------
Step 7 - Current Input: [0.000000, 0.000000, 0.000000, 0.000000, 0.000000, 0.000000, 0.000000, 0.000000], ddq: [0.000000, 0.000000, 0.000000, 0.000000, 0.000000, 0.000000, 0.000000], dVs: [0.000000]
Step 7 - Current State: [q: 0.110803, -0.001482 -0.140470 -1.564100 0.004636 1.570759 0.705238, s: 0.026039, vs: 0.000000]
Next State: [q: 0.110803, -0.001482 -0.140470 -1.564100 0.004636 1.570759 0.705238, s: 0.026039, vs: 0.000000]
----------------------------------------------------
----------------------------------------------------
Step 8 - Current Input: [0.000000, 0.000000, 0.000000, 0.000000, 0.000000, 0.000000, 0.000000, 0.000000], ddq: [0.000000, 0.000000, 0.000000, 0.000000, 0.000000, 0.000000, 0.000000], dVs: [0.000000]
Step 8 - Current State: [q: 0.110803, -0.001482 -0.140470 -1.564100 0.004636 1.570759 0.705238, s: 0.026039, vs: 0.000000]
Next State: [q: 0.110803, -0.001482 -0.140470 -1.564100 0.004636 1.570759 0.705238, s: 0.026039, vs: 0.000000]
----------------------------------------------------
----------------------------------------------------
Step 9 - Current Input: [0.000000, 0.000000, 0.000000, 0.000000, 0.000000, 0.000000, 0.000000, 0.000000], ddq: [0.000000, 0.000000, 0.000000, 0.000000, 0.000000, 0.000000, 0.000000], dVs: [0.000000]
Step 9 - Current State: [q: 0.110803, -0.001482 -0.140470 -1.564100 0.004636 1.570759 0.705238, s: 0.026039, vs: 0.000000]
Next State: [q: 0.110803, -0.001482 -0.140470 -1.564100 0.004636 1.570759 0.705238, s: 0.026039, vs: 0.000000]
----------------------------------------------------
====================================================================
BEFORE initial_guess_[0].uk: [0.000000, 0.000000, 0.000000, 0.000000, 0.000000, 0.000000, 0.000000, -0.000000]
Initialization finished.
Allocations finished.
Setup successful.
Solver is ready.
Starting solver...
Solver initialization verified.
Solver finished.
QP solve FAILED : 7 
QP_MaxIterReached
NOT SOLVED , sqp_iter_: 0
===================================================
================ QP did not solved ================
================ Max Iter reached ==================
===================================================
AFTER initial_guess_[0].uk: [0.000000, 0.000000, 0.000000, 0.000000, 0.000000, 0.000000, 0.000000, -0.000000]
dist too large
====================================================================
[MPC] Generating a new initial guess based on maximum deceleration.
----------------------------------------------------
Step 0 - Current Input: [0.000000, 0.000000, 0.000000, 0.000000, 0.000000, 0.000000, 0.000000, 0.000000], ddq: [0.000000, 0.000000, 0.000000, 0.000000, 0.000000, 0.000000, 0.000000], dVs: [0.000000]
Step 0 - Current State: [q: 0.110803, -0.001482 -0.140470 -1.564100 0.004636 1.570759 0.705238, s: 0.026039, vs: -0.000000]
Next State: [q: 0.110803, -0.001482 -0.140470 -1.564100 0.004636 1.570759 0.705238, s: 0.026039, vs: 0.000000]
----------------------------------------------------
----------------------------------------------------
Step 1 - Current Input: [0.000000, 0.000000, 0.000000, 0.000000, 0.000000, 0.000000, 0.000000, 0.000000], ddq: [0.000000, 0.000000, 0.000000, 0.000000, 0.000000, 0.000000, 0.000000], dVs: [0.000000]
Step 1 - Current State: [q: 0.110803, -0.001482 -0.140470 -1.564100 0.004636 1.570759 0.705238, s: 0.026039, vs: 0.000000]
Next State: [q: 0.110803, -0.001482 -0.140470 -1.564100 0.004636 1.570759 0.705238, s: 0.026039, vs: 0.000000]
----------------------------------------------------
----------------------------------------------------
Step 2 - Current Input: [0.000000, 0.000000, 0.000000, 0.000000, 0.000000, 0.000000, 0.000000, 0.000000], ddq: [0.000000, 0.000000, 0.000000, 0.000000, 0.000000, 0.000000, 0.000000], dVs: [0.000000]
Step 2 - Current State: [q: 0.110803, -0.001482 -0.140470 -1.564100 0.004636 1.570759 0.705238, s: 0.026039, vs: 0.000000]
Next State: [q: 0.110803, -0.001482 -0.140470 -1.564100 0.004636 1.570759 0.705238, s: 0.026039, vs: 0.000000]
----------------------------------------------------
----------------------------------------------------
Step 3 - Current Input: [0.000000, 0.000000, 0.000000, 0.000000, 0.000000, 0.000000, 0.000000, 0.000000], ddq: [0.000000, 0.000000, 0.000000, 0.000000, 0.000000, 0.000000, 0.000000], dVs: [0.000000]
Step 3 - Current State: [q: 0.110803, -0.001482 -0.140470 -1.564100 0.004636 1.570759 0.705238, s: 0.026039, vs: 0.000000]
Next State: [q: 0.110803, -0.001482 -0.140470 -1.564100 0.004636 1.570759 0.705238, s: 0.026039, vs: 0.000000]
----------------------------------------------------
----------------------------------------------------
Step 4 - Current Input: [0.000000, 0.000000, 0.000000, 0.000000, 0.000000, 0.000000, 0.000000, 0.000000], ddq: [0.000000, 0.000000, 0.000000, 0.000000, 0.000000, 0.000000, 0.000000], dVs: [0.000000]
Step 4 - Current State: [q: 0.110803, -0.001482 -0.140470 -1.564100 0.004636 1.570759 0.705238, s: 0.026039, vs: 0.000000]
Next State: [q: 0.110803, -0.001482 -0.140470 -1.564100 0.004636 1.570759 0.705238, s: 0.026039, vs: 0.000000]
----------------------------------------------------
----------------------------------------------------
Step 5 - Current Input: [0.000000, 0.000000, 0.000000, 0.000000, 0.000000, 0.000000, 0.000000, 0.000000], ddq: [0.000000, 0.000000, 0.000000, 0.000000, 0.000000, 0.000000, 0.000000], dVs: [0.000000]
Step 5 - Current State: [q: 0.110803, -0.001482 -0.140470 -1.564100 0.004636 1.570759 0.705238, s: 0.026039, vs: 0.000000]
Next State: [q: 0.110803, -0.001482 -0.140470 -1.564100 0.004636 1.570759 0.705238, s: 0.026039, vs: 0.000000]
----------------------------------------------------
----------------------------------------------------
Step 6 - Current Input: [0.000000, 0.000000, 0.000000, 0.000000, 0.000000, 0.000000, 0.000000, 0.000000], ddq: [0.000000, 0.000000, 0.000000, 0.000000, 0.000000, 0.000000, 0.000000], dVs: [0.000000]
Step 6 - Current State: [q: 0.110803, -0.001482 -0.140470 -1.564100 0.004636 1.570759 0.705238, s: 0.026039, vs: 0.000000]
Next State: [q: 0.110803, -0.001482 -0.140470 -1.564100 0.004636 1.570759 0.705238, s: 0.026039, vs: 0.000000]
----------------------------------------------------
----------------------------------------------------
Step 7 - Current Input: [0.000000, 0.000000, 0.000000, 0.000000, 0.000000, 0.000000, 0.000000, 0.000000], ddq: [0.000000, 0.000000, 0.000000, 0.000000, 0.000000, 0.000000, 0.000000], dVs: [0.000000]
Step 7 - Current State: [q: 0.110803, -0.001482 -0.140470 -1.564100 0.004636 1.570759 0.705238, s: 0.026039, vs: 0.000000]
Next State: [q: 0.110803, -0.001482 -0.140470 -1.564100 0.004636 1.570759 0.705238, s: 0.026039, vs: 0.000000]
----------------------------------------------------
----------------------------------------------------
Step 8 - Current Input: [0.000000, 0.000000, 0.000000, 0.000000, 0.000000, 0.000000, 0.000000, 0.000000], ddq: [0.000000, 0.000000, 0.000000, 0.000000, 0.000000, 0.000000, 0.000000], dVs: [0.000000]
Step 8 - Current State: [q: 0.110803, -0.001482 -0.140470 -1.564100 0.004636 1.570759 0.705238, s: 0.026039, vs: 0.000000]
Next State: [q: 0.110803, -0.001482 -0.140470 -1.564100 0.004636 1.570759 0.705238, s: 0.026039, vs: 0.000000]
----------------------------------------------------
----------------------------------------------------
Step 9 - Current Input: [0.000000, 0.000000, 0.000000, 0.000000, 0.000000, 0.000000, 0.000000, 0.000000], ddq: [0.000000, 0.000000, 0.000000, 0.000000, 0.000000, 0.000000, 0.000000], dVs: [0.000000]
Step 9 - Current State: [q: 0.110803, -0.001482 -0.140470 -1.564100 0.004636 1.570759 0.705238, s: 0.026039, vs: 0.000000]
Next State: [q: 0.110803, -0.001482 -0.140470 -1.564100 0.004636 1.570759 0.705238, s: 0.026039, vs: 0.000000]
----------------------------------------------------
====================================================================
BEFORE initial_guess_[0].uk: [0.000000, 0.000000, 0.000000, 0.000000, 0.000000, 0.000000, 0.000000, 0.000000]
Initialization finished.
Allocations finished.
Setup successful.
Solver is ready.
Starting solver...
Solver initialization verified.
Solver finished.
QP solve FAILED : 7 
QP_MaxIterReached
NOT SOLVED , sqp_iter_: 0
===================================================
================ QP did not solved ================
================ Max Iter reached ==================
===================================================
AFTER initial_guess_[0].uk: [0.000000, 0.000000, 0.000000, 0.000000, 0.000000, 0.000000, 0.000000, 0.000000]
dist too large
====================================================================
[MPC] Generating a new initial guess based on maximum deceleration.
----------------------------------------------------
Step 0 - Current Input: [0.000000, 0.000000, 0.000000, 0.000000, 0.000000, 0.000000, 0.000000, -0.000000], ddq: [0.000000, 0.000000, 0.000000, 0.000000, 0.000000, 0.000000, 0.000000], dVs: [-0.000000]
Step 0 - Current State: [q: 0.110803, -0.001482 -0.140470 -1.564100 0.004636 1.570759 0.705238, s: 0.026039, vs: 0.000000]
Next State: [q: 0.110803, -0.001482 -0.140470 -1.564100 0.004636 1.570759 0.705238, s: 0.026039, vs: 0.000000]
----------------------------------------------------
----------------------------------------------------
Step 1 - Current Input: [0.000000, 0.000000, 0.000000, 0.000000, 0.000000, 0.000000, 0.000000, 0.000000], ddq: [0.000000, 0.000000, 0.000000, 0.000000, 0.000000, 0.000000, 0.000000], dVs: [0.000000]
Step 1 - Current State: [q: 0.110803, -0.001482 -0.140470 -1.564100 0.004636 1.570759 0.705238, s: 0.026039, vs: 0.000000]
Next State: [q: 0.110803, -0.001482 -0.140470 -1.564100 0.004636 1.570759 0.705238, s: 0.026039, vs: 0.000000]
----------------------------------------------------
----------------------------------------------------
Step 2 - Current Input: [0.000000, 0.000000, 0.000000, 0.000000, 0.000000, 0.000000, 0.000000, 0.000000], ddq: [0.000000, 0.000000, 0.000000, 0.000000, 0.000000, 0.000000, 0.000000], dVs: [0.000000]
Step 2 - Current State: [q: 0.110803, -0.001482 -0.140470 -1.564100 0.004636 1.570759 0.705238, s: 0.026039, vs: 0.000000]
Next State: [q: 0.110803, -0.001482 -0.140470 -1.564100 0.004636 1.570759 0.705238, s: 0.026039, vs: 0.000000]
----------------------------------------------------
----------------------------------------------------
Step 3 - Current Input: [0.000000, 0.000000, 0.000000, 0.000000, 0.000000, 0.000000, 0.000000, 0.000000], ddq: [0.000000, 0.000000, 0.000000, 0.000000, 0.000000, 0.000000, 0.000000], dVs: [0.000000]
Step 3 - Current State: [q: 0.110803, -0.001482 -0.140470 -1.564100 0.004636 1.570759 0.705238, s: 0.026039, vs: 0.000000]
Next State: [q: 0.110803, -0.001482 -0.140470 -1.564100 0.004636 1.570759 0.705238, s: 0.026039, vs: 0.000000]
----------------------------------------------------
----------------------------------------------------
Step 4 - Current Input: [0.000000, 0.000000, 0.000000, 0.000000, 0.000000, 0.000000, 0.000000, 0.000000], ddq: [0.000000, 0.000000, 0.000000, 0.000000, 0.000000, 0.000000, 0.000000], dVs: [0.000000]
Step 4 - Current State: [q: 0.110803, -0.001482 -0.140470 -1.564100 0.004636 1.570759 0.705238, s: 0.026039, vs: 0.000000]
Next State: [q: 0.110803, -0.001482 -0.140470 -1.564100 0.004636 1.570759 0.705238, s: 0.026039, vs: 0.000000]
----------------------------------------------------
----------------------------------------------------
Step 5 - Current Input: [0.000000, 0.000000, 0.000000, 0.000000, 0.000000, 0.000000, 0.000000, 0.000000], ddq: [0.000000, 0.000000, 0.000000, 0.000000, 0.000000, 0.000000, 0.000000], dVs: [0.000000]
Step 5 - Current State: [q: 0.110803, -0.001482 -0.140470 -1.564100 0.004636 1.570759 0.705238, s: 0.026039, vs: 0.000000]
Next State: [q: 0.110803, -0.001482 -0.140470 -1.564100 0.004636 1.570759 0.705238, s: 0.026039, vs: 0.000000]
----------------------------------------------------
----------------------------------------------------
Step 6 - Current Input: [0.000000, 0.000000, 0.000000, 0.000000, 0.000000, 0.000000, 0.000000, 0.000000], ddq: [0.000000, 0.000000, 0.000000, 0.000000, 0.000000, 0.000000, 0.000000], dVs: [0.000000]
Step 6 - Current State: [q: 0.110803, -0.001482 -0.140470 -1.564100 0.004636 1.570759 0.705238, s: 0.026039, vs: 0.000000]
Next State: [q: 0.110803, -0.001482 -0.140470 -1.564100 0.004636 1.570759 0.705238, s: 0.026039, vs: 0.000000]
----------------------------------------------------
----------------------------------------------------
Step 7 - Current Input: [0.000000, 0.000000, 0.000000, 0.000000, 0.000000, 0.000000, 0.000000, 0.000000], ddq: [0.000000, 0.000000, 0.000000, 0.000000, 0.000000, 0.000000, 0.000000], dVs: [0.000000]
Step 7 - Current State: [q: 0.110803, -0.001482 -0.140470 -1.564100 0.004636 1.570759 0.705238, s: 0.026039, vs: 0.000000]
Next State: [q: 0.110803, -0.001482 -0.140470 -1.564100 0.004636 1.570759 0.705238, s: 0.026039, vs: 0.000000]
----------------------------------------------------
----------------------------------------------------
Step 8 - Current Input: [0.000000, 0.000000, 0.000000, 0.000000, 0.000000, 0.000000, 0.000000, 0.000000], ddq: [0.000000, 0.000000, 0.000000, 0.000000, 0.000000, 0.000000, 0.000000], dVs: [0.000000]
Step 8 - Current State: [q: 0.110803, -0.001482 -0.140470 -1.564100 0.004636 1.570759 0.705238, s: 0.026039, vs: 0.000000]
Next State: [q: 0.110803, -0.001482 -0.140470 -1.564100 0.004636 1.570759 0.705238, s: 0.026039, vs: 0.000000]
----------------------------------------------------
----------------------------------------------------
Step 9 - Current Input: [0.000000, 0.000000, 0.000000, 0.000000, 0.000000, 0.000000, 0.000000, 0.000000], ddq: [0.000000, 0.000000, 0.000000, 0.000000, 0.000000, 0.000000, 0.000000], dVs: [0.000000]
Step 9 - Current State: [q: 0.110803, -0.001482 -0.140470 -1.564100 0.004636 1.570759 0.705238, s: 0.026039, vs: 0.000000]
Next State: [q: 0.110803, -0.001482 -0.140470 -1.564100 0.004636 1.570759 0.705238, s: 0.026039, vs: 0.000000]
----------------------------------------------------
====================================================================
BEFORE initial_guess_[0].uk: [0.000000, 0.000000, 0.000000, 0.000000, 0.000000, 0.000000, 0.000000, -0.000000]
Initialization finished.
Allocations finished.
Setup successful.
Solver is ready.
Starting solver...
Solver initialization verified.
Solver finished.
QP solve FAILED : 7 
QP_MaxIterReached
NOT SOLVED , sqp_iter_: 0
===================================================
================ QP did not solved ================
================ Max Iter reached ==================
===================================================
AFTER initial_guess_[0].uk: [0.000000, 0.000000, 0.000000, 0.000000, 0.000000, 0.000000, 0.000000, -0.000000]
dist too large
====================================================================
[MPC] Generating a new initial guess based on maximum deceleration.
----------------------------------------------------
Step 0 - Current Input: [0.000000, 0.000000, 0.000000, 0.000000, 0.000000, 0.000000, 0.000000, 0.000000], ddq: [0.000000, 0.000000, 0.000000, 0.000000, 0.000000, 0.000000, 0.000000], dVs: [0.000000]
Step 0 - Current State: [q: 0.110803, -0.001482 -0.140470 -1.564100 0.004636 1.570759 0.705238, s: 0.026039, vs: -0.000000]
Next State: [q: 0.110803, -0.001482 -0.140470 -1.564100 0.004636 1.570759 0.705238, s: 0.026039, vs: 0.000000]
----------------------------------------------------
----------------------------------------------------
Step 1 - Current Input: [0.000000, 0.000000, 0.000000, 0.000000, 0.000000, 0.000000, 0.000000, 0.000000], ddq: [0.000000, 0.000000, 0.000000, 0.000000, 0.000000, 0.000000, 0.000000], dVs: [0.000000]
Step 1 - Current State: [q: 0.110803, -0.001482 -0.140470 -1.564100 0.004636 1.570759 0.705238, s: 0.026039, vs: 0.000000]
Next State: [q: 0.110803, -0.001482 -0.140470 -1.564100 0.004636 1.570759 0.705238, s: 0.026039, vs: 0.000000]
----------------------------------------------------
----------------------------------------------------
Step 2 - Current Input: [0.000000, 0.000000, 0.000000, 0.000000, 0.000000, 0.000000, 0.000000, 0.000000], ddq: [0.000000, 0.000000, 0.000000, 0.000000, 0.000000, 0.000000, 0.000000], dVs: [0.000000]
Step 2 - Current State: [q: 0.110803, -0.001482 -0.140470 -1.564100 0.004636 1.570759 0.705238, s: 0.026039, vs: 0.000000]
Next State: [q: 0.110803, -0.001482 -0.140470 -1.564100 0.004636 1.570759 0.705238, s: 0.026039, vs: 0.000000]
----------------------------------------------------
----------------------------------------------------
Step 3 - Current Input: [0.000000, 0.000000, 0.000000, 0.000000, 0.000000, 0.000000, 0.000000, 0.000000], ddq: [0.000000, 0.000000, 0.000000, 0.000000, 0.000000, 0.000000, 0.000000], dVs: [0.000000]
Step 3 - Current State: [q: 0.110803, -0.001482 -0.140470 -1.564100 0.004636 1.570759 0.705238, s: 0.026039, vs: 0.000000]
Next State: [q: 0.110803, -0.001482 -0.140470 -1.564100 0.004636 1.570759 0.705238, s: 0.026039, vs: 0.000000]
----------------------------------------------------
----------------------------------------------------
Step 4 - Current Input: [0.000000, 0.000000, 0.000000, 0.000000, 0.000000, 0.000000, 0.000000, 0.000000], ddq: [0.000000, 0.000000, 0.000000, 0.000000, 0.000000, 0.000000, 0.000000], dVs: [0.000000]
Step 4 - Current State: [q: 0.110803, -0.001482 -0.140470 -1.564100 0.004636 1.570759 0.705238, s: 0.026039, vs: 0.000000]
Next State: [q: 0.110803, -0.001482 -0.140470 -1.564100 0.004636 1.570759 0.705238, s: 0.026039, vs: 0.000000]
----------------------------------------------------
----------------------------------------------------
Step 5 - Current Input: [0.000000, 0.000000, 0.000000, 0.000000, 0.000000, 0.000000, 0.000000, 0.000000], ddq: [0.000000, 0.000000, 0.000000, 0.000000, 0.000000, 0.000000, 0.000000], dVs: [0.000000]
Step 5 - Current State: [q: 0.110803, -0.001482 -0.140470 -1.564100 0.004636 1.570759 0.705238, s: 0.026039, vs: 0.000000]
Next State: [q: 0.110803, -0.001482 -0.140470 -1.564100 0.004636 1.570759 0.705238, s: 0.026039, vs: 0.000000]
----------------------------------------------------
----------------------------------------------------
Step 6 - Current Input: [0.000000, 0.000000, 0.000000, 0.000000, 0.000000, 0.000000, 0.000000, 0.000000], ddq: [0.000000, 0.000000, 0.000000, 0.000000, 0.000000, 0.000000, 0.000000], dVs: [0.000000]
Step 6 - Current State: [q: 0.110803, -0.001482 -0.140470 -1.564100 0.004636 1.570759 0.705238, s: 0.026039, vs: 0.000000]
Next State: [q: 0.110803, -0.001482 -0.140470 -1.564100 0.004636 1.570759 0.705238, s: 0.026039, vs: 0.000000]
----------------------------------------------------
----------------------------------------------------
Step 7 - Current Input: [0.000000, 0.000000, 0.000000, 0.000000, 0.000000, 0.000000, 0.000000, 0.000000], ddq: [0.000000, 0.000000, 0.000000, 0.000000, 0.000000, 0.000000, 0.000000], dVs: [0.000000]
Step 7 - Current State: [q: 0.110803, -0.001482 -0.140470 -1.564100 0.004636 1.570759 0.705238, s: 0.026039, vs: 0.000000]
Next State: [q: 0.110803, -0.001482 -0.140470 -1.564100 0.004636 1.570759 0.705238, s: 0.026039, vs: 0.000000]
----------------------------------------------------
----------------------------------------------------
Step 8 - Current Input: [0.000000, 0.000000, 0.000000, 0.000000, 0.000000, 0.000000, 0.000000, 0.000000], ddq: [0.000000, 0.000000, 0.000000, 0.000000, 0.000000, 0.000000, 0.000000], dVs: [0.000000]
Step 8 - Current State: [q: 0.110803, -0.001482 -0.140470 -1.564100 0.004636 1.570759 0.705238, s: 0.026039, vs: 0.000000]
Next State: [q: 0.110803, -0.001482 -0.140470 -1.564100 0.004636 1.570759 0.705238, s: 0.026039, vs: 0.000000]
----------------------------------------------------
----------------------------------------------------
Step 9 - Current Input: [0.000000, 0.000000, 0.000000, 0.000000, 0.000000, 0.000000, 0.000000, 0.000000], ddq: [0.000000, 0.000000, 0.000000, 0.000000, 0.000000, 0.000000, 0.000000], dVs: [0.000000]
Step 9 - Current State: [q: 0.110803, -0.001482 -0.140470 -1.564100 0.004636 1.570759 0.705238, s: 0.026039, vs: 0.000000]
Next State: [q: 0.110803, -0.001482 -0.140470 -1.564100 0.004636 1.570759 0.705238, s: 0.026039, vs: 0.000000]
----------------------------------------------------
====================================================================
BEFORE initial_guess_[0].uk: [0.000000, 0.000000, 0.000000, 0.000000, 0.000000, 0.000000, 0.000000, 0.000000]
Initialization finished.
Allocations finished.
Setup successful.
Solver is ready.
Starting solver...
Solver initialization verified.
Solver finished.
QP solve FAILED : 7 
QP_MaxIterReached
NOT SOLVED , sqp_iter_: 0
===================================================
================ QP did not solved ================
================ Max Iter reached ==================
===================================================
AFTER initial_guess_[0].uk: [0.000000, 0.000000, 0.000000, 0.000000, 0.000000, 0.000000, 0.000000, 0.000000]
dist too large
====================================================================
[MPC] Generating a new initial guess based on maximum deceleration.
----------------------------------------------------
Step 0 - Current Input: [0.000000, 0.000000, 0.000000, 0.000000, 0.000000, 0.000000, 0.000000, -0.000000], ddq: [0.000000, 0.000000, 0.000000, 0.000000, 0.000000, 0.000000, 0.000000], dVs: [-0.000000]
Step 0 - Current State: [q: 0.110803, -0.001482 -0.140470 -1.564100 0.004636 1.570759 0.705238, s: 0.026039, vs: 0.000000]
Next State: [q: 0.110803, -0.001482 -0.140470 -1.564100 0.004636 1.570759 0.705238, s: 0.026039, vs: 0.000000]
----------------------------------------------------
----------------------------------------------------
Step 1 - Current Input: [0.000000, 0.000000, 0.000000, 0.000000, 0.000000, 0.000000, 0.000000, 0.000000], ddq: [0.000000, 0.000000, 0.000000, 0.000000, 0.000000, 0.000000, 0.000000], dVs: [0.000000]
Step 1 - Current State: [q: 0.110803, -0.001482 -0.140470 -1.564100 0.004636 1.570759 0.705238, s: 0.026039, vs: 0.000000]
Next State: [q: 0.110803, -0.001482 -0.140470 -1.564100 0.004636 1.570759 0.705238, s: 0.026039, vs: 0.000000]
----------------------------------------------------
----------------------------------------------------
Step 2 - Current Input: [0.000000, 0.000000, 0.000000, 0.000000, 0.000000, 0.000000, 0.000000, 0.000000], ddq: [0.000000, 0.000000, 0.000000, 0.000000, 0.000000, 0.000000, 0.000000], dVs: [0.000000]
Step 2 - Current State: [q: 0.110803, -0.001482 -0.140470 -1.564100 0.004636 1.570759 0.705238, s: 0.026039, vs: 0.000000]
Next State: [q: 0.110803, -0.001482 -0.140470 -1.564100 0.004636 1.570759 0.705238, s: 0.026039, vs: 0.000000]
----------------------------------------------------
----------------------------------------------------
Step 3 - Current Input: [0.000000, 0.000000, 0.000000, 0.000000, 0.000000, 0.000000, 0.000000, 0.000000], ddq: [0.000000, 0.000000, 0.000000, 0.000000, 0.000000, 0.000000, 0.000000], dVs: [0.000000]
Step 3 - Current State: [q: 0.110803, -0.001482 -0.140470 -1.564100 0.004636 1.570759 0.705238, s: 0.026039, vs: 0.000000]
Next State: [q: 0.110803, -0.001482 -0.140470 -1.564100 0.004636 1.570759 0.705238, s: 0.026039, vs: 0.000000]
----------------------------------------------------
----------------------------------------------------
Step 4 - Current Input: [0.000000, 0.000000, 0.000000, 0.000000, 0.000000, 0.000000, 0.000000, 0.000000], ddq: [0.000000, 0.000000, 0.000000, 0.000000, 0.000000, 0.000000, 0.000000], dVs: [0.000000]
Step 4 - Current State: [q: 0.110803, -0.001482 -0.140470 -1.564100 0.004636 1.570759 0.705238, s: 0.026039, vs: 0.000000]
Next State: [q: 0.110803, -0.001482 -0.140470 -1.564100 0.004636 1.570759 0.705238, s: 0.026039, vs: 0.000000]
----------------------------------------------------
----------------------------------------------------
Step 5 - Current Input: [0.000000, 0.000000, 0.000000, 0.000000, 0.000000, 0.000000, 0.000000, 0.000000], ddq: [0.000000, 0.000000, 0.000000, 0.000000, 0.000000, 0.000000, 0.000000], dVs: [0.000000]
Step 5 - Current State: [q: 0.110803, -0.001482 -0.140470 -1.564100 0.004636 1.570759 0.705238, s: 0.026039, vs: 0.000000]
Next State: [q: 0.110803, -0.001482 -0.140470 -1.564100 0.004636 1.570759 0.705238, s: 0.026039, vs: 0.000000]
----------------------------------------------------
----------------------------------------------------
Step 6 - Current Input: [0.000000, 0.000000, 0.000000, 0.000000, 0.000000, 0.000000, 0.000000, 0.000000], ddq: [0.000000, 0.000000, 0.000000, 0.000000, 0.000000, 0.000000, 0.000000], dVs: [0.000000]
Step 6 - Current State: [q: 0.110803, -0.001482 -0.140470 -1.564100 0.004636 1.570759 0.705238, s: 0.026039, vs: 0.000000]
Next State: [q: 0.110803, -0.001482 -0.140470 -1.564100 0.004636 1.570759 0.705238, s: 0.026039, vs: 0.000000]
----------------------------------------------------
----------------------------------------------------
Step 7 - Current Input: [0.000000, 0.000000, 0.000000, 0.000000, 0.000000, 0.000000, 0.000000, 0.000000], ddq: [0.000000, 0.000000, 0.000000, 0.000000, 0.000000, 0.000000, 0.000000], dVs: [0.000000]
Step 7 - Current State: [q: 0.110803, -0.001482 -0.140470 -1.564100 0.004636 1.570759 0.705238, s: 0.026039, vs: 0.000000]
Next State: [q: 0.110803, -0.001482 -0.140470 -1.564100 0.004636 1.570759 0.705238, s: 0.026039, vs: 0.000000]
----------------------------------------------------
----------------------------------------------------
Step 8 - Current Input: [0.000000, 0.000000, 0.000000, 0.000000, 0.000000, 0.000000, 0.000000, 0.000000], ddq: [0.000000, 0.000000, 0.000000, 0.000000, 0.000000, 0.000000, 0.000000], dVs: [0.000000]
Step 8 - Current State: [q: 0.110803, -0.001482 -0.140470 -1.564100 0.004636 1.570759 0.705238, s: 0.026039, vs: 0.000000]
Next State: [q: 0.110803, -0.001482 -0.140470 -1.564100 0.004636 1.570759 0.705238, s: 0.026039, vs: 0.000000]
----------------------------------------------------
----------------------------------------------------
Step 9 - Current Input: [0.000000, 0.000000, 0.000000, 0.000000, 0.000000, 0.000000, 0.000000, 0.000000], ddq: [0.000000, 0.000000, 0.000000, 0.000000, 0.000000, 0.000000, 0.000000], dVs: [0.000000]
Step 9 - Current State: [q: 0.110803, -0.001482 -0.140470 -1.564100 0.004636 1.570759 0.705238, s: 0.026039, vs: 0.000000]
Next State: [q: 0.110803, -0.001482 -0.140470 -1.564100 0.004636 1.570759 0.705238, s: 0.026039, vs: 0.000000]
----------------------------------------------------
====================================================================
BEFORE initial_guess_[0].uk: [0.000000, 0.000000, 0.000000, 0.000000, 0.000000, 0.000000, 0.000000, -0.000000]
Initialization finished.
Allocations finished.
Setup successful.
Solver is ready.
Starting solver...
Solver initialization verified.
Solver finished.
QP solve FAILED : 7 
QP_MaxIterReached
NOT SOLVED , sqp_iter_: 0
===================================================
================ QP did not solved ================
================ Max Iter reached ==================
===================================================
AFTER initial_guess_[0].uk: [0.000000, 0.000000, 0.000000, 0.000000, 0.000000, 0.000000, 0.000000, -0.000000]
dist too large
====================================================================
[MPC] Generating a new initial guess based on maximum deceleration.
----------------------------------------------------
Step 0 - Current Input: [0.000000, 0.000000, 0.000000, 0.000000, 0.000000, 0.000000, 0.000000, 0.000000], ddq: [0.000000, 0.000000, 0.000000, 0.000000, 0.000000, 0.000000, 0.000000], dVs: [0.000000]
Step 0 - Current State: [q: 0.110803, -0.001482 -0.140470 -1.564100 0.004636 1.570759 0.705238, s: 0.026039, vs: -0.000000]
Next State: [q: 0.110803, -0.001482 -0.140470 -1.564100 0.004636 1.570759 0.705238, s: 0.026039, vs: 0.000000]
----------------------------------------------------
----------------------------------------------------
Step 1 - Current Input: [0.000000, 0.000000, 0.000000, 0.000000, 0.000000, 0.000000, 0.000000, 0.000000], ddq: [0.000000, 0.000000, 0.000000, 0.000000, 0.000000, 0.000000, 0.000000], dVs: [0.000000]
Step 1 - Current State: [q: 0.110803, -0.001482 -0.140470 -1.564100 0.004636 1.570759 0.705238, s: 0.026039, vs: 0.000000]
Next State: [q: 0.110803, -0.001482 -0.140470 -1.564100 0.004636 1.570759 0.705238, s: 0.026039, vs: 0.000000]
----------------------------------------------------
----------------------------------------------------
Step 2 - Current Input: [0.000000, 0.000000, 0.000000, 0.000000, 0.000000, 0.000000, 0.000000, 0.000000], ddq: [0.000000, 0.000000, 0.000000, 0.000000, 0.000000, 0.000000, 0.000000], dVs: [0.000000]
Step 2 - Current State: [q: 0.110803, -0.001482 -0.140470 -1.564100 0.004636 1.570759 0.705238, s: 0.026039, vs: 0.000000]
Next State: [q: 0.110803, -0.001482 -0.140470 -1.564100 0.004636 1.570759 0.705238, s: 0.026039, vs: 0.000000]
----------------------------------------------------
----------------------------------------------------
Step 3 - Current Input: [0.000000, 0.000000, 0.000000, 0.000000, 0.000000, 0.000000, 0.000000, 0.000000], ddq: [0.000000, 0.000000, 0.000000, 0.000000, 0.000000, 0.000000, 0.000000], dVs: [0.000000]
Step 3 - Current State: [q: 0.110803, -0.001482 -0.140470 -1.564100 0.004636 1.570759 0.705238, s: 0.026039, vs: 0.000000]
Next State: [q: 0.110803, -0.001482 -0.140470 -1.564100 0.004636 1.570759 0.705238, s: 0.026039, vs: 0.000000]
----------------------------------------------------
----------------------------------------------------
Step 4 - Current Input: [0.000000, 0.000000, 0.000000, 0.000000, 0.000000, 0.000000, 0.000000, 0.000000], ddq: [0.000000, 0.000000, 0.000000, 0.000000, 0.000000, 0.000000, 0.000000], dVs: [0.000000]
Step 4 - Current State: [q: 0.110803, -0.001482 -0.140470 -1.564100 0.004636 1.570759 0.705238, s: 0.026039, vs: 0.000000]
Next State: [q: 0.110803, -0.001482 -0.140470 -1.564100 0.004636 1.570759 0.705238, s: 0.026039, vs: 0.000000]
----------------------------------------------------
----------------------------------------------------
Step 5 - Current Input: [0.000000, 0.000000, 0.000000, 0.000000, 0.000000, 0.000000, 0.000000, 0.000000], ddq: [0.000000, 0.000000, 0.000000, 0.000000, 0.000000, 0.000000, 0.000000], dVs: [0.000000]
Step 5 - Current State: [q: 0.110803, -0.001482 -0.140470 -1.564100 0.004636 1.570759 0.705238, s: 0.026039, vs: 0.000000]
Next State: [q: 0.110803, -0.001482 -0.140470 -1.564100 0.004636 1.570759 0.705238, s: 0.026039, vs: 0.000000]
----------------------------------------------------
----------------------------------------------------
Step 6 - Current Input: [0.000000, 0.000000, 0.000000, 0.000000, 0.000000, 0.000000, 0.000000, 0.000000], ddq: [0.000000, 0.000000, 0.000000, 0.000000, 0.000000, 0.000000, 0.000000], dVs: [0.000000]
Step 6 - Current State: [q: 0.110803, -0.001482 -0.140470 -1.564100 0.004636 1.570759 0.705238, s: 0.026039, vs: 0.000000]
Next State: [q: 0.110803, -0.001482 -0.140470 -1.564100 0.004636 1.570759 0.705238, s: 0.026039, vs: 0.000000]
----------------------------------------------------
----------------------------------------------------
Step 7 - Current Input: [0.000000, 0.000000, 0.000000, 0.000000, 0.000000, 0.000000, 0.000000, 0.000000], ddq: [0.000000, 0.000000, 0.000000, 0.000000, 0.000000, 0.000000, 0.000000], dVs: [0.000000]
Step 7 - Current State: [q: 0.110803, -0.001482 -0.140470 -1.564100 0.004636 1.570759 0.705238, s: 0.026039, vs: 0.000000]
Next State: [q: 0.110803, -0.001482 -0.140470 -1.564100 0.004636 1.570759 0.705238, s: 0.026039, vs: 0.000000]
----------------------------------------------------
----------------------------------------------------
Step 8 - Current Input: [0.000000, 0.000000, 0.000000, 0.000000, 0.000000, 0.000000, 0.000000, 0.000000], ddq: [0.000000, 0.000000, 0.000000, 0.000000, 0.000000, 0.000000, 0.000000], dVs: [0.000000]
Step 8 - Current State: [q: 0.110803, -0.001482 -0.140470 -1.564100 0.004636 1.570759 0.705238, s: 0.026039, vs: 0.000000]
Next State: [q: 0.110803, -0.001482 -0.140470 -1.564100 0.004636 1.570759 0.705238, s: 0.026039, vs: 0.000000]
----------------------------------------------------
----------------------------------------------------
Step 9 - Current Input: [0.000000, 0.000000, 0.000000, 0.000000, 0.000000, 0.000000, 0.000000, 0.000000], ddq: [0.000000, 0.000000, 0.000000, 0.000000, 0.000000, 0.000000, 0.000000], dVs: [0.000000]
Step 9 - Current State: [q: 0.110803, -0.001482 -0.140470 -1.564100 0.004636 1.570759 0.705238, s: 0.026039, vs: 0.000000]
Next State: [q: 0.110803, -0.001482 -0.140470 -1.564100 0.004636 1.570759 0.705238, s: 0.026039, vs: 0.000000]
----------------------------------------------------
====================================================================
BEFORE initial_guess_[0].uk: [0.000000, 0.000000, 0.000000, 0.000000, 0.000000, 0.000000, 0.000000, 0.000000]
Initialization finished.
Allocations finished.
Setup successful.
Solver is ready.
Starting solver...
Solver initialization verified.
Solver finished.
QP solve FAILED : 7 
QP_MaxIterReached
NOT SOLVED , sqp_iter_: 0
===================================================
================ QP did not solved ================
================ Max Iter reached ==================
===================================================
AFTER initial_guess_[0].uk: [0.000000, 0.000000, 0.000000, 0.000000, 0.000000, 0.000000, 0.000000, 0.000000]
dist too large
====================================================================
[MPC] Generating a new initial guess based on maximum deceleration.
----------------------------------------------------
Step 0 - Current Input: [0.000000, 0.000000, 0.000000, 0.000000, 0.000000, 0.000000, 0.000000, -0.000000], ddq: [0.000000, 0.000000, 0.000000, 0.000000, 0.000000, 0.000000, 0.000000], dVs: [-0.000000]
Step 0 - Current State: [q: 0.110803, -0.001482 -0.140470 -1.564100 0.004636 1.570759 0.705238, s: 0.026039, vs: 0.000000]
Next State: [q: 0.110803, -0.001482 -0.140470 -1.564100 0.004636 1.570759 0.705238, s: 0.026039, vs: 0.000000]
----------------------------------------------------
----------------------------------------------------
Step 1 - Current Input: [0.000000, 0.000000, 0.000000, 0.000000, 0.000000, 0.000000, 0.000000, 0.000000], ddq: [0.000000, 0.000000, 0.000000, 0.000000, 0.000000, 0.000000, 0.000000], dVs: [0.000000]
Step 1 - Current State: [q: 0.110803, -0.001482 -0.140470 -1.564100 0.004636 1.570759 0.705238, s: 0.026039, vs: 0.000000]
Next State: [q: 0.110803, -0.001482 -0.140470 -1.564100 0.004636 1.570759 0.705238, s: 0.026039, vs: 0.000000]
----------------------------------------------------
----------------------------------------------------
Step 2 - Current Input: [0.000000, 0.000000, 0.000000, 0.000000, 0.000000, 0.000000, 0.000000, 0.000000], ddq: [0.000000, 0.000000, 0.000000, 0.000000, 0.000000, 0.000000, 0.000000], dVs: [0.000000]
Step 2 - Current State: [q: 0.110803, -0.001482 -0.140470 -1.564100 0.004636 1.570759 0.705238, s: 0.026039, vs: 0.000000]
Next State: [q: 0.110803, -0.001482 -0.140470 -1.564100 0.004636 1.570759 0.705238, s: 0.026039, vs: 0.000000]
----------------------------------------------------
----------------------------------------------------
Step 3 - Current Input: [0.000000, 0.000000, 0.000000, 0.000000, 0.000000, 0.000000, 0.000000, 0.000000], ddq: [0.000000, 0.000000, 0.000000, 0.000000, 0.000000, 0.000000, 0.000000], dVs: [0.000000]
Step 3 - Current State: [q: 0.110803, -0.001482 -0.140470 -1.564100 0.004636 1.570759 0.705238, s: 0.026039, vs: 0.000000]
Next State: [q: 0.110803, -0.001482 -0.140470 -1.564100 0.004636 1.570759 0.705238, s: 0.026039, vs: 0.000000]
----------------------------------------------------
----------------------------------------------------
Step 4 - Current Input: [0.000000, 0.000000, 0.000000, 0.000000, 0.000000, 0.000000, 0.000000, 0.000000], ddq: [0.000000, 0.000000, 0.000000, 0.000000, 0.000000, 0.000000, 0.000000], dVs: [0.000000]
Step 4 - Current State: [q: 0.110803, -0.001482 -0.140470 -1.564100 0.004636 1.570759 0.705238, s: 0.026039, vs: 0.000000]
Next State: [q: 0.110803, -0.001482 -0.140470 -1.564100 0.004636 1.570759 0.705238, s: 0.026039, vs: 0.000000]
----------------------------------------------------
----------------------------------------------------
Step 5 - Current Input: [0.000000, 0.000000, 0.000000, 0.000000, 0.000000, 0.000000, 0.000000, 0.000000], ddq: [0.000000, 0.000000, 0.000000, 0.000000, 0.000000, 0.000000, 0.000000], dVs: [0.000000]
Step 5 - Current State: [q: 0.110803, -0.001482 -0.140470 -1.564100 0.004636 1.570759 0.705238, s: 0.026039, vs: 0.000000]
Next State: [q: 0.110803, -0.001482 -0.140470 -1.564100 0.004636 1.570759 0.705238, s: 0.026039, vs: 0.000000]
----------------------------------------------------
----------------------------------------------------
Step 6 - Current Input: [0.000000, 0.000000, 0.000000, 0.000000, 0.000000, 0.000000, 0.000000, 0.000000], ddq: [0.000000, 0.000000, 0.000000, 0.000000, 0.000000, 0.000000, 0.000000], dVs: [0.000000]
Step 6 - Current State: [q: 0.110803, -0.001482 -0.140470 -1.564100 0.004636 1.570759 0.705238, s: 0.026039, vs: 0.000000]
Next State: [q: 0.110803, -0.001482 -0.140470 -1.564100 0.004636 1.570759 0.705238, s: 0.026039, vs: 0.000000]
----------------------------------------------------
----------------------------------------------------
Step 7 - Current Input: [0.000000, 0.000000, 0.000000, 0.000000, 0.000000, 0.000000, 0.000000, 0.000000], ddq: [0.000000, 0.000000, 0.000000, 0.000000, 0.000000, 0.000000, 0.000000], dVs: [0.000000]
Step 7 - Current State: [q: 0.110803, -0.001482 -0.140470 -1.564100 0.004636 1.570759 0.705238, s: 0.026039, vs: 0.000000]
Next State: [q: 0.110803, -0.001482 -0.140470 -1.564100 0.004636 1.570759 0.705238, s: 0.026039, vs: 0.000000]
----------------------------------------------------
----------------------------------------------------
Step 8 - Current Input: [0.000000, 0.000000, 0.000000, 0.000000, 0.000000, 0.000000, 0.000000, 0.000000], ddq: [0.000000, 0.000000, 0.000000, 0.000000, 0.000000, 0.000000, 0.000000], dVs: [0.000000]
Step 8 - Current State: [q: 0.110803, -0.001482 -0.140470 -1.564100 0.004636 1.570759 0.705238, s: 0.026039, vs: 0.000000]
Next State: [q: 0.110803, -0.001482 -0.140470 -1.564100 0.004636 1.570759 0.705238, s: 0.026039, vs: 0.000000]
----------------------------------------------------
----------------------------------------------------
Step 9 - Current Input: [0.000000, 0.000000, 0.000000, 0.000000, 0.000000, 0.000000, 0.000000, 0.000000], ddq: [0.000000, 0.000000, 0.000000, 0.000000, 0.000000, 0.000000, 0.000000], dVs: [0.000000]
Step 9 - Current State: [q: 0.110803, -0.001482 -0.140470 -1.564100 0.004636 1.570759 0.705238, s: 0.026039, vs: 0.000000]
Next State: [q: 0.110803, -0.001482 -0.140470 -1.564100 0.004636 1.570759 0.705238, s: 0.026039, vs: 0.000000]
----------------------------------------------------
====================================================================
BEFORE initial_guess_[0].uk: [0.000000, 0.000000, 0.000000, 0.000000, 0.000000, 0.000000, 0.000000, -0.000000]
Initialization finished.
Allocations finished.
Setup successful.
Solver is ready.
Starting solver...
Solver initialization verified.
Solver finished.
QP solve FAILED : 7 
QP_MaxIterReached
NOT SOLVED , sqp_iter_: 0
===================================================
================ QP did not solved ================
================ Max Iter reached ==================
===================================================
AFTER initial_guess_[0].uk: [0.000000, 0.000000, 0.000000, 0.000000, 0.000000, 0.000000, 0.000000, -0.000000]
dist too large
====================================================================
[MPC] Generating a new initial guess based on maximum deceleration.
----------------------------------------------------
Step 0 - Current Input: [0.000000, 0.000000, 0.000000, 0.000000, 0.000000, 0.000000, 0.000000, 0.000000], ddq: [0.000000, 0.000000, 0.000000, 0.000000, 0.000000, 0.000000, 0.000000], dVs: [0.000000]
Step 0 - Current State: [q: 0.110803, -0.001482 -0.140470 -1.564100 0.004636 1.570759 0.705238, s: 0.026039, vs: -0.000000]
Next State: [q: 0.110803, -0.001482 -0.140470 -1.564100 0.004636 1.570759 0.705238, s: 0.026039, vs: 0.000000]
----------------------------------------------------
----------------------------------------------------
Step 1 - Current Input: [0.000000, 0.000000, 0.000000, 0.000000, 0.000000, 0.000000, 0.000000, 0.000000], ddq: [0.000000, 0.000000, 0.000000, 0.000000, 0.000000, 0.000000, 0.000000], dVs: [0.000000]
Step 1 - Current State: [q: 0.110803, -0.001482 -0.140470 -1.564100 0.004636 1.570759 0.705238, s: 0.026039, vs: 0.000000]
Next State: [q: 0.110803, -0.001482 -0.140470 -1.564100 0.004636 1.570759 0.705238, s: 0.026039, vs: 0.000000]
----------------------------------------------------
----------------------------------------------------
Step 2 - Current Input: [0.000000, 0.000000, 0.000000, 0.000000, 0.000000, 0.000000, 0.000000, 0.000000], ddq: [0.000000, 0.000000, 0.000000, 0.000000, 0.000000, 0.000000, 0.000000], dVs: [0.000000]
Step 2 - Current State: [q: 0.110803, -0.001482 -0.140470 -1.564100 0.004636 1.570759 0.705238, s: 0.026039, vs: 0.000000]
Next State: [q: 0.110803, -0.001482 -0.140470 -1.564100 0.004636 1.570759 0.705238, s: 0.026039, vs: 0.000000]
----------------------------------------------------
----------------------------------------------------
Step 3 - Current Input: [0.000000, 0.000000, 0.000000, 0.000000, 0.000000, 0.000000, 0.000000, 0.000000], ddq: [0.000000, 0.000000, 0.000000, 0.000000, 0.000000, 0.000000, 0.000000], dVs: [0.000000]
Step 3 - Current State: [q: 0.110803, -0.001482 -0.140470 -1.564100 0.004636 1.570759 0.705238, s: 0.026039, vs: 0.000000]
Next State: [q: 0.110803, -0.001482 -0.140470 -1.564100 0.004636 1.570759 0.705238, s: 0.026039, vs: 0.000000]
----------------------------------------------------
----------------------------------------------------
Step 4 - Current Input: [0.000000, 0.000000, 0.000000, 0.000000, 0.000000, 0.000000, 0.000000, 0.000000], ddq: [0.000000, 0.000000, 0.000000, 0.000000, 0.000000, 0.000000, 0.000000], dVs: [0.000000]
Step 4 - Current State: [q: 0.110803, -0.001482 -0.140470 -1.564100 0.004636 1.570759 0.705238, s: 0.026039, vs: 0.000000]
Next State: [q: 0.110803, -0.001482 -0.140470 -1.564100 0.004636 1.570759 0.705238, s: 0.026039, vs: 0.000000]
----------------------------------------------------
----------------------------------------------------
Step 5 - Current Input: [0.000000, 0.000000, 0.000000, 0.000000, 0.000000, 0.000000, 0.000000, 0.000000], ddq: [0.000000, 0.000000, 0.000000, 0.000000, 0.000000, 0.000000, 0.000000], dVs: [0.000000]
Step 5 - Current State: [q: 0.110803, -0.001482 -0.140470 -1.564100 0.004636 1.570759 0.705238, s: 0.026039, vs: 0.000000]
Next State: [q: 0.110803, -0.001482 -0.140470 -1.564100 0.004636 1.570759 0.705238, s: 0.026039, vs: 0.000000]
----------------------------------------------------
----------------------------------------------------
Step 6 - Current Input: [0.000000, 0.000000, 0.000000, 0.000000, 0.000000, 0.000000, 0.000000, 0.000000], ddq: [0.000000, 0.000000, 0.000000, 0.000000, 0.000000, 0.000000, 0.000000], dVs: [0.000000]
Step 6 - Current State: [q: 0.110803, -0.001482 -0.140470 -1.564100 0.004636 1.570759 0.705238, s: 0.026039, vs: 0.000000]
Next State: [q: 0.110803, -0.001482 -0.140470 -1.564100 0.004636 1.570759 0.705238, s: 0.026039, vs: 0.000000]
----------------------------------------------------
----------------------------------------------------
Step 7 - Current Input: [0.000000, 0.000000, 0.000000, 0.000000, 0.000000, 0.000000, 0.000000, 0.000000], ddq: [0.000000, 0.000000, 0.000000, 0.000000, 0.000000, 0.000000, 0.000000], dVs: [0.000000]
Step 7 - Current State: [q: 0.110803, -0.001482 -0.140470 -1.564100 0.004636 1.570759 0.705238, s: 0.026039, vs: 0.000000]
Next State: [q: 0.110803, -0.001482 -0.140470 -1.564100 0.004636 1.570759 0.705238, s: 0.026039, vs: 0.000000]
----------------------------------------------------
----------------------------------------------------
Step 8 - Current Input: [0.000000, 0.000000, 0.000000, 0.000000, 0.000000, 0.000000, 0.000000, 0.000000], ddq: [0.000000, 0.000000, 0.000000, 0.000000, 0.000000, 0.000000, 0.000000], dVs: [0.000000]
Step 8 - Current State: [q: 0.110803, -0.001482 -0.140470 -1.564100 0.004636 1.570759 0.705238, s: 0.026039, vs: 0.000000]
Next State: [q: 0.110803, -0.001482 -0.140470 -1.564100 0.004636 1.570759 0.705238, s: 0.026039, vs: 0.000000]
----------------------------------------------------
----------------------------------------------------
Step 9 - Current Input: [0.000000, 0.000000, 0.000000, 0.000000, 0.000000, 0.000000, 0.000000, 0.000000], ddq: [0.000000, 0.000000, 0.000000, 0.000000, 0.000000, 0.000000, 0.000000], dVs: [0.000000]
Step 9 - Current State: [q: 0.110803, -0.001482 -0.140470 -1.564100 0.004636 1.570759 0.705238, s: 0.026039, vs: 0.000000]
Next State: [q: 0.110803, -0.001482 -0.140470 -1.564100 0.004636 1.570759 0.705238, s: 0.026039, vs: 0.000000]
----------------------------------------------------
====================================================================
BEFORE initial_guess_[0].uk: [0.000000, 0.000000, 0.000000, 0.000000, 0.000000, 0.000000, 0.000000, 0.000000]
Initialization finished.
Allocations finished.
Setup successful.
Solver is ready.
Starting solver...
Solver initialization verified.
Solver finished.
QP solve FAILED : 7 
QP_MaxIterReached
NOT SOLVED , sqp_iter_: 0
===================================================
================ QP did not solved ================
================ Max Iter reached ==================
===================================================
AFTER initial_guess_[0].uk: [0.000000, 0.000000, 0.000000, 0.000000, 0.000000, 0.000000, 0.000000, 0.000000]
dist too large
====================================================================
[MPC] Generating a new initial guess based on maximum deceleration.
----------------------------------------------------
Step 0 - Current Input: [0.000000, 0.000000, 0.000000, 0.000000, 0.000000, 0.000000, 0.000000, -0.000000], ddq: [0.000000, 0.000000, 0.000000, 0.000000, 0.000000, 0.000000, 0.000000], dVs: [-0.000000]
Step 0 - Current State: [q: 0.110803, -0.001482 -0.140470 -1.564100 0.004636 1.570759 0.705238, s: 0.026039, vs: 0.000000]
Next State: [q: 0.110803, -0.001482 -0.140470 -1.564100 0.004636 1.570759 0.705238, s: 0.026039, vs: 0.000000]
----------------------------------------------------
----------------------------------------------------
Step 1 - Current Input: [0.000000, 0.000000, 0.000000, 0.000000, 0.000000, 0.000000, 0.000000, 0.000000], ddq: [0.000000, 0.000000, 0.000000, 0.000000, 0.000000, 0.000000, 0.000000], dVs: [0.000000]
Step 1 - Current State: [q: 0.110803, -0.001482 -0.140470 -1.564100 0.004636 1.570759 0.705238, s: 0.026039, vs: 0.000000]
Next State: [q: 0.110803, -0.001482 -0.140470 -1.564100 0.004636 1.570759 0.705238, s: 0.026039, vs: 0.000000]
----------------------------------------------------
----------------------------------------------------
Step 2 - Current Input: [0.000000, 0.000000, 0.000000, 0.000000, 0.000000, 0.000000, 0.000000, 0.000000], ddq: [0.000000, 0.000000, 0.000000, 0.000000, 0.000000, 0.000000, 0.000000], dVs: [0.000000]
Step 2 - Current State: [q: 0.110803, -0.001482 -0.140470 -1.564100 0.004636 1.570759 0.705238, s: 0.026039, vs: 0.000000]
Next State: [q: 0.110803, -0.001482 -0.140470 -1.564100 0.004636 1.570759 0.705238, s: 0.026039, vs: 0.000000]
----------------------------------------------------
----------------------------------------------------
Step 3 - Current Input: [0.000000, 0.000000, 0.000000, 0.000000, 0.000000, 0.000000, 0.000000, 0.000000], ddq: [0.000000, 0.000000, 0.000000, 0.000000, 0.000000, 0.000000, 0.000000], dVs: [0.000000]
Step 3 - Current State: [q: 0.110803, -0.001482 -0.140470 -1.564100 0.004636 1.570759 0.705238, s: 0.026039, vs: 0.000000]
Next State: [q: 0.110803, -0.001482 -0.140470 -1.564100 0.004636 1.570759 0.705238, s: 0.026039, vs: 0.000000]
----------------------------------------------------
----------------------------------------------------
Step 4 - Current Input: [0.000000, 0.000000, 0.000000, 0.000000, 0.000000, 0.000000, 0.000000, 0.000000], ddq: [0.000000, 0.000000, 0.000000, 0.000000, 0.000000, 0.000000, 0.000000], dVs: [0.000000]
Step 4 - Current State: [q: 0.110803, -0.001482 -0.140470 -1.564100 0.004636 1.570759 0.705238, s: 0.026039, vs: 0.000000]
Next State: [q: 0.110803, -0.001482 -0.140470 -1.564100 0.004636 1.570759 0.705238, s: 0.026039, vs: 0.000000]
----------------------------------------------------
----------------------------------------------------
Step 5 - Current Input: [0.000000, 0.000000, 0.000000, 0.000000, 0.000000, 0.000000, 0.000000, 0.000000], ddq: [0.000000, 0.000000, 0.000000, 0.000000, 0.000000, 0.000000, 0.000000], dVs: [0.000000]
Step 5 - Current State: [q: 0.110803, -0.001482 -0.140470 -1.564100 0.004636 1.570759 0.705238, s: 0.026039, vs: 0.000000]
Next State: [q: 0.110803, -0.001482 -0.140470 -1.564100 0.004636 1.570759 0.705238, s: 0.026039, vs: 0.000000]
----------------------------------------------------
----------------------------------------------------
Step 6 - Current Input: [0.000000, 0.000000, 0.000000, 0.000000, 0.000000, 0.000000, 0.000000, 0.000000], ddq: [0.000000, 0.000000, 0.000000, 0.000000, 0.000000, 0.000000, 0.000000], dVs: [0.000000]
Step 6 - Current State: [q: 0.110803, -0.001482 -0.140470 -1.564100 0.004636 1.570759 0.705238, s: 0.026039, vs: 0.000000]
Next State: [q: 0.110803, -0.001482 -0.140470 -1.564100 0.004636 1.570759 0.705238, s: 0.026039, vs: 0.000000]
----------------------------------------------------
----------------------------------------------------
Step 7 - Current Input: [0.000000, 0.000000, 0.000000, 0.000000, 0.000000, 0.000000, 0.000000, 0.000000], ddq: [0.000000, 0.000000, 0.000000, 0.000000, 0.000000, 0.000000, 0.000000], dVs: [0.000000]
Step 7 - Current State: [q: 0.110803, -0.001482 -0.140470 -1.564100 0.004636 1.570759 0.705238, s: 0.026039, vs: 0.000000]
Next State: [q: 0.110803, -0.001482 -0.140470 -1.564100 0.004636 1.570759 0.705238, s: 0.026039, vs: 0.000000]
----------------------------------------------------
----------------------------------------------------
Step 8 - Current Input: [0.000000, 0.000000, 0.000000, 0.000000, 0.000000, 0.000000, 0.000000, 0.000000], ddq: [0.000000, 0.000000, 0.000000, 0.000000, 0.000000, 0.000000, 0.000000], dVs: [0.000000]
Step 8 - Current State: [q: 0.110803, -0.001482 -0.140470 -1.564100 0.004636 1.570759 0.705238, s: 0.026039, vs: 0.000000]
Next State: [q: 0.110803, -0.001482 -0.140470 -1.564100 0.004636 1.570759 0.705238, s: 0.026039, vs: 0.000000]
----------------------------------------------------
----------------------------------------------------
Step 9 - Current Input: [0.000000, 0.000000, 0.000000, 0.000000, 0.000000, 0.000000, 0.000000, 0.000000], ddq: [0.000000, 0.000000, 0.000000, 0.000000, 0.000000, 0.000000, 0.000000], dVs: [0.000000]
Step 9 - Current State: [q: 0.110803, -0.001482 -0.140470 -1.564100 0.004636 1.570759 0.705238, s: 0.026039, vs: 0.000000]
Next State: [q: 0.110803, -0.001482 -0.140470 -1.564100 0.004636 1.570759 0.705238, s: 0.026039, vs: 0.000000]
----------------------------------------------------
====================================================================
BEFORE initial_guess_[0].uk: [0.000000, 0.000000, 0.000000, 0.000000, 0.000000, 0.000000, 0.000000, -0.000000]
Initialization finished.
Allocations finished.
Setup successful.
Solver is ready.
Starting solver...
Solver initialization verified.
Solver finished.
QP solve FAILED : 7 
QP_MaxIterReached
NOT SOLVED , sqp_iter_: 0
===================================================
================ QP did not solved ================
================ Max Iter reached ==================
===================================================
AFTER initial_guess_[0].uk: [0.000000, 0.000000, 0.000000, 0.000000, 0.000000, 0.000000, 0.000000, -0.000000]
dist too large
====================================================================
[MPC] Generating a new initial guess based on maximum deceleration.
----------------------------------------------------
Step 0 - Current Input: [0.000000, 0.000000, 0.000000, 0.000000, 0.000000, 0.000000, 0.000000, 0.000000], ddq: [0.000000, 0.000000, 0.000000, 0.000000, 0.000000, 0.000000, 0.000000], dVs: [0.000000]
Step 0 - Current State: [q: 0.110803, -0.001482 -0.140470 -1.564100 0.004636 1.570759 0.705238, s: 0.026039, vs: -0.000000]
Next State: [q: 0.110803, -0.001482 -0.140470 -1.564100 0.004636 1.570759 0.705238, s: 0.026039, vs: 0.000000]
----------------------------------------------------
----------------------------------------------------
Step 1 - Current Input: [0.000000, 0.000000, 0.000000, 0.000000, 0.000000, 0.000000, 0.000000, 0.000000], ddq: [0.000000, 0.000000, 0.000000, 0.000000, 0.000000, 0.000000, 0.000000], dVs: [0.000000]
Step 1 - Current State: [q: 0.110803, -0.001482 -0.140470 -1.564100 0.004636 1.570759 0.705238, s: 0.026039, vs: 0.000000]
Next State: [q: 0.110803, -0.001482 -0.140470 -1.564100 0.004636 1.570759 0.705238, s: 0.026039, vs: 0.000000]
----------------------------------------------------
----------------------------------------------------
Step 2 - Current Input: [0.000000, 0.000000, 0.000000, 0.000000, 0.000000, 0.000000, 0.000000, 0.000000], ddq: [0.000000, 0.000000, 0.000000, 0.000000, 0.000000, 0.000000, 0.000000], dVs: [0.000000]
Step 2 - Current State: [q: 0.110803, -0.001482 -0.140470 -1.564100 0.004636 1.570759 0.705238, s: 0.026039, vs: 0.000000]
Next State: [q: 0.110803, -0.001482 -0.140470 -1.564100 0.004636 1.570759 0.705238, s: 0.026039, vs: 0.000000]
----------------------------------------------------
----------------------------------------------------
Step 3 - Current Input: [0.000000, 0.000000, 0.000000, 0.000000, 0.000000, 0.000000, 0.000000, 0.000000], ddq: [0.000000, 0.000000, 0.000000, 0.000000, 0.000000, 0.000000, 0.000000], dVs: [0.000000]
Step 3 - Current State: [q: 0.110803, -0.001482 -0.140470 -1.564100 0.004636 1.570759 0.705238, s: 0.026039, vs: 0.000000]
Next State: [q: 0.110803, -0.001482 -0.140470 -1.564100 0.004636 1.570759 0.705238, s: 0.026039, vs: 0.000000]
----------------------------------------------------
----------------------------------------------------
Step 4 - Current Input: [0.000000, 0.000000, 0.000000, 0.000000, 0.000000, 0.000000, 0.000000, 0.000000], ddq: [0.000000, 0.000000, 0.000000, 0.000000, 0.000000, 0.000000, 0.000000], dVs: [0.000000]
Step 4 - Current State: [q: 0.110803, -0.001482 -0.140470 -1.564100 0.004636 1.570759 0.705238, s: 0.026039, vs: 0.000000]
Next State: [q: 0.110803, -0.001482 -0.140470 -1.564100 0.004636 1.570759 0.705238, s: 0.026039, vs: 0.000000]
----------------------------------------------------
----------------------------------------------------
Step 5 - Current Input: [0.000000, 0.000000, 0.000000, 0.000000, 0.000000, 0.000000, 0.000000, 0.000000], ddq: [0.000000, 0.000000, 0.000000, 0.000000, 0.000000, 0.000000, 0.000000], dVs: [0.000000]
Step 5 - Current State: [q: 0.110803, -0.001482 -0.140470 -1.564100 0.004636 1.570759 0.705238, s: 0.026039, vs: 0.000000]
Next State: [q: 0.110803, -0.001482 -0.140470 -1.564100 0.004636 1.570759 0.705238, s: 0.026039, vs: 0.000000]
----------------------------------------------------
----------------------------------------------------
Step 6 - Current Input: [0.000000, 0.000000, 0.000000, 0.000000, 0.000000, 0.000000, 0.000000, 0.000000], ddq: [0.000000, 0.000000, 0.000000, 0.000000, 0.000000, 0.000000, 0.000000], dVs: [0.000000]
Step 6 - Current State: [q: 0.110803, -0.001482 -0.140470 -1.564100 0.004636 1.570759 0.705238, s: 0.026039, vs: 0.000000]
Next State: [q: 0.110803, -0.001482 -0.140470 -1.564100 0.004636 1.570759 0.705238, s: 0.026039, vs: 0.000000]
----------------------------------------------------
----------------------------------------------------
Step 7 - Current Input: [0.000000, 0.000000, 0.000000, 0.000000, 0.000000, 0.000000, 0.000000, 0.000000], ddq: [0.000000, 0.000000, 0.000000, 0.000000, 0.000000, 0.000000, 0.000000], dVs: [0.000000]
Step 7 - Current State: [q: 0.110803, -0.001482 -0.140470 -1.564100 0.004636 1.570759 0.705238, s: 0.026039, vs: 0.000000]
Next State: [q: 0.110803, -0.001482 -0.140470 -1.564100 0.004636 1.570759 0.705238, s: 0.026039, vs: 0.000000]
----------------------------------------------------
----------------------------------------------------
Step 8 - Current Input: [0.000000, 0.000000, 0.000000, 0.000000, 0.000000, 0.000000, 0.000000, 0.000000], ddq: [0.000000, 0.000000, 0.000000, 0.000000, 0.000000, 0.000000, 0.000000], dVs: [0.000000]
Step 8 - Current State: [q: 0.110803, -0.001482 -0.140470 -1.564100 0.004636 1.570759 0.705238, s: 0.026039, vs: 0.000000]
Next State: [q: 0.110803, -0.001482 -0.140470 -1.564100 0.004636 1.570759 0.705238, s: 0.026039, vs: 0.000000]
----------------------------------------------------
----------------------------------------------------
Step 9 - Current Input: [0.000000, 0.000000, 0.000000, 0.000000, 0.000000, 0.000000, 0.000000, 0.000000], ddq: [0.000000, 0.000000, 0.000000, 0.000000, 0.000000, 0.000000, 0.000000], dVs: [0.000000]
Step 9 - Current State: [q: 0.110803, -0.001482 -0.140470 -1.564100 0.004636 1.570759 0.705238, s: 0.026039, vs: 0.000000]
Next State: [q: 0.110803, -0.001482 -0.140470 -1.564100 0.004636 1.570759 0.705238, s: 0.026039, vs: 0.000000]
----------------------------------------------------
====================================================================
BEFORE initial_guess_[0].uk: [0.000000, 0.000000, 0.000000, 0.000000, 0.000000, 0.000000, 0.000000, 0.000000]
Initialization finished.
Allocations finished.
Setup successful.
Solver is ready.
Starting solver...
Solver initialization verified.
Solver finished.
QP solve FAILED : 7 
QP_MaxIterReached
NOT SOLVED , sqp_iter_: 0
===================================================
================ QP did not solved ================
================ Max Iter reached ==================
===================================================
AFTER initial_guess_[0].uk: [0.000000, 0.000000, 0.000000, 0.000000, 0.000000, 0.000000, 0.000000, 0.000000]
dist too large
====================================================================
[MPC] Generating a new initial guess based on maximum deceleration.
----------------------------------------------------
Step 0 - Current Input: [0.000000, 0.000000, 0.000000, 0.000000, 0.000000, 0.000000, 0.000000, -0.000000], ddq: [0.000000, 0.000000, 0.000000, 0.000000, 0.000000, 0.000000, 0.000000], dVs: [-0.000000]
Step 0 - Current State: [q: 0.110803, -0.001482 -0.140470 -1.564100 0.004636 1.570759 0.705238, s: 0.026039, vs: 0.000000]
Next State: [q: 0.110803, -0.001482 -0.140470 -1.564100 0.004636 1.570759 0.705238, s: 0.026039, vs: 0.000000]
----------------------------------------------------
----------------------------------------------------
Step 1 - Current Input: [0.000000, 0.000000, 0.000000, 0.000000, 0.000000, 0.000000, 0.000000, 0.000000], ddq: [0.000000, 0.000000, 0.000000, 0.000000, 0.000000, 0.000000, 0.000000], dVs: [0.000000]
Step 1 - Current State: [q: 0.110803, -0.001482 -0.140470 -1.564100 0.004636 1.570759 0.705238, s: 0.026039, vs: 0.000000]
Next State: [q: 0.110803, -0.001482 -0.140470 -1.564100 0.004636 1.570759 0.705238, s: 0.026039, vs: 0.000000]
----------------------------------------------------
----------------------------------------------------
Step 2 - Current Input: [0.000000, 0.000000, 0.000000, 0.000000, 0.000000, 0.000000, 0.000000, 0.000000], ddq: [0.000000, 0.000000, 0.000000, 0.000000, 0.000000, 0.000000, 0.000000], dVs: [0.000000]
Step 2 - Current State: [q: 0.110803, -0.001482 -0.140470 -1.564100 0.004636 1.570759 0.705238, s: 0.026039, vs: 0.000000]
Next State: [q: 0.110803, -0.001482 -0.140470 -1.564100 0.004636 1.570759 0.705238, s: 0.026039, vs: 0.000000]
----------------------------------------------------
----------------------------------------------------
Step 3 - Current Input: [0.000000, 0.000000, 0.000000, 0.000000, 0.000000, 0.000000, 0.000000, 0.000000], ddq: [0.000000, 0.000000, 0.000000, 0.000000, 0.000000, 0.000000, 0.000000], dVs: [0.000000]
Step 3 - Current State: [q: 0.110803, -0.001482 -0.140470 -1.564100 0.004636 1.570759 0.705238, s: 0.026039, vs: 0.000000]
Next State: [q: 0.110803, -0.001482 -0.140470 -1.564100 0.004636 1.570759 0.705238, s: 0.026039, vs: 0.000000]
----------------------------------------------------
----------------------------------------------------
Step 4 - Current Input: [0.000000, 0.000000, 0.000000, 0.000000, 0.000000, 0.000000, 0.000000, 0.000000], ddq: [0.000000, 0.000000, 0.000000, 0.000000, 0.000000, 0.000000, 0.000000], dVs: [0.000000]
Step 4 - Current State: [q: 0.110803, -0.001482 -0.140470 -1.564100 0.004636 1.570759 0.705238, s: 0.026039, vs: 0.000000]
Next State: [q: 0.110803, -0.001482 -0.140470 -1.564100 0.004636 1.570759 0.705238, s: 0.026039, vs: 0.000000]
----------------------------------------------------
----------------------------------------------------
Step 5 - Current Input: [0.000000, 0.000000, 0.000000, 0.000000, 0.000000, 0.000000, 0.000000, 0.000000], ddq: [0.000000, 0.000000, 0.000000, 0.000000, 0.000000, 0.000000, 0.000000], dVs: [0.000000]
Step 5 - Current State: [q: 0.110803, -0.001482 -0.140470 -1.564100 0.004636 1.570759 0.705238, s: 0.026039, vs: 0.000000]
Next State: [q: 0.110803, -0.001482 -0.140470 -1.564100 0.004636 1.570759 0.705238, s: 0.026039, vs: 0.000000]
----------------------------------------------------
----------------------------------------------------
Step 6 - Current Input: [0.000000, 0.000000, 0.000000, 0.000000, 0.000000, 0.000000, 0.000000, 0.000000], ddq: [0.000000, 0.000000, 0.000000, 0.000000, 0.000000, 0.000000, 0.000000], dVs: [0.000000]
Step 6 - Current State: [q: 0.110803, -0.001482 -0.140470 -1.564100 0.004636 1.570759 0.705238, s: 0.026039, vs: 0.000000]
Next State: [q: 0.110803, -0.001482 -0.140470 -1.564100 0.004636 1.570759 0.705238, s: 0.026039, vs: 0.000000]
----------------------------------------------------
----------------------------------------------------
Step 7 - Current Input: [0.000000, 0.000000, 0.000000, 0.000000, 0.000000, 0.000000, 0.000000, 0.000000], ddq: [0.000000, 0.000000, 0.000000, 0.000000, 0.000000, 0.000000, 0.000000], dVs: [0.000000]
Step 7 - Current State: [q: 0.110803, -0.001482 -0.140470 -1.564100 0.004636 1.570759 0.705238, s: 0.026039, vs: 0.000000]
Next State: [q: 0.110803, -0.001482 -0.140470 -1.564100 0.004636 1.570759 0.705238, s: 0.026039, vs: 0.000000]
----------------------------------------------------
----------------------------------------------------
Step 8 - Current Input: [0.000000, 0.000000, 0.000000, 0.000000, 0.000000, 0.000000, 0.000000, 0.000000], ddq: [0.000000, 0.000000, 0.000000, 0.000000, 0.000000, 0.000000, 0.000000], dVs: [0.000000]
Step 8 - Current State: [q: 0.110803, -0.001482 -0.140470 -1.564100 0.004636 1.570759 0.705238, s: 0.026039, vs: 0.000000]
Next State: [q: 0.110803, -0.001482 -0.140470 -1.564100 0.004636 1.570759 0.705238, s: 0.026039, vs: 0.000000]
----------------------------------------------------
----------------------------------------------------
Step 9 - Current Input: [0.000000, 0.000000, 0.000000, 0.000000, 0.000000, 0.000000, 0.000000, 0.000000], ddq: [0.000000, 0.000000, 0.000000, 0.000000, 0.000000, 0.000000, 0.000000], dVs: [0.000000]
Step 9 - Current State: [q: 0.110803, -0.001482 -0.140470 -1.564100 0.004636 1.570759 0.705238, s: 0.026039, vs: 0.000000]
Next State: [q: 0.110803, -0.001482 -0.140470 -1.564100 0.004636 1.570759 0.705238, s: 0.026039, vs: 0.000000]
----------------------------------------------------
====================================================================
BEFORE initial_guess_[0].uk: [0.000000, 0.000000, 0.000000, 0.000000, 0.000000, 0.000000, 0.000000, -0.000000]
Initialization finished.
Allocations finished.
Setup successful.
Solver is ready.
Starting solver...
Solver initialization verified.
Solver finished.
QP solve FAILED : 7 
QP_MaxIterReached
NOT SOLVED , sqp_iter_: 0
===================================================
================ QP did not solved ================
================ Max Iter reached ==================
===================================================
AFTER initial_guess_[0].uk: [0.000000, 0.000000, 0.000000, 0.000000, 0.000000, 0.000000, 0.000000, -0.000000]
dist too large
====================================================================
[MPC] Generating a new initial guess based on maximum deceleration.
----------------------------------------------------
Step 0 - Current Input: [0.000000, 0.000000, 0.000000, 0.000000, 0.000000, 0.000000, 0.000000, 0.000000], ddq: [0.000000, 0.000000, 0.000000, 0.000000, 0.000000, 0.000000, 0.000000], dVs: [0.000000]
Step 0 - Current State: [q: 0.110803, -0.001482 -0.140470 -1.564100 0.004636 1.570759 0.705238, s: 0.026039, vs: -0.000000]
Next State: [q: 0.110803, -0.001482 -0.140470 -1.564100 0.004636 1.570759 0.705238, s: 0.026039, vs: 0.000000]
----------------------------------------------------
----------------------------------------------------
Step 1 - Current Input: [0.000000, 0.000000, 0.000000, 0.000000, 0.000000, 0.000000, 0.000000, 0.000000], ddq: [0.000000, 0.000000, 0.000000, 0.000000, 0.000000, 0.000000, 0.000000], dVs: [0.000000]
Step 1 - Current State: [q: 0.110803, -0.001482 -0.140470 -1.564100 0.004636 1.570759 0.705238, s: 0.026039, vs: 0.000000]
Next State: [q: 0.110803, -0.001482 -0.140470 -1.564100 0.004636 1.570759 0.705238, s: 0.026039, vs: 0.000000]
----------------------------------------------------
----------------------------------------------------
Step 2 - Current Input: [0.000000, 0.000000, 0.000000, 0.000000, 0.000000, 0.000000, 0.000000, 0.000000], ddq: [0.000000, 0.000000, 0.000000, 0.000000, 0.000000, 0.000000, 0.000000], dVs: [0.000000]
Step 2 - Current State: [q: 0.110803, -0.001482 -0.140470 -1.564100 0.004636 1.570759 0.705238, s: 0.026039, vs: 0.000000]
Next State: [q: 0.110803, -0.001482 -0.140470 -1.564100 0.004636 1.570759 0.705238, s: 0.026039, vs: 0.000000]
----------------------------------------------------
----------------------------------------------------
Step 3 - Current Input: [0.000000, 0.000000, 0.000000, 0.000000, 0.000000, 0.000000, 0.000000, 0.000000], ddq: [0.000000, 0.000000, 0.000000, 0.000000, 0.000000, 0.000000, 0.000000], dVs: [0.000000]
Step 3 - Current State: [q: 0.110803, -0.001482 -0.140470 -1.564100 0.004636 1.570759 0.705238, s: 0.026039, vs: 0.000000]
Next State: [q: 0.110803, -0.001482 -0.140470 -1.564100 0.004636 1.570759 0.705238, s: 0.026039, vs: 0.000000]
----------------------------------------------------
----------------------------------------------------
Step 4 - Current Input: [0.000000, 0.000000, 0.000000, 0.000000, 0.000000, 0.000000, 0.000000, 0.000000], ddq: [0.000000, 0.000000, 0.000000, 0.000000, 0.000000, 0.000000, 0.000000], dVs: [0.000000]
Step 4 - Current State: [q: 0.110803, -0.001482 -0.140470 -1.564100 0.004636 1.570759 0.705238, s: 0.026039, vs: 0.000000]
Next State: [q: 0.110803, -0.001482 -0.140470 -1.564100 0.004636 1.570759 0.705238, s: 0.026039, vs: 0.000000]
----------------------------------------------------
----------------------------------------------------
Step 5 - Current Input: [0.000000, 0.000000, 0.000000, 0.000000, 0.000000, 0.000000, 0.000000, 0.000000], ddq: [0.000000, 0.000000, 0.000000, 0.000000, 0.000000, 0.000000, 0.000000], dVs: [0.000000]
Step 5 - Current State: [q: 0.110803, -0.001482 -0.140470 -1.564100 0.004636 1.570759 0.705238, s: 0.026039, vs: 0.000000]
Next State: [q: 0.110803, -0.001482 -0.140470 -1.564100 0.004636 1.570759 0.705238, s: 0.026039, vs: 0.000000]
----------------------------------------------------
----------------------------------------------------
Step 6 - Current Input: [0.000000, 0.000000, 0.000000, 0.000000, 0.000000, 0.000000, 0.000000, 0.000000], ddq: [0.000000, 0.000000, 0.000000, 0.000000, 0.000000, 0.000000, 0.000000], dVs: [0.000000]
Step 6 - Current State: [q: 0.110803, -0.001482 -0.140470 -1.564100 0.004636 1.570759 0.705238, s: 0.026039, vs: 0.000000]
Next State: [q: 0.110803, -0.001482 -0.140470 -1.564100 0.004636 1.570759 0.705238, s: 0.026039, vs: 0.000000]
----------------------------------------------------
----------------------------------------------------
Step 7 - Current Input: [0.000000, 0.000000, 0.000000, 0.000000, 0.000000, 0.000000, 0.000000, 0.000000], ddq: [0.000000, 0.000000, 0.000000, 0.000000, 0.000000, 0.000000, 0.000000], dVs: [0.000000]
Step 7 - Current State: [q: 0.110803, -0.001482 -0.140470 -1.564100 0.004636 1.570759 0.705238, s: 0.026039, vs: 0.000000]
Next State: [q: 0.110803, -0.001482 -0.140470 -1.564100 0.004636 1.570759 0.705238, s: 0.026039, vs: 0.000000]
----------------------------------------------------
----------------------------------------------------
Step 8 - Current Input: [0.000000, 0.000000, 0.000000, 0.000000, 0.000000, 0.000000, 0.000000, 0.000000], ddq: [0.000000, 0.000000, 0.000000, 0.000000, 0.000000, 0.000000, 0.000000], dVs: [0.000000]
Step 8 - Current State: [q: 0.110803, -0.001482 -0.140470 -1.564100 0.004636 1.570759 0.705238, s: 0.026039, vs: 0.000000]
Next State: [q: 0.110803, -0.001482 -0.140470 -1.564100 0.004636 1.570759 0.705238, s: 0.026039, vs: 0.000000]
----------------------------------------------------
----------------------------------------------------
Step 9 - Current Input: [0.000000, 0.000000, 0.000000, 0.000000, 0.000000, 0.000000, 0.000000, 0.000000], ddq: [0.000000, 0.000000, 0.000000, 0.000000, 0.000000, 0.000000, 0.000000], dVs: [0.000000]
Step 9 - Current State: [q: 0.110803, -0.001482 -0.140470 -1.564100 0.004636 1.570759 0.705238, s: 0.026039, vs: 0.000000]
Next State: [q: 0.110803, -0.001482 -0.140470 -1.564100 0.004636 1.570759 0.705238, s: 0.026039, vs: 0.000000]
----------------------------------------------------
====================================================================
BEFORE initial_guess_[0].uk: [0.000000, 0.000000, 0.000000, 0.000000, 0.000000, 0.000000, 0.000000, 0.000000]
Initialization finished.
Allocations finished.
Setup successful.
Solver is ready.
Starting solver...
Solver initialization verified.
Solver finished.
QP solve FAILED : 7 
QP_MaxIterReached
NOT SOLVED , sqp_iter_: 0
===================================================
================ QP did not solved ================
================ Max Iter reached ==================
===================================================
