[INFO] [1758701046.573979977] [moveit_rdf_loader.rdf_loader]: Loaded robot model in 0.00215024 seconds
[INFO] [1758701046.574031389] [moveit_robot_model.robot_model]: Loading robot model 'husky_fr3'...
[WARN] [1758701046.580567111] [moveit_robot_model.robot_model]: Link camera_base has visual geometry but no collision geometry. Collision geometry will be left empty. Fix your URDF file by explicitly specifying collision geometry.
[WARN] [1758701046.580596986] [moveit_robot_model.robot_model]: Link top_chassis_link has visual geometry but no collision geometry. Collision geometry will be left empty. Fix your URDF file by explicitly specifying collision geometry.
[ERROR] [1758701046.580836238] [moveit_robot_model.robot_model]: Group 'fr3' was specified as parent group for end-effector 'franka_hand' but it does not include the parent link 'fr3_link8'
[WARN] [1758701046.580844300] [moveit_robot_model.robot_model]: Could not identify parent group for end-effector 'franka_hand'
[INFO] [1758701046.590506211] [moveit_rdf_loader.rdf_loader]: Loaded robot model in 0.000996195 seconds
[INFO] [1758701046.590515069] [moveit_robot_model.robot_model]: Loading robot model 'husky_fr3'...
[WARN] [1758701046.592316087] [moveit_robot_model.robot_model]: Link camera_base has visual geometry but no collision geometry. Collision geometry will be left empty. Fix your URDF file by explicitly specifying collision geometry.
[WARN] [1758701046.592326581] [moveit_robot_model.robot_model]: Link top_chassis_link has visual geometry but no collision geometry. Collision geometry will be left empty. Fix your URDF file by explicitly specifying collision geometry.
[ERROR] [1758701046.592415168] [moveit_robot_model.robot_model]: Group 'fr3' was specified as parent group for end-effector 'franka_hand' but it does not include the parent link 'fr3_link8'
[WARN] [1758701046.592418337] [moveit_robot_model.robot_model]: Could not identify parent group for end-effector 'franka_hand'
[WARN] [1758701046.593065292] [moveit_ros.robot_model_loader]: No kinematics plugins defined. Fill and load kinematics.yaml!
[INFO] [1758701046.595334560] [moveit_ros.planning_scene_monitor.planning_scene_monitor]: Publishing maintained planning scene on '/planning_scene'
[INFO] [1758701046.595392096] [moveit_ros.planning_scene_monitor.planning_scene_monitor]: Starting planning scene monitor
[INFO] [1758701046.595670987] [moveit_ros.planning_scene_monitor.planning_scene_monitor]: Listening to '/planning_scene'
[INFO] [1758701046.595683515] [moveit_ros.planning_scene_monitor.planning_scene_monitor]: Updating internal planning scene state at most every 0.010000 seconds
link: base_link
link: base_footprint
link: default_mount
link: front_bumper_mount
link: front_left_wheel
link: front_right_wheel
link: fr3_base
link: fr3_link0
link: fr3_link1
link: fr3_link2
link: fr3_link3
link: fr3_link4
link: fr3_link5
link: fr3_link6
link: fr3_link7
link: fr3_link8
link: fr3_hand
link: fr3_leftfinger
link: fr3_rightfinger
link: fr3_hand_tcp
link: rgb_camera_link
link: depth_camera_link
link: camera_base
link: imu_camera_link
link: inertial_link
link: rear_bumper_mount
link: rear_left_wheel
link: rear_right_wheel
link: top_chassis_link
link: top_structure_link
Franka Panda Robot Model is loaded!
Franka Panda Robot Model is loaded!
Default initialization of bounds
Default initialization of model params
bounds initialized
Available cores: 28
Default threads: 28
Updated threads: 27
Franka Panda Robot Model is loaded!
Franka Panda Robot Model is loaded!
bounds initialized
param values:
	desired_s_velocity: 0.1
	tol_envcol: 1
	tol_selcol: 1
	tol_sing: 0.018
cost values:
	qC: 1000
	qCNmult: 10
	qL: 500
	qOri: 100
	qSing: 1
	qVs: 10
	rdVs: 0.1
	rddq: 50
	rdq: 0.002
bounds values:
normalization values:
sqp values:
====================================================================
[MPC] Generating a new initial guess based on maximum deceleration.
----------------------------------------------------
Step 0 - Current Input: [0.000000, 0.000000, 0.000000, 0.000000, 0.000000, 0.000000, 0.000000, 0.000000], ddq: [0.000000, 0.000000, 0.000000, 0.000000, 0.000000, 0.000000, 0.000000], dVs: [0.000000]
Step 0 - Current State: [q: 0.000000, 0.000000 0.000000 -1.570796 0.000000 1.570796 0.785398, s: 0.000000, vs: 0.000000]
Next State: [q: 0.000000, 0.000000 0.000000 -1.570796 0.000000 1.570796 0.785398, s: 0.000000, vs: 0.000000]
----------------------------------------------------
----------------------------------------------------
Step 1 - Current Input: [0.000000, 0.000000, 0.000000, 0.000000, 0.000000, 0.000000, 0.000000, 0.000000], ddq: [0.000000, 0.000000, 0.000000, 0.000000, 0.000000, 0.000000, 0.000000], dVs: [0.000000]
Step 1 - Current State: [q: 0.000000, 0.000000 0.000000 -1.570796 0.000000 1.570796 0.785398, s: 0.000000, vs: 0.000000]
Next State: [q: 0.000000, 0.000000 0.000000 -1.570796 0.000000 1.570796 0.785398, s: 0.000000, vs: 0.000000]
----------------------------------------------------
----------------------------------------------------
Step 2 - Current Input: [0.000000, 0.000000, 0.000000, 0.000000, 0.000000, 0.000000, 0.000000, 0.000000], ddq: [0.000000, 0.000000, 0.000000, 0.000000, 0.000000, 0.000000, 0.000000], dVs: [0.000000]
Step 2 - Current State: [q: 0.000000, 0.000000 0.000000 -1.570796 0.000000 1.570796 0.785398, s: 0.000000, vs: 0.000000]
Next State: [q: 0.000000, 0.000000 0.000000 -1.570796 0.000000 1.570796 0.785398, s: 0.000000, vs: 0.000000]
----------------------------------------------------
----------------------------------------------------
Step 3 - Current Input: [0.000000, 0.000000, 0.000000, 0.000000, 0.000000, 0.000000, 0.000000, 0.000000], ddq: [0.000000, 0.000000, 0.000000, 0.000000, 0.000000, 0.000000, 0.000000], dVs: [0.000000]
Step 3 - Current State: [q: 0.000000, 0.000000 0.000000 -1.570796 0.000000 1.570796 0.785398, s: 0.000000, vs: 0.000000]
Next State: [q: 0.000000, 0.000000 0.000000 -1.570796 0.000000 1.570796 0.785398, s: 0.000000, vs: 0.000000]
----------------------------------------------------
----------------------------------------------------
Step 4 - Current Input: [0.000000, 0.000000, 0.000000, 0.000000, 0.000000, 0.000000, 0.000000, 0.000000], ddq: [0.000000, 0.000000, 0.000000, 0.000000, 0.000000, 0.000000, 0.000000], dVs: [0.000000]
Step 4 - Current State: [q: 0.000000, 0.000000 0.000000 -1.570796 0.000000 1.570796 0.785398, s: 0.000000, vs: 0.000000]
Next State: [q: 0.000000, 0.000000 0.000000 -1.570796 0.000000 1.570796 0.785398, s: 0.000000, vs: 0.000000]
----------------------------------------------------
----------------------------------------------------
Step 5 - Current Input: [0.000000, 0.000000, 0.000000, 0.000000, 0.000000, 0.000000, 0.000000, 0.000000], ddq: [0.000000, 0.000000, 0.000000, 0.000000, 0.000000, 0.000000, 0.000000], dVs: [0.000000]
Step 5 - Current State: [q: 0.000000, 0.000000 0.000000 -1.570796 0.000000 1.570796 0.785398, s: 0.000000, vs: 0.000000]
Next State: [q: 0.000000, 0.000000 0.000000 -1.570796 0.000000 1.570796 0.785398, s: 0.000000, vs: 0.000000]
----------------------------------------------------
----------------------------------------------------
Step 6 - Current Input: [0.000000, 0.000000, 0.000000, 0.000000, 0.000000, 0.000000, 0.000000, 0.000000], ddq: [0.000000, 0.000000, 0.000000, 0.000000, 0.000000, 0.000000, 0.000000], dVs: [0.000000]
Step 6 - Current State: [q: 0.000000, 0.000000 0.000000 -1.570796 0.000000 1.570796 0.785398, s: 0.000000, vs: 0.000000]
Next State: [q: 0.000000, 0.000000 0.000000 -1.570796 0.000000 1.570796 0.785398, s: 0.000000, vs: 0.000000]
----------------------------------------------------
----------------------------------------------------
Step 7 - Current Input: [0.000000, 0.000000, 0.000000, 0.000000, 0.000000, 0.000000, 0.000000, 0.000000], ddq: [0.000000, 0.000000, 0.000000, 0.000000, 0.000000, 0.000000, 0.000000], dVs: [0.000000]
Step 7 - Current State: [q: 0.000000, 0.000000 0.000000 -1.570796 0.000000 1.570796 0.785398, s: 0.000000, vs: 0.000000]
Next State: [q: 0.000000, 0.000000 0.000000 -1.570796 0.000000 1.570796 0.785398, s: 0.000000, vs: 0.000000]
----------------------------------------------------
----------------------------------------------------
Step 8 - Current Input: [0.000000, 0.000000, 0.000000, 0.000000, 0.000000, 0.000000, 0.000000, 0.000000], ddq: [0.000000, 0.000000, 0.000000, 0.000000, 0.000000, 0.000000, 0.000000], dVs: [0.000000]
Step 8 - Current State: [q: 0.000000, 0.000000 0.000000 -1.570796 0.000000 1.570796 0.785398, s: 0.000000, vs: 0.000000]
Next State: [q: 0.000000, 0.000000 0.000000 -1.570796 0.000000 1.570796 0.785398, s: 0.000000, vs: 0.000000]
----------------------------------------------------
----------------------------------------------------
Step 9 - Current Input: [0.000000, 0.000000, 0.000000, 0.000000, 0.000000, 0.000000, 0.000000, 0.000000], ddq: [0.000000, 0.000000, 0.000000, 0.000000, 0.000000, 0.000000, 0.000000], dVs: [0.000000]
Step 9 - Current State: [q: 0.000000, 0.000000 0.000000 -1.570796 0.000000 1.570796 0.785398, s: 0.000000, vs: 0.000000]
Next State: [q: 0.000000, 0.000000 0.000000 -1.570796 0.000000 1.570796 0.785398, s: 0.000000, vs: 0.000000]
----------------------------------------------------
====================================================================
BEFORE initial_guess_[0].uk: [0.000000, 0.000000, 0.000000, 0.000000, 0.000000, 0.000000, 0.000000, 0.000000]
Initialization finished.
Allocations finished.
Setup successful.
Solver is ready.
Starting solver...
Solver initialization verified.
Solver finished.
===== SQP Iteration: 0 =====
step_ (179 x 1): 
   2.192e-05  2.44515e-06  2.19074e-05 -1.46911e-06  7.79413e-06 -2.07136e-06 -3.37878e-05 -2.25508e-05 -2.88391e-06 -5.33137e-05 -2.62669e-05 -5.50743e-05  -3.3106e-05  1.47715e-05  1.45595e-05 -0.000238524  5.71374e-05   0.00713255 -0.000151539 -5.53221e-05 -0.000155076 -6.44544e-05  1.36701e-05  3.10384e-05 -0.000456922  0.000172841    0.0133304 -0.000273561 -8.50781e-05 -0.000278876 -9.49353e-05  3.93594e-06  4.77116e-05 -0.000686837  0.000318231    0.0186668 -0.000417442 -0.000115699 -0.000424555 -0.000124308 -1.39225e-05  6.47296e-05 -0.000926043  0.000490826    0.0232076 -0.000581081  -0.00014729  -0.00058999 -0.000152452 -3.92539e-05  8.21882e-05  -0.00117222   0.00068803    0.0270085  -0.00076224 -0.000179922 -0.000772936 -0.000179316  -7.1302e-05  0.000100172  -0.00142301  0.000907072    0.0301156 -0.000958492 -0.000213597 -0.000970966 -0.000204948 -0.000109254  0.000118727  -0.00167606   0.00114495     0.032566  -0.00116721 -0.000248218  -0.00118146 -0.000229531 -0.000152292  0.000137844  -0.00192928   0.00139844    0.0343878  -0.00138552  -0.00028362  -0.00140154 -0.000253288 -0.000199642  0.000157506  -0.00218103   0.00166403    0.0356009  -0.00161005 -0.000319621  -0.00162785 -0.000276356  -0.00025052  0.000177748  -0.00243026   0.00193816    0.0362165   -0.0178745  -0.00255018   -0.0181113  -0.00416923  -0.00174839    0.0027595   -0.0191586     0.142774   -0.0182457  -0.00255981   -0.0184824  -0.00412885  -0.00188875   0.00275838   -0.0209396     0.124025   -0.0188814  -0.00258054    -0.019118  -0.00406488  -0.00212601   0.00275736   -0.0225219     0.106796   -0.0196796  -0.00261002   -0.0199161  -0.00398407  -0.00242301   0.00275834   -0.0238891    0.0908784   -0.0205556  -0.00264697    -0.020792  -0.00389182  -0.00274764   0.00276309   -0.0250266     0.076072   -0.0214373  -0.00269038   -0.0216737  -0.00379308  -0.00307197   0.00277282   -0.0259253    0.0621862   -0.0222613  -0.00273851   -0.0224977  -0.00369335  -0.00337147   0.00278769   -0.0265852    0.0490396   -0.0229687  -0.00278788    -0.023205  -0.00359982  -0.00362428   0.00280638   -0.0270189    0.0364572   -0.0235017  -0.00283223    -0.023738   -0.0035224  -0.00381063   0.00282554   -0.0272545     0.024269   -0.0238004   -0.0028616   -0.0240367  -0.00347466   -0.0039123   0.00283941   -0.0273387    0.0123073
========================================
primal_step_norm FAILED
Initialization finished.
Allocations finished.
Setup successful.
Solver is ready.
Starting solver...
Solver initialization verified.
Solver finished.
===== SQP Iteration: 1 =====
step_ (179 x 1): 
 3.30373e-05  8.91149e-06  3.28136e-05 -1.08872e-05  1.54178e-05 -1.36382e-06 -5.56957e-05 -3.76288e-05 -9.24021e-06  9.58728e-06 -3.34204e-06  8.71595e-06 -2.38555e-05 -1.14789e-05  6.53476e-06 -7.77353e-05 -7.06576e-05 -0.000387454 -3.08983e-05 -1.86364e-05 -3.26468e-05 -3.74358e-05 -4.52608e-05  1.49794e-05 -0.000102784 -0.000129997 -0.000744826 -8.23149e-05 -3.64315e-05 -8.52133e-05 -5.19376e-05 -8.38283e-05  2.35959e-05 -0.000129506 -0.000205803  -0.00107212 -0.000143507 -5.64301e-05 -0.000147776 -6.73219e-05 -0.000126916  3.22434e-05 -0.000156756 -0.000296375  -0.00136397 -0.000213371 -7.84324e-05 -0.000219269 -8.34232e-05 -0.000174325  4.08588e-05 -0.000183632 -0.000400416  -0.00161596 -0.000290621 -0.000102336  -0.00029835 -9.99927e-05 -0.000225773  4.93971e-05 -0.000209662 -0.000516754   -0.0018246 -0.000374984 -0.000128063 -0.000384516  -0.00011692 -0.000280996  5.79412e-05 -0.000235387 -0.000642897    -0.001987 -0.000463222 -0.000155975 -0.000474994 -0.000133148 -0.000339541  6.66428e-05 -0.000260331 -0.000779218   -0.0021031 -0.000554496 -0.000185796 -0.000569081 -0.000148542 -0.000400822  7.55354e-05 -0.000284324 -0.000923241  -0.00216842 -0.000647785 -0.000217048 -0.000665591 -0.000162988 -0.000463988  8.46254e-05 -0.000307389  -0.00107072  -0.00218239  -0.00339054  -0.00150879  -0.00344558 -0.000565612  -0.00338155   0.00096743  -1.2307e-06  -0.00744262  -0.00380542  -0.00178646  -0.00390251 -0.000589535  -0.00352709   0.00107549 -0.000427232  -0.00703424  -0.00403407  -0.00204216  -0.00417277 -0.000594696  -0.00366529   0.00117568 -0.000803295  -0.00644552  -0.00410951   -0.0022793  -0.00428932 -0.000579582  -0.00379269   0.00126888  -0.00113256  -0.00574762  -0.00405543  -0.00250016  -0.00427596 -0.000543941  -0.00390417   0.00135579  -0.00142186  -0.00496498  -0.00388894  -0.00270635  -0.00414973 -0.000488052  -0.00399316    0.0014373  -0.00168005  -0.00411212  -0.00362283  -0.00289956  -0.00392353 -0.000411908  -0.00405188   0.00151494  -0.00191633  -0.00320315  -0.00327598  -0.00307956  -0.00361565 -0.000317175  -0.00407339   0.00159006  -0.00213637   -0.0022935  -0.00294615  -0.00322154  -0.00331778 -0.000230217  -0.00407284   0.00165047  -0.00231297  -0.00129578  -0.00274061  -0.00329976  -0.00313059 -0.000178477  -0.00406776   0.00168365  -0.00241311 -0.000286225
========================================
primal_step_norm SUCCESS
SOLVED , sqp_iter_: 1
AFTER initial_guess_[0].uk: [-0.046251, -0.008828, -0.046886, -0.010298, -0.013389, 0.009727, -0.050007, 0.676659]
BEFORE initial_guess_[0].uk: [-0.047961, -0.009453, -0.048687, -0.010262, -0.014135, 0.010006, -0.055767, 0.584955]
Initialization finished.
Allocations finished.
Setup successful.
Solver is ready.
Starting solver...
Solver initialization verified.
Solver finished.
===== SQP Iteration: 0 =====
step_ (179 x 1): 
 7.28486e-05  7.21089e-06  7.31425e-05  -1.2585e-05  3.81686e-05 -2.11584e-06 -3.19578e-05  6.89862e-05 -5.37333e-06 -1.87591e-05 -7.68505e-06 -1.77259e-05  1.36836e-05  3.06696e-05  6.96054e-07  6.08405e-05  0.000193124  0.000922027  1.83955e-05  1.76182e-06  1.97236e-05  1.92009e-05  7.83767e-05 -1.61361e-06  1.78953e-05  0.000283568    0.0017945  6.98995e-05  1.49951e-05  7.12539e-05  2.65435e-05  0.000131651 -4.84525e-06    -2.29e-05  0.000383484    0.0026248  0.000135473  3.21838e-05  0.000137568  3.46244e-05  0.000190011 -9.56681e-06 -6.58994e-05  0.000490117   0.00340778  0.000214658  5.32863e-05  0.000216734   4.2939e-05  0.000252681 -1.57395e-05 -0.000113165  0.000602798   0.00414151  0.000305426  7.77069e-05  0.000306011  5.21754e-05  0.000318633 -2.26657e-05 -0.000163519   0.00072074   0.00482595  0.000401541  0.000104642   0.00040139   6.3082e-05  0.000387309 -2.91024e-05 -0.000214294  0.000847079   0.00546447  0.000498286  0.000132326  0.000498087  7.76879e-05  0.000458138 -3.35739e-05 -0.000263691  0.000983924   0.00605744  0.000272059   9.2082e-05  0.000270361  5.93476e-05   0.00041695 -6.18725e-06  -0.00058141   0.00125692   0.00721227   0.00023582  0.000126524  0.000236875  7.01188e-05  0.000445784 -9.02321e-06 -0.000622355   0.00120401   0.00719091  0.000611652  0.000781047  0.000604705  0.000194679    0.0031025 -0.000347265  -0.00827409    0.0180507   0.00145102   0.00127902   0.00148658  0.000169645    0.0036664 -0.000476911  -0.00703069    0.0173951   0.00225673   0.00174457   0.00233373  0.000115128   0.00424503 -0.000599756  -0.00600215     0.016564   0.00299195   0.00217834   0.00310947  3.21641e-05   0.00480228 -0.000716521  -0.00519436    0.0156288   0.00360888   0.00257957   0.00376637 -7.66068e-05   0.00530004 -0.000826354  -0.00458981    0.0146543   0.00404252   0.00294578   0.00424026 -0.000206666   0.00569749 -0.000926358  -0.00414209    0.0136788    0.0042771   0.00326848   0.00451374 -0.000347189   0.00597677   -0.0010175  -0.00382724    0.0127707   0.00436234    0.0035167   0.00463068 -0.000464406   0.00614506  -0.00108594   -0.0036444    0.0118708   0.00435712   0.00365633   0.00464354 -0.000521079   0.00621471  -0.00111676  -0.00358829    0.0110866   0.00429643   0.00366491   0.00458283 -0.000491314   0.00619328  -0.00110244  -0.00363505 -0.000434069
========================================
primal_step_norm SUCCESS
SOLVED , sqp_iter_: 0
AFTER initial_guess_[0].uk: [-0.046631, -0.007754, -0.047372, -0.009839, -0.006038, 0.009100, -0.077363, 0.675209]
BEFORE initial_guess_[0].uk: [-0.046685, -0.007272, -0.047424, -0.009766, -0.005546, 0.009020, -0.079229, 0.588726]
Initialization finished.
Allocations finished.
Setup successful.
Solver is ready.
Starting solver...
Solver initialization verified.
Solver finished.
===== SQP Iteration: 0 =====
step_ (179 x 1): 
  9.6307e-05  6.00759e-06  9.68544e-05 -2.13139e-05  5.10863e-05  7.85222e-06 -2.05333e-05  0.000130496  1.04392e-05 -3.04092e-05 -7.76342e-07 -2.95511e-05 -4.27307e-06 -8.12634e-06   1.5733e-05 -1.79645e-05  3.71039e-05  0.000448621 -3.93367e-05   1.6518e-07 -3.70298e-05 -5.74515e-06 -4.18651e-06  2.03418e-05 -7.07837e-05  4.58254e-05  0.000877635 -5.25613e-05 -1.19107e-06 -4.92026e-05 -5.17961e-06 -9.53838e-07  2.43529e-05 -0.000114449  5.99999e-05   0.00130954  -7.0485e-05 -2.99029e-06  -6.5114e-05 -3.72886e-06   2.7727e-06   2.7982e-05 -0.000150065  7.85033e-05   0.00174502 -9.04636e-05 -3.97633e-06  -8.1677e-05 -2.17459e-06  8.76605e-06  3.13576e-05 -0.000182331  9.83907e-05   0.00218574 -0.000108994 -3.14016e-06 -9.71416e-05 -1.63008e-06  1.85323e-05  3.38825e-05 -0.000218133   0.00011599   0.00263461 -0.000120961  4.15374e-07 -0.000106204 -3.64479e-06   3.2125e-05  3.42935e-05 -0.000264323  0.000125252   0.00309563 -0.000120228  7.37417e-06 -0.000105745 -9.60748e-06  4.58505e-05  3.14695e-05 -0.000328672  0.000121462   0.00357369 -0.000346502 -2.56689e-05 -0.000333763  -3.1388e-05  1.15912e-05  5.63941e-05 -0.000717436   0.00039318   0.00465477 -0.000417049  -3.2849e-05 -0.000403423 -1.25085e-05 -1.35461e-05  6.40748e-05 -0.000790911  0.000270474   0.00461597 -0.000555024  0.000584609 -0.000471672  0.000411709  0.000695701  -0.00064024  -0.00676967   0.00823005 -0.000589797  0.000427164 -0.000502915  0.000406268  0.000538073 -0.000617894  -0.00626328   0.00828243 -0.000612657  0.000299059 -0.000522405  0.000401881  0.000408747 -0.000600665  -0.00579494   0.00836233 -0.000622045  0.000198662 -0.000528922  0.000398486  0.000314467 -0.000590437  -0.00538305    0.0084617 -0.000597603  0.000125007 -0.000502834  0.000395061  0.000266344 -0.000591009  -0.00506345   0.00859675  -0.00055869  7.96101e-05 -0.000462411  0.000387848  0.000255364 -0.000600963  -0.00484023   0.00879619 -0.000510823  5.95492e-05   -0.0004133  0.000377577  0.000270601 -0.000618539  -0.00471221   0.00907571 -0.000462289  6.08248e-05 -0.000363934  0.000366134  0.000298529 -0.000640413  -0.00466977   0.00945257 -0.000430641  7.49689e-05 -0.000331972  0.000360277  0.000322353 -0.000659201  -0.00468917   0.00995558 -0.000444437  8.46289e-05 -0.000345675  0.000375595  0.000323612 -0.000660618  -0.00472435 -0.000832891
========================================
primal_step_norm SUCCESS
SOLVED , sqp_iter_: 0
AFTER initial_guess_[0].uk: [-0.047892, -0.006001, -0.048450, -0.008870, -0.003730, 0.007349, -0.096898, 0.629877]
BEFORE initial_guess_[0].uk: [-0.048116, -0.005911, -0.048665, -0.008792, -0.003739, 0.007333, -0.097319, 0.549886]
Initialization finished.
Allocations finished.
Setup successful.
Solver is ready.
Starting solver...
Solver initialization verified.
Solver finished.
===== SQP Iteration: 0 =====
step_ (179 x 1): 
 0.000102025 -7.77979e-07  0.000102583 -2.69531e-05  5.86019e-05  1.42478e-05 -1.52594e-05  0.000151366  7.62343e-06 -2.39473e-05 -1.16961e-05 -2.35182e-05 -1.67355e-06 -6.89665e-06  7.18086e-06  -6.2198e-06  2.91349e-05  0.000322697 -3.03577e-05 -1.75222e-05 -2.95123e-05 -1.13575e-05 -2.27125e-06   1.6452e-05 -4.47258e-05  3.53099e-05  0.000661517 -3.88084e-05  -2.5013e-05 -3.77462e-05 -1.95687e-05  2.93437e-06  2.50622e-05 -8.18806e-05  4.38446e-05    0.0010069 -4.98387e-05 -3.30362e-05 -4.88187e-05 -2.72723e-05  7.45883e-06   3.2499e-05 -0.000116609  5.56857e-05   0.00136227 -6.20206e-05 -4.05589e-05 -6.13817e-05 -3.50488e-05  9.17125e-06  3.88211e-05 -0.000150989  6.96965e-05   0.00173129 -7.52109e-05 -4.67057e-05 -7.53881e-05 -4.32511e-05  7.14802e-06  4.43311e-05 -0.000185146  8.59862e-05   0.00211768 -9.12818e-05 -5.12236e-05 -9.24742e-05 -5.14513e-05  2.93796e-06  4.97331e-05 -0.000216218  0.000106274   0.00252541 -0.000109705 -5.39996e-05 -0.000112077 -5.96159e-05 -9.16373e-07  5.50895e-05 -0.000245451  0.000129225   0.00295831 -0.000361322 -9.03228e-05 -0.000366246 -8.35302e-05 -4.56584e-05  8.78531e-05 -0.000659113  0.000433272   0.00396118 -0.000455489 -0.000103511 -0.000460518 -6.55866e-05 -8.26206e-05  0.000109285  -0.00071243  0.000297659    0.0039251  -0.00120278 -0.000178286  -0.00110935  6.95667e-05 -0.000581377  0.000515833  -0.00395003   0.00674787  -0.00125743 -0.000244544  -0.00116286  3.56338e-05 -0.000600201   0.00054077  -0.00391046   0.00680733  -0.00131374 -0.000300705  -0.00121819  7.57122e-06  -0.00062099  0.000562471  -0.00387334   0.00693173   -0.0013689 -0.000346481  -0.00127251 -1.51724e-05 -0.000643872  0.000581234  -0.00384174   0.00712446  -0.00142167 -0.000382077  -0.00132459 -3.28384e-05 -0.000668841  0.000597359  -0.00381666   0.00738944  -0.00147213 -0.000407938  -0.00137449 -4.54517e-05 -0.000695461  0.000611198  -0.00379723    0.0077307  -0.00152105 -0.000424725  -0.00142298 -5.27641e-05 -0.000722304  0.000623089  -0.00378172   0.00815118  -0.00156794 -0.000433249  -0.00146956 -5.43635e-05 -0.000746547  0.000632937  -0.00377039   0.00864919  -0.00160694 -0.000433686  -0.00150838 -5.05894e-05 -0.000764539  0.000639205  -0.00377103   0.00922986  -0.00163658 -0.000431723  -0.00153793 -3.63793e-05 -0.000775043   0.00064391  -0.00378519 -0.000776217
========================================
primal_step_norm SUCCESS
SOLVED , sqp_iter_: 0
AFTER initial_guess_[0].uk: [-0.050732, -0.006299, -0.051078, -0.008641, -0.005256, 0.008679, -0.107629, 0.583625]
BEFORE initial_guess_[0].uk: [-0.051089, -0.006339, -0.051425, -0.008626, -0.005327, 0.008724, -0.107919, 0.509528]
Initialization finished.
Allocations finished.
Setup successful.
Solver is ready.
Starting solver...
Solver initialization verified.
Solver finished.
===== SQP Iteration: 0 =====
step_ (179 x 1): 
  8.5363e-05  1.30213e-05  8.55897e-05 -3.47479e-05  5.04257e-05 -2.33125e-06  8.01019e-06   0.00015051 -6.93997e-06 -5.32628e-05  3.59395e-05 -9.25451e-05  4.74166e-05 -1.16361e-05 -3.40362e-05 -9.32068e-05  8.67709e-05  0.000198402 -8.41064e-05  5.85703e-05 -0.000163497  7.03549e-05  3.08171e-06 -4.20287e-05 -0.000236345  0.000142732  0.000424363 -0.000113156   8.1381e-05 -0.000233637   8.9311e-05  1.71697e-05 -5.09068e-05 -0.000383619  0.000197294  0.000660912 -0.000142522  0.000102588 -0.000304962  0.000105729  3.08325e-05  -6.0811e-05 -0.000531607  0.000252829  0.000913198 -0.000173941  0.000121862 -0.000379088   0.00011932  4.43333e-05 -7.25915e-05  -0.00067722  0.000311236    0.0011863 -0.000207783  0.000139124 -0.000456773  0.000129975  5.84388e-05 -8.66972e-05 -0.000819255     0.000373   0.00148536  -0.00024229  0.000153914 -0.000536229  0.000138597  7.42289e-05 -0.000102779 -0.000960062  0.000435849    0.0018157 -0.000272886  0.000167052 -0.000612989  0.000144033  9.19088e-05 -0.000121308  -0.00110772  0.000494779   0.00218289 -0.000557567  0.000140142 -0.000946908  0.000131795  5.97556e-05 -0.000104815  -0.00167047  0.000861743   0.00309361 -0.000661049  0.000144656  -0.00109854  0.000153247  4.25279e-05 -0.000109851  -0.00185649  0.000737266   0.00305485  -0.00539234 -0.000598691    -0.010556   0.00846476   0.00115509   0.00230641   -0.0190467   0.00469215  -0.00514341  -0.00056409   -0.0104733   0.00855331   0.00116634   0.00227414    -0.019218   0.00478948  -0.00484938 -0.000572541    -0.010345   0.00868798   0.00117215   0.00224535   -0.0194068   0.00498584  -0.00449532 -0.000619247   -0.0101548   0.00886264   0.00117856   0.00222147   -0.0196132   0.00527852  -0.00407391 -0.000700542  -0.00989387   0.00907106   0.00119003   0.00220432   -0.0198333   0.00566848  -0.00357527 -0.000818048  -0.00955169   0.00931183    0.0012105   0.00219759   -0.0200602   0.00615826  -0.00298034 -0.000981496  -0.00911069   0.00959164   0.00124367   0.00220793   -0.0202858   0.00675203  -0.00226811  -0.00120688  -0.00855226    0.0099238   0.00129185   0.00224508   -0.0204992   0.00745317  -0.00176901  -0.00139242  -0.00816221    0.0101903   0.00131445   0.00229116   -0.0206405   0.00825031  -0.00150164  -0.00151258  -0.00795504     0.010363   0.00131774   0.00233048   -0.0207131 -0.000784182
========================================
primal_step_norm SUCCESS
SOLVED , sqp_iter_: 0
AFTER initial_guess_[0].uk: [-0.062817, -0.007641, -0.074385, 0.009785, -0.002312, 0.014744, -0.157631, 0.532988]
BEFORE initial_guess_[0].uk: [-0.062633, -0.007576, -0.074553, 0.010009, -0.002363, 0.014694, -0.158348, 0.464556]
Initialization finished.
Allocations finished.
Setup successful.
Solver is ready.
Starting solver...
Solver initialization verified.
Solver finished.
===== SQP Iteration: 0 =====
step_ (179 x 1): 
  7.6715e-05  1.59237e-05  7.61487e-05 -7.40996e-05  5.28952e-05   1.9248e-06  1.55753e-05  0.000157323  4.36571e-06  3.06636e-06 -2.47573e-05   5.2835e-07 -2.50663e-05 -8.08909e-06  2.16204e-05  9.54143e-06  1.46876e-07  0.000403642  1.29609e-05 -4.02854e-05  9.34974e-06 -4.73039e-05 -3.93199e-06  3.04907e-05  1.73116e-05 -1.16589e-05  0.000785574  2.18904e-05 -5.82191e-05  1.81253e-05 -6.43211e-05 -1.21036e-06  3.92943e-05  2.66424e-05 -2.25499e-05   0.00116515  2.92208e-05 -7.55685e-05  2.62637e-05 -7.84737e-05  5.44018e-07  4.81058e-05  3.79752e-05  -3.1929e-05   0.00154369  3.50888e-05 -9.07807e-05  3.40935e-05 -9.02243e-05  1.75407e-06  5.79518e-05  5.00489e-05 -4.01641e-05   0.00192255  3.99659e-05 -0.000102439  4.20278e-05 -0.000100349  2.88761e-06  6.93258e-05  6.10095e-05 -4.78941e-05   0.00230326  4.57545e-05 -0.000108716  5.14119e-05 -0.000110412  4.13877e-06  8.17597e-05   6.8632e-05 -5.73936e-05   0.00268753  5.34604e-05 -0.000108553  6.30056e-05 -0.000122391  5.39151e-06  9.45167e-05  7.14103e-05 -6.89182e-05   0.00307837 -0.000224958 -0.000135979 -0.000260839 -0.000137126 -3.05762e-05  0.000129109 -0.000491802  0.000289484   0.00394059 -0.000315496 -0.000118555 -0.000347162 -0.000177443 -6.14966e-05  0.000133937 -0.000485246  0.000130095   0.00391262   0.00348156 -0.000631242   0.00305534 -7.26067e-05    0.0011027   0.00018274  0.000623055   0.00748996   0.00341722 -0.000614034   0.00312615 -0.000303307   0.00110976  0.000193654  0.000888384   0.00742708   0.00328998 -0.000564687   0.00313076 -0.000546406   0.00111417  0.000204614   0.00115543    0.0073928   0.00309486 -0.000487339    0.0030626 -0.000797013   0.00111293  0.000214217   0.00141886   0.00738905    0.0028244 -0.000381838   0.00291369  -0.00105405   0.00110343  0.000219458   0.00167032   0.00741699    0.0024622 -0.000239914   0.00266911  -0.00132425   0.00108287  0.000214177   0.00189968   0.00747812   0.00198969  -4.6743e-05   0.00231273  -0.00162075   0.00104928    0.0001887    0.0020946   0.00757597   0.00169039  0.000111003   0.00209008  -0.00184412   0.00103751  0.000156028    0.0022006   0.00773619   0.00156191  0.000204797   0.00199673  -0.00196399   0.00103588  0.000134238   0.00223368   0.00799145   0.00164546  0.000183199   0.00206572  -0.00192622   0.00103667  0.000147962   0.00221174  -0.00060964
========================================
primal_step_norm SUCCESS
SOLVED , sqp_iter_: 0
AFTER initial_guess_[0].uk: [-0.055060, -0.008949, -0.067908, 0.009851, 0.000515, 0.015171, -0.156722, 0.502006]
BEFORE initial_guess_[0].uk: [-0.054898, -0.008918, -0.067806, 0.009684, 0.000466, 0.015152, -0.156776, 0.438247]
Initialization finished.
Allocations finished.
Setup successful.
Solver is ready.
Starting solver...
Solver initialization verified.
Solver finished.
===== SQP Iteration: 0 =====
step_ (179 x 1): 
 3.76139e-05  1.83183e-05  3.63616e-05 -3.57396e-05   4.0547e-05 -1.62508e-05  2.55329e-05  9.56263e-05 -8.42882e-06  9.35365e-06  3.01669e-05 -3.76049e-05   0.00013673 -4.16438e-05 -3.31868e-05 -5.99786e-05  2.17671e-05 -0.000524455   1.9086e-05  7.89096e-05 -8.32891e-05   0.00015015 -6.56191e-05  -5.4191e-05 -0.000120877  4.90011e-05 -0.000977833  3.38468e-05  0.000124404 -0.000133358  0.000164507 -9.13411e-05 -7.25938e-05 -0.000184237  7.53966e-05  -0.00136349  5.39775e-05  0.000163393 -0.000186843   0.00018196 -0.000119893 -8.88302e-05 -0.000249682  0.000101258  -0.00167037  8.08874e-05  0.000192205 -0.000241906  0.000204011 -0.000152051 -0.000103608 -0.000317187  0.000125043  -0.00188767  0.000112167  0.000211491 -0.000299391  0.000229567 -0.000188101   -0.0001181 -0.000385911  0.000148718  -0.00200516  0.000144169  0.000224379 -0.000361221  0.000255448  -0.00022745 -0.000134042 -0.000455102   0.00017513  -0.00201374  0.000178212  0.000234692 -0.000424773  0.000276108 -0.000269604 -0.000154064 -0.000527907  0.000201898  -0.00190565  -6.4212e-05   0.00021415 -0.000812796  0.000286404 -0.000354778 -0.000137937  -0.00117083  0.000588117  -0.00124144 -0.000120547  0.000241715 -0.000969706  0.000268301 -0.000446362 -0.000160841  -0.00127654  0.000410698  -0.00130162  0.000314605   0.00341817  -0.00549076  -0.00304006  -0.00359896  -0.00232139  -0.00892537  -0.00989356  0.000999721   0.00334731  -0.00617554  -0.00264329  -0.00376682  -0.00225147  -0.00932714  -0.00882981   0.00173987   0.00309348  -0.00671436  -0.00204385  -0.00405992   -0.0021445  -0.00976607  -0.00749118   0.00253017   0.00273192   -0.0070957  -0.00132124  -0.00443928   -0.0020195   -0.0102233  -0.00593502   0.00389018   0.00212793  -0.00685695 -0.000332544  -0.00479199  -0.00182987   -0.0107747  -0.00416714   0.00495567   0.00162177  -0.00673305  0.000533086  -0.00519089  -0.00166738   -0.0112818  -0.00219658   0.00529374   0.00135351  -0.00708907   0.00107539  -0.00565395  -0.00158182   -0.0116797 -4.59785e-05   0.00551399   0.00114294  -0.00739052   0.00150226  -0.00606323  -0.00151601   -0.0120238   0.00225799   0.00580071  0.000947313  -0.00747306   0.00185993  -0.00636083  -0.00145777   -0.0123077   0.00471374   0.00613499  0.000779426  -0.00735053   0.00212934   -0.0065133  -0.00140488   -0.0124948  -0.00121338
========================================
primal_step_norm SUCCESS
SOLVED , sqp_iter_: 0
AFTER initial_guess_[0].uk: [-0.054213, -0.001484, -0.079748, 0.003072, -0.008927, 0.009094, -0.180071, 0.388779]
BEFORE initial_guess_[0].uk: [-0.052534, -0.001605, -0.081113, 0.003836, -0.009418, 0.009265, -0.181197, 0.334808]
Initialization finished.
Allocations finished.
Setup successful.
Solver is ready.
Starting solver...
Solver initialization verified.
Solver finished.
===== SQP Iteration: 0 =====
step_ (179 x 1): 
 5.33846e-06   2.1721e-05  3.52804e-06  -4.4368e-05  3.94134e-05 -1.85762e-05   2.7173e-05  3.96321e-05 -1.00349e-05  3.53773e-05  5.62908e-06 -1.88195e-05  3.65508e-05  8.82976e-06 -5.56874e-06 -5.35914e-05 -1.12545e-05  0.000399903  5.49013e-05  2.83831e-05 -5.32553e-05  4.52641e-05  3.01216e-05 -2.54539e-05 -8.01657e-05 -7.05858e-06  0.000774534  7.21724e-05  5.23283e-05 -8.95425e-05  5.40201e-05  5.31634e-05 -4.55522e-05 -0.000104653 -1.11363e-06   0.00113166  8.70395e-05  7.77156e-05 -0.000128036  6.24854e-05  7.78005e-05 -6.60326e-05 -0.000126947  7.08132e-06    0.0014718  0.000100116  0.000104063 -0.000168498  7.09654e-05  0.000103674 -8.68534e-05 -0.000147385  1.71057e-05    0.0017955  0.000112155    0.0001308 -0.000210354  7.99539e-05  0.000130187  -0.00010785 -0.000166425  2.84251e-05   0.00210384  0.000123253  0.000157844 -0.000253879  8.95255e-05  0.000156433 -0.000128945 -0.000184526  4.13074e-05   0.00239866  0.000134241  0.000184589 -0.000298633  0.000100087  0.000181553 -0.000150048 -0.000202448  5.50698e-05   0.00268198 -9.11037e-05  0.000184497 -0.000728618  0.000127768  0.000113769 -0.000152945 -0.000871193  0.000452013   0.00332671 -0.000175215  0.000222418 -0.000871386   0.00011268  9.71694e-05 -0.000185117 -0.000891018  0.000295993   0.00330995   0.00295526    0.0014273   -0.0042467   0.00241087  0.000943073  -0.00251324  -0.00340468   0.00790805   0.00281246   0.00161544  -0.00428984   0.00232639   0.00121862  -0.00256653  -0.00327073   0.00753006   0.00287717   0.00171503  -0.00418218   0.00233082   0.00153413  -0.00258864  -0.00317646   0.00717832   0.00287897   0.00182302     -0.00416   0.00232035   0.00183043  -0.00261084  -0.00307261   0.00683693   0.00294577   0.00189145   -0.0041149   0.00235116   0.00210151  -0.00261727  -0.00298211   0.00650688   0.00307273   0.00192005  -0.00405233   0.00242941   0.00231647   -0.0026028  -0.00290979   0.00619799   0.00312493   0.00193989  -0.00408873   0.00251579   0.00242183  -0.00257179  -0.00285145   0.00592609   0.00326121   0.00190738   -0.0040868     0.002663   0.00244078  -0.00251956  -0.00283772   0.00569475   0.00408491     0.001635  -0.00352358   0.00309361   0.00245424  -0.00240037  -0.00295944   0.00553978   0.00454154   0.00143453  -0.00328502   0.00341877   0.00234274  -0.00231732  -0.00310666 -0.000346092
========================================
primal_step_norm SUCCESS
SOLVED , sqp_iter_: 0
AFTER initial_guess_[0].uk: [-0.046106, 0.001499, -0.090350, 0.009080, -0.006957, 0.002706, -0.190084, 0.374348]
BEFORE initial_guess_[0].uk: [-0.044577, 0.001382, -0.091455, 0.010161, -0.007051, 0.002846, -0.190980, 0.323734]
Initialization finished.
Allocations finished.
Setup successful.
Solver is ready.
Starting solver...
Solver initialization verified.
Solver finished.
===== SQP Iteration: 0 =====
step_ (179 x 1): 
-4.27257e-05  2.33698e-05 -4.44026e-05 -4.56902e-05  1.44667e-05 -1.69879e-05  3.12713e-05 -3.40543e-05 -1.07525e-05  5.38521e-05 -3.73212e-06 -3.24367e-05  4.78907e-05 -5.08404e-05  1.01099e-05 -4.59932e-05 -2.24138e-06 -6.05295e-05  9.93484e-05  1.41641e-05 -8.00352e-05   5.2084e-05 -6.09206e-05   -5.301e-08 -6.67415e-05  1.44899e-06 -0.000109552   0.00014808  3.16996e-05 -0.000129239  5.73327e-05 -7.06589e-05 -9.84884e-06 -8.72425e-05  3.92503e-06  -0.00013391  0.000199263  4.87257e-05 -0.000180394  6.37536e-05  -8.0289e-05 -1.92498e-05 -0.000107657  6.12671e-06 -0.000129714  0.000251724  6.54949e-05 -0.000234181    7.099e-05 -8.99024e-05 -2.84801e-05 -0.000128032  8.99591e-06 -9.32778e-05  0.000305764  8.14863e-05 -0.000289979  7.93046e-05 -9.93697e-05 -3.76916e-05 -0.000148586  1.20381e-05 -2.08489e-05  0.000363447  9.44768e-05 -0.000345832  8.98612e-05 -0.000108622 -4.68248e-05 -0.000169893  1.33429e-05   9.1948e-05  0.000418347  0.000108948 -0.000406138  9.95578e-05 -0.000117974 -5.66967e-05 -0.000190638  1.84984e-05   0.00024871  0.000248969  0.000120429 -0.000897865  0.000141203 -0.000202509  -6.8414e-05 -0.000887086  0.000422463  0.000804916  0.000186081  0.000152368  -0.00107809  0.000115394 -0.000256143 -9.38631e-05 -0.000906121  0.000242291  0.000773439   0.00562671   0.00124033  -0.00609513  0.000688409 -0.000533397  -0.00174415  -0.00264227  -0.00135714   0.00591066   0.00138873    -0.006473  0.000581165 -0.000547432  -0.00178242  -0.00248374 -0.000954536   0.00631452   0.00139067  -0.00670522  0.000655234 -0.000609182  -0.00176617  -0.00239645 -0.000461824   0.00657585   0.00137338  -0.00701389  0.000767096 -0.000727287  -0.00173286  -0.00234754  0.000108843   0.00670118   0.00135683   -0.0073895  0.000884486 -0.000877923  -0.00170006  -0.00233637  0.000753558   0.00694781   0.00128646  -0.00760615   0.00107345  -0.00100421   -0.0016636  -0.00238457   0.00147341   0.00778845   0.00100961  -0.00725066   0.00151054  -0.00105866  -0.00157358  -0.00254958   0.00228047   0.00731043   0.00109985  -0.00794657   0.00148833  -0.00128453   -0.0015943   -0.0025998   0.00316031   0.00684143   0.00113071  -0.00855662   0.00152238  -0.00153957    -0.001598  -0.00268043    0.0041145   0.00714106  0.000925536   -0.0084727    0.0018438  -0.00172575  -0.00152075  -0.00285282 -0.000640768
========================================
primal_step_norm SUCCESS
SOLVED , sqp_iter_: 0
AFTER initial_guess_[0].uk: [-0.032339, 0.004080, -0.104712, 0.011658, -0.008443, -0.001707, -0.197877, 0.316948]
BEFORE initial_guess_[0].uk: [-0.029580, 0.003843, -0.105921, 0.013023, -0.008685, -0.001526, -0.198530, 0.272878]
Initialization finished.
Allocations finished.
Setup successful.
Solver is ready.
Starting solver...
Solver initialization verified.
Solver finished.
===== SQP Iteration: 0 =====
step_ (179 x 1): 
-9.27765e-05  2.39313e-05 -9.39336e-05 -4.96758e-05 -3.46144e-06  -1.7669e-05  2.48215e-05 -0.000131984 -1.18569e-05  0.000113456  5.84239e-07 -7.17332e-05  5.16232e-05 -3.90691e-07  1.37207e-06 -3.65608e-05 -2.45319e-05 -2.78559e-05  0.000209377  2.51007e-05 -0.000167888   6.0901e-05   2.1979e-05 -1.36447e-05  -3.3346e-05 -2.94966e-05 -4.94002e-05  0.000307502  4.98176e-05 -0.000266383  7.03407e-05  4.43736e-05 -2.86541e-05 -2.90416e-05 -3.41325e-05 -5.34752e-05  0.000407138  7.42883e-05 -0.000367556  8.02738e-05  6.59949e-05 -4.35588e-05  -2.4087e-05 -3.81993e-05 -3.75091e-05  0.000507986  9.81973e-05  -0.00047128  9.09759e-05  8.60184e-05 -5.82889e-05 -1.89428e-05 -4.10527e-05   1.3284e-06  0.000610215  0.000120993 -0.000577116  0.000102957  0.000103811 -7.27627e-05 -1.40113e-05 -4.27268e-05  6.66774e-05  0.000711987  0.000143221 -0.000686226  0.000115765  0.000119029 -8.72236e-05 -8.99776e-06 -4.17953e-05  0.000162091  0.000813672  0.000164051 -0.000798167  0.000129814  0.000131581 -0.000101741 -3.82814e-06 -3.88484e-05  0.000290278  0.000748883  0.000191435  -0.00140283  0.000191246  5.03899e-05  -0.00012688 -0.000701978  0.000369529  0.000774823  0.000736899  0.000227595  -0.00163326  0.000172434   1.4152e-05 -0.000155536 -0.000695655  0.000187655  0.000749076    0.0117346   0.00185363   -0.0132614    0.0019258    0.0019865  -0.00204034  0.000970341  -0.00069922    0.0120427   0.00195996   -0.0136023     0.001815    0.0019809  -0.00209494   0.00114804 -0.000398736    0.0123542   0.00198429   -0.0139002   0.00181858   0.00191044  -0.00210723   0.00123912 -5.16464e-05    0.0126041   0.00196653    -0.014207    0.0018843   0.00175995  -0.00209204   0.00125134  0.000347332    0.0128187   0.00191693   -0.0144962   0.00200022    0.0015201  -0.00205393   0.00118111  0.000803461    0.0130916   0.00182109   -0.0146864   0.00218394   0.00123123  -0.00199697   0.00104341    0.0013327    0.0130768   0.00176021   -0.0150586   0.00232786  0.000900985  -0.00195984  0.000906759   0.00193362    0.0132748   0.00161468   -0.0151971   0.00257955  0.000615649  -0.00190353  0.000725098   0.00258907    0.0134054   0.00147577   -0.0153508   0.00282801  0.000329846  -0.00185057  0.000542515   0.00332106    0.0137733   0.00123503   -0.0152497   0.00319473  7.37027e-05   -0.0017655  0.000324172 -0.000526785
========================================
primal_step_norm SUCCESS
SOLVED , sqp_iter_: 0
AFTER initial_guess_[0].uk: [-0.004057, 0.007875, -0.134765, 0.017212, -0.003501, -0.006851, -0.195997, 0.269381]
BEFORE initial_guess_[0].uk: [0.000794, 0.007015, -0.135181, 0.019329, -0.003848, -0.006487, -0.196607, 0.231156]
Initialization finished.
Allocations finished.
Setup successful.
Solver is ready.
Starting solver...
Solver initialization verified.
Solver finished.
===== SQP Iteration: 0 =====
step_ (179 x 1): 
-0.000154254  3.30755e-05 -0.000156683 -6.67226e-05 -2.39254e-05 -2.65462e-05  1.97811e-05 -0.000247053 -1.41286e-05  6.27791e-05 -3.42753e-05  -3.8178e-05   2.1084e-06  1.38706e-05  1.86899e-05 -1.35992e-05 -1.63118e-05  0.000621381  0.000104302 -5.11014e-05 -9.19919e-05 -2.94952e-05   5.1743e-05  2.93482e-05  3.84129e-06 -1.81813e-05   0.00117908  0.000143645  -6.7724e-05 -0.000143984 -6.02443e-05  9.05317e-05  4.11989e-05  2.21928e-05 -1.92511e-05   0.00168338  0.000182526 -8.57224e-05 -0.000193474 -8.90278e-05  0.000130431  5.45381e-05  4.12213e-05 -2.15927e-05   0.00213709  0.000215018 -0.000100262  -0.00024569 -0.000119086  0.000171476  6.85864e-05  6.24325e-05 -1.95987e-05   0.00254125  0.000244675 -0.000113385 -0.000298532 -0.000149018  0.000213645  8.35548e-05  8.53362e-05 -1.56742e-05   0.00289679  0.000273847 -0.000126293 -0.000351023 -0.000177941  0.000256596  9.94717e-05  0.000109516 -1.14621e-05   0.00320611  0.000301036 -0.000138455  -0.00040473 -0.000206559  0.000299708  0.000115856  0.000135396  -5.8166e-06   0.00347125  0.000264339 -0.000126939  -0.00106406 -0.000168612  0.000253039  0.000108145 -0.000541228  0.000410327   0.00398811  0.000175149 -0.000121167  -0.00123549  -0.00023411  0.000250341  0.000108793 -0.000514227  0.000228243   0.00398655    0.0061892  -0.00227668  -0.00707462  -0.00204611   0.00371009   0.00262375    0.0022383    0.0123202   0.00568556  -0.00196569  -0.00687749  -0.00248272   0.00382204   0.00249954   0.00239736    0.0112124   0.00576026  -0.00184275  -0.00627259  -0.00268312   0.00399206   0.00244732   0.00246844    0.0101405   0.00626286  -0.00185421  -0.00539823   -0.0027054   0.00423436   0.00244501    0.0024926   0.00912383    0.0054629   -0.0014765  -0.00573577  -0.00318464   0.00433001    0.0023395   0.00266829   0.00812861   0.00535079   -0.0012857  -0.00561021  -0.00340205   0.00447956   0.00230497   0.00275454   0.00715209    0.0056486  -0.00121069  -0.00525866  -0.00344465   0.00462606   0.00231762   0.00277545   0.00622343   0.00564683  -0.00112006  -0.00523408  -0.00350048   0.00467144   0.00232181   0.00279176   0.00533566   0.00553296  -0.00109735   -0.0053673  -0.00347496   0.00460368   0.00233723    0.0027621   0.00449649     0.005838  -0.00128081  -0.00522647  -0.00319056   0.00444246   0.00241044   0.00260631 -4.52388e-05
========================================
primal_step_norm SUCCESS
SOLVED , sqp_iter_: 0
AFTER initial_guess_[0].uk: [0.014256, 0.002064, -0.150568, 0.014879, 0.005835, 0.000361, -0.190765, 0.292757]
BEFORE initial_guess_[0].uk: [0.017275, 0.001753, -0.150766, 0.016249, 0.005296, 0.000542, -0.191213, 0.252965]
Initialization finished.
Allocations finished.
Setup successful.
Solver is ready.
Starting solver...
Solver initialization verified.
Solver finished.
===== SQP Iteration: 0 =====
step_ (179 x 1): 
-0.000238042  2.81298e-05 -0.000239744 -5.53884e-05 -5.10723e-05 -2.14604e-05  3.82657e-05 -0.000361721 -1.33093e-05  2.62781e-05 -2.30378e-05 -4.47838e-05  7.51044e-05 -7.83484e-05  2.71123e-05 -5.83802e-05  2.88959e-05  -0.00025398  5.91973e-05 -8.00327e-06 -9.27724e-05  7.29568e-05  -0.00012422  2.28466e-05  -0.00011555  4.65744e-05 -0.000472665  9.73256e-05  7.02412e-06 -0.000142177  7.07125e-05 -0.000168735  1.78679e-05 -0.000172289  6.30634e-05 -0.000645396  0.000138017  2.21292e-05 -0.000194496  6.82927e-05 -0.000212573  1.22669e-05 -0.000228688  7.95466e-05 -0.000771421  0.000181203  3.64417e-05 -0.000249422   6.6253e-05 -0.000256244  6.36288e-06 -0.000285603  9.60375e-05 -0.000849867   0.00022675  4.93515e-05  -0.00030616   6.5052e-05 -0.000300224  4.57622e-07 -0.000343997   0.00011226  -0.00087947  0.000274816  6.04568e-05 -0.000363997  6.50842e-05 -0.000344925 -5.15446e-06 -0.000404967  0.000127824 -0.000858344  0.000325246  6.93963e-05 -0.000422124  6.67107e-05 -0.000390657 -1.01538e-05 -0.000469698  0.000142314 -0.000784304  0.000343395  8.43643e-05  -0.00113828  0.000112575 -0.000492134 -2.12897e-05  -0.00121931  0.000572062 -0.000362199  0.000268915  0.000108254  -0.00132416  7.86578e-05 -0.000589581 -3.99769e-05  -0.00129295  0.000361938 -0.000391879   0.00431507   0.00139623  -0.00555355   -0.0013319  -0.00562721    -0.000863  -0.00857324   -0.0053403   0.00520591   0.00137906   -0.0056236  -0.00115114  -0.00544166 -0.000849335  -0.00858688  -0.00436227   0.00585123   0.00130284  -0.00584687 -0.000907649  -0.00534818 -0.000816636  -0.00855938  -0.00344125   0.00603128   0.00123702  -0.00638575 -0.000693186  -0.00535893 -0.000790306  -0.00849088  -0.00250475   0.00619238   0.00110439  -0.00686057 -0.000407425  -0.00542439 -0.000738248  -0.00846221  -0.00155047   0.00634623  0.000931196  -0.00725631 -8.09634e-05  -0.00554146 -0.000672309  -0.00848255 -0.000570642   0.00649137  0.000738714  -0.00757061  0.000259792   -0.0057045 -0.000602449  -0.00855305   0.00044684   0.00665163   0.00053147  -0.00778079  0.000606929  -0.00590089  -0.00053171  -0.00867213   0.00150795   0.00678826  0.000348208  -0.00793679  0.000918702  -0.00612703 -0.000466564  -0.00881933    0.0026456   0.00715291  0.000101093  -0.00781637   0.00129307  -0.00633591 -0.000379137   -0.0090085 -0.000606605
========================================
primal_step_norm SUCCESS
SOLVED , sqp_iter_: 0
AFTER initial_guess_[0].uk: [0.026661, 0.004790, -0.162845, 0.013352, -0.009391, -0.001710, -0.213589, 0.226264]
BEFORE initial_guess_[0].uk: [0.030958, 0.004368, -0.163504, 0.015182, -0.009895, -0.001377, -0.214357, 0.194978]
Initialization finished.
Allocations finished.
Setup successful.
Solver is ready.
Starting solver...
Solver initialization verified.
Solver finished.
===== SQP Iteration: 0 =====
step_ (179 x 1): 
 -0.00031159  3.31558e-05 -0.000312748 -6.76553e-05 -7.44182e-05  -2.5689e-05  2.10622e-05 -0.000517959 -1.56397e-05  9.20913e-05 -1.23032e-05 -2.11825e-05  3.99151e-05   3.4545e-05  5.70667e-06 -5.39493e-06 -4.74903e-05  0.000332032  0.000151211  3.87596e-07 -7.58376e-05  3.59976e-05  9.37655e-05 -5.00098e-06  4.61935e-05 -6.46862e-05  0.000626433  0.000209032  1.35043e-05 -0.000130923  3.22149e-05  0.000153529  -1.4926e-05  9.87635e-05 -7.95612e-05  0.000892302  0.000265263  2.66327e-05 -0.000187028  2.89964e-05  0.000213116 -2.40083e-05  0.000152092 -9.28358e-05   0.00113324  0.000319823  3.96876e-05 -0.000244678  2.64814e-05  0.000272089 -3.23523e-05  0.000206222 -0.000104104   0.00135256  0.000372318   5.2708e-05 -0.000304666  2.44855e-05  0.000330043 -4.02064e-05   0.00026144 -0.000112636   0.00155308  0.000423339  6.59092e-05 -0.000367128  2.30275e-05  0.000386504  -4.7758e-05  0.000318067 -0.000118471   0.00173744  0.000472274  7.94122e-05 -0.000433017  2.18368e-05  0.000440925 -5.54015e-05  0.000376438   -0.0001209   0.00190734  0.000542133  0.000103341  -0.00121533  7.21889e-05  0.000383086 -7.32379e-05 -0.000320937  0.000307757   0.00232624  0.000463515  0.000135905  -0.00141091  3.26249e-05  0.000384205  -9.7103e-05 -0.000258561  0.000102077   0.00231837   0.00751736  0.000519653  -0.00786454   0.00111785   0.00562332  -0.00110233   0.00741662   0.00651715   0.00728697  0.000764154   -0.0078842  0.000709304   0.00568706  -0.00122035   0.00750612    0.0059473   0.00733191  0.000877389  -0.00769958  0.000477094   0.00571698  -0.00127898   0.00746731   0.00537108   0.00738961  0.000951505  -0.00753936  0.000313975   0.00569763  -0.00131518   0.00736984   0.00486715   0.00741875    0.0010056  -0.00744276  0.000199588   0.00563754  -0.00133708   0.00724401    0.0044297   0.00743576   0.00103533   -0.0073986  0.000140118   0.00554568  -0.00134414    0.0071055   0.00404967   0.00754816    0.0010669  -0.00736196   0.00012661     0.005426  -0.00133203   0.00696229   0.00372243   0.00756995   0.00107982  -0.00744087  0.000154828   0.00526372  -0.00131148   0.00682886   0.00343036   0.00762152   0.00102693  -0.00752907  0.000277323   0.00506527  -0.00127256   0.00668602   0.00318904   0.00795742  0.000817751  -0.00739961  0.000596547   0.00484942  -0.00119201   0.00649138 -0.000172424
========================================
primal_step_norm SUCCESS
SOLVED , sqp_iter_: 0
AFTER initial_guess_[0].uk: [0.047309, 0.005498, -0.180609, 0.017613, 0.004782, -0.004254, -0.195000, 0.227564]
BEFORE initial_guess_[0].uk: [0.051202, 0.005106, -0.180823, 0.019100, 0.004080, -0.003990, -0.195790, 0.196380]
Initialization finished.
Allocations finished.
Setup successful.
Solver is ready.
Starting solver...
Solver initialization verified.
Solver finished.
===== SQP Iteration: 0 =====
step_ (179 x 1): 
-0.000415697  3.55897e-05 -0.000417556 -7.07965e-05  -0.00011215 -2.75236e-05  4.13565e-05 -0.000660572 -1.53817e-05   1.2231e-05 -2.63662e-05  -4.8107e-05  5.18671e-05 -4.00905e-05  2.21564e-05 -3.88619e-05  3.20752e-05   3.6925e-05  2.68511e-05 -2.06103e-05 -9.63079e-05   4.0308e-05 -3.51171e-05  2.11628e-05 -7.61537e-05  4.81894e-05  7.30678e-05  4.35928e-05 -1.38168e-05 -0.000144394  2.85348e-05 -2.84059e-05  1.98214e-05 -0.000112747  6.48826e-05  0.000116912   6.1629e-05 -6.76509e-06 -0.000192969  1.71563e-05 -2.06719e-05  1.85437e-05 -0.000149338  8.09436e-05  0.000169756  8.12308e-05 -2.37477e-07 -0.000241475  6.79842e-06 -1.22954e-05  1.76872e-05 -0.000186747  9.59608e-05   0.00023322  0.000102253  5.68715e-06 -0.000290004 -2.40736e-06 -3.60771e-06  1.74582e-05 -0.000225689   0.00011008  0.000308972  0.000124652  1.07662e-05 -0.000338292 -1.02267e-05  5.09778e-06  1.80715e-05 -0.000266927  0.000123245  0.000398808  0.000148551  1.47043e-05 -0.000386213  -1.6396e-05  1.35702e-05  1.97403e-05 -0.000310949  0.000135159  0.000504414  0.000247183  3.74154e-05  -0.00121431  3.43554e-05 -4.63123e-05  5.16118e-06  -0.00106101   0.00057433   0.00088122   0.00013988  5.79568e-05  -0.00139744  -8.0604e-06 -9.01944e-05 -6.39911e-06  -0.00111263   0.00035389  0.000865078   0.00306197 -0.000112006  -0.00487263 -0.000472345  0.000577106  0.000632615  -0.00659135  0.000485809   0.00329584  5.98515e-05  -0.00495227 -0.000533106  0.000747654  0.000555341  -0.00639844   0.00075005    0.0035279  0.000127792  -0.00502076 -0.000484841  0.000849059  0.000526459  -0.00626087  0.000904812   0.00368629  0.000144322  -0.00513871 -0.000385465  0.000880234  0.000526664  -0.00617085   0.00108567   0.00386726  0.000105071  -0.00522335 -0.000225399  0.000858006  0.000553573  -0.00613855   0.00129876   0.00396135   6.5693e-05  -0.00537234 -6.77206e-05   0.00077308  0.000588311  -0.00614686   0.00154538   0.00403284  1.28222e-05  -0.00552863   0.00010317  0.000636448  0.000631438  -0.00620059   0.00182784   0.00409028 -5.52809e-05  -0.00568425  0.000287688  0.000451466  0.000680804  -0.00629647   0.00214378   0.00418383  -0.00015987  -0.00579474  0.000507941  0.000225947   0.00074008  -0.00643494   0.00252007   0.00453449 -0.000379613  -0.00566423  0.000852584 -9.30626e-06  0.000829141  -0.00663523 -0.000337487
========================================
primal_step_norm SUCCESS
SOLVED , sqp_iter_: 0
AFTER initial_guess_[0].uk: [0.057862, 0.004863, -0.191421, 0.018073, 0.005586, -0.002339, -0.212993, 0.198809]
BEFORE initial_guess_[0].uk: [0.060644, 0.004807, -0.192765, 0.019390, 0.004710, -0.002192, -0.213506, 0.171754]
Initialization finished.
Allocations finished.
Setup successful.
Solver is ready.
Starting solver...
Solver initialization verified.
Solver finished.
===== SQP Iteration: 0 =====
step_ (179 x 1): 
-0.000508689  3.52255e-05 -0.000511653 -7.17803e-05 -0.000143706  -2.6146e-05  3.56198e-05 -0.000829924 -1.62514e-05  7.85392e-05 -2.32765e-05 -2.00624e-05  6.77998e-05 -3.23844e-05  1.94274e-05 -4.17896e-05 -2.32871e-05 -4.71689e-05  0.000133007 -9.76664e-06 -6.85065e-05  6.62962e-05 -3.07668e-05  1.01239e-05 -3.51783e-05 -3.08691e-05   -8.351e-05  0.000190184  4.77668e-06 -0.000117571  6.44069e-05  -2.7538e-05  5.08754e-07   -2.696e-05 -3.64084e-05 -0.000105782  0.000248238  2.04188e-05 -0.000169082  6.23953e-05 -2.39176e-05 -9.14276e-06  -1.7467e-05 -4.10696e-05 -0.000112709  0.000307025  3.62578e-05 -0.000223009  6.08935e-05 -2.05197e-05 -1.86302e-05 -7.16031e-06 -4.47135e-05 -0.000102783  0.000366201  5.18092e-05 -0.000279268  6.02112e-05 -1.78527e-05 -2.78623e-05  3.69663e-06  -4.7077e-05 -7.44731e-05  0.000425392  6.68541e-05 -0.000338057  6.04906e-05 -1.63658e-05 -3.68181e-05  1.48075e-05  -4.7731e-05 -2.60897e-05  0.000484242  8.12552e-05 -0.000399658   6.1796e-05  -1.6439e-05 -4.55019e-05  2.60251e-05 -4.63412e-05  4.37641e-05  0.000646501  0.000113163  -0.00128817  0.000120529 -8.77893e-05 -6.73664e-05 -0.000720777  0.000393772  0.000373364  0.000568407  0.000147639  -0.00149015  8.00767e-05  -0.00014363 -9.21977e-05 -0.000708167  0.000166908  0.000357224   0.00655828  0.000914277  -0.00673227  0.000346377 -0.000597279  -0.00117456   0.00111318  -0.00114948   0.00702633  0.000991084  -0.00669515   0.00032072 -0.000363758  -0.00121899   0.00127841 -0.000686951   0.00729527   0.00106757  -0.00685004  0.000308388 -0.000248176  -0.00123501    0.0013899  -0.00040844   0.00740279   0.00116489  -0.00716102  0.000289068 -0.000236805  -0.00123427   0.00145227 -0.000103753   0.00753637   0.00118591  -0.00741611  0.000359217 -0.000289775  -0.00120667   0.00144269  0.000231429   0.00766004   0.00116383  -0.00764695   0.00048205  -0.00040482  -0.00116519   0.00137731  0.000597863   0.00775923   0.00111624  -0.00786652  0.000637328 -0.000577419    -0.001117   0.00126855  0.000998652   0.00782836   0.00105001  -0.00807987  0.000815727 -0.000802714  -0.00106518   0.00112699   0.00142797   0.00791942  0.000946082  -0.00824144   0.00103691  -0.00106973  -0.00100487  0.000955327   0.00191273    0.0082765   0.00072017  -0.00813501   0.00139603  -0.00134124 -0.000911824  0.000731655 -0.000337847
========================================
primal_step_norm SUCCESS
SOLVED , sqp_iter_: 0
AFTER initial_guess_[0].uk: [0.074908, 0.006796, -0.207408, 0.020144, 0.003151, -0.005258, -0.210601, 0.166006]
BEFORE initial_guess_[0].uk: [0.078109, 0.006505, -0.208719, 0.021774, 0.002379, -0.005006, -0.211059, 0.143455]
Initialization finished.
Allocations finished.
Setup successful.
Solver is ready.
Starting solver...
Solver initialization verified.
Solver finished.
===== SQP Iteration: 0 =====
step_ (179 x 1): 
-0.000591613  3.26196e-05 -0.000593225 -6.26373e-05  -0.00017774 -2.17156e-05  3.27647e-05 -0.000977309 -1.61033e-05  6.84658e-05  -3.3315e-05 -1.45451e-05  8.29118e-05 -5.80694e-05  2.57434e-05 -4.15405e-05 -8.16572e-06  -0.00061355  0.000118396 -2.40054e-05 -5.90221e-05  8.48384e-05 -7.32835e-05  1.93295e-05 -4.48998e-05 -1.83667e-05  -0.00113101  0.000176727 -1.06495e-05 -0.000102605  8.58417e-05 -8.73483e-05  1.14198e-05 -4.75182e-05 -2.41787e-05   -0.0015712  0.000239025  5.10084e-06 -0.000148902  8.66731e-05 -0.000102339  2.59446e-06 -5.00151e-05 -3.01746e-05  -0.00193662  0.000304632  2.17154e-05 -0.000197948  8.81343e-05 -0.000119011  -6.6152e-06 -5.30119e-05 -3.61762e-05  -0.00222845  0.000372993  3.81091e-05 -0.000249531  9.08443e-05 -0.000137902 -1.57526e-05  -5.7039e-05  -4.1854e-05  -0.00244744  0.000443283  5.35812e-05 -0.000303406  9.51541e-05   -0.0001594 -2.44291e-05 -6.26349e-05 -4.67859e-05  -0.00259367  0.000514744  6.77456e-05 -0.000359678  0.000101268 -0.000183766 -3.23431e-05 -7.03392e-05 -5.06628e-05  -0.00266713   0.00075419  0.000107902  -0.00130355  0.000173591 -0.000292487 -6.02303e-05  -0.00083428  0.000385452  -0.00244649   0.00069258  0.000141089  -0.00149893   0.00013753 -0.000374177 -8.40654e-05 -0.000846722  0.000152369  -0.00247373   0.00538086  0.000456125  -0.00599775 -0.000574806  -0.00165529  -0.00105505 -0.000286347   -0.0125294   0.00648288  0.000813764  -0.00607163 -0.000599511  -0.00166102  -0.00126915 -0.000307119   -0.0103295   0.00706024   0.00111241  -0.00651305 -0.000606949  -0.00182906  -0.00142274 -0.000360012  -0.00878523   0.00748091    0.0012781  -0.00699873 -0.000501608  -0.00209968   -0.0015012 -0.000484671  -0.00728991   0.00784303   0.00132355  -0.00744173 -0.000291555  -0.00244834  -0.00151888 -0.000676318  -0.00581723   0.00814175     0.001287  -0.00784616 -1.66791e-05   -0.0028602  -0.00149487 -0.000918039  -0.00435868   0.00835918    0.0012024  -0.00822808  0.000286286  -0.00331843  -0.00144447  -0.00119222  -0.00290146   0.00849051   0.00109164  -0.00859231  0.000593065  -0.00380262  -0.00137867  -0.00148145  -0.00144319   0.00859958  0.000947399  -0.00888351  0.000912104  -0.00428274  -0.00130054   -0.0017739  6.92518e-05   0.00896898  0.000690125  -0.00885213   0.00133557  -0.00469605  -0.00119282  -0.00208165 -0.000558899
========================================
primal_step_norm SUCCESS
SOLVED , sqp_iter_: 0
AFTER initial_guess_[0].uk: [0.089813, 0.007497, -0.221764, 0.020524, -0.001941, -0.007760, -0.211806, 0.080809]
BEFORE initial_guess_[0].uk: [0.094588, 0.007696, -0.223513, 0.022357, -0.003354, -0.007858, -0.212730, 0.070792]
Initialization finished.
Allocations finished.
Setup successful.
Solver is ready.
Starting solver...
Solver initialization verified.
Solver finished.
===== SQP Iteration: 0 =====
step_ (179 x 1): 
-0.000676614  2.68681e-05 -0.000678422 -5.39731e-05 -0.000211994 -1.61794e-05  2.62749e-05  -0.00112982  -1.6255e-05   8.9459e-05 -3.85242e-05 -3.30276e-05  6.72657e-05 -4.91605e-05  2.36634e-05  -3.5422e-05 -2.89878e-06 -0.000441841   0.00015637 -3.38604e-05 -9.88307e-05  6.37056e-05  -5.7892e-05  1.88698e-05 -3.07719e-05 -1.99945e-05 -0.000790352  0.000233828  -2.4931e-05 -0.000161431  5.96428e-05 -6.23698e-05  1.30516e-05 -2.42209e-05 -2.85219e-05  -0.00108964  0.000315022  -1.3135e-05 -0.000226906  5.55936e-05 -6.58465e-05   6.5224e-06 -1.63538e-05 -3.69319e-05  -0.00134329  0.000398874  2.06248e-07  -0.00029551  5.20923e-05 -6.94429e-05 -4.66254e-07  -7.8349e-06 -4.50717e-05  -0.00155238  0.000484962  1.40527e-05 -0.000367232  4.95484e-05 -7.40495e-05  -7.6968e-06  7.91122e-07 -5.25136e-05  -0.00171779  0.000572735  2.75992e-05 -0.000441791  4.82778e-05   -8.043e-05 -1.49842e-05  9.05662e-06  -5.8951e-05  -0.00183987  0.000661419  4.02732e-05 -0.000519253  4.85044e-05 -8.93121e-05  -2.2151e-05  1.65589e-05 -6.43201e-05  -0.00191973  0.000995592  8.68844e-05  -0.00154025  0.000128898 -0.000220805 -5.53618e-05 -0.000749194  0.000366962   -0.0017641  0.000961749  0.000117848  -0.00174638  9.16937e-05 -0.000283127 -7.61624e-05 -0.000744181  0.000155029  -0.00177899   0.00775914  0.000393268  -0.00879392  -0.00144822  -0.00118765  -0.00109429  0.000901168   -0.0090682   0.00902566  0.000678701  -0.00865898  -0.00127794 -0.000849034  -0.00114271   0.00105496  -0.00694444   0.00959977  0.000975117  -0.00905124  -0.00118401 -0.000725264  -0.00118067    0.0011849  -0.00596206   0.00998121   0.00115601  -0.00953452  -0.00100865 -0.000746128  -0.00117341   0.00122728   -0.0050505    0.0102834    0.0012266    -0.010009 -0.000750635 -0.000886711  -0.00112814   0.00117973   -0.0041597    0.0105343   0.00121186   -0.0104505 -0.000433683  -0.00113279  -0.00105683   0.00105135  -0.00328595    0.0107435   0.00113379   -0.0108517 -7.99396e-05  -0.00147167 -0.000969114  0.000853177  -0.00241843     0.010901   0.00101249   -0.0112226  0.000288874  -0.00189247 -0.000872952  0.000598804  -0.00157252    0.0110282  0.000850115   -0.0115456  0.000670418  -0.00238072 -0.000771325  0.000299532 -0.000673843    0.0114063  0.000565829   -0.0115714   0.00115859  -0.00288293 -0.000644077 -6.19418e-05 -0.000311056
========================================
primal_step_norm SUCCESS
SOLVED , sqp_iter_: 0
AFTER initial_guess_[0].uk: [0.111465, 0.008551, -0.242640, 0.019207, -0.006454, -0.010714, -0.210378, 0.025451]
BEFORE initial_guess_[0].uk: [0.117387, 0.009042, -0.244853, 0.021597, -0.007816, -0.010654, -0.211297, 0.025012]
Initialization finished.
Allocations finished.
Setup successful.
Solver is ready.
Starting solver...
Solver initialization verified.
Solver finished.
===== SQP Iteration: 0 =====
step_ (179 x 1): 
-0.000715584  1.87104e-05 -0.000717575 -4.06712e-05 -0.000224975 -1.28373e-05  2.02162e-05  -0.00120212 -1.44041e-05  0.000202025  3.87379e-06 -0.000113935  0.000105417 -0.000110967 -3.86357e-06 -5.16091e-05  3.38519e-05   -0.0014532  0.000369499  4.25229e-05 -0.000292515  0.000143574 -0.000189294  -2.8502e-05 -6.99874e-05  2.69722e-06  -0.00253706  0.000568232  8.07731e-05 -0.000465779   0.00018087 -0.000253998 -5.33479e-05 -8.71184e-05 -2.83263e-06  -0.00343041  0.000781972  0.000117089 -0.000647716  0.000218028 -0.000313707  -7.7897e-05 -0.000104013 -8.65813e-06  -0.00415997   0.00100812  0.000150678 -0.000838732  0.000255432 -0.000371521 -0.000101881 -0.000121608 -1.64749e-05  -0.00473649   0.00124568   0.00018122  -0.00103783  0.000293129  -0.00042953 -0.000125142  -0.00014062 -2.50645e-05  -0.00516848   0.00149288  0.000209747  -0.00124428  0.000329944 -0.000489042 -0.000147869  -0.00016123  -3.0596e-05  -0.00546611   0.00171879   0.00025842   -0.0014824  0.000350763 -0.000553311 -0.000173611 -0.000177822 -1.57132e-05  -0.00565726   0.00229059  0.000346847  -0.00274566  0.000456447 -0.000764309 -0.000230807 -0.000969768  0.000435109  -0.00558995   0.00241199  0.000412373   -0.0031091  0.000434085 -0.000881062 -0.000271601 -0.000989981  0.000263247  -0.00559923    0.0202654   0.00395114   -0.0219716    0.0032641  -0.00987769  -0.00409641   -0.0015109   -0.0293763    0.0224295   0.00379364   -0.0236595   0.00335115  -0.00897075  -0.00417846  -0.00141213   -0.0216995    0.0240187   0.00373316     -0.02553   0.00326839   -0.0083525  -0.00424899  -0.00137271   -0.0178878    0.0255555   0.00355909   -0.0271551   0.00327062  -0.00801049   -0.0042662    -0.001457   -0.0146086    0.0269494   0.00333199   -0.0286227   0.00329247  -0.00793477  -0.00425347  -0.00163667   -0.0115441    0.0281833   0.00308908   -0.0299556   0.00329498  -0.00808883  -0.00422212   -0.0018934  -0.00864874    0.0290672   0.00292223   -0.0313304    0.0031738  -0.00844566  -0.00419476  -0.00218758  -0.00595608    0.0244954   0.00454874   -0.0372695  0.000910105  -0.00958014  -0.00464965  -0.00186554  -0.00381596     0.025044   0.00435177   -0.0384673  0.000772592   -0.0102229  -0.00458069  -0.00224375  -0.00213769    0.0257196   0.00400626   -0.0388873   0.00106428   -0.0108821  -0.00445489  -0.00269866 -0.000195319
========================================
primal_step_norm SUCCESS
SOLVED , sqp_iter_: 0
AFTER initial_guess_[0].uk: [0.161464, 0.017636, -0.292641, 0.028696, -0.033597, -0.021346, -0.215240, -0.121869]
BEFORE initial_guess_[0].uk: [0.169976, 0.017402, -0.299548, 0.031393, -0.033643, -0.021223, -0.216347, -0.087953]
Initialization finished.
Allocations finished.
Setup successful.
Solver is ready.
Starting solver...
Solver initialization verified.
Solver finished.
===== SQP Iteration: 0 =====
step_ (179 x 1): 
-0.000798185  2.14208e-05  -0.00080017 -4.37525e-05 -0.000264114 -1.84208e-05  2.27025e-05  -0.00133745 -1.38126e-05  0.000145697 -6.14736e-05 -0.000115951 -2.79895e-05  4.91978e-06   4.5156e-05 -8.60889e-06  4.74965e-05 -4.38561e-05  0.000251873 -0.000115665 -0.000280286 -8.63361e-05  4.61133e-05    8.342e-05 -2.78282e-06  1.19656e-05  9.97872e-05  0.000379084 -0.000170884 -0.000430337  -0.00014393  9.61857e-05  0.000121612  3.46349e-06  9.59136e-06  0.000247506  0.000510899 -0.000225633 -0.000583255 -0.000201649  0.000149291  0.000160297  1.03873e-05  1.31803e-05  0.000385113   0.00063825 -0.000272458 -0.000747405 -0.000264467  0.000204651  0.000198851  1.97686e-05  2.59621e-05  0.000503626  0.000739113 -0.000298279 -0.000940551 -0.000341316  0.000260062  0.000235192  3.55639e-05  5.78918e-05  0.000576932  0.000867242 -0.000343434  -0.00111854  -0.00040535  0.000318057  0.000276241  4.58661e-05  7.62012e-05  0.000596497  0.000999358  -0.00039163   -0.0012994 -0.000466049  0.000375288  0.000319576  5.44506e-05  9.14078e-05  0.000573627   0.00171407 -0.000359108  -0.00274742 -0.000414424  0.000207207  0.000309132 -0.000738723  0.000559224  0.000683757   0.00178397 -0.000398937  -0.00300434 -0.000497284  0.000232609  0.000347633 -0.000736108  0.000459003  0.000695965    0.0151761  -0.00392031   -0.0198134  -0.00844838   0.00595297   0.00642092  0.000565368  -0.00106842    0.0171805  -0.00469786   -0.0188141   -0.0076011   0.00618171   0.00650222  0.000344843   0.00288608    0.0174668  -0.00473046   -0.0194146  -0.00760477   0.00625265    0.0064438  0.000391801   0.00296495    0.0177801  -0.00463894   -0.0200946  -0.00772632   0.00633999   0.00643202   0.00044126   0.00276107    0.0167469  -0.00395495   -0.0220665  -0.00851419   0.00625679   0.00632602    0.0006626   0.00237922    0.0117075  -0.00218723   -0.0274308   -0.0106688   0.00563137   0.00587062    0.0013562   0.00147888    0.0166359  -0.00372808   -0.0241353  -0.00889251   0.00610118   0.00643073  0.000691764  0.000404999    0.0173866   -0.0039271   -0.0242784  -0.00853769   0.00589297    0.0065954  0.000488344  -0.00044298    0.0177215  -0.00408764   -0.0248289  -0.00829209   0.00545775   0.00674248  0.000222553   -0.0010854    0.0182786  -0.00439259   -0.0252574  -0.00796329   0.00483061   0.00690576  -0.00019849  0.000235473
========================================
primal_step_norm SUCCESS
SOLVED , sqp_iter_: 0
AFTER initial_guess_[0].uk: [0.202984, 0.008876, -0.342642, 0.013018, -0.018106, -0.004464, -0.214872, -0.093295]
BEFORE initial_guess_[0].uk: [0.213849, 0.006613, -0.347598, 0.017516, -0.018951, -0.003828, -0.217184, -0.057779]
Initialization finished.
Allocations finished.
Setup successful.
Solver is ready.
Starting solver...
Solver initialization verified.
Solver finished.
===== SQP Iteration: 0 =====
step_ (179 x 1): 
-0.000740352  1.92162e-05 -0.000742257 -3.91689e-05 -0.000267296 -1.59418e-05   1.7013e-05  -0.00124444  -1.1091e-05  0.000214393 -5.30813e-05 -2.69945e-05  0.000124194   -0.0002102  1.02725e-05 -0.000108708  0.000166799  -0.00248763  0.000313768  -7.4257e-05  -0.00022559  0.000195644 -0.000387862 -4.56732e-06 -0.000184713  7.87339e-05  -0.00381513  0.000496665 -7.77587e-05 -0.000388393  0.000254792 -0.000518656 -2.32081e-05 -0.000252987  7.69075e-05  -0.00473337  0.000669276 -3.43166e-05 -0.000598792  0.000281445 -0.000628626 -4.90808e-05 -0.000306838  0.000101025  -0.00543846  0.000893968  4.78308e-06 -0.000803634  0.000309604 -0.000720533   -7.305e-05 -0.000362032  0.000106948  -0.00601078   0.00114264  5.05193e-05  -0.00101808  0.000333546 -0.000801847 -9.70594e-05 -0.000416199  0.000106633  -0.00646151   0.00140325  0.000105016  -0.00124606  0.000352193 -0.000876947 -0.000121317 -0.000470183   0.00010545  -0.00679766   0.00166858  0.000168145  -0.00148859  0.000365901 -0.000949806 -0.000145885 -0.000524853  0.000104324  -0.00703584   0.00266488  0.000260437   -0.0031862  0.000435291  -0.00120136 -0.000177932   -0.0013829  0.000573469   -0.0070072    0.0028805  0.000337342  -0.00350557  0.000424441  -0.00129966 -0.000209963  -0.00144305  0.000467524  -0.00700851    0.0116847   -0.0019879   -0.0207102   0.00998719   -0.0188342  -0.00204873  -0.00843901   -0.0500309    0.0172062  -0.00157304   -0.0225492   0.00956722   -0.0158664  -0.00238148  -0.00788484   -0.0266033     0.020806 -0.000120891   -0.0253084   0.00776269   -0.0132138  -0.00291426   -0.0070713   -0.0184125    0.0166391   0.00376153   -0.0343958    0.0029469   -0.0119648  -0.00403178  -0.00549988   -0.0141379    0.0247215   0.00345794   -0.0325342   0.00305797  -0.00990177  -0.00380211  -0.00575857   -0.0114734    0.0280082   0.00407019   -0.0336902   0.00228554  -0.00900244  -0.00387735  -0.00572797  -0.00903346    0.0294942   0.00482336   -0.0355865   0.00144362  -0.00872912  -0.00393404  -0.00582178   -0.0067331    0.0300123    0.0055503   -0.0376231  0.000708572  -0.00895018  -0.00396455  -0.00603968  -0.00476454    0.0311132   0.00569946   -0.0386342  0.000588121  -0.00944337  -0.00385612  -0.00648696  -0.00295603    0.0319264   0.00558291   -0.0393182  0.000742162   -0.0101608  -0.00370207  -0.00700378 -3.02992e-05
========================================
primal_step_norm SUCCESS
SOLVED , sqp_iter_: 0
AFTER initial_guess_[0].uk: [0.239264, 0.002289, -0.392643, 0.039238, -0.068108, -0.009175, -0.239210, -0.307934]
BEFORE initial_guess_[0].uk: [0.257791, 0.001912, -0.404141, 0.041301, -0.062723, -0.009476, -0.240016, -0.176143]
Initialization finished.
Allocations finished.
Setup successful.
Solver is ready.
Starting solver...
Solver initialization verified.
Solver finished.
===== SQP Iteration: 0 =====
step_ (179 x 1): 
-0.000292455  6.51867e-07 -0.000292932 -2.44366e-06 -0.000110851 -5.59053e-07  1.09245e-06  -0.00050403 -6.94824e-06  0.000651969 -0.000341976  0.000572009  0.000269301  3.54893e-05  0.000182227 -0.000216838   0.00103359   -0.0203543  0.000577791  -0.00081459  0.000247507  0.000580802  -0.00032186  0.000327409 -0.000447091  0.000654654   -0.0264832  0.000627048  -0.00117006 -4.79482e-05  0.000813667 -0.000636821  0.000428024  -0.00064382  0.000335431   -0.0261254  0.000781737  -0.00133699 -0.000264539  0.000926071 -0.000859167  0.000476776 -0.000783499  0.000109245    -0.023594   0.00100049  -0.00132829 -0.000420178  0.000925699 -0.000994343  0.000480514 -0.000867122 -5.00547e-05   -0.0208615   0.00125508    -0.001188 -0.000539289  0.000838945  -0.00106378  0.000450807 -0.000905825 -0.000172668   -0.0186293   0.00152365 -0.000958718 -0.000644785  0.000691836  -0.00109054  0.000398383 -0.000912261  -0.00028008   -0.0170312   0.00179841 -0.000676089 -0.000747617  0.000506947  -0.00109289  0.000332215 -0.000898665 -0.000383328   -0.0160064   0.00308229 -0.000275471  -0.00255273  0.000373505   -0.0013437  0.000228677  -0.00174048 -1.48563e-05    -0.015279   0.00333887  5.43209e-05  -0.00268837  0.000143692  -0.00134464   0.00014705  -0.00171452 -0.000156203   -0.0150024  -0.00685916   -0.0228153   -0.0177023    0.0220407   -0.0212213    0.0192726   -0.0188485     -0.40728 -0.000159513   -0.0368065   -0.0336774    0.0392637   -0.0352681    0.0187654   -0.0240009    -0.122614   0.00957967   -0.0275053   -0.0364622    0.0286617   -0.0328026     0.012657   -0.0203792    0.0071079     0.017559   -0.0123867   -0.0320181    0.0120738   -0.0245439   0.00544957   -0.0141588    0.0505815    0.0230304   0.00170406   -0.0269367  -0.00346263   -0.0159629 -0.000809056  -0.00808153    0.0546127    0.0270044    0.0122529   -0.0228437   -0.0153175  -0.00906665  -0.00544964  -0.00327473    0.0446193    0.0293611    0.0193693   -0.0205178   -0.0235392  -0.00434376  -0.00858847  9.78474e-05    0.0319498    0.0311237    0.0236187   -0.0192225   -0.0286211  -0.00153758   -0.0104696   0.00207666    0.0204905    0.0324799     0.025846   -0.0186952   -0.0313818 -0.000314704   -0.0114287   0.00290486    0.0110481    0.0334167    0.0267509    -0.018835    -0.032519 -0.000354837   -0.0117508   0.00286598   0.00553066
========================================
primal_step_norm FAILED
Initialization finished.
Allocations finished.
Setup successful.
Solver is ready.
Starting solver...
Solver initialization verified.
Solver finished.
===== SQP Iteration: 1 =====
step_ (179 x 1): 
 -0.00100869 -6.73492e-05  -0.00100845  0.000118433 -0.000300311  1.49535e-05  6.59617e-05  -0.00160791 -1.21796e-05 -0.000492423  0.000133105 -0.000400659 -6.17096e-05   0.00028697  -5.2545e-05  0.000196064 -0.000651472    0.0250412  -0.00059643  0.000478417 -0.000155325 -0.000339971  0.000791122 -8.70835e-05  0.000368075 -0.000420184    0.0348962 -0.000816299  0.000675671  0.000143124 -0.000524494   0.00125075 -6.55866e-05  0.000495804 -0.000230956    0.0376069  -0.00114872  0.000711477  0.000432072 -0.000624171   0.00162656 -6.54005e-06  0.000565734 -5.64908e-05    0.0376068  -0.00155408  0.000618781  0.000713468 -0.000669807   0.00192475  6.92242e-05  0.000580743  0.000110226    0.0369162  -0.00200496  0.000447476   0.00099673 -0.000694969   0.00216569  0.000145776  0.000553105  0.000276611    0.0362599    -0.002476  0.000232722   0.00129377 -0.000718591   0.00237032    0.0002166  0.000494723  0.000442936     0.035793  -0.00296661  2.97287e-06   0.00159708 -0.000751899   0.00255224  0.000281218  0.000418422  0.000603491    0.0354721  -0.00361214 -0.000233703   0.00176032 -0.000792694   0.00266727  0.000346205  0.000333357    0.0005143    0.0352438  -0.00412518 -0.000475707   0.00206362 -0.000830171   0.00282785  0.000421452  0.000246367  0.000656254    0.0350628     0.010819     0.021944    0.0226419   -0.0459753    0.0383152   -0.0152947   0.00840434     0.501338  -0.00277912    0.0347408     0.043917   -0.0637621    0.0515693   -0.0146128    0.0138606     0.197359    -0.011339    0.0226175    0.0580604   -0.0509896    0.0496687  -0.00799501   0.00978971    0.0544421    -0.025246   0.00825791    0.0577785    -0.035709    0.0416561  -0.00136973   0.00430827    0.0001947   -0.0357436  -0.00419573    0.0559412   -0.0221959    0.0338159   0.00406698 -0.000835274   -0.0136481   -0.0433743   -0.0128346    0.0545907   -0.0125184    0.0280038   0.00783147  -0.00466315   -0.0129913    -0.047421   -0.0183886    0.0550187  -0.00604609    0.0245443    0.0102385  -0.00720944  -0.00922882   -0.0507003   -0.0211109    0.0551487  -0.00259923    0.0227717     0.011493  -0.00846913  -0.00633448    -0.052535    -0.022378    0.0554443 -0.000834454    0.0221659    0.0120985  -0.00893587   -0.0045554   -0.0529844   -0.0228908    0.0559487 -7.33098e-05    0.0222293    0.0123358  -0.00897695  -0.00363501
========================================
primal_step_norm FAILED
Initialization finished.
Allocations finished.
Setup successful.
Solver is ready.
Starting solver...
Solver initialization verified.
Solver finished.
===== SQP Iteration: 2 =====
step_ (179 x 1): 
-0.000321474  1.01116e-05  -0.00032315 -2.80166e-05 -9.90945e-05 -8.43609e-06  1.26679e-05 -0.000538478 -6.37124e-06 -0.000137009  4.92813e-05 -0.000219243 -0.000198208 -0.000114249  1.91197e-05   0.00019845 -0.000440815  -0.00140049   8.6971e-05  9.94951e-05 -0.000111299 -0.000394065 -6.01621e-05  2.31098e-05  0.000385296 -0.000245404  -0.00320369  0.000222632  0.000144344 -0.000125035  -0.00059245  3.63518e-06  1.94556e-05  0.000571175 -0.000168056  -0.00480686  0.000327548  0.000159401 -0.000205177 -0.000761785  8.40988e-05  2.69496e-05   0.00075322 -0.000143997  -0.00620393  0.000425189  0.000126654 -0.000327097 -0.000879705  0.000176981  5.85575e-05   0.00092914 -0.000158686  -0.00742437  0.000526913   4.1929e-05 -0.000476029 -0.000938675  0.000277152  0.000118451   0.00109804 -0.000198385  -0.00848903  0.000631152 -8.58197e-05 -0.000647364 -0.000945264  0.000379591  0.000202737    0.0012614 -0.000246793   -0.0094134  0.000720634 -0.000251672 -0.000854775    -0.000908  0.000471904  0.000304564   0.00141877 -0.000335503   -0.0101892   0.00082221 -0.000444057  -0.00106384 -0.000841489  0.000562961   0.00041345   0.00157057 -0.000406589   -0.0106046  0.000917315 -0.000639614  -0.00128511 -0.000770275  0.000650184  0.000513996   0.00171848  -0.00050041   -0.0106464    0.0105108  -0.00342099  7.11669e-05 -2.21596e-06  -4.8109e-08    0.0108559       0.0255   -0.0279775   0.00762577  -0.00336271  -0.00775676 -4.02257e-05   0.00453428     0.011072    0.0247698   -0.0361167   0.00489198  -0.00367459   -0.0151543  0.000127006   0.00768021    0.0113643    0.0238348   -0.0320942   0.00483285   -0.0049215   -0.0198408   0.00120827   0.00995344    0.0118764    0.0225224    -0.027959   0.00719137  -0.00693962   -0.0220744   0.00306669    0.0114367     0.012564    0.0209093   -0.0244184   0.00994363  -0.00906107   -0.0234622   0.00504206    0.0120543     0.013233    0.0192839   -0.0212973    0.0110827   -0.0106654   -0.0255871    0.0065185    0.0117897     0.013729     0.017912   -0.0184867    0.0123575    -0.012336   -0.0271155   0.00810633    0.0110312     0.014239    0.0166463   -0.0155169    0.0127596   -0.0137189   -0.0287634   0.00943816   0.00996645     0.014666    0.0156783  -0.00830296    0.0130911   -0.0139697   -0.0291083   0.00966275   0.00967805    0.0147436    0.0153524  -0.00083357
========================================
primal_step_norm SUCCESS
SOLVED , sqp_iter_: 2
AFTER initial_guess_[0].uk: [0.289265, -0.007424, -0.393243, -0.010762, -0.018108, 0.029241, -0.200721, 0.154262]
BEFORE initial_guess_[0].uk: [0.281631, -0.008074, -0.411627, -0.013303, -0.004571, 0.029691, -0.202339, 0.071131]
Initialization finished.
Allocations finished.
Setup successful.
Solver is ready.
Starting solver...
Solver initialization verified.
Solver finished.
===== SQP Iteration: 0 =====
step_ (179 x 1): 
 -0.00027515  4.26519e-07 -0.000275614 -2.24504e-06 -0.000105205  -2.9746e-07  1.68858e-06  -0.00047478 -7.01521e-06  0.000793697 -0.000244646  0.000781672  0.000132455 -3.39255e-05  0.000142807 -0.000267591     0.001216   -0.0310435  0.000657956 -0.000748699  0.000527681  0.000466364 -0.000494119  0.000278835 -0.000511922    0.0007698   -0.0423214  0.000701445  -0.00116151  0.000304437   0.00076089 -0.000982128  0.000368006 -0.000734487  0.000361546    -0.043983  0.000863904  -0.00135128  0.000163363  0.000938917  -0.00141495  0.000395708 -0.000894109  2.89064e-05   -0.0420095    0.0010908  -0.00131875  9.31434e-05   0.00100019  -0.00178182  0.000368876 -0.000987612  -0.00023966   -0.0394243    0.0013606   -0.0011301  7.91315e-05  0.000982441  -0.00209972  0.000304193  -0.00103167 -0.000475009   -0.0374572   0.00168712 -0.000853008  0.000131754  0.000925582  -0.00238217  0.000217534  -0.00104659  -0.00065678   -0.0363664   0.00219121 -0.000543283  0.000365474  0.000863529  -0.00260342  0.000121276  -0.00105153 -0.000606566   -0.0361209   0.00351641 -0.000285189  -0.00118393   0.00072284  -0.00287722  9.86628e-05  -0.00184651 -0.000348031   -0.0360088   0.00385856  1.47848e-05  -0.00112455  0.000661095  -0.00319694 -6.46247e-06  -0.00186175 -0.000696165   -0.0359788    -0.012483   -0.0226899   -0.0145361    0.0241571   -0.0243443    0.0189851   -0.0185373    -0.621622   -0.0124295    -0.040128   -0.0282972    0.0438579   -0.0468991    0.0186387   -0.0259668    -0.225727   0.00360175   -0.0326665   -0.0320441     0.038128   -0.0525718    0.0118371   -0.0235901   -0.0333995    0.0135306   -0.0144456   -0.0270425    0.0212787   -0.0484219   0.00281032   -0.0166345    0.0393152    0.0188131   0.00372764   -0.0208953    0.0043865   -0.0423034  -0.00524582  -0.00935831     0.051568    0.0237666    0.0165193   -0.0141877  -0.00709124   -0.0373598   -0.0108907  -0.00397908    0.0392266    0.0284065    0.0237802  -0.00823976    -0.012835   -0.0346641   -0.0141926 -0.000875428    0.0217259    0.0343263    0.0263735  -0.00178756   -0.0136231   -0.0338268   -0.0155561  8.08538e-05   0.00489233    0.0444166     0.024383   0.00732659  -0.00944722   -0.0343931   -0.0151175  -0.00115048    -0.002321    0.0446897    0.0243166   0.00701176  -0.00876053   -0.0357625   -0.0151306   -0.0017132  0.000598989
========================================
primal_step_norm FAILED
Initialization finished.
Allocations finished.
Setup successful.
Solver is ready.
Starting solver...
Solver initialization verified.
Solver finished.
===== SQP Iteration: 1 =====
step_ (179 x 1): 
 -0.00090374  4.12594e-06 -0.000903962 -2.06947e-05 -0.000318778 -3.81286e-06  3.86979e-06  -0.00152972 -7.79532e-06 -0.000487512  0.000192906 -0.000606499  -0.00012962 -0.000166514 -0.000148297  4.64955e-06 -0.000866687    0.0315238 -0.000326559  0.000592494 -0.000437967 -0.000363954   3.9327e-05 -0.000288963  5.40011e-05  -0.00041832    0.0429347 -0.000373235  0.000909105 -0.000304527 -0.000551636  0.000222482 -0.000384116  6.83903e-05 -5.40859e-05    0.0448953 -0.000517283   0.00102704 -0.000207716 -0.000624269  0.000332007 -0.000421607   1.1364e-05   0.00027762    0.0433591  -0.00071315  0.000960956 -0.000141473 -0.000589909  0.000366646 -0.000410427 -0.000114582  0.000590099     0.041279 -0.000924983  0.000769274 -8.31976e-05 -0.000482098  0.000350567 -0.000365743 -0.000293118  0.000896159    0.0398381  -0.00112895  0.000515777 -9.00962e-06 -0.000338892  0.000314661 -0.000302789 -0.000503465   0.00122062    0.0392351  -0.00131676  0.000245969  8.92699e-05 -0.000188315  0.000280397 -0.000232557 -0.000728388    0.0015733    0.0391123  -0.00166464 -1.11098e-05   3.5567e-05  -5.0249e-05  0.000195675 -0.000161232 -0.000953175   0.00170884    0.0391547  -0.00194751 -0.000260396  4.88643e-05  8.23627e-05  0.000137919 -9.09908e-05  -0.00117742    0.0019478    0.0391112    0.0154727    0.0146334 -5.97411e-07   -0.0130835   0.00165566   -0.0203288  3.18029e-07     0.630748    0.0149288    0.0318687    0.0162808   -0.0309412    0.0182108   -0.0200016   0.00526507     0.228352 -0.000883326    0.0251517    0.0232298    -0.024298    0.0194404   -0.0134551    0.0012913     0.039331   -0.0109865   0.00898379    0.0213309   -0.0078564    0.0122469  -0.00503803   -0.0066227   -0.0306239   -0.0176154  -0.00600699    0.0174293   0.00745352   0.00413155   0.00211307   -0.0143024   -0.0415198   -0.0205646   -0.0162494    0.0154932    0.0179683   -0.0015614   0.00706939   -0.0201569   -0.0287495   -0.0217276   -0.0213201    0.0153254    0.0230676  -0.00419816   0.00982542    -0.023707   -0.0119993   -0.0220361   -0.0226833    0.0160092    0.0241393  -0.00445622    0.0109681   -0.0253061  -0.00239772   -0.0261721   -0.0215787    0.0128633     0.022327  -0.00426992    0.0109957   -0.0253422  0.000864887   -0.0256694   -0.0209818    0.0138012    0.0214796  -0.00329668     0.010946   -0.0251763  -0.00087782
========================================
primal_step_norm FAILED
Initialization finished.
Allocations finished.
Setup successful.
Solver is ready.
Starting solver...
Solver initialization verified.
Solver finished.
===== SQP Iteration: 2 =====
step_ (179 x 1): 
-0.000698933  0.000130006 -0.000703071 -0.000226699  1.94319e-05  -0.00015194  0.000143321 -0.000942265 -1.15913e-05  -0.00034967  0.000226913 -0.000307167 -0.000327894  0.000394124 -0.000249945  0.000240849 -0.000199468   0.00180353  -0.00035399  0.000274505 -0.000248361 -0.000345125  0.000576735 -0.000292105   0.00030125  -0.00021348   0.00366241 -0.000321369  0.000292587 -0.000139196 -0.000323052   0.00071889 -0.000310586  0.000333076 -0.000252916   0.00511049 -0.000301038  0.000287495 -3.00012e-05 -0.000288122  0.000813213 -0.000322638  0.000351656 -0.000346334   0.00621973  -0.00029388   0.00025473  7.31163e-05 -0.000248556   0.00086886 -0.000332752   0.00036291 -0.000485359   0.00709112 -0.000300298  0.000201124  0.000169221 -0.000211397  0.000900474 -0.000340844   0.00037014 -0.000640048    0.0077927 -0.000322182  0.000136161   0.00025844 -0.000181236  0.000923894 -0.000345144  0.000378057 -0.000780237   0.00837778  -0.00032547  7.11723e-05  0.000373755 -0.000161399  0.000970032 -0.000344543  0.000398488  -0.00081096   0.00892927 -0.000514668  1.26552e-05  0.000306867   -0.0001494  0.000978913 -0.000335531  0.000448612  -0.00105162   0.00928143  -0.00064266 -6.05636e-05  0.000304675 -0.000118305    0.0010419 -0.000312358  0.000536791   -0.0011257   0.00932858    0.0038552   0.00195372   0.00951033   0.00194245   0.00379182  -0.00139774  -2.7365e-06    0.0365253   0.00914478   0.00187189    0.0168747   0.00236738    0.0062139  -0.00135939   0.00246542    0.0373933    0.0105318   0.00116259     0.020318   0.00304143   0.00797188  -0.00115585   0.00486109    0.0291642    0.0095207  -0.00046435    0.0210242   0.00430595   0.00918283 -0.000689054   0.00701822    0.0223625   0.00900298  -0.00322394    0.0214476   0.00645551    0.0103009  9.89783e-05   0.00871731    0.0175724   0.00651481  -0.00572532      0.01984   0.00811757    0.0111522  0.000782757    0.0103112     0.014139   0.00219892  -0.00746471    0.0163985   0.00883739    0.0117777   0.00119834    0.0118446    0.0117761  -0.00351897  -0.00809461    0.0115491   0.00831699    0.0122581   0.00123871     0.013341    0.0110923  -0.00967686  -0.00739022   0.00625421   0.00638154    0.0128361  0.000844899    0.0148219     0.007051    -0.010151  -0.00793884   0.00597387   0.00667402    0.0132165  0.000944468    0.0151483  0.000930171
========================================
primal_step_norm SUCCESS
SOLVED , sqp_iter_: 2
AFTER initial_guess_[0].uk: [0.296519, -0.021348, -0.422560, 0.015007, -0.053892, 0.022535, -0.250728, 0.299385]
BEFORE initial_guess_[0].uk: [0.296651, -0.020494, -0.421130, 0.015509, -0.054363, 0.022357, -0.251783, 0.259066]
Initialization finished.
Allocations finished.
Setup successful.
Solver is ready.
Starting solver...
Solver initialization verified.
Solver finished.
===== SQP Iteration: 0 =====
step_ (179 x 1): 
-0.000624379  1.61193e-05 -0.000625143 -2.91354e-05  -0.00023378 -1.55163e-05   6.4055e-06  -0.00105871 -1.11855e-05  0.000446708 -0.000410489  0.000441536  0.000539971  -0.00065719  0.000229559 -0.000446709  0.000487794   -0.0130525  0.000337337 -0.000502534   0.00014777  0.000658836 -0.000946222  0.000183989 -0.000571163  0.000273819   -0.0200466  0.000412587  -0.00045524  -7.5019e-05  0.000720802  -0.00111058  0.000111688 -0.000624102  0.000237107   -0.0247243  0.000576849 -0.000290854  -0.00028897  0.000748853  -0.00119642  2.43511e-05 -0.000622904  0.000259888   -0.0284386  0.000776277 -4.79932e-05 -0.000524802  0.000767128  -0.00124633 -7.15113e-05 -0.000584078  0.000273199   -0.0316385  0.000968717  0.000242078  -0.00080719    0.0007921  -0.00129996 -0.000173309 -0.000524721  0.000225298   -0.0344547   0.00111801  0.000543735  -0.00115926  0.000841434  -0.00140105  -0.00027775 -0.000470348  1.36652e-05   -0.0368284   0.00164324  0.000813861  -0.00115804  0.000936045  -0.00142933 -0.000383093 -0.000456684  0.000201937    -0.038534   0.00296082   0.00102742  -0.00283393    0.0010552  -0.00183642 -0.000426927  -0.00142453   0.00052874   -0.0391139   0.00323295   0.00134044  -0.00309906    0.0011189  -0.00205952 -0.000528197  -0.00150957  0.000124464   -0.0393356   -0.0230501   -0.0157812   -0.0236465    0.0227577   -0.0189785  -0.00332205   -0.0187531    -0.262033  -0.00971432  -0.00792375   -0.0340162    0.0180617   -0.0185819  -0.00624313   -0.0153092    -0.140176   0.00088699   0.00328889   -0.0386793      0.01003    -0.015539  -0.00990831   -0.0109653    -0.093817    0.0077879    0.0135282   -0.0423498   0.00309791   -0.0135132   -0.0129877  -0.00739264   -0.0745037    0.0129864    0.0209453   -0.0447297 -0.000916627   -0.0132757   -0.0150409  -0.00520628   -0.0641667    0.0160903    0.0258268   -0.0465693  -0.00225373   -0.0148998   -0.0161891  -0.00432692   -0.0564493    0.0211074    0.0276011   -0.0448858 -0.000225437   -0.0176028   -0.0162897  -0.00496074   -0.0475898    0.0362651    0.0249354    -0.033039   0.00668224   -0.0197105   -0.0149446  -0.00756878   -0.0341318    0.0369077    0.0251627   -0.0339436    0.0083426   -0.0227509   -0.0146899  -0.00873995   -0.0168098    0.0372997    0.0252333   -0.0342625   0.00923163   -0.0245062   -0.0145111  -0.00954056  -0.00443717
========================================
primal_step_norm FAILED
Initialization finished.
Allocations finished.
Setup successful.
Solver is ready.
Starting solver...
Solver initialization verified.
Solver finished.
===== SQP Iteration: 1 =====
step_ (179 x 1): 
-0.000898358  4.13048e-06 -0.000896708 -2.35127e-05  -0.00030412 -5.90892e-06  1.66521e-05  -0.00150186 -1.19996e-05 -0.000152162  0.000464527 -0.000360538 -0.000118852  0.000239706  -8.3942e-05  0.000263122 -0.000521206    0.0116493 -4.01362e-06  0.000824056 -0.000261448 -0.000182557  0.000584736 -0.000139861  0.000477959 -0.000265142    0.0171538 -5.71629e-05   0.00104652 -0.000264608 -0.000193112   0.00084389 -0.000172442  0.000648889 -0.000169594    0.0205923 -0.000196833   0.00115433 -0.000284915 -0.000162946   0.00105862 -0.000188511  0.000782293 -9.65095e-05    0.0232588 -0.000385816   0.00118235 -0.000304697 -0.000110787   0.00125079 -0.000195271   0.00088884 -2.27494e-05    0.0255738 -0.000597886   0.00115459 -0.000318358 -4.91535e-05   0.00143551 -0.000197278  0.000977281  3.72577e-05    0.0276819 -0.000827821   0.00109958 -0.000332886  5.96378e-06   0.00162501 -0.000199607    0.0010585  8.12003e-05    0.0295724  -0.00102788   0.00106248  -0.00029966  2.74792e-05    0.0018576 -0.000210594    0.0011479  0.000280476    0.0309307  -0.00136607   0.00101918 -0.000396163  4.16991e-05   0.00204976 -0.000222698      0.00124  0.000254135    0.0316263  -0.00165373  0.000975961 -0.000437956  5.20133e-05   0.00226723 -0.000235708   0.00133495  0.000318204    0.0317629    0.0280215    0.0377889  6.60067e-07   -0.0139228     0.034308   -0.0122905    0.0262578     0.233427    0.0112947    0.0296778   0.00492064  -0.00924186    0.0323032  -0.00930358    0.0228056     0.110314  0.000493728    0.0183077   0.00733941 -0.000923933    0.0279834  -0.00556467    0.0180487    0.0689799  -0.00684575   0.00863774    0.0092002   0.00588867    0.0245668  -0.00258478    0.0140061    0.0535152   -0.0115231   0.00177421    0.0110453    0.0100839     0.022904 -0.000591666    0.0111454    0.0464586   -0.0119912  -0.00310046    0.0145136    0.0124148    0.0232469  0.000699746    0.0092771    0.0422877   -0.0117032  -0.00562334    0.0171309    0.0123678    0.0250149   0.00120566   0.00860415    0.0378977   -0.0183352  -0.00454385    0.0128082   0.00847862    0.0267982  0.000544608   0.00962508    0.0272461   -0.0182055  -0.00505754    0.0140506    0.0077497    0.0286169  0.000502065    0.0100061    0.0139357   -0.0182162  -0.00510482    0.0146006   0.00715878    0.0298258  0.000396868     0.010453   0.00271861
========================================
primal_step_norm FAILED
Initialization finished.
Allocations finished.
Setup successful.
Solver is ready.
Starting solver...
Solver initialization verified.
Solver finished.
===== SQP Iteration: 2 =====
step_ (179 x 1): 
-0.000343728  1.65179e-05 -0.000344709 -2.95693e-05 -0.000100417 -7.43093e-06  2.84016e-05  -0.00054827 -8.29774e-06 -0.000110923  3.16014e-05 -8.13448e-05 -0.000140723 -2.24158e-05 -2.74656e-05  0.000147837 -0.000316642  -0.00107518  4.76751e-05  8.38911e-05  9.05226e-05 -0.000248076  6.29966e-05   -4.365e-05  0.000298877  -0.00016255  -0.00274821   9.1759e-05  0.000151444  0.000130474 -0.000341721  0.000127531 -5.31971e-05  0.000471957 -0.000163569  -0.00439905  0.000110128  0.000208359  0.000123182 -0.000409756  0.000189347 -5.33757e-05  0.000655863 -0.000225169   -0.0058948  0.000122253  0.000250197  9.24818e-05 -0.000452661  0.000250342 -4.49912e-05  0.000845497 -0.000308695  -0.00721329  0.000123784  0.000283515  4.42109e-05 -0.000476884  0.000308769 -3.06066e-05   0.00103948 -0.000386914  -0.00833891  0.000136957  0.000300931  1.83125e-06 -0.000479256  0.000365303 -9.57894e-06   0.00123183 -0.000452219  -0.00924856  0.000145213    0.0002943 -5.21517e-05 -0.000455942  0.000406223  1.92504e-05   0.00141705 -0.000574287  -0.00999903  0.000161009  0.000273872 -0.000101911 -0.000418156  0.000440577  5.24496e-05   0.00159648 -0.000684019   -0.0104842  0.000166584  0.000247768 -0.000162555 -0.000374361  0.000466294  8.75308e-05   0.00177126 -0.000814231   -0.0105898    0.0145614  0.000588513    0.0186602   -0.0151491   0.00400774  -0.00273082    0.0120572   -0.0213642   0.00958517   0.00373543    0.0113179   -0.0148789    0.0063075     -0.00237    0.0154973   -0.0334531   0.00482055   0.00515654   0.00421124   -0.0133176   0.00726125  -0.00165528    0.0179246   -0.0330031   0.00473694   0.00440463   0.00125433  -0.00991876   0.00792279 -0.000428162    0.0191108   -0.0299039   0.00447307   0.00324708   -0.0012178  -0.00648289   0.00789715  0.000746211    0.0197642   -0.0263624    0.0017466   0.00259867  -0.00493908  -0.00391912   0.00705586   0.00157522    0.0202768   -0.0225054   0.00133396   0.00137611  -0.00619393 -0.000983059   0.00613143   0.00245127    0.0202102   -0.0181813   0.00404625 -0.000460562    -0.004315    0.0024273    0.0054507   0.00343475     0.019574   -0.0150033   0.00337138  -0.00153786  -0.00547627   0.00440398   0.00415524   0.00402974    0.0191298  -0.00969784   0.00307473  -0.00196151  -0.00598151   0.00522518   0.00353143   0.00428808     0.018896  -0.00211317
========================================
primal_step_norm SUCCESS
SOLVED , sqp_iter_: 2
AFTER initial_guess_[0].uk: [0.339135, 0.028653, -0.431974, 0.001776, -0.003892, -0.025520, -0.200726, 0.009215]
BEFORE initial_guess_[0].uk: [0.321306, 0.035714, -0.458301, 0.002861, -0.002760, -0.024543, -0.192825, -0.092491]
Initialization finished.
Allocations finished.
Setup successful.
Solver is ready.
Starting solver...
Solver initialization verified.
Solver finished.
===== SQP Iteration: 0 =====
step_ (179 x 1): 
-0.000889089  1.01755e-05 -0.000890216 -2.97913e-05 -0.000328601 -1.08142e-05  1.35415e-05  -0.00149197 -1.37546e-05  0.000190897 -0.000227766  0.000220407  0.000224677 -0.000173397  3.07384e-05 -0.000203282  0.000375241  -0.00589404  9.68812e-05 -0.000381291  9.57496e-05  0.000343054 -0.000393937  1.77445e-05 -0.000348835   0.00017026  -0.00889084  0.000159008 -0.000479333  9.72494e-05  0.000427344 -0.000563409 -1.18895e-05 -0.000490725  0.000149406   -0.0110745  0.000277278 -0.000531953  0.000136548   0.00048814 -0.000719895 -5.35437e-05 -0.000629361  0.000168357   -0.0129411  0.000448668 -0.000564008  0.000212756  0.000544634 -0.000874378 -0.000100942 -0.000770674  0.000191291   -0.0145839  0.000693972 -0.000603312  0.000345943  0.000616772  -0.00103073 -0.000147941 -0.000922061  0.000199706   -0.0159487  0.000813598 -0.000595245  0.000348597   0.00065898  -0.00122763 -0.000204567  -0.00106423  0.000115241   -0.0168052   0.00107177 -0.000565698  0.000483399  0.000692291  -0.00137887 -0.000266666  -0.00120692  0.000251832   -0.0173375   0.00233678 -0.000385964  -0.00120044   0.00090662  -0.00173366 -0.000350199  -0.00205935  0.000580528   -0.0177193   0.00239517 -0.000330447  -0.00127409  0.000909359  -0.00198076 -0.000424894  -0.00220821  0.000368707   -0.0176961   -0.0147926   -0.0143582   -0.0108861    0.0201341   -0.0195932  0.000957718   -0.0138147    -0.118625  -0.00360953   -0.0122373  -0.00774916    0.0166953   -0.0194754  -0.00124168   -0.0146926   -0.0601003  0.000998795  -0.00762938   -0.0071279    0.0113569   -0.0190443  -0.00387116   -0.0144012    -0.043826   0.00388372  -0.00372662  -0.00666003   0.00731218   -0.0191913   -0.0060125   -0.0141655   -0.0374632   0.00932801  -0.00181628  -0.00334473   0.00593612   -0.0196601  -0.00727622   -0.0145907   -0.0329611    0.0194314  -0.00220808   0.00448106   0.00755317   -0.0200591  -0.00756643   -0.0159067   -0.0273786   0.00910542   0.00185275  -0.00647245   0.00274559    -0.022816  -0.00927887    -0.015077   -0.0172045   0.00980492   0.00353421  -0.00660121   0.00128327   -0.0237084   -0.0100329   -0.0153069   -0.0106705     0.010506   0.00403673  -0.00663017   0.00132133   -0.0251896   -0.0102531   -0.0159986  -0.00901834    0.0108344   0.00409262  -0.00681745   0.00188099   -0.0266988   -0.0101883   -0.0167572  0.000459639
========================================
primal_step_norm FAILED
Initialization finished.
Allocations finished.
Setup successful.
Solver is ready.
Starting solver...
Solver initialization verified.
Solver finished.
===== SQP Iteration: 1 =====
step_ (179 x 1): 
-0.000739486  2.45326e-06 -0.000739274 -2.08217e-05 -0.000259411 -6.39548e-06  1.15469e-05  -0.00124192 -8.18265e-06 -0.000239729  5.12551e-05  -0.00015706 -9.63338e-05  8.82034e-05 -1.56899e-05 -6.58996e-05 -0.000385343   0.00665721 -0.000183033  4.81861e-05  5.55929e-05 -0.000153924   0.00027324 -1.17069e-05 -0.000160344 -9.78957e-05   0.00999713 -0.000288009 -2.04588e-05  0.000150025 -0.000186865  0.000387042  4.72331e-06 -0.000276269  2.71322e-06    0.0125676 -0.000418881 -0.000141269  0.000245821 -0.000203233  0.000482454  2.96606e-05  -0.00041034   9.6054e-05    0.0147913 -0.000545032 -0.000297756  0.000362182 -0.000213598  0.000577302  5.95754e-05 -0.000557214   0.00021324    0.0166642 -0.000712129 -0.000455994   0.00045363 -0.000239535  0.000670978  8.78916e-05 -0.000704984  0.000354187    0.0180255 -0.000904159 -0.000629174  0.000529623  -0.00026575  0.000758821  0.000117788 -0.000856802  0.000474919    0.0188417  -0.00110196  -0.00081433  0.000605897 -0.000290616  0.000847446  0.000149221  -0.00101063  0.000600764    0.0191481  -0.00138712   -0.0010162  0.000597218  -0.00030771  0.000901235  0.000184434  -0.00116641  0.000586234    0.0191935  -0.00164929  -0.00122326  0.000612725 -0.000321823  0.000964026  0.000221484  -0.00132198  0.000611497    0.0191756    0.0019977   0.00433112    0.0129806   -0.0115822    0.0168105  -0.00159465   -0.0083698     0.133361  -0.00875958  0.000211218    0.0119916   -0.0088644    0.0140232  0.000189639   -0.0103464    0.0668921   -0.0134267   -0.0052172    0.0131315  -0.00488378    0.0114829   0.00218797   -0.0127861    0.0515004   -0.0145028  -0.00965207    0.0157169  -0.00193475    0.0102642   0.00376442   -0.0148267    0.0445588   -0.0140808   -0.0127874    0.0182553 -0.000405027     0.010212   0.00487498   -0.0162915    0.0375374   -0.0199702   -0.0131702    0.0144809  -0.00193729    0.0100182   0.00501725   -0.0164403    0.0273007   -0.0206891   -0.0145695    0.0150046  -0.00142417    0.0103081   0.00551415   -0.0169311    0.0163906   -0.0212973   -0.0156952    0.0152048 -0.000818477    0.0106022   0.00592536   -0.0171899   0.00618497   -0.0217446   -0.0170487     0.015109  0.000435002    0.0104759   0.00641039   -0.0174612  0.000930046   -0.0217945    -0.017483    0.0152621  0.000764478    0.0107754   0.00656444   -0.0173885 -0.000363169
========================================
primal_step_norm FAILED
Initialization finished.
Allocations finished.
Setup successful.
Solver is ready.
Starting solver...
Solver initialization verified.
Solver finished.
===== SQP Iteration: 2 =====
step_ (179 x 1): 
-0.000543772  1.42125e-05 -0.000542003 -5.06405e-05 -0.000170803 -2.19342e-05  2.46953e-05 -0.000892652 -9.02098e-06 -0.000136306 -0.000150651  0.000119943 -0.000109815   0.00019408  1.76262e-05  3.64806e-05 -0.000152494   0.00214032 -0.000195933 -0.000321228  0.000332196 -0.000168016   0.00039275  6.31142e-05  4.66389e-05 -0.000192745   0.00417739 -0.000300059 -0.000493394  0.000515076 -0.000230087  0.000589938  0.000110729   5.7245e-05 -0.000259335   0.00591481 -0.000434933 -0.000666217  0.000679551 -0.000299184   0.00079461  0.000159591  7.07683e-05 -0.000313371   0.00743772  -0.00060349 -0.000830927  0.000822604 -0.000382868   0.00101189  0.000207206  9.19201e-05 -0.000329397   0.00879921 -0.000825951 -0.000976796  0.000923839  -0.00049002   0.00124034  0.000250643  0.000125452 -0.000310388    0.0100257  -0.00108217  -0.00112597  0.000998101 -0.000601674   0.00147233  0.000294072  0.000164322 -0.000334462    0.0110799  -0.00130778  -0.00127554   0.00110843 -0.000718027   0.00172997  0.000336276  0.000208366  -0.00029866     0.011945  -0.00163435  -0.00142091   0.00112256 -0.000842047   0.00196265  0.000376538  0.000257926 -0.000424206    0.0124822  -0.00191517  -0.00156479   0.00118488 -0.000969062   0.00221703  0.000414124  0.000308858 -0.000470377    0.0125947  -0.00101885   -0.0142336    0.0329981  -0.00460599    0.0215059   0.00772751  2.92209e-07    0.0431495 -0.000985216   -0.0142477    0.0353007  -0.00534397    0.0227646    0.0075734 -0.000190829    0.0408907  -0.00365361   -0.0142382    0.0346629   -0.0064298    0.0237152   0.00739775 -2.67221e-05    0.0348764   -0.0076052   -0.0142347    0.0323392  -0.00777838    0.0246619   0.00722708  0.000407471    0.0305664   -0.0140757   -0.0135858    0.0274932   -0.0100458    0.0255197    0.0068235   0.00134852    0.0273235   -0.0229091   -0.0121271    0.0202812   -0.0133638    0.0263032   0.00613709   0.00278972    0.0246149   -0.0231732   -0.0124232    0.0209339    -0.014021    0.0281556   0.00606297   0.00347886    0.0211489   -0.0232102   -0.0125315    0.0216017   -0.0147098    0.0298944   0.00593924   0.00420871    0.0173598   -0.0234831   -0.0121218    0.0218931   -0.0158308    0.0314974   0.00567144   0.00500752    0.0107608   -0.0235107   -0.0121129    0.0221001   -0.0161326     0.032235   0.00560117   0.00537182   0.00224025
========================================
primal_step_norm SUCCESS
SOLVED , sqp_iter_: 2
AFTER initial_guess_[0].uk: [0.291261, -0.017053, -0.381974, 0.011443, 0.046108, -0.006037, -0.250726, 0.196939]
BEFORE initial_guess_[0].uk: [0.282087, -0.017980, -0.391049, 0.012804, 0.040863, -0.005564, -0.254461, 0.140612]
Initialization finished.
Allocations finished.
Setup successful.
Solver is ready.
Starting solver...
Solver initialization verified.
Solver finished.
===== SQP Iteration: 0 =====
step_ (179 x 1): 
 -0.00062687  1.08286e-07  -0.00062767 -6.72228e-06 -0.000235702 -1.90979e-06  4.76995e-06  -0.00106345 -1.33287e-05  0.000628354  7.52053e-05  0.000628888  0.000338584  8.18206e-06   1.6655e-06  -3.7588e-05   0.00107064   -0.0229556  0.000461891  0.000128637  0.000200726  0.000604264 -0.000375009 -4.74778e-05 -2.65983e-05   0.00053808   -0.0332449  0.000536772   0.00028207 -0.000117457  0.000840218 -0.000737376  -0.00011899  1.58464e-05  0.000183886    -0.038192  0.000741919  0.000568783 -0.000372267   0.00102693    -0.001079 -0.000218569  0.000100161 -8.77434e-05   -0.0411249   0.00102031  0.000963692 -0.000588232   0.00118041  -0.00141423 -0.000341074  0.000218497 -0.000331917   -0.0432751   0.00149749   0.00138262 -0.000640074   0.00135287    -0.001723 -0.000471852  0.000345457 -0.000490396   -0.0448841   0.00195679   0.00183941 -0.000730507   0.00151801  -0.00205644 -0.000614481  0.000487675 -0.000718582   -0.0458864   0.00260521   0.00232814 -0.000646041   0.00167531  -0.00233279 -0.000766815  0.000637548  -0.00065533   -0.0463922   0.00391617   0.00266239     -0.00224   0.00190691  -0.00269686 -0.000931042  -0.00017598 -0.000406748   -0.0463498   0.00427377   0.00319418   -0.0024592   0.00201734    -0.003099   -0.0011024 -2.22944e-05 -0.000847195   -0.0462465   -0.0187715    0.0108675   -0.0188176    0.0223631     -0.01715   -0.0103097   0.00526527     -0.45998  -0.00396113   0.00513819   -0.0389245    0.0328077   -0.0334222  -0.00847572   0.00311841    -0.206033   0.00862444    0.0131891    -0.043849    0.0287725   -0.0374668   -0.0113689   0.00651169    -0.099194     0.016617    0.0240849   -0.0447522    0.0216687   -0.0383234   -0.0153381    0.0110453   -0.0588915    0.0220646    0.0330635   -0.0438639    0.0165197   -0.0391639   -0.0187904    0.0147312   -0.0432147    0.0403156    0.0351792   -0.0302111       0.0188   -0.0391229   -0.0201333    0.0155316    -0.032347    0.0425139    0.0384658   -0.0307389    0.0174555   -0.0408444   -0.0220947     0.016978   -0.0201819    0.0443129    0.0409861   -0.0307936    0.0162535   -0.0424147   -0.0234976    0.0175452   -0.0101662    0.0453575    0.0424702   -0.0309167    0.0156612   -0.0440301   -0.0243031    0.0173971  -0.00287323    0.0459452    0.0430981   -0.0308974    0.0155437   -0.0452181   -0.0246215    0.0169848   0.00206606
========================================
primal_step_norm FAILED
Initialization finished.
Allocations finished.
Setup successful.
Solver is ready.
Starting solver...
Solver initialization verified.
Solver finished.
===== SQP Iteration: 1 =====
step_ (179 x 1): 
-0.000881709  1.25921e-05   -0.0008833 -3.60636e-05 -0.000320974 -1.35282e-05  1.35247e-05  -0.00147864 -1.18073e-05 -0.000361851  0.000185227 -0.000544619 -0.000161701 -0.000181058 -2.72692e-06   0.00015894 -0.000794999    0.0194963 -0.000153525  0.000473617 -0.000294215 -0.000352747 -2.20306e-05 -2.32339e-06  0.000334577  -0.00029827    0.0263996  -0.00017945  0.000694675  -0.00018232 -0.000501317  6.83162e-05  2.07074e-05  0.000483654 -4.29107e-05    0.0287627 -0.000312169   0.00082546 -0.000129537  -0.00059587  0.000109195  6.86762e-05  0.000596823  0.000126485    0.0297875   -0.0004566  0.000876717 -6.88051e-05 -0.000644386  0.000129078  0.000138307  0.000676109  0.000286309     0.030546  -0.00063369  0.000905245 -2.11972e-05  -0.00068434  0.000142442  0.000218711  0.000737709  0.000479788    0.0310738 -0.000804302  0.000912509   4.5101e-05 -0.000710529  0.000154897  0.000309508   0.00078272  0.000701144    0.0311733 -0.000974085  0.000898034  0.000119615  -0.00072154  0.000163762  0.000408828  0.000816007  0.000934761    0.0307694  -0.00122473  0.000850965  0.000116344 -0.000709755  0.000133378  0.000517297  0.000839556    0.0010391    0.0302493  -0.00146608  0.000790084  0.000123971 -0.000687174  0.000103188  0.000630023  0.000859226   0.00115959    0.0299972    0.0239865    0.0125473  7.80064e-07   -0.0136151  1.21624e-06    0.0032468    0.0153226     0.390249   0.00728356    0.0220833    0.0129653   -0.0230505   0.00998237   0.00149183    0.0186107     0.138205  -0.00142937    0.0167392    0.0170014   -0.0171358    0.0094621   0.00456979    0.0156126    0.0473992  -0.00742112   0.00943167    0.0173136  -0.00943003   0.00655996   0.00815037    0.0116245    0.0206136  -0.00759404   0.00297218    0.0197734  -0.00287653     0.004726    0.0113071   0.00790907    0.0152623   -0.0139897    0.0010734     0.015984  -0.00153138   0.00341343    0.0129605   0.00599903    0.0106285   -0.0150947 -0.000693381    0.0165132  0.000485046   0.00280419    0.0145292   0.00424569   0.00205259   -0.0161723  -0.00246673     0.016446   0.00262082   0.00220407    0.0157793   0.00307041  -0.00802565   -0.0172344  -0.00501099    0.0157513   0.00570821   0.00111142    0.0169529   0.00214881   -0.0103803   -0.0176937  -0.00607708    0.0154828   0.00701553  0.000863393    0.0174779   0.00192648  -0.00505095
========================================
primal_step_norm FAILED
Initialization finished.
Allocations finished.
Setup successful.
Solver is ready.
Starting solver...
Solver initialization verified.
Solver finished.
===== SQP Iteration: 2 =====
step_ (179 x 1): 
-0.000601679  2.10202e-05 -0.000603051 -3.92457e-05 -0.000201397 -7.32623e-06  2.64804e-05 -0.000987896  -9.5231e-06 -0.000241218  2.87678e-05 -0.000123342 -0.000176779 -5.85551e-05  4.45093e-05  3.93632e-05 -0.000371893   0.00206901 -0.000187706  7.59689e-05   6.8741e-05 -0.000320708  9.97112e-07  9.90222e-05   9.4753e-05 -0.000236226   0.00338664 -0.000237272  0.000149152  0.000173831 -0.000467023  4.84916e-05  0.000156205  0.000183918 -0.000205383   0.00416169 -0.000322324  0.000218401  0.000247764 -0.000601071  9.47519e-05  0.000220158  0.000294155  -0.00022141   0.00461912 -0.000424205   0.00027629  0.000306671 -0.000721459  0.000143191  0.000291091  0.000419237 -0.000255159    0.0049051  -0.00053845  0.000323028  0.000355572 -0.000831081  0.000194601  0.000367581  0.000555655 -0.000287241   0.00510585  -0.00065549  0.000356131  0.000402757 -0.000929462  0.000248961  0.000449201  0.000698655  -0.00032032   0.00527821 -0.000761429   0.00038065  0.000462568  -0.00102144  0.000311629  0.000534072  0.000845886 -0.000326248   0.00545091 -0.000929023   0.00040074  0.000461761  -0.00111092  0.000354275  0.000621032  0.000995737  -0.00043092   0.00556924  -0.00107808  0.000417312  0.000479744  -0.00119766  0.000403652  0.000709092   0.00114537 -0.000505778   0.00558254   0.00247954  1.64199e-07    0.0182901   -0.0189323  7.86663e-07   0.00678846  5.60084e-07    0.0416461  0.000140151    0.0034261     0.018596   -0.0200798   0.00300274   0.00685057   0.00478592    0.0264498   -0.0048332    0.0055634    0.0158077   -0.0203774   0.00451266   0.00724841   0.00865488    0.0155981  -0.00561119   0.00521713    0.0155999   -0.0184739   0.00570837   0.00834888    0.0111224   0.00923542  -0.00636197   0.00423199    0.0151143   -0.0162933   0.00652697   0.00954083    0.0129145   0.00579298  -0.00801438   0.00323673    0.0137281   -0.0144563   0.00695451    0.0105688    0.0143224   0.00407545  -0.00826335   0.00203789    0.0136378   -0.0125546   0.00745695    0.0115307    0.0152004    0.0034953  -0.00883487   0.00124347    0.0132286   -0.0113428   0.00788404    0.0122242    0.0158207   0.00349522  -0.00918967  0.000899739    0.0130231   -0.0108089   0.00833628    0.0126176    0.0162463   0.00238101  -0.00920449  0.000607895    0.0130621   -0.0104068   0.00855112    0.0128361     0.016395  0.000260397
========================================
primal_step_norm SUCCESS
SOLVED , sqp_iter_: 2
AFTER initial_guess_[0].uk: [0.298822, 0.032947, -0.392194, -0.009347, -0.003893, -0.006280, -0.200725, 0.000188]
BEFORE initial_guess_[0].uk: [0.283409, 0.047136, -0.413334, -0.007332, -0.018075, -0.005126, -0.189578, -0.087973]
Initialization finished.
Allocations finished.
Setup successful.
Solver is ready.
Starting solver...
Solver initialization verified.
Solver finished.
===== SQP Iteration: 0 =====
step_ (179 x 1): 
 -0.00064698 -1.10358e-06 -0.000647689 -6.57138e-06 -0.000243003 -1.31433e-06  4.08736e-06  -0.00109596 -1.39778e-05  0.000721972 -0.000450672  0.000746119  0.000303692  0.000105048  0.000117388 -0.000298085   0.00119543   -0.0233379  0.000557817 -0.000994252  0.000365463  0.000563161 -0.000207095  0.000193915 -0.000582418  0.000638436    -0.032487  0.000632039  -0.00146939  0.000126881  0.000769196 -0.000447638  0.000226564 -0.000852167   0.00030801   -0.0359363  0.000790504  -0.00180403  -5.4662e-05  0.000886451 -0.000629615  0.000209522  -0.00108515  9.64891e-05   -0.0375008   0.00105485  -0.00206194 -0.000147654  0.000962379 -0.000771539  0.000161561  -0.00130061 -0.000102631   -0.0383639   0.00133797   -0.0022292 -0.000238522  0.000982573  -0.00089632  8.55583e-05  -0.00149472 -0.000310188   -0.0387121   0.00161987  -0.00232652 -0.000342992   0.00095986  -0.00101696 -1.10061e-05   -0.0016735 -0.000554061   -0.0385732   0.00204993     -0.00236 -0.000306922  0.000898284  -0.00107715  -0.00012468  -0.00184117  -0.00057166   -0.0382788   0.00338259   -0.0020619  -0.00186678  0.000983139  -0.00150478 -0.000212629  -0.00265312 -0.000342544   -0.0380913   0.00361851  -0.00202579    -0.002034  0.000856817  -0.00164665 -0.000348085  -0.00281559 -0.000696059   -0.0377964   -0.0159037    -0.029512   -0.0132713    0.0220621    -0.013726    0.0115976   -0.0234281    -0.467573  -0.00216939   -0.0423023   -0.0310916    0.0322832   -0.0258359    0.0103839   -0.0293097    -0.183177   0.00714897   -0.0368411     -0.03461    0.0246592   -0.0251001   0.00410539   -0.0278307   -0.0691846   0.00736727   -0.0254453   -0.0380261    0.0118987   -0.0222399  -0.00316819   -0.0239412   -0.0314634    0.0196086   -0.0191134   -0.0280518   0.00565703   -0.0185511  -0.00789447   -0.0222034   -0.0174078    0.0224484   -0.0116389    -0.027455  -0.00261943   -0.0167938   -0.0122131   -0.0200717  -0.00708455     0.025233  -0.00585064    -0.026294   -0.0090091   -0.0157301   -0.0154255   -0.0186602   0.00267613    0.0274986 -0.000777202   -0.0250009   -0.0145809   -0.0149332   -0.0178436   -0.0177308   0.00584598    0.0288097   0.00196936   -0.0244022   -0.0173606   -0.0153758   -0.0191288   -0.0176648   0.00275011    0.0294249   0.00296802   -0.0242534   -0.0179918   -0.0164078    -0.019513   -0.0180722   0.00589887
========================================
primal_step_norm FAILED
Initialization finished.
Allocations finished.
Setup successful.
Solver is ready.
Starting solver...
Solver initialization verified.
Solver finished.
===== SQP Iteration: 1 =====
step_ (179 x 1): 
-0.000799548  3.18005e-06 -0.000799971 -1.99531e-05 -0.000291543 -7.96079e-06  9.75634e-06   -0.0013397 -9.71324e-06  -0.00047668  1.20787e-05 -0.000541448 -3.41777e-05 -0.000184055 -0.000118808  1.51802e-05 -0.000787252    0.0204333 -0.000306211  8.73121e-05 -0.000228529 -0.000116775  2.28116e-05 -0.000224743  1.74007e-05 -0.000204686    0.0269037 -0.000347156   4.9023e-05 -5.03787e-05 -0.000158155  0.000177616  -0.00029556  -3.6551e-05  0.000167392    0.0283378 -0.000468778 -0.000136345   6.5108e-05 -0.000135135  0.000283793 -0.000328595 -0.000157841  0.000411654    0.0283898 -0.000683131 -0.000393056  9.51961e-05 -9.17045e-05  0.000351748 -0.000340831 -0.000323702  0.000604584    0.0281157 -0.000910142 -0.000708787  0.000122884 -2.39541e-05  0.000403423 -0.000336746  -0.00052884  0.000796983    0.0276224  -0.00113737  -0.00106207  0.000156785  6.07006e-05  0.000443814 -0.000322059 -0.000762724  0.000999646    0.0269255  -0.00137015  -0.00144222  0.000188127  0.000160112  0.000470439 -0.000299842  -0.00101699    0.0011954    0.0259857  -0.00163698   -0.0018513  0.000185863  0.000279108  0.000469035 -0.000270265   -0.0012869   0.00133128    0.0251875  -0.00189879  -0.00227108  0.000188969  0.000406183  0.000463552  -0.00023759  -0.00156282   0.00147133    0.0248691   0.00852978  6.49056e-08  1.23711e-06  2.22491e-08  1.48099e-06   -0.0149245 -1.60735e-08     0.408865   -0.0038098    0.0054311    0.0151536  -0.00979091    0.0135695   -0.0143668 -0.000339194     0.129482   -0.0124914  -0.00366561    0.0167432  -0.00403311    0.0140118  -0.00947554  -0.00659348    0.0287748   -0.0126748   -0.0155465    0.0189381     0.005086    0.0120012  -0.00409327   -0.0140713   0.00112331   -0.0210784   -0.0213491     0.011525   0.00807656   0.00906317  -0.00106096   -0.0190151  -0.00541217   -0.0230675    -0.026172    0.0109003     0.011617    0.0072459   0.00135214   -0.0233465  -0.00980983   -0.0244128   -0.0292549    0.0104149    0.0140896   0.00567958   0.00293368   -0.0264825   -0.0138958   -0.0253282   -0.0314528   0.00992176    0.0162058   0.00421962   0.00403906   -0.0286725   -0.0187623   -0.0258702   -0.0337549   0.00936835     0.018919    0.0024962   0.00503662   -0.0302931   -0.0159501     -0.02608   -0.0345871   0.00917443    0.0199185   0.00194645   0.00540371   -0.0308104  -0.00637212
========================================
primal_step_norm FAILED
Initialization finished.
Allocations finished.
Setup successful.
Solver is ready.
Starting solver...
Solver initialization verified.
Solver finished.
===== SQP Iteration: 2 =====
step_ (179 x 1): 
 -0.00103846 -7.02723e-05  -0.00103816 -5.76266e-06  -0.00031959 -4.35592e-05  7.67379e-05  -0.00162947 -1.27908e-05 -0.000275993  -0.00014646  -0.00015663   3.7425e-05  0.000353059  -0.00013758  0.000127196 -0.000272106   0.00620636 -0.000324718 -0.000256318 -3.13829e-05  9.42634e-05  0.000727835 -0.000199395  0.000177361 -0.000274994    0.0117137 -0.000405072 -0.000398896  0.000100945  0.000154816   0.00109764 -0.000239781  0.000218438 -0.000296943    0.0161161 -0.000535693 -0.000570788   0.00020971  0.000203639   0.00145916 -0.000269468  0.000250669  -0.00033367    0.0196138 -0.000772407 -0.000741656  0.000238754  0.000211539   0.00181052 -0.000303033  0.000287905 -0.000368365    0.0224375  -0.00103116 -0.000941559  0.000261166  0.000202298   0.00216853 -0.000340203  0.000325201 -0.000409323    0.0247449  -0.00131345  -0.00116086  0.000273011  0.000171722   0.00254159 -0.000385893  0.000372938 -0.000454842    0.0266329  -0.00155488  -0.00138654  0.000335347  0.000116176   0.00296234 -0.000444263  0.000440888 -0.000388956    0.0282204  -0.00195606  -0.00160353  0.000247182   3.0336e-05   0.00336333 -0.000517726  0.000538675 -0.000541419     0.029227   -0.0023037   -0.0018152  0.000216242  -7.2652e-05   0.00381456 -0.000604965  0.000662889 -0.000554768    0.0294218   0.00482987 -2.31958e-06    0.0209784  1.40597e-06    0.0383127    -0.012183 -2.69754e-06      0.12471   0.00449705  -0.00135854    0.0279178  -0.00253423    0.0412929   -0.0126184   0.00226754     0.110456   0.00176421  -0.00396285    0.0303985   -0.0040778    0.0437339   -0.0125305   0.00430689    0.0883315  -0.00431043  -0.00711675    0.0278608  -0.00532468    0.0455474   -0.0122018   0.00637881    0.0702014   -0.0191682  -0.00840953    0.0165353  -0.00878671    0.0463757   -0.0124739   0.00937484    0.0566833   -0.0213667   -0.0124515    0.0165807   -0.0077393    0.0487813    -0.011699    0.0109467    0.0463129   -0.0228565   -0.0157414      0.01688  -0.00694549    0.0514607   -0.0110978    0.0124998    0.0378815   -0.0237784   -0.0178782     0.017348  -0.00683276    0.0542818   -0.0108164    0.0140496    0.0318453   -0.0244579    -0.018269    0.0177749  -0.00811828    0.0572464   -0.0110293    0.0156638    0.0201566   -0.0246577   -0.0187504    0.0180513  -0.00836742    0.0586701   -0.0110608    0.0164182   0.00387839
========================================
primal_step_norm FAILED
Initialization finished.
Allocations finished.
Setup successful.
Solver is ready.
Starting solver...
Solver initialization verified.
Solver finished.
===== SQP Iteration: 3 =====
step_ (179 x 1): 
-0.000277529  6.93064e-06 -0.000277148 -2.21056e-05 -7.35448e-05 -5.64438e-06  1.72036e-05 -0.000456916 -6.09305e-06 -2.38306e-06  8.89217e-05 -5.65613e-05 -7.14599e-05 -9.43707e-05 -1.65917e-05  0.000130907 -0.000495873  -0.00181481  0.000288416  0.000102033   0.00016862 -0.000125703 -2.82642e-05 -5.82841e-05  0.000271097 -0.000338083  -0.00448513  0.000411469  5.10676e-05  0.000215781 -0.000174598  4.06486e-05 -0.000121961  0.000437783 -0.000318478  -0.00695507  0.000471656 -6.00942e-05  0.000189051 -0.000204105  0.000134336 -0.000196875  0.000625803 -0.000301344   -0.0091609  0.000481552 -0.000229717   0.00010184 -0.000201677  0.000238113 -0.000272758  0.000825337 -0.000312302    -0.011076  0.000480434 -0.000452811 -5.01236e-06 -0.000160433  0.000347498 -0.000342444   0.00102613 -0.000331213   -0.0126781  0.000486658 -0.000718799 -0.000112228 -8.17712e-05  0.000454414 -0.000402054   0.00121783 -0.000346271   -0.0139766  0.000476868  -0.00101947 -0.000240827  3.15046e-05   0.00053722 -0.000448644    0.0013913 -0.000413262   -0.0150484  0.000504273  -0.00135117 -0.000338786  0.000177905  0.000604644 -0.000479688   0.00153832 -0.000452983   -0.0157254  0.000523948  -0.00169924 -0.000446533  0.000345507  0.000641554  -0.00049558   0.00165916 -0.000549578   -0.0158658    0.0326202  2.37308e-06    0.0250002 -1.37926e-06  3.26752e-06  -0.00249865    0.0174003    -0.036314    0.0205876   -0.0065777    0.0115334   0.00382298   0.00321868  -0.00229295    0.0179695   -0.0535092    0.0107532   -0.0119689  0.000261332   0.00726445   0.00501174  -0.00215224    0.0178724    -0.049489   0.00436691   -0.0163606  -0.00756675    0.0104745   0.00590804  -0.00204669    0.0171896   -0.0441905   0.00157029   -0.0200528   -0.0118097    0.0136942   0.00610267  -0.00190705     0.016001    -0.038361   0.00137297   -0.0230174   -0.0133577    0.0166784   0.00577599  -0.00177943    0.0145618   -0.0320874   0.00135755   -0.0250283   -0.0144793    0.0188872    0.0048794  -0.00176127     0.013207   -0.0259966   0.00131025   -0.0264076    -0.015386    0.0205633   0.00361142  -0.00175791     0.012011   -0.0214537  0.000989602   -0.0277474   -0.0163856     0.022322   0.00193535  -0.00158804     0.010917     -0.01354  0.000860367   -0.0281415   -0.0168057    0.0228803   0.00112834  -0.00157607    0.0104252  -0.00280143
========================================
primal_step_norm SUCCESS
SOLVED , sqp_iter_: 3
AFTER initial_guess_[0].uk: [0.348824, -0.017053, -0.342193, 0.040653, 0.046109, -0.052129, -0.205317, 0.060466]
BEFORE initial_guess_[0].uk: [0.319543, -0.041755, -0.373434, 0.050879, 0.052670, -0.051926, -0.207600, -0.065303]
Initialization finished.
Allocations finished.
Setup successful.
Solver is ready.
Starting solver...
Solver initialization verified.
Solver finished.
===== SQP Iteration: 0 =====
step_ (179 x 1): 
 -0.00103199  1.76043e-06  -0.00103328 -2.04788e-05 -0.000387022 -4.62091e-06  6.32807e-06  -0.00174201 -1.88518e-05  0.000495186  0.000466313  0.000499553   2.6968e-06 -0.000153524   4.7548e-05  5.18143e-05  0.000695706   -0.0146244  0.000198335  0.000990223  0.000150874 -2.07395e-05 -0.000582836  3.52363e-05  0.000226822  0.000166848    -0.021483  0.000192638   0.00162228  3.64075e-05 -1.82283e-05 -0.000987745  2.58488e-05  0.000412309 -5.92477e-05    -0.025527  0.000447812   0.00229251  0.000136069  4.47799e-05  -0.00138003  2.67448e-05  0.000597431 -0.000170412    -0.028277  0.000753963   0.00305369  0.000257465  0.000111398  -0.00179089  2.84202e-05  0.000795999 -0.000262515   -0.0301353   0.00108333    0.0038854  0.000379453  0.000179727  -0.00221936   3.0508e-05   0.00100459 -0.000362125   -0.0313064   0.00139437   0.00477317  0.000466404   0.00024507  -0.00267072  3.14496e-05   0.00122037 -0.000512272   -0.0318697   0.00186976   0.00570621  0.000706364  0.000303836  -0.00306948  2.81237e-05   0.00144003 -0.000410181   -0.0321373   0.00305051   0.00599137 -0.000798736  0.000632652  -0.00344887 -0.000139418  0.000811897 -0.000132521   -0.0322657   0.00329184   0.00697749 -0.000804595  0.000640493  -0.00395251 -0.000166875   0.00102897 -0.000439253    -0.032131  -0.00952769    0.0343457  -0.00862701  -0.00906559    -0.021674  -0.00311465    0.0200315     -0.29341   -0.0130032    0.0427842   -0.0198083  -0.00465476   -0.0364675  -0.00234487    0.0206969    -0.137393  -0.00196498    0.0516885    -0.016375  -0.00177942    -0.042677   -0.0022226    0.0218515   -0.0811054     0.020871    0.0551216  0.000301771   0.00559186   -0.0451335  -0.00131625    0.0218331   -0.0551972    0.0242066    0.0628786   -0.0002567   0.00493355   -0.0484648  -0.00180884    0.0233024   -0.0373351    0.0266824    0.0689295 -0.000797108   0.00422666   -0.0508898  -0.00223299    0.0243094   -0.0235578    0.0276591    0.0737311  -0.00204297   0.00318442   -0.0527386  -0.00269223    0.0249154   -0.0113827    0.0294469    0.0773295  -0.00177118   0.00206185   -0.0536843  -0.00317607    0.0251165  -0.00539564    0.0305581    0.0790695  -0.00173911    0.0019541   -0.0550344  -0.00339647    0.0246711  -0.00417256    0.0311022    0.0796207  -0.00182604    0.0021719    -0.056352  -0.00353426    0.0240073    0.0026917
========================================
primal_step_norm FAILED
Initialization finished.
Allocations finished.
Setup successful.
Solver is ready.
Starting solver...
Solver initialization verified.
Solver finished.
===== SQP Iteration: 1 =====
step_ (179 x 1): 
-0.000822824  9.74622e-06 -0.000823752 -2.93508e-05 -0.000301611 -7.25752e-06   1.0593e-05  -0.00138018 -1.25246e-05 -0.000398171  1.94895e-05 -0.000398831 -0.000170399 -0.000134642  0.000106382  1.48634e-05 -0.000600282    0.0101211 -0.000146473   0.00023946 -0.000134248 -0.000369851 -5.60943e-05  0.000223211  3.48933e-05 -0.000160167    0.0130749 -6.76748e-05  0.000583354 -1.88553e-05 -0.000589876 -8.40827e-05  0.000350245  5.94351e-05 -6.15502e-06    0.0144105 -4.02194e-05   0.00102358  5.92183e-05 -0.000825666  -0.00016361  0.000486981  8.62894e-05  7.15178e-05    0.0152481 -3.92853e-06   0.00152571  0.000155835   -0.0010635 -0.000268776  0.000633838  0.000112625  0.000162878    0.0155826  3.94288e-05   0.00206044   0.00026587  -0.00129243 -0.000396539  0.000791367  0.000136076  0.000265786    0.0154477  8.73846e-05   0.00260082  0.000383838  -0.00150214 -0.000545722  0.000960066  0.000154517  0.000369985    0.0149348   0.00012148   0.00313014  0.000488798  -0.00168877 -0.000719047   0.00113933  0.000167355  0.000453598    0.0140684  0.000104486   0.00362744  0.000541236  -0.00184424 -0.000930792   0.00132955  0.000172659  0.000456009    0.0133342  9.05531e-05   0.00411432  0.000596313  -0.00198761  -0.00114801   0.00152476   0.00017499  0.000463747    0.0130962  1.42908e-06  1.01682e-07  1.39366e-06   -0.0186244  1.66358e-06    0.0168432  7.87855e-08     0.202691   0.00850672    0.0172111    0.0102441    -0.026999  0.000176158    0.0170242   0.00170702    0.0591608   0.00942774    0.0273837    0.0143413   -0.0299301  -0.00405619    0.0183391   0.00220505    0.0267993   0.00950516    0.0351594    0.0162426   -0.0319386  -0.00760361     0.019812    0.0024547     0.016825    0.0101056    0.0400855    0.0181459   -0.0319468     -0.01062    0.0214309   0.00240717   0.00675203    0.0102142     0.042642    0.0191144   -0.0304413   -0.0133549    0.0231213   0.00212396   -0.0026419    0.0104033    0.0430344    0.0197473   -0.0275379   -0.0158001    0.0248451   0.00161379   -0.0102114   0.00954329    0.0421108    0.0190366   -0.0241578   -0.0180757    0.0264182   0.00104831   -0.0172869   0.00841365    0.0395541    0.0176883   -0.0197512   -0.0204323    0.0279318  0.000261551   -0.0146692   0.00794423    0.0387398    0.0171838   -0.0181362   -0.0211762    0.0285849   4.1225e-05  -0.00476331
========================================
primal_step_norm FAILED
Initialization finished.
Allocations finished.
Setup successful.
Solver is ready.
Starting solver...
Solver initialization verified.
Solver finished.
===== SQP Iteration: 2 =====
step_ (179 x 1): 
-0.000879296  7.89549e-05  -0.00088327 -0.000134489 -0.000296715 -4.66179e-05  5.45224e-05   -0.0014133 -1.20506e-05  1.36443e-05  0.000152192 -0.000209861 -0.000237851 -4.58916e-05 -4.98817e-05  9.60342e-05 -0.000309695   0.00620284  0.000247822  0.000298099 -0.000150913 -0.000382041  1.14444e-05 -1.04786e-05  0.000157823 -0.000271793    0.0112268  0.000378526  0.000556717 -0.000162791 -0.000571712  8.45314e-05  6.18758e-05  0.000237091 -0.000284783    0.0150422   0.00041364  0.000945746 -0.000238205 -0.000825526  0.000183846  0.000156713  0.000338832 -0.000208135     0.017962  0.000434732   0.00138012 -0.000308221  -0.00108705  0.000304968  0.000278758   0.00044601 -0.000129788    0.0202995  0.000442207   0.00185301 -0.000375456  -0.00135631  0.000445531  0.000422115  0.000558547 -5.67658e-05    0.0222214  0.000439658   0.00235879 -0.000439694  -0.00163385  0.000604349  0.000581081  0.000675899  4.94018e-06    0.0238115  0.000470995   0.00289622 -0.000459408   -0.0019224   0.00079654   0.00074939  0.000797831  0.000127068    0.0251472  0.000378118   0.00346501 -0.000596549  -0.00222644  0.000960428  0.000923148   0.00092469  3.88984e-05    0.0259805  0.000347894   0.00404448 -0.000667588  -0.00253313   0.00115366   0.00109933   0.00105035  4.85091e-05     0.026133    0.0401127  1.19338e-06    0.0108961 -7.66012e-07  1.03882e-06   0.00535026  1.58137e-06     0.124503    0.0395285    0.0067964    0.0161981  -0.00716505   0.00619331    0.0102482   0.00232938     0.100675    0.0326815     0.016438     0.013716   -0.0148354    0.0102778    0.0143443   0.00453099    0.0764804    0.0153225    0.0274327  0.000646733   -0.0250259    0.0118495    0.0170657   0.00738247    0.0585519    0.0150265    0.0315724   0.00295497   -0.0272674    0.0149424    0.0204424   0.00840449    0.0468928    0.0148603    0.0351301   0.00495001   -0.0294147    0.0178539    0.0230376   0.00945605    0.0385585     0.015316     0.038177   0.00714964   -0.0314864     0.020736    0.0249021    0.0105202    0.0318999    0.0157163    0.0410145   0.00892222    -0.033802    0.0234902    0.0260142    0.0116399    0.0267971    0.0160016    0.0439727    0.0102814   -0.0366831    0.0261081    0.0263845    0.0128051    0.0166912    0.0164779     0.044989     0.011201   -0.0375899    0.0273651    0.0266209    0.0133246   0.00303769
========================================
primal_step_norm FAILED
Initialization finished.
Allocations finished.
Setup successful.
Solver is ready.
Starting solver...
Solver initialization verified.
Solver finished.
===== SQP Iteration: 3 =====
step_ (179 x 1): 
-0.000222716  8.45161e-05 -0.000223367 -0.000132348 -7.32294e-05 -4.80819e-05  1.99078e-05 -0.000359995  -7.4884e-06   -0.0001961  8.42396e-05  2.26266e-05 -0.000131851 -4.37298e-05 -5.00742e-05  -1.2665e-05 -0.000455027   -0.0026316 -8.52867e-06  8.86956e-05  0.000370808 -0.000249963  4.00539e-05 -5.56047e-05 -6.74604e-06 -0.000247192  -0.00634409  7.17801e-05  0.000120384  0.000555258 -0.000436249  6.87152e-05 -5.76822e-05  2.48987e-05  -0.00022797  -0.00975242  0.000134762   0.00024327  0.000666063 -0.000640393  6.84679e-05 -5.20876e-05  6.97995e-05 -0.000327541   -0.0126733  0.000234204   0.00050585  0.000761414 -0.000833159  6.34214e-05 -3.78395e-05  0.000120972 -0.000448262   -0.0151769  0.000365761  0.000865293  0.000842345  -0.00100824  5.33545e-05  -1.4838e-05  0.000173775 -0.000575687   -0.0173175  0.000525101   0.00125909   0.00091059  -0.00114895  4.02628e-05  1.74089e-05  0.000224251 -0.000696705   -0.0191227  0.000668552   0.00169842  0.000935991  -0.00127075  3.40269e-06  5.88597e-05  0.000270258 -0.000875949   -0.0206459   0.00087846   0.00216458   0.00101083  -0.00137411 -2.73745e-05  0.000108708  0.000309592 -0.000962545   -0.0216102   0.00105238   0.00263457   0.00104153  -0.00146497 -7.55479e-05  0.000163879  0.000347352  -0.00110838   -0.0218182   0.00586565   -5.826e-08    0.0350822  7.08475e-09   0.00685363 -5.31542e-07 -1.43297e-06     -0.05259   0.00134167 -1.00398e-07    0.0228888   -0.0160783   0.00458754 -8.45556e-05   0.00413538   -0.0743078 -0.000568767    0.0019932    0.0134038   -0.0250199   0.00221038  0.000558046   0.00672433   -0.0682068   0.00434337   0.00911015     0.010836   -0.0268433   0.00108652   0.00187049   0.00781365    -0.058457   0.00908879    0.0201362   0.00862994   -0.0245041  0.000319556   0.00329359   0.00813414   -0.0501123    0.0125218    0.0277853   0.00587649    -0.021567 -0.000775131   0.00462592   0.00792529   -0.0428457    0.0146585    0.0304614   0.00257785   -0.0164995  -0.00191623   0.00590402   0.00724305   -0.0361314    0.0162443    0.0341792  0.000585433   -0.0139165  -0.00372933   0.00701308   0.00629087   -0.0304894    0.0172993    0.0363857 -0.000657109   -0.0115812  -0.00591103   0.00804907   0.00513773   -0.0192918    0.0172041      0.03689   -0.0019524   -0.0102415  -0.00679888   0.00847709   0.00457939  -0.00415536
========================================
primal_step_norm SUCCESS
SOLVED , sqp_iter_: 3
AFTER initial_guess_[0].uk: [0.386467, 0.032950, -0.366111, -0.009349, -0.003333, -0.002131, -0.155313, 0.095400]
BEFORE initial_guess_[0].uk: [0.372283, 0.082952, -0.383131, -0.025473, -0.023156, 0.013111, -0.146814, 0.027283]
Initialization finished.
Allocations finished.
Setup successful.
Solver is ready.
Starting solver...
Solver initialization verified.
Solver finished.
===== SQP Iteration: 0 =====
step_ (179 x 1): 
-0.000986593 -2.57382e-06 -0.000986948 -9.28029e-06 -0.000371514 -5.95608e-07   3.9524e-06  -0.00166445 -2.01375e-05  0.000779904 -0.000646127  0.000797499   0.00064184  0.000120787 -2.62841e-05 -0.000146381    0.0011828   -0.0233607  0.000326926  -0.00139548   0.00036454   0.00107613 -0.000193878 -0.000194851 -0.000221227  0.000547053   -0.0340005  0.000180658  -0.00235231  0.000203481   0.00159572 -0.000420265 -0.000393958  -0.00033617  0.000136483   -0.0394996  0.000128522  -0.00336437   0.00012573    0.0021044 -0.000581395 -0.000634619 -0.000456924 -0.000147349   -0.0427247  0.000115849  -0.00438009  8.37239e-05   0.00258706 -0.000698771 -0.000909366 -0.000580388 -0.000384251   -0.0447602  0.000127817  -0.00536573  6.72482e-05   0.00304151 -0.000787006  -0.00120828 -0.000708172 -0.000600911   -0.0460359  0.000114319  -0.00631918  2.90141e-05   0.00346848 -0.000872739  -0.00152608 -0.000838739 -0.000859041   -0.0467166  0.000266904  -0.00723603  0.000162855   0.00387115 -0.000890187  -0.00185908 -0.000972479  -0.00083537   -0.0470672    0.0015201  -0.00676251  -0.00126493   0.00414666  -0.00135001  -0.00199119  -0.00161893 -0.000623976   -0.0471174   0.00140672  -0.00761003  -0.00139337   0.00447993  -0.00147965  -0.00234347  -0.00176042  -0.00106482   -0.0469712     -0.01647   -0.0310069   -0.0151659    0.0304017   -0.0115659   -0.0249966   0.00191855      -0.4682   -0.0375129   -0.0550991   -0.0348459    0.0465101   -0.0242223   -0.0291165  -0.00346841    -0.213025   -0.0203266   -0.0725095   -0.0222427    0.0597467   -0.0220223   -0.0328116  -0.00829182    -0.110225   -0.0207148   -0.0774841   -0.0241214    0.0592499   -0.0190594   -0.0382705  -0.00933997   -0.0647271   -0.0207559   -0.0781905   -0.0246292    0.0564687   -0.0161496   -0.0428037   -0.0101126    -0.040906   -0.0198777   -0.0760864   -0.0235752    0.0532454   -0.0140374   -0.0460195   -0.0111747   -0.0256748   -0.0201659   -0.0737234   -0.0234074    0.0500219   -0.0132426   -0.0485832   -0.0121582   -0.0137482   -0.0199523    -0.071204   -0.0225307    0.0472786   -0.0131857   -0.0503418    -0.013192  -0.00706261   -0.0175068   -0.0699212   -0.0195171    0.0471012   -0.0139214    -0.050773   -0.0147318  -0.00344546   -0.0173896   -0.0687594   -0.0192528    0.0469859   -0.0151302   -0.0507917   -0.0156655   0.00292303
========================================
primal_step_norm FAILED
Initialization finished.
Allocations finished.
Setup successful.
Solver is ready.
Starting solver...
Solver initialization verified.
Solver finished.
===== SQP Iteration: 1 =====
step_ (179 x 1): 
-0.000933908 -1.36321e-07 -0.000933014 -2.09344e-05 -0.000342823 -7.84203e-06  1.09001e-05  -0.00155897  -1.2766e-05 -0.000524374 -0.000177967 -0.000522749 -3.24354e-05  -0.00017898  5.31516e-06 -0.000184205 -0.000763232    0.0176789 -0.000223407 -0.000600801 -0.000233267   3.0045e-06  4.29752e-05  1.02339e-05 -0.000361971 -0.000129498    0.0232219 -0.000273683   -0.0012453 -0.000263046   7.6948e-05    0.0001854  9.63096e-06 -0.000532847  0.000186336    0.0249921 -0.000441572   -0.0021209  -0.00039578   0.00022496  0.000286204  1.09189e-05 -0.000717833   0.00038016    0.0255566 -0.000653481  -0.00317582 -0.000562849  0.000430506  0.000366814  1.07856e-05 -0.000916815  0.000555105    0.0256263 -0.000840982  -0.00438286 -0.000701946  0.000693123  0.000438636  1.06381e-05  -0.00113393  0.000727194    0.0254213  -0.00102938   -0.0056841 -0.000839451   0.00098493  0.000502382  6.31458e-06  -0.00136061  0.000910371     0.025042  -0.00121922  -0.00704292 -0.000976915   0.00129543  0.000558979 -7.55872e-07  -0.00159448    0.0010981    0.0244104  -0.00144208  -0.00843998  -0.00114778   0.00162474  0.000592956 -6.10503e-06  -0.00183622   0.00123314    0.0237385  -0.00167631  -0.00985676  -0.00132959   0.00196547  0.000616436 -9.41799e-06  -0.00208212   0.00134722    0.0234135  1.74336e-06    -0.014971  1.77822e-06  1.26046e-08  2.09995e-06   0.00291544   -0.0222675     0.353829   0.00696486   -0.0347074   0.00530927   0.00652689    0.0132518   0.00152064   -0.0203867     0.110939   -0.0120023   -0.0525245  -0.00945934    0.0119586    0.0132026  0.000561821    -0.019616    0.0354979   -0.0172995   -0.0712219   -0.0127617    0.0224985    0.0118991  0.000841296   -0.0211791    0.0113736   -0.0213709   -0.0857958   -0.0155503    0.0307926    0.0102563  0.000742013   -0.0227202   0.00146188   -0.0179347   -0.0981677   -0.0117003    0.0389733    0.0094054  0.000843733   -0.0246757  -0.00404508   -0.0191818    -0.105848   -0.0125602    0.0432083   0.00823733  0.000341961   -0.0256724  -0.00754393   -0.0201923    -0.110543   -0.0133729    0.0459059   0.00730955  1.13068e-05   -0.0263879   -0.0125978   -0.0210595    -0.113617   -0.0142688    0.0485533   0.00605096  0.000260932   -0.0271808   -0.0134224   -0.0214152    -0.115186   -0.0146335    0.0500915   0.00544115  0.000519554   -0.0275482  -0.00650428
========================================
primal_step_norm FAILED
Initialization finished.
Allocations finished.
Setup successful.
Solver is ready.
Starting solver...
Solver initialization verified.
Solver finished.
===== SQP Iteration: 2 =====
step_ (179 x 1): 
-0.000973475 -0.000129397 -0.000974319  0.000135534 -0.000341623  3.09214e-05  2.29426e-05   -0.0016117 -9.56313e-06  -0.00027639 -0.000246944 -0.000278825  0.000284925  0.000284256  4.36186e-05  1.43232e-05 -0.000381331   0.00570395  -0.00021868 -0.000367551 -0.000207964   0.00045762  0.000674886  2.90865e-05 -3.77453e-06 -0.000222961   0.00994419 -0.000341553 -0.000526669 -0.000303596  0.000653095   0.00101611 -2.04824e-05 -2.06933e-05 -0.000205504    0.0129208 -0.000524375 -0.000815086 -0.000452004  0.000915754   0.00133789 -9.89624e-05 -4.32753e-05 -0.000208402    0.0150501 -0.000732006  -0.00129407    -0.000623   0.00125471   0.00164732 -0.000203683 -7.19962e-05 -0.000223229    0.0166935 -0.000970899  -0.00198706 -0.000822398   0.00163952   0.00195225 -0.000336575 -9.90018e-05 -0.000220411    0.0180086   -0.0012249  -0.00291797  -0.00103677   0.00205666   0.00225763 -0.000492586 -0.000123321 -0.000208834    0.0190543  -0.00145287  -0.00401298  -0.00122479   0.00249064   0.00258121 -0.000667468  -0.00014382 -0.000123425    0.0199407  -0.00175814  -0.00520582  -0.00148863   0.00292667   0.00288725  -0.00085649 -0.000157939 -0.000140468    0.0205621  -0.00206158  -0.00644313  -0.00175137   0.00336433   0.00319784  -0.00104984 -0.000170316 -0.000151349    0.0207107  1.96434e-06 -3.45482e-06  1.89469e-06  2.47439e-06     0.038316  -0.00291449  -0.00206489     0.114447   0.00275229 -0.000224204   0.00456689   0.00451937    0.0399484  -0.00662264  -0.00327722    0.0849976  -0.00724601  -0.00408176  -0.00357191    0.0100033    0.0388577   -0.0105252  -0.00319162    0.0597082   -0.0113629   -0.0155992  -0.00678202    0.0224214    0.0378804   -0.0131761  -0.00385882     0.042737   -0.0124382   -0.0322284  -0.00748572     0.036412    0.0373144   -0.0153167  -0.00447376    0.0329908   -0.0165201   -0.0508608   -0.0112417    0.0463728    0.0368975   -0.0176649  -0.00422728    0.0263974   -0.0184674   -0.0713691   -0.0130869    0.0540769    0.0371641    -0.019581   -0.0038467    0.0209845   -0.0201675   -0.0857585   -0.0148058    0.0589782    0.0378148   -0.0213109  -0.00314331    0.0177842    -0.021661   -0.0943747   -0.0163863    0.0609874     0.038896   -0.0229317  -0.00211398    0.0124509   -0.0218185   -0.0984202   -0.0165864    0.0619296    0.0397029   -0.0237633  -0.00153722   0.00296252
========================================
primal_step_norm FAILED
Initialization finished.
Allocations finished.
Setup successful.
Solver is ready.
Starting solver...
Solver initialization verified.
Solver finished.
===== SQP Iteration: 3 =====
step_ (179 x 1): 
-0.000158739  -0.00010115 -0.000158466   0.00010531 -4.37935e-05 -7.98971e-06  4.33773e-06 -0.000257605 -5.99502e-06 -9.52721e-05 -8.79674e-05 -0.000138705   7.8816e-05 -0.000141632  2.62677e-05  0.000197159 -0.000681388  -0.00425427  0.000243824 -7.56338e-05  0.000155267  5.89442e-05 -0.000120608  0.000101169  0.000403872  -0.00056431   -0.0104745  0.000432734  -7.1468e-05  0.000298521  5.22976e-05 -0.000162057  0.000221205  0.000610766 -0.000592533   -0.0164645  0.000523669 -7.68335e-05  0.000330081  6.13448e-05 -0.000248361  0.000388223  0.000801723  -0.00071283    -0.021482  0.000581021 -9.20343e-05  0.000317773  0.000102211 -0.000362851  0.000599613  0.000969186 -0.000875578   -0.0254929   0.00066204 -0.000117726  0.000319321  0.000204661 -0.000498552  0.000852517   0.00110752   -0.0010709    -0.028596  0.000735916 -0.000162208  0.000309876  0.000409047 -0.000656917   0.00113217   0.00122576  -0.00126842   -0.0309229  0.000756358 -0.000311791  0.000245048   0.00073726 -0.000853158   0.00142902   0.00132966  -0.00152843   -0.0327104  0.000811952 -0.000628428  0.000213626   0.00119475  -0.00105401    0.0017366   0.00142133  -0.00169395   -0.0338721   0.00084022  -0.00117292  0.000155218   0.00174668  -0.00127201   0.00204526   0.00151048  -0.00185894   -0.0341534     0.038952 -3.26829e-07    0.0329853 -1.06251e-07 -3.56583e-07    0.0102047     0.023173   -0.0851174    0.0292389 -7.08319e-07    0.0231131 -1.34912e-07  -0.00148652    0.0157303    0.0247698     -0.12452    0.0153902  -1.1376e-06   0.00921064 -1.28613e-07  -0.00639717     0.021084    0.0247809    -0.119894   0.00497877  -1.7776e-06  -0.00299443  1.98905e-07   -0.0105042     0.026485    0.0229903    -0.100436  0.000751817 -2.57228e-06  -0.00869309   0.00222236   -0.0136988    0.0314501    0.0202212   -0.0802949   0.00340223 -3.14102e-06  -0.00727935   0.00839658   -0.0162393    0.0358936    0.0168419    -0.062128  0.000721438 -0.000780058   -0.0105528     0.020649   -0.0194351    0.0384461     0.014473   -0.0465885   -0.0029732  -0.00870586   -0.0144398    0.0366145   -0.0227162    0.0399646    0.0125333   -0.0357969  -0.00697264   -0.0220565   -0.0183669    0.0541565   -0.0260987    0.0410485    0.0107751   -0.0232534   -0.0109861   -0.0405922   -0.0223439    0.0677521   -0.0283802    0.0412545    0.0100556  -0.00562004
========================================
primal_step_norm FAILED
Initialization finished.
Allocations finished.
Setup successful.
Solver is ready.
Starting solver...
Solver initialization verified.
Solver finished.
===== SQP Iteration: 4 =====
step_ (179 x 1): 
-0.000200363 -0.000210959 -0.000200313   0.00022449 -5.03576e-05 -1.52577e-05  2.01111e-05 -0.000311668 -5.45325e-06  1.66198e-05 -0.000317483  6.10867e-05   0.00034168  2.10633e-05  0.000151722  0.000171514 -5.97984e-06   0.00173396  0.000102016 -0.000423581  0.000190794  0.000457234   5.6701e-05  0.000316537  0.000323019  9.24262e-05   0.00385867  0.000140373 -0.000527543  0.000273486  0.000569916  8.84237e-05  0.000481194  0.000479471  0.000128649   0.00567097  0.000120258 -0.000628588  0.000308589  0.000678804    0.0001203  0.000647045  0.000646061   0.00015663   0.00704129  7.35346e-05  -0.00072602  0.000321611  0.000784165  0.000154302  0.000817904  0.000821676  0.000191424   0.00805483  2.38515e-06  -0.00081905  0.000312324  0.000883556  0.000190633  0.000996089   0.00100482  0.000230867   0.00876741 -7.29829e-05 -0.000906862  0.000299969  0.000977227  0.000230116   0.00118536   0.00119099  0.000266098   0.00923264 -0.000146816 -0.000989108  0.000288848   0.00106451  0.000274372   0.00138485   0.00137949  0.000306212   0.00958781 -0.000244041  -0.00106562  0.000254453   0.00114527  0.000315165   0.00159115     0.001571  0.000308685   0.00983003    -0.000344   -0.0011358  0.000217019   0.00123211  0.000357335   0.00180174   0.00176263  0.000304567   0.00987699   0.00702033 -3.88016e-06    0.0129908   2.5606e-06  6.28568e-07    0.0252853    0.0151418    0.0348368    0.0070202 -7.34257e-06    0.0129906  4.88466e-06   0.00158407    0.0248587    0.0151784    0.0425571   0.00702001 -1.03649e-05    0.0129904  6.94408e-06   0.00315115    0.0248106    0.0158084    0.0363074   0.00096321 -1.29526e-05   0.00837459  8.72405e-06   0.00375803    0.0249994    0.0170278    0.0274621  -0.00263934 -1.51362e-05   0.00537195  1.02643e-05   0.00410251    0.0257054    0.0181969    0.0203201  -0.00550105 -1.70471e-05    0.0028652  1.17488e-05   0.00453043    0.0267969    0.0191717    0.0142949  -0.00534467 -1.84943e-05   0.00311306  1.28199e-05   0.00518475     0.028401    0.0196663   0.00933977  -0.00532369 -1.95351e-05   0.00312677  1.35361e-05   0.00578319    0.0298291    0.0201287    0.0071314  -0.00541798 -2.01829e-05   0.00298145  1.39957e-05   0.00649502    0.0306998    0.0206972    0.0048572  -0.00540781 -2.04975e-05   0.00296748   0.00183465   0.00696672    0.0311829    0.0209832  0.000935052
========================================
primal_step_norm SUCCESS
SOLVED , sqp_iter_: 4
AFTER initial_guess_[0].uk: [0.436459, -0.017066, -0.316111, 0.040662, 0.046668, 0.040501, -0.105313, -0.223744]
BEFORE initial_guess_[0].uk: [0.386457, -0.067081, -0.366113, 0.090672, 0.035760, 0.044058, -0.108584, -0.467797]
Initialization finished.
Allocations finished.
Setup successful.
Solver is ready.
Starting solver...
Solver initialization verified.
Solver finished.
===== SQP Iteration: 0 =====
step_ (179 x 1): 
  -0.0011654 -1.27216e-05  -0.00116546 -7.89384e-07 -0.000440581  2.63362e-06  5.16264e-06  -0.00196091 -2.41301e-05  0.000865929   0.00139623  0.000865515   -0.0011971  6.17133e-05 -9.70242e-05  9.37837e-05   0.00120473    -0.021058  0.000518136   0.00241407  0.000517189  -0.00186439 -0.000334115 -0.000264964    0.0002715  0.000347933    -0.027628  0.000665067   0.00361474  0.000638317   -0.0026047 -0.000629946  -0.00046902  0.000448832 -2.82457e-05   -0.0288819   0.00103129   0.00504375  0.000972843  -0.00345608 -0.000866774 -0.000716729   0.00065032 -0.000191535   -0.0283389   0.00142617   0.00672218   0.00133877  -0.00443642  -0.00107849  -0.00101027  0.000889862 -0.000275609   -0.0272092   0.00185535   0.00865677   0.00174087  -0.00555207  -0.00126859  -0.00133477   0.00115413 -0.000347249    -0.025919   0.00232556    0.0108343   0.00218752  -0.00679589   -0.0014382  -0.00168022   0.00143348 -0.000429568   -0.0245477   0.00287111    0.0132724   0.00271051  -0.00817899  -0.00156529  -0.00204537   0.00172828 -0.000408474   -0.0234032   0.00410163    0.0131957   0.00130914  -0.00797699  -0.00198733   -0.0022306   0.00139378 -0.000216315   -0.0230779    0.0045429    0.0157672   0.00173123  -0.00933304   -0.0021546  -0.00262851   0.00169055 -0.000403284   -0.0225289 -2.87459e-06    0.0459796 -2.86552e-06   -0.0459814   -0.0149827   -0.0205197    0.0204106    -0.422031 -3.46588e-06    0.0666727 -3.44126e-06   -0.0643757   -0.0266337   -0.0270167    0.0213455    -0.131577    0.0255805    0.0816925    0.0221915   -0.0756236   -0.0283861    -0.032048    0.0212562   -0.0252777    0.0380807     0.100735    0.0338999   -0.0926178   -0.0272672   -0.0383921    0.0238395    0.0106815    0.0362782     0.121684    0.0323744    -0.112571   -0.0264222   -0.0451607    0.0279592    0.0224506    0.0408814     0.143339    0.0372788    -0.133491   -0.0242584   -0.0497698    0.0305385    0.0256896    0.0484061     0.163985     0.045221    -0.153502    -0.021703   -0.0528101    0.0319831    0.0273378    0.0514281     0.186028    0.0484709    -0.175084   -0.0196077   -0.0554871    0.0334248    0.0228463    0.0557048     0.208618     0.052944    -0.192114   -0.0185424   -0.0567116    0.0334808   0.00936612     0.055647     0.208498    0.0530341    -0.191803    -0.019568    -0.057244     0.032845    0.0109781
========================================
primal_step_norm FAILED
Initialization finished.
Allocations finished.
Setup successful.
Solver is ready.
Starting solver...
Solver initialization verified.
Solver finished.
===== SQP Iteration: 1 =====
step_ (179 x 1): 
 -0.00103761   0.00011191  -0.00104068 -0.000194517   -0.0003875 -8.15959e-05  1.16023e-05  -0.00173574 -1.60014e-05 -0.000550641  0.000240171 -0.000556918 -0.000386138 -0.000198417 -0.000164673 -9.94029e-06 -0.000814771    0.0180633 -7.89314e-05  0.000676375 -0.000235254 -0.000768139  1.31371e-05 -0.000344221 -3.23671e-05 -8.48842e-05    0.0227594  0.000299287   0.00148833 -0.000123398  -0.00138977  0.000188081 -0.000632213 -5.04626e-05  0.000266132    0.0231255  0.000733331   0.00262825 -7.65856e-05  -0.00217781  0.000363739  -0.00102268 -7.75804e-05   0.00044309    0.0219729   0.00124981     0.003923 -6.38102e-05  -0.00296564  0.000554401  -0.00150387 -0.000111871  0.000562145    0.0201695   0.00181154   0.00526307 -8.81783e-05   -0.0037137   0.00074007  -0.00204796 -0.000144638  0.000665536    0.0180265   0.00242956   0.00656235 -0.000105939  -0.00438453  0.000895152  -0.00262567 -0.000174507  0.000743949    0.0156501   0.00307966   0.00791807 -0.000111667  -0.00503053  0.000994577  -0.00321647 -0.000208723  0.000751328     0.013257   0.00368891   0.00930646 -0.000168526  -0.00565279      0.00103  -0.00380791 -0.000247985  0.000659604    0.0117498   0.00433613     0.010685  -0.00020006  -0.00625148   0.00106963   -0.0043978 -0.000288722  0.000613551    0.0113731  2.59981e-06  5.46463e-06  2.29991e-06 -1.19084e-06  2.90489e-06 -2.96333e-06  -0.00307194     0.361591    0.0215738    0.0252961   0.00209846   -0.0275885   0.00995976   -0.0145113  -0.00319133     0.094029    0.0407957    0.0562587   0.00582891   -0.0623213    0.0158674   -0.0308893  -0.00278575   0.00745571    0.0616063    0.0831978    0.0105181    -0.086715    0.0201818   -0.0463632  -0.00380953   -0.0229299    0.0760443      0.09609    0.0094776   -0.0876944    0.0229625   -0.0601828  -0.00459423   -0.0359593      0.08196     0.100168   0.00425887     -0.08321    0.0223618   -0.0700627  -0.00433552   -0.0427685    0.0896283     0.097312   0.00537633   -0.0736595    0.0190776   -0.0757912  -0.00392035   -0.0474469    0.0976507      0.10246    0.0106517    -0.071682    0.0141056    -0.078697  -0.00423514   -0.0478061    0.0985389     0.105806    0.0101979   -0.0700583   0.00905437    -0.079874  -0.00454733    -0.030123    0.0991843     0.105657   0.00930897   -0.0684941    0.0083093   -0.0806403  -0.00445979  -0.00754027
========================================
primal_step_norm FAILED
Initialization finished.
Allocations finished.
Setup successful.
Solver is ready.
Starting solver...
Solver initialization verified.
Solver finished.
===== SQP Iteration: 2 =====
step_ (179 x 1): 
-0.000567576  0.000209456 -0.000569734 -0.000357054 -0.000202313 -0.000172597  2.07184e-06 -0.000965226 -8.28282e-06 -3.30046e-05   0.00030178 -0.000378975  -0.00051924  5.66501e-05 -0.000264445  6.09382e-06 -0.000633713   0.00368041  0.000451683  0.000390831 -0.000298818 -0.000678863  0.000335584 -0.000353867  2.19021e-05 -0.000433131   0.00597745  0.000887914  0.000477331 -0.000433869 -0.000832549  0.000652974 -0.000440246   6.0154e-05 -0.000251026    0.0076129   0.00131327  0.000559405 -0.000725638  -0.00101178   0.00103492 -0.000522339  0.000117054 -7.51301e-05   0.00883515   0.00179176  0.000656581  -0.00106118   -0.0013092   0.00151477 -0.000611649  0.000184305  9.55842e-05   0.00963276   0.00235561  0.000693781  -0.00148118  -0.00167021   0.00207685 -0.000737948  0.000263512  0.000254457    0.0100127   0.00300601  0.000642961   -0.0019277   -0.0020565   0.00269342 -0.000935243  0.000354854  0.000394513     0.010038   0.00370932  0.000551011  -0.00238797  -0.00247943   0.00332492  -0.00122526  0.000469093  0.000518707   0.00984168   0.00444596  0.000430104  -0.00285769  -0.00291798   0.00396668  -0.00159146  0.000600343  0.000644571   0.00965299   0.00518053  0.000297265  -0.00334858  -0.00335842   0.00460953  -0.00198519  0.000741597  0.000744115   0.00957231    0.0459774  1.93068e-06  3.71138e-07 -2.46699e-06    0.0199697 -4.79519e-06   0.00153134     0.073682    0.0519728   3.4611e-06  -0.00209483 -4.51755e-06    0.0262184  -8.9794e-06   0.00276985     0.045878    0.0482042  4.63972e-06   -0.0280203 -6.22134e-06    0.0314816 -1.25797e-05   0.00526907    0.0326673    0.0482246  5.27378e-06   -0.0473673  -0.00459939     0.039221  -1.5444e-05   0.00732532    0.0244193    0.0566089   0.00149264   -0.0520338   -0.0220854    0.0505875   -0.0017117   0.00841822    0.0159393    0.0692881  -0.00307187   -0.0619017   -0.0321192    0.0602797  -0.00788792   0.00963003   0.00759533    0.0825882  -0.00982137   -0.0637525   -0.0369676    0.0669781   -0.0190648    0.0108536   0.00050753     0.090926   -0.0126796   -0.0642568   -0.0436089    0.0691418   -0.0335577    0.0132193  -0.00392382    0.0951528   -0.0145227   -0.0655326   -0.0474796     0.070291   -0.0457799    0.0148939  -0.00376837    0.0971131   -0.0149195   -0.0661755   -0.0496041    0.0710919   -0.0511417    0.0158201  -0.00161077
========================================
primal_step_norm SUCCESS
SOLVED , sqp_iter_: 2
AFTER initial_guess_[0].uk: [0.486458, 0.032941, -0.366113, -0.009346, 0.048784, -0.009519, -0.059333, -0.401590]
BEFORE initial_guess_[0].uk: [0.496412, 0.082946, -0.416114, -0.059351, 0.041076, -0.059536, -0.061013, -0.427319]
Initialization finished.
Allocations finished.
Setup successful.
Solver is ready.
Starting solver...
Solver initialization verified.
Solver finished.
===== SQP Iteration: 0 =====
step_ (179 x 1): 
 -0.00109284 -1.28653e-05  -0.00109176 -6.12922e-07  -0.00041592  3.65003e-06   2.3437e-06  -0.00183601 -2.48569e-05  0.000869947  -0.00122994    0.0010895   0.00155111  0.000214156  0.000597878  -8.4772e-05   0.00165864    -0.032944 -0.000121785  -0.00223618  0.000618279    0.0023951 -0.000316754  0.000883787 -0.000161664  0.000476965   -0.0440596  -0.00104339   -0.0035379  0.000505338   0.00344285 -0.000933412   0.00129121 -0.000268055  -0.00033158   -0.0460066    -0.001986  -0.00492621   0.00060679   0.00458791    -0.001631   0.00180497 -0.000378415 -0.000888876   -0.0444653  -0.00297305  -0.00622327  0.000937426   0.00573831  -0.00237526     0.002425  -0.00050376  -0.00131005   -0.0416861  -0.00408795  -0.00729435   0.00131877   0.00680247   -0.0031296   0.00315284 -0.000644584  -0.00164244   -0.0384477  -0.00526872  -0.00832045   0.00173597   0.00786158  -0.00383669   0.00398989 -0.000810182  -0.00187452   -0.0352144   -0.0064447  -0.00930275    0.0022209   0.00889616  -0.00449313   0.00490358  -0.00099348   -0.0020071   -0.0330798  -0.00504438   -0.0090678  0.000785544   0.00906557  -0.00490975   0.00466923  -0.00143277  -0.00190948    -0.032396  -0.00632852   -0.0098622   0.00120143   0.00986527  -0.00561238   0.00553761  -0.00164071  -0.00217809   -0.0317952   -0.0275693   -0.0387182 -3.63465e-06    0.0420196   -0.0162088  6.56368e-06  -0.00749917    -0.659319   -0.0688674   -0.0645726 -5.25369e-06    0.0715921    -0.037488    0.0175649  -0.00847307    -0.222341   -0.0935815   -0.0894442    0.0136848     0.102449   -0.0579911    0.0365707   -0.0117256   -0.0390389    -0.116365   -0.0972456    0.0224119     0.118133    -0.073471    0.0534211   -0.0121281     0.030709    -0.131415   -0.0906538    0.0439246     0.121155   -0.0817149    0.0704606   -0.0137845    0.0554673    -0.153231    -0.073223    0.0459382     0.111663   -0.0845185    0.0878649   -0.0155048    0.0646648    -0.167514   -0.0706381    0.0452033     0.113959   -0.0811558     0.105769   -0.0182683    0.0645874    -0.172709   -0.0682886     0.048192     0.113877    -0.077532     0.119145   -0.0202794    0.0426526    -0.175128   -0.0654492    0.0508356     0.113161   -0.0782313     0.125041   -0.0221353    0.0147079    -0.175163    -0.064408    0.0513065     0.112673   -0.0793126     0.124635   -0.0230279     0.012016
========================================
primal_step_norm FAILED
Initialization finished.
Allocations finished.
Setup successful.
Solver is ready.
Starting solver...
Solver initialization verified.
Solver finished.
===== SQP Iteration: 1 =====
step_ (179 x 1): 
  -0.0012047 -2.34494e-05  -0.00120265  8.35832e-06 -0.000450549  6.44945e-06  1.61531e-05  -0.00199588 -2.11654e-05  -0.00087745 -0.000116793 -0.000874828  4.54533e-05 -0.000318893  0.000276701 -4.60108e-05  -0.00129621    0.0256472 -0.000629825 -0.000458065 -0.000626555  0.000197459 -0.000217167  0.000691752 -0.000112718 -0.000581908    0.0304597 -0.000720613  -0.00106163 -0.000716675  0.000455626 -0.000250214   0.00124156 -0.000182081 -0.000226103    0.0281158 -0.000978669  -0.00200489 -0.000980295   0.00087213 -0.000425921   0.00193967 -0.000281669  -0.00010385    0.0242488  -0.00133324  -0.00328896  -0.00134786   0.00145079  -0.00070319   0.00277965 -0.000406372 -7.36233e-05    0.0207161  -0.00169492  -0.00490611  -0.00172924   0.00220103  -0.00104344   0.00372529  -0.00055678 -7.25924e-05    0.0180197  -0.00209459  -0.00672154  -0.00215561   0.00309305  -0.00142683   0.00473531 -0.000713967 -5.36867e-05    0.0162454  -0.00244528  -0.00866292  -0.00253621   0.00408819  -0.00181697   0.00579073 -0.000883679  9.56354e-06    0.0152016  -0.00277467   -0.0106645  -0.00289826   0.00513355  -0.00220812   0.00686911  -0.00105659  0.000115937    0.0144026  -0.00312155   -0.0126995  -0.00327738   0.00621025  -0.00261577    0.0079624  -0.00123677  0.000195097    0.0139436  2.00058e-06  -0.00726168  2.04297e-06    0.0039607  1.47552e-06     0.038315  -0.00831528     0.513409  3.19648e-06   -0.0273861   3.2574e-06    0.0203676  1.85855e-06    0.0590771  -0.00884034    0.0963775    -0.016122   -0.0484926   -0.0161341    0.0354891   -0.0057564    0.0783905  -0.00913894   -0.0467389   -0.0224529    -0.076017   -0.0233477    0.0582218   -0.0165242    0.0998582   -0.0124689   -0.0772257   -0.0309054    -0.103774   -0.0327442    0.0816671   -0.0263871     0.120563   -0.0151943   -0.0705757   -0.0319433    -0.130962   -0.0346412     0.106467   -0.0333572     0.136092   -0.0179079    -0.053883   -0.0402305    -0.147253   -0.0437172     0.127023   -0.0390859     0.145665   -0.0184728   -0.0354679   -0.0384473    -0.157654    -0.042299     0.141984   -0.0412274     0.152425   -0.0196351   -0.0208716   -0.0398641    -0.162664   -0.0440416     0.149286   -0.0425358     0.155838    -0.019736   -0.0159791   -0.0407659    -0.165347   -0.0449721     0.153705   -0.0437217     0.157933   -0.0202829   -0.0091856
========================================
primal_step_norm FAILED
Initialization finished.
Allocations finished.
Setup successful.
Solver is ready.
Starting solver...
Solver initialization verified.
Solver finished.
===== SQP Iteration: 2 =====
step_ (179 x 1): 
-1.02501e-05 -2.19758e-07 -1.01887e-05  1.63572e-07 -3.97801e-06   1.2247e-07   4.7595e-08 -5.38205e-07  1.15676e-08  0.000524169  1.24944e-05  0.000522591 -8.98106e-06  0.000192629 -8.86834e-06  -3.8846e-05  0.000557975   -0.0693824   0.00079816  2.10196e-05  0.000795156 -1.63887e-05  0.000290491 -1.60053e-05 -0.000225807  0.000162734     -0.10298  0.000995616  2.73499e-05  0.000954762 -2.12368e-05  0.000363383 -2.14417e-05 -0.000540423  -0.00056042    -0.112413   0.00114907  3.15093e-05   0.00103932 -2.32596e-05  0.000386958 -2.50474e-05  -0.00098011  -0.00139053    -0.107128   0.00123706  3.32745e-05   0.00108395 -2.21258e-05   0.00032994  -2.2617e-05  -0.00155006  -0.00220862   -0.0944082   0.00127077  1.70353e-05   0.00109494 -1.80485e-05  0.000169694  1.91452e-05   -0.0022455  -0.00293624   -0.0795095   0.00125207 -0.000132559   0.00107304  1.28161e-05 -0.000106175  0.000138063  -0.00298372  -0.00357156   -0.0659448   0.00117544 -0.000481978  0.000997538  0.000113727 -0.000459687  0.000352497   -0.0037157  -0.00414674      -0.0559   0.00103462  -0.00108132  0.000856503  0.000333565 -0.000841896  0.000682371  -0.00442452  -0.00469371    -0.050326  0.000872654  -0.00194369  0.000691014  0.000688137  -0.00122371   0.00108225  -0.00511551   -0.0051797    -0.048566   1.9355e-06  4.67271e-07   1.9339e-06  -6.0253e-07  3.44701e-06 -7.20279e-07  -0.00269925     -1.38789   2.5122e-06  9.00661e-07  2.51534e-06 -1.18607e-06  5.23022e-06 -1.39869e-06   -0.0192175    -0.672113  -0.00156084  1.25179e-06  -0.00643943 -1.73198e-06   6.1773e-06 -2.02236e-06   -0.0334138    -0.188736 -0.000789147  1.40596e-06  -0.00979045 -2.15407e-06   -0.0033418 -2.42194e-06   -0.0473569     0.105665   -0.0034419  1.57528e-06  -0.00911876 -2.32879e-06   -0.0103769  0.000570615   -0.0619135      0.25438  -0.00690891  -0.00128003  -0.00989847  -2.3618e-06    -0.020705     0.005953   -0.0760041     0.297985  -0.00991585   -0.0119062   -0.0104303    0.0033897   -0.0323671    0.0167921   -0.0809502     0.271317   -0.0130282   -0.0279471     -0.01304     0.012995   -0.0396347    0.0303384   -0.0804994      0.20092   -0.0176501   -0.0480994   -0.0179228    0.0296473   -0.0417151    0.0468469   -0.0781975     0.111492   -0.0224076   -0.0694454   -0.0229985    0.0487057   -0.0424507    0.0569547   -0.0764802    0.0352077
========================================
primal_step_norm FAILED
Initialization finished.
Allocations finished.
Setup successful.
Solver is ready.
Starting solver...
Solver initialization verified.
Solver finished.
===== SQP Iteration: 3 =====
step_ (179 x 1): 
-0.000438999 -6.82429e-05 -0.000438851   0.00011254 -0.000165856  5.87127e-05  6.39204e-06  -0.00074405 -1.04087e-05 -0.000680664 -0.000133095 -0.000680413  0.000224102 -0.000256829  0.000116788  1.24104e-05 -0.000863198    0.0621027 -0.000779511 -0.000194953 -0.000779025  0.000333184 -0.000293519  0.000172738  7.33508e-05 -0.000307289    0.0865247 -0.000844447 -0.000254579  -0.00079908  0.000438962 -0.000316438  0.000226433   0.00016516  0.000429622    0.0858656 -0.000932114 -0.000311948 -0.000801071  0.000540469 -0.000341268  0.000277444  0.000280003   0.00108116    0.0710509  -0.00101329 -0.000366566 -0.000807583  0.000636858 -0.000367086  0.000325229  0.000429634   0.00155136    0.0503151  -0.00107449 -0.000417829 -0.000800399  0.000727414 -0.000389575  0.000369144  0.000623459    0.0018298    0.0292985  -0.00111555 -0.000465124 -0.000777548  0.000811266 -0.000404676  0.000408535  0.000796511    0.0019504     0.011536   -0.0011345 -0.000507946 -0.000727325  0.000887808 -0.000423431   0.00044287  0.000921085   0.00196713  -0.00104681  -0.00113549 -0.000546058 -0.000651923  0.000956431 -0.000468078  0.000471873  0.000998754   0.00192723   -0.0078788  -0.00113003 -0.000579389 -0.000565434   0.00101682 -0.000532702  0.000513705   0.00105012    0.0018619  -0.00984932  -8.0801e-07 -2.29468e-06 -8.37818e-07  2.46773e-06 -1.62921e-06  3.11896e-06 -9.87963e-09      1.24239 -1.00041e-06  -4.3187e-06 -1.06168e-06  4.66782e-06 -2.48853e-06  5.86036e-06   0.00612653     0.488525 -0.000292015 -6.08488e-06    0.0056867  6.60723e-06 -3.03801e-06  8.23434e-06   0.00956156   -0.0131173    -0.002561 -7.56613e-06   0.00882093  8.24339e-06 -3.45533e-06  1.02109e-05    0.0121207    -0.296253  -0.00131527 -8.75139e-06   0.00861116  9.53512e-06 -3.77394e-06   1.1756e-05    0.0160066      -0.4147  0.000142477 -9.66592e-06   0.00924302  1.05171e-05 -3.98443e-06  1.29182e-05    0.0209629    -0.420334  0.000226298 -1.03374e-05   0.00874185  1.12551e-05  -4.0783e-06  1.37502e-05    0.0187238    -0.355263 -0.000324875 -1.07899e-05     0.008909   1.1743e-05   -0.0015085  1.42733e-05    0.0134357    -0.251674 -0.000868645 -1.10746e-05   0.00934479  1.20004e-05  -0.00529054  1.45186e-05   0.00834458    -0.136653  -0.00132521 -1.12202e-05   0.00950927  1.20893e-05  -0.00786954   0.00265158   0.00556264   -0.0394142
========================================
primal_step_norm FAILED
Initialization finished.
Allocations finished.
Setup successful.
Solver is ready.
Starting solver...
Solver initialization verified.
Solver finished.
===== SQP Iteration: 4 =====
step_ (179 x 1): 
-0.000366897 -7.16702e-05 -0.000366672  0.000119447 -0.000137419  6.14597e-05  8.15236e-06 -0.000616967 -9.89338e-06  -0.00033258 -7.56297e-05 -0.000332374  0.000126123 -0.000123432  6.39748e-05  9.97158e-06 -0.000556306  -0.00086883 -0.000332875  -8.0146e-05 -0.000332577  0.000132666 -0.000122582  6.64211e-05  4.91471e-05 -0.000562119  -0.00171859  -0.00034437 -8.46712e-05 -0.000346971  0.000139112 -0.000126812   6.8846e-05  0.000118198  -0.00059746  -0.00222727 -0.000352818 -8.90877e-05 -0.000362418  0.000145327 -0.000131364  7.11212e-05  0.000213545 -0.000637809   -0.0024171 -0.000354724 -9.32109e-05 -0.000376413   0.00015106  -0.00013477  7.31448e-05  0.000330442 -0.000673441  -0.00233342 -0.000347854 -9.71136e-05 -0.000386384  0.000156395 -0.000136531  7.49092e-05  0.000464618 -0.000700402  -0.00204588 -0.000332901 -0.000100564 -0.000393035  0.000161228 -0.000131038  7.63905e-05  0.000611224  -0.00071722  -0.00165693 -0.000310841 -0.000103668  -0.00039578  0.000165742 -0.000115778   7.7731e-05  0.000766516  -0.00072514  -0.00128197 -0.000284396  -0.00010638 -0.000396176  0.000169908 -9.42874e-05  7.88362e-05  0.000928055 -0.000725902  -0.00102177 -0.000255258 -0.000108698 -0.000394968  0.000173516 -6.97025e-05  7.90999e-05   0.00109279 -0.000723184 -0.000927611  2.63821e-08 -1.63546e-07   3.1181e-08  1.38943e-07  9.44923e-08   1.2608e-07  1.08143e-07   -0.0171758 -3.53099e-08   -3.086e-07 -2.54728e-08  2.59061e-07  6.96198e-08  2.35227e-07   0.00414224   -0.0169901  0.000304915 -4.37144e-07 -0.000123487  3.68339e-07   3.7711e-08  3.29396e-07    0.0074609   -0.0101726  0.000793476 -5.47598e-07  -0.00013953  4.61756e-07  4.29311e-08  4.08465e-07    0.0103881   -0.0037989    0.0012704 -6.42876e-07 -0.000337698  5.47825e-07  9.37988e-08   4.7903e-07    0.0127861   0.00166884   0.00187402 -7.07187e-07 -0.000377587  5.96302e-07  1.45901e-07  5.15757e-07    0.0147145   0.00574525   0.00233861 -7.46543e-07 -0.000535968   6.1082e-07  0.000617882  5.13403e-07    0.0161122   0.00777355   0.00270267 -7.65622e-07 -0.000589059  5.99749e-07   0.00153633  4.80711e-07    0.0171086   0.00749513    0.0028135  -7.8165e-07 -0.000749124   6.0723e-07    0.0020966  4.80643e-07    0.0178355   0.00520225   0.00291151 -7.90299e-07 -0.000794933  6.16028e-07   0.00237798 -7.90853e-05    0.0182338   0.00188278
========================================
primal_step_norm SUCCESS
SOLVED , sqp_iter_: 4
AFTER initial_guess_[0].uk: [0.436456, -0.017065, -0.416115, 0.040660, -0.001221, 0.040490, -0.109333, -1.970274]
BEFORE initial_guess_[0].uk: [0.386455, -0.067069, -0.466116, 0.090665, -0.051223, 0.090497, -0.132532, -1.961663]
Initialization finished.
Allocations finished.
Setup successful.
Solver is ready.
Starting solver...
Solver initialization verified.
Solver finished.
===== SQP Iteration: 0 =====
step_ (179 x 1): 
-0.000834337 -1.25939e-05  -0.00083228  5.14276e-06 -0.000314569  4.18421e-06  1.06703e-05  -0.00141876 -2.02729e-05    0.0019169  0.000289485   0.00191498 -0.000463075  0.000719548 -0.000506317 -0.000101669   0.00298179   -0.0310212    0.0015295  0.000347616   0.00151209 -0.000572187   0.00058236 -0.000963644 -0.000117578   0.00205339   -0.0296363   0.00146829  0.000786723   0.00140202 -0.000879232  0.000646733  -0.00163346  5.26603e-05   0.00160661   -0.0160874   0.00169066    0.0017921   0.00155817    -0.001507    0.0010039  -0.00252878  0.000434954   0.00156933 -0.000868039   0.00206439   0.00335905   0.00185715  -0.00245343   0.00163355  -0.00363414   0.00100969   0.00178144    0.0115897   0.00256489   0.00539337   0.00227565  -0.00368056   0.00248263  -0.00492481   0.00172075   0.00209644    0.0200596   0.00310129   0.00779044   0.00272735  -0.00511935   0.00345345  -0.00637678   0.00252519   0.00242139    0.0250351   0.00368942    0.0104775   0.00323651  -0.00672012   0.00448932  -0.00797123   0.00337354   0.00271853    0.0278277   0.00526638    0.0107229    0.0019265  -0.00679008   0.00430403  -0.00836441   0.00313555   0.00262589    0.0289443   0.00593383    0.0136177   0.00252406  -0.00845855   0.00537398   -0.0100355   0.00399917   0.00293739    0.0296946 -1.83765e-06  1.69048e-06 -1.81883e-06 -1.86525e-06 -2.41909e-06   -0.0383167  -0.00818927    -0.621391   -0.0035908  3.15104e-06  -0.00556651 -3.47441e-06 -2.97454e-06   -0.0580917  -0.00203078    0.0276505   0.00854653    0.0307843    0.0019335   -0.0282893    0.0124524   -0.0886835    0.0187178     0.270888    0.0257227    0.0767626    0.0166426   -0.0742678    0.0385036    -0.121397    0.0423292     0.304306    0.0372843      0.12253    0.0269241    -0.120246    0.0660649    -0.152151     0.063771     0.249105    0.0542756     0.160806    0.0429536    -0.161044    0.0905053    -0.179553    0.0789461     0.169377    0.0634629     0.190678    0.0519399    -0.192219     0.105435    -0.203614    0.0893088    0.0995061    0.0757643     0.214673    0.0648312    -0.216404     0.114297    -0.225017     0.094203    0.0558526     0.087748      0.23489     0.077869    -0.236147     0.119233    -0.239845     0.096002    0.0228636    0.0876828     0.234886    0.0784076    -0.236307     0.118407    -0.240441    0.0958643    0.0150065
========================================
primal_step_norm FAILED
Initialization finished.
Allocations finished.
Setup successful.
Solver is ready.
Starting solver...
Solver initialization verified.
Solver finished.
===== SQP Iteration: 1 =====
step_ (179 x 1): 
-0.000868818  1.71939e-05 -0.000869898 -5.06429e-05 -0.000318508 -2.45422e-05   1.1205e-05  -0.00144808 -1.41282e-05 -0.000709637  0.000617157 -0.000711824 -0.000431066  -0.00024895  -5.2403e-05  0.000310053 -0.000959806     0.039552 -0.000179365   0.00178499 -0.000255637  -0.00113583  0.000101618 -0.000207479  0.000638539 -0.000187904    0.0491179  0.000385732   0.00313856  8.60062e-05  -0.00196309  0.000596733 -0.000414063   0.00090427   0.00046769    0.0466619  0.000931061   0.00448999  0.000246966  -0.00278835   0.00113326 -0.000657529   0.00107777  0.000935485    0.0410926   0.00149871   0.00558431  0.000270823  -0.00361207   0.00171512 -0.000952246   0.00116478   0.00129209    0.0356387   0.00211062    0.0063153   0.00019888  -0.00441121   0.00235331  -0.00132175   0.00117426   0.00159725    0.0308556   0.00273984   0.00676648  4.74808e-05  -0.00516898   0.00302609  -0.00178899   0.00111512   0.00186092    0.0265047   0.00346221   0.00706797 -5.73184e-05  -0.00587775   0.00370027  -0.00235511  0.000985514   0.00207032    0.0227198   0.00422903   0.00734216 -0.000126762  -0.00657692   0.00435437  -0.00297473  0.000808074   0.00223784     0.020596   0.00501148   0.00758875 -0.000195036  -0.00727951   0.00502315  -0.00362526  0.000616986   0.00240427    0.0201073  8.15453e-07    0.0459776  6.75898e-07   -0.0459775  1.72199e-06 -1.20312e-06    0.0331118     0.791258    0.0459782    0.0919551    0.0361451   -0.0919549    0.0301565   -0.0185436    0.0364533     0.191319    0.0618092     0.107153    0.0322213    -0.109648    0.0498993   -0.0262688    0.0294783   -0.0490857    0.0704049     0.107153    0.0195416    -0.109648    0.0581501   -0.0318722    0.0192766    -0.111346     0.077587     0.086376   0.00550719    -0.109648    0.0646392   -0.0394342   0.00965812    -0.109045    0.0834522    0.0569836  -0.00727583    -0.106428    0.0710132    -0.050347   0.00106354   -0.0956345    0.0855576    0.0343753   -0.0182827    -0.100817    0.0749051   -0.0646013  -0.00657742   -0.0869946    0.0989013    0.0223564   -0.0110412   -0.0942853    0.0754834   -0.0790818    -0.014454   -0.0756817     0.105616    0.0202854   -0.0055638   -0.0933891    0.0735529    -0.087095    -0.019839   -0.0424707      0.10691    0.0182134  -0.00653034   -0.0943801    0.0748895   -0.0919006   -0.0213198  -0.00977429
========================================
primal_step_norm FAILED
Initialization finished.
Allocations finished.
Setup successful.
Solver is ready.
Starting solver...
Solver initialization verified.
Solver finished.
===== SQP Iteration: 2 =====
step_ (179 x 1): 
-0.000781107   0.00014117 -0.000781537 -0.000264208  -0.00029406 -0.000137952  2.88637e-06  -0.00131561 -6.74934e-06 -0.000228123  0.000265409 -0.000573883 -0.000476285  0.000121287 -0.000250301   2.2399e-05 -0.000908379    0.0137664  0.000317463   0.00038651 -0.000606842 -0.000682942  0.000607269 -0.000360205  8.26013e-05 -0.000403779    0.0224126  0.000797253  0.000502616 -0.000810549 -0.000883402   0.00111833 -0.000465503  0.000142462  3.23285e-05    0.0278239   0.00124705  0.000613649  -0.00111762  -0.00107565    0.0016464 -0.000565333  0.000185382  0.000420194    0.0310806   0.00170621  0.000978115  -0.00148621  -0.00125927   0.00220119 -0.000658656  0.000204373  0.000776593    0.0330241   0.00221606   0.00129446  -0.00191459  -0.00149222   0.00281245 -0.000744563  0.000210417   0.00111893    0.0343028   0.00279411   0.00151493  -0.00240191  -0.00179553   0.00353025 -0.000822156  0.000214885   0.00144576    0.0353341   0.00338196   0.00167671   -0.0029418  -0.00215932   0.00434753 -0.000907681  0.000228928   0.00175298    0.0361538      0.00401   0.00174644  -0.00347618  -0.00253728   0.00521876  -0.00105723  0.000261427    0.0020361    0.0365774    0.0046683   0.00178284   -0.0039999  -0.00291936   0.00612384  -0.00123731  0.000303578   0.00233857    0.0365794    0.0459781  2.34329e-06  1.02226e-06 -2.84086e-06    0.0383155 -5.35885e-06   0.00312302     0.275384    0.0459787  4.17167e-06   -0.0309894 -5.16861e-06    0.0464768 -9.98901e-06   0.00764025     0.172908    0.0481338  5.27379e-06   -0.0428084 -6.63888e-06    0.0525942 -1.36606e-05   0.00753772     0.108244    0.0513326  5.82363e-06   -0.0494113 -7.60669e-06    0.0566075 -1.65695e-05   0.00553405    0.0651718    0.0571384    0.0209935   -0.0529419 -8.09443e-06    0.0608722 -1.88301e-05   0.00277466    0.0389124    0.0663785    0.0175821    -0.058463  -0.00840805    0.0677549  -2.0541e-05    0.0012095    0.0256152    0.0776265    0.0103233   -0.0640753   -0.0199543    0.0801201 -2.17221e-05  0.000922951    0.0206653     0.081313   0.00617363   -0.0685844   -0.0302482    0.0918042   -0.0024532    0.0018279    0.0164217    0.0892995 -0.000590016   -0.0653749    -0.034325    0.0985002   -0.0131239   0.00375095   0.00848217    0.0920699  -0.00261028    -0.065136   -0.0370689     0.101855    -0.019029   0.00464535  3.96037e-05
========================================
primal_step_norm FAILED
Initialization finished.
Allocations finished.
Setup successful.
Solver is ready.
Starting solver...
Solver initialization verified.
Solver finished.
===== SQP Iteration: 3 =====
step_ (179 x 1): 
-0.000477697  0.000153052 -0.000478889 -0.000276902 -0.000178687 -0.000143714  1.62311e-07 -0.000803747 -1.38414e-06 -0.000313651   0.00016231  3.00789e-05 -0.000289963 -0.000115884 -0.000150868 -2.14857e-06 -0.000486099   0.00623933 -0.000240443  0.000169898   0.00042415 -0.000303029 -8.73853e-05 -0.000157397  1.78399e-05 -0.000269878    0.0101633 -0.000209749  0.000176864  0.000701638 -0.000315407 -7.49622e-05 -0.000163678  5.70626e-05 -9.27624e-05    0.0128566 -0.000197828  0.000183502   0.00084323 -0.000327205 -6.96174e-05 -0.000169637    0.0001131   7.6215e-05     0.014921 -0.000190124  0.000189044  0.000851914 -0.000337915 -6.61826e-05 -0.000175028  0.000184068  0.000254371    0.0165743 -0.000185845   0.00019839   0.00085401 -0.000347404 -6.41521e-05  -0.00017997  0.000255611  0.000440594      0.01786 -0.000166459  0.000207725  0.000843059 -0.000371746 -6.24827e-05 -0.000184776  0.000326432  0.000636716    0.0187946 -0.000145977  0.000178927  0.000842493 -0.000421399 -3.47961e-06  -0.00018943  0.000394479  0.000843294    0.0194259 -0.000105057  0.000130072  0.000833875 -0.000498336  0.000115683 -0.000193726  0.000466481   0.00106219    0.0197782 -5.85125e-05  7.13315e-05  0.000816683 -0.000585413  0.000260397 -0.000216997  0.000539525    0.0012731    0.0198308 -1.23135e-08   7.0066e-07     0.045977 -7.21779e-07  9.31081e-07 -7.05144e-07  5.25116e-08     0.124764 -4.74675e-07  1.36469e-06    0.0427331 -1.41277e-06  1.31742e-06 -1.36231e-06   0.00244437     0.078455  -1.1108e-06  1.99237e-06    0.0328898 -2.07093e-06  1.41184e-06 -1.96658e-06   0.00455917     0.053853 -1.81555e-06  2.58613e-06    0.0173059 -2.69249e-06  1.47472e-06 -2.52989e-06   0.00640527    0.0412813 -2.46524e-06  3.14804e-06  0.000175778 -3.28018e-06  1.42092e-06 -3.04972e-06   0.00804927    0.0330603 -2.78675e-06  0.000375048 -0.000264519 -3.55323e-06  1.49839e-06  -3.3757e-06   0.00809331    0.0257097   0.00216387  0.000370524  -0.00195121   -0.0020231  1.71918e-06  -3.5838e-06   0.00800922    0.0186888    0.0021638  -0.00271703 -0.000777377  -0.00576091   0.00631469 -3.77146e-06   0.00772026     0.012623    0.0042963  -0.00429037  -0.00239664  -0.00963935    0.0128049 -3.85926e-06   0.00815469   0.00704637   0.00577289  -0.00503717  -0.00284475   -0.0112337    0.0158958  -0.00283772   0.00826473   0.00105444
========================================
primal_step_norm FAILED
Initialization finished.
Allocations finished.
Setup successful.
Solver is ready.
Starting solver...
Solver initialization verified.
Solver finished.
===== SQP Iteration: 4 =====
step_ (179 x 1): 
-0.000148347  3.67378e-05 -0.000148914 -6.74094e-05 -5.52491e-05 -3.53451e-05  5.64418e-07 -0.000250394  9.78682e-08  -5.4608e-05 -8.18122e-05 -5.41896e-05   0.00013994 -2.09687e-05  7.15323e-05  1.12816e-06 -6.53706e-05   0.00500195 -5.47233e-05 -0.000199573  3.60094e-05  0.000344184 -2.21875e-05  0.000176423 -2.54666e-06  -5.6371e-07   0.00791187 -4.88766e-05 -0.000314079  0.000132078  0.000542775 -2.12035e-05  0.000277546  -8.7964e-06  9.42294e-05   0.00892134 -4.59072e-05 -0.000424709  0.000226595  0.000733505 -2.08086e-05  0.000374073 -1.58095e-05  0.000190664   0.00872025 -0.000141453 -0.000529563  0.000307221  0.000914553 -2.57605e-05  0.000464591 -2.20017e-05  0.000258809   0.00790971 -0.000249196 -0.000626655  0.000364579   0.00108483 -3.51652e-05  0.000547961 -3.94567e-05   0.00029709    0.0068097 -0.000354275 -0.000717527  0.000418193   0.00125057  -4.3423e-05  0.000623343 -6.80536e-05   0.00032841   0.00562443 -0.000439973 -0.000824133  0.000495063   0.00137972 -4.45065e-05  0.000689901 -0.000106687   0.00038089   0.00458823 -0.000505979 -0.000939782  0.000592319   0.00147749 -4.97712e-05  0.000746508 -0.000147447  0.000457658   0.00391519  -0.00057975  -0.00105315  0.000678225   0.00155343 -6.13395e-05  0.000778584 -0.000191321  0.000516639   0.00368114  2.69838e-07 -2.74698e-06  3.89238e-07  3.00711e-06 -1.61779e-07  5.24831e-06 -5.68503e-09     0.100039   3.0111e-07 -5.00636e-06    0.0119187  5.52002e-06 -6.09526e-07  9.78996e-06 -0.000504013    0.0582006  3.28837e-07  -6.7674e-06    0.0119188  7.54477e-06 -1.04806e-06  1.36373e-05 -0.000782949    0.0201934  -0.00018582 -8.05041e-06    0.0119189  9.09094e-06 -1.49624e-06   1.6819e-05  -0.00085781    -0.004016   -0.0114353 -8.87176e-06     0.011919  1.01799e-05 -1.94322e-06  1.93695e-05 -0.000767831   -0.0162082   -0.0114354  0.000140837    0.0104811  1.06084e-05 -2.44642e-06  2.12566e-05   -0.0020053   -0.0220045   -0.0114355  0.000141119   0.00969307  0.000781412 -2.86724e-06  2.25785e-05  -0.00323101   -0.0237161   -0.0114356  -0.00168828    0.0102429   -0.0025023 -3.01121e-06  2.34839e-05  -0.00433475   -0.0207343   -0.0113612  -0.00312415    0.0103506  -0.00496507  -0.00125806  2.40582e-05  -0.00456144   -0.0134644   -0.0114441  -0.00362569   0.00994114  -0.00592158  -0.00164695  -0.00199718  -0.00489128  -0.00468066
========================================
primal_step_norm FAILED
Initialization finished.
Allocations finished.
Setup successful.
Solver is ready.
Starting solver...
Solver initialization verified.
Solver finished.
===== SQP Iteration: 5 =====
step_ (179 x 1): 
-0.000129305  5.40682e-05 -0.000130223 -9.62329e-05 -4.79062e-05 -4.98914e-05  4.40034e-07 -0.000217361   1.5626e-06 -8.69213e-05  7.16613e-05 -8.77677e-05 -0.000124664 -3.16054e-05 -6.44191e-05  3.24621e-07 -0.000140291  0.000924704 -4.78209e-05  8.88751e-05  1.49889e-05 -0.000152686 -1.66103e-05 -7.86218e-05 -5.23361e-07 -6.37575e-05  0.000929111 -2.80854e-05  0.000105067  9.84687e-05  -0.00018043 -8.87668e-06 -9.18159e-05 -1.33317e-06 -2.16816e-05  0.000671545 -5.38794e-05  0.000120906  0.000167377  -0.00020653 -6.68912e-06 -0.000104597 -1.64622e-06  -7.2147e-06  0.000375232 -0.000115503   9.8913e-05  0.000230695 -0.000231556  -6.5689e-06 -0.000116583  -9.3065e-07 -4.57934e-06  0.000175528 -0.000178294  7.67813e-05  0.000289853 -0.000254819 -6.97827e-06 -0.000127435  3.38497e-06 -5.39331e-06  0.000206012 -0.000242642  5.34438e-05  0.000344991  -0.00027876 -8.03717e-06 -0.000137219  1.23811e-05 -7.21761e-06  0.000480232 -0.000309198  5.60905e-05  0.000397319 -0.000277176 -9.84512e-06 -0.000145957  2.62255e-05 -9.04432e-06  0.000862775 -0.000385303  8.02676e-05  0.000445514 -0.000260613 -1.43936e-05 -0.000153401  4.14633e-05 -7.64461e-06   0.00115394 -0.000461762  0.000110431  0.000497624 -0.000235187 -1.99922e-05 -0.000145587  5.84008e-05 -1.45936e-06   0.00124924  2.17549e-07   4.4288e-07   2.2557e-07  -4.5125e-07  2.89882e-07 -7.04349e-07  1.65121e-08    0.0184482  3.31773e-07  8.13029e-07   0.00849343 -8.34818e-07  4.49918e-07 -1.30414e-06 -6.77435e-05  8.67519e-05  3.48215e-07  1.10761e-06   0.00849346 -1.15251e-06  4.83577e-07 -1.82625e-06 -7.29752e-05  -0.00514615  -0.00411698   1.3378e-06   0.00849343 -1.40577e-06  4.49915e-07 -2.24708e-06 -1.69161e-05  -0.00591942  -0.00815446  -0.00298702   0.00849338 -1.59672e-06  3.96348e-07 -2.58572e-06  9.91036e-05  -0.00398756  -0.00815453  -0.00291651   0.00809137 -1.70606e-06  3.51673e-07 -2.85323e-06  0.000496471  0.000615451  -0.00815452  -0.00291654   0.00776064 -0.000233153  3.26759e-07 -3.02221e-06   0.00101868   0.00548914   -0.0081545  -0.00075934   0.00766251    0.0030667  2.82149e-07 -3.14323e-06   0.00155687    0.0076538  -0.00939973   0.00106974    0.0071183   0.00491058   -0.0003002 -3.23682e-06   0.00170982   0.00582447  -0.00964856   0.00164978   0.00738379   0.00586597 -0.000482986   0.00198827   0.00188732   0.00190578
========================================
primal_step_norm SUCCESS
SOLVED , sqp_iter_: 5
AFTER initial_guess_[0].uk: [0.486456, 0.032937, -0.366115, -0.009342, 0.048781, -0.009516, -0.059333, 1.480847]
BEFORE initial_guess_[0].uk: [0.536457, 0.082938, -0.367566, -0.059344, 0.098783, -0.059522, -0.050234, 0.887993]
Initialization finished.
Allocations finished.
Setup successful.
Solver is ready.
Starting solver...
Solver initialization verified.
Solver finished.
===== SQP Iteration: 0 =====
step_ (179 x 1): 
-2.78492e-05   5.2368e-07 -2.75065e-05  -2.8573e-06 -1.04849e-05 -2.69601e-06 -9.87741e-08 -1.30112e-05 -4.97832e-08   0.00281103  -0.00106631    0.0029919   0.00125932  0.000829826  0.000677524 -0.000230296   0.00447788    -0.180042   0.00203665  -0.00225392   0.00274148   0.00199934  0.000106543   0.00116473 -0.000623373   0.00224501     -0.24511    0.0009682  -0.00400673   0.00254401   0.00306088 -0.000954644   0.00191615  -0.00119212 -0.000268692     -0.24309 -0.000209626  -0.00628786   0.00253697   0.00444475  -0.00235554    0.0027515  -0.00192502  -0.00257862    -0.209202  -0.00149285  -0.00810903    0.0027187   0.00582378  -0.00409635   0.00358361  -0.00272802  -0.00448277    -0.166254  -0.00287532  -0.00935979      0.00308   0.00714561  -0.00607797   0.00441205  -0.00346232   -0.0059467    -0.126959  -0.00434634   -0.0101021   0.00344836    0.0083601  -0.00821077   0.00523669  -0.00408268  -0.00703029    -0.097134  -0.00590227   -0.0104123   0.00379404   0.00943687   -0.0103925   0.00605692  -0.00463074   -0.0078512   -0.0787244  -0.00454363   -0.0101067   0.00241084    0.0092416   -0.0111059    0.0056473  -0.00549516  -0.00788746   -0.0699555  -0.00610252   -0.0100842   0.00280407    0.0100366   -0.0133338   0.00637658  -0.00601403  -0.00857595   -0.0674308   -0.0459773   -0.0459777   -0.0223213    0.0459779   -0.0383153    0.0283719   -0.0226436     -3.60159   -0.0919545   -0.0919552   -0.0223214    0.0919555   -0.0766303    0.0636567   -0.0436317     -1.30137    -0.133628    -0.137933   -0.0177413     0.137933    -0.114945     0.101972   -0.0631491    0.0403852     -0.14996    -0.180921   0.00592212      0.18391     -0.15326     0.114443   -0.0813757     0.677749    -0.165832     -0.14389    0.0292205      0.18391    -0.191574     0.114444   -0.0891543     0.858922    -0.181539   -0.0979128    0.0506671     0.176523    -0.219107     0.114445     -0.08153     0.785883    -0.196476   -0.0570018    0.0484585     0.162215    -0.236882     0.114445   -0.0688747      0.59647    -0.209983   -0.0223026    0.0432634     0.143659    -0.242985     0.114445   -0.0608509     0.368182    -0.209649  -0.00400487     0.050064     0.126161    -0.247384     0.112405   -0.0578503     0.172367    -0.206785   0.00178009    0.0532654     0.112541    -0.247054     0.105025   -0.0576112    0.0504956
========================================
primal_step_norm FAILED
Initialization finished.
Allocations finished.
Setup successful.
Solver is ready.
Starting solver...
Solver initialization verified.
Solver finished.
QP solve FAILED : 3 
QP_PrimalInfeasible
NOT SOLVED , sqp_iter_: 1
===================================================
================ QP did not solved ================
================= Primal Infeasible ================
===================================================
track X:  [0.554 0.554 0.553 0.551 0.547 0.544 0.539 0.533 0.527 0.52  0.512 0.503
 0.494 0.484 0.473 0.462 0.45  0.438 0.426 0.413 0.4   0.386 0.373 0.359
 0.345 0.331 0.317 0.303 0.289 0.276 0.263 0.25  0.237 0.224 0.213 0.201
 0.19  0.18  0.171 0.162 0.153 0.146 0.139 0.133 0.128 0.123 0.12  0.117
 0.115 0.115 0.115 0.115 0.117 0.12  0.123 0.128 0.133 0.139 0.146 0.153
 0.162 0.171 0.18  0.19  0.201 0.213 0.225 0.237 0.25  0.263 0.276 0.289
 0.303 0.317 0.331 0.345 0.359 0.373 0.386 0.4   0.413 0.426 0.438 0.45
 0.462 0.473 0.484 0.494 0.503 0.512 0.52  0.527 0.533 0.539 0.544 0.547
 0.551 0.553 0.554 0.554]
track Y:  [ 0.    -0.028 -0.055 -0.082 -0.107 -0.13  -0.152 -0.171 -0.187 -0.2
 -0.21  -0.217 -0.22  -0.219 -0.215 -0.208 -0.197 -0.183 -0.166 -0.147
 -0.125 -0.101 -0.075 -0.048 -0.021  0.007  0.035  0.062  0.088  0.113
  0.136  0.157  0.175  0.191  0.203  0.212  0.218  0.22   0.219  0.214
  0.206  0.194  0.179  0.162  0.141  0.119  0.095  0.069  0.042  0.014
 -0.014 -0.042 -0.069 -0.095 -0.119 -0.141 -0.162 -0.179 -0.194 -0.206
 -0.214 -0.219 -0.22  -0.218 -0.212 -0.203 -0.191 -0.175 -0.157 -0.136
 -0.113 -0.088 -0.062 -0.035 -0.007  0.021  0.048  0.075  0.101  0.125
  0.147  0.166  0.183  0.197  0.208  0.215  0.219  0.22   0.217  0.21
  0.2    0.187  0.171  0.152  0.13   0.107  0.082  0.055  0.028  0.   ]
track Z:  [0.521 0.521 0.521 0.521 0.521 0.521 0.521 0.521 0.521 0.521 0.521 0.521
 0.521 0.521 0.521 0.521 0.521 0.521 0.521 0.521 0.521 0.521 0.521 0.521
 0.521 0.521 0.521 0.521 0.521 0.521 0.521 0.521 0.521 0.521 0.521 0.521
 0.521 0.521 0.521 0.521 0.521 0.521 0.521 0.521 0.521 0.521 0.521 0.521
 0.521 0.521 0.521 0.521 0.521 0.521 0.521 0.521 0.521 0.521 0.521 0.521
 0.521 0.521 0.521 0.521 0.521 0.521 0.521 0.521 0.521 0.521 0.521 0.521
 0.521 0.521 0.521 0.521 0.521 0.521 0.521 0.521 0.521 0.521 0.521 0.521
 0.521 0.521 0.521 0.521 0.521 0.521 0.521 0.521 0.521 0.521 0.521 0.521
 0.521 0.521 0.521 0.521]
track R:  [[[ 1.  0.  0.]
  [ 0. -1.  0.]
  [ 0.  0. -1.]]

 [[ 1.  0.  0.]
  [ 0. -1.  0.]
  [ 0.  0. -1.]]

 [[ 1.  0.  0.]
  [ 0. -1.  0.]
  [ 0.  0. -1.]]

 [[ 1.  0.  0.]
  [ 0. -1.  0.]
  [ 0.  0. -1.]]

 [[ 1.  0.  0.]
  [ 0. -1.  0.]
  [ 0.  0. -1.]]

 [[ 1.  0.  0.]
  [ 0. -1.  0.]
  [ 0.  0. -1.]]

 [[ 1.  0.  0.]
  [ 0. -1.  0.]
  [ 0.  0. -1.]]

 [[ 1.  0.  0.]
  [ 0. -1.  0.]
  [ 0.  0. -1.]]

 [[ 1.  0.  0.]
  [ 0. -1.  0.]
  [ 0.  0. -1.]]

 [[ 1.  0.  0.]
  [ 0. -1.  0.]
  [ 0.  0. -1.]]

 [[ 1.  0.  0.]
  [ 0. -1.  0.]
  [ 0.  0. -1.]]

 [[ 1.  0.  0.]
  [ 0. -1.  0.]
  [ 0.  0. -1.]]

 [[ 1.  0.  0.]
  [ 0. -1.  0.]
  [ 0.  0. -1.]]

 [[ 1.  0.  0.]
  [ 0. -1.  0.]
  [ 0.  0. -1.]]

 [[ 1.  0.  0.]
  [ 0. -1.  0.]
  [ 0.  0. -1.]]

 [[ 1.  0.  0.]
  [ 0. -1.  0.]
  [ 0.  0. -1.]]

 [[ 1.  0.  0.]
  [ 0. -1.  0.]
  [ 0.  0. -1.]]

 [[ 1.  0.  0.]
  [ 0. -1.  0.]
  [ 0.  0. -1.]]

 [[ 1.  0.  0.]
  [ 0. -1.  0.]
  [ 0.  0. -1.]]

 [[ 1.  0.  0.]
  [ 0. -1.  0.]
  [ 0.  0. -1.]]

 [[ 1.  0.  0.]
  [ 0. -1.  0.]
  [ 0.  0. -1.]]

 [[ 1.  0.  0.]
  [ 0. -1.  0.]
  [ 0.  0. -1.]]

 [[ 1.  0.  0.]
  [ 0. -1.  0.]
  [ 0.  0. -1.]]

 [[ 1.  0.  0.]
  [ 0. -1.  0.]
  [ 0.  0. -1.]]

 [[ 1.  0.  0.]
  [ 0. -1.  0.]
  [ 0.  0. -1.]]

 [[ 1.  0.  0.]
  [ 0. -1.  0.]
  [ 0.  0. -1.]]

 [[ 1.  0.  0.]
  [ 0. -1.  0.]
  [ 0.  0. -1.]]

 [[ 1.  0.  0.]
  [ 0. -1.  0.]
  [ 0.  0. -1.]]

 [[ 1.  0.  0.]
  [ 0. -1.  0.]
  [ 0.  0. -1.]]

 [[ 1.  0.  0.]
  [ 0. -1.  0.]
  [ 0.  0. -1.]]

 [[ 1.  0.  0.]
  [ 0. -1.  0.]
  [ 0.  0. -1.]]

 [[ 1.  0.  0.]
  [ 0. -1.  0.]
  [ 0.  0. -1.]]

 [[ 1.  0.  0.]
  [ 0. -1.  0.]
  [ 0.  0. -1.]]

 [[ 1.  0.  0.]
  [ 0. -1.  0.]
  [ 0.  0. -1.]]

 [[ 1.  0.  0.]
  [ 0. -1.  0.]
  [ 0.  0. -1.]]

 [[ 1.  0.  0.]
  [ 0. -1.  0.]
  [ 0.  0. -1.]]

 [[ 1.  0.  0.]
  [ 0. -1.  0.]
  [ 0.  0. -1.]]

 [[ 1.  0.  0.]
  [ 0. -1.  0.]
  [ 0.  0. -1.]]

 [[ 1.  0.  0.]
  [ 0. -1.  0.]
  [ 0.  0. -1.]]

 [[ 1.  0.  0.]
  [ 0. -1.  0.]
  [ 0.  0. -1.]]

 [[ 1.  0.  0.]
  [ 0. -1.  0.]
  [ 0.  0. -1.]]

 [[ 1.  0.  0.]
  [ 0. -1.  0.]
  [ 0.  0. -1.]]

 [[ 1.  0.  0.]
  [ 0. -1.  0.]
  [ 0.  0. -1.]]

 [[ 1.  0.  0.]
  [ 0. -1.  0.]
  [ 0.  0. -1.]]

 [[ 1.  0.  0.]
  [ 0. -1.  0.]
  [ 0.  0. -1.]]

 [[ 1.  0.  0.]
  [ 0. -1.  0.]
  [ 0.  0. -1.]]

 [[ 1.  0.  0.]
  [ 0. -1.  0.]
  [ 0.  0. -1.]]

 [[ 1.  0.  0.]
  [ 0. -1.  0.]
  [ 0.  0. -1.]]

 [[ 1.  0.  0.]
  [ 0. -1.  0.]
  [ 0.  0. -1.]]

 [[ 1.  0.  0.]
  [ 0. -1.  0.]
  [ 0.  0. -1.]]

 [[ 1.  0.  0.]
  [ 0. -1.  0.]
  [ 0.  0. -1.]]

 [[ 1.  0.  0.]
  [ 0. -1.  0.]
  [ 0.  0. -1.]]

 [[ 1.  0.  0.]
  [ 0. -1.  0.]
  [ 0.  0. -1.]]

 [[ 1.  0.  0.]
  [ 0. -1.  0.]
  [ 0.  0. -1.]]

 [[ 1.  0.  0.]
  [ 0. -1.  0.]
  [ 0.  0. -1.]]

 [[ 1.  0.  0.]
  [ 0. -1.  0.]
  [ 0.  0. -1.]]

 [[ 1.  0.  0.]
  [ 0. -1.  0.]
  [ 0.  0. -1.]]

 [[ 1.  0.  0.]
  [ 0. -1.  0.]
  [ 0.  0. -1.]]

 [[ 1.  0.  0.]
  [ 0. -1.  0.]
  [ 0.  0. -1.]]

 [[ 1.  0.  0.]
  [ 0. -1.  0.]
  [ 0.  0. -1.]]

 [[ 1.  0.  0.]
  [ 0. -1.  0.]
  [ 0.  0. -1.]]

 [[ 1.  0.  0.]
  [ 0. -1.  0.]
  [ 0.  0. -1.]]

 [[ 1.  0.  0.]
  [ 0. -1.  0.]
  [ 0.  0. -1.]]

 [[ 1.  0.  0.]
  [ 0. -1.  0.]
  [ 0.  0. -1.]]

 [[ 1.  0.  0.]
  [ 0. -1.  0.]
  [ 0.  0. -1.]]

 [[ 1.  0.  0.]
  [ 0. -1.  0.]
  [ 0.  0. -1.]]

 [[ 1.  0.  0.]
  [ 0. -1.  0.]
  [ 0.  0. -1.]]

 [[ 1.  0.  0.]
  [ 0. -1.  0.]
  [ 0.  0. -1.]]

 [[ 1.  0.  0.]
  [ 0. -1.  0.]
  [ 0.  0. -1.]]

 [[ 1.  0.  0.]
  [ 0. -1.  0.]
  [ 0.  0. -1.]]

 [[ 1.  0.  0.]
  [ 0. -1.  0.]
  [ 0.  0. -1.]]

 [[ 1.  0.  0.]
  [ 0. -1.  0.]
  [ 0.  0. -1.]]

 [[ 1.  0.  0.]
  [ 0. -1.  0.]
  [ 0.  0. -1.]]

 [[ 1.  0.  0.]
  [ 0. -1.  0.]
  [ 0.  0. -1.]]

 [[ 1.  0.  0.]
  [ 0. -1.  0.]
  [ 0.  0. -1.]]

 [[ 1.  0.  0.]
  [ 0. -1.  0.]
  [ 0.  0. -1.]]

 [[ 1.  0.  0.]
  [ 0. -1.  0.]
  [ 0.  0. -1.]]

 [[ 1.  0.  0.]
  [ 0. -1.  0.]
  [ 0.  0. -1.]]

 [[ 1.  0.  0.]
  [ 0. -1.  0.]
  [ 0.  0. -1.]]

 [[ 1.  0.  0.]
  [ 0. -1.  0.]
  [ 0.  0. -1.]]

 [[ 1.  0.  0.]
  [ 0. -1.  0.]
  [ 0.  0. -1.]]

 [[ 1.  0.  0.]
  [ 0. -1.  0.]
  [ 0.  0. -1.]]

 [[ 1.  0.  0.]
  [ 0. -1.  0.]
  [ 0.  0. -1.]]

 [[ 1.  0.  0.]
  [ 0. -1.  0.]
  [ 0.  0. -1.]]

 [[ 1.  0.  0.]
  [ 0. -1.  0.]
  [ 0.  0. -1.]]

 [[ 1.  0.  0.]
  [ 0. -1.  0.]
  [ 0.  0. -1.]]

 [[ 1.  0.  0.]
  [ 0. -1.  0.]
  [ 0.  0. -1.]]

 [[ 1.  0.  0.]
  [ 0. -1.  0.]
  [ 0.  0. -1.]]

 [[ 1.  0.  0.]
  [ 0. -1.  0.]
  [ 0.  0. -1.]]

 [[ 1.  0.  0.]
  [ 0. -1.  0.]
  [ 0.  0. -1.]]

 [[ 1.  0.  0.]
  [ 0. -1.  0.]
  [ 0.  0. -1.]]

 [[ 1.  0.  0.]
  [ 0. -1.  0.]
  [ 0.  0. -1.]]

 [[ 1.  0.  0.]
  [ 0. -1.  0.]
  [ 0.  0. -1.]]

 [[ 1.  0.  0.]
  [ 0. -1.  0.]
  [ 0.  0. -1.]]

 [[ 1.  0.  0.]
  [ 0. -1.  0.]
  [ 0.  0. -1.]]

 [[ 1.  0.  0.]
  [ 0. -1.  0.]
  [ 0.  0. -1.]]

 [[ 1.  0.  0.]
  [ 0. -1.  0.]
  [ 0.  0. -1.]]

 [[ 1.  0.  0.]
  [ 0. -1.  0.]
  [ 0.  0. -1.]]

 [[ 1.  0.  0.]
  [ 0. -1.  0.]
  [ 0.  0. -1.]]

 [[ 1.  0.  0.]
  [ 0. -1.  0.]
  [ 0.  0. -1.]]]
MPC did not solve properly!!
Saved figure to ../result/scaling_2/scaling_2_inference_times.png
Data written to ../result/scaling_2/scaling_2_debug_data.mat
Data written to ../result/scaling_2/scaling_2_time_data.mat
mean nmpc time[sec]: 0.078152 
max nmpc time[sec]: 0.147980 
Saved figure to ../result/scaling_2/scaling_2_computation_times.png
Saved figure to ../result/scaling_2/scaling_2_performance_metrics.png
Statistics data saved to ../result/scaling_2/scaling_2_debug_stats.txt

=== Statistics for debug_data ===
q               | mean:   0.105849 | min:  -1.571173 | max:   1.571562 | var:   0.775783 | std:   0.880785 |
qdot            | mean:  -0.034767 | min:  -0.431974 | max:   0.486458 | var:   0.022453 | std:   0.149842 |
qddot           | mean:  -0.034767 | min:  -0.431974 | max:   0.486458 | var:   0.022453 | std:   0.149842 |
s               | mean:   0.006676 | min:   0.000034 | max:   0.015162 | var:   0.000024 | std:   0.004867 |
vs              | mean:   0.049772 | min:   0.006767 | max:   0.064602 | var:   0.000245 | std:   0.015658 |
dVs             | mean:   0.172435 | min:  -1.970274 | max:   1.480847 | var:   0.276206 | std:   0.525553 |
