0.00089645 -0.03125000 -0.23144531 0.15527344 -0.11816406 0.27929688 -0.06030273 0.03686523 0.02282715 -0.48828125 -0.15429688 -0.21875000 -0.00022602 0.00262451 -0.36132812 -0.08398438 0.09033203 -0.22949219 0.00099945 -0.27734375 0.10693359 0.01013184 0.00096512 -0.14550781 -0.04785156 -0.47851562 0.02587891 0.07763672 0.00014400 0.67968750 0.12792969 -0.00026321 0.03588867 -0.00027847 -0.00041962 0.10791016 -0.40625000 -0.00064087 0.00133514 -0.01513672 0.00181580 0.34179688 -0.22265625 0.00592041 0.02294922 0.30859375 0.28515625 0.03613281 -0.11572266 0.17285156 -0.15820312 -0.01049805 -0.47070312 0.10400391 0.17578125 -0.01843262 0.00066757 0.07812500 0.62890625 -0.37304688 -0.04614258 0.13085938 0.27343750 0.06054688 0.12988281 0.05786133 -0.18164062 -0.58593750 0.03930664 0.00116730 -0.00045395 -0.09912109 0.00109100 -0.75781250 -1.15625000 0.45507812 -0.00043869 0.05297852 -0.08789062 -0.21191406 -0.01928711 0.00038528 0.00012875 -0.94140625 0.02246094 -0.00321960 0.00112915 0.07519531 0.11230469 0.13574219 -0.24707031 0.14355469 0.29687500 -0.34765625 0.17285156 0.05517578 0.15820312 0.31054688 -0.30859375 -0.03491211 -0.59375000 -0.40820312 0.00012207 0.05126953 0.18554688 -0.63281250 -0.00245667 -0.04467773 0.00186157 0.09033203 -0.92578125 0.22363281 -0.07177734 0.22949219 -0.40039062 -0.06738281 0.16796875 0.34375000 -0.02075195 0.07275391 0.00024128 0.04052734 0.07470703 -0.15722656 0.50781250 0.02758789 0.14453125 0.08496094 -0.00799561 -0.13574219 -0.09082031 0.00701904 -0.00006628 0.02319336 0.01507568 0.53125000 0.08496094 0.00094223 0.29101562 0.12792969 -0.22167969 -0.00007963 -0.21289062 0.00096130 0.00033188 0.20410156 -0.02795410 -0.10986328 0.04418945 0.03271484 0.03149414 -0.12890625 0.02734375 -0.00087738 -0.03063965 0.03710938 -0.32226562 -0.04516602 -0.00049591 -1.12500000 -0.29882812 -0.43359375 -0.51562500 0.09472656 0.48632812 0.40429688 -0.08056641 -0.00082016 0.11962891 0.15625000 0.27343750 -0.00109863 -0.45117188 -0.01879883 -0.03125000 0.01306152 0.09863281 0.14257812 0.03735352 0.13281250 0.06640625 -0.06494141 -0.16894531 0.28710938 -0.31054688 0.17578125 0.22558594 0.10644531 0.98046875 0.00127411 -0.00080490 0.00069427 0.02770996 0.00085449 0.02380371 0.00066376 0.10937500 0.11816406 0.66406250 0.23828125 0.04687500 0.16406250 -0.00194550 0.13476562 -0.21191406 0.05419922 -0.05004883 0.20117188 0.15820312 -0.00228882 0.00056839 0.06591797 0.05395508 -0.00021362 0.66015625 0.31445312 -0.00035477 0.30859375 0.37109375 -0.00683594 -0.12792969 0.03088379 -0.01397705 0.17187500 0.00038528 0.44335938 0.00002694 -0.00036621 0.26171875 -0.38671875 0.00082397 0.18261719 0.42187500 -0.03125000 0.03271484 -0.39257812 0.06445312 -0.48046875 -0.15625000 0.18750000 0.01483154 -0.04956055 0.01269531 0.00172424 -0.00049210 0.04052734 0.00131226 -0.00099945 -0.06176758 -0.22753906 0.16992188 0.16406250 0.00122833 0.02038574 0.14062500 -0.20312500
0.00035286 -0.00341797 -0.00122070 -0.00219727 -0.00227356 -0.00065613 -0.00108337 -0.00262451 -0.00161743 -0.00233459 -0.00170898 -0.00242615 0.00040054 -0.00142670 -0.00199890 -0.00168610 -0.00179291 -0.00216675 -0.00038910 -0.00244141 -0.00017166 0.00014687 -0.00026321 -0.00191498 -0.00129700 -0.00296021 -0.00182343 -0.00270081 -0.00025940 -0.00207520 -0.00099945 -0.00124359 -0.00276184 -0.00062180 -0.00005317 -0.00056458 -0.00183868 -0.00151825 -0.00079727 -0.00099182 0.00116730 -0.00112915 -0.00294495 0.00004411 -0.00133514 0.00086594 -0.00151825 -0.00312805 -0.00222778 -0.00132751 -0.00109863 -0.00001299 -0.00023746 -0.00192261 -0.00212097 -0.00076675 -0.00044823 -0.00053406 -0.00070190 -0.00263977 -0.00023365 -0.00059128 -0.00209045 -0.00067139 -0.00100708 0.00119019 0.00119019 -0.00303650 -0.00098419 0.00099945 -0.00086212 -0.00102997 0.00117493 -0.00207520 -0.00233459 -0.00300598 -0.00056076 0.00042725 -0.00168610 -0.00090027 -0.00026131 -0.00045013 -0.00046730 -0.00305176 -0.00164795 -0.00031471 0.00104523 -0.00222778 0.00011730 -0.00224304 0.00026321 -0.00271606 -0.00145721 -0.00138855 -0.00093460 -0.00160980 -0.00057983 -0.00270081 -0.00032043 0.00016117 -0.00241089 -0.00209045 0.00049591 -0.00109863 -0.00311279 -0.00157928 0.00051117 -0.00110626 -0.00127411 0.00035667 0.00027084 0.00096893 0.00054550 -0.00025368 -0.00122833 -0.00013447 -0.00205994 0.00006723 0.00005054 -0.00006533 -0.00157166 0.00054550 0.00026321 -0.00265503 -0.00221252 -0.00019455 0.00055695 -0.00165558 -0.00106812 0.00077820 -0.00017643 -0.00006485 -0.00065994 -0.00107574 -0.00183868 0.00093842 -0.00041580 -0.00053787 -0.00300598 0.00020123 0.00038910 -0.00022316 0.00008392 0.00088120 0.00132751 -0.00034142 -0.00115967 -0.00164032 -0.00268555 -0.00030136 -0.00055313 -0.00074768 0.00031471 0.00032234 -0.00175476 -0.00209045 -0.00088882 -0.00125122 -0.00058746 0.00094223 -0.00184631 0.00010633 -0.00067902 -0.00036621 -0.00288391 0.00013351 -0.00119781 -0.00007248 -0.00305176 -0.00026512 -0.00060272 0.00069427 -0.00190735 0.00088120 -0.00302124 -0.00059128 -0.00260925 -0.00079727 -0.00134277 -0.00006294 -0.00047493 -0.00205994 -0.00023842 -0.00069809 0.00007343 -0.00070572 -0.00225830 -0.00204468 -0.00218201 -0.00153351 -0.00268555 -0.00028992 -0.00216675 -0.00010633 -0.00115967 0.00041771 -0.00201416 -0.00129700 -0.00177765 -0.00051498 0.00012589 -0.00259399 0.00041771 -0.00283813 -0.00193024 -0.00064850 -0.00141907 -0.00155640 -0.00132751 0.00047874 0.00064468 0.00009155 -0.00265503 -0.00142670 -0.00051498 -0.00012064 -0.00087357 -0.00135040 -0.00185394 -0.00057983 -0.00256348 -0.00241089 -0.00291443 -0.00057983 0.00004983 -0.00343323 -0.00011301 0.00121307 0.00041008 -0.00039291 -0.00077820 -0.00065231 -0.00282288 0.00025558 -0.00314331 -0.00228882 -0.00045204 -0.00156403 -0.00186920 -0.00148773 -0.00054932 -0.00238037 -0.00099945 -0.00127411 0.00146484 -0.00230408 0.00073624 0.00061035 -0.00210571 -0.00213623 -0.00274658 -0.00276184 0.00025177 -0.00061035 -0.00236511 -0.00024605
0.00024796 0.09130859 0.15039062 0.04663086 -0.16503906 -0.06250000 -0.02453613 0.12304688 0.07861328 0.08300781 0.00027466 -0.06835938 0.00772095 0.07910156 0.07177734 0.18750000 0.03149414 0.01574707 -0.00031471 0.05639648 0.17968750 0.08935547 0.00085068 -0.18750000 0.16992188 0.03344727 -0.06079102 -0.00418091 0.00124359 0.02917480 -0.07421875 0.07275391 -0.10156250 0.00005484 -0.00018120 0.13183594 -0.05810547 0.00107574 0.00012493 -0.11083984 -0.00099945 0.03247070 0.06127930 -0.04833984 -0.06298828 0.10937500 0.00982666 0.10009766 0.04467773 -0.03051758 0.01574707 -0.01049805 -0.01000977 0.00595093 -0.06152344 -0.18164062 0.00078201 -0.02062988 0.18359375 -0.01843262 0.03930664 0.07031250 -0.00004387 -0.05346680 0.03393555 0.05664062 0.12255859 -0.24414062 -0.07373047 0.00053787 0.00114441 0.10937500 0.00155640 0.09960938 0.13671875 -0.08593750 0.00259399 0.05517578 0.12500000 0.08398438 0.03930664 0.00125885 -0.00029373 -0.10449219 0.09375000 0.00157166 0.00087738 -0.08593750 0.13476562 0.00524902 0.08056641 -0.24218750 0.53906250 0.05786133 -0.17187500 -0.15429688 0.00340271 0.01531982 -0.00677490 0.05957031 -0.19238281 0.14160156 0.00142670 -0.14843750 0.04394531 0.18359375 -0.00194550 -0.07958984 -0.00057602 -0.14843750 0.18261719 -0.11279297 0.02783203 0.13281250 -0.01348877 0.06738281 0.08935547 0.05029297 0.06005859 0.11572266 0.00276184 -0.09472656 -0.06152344 -0.05468750 0.07763672 -0.00909424 -0.03906250 -0.05102539 -0.07421875 0.12158203 0.00347900 0.04199219 -0.00041008 -0.12451172 0.16699219 0.00315857 0.07470703 0.00014877 -0.00793457 -0.28320312 0.02551270 0.00109863 -0.00988770 0.00149536 0.00038338 0.20507812 -0.08398438 -0.01000977 0.06152344 0.09765625 0.05834961 -0.02795410 0.07861328 -0.00219727 -0.01928711 0.01708984 0.13867188 0.10839844 0.00171661 0.11083984 -0.05786133 -0.00124359 -0.21582031 0.03393555 0.16406250 -0.23242188 0.04687500 0.00159454 0.08593750 0.19433594 -0.04443359 0.00048447 0.09228516 0.07666016 0.09863281 0.10302734 0.02966309 -0.00823975 -0.27929688 -0.13769531 0.09570312 0.15039062 -0.11035156 0.16699219 0.16210938 -0.15625000 -0.01550293 0.07568359 0.05566406 -0.00006151 -0.02282715 0.00140381 -0.01312256 -0.00114441 -0.05737305 -0.00074768 0.01110840 0.04687500 0.08886719 -0.03930664 0.12500000 -0.02160645 -0.00096130 0.08544922 0.02807617 -0.04931641 0.20214844 0.12060547 -0.05419922 0.00228882 -0.00012875 0.05493164 0.10693359 0.00078964 0.05688477 -0.08740234 -0.00056839 0.07812500 0.18164062 0.05004883 0.02722168 0.07373047 0.09277344 -0.23144531 0.00069046 -0.11474609 0.00139618 0.00090027 0.05151367 0.04101562 0.00219727 -0.00066376 0.02160645 0.03833008 -0.22070312 0.07470703 -0.06933594 0.00239563 -0.04248047 0.01867676 0.20312500 0.05371094 -0.00552368 -0.00035667 -0.13769531 -0.09619141 -0.00161743 -0.00209045 0.03979492 -0.01019287 -0.07861328 0.04565430 0.00165558 -0.04516602 0.00854492 -0.09863281
-0.00040054 0.10253906 -0.06079102 -0.01586914 0.14941406 0.08056641 0.31835938 0.06005859 0.05126953 -0.02050781 -0.34960938 -0.51953125 0.02014160 0.02758789 -0.15917969 -0.12402344 0.21191406 0.13085938 -0.00013638 -0.11230469 0.08691406 0.07617188 -0.00122070 -0.21582031 0.12500000 -0.10156250 0.09423828 -0.07812500 0.00128174 -0.08496094 0.14062500 0.09863281 -0.15527344 0.00016117 0.00184631 -0.03417969 -0.13671875 -0.00070572 0.00019360 0.04174805 0.00125885 0.08105469 -0.04541016 0.01306152 0.00564575 -0.11328125 -0.12988281 0.11865234 -0.01428223 -0.22656250 -0.04174805 -0.00964355 -0.09912109 0.21484375 0.21484375 0.06103516 0.00067520 0.01757812 -0.23925781 -0.04272461 -0.03735352 -0.14355469 0.06054688 0.01281738 0.12353516 -0.05810547 -0.03088379 -0.03857422 0.07617188 -0.00076675 0.00173187 0.12988281 -0.00083923 0.02282715 -0.07910156 -0.02600098 0.00004864 0.06005859 -0.18359375 0.22460938 0.30664062 -0.00150299 -0.00185394 -0.00309753 0.01293945 -0.00171661 0.00063705 -0.13964844 0.08789062 0.03271484 0.19824219 -0.12158203 0.07763672 -0.13574219 -0.06054688 -0.05175781 -0.28125000 -0.22656250 0.28906250 0.10449219 -0.06152344 -0.37304688 -0.00027657 -0.04321289 0.10644531 0.09765625 -0.00102997 0.34960938 0.00042725 0.02697754 -0.01708984 0.14843750 0.17480469 -0.37500000 0.01373291 0.08398438 -0.04370117 0.02587891 -0.19140625 0.15917969 0.00209045 -0.02148438 -0.05419922 -0.02832031 -0.24316406 0.17968750 0.08935547 -0.13574219 -0.10449219 -0.08789062 0.32617188 0.02685547 -0.00038338 0.06884766 0.03198242 -0.18652344 -0.00340271 0.00057220 -0.27929688 0.38476562 0.03759766 -0.00054169 0.12011719 0.00087738 0.00065613 0.26562500 -0.13867188 0.01635742 0.07714844 0.03027344 0.09130859 -0.16894531 0.05786133 -0.00218201 0.05053711 0.06689453 0.15527344 0.12158203 -0.00103760 -0.07031250 0.13183594 0.01043701 -0.00500488 -0.06347656 0.03735352 0.04565430 -0.06542969 -0.00002801 -0.07470703 0.24218750 -0.04150391 -0.00068283 -0.08154297 0.07373047 -0.00921631 0.10205078 -0.17187500 0.08203125 0.64453125 0.06933594 0.03930664 0.13183594 0.00436401 -0.22949219 -0.21972656 0.00933838 -0.02416992 -0.37500000 -0.24316406 0.00129700 0.04589844 0.00051117 0.01275635 0.00112152 -0.00491333 0.00020027 0.44921875 -0.02587891 -0.26953125 -0.09326172 0.00729370 0.10449219 -0.00176239 -0.36523438 -0.07373047 -0.00769043 -0.13281250 0.08300781 -0.06884766 0.00296021 -0.00024796 0.08935547 0.12988281 0.00025749 -0.13964844 0.06591797 -0.00087357 -0.05468750 -0.14550781 -0.39843750 0.16113281 0.13281250 0.15722656 -0.05883789 0.00099182 -0.35546875 0.00074387 -0.00270081 -0.17968750 -0.16015625 0.00056458 0.20703125 -0.19335938 0.13281250 0.06835938 0.05615234 -0.07226562 -0.06347656 -0.11523438 -0.36718750 -0.21093750 0.09277344 -0.10742188 -0.00004411 0.33398438 0.02905273 -0.00188446 -0.00256348 0.00677490 -0.03063965 0.07226562 -0.01953125 -0.00111389 -0.01165771 -0.00891113 0.02819824
0.00009441 -0.00628662 -0.00068283 -0.00805664 0.00006342 -0.00177002 -0.00057983 -0.00537109 -0.00103760 0.00041008 0.00002742 0.00067139 -0.00209045 -0.00083160 -0.00021076 -0.00256348 -0.00001574 -0.00053024 -0.00010586 -0.00106812 -0.00028038 -0.00167847 0.00033760 -0.00081635 -0.00189972 -0.00188446 -0.00811768 -0.00387573 0.00082397 -0.00062943 -0.00656128 -0.00119019 0.00093079 -0.00148010 -0.00189209 0.00011492 -0.00262451 -0.00043488 -0.00152588 0.00088120 -0.00052643 -0.00163269 -0.00202942 -0.00254822 -0.00175476 0.00087738 0.00017548 -0.00741577 -0.00291443 0.00004292 -0.00176239 -0.00117493 -0.00099945 -0.00576782 -0.00142670 -0.00099182 -0.00137329 0.00012159 0.00014877 0.00058365 -0.00646973 0.00016594 -0.00646973 -0.00202942 -0.00830078 0.00083542 -0.00164795 -0.00069809 0.00016022 0.00024796 -0.00065231 -0.00711060 -0.00052643 -0.00787354 -0.00201416 -0.00866699 -0.00125885 0.00088501 -0.00083923 -0.00750732 -0.00177002 0.00061798 0.00107574 -0.00299072 -0.00205994 0.00025558 -0.00085831 -0.00381470 -0.00037003 -0.00512695 0.00077057 -0.00008583 -0.00041008 -0.00005221 -0.00128937 -0.00130463 -0.00133514 -0.00113678 0.00080490 -0.00326538 -0.00161743 -0.00161743 0.00037193 0.00080109 -0.00585938 -0.00109863 -0.00120544 -0.00173187 0.00031471 -0.00046158 -0.00346375 0.00079346 -0.00153351 -0.00162506 -0.00068283 -0.00090790 -0.00286865 -0.00701904 0.00000954 -0.00106812 0.00041962 0.00048447 -0.00025749 0.00057983 -0.00015831 -0.00427246 -0.00286865 -0.00196838 -0.00082016 -0.00076675 -0.00113678 -0.00256348 0.00038528 0.00106812 -0.00244141 -0.00072098 -0.00473022 -0.00167847 0.00044823 -0.00482178 0.00033760 -0.00071716 -0.00137329 -0.00095749 -0.00001234 -0.00183105 -0.00147247 -0.00358582 -0.00302124 -0.00527954 -0.00402832 -0.00124359 -0.00066757 -0.00072479 -0.00199890 -0.00373840 -0.00144196 -0.00695801 -0.00054550 0.00047112 -0.00177002 -0.00006199 0.00000331 -0.00121307 -0.00497437 -0.00026131 0.00049210 -0.00119019 -0.00102234 -0.00952148 -0.00332642 -0.00077057 -0.00531006 0.00074387 -0.00695801 -0.00119781 -0.00207520 -0.00677490 0.00102234 -0.00335693 0.00012016 0.00020218 -0.00033951 -0.00081635 -0.00034523 -0.00103760 -0.00451660 -0.00158691 0.00104523 0.00003529 -0.00579834 -0.00185394 -0.00585938 -0.00164795 -0.00714111 -0.00057220 -0.00634766 -0.00151825 0.00100708 -0.00157928 0.00018501 -0.00032234 -0.00166321 0.00028992 0.00080490 -0.00131226 -0.00088501 -0.00753784 0.00086975 0.00019932 -0.00059509 0.00103760 -0.00793457 -0.00154877 -0.00119019 0.00063324 -0.00099945 -0.00094986 -0.00335693 -0.00059128 -0.00738525 -0.00148010 -0.00982666 -0.00473022 -0.00015068 -0.00053787 0.00109100 -0.00004959 -0.00072098 -0.00195312 0.00076675 -0.00665283 -0.00129700 -0.00056458 -0.00171661 -0.00683594 -0.00576782 -0.00091553 -0.00099182 -0.00106812 -0.00442505 -0.00537109 -0.00451660 0.00076675 -0.00022125 -0.00369263 -0.00119019 0.00094604 -0.00158691 -0.00218201 -0.00125122 -0.00799561 -0.00135040 -0.00457764 -0.00595093 -0.00558472
0.00039101 -0.00190735 -0.00111389 -0.00273132 -0.00260925 -0.00080109 -0.00244141 -0.00303650 -0.00138855 0.00005555 -0.00279236 -0.00110626 -0.00210571 -0.00182343 -0.00167084 -0.00029755 0.00001210 -0.00282288 0.00086975 -0.00238037 -0.00267029 -0.00145721 0.00093460 -0.00124359 -0.00036621 -0.00268555 -0.00247192 -0.00273132 -0.00075531 -0.00016785 -0.00188446 -0.00136566 -0.00193024 0.00134277 -0.00040054 -0.00047874 -0.00115967 0.00043106 0.00042534 -0.00241089 0.00125885 -0.00230408 -0.00062561 -0.00141144 -0.00236511 -0.00282288 -0.00124359 -0.00318909 -0.00101471 -0.00192261 -0.00091934 -0.00021076 -0.00113678 -0.00111389 -0.00025558 -0.00205994 -0.00017166 -0.00023174 -0.00276184 -0.00157928 0.00011253 -0.00034904 -0.00108337 -0.00189209 -0.00285339 0.00007820 -0.00057602 -0.00094986 -0.00155640 -0.00131989 -0.00141907 -0.00244141 -0.00046921 -0.00061417 -0.00326538 -0.00334167 -0.00109863 -0.00015163 -0.00299072 -0.00128174 -0.00122070 -0.00074387 -0.00077820 -0.00036240 -0.00168610 0.00086212 -0.00086975 -0.00224304 -0.00099182 -0.00285339 -0.00105286 -0.00201416 -0.00263977 -0.00099182 -0.00193787 0.00007915 -0.00111389 -0.00118256 -0.00288391 -0.00173950 -0.00191498 -0.00163269 0.00096512 -0.00142670 -0.00050735 -0.00233459 -0.00017929 -0.00216675 -0.00148773 -0.00177765 -0.00175476 -0.00148773 0.00008678 -0.00016594 -0.00157166 0.00008011 -0.00194550 -0.00201416 -0.00270081 -0.00239563 -0.00058365 -0.00077057 -0.00259399 -0.00043678 -0.00164032 -0.00101471 -0.00282288 -0.00296021 0.00007200 -0.00221252 -0.00160980 -0.00033569 -0.00011301 -0.00244141 -0.00165558 -0.00170898 -0.00190735 -0.00099945 -0.00204468 -0.00282288 -0.00212097 -0.00144196 -0.00151062 -0.00043678 -0.00059128 -0.00061798 -0.00119781 -0.00148773 -0.00267029 -0.00199890 -0.00312805 -0.00097275 -0.00119781 0.00037384 -0.00268555 -0.00230408 -0.00044441 -0.00098419 -0.00073624 -0.00020313 -0.00213623 -0.00236511 -0.00074387 -0.00015640 -0.00117493 -0.00215149 -0.00274658 0.00122833 -0.00207520 -0.00063705 -0.00190735 0.00011349 -0.00212097 -0.00131226 -0.00306702 -0.00282288 -0.00262451 -0.00305176 -0.00241089 -0.00056839 -0.00104523 -0.00257874 -0.00254822 -0.00231934 -0.00241089 -0.00216675 -0.00027275 -0.00065613 -0.00182343 -0.00111389 -0.00225830 0.00148010 -0.00285339 0.00047684 -0.00157928 -0.00003290 -0.00259399 -0.00231934 -0.00265503 -0.00097656 -0.00182343 -0.00196838 -0.00082016 -0.00259399 -0.00099182 -0.00204468 -0.00176239 -0.00129700 -0.00202942 0.00133514 -0.00040245 -0.00088501 -0.00288391 -0.00151062 -0.00201416 -0.00256348 0.00113678 -0.00286865 -0.00280762 -0.00198364 -0.00152588 -0.00169373 -0.00227356 -0.00106049 -0.00051498 -0.00127411 0.00051498 -0.00106049 -0.00078964 -0.00221252 0.00031471 -0.00135803 -0.00253296 -0.00075912 -0.00280762 -0.00046730 -0.00171661 -0.00213623 -0.00221252 -0.00177765 -0.00305176 -0.00209045 -0.00286865 -0.00071335 -0.00328064 -0.00062561 -0.00144958 0.00143433 -0.00160217 -0.00227356 -0.00078201 -0.00267029 0.00099182 -0.00048828 -0.00126648 -0.00288391
0.00127411 0.10937500 0.08007812 0.06787109 0.56250000 0.14550781 -0.36132812 0.04516602 0.03540039 -0.18261719 0.07519531 0.10400391 0.04833984 -0.02880859 0.23632812 -0.19433594 0.37500000 -0.02490234 0.00067902 -0.21777344 0.01269531 0.02062988 0.00039864 0.20996094 0.02380371 -0.26562500 -0.08447266 -0.09326172 -0.00067520 -0.06201172 0.42187500 0.12109375 -0.09277344 -0.00014114 0.00091553 0.06250000 -0.03247070 0.00008440 -0.00151062 0.36914062 -0.00093842 -0.06030273 -0.13574219 -0.01904297 -0.00300598 0.09570312 -0.11474609 0.04077148 -0.04174805 0.17382812 -0.01586914 -0.01562500 -0.51562500 0.03613281 -0.24316406 -0.00257874 -0.00042915 -0.09814453 0.00286865 -0.10302734 0.01147461 0.02551270 0.04687500 0.01818848 0.00053406 -0.05834961 -0.10400391 0.01586914 -0.04077148 0.00030708 0.00091171 0.14941406 0.00153351 -0.17675781 -0.02246094 0.06982422 0.00128937 0.01696777 -0.01916504 -0.12695312 -0.12158203 0.00038338 -0.00072098 -0.10693359 0.11572266 -0.00267029 0.00080109 0.14746094 0.14453125 -0.08886719 0.13574219 -0.04223633 0.03857422 -0.10644531 -0.11621094 -0.06176758 0.06103516 -0.02319336 -0.58203125 0.32226562 -0.30664062 -0.09375000 -0.00059128 -0.22265625 0.03881836 -0.26171875 0.00132751 -0.53125000 0.00051498 -0.15234375 -0.12304688 -0.11962891 -0.04077148 0.06298828 -0.02954102 0.12255859 0.13085938 0.00793457 0.05175781 0.12109375 -0.00071716 0.00405884 0.00650024 0.09814453 -0.05981445 -0.07568359 0.31054688 -0.01184082 -0.16894531 -0.28320312 0.02307129 -0.09033203 0.00193024 0.03100586 -0.23925781 0.20117188 -0.00958252 0.00026512 -0.00717163 0.03369141 -0.00312805 0.00135803 0.08105469 0.00186157 0.00001061 0.09130859 -0.01940918 -0.08837891 -0.02575684 0.10937500 0.00582886 0.11816406 0.03369141 -0.00139618 0.19921875 -0.02026367 -0.29492188 0.11132812 0.00149536 -0.09423828 -0.16796875 0.06030273 -0.04199219 -0.21777344 -0.03540039 -0.05688477 0.01843262 -0.00029564 -0.57812500 0.07324219 -0.11181641 -0.00106812 -0.12695312 -0.13476562 0.10400391 0.02111816 0.03906250 -0.13183594 -0.85937500 -0.12011719 0.06689453 0.14453125 0.02050781 0.17675781 -0.18164062 0.46289062 -0.20800781 0.37109375 -0.07812500 0.00119019 0.32617188 0.00132751 0.02624512 -0.00061798 0.02685547 -0.00114441 -0.47070312 -0.19238281 0.31250000 -0.18359375 -0.02416992 0.10205078 -0.00119781 0.49804688 -0.06176758 -0.09960938 0.16210938 0.05688477 0.21777344 0.00241089 -0.00092697 0.18945312 0.04345703 0.00106812 -0.10351562 0.33203125 0.00023746 0.05566406 -0.02600098 -0.00114441 0.18945312 -0.02392578 0.03088379 0.01647949 0.00054932 -0.07373047 -0.00014496 -0.00035858 -0.37890625 0.01745605 0.00114441 0.41796875 0.04223633 -0.05664062 -0.07812500 -0.16113281 -0.01007080 -0.00369263 -0.18261719 -0.02429199 0.15722656 0.04345703 -0.04394531 -0.00073624 -0.07861328 -0.01977539 -0.00101471 -0.00131989 0.31250000 0.02966309 0.17285156 -0.08593750 0.00053787 0.00921631 -0.01684570 0.07080078
0.00113678 0.02575684 -0.05151367 0.07910156 -0.05761719 -0.02258301 -0.02526855 0.00402832 -0.01483154 -0.05786133 0.04248047 0.01794434 0.04785156 0.02539062 -0.18164062 -0.08984375 0.05688477 -0.04394531 0.00099945 -0.03125000 -0.05908203 -0.01928711 -0.00014114 -0.09228516 -0.03271484 0.06640625 -0.06689453 0.06542969 0.00075150 -0.07617188 -0.08984375 0.01123047 -0.00506592 0.00056076 0.00119019 -0.05859375 -0.10595703 -0.00089645 0.00038528 0.02868652 0.00072479 0.03540039 -0.03271484 0.21191406 0.07031250 -0.00897217 -0.06079102 -0.01770020 -0.01733398 -0.07421875 0.03039551 -0.06689453 -0.04418945 -0.05395508 0.00732422 0.11279297 0.00065231 0.02368164 -0.05151367 0.01574707 0.15820312 -0.04003906 0.01770020 0.12792969 -0.00023651 -0.05615234 -0.03710938 -0.06640625 -0.03369141 0.00085449 -0.00034332 -0.04492188 0.00099182 -0.06591797 -0.10107422 0.02246094 0.00106812 -0.04101562 -0.05737305 -0.01000977 -0.03198242 -0.00133514 -0.00001538 -0.01226807 0.00338745 -0.00222778 -0.00153351 0.00424194 0.02380371 -0.03369141 -0.08251953 0.18457031 0.07031250 -0.09521484 -0.03247070 0.08593750 0.02502441 0.00778198 0.01550293 0.03320312 -0.08398438 -0.06396484 0.00012875 -0.10107422 0.08007812 -0.09375000 -0.00092316 0.00872803 0.00149536 -0.19140625 -0.11523438 -0.00686646 -0.08349609 -0.01330566 0.01940918 0.03295898 0.04956055 -0.02990723 -0.05664062 -0.10205078 -0.00046730 0.21777344 0.12451172 -0.07275391 -0.03466797 0.01348877 0.07031250 0.04223633 -0.05664062 -0.09960938 -0.10156250 0.00482178 -0.00006866 -0.10791016 -0.09521484 -0.00012398 -0.06152344 -0.00093460 -0.07568359 0.15332031 -0.00018501 -0.00118256 0.00695801 -0.00119019 -0.00097275 -0.04370117 -0.25195312 0.00619507 -0.28710938 0.01684570 -0.00567627 0.00317383 0.02221680 0.00070572 -0.06542969 -0.07373047 -0.00994873 0.00671387 -0.00075912 -0.08837891 -0.08349609 -0.02099609 -0.05175781 -0.12011719 -0.00546265 0.04003906 -0.03784180 -0.00101471 -0.01672363 -0.09765625 -0.10009766 -0.00138855 0.08154297 -0.01171875 -0.07568359 0.00988770 -0.26367188 -0.06591797 0.06054688 -0.06689453 -0.02380371 -0.09277344 -0.04125977 -0.07568359 -0.09082031 0.03198242 0.07470703 -0.07519531 -0.01171875 0.00097275 0.05175781 0.00088501 0.01611328 0.00045586 0.04394531 0.00164032 0.01037598 0.02807617 -0.08203125 0.01245117 -0.03588867 -0.06176758 -0.00250244 0.23144531 -0.09033203 0.03222656 -0.02050781 -0.05786133 0.00094223 0.00083160 -0.00018787 -0.00692749 0.06542969 -0.00102997 -0.13183594 -0.03515625 0.00122833 -0.08447266 -0.07617188 -0.00421143 0.02014160 -0.02856445 0.01495361 0.11914062 -0.00093842 -0.12158203 0.00141144 0.00048828 -0.03637695 -0.08300781 -0.00160980 0.12890625 -0.07421875 -0.02966309 0.02331543 -0.03393555 0.11425781 -0.01623535 -0.04296875 -0.02294922 -0.07275391 0.00122070 0.10986328 0.00102234 0.04980469 0.12304688 0.00006914 -0.00231934 0.00891113 0.01525879 -0.00349426 0.00267029 0.00030899 0.21777344 0.05371094 -0.09130859
0.00127411 0.06640625 -0.03735352 0.24609375 -0.13281250 -0.04638672 -0.19140625 0.11865234 0.10449219 -0.23046875 0.14941406 0.18164062 0.02929688 0.06933594 0.10205078 -0.23242188 0.04663086 0.08203125 -0.00023746 -0.22558594 -0.11523438 0.09472656 0.00135803 -0.05200195 0.08007812 -0.34570312 -0.20996094 0.22167969 -0.00070572 -0.20996094 -0.20605469 0.04736328 0.00358582 0.00050354 0.00182343 0.03125000 -0.30273438 -0.00036812 -0.00132751 0.08203125 -0.00098419 0.06689453 -0.20410156 0.09619141 0.11132812 0.03784180 0.05151367 0.03881836 -0.08349609 0.03088379 0.05078125 0.02380371 -0.35351562 -0.12109375 -0.13964844 0.15820312 0.00089264 0.02160645 0.02282715 -0.02404785 0.12011719 0.05859375 -0.01672363 0.13671875 -0.49804688 -0.05664062 -0.00994873 -0.09570312 -0.01855469 0.00074768 0.00007582 0.05126953 0.00108337 -0.10546875 -0.39062500 -0.35742188 0.00021172 0.06298828 -0.12255859 -0.15722656 -0.21679688 0.00204468 0.00047874 -0.37109375 0.07910156 -0.00344849 -0.00080109 0.17773438 0.07226562 0.03417969 -0.23144531 0.29101562 -0.25195312 -0.20507812 -0.02465820 0.06933594 0.08398438 -0.07080078 -0.08007812 -0.00239563 -0.29101562 0.01708984 -0.00107574 -0.07861328 0.17871094 -0.13378906 -0.00150299 -0.19042969 0.00110626 -0.28906250 -0.24804688 0.10937500 -0.19726562 0.04516602 0.03417969 0.05102539 0.10253906 -0.00123596 0.06152344 -0.07910156 0.00120544 0.12158203 0.11914062 -0.04028320 0.06103516 -0.08984375 -0.04321289 0.05468750 -0.27539062 -0.31250000 -0.10302734 -0.05541992 -0.00028610 -0.09375000 -0.01287842 -0.05102539 0.03833008 -0.00067520 0.04150391 -0.27734375 0.04248047 0.00008774 -0.03295898 0.00133514 0.00079727 -0.21093750 -0.05786133 0.15917969 0.17578125 0.05322266 -0.03613281 0.15527344 0.07128906 -0.00102997 0.06005859 -0.07226562 0.01275635 0.08105469 0.00181580 -0.23730469 -0.05224609 0.02978516 -0.19433594 -0.09326172 -0.07421875 -0.01446533 0.03857422 -0.00008011 -0.04028320 -0.21679688 -0.15234375 0.00125885 -0.18554688 0.15234375 -0.16796875 0.04150391 0.45117188 -0.14941406 -0.08642578 -0.18847656 0.06494141 -0.01940918 -0.21679688 -0.03613281 -0.03344727 -0.03564453 0.04565430 0.25000000 0.01086426 0.00114441 0.04467773 0.00107574 0.03857422 -0.00091553 0.08154297 0.00093079 -0.02563477 0.04101562 0.09814453 0.10107422 0.08447266 0.00004339 -0.00199890 0.58984375 -0.30273438 0.15820312 0.07763672 -0.02319336 0.02587891 -0.00192261 0.00045776 0.06079102 0.03173828 -0.00072479 -0.12890625 0.06835938 -0.00028038 0.05175781 -0.07324219 0.12890625 0.00279236 -0.08886719 -0.01770020 0.29296875 -0.00037766 -0.04272461 0.00011492 0.00092697 0.09277344 -0.04223633 -0.00021362 0.02185059 0.08642578 -0.17285156 -0.03369141 -0.63281250 0.10986328 0.07128906 -0.06201172 0.15722656 -0.09179688 0.01507568 0.20996094 -0.00103760 -0.04956055 0.10888672 0.00095749 -0.00101471 -0.02478027 0.02429199 0.03320312 0.00308228 0.00077438 0.09082031 0.01696777 0.01879883
0.00106049 0.00218201 -0.00260925 -0.00309753 -0.00141144 -0.00361633 -0.00259399 -0.00216675 -0.00056839 0.00069809 -0.00153351 -0.00144196 -0.00177765 -0.00143433 -0.00247192 -0.00154877 -0.00198364 -0.00099945 -0.00082397 -0.00163269 -0.00039673 -0.00171661 -0.00158691 -0.00094604 -0.00166321 0.00176239 -0.00382996 -0.00378418 0.00072861 -0.00151062 -0.00332642 -0.00355530 -0.00251770 0.00001162 -0.00015259 -0.00134277 -0.00268555 -0.00152588 0.00068665 -0.00117493 0.00091171 -0.00224304 -0.00241089 -0.00216675 -0.00347900 -0.00366211 -0.00115204 -0.00259399 -0.00335693 -0.00274658 -0.00393677 -0.00291443 -0.00292969 -0.00251770 -0.00102234 -0.00263977 0.00086594 -0.00311279 -0.00163269 -0.00265503 -0.00230408 -0.00415039 -0.00355530 -0.00239563 -0.00332642 0.00072861 -0.00207520 -0.00070953 -0.00292969 0.00028419 0.00040817 -0.00161743 0.00096893 -0.00338745 -0.00180817 -0.00325012 -0.00056076 -0.00354004 -0.00263977 -0.00367737 -0.00198364 -0.00095367 0.00065994 -0.00335693 -0.00291443 -0.00109100 0.00125885 -0.00198364 -0.00119781 -0.00317383 -0.00308228 -0.00146484 -0.00145721 -0.00207520 -0.00111389 -0.00212097 -0.00173187 -0.00375366 -0.00331116 -0.00182343 -0.00335693 -0.00195312 0.00058365 -0.00274658 -0.00065613 -0.00382996 -0.00003481 -0.00119019 0.00080490 -0.00096130 -0.00308228 -0.00128937 -0.00209045 -0.00296021 -0.00270081 -0.00144958 -0.00257874 -0.00347900 -0.00236511 -0.00204468 -0.00154114 -0.00296021 -0.00150299 -0.00141144 -0.00195312 -0.00184631 -0.00201416 0.00317383 -0.00291443 -0.00375366 -0.00188446 -0.00125885 -0.00067139 -0.00366211 -0.00191498 -0.00242615 -0.00399780 -0.00117493 -0.00285339 -0.00285339 -0.00119019 -0.00038338 -0.00225830 0.00072861 -0.00076675 -0.00314331 -0.00363159 -0.00288391 -0.00088882 -0.00396729 -0.00260925 -0.00151825 -0.00337219 0.00101471 -0.00341797 -0.00338745 -0.00378418 -0.00369263 0.00064850 -0.00241089 -0.00245667 -0.00231934 -0.00136566 0.00115967 -0.00175476 -0.00415039 -0.00198364 -0.00016499 -0.00202942 -0.00259399 -0.00335693 -0.00071716 -0.00265503 -0.00300598 -0.00150299 -0.00405884 -0.00184631 -0.00143433 -0.00221252 -0.00283813 -0.00173187 -0.00300598 -0.00193787 -0.00299072 -0.00402832 -0.00260925 -0.00286865 -0.00292969 -0.00107574 -0.00026321 -0.00131226 0.00011539 -0.00358582 0.00059128 -0.00192261 -0.00105286 -0.00405884 -0.00155640 -0.00347900 -0.00141907 -0.00283813 -0.00202942 -0.00106049 -0.00180817 -0.00138855 -0.00234985 -0.00192261 -0.00192261 -0.00204468 -0.00136566 -0.00092697 -0.00161743 -0.00421143 0.00083923 -0.00260925 -0.00117493 0.00075912 -0.00122070 -0.00248718 -0.00204468 -0.00357056 -0.00350952 -0.00418091 -0.00343323 -0.00049973 -0.00148773 -0.00109863 -0.00164032 -0.00225830 -0.00337219 -0.00004530 -0.00309753 -0.00320435 -0.00418091 -0.00233459 0.00106049 -0.00149536 -0.00236511 -0.00372314 -0.00393677 -0.00126648 -0.00092316 -0.00306702 0.00054169 -0.00256348 -0.00253296 0.00019264 0.00073624 -0.00260925 -0.00344849 -0.00355530 -0.00381470 0.00109863 -0.00256348 -0.00263977 -0.00315857
0.00037384 -0.09667969 0.61328125 -0.04589844 0.09863281 -0.42968750 0.11279297 -0.17187500 -0.09912109 0.32812500 0.00071716 -0.11962891 -0.00952148 -0.06347656 0.02722168 0.16894531 0.05126953 0.03613281 -0.00037193 -0.03027344 -0.06494141 -0.08447266 0.00014687 0.18847656 -0.05078125 -0.19433594 0.12255859 0.00555420 0.00115204 0.06030273 -0.11035156 0.00134277 0.24218750 -0.00073242 0.00181580 -0.06201172 0.07666016 0.00012779 0.00037193 -0.05273438 0.00028229 -0.03076172 -0.11181641 -0.03955078 0.01794434 0.15625000 0.03295898 -0.03247070 0.74609375 -0.07324219 0.06591797 0.01312256 0.02441406 -0.56640625 -0.15039062 0.00976562 -0.00066376 0.08105469 -0.07275391 -0.11474609 -0.20800781 0.33203125 -0.00141144 0.05322266 0.02648926 0.05639648 0.77734375 0.55078125 0.08544922 0.00111389 -0.00089645 0.35351562 0.00087357 0.17089844 0.32226562 -0.05615234 0.00098419 -0.05078125 0.46093750 -0.13769531 0.09277344 0.00016022 -0.00084305 0.12890625 -0.08251953 -0.00033188 0.00128174 -0.04882812 -0.05126953 -0.07177734 -0.25390625 0.25390625 -0.00613403 0.23925781 -0.01757812 -0.17382812 0.00332642 0.05322266 -0.16015625 0.03662109 0.09619141 -0.06347656 0.00085449 -0.38671875 0.06103516 0.17871094 0.00109863 -0.00005364 0.00036240 0.43750000 0.04833984 0.00970459 -0.11230469 -0.21386719 -0.05297852 -0.09082031 0.05639648 -0.73437500 0.38671875 -0.13867188 -0.00112915 0.07373047 0.04199219 0.75000000 0.08349609 -0.16894531 0.01599121 0.33203125 0.04418945 0.10351562 -0.06933594 0.08837891 0.00045967 -0.46679688 -0.57421875 0.03320312 0.18164062 -0.00111389 0.27539062 0.11132812 0.00037575 0.00075912 -0.00125122 -0.00032234 -0.00093842 -0.49804688 -0.09033203 0.06054688 -1.00000000 0.00524902 -0.05468750 0.25781250 -0.06982422 -0.00028801 -0.03759766 -0.03930664 0.68359375 -0.08056641 0.00056458 0.13769531 0.11328125 0.02514648 -0.04907227 0.13378906 -0.61328125 -0.64453125 0.08056641 0.00029755 0.02429199 -0.30078125 0.00303650 -0.00098419 -0.05517578 -0.27929688 0.12255859 -0.07617188 -0.31250000 0.01434326 0.01977539 0.09765625 -0.12353516 -0.06298828 0.29101562 0.15722656 0.17480469 0.13476562 -0.04638672 0.04541016 0.19335938 0.00020313 0.01361084 0.00160980 -0.06494141 0.00174713 0.04516602 -0.00091553 0.01831055 0.15625000 0.09033203 -0.01519775 0.02026367 0.09765625 -0.00040245 0.11621094 0.25390625 0.02441406 0.30078125 0.05297852 -0.02453613 -0.00367737 0.00128174 -0.04443359 0.15332031 -0.00072479 0.07470703 -0.60937500 0.00088882 -0.34960938 -0.22070312 0.00192261 -0.09814453 -0.10742188 -0.12255859 0.16113281 0.00008583 0.07421875 0.00196838 0.00180817 -0.11083984 -0.16210938 -0.00007534 0.06787109 -0.20117188 -0.13085938 0.64843750 0.27539062 0.07031250 -0.03906250 -0.01940918 0.07226562 0.56250000 -0.13476562 0.01037598 -0.00071716 0.08740234 0.03222656 0.00099945 -0.00070953 -0.04833984 -0.11425781 -0.58593750 0.01049805 -0.00019360 0.00338745 0.04907227 0.75390625
-0.00032616 0.06103516 0.05639648 0.00677490 -0.16015625 0.02636719 0.02746582 0.12109375 -0.00558472 0.02758789 -0.04370117 0.10839844 -0.06494141 0.02233887 0.20019531 0.15722656 0.00083542 0.23437500 0.00111389 0.02233887 0.09423828 0.09277344 -0.00109100 0.01318359 -0.09960938 -0.09521484 0.03112793 -0.07812500 -0.00023651 -0.05932617 0.11181641 -0.01696777 -0.06738281 0.00099945 -0.00042152 -0.03417969 -0.20410156 0.00038910 -0.00018024 0.12011719 0.00152588 0.51171875 0.06396484 0.07714844 -0.05322266 -0.21191406 -0.94531250 -0.08935547 -0.09033203 -0.00860596 -0.11669922 0.20703125 -0.33203125 -0.01904297 0.00915527 0.06982422 -0.00002539 -0.08300781 0.08496094 -0.03515625 0.06884766 -0.02368164 -0.06445312 0.00842285 0.03979492 -0.05615234 0.09082031 -0.06542969 -0.28710938 0.00048447 0.00073624 0.25781250 0.00182343 -0.23925781 -0.17675781 0.02648926 0.00073242 -0.00439453 -0.00369263 -0.21972656 0.05468750 0.00074387 -0.00016308 -0.29687500 -0.01196289 -0.00218201 -0.00102997 -0.05712891 0.00115967 0.11376953 -0.02441406 0.09912109 -0.33007812 0.09277344 -0.10742188 0.09423828 -0.21875000 -0.05493164 0.19140625 0.15332031 -0.27734375 -0.05053711 0.00080490 -0.10156250 0.18750000 -0.15917969 0.00115967 -0.14941406 0.00126648 0.00805664 -0.23730469 0.18359375 -0.01165771 0.01525879 -0.16796875 0.08837891 0.04028320 -0.03027344 0.03540039 0.12207031 -0.00061798 0.10302734 -0.01116943 0.12011719 -0.11767578 0.24609375 -0.22656250 -0.05834961 0.24804688 0.08300781 -0.03063965 1.49218750 0.00002265 -0.07128906 -0.04150391 -0.11914062 -0.12451172 0.00030518 0.11230469 0.01361084 0.04272461 -0.00039101 -0.26171875 -0.00034142 -0.00003290 0.13085938 -0.01623535 -0.36718750 -0.03417969 -0.02209473 0.04370117 -0.32421875 -0.06152344 -0.00114441 0.20898438 0.06494141 0.06835938 -0.11816406 -0.00015640 -0.21289062 0.04956055 0.08154297 0.46093750 -0.06030273 -0.09472656 -0.08203125 -0.72656250 0.00076675 0.29101562 0.03149414 -0.08984375 0.00005388 0.13964844 -0.08544922 -0.08251953 -0.10351562 -0.13183594 0.36718750 0.08105469 -0.01928711 0.07910156 -0.04931641 -0.39453125 -0.03979492 0.00558472 -0.20312500 0.42968750 0.04687500 -0.14453125 0.00086975 -1.10937500 -0.00086212 -0.72656250 0.00118256 -0.02856445 0.00084305 0.22851562 -0.00506592 -0.07226562 -0.18261719 0.00396729 -0.01599121 0.00054932 -0.43554688 -0.01092529 -0.04174805 0.09326172 0.04809570 0.01458740 -0.00115967 -0.00104523 -0.06103516 0.03759766 -0.00174713 -0.13769531 -0.00042915 0.00107574 -0.06225586 0.09472656 -0.02539062 -0.11181641 0.09130859 0.20312500 0.09375000 0.00062561 0.34570312 -0.00047112 -0.00000960 -0.24316406 -0.23925781 0.00068665 0.12500000 0.18554688 0.02270508 0.09082031 -0.11621094 -0.04565430 -0.12988281 -0.61718750 0.06542969 -0.01391602 0.00476074 0.09472656 0.00015831 0.05273438 0.04516602 -0.00081635 -0.00115204 0.28515625 0.27343750 -0.09765625 0.16796875 -0.00072861 0.14257812 -0.47656250 -0.01647949
-0.00065994 0.03320312 -0.05664062 0.05053711 0.16699219 0.04858398 -0.04199219 0.15234375 -0.02282715 -0.06152344 -0.02905273 0.04711914 0.15917969 0.12890625 -0.00040627 -0.02429199 -0.17773438 0.00080872 0.00061417 -0.03466797 0.07275391 -0.02600098 -0.00053024 0.05566406 0.01379395 -0.04223633 -0.00555420 0.16601562 0.00097656 0.03369141 0.04541016 0.04833984 0.01721191 0.00149536 0.00183105 0.04882812 0.02258301 -0.00093460 -0.00144958 0.20117188 0.00031090 0.00340271 0.01275635 0.10400391 0.01055908 0.02966309 0.03320312 -0.03515625 0.05615234 0.04345703 -0.00903320 -0.01544189 -0.11328125 0.03491211 -0.15722656 -0.26562500 0.00162506 -0.00376892 0.00897217 -0.00442505 0.09814453 0.09179688 -0.00062943 0.05224609 0.05371094 0.05688477 0.01757812 0.08349609 0.08349609 0.00138855 0.00024033 -0.08935547 0.00025177 0.01495361 -0.02526855 -0.00366211 0.00039673 -0.08886719 -0.10449219 -0.00585938 0.11376953 -0.00094604 -0.00013828 -0.03979492 0.11523438 -0.00296021 -0.00091171 0.09765625 -0.02795410 -0.00585938 0.06689453 -0.36718750 0.19238281 0.10156250 0.16601562 0.01110840 0.00063705 -0.00726318 -0.11718750 0.02404785 0.01757812 0.07519531 0.00088882 0.00029945 -0.21191406 0.03027344 0.00164795 0.07763672 0.00034142 -0.12792969 -0.03857422 -0.01904297 0.05834961 0.02844238 -0.04077148 0.16210938 -0.00729370 -0.12353516 0.10937500 0.09375000 -0.00024033 -0.00022697 0.01232910 -0.06054688 0.00121307 0.13476562 0.02844238 0.03344727 -0.02868652 -0.03149414 0.06640625 -0.00778198 -0.00056839 -0.06176758 -0.06835938 -0.04882812 0.07910156 -0.00031662 -0.01184082 -0.03979492 -0.01263428 0.00167084 0.01989746 0.00044441 0.00109863 0.02612305 -0.08105469 -0.05517578 -0.28320312 0.17285156 0.06250000 -0.03125000 0.16796875 -0.00096893 -0.01300049 0.10839844 0.07373047 0.06005859 -0.00022602 0.07714844 0.01501465 -0.00001436 0.03369141 0.00994873 0.12890625 0.02685547 0.00872803 -0.00003886 -0.14941406 0.10302734 0.02075195 0.00149536 0.09814453 -0.55468750 0.08154297 0.10449219 0.64843750 0.00375366 0.10546875 -0.07568359 -0.09472656 0.09814453 -0.18652344 -0.06689453 -0.05639648 0.08154297 0.02075195 0.07812500 0.05688477 0.00157166 0.02612305 0.00010967 0.00364685 0.00056076 -0.04956055 0.00049973 0.18359375 0.15429688 -0.02136230 -0.03686523 -0.81250000 -0.02172852 -0.00041771 0.05322266 -0.05688477 0.05590820 0.09130859 0.07226562 -0.12890625 0.00058746 -0.00091171 0.05908203 -0.24121094 0.00019455 0.06494141 -0.06347656 0.00128174 -0.01831055 -0.01647949 -0.13281250 0.01257324 0.01385498 0.03955078 -0.38867188 -0.00037956 -0.03198242 -0.00095367 0.00182343 0.03784180 0.05078125 0.00101471 -0.02990723 0.03857422 0.06787109 0.12353516 0.06201172 -0.02014160 -0.01574707 0.01794434 -0.16210938 0.00193024 0.08105469 -0.14843750 0.00023556 -0.06787109 0.10742188 -0.00106812 -0.00078583 -0.01391602 0.00445557 0.00323486 -0.01086426 -0.00087738 0.13964844 -0.00891113 -0.12500000
-0.00008011 -0.06005859 0.14355469 0.09375000 0.39257812 -0.10595703 -0.00008535 0.01513672 0.02355957 -0.21289062 -0.05175781 0.04443359 0.04565430 -0.00065231 -0.01184082 -0.07226562 -0.15332031 -0.19042969 -0.00094986 0.04003906 0.01599121 0.00500488 0.00083160 -0.53906250 0.06787109 -0.00488281 0.04882812 -0.05639648 0.00008535 -0.09619141 0.06079102 -0.03271484 0.05126953 0.00201416 0.00041008 -0.15039062 -0.04370117 0.00075531 -0.00102234 0.23046875 0.00138092 -0.01989746 -0.15429688 0.06933594 0.06640625 -0.05053711 0.20214844 -0.06591797 0.09521484 -0.22167969 -0.02648926 0.06079102 -0.16796875 -0.17285156 -0.06884766 0.06738281 0.00158691 -0.06347656 -0.05957031 0.03173828 0.04809570 0.10595703 -0.20214844 0.10253906 0.10644531 -0.05541992 0.01623535 0.11572266 -0.06933594 0.00024605 0.00010061 0.22753906 -0.00041771 -0.06347656 -0.35156250 0.08984375 0.00102234 -0.04931641 0.04077148 -0.04492188 0.12597656 -0.00002968 -0.00103760 -0.12988281 0.03149414 -0.00167084 0.00060654 -0.27929688 -0.06787109 0.03613281 0.18750000 0.04565430 -0.02893066 -0.22460938 -0.16210938 -0.11669922 0.00717163 0.31835938 0.24121094 -0.05615234 0.01879883 0.05957031 0.00099182 -0.08740234 0.49609375 0.00439453 -0.00267029 -0.03051758 0.00069046 -0.18457031 0.12207031 0.17285156 -0.17871094 -0.10791016 0.05541992 0.02441406 0.01855469 -0.07519531 -0.14257812 -0.00976562 -0.00136566 0.10156250 0.04467773 0.08691406 0.46289062 -0.02075195 0.16308594 0.21777344 -0.14843750 0.12792969 -0.01312256 -0.15234375 0.00104523 -0.03735352 -0.11279297 -0.14648438 -0.19140625 -0.00022411 0.02453613 0.13964844 0.19628906 -0.00017262 -0.06347656 0.00088501 0.00154114 -0.16015625 0.28320312 -0.16210938 -0.29687500 -0.02478027 -0.00848389 -0.05053711 -0.06030273 -0.00219727 -0.06689453 -0.11181641 0.01904297 0.02795410 0.00048256 -0.00836182 -0.02868652 -0.03271484 -0.16503906 -0.22753906 -0.23242188 -0.06542969 -0.11962891 -0.00069046 -0.28906250 -0.21972656 0.09667969 0.00167084 0.01086426 -0.18945312 -0.16503906 -0.02282715 -0.40039062 0.07324219 0.00610352 0.06054688 -0.01843262 0.18261719 -0.17675781 -0.12402344 -0.34960938 -0.10937500 0.03564453 0.03784180 0.33984375 0.00068283 -0.41210938 -0.00087357 0.09326172 -0.00088120 0.01000977 0.00155640 -0.13769531 -0.13378906 -0.13574219 0.14062500 0.07226562 -0.04443359 -0.00245667 0.13671875 -0.16113281 0.06933594 0.03491211 -0.09179688 0.16796875 0.00195312 0.00154114 -0.04541016 0.12109375 -0.00101471 -0.14941406 0.07128906 0.00162506 0.08447266 -0.11230469 -0.12451172 -0.07373047 -0.15917969 0.16015625 0.08740234 -0.00098419 0.01574707 -0.00001788 0.00013447 -0.15039062 -0.77343750 -0.00010824 -0.18359375 -0.17578125 -0.03906250 -0.02319336 0.07958984 0.09082031 -0.07617188 -0.22167969 -0.21679688 0.14746094 -0.14062500 -0.23632812 -0.00102997 0.12792969 0.08056641 -0.00085449 -0.00173950 -0.16210938 -0.18066406 -0.20800781 0.34570312 0.00032806 0.07958984 0.11816406 0.06079102
0.00068283 0.00598145 -0.00628662 0.05419922 -0.00531006 0.06127930 -0.18261719 -0.09082031 -0.05517578 -0.03100586 0.02880859 0.02746582 -0.17968750 -0.02014160 -0.00315857 -0.01879883 -0.12158203 -0.01879883 0.00122833 -0.00303650 0.07226562 0.02429199 -0.00096893 0.09277344 -0.02563477 -0.05834961 -0.00689697 0.36328125 -0.00114441 -0.02172852 -0.02148438 -0.10156250 -0.02380371 -0.00012970 0.00016594 0.08154297 0.01330566 -0.00109100 -0.00152588 0.09472656 0.00065231 0.01507568 -0.01123047 -0.74609375 -0.05590820 0.18457031 0.01135254 -0.02050781 0.03063965 0.06933594 0.01397705 0.00215149 -0.12060547 -0.00205994 -0.09863281 0.09228516 -0.00034523 -0.01745605 0.03515625 0.00738525 -0.01519775 0.07031250 0.00027466 -1.10937500 0.05029297 -0.05419922 0.07958984 0.04443359 0.20410156 0.00065994 0.00023270 -0.01831055 -0.00006771 -0.04589844 0.00500488 -0.05615234 0.00041199 0.04687500 0.00509644 0.06884766 -0.13378906 -0.00019836 0.00005674 -0.00692749 -0.11621094 0.00283813 0.01110840 -1.16406250 -0.06884766 0.01123047 -0.06298828 -0.02001953 -0.10205078 -0.02136230 0.06542969 -1.34375000 0.00090408 0.02490234 -0.07080078 -0.02795410 -0.00439453 0.03686523 -0.00077438 -0.00175476 0.92968750 -0.06835938 -0.00300598 0.18261719 -0.00161743 0.30664062 -0.05468750 -0.02319336 -0.04614258 0.06396484 -0.01831055 0.04931641 0.00297546 -0.01953125 0.06542969 -0.00466919 -0.00007105 -2.45312500 -1.45312500 -0.02343750 0.00909424 0.02954102 -0.00379944 -0.02478027 0.04492188 -0.04125977 0.04931641 0.01239014 0.00044250 -0.05151367 -0.02453613 -0.01098633 -0.04101562 0.00005245 0.00799561 -0.04663086 -0.01416016 -0.00137329 -0.01318359 -0.00162506 0.00062180 -0.06884766 0.21191406 -0.03906250 0.67578125 0.09472656 -0.07226562 -0.04272461 0.01446533 0.00003171 0.00021839 -0.00805664 -0.07617188 -0.02331543 0.00002611 0.02319336 -0.00271606 0.00041199 0.05810547 0.03540039 0.10595703 0.04199219 -0.00573730 -0.00035095 0.05151367 -0.13769531 0.00708008 -0.00146484 0.02758789 0.01684570 0.00225830 0.01086426 1.12500000 0.01080322 -0.06225586 0.00389099 -0.01794434 0.07177734 0.18457031 -0.00026703 -0.00236511 0.07177734 -0.01055908 -0.15820312 0.01385498 -0.00141144 -0.00793457 0.00107574 -0.00469971 -0.00139618 -1.05468750 0.00094223 0.00225830 0.05029297 -0.03466797 0.00891113 2.62500000 -0.00927734 0.00081253 0.01483154 0.01562500 -0.68750000 0.02954102 0.09423828 0.02661133 -0.00054932 0.00004721 0.00503540 0.33007812 0.00074768 0.00988770 -0.01501465 -0.00043488 -0.03442383 0.00039482 -0.05908203 0.00445557 -0.03222656 0.09765625 -0.00921631 -0.00135040 -0.00372314 0.00116730 0.00093842 0.04858398 0.02783203 0.00082016 -0.12255859 0.02990723 -0.02539062 0.11621094 0.18945312 -1.08593750 0.01123047 0.01324463 -0.05957031 0.03540039 -0.00750732 -0.01324463 -0.00151825 -0.11621094 -0.87109375 0.00051498 0.00115967 -0.02685547 0.01733398 0.01391602 0.00195312 -0.00096893 0.26953125 -0.01916504 -0.01635742
0.00090790 0.00037956 -0.00099945 0.00074005 0.00074387 -0.00032616 0.00026131 0.00070190 -0.00170898 -0.00158691 -0.00015736 -0.00160217 -0.00130463 0.00041389 -0.00026894 -0.00022411 0.00013733 -0.00121307 0.00121307 -0.00067520 -0.00061417 0.00061798 0.00021362 -0.00050735 0.00106049 -0.00010347 -0.00177765 -0.00122070 0.00006199 -0.00090790 -0.00008249 0.00010824 -0.00073242 0.00082016 -0.00091553 -0.00045204 0.00072479 -0.00044441 -0.00038719 0.00001168 -0.00014114 0.00109863 -0.00119781 -0.00103760 -0.00078964 0.00001341 0.00021362 -0.00042152 -0.00058746 -0.00070190 0.00061417 -0.00005031 0.00106812 -0.00043106 0.00045776 -0.00093079 0.00027657 0.00106049 -0.00020123 0.00094604 -0.00104523 -0.00083923 0.00038528 -0.00182343 0.00020027 0.00074768 -0.00029182 -0.00131989 0.00009680 0.00002503 0.00041199 0.00067139 0.00088501 -0.00162506 0.00078964 0.00053024 -0.00078583 0.00011444 -0.00022030 -0.00175476 0.00043678 -0.00028229 -0.00095367 0.00024414 0.00031853 -0.00147247 0.00039482 -0.00186920 -0.00153351 -0.00078583 0.00055313 -0.00075531 -0.00001979 -0.00142670 -0.00065994 -0.00044632 -0.00171661 0.00050354 0.00083542 -0.00138855 0.00052261 -0.00057983 -0.00147247 -0.00123596 -0.00077438 -0.00022507 -0.00109863 -0.00044060 -0.00080872 0.00004840 -0.00011253 0.00029755 -0.00164032 0.00085068 0.00014496 -0.00045204 -0.00181580 0.00027847 0.00038528 0.00051117 -0.00135040 -0.00144958 0.00015640 0.00046921 -0.00073624 -0.00154114 0.00027275 -0.00151062 -0.00138855 -0.00069427 -0.00077438 -0.00051498 -0.00033569 0.00029755 -0.00010252 0.00099945 -0.00119781 -0.00137329 -0.00141907 0.00040245 -0.00059509 -0.00036621 0.00002420 -0.00162506 -0.00132751 -0.00100708 -0.00169373 0.00002706 -0.00156403 0.00102234 0.00112152 -0.00122833 0.00020695 0.00094986 -0.00054169 -0.00009394 -0.00160980 -0.00146484 -0.00035477 -0.00089264 -0.00151062 0.00089645 0.00020027 0.00068665 -0.00041962 -0.00035286 0.00026131 0.00099182 -0.00004244 -0.00067520 -0.00000560 -0.00164032 -0.00068665 0.00067520 0.00054550 -0.00014687 -0.00159454 -0.00028038 -0.00029373 0.00037956 -0.00038528 0.00035477 -0.00096130 -0.00031281 0.00119781 -0.00077438 0.00074768 0.00078964 0.00049591 -0.00056458 -0.00176239 -0.00047302 0.00085449 0.00002635 -0.00049210 -0.00061035 -0.00058746 -0.00048065 -0.00122070 0.00097275 0.00049210 -0.00165558 -0.00054932 0.00008869 0.00018406 -0.00127411 0.00088120 0.00026894 -0.00091934 0.00063324 0.00106812 -0.00009966 -0.00006390 -0.00092697 -0.00059128 -0.00088501 0.00120544 -0.00141144 -0.00040054 0.00041389 -0.00046539 -0.00045013 0.00115967 -0.00119019 -0.00100708 -0.00080109 0.00052643 -0.00087357 0.00060654 0.00056076 0.00030327 -0.00176239 -0.00031471 0.00103760 0.00034904 -0.00155640 0.00033188 0.00009632 0.00032043 -0.00078201 -0.00143433 -0.00125122 -0.00055695 -0.00147247 -0.00180054 -0.00119781 -0.00056458 0.00061798 0.00005364 -0.00122070 -0.00087357 -0.00106049 -0.00040245 -0.00182343 -0.00000620 -0.00052643
0.00024796 -0.00173187 -0.00177002 -0.00164032 -0.00193787 -0.00160217 -0.00000259 0.00017452 -0.00176239 -0.00106049 0.00119781 0.00025749 0.00053406 -0.00028229 0.00320435 -0.00175476 -0.00177002 -0.00090027 -0.00129700 0.00039673 -0.00010586 -0.00043106 0.00028610 0.00051880 0.00049591 -0.00086594 0.00099182 -0.00139618 -0.00115204 0.00036621 0.00051880 0.00000605 0.00017929 -0.00064850 -0.00054169 -0.00111389 -0.00062180 -0.00099182 0.00004840 -0.00234985 -0.00156403 -0.00030899 0.00118256 -0.00131226 -0.00106049 -0.00122070 -0.00001395 0.00023556 0.00092316 0.00018501 -0.00047112 -0.00011826 0.00018120 0.00021839 -0.00079727 -0.00036049 -0.00030327 0.00049973 -0.00010157 -0.00002325 -0.00077438 0.00090027 0.00009632 -0.00030708 0.00026894 0.00062943 -0.00003481 0.00061417 -0.00007010 0.00071335 -0.00079346 0.00025749 -0.00070572 -0.00067902 -0.00170135 0.00008488 -0.00005817 -0.00131989 -0.00148010 -0.00138855 -0.00022125 -0.00107574 -0.00003242 -0.00179291 -0.00189972 0.00051880 -0.00062180 0.00044060 0.00062561 -0.00067902 -0.00074005 0.00056458 0.00167084 0.00006914 -0.00194550 0.00049210 0.00000596 -0.00082397 0.00103760 0.00071716 -0.00061417 -0.00193787 0.00008726 0.00036812 -0.00173950 0.00118256 -0.00109100 -0.00150299 0.00011492 -0.00198364 -0.00027466 0.00103760 0.00118256 -0.00181580 -0.00109100 -0.00134277 0.00031090 -0.00224304 0.00062943 0.00031090 -0.00037003 -0.00000270 -0.00093460 -0.00099182 -0.00072098 -0.00075531 -0.00141144 0.00052261 -0.00098419 0.00084305 -0.00112152 0.00082779 -0.00049973 0.00079346 -0.00122070 0.00013065 0.00093079 -0.00168610 -0.00063705 -0.00119019 -0.00051117 0.00033188 -0.00063324 0.00004697 0.00032806 -0.00155640 0.00014687 -0.00201416 -0.00004530 0.00079346 -0.00020695 -0.00184631 -0.00173187 -0.00098419 -0.00192261 -0.00210571 0.00123596 -0.00183868 -0.00043106 -0.00149536 0.00048447 0.00056839 -0.00205994 0.00071716 0.00051880 -0.00183868 -0.00005317 -0.00140381 -0.00099182 -0.00194550 0.00013638 0.00038338 0.00038719 -0.00167084 -0.00101471 0.00013828 0.00001931 -0.00192261 0.00021458 0.00002074 -0.00169373 0.00053024 -0.00012875 0.00098419 -0.00090408 -0.00046921 -0.00160217 -0.00126648 -0.00033569 -0.00089264 -0.00050735 -0.00103760 -0.00071716 0.00102234 0.00020504 -0.00017643 -0.00128937 0.00013065 -0.00021076 -0.00099945 -0.00112915 0.00000265 0.00010204 0.00064850 -0.00049210 -0.00154877 0.00190735 0.00059509 -0.00199890 -0.00082397 0.00015831 -0.00191498 -0.00157166 0.00115204 0.00050735 -0.00033760 0.00040817 -0.00190735 -0.00154877 0.00040627 -0.00037193 0.00030518 -0.00052261 -0.00166321 -0.00152588 0.00060654 -0.00170135 0.00094986 -0.00077438 -0.00212097 0.00023270 -0.00005341 0.00112152 -0.00198364 -0.00144958 0.00006199 -0.00163269 0.00008726 0.00090408 0.00014877 -0.00162506 -0.00204468 -0.00023079 0.00060654 0.00045204 -0.00183105 -0.00159454 0.00034523 -0.00089645 0.00096130 -0.00087738 -0.00204468 0.00137329 -0.00109100 -0.00118256 0.00011158
0.00176239 0.09814453 -0.07324219 -0.13769531 -0.05053711 0.15527344 0.12792969 0.03393555 0.03222656 0.15039062 0.02661133 0.12353516 -0.00469971 -0.00836182 0.25195312 0.05322266 0.07128906 0.29882812 0.00024605 0.09082031 -0.01092529 0.09228516 -0.00081635 0.05786133 0.06787109 0.16699219 0.07177734 -0.13281250 -0.00053024 -0.11376953 -0.06127930 0.08642578 -0.28125000 0.00117493 -0.00074387 0.16113281 0.13378906 0.00047874 0.00079727 0.05053711 0.00072861 -0.07568359 0.19042969 0.00000069 -0.05786133 -0.11572266 0.08593750 0.03320312 -0.22753906 0.01098633 0.08203125 0.21777344 -0.09033203 0.16699219 0.13671875 -0.07275391 0.00146484 -0.24609375 -0.05126953 0.00921631 0.10253906 -0.16406250 0.06494141 -0.08154297 -0.21484375 0.05786133 -0.28710938 -0.13378906 0.15039062 0.00125122 -0.00034904 -0.16699219 -0.00085068 0.12060547 0.24414062 -0.02661133 0.00065231 0.06884766 -0.28515625 0.10888672 0.08349609 -0.00049210 0.00122833 0.23730469 -0.06494141 -0.00279236 -0.00069046 -0.05395508 0.03979492 -0.41992188 0.09960938 -0.25976562 -0.01245117 -0.12109375 0.11132812 0.02221680 0.06250000 -0.06835938 0.37109375 -0.05224609 0.25195312 0.28710938 -0.00074768 0.37304688 -0.09716797 0.12695312 0.00001955 0.13183594 0.00111389 0.13378906 0.41015625 0.04223633 0.06884766 0.01562500 0.31250000 0.05883789 -0.24804688 0.18261719 -0.13183594 0.08398438 -0.00028229 -0.07763672 -0.12158203 -0.28515625 -0.40429688 -0.01721191 0.04516602 -0.18066406 -0.01940918 -0.03173828 0.05224609 -0.04492188 -0.00036049 0.34375000 0.33593750 -0.23242188 -0.01977539 0.00013161 -0.23632812 -0.08203125 -0.02270508 -0.00109863 0.30273438 0.00011110 -0.00033188 0.18457031 -0.07226562 0.21679688 0.17578125 0.02832031 0.08837891 -0.05834961 0.00793457 -0.00194550 0.25000000 -0.02392578 -0.14746094 0.12255859 0.00145721 0.33203125 0.23925781 -0.37109375 0.28906250 -0.15429688 0.10546875 0.14941406 0.09033203 0.00093079 0.08105469 0.14550781 -0.32226562 -0.00099182 0.15722656 -0.07226562 -0.05712891 0.04296875 -0.14941406 -0.00946045 0.07031250 -0.28320312 0.05639648 -0.00186157 -0.05200195 -0.22070312 -0.05468750 -0.24121094 -0.06298828 -0.11132812 -0.44921875 0.00102234 -0.04370117 0.00049591 0.06347656 -0.00045013 -0.06127930 -0.00059509 0.05590820 -0.01098633 -0.37695312 0.10058594 -0.00915527 -0.02014160 -0.00149536 0.04736328 0.01232910 -0.09375000 -0.23730469 0.05810547 -0.05688477 0.00204468 0.00044060 0.02392578 -0.00491333 0.00016212 -0.09033203 0.17578125 0.00046539 0.19335938 0.14746094 -0.21972656 -0.07275391 0.04272461 0.05004883 -0.23437500 0.00135803 -0.04003906 -0.00066376 -0.00010014 -0.23730469 0.04980469 0.00151825 0.07666016 0.02368164 0.11816406 -0.20117188 0.08007812 -0.14746094 0.00329590 -0.15820312 0.06494141 -0.30664062 0.05053711 -0.00518799 0.00061417 0.15625000 -0.10693359 0.00071335 -0.00157928 -0.14453125 -0.10253906 0.33203125 -0.30468750 -0.00028610 -0.06005859 0.07128906 -0.22460938
-0.00024605 -0.10302734 -0.75390625 0.11962891 -0.32421875 0.55468750 -0.08593750 0.03857422 -0.05126953 -0.55078125 0.03637695 -0.11328125 -0.00680542 0.02319336 -0.09619141 -0.11425781 0.11718750 -0.55468750 0.00007105 0.17578125 0.01293945 -0.04882812 -0.00049973 -0.13085938 -0.02905273 -0.37500000 0.12988281 0.00854492 -0.00103760 0.41210938 0.11914062 -0.01562500 -0.27343750 0.00003147 -0.00085831 0.33593750 -0.15136719 0.00142670 -0.00148773 0.00970459 0.00121307 -0.45117188 0.29101562 -0.00188446 0.05297852 0.31250000 0.01348877 -0.05981445 -0.66796875 0.23437500 -0.51953125 0.12109375 -0.40625000 0.25781250 0.23339844 0.08691406 -0.00056458 -0.00187683 0.58593750 0.01043701 -0.13574219 -0.08544922 -0.25781250 0.01013184 0.12988281 -0.05737305 -0.74218750 -0.91015625 0.25781250 0.00112915 -0.00045395 -0.49609375 -0.00069046 -0.43164062 -0.64453125 0.42382812 -0.00072479 -0.01385498 -0.45507812 -0.15917969 -0.07958984 -0.00047112 0.00155640 -0.55859375 0.02990723 0.00247192 -0.00039673 -0.05590820 0.01208496 0.41601562 -0.22851562 0.14062500 0.20605469 -0.34765625 0.35742188 0.04248047 0.07373047 0.39843750 -0.16308594 0.07324219 -0.22558594 -0.16699219 0.00141907 0.61328125 0.08691406 -0.50781250 -0.00306702 0.01782227 -0.00028992 -0.12890625 -0.33203125 0.09667969 -0.10449219 0.48828125 -0.18261719 0.01068115 0.09033203 0.69531250 -0.41992188 0.05395508 0.00080109 0.00643921 0.02368164 -0.73828125 0.35937500 0.08789062 0.17285156 -0.24414062 -0.15722656 -0.41601562 0.05249023 0.01391602 -0.00032997 0.46289062 0.64453125 0.40625000 -0.04589844 0.00185394 -0.14843750 0.20214844 -0.12890625 -0.00089264 -0.14843750 0.00021839 0.00152588 0.34570312 -0.01062012 0.13964844 -0.06127930 0.00604248 0.05517578 0.04516602 0.07373047 0.00054550 -0.35351562 0.07373047 -0.82031250 -0.03808594 0.00132751 -0.62890625 -0.19824219 0.07910156 -0.29882812 -0.33203125 0.72656250 0.78515625 0.42578125 -0.00006580 0.17578125 0.15820312 0.22265625 0.00146484 -0.03735352 -0.04858398 -0.03857422 0.07226562 0.06835938 0.19726562 0.09179688 0.48437500 -0.04321289 0.02136230 -0.06445312 0.38085938 -0.47265625 0.08984375 0.11474609 0.07128906 0.61718750 0.00106049 0.00524902 0.00139618 0.11376953 -0.00021172 0.03369141 -0.00098419 0.22167969 0.04833984 0.53906250 0.08886719 0.02746582 0.13476562 -0.00119781 -0.05688477 -0.40625000 0.00043678 -0.24316406 0.09863281 0.05639648 -0.00219727 -0.00102997 -0.00674438 0.09570312 0.00037193 0.42773438 0.57812500 -0.00074387 0.56250000 0.53515625 0.11718750 0.22753906 0.02587891 -0.04638672 0.20507812 0.00099182 0.56640625 -0.00035858 0.00126648 0.19531250 0.07958984 0.00007248 0.07177734 0.38867188 -0.01745605 -0.33984375 -0.17773438 0.08056641 -0.11230469 -0.22851562 0.27539062 -0.42382812 -0.06689453 -0.01635742 -0.00060272 0.06982422 0.04663086 0.00122070 -0.00238037 0.00512695 -0.28906250 0.66796875 -0.04711914 0.00122070 -0.00202942 -0.02160645 -0.67578125
-0.00020981 -0.05859375 -0.01452637 -0.18847656 -0.02087402 -0.07128906 -0.00396729 -0.04467773 -0.05981445 -0.10351562 0.01489258 -0.02636719 -0.02197266 -0.01989746 0.02514648 -0.03051758 0.11181641 0.00340271 -0.00072098 0.00291443 -0.05908203 -0.06982422 0.00139618 -0.16308594 -0.04028320 0.09814453 -0.04003906 -0.27539062 -0.00021267 0.04541016 -0.01080322 -0.04785156 0.03198242 0.00183105 -0.00008917 -0.03063965 -0.06640625 0.00117493 -0.00044823 -0.07666016 -0.00060272 0.07519531 0.01055908 0.36328125 0.08398438 -0.05834961 -0.04833984 0.00567627 -0.03857422 0.11328125 0.02087402 0.04833984 0.01928711 0.03271484 -0.04199219 0.21289062 -0.00048065 0.01586914 0.00014496 0.07519531 0.16113281 0.02429199 0.04077148 0.12304688 0.11718750 -0.05615234 -0.02050781 -0.05102539 -0.14941406 -0.00072479 0.00146484 0.00268555 -0.00087357 -0.03857422 0.01153564 0.14648438 0.00124359 -0.02465820 -0.00054550 -0.02185059 -0.05810547 0.00185394 -0.00169373 0.04150391 -0.07910156 -0.00106812 -0.00084305 -0.01037598 -0.03222656 0.03125000 0.06542969 -0.04370117 -0.04565430 0.00144958 -0.01458740 -0.15820312 0.04931641 0.02514648 -0.26562500 0.02673340 -0.05688477 -0.06494141 -0.00069427 -0.00988770 -0.25390625 -0.04248047 0.00270081 -0.03564453 0.00137329 -0.38281250 -0.01104736 -0.04711914 -0.03540039 0.03564453 -0.00842285 -0.00187683 0.02770996 -0.03759766 0.06347656 0.01623535 -0.00057983 0.27929688 0.18066406 -0.00939941 -0.00363159 0.18945312 0.01623535 -0.00619507 -0.00427246 -0.04565430 0.03857422 0.03063965 -0.00093842 -0.00631714 -0.02502441 -0.11279297 -0.00659180 0.00128174 0.01031494 0.01092529 0.03857422 -0.00098419 0.01843262 0.00096130 -0.00099945 -0.01538086 -0.25195312 -0.02062988 -0.44531250 -0.09570312 -0.04736328 0.22265625 -0.00939941 -0.00062561 0.03112793 -0.01177979 -0.01275635 0.00479126 -0.00114441 -0.02429199 -0.06787109 0.01867676 -0.01708984 -0.04418945 -0.04101562 -0.05102539 -0.01599121 -0.00072098 -0.09472656 -0.05151367 -0.02612305 0.00040436 0.10595703 0.01324463 -0.03564453 -0.01544189 0.22949219 0.02600098 0.00579834 -0.28906250 -0.06542969 0.02697754 -0.18261719 -0.02807617 0.00564575 -0.02856445 0.11083984 -0.05590820 -0.01544189 0.00071716 0.04663086 -0.00073242 0.02954102 0.00002301 -0.00817871 0.00065994 0.00573730 0.02563477 0.01470947 0.00527954 0.15722656 0.00166321 -0.00160217 -0.06933594 -0.01281738 -0.13671875 0.02624512 -0.05297852 0.09716797 -0.00279236 -0.00107574 -0.02307129 -0.11132812 -0.00087357 0.01007080 -0.00793457 0.00099182 -0.01782227 -0.04174805 0.03564453 0.06884766 -0.03369141 -0.12158203 0.00494385 -0.00022697 -0.00909424 -0.00099182 -0.00088501 0.07128906 0.10449219 0.00135803 0.01342773 0.04150391 -0.02209473 -0.03979492 0.03417969 0.19042969 0.01721191 -0.05053711 0.06127930 -0.00830078 -0.03125000 -0.05541992 0.00198364 -0.05419922 0.07666016 -0.00141907 0.00083542 0.02832031 0.01239014 -0.00708008 0.03125000 -0.00099182 0.30273438 0.04711914 0.00411987
0.00139618 -0.08056641 -0.03369141 0.02624512 -0.38867188 -0.01770020 -0.30078125 -0.05664062 -0.02770996 0.01318359 -0.38281250 -0.16015625 -0.04101562 -0.06225586 0.07958984 0.22265625 -0.28320312 -0.00836182 0.00042343 0.04223633 -0.06738281 -0.03613281 -0.00103760 -0.05175781 -0.08447266 -0.64843750 0.10205078 0.10546875 -0.00032425 0.16308594 0.23242188 -0.06445312 0.02416992 -0.00068283 -0.00032997 -0.08642578 0.14941406 0.00039101 -0.00040054 0.29101562 0.00096130 -0.04589844 -0.15917969 0.07373047 0.08300781 0.06396484 0.01623535 -0.05175781 -0.02600098 0.00122070 0.01867676 0.02551270 0.02770996 -0.06787109 -0.20996094 0.03344727 0.00137329 -0.02221680 0.00088882 0.11279297 -0.00308228 0.08300781 -0.00772095 0.12500000 0.16894531 0.05834961 -0.00228882 0.00308228 -0.01599121 0.00053787 0.00164795 -0.02856445 0.00007963 -0.11181641 0.12597656 0.10498047 0.00025368 -0.01074219 0.07861328 -0.25195312 -0.33984375 -0.00164032 -0.00013161 0.05102539 0.01153564 -0.00202942 -0.00095749 0.10644531 -0.04589844 -0.04174805 -0.23535156 0.31835938 0.16503906 0.16503906 -0.05249023 0.02905273 -0.10302734 -0.11572266 0.12792969 0.02380371 0.15820312 -0.03857422 -0.00066376 0.09472656 -0.17480469 -0.16015625 -0.00029755 -0.12890625 0.00121307 -0.06030273 0.19042969 -0.01263428 -0.22363281 0.13183594 -0.02185059 -0.03979492 -0.08740234 0.02685547 0.00729370 -0.25000000 -0.00083542 0.05957031 0.13378906 -0.05371094 -0.03125000 0.15429688 0.10986328 0.08007812 -0.21972656 0.08593750 -0.25976562 0.01635742 -0.00012112 0.01293945 0.02099609 0.07861328 0.10644531 0.00064087 0.07812500 -0.03125000 -0.02856445 -0.00034332 -0.04345703 -0.00085831 0.00148010 -0.18066406 -0.34960938 0.03173828 -0.03173828 -0.04711914 -0.12451172 0.22363281 -0.02380371 0.00010633 0.04077148 -0.14550781 -0.02136230 -0.02270508 0.00147247 0.20800781 0.01623535 -0.02490234 -0.00830078 0.25781250 -0.01037598 0.02001953 -0.04125977 0.00135040 0.02673340 -0.25195312 0.06298828 -0.00105286 -0.12792969 -0.03369141 -0.09912109 -0.04663086 0.01513672 0.03149414 -0.15527344 -0.02331543 -0.01367188 -0.09375000 0.01574707 0.08789062 -0.16894531 0.26953125 -0.03662109 0.03027344 -0.15429688 -0.00087357 0.05981445 -0.00085831 0.01379395 0.00013161 0.12207031 -0.00010777 -0.20410156 0.02197266 0.08447266 -0.06982422 0.06152344 0.00158691 -0.00019646 0.11962891 0.08447266 0.12792969 0.01416016 -0.08251953 0.00601196 0.00130463 0.00099182 -0.00262451 -0.09472656 0.00113678 0.11083984 -0.04907227 0.00112915 0.04614258 0.11181641 0.09033203 0.07519531 -0.17773438 -0.05175781 0.36718750 0.00093460 0.10156250 -0.00053406 -0.00013542 0.11181641 -0.06542969 0.00089645 0.14257812 -0.03491211 -0.22558594 -0.06445312 -0.08447266 0.12792969 -0.00277710 -0.02758789 0.19433594 0.11328125 -0.03088379 0.03613281 0.00154877 -0.13867188 0.13476562 0.00129700 -0.00216675 0.07275391 0.02709961 0.06005859 -0.04150391 0.00038719 0.07958984 0.01281738 -0.05029297
0.00210571 0.11181641 -0.02124023 -0.01367188 -0.02929688 0.02172852 0.17187500 0.10498047 0.08056641 0.21093750 -0.31640625 -0.07666016 0.03295898 0.03613281 -0.40625000 -0.04858398 0.25781250 0.12109375 -0.00146484 -0.00323486 0.14355469 0.17187500 -0.00102997 0.09033203 0.08398438 -0.02026367 0.12158203 -0.00994873 -0.00112915 -0.09570312 0.03088379 0.07714844 -0.29296875 -0.00035286 -0.00070953 0.05957031 0.05126953 -0.00123596 0.00016212 0.01269531 0.00201416 0.15722656 0.06738281 -0.01464844 -0.06347656 -0.22070312 -0.27148438 0.06250000 -0.08251953 -0.25195312 -0.30664062 -0.37500000 -0.60546875 0.21972656 0.08691406 -0.09667969 -0.00022602 0.05444336 -0.33203125 -0.76953125 -0.02270508 -0.24804688 0.11474609 0.02941895 -0.04956055 -0.05883789 -0.06835938 0.06640625 -0.12988281 -0.00065613 -0.00053787 0.05517578 0.00096893 0.18652344 0.15039062 -0.25195312 -0.00022888 0.11474609 -0.01086426 0.14257812 0.12255859 -0.00058746 -0.00041199 0.20117188 0.04589844 -0.00296021 0.00008345 -0.15039062 0.11669922 0.27929688 0.16601562 -0.12792969 -0.16796875 -0.07861328 -0.14550781 -0.10400391 0.53125000 -0.78906250 0.46679688 -0.31640625 0.35742188 -0.10742188 0.00038528 0.02770996 -0.03979492 0.26562500 0.00518799 0.24121094 -0.00098419 -0.00396729 0.46484375 0.10058594 0.19824219 -0.13964844 -0.00704956 0.09082031 0.21386719 -0.04565430 -0.18164062 0.09423828 0.00072479 -0.04443359 -0.03149414 -0.16894531 -0.37695312 -0.03784180 0.09716797 -0.28320312 -0.10742188 0.05444336 0.11425781 0.14160156 -0.00072098 0.16308594 0.18261719 -0.33984375 0.00720215 0.00078583 -0.27734375 -0.00909424 0.11376953 -0.00047493 -0.41015625 -0.00062561 -0.00032616 0.11328125 -0.28710938 0.19726562 0.14355469 0.02441406 0.03369141 -0.05664062 -0.00370789 -0.00177002 0.22070312 0.13476562 0.11474609 0.14160156 0.00100708 0.40039062 0.27539062 -0.12597656 0.42187500 -0.13183594 -0.05981445 -0.09375000 0.16992188 -0.00005698 0.12597656 0.07812500 -0.13671875 -0.00137329 0.13378906 -0.04541016 0.12304688 0.04785156 -0.10791016 -0.30468750 0.20898438 -0.00451660 0.12695312 0.11181641 0.00988770 -0.46289062 -0.19531250 -0.03637695 -0.23730469 -0.35742188 -0.49023438 0.00201416 0.20312500 0.00177002 -0.15332031 0.00075912 -0.05200195 -0.00095749 0.01538086 -0.01513672 -0.51562500 0.20214844 -0.01025391 -0.04248047 -0.00107574 -0.45117188 0.00415039 0.03710938 -0.25195312 0.09765625 0.00958252 0.00076675 -0.00109863 0.15332031 0.04785156 0.00116730 -0.21875000 -0.07812500 -0.00059128 -0.03491211 -0.15917969 -0.33398438 -0.05712891 -0.00854492 -0.01519775 -0.13183594 0.00138855 -0.25390625 0.00176239 0.00092316 -0.78125000 -0.15625000 -0.00018120 0.21777344 -0.24316406 0.11035156 -0.04760742 0.05444336 -0.03515625 -0.03015137 -0.25195312 -0.23144531 -0.21093750 0.08544922 0.02893066 0.00124359 0.26562500 -0.00509644 -0.00011206 -0.00260925 -0.42578125 -0.20117188 -0.04443359 0.19531250 -0.00070190 -0.02111816 0.08349609 -0.01867676
-0.00083923 0.05175781 0.03662109 -0.04125977 -0.16699219 0.02233887 0.09472656 -0.01422119 0.05493164 0.31835938 -0.13769531 0.10791016 0.00393677 0.02990723 0.54687500 0.00665283 -0.18261719 -0.55468750 0.00043678 -0.01361084 -0.15332031 0.05078125 -0.00148010 -0.08544922 0.00343323 -0.07568359 0.13671875 -0.02807617 0.00076675 -0.34375000 -0.11376953 0.03295898 -0.18554688 -0.00038719 -0.00110626 0.10449219 0.31054688 -0.00042534 -0.00011063 -0.24316406 -0.00104523 -0.22558594 0.15527344 -0.03088379 -0.06298828 -0.06103516 0.20996094 0.00242615 -0.07861328 -0.06738281 0.43359375 0.37695312 0.62890625 -0.07519531 -0.02368164 -0.12402344 -0.00022697 -0.06201172 -0.31054688 -0.21582031 -0.09228516 -0.02014160 0.38671875 -0.02453613 -0.01489258 -0.05688477 -0.02587891 0.14355469 -0.18457031 0.00012302 0.00050735 -0.03564453 0.00085068 0.20019531 0.34960938 -0.66015625 -0.00042915 -0.01000977 -0.03881836 -0.00050354 0.01086426 0.00169373 0.00039482 0.45117188 0.01672363 -0.00234985 0.00107574 -0.03442383 -0.08105469 -0.18652344 0.20410156 -0.19531250 -0.00793457 0.12500000 -0.00436401 0.10839844 0.16601562 -0.35351562 0.39843750 -0.46484375 0.31445312 0.15332031 0.00129700 0.46093750 -0.07714844 0.39257812 -0.00178528 0.19531250 -0.00056839 0.08496094 0.80468750 -0.00314331 0.00860596 -0.08544922 -0.15820312 0.03540039 -0.18066406 -0.09716797 0.01336670 -0.05419922 -0.00106049 -0.05932617 -0.06835938 -0.03710938 -0.54687500 0.08398438 -0.07031250 -0.10839844 0.05761719 -0.03759766 -0.15527344 -0.11132812 0.00006437 0.20800781 0.29296875 -0.38281250 -0.12500000 0.00154877 -0.27929688 -0.30664062 -0.22460938 -0.00018024 -0.14648438 -0.00001764 0.00148773 -0.08837891 -0.06689453 0.53515625 -0.04125977 0.01721191 -0.07177734 0.22265625 0.03540039 -0.00011969 -0.32617188 -0.14062500 -0.06738281 0.08642578 0.00039482 0.73828125 0.37500000 0.22167969 0.57421875 -0.31640625 -0.10546875 -0.17871094 0.22558594 0.00049973 -0.05615234 -0.05981445 -0.16406250 -0.00068665 0.14941406 0.02636719 -0.01513672 0.01977539 0.01446533 -0.67578125 -0.12451172 -0.12597656 -0.02880859 0.00424194 0.01928711 -0.37890625 0.20996094 -0.19335938 -0.18261719 -0.12255859 -0.47265625 -0.00050735 0.72265625 -0.00092697 0.16113281 -0.00014591 -0.00256348 -0.00076294 -0.03857422 0.10498047 -0.50000000 -0.23339844 -0.10498047 -0.02355957 0.00058365 0.17187500 -0.11914062 -0.03320312 -0.13671875 0.04907227 -0.07373047 0.00279236 -0.00061417 -0.08447266 -0.11767578 -0.00058365 -0.40820312 -0.04248047 -0.00084686 0.05810547 0.01379395 -0.02722168 -0.28515625 -0.10009766 -0.05419922 -0.23925781 -0.00093079 -0.08789062 -0.00108337 -0.00048637 -0.46093750 0.24902344 -0.00063324 0.02270508 -0.16308594 -0.02990723 -0.16308594 0.05468750 -0.06298828 0.42382812 0.61718750 0.04028320 -0.30078125 0.03198242 0.13574219 -0.00057983 0.02429199 -0.08007812 -0.00147247 -0.00172424 0.06396484 0.77343750 0.07031250 -0.74609375 0.00159454 -0.02172852 0.99218750 -0.09472656
0.00038528 -0.00595093 -0.58984375 -0.05175781 -0.21093750 0.40429688 -0.06225586 0.04687500 -0.01202393 -0.10107422 0.05566406 0.02441406 -0.05517578 -0.00677490 0.04541016 -0.03344727 0.04809570 -0.11230469 -0.00115967 0.02954102 -0.04614258 0.00180817 0.00124359 0.08886719 0.04492188 -0.06884766 0.03979492 0.03540039 0.00105286 0.04394531 0.00260925 0.00454712 -0.20605469 -0.00074768 -0.00065994 0.17871094 0.02832031 -0.00022793 -0.00103760 -0.00732422 0.00127411 0.00283813 0.14648438 0.00958252 0.01098633 0.04003906 -0.23144531 -0.00848389 -0.53125000 0.12109375 0.29296875 0.31445312 -0.06396484 0.19238281 0.13476562 -0.01336670 0.00132751 -0.42187500 0.26953125 -0.09863281 0.04321289 -0.14746094 0.31835938 -0.00408936 0.03540039 0.05761719 -0.58203125 -0.52343750 0.01696777 -0.00097275 -0.00091553 -0.43945312 0.00115967 -0.03369141 0.03039551 0.03222656 0.00251770 -0.03222656 -0.35546875 0.00579834 -0.04785156 -0.00057220 0.00014305 0.07177734 0.01385498 -0.00123596 0.00087738 -0.04492188 -0.01507568 -0.35351562 -0.11474609 -0.04882812 0.09082031 -0.10400391 0.17382812 0.00245667 0.00613403 -0.14062500 0.21875000 0.00270081 0.25000000 0.01733398 0.00163269 0.44726562 0.02734375 -0.04174805 0.00273132 0.10302734 0.00066376 -0.06787109 0.25585938 0.01965332 -0.00334167 0.23730469 0.33789062 0.01153564 -0.12255859 0.47070312 -0.28320312 0.02221680 0.00007486 0.01794434 -0.01373291 -0.58203125 -0.05297852 0.11767578 0.04956055 -0.18554688 -0.04736328 -0.12890625 0.01684570 0.04345703 -0.00045013 0.42382812 0.54687500 -0.03930664 -0.06250000 0.00128174 -0.27734375 -0.01110840 -0.46484375 0.00098419 -0.14843750 0.00022316 0.00006390 0.26953125 -0.07080078 -0.00964355 0.01977539 -0.03369141 0.04370117 -0.05981445 0.05151367 -0.00209045 -0.00279236 0.06445312 -0.58984375 -0.03955078 -0.00059128 0.11328125 0.05395508 -0.20898438 0.11572266 -0.20703125 0.43945312 0.52734375 0.10888672 -0.00094986 0.11621094 0.12695312 -0.01904297 -0.00039101 0.10644531 -0.01239014 -0.08837891 -0.01251221 -0.03686523 -0.07470703 0.04028320 -0.11914062 -0.00201416 0.04785156 -0.11523438 0.06079102 -0.22363281 -0.05224609 -0.04687500 -0.02844238 -0.02661133 0.00090408 -0.02844238 0.00151825 -0.02734375 0.00183105 -0.01452637 0.00071716 0.09912109 0.02221680 0.03662109 0.01391602 0.01281738 -0.12890625 0.00016785 0.08886719 -0.22167969 -0.01330566 -0.25390625 0.02404785 -0.04199219 -0.00303650 0.00182343 0.00781250 0.06738281 -0.00066757 0.01324463 0.41015625 0.00115967 0.34179688 0.26953125 0.07080078 -0.06250000 0.04907227 0.04443359 0.00004411 -0.00012779 0.28125000 -0.00095749 0.00036049 -0.06225586 0.11474609 -0.00014877 0.00946045 0.21289062 0.02197266 -0.32812500 -0.08154297 0.02380371 -0.49414062 -0.46289062 0.18164062 -0.42773438 -0.03710938 0.02392578 0.00050354 0.07519531 0.03149414 -0.00152588 -0.00185394 -0.04370117 -0.28710938 0.51562500 0.06494141 0.00033951 0.00454712 0.11474609 -0.52343750
-0.00170898 0.00052261 -0.00119019 0.00062943 -0.00071716 0.00061798 -0.00033951 -0.00110626 -0.00002217 0.00012970 -0.00067902 0.00024605 -0.00151825 -0.00151062 -0.00080109 -0.00154877 -0.00152588 -0.00018501 0.00010347 0.00023270 0.00026894 -0.00094223 -0.00001085 -0.00009680 -0.00095367 -0.00163269 -0.00017548 -0.00151825 -0.00119781 0.00090408 0.00049591 -0.00164795 -0.00083923 -0.00051117 -0.00047684 -0.00150299 -0.00114441 0.00017834 -0.00093842 -0.00013351 -0.00092697 -0.00183868 -0.00131989 0.00044441 -0.00001633 -0.00111389 -0.00122833 -0.00106049 -0.00020504 0.00063324 -0.00075912 0.00023174 -0.00051117 -0.00053024 0.00071716 -0.00041771 -0.00037003 -0.00030518 0.00102997 0.00091934 0.00013447 -0.00138855 -0.00046539 -0.00110626 -0.00076294 -0.00075531 -0.00132751 -0.00043106 0.00110626 -0.00135040 -0.00037003 -0.00091553 -0.00062180 -0.00077438 -0.00002539 0.00105286 -0.00172424 0.00045204 -0.00014782 -0.00077820 0.00079727 -0.00086975 0.00002694 -0.00022411 0.00014687 -0.00119019 0.00007629 0.00005841 -0.00042725 0.00025940 -0.00047112 0.00026512 0.00005651 0.00019741 -0.00127411 0.00114441 0.00067139 -0.00065231 0.00003076 -0.00180054 -0.00112152 0.00032043 0.00005770 0.00082016 0.00025368 -0.00056076 0.00033569 0.00075150 0.00025177 -0.00046921 -0.00129700 -0.00052643 -0.00021839 0.00087357 0.00118256 0.00067520 0.00035858 0.00026131 -0.00177765 -0.00170135 0.00075150 -0.00165558 -0.00080872 0.00099182 0.00004411 -0.00136566 -0.00037384 -0.00008011 0.00006008 0.00098419 0.00010681 -0.00091934 -0.00096512 0.00073242 -0.00028038 0.00108337 -0.00087357 -0.00069809 -0.00091934 -0.00160217 -0.00077820 -0.00059509 -0.00024605 -0.00118256 -0.00098419 -0.00022316 0.00037575 -0.00017262 0.00095367 -0.00101471 -0.00148010 -0.00165558 -0.00175476 0.00114441 -0.00029182 0.00029182 -0.00123596 -0.00154114 -0.00049973 -0.00040436 -0.00020027 -0.00125122 -0.00118256 -0.00100708 -0.00078583 0.00022507 -0.00075531 -0.00140381 -0.00150299 -0.00031090 -0.00036430 0.00069046 -0.00016499 0.00074768 -0.00128174 0.00026512 0.00101471 0.00087738 -0.00018787 -0.00139618 -0.00020885 -0.00112915 -0.00014591 -0.00038719 -0.00062180 -0.00024128 -0.00018692 -0.00119019 0.00027084 0.00008631 -0.00178528 0.00056839 0.00025177 0.00005746 -0.00181580 0.00091553 -0.00087738 0.00006008 -0.00057220 -0.00065231 0.00078964 0.00067902 -0.00173187 0.00014400 0.00099182 -0.00147247 0.00056076 -0.00057220 -0.00173950 0.00015259 0.00010729 -0.00073624 -0.00156403 0.00035858 -0.00122833 -0.00162506 -0.00121307 0.00051117 -0.00049591 0.00070572 0.00025368 0.00046539 -0.00024605 -0.00010395 -0.00108337 -0.00012970 -0.00118256 -0.00004482 -0.00023079 -0.00002670 -0.00086594 0.00037193 0.00057602 0.00021648 0.00093842 -0.00095749 -0.00164795 -0.00109100 -0.00134277 -0.00078201 -0.00187683 0.00142670 -0.00012398 0.00000140 0.00123596 0.00005555 -0.00064468 -0.00053406 0.00057220 0.00065231 -0.00074005 0.00002885 -0.00145721 -0.00167084 -0.00097275 -0.00051498
-0.00102997 0.06225586 0.04077148 0.14160156 -0.15332031 0.00031662 0.05615234 0.13476562 0.15039062 0.02697754 0.03295898 0.02734375 0.19238281 0.17578125 -0.02185059 0.00063324 0.07275391 -0.02429199 -0.00053406 -0.05224609 0.05932617 0.11279297 -0.00011206 0.07226562 0.07128906 -0.13867188 0.02563477 0.10156250 -0.00062180 -0.01806641 -0.02636719 0.08496094 0.02099609 0.00077057 0.00028801 0.03198242 0.03320312 -0.00061035 -0.00074005 0.03344727 0.00106049 0.00939941 -0.06591797 0.21386719 0.16113281 0.00352478 0.00199890 0.04150391 0.01977539 0.02392578 0.02539062 -0.00102997 0.03515625 -0.00939941 0.07080078 0.15820312 -0.00023746 -0.01855469 -0.00091553 0.01977539 0.19238281 0.00588989 0.00321960 0.19824219 -0.00787354 0.05590820 0.01928711 -0.00265503 0.09082031 -0.00138855 0.00002944 -0.01403809 -0.00144958 -0.00000760 -0.00933838 -0.04418945 0.00131226 0.08789062 -0.00181580 0.05419922 0.06176758 -0.00018215 0.00149536 -0.02795410 0.16601562 -0.00265503 -0.00344849 0.15722656 0.15136719 0.02978516 0.03173828 0.10205078 0.02380371 0.01544189 0.03051758 0.20605469 0.02673340 -0.08203125 0.04296875 0.01373291 0.00750732 -0.00121307 0.00096512 0.01501465 0.01104736 0.01446533 0.00204468 0.09423828 0.00108337 0.14648438 0.00903320 0.09130859 0.02136230 0.02795410 -0.00262451 0.12695312 0.02343750 0.00622559 0.01226807 0.07128906 -0.00146484 0.25585938 0.22851562 0.01324463 -0.01116943 -0.05981445 -0.02368164 0.00436401 0.00373840 -0.00198364 0.06445312 -0.03784180 -0.00173950 0.01672363 0.00729370 -0.02062988 0.03930664 0.00092316 -0.03173828 0.05249023 -0.00291443 0.00015068 0.02526855 0.00005937 0.00032616 0.03027344 0.05639648 0.01635742 -0.53515625 0.20019531 0.03710938 -0.00909424 0.14941406 -0.00109100 -0.04077148 0.06982422 0.00267029 0.10253906 0.00082779 -0.00521851 0.03320312 -0.02624512 0.00405884 -0.00225830 0.03039551 0.02514648 0.00315857 0.00016880 0.03063965 0.05834961 0.01745605 -0.00037003 -0.07324219 0.19140625 0.04882812 0.17578125 0.17871094 0.02770996 0.08740234 0.19335938 0.12207031 0.06933594 0.13671875 0.02160645 -0.00021839 -0.00331116 0.01782227 0.05419922 -0.03344727 0.00114441 -0.02441406 0.00112915 -0.00107574 0.00162506 0.15820312 -0.00106049 0.11621094 0.01147461 -0.01263428 0.04174805 0.09179688 -0.00089264 -0.00063705 -0.05371094 0.00769043 0.13769531 0.00045586 0.06347656 -0.02172852 0.00171661 -0.00060272 0.10205078 0.06982422 -0.00075150 -0.00903320 -0.01806641 -0.00046158 -0.00277710 0.03515625 0.01007080 0.00823975 0.01196289 0.14160156 0.07031250 0.00002897 0.01080322 0.00101471 -0.00230408 0.01055908 -0.00680542 -0.00218201 -0.04614258 0.00148773 0.04467773 -0.01733398 -0.19238281 0.20312500 0.00793457 0.00297546 0.01342773 -0.00552368 0.10644531 0.08740234 0.00042152 0.08447266 0.22949219 0.00073624 -0.00112915 -0.01184082 -0.01422119 -0.05615234 -0.01147461 -0.00085831 0.25195312 0.00379944 0.02624512
0.00004601 -0.00021839 -0.00014210 -0.00279236 -0.00069427 0.00003386 -0.00094223 -0.00174713 -0.00049973 -0.00054550 -0.00360107 -0.00108337 -0.00083160 -0.00099945 0.00042915 -0.00263977 -0.00262451 -0.00160980 -0.00067520 0.00086975 0.00045586 0.00073624 0.00070953 0.00018883 0.00041962 -0.00154114 0.00016022 -0.00218201 0.00094604 -0.00094604 -0.00006771 -0.00035286 -0.00051880 0.00042343 -0.00134277 -0.00101471 -0.00128174 0.00007725 0.00106812 -0.00289917 0.00026894 -0.00277710 -0.00170135 -0.00135040 -0.00077820 0.00082779 -0.00189972 -0.00023365 -0.00183105 -0.00051880 -0.00127411 -0.00112152 0.00057602 -0.00084686 -0.00025558 -0.00097275 0.00085831 -0.00106049 -0.00013065 -0.00219727 -0.00101471 -0.00115967 0.00003982 -0.00242615 -0.00152588 0.00045967 -0.00173950 -0.00120544 -0.00328064 0.00047493 -0.00042152 0.00056458 0.00077438 -0.00077438 -0.00123596 0.00105286 -0.00173950 -0.00122833 -0.00014114 0.00027275 0.00028801 -0.00126648 -0.00026512 -0.00015831 -0.00083923 -0.00092316 0.00088882 0.00093842 -0.00225830 -0.00247192 -0.00160217 -0.00096130 -0.00188446 -0.00076675 -0.00013542 -0.00100708 -0.00100708 -0.00163269 0.00012779 -0.00104523 -0.00099945 -0.00017262 0.00040054 -0.00028229 -0.00150299 -0.00099182 -0.00079346 0.00036430 0.00113678 -0.00026512 -0.00212097 -0.00142670 -0.00172424 -0.00100708 -0.00069046 -0.00136566 -0.00181580 -0.00024796 -0.00145721 -0.00079346 -0.00028229 -0.00202942 0.00093079 -0.00241089 -0.00020313 -0.00068283 -0.00048637 -0.00183105 -0.00109100 -0.00009871 -0.00141144 -0.00135040 -0.00137329 -0.00161743 -0.00133514 -0.00129700 -0.00069427 0.00176239 -0.00136566 -0.00084686 0.00040817 -0.00112915 -0.00005364 -0.00042152 -0.00119019 0.00101471 -0.00002193 -0.00338745 -0.00149536 -0.00143433 -0.00002801 -0.00160980 -0.00183868 0.00094986 -0.00143433 -0.00040436 -0.00091934 0.00013161 -0.00035477 -0.00222778 -0.00091171 -0.00045204 -0.00015545 -0.00075150 -0.00199890 -0.00147247 -0.00038147 -0.00013065 -0.00055695 -0.00173950 -0.00083542 0.00033379 -0.00337219 -0.00225830 -0.00161743 0.00011539 -0.00160980 0.00025940 -0.00146484 -0.00016689 -0.00116730 -0.00215149 -0.00020313 -0.00131226 0.00118256 -0.00003290 -0.00102234 0.00011635 -0.00020409 0.00090027 -0.00072098 -0.00125122 -0.00078583 0.00051117 -0.00135040 -0.00018120 -0.00077057 -0.00128937 -0.00018597 -0.00182343 -0.00120544 -0.00015926 -0.00085449 -0.00087738 -0.00148773 0.00099182 -0.00041771 0.00033951 -0.00014877 0.00065231 -0.00098419 -0.00093079 -0.00105286 -0.00046539 -0.00050735 0.00106049 0.00029182 -0.00061798 -0.00029373 -0.00151825 -0.00177002 -0.00008011 -0.00024796 -0.00256348 0.00101471 -0.00170135 -0.00099945 -0.00085449 0.00003457 0.00099945 -0.00103760 0.00078583 0.00075150 -0.00110626 -0.00091171 -0.00234985 -0.00102997 -0.00213623 -0.00183105 -0.00137329 -0.00282288 0.00017166 -0.00180817 -0.00125885 -0.00118256 -0.00084686 0.00021172 -0.00074005 -0.00108337 -0.00094604 -0.00039673 -0.00141907 0.00149536 -0.00143433 -0.00080490 -0.00004959
0.00104523 -0.00286865 -0.00289917 -0.00378418 -0.00225830 -0.00375366 -0.00451660 -0.00244141 -0.00188446 -0.00165558 -0.00469971 -0.00228882 -0.00335693 -0.00299072 -0.00280762 -0.00454712 -0.00337219 -0.00396729 0.00013542 -0.00466919 -0.00224304 -0.00273132 -0.00164032 -0.00309753 -0.00187683 -0.00238037 -0.00427246 -0.00334167 -0.00045776 -0.00402832 -0.00270081 -0.00382996 -0.00405884 -0.00107574 -0.00170898 -0.00436401 -0.00236511 -0.00045204 -0.00094986 -0.00343323 -0.00141907 -0.00277710 -0.00297546 -0.00433350 -0.00300598 -0.00296021 -0.00182343 -0.00268555 -0.00500488 -0.00341797 -0.00224304 -0.00302124 -0.00183105 -0.00184631 -0.00360107 -0.00442505 0.00004196 -0.00415039 -0.00289917 -0.00282288 -0.00405884 -0.00442505 -0.00326538 -0.00430298 -0.00337219 -0.00125122 -0.00253296 -0.00323486 -0.00186157 0.00122070 0.00001705 -0.00233459 -0.00172424 -0.00241089 -0.00193787 -0.00267029 -0.00109863 -0.00331116 -0.00482178 -0.00265503 -0.00222778 -0.00166321 -0.00040627 -0.00418091 -0.00250244 -0.00035858 0.00037193 -0.00402832 -0.00312805 -0.00389099 -0.00430298 -0.00273132 -0.00350952 -0.00320435 -0.00421143 -0.00430298 -0.00500488 -0.00346375 -0.00439453 -0.00247192 -0.00451660 -0.00451660 0.00098419 -0.00221252 -0.00128174 -0.00189209 -0.00085831 -0.00370789 -0.00009727 -0.00364685 -0.00189209 -0.00320435 -0.00317383 -0.00349426 -0.00451660 -0.00183105 -0.00167847 -0.00347900 -0.00289917 -0.00193024 -0.00037575 -0.00274658 -0.00260925 -0.00257874 -0.00219727 -0.00280762 -0.00454712 -0.00445557 -0.00198364 -0.00473022 -0.00476074 -0.00212097 -0.00018311 -0.00179291 -0.00302124 -0.00291443 -0.00320435 0.00026131 -0.00364685 -0.00326538 -0.00463867 0.00096512 -0.00442505 0.00036621 0.00038910 -0.00355530 -0.00405884 -0.00466919 -0.00238037 -0.00369263 -0.00128174 -0.00328064 -0.00367737 0.00040245 -0.00399780 -0.00245667 -0.00360107 -0.00273132 0.00107574 -0.00291443 -0.00382996 -0.00247192 -0.00460815 -0.00267029 -0.00257874 -0.00234985 -0.00390625 -0.00081635 -0.00213623 -0.00314331 -0.00292969 0.00049973 -0.00436401 -0.00494385 -0.00296021 -0.00338745 -0.00457764 -0.00321960 -0.00280762 -0.00442505 -0.00300598 -0.00343323 -0.00469971 -0.00366211 -0.00448608 -0.00479126 -0.00263977 -0.00347900 -0.00421143 -0.00176239 -0.00402832 -0.00006914 -0.00396729 -0.00177765 -0.00245667 -0.00010824 -0.00303650 -0.00257874 -0.00184631 -0.00337219 -0.00297546 -0.00355530 -0.00041389 -0.00259399 -0.00309753 -0.00294495 -0.00201416 -0.00457764 -0.00276184 0.00085831 0.00108337 -0.00415039 -0.00291443 -0.00060272 -0.00373840 -0.00376892 -0.00011253 -0.00408936 -0.00349426 -0.00257874 -0.00340271 -0.00424194 -0.00305176 -0.00199890 -0.00039101 -0.00454712 -0.00032616 0.00098419 -0.00247192 -0.00271606 -0.00176239 -0.00381470 -0.00366211 -0.00202942 -0.00159454 -0.00296021 -0.00466919 -0.00463867 -0.00369263 -0.00500488 -0.00302124 -0.00329590 -0.00215149 0.00003958 -0.00271606 -0.00317383 -0.00033379 -0.00115967 -0.00274658 -0.00201416 -0.00402832 -0.00476074 0.00001705 -0.00271606 -0.00372314 -0.00469971
-0.00007868 -0.10839844 -0.03637695 0.23828125 0.28320312 -0.26171875 -0.22167969 -0.00518799 -0.09716797 -0.19433594 0.13476562 -0.09960938 0.01220703 0.01953125 -0.04125977 0.06933594 -0.09033203 -0.01495361 -0.00065613 0.26367188 0.00323486 -0.10253906 -0.00061417 0.00476074 -0.13867188 0.12500000 0.08300781 0.09667969 -0.00090408 0.01953125 -0.26757812 -0.03222656 0.13671875 -0.00071716 0.00064468 0.06787109 0.02893066 0.00100708 -0.00001228 0.05761719 0.00116730 0.01226807 0.13769531 0.06640625 0.10351562 0.11914062 0.01782227 -0.20703125 -0.26171875 0.14160156 0.01098633 -0.03857422 0.17871094 -0.41015625 -0.11669922 0.07275391 -0.00069427 0.04736328 0.07714844 -0.00308228 0.09765625 0.11083984 0.04980469 0.10009766 -0.29882812 -0.05786133 -0.09277344 -0.14160156 0.07519531 -0.00152588 -0.00082779 -0.03247070 -0.00103760 -0.02905273 -0.08886719 -0.08154297 -0.00041580 -0.10205078 0.20898438 -0.36328125 -0.28125000 -0.00039482 -0.00129700 -0.05175781 0.02941895 -0.00085831 0.00107574 0.12792969 -0.09228516 0.01318359 -0.18164062 0.35351562 -0.19433594 0.09326172 0.12695312 0.10888672 -0.10205078 0.09179688 -0.35742188 0.10742188 -0.27148438 0.16406250 0.00044250 -0.00741577 -0.04418945 -0.15429688 -0.00132751 -0.29492188 0.00063324 0.09179688 -0.08398438 -0.09814453 -0.14746094 0.23535156 -0.01892090 -0.02160645 0.13476562 -0.00747681 0.08447266 -0.14453125 -0.00231934 0.12402344 0.14843750 -0.10595703 0.07324219 0.02966309 -0.11767578 0.19335938 0.01684570 -0.11230469 -0.41601562 0.00952148 0.00015736 -0.08300781 -0.07080078 -0.03588867 0.11181641 0.00045013 0.25000000 -0.02148438 0.04565430 -0.00170135 0.04809570 -0.00118256 -0.00007296 -0.40234375 0.16796875 0.02868652 -0.59375000 -0.01519775 -0.02929688 0.60937500 -0.04028320 -0.00131989 -0.00793457 -0.08837891 -0.22265625 -0.03833008 -0.00092697 0.01635742 0.08740234 0.02990723 -0.07226562 0.11376953 -0.29687500 -0.26757812 0.05957031 -0.00027084 0.05786133 -0.49414062 -0.08154297 0.00097656 -0.06542969 -0.05395508 0.05004883 -0.07275391 0.02685547 -0.05297852 -0.30468750 -0.02136230 -0.12451172 -0.14062500 -0.13378906 0.08886719 0.14941406 0.08349609 -0.01855469 0.07861328 -0.01953125 0.00031090 -0.04809570 0.00174713 -0.02832031 -0.00087357 0.11572266 -0.00073242 -0.15722656 0.12792969 0.08935547 -0.06250000 -0.03369141 -0.01916504 -0.00222778 0.24707031 -0.02343750 0.10546875 0.23535156 -0.13964844 -0.04321289 -0.00193024 -0.00180817 -0.15039062 -0.16503906 -0.00150299 0.10205078 -0.05444336 0.00137329 0.07470703 -0.04321289 0.36328125 -0.07470703 -0.15527344 -0.18164062 0.37109375 0.00023746 0.08740234 -0.00081253 -0.00023079 0.40820312 0.19238281 -0.00008488 -0.15625000 0.10595703 -0.14257812 -0.30468750 -0.37304688 0.10986328 0.02905273 0.06347656 0.33007812 0.06542969 -0.00096893 0.28710938 -0.00035095 -0.07666016 0.08056641 0.00072098 -0.00155640 -0.06982422 0.01708984 0.00315857 -0.05151367 -0.00075531 0.09277344 0.08349609 -0.12353516
-0.00040245 0.17089844 -0.15722656 -0.07568359 0.11718750 0.04541016 0.14843750 0.25390625 0.11181641 -0.00982666 -0.10351562 -0.09570312 0.17382812 0.20605469 -0.02014160 -0.06225586 0.11474609 0.00302124 0.00178528 -0.03808594 0.02136230 0.13671875 -0.00061798 -0.20214844 0.17382812 0.06787109 0.07763672 -0.31835938 -0.00120544 -0.03613281 0.09521484 0.16992188 -0.01232910 0.00142670 0.00050354 -0.07519531 -0.00866699 -0.00085831 -0.00097656 -0.14453125 -0.00083923 0.00531006 -0.04687500 0.04931641 0.01495361 -0.06445312 -0.07421875 0.04589844 -0.10009766 0.01116943 0.00363159 0.01434326 -0.03833008 0.18750000 0.12500000 -0.01214600 0.00042915 -0.00476074 -0.04052734 -0.02209473 0.00402832 0.01257324 0.02246094 0.03759766 0.08740234 -0.05566406 -0.06030273 -0.02172852 -0.27929688 0.00097275 0.00065994 0.03112793 -0.00093842 0.07568359 -0.03686523 0.12011719 0.00151825 0.05737305 0.07031250 0.16796875 0.12890625 -0.00037384 -0.00186157 0.03149414 0.06933594 -0.00117493 -0.00107574 -0.46679688 0.14160156 0.01586914 -0.08398438 -0.21093750 -0.17675781 -0.03442383 0.02416992 -0.09082031 -0.01232910 0.08105469 -0.27734375 0.04516602 0.01379395 -0.02844238 0.00061798 -0.04516602 0.06079102 0.07666016 -0.00021839 -0.01251221 0.00121307 -0.20898438 -0.00531006 -0.24218750 0.03881836 0.02880859 -0.00482178 0.20507812 -0.01672363 0.01159668 -0.06079102 0.17382812 0.00037384 -0.03442383 -0.00172424 0.03906250 -0.01324463 0.13671875 0.12695312 0.03808594 -0.02661133 -0.02917480 -0.58203125 0.02282715 -0.00049591 0.08740234 -0.06396484 -0.13281250 -0.05541992 0.00141144 -0.04028320 0.06982422 -0.02038574 -0.00080490 0.03320312 -0.00043488 -0.00010777 0.20800781 -0.16894531 -0.01507568 -0.32812500 0.14648438 0.10009766 -0.06298828 0.11132812 -0.00106812 -0.04467773 0.21582031 -0.15625000 0.21875000 0.00166321 -0.07812500 -0.02209473 -0.00793457 -0.06738281 -0.09326172 -0.10009766 0.10546875 0.00720215 -0.00156403 -0.12988281 0.17480469 -0.02416992 0.00057983 0.11328125 0.04101562 0.01385498 0.18359375 0.02673340 -0.05200195 0.28515625 -0.09033203 0.10937500 0.08837891 -0.07568359 -0.03686523 -0.07177734 -0.03540039 0.00338745 0.13476562 0.04736328 0.00049591 -0.01342773 0.00024796 0.00622559 -0.00097656 0.00136566 0.00074005 -0.30078125 0.10986328 -0.02539062 -0.04077148 -0.67968750 -0.01953125 -0.00193024 -0.04077148 -0.01531982 -0.05615234 0.02075195 0.08691406 0.05541992 0.00320435 -0.00151062 0.22265625 0.09472656 0.00054550 -0.07031250 -0.00830078 -0.00034142 0.03063965 -0.14941406 -0.02636719 0.03051758 0.12500000 0.02917480 -0.17382812 0.00072861 0.02502441 0.00021935 0.00103760 -0.11914062 -0.11865234 -0.00042152 0.06933594 0.03588867 -0.02038574 0.13378906 0.00141907 -0.00218201 0.00601196 0.00034714 -0.08007812 0.03247070 0.11376953 -0.29687500 0.00069046 0.18164062 0.09228516 -0.00036812 -0.00086594 0.01000977 0.01245117 0.05200195 -0.03784180 0.00151062 0.03881836 0.03442383 0.04125977
0.00182343 0.00060272 -0.03002930 -0.00717163 0.06933594 -0.01483154 0.05517578 -0.01428223 -0.03088379 0.02893066 -0.06396484 0.06591797 -0.11669922 -0.07958984 0.11132812 0.13769531 -0.18359375 -0.17480469 -0.00091171 0.04467773 0.00714111 -0.00546265 -0.00119019 -0.14062500 -0.03222656 -0.00358582 -0.05200195 -0.05786133 -0.00108337 -0.04492188 0.11669922 0.03198242 -0.14843750 0.00146484 0.00164795 0.00582886 0.19433594 -0.00112915 -0.00073624 -0.02221680 0.00032616 -0.75390625 0.04833984 0.01422119 0.00588989 -0.08593750 -1.11718750 0.01391602 -0.04321289 0.03063965 0.03271484 -0.03002930 0.40429688 0.10595703 -0.01831055 0.00704956 0.00183868 0.07568359 -0.07373047 0.20800781 -0.13476562 -0.08007812 0.05981445 0.07080078 0.24218750 -0.05664062 -0.00037766 0.09716797 -0.28710938 -0.00077057 0.00164032 0.01519775 0.00125122 0.11083984 0.08203125 -0.30273438 -0.00047493 -0.04125977 -0.01147461 0.07958984 -0.03417969 0.00100708 -0.00005150 0.26171875 -0.09521484 -0.00268555 -0.00113678 -0.04296875 -0.06787109 -0.11376953 0.05175781 -0.11328125 -0.00747681 0.08544922 0.03466797 0.22363281 0.15039062 -0.06445312 0.25390625 -1.53906250 0.17675781 0.07128906 0.00126648 0.19921875 0.03515625 0.14062500 -0.00056076 0.22558594 -0.00056839 0.18359375 0.33203125 -0.07910156 -0.01879883 0.11035156 -0.18457031 -0.11083984 0.34179688 -0.03417969 -0.04516602 -0.07031250 -0.00085449 0.05468750 0.02783203 0.02392578 -0.33007812 0.18457031 -0.18457031 -0.04711914 0.11523438 -0.02294922 -0.03002930 0.46093750 0.00102997 0.08984375 0.20605469 -0.29492188 -0.16601562 0.00032997 -0.07568359 -0.30859375 -0.62500000 -0.00088120 0.02270508 0.00075912 -0.00081635 -0.07177734 -0.12597656 0.36328125 0.06054688 -0.07470703 0.04321289 0.19824219 -0.06689453 0.00043106 -0.59765625 -0.02709961 -0.02648926 -0.01531982 0.00164795 0.33203125 0.19042969 0.33398438 0.49218750 -0.03063965 -0.05688477 0.04028320 -0.33203125 0.00099182 0.30273438 0.01220703 -0.52734375 -0.00122070 0.03076172 0.05590820 -0.07861328 -0.04809570 -0.06030273 -0.42578125 -0.13476562 0.02563477 0.03710938 -0.21484375 -0.04565430 -0.18359375 0.13769531 -0.03039551 -0.13476562 -0.30273438 -0.27148438 0.00094604 0.45703125 0.00156403 -0.56640625 0.00121307 0.08007812 -0.00044250 -0.03588867 0.08398438 -0.38085938 -0.19531250 -0.04956055 0.14746094 -0.00180054 -0.31250000 -0.07275391 0.01544189 -0.08886719 -0.12255859 0.03417969 0.00251770 0.00130463 -0.09521484 0.00175476 -0.00005412 -0.07226562 -0.03833008 -0.00038147 0.04370117 0.04492188 0.03955078 -0.22070312 0.00463867 -0.01794434 -0.16699219 0.00080872 0.00253296 0.00154877 -0.00049973 -0.11083984 0.25195312 -0.00093079 -0.22851562 -0.12597656 0.05834961 -0.10888672 0.08398438 0.01007080 -0.01409912 0.12402344 0.01226807 -0.09375000 0.03369141 0.23535156 0.00147247 -0.06982422 0.05786133 0.00119019 -0.00063705 0.29882812 0.28125000 0.14550781 -0.48632812 0.00004172 0.04541016 0.56640625 -0.05468750
-0.00024605 -0.03173828 -0.04345703 -0.01892090 0.00148010 -0.03808594 -0.04370117 -0.02978516 -0.03271484 -0.03442383 -0.04003906 -0.03857422 -0.03442383 -0.02966309 -0.02465820 0.00628662 -0.04077148 -0.03369141 -0.00165558 -0.03808594 -0.03564453 -0.03344727 -0.00124359 -0.03247070 -0.02185059 -0.03735352 -0.00192261 0.00068665 -0.00093842 -0.04296875 0.00781250 -0.02929688 -0.04296875 -0.00030518 0.00021362 -0.02844238 -0.03686523 0.00065613 0.00074768 0.05664062 -0.00157166 -0.01220703 -0.03735352 -0.03515625 -0.03198242 0.02307129 -0.01965332 -0.02624512 -0.00781250 -0.03393555 -0.04223633 0.03808594 -0.03002930 -0.03930664 -0.03222656 -0.04614258 0.00097656 -0.01062012 0.01123047 0.00256348 -0.02355957 -0.04809570 -0.03759766 -0.03442383 -0.01721191 0.00083160 0.01525879 -0.04272461 -0.01586914 -0.00094223 -0.00092316 -0.02282715 0.00119019 -0.04272461 -0.01916504 -0.03369141 -0.00056076 -0.03320312 0.02758789 -0.02600098 -0.03222656 -0.00080872 0.00104523 -0.04589844 -0.03173828 -0.00052261 0.00060654 -0.01733398 -0.03637695 -0.04516602 -0.03027344 0.00970459 0.00592041 -0.02868652 -0.05297852 -0.03173828 -0.03613281 -0.03833008 -0.02258301 -0.04858398 -0.04687500 -0.03002930 0.00018692 -0.04614258 -0.01501465 -0.04077148 -0.00001329 -0.04296875 0.00051498 -0.03369141 -0.02526855 -0.04516602 -0.02978516 -0.01953125 -0.03857422 -0.03088379 -0.03662109 -0.04321289 -0.04101562 -0.03369141 0.00050735 -0.03613281 -0.03491211 -0.02832031 -0.02355957 -0.01977539 -0.01623535 -0.04150391 -0.03588867 -0.00927734 -0.03759766 -0.03198242 -0.00115967 -0.03564453 0.01342773 0.02648926 -0.02624512 -0.00072098 -0.04541016 -0.03808594 -0.02038574 0.00091171 -0.03417969 -0.00106049 -0.00049973 -0.01794434 -0.03320312 -0.03063965 -0.02575684 -0.02905273 -0.02819824 -0.02404785 -0.03393555 -0.00115967 -0.03784180 -0.02526855 -0.01696777 -0.02648926 0.00090790 -0.02111816 -0.05102539 0.04394531 -0.02868652 -0.03088379 0.00069046 -0.04711914 0.02856445 0.00038910 -0.00946045 -0.02636719 -0.02160645 -0.00106812 -0.03393555 -0.03515625 -0.02673340 -0.03125000 -0.01623535 -0.03662109 -0.02502441 -0.03344727 -0.03271484 -0.04248047 -0.03295898 0.03735352 -0.00579834 -0.03881836 -0.03979492 -0.03442383 -0.04101562 -0.00148773 -0.03088379 -0.00051880 -0.03540039 -0.00038147 -0.01953125 0.00010252 -0.04370117 -0.01361084 -0.04833984 -0.04248047 -0.04370117 -0.02172852 -0.00138855 -0.03759766 -0.03906250 -0.02587891 -0.01422119 -0.02575684 -0.02502441 0.00064087 -0.00093460 -0.02929688 -0.00952148 -0.00028801 -0.04101562 -0.03222656 -0.00080490 -0.01989746 -0.00970459 -0.02734375 -0.02136230 -0.04418945 -0.02441406 -0.02209473 -0.00121307 -0.04638672 0.00114441 -0.00099945 -0.01843262 -0.02258301 -0.00048447 0.00592041 -0.04589844 0.04541016 -0.03320312 -0.02441406 -0.02807617 -0.04565430 -0.03686523 -0.02807617 -0.00196838 -0.02770996 -0.02099609 -0.00113678 -0.05761719 -0.02221680 0.00099945 0.00099182 -0.03637695 -0.01391602 -0.01361084 -0.02868652 0.00078201 -0.03637695 -0.03735352 -0.04760742
0.00032997 -0.05053711 0.01831055 0.12890625 0.72656250 -0.08935547 -0.11718750 -0.01513672 -0.03710938 -0.29492188 -0.16406250 -0.31640625 -0.02624512 -0.06542969 -0.43945312 -0.23437500 -0.22265625 0.04736328 -0.00037003 0.19531250 -0.01977539 -0.09960938 0.00026894 -0.25000000 -0.01306152 -0.05224609 -0.30273438 0.08935547 -0.00057602 0.00283813 -0.18652344 -0.09423828 0.03198242 0.00166321 -0.00097275 0.03613281 0.09033203 0.00056839 -0.00131989 -0.42578125 -0.00122070 0.00891113 0.03173828 0.03344727 0.09472656 -0.09814453 -0.05981445 -0.01037598 0.03393555 -0.03198242 0.05761719 -0.01879883 -0.19335938 -0.14843750 -0.12695312 0.11328125 -0.00037193 -0.00376892 -0.38476562 -0.02136230 0.09521484 0.04541016 -0.01287842 0.12792969 0.24609375 0.05688477 -0.02966309 0.04614258 -0.13183594 -0.00025368 -0.00056839 -0.23535156 0.00071335 0.01049805 -0.03271484 -0.29101562 0.00172424 -0.12890625 -0.02795410 -0.17773438 -0.20117188 0.00228882 -0.00148773 0.06250000 -0.09667969 -0.00279236 0.00088882 -0.18066406 -0.05297852 -0.05395508 0.13183594 -0.07519531 0.46679688 0.08251953 -0.04003906 0.13574219 -0.04272461 -0.11523438 0.00717163 -0.00970459 -0.08300781 0.19921875 -0.00028419 -0.21093750 0.15917969 -0.00604248 0.00151062 -0.06347656 -0.00139618 -0.10009766 0.12451172 -0.06738281 -0.15234375 0.04736328 -0.00878906 -0.10595703 0.05883789 0.05322266 0.00148010 -0.11328125 -0.00007248 0.07177734 0.08837891 0.00427246 0.26757812 0.04882812 -0.12158203 -0.01965332 0.21484375 -0.17871094 -0.36914062 -0.09130859 -0.00029755 0.02795410 -0.08837891 -0.49023438 0.03149414 0.00072861 -0.07812500 -0.12158203 0.00463867 0.00135803 0.05126953 -0.00033951 -0.00074768 -0.06542969 0.20996094 0.03271484 0.15820312 -0.08251953 -0.06494141 -0.14257812 -0.13671875 0.00044060 -0.11865234 -0.15039062 -0.12207031 -0.12402344 0.00109863 0.08886719 -0.33593750 0.00769043 -0.08398438 0.25781250 0.03247070 0.02087402 0.11767578 0.00015736 -0.09130859 -0.22558594 0.20410156 -0.00151062 -0.07128906 -0.02490234 0.19140625 -0.05078125 0.03955078 0.16308594 -0.23339844 -0.02270508 -0.01184082 -0.04345703 0.09228516 0.04931641 0.20996094 0.00769043 0.01043701 0.04443359 0.14453125 -0.00037766 -0.01214600 -0.00126648 -0.01116943 0.00009203 0.04345703 0.00021076 -0.25390625 0.04809570 -0.31445312 0.02966309 -0.00115204 0.03784180 -0.00080490 -0.03015137 0.05737305 0.13867188 0.00497437 0.10205078 0.00933838 0.00064850 -0.00013638 -0.11718750 0.13085938 -0.00119781 0.26953125 0.19042969 -0.00023174 0.04638672 0.04199219 0.44921875 -0.00135803 -0.09033203 -0.11279297 0.00518799 0.00009203 -0.15136719 0.00186157 0.00178528 -0.03686523 -0.08251953 0.00160217 -0.04980469 0.02429199 -0.11523438 -0.00860596 -0.14550781 0.10156250 -0.00872803 -0.03076172 0.48828125 -0.20214844 -0.15039062 0.08349609 -0.00013733 -0.13476562 0.09765625 -0.00135803 -0.00131989 -0.04003906 -0.07519531 0.18847656 0.04003906 -0.00068665 0.05078125 -0.01916504 -0.12060547
0.00002277 0.07421875 -0.04541016 0.16210938 0.24511719 -0.04052734 -0.04101562 0.17773438 0.18847656 -0.05688477 -0.06591797 0.07177734 0.20019531 0.24707031 0.01013184 -0.03320312 -0.21093750 -0.00512695 0.00075531 -0.03784180 0.17675781 0.23437500 -0.00098419 -0.14062500 0.06152344 -0.06933594 -0.06445312 0.04199219 -0.00102234 -0.01452637 0.02575684 0.09179688 -0.08300781 0.00182343 -0.00054550 0.15722656 0.09277344 -0.00003016 -0.00067520 -0.04663086 0.00121307 0.07080078 -0.03063965 -0.17675781 -0.10937500 -0.10400391 -0.03271484 0.07080078 -0.14648438 0.11669922 -0.04980469 -0.03063965 -0.04589844 0.05004883 -0.05517578 -0.31640625 -0.00011873 -0.01147461 0.00204468 0.05371094 0.03906250 0.04125977 -0.01489258 -0.10449219 0.04711914 0.05737305 0.00222778 -0.16406250 0.05053711 -0.00110626 0.00053024 0.05932617 -0.00018787 0.15722656 -0.10693359 -0.03173828 -0.00030327 0.17480469 0.06347656 0.08691406 0.31835938 -0.00066376 -0.00057983 -0.13378906 0.22167969 -0.00155640 -0.00166321 0.09179688 0.14160156 0.00573730 0.16113281 -0.57421875 -0.53125000 0.18554688 0.13281250 -0.29296875 -0.03222656 -0.01953125 0.15527344 0.08251953 -0.18261719 0.10742188 -0.00132751 -0.04199219 -0.33007812 0.22265625 -0.00267029 -0.17285156 0.00045204 -0.12451172 0.01867676 -0.09863281 0.22167969 0.11865234 -0.04150391 0.20996094 -0.03247070 -0.00473022 0.09228516 0.44921875 0.00136566 -0.22851562 -0.12695312 0.03808594 0.05419922 0.14355469 -0.07812500 0.06225586 -0.08740234 -0.06884766 -0.11328125 -0.00738525 0.00067902 -0.00793457 -0.13183594 -0.08105469 0.10498047 -0.00040054 -0.00909424 -0.26171875 -0.00512695 0.00115204 0.03125000 0.00002682 0.00043488 0.17871094 0.18066406 -0.02575684 -0.35937500 0.18652344 0.29492188 0.17285156 0.27148438 -0.00119019 0.06445312 0.27929688 0.06640625 0.14355469 0.00082779 0.06591797 -0.03540039 -0.00787354 -0.05908203 0.01531982 -0.15429688 -0.23730469 -0.04956055 -0.00029182 -0.10107422 0.38671875 -0.14453125 0.00072861 -0.00119781 0.22265625 0.08984375 0.22656250 0.00885010 0.00842285 -0.29882812 -0.15234375 0.16113281 0.28710938 -0.07861328 0.20019531 0.00247192 -0.13867188 0.01068115 0.21875000 0.09570312 0.00096130 -0.03979492 -0.00044060 0.00159454 0.00030327 -0.04467773 0.00126648 -0.20703125 0.20898438 -0.03442383 0.02185059 -0.06884766 -0.03613281 -0.00038338 -0.19628906 -0.03930664 0.16113281 -0.04614258 0.05078125 0.14257812 -0.00053024 -0.00081635 0.15722656 -0.16796875 0.00116730 -0.00144958 0.05053711 0.00000918 0.06250000 0.04028320 -0.17480469 0.07324219 0.24023438 0.08544922 -0.58203125 0.00120544 0.04394531 -0.00075150 0.00051498 0.18554688 0.01263428 -0.00047874 0.04882812 -0.02392578 0.25781250 -0.21093750 -0.20898438 -0.08544922 -0.01757812 -0.01855469 -0.24902344 -0.04565430 0.12158203 0.19238281 0.00043678 -0.02734375 -0.08300781 -0.00140381 -0.00136566 0.05102539 -0.02331543 0.10449219 -0.00088120 0.00094986 -0.12060547 0.00074005 0.01806641
0.00041771 0.08349609 0.09179688 -0.05786133 0.13183594 0.07617188 0.08447266 0.10839844 0.05322266 0.12597656 0.17382812 0.02636719 0.04467773 0.07080078 -0.04541016 0.10107422 0.00958252 -0.07031250 -0.00096130 0.13574219 0.12597656 0.06542969 -0.00001258 -0.02294922 0.12695312 0.21093750 -0.16796875 -0.09960938 0.00128937 0.07128906 -0.20800781 0.04882812 0.07031250 -0.00087357 -0.00068665 0.10400391 0.11181641 -0.00078583 0.00102234 -0.15917969 -0.00017262 0.01458740 0.15527344 -0.02636719 -0.11279297 0.04345703 0.08691406 0.06176758 -0.00280762 0.00503540 0.03515625 0.03906250 -0.01013184 0.04101562 0.01904297 -0.20019531 -0.00101471 0.00469971 0.01745605 -0.19238281 0.10351562 0.04467773 0.07714844 -0.14355469 -0.30859375 0.05615234 0.04199219 0.04248047 -0.04443359 0.00078583 0.00012779 0.05688477 0.00029564 0.13281250 0.14160156 0.02026367 0.00204468 0.01226807 0.00921631 0.13183594 0.07080078 0.00032043 0.00082016 0.12890625 0.03271484 -0.00176239 -0.00083542 -0.10253906 0.07324219 0.09912109 0.12402344 -0.28710938 0.15332031 0.16113281 0.06445312 -0.14160156 0.15917969 0.11328125 -0.10937500 -0.08349609 0.14062500 0.00034332 0.00028229 0.02087402 -0.01013184 0.14648438 0.00116730 -0.04418945 -0.00045395 -0.14648438 0.15234375 -0.22949219 0.11865234 0.02099609 -0.08349609 0.06640625 0.08154297 0.08691406 0.00671387 0.17089844 0.00025940 -0.08398438 -0.14160156 0.07128906 0.03857422 -0.00866699 -0.03588867 0.03149414 0.12597656 0.14062500 0.22851562 -0.09765625 -0.00010967 0.11865234 0.11083984 -0.04492188 0.05322266 0.00134277 0.04077148 -0.05322266 0.06347656 0.00064850 -0.12988281 0.00162506 -0.00104523 0.17871094 -0.00561523 0.10644531 0.15625000 0.07861328 0.07324219 -0.18457031 0.06933594 0.00078964 -0.07568359 0.10693359 -0.01965332 0.04248047 0.00044250 0.07470703 0.03710938 -0.06054688 -0.11083984 0.14843750 0.06079102 0.02282715 0.03930664 -0.00043106 0.08203125 0.12890625 -0.07470703 0.00129700 0.25585938 -0.06201172 0.11083984 0.06250000 -0.15820312 -0.11669922 -0.14453125 -0.30468750 0.06494141 0.13085938 -0.11865234 0.04833984 0.06396484 -0.23144531 0.03881836 0.05883789 0.06494141 0.00065613 -0.06005859 -0.00026131 -0.00607300 0.00091553 -0.14648438 -0.00115967 -0.14648438 0.07519531 0.03540039 0.04418945 -0.02246094 -0.10253906 -0.00104523 -0.05029297 0.12792969 -0.10449219 -0.03637695 0.08105469 -0.14843750 -0.00034523 0.00065994 0.08691406 0.02868652 -0.00098419 0.10888672 0.02392578 -0.00036049 -0.01708984 0.01507568 -0.14843750 0.02148438 0.07324219 0.05493164 -0.27148438 0.00027847 0.09960938 -0.00037766 0.00089645 -0.09716797 0.00558472 -0.00017834 -0.25781250 -0.01043701 0.11816406 0.00184631 0.19042969 -0.15039062 0.07958984 -0.03222656 -0.15820312 0.13671875 0.01892090 -0.06152344 0.00020695 -0.01647949 -0.10839844 -0.00028229 -0.00062561 0.06884766 0.07617188 -0.02941895 0.05053711 -0.00097275 -0.04003906 -0.02246094 0.05102539
0.00082397 0.25390625 0.07568359 0.12792969 -0.28320312 0.04565430 0.05078125 0.21386719 0.25390625 -0.12597656 -0.06152344 0.18359375 0.05224609 0.17968750 0.21875000 -0.61328125 -0.00010824 0.19433594 -0.00014973 -0.87500000 0.23730469 0.18652344 -0.00022888 -0.04931641 0.26757812 -1.20312500 -0.35351562 0.02917480 -0.00059891 -0.51953125 0.09326172 0.07910156 0.02014160 0.00060654 -0.00078964 -0.18261719 -0.12695312 -0.00086212 -0.00180054 0.09521484 -0.00022793 -0.36132812 -0.73437500 -0.03979492 0.02343750 0.00276184 0.22265625 0.10449219 -0.07861328 -0.16699219 -0.04394531 -0.60937500 -0.30664062 0.14746094 -0.10107422 0.13378906 0.00008821 0.03515625 -0.20898438 -0.23632812 0.09228516 0.00994873 -0.00402832 0.00512695 0.03076172 -0.05810547 0.14550781 -0.04809570 0.00239563 0.00153351 0.00174713 0.07910156 -0.00023460 0.18847656 -0.02014160 0.18847656 0.00183105 0.20019531 -0.21093750 0.09423828 0.16113281 -0.00093460 0.00069046 0.00994873 0.12792969 -0.00302124 0.00089264 0.07275391 0.17675781 -0.05737305 0.14648438 -0.27734375 0.17578125 -0.11279297 -0.09423828 -0.04541016 0.14062500 -0.96875000 -0.14355469 -0.26367188 -0.07031250 -0.51953125 0.00154877 -0.19140625 0.20214844 -0.12109375 0.00015926 0.04882812 -0.00033188 -0.63281250 0.06787109 -0.00622559 0.25585938 -0.12207031 0.21875000 0.00311279 -0.27734375 0.13769531 0.02868652 0.16503906 0.00138092 -0.01892090 0.06689453 0.02075195 -0.19531250 -0.50000000 0.11035156 -0.06982422 -0.39648438 -0.33984375 0.11621094 0.20117188 -0.00035667 0.10644531 0.06176758 -0.46093750 0.10058594 0.00074768 -0.25976562 -0.00063705 -0.58984375 0.00007200 -0.08935547 0.00148773 -0.00017452 0.21191406 -0.31640625 0.20117188 0.41406250 0.09814453 0.08398438 -0.72656250 0.13574219 -0.00095367 -0.10205078 -0.01904297 0.04785156 0.10253906 -0.00000105 -0.01232910 -0.05346680 0.09082031 0.27343750 -0.38867188 0.12792969 0.08496094 -0.55078125 0.00039864 -0.12695312 0.10205078 -0.09277344 0.00137329 -0.86718750 0.31054688 0.35546875 0.07910156 0.24804688 -0.26171875 -0.03271484 -0.20507812 0.23730469 0.05053711 0.22363281 -0.36328125 -0.16503906 -0.15527344 -1.10937500 0.02978516 -0.42773438 -0.00010777 0.11376953 -0.00059891 0.46679688 0.00109100 0.02893066 -0.00080109 -0.07031250 -0.01257324 -0.32421875 0.34765625 0.03637695 0.16503906 -0.00115204 0.36718750 -0.32617188 0.04199219 0.01391602 0.33398438 -0.16210938 0.00297546 0.00029182 0.10986328 -0.07470703 0.00091934 -0.57421875 0.11328125 -0.00065231 -0.00000596 -0.11718750 -0.20117188 0.21386719 0.06640625 0.13183594 -0.17187500 0.00091553 -0.42773438 0.00069427 0.00102234 -0.58203125 -0.06689453 0.00081253 0.28320312 0.08447266 0.06982422 0.06225586 -0.07275391 0.01538086 0.10791016 0.37500000 -0.17578125 -0.33398438 0.24121094 -0.13378906 0.00092316 -0.00213623 -0.01892090 0.00096130 -0.00088882 -0.05761719 -0.44726562 -0.09521484 0.12988281 -0.00033951 -0.04541016 0.01519775 0.03906250
0.00083542 0.07421875 0.03686523 0.11132812 -0.09716797 0.05297852 0.05151367 0.13281250 0.13964844 0.08105469 0.06054688 0.02343750 0.18457031 0.17871094 0.06347656 0.06347656 0.01818848 0.02270508 -0.00119781 0.01892090 0.08837891 0.09863281 -0.00129700 0.12109375 0.08642578 0.02551270 -0.01507568 0.10937500 -0.00020123 0.05566406 0.00686646 0.11083984 0.06738281 -0.00037575 -0.00100708 0.06640625 0.08056641 -0.00096130 0.00077438 0.01855469 0.00055313 0.02929688 0.02209473 0.22558594 0.15039062 0.05859375 0.04052734 0.05371094 0.03173828 0.05517578 0.05590820 0.02014160 0.08007812 0.01293945 0.05541992 0.13574219 -0.00038719 0.01080322 0.05249023 0.02661133 0.20898438 0.07275391 0.03808594 0.20214844 0.01446533 0.05883789 0.06835938 0.06982422 0.06835938 -0.00119781 0.00094604 -0.02185059 -0.00017357 0.05102539 0.04516602 -0.03112793 0.00001061 0.09570312 0.06079102 0.07910156 0.05444336 -0.00077057 -0.00005770 0.03735352 0.16113281 -0.00300598 0.00064468 0.15332031 0.13769531 0.05151367 0.04296875 0.07568359 0.09326172 0.06835938 0.07910156 0.16113281 0.08007812 0.01672363 0.10449219 -0.01208496 0.07519531 0.00607300 0.00096512 0.08691406 -0.00004101 0.05834961 -0.00128174 0.02136230 0.00086975 0.14746094 0.06542969 0.03955078 0.06250000 0.08398438 0.01556396 0.15820312 0.06640625 0.02453613 0.04541016 0.08789062 -0.00053024 0.23828125 0.21386719 0.04272461 0.00769043 0.02966309 0.01409912 0.05688477 0.03491211 0.06445312 0.05297852 -0.00805664 -0.00112915 0.06347656 0.06298828 0.07324219 0.06884766 -0.00138092 0.04541016 -0.00405884 0.02832031 -0.00050735 0.02343750 0.00074387 0.00019073 0.07373047 0.10058594 0.05590820 -0.19824219 0.17968750 0.05615234 0.05395508 0.15722656 0.00056839 0.00982666 0.08789062 0.03320312 0.09960938 0.00120544 0.05273438 0.04150391 0.00646973 0.03540039 0.06298828 0.04028320 0.06787109 0.01141357 -0.00007343 0.05151367 0.07031250 0.05126953 -0.00058365 0.05053711 0.17480469 0.07470703 0.17089844 0.06176758 0.04687500 0.10009766 0.16894531 0.12695312 0.07812500 0.14062500 0.08447266 0.01556396 0.02526855 0.03039551 0.06494141 0.01269531 -0.00041389 -0.02343750 0.00028038 0.03613281 0.00169373 0.12011719 0.00079346 0.02465820 0.07470703 0.05371094 0.03088379 0.11376953 0.02160645 -0.00061035 0.00823975 0.05371094 0.13867188 0.03759766 0.07519531 -0.00055313 0.00309753 -0.00034714 0.11914062 0.01745605 -0.00165558 0.05322266 0.01904297 0.00102997 0.02075195 0.07714844 0.01281738 0.05566406 0.04052734 0.11767578 0.05102539 -0.00016689 0.08886719 0.00017262 -0.00070953 0.04394531 0.02734375 -0.00145721 -0.09521484 0.02075195 0.07568359 0.06787109 -0.03088379 0.18750000 0.03955078 0.02282715 0.01953125 0.05908203 0.10400391 0.06005859 0.00043869 0.06494141 0.16210938 0.00077820 -0.00156403 0.02880859 0.02282715 0.00677490 -0.00521851 -0.00093079 0.24414062 0.00885010 0.04443359
-0.00138855 -0.00155640 -0.00020218 -0.00020695 0.00038338 -0.00053787 -0.00110626 -0.00164032 0.00018215 0.00022793 0.00045586 -0.00108337 -0.00167084 0.00022888 -0.00050354 0.00038338 -0.00016880 0.00094986 0.00090790 -0.00219727 0.00016880 -0.00012779 0.00036240 -0.00116730 -0.00122833 -0.00074387 -0.00071335 -0.00000411 -0.00110626 0.00086975 -0.00059891 -0.00152588 -0.00168610 0.00120544 -0.00019169 0.00006032 -0.00165558 0.00031090 0.00136566 -0.00062180 -0.00043297 -0.00148010 -0.00167084 -0.00168610 -0.00060654 -0.00080109 0.00097656 -0.00060272 -0.00072098 0.00029373 -0.00036430 -0.00149536 -0.00047493 -0.00062561 -0.00022888 -0.00116730 -0.00010347 -0.00143433 -0.00189972 0.00087738 -0.00032616 -0.00044632 0.00010538 -0.00152588 -0.00024605 0.00064850 -0.00038147 0.00068283 -0.00074005 0.00024605 0.00043488 -0.00185394 -0.00057220 -0.00180054 -0.00074768 -0.00173187 0.00036049 -0.00020695 0.00020409 -0.00196838 -0.00196838 -0.00115967 0.00086594 -0.00176239 -0.00184631 -0.00098419 -0.00141907 0.00078964 -0.00096893 -0.00016785 0.00004148 -0.00061035 0.00050354 -0.00068283 -0.00083923 -0.00009823 -0.00034904 -0.00191498 -0.00069046 -0.00037575 -0.00205994 -0.00042915 -0.00015545 -0.00084305 0.00057220 -0.00081253 0.00112152 0.00018024 0.00131226 -0.00094223 -0.00062943 -0.00106812 -0.00155640 0.00001657 0.00047874 -0.00008678 -0.00026703 -0.00088501 0.00066757 0.00006294 0.00056839 -0.00141144 0.00204468 -0.00193024 -0.00002384 -0.00065231 -0.00022888 -0.00126648 -0.00143433 -0.00045776 -0.00085449 -0.00173950 0.00015926 0.00013065 -0.00057602 0.00024986 0.00070572 -0.00047493 -0.00028610 0.00000026 -0.00133514 -0.00054169 -0.00196838 -0.00082779 -0.00037575 0.00042343 -0.00103760 -0.00144196 -0.00050735 -0.00152588 0.00003016 0.00054550 -0.00007439 -0.00148010 -0.00034523 -0.00137329 0.00043297 -0.00003576 0.00118256 0.00094604 -0.00039291 -0.00006962 0.00033951 0.00023651 -0.00130463 -0.00142670 -0.00106049 -0.00067902 0.00041771 0.00048828 0.00092697 0.00100708 -0.00094604 -0.00024128 -0.00044632 -0.00169373 -0.00091934 -0.00066757 -0.00029945 -0.00053406 0.00072098 -0.00193787 0.00033379 0.00060654 0.00037193 -0.00210571 -0.00056076 -0.00022221 -0.00146484 0.00015163 -0.00026512 0.00037956 -0.00142670 0.00052261 -0.00103760 -0.00009966 -0.00196838 0.00008154 -0.00219727 0.00003219 -0.00009727 -0.00163269 -0.00090408 -0.00216675 -0.00100708 -0.00035667 0.00064850 -0.00069427 -0.00187683 -0.00126648 -0.00089645 -0.00160217 0.00079727 -0.00042534 -0.00159454 -0.00198364 -0.00134277 -0.00082779 -0.00099182 -0.00073242 -0.00123596 -0.00173950 -0.00062180 -0.00135040 -0.00039482 -0.00205994 -0.00026512 -0.00049591 -0.00005007 0.00001073 -0.00020885 -0.00173950 0.00015354 -0.00088120 -0.00010920 -0.00039291 -0.00073624 -0.00186157 -0.00087738 0.00048637 -0.00032043 -0.00100708 0.00046539 -0.00118256 -0.00124359 -0.00085831 -0.00026321 -0.00037956 -0.00076294 0.00055695 -0.00011158 -0.00099945 0.00076294 0.00027847 0.00100708 -0.00198364
0.00102234 -0.00118256 -0.00098419 -0.00227356 -0.00133514 0.00039101 -0.00187683 -0.00096130 0.00118256 -0.00169373 -0.00052643 -0.00083160 -0.00144196 -0.00111389 0.00061798 -0.00131226 0.00094223 -0.00283813 -0.00180054 0.00028419 0.00103760 0.00015068 0.00068665 0.00070953 -0.00131989 -0.00445557 -0.00309753 -0.00140381 0.00000201 -0.00154877 -0.00299072 -0.00076675 -0.00019550 0.00066757 0.00066376 -0.00040054 -0.00152588 0.00071335 -0.00078583 -0.00273132 0.00097656 -0.00282288 0.00068665 -0.00473022 -0.00031281 0.00014210 -0.00285339 -0.00025749 -0.00173950 -0.00081635 -0.00427246 -0.00189972 -0.00445557 0.00090027 -0.00109100 -0.00251770 0.00039482 -0.00170135 0.00011969 -0.00078583 -0.00469971 -0.00128937 0.00023651 -0.00485229 -0.00283813 0.00021076 -0.00115204 -0.00041580 -0.00131226 0.00063324 -0.00046921 0.00098419 0.00051117 0.00090027 0.00006104 -0.00173950 -0.00088120 0.00014305 -0.00320435 -0.00160980 -0.00126648 -0.00065231 -0.00115967 -0.00048256 -0.00130463 -0.00093460 -0.00109100 -0.00116730 -0.00083542 -0.00106812 -0.00170898 -0.00076294 -0.00134277 -0.00277710 -0.00159454 -0.00167084 -0.00003099 -0.00003266 0.00095749 -0.00157928 -0.00113678 -0.00059891 -0.00007057 -0.00234985 -0.00253296 0.00015259 -0.00108337 -0.00116730 -0.00005913 -0.00087738 -0.00151062 0.00105286 -0.00033188 0.00059891 -0.00276184 -0.00135803 -0.00143433 -0.00150299 -0.00201416 0.00039673 -0.00157166 -0.00188446 -0.00064468 -0.00305176 0.00020790 -0.00418091 -0.00078964 0.00119781 0.00028419 -0.00026131 -0.00022697 -0.00445557 -0.00034714 0.00088501 -0.00205994 0.00082779 -0.00135803 0.00023174 0.00077438 -0.00073624 -0.00279236 0.00053024 -0.00173187 -0.00010443 -0.00089264 -0.00078201 -0.00044060 -0.00463867 -0.00153351 -0.00250244 -0.00177002 -0.00384521 -0.00148010 -0.00164795 -0.00350952 -0.00116730 -0.00283813 0.00039482 -0.00053024 -0.00254822 -0.00183105 -0.00215149 -0.00451660 0.00066376 -0.00169373 0.00041008 -0.00106049 0.00103760 -0.00245667 -0.00321960 -0.00283813 0.00084305 -0.00411987 -0.00151825 -0.00106812 -0.00102234 -0.00145721 -0.00357056 -0.00341797 -0.00079727 0.00091934 -0.00094223 -0.00173950 -0.00389099 -0.00057220 0.00069809 0.00105286 -0.00180817 0.00060272 -0.00129700 -0.00018787 -0.00031281 -0.00169373 -0.00025940 -0.00294495 -0.00035477 0.00032043 -0.00029182 -0.00006247 -0.00045776 -0.00105286 -0.00254822 -0.00168610 -0.00072098 0.00079727 -0.00024796 -0.00204468 -0.00035095 -0.00183105 0.00019550 -0.00056076 -0.00198364 -0.00350952 -0.00091934 -0.00188446 0.00048256 -0.00029373 0.00072861 -0.00098419 -0.00215149 -0.00279236 -0.00127411 -0.00448608 -0.00445557 -0.00159454 0.00029182 0.00021839 0.00024796 -0.00344849 -0.00109100 0.00013638 -0.00346375 -0.00042915 -0.00031281 -0.00274658 -0.00210571 -0.00308228 -0.00138855 -0.00084305 -0.00055313 0.00047684 -0.00396729 -0.00271606 -0.00020313 0.00091934 -0.00094604 0.00021267 -0.00047684 -0.00154877 -0.00399780 0.00088882 -0.00326538 0.00087738 -0.00373840 -0.00331116 -0.00055695
-0.00138092 -0.00286865 -0.00338745 -0.00482178 -0.00430298 -0.00473022 -0.00451660 -0.00283813 -0.00552368 -0.00518799 -0.00476074 -0.00512695 -0.00439453 -0.00296021 -0.00476074 -0.00285339 -0.00288391 -0.00331116 -0.00024796 -0.00549316 -0.00534058 -0.00515747 -0.00135803 -0.00424194 -0.00344849 -0.00439453 -0.00518799 -0.00303650 0.00004530 -0.00491333 -0.00265503 -0.00341797 -0.00503540 0.00102997 0.00043869 -0.00524902 -0.00418091 0.00014019 0.00119781 -0.00291443 -0.00138092 -0.00292969 -0.00537109 -0.00283813 -0.00329590 -0.00491333 -0.00521851 -0.00347900 -0.00521851 -0.00303650 -0.00543213 -0.00271606 -0.00372314 -0.00524902 -0.00506592 -0.00300598 -0.00127411 -0.00524902 -0.00393677 -0.00396729 -0.00311279 -0.00396729 -0.00408936 -0.00263977 -0.00509644 0.00020123 -0.00225830 -0.00558472 -0.00373840 -0.00029564 -0.00109100 -0.00402832 -0.00049591 -0.00491333 -0.00494385 -0.00546265 -0.00006723 -0.00386047 -0.00248718 -0.00515747 -0.00439453 0.00063324 -0.00012493 -0.00276184 -0.00323486 0.00059891 -0.00144958 -0.00445557 -0.00262451 -0.00552368 -0.00367737 -0.00326538 -0.00335693 -0.00503540 -0.00289917 -0.00469971 -0.00442505 -0.00350952 -0.00463867 -0.00540161 -0.00473022 -0.00373840 -0.00045013 -0.00247192 -0.00485229 -0.00543213 -0.00046349 -0.00430298 -0.00071335 -0.00396729 -0.00491333 -0.00399780 -0.00549316 -0.00364685 -0.00537109 -0.00242615 -0.00476074 -0.00335693 -0.00531006 -0.00515747 -0.00104523 -0.00448608 -0.00531006 -0.00512695 -0.00267029 -0.00534058 -0.00364685 -0.00524902 -0.00424194 -0.00543213 -0.00567627 -0.00543213 0.00016212 -0.00329590 -0.00311279 -0.00445557 -0.00343323 0.00067520 -0.00315857 -0.00555420 -0.00335693 -0.00071335 -0.00341797 0.00047874 -0.00047874 -0.00451660 -0.00337219 -0.00291443 -0.00315857 -0.00573730 -0.00363159 -0.00285339 -0.00494385 0.00094604 -0.00381470 -0.00451660 -0.00282288 -0.00320435 0.00111389 -0.00576782 -0.00515747 -0.00451660 -0.00512695 -0.00370789 -0.00473022 -0.00381470 -0.00411987 -0.00125122 -0.00448608 -0.00488281 -0.00294495 0.00013161 -0.00524902 -0.00274658 -0.00445557 -0.00567627 -0.00497437 -0.00274658 -0.00430298 -0.00430298 -0.00338745 -0.00363159 -0.00288391 -0.00430298 -0.00491333 -0.00448608 -0.00448608 -0.00282288 -0.00534058 0.00106812 -0.00279236 0.00105286 -0.00567627 -0.00066757 -0.00321960 0.00010395 -0.00546265 -0.00325012 -0.00488281 -0.00466919 -0.00347900 -0.00346375 -0.00115204 -0.00303650 -0.00512695 -0.00564575 -0.00476074 -0.00515747 -0.00509644 -0.00085831 0.00138092 -0.00369263 -0.00454712 0.00073624 -0.00320435 -0.00466919 -0.00086975 -0.00500488 -0.00326538 -0.00387573 -0.00576782 -0.00466919 -0.00303650 -0.00515747 -0.00059128 -0.00466919 0.00042152 -0.00049210 -0.00372314 -0.00543213 -0.00125122 -0.00326538 -0.00527954 -0.00312805 -0.00349426 -0.00299072 -0.00376892 -0.00288391 -0.00482178 -0.00433350 -0.00485229 -0.00257874 -0.00503540 0.00093460 -0.00331116 -0.00329590 -0.00180054 0.00021553 -0.00448608 -0.00411987 -0.00506592 -0.00393677 -0.00121307 -0.00512695 -0.00497437 -0.00288391
0.00102997 -0.01574707 -0.12792969 0.01806641 -0.11816406 -0.05175781 -0.03320312 -0.18554688 0.04199219 -0.05957031 0.01104736 -0.01916504 -0.07324219 -0.06225586 0.13671875 0.11132812 0.01251221 -0.01574707 -0.00098419 0.00204468 -0.07958984 -0.07421875 -0.00170898 -0.23339844 -0.08203125 -0.00326538 -0.42773438 0.00164795 -0.00106049 -0.02539062 0.11914062 -0.03588867 -0.14453125 0.00078583 -0.00030327 -0.31054688 0.11230469 0.00007915 -0.00158691 0.32031250 -0.00112915 0.01538086 -0.04199219 -0.00994873 -0.05346680 -0.67187500 0.06225586 0.06347656 -0.53125000 0.17480469 0.02575684 -0.00738525 -0.05444336 0.08300781 -0.16992188 -0.08203125 -0.00150299 0.03173828 -0.53515625 0.01379395 0.07373047 -0.00503540 0.01574707 -0.01757812 -0.09130859 0.05590820 -0.58984375 0.08300781 0.07861328 0.00025177 -0.00075150 -0.04296875 -0.00140381 -0.01672363 -0.38867188 -0.14941406 0.00010109 0.08056641 0.11767578 -0.00628662 -0.04492188 -0.00004840 -0.00050354 0.24121094 0.01141357 -0.00315857 -0.00088882 0.07470703 0.00836182 0.01940918 -0.15625000 0.14746094 0.31054688 0.04028320 -0.09521484 -0.03613281 0.01745605 -0.10644531 0.40820312 0.07373047 0.16503906 0.06152344 -0.00092316 0.08740234 0.16308594 -0.07568359 -0.00234985 -0.50781250 -0.00072098 -0.02770996 -0.06884766 -0.13964844 -0.04907227 0.11718750 0.03930664 -0.05419922 0.04907227 -0.00047302 -0.45117188 -0.19726562 0.00062561 0.00592041 0.00509644 0.16015625 -0.16894531 0.07519531 0.14160156 0.01843262 0.06835938 0.02917480 -0.13574219 0.00634766 0.00094223 0.13964844 -0.32812500 0.25195312 -0.07763672 0.00155640 0.13769531 0.15820312 0.04516602 -0.00022888 -0.03466797 0.00128174 -0.00028038 -0.02624512 -0.12695312 0.03039551 0.02783203 -0.04028320 -0.11425781 0.12988281 0.05566406 -0.00170898 -0.01507568 -0.08496094 0.21289062 -0.04614258 0.00115204 0.04541016 -0.28906250 0.01123047 0.11376953 0.08691406 -0.51171875 0.13964844 0.03881836 -0.00106812 -0.24316406 -0.15625000 -0.03930664 0.00121307 0.00121307 0.08544922 0.13183594 -0.03564453 -0.00741577 -0.02709961 -0.25195312 -0.10302734 0.06396484 -0.10253906 0.02270508 -0.04003906 -0.03613281 -0.21093750 0.03125000 0.00314331 -0.14550781 -0.00048637 -0.10595703 -0.00019455 0.01074219 0.00041962 0.01770020 0.00057983 -0.53515625 -0.12695312 0.04199219 -0.03613281 -0.10058594 0.02966309 -0.00210571 0.09082031 0.04125977 -0.02563477 -0.06103516 0.15917969 -0.11718750 0.00125122 -0.00053024 0.07958984 -0.58203125 -0.00088501 0.00927734 0.15527344 -0.00010109 0.06884766 -0.21484375 0.09228516 -0.00187683 0.02026367 0.05371094 0.12792969 -0.00125885 0.17675781 -0.00078201 -0.00031281 0.11669922 -0.07226562 0.00094986 0.05249023 0.12792969 -0.07275391 0.08496094 0.14160156 0.06982422 0.02783203 0.03088379 -0.00805664 -0.29101562 0.01940918 0.02014160 -0.00064850 0.03198242 -0.00946045 -0.00085068 -0.00067902 -0.01586914 0.03173828 -0.37890625 -0.03686523 -0.00064850 -0.00988770 0.04638672 0.10791016
-0.00110626 -0.00181580 -0.00039291 -0.00085831 -0.00039864 -0.00010490 -0.00006056 -0.00046539 -0.00012016 -0.00133514 -0.00110626 0.00104523 -0.00140381 -0.00041771 -0.00071716 -0.00184631 0.00063705 -0.00025368 0.00113678 -0.00091171 -0.00056458 -0.00150299 -0.00097656 -0.00154877 -0.00183868 -0.00104523 -0.00271606 -0.00026321 0.00032997 -0.00026894 0.00003529 -0.00209045 0.00016880 0.00059128 -0.00057220 -0.00024605 0.00004816 0.00072479 -0.00131226 0.00062561 0.00054169 0.00097275 0.00088120 -0.00276184 0.00084305 -0.00083923 0.00045395 -0.00230408 -0.00086975 -0.00008249 -0.00193787 -0.00099945 0.00006533 -0.00140381 -0.00010252 -0.00083160 0.00072861 -0.00167084 -0.00121307 -0.00141144 -0.00128937 -0.00084686 0.00005317 -0.00174713 -0.00366211 -0.00002992 -0.00160217 -0.00050354 -0.00303650 -0.00095367 0.00008106 -0.00117493 0.00119781 -0.00318909 -0.00035477 -0.00253296 -0.00016308 0.00064087 -0.00130463 -0.00239563 -0.00216675 0.00019932 0.00004959 -0.00093079 -0.00085449 -0.00049973 0.00058365 -0.00121307 -0.00151825 -0.00151062 -0.00018501 0.00106049 -0.00141144 -0.00152588 -0.00014210 -0.00196838 -0.00001872 -0.00108337 -0.00117493 -0.00177765 -0.00149536 -0.00078964 0.00032425 -0.00279236 -0.00044441 0.00080109 -0.00089645 -0.00154114 -0.00016975 0.00092316 0.00115204 -0.00142670 -0.00101471 -0.00117493 -0.00006676 -0.00023460 -0.00122833 -0.00038719 -0.00118256 -0.00165558 0.00004935 -0.00146484 -0.00051880 0.00006390 -0.00069809 -0.00162506 -0.00141144 -0.00148773 0.00112152 -0.00129700 0.00116730 -0.00013638 0.00061417 0.00103760 0.00072098 0.00041580 -0.00037384 0.00012589 -0.00221252 -0.00060272 0.00084686 0.00121307 -0.00117493 0.00106049 -0.00106812 0.00006437 0.00077820 -0.00106049 -0.00041771 -0.00156403 -0.00305176 -0.00119781 -0.00071335 -0.00104523 0.00022984 -0.00131226 0.00034332 0.00117493 0.00109100 0.00029182 -0.00044060 -0.00106049 0.00005102 0.00108337 -0.00071335 -0.00036812 -0.00096130 -0.00054169 -0.00221252 -0.00291443 -0.00182343 -0.00105286 -0.00311279 0.00068665 -0.00079727 0.00117493 -0.00162506 -0.00282288 0.00093842 0.00049973 -0.00102234 -0.00083542 0.00027847 -0.00135040 0.00059509 -0.00167084 -0.00179291 -0.00063324 0.00108337 0.00052261 -0.00137329 -0.00013542 0.00072861 -0.00135803 -0.00173187 0.00079346 -0.00242615 -0.00055695 0.00049210 -0.00169373 -0.00119781 0.00083923 0.00041389 0.00023556 -0.00178528 -0.00140381 -0.00150299 -0.00068665 -0.00212097 -0.00025558 0.00022602 -0.00023079 -0.00067139 0.00089264 -0.00064087 -0.00136566 -0.00062561 0.00014687 0.00084305 -0.00066757 -0.00143433 -0.00242615 -0.00065231 -0.00056076 -0.00125122 -0.00045013 -0.00182343 -0.00061417 -0.00175476 -0.00024223 -0.00038338 -0.00069427 -0.00167847 -0.00265503 -0.00207520 -0.00102997 -0.00164795 -0.00133514 0.00028992 -0.00013065 0.00059128 -0.00165558 -0.00250244 -0.00030708 0.00113678 0.00020504 0.00088882 -0.00117493 -0.00029182 -0.00263977 -0.00045967 -0.00104523 -0.00080490 -0.00233459 -0.00186157 -0.00114441
0.00012875 -0.00390625 -0.00129700 -0.00373840 0.00065994 -0.00274658 -0.00280762 0.00201416 -0.00337219 -0.00144958 -0.00141907 -0.00151062 -0.00262451 -0.00381470 -0.00276184 -0.00283813 -0.00164795 -0.00430298 0.00120544 -0.00312805 -0.00253296 -0.00349426 -0.00153351 -0.00224304 -0.00260925 -0.00239563 0.00363159 -0.00411987 0.00072861 -0.00366211 0.00157928 -0.00138855 -0.00375366 -0.00085831 0.00101471 -0.00297546 -0.00408936 0.00049210 -0.00098419 -0.00202942 0.00091934 -0.00329590 -0.00202942 -0.00219727 -0.00169373 0.00267029 -0.00138092 -0.00399780 -0.00376892 -0.00274658 0.00399780 -0.00415039 -0.00236511 -0.00241089 -0.00175476 -0.00382996 -0.00133514 -0.00421143 -0.00291443 -0.00253296 -0.00387573 0.00239563 -0.00227356 -0.00123596 -0.00300598 0.00105286 -0.00191498 -0.00201416 -0.00254822 0.00013161 0.00072861 -0.00114441 0.00116730 -0.00205994 -0.00257874 -0.00289917 0.00001848 -0.00382996 0.00247192 -0.00161743 -0.00113678 -0.00088501 0.00010490 -0.00167847 -0.00311279 0.00096512 0.00023651 -0.00335693 -0.00178528 -0.00150299 0.00052261 -0.00405884 0.00083923 -0.00354004 0.00119019 -0.00219727 -0.00182343 -0.00152588 -0.00427246 -0.00279236 -0.00399780 -0.00381470 0.00100708 -0.00393677 0.00144196 -0.00396729 0.00023556 -0.00150299 -0.00130463 -0.00204468 0.00135040 -0.00132751 -0.00386047 0.00166321 -0.00276184 -0.00418091 -0.00375366 -0.00146484 -0.00189209 -0.00222778 -0.00106049 -0.00166321 -0.00282288 -0.00265503 -0.00337219 0.00318909 -0.00085068 -0.00180817 -0.00141144 -0.00163269 -0.00222778 0.00153351 -0.00014782 -0.00427246 -0.00248718 -0.00366211 0.00344849 -0.00091171 -0.00280762 -0.00288391 -0.00139618 0.00012493 -0.00216675 -0.00033951 0.00078583 -0.00396729 -0.00375366 -0.00170898 -0.00347900 -0.00396729 0.00273132 -0.00262451 -0.00369263 0.00026703 0.00157166 0.00213623 -0.00244141 -0.00186920 0.00040627 -0.00421143 -0.00180817 -0.00433350 -0.00311279 -0.00378418 -0.00286865 -0.00421143 -0.00363159 -0.00167847 -0.00140381 -0.00341797 -0.00325012 -0.00084686 -0.00221252 -0.00152588 -0.00228882 -0.00418091 -0.00349426 -0.00294495 -0.00137329 -0.00215149 -0.00329590 -0.00181580 -0.00143433 0.00164795 -0.00382996 -0.00187683 -0.00382996 0.00080109 -0.00288391 -0.00085831 -0.00433350 0.00106049 -0.00160217 -0.00006723 0.00188446 -0.00160980 0.00257874 -0.00325012 -0.00201416 -0.00323486 -0.00274658 -0.00202942 -0.00144958 -0.00158691 -0.00323486 -0.00230408 -0.00283813 -0.00251770 0.00154114 0.00063324 0.00093079 -0.00321960 -0.00411987 -0.00146484 -0.00122070 -0.00183868 0.00059509 -0.00188446 0.00212097 -0.00268555 -0.00137329 -0.00115967 -0.00379944 -0.00236511 -0.00109100 0.00109863 -0.00147247 -0.00021267 -0.00280762 -0.00179291 -0.00173187 -0.00013638 -0.00106812 0.00318909 0.00189972 -0.00115204 -0.00347900 -0.00338745 0.00415039 0.00118256 -0.00360107 -0.00225830 -0.00222778 -0.00012302 -0.00309753 -0.00169373 -0.00047302 -0.00150299 -0.00154877 -0.00311279 -0.00254822 0.00221252 0.00017738 -0.00300598 -0.00418091 -0.00152588
0.00143433 -0.00259399 -0.00210571 -0.00120544 -0.00172424 -0.00201416 -0.00136566 -0.00060654 -0.00059509 -0.00093079 -0.00083160 -0.00120544 -0.00167847 -0.00082397 -0.00097656 -0.00230408 -0.00056839 -0.00075150 -0.00083160 -0.00049591 0.00023270 -0.00083923 0.00078964 -0.00164795 -0.00004506 -0.00008011 -0.00062180 -0.00041580 0.00047302 -0.00164032 -0.00046349 -0.00142670 -0.00233459 -0.00088882 0.00084686 -0.00138092 -0.00201416 0.00051880 0.00119019 -0.00108337 0.00115204 -0.00080109 -0.00079346 -0.00078583 -0.00029373 -0.00049973 -0.00199890 0.00123596 -0.00189972 -0.00138092 -0.00013924 -0.00201416 0.00000650 -0.00141144 -0.00138092 -0.00260925 -0.00031853 -0.00228882 0.00100708 -0.00260925 -0.00273132 -0.00018406 -0.00256348 -0.00209045 0.00028801 0.00109863 -0.00158691 -0.00047684 -0.00098419 -0.00004649 -0.00073624 -0.00201416 0.00016689 0.00057602 0.00135040 -0.00148010 -0.00031662 -0.00088882 -0.00046349 -0.00187683 0.00102997 -0.00101471 -0.00008869 -0.00028038 -0.00055695 -0.00092316 0.00130463 0.00012684 -0.00009584 -0.00210571 -0.00106049 -0.00276184 -0.00204468 -0.00176239 -0.00150299 -0.00106049 -0.00010443 -0.00202942 -0.00131226 -0.00021935 0.00035667 -0.00173950 -0.00119781 -0.00002515 -0.00149536 -0.00139618 -0.00132751 -0.00135803 -0.00056839 0.00005221 -0.00199890 -0.00256348 0.00004673 -0.00002313 -0.00177002 -0.00098419 -0.00283813 -0.00216675 -0.00012779 -0.00015545 -0.00019741 -0.00236511 -0.00021458 -0.00207520 -0.00012589 -0.00150299 -0.00241089 -0.00000053 -0.00174713 -0.00066376 -0.00032043 -0.00028229 -0.00131226 -0.00112915 -0.00271606 -0.00263977 -0.00260925 -0.00148010 0.00100708 -0.00137329 -0.00085068 -0.00146484 -0.00283813 -0.00135803 -0.00128174 -0.00188446 -0.00131989 -0.00224304 -0.00005913 -0.00248718 -0.00022411 -0.00207520 0.00010061 -0.00013256 -0.00113678 -0.00005150 -0.00170898 -0.00047874 -0.00049973 -0.00061035 -0.00219727 -0.00285339 -0.00016022 -0.00144958 -0.00268555 -0.00286865 -0.00092697 -0.00083542 -0.00067902 0.00125122 -0.00194550 0.00054550 -0.00156403 -0.00075912 0.00143433 -0.00071716 -0.00238037 -0.00271606 -0.00160980 -0.00273132 0.00000435 -0.00231934 -0.00180054 -0.00064850 -0.00082397 -0.00189972 -0.00106049 -0.00282288 -0.00035477 0.00054550 -0.00016022 -0.00115204 -0.00152588 -0.00011110 -0.00040817 -0.00007010 0.00015545 -0.00036049 -0.00193024 -0.00074005 0.00002015 -0.00078964 0.00068665 -0.00265503 0.00010443 0.00025558 -0.00028801 -0.00212097 -0.00161743 -0.00082397 -0.00120544 -0.00180054 -0.00210571 0.00129700 -0.00154877 -0.00109863 0.00100708 0.00001812 -0.00093460 -0.00199890 -0.00173950 -0.00092697 -0.00210571 -0.00149536 -0.00144196 0.00000665 -0.00122070 0.00096893 0.00015640 0.00007248 0.00148773 -0.00027275 0.00075531 0.00083542 -0.00121307 -0.00080109 -0.00164795 -0.00148010 -0.00119019 -0.00230408 -0.00212097 0.00022221 -0.00083160 -0.00140381 0.00037575 -0.00276184 -0.00056839 0.00100708 -0.00114441 -0.00241089 0.00025749 -0.00086212 -0.00031090 -0.00106049 -0.00263977 -0.00021172
0.00116730 -0.19921875 0.10302734 0.13574219 -0.08544922 0.09375000 0.03881836 -0.19042969 -0.03515625 0.21191406 -0.30468750 -0.38281250 0.00772095 -0.05932617 0.03027344 0.11083984 0.14355469 0.07080078 -0.00052643 -0.20019531 0.04516602 -0.03247070 -0.00060654 -0.45703125 -0.09912109 -0.83984375 -0.17187500 -0.10595703 -0.00010061 -0.03759766 0.10693359 -0.05957031 -0.04150391 0.00115967 0.00132751 0.02099609 0.23242188 -0.00057220 0.00145721 0.27539062 0.00086594 0.00104523 0.11523438 0.02807617 0.05493164 0.01483154 -0.08251953 -0.06494141 0.14062500 -0.02600098 0.06542969 0.06250000 -0.10156250 0.13378906 0.10107422 -0.22460938 0.00131226 0.07568359 -0.29101562 -0.09228516 0.10302734 0.02770996 0.13183594 0.05639648 0.32812500 0.05761719 0.12011719 0.04833984 -0.28125000 0.00088882 -0.00060272 -0.02624512 -0.00025368 0.06396484 0.23730469 0.01354980 -0.00062561 0.00811768 -0.07617188 0.00866699 -0.08203125 0.00145721 -0.00056076 0.28906250 -0.05981445 -0.00204468 -0.00081635 -0.14746094 -0.03613281 -0.04467773 0.13183594 -0.35351562 0.11718750 0.05688477 0.12890625 -0.46484375 -0.04565430 -0.45507812 0.26757812 0.11425781 0.35937500 -0.12304688 0.00110626 0.09082031 0.36328125 0.30078125 -0.00242615 0.06152344 0.00044632 0.07128906 0.21875000 0.10205078 0.12060547 -0.15039062 0.05639648 -0.28320312 -0.13085938 0.04296875 0.00066376 0.12255859 -0.00026894 0.03588867 0.06347656 0.11181641 -0.28125000 0.10644531 -0.13867188 0.07763672 -0.06787109 0.11132812 0.01434326 0.05883789 -0.00047302 0.15722656 0.20410156 -0.01672363 -0.23925781 0.00122833 -0.12402344 -0.06787109 0.15820312 0.00130463 -0.18164062 0.00159454 -0.00026894 0.27343750 -0.20800781 0.15332031 -0.92968750 -0.07128906 0.11816406 0.07714844 0.03149414 -0.00143433 0.12011719 -0.08251953 0.02685547 -0.04907227 -0.00002277 0.09960938 0.18652344 -0.15429688 0.44140625 -0.07275391 0.10253906 0.07568359 -0.33593750 -0.00041962 0.20214844 0.18164062 -0.01452637 0.00036430 0.04907227 0.12402344 0.06201172 -0.05834961 -0.48046875 0.19824219 -0.09912109 0.08251953 0.02124023 -0.08837891 -0.08398438 -0.04833984 0.08154297 -0.16699219 0.09033203 -0.19628906 -0.43359375 -0.00093079 -0.48632812 -0.00032043 0.10888672 -0.00024986 0.13183594 -0.00005698 -0.15722656 0.01953125 -0.31835938 -0.37304688 0.24023438 0.01037598 0.00008392 0.43359375 0.03063965 0.08203125 -0.15332031 0.04711914 -0.23046875 0.00311279 -0.00023556 -0.19140625 -0.01013184 0.00115204 -0.10351562 0.03613281 0.00175476 0.10546875 0.05419922 -0.18164062 0.09570312 0.00897217 0.03393555 -0.34765625 -0.00007677 -0.15527344 0.00030708 -0.00130463 -0.33984375 0.03515625 -0.00031662 0.01818848 -0.22558594 0.10693359 0.05859375 -0.41992188 -0.00805664 0.10351562 0.06347656 -0.10302734 -0.22656250 -0.01831055 0.26953125 -0.00050354 0.05981445 0.01049805 0.00003576 -0.00202942 -0.00036240 0.06787109 0.04174805 -0.08203125 0.00082397 -0.01409912 -0.07177734 0.05151367
0.00068283 0.09765625 -0.01348877 0.01367188 -0.00885010 -0.05346680 0.01953125 0.18750000 0.00448608 -0.03588867 0.01611328 -0.15429688 0.14355469 0.12597656 -0.05224609 0.01495361 0.00854492 0.00373840 0.00063324 0.07910156 0.03295898 0.00265503 -0.00070953 -0.19824219 0.12158203 0.10791016 -0.07812500 -0.33593750 -0.00132751 0.05883789 -0.10253906 0.11767578 0.10302734 -0.00026894 0.00040245 0.15039062 0.04931641 -0.00041389 -0.00059128 -0.57421875 0.00109100 0.03833008 0.09912109 0.01129150 0.00595093 -0.01214600 0.00842285 0.09375000 0.02429199 0.00775146 0.02978516 0.06298828 -0.15234375 0.12695312 -0.02111816 -0.19238281 -0.00020504 -0.01495361 -0.04003906 -0.04223633 0.08984375 0.11523438 -0.03540039 -0.03100586 0.06591797 0.05664062 -0.03369141 -0.07128906 -0.28906250 -0.00163269 0.00143433 0.05493164 -0.00107574 0.13964844 0.03295898 -0.05981445 0.00102997 -0.03417969 -0.00427246 0.15039062 0.09716797 0.00019073 0.00026321 0.02978516 0.10156250 -0.00318909 -0.00093842 -0.23535156 0.06103516 0.01177979 0.05541992 -0.46484375 -0.67968750 0.07958984 0.09082031 -0.06079102 -0.10009766 0.06054688 -0.45117188 0.10742188 0.02478027 0.15917969 -0.00111389 -0.06884766 0.09326172 0.18164062 -0.00111389 -0.18945312 -0.00070953 -0.06738281 0.01110840 -0.38281250 0.05322266 -0.07617188 0.01843262 0.14062500 0.14941406 0.01031494 0.16406250 0.15234375 0.00109863 -0.02697754 -0.03222656 -0.07470703 0.09863281 0.07812500 -0.00299072 0.07421875 0.05541992 0.01989746 -0.18261719 0.04125977 0.00150299 -0.03979492 -0.02905273 -0.08349609 0.05664062 -0.00061035 0.07421875 -0.05859375 0.02111816 -0.00105286 -0.00277710 0.00040436 -0.00049210 0.09765625 -0.04882812 -0.00897217 0.09423828 0.14355469 0.14843750 -0.04077148 0.07031250 -0.00193787 0.08007812 0.11181641 -0.29492188 0.11132812 0.00101471 0.08349609 0.00317383 0.02148438 -0.28320312 0.11132812 0.02856445 -0.03125000 0.04980469 0.00068665 -0.16210938 0.16113281 -0.05444336 0.00033760 0.12890625 -0.06054688 0.15820312 0.13574219 -0.09863281 0.00805664 -0.10009766 -0.10644531 -0.02404785 0.13183594 -0.08886719 -0.01904297 0.15234375 -0.27148438 -0.01055908 0.05493164 0.08349609 0.00089645 0.08984375 0.00128937 -0.04052734 0.00183868 -0.02490234 0.00149536 -0.08837891 0.02722168 -0.05712891 -0.00222778 -0.06494141 0.00034523 0.00023174 0.11669922 0.04541016 -0.07910156 0.17187500 0.15429688 0.04077148 0.00068665 0.00170135 0.08007812 0.04589844 0.00135040 0.17285156 0.08300781 -0.00010538 0.06445312 -0.00163269 0.16113281 0.04492188 0.09814453 0.10205078 -0.48242188 0.00081253 0.06396484 0.00061798 0.00056839 -0.06640625 0.00463867 -0.00022793 -0.04248047 0.19726562 0.05395508 0.00497437 0.06445312 -0.05078125 0.01757812 -0.08984375 0.14648438 0.05029297 0.06787109 -0.05883789 -0.00025749 -0.05078125 0.00793457 0.00062943 -0.00222778 0.05175781 0.02233887 0.00939941 0.03857422 -0.00106049 0.01513672 0.02014160 0.00805664
0.00083923 0.08349609 0.13574219 -0.15917969 0.01281738 0.02380371 0.04516602 0.05151367 0.03833008 0.25390625 0.14160156 0.06250000 0.01867676 0.06542969 0.06640625 0.05175781 -0.00613403 0.17382812 0.00067902 0.15917969 0.09716797 0.05444336 0.00051498 0.19921875 0.06835938 0.45312500 -0.05810547 -0.07812500 0.00139618 -0.00149536 -0.07958984 0.05395508 0.08935547 -0.00000727 0.00073624 -0.00500488 0.05151367 -0.00092697 0.00120544 -0.10107422 -0.00101471 0.01452637 0.20898438 -0.01794434 -0.10253906 0.02709961 -0.05493164 0.07519531 0.09667969 -0.04223633 0.21386719 -0.25976562 0.26562500 0.04760742 -0.01892090 -0.13769531 0.00088120 -0.06225586 -0.01672363 -0.08984375 0.06933594 0.02807617 0.35742188 -0.12060547 -0.15429688 0.05664062 0.12597656 0.20312500 -0.14941406 0.00066376 -0.00069809 0.04370117 0.00064087 0.21289062 0.26367188 -0.26757812 -0.00082016 0.00787354 0.05175781 0.12500000 0.06225586 -0.00022507 0.00006032 0.20703125 0.04199219 0.00138855 0.00077438 -0.04370117 0.03198242 0.08837891 0.02453613 -0.08349609 0.30468750 0.03149414 -0.00411987 -0.06738281 0.21582031 0.14062500 0.35351562 -0.00976562 0.32226562 0.09472656 -0.00102997 0.13281250 -0.15917969 0.22851562 -0.00221252 0.09863281 -0.00036240 0.06250000 0.28125000 -0.06250000 0.10498047 -0.05151367 0.05346680 0.03588867 0.09667969 -0.03808594 0.05737305 0.06396484 -0.00066757 -0.10693359 -0.12792969 0.06396484 -0.14550781 -0.03112793 -0.07617188 0.08349609 0.02575684 0.11083984 -0.07177734 -0.03100586 0.00107574 0.07958984 0.09716797 -0.06396484 0.06347656 0.00128174 -0.07861328 -0.12695312 0.06103516 -0.00067520 -0.15917969 0.00032043 0.00031853 0.04760742 -0.06201172 -0.03369141 0.36914062 0.04125977 0.03393555 -0.09765625 -0.00146484 0.00023556 0.07031250 0.09423828 0.12158203 0.05346680 -0.00037193 0.22363281 0.18847656 -0.29687500 0.15527344 -0.01116943 0.02172852 0.00381470 -0.04418945 0.00087357 0.03808594 0.08642578 -0.16113281 -0.00076294 0.26757812 0.02832031 0.10937500 0.04492188 -0.08251953 -0.22656250 -0.01074219 -0.24609375 0.06250000 0.10156250 0.04003906 -0.05639648 0.12695312 -0.06738281 -0.04052734 -0.01623535 -0.09570312 -0.00049973 -0.13476562 -0.00107574 -0.03149414 0.00113678 -0.10156250 -0.00125885 -0.02624512 0.03930664 -0.11376953 -0.07812500 -0.01635742 0.04174805 -0.00144958 -0.07031250 0.06591797 -0.05932617 -0.00273132 0.09912109 -0.10498047 0.00311279 0.00106049 0.03613281 -0.00167847 0.00007629 -0.08593750 -0.01153564 0.00056458 -0.00588989 0.02661133 -0.04760742 -0.07568359 0.05566406 -0.02209473 -0.11914062 -0.00065231 0.03173828 0.00028038 0.00081253 -0.26171875 0.01452637 0.00024796 -0.24902344 0.06054688 0.07421875 0.04467773 0.31250000 -0.10400391 -0.18652344 0.02966309 0.03015137 0.05908203 0.04125977 -0.07714844 0.00034523 -0.03686523 -0.12792969 0.00080872 0.00280762 -0.09814453 0.33398438 -0.03735352 0.07177734 0.00064468 -0.04150391 0.02770996 0.06494141
-0.00030136 -0.07421875 -0.02844238 -0.01770020 0.00151825 -0.01062012 -0.04736328 -0.07568359 -0.02160645 -0.02160645 0.00291443 -0.08105469 0.02124023 -0.04345703 -0.25585938 0.16406250 -0.13769531 0.04467773 -0.00083923 -0.03039551 -0.11181641 -0.12207031 0.00022984 0.03637695 -0.14257812 0.00473022 -0.17187500 0.10302734 0.00085831 -0.00325012 0.03491211 -0.03039551 0.16699219 0.00130463 0.00040054 -0.00708008 -0.01397705 -0.00034523 0.00143433 -0.01843262 0.00057983 -0.48828125 0.06176758 -0.03564453 0.04345703 0.05810547 0.14746094 -0.04809570 0.04223633 -0.06225586 0.07031250 -0.43554688 -0.13476562 0.09960938 -0.01721191 -0.04296875 0.00120544 -0.07568359 -0.05004883 -0.47851562 -0.08789062 0.10009766 -0.04174805 0.04321289 0.06396484 -0.05688477 -0.07421875 -0.09619141 0.12792969 0.00018978 0.00189972 -0.02526855 0.00016117 -0.09863281 -0.13281250 0.19531250 0.00138092 -0.01080322 0.08496094 -0.00430298 0.05175781 0.00162506 -0.00180054 -0.19140625 -0.09912109 -0.00245667 0.00004172 0.03515625 -0.09716797 0.28320312 -0.06298828 0.02941895 -0.09521484 -0.00616455 0.07177734 0.09326172 0.05444336 0.31835938 -0.21289062 -0.08398438 -0.09912109 -0.04101562 -0.00068665 -0.14550781 0.07617188 -0.14648438 0.00099182 -0.14160156 -0.00088120 0.08056641 -0.33984375 0.03491211 0.08447266 0.13574219 0.10791016 -0.08691406 -0.24414062 -0.02490234 0.03039551 -0.03637695 -0.00106049 -0.00112915 0.01843262 -0.00257874 0.18164062 -0.09716797 -0.14257812 0.02148438 0.09912109 0.08593750 0.02709961 -0.19531250 0.00094223 -0.05834961 -0.08496094 0.29296875 -0.03027344 -0.00044632 0.17382812 0.07177734 -0.40820312 0.00044250 0.35351562 0.00034523 0.00064850 0.09960938 0.01190186 0.16308594 -0.04614258 -0.05053711 0.02648926 -0.02795410 0.03015137 -0.00069809 0.03027344 -0.00885010 -0.00680542 -0.00836182 -0.00033188 -0.36132812 -0.21777344 0.04736328 -0.33593750 0.19921875 -0.04418945 -0.00436401 -0.11083984 0.00072479 0.00933838 0.03686523 0.13574219 0.00105286 -0.02893066 -0.03125000 -0.10986328 0.00878906 0.03906250 0.03930664 0.02563477 0.15625000 -0.14062500 0.02526855 0.03564453 0.18261719 0.00747681 0.00741577 -0.29687500 -0.04394531 0.25585938 -0.00051117 0.12695312 -0.00025558 0.15429688 -0.00087738 0.03759766 0.00193024 0.06884766 -0.16113281 0.28710938 0.42578125 0.05297852 0.25195312 0.00085449 -0.14648438 -0.01348877 0.05883789 -0.06982422 -0.12353516 0.00067139 -0.00089264 -0.00010681 -0.11230469 -0.01953125 0.00170135 0.21484375 0.03466797 -0.00065231 -0.02600098 0.03979492 0.10156250 -0.02001953 -0.00457764 0.00399780 0.05761719 -0.00037575 0.17285156 0.00071335 0.00059509 0.14257812 -0.36132812 -0.00115204 -0.17382812 -0.02807617 -0.03271484 0.05346680 0.05737305 0.02770996 -0.00604248 0.20996094 0.02978516 0.20214844 -0.12402344 0.00656128 -0.00040245 0.00805664 -0.02160645 -0.00008392 -0.00182343 0.02880859 -0.58593750 -0.14843750 0.19628906 0.00079346 0.01953125 1.16406250 -0.02368164
-0.00005269 -0.00136566 0.00056839 -0.00192261 0.00018883 -0.00236511 -0.00325012 0.00009584 -0.00273132 -0.00122833 -0.00143433 -0.00209045 -0.00166321 -0.00228882 -0.00074005 0.00128174 -0.00088120 -0.00215149 0.00047874 -0.00151062 -0.00148773 -0.00035477 0.00063705 -0.00138092 -0.00125122 -0.00108337 -0.00131989 -0.00107574 0.00104523 -0.00004601 -0.00260925 -0.00306702 -0.00078964 0.00113678 0.00026131 0.00005531 -0.00121307 0.00122070 0.00077057 -0.00185394 0.00002313 -0.00157928 -0.00027084 -0.00210571 -0.00216675 -0.00119019 -0.00138855 -0.00328064 0.00077057 0.00080109 -0.00360107 -0.00061035 0.00239563 -0.00065994 -0.00150299 -0.00081253 -0.00135803 -0.00156403 -0.00140381 -0.00158691 -0.00318909 0.00114441 -0.00268555 -0.00367737 -0.00300598 0.00115967 0.00068665 -0.00133514 -0.00067520 -0.00133514 0.00012493 -0.00044250 -0.00116730 -0.00080872 -0.00196838 -0.00238037 0.00078583 -0.00180817 -0.00092697 -0.00101471 -0.00068283 -0.00002146 0.00090027 -0.00167847 -0.00070572 0.00016499 0.00104523 -0.00114441 -0.00050354 -0.00141144 0.00289917 -0.00062180 0.00215149 -0.00035858 -0.00201416 -0.00078964 0.00012207 -0.00136566 0.00072479 -0.00106812 -0.00267029 -0.00016880 0.00084686 -0.00008392 -0.00093460 0.00111389 -0.00002754 -0.00099182 0.00021458 -0.00146484 -0.00167084 -0.00334167 0.00271606 -0.00274658 -0.00125122 -0.00157166 -0.00270081 -0.00013542 -0.00152588 -0.00086212 0.00066376 -0.00350952 -0.00083923 -0.00196838 -0.00116730 -0.00292969 -0.00198364 -0.00108337 0.00068283 -0.00215149 -0.00085831 -0.00164032 0.00097275 -0.00131989 -0.00011206 0.00010824 0.00053406 -0.00036812 -0.00340271 -0.00088120 -0.00341797 0.00026321 -0.00061798 -0.00120544 -0.00111389 -0.00114441 0.00001377 -0.00201416 -0.00043297 0.00065613 -0.00019741 -0.00268555 -0.00135803 0.00065613 -0.00172424 0.00130463 -0.00096893 -0.00140381 -0.00160980 -0.00233459 -0.00317383 -0.00195312 -0.00142670 -0.00014496 -0.00045395 -0.00228882 -0.00006819 -0.00008059 0.00096130 -0.00227356 0.00038147 -0.00091171 -0.00213623 -0.00331116 -0.00068283 -0.00071335 -0.00133514 -0.00209045 -0.00148010 -0.00098419 -0.00242615 -0.00149536 0.00051117 -0.00227356 -0.00213623 -0.00292969 -0.00270081 -0.00053024 -0.00285339 -0.00060654 -0.00332642 -0.00176239 -0.00067139 -0.00012875 0.00044823 -0.00080109 -0.00095749 -0.00024986 0.00067139 -0.00234985 -0.00135040 0.00035477 0.00028610 -0.00175476 -0.00083542 -0.00059891 0.00355530 -0.00113678 -0.00061417 -0.00027275 -0.00036430 -0.00086975 -0.00093079 -0.00139618 -0.00309753 -0.00169373 -0.00023365 -0.00054169 0.00247192 -0.00105286 -0.00107574 -0.00073242 -0.00122833 -0.00183105 -0.00070190 -0.00196838 0.00000507 0.00115967 -0.00070190 0.00103760 -0.00167084 0.00010920 0.00002360 -0.00131989 -0.00080490 -0.00238037 -0.00288391 -0.00078964 -0.00271606 -0.00018501 0.00098419 -0.00081253 -0.00112152 -0.00075150 -0.00097275 0.00105286 -0.00084686 0.00099945 -0.00174713 -0.00004053 -0.00086594 -0.00082397 -0.00018692 -0.00314331 -0.00285339 -0.00137329
0.00065994 0.09472656 0.10205078 0.05786133 -0.07861328 -0.06933594 0.07958984 0.10791016 0.12890625 -0.11132812 -0.04223633 0.01904297 0.08544922 0.06933594 0.18066406 -0.64062500 0.01257324 0.05029297 -0.00167847 -0.62500000 -0.17382812 0.04809570 0.00083160 0.04150391 0.01184082 -0.34179688 0.15917969 0.09912109 0.00015736 -0.44726562 0.08740234 0.08203125 0.04296875 0.00139618 -0.00087738 -0.22656250 -0.66406250 -0.00078964 -0.00132751 0.09228516 -0.00071335 -0.03784180 -0.42968750 0.11962891 0.07763672 -0.32031250 -0.02636719 0.00787354 0.06347656 -0.16406250 0.03466797 0.05126953 -1.00781250 0.08642578 -0.03930664 0.05004883 0.00016689 0.03662109 -0.06738281 0.02294922 0.12792969 -0.12109375 0.02893066 0.11035156 0.16992188 -0.05688477 0.03247070 -0.12402344 0.22265625 0.00106049 0.00138855 0.07861328 0.00082397 -0.49023438 -0.75390625 0.35351562 -0.00074005 0.07080078 -0.19824219 0.00085068 0.08984375 -0.00111389 0.00195312 -0.63671875 0.09863281 -0.00168610 -0.00622559 0.06494141 0.06396484 -0.01843262 0.13476562 0.00964355 -0.71484375 -0.51953125 -0.20214844 0.10498047 0.05493164 -0.18261719 -0.51562500 0.03564453 -0.58984375 -0.20410156 0.00014114 -0.19531250 0.12695312 -0.38476562 0.00010014 -0.04931641 0.00169373 -1.10937500 -0.58593750 0.14941406 -0.01562500 -0.08105469 -0.01275635 0.09375000 -0.02868652 0.05126953 -0.06591797 0.02026367 0.00033188 0.06933594 0.08593750 0.07373047 0.26562500 0.25195312 0.05371094 -0.03686523 -0.83593750 -0.65625000 0.01953125 0.01049805 -0.00096130 -0.24316406 -0.14257812 -0.23828125 -0.19921875 -0.00025558 -0.20410156 0.17968750 -0.01782227 0.00037384 0.00259399 -0.00102234 -0.00070953 0.10937500 -0.20117188 -0.03369141 -0.27343750 0.10058594 0.02661133 0.19238281 0.08398438 0.00041580 -0.03295898 -0.02905273 0.14843750 0.06835938 -0.00092316 -0.52343750 -0.03222656 0.02600098 -0.23242188 -0.39648438 -0.05957031 -0.01477051 -0.03271484 -0.00035858 0.13183594 0.10742188 0.10400391 0.00072479 0.19726562 0.01867676 -0.36328125 0.08740234 0.13378906 0.07226562 0.15820312 -1.04687500 0.07324219 -0.10156250 -0.50390625 -0.27343750 -0.05029297 -0.00177002 -0.00476074 0.06835938 0.28515625 -0.00044441 0.07714844 -0.00047874 0.06079102 0.00106812 0.05151367 -0.00134277 -0.00811768 -0.16308594 0.11669922 -0.02709961 0.05786133 0.00466919 0.00105286 0.14843750 -0.73437500 0.08203125 0.00466919 -0.07470703 0.04711914 0.00227356 -0.00023270 0.09863281 0.07519531 0.00025558 -0.30468750 0.00323486 -0.00077057 -0.06347656 -0.22656250 0.04174805 0.10400391 0.01977539 0.13085938 -0.00598145 -0.00091934 -0.45312500 0.00095749 0.00282288 0.03442383 -0.24316406 -0.00001788 0.17675781 -0.02453613 0.02783203 0.07031250 -0.20214844 0.08007812 0.01324463 0.08740234 -0.10595703 -0.19921875 0.11865234 0.08154297 -0.00126648 -0.02734375 0.10693359 -0.00064087 0.00166321 -0.05444336 0.05371094 -0.14355469 -0.00656128 -0.00053024 0.09863281 0.03515625 0.11230469
-0.00141907 -0.00196838 -0.00224304 -0.00196838 -0.00185394 0.00043297 -0.00189972 0.00017262 -0.00041389 -0.00135040 -0.00079727 -0.00054932 -0.00108337 -0.00023079 -0.00001121 -0.00116730 -0.00057983 -0.00312805 -0.00020885 -0.00142670 0.00036240 -0.00032616 -0.00177765 -0.00115204 -0.00101471 -0.00127411 -0.00139618 -0.00111389 0.00058746 -0.00194550 -0.00007725 -0.00023746 -0.00213623 0.00075150 0.00061798 -0.00082016 0.00002098 -0.00088120 -0.00173187 -0.00056839 -0.00064087 -0.00181580 -0.00198364 -0.00062943 -0.00043106 -0.00075150 -0.00109100 -0.00265503 -0.00015926 -0.00009727 -0.00104523 -0.00182343 -0.00135040 -0.00199890 -0.00020981 -0.00260925 0.00045586 -0.00141907 -0.00097275 -0.00072098 -0.00080490 0.00061035 -0.00157928 -0.00048447 -0.00036430 0.00016022 -0.00393677 -0.00276184 -0.00276184 0.00050354 0.00066376 0.00063705 0.00033760 -0.00033760 -0.00263977 -0.00070953 -0.00130463 -0.00233459 -0.00299072 -0.00131989 -0.00175476 -0.00144196 -0.00118256 -0.00221252 -0.00234985 0.00060272 -0.00109100 0.00059891 0.00078583 -0.00127411 -0.00024223 -0.00044060 -0.00143433 -0.00289917 -0.00102234 -0.00057602 -0.00299072 0.00004911 -0.00282288 -0.00144196 -0.00116730 -0.00164032 -0.00160980 -0.00149536 -0.00148773 -0.00131989 0.00081253 -0.00146484 -0.00098419 -0.00292969 -0.00166321 -0.00146484 -0.00032234 -0.00201416 -0.00231934 -0.00241089 -0.00100708 -0.00204468 -0.00317383 -0.00025558 -0.00025368 -0.00168610 -0.00178528 -0.00120544 -0.00145721 -0.00196838 -0.00218201 -0.00270081 -0.00073242 -0.00238037 -0.00112915 -0.00124359 -0.00085068 -0.00321960 -0.00097275 0.00021935 -0.00129700 0.00058365 -0.00109100 -0.00124359 -0.00129700 -0.00042152 -0.00191498 0.00027084 -0.00128174 -0.00124359 -0.00073242 -0.00292969 0.00088120 -0.00065994 -0.00186920 -0.00128174 -0.00136566 -0.00147247 0.00022793 0.00064850 -0.00177002 0.00051880 0.00018692 0.00072098 -0.00291443 -0.00141907 0.00071335 -0.00000700 -0.00102234 -0.00119019 -0.00205994 -0.00001073 -0.00096512 -0.00270081 -0.00138855 -0.00039482 -0.00144196 -0.00315857 -0.00323486 -0.00047684 -0.00138855 -0.00142670 -0.00074005 -0.00021744 -0.00195312 -0.00186157 -0.00185394 -0.00177002 0.00115204 -0.00215149 -0.00227356 -0.00250244 -0.00088120 -0.00109863 -0.00282288 -0.00041389 -0.00257874 -0.00082779 -0.00024986 -0.00032616 -0.00250244 -0.00254822 -0.00145721 -0.00207520 -0.00253296 -0.00166321 0.00078964 0.00033569 -0.00065994 0.00052261 -0.00165558 -0.00222778 -0.00244141 -0.00096130 0.00003719 -0.00057602 -0.00215149 0.00086594 -0.00098419 -0.00120544 0.00069427 0.00011444 0.00046158 -0.00047112 -0.00061417 -0.00003195 0.00019932 -0.00168610 -0.00055695 -0.00306702 0.00086975 -0.00109100 -0.00222778 0.00056076 0.00072479 -0.00149536 0.00037956 -0.00008774 -0.00234985 -0.00174713 -0.00109863 -0.00194550 -0.00302124 -0.00259399 -0.00233459 0.00048828 -0.00257874 -0.00178528 -0.00158691 -0.00202942 -0.00046730 -0.00045776 -0.00118256 -0.00027084 -0.00279236 -0.00094223 0.00020599 -0.00114441 -0.00042915 -0.00205994
0.00077438 -0.00289917 0.00025558 -0.00075912 -0.00262451 -0.00114441 -0.00277710 0.00046921 -0.00160217 -0.00167084 -0.00131226 -0.00259399 -0.00178528 -0.00117493 -0.00135040 0.00061035 -0.00212097 -0.00127411 -0.00127411 -0.00012589 0.00030899 -0.00122070 0.00012589 0.00107574 0.00062561 -0.00224304 -0.00077438 0.00142670 0.00115967 -0.00163269 -0.00251770 -0.00086594 0.00103760 0.00075912 -0.00107574 -0.00072098 -0.00061035 0.00002599 -0.00102234 -0.00067139 0.00010252 -0.00060654 0.00061417 -0.00148010 -0.00061035 -0.00180054 -0.00209045 -0.00144958 -0.00158691 0.00086975 -0.00289917 -0.00144196 -0.00097656 -0.00018501 -0.00118256 -0.00251770 0.00059128 -0.00288391 -0.00032043 -0.00276184 -0.00196838 0.00033569 -0.00279236 -0.00268555 -0.00048256 -0.00115967 -0.00159454 -0.00073624 -0.00067902 0.00109100 0.00141144 -0.00247192 -0.00115967 0.00070190 -0.00285339 -0.00085449 0.00007105 -0.00129700 -0.00282288 -0.00253296 0.00009012 -0.00009251 -0.00037575 -0.00122070 -0.00234985 0.00041580 -0.00049210 0.00046349 0.00141144 -0.00166321 -0.00141144 -0.00283813 -0.00054550 -0.00172424 0.00004792 -0.00084686 -0.00174713 0.00089264 -0.00242615 -0.00141144 -0.00105286 -0.00230408 -0.00053024 -0.00106049 0.00120544 -0.00160217 0.00055313 -0.00030708 0.00043488 -0.00046921 0.00051880 -0.00094604 0.00001216 -0.00312805 0.00033951 -0.00242615 -0.00222778 -0.00291443 -0.00045967 -0.00216675 -0.00035667 -0.00049210 -0.00108337 -0.00227356 0.00021744 -0.00101471 -0.00041008 -0.00062943 -0.00093460 -0.00081635 -0.00212097 -0.00077057 -0.00037193 0.00065613 0.00062180 0.00044060 0.00025368 -0.00038528 0.00162506 -0.00053787 -0.00273132 -0.00015163 -0.00312805 0.00017166 0.00071335 -0.00000519 -0.00054169 0.00065231 0.00002110 -0.00112152 -0.00045395 -0.00078201 0.00013638 -0.00045204 -0.00004244 -0.00138092 -0.00155640 -0.00207520 -0.00099945 -0.00002241 -0.00076675 -0.00222778 -0.00052261 0.00042152 -0.00092697 -0.00165558 -0.00105286 -0.00102234 0.00145721 0.00124359 -0.00198364 -0.00028229 -0.00271606 0.00143433 -0.00088501 -0.00186157 -0.00006580 -0.00276184 -0.00263977 0.00162506 -0.00038910 -0.00028419 -0.00091171 -0.00025177 -0.00061417 -0.00109863 -0.00085831 -0.00011539 -0.00253296 0.00064468 -0.00274658 0.00095749 -0.00027466 0.00017262 -0.00177765 -0.00037193 -0.00129700 -0.00012779 -0.00137329 -0.00250244 -0.00046921 -0.00151062 0.00016880 -0.00116730 -0.00099945 -0.00021172 0.00088501 -0.00257874 -0.00053024 0.00042343 -0.00126648 -0.00003672 -0.00151825 0.00073624 0.00108337 0.00089645 0.00047684 -0.00154114 0.00041580 -0.00042725 -0.00340271 -0.00299072 -0.00312805 -0.00191498 0.00105286 -0.00024796 -0.00139618 0.00108337 -0.00198364 -0.00005865 0.00087357 -0.00049973 -0.00034142 -0.00054550 -0.00060272 -0.00282288 -0.00300598 -0.00312805 -0.00081635 -0.00123596 -0.00074005 -0.00102234 -0.00081253 -0.00086975 -0.00144196 -0.00062561 0.00017452 -0.00054550 0.00011396 -0.00221252 0.00094223 -0.00122833 0.00106812 -0.00219727 -0.00091171 -0.00199890
0.00156403 -0.13867188 0.03979492 0.05322266 -0.14746094 -0.00044060 -0.21972656 -0.08691406 -0.11376953 -0.04370117 -0.29101562 -0.16601562 -0.03833008 -0.09472656 -0.02941895 0.25781250 -0.19140625 -0.01086426 -0.00087357 -0.01440430 -0.10839844 -0.11230469 0.00116730 -0.06738281 -0.11328125 -0.09814453 -0.12304688 0.14453125 -0.00075912 0.11328125 0.13281250 -0.10205078 0.04321289 -0.00061417 0.00027466 0.02600098 0.27539062 -0.00161743 -0.00147247 0.02038574 -0.00043106 0.03857422 -0.08154297 0.08398438 0.11328125 0.12988281 -0.00717163 -0.10400391 0.04956055 0.07128906 0.08691406 0.00674438 -0.03833008 -0.15917969 -0.30664062 0.00576782 0.00121307 0.00723267 0.12500000 0.06982422 0.04711914 0.15429688 -0.01989746 0.11816406 0.21289062 0.05761719 0.09277344 0.07324219 -0.02709961 0.00113678 -0.00001597 -0.04980469 0.00108337 -0.20117188 0.06787109 -0.10595703 0.00070190 -0.09472656 0.06176758 -0.26562500 -0.32031250 0.00054169 0.00097656 0.05810547 -0.03088379 -0.00096893 -0.00059509 0.01647949 -0.08154297 -0.03857422 -0.25585938 0.15429688 0.16992188 0.15332031 0.14550781 0.05053711 -0.23925781 -0.24316406 -0.39453125 0.13867188 0.17285156 0.21875000 -0.00027466 0.11865234 0.03125000 -0.08544922 -0.00078583 -0.27734375 0.00173187 0.05200195 0.04199219 -0.15429688 -0.17480469 0.12597656 0.01477051 -0.05883789 0.00952148 0.05273438 0.13378906 -0.23339844 0.00046349 0.08837891 0.10937500 0.06591797 0.19042969 0.17578125 -0.00939941 0.18847656 0.10546875 0.19433594 -0.32031250 -0.06591797 -0.00061417 -0.00866699 0.13281250 0.16308594 0.07421875 0.00017452 0.23046875 -0.10546875 0.03002930 0.00086212 0.16406250 0.00024796 0.00116730 -0.18750000 -0.13769531 -0.07470703 -0.29296875 -0.06005859 -0.13085938 0.23828125 -0.08007812 -0.00043297 -0.02697754 -0.13085938 -0.09423828 -0.12011719 -0.00109863 0.05444336 -0.16210938 0.00509644 0.07763672 0.19628906 0.08642578 0.09033203 0.11962891 0.00082016 0.03417969 -0.25195312 0.10156250 0.00017548 0.04150391 -0.03076172 -0.03015137 -0.08642578 -0.01806641 0.16113281 -0.33398438 0.01794434 -0.10107422 -0.19531250 -0.02099609 0.19921875 0.06738281 0.12695312 0.00527954 0.16210938 -0.07958984 0.00168610 0.00878906 -0.00091553 0.03393555 -0.00180054 0.09033203 0.00113678 -0.26367188 0.08056641 0.18457031 -0.34179688 0.07470703 0.02893066 0.00068283 -0.12255859 0.16113281 0.09521484 0.13574219 0.00180817 0.14355469 -0.00457764 0.00109863 -0.12255859 0.04687500 -0.00022507 0.26757812 0.02551270 -0.00157928 0.10351562 0.16015625 0.32617188 0.02783203 -0.20410156 -0.06689453 0.18066406 0.00102234 0.28710938 -0.00090790 0.00024605 0.23144531 0.12695312 0.00118256 -0.09277344 0.17773438 -0.14160156 0.00830078 -0.06591797 0.10693359 0.03271484 -0.02331543 0.29882812 0.18164062 -0.09472656 0.05737305 0.00173187 -0.31250000 0.10644531 -0.00157166 -0.00227356 0.02832031 0.00084686 0.04492188 0.01062012 -0.00045967 0.09082031 0.03979492 0.02124023
-0.00138855 -0.00163269 -0.00250244 -0.00095367 -0.00068283 -0.00079727 -0.00041771 -0.00233459 -0.00086975 -0.00100708 -0.00120544 -0.00107574 -0.00138855 -0.00245667 -0.00119019 -0.00127411 -0.00248718 -0.00016403 -0.00128174 -0.00133514 0.00035286 0.00067139 -0.00093842 -0.00154877 0.00028419 -0.00014496 -0.00048065 0.00022316 -0.00066757 -0.00000234 -0.00049973 -0.00086594 -0.00051498 -0.00055695 0.00050354 -0.00302124 -0.00008965 -0.00136566 0.00041389 -0.00091934 -0.00021839 -0.00216675 -0.00160217 -0.00130463 -0.00144958 0.00094223 -0.00210571 -0.00091934 -0.00183105 -0.00084686 -0.00151062 -0.00188446 0.00001824 -0.00049973 -0.00253296 -0.00213623 -0.00019550 -0.00051880 -0.00017643 -0.00062180 -0.00057983 -0.00110626 -0.00150299 0.00037766 0.00032425 -0.00096130 -0.00274658 -0.00132751 -0.00299072 0.00091171 -0.00072098 -0.00151825 -0.00102234 0.00011253 -0.00078964 -0.00213623 -0.00097275 -0.00085831 -0.00006962 -0.00072861 0.00008774 -0.00113678 0.00082397 0.00034523 -0.00181580 0.00151062 -0.00051117 -0.00153351 0.00001395 -0.00061798 0.00109100 0.00040627 -0.00097656 -0.00011873 -0.00108337 0.00017071 -0.00049591 -0.00186920 0.00060654 -0.00151825 -0.00144196 -0.00053024 0.00140381 -0.00134277 -0.00031853 -0.00081635 0.00003290 0.00045967 -0.00051117 -0.00090790 0.00059891 -0.00268555 -0.00109863 -0.00152588 -0.00151825 -0.00119781 -0.00110626 -0.00076294 0.00005317 -0.00289917 -0.00038719 -0.00039291 -0.00016212 -0.00096512 -0.00045967 -0.00112915 0.00000924 -0.00058365 0.00067139 -0.00018406 -0.00111389 -0.00160980 0.00021076 -0.00094986 0.00075150 -0.00070190 -0.00273132 -0.00084305 -0.00152588 -0.00230408 -0.00267029 -0.00109863 -0.00075912 -0.00149536 -0.00017738 -0.00134277 -0.00280762 -0.00086212 -0.00254822 0.00044632 -0.00112152 -0.00227356 -0.00236511 -0.00022030 -0.00018215 -0.00239563 -0.00317383 -0.00020313 0.00097656 -0.00251770 -0.00247192 -0.00263977 0.00087738 -0.00013161 -0.00184631 -0.00148773 -0.00282288 0.00127411 -0.00164795 0.00011063 -0.00212097 0.00041389 -0.00176239 -0.00242615 -0.00151825 0.00006676 -0.00031662 -0.00017452 -0.00210571 -0.00042343 -0.00157166 -0.00173187 -0.00042725 -0.00131226 0.00095749 -0.00003934 -0.00172424 0.00001246 -0.00031090 0.00167084 -0.00213623 -0.00169373 -0.00218201 0.00131989 -0.00159454 -0.00108337 0.00118256 -0.00145721 0.00006294 -0.00253296 0.00110626 -0.00195312 -0.00151062 -0.00015640 -0.00111389 -0.00158691 0.00013161 -0.00004339 -0.00230408 0.00123596 0.00109863 -0.00159454 -0.00017738 -0.00138855 0.00093842 -0.00053787 0.00166321 -0.00205994 -0.00107574 -0.00018883 -0.00059509 -0.00257874 -0.00173950 -0.00191498 -0.00030136 -0.00250244 0.00124359 -0.00019741 0.00064468 -0.00096512 0.00114441 -0.00071335 -0.00196838 -0.00108337 -0.00010538 -0.00247192 -0.00057220 -0.00184631 -0.00300598 0.00056076 -0.00021362 -0.00201416 -0.00241089 -0.00073624 -0.00074387 -0.00018787 0.00122070 0.00067139 -0.00308228 -0.00209045 -0.00288391 0.00008869 -0.00056076 -0.00016117 -0.00107574 -0.00047684
0.00081635 -0.03112793 -0.09130859 0.05664062 -0.10839844 0.03149414 -0.02221680 -0.14648438 -0.00011969 -0.06127930 0.06787109 -0.06347656 -0.06884766 0.06298828 0.06640625 -0.07470703 0.12792969 -0.00634766 0.00124359 0.15039062 -0.30664062 -0.09765625 0.00148773 -0.02722168 -0.15332031 -0.06884766 -0.24218750 -0.04150391 -0.00098419 0.00282288 -0.07373047 -0.07568359 -0.02917480 0.00032806 0.00180054 -0.11425781 -0.15039062 0.00069427 -0.00152588 0.06884766 0.00150299 0.02612305 0.03833008 -0.06079102 0.02746582 -0.01287842 -0.06982422 0.06982422 0.08398438 0.05810547 -0.02319336 -0.03222656 -0.02429199 0.06054688 0.02612305 -0.07275391 0.00084686 0.01342773 -0.03271484 0.05346680 0.07177734 0.01770020 -0.00381470 0.06127930 0.01501465 0.05639648 0.04418945 -0.09277344 -0.11718750 -0.00061417 0.00016785 -0.08691406 0.00084305 -0.05957031 0.07666016 -0.06103516 -0.00105286 -0.04541016 -0.07812500 0.10693359 0.01464844 0.00025749 0.00071716 0.11181641 -0.04760742 0.00242615 0.00007534 -0.08300781 -0.11816406 -0.00704956 -0.17187500 -0.22265625 0.41210938 -0.12890625 0.00030899 0.05371094 -0.07226562 -0.03540039 0.87109375 -0.01483154 -0.06396484 0.04956055 -0.00023746 -0.14550781 0.21777344 -0.15625000 -0.00212097 -0.01379395 0.00075531 0.05664062 -0.12695312 -0.24023438 -0.33398438 -0.01049805 -0.02636719 -0.09667969 -0.04565430 -0.00613403 -0.16894531 -0.13183594 -0.00045204 0.08886719 0.03125000 0.10839844 0.09228516 -0.07861328 0.15234375 0.00222778 0.20996094 -0.09228516 0.06250000 -0.02233887 0.00193024 -0.11376953 -0.08105469 0.54687500 -0.06835938 0.00059891 -0.03613281 0.21093750 -0.01403809 0.00054932 0.02111816 0.00007820 -0.00057983 -0.03002930 -0.25585938 0.04492188 0.05761719 -0.05175781 -0.09375000 0.12158203 0.00250244 -0.00195312 -0.01074219 -0.26367188 0.24316406 -0.01214600 0.00051498 -0.16601562 -0.06982422 -0.02026367 0.26171875 -0.11425781 -0.03564453 0.08447266 -0.06445312 0.00095367 -0.12792969 0.04101562 -0.03515625 -0.00102997 -0.14257812 0.16406250 0.26562500 -0.02038574 0.21484375 -0.00717163 0.05615234 -0.04589844 -0.10302734 -0.16601562 -0.28125000 0.04150391 -0.07373047 -0.24804688 0.00120544 -0.06103516 -0.00762939 0.00108337 -0.10742188 0.00138092 -0.05957031 0.00068283 0.02307129 0.00026703 0.07470703 -0.28906250 -0.07861328 -0.01623535 0.12255859 0.01293945 0.00015831 -0.22167969 -0.03466797 0.02954102 -0.06250000 0.25195312 0.05126953 0.00079346 0.00051117 -0.25000000 0.05346680 0.00016212 -0.14941406 0.02246094 0.00116730 0.02856445 -0.11962891 0.27734375 -0.04736328 0.04345703 0.12011719 -0.20898438 -0.00097656 -0.15234375 0.00022125 -0.00007820 0.16796875 0.12402344 0.00122070 -0.05615234 0.01806641 -0.10498047 -0.01165771 -0.23925781 0.07031250 -0.03344727 -0.03295898 0.24121094 -0.06933594 0.07763672 -0.03491211 0.00031281 -0.14355469 0.06689453 -0.00034523 -0.00003433 -0.02343750 -0.03833008 -0.08935547 -0.00131989 -0.00078583 0.03100586 -0.03442383 0.04760742
0.00070953 -0.11865234 -0.09130859 -0.01635742 0.08886719 0.03515625 -0.00442505 -0.13378906 -0.10107422 0.02050781 0.07031250 0.19726562 -0.11865234 -0.11328125 0.00823975 0.36328125 -0.17578125 -0.51562500 -0.00088120 0.47070312 -0.07519531 -0.17871094 0.00112915 0.16308594 -0.23144531 0.12792969 -0.15625000 0.02758789 0.00127411 0.20898438 -0.00213623 -0.13574219 0.01232910 -0.00037956 -0.00106812 0.06445312 0.22265625 -0.00013351 -0.00056839 -0.20800781 0.00148773 0.28125000 0.41601562 0.08007812 0.03637695 -0.03857422 -0.02990723 -0.06933594 -0.03930664 0.14746094 -0.20214844 0.18945312 0.51171875 -0.29492188 0.11962891 -0.00033379 0.00177002 0.01287842 0.06738281 0.52343750 -0.07373047 0.03906250 -0.46289062 0.15820312 0.01611328 -0.05566406 -0.02160645 0.08056641 0.40234375 0.00165558 0.00164032 -0.23046875 0.00103760 -0.08886719 -0.03857422 0.22851562 0.00072479 -0.11083984 0.19140625 -0.16894531 -0.07373047 0.00186157 0.00074768 0.01190186 -0.17382812 -0.00276184 0.00112152 -0.11816406 -0.30078125 -0.13769531 -0.11474609 0.12988281 -0.06640625 0.23535156 -0.08642578 -0.14648438 -0.40820312 0.32226562 0.05908203 0.17675781 0.17187500 -0.00506592 0.00044823 0.24316406 0.31250000 0.07177734 0.00088882 0.04931641 0.00183868 -0.02636719 0.16015625 -0.13378906 -0.17968750 -0.05957031 -0.13183594 -0.10644531 -0.13183594 -0.03015137 -0.06933594 -0.17187500 0.00005817 0.06298828 -0.01940918 -0.04760742 0.02661133 0.13378906 -0.24414062 0.08837891 0.55859375 0.37500000 0.04028320 0.01232910 -0.00057602 0.09033203 0.04248047 0.03039551 -0.04907227 0.00127411 0.06884766 0.03662109 0.20117188 0.00077057 0.33007812 0.00160980 0.00070190 -0.13671875 0.44140625 -0.08886719 -0.16992188 -0.10302734 -0.02551270 0.34375000 -0.21875000 0.00089264 -0.61718750 -0.09179688 -0.12988281 -0.22753906 0.00128937 -0.01141357 0.02416992 -0.31250000 -0.30859375 0.36914062 -0.07031250 -0.11816406 0.03710938 -0.00037193 0.07226562 -0.18261719 0.08300781 -0.00032616 0.01867676 -0.34960938 -0.07617188 -0.17089844 -0.24609375 -0.13085938 0.06079102 0.31054688 -0.16992188 -0.06054688 -0.18554688 0.27343750 0.00653076 0.20605469 0.51171875 -0.02832031 0.05786133 0.00132751 -0.34960938 0.00072861 -0.31835938 -0.00050354 0.09228516 -0.00093079 -0.01733398 -0.11621094 0.24316406 0.13867188 0.09375000 -0.57031250 -0.00256348 0.00952148 0.21972656 0.19726562 -0.02783203 -0.41796875 0.21093750 -0.00233459 0.00133514 -0.23242188 0.19726562 -0.00010538 0.38281250 -0.23632812 0.00082016 0.01275635 0.25585938 0.04003906 -0.14062500 -0.01177979 0.10791016 0.18164062 -0.00106812 0.28320312 -0.00020123 -0.00064468 0.40820312 0.06176758 -0.00020790 -0.34765625 -0.18359375 -0.16308594 -0.04077148 0.08105469 0.08251953 -0.35546875 0.04418945 -0.07812500 -0.04150391 -0.17871094 -0.09619141 -0.00086212 0.10693359 0.07763672 0.00138092 -0.00045395 -0.08447266 -0.01354980 0.21777344 0.18847656 0.00025940 0.04589844 0.01940918 -0.14160156
-0.00082397 -0.03710938 -0.03417969 0.08007812 -0.34960938 0.11914062 0.16601562 -0.00028801 0.02697754 -0.12353516 -0.03466797 -0.28710938 0.03833008 0.03710938 -0.42382812 -0.17968750 -0.12402344 0.10839844 -0.00073242 -0.18652344 -0.15332031 0.00549316 -0.00144958 -0.37109375 0.00337219 0.00257874 -0.01397705 0.00118256 0.00095367 -0.22070312 0.05078125 0.02832031 -0.09716797 -0.00021267 -0.00006199 -0.16015625 -0.20410156 -0.00000125 -0.00090790 -0.17773438 -0.00051880 0.04125977 -0.15136719 0.09375000 0.12597656 -0.24316406 0.13183594 -0.00946045 -0.00097656 -0.09423828 0.06542969 -0.01501465 -0.29687500 0.00427246 0.08544922 0.05566406 0.00082779 -0.00120544 -0.15429688 0.03051758 0.12402344 -0.26953125 -0.05761719 0.10937500 -0.28125000 -0.05810547 -0.02246094 -0.01562500 0.09179688 0.00164032 -0.00016022 -0.01373291 0.00143433 -0.12109375 -0.23535156 -0.03833008 0.00023746 0.02868652 -0.16699219 0.03808594 0.05908203 0.00090027 -0.00119019 -0.18847656 0.01660156 -0.00231934 -0.00118256 0.03881836 0.01293945 -0.03173828 -0.10205078 0.21093750 -0.28515625 -0.29882812 -0.13378906 0.09667969 -0.16210938 -0.12988281 -0.22753906 0.04028320 -0.12255859 -0.29882812 0.00082779 -0.14550781 0.12158203 -0.09716797 0.00099945 0.14257812 0.00021553 -0.00872803 -0.10205078 0.09570312 0.01055908 -0.21679688 0.02624512 -0.01208496 0.15039062 0.02111816 -0.15917969 -0.06396484 -0.00124359 0.12255859 0.08837891 -0.01574707 -0.19140625 0.15039062 -0.02929688 -0.29687500 -0.14941406 -0.25781250 0.25000000 0.01293945 -0.00053024 0.06542969 -0.00103760 -0.07421875 -0.13867188 0.00078201 -0.25195312 0.20800781 -0.00933838 0.00183868 0.11816406 -0.00101471 -0.00086975 -0.00933838 -0.07275391 0.11474609 -0.22460938 0.05419922 0.03417969 0.14355469 0.01892090 -0.00044632 -0.00012112 -0.04760742 0.01062012 0.00772095 -0.00048828 -0.12158203 0.01611328 0.03417969 -0.17871094 -0.09130859 -0.00114441 -0.00952148 0.07666016 0.00044823 0.22753906 -0.02014160 -0.00288391 -0.00098419 -0.04785156 -0.02050781 -0.11816406 0.00952148 0.00540161 0.02709961 0.34765625 -0.02404785 0.05615234 -0.12988281 -0.10156250 -0.32617188 -0.05493164 0.08642578 0.06176758 -0.07177734 -0.01251221 -0.00096893 0.06347656 0.00055313 0.02856445 -0.00065231 0.10693359 0.00051117 0.32421875 -0.13671875 -0.13378906 -0.04321289 0.08642578 0.03564453 -0.00238037 -0.61328125 -0.22656250 0.00854492 -0.09277344 -0.00221252 0.01770020 -0.00055695 -0.00023365 -0.00576782 0.12597656 0.00144196 -0.11083984 -0.04907227 0.00011301 -0.12060547 -0.20507812 -0.28515625 0.13378906 -0.00842285 0.11230469 0.20214844 0.00059509 -0.32617188 -0.00091553 0.00011349 -0.03088379 -0.24023438 0.00023460 -0.45117188 -0.13183594 -0.02636719 0.13574219 -0.06298828 0.07519531 0.02783203 -0.02148438 -0.25195312 -0.26171875 -0.00634766 0.12988281 0.00154114 -0.00970459 0.09863281 0.00068283 -0.00239563 -0.08740234 0.02832031 -0.08642578 0.08496094 -0.00012398 0.09277344 0.03662109 -0.06176758
-0.00077438 -0.03906250 0.00177002 -0.02905273 -0.17871094 0.00674438 0.07421875 0.04907227 -0.11279297 -0.08984375 0.05566406 0.16699219 -0.06494141 -0.00162506 0.06396484 0.22753906 0.16113281 -0.43164062 0.00002587 0.27539062 0.02124023 -0.03320312 -0.00025940 -0.01574707 -0.00628662 0.09912109 0.06005859 -0.04785156 0.00078583 0.14843750 0.07128906 0.04345703 -0.06787109 -0.00094604 0.00068665 0.11083984 0.14062500 -0.00020123 -0.00070953 -0.03686523 -0.00072479 -0.40234375 0.13769531 0.07714844 -0.00534058 0.09716797 -0.09912109 -0.02990723 -0.09863281 -0.00805664 0.11132812 0.49804688 0.47656250 -0.08593750 0.14550781 -0.08886719 -0.00013161 0.08935547 0.03247070 -0.08935547 0.12011719 0.07080078 0.50000000 0.00332642 0.12988281 0.05590820 -0.06542969 -0.04443359 -0.24414062 0.00051880 0.00000864 -0.06689453 -0.00013065 0.10644531 0.14843750 -0.07128906 -0.00024986 -0.01135254 0.02978516 -0.02905273 -0.06054688 0.00009298 -0.00144196 0.10156250 0.09814453 -0.00167847 0.00015163 -0.03295898 0.01293945 0.30273438 0.13671875 0.10351562 -0.04760742 0.19433594 0.03784180 -0.21777344 -0.09570312 -0.34765625 0.03808594 0.12597656 0.13964844 -0.02319336 -0.00080490 0.01708984 0.11474609 0.00282288 0.00274658 -0.13183594 0.00039482 0.14746094 -0.11718750 0.05346680 -0.04833984 0.18847656 -0.01623535 0.01904297 0.33984375 -0.11083984 -0.16308594 -0.09423828 -0.00054932 0.01422119 0.00711060 -0.08544922 -0.06030273 0.02673340 0.00811768 0.11523438 0.04125977 0.22363281 0.21679688 0.55078125 0.00092316 -0.03466797 -0.05786133 0.13671875 0.07666016 0.00134277 0.06933594 0.24902344 -0.46289062 -0.00112915 -0.14746094 -0.00069046 0.00065231 -0.07812500 0.07958984 -0.81640625 0.25000000 0.05175781 0.00915527 -0.17773438 -0.05102539 -0.00006080 -0.52734375 -0.12158203 -0.01452637 -0.06152344 -0.00087357 0.11767578 0.02807617 -0.41015625 -0.14453125 0.11914062 -0.07128906 -0.14062500 -0.97265625 -0.00049210 -0.06347656 -0.09667969 -0.33789062 -0.00180817 0.06787109 -0.01422119 -0.03515625 -0.12158203 -0.13964844 0.38085938 0.12158203 -0.00445557 -0.06835938 0.08593750 -0.15234375 0.11035156 0.14257812 0.06079102 -0.26171875 -0.02233887 -0.07958984 0.00121307 -0.75390625 0.00171661 -0.64062500 -0.00064468 -0.01953125 0.00031853 0.18847656 0.04980469 -0.05004883 -0.11669922 0.05688477 -0.92578125 0.00005937 0.25585938 0.12695312 -0.05249023 -0.02661133 -0.05004883 0.10546875 -0.00386047 -0.00059128 -0.11083984 0.17382812 0.00007248 -0.06933594 0.00561523 0.00170135 -0.10351562 0.05029297 0.16796875 0.61328125 0.11767578 0.05761719 0.16601562 0.00077057 0.12304688 0.00006723 -0.00100708 -0.01214600 0.11328125 -0.00037384 -0.10546875 -0.12304688 -0.00162506 -0.03491211 -0.13378906 -0.01684570 0.25195312 0.36132812 0.08398438 0.07763672 -0.02612305 -0.15039062 0.00141144 0.16406250 -0.05444336 -0.00114441 0.00022411 -0.03784180 -0.13085938 -0.14453125 -0.40039062 -0.00036049 0.05102539 -1.13281250 -0.04809570
-0.00122833 -0.00207520 -0.00158691 -0.00131989 0.00035858 -0.00058746 -0.00209045 -0.00338745 -0.00056839 -0.00312805 -0.00341797 -0.00360107 -0.00294495 -0.00285339 -0.00233459 -0.00085068 -0.00215149 -0.00149536 -0.00074005 -0.00068283 -0.00114441 -0.00337219 0.00006914 -0.00233459 -0.00245667 -0.00230408 -0.00248718 -0.00119019 -0.00070953 -0.00162506 -0.00236511 -0.00306702 -0.00103760 0.00090790 -0.00170135 -0.00372314 -0.00267029 -0.00012159 0.00005317 -0.00108337 -0.00114441 -0.00320435 0.00018787 -0.00263977 -0.00346375 -0.00234985 -0.00177765 -0.00047874 -0.00205994 -0.00053024 -0.00130463 -0.00231934 -0.00147247 -0.00224304 -0.00141907 -0.00350952 -0.00109863 -0.00329590 -0.00150299 -0.00283813 -0.00367737 -0.00221252 -0.00207520 -0.00381470 -0.00129700 -0.00049210 -0.00100708 -0.00081253 -0.00160980 0.00086212 -0.00173187 -0.00156403 -0.00068665 -0.00129700 -0.00134277 -0.00119019 0.00007582 -0.00075912 -0.00427246 -0.00099182 -0.00209045 0.00053024 0.00056839 -0.00102997 -0.00204468 -0.00107574 -0.00177765 -0.00185394 -0.00248718 -0.00230408 -0.00337219 -0.00198364 -0.00424194 -0.00101471 -0.00402832 -0.00250244 -0.00343323 -0.00191498 -0.00224304 -0.00127411 -0.00127411 0.00048637 0.00062180 -0.00245667 -0.00045013 -0.00180054 0.00120544 -0.00084305 -0.00112152 -0.00297546 -0.00303650 -0.00234985 -0.00057602 -0.00335693 -0.00315857 -0.00331116 -0.00075531 -0.00256348 -0.00193787 -0.00329590 0.00071335 -0.00302124 -0.00242615 -0.00363159 -0.00050354 -0.00036812 -0.00253296 -0.00218201 -0.00119019 -0.00172424 -0.00142670 -0.00218201 -0.00096512 -0.00096130 -0.00192261 -0.00188446 -0.00180054 0.00139618 -0.00068283 -0.00268555 -0.00424194 0.00103760 -0.00347900 0.00101471 -0.00023270 -0.00099945 -0.00381470 -0.00274658 0.00028229 -0.00119781 -0.00294495 -0.00230408 -0.00381470 0.00075912 -0.00402832 -0.00213623 -0.00332642 -0.00318909 -0.00162506 -0.00389099 -0.00296021 -0.00215149 -0.00131989 -0.00286865 -0.00194550 -0.00300598 -0.00176239 0.00101471 0.00047302 -0.00144958 -0.00282288 0.00056839 -0.00262451 -0.00300598 -0.00122070 -0.00111389 0.00089645 -0.00082397 -0.00194550 -0.00343323 -0.00141144 -0.00177002 -0.00350952 -0.00309753 -0.00174713 -0.00128174 -0.00358582 -0.00328064 -0.00202942 -0.00003433 -0.00141144 -0.00144196 -0.00216675 -0.00128937 -0.00280762 -0.00014496 -0.00321960 -0.00188446 -0.00186157 -0.00378418 -0.00192261 -0.00282288 -0.00112152 -0.00183105 -0.00160980 -0.00085449 -0.00381470 -0.00106049 -0.00134277 0.00109100 -0.00129700 -0.00102234 -0.00297546 0.00115204 -0.00113678 0.00001121 -0.00173950 -0.00094223 -0.00427246 -0.00042534 -0.00038147 -0.00070572 -0.00321960 -0.00088882 -0.00135803 0.00006962 0.00090408 -0.00006628 -0.00361633 -0.00163269 -0.00067902 -0.00253296 -0.00270081 -0.00073242 -0.00045586 -0.00174713 -0.00057220 0.00020123 -0.00115967 -0.00297546 -0.00098419 -0.00352478 -0.00224304 -0.00138092 -0.00309753 -0.00088501 -0.00101471 0.00096130 -0.00231934 -0.00073624 -0.00177765 -0.00294495 -0.00027084 -0.00221252 -0.00181580 -0.00021839
0.00124359 -0.00418091 -0.51562500 -0.83203125 0.37695312 0.14062500 0.39843750 0.02697754 -0.22167969 -0.29687500 -0.10009766 -0.12597656 -0.41601562 -0.23632812 0.05102539 -0.12988281 -0.08886719 0.07714844 0.00053406 0.09375000 -0.46679688 0.16308594 -0.00096512 -0.18359375 -0.12890625 0.39843750 0.23535156 0.08056641 0.00007582 -0.17187500 0.10156250 0.10595703 -0.26171875 0.00001258 -0.00039864 -0.31445312 -0.13476562 0.00059891 -0.00023651 0.01477051 -0.00062180 0.09716797 0.18164062 0.05664062 -0.25000000 -0.34179688 0.01708984 0.19140625 -0.51171875 -0.37500000 0.06396484 -0.02954102 0.11865234 0.15136719 0.58203125 0.30078125 0.00140381 -0.04345703 -0.34765625 0.09521484 -0.01031494 -0.52343750 0.00903320 -0.36718750 -0.06030273 0.05615234 -0.68750000 -0.56250000 0.17480469 -0.00039101 0.00004816 -0.44335938 0.00151062 -0.19921875 -0.25585938 -0.32812500 0.00138092 -0.18164062 -0.41992188 0.06689453 0.26757812 0.00057220 0.00034714 -0.16113281 -0.08789062 -0.00079346 0.00060272 0.08447266 -0.40234375 -0.04150391 0.10205078 0.53515625 -0.00994873 -0.33398438 -0.30664062 0.34375000 -0.08984375 0.11767578 -0.40234375 -0.12353516 -0.08251953 -0.26953125 0.00119781 -0.18359375 -0.53515625 -0.17089844 0.00297546 0.29687500 0.00034523 0.57031250 0.00104523 0.08349609 -0.08154297 -0.16601562 0.06933594 -0.14843750 0.00860596 0.14160156 -0.52734375 -0.25195312 0.00075912 -0.11865234 -0.32617188 -0.47460938 -0.26562500 0.39843750 0.11816406 -0.59765625 0.06640625 -0.18359375 0.58984375 -0.03320312 0.00036430 0.21386719 0.01745605 -0.49804688 -0.53125000 0.00098419 -0.40625000 0.46289062 0.03393555 0.00110626 0.02954102 -0.00036621 -0.00018406 0.08105469 -0.31640625 0.11083984 0.71093750 -0.22753906 0.01696777 0.13476562 -0.15917969 -0.00035095 -0.08203125 -0.23144531 -0.40234375 0.08691406 0.00006056 -0.01867676 0.22558594 -0.03320312 0.00482178 -0.33789062 0.11035156 0.10253906 0.05566406 0.00148010 -0.11474609 0.28515625 0.06933594 0.00151825 0.32617188 0.23828125 -0.52734375 -0.31640625 0.13671875 0.06250000 0.92187500 0.37890625 -0.14062500 -0.25390625 -0.63281250 -0.32226562 -0.39257812 0.32031250 0.17675781 -0.81250000 -0.26367188 -0.00059891 0.09960938 0.00171661 0.07861328 0.00118256 -0.37695312 0.00134277 0.66796875 -0.45703125 -0.42187500 -0.02929688 0.02551270 -0.12402344 -0.00074387 0.06030273 -0.11572266 -0.10693359 -0.59375000 -0.45507812 0.24804688 -0.00108337 -0.00031090 -0.10253906 0.08642578 0.00048065 -0.35351562 0.18847656 0.00062561 0.09716797 -0.24511719 -0.18359375 0.31445312 0.17089844 0.45312500 0.54687500 0.00115967 -0.36132812 0.00094604 -0.00033951 0.19335938 0.26367188 -0.00015831 -0.30078125 -0.17578125 -0.15039062 -0.36523438 0.33593750 -0.16992188 0.03979492 -0.04150391 -0.30859375 -0.56250000 0.01483154 0.09033203 0.00142670 0.35546875 -0.33984375 0.00061035 0.00044060 -0.10058594 0.03637695 0.07763672 0.09667969 -0.00088501 -0.08789062 0.02050781 -0.58203125
0.00147247 0.20214844 0.13281250 -0.27148438 0.21484375 0.07714844 0.51171875 0.12207031 0.17187500 0.27734375 0.17382812 0.29101562 0.08691406 0.11230469 0.15722656 -0.61328125 0.28320312 0.14843750 0.00027084 -0.46875000 -0.06347656 0.16992188 -0.00142670 0.31445312 0.15722656 0.16699219 0.14746094 0.01391602 0.00021648 -0.58203125 0.10839844 0.14355469 -0.32812500 -0.00020409 0.00022507 -0.33007812 -0.32421875 0.00007582 0.00062180 0.02062988 0.00143433 0.03906250 -0.31835938 -0.03247070 0.07470703 -0.54296875 0.08447266 0.12304688 -0.00595093 -0.64062500 -0.06787109 0.12695312 -0.61718750 0.11474609 0.34765625 0.03344727 0.00085831 -0.05493164 -0.72656250 -0.13085938 0.10400391 -0.58203125 0.12207031 0.05346680 -0.51171875 -0.05810547 -0.00939941 0.13281250 0.12255859 0.00124359 0.00156403 -0.06176758 0.00135803 0.28515625 0.36132812 0.01452637 -0.00036240 0.15332031 -0.39453125 0.26367188 0.44921875 0.00007582 0.00034904 0.32812500 0.07861328 -0.00268555 -0.00068283 -0.03784180 0.14453125 0.18457031 0.30664062 0.08349609 -0.40039062 -0.56640625 -0.53515625 0.05249023 0.30859375 -0.33007812 0.34179688 -0.02661133 0.31054688 -0.60937500 0.00103760 -0.16308594 -0.01440430 0.37109375 -0.00144958 0.60156250 -0.00048256 -0.11279297 0.45703125 0.21777344 0.26953125 -0.69140625 0.04443359 0.16015625 0.01306152 -0.23828125 -0.43554688 0.15332031 0.00053406 0.00714111 -0.05688477 -0.04711914 -0.67187500 -0.01977539 -0.12792969 -0.61718750 -0.20800781 -0.37890625 0.52343750 -0.00191498 0.00009918 0.23925781 0.06201172 -0.72265625 -0.38867188 -0.00020981 -0.76171875 0.20117188 0.00952148 0.00001693 -0.10205078 0.00055695 0.00128937 0.17675781 -0.09472656 0.06494141 -0.13085938 0.04125977 0.07031250 0.18847656 0.06445312 -0.00177002 0.08447266 0.07373047 0.21386719 0.19726562 0.00119019 0.47070312 0.31640625 0.04345703 -0.01684570 -0.34960938 -0.17871094 -0.11767578 0.08105469 0.00076294 0.13671875 0.24511719 -0.21484375 -0.00065994 0.07373047 0.18652344 -0.03393555 0.09765625 0.23242188 -0.26171875 0.73828125 -0.69531250 0.15429688 0.00166321 -0.16015625 -0.92187500 -0.55078125 0.07373047 0.00970459 -0.37890625 -0.66406250 0.00167084 -0.04443359 -0.00051498 0.06591797 0.00138855 0.00469971 -0.00029182 0.48242188 -0.17968750 -0.96875000 -0.01147461 -0.00836182 -0.10205078 -0.00069809 -0.12597656 -0.22167969 0.00024796 -0.51562500 -0.06835938 -0.11474609 0.00160980 -0.00049210 0.10937500 0.17382812 0.00163269 -0.69140625 -0.16601562 0.00189972 -0.38281250 -0.43945312 -0.57421875 0.03808594 0.12109375 0.19433594 0.07031250 0.00046539 -0.96875000 0.00011396 -0.00012684 -0.68750000 -0.55468750 0.00161743 -0.08593750 -0.61718750 0.19628906 0.12158203 0.20605469 -0.01708984 0.05395508 0.03759766 -0.64062500 -0.59375000 0.09667969 -0.05297852 0.00047112 0.47851562 0.04394531 0.00005817 -0.00070572 -0.13085938 -0.02783203 -0.15234375 0.01397705 -0.00099945 -0.01660156 0.03735352 0.01647949
-0.00086975 0.09814453 -0.08642578 0.02966309 0.06396484 0.00595093 0.06079102 0.19140625 0.07470703 -0.10839844 0.08740234 -0.05957031 0.11181641 0.13476562 -0.20605469 -0.18066406 0.11914062 0.09277344 0.00180817 0.03979492 0.10839844 0.07910156 0.00076675 -0.04052734 0.13476562 0.22558594 -0.04614258 -0.19238281 -0.00106812 -0.06982422 -0.30273438 0.09472656 -0.07666016 0.00140381 0.00131989 0.10693359 -0.14355469 -0.00044823 0.00028610 0.00988770 -0.00077438 0.07324219 0.04687500 -0.03125000 -0.09716797 -0.01562500 0.13476562 0.04785156 -0.04956055 -0.02636719 -0.02685547 0.01324463 -0.15136719 0.08642578 0.06738281 -0.31640625 0.00099945 0.04101562 -0.00909424 -0.10937500 0.15234375 0.07275391 0.00738525 -0.13085938 -0.25781250 0.05712891 0.01354980 -0.06225586 -0.23046875 0.00070953 0.00065231 0.06640625 -0.00017071 0.09472656 -0.01879883 -0.01818848 0.00015640 0.04541016 0.02709961 0.07617188 0.14648438 -0.00061035 -0.00055695 -0.04418945 0.13476562 -0.00097656 0.00131989 -0.08203125 0.15429688 0.06298828 0.12890625 -0.25976562 -0.42968750 -0.00982666 0.03710938 -0.18164062 -0.03295898 0.04760742 -0.30468750 0.07812500 -0.11523438 0.08544922 -0.00072479 -0.17382812 0.01464844 0.13085938 0.00308228 -0.06347656 0.00151062 -0.24023438 -0.16503906 0.12353516 0.13671875 0.10742188 0.01892090 0.16406250 0.12792969 -0.06445312 0.01916504 0.25195312 0.00099182 -0.12597656 -0.13378906 -0.04394531 0.05517578 0.06396484 -0.25781250 0.12060547 0.00418091 -0.10693359 -0.22656250 0.00582886 -0.00000274 -0.18652344 -0.07910156 -0.07617188 0.04858398 -0.00022316 0.02990723 -0.16406250 0.04638672 -0.00007820 0.00640869 0.00193787 0.00053406 0.15820312 -0.17968750 0.09716797 0.15136719 0.12060547 0.13085938 -0.09228516 0.12255859 -0.00177765 -0.05737305 0.15722656 -0.04101562 0.09326172 -0.00043297 -0.10546875 -0.07226562 0.00158691 0.19726562 -0.04809570 -0.01135254 -0.05810547 -0.04321289 -0.00102234 -0.09179688 0.15917969 0.02148438 0.00057602 0.20019531 0.01055908 0.07861328 0.16113281 -0.10449219 0.02685547 -0.11669922 -0.15429688 0.09130859 0.15039062 -0.10253906 -0.05786133 0.07226562 -0.25195312 0.05322266 0.33203125 0.10791016 0.00111389 -0.07031250 -0.00063324 0.04443359 -0.00081635 -0.10791016 -0.00114441 -0.07324219 0.16601562 -0.01635742 -0.06835938 -0.04907227 -0.00241089 -0.00169373 0.13281250 -0.07812500 -0.12890625 0.10498047 0.06445312 -0.25390625 -0.00109100 -0.00016785 0.10107422 -0.02758789 0.00000501 -0.01062012 -0.03393555 -0.00052643 -0.01452637 -0.12304688 -0.08300781 0.03979492 0.08251953 0.04931641 -0.26562500 -0.00065613 -0.03149414 -0.00071335 -0.00109863 -0.40234375 0.16894531 -0.00014400 -0.38281250 -0.02526855 0.08496094 0.02160645 0.17382812 -0.13867188 0.08544922 -0.03295898 -0.03173828 0.02111816 0.02685547 0.07617188 0.00129700 0.02685547 -0.11328125 0.00093079 0.00059891 -0.03247070 0.03906250 -0.03063965 0.07910156 0.00020313 -0.04809570 0.01348877 -0.01770020
-0.00044060 -0.00042725 0.00000301 -0.00076294 -0.00028610 -0.00160980 0.00054550 -0.00002420 0.00003862 0.00036812 -0.00065994 -0.00020218 0.00076294 0.00036049 -0.00085068 0.00120544 -0.00138855 -0.00035286 -0.00027847 -0.00093842 0.00059128 -0.00129700 0.00141144 0.00059891 -0.00174713 0.00076294 -0.00142670 -0.00168610 0.00070190 0.00086212 -0.00172424 -0.00166321 -0.00170898 -0.00114441 -0.00063324 -0.00010538 -0.00131226 -0.00122833 -0.00096512 0.00095367 -0.00063324 -0.00136566 -0.00085068 -0.00102234 -0.00066757 -0.00148010 -0.00025558 0.00014305 -0.00035858 0.00089264 -0.00111389 -0.00173187 -0.00154877 -0.00097656 -0.00094604 0.00052643 0.00041771 -0.00069427 0.00079346 -0.00170135 -0.00110626 0.00132751 -0.00065231 0.00073624 0.00035858 0.00011587 0.00018311 -0.00127411 -0.00090408 0.00024986 -0.00065613 -0.00057602 -0.00006056 -0.00016785 -0.00148773 -0.00122070 -0.00059891 -0.00061417 -0.00048256 -0.00006056 0.00117493 0.00112915 -0.00052643 -0.00091171 0.00122833 -0.00128937 -0.00086212 0.00057602 -0.00090408 0.00025177 0.00109863 -0.00093460 0.00118256 -0.00092316 -0.00130463 -0.00141907 0.00065994 -0.00053787 -0.00035858 -0.00146484 0.00022125 0.00041962 -0.00048256 0.00083160 0.00008583 0.00034142 -0.00072479 0.00068665 -0.00097656 -0.00128937 -0.00082016 -0.00138092 -0.00130463 -0.00024605 0.00109863 -0.00109863 0.00010395 0.00037193 0.00003552 -0.00062561 -0.00073242 0.00038147 -0.00037384 -0.00097275 0.00058365 0.00097275 0.00102234 0.00059891 0.00083542 -0.00012493 0.00062561 -0.00011539 -0.00008821 -0.00048828 0.00109100 -0.00071335 0.00110626 -0.00083160 0.00056076 -0.00112152 -0.00008154 -0.00042343 -0.00142670 -0.00176239 0.00082016 -0.00115204 -0.00043869 0.00026703 -0.00067902 -0.00085068 0.00111389 -0.00051498 -0.00151062 -0.00147247 -0.00121307 -0.00052261 -0.00098419 0.00058746 -0.00164795 0.00011301 -0.00157166 0.00106812 -0.00068283 -0.00149536 -0.00118256 -0.00100708 -0.00115204 -0.00076675 -0.00096893 0.00028038 -0.00014305 -0.00040627 -0.00170135 0.00024986 0.00120544 -0.00023079 0.00090027 0.00091171 -0.00114441 -0.00106049 0.00051880 -0.00065613 0.00100708 -0.00116730 -0.00122833 0.00074768 0.00098419 0.00018311 0.00117493 -0.00171661 0.00109863 0.00069046 -0.00106812 0.00102234 -0.00162506 -0.00035667 -0.00030899 -0.00106049 0.00112915 0.00066757 -0.00102234 -0.00109863 0.00123596 0.00114441 -0.00175476 0.00047112 0.00042725 0.00097656 0.00109100 -0.00139618 0.00082779 0.00071716 0.00062561 0.00069809 -0.00145721 -0.00019741 -0.00159454 -0.00004816 -0.00001180 -0.00126648 -0.00118256 0.00072098 -0.00125885 -0.00054932 -0.00130463 -0.00043488 0.00026321 0.00109100 0.00040817 0.00078583 -0.00077438 -0.00090408 0.00062180 0.00044441 -0.00006080 -0.00109100 -0.00027466 0.00122070 -0.00090027 -0.00178528 0.00030136 -0.00153351 -0.00173950 -0.00154877 0.00039864 -0.00107574 0.00056839 0.00046730 -0.00131226 0.00096130 -0.00160980 -0.00057602 -0.00053406 -0.00042915 -0.00122833 0.00135803
0.00122833 0.05419922 -0.03149414 0.07568359 0.19140625 -0.01293945 0.05053711 0.14453125 0.08203125 -0.13378906 0.28320312 0.26562500 0.07958984 0.13964844 0.49023438 -0.06982422 -0.50390625 0.18261719 0.00011063 -0.00988770 0.01379395 0.11767578 -0.00170898 0.10253906 0.02380371 0.07421875 -0.49023438 0.03466797 -0.00059509 -0.06127930 -0.00793457 0.10791016 -0.22949219 0.00073624 0.00030518 -0.07568359 -0.00891113 -0.00177765 -0.00040817 -0.13476562 -0.00046539 -0.01556396 0.00781250 -0.03222656 -0.05834961 -0.01257324 0.07812500 0.00445557 0.01141357 0.00656128 -0.10546875 -0.08056641 0.02075195 -0.05786133 -0.01129150 -0.32226562 -0.00023079 0.04858398 0.05883789 -0.21972656 0.13574219 -0.14257812 0.09570312 -0.02917480 -0.32031250 0.05810547 -0.05126953 -0.02441406 0.09326172 0.00141144 -0.00011301 -0.06689453 0.00109100 0.07470703 0.01556396 0.46875000 0.00157166 0.02416992 -0.19921875 -0.02014160 0.09179688 -0.00095749 0.00135803 -0.03857422 0.09814453 -0.00135803 0.00105286 -0.03808594 0.13476562 0.16113281 0.06152344 -0.65234375 0.18457031 -0.01879883 0.03442383 -0.09716797 -0.09960938 0.12304688 0.20800781 0.03588867 -0.01635742 -0.12207031 0.00003672 -0.00343323 -0.07763672 0.06347656 0.00294495 -0.05102539 -0.00051498 -0.15625000 0.04296875 -0.20605469 0.09423828 -0.00262451 0.04541016 0.12255859 -0.07226562 0.07421875 0.03002930 0.12792969 -0.00084305 -0.04736328 -0.01055908 -0.01562500 0.06591797 -0.05590820 -0.63281250 -0.09326172 -0.03808594 -0.08642578 -0.03759766 -0.06835938 0.00069809 -0.00711060 -0.05932617 0.03247070 -0.15527344 0.00106049 0.00811768 -0.75390625 0.04003906 0.00023079 -0.14941406 0.00171661 0.00169373 0.15625000 0.01696777 0.03088379 0.01318359 0.09912109 0.04174805 0.36718750 0.11523438 -0.00169373 -0.08056641 0.12988281 -0.08789062 0.03540039 0.00114441 -0.05517578 0.04150391 -0.00411987 0.16601562 0.00756836 0.03540039 0.04516602 0.05249023 0.00037956 -0.03613281 0.09716797 0.25195312 0.00121307 0.09130859 -0.03076172 -0.00149536 0.08984375 -0.04760742 0.32226562 -0.45898438 -0.21191406 0.04907227 0.03881836 -0.13867188 -0.03320312 -0.07714844 -0.55468750 0.05761719 0.15820312 0.17480469 -0.00028992 -0.36718750 -0.00015068 0.09667969 -0.00033760 0.02783203 0.00137329 -0.33593750 0.13964844 -0.05712891 -0.06396484 -0.02270508 -0.16015625 0.00002658 -1.70312500 -0.08837891 -0.06591797 -0.16308594 0.00674438 -0.09521484 0.00115967 -0.00117493 0.03833008 -0.04565430 0.00147247 -0.05517578 -0.01684570 -0.00080490 0.02050781 -0.04907227 -0.24023438 -0.07226562 0.09570312 0.01928711 -0.64062500 0.00072861 -0.02050781 0.00158691 -0.00027084 0.09130859 0.04052734 0.00080872 -0.98437500 0.03442383 0.11425781 -0.04638672 -0.06396484 -0.08349609 0.07861328 0.04809570 -0.22851562 -0.06079102 0.03613281 0.03759766 -0.00027275 -0.23144531 -0.02502441 -0.00114441 -0.00075150 0.23828125 -0.07519531 0.04760742 0.10107422 -0.00029755 0.00491333 -0.05053711 -0.00244141
0.00173187 0.10058594 -0.01171875 -0.34375000 -0.10595703 -0.03857422 -0.07470703 -0.07714844 0.02819824 0.01782227 -0.01831055 -0.02795410 -0.17187500 -0.18847656 -0.00903320 0.03320312 -0.01306152 0.00753784 0.00066376 0.05004883 0.07714844 0.13671875 0.00009251 0.04467773 0.01519775 -0.10546875 -0.12890625 -0.67187500 -0.00091553 0.02343750 -0.08056641 -0.07226562 -0.02807617 -0.00006247 0.00053024 -0.00976562 0.03393555 0.00095367 -0.00077820 -0.07470703 -0.00053024 -0.05078125 0.00357056 0.11279297 0.40625000 -0.05859375 -0.01684570 0.14062500 -0.06005859 -0.04760742 -0.01470947 -0.03173828 -0.03833008 -0.08789062 -0.02722168 0.14062500 -0.00062180 0.00662231 -0.04003906 -0.05688477 -0.02099609 -0.06225586 -0.00866699 -0.38476562 -0.09716797 0.05688477 -0.05688477 -0.04589844 -0.07373047 0.00007629 0.00074768 -0.01251221 0.00112915 0.01586914 0.00576782 -0.00970459 0.00053787 0.03833008 0.08398438 -0.20507812 -0.04541016 -0.00085831 0.00053406 -0.01025391 -0.06494141 -0.00250244 0.00000685 0.28320312 -0.05346680 -0.00424194 0.06884766 -0.12988281 0.24121094 -0.02832031 -0.02526855 -0.20410156 -0.03222656 0.04345703 -0.04638672 -0.01281738 -0.02343750 0.07226562 -0.00087357 -0.06884766 0.69921875 -0.00909424 -0.00239563 -0.10205078 -0.00007343 -0.06298828 -0.00619507 0.18261719 -0.13378906 0.10791016 -0.00994873 -0.13867188 -0.04980469 0.00567627 0.04638672 -0.07812500 0.00116730 0.12158203 0.02978516 0.00982666 -0.06054688 -0.08007812 -0.04711914 -0.06396484 -0.03613281 -0.03051758 -0.00714111 0.02624512 0.00162506 -0.00823975 -0.00756836 0.11572266 0.05126953 0.00041008 0.02917480 -0.13769531 -0.03515625 0.00008774 -0.01745605 0.00021648 0.00151825 -0.08642578 -0.00204468 0.00683594 0.29882812 -0.20898438 0.03063965 0.12597656 -0.07958984 0.00044441 -0.00878906 -0.04028320 0.03491211 -0.01867676 0.00082397 0.00222778 0.01159668 -0.01141357 -0.06152344 -0.05444336 -0.05566406 -0.09375000 -0.01464844 0.00006199 0.04736328 -0.03320312 -0.01055908 -0.00104523 0.01892090 0.28710938 -0.14453125 -0.17089844 1.37500000 -0.01794434 -0.17187500 0.13378906 0.11865234 -0.00131226 0.01416016 -0.09375000 0.01300049 0.10253906 -0.05590820 0.06347656 -0.01745605 0.00107574 0.00500488 0.00018692 -0.03515625 -0.00011444 0.65625000 0.00066376 -0.11035156 0.03637695 -0.02502441 0.00592041 0.21386719 -0.01953125 -0.00123596 0.02612305 0.01055908 -0.52343750 0.02172852 -0.09472656 -0.08789062 0.00064850 0.00047874 -0.00891113 0.06347656 -0.00101471 -0.00915527 0.02734375 0.00171661 -0.00167847 -0.12792969 -0.02868652 -0.10400391 0.06201172 -0.13574219 -0.10058594 -0.00022888 0.01129150 0.00076675 0.00103760 0.01867676 -0.02526855 -0.00073624 0.07080078 0.00375366 -0.05175781 -0.09960938 0.39843750 -0.05957031 -0.01647949 0.01745605 0.01214600 -0.01080322 -0.05346680 -0.58984375 -0.00052643 -0.00976562 -0.32421875 0.00101471 -0.00242615 -0.01770020 0.00708008 0.01794434 -0.04028320 -0.00005078 0.10205078 -0.01611328 -0.01977539
0.00106812 -0.00136566 0.00070572 -0.00155640 0.00022411 -0.00054169 -0.00050735 0.00007296 -0.00142670 -0.00048828 -0.00110626 0.00107574 0.00033951 0.00006485 0.00037193 -0.00098419 -0.00007057 -0.00129700 -0.00096512 0.00056839 0.00010300 0.00019264 0.00108337 -0.00167847 0.00014210 -0.00165558 -0.00112152 0.00109100 -0.00007057 0.00082779 0.00084305 0.00075150 0.00042343 -0.00005317 -0.00138092 0.00080490 0.00086975 0.00030708 0.00103760 0.00037766 -0.00048256 -0.00157928 0.00060272 -0.00003052 -0.00144958 -0.00122833 0.00046921 -0.00026512 0.00108337 0.00015926 0.00028419 -0.00041008 0.00001550 0.00038528 -0.00035477 -0.00143433 0.00086975 -0.00113678 -0.00096893 0.00022411 0.00045586 -0.00180817 0.00090408 -0.00138855 -0.00108337 -0.00054550 -0.00031853 -0.00062561 -0.00160980 -0.00041771 0.00034714 -0.00162506 -0.00050735 -0.00120544 0.00031662 -0.00041199 -0.00168610 0.00106812 -0.00016117 -0.00027275 -0.00086975 0.00110626 -0.00110626 -0.00023270 -0.00137329 0.00089264 -0.00047112 0.00054932 -0.00038338 0.00045967 -0.00148010 -0.00160980 -0.00040054 -0.00144196 0.00040817 -0.00138855 -0.00119019 -0.00125885 0.00019836 0.00082779 -0.00039673 -0.00043678 0.00103760 0.00056076 -0.00154114 -0.00036621 0.00048256 -0.00067902 -0.00144196 0.00051117 0.00016117 0.00114441 -0.00106049 0.00042725 0.00086594 0.00073242 -0.00125122 0.00040817 0.00099182 0.00021935 -0.00012970 -0.00126648 -0.00049210 0.00109100 -0.00064468 -0.00183105 -0.00017548 0.00063705 -0.00153351 -0.00017452 0.00018883 -0.00007629 0.00083542 0.00126648 -0.00175476 -0.00001281 0.00002635 0.00083160 -0.00125885 0.00068665 -0.00134277 0.00029373 -0.00099182 0.00117493 0.00131989 -0.00159454 -0.00178528 -0.00042725 -0.00119019 -0.00148010 0.00020218 0.00059891 -0.00074005 0.00041962 -0.00189972 -0.00009775 0.00113678 -0.00180054 -0.00056458 -0.00114441 -0.00071716 -0.00013065 -0.00072098 0.00063705 -0.00053787 0.00051880 -0.00166321 -0.00102997 -0.00106812 0.00089645 -0.00021648 -0.00138092 -0.00159454 -0.00091553 0.00096130 -0.00080872 0.00014496 -0.00006676 -0.00026321 -0.00154877 0.00037003 0.00088120 -0.00160217 -0.00135803 -0.00122833 -0.00088882 -0.00113678 -0.00172424 0.00052261 0.00073624 0.00007772 -0.00119019 -0.00030518 0.00007677 0.00071716 -0.00100708 -0.00119781 -0.00067139 0.00108337 0.00061035 -0.00038528 -0.00060654 0.00115967 -0.00145721 0.00053024 -0.00151825 0.00078964 0.00091171 0.00060654 -0.00047493 -0.00114441 -0.00154114 0.00042343 -0.00120544 -0.00058746 0.00032425 -0.00039864 -0.00080109 -0.00070572 -0.00010300 0.00062561 0.00001079 -0.00148773 0.00034523 -0.00037193 -0.00135803 -0.00122070 -0.00119019 0.00100708 -0.00082779 -0.00104523 0.00066757 -0.00038719 -0.00085449 -0.00142670 -0.00084305 0.00063705 -0.00125885 -0.00055313 -0.00160980 0.00003529 0.00133514 0.00085068 0.00013542 -0.00092697 -0.00008631 -0.00087357 0.00075150 0.00025749 0.00024128 -0.00108337 -0.00035477 0.00112915 -0.00065613 -0.00019550 -0.00035858
-0.00122070 0.03930664 -0.03686523 -0.47265625 0.13476562 -0.00503540 -0.01818848 -0.03198242 -0.01916504 0.05395508 -0.00650024 0.02343750 -0.05419922 -0.06689453 0.01684570 -0.01928711 -0.03491211 -0.01007080 0.00003457 0.05810547 -0.02099609 0.04077148 -0.00009489 -0.05224609 -0.01342773 0.20410156 0.06542969 -0.47656250 0.00065613 -0.03039551 0.03759766 -0.04077148 -0.06005859 0.00063705 -0.00131989 -0.02404785 0.02539062 0.00029373 -0.00098419 -0.06347656 -0.00128937 0.04345703 0.05346680 0.31640625 -0.14746094 -0.03063965 -0.01391602 0.03906250 -0.04492188 -0.06079102 0.03515625 0.05053711 -0.02099609 0.01831055 0.00408936 0.25390625 0.00121307 0.00175476 0.00738525 0.06835938 0.08349609 -0.02636719 0.04052734 -0.09814453 0.16894531 0.05786133 -0.05249023 0.03112793 -0.07275391 -0.00106049 -0.00011587 0.03540039 -0.00166321 -0.00300598 0.07812500 0.02099609 0.00102997 0.05273438 0.03149414 0.07031250 -0.05395508 -0.00027466 -0.00035286 0.06494141 -0.12011719 -0.00239563 -0.00285339 0.61718750 -0.05029297 0.05200195 -0.03857422 -0.10742188 0.03564453 -0.03662109 -0.01794434 -0.29492188 0.05615234 0.05126953 -0.03857422 -0.01562500 -0.01281738 0.00891113 0.00017262 -0.01037598 -0.33007812 0.00753784 0.00033760 -0.09960938 -0.00047874 -0.36914062 0.01031494 0.12011719 -0.01336670 0.06591797 -0.01397705 -0.09814453 0.00071335 0.00485229 -0.04077148 0.03247070 0.00073242 0.20214844 0.12207031 0.00555420 0.00619507 0.28710938 0.05078125 -0.03784180 -0.01904297 -0.02075195 -0.02954102 0.02038574 0.00057220 -0.01611328 -0.01141357 0.04956055 -0.00057220 0.00010300 0.02355957 0.04223633 0.02575684 -0.00047112 0.01953125 0.00056076 -0.00004363 -0.00646973 -0.07861328 -0.03198242 0.30078125 -0.16406250 -0.05322266 0.20312500 -0.09179688 0.00049210 0.00872803 -0.00811768 -0.03369141 -0.02880859 0.00101471 -0.00167847 -0.05249023 0.00540161 -0.10791016 -0.03442383 -0.05419922 -0.01251221 -0.00595093 0.00128937 -0.02258301 -0.00964355 -0.03393555 -0.00069046 0.18554688 0.20507812 -0.03564453 -0.06884766 -1.23437500 -0.03076172 -0.03393555 -0.15136719 0.01708984 -0.04711914 -0.08984375 0.00265503 0.00473022 0.05322266 0.07666016 0.05273438 0.05834961 -0.00103760 0.02331543 0.00017071 0.02709961 0.00106812 -0.08300781 -0.00002611 -0.03808594 0.05541992 -0.00466919 -0.00540161 0.33203125 -0.00020218 -0.00105286 0.03979492 -0.02868652 -0.12207031 0.02172852 -0.01037598 0.00775146 -0.00323486 0.00014687 -0.01660156 0.08056641 0.00057220 -0.02783203 0.00469971 0.00096130 0.03295898 -0.05273438 -0.02270508 0.06250000 0.01855469 -0.19238281 -0.10253906 0.00151062 -0.01232910 0.00111389 -0.00179291 -0.03112793 -0.09765625 -0.00072098 0.08056641 -0.02331543 -0.04711914 -0.04296875 0.48437500 0.18359375 0.03015137 -0.00726318 0.01611328 0.02587891 -0.07226562 -0.29296875 -0.00015640 -0.01660156 0.03295898 0.00046921 0.00088120 -0.02966309 0.01953125 0.04614258 0.00692749 0.00005150 0.20312500 0.02380371 0.03564453
0.00041199 -0.06250000 0.06030273 0.01770020 0.00358582 -0.00836182 -0.01232910 -0.02526855 0.00126648 0.02636719 0.17187500 -0.03759766 -0.03540039 -0.07666016 -0.20117188 0.19042969 -0.33789062 0.21191406 0.00139618 0.19238281 -0.02001953 0.05834961 0.00013733 -0.01385498 0.03417969 0.10351562 -0.33789062 -0.08593750 0.00023079 0.04516602 0.00534058 0.03088379 0.04663086 0.00078583 0.00103760 -0.01953125 0.21679688 0.00128937 0.00004649 -0.24218750 0.00169373 0.15234375 0.16894531 -0.00436401 -0.02148438 -0.02111816 0.05737305 -0.04516602 0.00120544 0.03320312 -0.10937500 -0.20996094 0.51171875 -0.00677490 -0.05078125 -0.03198242 0.00151062 0.01770020 0.01708984 -0.02185059 0.12695312 0.08789062 -0.45507812 0.00029945 -0.10205078 0.05590820 -0.02819824 0.08447266 0.05883789 -0.00050354 0.00068665 0.01806641 -0.00120544 0.10351562 0.16113281 0.10888672 0.00083160 0.02355957 0.12890625 -0.03784180 -0.07861328 0.00150299 0.00049973 0.17285156 -0.02453613 -0.00195312 -0.00158691 -0.03320312 -0.05249023 -0.32617188 0.01007080 -0.24414062 0.01226807 0.13281250 0.03613281 -0.08837891 0.07080078 -0.08496094 0.10156250 -0.47851562 0.13574219 0.08398438 0.00066757 0.10205078 -0.02954102 -0.01647949 -0.00070953 -0.11132812 0.00114441 -0.04882812 0.08740234 -0.39257812 -0.02160645 -0.10742188 0.04956055 0.01501465 0.08691406 -0.08007812 -0.01361084 -0.06030273 -0.00012064 -0.02832031 -0.01495361 0.08789062 -0.01123047 0.08056641 -0.41406250 0.08007812 0.13085938 0.07910156 -0.11425781 -0.29492188 0.00139618 -0.02514648 0.05126953 0.15234375 -0.06542969 0.00005221 0.07128906 -0.45703125 0.09326172 0.00090408 0.33398438 -0.00051498 0.00009632 0.01135254 0.08740234 0.27539062 -0.13281250 -0.01550293 0.01226807 0.24218750 -0.00049591 -0.00160980 0.28125000 -0.00546265 -0.03247070 0.00903320 -0.00025558 0.18554688 0.08642578 0.10986328 -0.25976562 0.13671875 -0.09912109 -0.04101562 0.02600098 -0.00017643 0.01068115 0.05249023 -0.08984375 0.00115967 0.05590820 -0.07519531 0.04028320 -0.01477051 0.18652344 0.19628906 -0.35546875 -0.07812500 -0.03088379 0.02197266 -0.00058365 0.11669922 0.09326172 -0.10351562 -0.91406250 0.07031250 0.11425781 0.00071716 0.07128906 0.00162506 0.01336670 0.00016785 0.03173828 0.00096130 -0.20312500 -0.15527344 0.02246094 -0.20019531 -0.03710938 0.33593750 -0.00189972 -0.49414062 0.12207031 0.00549316 -0.12500000 -0.02404785 0.08398438 0.00076294 -0.00091553 0.01916504 -0.00436401 0.00177765 0.09814453 0.04614258 0.00016022 0.08154297 0.13769531 0.01660156 -0.00184631 0.02038574 -0.05834961 -0.31250000 0.00077057 -0.05566406 -0.00090408 0.00146484 0.13378906 0.16796875 0.00048637 -0.78125000 -0.02380371 -0.00878906 -0.09326172 0.02026367 -0.00872803 -0.32226562 -0.19531250 -0.09423828 0.06982422 -0.03808594 0.00970459 0.00082779 -0.28710938 0.01007080 -0.00157166 0.00032043 -0.98437500 0.02783203 -0.05371094 0.10205078 -0.00105286 0.00113678 -0.45507812 0.00300598
-0.00014305 0.13964844 -0.01733398 0.16015625 0.07421875 0.04248047 0.09423828 0.07324219 0.10449219 0.02526855 -0.04077148 -0.03637695 0.18359375 0.20703125 -0.00367737 0.00665283 -0.06640625 -0.01489258 0.00053024 0.02136230 0.05224609 0.06445312 -0.00105286 0.10107422 0.08789062 -0.19042969 0.01696777 -0.04614258 0.00063705 0.03442383 0.01525879 0.14746094 0.01440430 0.00156403 0.00135803 0.04760742 0.02038574 0.00028801 -0.00009584 0.00026512 0.00014591 -0.06201172 0.01000977 0.01239014 0.07324219 0.02099609 -0.01501465 0.09960938 -0.02539062 0.04492188 -0.04003906 -0.02673340 -0.12060547 0.12597656 0.01977539 -0.08691406 0.00076675 -0.01123047 -0.01330566 -0.00045586 0.07958984 0.01928711 -0.00933838 0.07373047 0.05639648 0.05834961 -0.06689453 0.01208496 -0.08349609 -0.00152588 -0.00119781 0.04980469 -0.00026894 0.08984375 0.03369141 0.04541016 0.00254822 0.04052734 -0.09326172 0.17089844 0.10107422 0.00103760 0.00105286 0.04150391 0.12890625 -0.00215149 -0.00161743 0.06787109 0.07568359 -0.03222656 0.06494141 -0.19042969 -0.08007812 0.04052734 0.05371094 0.09863281 -0.06933594 -0.02124023 0.08398438 -0.06787109 0.05664062 -0.00174713 0.00106049 -0.00360107 0.14355469 0.06103516 0.00069809 0.03015137 -0.00031281 0.16796875 0.03076172 -0.08496094 0.08984375 -0.02539062 0.02734375 0.12304688 -0.07861328 0.06933594 0.05102539 0.07666016 0.00181580 0.06640625 0.06689453 0.02844238 -0.00457764 -0.12792969 0.00836182 -0.00885010 0.04077148 0.01574707 0.11328125 0.01696777 0.00162506 0.05273438 0.02014160 -0.09179688 -0.00021553 0.00028038 0.00964355 0.07958984 0.01019287 0.00056458 -0.02136230 -0.00094223 -0.00057983 0.12890625 0.05957031 -0.04418945 -0.18457031 0.16699219 0.08886719 -0.23339844 0.13085938 -0.00151825 0.00494385 0.08642578 -0.01422119 0.13476562 0.00166321 0.01068115 -0.00823975 0.00860596 0.07812500 0.04199219 -0.05468750 0.05615234 0.02807617 0.00117493 0.04125977 0.14746094 -0.00334167 -0.00017357 -0.08105469 0.10009766 0.14550781 0.14648438 0.08056641 -0.04907227 0.00625610 0.19531250 0.09375000 0.04223633 0.10595703 -0.01538086 0.04736328 -0.07763672 0.00726318 -0.05639648 -0.00106049 0.00080872 -0.00067902 0.00042915 0.01928711 0.00162506 0.07080078 0.00035477 -0.00619507 0.03393555 0.00399780 -0.04663086 -0.07861328 0.00424194 -0.00052261 0.01062012 0.01757812 0.03491211 0.00573730 0.18457031 -0.18847656 0.00349426 0.00117493 0.07080078 0.02087402 0.00153351 -0.00019169 0.02502441 -0.00037575 0.01470947 0.01385498 -0.01660156 -0.04003906 0.10791016 0.18164062 -0.18066406 0.00093842 0.03906250 -0.00075912 -0.00116730 -0.12988281 -0.00087357 -0.00001550 0.02343750 0.09326172 0.13574219 0.00976562 -0.06689453 0.05395508 -0.01574707 0.02624512 -0.05541992 0.02954102 0.13769531 -0.10205078 -0.00060654 0.04199219 0.10253906 0.00004864 -0.00236511 -0.02221680 0.01043701 0.07617188 0.01647949 -0.00038147 0.07031250 0.00047112 0.02502441
-0.00023651 0.00109100 -0.00320435 -0.00064468 -0.00040627 0.00009584 -0.00103760 -0.00078201 -0.00209045 -0.00302124 -0.00288391 -0.00219727 -0.00099182 -0.00366211 -0.00161743 -0.00036812 -0.00263977 -0.00106812 -0.00022984 0.00074005 0.00018215 0.00025368 -0.00081635 -0.00143433 -0.00053024 -0.00058746 0.00057983 -0.00099182 0.00026321 -0.00006580 -0.00289917 -0.00282288 0.00099182 0.00092316 0.00084686 -0.00169373 0.00067902 -0.00027847 -0.00170135 -0.00007343 -0.00160217 -0.00051880 -0.00129700 -0.00334167 -0.00164795 -0.00181580 -0.00294495 -0.00167084 -0.00156403 -0.00120544 -0.00183105 -0.00154877 -0.00052643 -0.00147247 -0.00173187 -0.00142670 0.00085449 -0.00138855 0.00000047 -0.00085831 -0.00168610 -0.00153351 -0.00184631 -0.00135040 -0.00081253 0.00031281 -0.00102997 -0.00037384 -0.00142670 -0.00013351 0.00096893 -0.00167847 0.00040245 -0.00076294 -0.00043678 -0.00106812 0.00072479 -0.00222778 -0.00273132 -0.00013256 -0.00115967 -0.00062180 0.00125122 0.00041580 -0.00090408 -0.00128937 -0.00042534 0.00089264 -0.00090408 -0.00141144 -0.00102997 0.00039101 -0.00180054 -0.00285339 -0.00090027 -0.00222778 -0.00144958 -0.00019741 -0.00167084 -0.00020313 -0.00060272 -0.00088120 -0.00062180 -0.00222778 -0.00164032 -0.00025368 -0.00171661 -0.00118256 0.00038338 -0.00166321 -0.00149536 -0.00119781 -0.00216675 -0.00114441 -0.00219727 -0.00012016 -0.00188446 -0.00035667 -0.00320435 -0.00055695 0.00102234 -0.00323486 -0.00318909 -0.00003934 0.00096130 0.00021267 -0.00196838 0.00044632 -0.00144958 -0.00241089 0.00121307 -0.00177002 -0.00086212 0.00007057 -0.00288391 -0.00081635 -0.00032806 -0.00106812 0.00007343 -0.00091553 -0.00140381 -0.00140381 -0.00096893 -0.00015163 -0.00117493 -0.00102234 -0.00207520 -0.00238037 -0.00090408 -0.00156403 -0.00015736 0.00115967 -0.00106812 -0.00014305 -0.00036621 -0.00156403 -0.00119781 0.00005722 0.00064850 -0.00078964 -0.00098419 -0.00064850 -0.00106049 0.00054932 0.00028610 -0.00231934 0.00063324 0.00019455 -0.00279236 0.00102997 -0.00209045 0.00035095 -0.00125122 -0.00288391 0.00054169 -0.00096130 -0.00105286 -0.00180054 -0.00022125 -0.00315857 -0.00093079 -0.00026703 -0.00117493 -0.00207520 0.00075150 -0.00051880 -0.00291443 -0.00373840 0.00088882 -0.00048637 -0.00123596 -0.00167847 -0.00085449 -0.00129700 -0.00165558 0.00059891 0.00028229 -0.00361633 0.00077438 -0.00244141 -0.00099945 -0.00075912 -0.00119019 -0.00166321 -0.00080109 0.00059891 0.00032806 -0.00173187 -0.00047684 -0.00124359 -0.00153351 -0.00147247 -0.00116730 -0.00077438 -0.00103760 -0.00171661 0.00014591 -0.00079346 -0.00148773 -0.00075912 0.00010204 -0.00244141 0.00001425 -0.00010872 -0.00145721 0.00097656 -0.00094223 0.00099182 -0.00268555 -0.00093460 0.00027466 0.00093079 -0.00109863 0.00096893 0.00030708 -0.00054169 -0.00236511 -0.00013161 -0.00233459 -0.00136566 0.00074387 0.00013256 -0.00146484 -0.00063705 0.00033569 -0.00131989 -0.00154114 -0.00051880 -0.00262451 -0.00049591 -0.00118256 -0.00151062 -0.00010872 -0.00273132 -0.00099182 -0.00260925
-0.00014782 0.00230408 0.06884766 0.10400391 0.10693359 0.00306702 -0.34179688 0.09082031 0.03198242 -0.19531250 -0.12451172 -0.41210938 -0.02575684 0.00830078 -0.26171875 0.00074005 -0.06103516 -0.60546875 0.00081635 -0.10302734 0.15820312 -0.01446533 -0.00077057 -0.25781250 0.04687500 -0.17675781 -0.29296875 -0.04003906 -0.00158691 0.24316406 0.12158203 -0.02050781 0.12353516 0.00132751 0.00192261 0.08447266 -0.06054688 0.00080109 0.00002980 0.11230469 0.00064087 0.13183594 -0.03759766 0.03686523 -0.00570679 0.06347656 -0.75000000 -0.02172852 0.11718750 0.01495361 -0.20507812 -0.08105469 -0.15332031 -0.05981445 -0.31445312 0.02807617 -0.00076294 -0.05419922 0.17968750 -0.20117188 0.05346680 0.13085938 0.10351562 0.01019287 0.18261719 0.05639648 0.19140625 -0.11279297 -0.04980469 0.00158691 0.00044250 0.04711914 -0.00100708 -0.24511719 -0.36523438 0.71093750 0.00147247 0.00289917 -0.01501465 -0.21777344 -0.20996094 0.00077057 -0.00027084 -0.31640625 0.01599121 -0.00312805 0.00021362 -0.00357056 0.03417969 0.25781250 -0.16894531 0.02355957 0.16406250 0.10009766 0.07861328 0.06640625 0.20800781 0.09277344 -0.31445312 0.16503906 -0.28710938 0.06494141 0.00012398 -0.03784180 -0.04980469 -0.13183594 -0.00337219 -0.32421875 0.00027466 -0.16699219 -0.37890625 -0.11523438 -0.18066406 0.08203125 -0.18750000 0.00653076 0.12353516 0.12451172 0.08251953 -0.09326172 -0.00005937 0.01519775 0.03320312 0.12353516 0.44335938 0.34570312 -0.21679688 0.28710938 0.06494141 0.06982422 -0.35351562 0.39843750 -0.00038910 -0.15625000 -0.11328125 0.21679688 0.23144531 -0.00029373 0.23242188 -0.23925781 0.00012970 0.00116730 -0.09619141 0.00104523 -0.00116730 -0.08007812 0.03710938 0.29687500 0.07812500 0.02441406 -0.07666016 0.12353516 0.01104736 -0.00141907 0.26171875 0.00799561 0.11083984 -0.02331543 -0.00077057 -0.35546875 -0.27929688 -0.03442383 -0.29101562 0.14941406 0.18554688 0.13281250 -0.37500000 -0.00023842 -0.16992188 -0.01916504 0.20703125 0.00153351 -0.07910156 -0.01409912 0.00708008 -0.00671387 0.19726562 0.21386719 -0.44921875 0.08398438 0.03173828 -0.05615234 -0.00866699 0.29101562 0.05346680 0.04174805 -0.05224609 0.14648438 0.45898438 -0.00044250 -0.38867188 0.00122070 -0.28320312 0.00117493 -0.03881836 -0.00051880 -0.33593750 0.05908203 0.39453125 0.13964844 -0.01806641 0.03588867 0.00099945 -0.50390625 0.08886719 -0.00233459 0.24707031 0.05615234 0.16015625 0.00230408 0.00010252 0.01770020 0.00491333 0.00136566 0.10986328 0.14160156 0.00060272 0.01171875 -0.05761719 0.12109375 -0.05444336 -0.09716797 0.02087402 0.05908203 0.00026703 -0.03808594 -0.00081253 -0.00070953 0.58593750 0.07226562 0.00108337 -1.06250000 0.18554688 0.01348877 0.11572266 -0.11572266 0.02441406 -0.12890625 0.23632812 0.03637695 0.18554688 -0.00500488 -0.05810547 0.00070572 -0.35156250 0.02539062 -0.00115204 0.00212097 0.46679688 0.14648438 0.07324219 -0.16113281 0.00048447 0.03344727 0.23437500 0.09375000
-0.00014496 -0.05639648 -0.07617188 0.02734375 0.06494141 0.00970459 0.08691406 0.01177979 0.05346680 -0.09863281 -0.12402344 -0.16992188 0.00024605 0.07714844 -0.24218750 0.21679688 -0.19042969 0.21679688 -0.00035095 0.29882812 -0.03417969 -0.00668335 0.00102997 -0.18847656 -0.06298828 0.10742188 -0.02832031 -0.04663086 -0.00125122 0.21093750 0.18652344 -0.03100586 -0.04833984 -0.00101471 -0.00041962 -0.06347656 0.10546875 -0.00000709 0.00142670 -0.12207031 -0.00038719 -0.97265625 0.16894531 0.07470703 0.03320312 0.04956055 -0.16992188 0.02624512 -0.07128906 0.13476562 0.24707031 0.00854492 0.27148438 -0.10253906 -0.08544922 0.15722656 -0.00024986 0.06835938 0.03100586 -0.20605469 -0.05297852 -0.14160156 0.15136719 -0.00540161 0.07617188 -0.05786133 -0.07568359 0.05346680 -0.10595703 -0.00057220 0.00173187 -0.01239014 0.00178528 -0.13378906 0.04907227 0.08398438 0.00049591 -0.01953125 0.10498047 0.03015137 0.04028320 -0.00015354 0.00040817 0.05664062 0.03271484 -0.00045204 -0.00129700 -0.00897217 0.05371094 0.12890625 -0.05224609 -0.05029297 -0.22460938 0.19531250 -0.00726318 -0.25781250 0.23925781 0.23437500 0.11523438 -0.15917969 -0.02929688 0.03857422 -0.00042725 -0.07031250 0.03015137 -0.00218201 0.00292969 0.07421875 -0.00049591 0.33593750 -0.05712891 -0.10595703 -0.10937500 0.03442383 0.16601562 0.01672363 0.15820312 -0.07519531 0.00411987 0.02954102 0.00048447 0.06738281 -0.00878906 -0.03930664 0.03466797 0.27539062 0.08203125 -0.06933594 -0.02270508 0.26757812 0.00020027 -0.57421875 -0.00019741 -0.05468750 -0.10498047 0.08007812 -0.21093750 -0.00042915 0.11132812 -0.06884766 -0.26171875 0.00035858 0.07373047 0.00025749 -0.00066376 -0.04028320 0.07470703 0.44140625 -0.08740234 0.02221680 -0.03979492 0.17382812 0.05590820 -0.00141144 -0.32617188 -0.03051758 0.01989746 -0.01104736 -0.00080872 -0.04052734 0.02758789 0.12792969 -0.18750000 0.13671875 -0.07373047 -0.07519531 -0.77343750 -0.00053024 0.17480469 -0.00582886 -0.03369141 -0.00083542 0.18945312 -0.07666016 -0.10888672 -0.00598145 0.05078125 -0.02282715 -0.03173828 -0.02563477 0.05395508 -0.12890625 -0.21777344 0.08935547 0.00003862 -0.11767578 -0.19042969 -0.09277344 0.01269531 0.00054169 0.45312500 0.00128937 1.33593750 -0.00029373 0.04492188 0.00119019 -0.02917480 -0.08886719 0.00494385 -0.03198242 -0.04296875 0.23046875 -0.00037766 -0.17773438 -0.01794434 0.01831055 0.02709961 -0.06982422 0.00427246 0.00127411 0.00061035 -0.01806641 -0.01696777 0.00244141 0.17578125 -0.08007812 -0.00062180 0.02600098 0.09179688 0.02697754 -0.89843750 0.03271484 0.14453125 -0.05664062 0.00121307 0.18945312 0.00039864 -0.00114441 0.06689453 0.17871094 0.00076294 -0.17285156 -0.00704956 0.05078125 -0.02355957 0.03295898 -0.01068115 0.21875000 -0.00622559 -0.07861328 0.03613281 -0.03906250 0.27343750 -0.00085449 -0.06152344 0.05224609 -0.00096130 -0.00218201 0.44531250 -0.10253906 -0.03247070 -0.05029297 -0.00003386 0.00188446 -0.60937500 -0.04614258
-0.00149536 -0.00078583 -0.00039864 -0.00030327 -0.00103760 -0.00169373 -0.00242615 -0.00068283 -0.00088120 -0.00122833 -0.00186920 -0.00212097 -0.00113678 -0.00172424 0.00006104 -0.00289917 -0.00300598 -0.00080872 -0.00081635 -0.00072861 -0.00148773 -0.00080490 -0.00137329 -0.00119019 -0.00116730 -0.00367737 -0.00199890 -0.00034142 -0.00056076 -0.00183105 0.00099945 -0.00106049 -0.00144196 0.00107574 -0.00005388 -0.00168610 -0.00123596 -0.00056458 -0.00044060 -0.00097656 -0.00130463 -0.00151825 -0.00196838 -0.00119781 -0.00072479 -0.00009680 -0.00077438 -0.00143433 -0.00075531 -0.00065994 -0.00110626 0.00051880 0.00021458 -0.00145721 0.00085831 -0.00363159 0.00015545 -0.00061417 -0.00140381 -0.00296021 -0.00289917 -0.00091553 -0.00178528 -0.00126648 -0.00154114 -0.00017452 -0.00009108 0.00030708 -0.00367737 -0.00063324 -0.00006485 0.00003505 0.00019646 -0.00300598 -0.00188446 -0.00097656 0.00061417 -0.00067139 0.00043869 -0.00387573 -0.00109100 -0.00163269 -0.00016499 -0.00267029 0.00093079 0.00046730 -0.00031281 0.00093842 -0.00352478 -0.00288391 -0.00087738 -0.00078583 -0.00238037 0.00011396 0.00122833 -0.00072861 -0.00078583 -0.00109863 0.00011253 0.00037003 -0.00248718 0.00021076 0.00083542 -0.00132751 -0.00082779 0.00112915 -0.00171661 -0.00018215 -0.00093460 -0.00108337 -0.00133514 -0.00038147 -0.00199890 -0.00227356 -0.00109863 -0.00122833 -0.00144958 -0.00084305 -0.00040436 -0.00061417 0.00068283 0.00097656 -0.00311279 -0.00115967 -0.00358582 -0.00248718 0.00015640 -0.00131989 -0.00043869 -0.00168610 -0.00172424 -0.00225830 0.00110626 0.00108337 -0.00061035 -0.00202942 0.00087738 0.00012589 -0.00028419 0.00034714 -0.00059509 -0.00101471 0.00116730 0.00028801 0.00099945 -0.00024319 -0.00050735 -0.00116730 -0.00241089 -0.00073624 0.00050735 -0.00106812 -0.00131226 0.00063324 -0.00069809 -0.00236511 -0.00156403 -0.00076294 -0.00132751 -0.00133514 -0.00230408 -0.00081253 -0.00040054 -0.00175476 0.00056839 -0.00112152 0.00092697 0.00012207 -0.00096512 -0.00279236 0.00059509 0.00052261 -0.00218201 -0.00188446 -0.00063705 -0.00022697 -0.00148010 -0.00148773 -0.00274658 -0.00016117 -0.00305176 -0.00390625 0.00074005 -0.00112915 -0.00029564 -0.00325012 -0.00176239 0.00128174 -0.00077820 -0.00000557 0.00039864 0.00001222 -0.00059128 -0.00175476 0.00114441 -0.00141907 -0.00162506 0.00020218 -0.00288391 -0.00205994 -0.00174713 -0.00065994 -0.00109863 -0.00087357 0.00045967 0.00027847 -0.00148010 0.00045395 0.00043106 -0.00027466 -0.00062561 -0.00152588 -0.00119781 -0.00167847 0.00084686 -0.00164032 0.00022030 -0.00044632 -0.00125122 -0.00109863 -0.00291443 0.00024223 -0.00177765 0.00080872 -0.00072861 -0.00145721 -0.00135803 0.00093460 -0.00122070 -0.00230408 -0.00014305 0.00092697 -0.00103760 -0.00144958 -0.00108337 -0.00151825 -0.00256348 -0.00145721 -0.00045967 -0.00170898 -0.00231934 -0.00124359 -0.00227356 0.00036621 -0.00067902 -0.00257874 0.00093460 0.00102234 -0.00195312 -0.00205994 -0.00183868 -0.00231934 -0.00076675 -0.00106812 -0.00247192 -0.00027084
0.00079346 -0.01049805 0.03930664 -0.15136719 0.01190186 0.01208496 -0.02111816 0.05395508 -0.02502441 0.05664062 0.00331116 0.04467773 -0.08251953 0.01263428 -0.05273438 -0.02050781 -0.05078125 0.01531982 0.00019073 0.08984375 -0.03564453 -0.02502441 -0.00032806 -0.05566406 0.00927734 0.18945312 0.05175781 -0.07177734 -0.00082397 0.01745605 0.02319336 -0.04687500 -0.00842285 0.00088501 0.00077438 0.05346680 -0.03881836 0.00169373 0.00074387 -0.00518799 0.00145721 -0.01043701 0.09521484 0.22851562 -0.10156250 0.14355469 0.01672363 -0.04736328 0.12890625 -0.06933594 -0.00104523 0.03015137 -0.02502441 0.05029297 0.06933594 0.03344727 -0.00016308 0.00309753 0.01818848 0.01965332 -0.04418945 -0.01855469 -0.00347900 0.25195312 0.07861328 0.05664062 0.06152344 0.04760742 -0.15332031 -0.00070572 0.00072479 -0.04882812 -0.00084686 -0.05175781 0.07421875 -0.03857422 0.00097656 0.01361084 0.08886719 0.01092529 -0.08642578 0.00054932 0.00173187 0.05590820 -0.00035286 -0.00305176 -0.00046730 -0.44335938 -0.04858398 -0.00567627 0.00872803 -0.01251221 0.00646973 0.01928711 -0.03881836 -0.14941406 0.04614258 0.03686523 -0.02661133 -0.03125000 0.02783203 0.03295898 -0.00108337 0.02062988 -1.33593750 -0.01086426 -0.00305176 0.11035156 0.00148010 0.13867188 0.00148010 0.10888672 0.01965332 0.02661133 -0.00021839 -0.02612305 -0.01513672 -0.02380371 -0.01599121 0.01318359 0.00115967 -0.37109375 0.20410156 -0.00219727 0.04760742 0.16503906 0.05419922 -0.01104736 0.01208496 -0.01403809 0.21972656 0.01367188 0.00094604 0.05200195 -0.02929688 0.00830078 -0.01513672 0.00183105 0.00756836 0.04638672 0.01544189 0.00134277 0.00759888 0.00045013 -0.00102997 0.04785156 0.06689453 0.00061798 -0.18652344 -0.11816406 -0.05566406 0.03320312 -0.01660156 -0.00178528 0.00331116 -0.02258301 -0.01434326 -0.06689453 -0.00090027 -0.00367737 0.00318909 -0.00982666 -0.07421875 0.03955078 0.13476562 0.06250000 -0.00793457 0.00122070 -0.00994873 0.00399780 -0.03662109 0.00173950 0.02734375 -0.00234985 -0.03100586 -0.09814453 0.51953125 -0.02258301 0.10498047 -0.09472656 -0.04711914 -0.02880859 -0.01220703 0.05126953 -0.02624512 0.06542969 0.03515625 0.12988281 0.05908203 0.00104523 -0.01446533 0.00136566 -0.00241089 -0.00042534 0.20605469 0.00144958 0.43750000 0.06494141 0.02160645 0.00653076 -2.18750000 -0.00009584 -0.00180817 -0.01696777 -0.03015137 0.10595703 -0.07666016 -0.03320312 0.02868652 0.00347900 0.00057983 -0.07324219 0.41601562 -0.00024223 0.05175781 -0.02697754 0.00040436 0.01196289 0.09716797 -0.01757812 0.01208496 -0.01098633 -0.10595703 -0.00601196 -0.00078201 -0.00132751 0.00126648 0.00062561 -0.01879883 -0.06298828 -0.00160217 0.08251953 -0.01696777 -0.03271484 0.10205078 0.20312500 0.11669922 0.01391602 -0.05175781 0.01098633 0.01831055 -0.05859375 -0.03588867 -0.00005460 0.05639648 0.29101562 -0.00020504 -0.00115204 -0.00970459 -0.00854492 0.00167847 0.02478027 0.00144196 0.09912109 -0.00326538 -0.01403809
-0.00050354 0.00726318 0.03540039 0.12060547 -0.08740234 -0.06982422 0.03063965 0.01171875 0.08056641 0.02758789 -0.06591797 0.02197266 0.13085938 0.13183594 0.04687500 0.07666016 -0.11621094 -0.06298828 0.00101471 0.03515625 0.05981445 0.14550781 -0.00059509 0.17382812 -0.00218201 -0.18652344 0.15039062 0.06250000 -0.00065613 0.08105469 0.04125977 0.07324219 -0.00277710 -0.00070572 0.00049210 -0.00488281 0.09716797 -0.00061798 -0.00058746 0.04223633 0.00135803 -0.05957031 0.00704956 0.00043869 0.06225586 0.04614258 -0.01214600 0.07324219 -0.03662109 -0.02148438 -0.10107422 0.08691406 0.10498047 0.04663086 0.01196289 -0.01525879 0.00005984 0.02246094 -0.06494141 -0.00692749 -0.00276184 -0.06079102 -0.07666016 0.06738281 0.12988281 0.05859375 0.00799561 -0.02331543 -0.01440430 -0.00104523 -0.00058746 -0.03247070 0.00051117 0.03979492 0.04101562 0.09277344 -0.00086975 0.07128906 0.03295898 0.05444336 0.03686523 -0.00083923 -0.00170898 -0.00303650 0.09033203 -0.00078201 -0.00021839 0.16308594 0.07177734 -0.06738281 0.11767578 -0.22460938 -0.14453125 0.07812500 0.07910156 0.11865234 -0.13671875 -0.08593750 0.10546875 0.11669922 0.06591797 0.03588867 0.00064850 0.04760742 0.05590820 0.07617188 0.00034714 -0.07958984 -0.00023365 0.28710938 0.03088379 0.04443359 0.08544922 0.02954102 -0.09423828 0.04711914 -0.13183594 0.01599121 -0.00848389 0.07812500 -0.00168610 0.04882812 0.08154297 0.04638672 -0.06127930 -0.34765625 0.07910156 -0.02014160 0.16406250 0.06933594 0.05151367 0.00567627 -0.00087357 0.00244141 0.02587891 0.03027344 -0.05102539 0.00070953 0.04052734 0.00662231 0.12011719 -0.00112152 0.02502441 -0.00011110 0.00040245 0.11962891 0.18652344 -0.18066406 -0.32226562 0.13574219 0.05395508 -0.22070312 0.08007812 -0.00010109 -0.02575684 0.02453613 0.02893066 0.08886719 0.00154114 0.04760742 0.00123596 -0.08056641 0.18359375 0.14062500 -0.05517578 -0.11621094 0.05541992 -0.00077057 -0.07177734 0.07714844 0.07763672 -0.00010586 -0.40429688 0.11718750 0.10107422 0.10888672 0.19628906 0.01348877 -0.12695312 0.29296875 0.11230469 0.04028320 0.17382812 0.04858398 -0.02197266 -0.00209045 0.11669922 -0.00885010 -0.01965332 -0.00042534 0.14160156 0.00016689 -0.00576782 0.00181580 0.06787109 0.00117493 -0.05371094 -0.04028320 0.01409912 -0.00921631 -0.01324463 -0.08105469 0.00018311 -0.21386719 0.06591797 -0.00769043 -0.02880859 0.10742188 -0.14160156 0.00334167 0.00026703 0.07519531 -0.06079102 0.00239563 0.10595703 -0.01965332 0.00043297 -0.04150391 -0.00872803 -0.12207031 -0.24804688 0.07080078 0.09570312 -0.20996094 0.00122070 0.08691406 -0.00072098 -0.00103760 -0.13671875 0.03784180 -0.00002956 0.01770020 -0.01470947 0.08251953 -0.05786133 -0.10156250 0.04687500 -0.10888672 0.00506592 -0.10937500 -0.01477051 0.11523438 -0.10498047 -0.00014973 -0.03271484 0.07958984 -0.00087738 0.00013256 -0.04589844 -0.02941895 -0.06689453 0.04760742 -0.00028992 0.05151367 0.01263428 -0.04150391
-0.00086212 0.01782227 -0.02087402 0.05590820 -0.00982666 -0.01324463 -0.11279297 0.06787109 -0.03662109 -0.06176758 -0.10986328 -0.21777344 0.06054688 0.02758789 -0.38281250 0.13769531 -0.64453125 -0.02819824 -0.00071716 -0.16406250 -0.08544922 0.08935547 -0.00031471 -0.27734375 0.03857422 -0.02062988 -0.15332031 0.09716797 -0.00022984 0.02404785 0.02197266 0.04907227 0.06396484 0.00061035 0.00075150 0.03515625 0.05273438 -0.00141144 0.00072861 -0.19531250 0.00166321 0.07226562 -0.09472656 0.04736328 0.04882812 0.05957031 -0.00830078 -0.00288391 0.00903320 0.03515625 0.04370117 -0.06884766 -0.13867188 -0.07519531 -0.34960938 -0.09423828 -0.00074387 0.00326538 0.07958984 0.06347656 0.09082031 0.02099609 -0.01855469 0.08056641 0.11083984 0.05639648 0.05468750 0.10302734 0.19531250 0.00013542 -0.00044441 0.00601196 0.00147247 0.13085938 0.04125977 0.02270508 0.00098419 0.04248047 -0.18261719 -0.08398438 -0.13574219 -0.00031853 -0.00104523 0.02514648 0.06445312 -0.00193024 -0.00052261 0.09765625 0.01525879 0.01403809 -0.00402832 -0.40039062 -0.80468750 0.10742188 0.11474609 0.00454712 -0.24023438 -0.15136719 -0.05883789 -0.04003906 0.15820312 0.22265625 0.00082397 0.10644531 -0.10302734 0.12402344 -0.00188446 -0.18652344 0.00018215 -0.12988281 0.08984375 -0.25976562 -0.02368164 -0.09863281 0.01214600 0.08056641 0.00007153 0.03979492 -0.00476074 -0.01092529 0.00012875 0.01818848 0.04321289 0.00497437 0.03881836 0.13574219 -0.20312500 0.07421875 -0.07080078 0.10693359 -0.05786133 0.03173828 0.00177002 0.00741577 0.09570312 -0.17089844 -0.00665283 0.00059891 0.13085938 -0.41210938 -0.02441406 0.00134277 0.07421875 -0.00075912 -0.00105286 -0.00445557 0.07421875 0.01062012 -0.20703125 0.08642578 0.01330566 -0.16308594 0.04785156 -0.00074387 -0.01721191 0.02539062 0.00017548 0.01684570 0.00107574 0.08789062 -0.11230469 0.01269531 -0.00534058 0.07275391 0.12353516 0.03442383 0.05273438 -0.00034332 -0.13867188 -0.03320312 0.03955078 -0.00091553 0.09814453 -0.06347656 -0.04125977 0.07812500 -0.16308594 0.08691406 -0.69921875 -0.08740234 0.01104736 0.00637817 -0.06005859 0.11035156 0.16308594 -0.19140625 -0.01043701 -0.19824219 0.12988281 -0.00102234 0.07275391 0.00062180 -0.04809570 0.00009060 0.09960938 -0.00019455 -0.62500000 0.08398438 0.07470703 -0.09326172 -0.04931641 -0.02502441 -0.00089645 0.03613281 0.07128906 0.05615234 -0.01818848 -0.03466797 0.26953125 0.00129700 -0.00091171 -0.02270508 -0.01513672 0.00177765 0.03149414 0.00149536 0.00077057 0.01440430 0.04418945 0.04980469 0.07080078 -0.01208496 -0.03247070 -0.33984375 0.00173950 0.20117188 0.00198364 0.00004387 -0.04443359 0.02124023 0.00000638 -0.19238281 0.06298828 -0.01336670 -0.04321289 -0.06103516 0.01116943 -0.00071335 -0.02172852 0.05444336 0.16113281 0.02551270 0.15039062 0.00041199 -0.45898438 0.10839844 0.00126648 -0.00164795 -0.01623535 0.00445557 -0.05053711 0.10302734 0.00108337 0.04736328 -0.00698853 0.02844238
-0.00012112 -0.19531250 -0.07031250 -0.08886719 -0.02001953 -0.00689697 0.04418945 -0.18750000 -0.31250000 -0.17382812 0.00463867 -0.01745605 -0.25585938 -0.31835938 0.09082031 -0.16894531 0.04931641 0.05249023 0.00058365 -0.24121094 -0.28125000 -0.21191406 0.00008631 -0.22851562 -0.22460938 0.32226562 0.10400391 0.12500000 -0.00019455 -0.18164062 0.15527344 -0.23242188 -0.10302734 0.00065613 -0.00035667 -0.34375000 -0.37304688 0.00075150 -0.00071716 0.08789062 -0.00081253 0.22070312 -0.19921875 0.16210938 -0.00811768 -0.23535156 -0.14941406 -0.25390625 -0.08544922 -0.18847656 0.00381470 0.10107422 -0.34960938 -0.08105469 0.12597656 0.03466797 0.00005841 0.00004840 -0.10302734 -0.16601562 0.22070312 -0.25585938 -0.00379944 -0.02258301 0.14941406 0.05859375 -0.08056641 -0.10791016 0.06445312 -0.00063324 -0.00070953 -0.03515625 0.00083160 -0.24707031 -0.49023438 -0.03039551 -0.00040627 -0.15136719 -0.20410156 -0.10986328 -0.06445312 0.00090408 0.00135803 -0.43359375 -0.27343750 -0.00157166 0.00018883 -0.01562500 -0.28906250 -0.08984375 -0.27929688 0.33593750 -0.50390625 -0.22265625 -0.32617188 -0.16308594 0.15625000 0.04833984 -0.41796875 0.00848389 -0.30078125 -0.04443359 -0.00113678 -0.02905273 0.07812500 -0.33789062 0.00011969 0.03222656 -0.00090408 0.93359375 -0.25781250 -0.03198242 -0.25195312 -0.09912109 0.07666016 -0.14160156 0.07470703 0.01507568 -0.07470703 -0.22363281 -0.00153351 0.06079102 0.03906250 -0.06176758 0.12255859 0.24707031 0.05859375 -0.26953125 -0.13964844 -0.15039062 0.00212097 0.04736328 -0.00071716 -0.09765625 -0.08447266 -0.17968750 -0.28125000 0.00011873 -0.12988281 0.17773438 0.14648438 0.00141144 -0.12060547 -0.00010777 0.00082016 -0.10791016 -0.27148438 0.16894531 -0.05224609 -0.28515625 -0.08251953 0.16406250 -0.25000000 -0.00039482 -0.02502441 -0.23828125 0.00613403 -0.26562500 0.00001633 -0.20312500 -0.07617188 0.04492188 0.10888672 -0.20800781 -0.01336670 -0.08593750 0.18945312 0.00063705 -0.10400391 -0.13476562 0.08007812 -0.00072479 0.27148438 -0.27929688 -0.35937500 -0.23828125 -0.20507812 -0.00927734 0.19433594 -0.22558594 -0.26953125 -0.21289062 -0.62500000 -0.18457031 -0.10058594 0.20996094 -0.54296875 -0.02807617 0.11181641 0.00046730 -0.15429688 0.00115967 -0.07470703 0.00063324 0.01745605 -0.00012159 0.14746094 -0.32812500 -0.08740234 0.04052734 0.00811768 0.17773438 -0.00244141 0.41796875 -0.27929688 0.02551270 -0.04809570 -0.27148438 0.07275391 -0.00185394 -0.00081635 -0.30664062 -0.00034523 -0.00075150 -0.07275391 0.03466797 -0.00040054 -0.03063965 -0.15234375 0.08593750 0.44140625 -0.12890625 -0.29687500 0.35546875 -0.00005031 -0.12500000 -0.00053024 0.00021553 0.12304688 -0.04248047 0.00115967 0.12060547 -0.02197266 -0.18945312 0.00323486 0.00933838 -0.00204468 -0.03002930 -0.03015137 0.09228516 -0.22656250 -0.18554688 0.16210938 0.00171661 0.09960938 -0.03686523 -0.00105286 0.00043106 0.04516602 0.09863281 -0.05541992 -0.01226807 -0.00029945 0.08300781 -0.29296875 -0.01092529
-0.00074768 -0.10937500 -0.12597656 0.27734375 -0.23339844 0.00637817 -0.12158203 -0.03759766 -0.07812500 -0.32617188 -0.53515625 -0.10107422 -0.07714844 -0.04370117 -0.00659180 -0.16699219 -0.01544189 -0.34179688 0.00092697 0.00982666 -0.20214844 -0.13085938 -0.00032806 0.16308594 -0.12255859 -0.79296875 0.19335938 0.16894531 0.00014973 -0.09863281 0.17187500 -0.10888672 -0.02502441 0.00015450 -0.00070953 -0.08544922 -0.10644531 -0.00137329 0.00066376 0.19042969 -0.00062180 0.09228516 -0.21582031 0.04882812 0.17089844 -0.06591797 -0.09521484 -0.06982422 -0.08593750 -0.14257812 -0.09960938 -0.12353516 -0.03662109 -0.04882812 -0.04956055 0.10742188 0.00082779 0.02392578 0.01782227 -0.10302734 -0.02270508 -0.02331543 0.07470703 0.21582031 0.37109375 0.05639648 -0.08935547 -0.23535156 -0.22167969 0.00140381 0.00154114 -0.00267029 -0.00014877 -0.36914062 -0.48242188 0.12109375 -0.00030136 -0.11230469 0.04833984 -0.25585938 -0.17773438 0.00035477 -0.00102997 -0.39843750 -0.06005859 -0.00061417 -0.00045586 0.03930664 -0.11376953 0.10693359 -0.20312500 0.27734375 -0.09521484 -0.13085938 0.04077148 0.02648926 -0.12695312 -0.41210938 -0.17968750 -0.56640625 -0.28906250 -0.17089844 -0.00033569 -0.08496094 -0.03222656 -0.48242188 0.00225830 -0.00106812 0.00015354 0.09521484 -0.35351562 0.12890625 -0.17285156 0.12695312 -0.02343750 -0.08642578 0.20019531 0.04052734 -0.20214844 -0.24316406 0.00022793 0.07470703 0.18945312 0.03247070 0.29492188 0.15820312 0.18652344 -0.07275391 -0.50390625 -0.15722656 -0.10156250 0.03906250 -0.00077057 -0.11962891 -0.09960938 0.16699219 -0.19628906 -0.00070953 0.13183594 0.12890625 -0.16699219 0.00004673 -0.24218750 0.00028038 -0.00037384 -0.15332031 -0.36523438 0.11914062 -0.30468750 -0.08496094 -0.05810547 0.13769531 -0.07861328 -0.00079727 -0.34570312 -0.18554688 -0.10693359 -0.05664062 -0.00093079 -0.21875000 -0.14746094 -0.04492188 0.07226562 -0.39257812 -0.02893066 -0.09570312 -0.01300049 -0.00036430 -0.13769531 -0.23925781 0.23828125 0.00008631 -0.24316406 -0.00430298 -0.22363281 -0.09765625 0.38671875 0.00396729 -0.05224609 0.31640625 -0.09863281 -0.19726562 0.03222656 -0.14257812 -0.03833008 0.24707031 -0.02258301 0.14257812 0.03588867 0.00067902 0.68359375 0.00205994 -0.11474609 -0.00088882 0.18945312 0.00086212 -0.04028320 -0.06494141 -0.04931641 -0.02001953 0.07275391 0.14355469 -0.00213623 0.12597656 -0.31640625 0.16894531 0.17089844 -0.15039062 0.09082031 0.00332642 -0.00119019 -0.11376953 -0.03833008 0.00127411 -0.09814453 -0.10400391 0.00032616 -0.00885010 -0.13574219 0.10839844 -0.08300781 -0.17578125 -0.14648438 0.32812500 0.00004792 -0.05175781 0.00168610 -0.00015450 0.10693359 0.08642578 0.00180817 0.33203125 0.03088379 -0.23632812 -0.09033203 -0.45507812 0.16796875 -0.15722656 0.35546875 0.03417969 -0.09570312 -0.06298828 0.11669922 -0.00068283 -0.05053711 0.18847656 -0.00142670 -0.00227356 0.36523438 0.17675781 -0.03564453 -0.19726562 -0.00102997 0.08007812 0.22460938 -0.09521484
0.00040436 0.03051758 0.01129150 -0.16894531 0.35351562 -0.02185059 0.32617188 0.04101562 -0.01074219 0.16601562 0.20703125 0.21679688 -0.02429199 0.02478027 0.16406250 -0.14062500 0.10498047 0.13378906 -0.00059509 -0.04248047 0.01257324 0.03173828 -0.00057220 0.33203125 0.05126953 0.32031250 0.09570312 -0.10449219 0.00021935 -0.53125000 -0.07910156 0.01696777 -0.26562500 0.00102997 0.00084686 0.00482178 0.07177734 0.00032425 0.00048447 -0.07714844 0.00189972 -0.01684570 0.06640625 -0.06933594 0.00108337 -0.60156250 0.01977539 0.05053711 -0.15917969 -0.28515625 0.18554688 -0.36914062 -0.58203125 0.07763672 0.20410156 -0.08300781 0.00013828 -0.04711914 -0.49414062 -0.02746582 0.01794434 -0.26757812 0.18750000 -0.02514648 -0.31445312 0.05810547 -0.21386719 0.01525879 -0.17089844 -0.00112152 -0.00062943 -0.02624512 0.00070953 0.34570312 0.38281250 -0.03979492 -0.00073624 0.01287842 -0.24804688 0.22167969 0.25390625 0.00150299 0.00061798 0.47070312 -0.01586914 -0.00204468 -0.00047493 -0.05273438 0.07128906 -0.30664062 0.31445312 -0.10449219 -0.40039062 -0.10351562 -0.29296875 -0.08300781 -0.02001953 -0.22460938 0.42968750 -0.14062500 0.57812500 -0.37500000 0.00083160 -0.28515625 -0.04492188 0.32226562 -0.00247192 0.33984375 0.00051117 -0.07958984 0.47851562 0.07519531 0.18750000 -0.51171875 0.07714844 0.03002930 0.12597656 -0.09375000 -0.16699219 0.16210938 0.00061035 -0.07714844 -0.11035156 -0.08935547 -0.55078125 -0.08496094 0.07617188 -0.25781250 0.09912109 0.13769531 0.38281250 0.00111389 0.00093460 0.22167969 0.02880859 -0.42187500 -0.21386719 0.00113678 -0.52734375 0.05444336 0.03784180 0.00053406 -0.08398438 0.00146484 0.00171661 0.14062500 0.53125000 0.04809570 -0.06054688 0.00144958 0.07128906 0.08789062 0.03002930 -0.00138855 -0.04980469 0.06396484 0.04663086 0.05761719 0.00009775 0.55078125 0.17871094 -0.35742188 -0.17480469 -0.07080078 -0.29492188 -0.31445312 -0.10644531 0.00055313 0.05615234 0.08251953 -0.21289062 -0.00131226 0.12988281 -0.02014160 -0.00921631 0.00799561 -0.13378906 -0.28710938 0.35546875 -0.30078125 0.04638672 0.02661133 -0.19824219 -0.59765625 -0.27343750 -0.15722656 0.03491211 -0.29687500 -0.57812500 -0.00083923 0.12988281 0.00091553 -0.03076172 0.00163269 -0.05444336 -0.00054932 0.19824219 -0.07031250 -0.72656250 0.63671875 -0.03613281 0.08300781 -0.00101471 -0.14257812 0.08496094 -0.10986328 -0.26562500 -0.00488281 -0.14355469 0.00164795 0.00160217 0.02319336 0.03540039 -0.00041580 -0.42578125 -0.16015625 0.00113678 -0.17089844 -0.42968750 -0.51171875 -0.03344727 0.08007812 0.00650024 -0.06982422 0.00004435 -0.66406250 0.00075531 -0.00085449 -0.37109375 -0.20800781 0.00150299 0.20507812 -0.45507812 0.18164062 -0.12451172 0.27734375 -0.10302734 -0.31835938 -0.03173828 -0.51953125 -0.32031250 0.02209473 0.02514648 0.00191498 0.32812500 -0.02246094 -0.00102234 -0.00178528 0.03442383 0.25585938 -0.02380371 -0.03466797 0.00107574 -0.04272461 0.05493164 -0.03857422
0.00012302 0.00035858 -0.00162506 0.00060272 -0.00041771 -0.00089264 0.00097656 -0.00089645 -0.00180817 -0.00115967 -0.00140381 -0.00181580 -0.00110626 -0.00113678 -0.00146484 0.00075150 -0.00047874 -0.00075912 0.00117493 0.00048065 -0.00041389 0.00045776 0.00048828 -0.00037956 -0.00080490 0.00009680 0.00003362 -0.00052261 -0.00085068 -0.00135040 0.00061035 -0.00166321 0.00053406 -0.00161743 0.00018215 -0.00079727 -0.00058365 -0.00135803 -0.00055695 0.00078583 -0.00045204 -0.00125122 0.00000288 0.00049591 0.00102234 -0.00151062 -0.00141907 0.00069046 0.00022507 0.00119019 -0.00167084 -0.00184631 0.00084686 0.00075150 0.00106049 -0.00179291 0.00041962 0.00065613 -0.00113678 0.00015545 0.00003815 -0.00010777 -0.00037956 -0.00000387 -0.00055695 -0.00045776 -0.00068665 -0.00030708 0.00022316 -0.00006962 -0.00095367 -0.00004220 0.00050354 0.00031281 0.00098419 0.00009775 0.00061417 0.00066376 -0.00081253 0.00009394 -0.00007582 0.00109863 0.00007010 0.00069427 -0.00179291 0.00019360 -0.00046539 0.00090790 0.00060272 -0.00026321 -0.00041389 0.00085831 0.00074768 0.00102997 0.00109863 0.00016212 -0.00018978 -0.00183105 -0.00115204 0.00085831 -0.00101471 0.00067902 -0.00126648 -0.00014591 -0.00230408 -0.00164795 0.00077820 0.00001001 -0.00047302 0.00011730 -0.00082779 -0.00112915 -0.00149536 0.00085831 -0.00119019 -0.00101471 0.00099182 -0.00180054 -0.00060272 -0.00005603 -0.00035858 -0.00094604 0.00039673 -0.00175476 -0.00096512 0.00075531 -0.00057220 0.00099182 -0.00141907 -0.00172424 -0.00052261 -0.00047874 0.00075912 0.00046730 -0.00148773 -0.00052261 0.00036430 0.00084305 -0.00055313 0.00033760 -0.00032425 -0.00048447 0.00044441 0.00004101 -0.00130463 0.00023079 -0.00110626 0.00086975 0.00111389 -0.00184631 -0.00167847 0.00000435 -0.00147247 -0.00180817 -0.00054932 -0.00119019 -0.00177002 -0.00011063 0.00008392 0.00009823 0.00036240 0.00009775 -0.00153351 -0.00018024 -0.00004911 -0.00181580 0.00109100 0.00076675 -0.00116730 -0.00121307 -0.00136566 -0.00039291 0.00008726 -0.00009012 -0.00046730 -0.00153351 0.00012493 -0.00074768 -0.00065231 0.00032806 0.00085831 -0.00008106 -0.00107574 -0.00084686 -0.00177002 -0.00064087 -0.00097275 -0.00160217 0.00066376 -0.00008821 0.00109100 0.00057602 0.00046349 0.00106812 0.00044250 -0.00013542 -0.00185394 0.00014496 -0.00119781 -0.00141907 0.00004125 0.00025368 -0.00119019 0.00033188 -0.00176239 -0.00057602 -0.00047302 -0.00122070 -0.00090790 0.00121307 -0.00181580 0.00067520 -0.00087738 0.00062561 -0.00078964 -0.00081253 0.00057983 -0.00006294 -0.00181580 0.00025940 -0.00134277 -0.00059891 0.00112915 -0.00129700 0.00107574 0.00008774 -0.00109863 -0.00003433 0.00057602 -0.00108337 -0.00102997 0.00005794 -0.00046349 -0.00095749 -0.00124359 -0.00104523 -0.00084305 0.00026321 -0.00114441 -0.00039864 0.00004959 -0.00066757 -0.00169373 -0.00055695 -0.00119781 -0.00001061 -0.00151825 -0.00150299 0.00058365 0.00026321 0.00075150 -0.00006533 0.00064850 -0.00170898 -0.00109863 0.00091553
0.00045586 0.05371094 0.13378906 -0.29296875 -0.08203125 -0.03662109 -0.10107422 0.11132812 0.02880859 -0.08496094 0.09521484 0.05175781 0.06835938 0.16503906 -0.05029297 0.02685547 -0.03637695 0.01232910 -0.00086975 0.00460815 -0.00028038 0.03320312 0.00043106 0.06982422 0.03588867 -0.01403809 -0.22558594 0.04003906 0.00004816 0.00376892 0.09277344 0.09130859 -0.09228516 -0.00027275 0.00019741 0.02453613 -0.16113281 -0.00202942 0.00080109 -0.01892090 -0.00088882 0.01324463 0.04833984 -0.04370117 -0.07812500 0.16308594 0.00057983 0.05200195 0.18457031 -0.07421875 -0.01599121 0.03637695 -0.03588867 -0.01855469 -0.08496094 -0.46093750 -0.00096893 -0.01531982 0.06225586 -0.00309753 -0.16015625 -0.06103516 -0.00448608 -0.06738281 0.02844238 0.05615234 0.21679688 -0.04614258 0.04003906 -0.00146484 -0.00074768 -0.10009766 0.00065231 -0.12988281 0.00328064 -0.02673340 0.00153351 0.09814453 -0.07275391 0.02880859 0.09521484 0.00115967 0.00121307 -0.08007812 0.15136719 -0.00095367 -0.00008917 0.23535156 0.09716797 -0.03808594 -0.15820312 -0.14843750 0.04150391 -0.06030273 -0.08789062 0.03222656 -0.00021839 -0.06225586 0.03613281 -0.00213623 -0.02343750 0.11376953 -0.00009155 -0.09960938 -0.53906250 0.05175781 -0.00023937 0.17285156 0.00005341 0.01007080 0.04272461 0.04736328 -0.05322266 -0.05004883 0.00595093 0.10888672 0.04248047 -0.04638672 0.01531982 0.01208496 0.00189972 -0.26953125 -0.11962891 -0.17871094 0.04125977 0.04077148 -0.04516602 -0.01318359 0.09472656 0.01440430 0.04272461 -0.04418945 -0.00037193 -0.20605469 -0.05175781 0.06591797 0.05200195 -0.00062180 -0.09765625 0.10253906 0.01879883 -0.00124359 0.00254822 0.00010538 0.00002348 -0.12792969 -0.04345703 0.03564453 0.69921875 0.22070312 0.01458740 0.08007812 0.08837891 -0.00122833 0.00354004 0.00154114 -0.07519531 0.07080078 -0.00174713 0.03540039 -0.02368164 -0.01104736 -0.02526855 0.02551270 0.31640625 -0.12792969 -0.02478027 0.00178528 -0.08837891 0.04492188 0.00640869 -0.00086212 0.00376892 -0.11914062 -0.06298828 0.11523438 0.08789062 -0.01403809 -0.40625000 0.02856445 0.08007812 0.00288391 0.13476562 0.06152344 -0.11962891 -0.02758789 0.00631714 0.10058594 0.01708984 -0.00022221 -0.04638672 0.00066376 0.01525879 0.00189209 -0.11865234 0.00044060 0.75390625 0.10449219 0.02697754 0.02038574 0.60156250 -0.00631714 0.00008726 -0.00088882 -0.07666016 -0.09960938 -0.08642578 -0.04931641 0.03979492 0.00267029 -0.00125122 0.01574707 0.25195312 0.00228882 0.03442383 -0.04956055 0.00025940 -0.01843262 0.11962891 0.01507568 0.03442383 -0.06835938 -0.00988770 -0.12988281 0.00167847 -0.07080078 0.00064850 -0.00241089 0.03063965 0.13281250 0.00174713 -0.08837891 -0.11083984 -0.07568359 -0.01953125 0.04296875 -0.11279297 0.02343750 -0.02758789 -0.00188446 0.05590820 0.07958984 0.20410156 0.00114441 -0.07177734 -0.03662109 0.00033188 -0.00130463 -0.03149414 -0.01269531 -0.19921875 0.05126953 -0.00125885 -0.03979492 -0.00242615 -0.15234375
0.00081253 0.05346680 -0.15234375 -0.01525879 0.10449219 0.03759766 -0.02441406 0.00811768 -0.07275391 0.16308594 -0.19726562 0.18554688 -0.09814453 -0.04980469 0.40234375 0.12695312 0.35937500 0.17382812 0.00020218 0.12500000 0.17382812 -0.01696777 -0.00052643 0.14062500 0.03857422 -0.00634766 0.08496094 0.07861328 -0.00100708 -0.08642578 -0.02111816 -0.03662109 -0.06738281 0.00112915 -0.00106812 0.00283813 0.26953125 -0.00077438 0.00025177 -0.15136719 0.00103760 0.30468750 0.28710938 0.02038574 -0.00582886 -0.02905273 -0.77734375 -0.04565430 -0.11279297 0.17285156 -0.69140625 0.14550781 0.23339844 0.04785156 0.14062500 -0.01745605 0.00031853 0.30273438 -0.11230469 -0.08203125 -0.12353516 -0.12402344 0.42773438 -0.06445312 0.07812500 -0.05883789 -0.10009766 0.03320312 -0.30859375 -0.00085831 0.00028801 -0.08056641 -0.00084305 0.18261719 0.17578125 -0.54687500 0.00024605 -0.00579834 0.01794434 -0.00646973 -0.05859375 0.00207520 -0.00039101 0.37695312 -0.06054688 0.00241089 0.00109100 -0.05932617 0.00799561 0.04443359 -0.00358582 -0.19921875 0.10937500 0.17480469 0.13964844 -0.02270508 -0.12011719 -0.33007812 0.27539062 -0.07080078 0.21191406 0.06884766 0.00088120 0.33984375 -0.12255859 0.18652344 0.00157928 0.17578125 -0.00034523 0.00653076 0.35351562 -0.04565430 0.16113281 0.06127930 -0.00040817 0.03637695 0.59765625 0.00524902 0.00640869 0.03393555 0.00115204 -0.02893066 -0.05615234 -0.14550781 -0.09082031 0.10937500 -0.05444336 0.01446533 0.09375000 0.07763672 -0.13671875 -0.06738281 -0.00093842 0.07128906 0.26953125 -0.07226562 -0.09277344 -0.00033760 -0.09228516 -0.20410156 0.04541016 0.00001609 -0.06030273 -0.00059891 -0.00077820 0.03955078 -0.07128906 -0.24121094 0.04492188 -0.01153564 -0.10107422 -0.04150391 -0.00469971 -0.00106812 0.44531250 0.06054688 -0.04125977 -0.01684570 0.00099945 0.43750000 0.21875000 -0.01342773 0.32031250 -0.11425781 0.02685547 -0.09521484 -0.49218750 0.00057220 -0.09912109 -0.00735474 -0.27734375 -0.00032616 0.10742188 0.10253906 0.11132812 -0.01422119 0.02880859 -0.06347656 0.08593750 0.02563477 -0.05615234 0.11523438 0.04150391 -0.11132812 0.11328125 -0.25781250 0.12451172 -0.29101562 -0.26367188 -0.00067139 0.41406250 0.00148773 -0.78125000 0.00189972 -0.05810547 -0.00002003 0.00939941 0.03491211 -0.15332031 -0.26562500 -0.00303650 -0.17480469 -0.00204468 0.04858398 0.13574219 -0.03393555 0.06396484 0.06494141 -0.03613281 -0.00135803 0.00015068 0.00427246 -0.12792969 0.00062561 -0.09472656 -0.07421875 0.00138855 0.26562500 0.04711914 -0.00138092 -0.12402344 -0.01782227 -0.03222656 -0.16992188 -0.00001138 0.05688477 0.00015831 -0.00025558 -0.11474609 0.33789062 0.00038719 -0.09765625 -0.05786133 -0.03063965 -0.25781250 0.06835938 -0.07031250 0.05175781 0.04833984 -0.06982422 -0.11718750 0.05590820 0.12109375 0.00117493 0.15234375 -0.02685547 -0.00070190 -0.00017929 -0.04003906 0.41601562 0.19824219 -0.16308594 0.00090790 0.00753784 -0.87500000 -0.17675781
0.00095367 -0.02160645 0.00656128 0.04248047 0.04174805 0.02795410 -0.05102539 -0.06884766 -0.01647949 -0.06982422 0.11865234 -0.32226562 -0.01647949 -0.02380371 -0.39648438 0.09570312 -0.34375000 0.26562500 -0.00091553 0.09521484 -0.13769531 -0.04980469 -0.00109863 0.16503906 -0.04736328 0.06225586 -0.24121094 -0.01367188 0.00002420 0.06787109 0.15039062 -0.01525879 0.10742188 0.00164032 -0.00058365 0.06054688 0.09179688 -0.00000274 0.00039673 -0.20898438 0.00094986 -0.08203125 0.08886719 -0.00823975 -0.01031494 0.00405884 0.01770020 -0.07812500 -0.02587891 0.09716797 0.08642578 -0.30859375 0.15429688 -0.12890625 -0.09423828 -0.05615234 0.00030327 0.01892090 0.13183594 -0.16210938 0.13574219 0.08007812 0.15234375 -0.01098633 0.08300781 0.05810547 -0.02917480 0.00034523 0.08544922 0.00008011 0.00003052 -0.11181641 0.00068283 0.04418945 -0.04028320 0.17773438 0.00138855 0.01977539 -0.06030273 -0.07519531 -0.15429688 -0.00047493 0.00097275 -0.04785156 -0.06347656 -0.00162506 0.00105286 -0.04638672 -0.00753784 0.25781250 0.00199890 -0.05981445 -0.00964355 0.16992188 0.02929688 -0.07421875 0.20410156 0.05664062 -0.09228516 -0.10498047 0.01354980 0.01684570 0.00173950 -0.03320312 -0.05615234 0.06396484 -0.00188446 -0.15625000 0.00068665 0.20800781 -0.02917480 -0.15332031 -0.04980469 -0.00897217 0.26562500 -0.00133514 -0.11083984 0.02307129 0.04687500 -0.08935547 0.00062943 -0.04321289 -0.06298828 -0.04882812 0.18164062 -0.00598145 -0.15820312 0.03125000 0.16699219 0.00866699 -0.12402344 0.08642578 -0.00061035 -0.07080078 0.01672363 0.10302734 -0.12011719 0.00029945 0.02587891 -0.13476562 -0.29101562 0.00062943 -0.26367188 0.00077820 -0.00080872 -0.00753784 0.19726562 -0.04809570 -0.15136719 -0.04272461 -0.01531982 0.41992188 -0.05444336 0.00078964 -0.27929688 0.01147461 -0.01116943 -0.00024796 0.00001907 -0.03906250 -0.06054688 0.09277344 -0.13671875 0.06298828 -0.00848389 -0.05639648 -0.36328125 -0.00010633 0.01794434 -0.02478027 0.04467773 -0.00131226 0.03955078 -0.04882812 -0.06933594 -0.02490234 0.09765625 0.05810547 -0.26171875 -0.15234375 -0.07958984 -0.05029297 -0.13183594 0.16503906 -0.04003906 0.04687500 -0.25390625 0.12353516 0.19140625 -0.00028229 -0.27148438 -0.00099945 -0.57031250 0.00028229 -0.00209045 0.00094604 -0.20214844 -0.06933594 0.25000000 0.13867188 -0.03955078 0.14062500 -0.00157928 -0.37500000 0.15429688 -0.01733398 -0.03320312 -0.05419922 0.10839844 -0.00088120 0.00072098 -0.02014160 -0.03320312 0.00058365 0.06542969 0.08300781 -0.00042343 0.10156250 0.08300781 0.01867676 0.49609375 0.08203125 -0.05981445 -0.04833984 -0.00079346 0.05908203 0.00115967 0.00082397 0.24218750 0.03906250 0.00035667 -0.53515625 -0.01409912 -0.10644531 -0.06201172 -0.10693359 -0.02099609 0.01177979 -0.02197266 -0.02258301 0.06884766 -0.05029297 -0.08837891 0.00107574 -0.26171875 -0.01483154 0.00057602 -0.00011730 -0.08349609 -0.23339844 0.01904297 0.20312500 0.00116730 0.02307129 0.09619141 -0.04858398
0.00127411 -0.05029297 -0.02795410 0.07666016 -0.27734375 -0.00177765 -0.01306152 -0.09130859 0.09863281 -0.01892090 0.03173828 0.06127930 0.14746094 0.09472656 0.06201172 -0.03759766 -0.04125977 0.01037598 0.00175476 -0.06201172 0.02807617 0.08496094 0.00077820 0.07275391 -0.14941406 -0.35351562 -0.11474609 0.26171875 -0.00059128 -0.03979492 -0.03906250 0.02868652 0.00595093 0.00054169 -0.00090408 -0.04101562 0.04223633 -0.00041580 0.00112152 0.12988281 0.00028419 -0.03906250 -0.04150391 0.16503906 0.14746094 0.03784180 -0.01818848 0.06982422 0.00595093 -0.01672363 -0.03173828 -0.02600098 0.02795410 -0.00830078 0.01147461 0.16308594 0.00096893 -0.00156403 0.00540161 -0.02917480 0.16210938 -0.01007080 -0.01989746 0.13769531 -0.09472656 0.05639648 0.02441406 -0.02746582 0.02294922 -0.00069809 -0.00078964 -0.08984375 0.00167084 -0.05590820 0.03027344 -0.05444336 0.00029564 0.06591797 -0.03588867 -0.03637695 -0.05078125 -0.00044632 0.00104523 -0.01397705 0.04467773 -0.00154114 -0.00070953 0.07275391 0.06835938 -0.02722168 -0.01104736 0.00799561 0.12109375 -0.02551270 0.03710938 0.19824219 -0.04199219 -0.14453125 0.12158203 -0.02075195 0.01275635 -0.03295898 0.00072098 -0.01086426 0.28710938 0.00769043 -0.00114441 0.01489258 0.00148773 0.13378906 -0.03686523 0.11328125 0.04418945 -0.09375000 0.01232910 -0.05078125 -0.01647949 -0.02233887 -0.03613281 -0.07275391 -0.00129700 0.20410156 0.12011719 -0.02197266 -0.05053711 -0.28710938 -0.02185059 0.00860596 0.03442383 -0.01251221 0.11669922 -0.01129150 -0.00021172 0.02441406 -0.02990723 0.13964844 -0.11035156 0.00112152 -0.02697754 0.04370117 -0.02478027 -0.00086212 -0.03247070 -0.00074005 0.00147247 0.04614258 0.06933594 0.01721191 0.75781250 0.11474609 -0.06542969 -0.30273438 0.09277344 -0.00035858 -0.04296875 -0.02673340 0.00082397 -0.03833008 -0.00116730 -0.01745605 -0.00656128 0.00512695 0.03125000 0.00540161 0.05664062 0.05566406 0.01220703 -0.00045776 0.00662231 -0.03393555 0.01867676 -0.00110626 -0.18945312 0.20019531 0.04077148 0.12695312 0.14453125 0.01098633 0.03063965 0.18359375 0.10888672 0.03222656 0.11523438 0.04858398 -0.02832031 0.03540039 -0.02429199 0.01092529 -0.03063965 0.00060272 -0.04492188 -0.00025940 -0.00234985 0.00090408 0.09619141 0.00131989 0.06689453 -0.10058594 0.03515625 0.00946045 0.04003906 -0.00811768 -0.00239563 0.06542969 0.00634766 -0.08593750 -0.09228516 0.06640625 0.01599121 -0.00201416 -0.00104523 0.04589844 -0.00112152 -0.00081635 -0.00695801 -0.06152344 0.00043488 0.02087402 0.04052734 0.01843262 -0.04663086 -0.04516602 0.09863281 0.05712891 0.00028038 -0.01422119 -0.00023079 0.00072098 0.01214600 0.08154297 -0.00061798 -0.16406250 -0.06835938 0.02441406 0.01342773 -0.50000000 0.11816406 -0.02929688 -0.00430298 0.02282715 -0.01416016 0.08447266 0.12792969 0.00120544 -0.09375000 0.08740234 -0.00092697 -0.00267029 -0.00227356 -0.03662109 -0.04492188 0.02624512 0.00103760 0.19433594 -0.03173828 -0.01275635
0.00088501 -0.00069046 -0.00074768 -0.00280762 -0.00282288 -0.00228882 -0.00183105 -0.00111389 -0.00133514 -0.00268555 -0.00166321 -0.00201416 -0.00133514 0.00080109 -0.00201416 -0.00280762 -0.00022125 -0.00144958 0.00114441 -0.00066376 0.00146484 -0.00209045 -0.00074387 -0.00040817 -0.00025940 0.00002599 0.00122070 -0.00138855 -0.00056839 -0.00046158 0.00043869 -0.00071335 -0.00262451 -0.00051880 0.00106812 -0.00166321 -0.00177002 0.00143433 -0.00069809 -0.00325012 0.00033379 -0.00280762 -0.00091934 -0.00283813 -0.00294495 -0.00147247 -0.00306702 0.00043297 -0.00095367 -0.00026512 -0.00073624 -0.00297546 -0.00070953 -0.00262451 -0.00085831 -0.00173950 0.00057983 -0.00274658 -0.00001609 -0.00094223 -0.00189209 -0.00038147 -0.00112152 -0.00131226 -0.00112915 -0.00024128 -0.00159454 -0.00119019 -0.00236511 0.00119781 -0.00052261 -0.00119019 -0.00028419 -0.00321960 -0.00300598 -0.00053787 -0.00042152 -0.00088120 -0.00102997 -0.00170135 0.00057220 -0.00115204 -0.00056458 -0.00111389 -0.00105286 0.00040817 0.00107574 0.00000563 0.00055695 -0.00150299 -0.00202942 0.00147247 -0.00143433 0.00106049 0.00079727 -0.00164795 -0.00101471 -0.00115204 0.00044060 0.00069427 -0.00239563 -0.00108337 -0.00011539 0.00029564 -0.00148010 -0.00080109 0.00106049 0.00126648 -0.00011635 0.00078583 -0.00122070 0.00104523 -0.00070572 -0.00125122 -0.00326538 -0.00019741 -0.00103760 -0.00052643 -0.00067139 -0.00024796 0.00067520 -0.00051498 -0.00247192 -0.00288391 -0.00070572 -0.00110626 -0.00093079 -0.00291443 -0.00144196 -0.00218201 0.00138855 -0.00063324 -0.00013447 0.00078201 -0.00114441 -0.00238037 -0.00083160 0.00131989 -0.00115967 -0.00097656 -0.00169373 -0.00074387 -0.00078201 0.00091553 -0.00078201 0.00055695 -0.00135803 -0.00059128 -0.00253296 -0.00205994 -0.00051117 -0.00198364 -0.00033569 -0.00151062 -0.00093079 -0.00077438 0.00040245 -0.00248718 -0.00069046 -0.00175476 -0.00044060 -0.00257874 -0.00025368 -0.00082779 -0.00279236 -0.00015640 -0.00291443 0.00007010 0.00005651 -0.00051498 -0.00102997 0.00012684 -0.00273132 -0.00003505 -0.00127411 -0.00070572 0.00020218 0.00091171 -0.00149536 0.00126648 -0.00001514 -0.00091553 0.00146484 0.00141144 -0.00123596 -0.00239563 -0.00097656 0.00138855 -0.00035667 -0.00051880 -0.00171661 -0.00086594 -0.00286865 0.00128174 -0.00209045 -0.00097656 -0.00238037 0.00036621 -0.00195312 -0.00037193 -0.00128937 0.00085068 0.00040245 0.00138855 -0.00209045 0.00001436 -0.00105286 -0.00078201 0.00104523 0.00001848 -0.00137329 0.00124359 -0.00111389 0.00010061 -0.00081253 -0.00099945 0.00003290 0.00116730 -0.00253296 0.00102234 -0.00317383 0.00143433 -0.00105286 -0.00088501 -0.00091171 0.00002515 0.00126648 -0.00116730 0.00065613 -0.00012302 -0.00062180 0.00004959 -0.00147247 -0.00065994 -0.00168610 -0.00230408 -0.00076675 -0.00305176 -0.00072861 0.00008726 -0.00276184 -0.00080872 -0.00084686 0.00128174 -0.00107574 0.00047874 0.00115204 0.00049591 -0.00126648 -0.00242615 -0.00106049 -0.00045776 0.00031471 -0.00160217 -0.00254822 -0.00092316
0.00084305 -0.01062012 -0.04541016 0.08203125 0.52343750 0.02319336 0.23046875 0.06933594 0.00567627 -0.38867188 0.11230469 -0.03247070 0.02893066 0.04541016 -0.09228516 -0.17871094 0.45703125 -0.01562500 0.00031853 0.13769531 -0.12109375 0.00909424 -0.00064087 0.00885010 -0.01214600 -0.11083984 0.00738525 -0.04833984 -0.00109100 -0.22265625 -0.31640625 0.04370117 -0.21777344 0.00056458 -0.00058365 -0.10839844 -0.18359375 -0.00001174 0.00038528 -0.55859375 0.00056076 0.02893066 0.15527344 -0.05932617 0.03247070 0.04858398 0.01550293 -0.00897217 0.02661133 -0.13476562 -0.04907227 0.01263428 -0.03759766 -0.03149414 0.34179688 0.02465820 -0.00119781 -0.01251221 -0.03466797 0.05932617 0.01379395 0.04541016 -0.01794434 0.06396484 0.23339844 0.05810547 -0.02233887 -0.12988281 -0.17480469 0.00001931 0.00138092 -0.07910156 0.00023079 -0.04907227 -0.02832031 0.09277344 0.00157928 0.10595703 -1.21093750 0.01367188 0.18359375 -0.00021458 -0.00176239 0.01843262 0.03295898 -0.00090408 -0.00019741 -0.19335938 0.01287842 0.00778198 0.05932617 -0.33203125 -1.19531250 -0.24804688 -0.06982422 0.01550293 -0.11035156 0.03833008 -0.55859375 -0.02160645 -0.12792969 0.10058594 0.00020790 -0.34570312 0.44921875 -0.08593750 -0.00215149 0.08886719 0.00085068 0.02697754 -0.27343750 0.05761719 0.04833984 -0.61328125 0.02636719 -0.00257874 0.02905273 -0.13085938 -0.17285156 0.06079102 -0.00167084 0.01525879 0.00579834 -0.07714844 0.08886719 -0.11816406 -0.14648438 -0.27343750 0.38085938 -0.23730469 0.18945312 0.01367188 -0.00044823 -0.16113281 -0.12500000 -1.08593750 -0.17968750 0.00037193 -0.00689697 0.03637695 -0.00280762 -0.00003743 0.03637695 0.00055313 0.00015736 0.07373047 0.19238281 -0.00500488 -0.29101562 -0.02648926 0.00415039 0.08105469 -0.02185059 -0.00064850 -0.08496094 -0.01007080 -0.03759766 0.02575684 0.00176239 -0.28515625 -0.05786133 -0.00668335 0.06250000 -0.28515625 0.00228882 0.13574219 -0.11572266 -0.00024796 0.05029297 0.09179688 0.13085938 0.00059128 -0.10644531 0.05297852 0.02722168 -0.00521851 0.29101562 0.18457031 0.11523438 -0.00076294 -0.01055908 -0.09375000 -0.07519531 -0.10546875 0.25390625 -0.45898438 -0.08740234 0.25976562 0.07714844 -0.00069809 -0.00692749 0.00020981 -0.00717163 -0.00036049 0.04931641 -0.00061035 0.14062500 -0.09960938 0.07421875 0.06494141 -0.02526855 0.03295898 0.00053787 0.71484375 -0.18554688 0.11669922 -0.04565430 0.01440430 0.36718750 0.00317383 -0.00048828 -0.08056641 0.13867188 0.00104523 -0.08154297 0.02600098 0.00170135 -0.00082016 -0.15136719 0.08007812 -0.09423828 -0.00854492 -0.05249023 -0.38671875 -0.00043488 -0.10498047 0.00143433 0.00051880 0.02587891 -0.21875000 0.00189209 0.01196289 -0.11914062 0.01599121 0.08007812 -0.29687500 0.01831055 -0.03369141 -0.01000977 0.22851562 -0.11328125 0.00144958 0.11425781 0.00009632 0.12011719 0.06933594 0.00063324 -0.00002766 -0.11572266 -0.05322266 0.00285339 -0.12792969 -0.00062943 -0.01153564 -0.02404785 -0.05444336
-0.00053406 -0.00076294 -0.00088501 -0.00008392 -0.00141144 -0.00029373 0.00042725 -0.00096130 -0.00059509 0.00050735 0.00056839 -0.00074387 0.00097275 -0.00053406 -0.00070953 -0.00098419 -0.00144196 0.00046539 -0.00045013 -0.00035095 -0.00077057 0.00024605 0.00037766 -0.00047302 0.00105286 -0.00155640 0.00039101 -0.00175476 -0.00028038 -0.00124359 0.00102234 -0.00008821 -0.00072479 -0.00001562 -0.00066757 -0.00184631 -0.00119019 -0.00077820 0.00056458 -0.00104523 0.00045586 -0.00130463 0.00047112 0.00039673 0.00085068 0.00044441 -0.00122070 -0.00126648 0.00011158 -0.00118256 -0.00149536 0.00079727 -0.00101471 0.00018501 0.00059509 -0.00167084 -0.00053024 -0.00154114 -0.00119019 -0.00151825 -0.00146484 -0.00172424 0.00072861 0.00022316 -0.00130463 -0.00156403 -0.00085449 0.00075150 -0.00014687 0.00085068 0.00117493 -0.00101471 -0.00066376 -0.00015831 -0.00001931 0.00025368 0.00098419 -0.00173187 -0.00064468 0.00037956 -0.00109863 -0.00062180 -0.00061035 -0.00158691 -0.00103760 -0.00047874 0.00069427 -0.00154877 0.00071335 -0.00092697 -0.00135803 0.00043106 -0.00014019 -0.00098419 -0.00190735 -0.00072098 0.00034332 0.00024605 -0.00189209 -0.00115204 -0.00123596 0.00111389 -0.00005007 -0.00125122 -0.00065231 -0.00090790 -0.00075531 -0.00036430 -0.00028419 0.00077057 0.00003600 0.00080872 -0.00095367 0.00073624 -0.00027657 -0.00109100 -0.00112152 -0.00066757 -0.00140381 -0.00165558 0.00075912 -0.00067139 0.00054169 0.00037956 -0.00078583 -0.00024796 -0.00067520 0.00044441 0.00048637 -0.00028038 0.00105286 0.00009203 -0.00090027 -0.00152588 -0.00081635 -0.00013638 0.00085068 0.00033188 0.00094223 0.00099182 -0.00075531 -0.00076294 -0.00075150 -0.00093842 0.00022888 -0.00053406 -0.00080490 0.00068665 -0.00028610 -0.00033760 -0.00004625 -0.00031662 -0.00183868 0.00012875 -0.00169373 -0.00042915 0.00038147 -0.00159454 -0.00106049 -0.00121307 0.00051498 -0.00033569 -0.00112915 0.00048828 -0.00006723 -0.00057983 0.00056458 0.00010681 -0.00106049 -0.00115204 0.00103760 -0.00178528 -0.00108337 -0.00189209 -0.00056076 -0.00033951 -0.00149536 0.00005364 0.00049210 0.00037956 -0.00137329 -0.00189972 -0.00180054 -0.00077820 0.00090408 0.00094604 -0.00168610 -0.00046349 -0.00122070 0.00011444 -0.00061798 -0.00181580 -0.00148773 0.00108337 0.00073624 0.00002527 -0.00094986 0.00064087 -0.00148773 -0.00115967 -0.00069809 0.00018597 -0.00120544 0.00083923 -0.00091171 0.00089645 -0.00017166 -0.00131226 0.00043869 0.00133514 -0.00164032 -0.00038910 -0.00075912 0.00109100 -0.00078201 -0.00118256 0.00014305 -0.00081635 -0.00091934 -0.00183868 0.00100708 -0.00178528 -0.00147247 -0.00059128 -0.00122070 -0.00009298 -0.00166321 -0.00097656 -0.00016689 -0.00012398 0.00061798 0.00090027 -0.00168610 -0.00047112 0.00049210 -0.00130463 -0.00069046 0.00012016 -0.00186157 0.00026131 0.00001597 -0.00032616 -0.00142670 -0.00073242 -0.00030708 -0.00155640 -0.00164795 -0.00099182 -0.00025558 0.00072479 -0.00131226 0.00018120 -0.00109863 0.00040245 -0.00068283 -0.00146484
0.00036240 0.02697754 0.01562500 0.15039062 -0.12500000 0.02221680 0.04248047 0.10156250 0.09619141 -0.01989746 0.23339844 0.14453125 0.08203125 0.06835938 -0.05810547 -0.84765625 0.07714844 0.04248047 0.00037193 -0.43554688 -0.12158203 0.07031250 0.00079346 -0.00598145 0.03125000 -0.78125000 -0.47851562 0.06835938 0.00030899 -0.43359375 -0.14746094 0.06591797 -0.01324463 -0.00032043 0.00124359 -0.15234375 -0.50000000 -0.00128174 0.00140381 0.11914062 0.00145721 0.01379395 -0.29101562 0.09033203 0.07812500 -0.09033203 -0.12158203 0.07275391 -0.02746582 -0.11376953 -0.00738525 -0.04052734 -0.11474609 0.01220703 0.04589844 0.14941406 0.00100708 -0.01312256 -0.08691406 -0.04956055 0.12695312 -0.20703125 -0.09863281 0.11816406 -0.21191406 -0.05834961 0.03125000 0.02282715 -0.07568359 -0.00087738 -0.00076675 -0.02648926 0.00125122 0.14453125 -0.24023438 -0.29687500 -0.00079727 0.09326172 -0.60546875 0.17187500 0.02380371 0.00051498 -0.00115204 -0.23437500 0.06689453 -0.00302124 -0.00148773 0.12402344 0.02819824 -0.01000977 0.08251953 0.17285156 0.02160645 -0.35156250 -0.09375000 0.07128906 0.21484375 0.09765625 -0.11132812 0.06640625 -0.20800781 -0.05981445 -0.00096130 -0.32421875 0.15332031 0.05761719 -0.00116730 0.18066406 0.00058746 -0.40234375 0.11767578 0.02941895 -0.03515625 -0.38867188 -0.02307129 0.00701904 0.08837891 0.10546875 -0.07421875 0.02575684 -0.00032616 0.11376953 0.13671875 0.04711914 -0.14746094 -0.36523438 0.05712891 -0.22167969 -0.56640625 -0.68750000 0.09228516 -0.05737305 0.00028229 0.07812500 -0.06127930 -0.27734375 0.06347656 0.00032425 -0.33007812 0.15429688 -0.14355469 -0.00040627 -0.10107422 -0.00093079 -0.00104523 -0.03881836 -0.03662109 0.19921875 0.66015625 0.08691406 0.00209045 -0.36328125 0.06152344 -0.00036621 0.08642578 -0.05908203 -0.00521851 0.00099182 0.00020123 0.04711914 -0.13281250 0.09716797 -0.22851562 -0.40625000 0.10449219 0.10205078 -0.20800781 0.00091171 0.35156250 -0.08251953 -0.23339844 0.00001824 -0.34570312 0.20214844 0.10546875 0.05932617 0.27734375 -0.22558594 0.28906250 -0.19238281 0.14453125 -0.07373047 -0.08886719 -0.43359375 -0.01916504 -0.10156250 -0.09619141 0.11962891 -0.19824219 -0.00033951 -0.14355469 0.00065613 -0.03662109 -0.00054932 0.05664062 0.00141144 0.19921875 0.01928711 -0.00253296 0.21191406 0.14550781 0.07519531 0.00093842 -0.23046875 -0.34570312 0.03100586 -0.14257812 0.09130859 -0.19726562 -0.00169373 -0.00144958 -0.02868652 -0.01647949 0.00233459 -0.46679688 -0.03442383 0.00115204 -0.15429688 -0.18652344 -0.31445312 -0.00476074 -0.01892090 0.20507812 0.18164062 -0.00080109 -0.64453125 0.00019169 -0.00163269 0.03833008 -0.14746094 0.00003791 -0.65625000 0.14746094 -0.00946045 0.02014160 0.26953125 0.08251953 -0.02282715 -0.14355469 -0.25976562 -0.39843750 0.07421875 -0.05004883 0.00180054 -0.01397705 0.12304688 0.00003219 -0.00125885 0.12060547 -0.00909424 -0.07275391 -0.04174805 0.00098419 0.08496094 -0.08398438 -0.05932617
0.00097656 -0.00053024 -0.00072479 -0.00056076 -0.00134277 -0.00093460 -0.00053787 0.00024986 -0.00125885 0.00039482 0.00115967 -0.00041199 0.00037003 -0.00123596 -0.00014496 0.00008011 -0.00115967 0.00007582 0.00096512 0.00070572 0.00061035 -0.00046730 -0.00034904 0.00028992 -0.00102234 -0.00077438 -0.00111389 -0.00078964 0.00062180 -0.00011444 -0.00099945 0.00081253 -0.00082016 0.00005770 -0.00115967 0.00067139 0.00048637 -0.00144196 -0.00064850 0.00064087 0.00063705 -0.00024605 0.00067139 0.00009584 -0.00119781 -0.00086212 -0.00142670 -0.00099945 0.00031471 -0.00045776 0.00057602 -0.00040245 -0.00177002 0.00008678 -0.00057983 -0.00140381 0.00080109 -0.00094986 -0.00054169 -0.00099945 -0.00016403 0.00083542 0.00035477 0.00010014 -0.00063705 -0.00077057 0.00049591 0.00062180 0.00057602 -0.00002551 0.00004625 -0.00052643 -0.00093842 -0.00056076 0.00077057 0.00008297 0.00086212 0.00101471 -0.00091934 -0.00119019 0.00012302 -0.00019932 -0.00102234 -0.00094604 0.00048828 -0.00108337 0.00055313 -0.00105286 -0.00099182 0.00019169 -0.00077057 -0.00055313 -0.00021839 0.00069809 -0.00048256 0.00020218 -0.00049973 -0.00034523 -0.00020599 0.00070190 -0.00132751 -0.00170135 0.00064087 -0.00019073 0.00103760 -0.00063324 0.00028419 0.00071716 0.00063324 0.00010681 0.00027847 -0.00129700 -0.00151062 0.00027847 0.00047302 0.00074768 -0.00037193 -0.00002789 0.00059509 -0.00064087 -0.00169373 -0.00168610 -0.00143433 -0.00061035 -0.00150299 0.00043297 -0.00106812 -0.00173950 -0.00135803 -0.00119019 -0.00022602 -0.00018597 0.00063324 -0.00084686 -0.00095749 -0.00151062 -0.00105286 0.00083542 -0.00003040 -0.00148773 -0.00101471 -0.00098419 0.00105286 -0.00159454 0.00071716 0.00032806 -0.00019836 -0.00046539 0.00079727 0.00083542 -0.00010538 0.00085831 -0.00160980 -0.00168610 0.00006342 0.00033951 0.00008726 -0.00051880 -0.00068665 -0.00082779 -0.00102234 -0.00030518 0.00037956 0.00030327 -0.00144958 -0.00161743 0.00122070 -0.00084305 0.00044632 -0.00035858 0.00109100 -0.00008154 -0.00011635 0.00036049 -0.00125885 0.00065613 -0.00004148 -0.00161743 0.00048828 -0.00078201 -0.00035286 0.00013065 -0.00070190 -0.00064468 -0.00063324 0.00101471 -0.00026131 0.00045013 -0.00013351 -0.00093460 0.00021267 -0.00124359 -0.00114441 -0.00137329 -0.00056458 0.00065613 -0.00032043 0.00030899 -0.00128937 -0.00177002 0.00120544 0.00054932 0.00054932 0.00014400 -0.00154114 -0.00078201 0.00029755 0.00005913 0.00035667 0.00102234 -0.00048065 -0.00017452 -0.00131989 0.00047112 0.00001848 -0.00142670 -0.00167847 -0.00138855 -0.00118256 0.00007343 0.00115204 -0.00096512 -0.00109863 0.00083160 -0.00041580 -0.00174713 0.00115204 -0.00048828 -0.00055313 -0.00169373 -0.00077820 0.00074387 0.00093079 0.00096893 0.00049591 -0.00052643 -0.00076675 -0.00058365 0.00074768 0.00053406 -0.00141907 0.00012779 0.00030327 -0.00063705 0.00082397 -0.00084686 0.00104523 -0.00096512 0.00083160 -0.00138092 0.00015163 0.00027466 0.00069427 -0.00145721 0.00034142 0.00001979
0.00022221 0.00524902 -0.01452637 0.03222656 0.02636719 0.04541016 -0.29882812 0.01989746 0.02319336 -0.06054688 0.34375000 -0.04980469 -0.05322266 0.02490234 -0.44531250 0.07861328 -0.01135254 -0.02307129 -0.00008392 0.04736328 0.13769531 -0.04028320 -0.00063324 -0.07666016 0.05371094 0.08105469 -0.56250000 -0.08349609 -0.00001168 0.29101562 -0.17089844 -0.03088379 0.11669922 0.00195312 0.00115967 0.12597656 0.23925781 -0.00013351 -0.00128174 0.18652344 -0.00090790 -0.08935547 -0.00378418 -0.07324219 -0.04614258 0.22363281 0.04589844 0.03540039 0.11572266 0.21484375 -0.15625000 -0.07666016 -0.02758789 0.04882812 -0.44335938 -0.07031250 0.00014114 -0.00891113 0.22070312 -0.19335938 0.09375000 0.17089844 0.04199219 -0.12597656 -0.42773438 0.05712891 0.18066406 -0.09960938 -0.11425781 -0.00052643 -0.00005865 0.13671875 0.00034523 0.11230469 0.10058594 -0.29687500 0.00066757 -0.01806641 0.16406250 -0.02319336 -0.21875000 0.00160217 -0.00113678 0.05615234 0.00891113 -0.00257874 -0.00127411 -0.09228516 0.07226562 0.05395508 0.12304688 -0.33203125 0.18652344 0.33593750 0.22558594 -0.00418091 0.18847656 0.14746094 0.13378906 -0.66406250 -0.08740234 0.25000000 0.00063324 0.05883789 0.09179688 0.01892090 -0.00334167 -0.49414062 0.00121307 0.06835938 -0.09033203 -0.42187500 0.09033203 0.04882812 0.03198242 -0.06494141 0.06054688 0.14062500 0.19824219 0.03906250 -0.00039101 -0.02209473 -0.10205078 0.11425781 0.30273438 -0.12060547 -0.03173828 0.22753906 0.22363281 0.09277344 -0.46093750 -0.18359375 0.00176239 -0.08935547 -0.01135254 0.09472656 0.25976562 -0.00035286 0.31445312 -0.24414062 0.07128906 0.00083542 -0.24414062 0.00077438 0.00006485 0.12890625 0.06835938 0.07519531 -0.19726562 0.00062943 -0.05761719 0.25390625 0.05053711 0.00026703 0.10302734 0.07861328 0.11279297 -0.03833008 -0.00062561 -0.00866699 -0.24902344 -0.08593750 0.22851562 0.04858398 0.20703125 0.13769531 -0.11914062 -0.00100708 0.02062988 -0.06640625 0.02697754 0.00024796 0.12402344 -0.03442383 0.08105469 -0.01080322 -0.13671875 0.04321289 -0.71484375 -0.17578125 0.02294922 0.05957031 0.16503906 0.39257812 0.07568359 -0.34765625 0.05053711 0.39648438 0.18359375 -0.00049210 -0.04809570 0.00075531 -0.05590820 0.00091171 -0.11425781 0.00105286 -0.55468750 0.22949219 0.39257812 -0.01367188 -0.10400391 -0.01464844 -0.00115967 -0.00188446 0.16699219 -0.09863281 0.14453125 0.09082031 -0.11962891 -0.00043106 0.00077057 0.08349609 -0.02258301 -0.00009871 0.03881836 0.14746094 0.00151825 0.23730469 0.34960938 0.07177734 -0.19433594 0.01409912 -0.05834961 -0.40234375 -0.00032425 0.16308594 0.00120544 -0.00044823 -0.00209045 -0.04882812 0.00196838 -0.43945312 0.30859375 0.06201172 0.06542969 -0.18750000 -0.05249023 -0.06738281 0.01647949 0.17089844 0.17382812 -0.00311279 0.00306702 0.00058746 -0.50390625 -0.10351562 0.00103760 -0.00010729 -0.02819824 0.00105286 0.09082031 0.07763672 -0.00093079 -0.04589844 -0.01928711 0.10888672
0.00014973 -0.04150391 -0.45507812 -0.00176239 -0.09765625 0.36523438 -0.11669922 0.00952148 -0.02722168 -0.23437500 0.10058594 0.05468750 -0.03015137 -0.00352478 -0.06835938 -0.08154297 0.09179688 0.01953125 0.00147247 0.01684570 -0.04907227 -0.00227356 0.00024319 0.01745605 0.03247070 -0.11279297 -0.06884766 -0.02099609 0.00096893 0.13183594 0.03051758 0.00039673 -0.09033203 -0.00039864 -0.00033569 0.16699219 -0.00043869 -0.00109863 0.00013161 0.02050781 -0.00020409 -0.07128906 0.08349609 -0.00903320 0.01013184 0.04443359 0.04125977 -0.00927734 -0.34570312 0.11181641 -0.49609375 -0.53906250 -0.14843750 0.18261719 0.17089844 -0.05786133 -0.00072861 0.51171875 0.27929688 0.13476562 -0.07031250 -0.07568359 -0.56640625 -0.01336670 -0.04321289 -0.05664062 -0.50000000 -0.39648438 -0.01867676 0.00062561 0.00025749 -0.48437500 -0.00049973 -0.06176758 -0.07714844 0.09082031 0.00076675 0.00622559 -0.20410156 -0.02258301 -0.03295898 0.00091934 -0.00028801 -0.01501465 -0.00303650 -0.00028801 -0.00077057 0.00723267 0.01940918 0.06030273 -0.10205078 -0.02490234 0.03198242 -0.08007812 0.08886719 -0.00897217 -0.15917969 0.06176758 0.25781250 -0.04077148 0.11279297 0.05273438 0.00004911 0.34960938 0.00053787 -0.03540039 0.00418091 0.03271484 0.00071716 0.06542969 0.05371094 0.07177734 -0.08984375 0.19042969 -0.43554688 -0.01037598 0.04638672 0.38671875 -0.20117188 0.05664062 0.00103760 0.02062988 -0.02770996 -0.43750000 -0.00352478 -0.00098419 -0.05419922 -0.15039062 -0.05395508 -0.04272461 0.00964355 -0.01416016 0.00131989 0.27539062 0.35546875 0.10009766 -0.03173828 0.00142670 -0.14648438 -0.00805664 0.25781250 0.00093460 0.12500000 0.00086212 -0.00030708 0.17285156 -0.04711914 -0.20605469 0.02563477 -0.04248047 0.06982422 0.02038574 -0.00234985 -0.00204468 0.07568359 0.04174805 -0.53906250 0.00479126 -0.00063324 -0.05200195 0.01977539 -0.04565430 0.07519531 -0.08691406 0.41406250 0.44140625 -0.33203125 0.00102997 -0.03735352 0.18554688 -0.00161743 -0.00063324 -0.02270508 -0.01586914 -0.02856445 0.00817871 -0.02966309 0.04321289 0.02661133 0.02429199 0.01000977 -0.01556396 0.00506592 0.09814453 -0.18261719 0.01196289 -0.02709961 0.04150391 0.05273438 -0.00071335 -0.09423828 -0.00015450 0.01293945 -0.00037003 -0.01336670 0.00072479 0.09033203 -0.04394531 0.10595703 0.00379944 -0.02087402 -0.05395508 -0.00023174 -0.03417969 -0.12597656 -0.04638672 -0.21777344 -0.01953125 -0.04272461 0.00043678 -0.00122070 -0.01879883 0.03759766 0.00086212 0.03564453 0.31640625 0.00016975 0.24023438 0.22558594 0.06396484 0.07958984 0.07958984 0.00247192 0.00885010 -0.00032997 0.16015625 -0.00022411 -0.00053406 0.04150391 0.13085938 0.00020409 -0.03686523 0.21972656 -0.00738525 -0.27343750 -0.04467773 -0.01599121 0.45312500 0.48632812 0.14257812 -0.21582031 -0.00518799 0.00473022 -0.00067902 0.04443359 0.00361633 -0.00010395 0.00144958 -0.10058594 0.39257812 0.40039062 -0.06030273 -0.00118256 -0.00650024 -0.10302734 -0.44531250
0.00099945 -0.05273438 -0.02014160 -0.02124023 0.06591797 -0.06445312 0.04736328 -0.05029297 -0.08105469 0.23046875 -0.19433594 0.11865234 -0.04541016 -0.00482178 0.11865234 0.11328125 -0.03613281 -0.30078125 -0.00068283 0.01129150 -0.01782227 0.00260925 0.00075912 0.13867188 -0.03088379 0.06542969 0.02746582 -0.11669922 -0.00040245 0.03222656 -0.02282715 0.02136230 -0.10888672 -0.00016022 0.00070190 -0.01330566 0.35546875 -0.00027275 -0.00024319 0.07177734 0.00126648 -0.36132812 0.00531006 -0.00579834 0.01672363 -0.03735352 -0.11865234 0.14746094 -0.02758789 0.11083984 0.36523438 -0.10937500 0.36523438 -0.04467773 0.02197266 -0.14746094 0.00094986 -0.11230469 -0.22265625 0.37500000 0.02099609 0.02514648 -0.44921875 -0.03271484 0.18261719 0.05761719 -0.04199219 -0.01251221 -0.60546875 0.00106049 -0.00044441 0.00598145 0.00037003 0.23730469 0.25585938 -0.29492188 0.00141144 -0.08837891 -0.00756836 0.05517578 0.00811768 0.00023746 0.00173950 0.26757812 -0.03710938 -0.00219727 -0.00059128 -0.00897217 -0.08007812 -0.80468750 0.04809570 -0.27929688 0.17968750 0.24511719 0.02294922 0.05102539 0.13574219 -0.08105469 0.44921875 0.17773438 0.44531250 0.14160156 0.00107574 0.14550781 -0.13769531 0.28320312 -0.00002193 0.08447266 -0.00092697 0.06298828 0.53515625 -0.04858398 -0.10449219 0.05029297 -0.06445312 -0.08300781 -0.16992188 -0.10791016 -0.00540161 0.09326172 0.00069046 -0.06787109 -0.04638672 -0.04199219 -0.48437500 0.04614258 -0.13964844 -0.01770020 0.19238281 0.02832031 -0.01037598 -0.01062012 0.00179291 0.14746094 0.14355469 -0.34960938 0.04589844 0.00193787 -0.05908203 -0.26953125 -0.23828125 0.00125885 0.40039062 0.00035286 -0.00075531 -0.01135254 -0.17382812 -0.12207031 0.13769531 0.01171875 0.06005859 0.11279297 0.04296875 0.00008202 -0.25390625 -0.05493164 -0.01428223 0.02270508 0.00111389 0.53906250 0.42187500 -0.30273438 0.49218750 -0.28710938 -0.11669922 -0.05297852 0.27539062 -0.00111389 -0.01647949 -0.04296875 -0.44726562 -0.00127411 -0.03710938 0.27539062 0.05615234 -0.04174805 0.16992188 -0.40039062 -0.10937500 0.05566406 -0.02990723 0.04223633 0.18945312 -0.16308594 0.18066406 -0.08251953 -0.25195312 -0.45898438 -0.58984375 0.00078583 -0.27734375 0.00034523 -0.02746582 0.00151062 -0.04150391 0.00090408 0.03686523 0.15136719 -0.52734375 0.02050781 -0.01745605 0.06933594 -0.00121307 -0.24414062 0.08691406 -0.07373047 0.08691406 0.02368164 0.03320312 0.00300598 0.00080109 -0.02441406 -0.07373047 0.00106049 -0.21972656 -0.13964844 -0.00031853 0.18457031 0.04663086 -0.01513672 0.30664062 0.02343750 -0.01892090 -0.19433594 0.00135040 -0.00518799 0.00130463 0.00061798 -0.14257812 0.44726562 -0.00091171 -0.03662109 -0.10351562 0.00075531 -0.08935547 -0.01916504 -0.02258301 -0.04492188 0.34960938 0.02319336 -0.03112793 -0.02832031 0.01104736 -0.00020218 0.10986328 -0.02099609 0.00078583 -0.00187683 -0.09667969 -0.32421875 0.09082031 -0.61328125 0.00083923 -0.00588989 0.25000000 -0.11474609
0.00036812 -0.00001884 -0.00069427 -0.00047112 -0.00045395 -0.00083923 -0.00128174 -0.00071335 -0.00179291 -0.00070572 -0.00048256 -0.00122833 -0.00274658 0.00041008 0.00006294 -0.00071716 -0.00035477 -0.00174713 -0.00046539 -0.00176239 -0.00077438 0.00075912 0.00006533 0.00004625 0.00049973 -0.00047493 0.00035667 -0.00083542 0.00082779 -0.00148010 -0.00135040 -0.00083923 0.00067139 -0.00172424 -0.00176239 -0.00073624 0.00011826 0.00029373 -0.00091934 0.00007582 -0.00167084 -0.00105286 0.00046921 -0.00090790 0.00055313 0.00094604 -0.00253296 -0.00110626 -0.00006151 0.00088882 -0.00104523 0.00045586 -0.00045586 0.00133514 -0.00139618 -0.00158691 -0.00080872 -0.00146484 -0.00058365 0.00019646 -0.00184631 0.00027275 -0.00053787 -0.00032234 -0.00013638 0.00115967 -0.00008392 0.00082397 -0.00286865 -0.00006390 -0.00099182 -0.00000118 -0.00127411 -0.00007343 -0.00189972 0.00035095 -0.00115967 -0.00112152 -0.00070190 0.00115204 0.00058746 -0.00025749 -0.00140381 0.00045967 -0.00048447 0.00100708 -0.00115967 -0.00112152 -0.00140381 -0.00160980 -0.00096893 -0.00048256 -0.00145721 -0.00146484 -0.00132751 -0.00008631 -0.00039673 -0.00152588 -0.00022888 -0.00113678 0.00130463 -0.00103760 -0.00094223 -0.00102997 -0.00179291 -0.00031853 -0.00117493 -0.00078583 -0.00142670 0.00121307 0.00038147 -0.00031471 0.00090027 -0.00038338 -0.00157928 -0.00025558 -0.00030708 -0.00198364 0.00081635 -0.00074387 -0.00067520 -0.00215149 -0.00059128 -0.00053787 -0.00033188 0.00024605 -0.00049591 -0.00006914 -0.00168610 -0.00048828 -0.00122833 0.00005412 0.00061798 -0.00009680 -0.00137329 0.00018311 0.00038147 -0.00074387 -0.00141144 -0.00106049 0.00090027 0.00004005 0.00010300 0.00109863 -0.00131226 -0.00154877 -0.00029945 -0.00145721 -0.00060272 -0.00106049 -0.00228882 -0.00031281 0.00020409 0.00007296 -0.00035667 0.00068665 -0.00120544 -0.00083160 -0.00036240 0.00102997 -0.00256348 -0.00014114 -0.00074387 -0.00103760 -0.00014496 -0.00104523 -0.00029945 0.00036812 -0.00082397 -0.00129700 -0.00013828 0.00039291 -0.00108337 0.00068665 0.00040817 -0.00124359 0.00025558 -0.00078964 0.00120544 -0.00158691 0.00136566 -0.00024986 -0.00129700 0.00109863 -0.00157166 -0.00037384 -0.00125122 -0.00183105 -0.00176239 -0.00004935 0.00032616 -0.00096512 0.00002003 -0.00131226 -0.00259399 -0.00145721 -0.00173187 0.00152588 -0.00046921 -0.00174713 -0.00112152 -0.00125122 0.00034714 -0.00001299 0.00054932 0.00024986 0.00109100 0.00009441 -0.00213623 0.00017738 0.00066376 -0.00010777 0.00033379 0.00093842 -0.00061417 0.00072098 0.00110626 0.00102234 -0.00043488 -0.00068665 -0.00124359 0.00091934 -0.00042343 -0.00102234 -0.00097275 0.00025749 0.00102234 -0.00030899 -0.00006199 -0.00073624 0.00062561 -0.00010920 0.00002694 -0.00109100 -0.00078964 -0.00184631 -0.00078583 -0.00224304 -0.00078964 0.00008583 -0.00067139 -0.00198364 -0.00276184 0.00071716 -0.00027275 -0.00034904 -0.00032806 0.00114441 -0.00181580 -0.00067902 -0.00241089 -0.00097275 -0.00017643 -0.00300598 -0.00161743 0.00161743
-0.00123596 -0.00091171 -0.00161743 -0.00016880 -0.00198364 -0.00155640 -0.00296021 -0.00349426 -0.00098419 -0.00643921 -0.00205994 -0.00167084 -0.00460815 -0.00534058 0.00066757 -0.00173187 -0.00277710 -0.00485229 -0.00092316 -0.00279236 -0.00311279 -0.00228882 -0.00014877 -0.00276184 -0.00321960 -0.00335693 -0.00260925 -0.00357056 -0.00088120 -0.00247192 -0.00335693 -0.00491333 -0.00469971 0.00086212 0.00030136 -0.00167847 -0.00582886 -0.00026512 -0.00047112 0.00057602 -0.00051880 -0.00457764 -0.00048447 -0.00352478 -0.00064850 -0.00209045 -0.00329590 -0.00037956 -0.00075150 -0.00288391 -0.00497437 -0.00622559 -0.00372314 -0.00254822 -0.00451660 -0.00390625 0.00121307 -0.00382996 0.00222778 -0.00549316 -0.00300598 -0.00588989 -0.00512695 -0.00370789 -0.00457764 -0.00010920 -0.00225830 -0.00476074 -0.00288391 0.00000668 -0.00133514 -0.00289917 0.00038719 -0.00219727 -0.00059509 -0.00318909 -0.00163269 -0.00270081 -0.00172424 -0.00302124 -0.00340271 0.00051498 0.00080490 -0.00457764 -0.00049210 0.00051880 0.00051117 0.00014877 -0.00135803 -0.00067139 -0.00288391 -0.00286865 -0.00331116 -0.00399780 -0.00561523 -0.00338745 -0.00212097 -0.00332642 -0.00367737 -0.00415039 -0.00344849 -0.00167847 -0.00026512 -0.00671387 0.00314331 -0.00306702 -0.00005126 -0.00396729 0.00006485 -0.00245667 -0.00349426 -0.00482178 -0.00157928 -0.00393677 -0.00108337 -0.00476074 -0.00270081 -0.00427246 -0.00430298 -0.00527954 -0.00072861 -0.00367737 -0.00411987 -0.00088501 -0.00077438 -0.00363159 -0.00418091 0.00064468 -0.00282288 -0.00091553 -0.00439453 -0.00457764 -0.00167847 -0.00439453 -0.00169373 -0.00312805 -0.00124359 0.00098419 -0.00433350 -0.00622559 -0.00543213 0.00078964 -0.00259399 0.00023556 -0.00009823 -0.00204468 -0.00372314 -0.00312805 -0.00242615 -0.00222778 -0.00381470 -0.00389099 -0.00491333 -0.00064087 -0.00271606 -0.00402832 -0.00352478 -0.00158691 -0.00003171 -0.00126648 -0.00338745 -0.00280762 -0.00355530 0.00081253 -0.00092697 -0.00631714 -0.00382996 0.00035286 -0.00372314 -0.00369263 -0.00476074 -0.00134277 -0.00350952 -0.00320435 -0.00201416 -0.00180817 0.00427246 -0.00244141 -0.00245667 -0.00277710 -0.00396729 -0.00282288 -0.00340271 -0.00228882 0.00027847 -0.00442505 -0.00276184 -0.00344849 -0.00436401 0.00007391 -0.00242615 -0.00068665 -0.00189209 -0.00063324 -0.00543213 -0.00005388 -0.00466919 -0.00061035 -0.00375366 -0.00120544 -0.00291443 -0.00165558 0.00025749 -0.00354004 -0.00399780 0.00004411 -0.00199890 -0.00176239 -0.00494385 0.00028610 -0.00071716 -0.00567627 -0.00167084 0.00119019 -0.00222778 -0.00373840 0.00107574 -0.00201416 -0.00115967 -0.00288391 -0.00296021 -0.00046158 -0.00167084 -0.00350952 -0.00117493 -0.00579834 -0.00168610 0.00077438 -0.00427246 -0.00296021 -0.00096893 -0.00350952 -0.00411987 -0.00352478 -0.00427246 -0.00485229 -0.00445557 -0.00146484 -0.00180054 -0.00186157 0.00014877 -0.00228882 -0.00317383 0.00106812 -0.00372314 -0.00056076 -0.00078583 -0.00009108 -0.00170135 -0.00503540 -0.00016308 -0.00114441 0.00033951 -0.00309753 -0.00460815 -0.00500488
0.00172424 -0.01141357 0.64453125 0.10546875 0.13183594 -0.39843750 0.11718750 -0.06884766 0.01165771 0.24902344 0.01116943 -0.01440430 0.05395508 0.01696777 0.01672363 0.43164062 0.00579834 0.08935547 -0.00162506 -0.11523438 -0.06787109 -0.04003906 -0.00148010 0.02038574 -0.06738281 -0.25195312 0.06787109 -0.01953125 -0.00074768 0.01251221 0.02160645 -0.02014160 0.16601562 -0.00018024 -0.00010014 -0.30859375 -0.15039062 0.00121307 0.00012064 -0.02978516 -0.00013638 -0.25585938 -0.38671875 -0.03564453 0.04858398 -0.09667969 -0.25390625 -0.00952148 0.64062500 -0.21289062 -0.42578125 -0.30078125 -0.07177734 -0.31250000 -0.10205078 -0.01513672 0.00080872 -0.67968750 -0.25781250 -0.11718750 -0.06445312 0.10498047 -0.04394531 0.04516602 0.06884766 0.05834961 0.65625000 0.64843750 -0.00079346 -0.00040436 0.00052261 0.51562500 -0.00044441 -0.06591797 -0.05419922 0.11132812 -0.00013924 -0.02282715 0.60156250 -0.01281738 0.18945312 0.00033569 -0.00135040 0.07128906 0.01953125 -0.00002062 -0.00041199 0.01306152 0.02648926 0.09912109 0.06542969 0.07714844 -0.17382812 0.22753906 -0.37109375 -0.04882812 0.06884766 -0.10986328 -0.37890625 0.03015137 -0.28515625 -0.13378906 0.00122833 -0.72656250 0.09765625 -0.00598145 0.00053024 -0.04516602 -0.00002182 -0.00982666 -0.34765625 0.00058746 0.03015137 -0.30859375 0.55859375 0.00994873 0.06494141 -0.63671875 0.44921875 -0.06689453 -0.00100708 0.01635742 0.02868652 0.60937500 0.13867188 0.08251953 0.07373047 0.15722656 0.09765625 0.48046875 0.12011719 -0.04785156 -0.00040054 -0.58593750 -0.74609375 0.03271484 0.07128906 0.00098419 0.35546875 0.06933594 -0.16113281 -0.00028610 0.10400391 -0.00053406 0.00054169 -0.36718750 -0.07080078 0.05688477 0.04614258 0.05224609 -0.11669922 -0.02551270 -0.00729370 -0.00087357 -0.09033203 -0.08593750 0.57031250 0.01660156 -0.00018692 -0.24023438 -0.03149414 -1.19531250 0.06689453 0.42773438 -0.59765625 -0.72265625 -0.15136719 0.00040245 -0.12695312 -0.18945312 0.24804688 0.00060272 -0.02941895 0.06445312 -0.09326172 0.02355957 -0.10205078 -0.09814453 0.13378906 0.00741577 -0.00915527 -0.04687500 -0.06030273 -0.08496094 0.21875000 0.11962891 -0.09912109 0.02856445 0.23242188 0.00177765 0.06591797 0.00099182 -0.05493164 0.00066757 0.04150391 0.00052261 0.06201172 0.00286865 -0.14355469 0.19531250 -0.01806641 0.43750000 0.00027657 0.07031250 0.13476562 -0.00191498 0.28710938 -0.06884766 -0.04443359 0.00250244 -0.00029755 -0.00723267 -0.04663086 -0.00173187 0.11230469 -0.48828125 -0.00006342 -0.66015625 -0.60156250 -0.10595703 0.10253906 -0.13183594 -0.03149414 0.02783203 -0.00044823 0.04663086 0.00111389 -0.00209045 0.03344727 -0.08886719 0.00170135 -0.07617188 -0.38281250 -0.03613281 0.43359375 -0.04931641 0.02624512 0.24316406 -0.58984375 -0.03039551 0.62109375 0.01989746 -0.02709961 0.00009823 0.04150391 0.00668335 0.00049973 -0.00209045 -0.14843750 0.49414062 -0.80468750 0.06127930 0.00056458 0.00382996 -0.05810547 0.56640625
0.00049210 -0.00118256 -0.00025749 -0.00015545 -0.00049591 -0.00008631 -0.00250244 -0.00070190 0.00004768 0.00048637 -0.00068283 -0.00065231 -0.00210571 0.00013828 -0.00100708 -0.00204468 -0.00023842 -0.00236511 -0.00053406 -0.00075150 0.00026321 -0.00162506 0.00007772 -0.00219727 -0.00169373 -0.00141907 -0.00141144 0.00025749 -0.00061035 -0.00024796 -0.00095749 0.00016117 0.00018883 -0.00065613 0.00119019 -0.00078201 -0.00267029 -0.00120544 -0.00038910 -0.00158691 0.00012159 -0.00227356 -0.00117493 -0.00201416 0.00009155 -0.00035858 -0.00254822 0.00038719 -0.00222778 -0.00074387 -0.00209045 -0.00074768 -0.00192261 -0.00234985 -0.00159454 -0.00173187 -0.00079727 -0.00126648 -0.00047302 0.00025749 0.00015450 0.00011492 -0.00221252 -0.00219727 -0.00101471 0.00039482 -0.00239563 0.00019836 -0.00213623 0.00087738 -0.00099182 -0.00170898 0.00000936 -0.00049210 -0.00198364 -0.00109863 -0.00125885 -0.00093842 -0.00270081 -0.00137329 -0.00077438 -0.00012398 0.00046730 0.00052261 -0.00060654 0.00046158 0.00111389 0.00047302 -0.00153351 -0.00025940 0.00131226 -0.00042152 -0.00026894 -0.00263977 -0.00184631 -0.00076294 -0.00253296 0.00064087 -0.00003123 -0.00165558 -0.00072098 -0.00055695 0.00127411 0.00016689 -0.00069427 0.00005269 -0.00060654 -0.00221252 0.00014877 -0.00071716 -0.00189972 -0.00106049 0.00083160 -0.00184631 -0.00247192 -0.00033951 -0.00189209 -0.00171661 -0.00095749 -0.00205994 -0.00126648 -0.00273132 0.00000739 -0.00168610 -0.00095749 -0.00143433 -0.00192261 -0.00086212 0.00039864 -0.00090027 0.00018597 -0.00181580 -0.00001967 -0.00125885 -0.00198364 -0.00130463 0.00047302 -0.00029182 -0.00008774 -0.00160217 -0.00233459 0.00011635 0.00033760 -0.00113678 0.00038147 0.00032425 -0.00084686 -0.00054932 -0.00052261 -0.00010395 -0.00131226 -0.00176239 -0.00160980 0.00008249 -0.00086212 0.00046730 0.00028992 0.00037384 -0.00033760 -0.00000387 -0.00160980 -0.00025749 -0.00008631 0.00047112 -0.00119781 -0.00247192 0.00014687 -0.00051498 -0.00100708 0.00012589 -0.00204468 -0.00012159 -0.00029373 -0.00267029 -0.00234985 -0.00245667 -0.00170898 -0.00186157 -0.00023937 -0.00194550 -0.00198364 -0.00202942 -0.00096512 -0.00107574 0.00018406 -0.00050735 -0.00069427 -0.00046921 0.00082397 -0.00015736 -0.00253296 -0.00049591 -0.00233459 -0.00022316 -0.00112152 -0.00140381 -0.00028419 -0.00092316 -0.00001729 -0.00262451 -0.00063705 -0.00036049 0.00056458 -0.00029755 0.00025368 -0.00106049 0.00059891 -0.00141907 -0.00199890 -0.00066757 0.00080872 -0.00048828 -0.00170898 -0.00047684 0.00030899 -0.00129700 0.00061798 0.00030327 -0.00106049 0.00026321 -0.00182343 -0.00082779 -0.00122070 -0.00064850 -0.00028229 -0.00059509 -0.00024414 -0.00070572 -0.00064468 0.00133514 0.00081635 -0.00057602 -0.00143433 -0.00131226 -0.00059509 0.00014877 -0.00260925 -0.00173950 -0.00201416 -0.00231934 -0.00053406 -0.00066376 0.00022316 0.00021362 -0.00064468 -0.00196838 -0.00095367 -0.00125885 -0.00137329 -0.00030518 0.00030136 -0.00063705 -0.00050354 -0.00170135 -0.00173950 -0.00018692
0.00102234 -0.07373047 -0.03906250 -0.56250000 0.15625000 0.11962891 -0.02832031 0.06787109 -0.10644531 0.04565430 0.00891113 0.01251221 -0.10791016 -0.03613281 -0.10009766 -0.08837891 -0.05004883 -0.00370789 0.00133514 0.05932617 0.15429688 -0.05078125 -0.00027275 0.10400391 -0.10449219 0.15527344 0.00692749 1.26562500 0.00083160 -0.01721191 0.10058594 -0.05273438 0.05517578 0.00084305 0.00134277 0.05590820 -0.11718750 -0.00009727 0.00119781 -0.29882812 0.00067139 0.01855469 0.02770996 0.17480469 0.06591797 0.03540039 0.03979492 -0.15039062 0.02624512 0.03393555 -0.01977539 -0.01422119 0.04199219 -0.03686523 -0.01928711 -0.00469971 0.00024796 -0.00344849 -0.09960938 0.05029297 0.00891113 0.07519531 -0.00074005 -0.19921875 0.08300781 -0.05590820 0.06298828 0.12304688 0.14550781 -0.00086975 0.00104523 -0.05908203 -0.00065231 -0.00515747 0.02160645 -0.08007812 -0.00015831 -0.14550781 0.06030273 -0.07421875 0.01501465 0.00192261 -0.00020981 0.00215149 -0.05102539 -0.00151062 0.00064468 -0.47460938 -0.10791016 -0.00619507 -0.00439453 -0.80468750 0.09814453 0.05932617 0.14257812 -0.13085938 -0.00625610 0.10205078 0.05078125 -0.07861328 0.06030273 -0.01855469 -0.00143433 0.01190186 0.78906250 0.03247070 0.00202942 0.23535156 0.00150299 -0.23925781 -0.05419922 0.18261719 0.02478027 0.01867676 -0.05834961 0.12304688 0.04174805 -0.04663086 0.05200195 -0.00292969 0.00158691 0.10839844 -0.10400391 -0.04248047 -0.03491211 0.16113281 0.01263428 0.12158203 -0.01892090 0.01318359 0.32812500 -0.03112793 0.00120544 -0.01904297 -0.11230469 0.26171875 0.03833008 0.00111389 -0.17089844 0.18652344 -0.00300598 -0.00079346 0.02368164 -0.00069046 -0.00125122 0.10693359 0.00244141 -0.02770996 0.80468750 0.06542969 0.00418091 -0.07861328 -0.05590820 -0.00297546 0.02819824 0.11523438 0.04614258 -0.11279297 -0.00050354 0.04760742 0.02221680 -0.01092529 -0.03564453 -0.05908203 0.16601562 0.11474609 -0.00093079 0.00013351 -0.19238281 -0.03906250 0.01586914 -0.00036240 0.06542969 0.12060547 0.05932617 0.02160645 0.06982422 -0.01434326 0.13183594 -0.16015625 -0.07714844 0.00463867 -0.03784180 -0.09521484 -0.05834961 -0.16113281 0.02746582 -0.15039062 0.03808594 0.00029755 0.03417969 0.00021744 0.00534058 -0.00032616 -0.08300781 0.00005722 0.22558594 0.10058594 0.02612305 -0.01232910 0.10839844 -0.03540039 -0.00045395 0.01684570 -0.09082031 0.49023438 -0.03588867 -0.01202393 0.03198242 0.00343323 0.00116730 -0.07080078 -2.10937500 -0.00170898 -0.10400391 -0.02636719 0.00052643 -0.13769531 0.08105469 -0.13671875 0.00634766 -0.10058594 -0.09228516 -0.73828125 -0.00018311 -0.05468750 0.00128937 0.00112915 -0.11572266 0.09033203 -0.00008726 -0.04809570 -0.00317383 0.08984375 0.17871094 0.37695312 0.00104523 -0.02185059 0.00088120 -0.15429688 0.04638672 -0.05175781 -0.78515625 -0.00044823 -0.00509644 -0.30664062 0.00041771 -0.00023842 -0.02551270 0.00860596 0.04663086 -0.00515747 0.00164032 0.12597656 0.02551270 -0.10839844
-0.00145721 -0.00210571 0.00131226 0.00024414 -0.00101471 -0.00059891 -0.00113678 0.00022125 -0.00182343 -0.00154877 -0.00054169 -0.00050354 -0.00173187 -0.00055695 -0.00120544 -0.00024223 -0.00090408 -0.00103760 -0.00173187 0.00054932 0.00023365 -0.00184631 -0.00134277 0.00094604 -0.00082016 -0.00210571 -0.00150299 0.00050354 -0.00066757 0.00027657 -0.00112915 -0.00071335 -0.00066376 -0.00035477 -0.00089645 -0.00126648 -0.00289917 0.00071335 -0.00009918 0.00100708 -0.00064850 -0.00049210 0.00037956 -0.00207520 0.00001752 0.00085449 -0.00263977 -0.00170898 -0.00039482 0.00021648 -0.00047302 -0.00227356 -0.00262451 -0.00228882 0.00109863 -0.00144196 0.00068665 -0.00350952 -0.00013638 -0.00201416 -0.00282288 -0.00199890 -0.00167084 -0.00270081 -0.00147247 -0.00101471 -0.00048256 0.00111389 -0.00381470 0.00115204 -0.00025940 -0.00090027 -0.00000058 0.00073242 -0.00063705 0.00027657 0.00085449 -0.00183105 -0.00141144 -0.00188446 -0.00168610 0.00122070 -0.00137329 -0.00109863 -0.00162506 -0.00170898 -0.00045586 0.00069046 -0.00126648 -0.00349426 -0.00098419 -0.00093842 -0.00185394 -0.00276184 0.00107574 -0.00402832 -0.00046539 0.00099182 0.00097275 -0.00131226 -0.00138092 0.00032806 0.00080490 -0.00250244 -0.00119019 0.00099945 0.00103760 -0.00003409 -0.00016594 -0.00051880 0.00084686 -0.00285339 -0.00145721 -0.00343323 -0.00107574 -0.00168610 -0.00176239 -0.00159454 -0.00152588 0.00013733 -0.00023460 -0.00326538 -0.00177765 -0.00062943 -0.00016022 -0.00363159 -0.00156403 0.00115967 0.00031662 0.00134277 -0.00088120 -0.00227356 -0.00042725 0.00086594 -0.00051880 -0.00125885 -0.00382996 -0.00144196 -0.00177765 -0.00175476 0.00110626 -0.00135803 -0.00092316 -0.00180054 0.00039482 0.00022030 0.00177002 0.00033951 0.00045395 -0.00169373 -0.00205994 -0.00183868 -0.00031662 -0.00125122 -0.00093460 0.00120544 0.00100708 0.00021553 -0.00138092 -0.00179291 0.00073624 -0.00132751 -0.00399780 -0.00121307 -0.00058365 0.00009441 -0.00121307 0.00065231 -0.00115967 -0.00253296 -0.00198364 -0.00165558 -0.00219727 -0.00155640 0.00122070 -0.00112915 0.00047874 -0.00225830 -0.00064850 -0.00006151 0.00078583 -0.00080109 -0.00168610 -0.00165558 0.00091553 -0.00160980 -0.00291443 -0.00113678 -0.00098419 0.00042343 -0.00171661 -0.00005198 -0.00126648 -0.00098419 -0.00095367 -0.00030708 -0.00196838 0.00045586 -0.00070190 -0.00245667 -0.00160217 0.00004840 0.00094604 0.00079727 0.00011635 -0.00117493 -0.00118256 -0.00052643 -0.00329590 -0.00014210 0.00050735 0.00094986 -0.00165558 -0.00063324 -0.00086975 -0.00156403 -0.00122070 -0.00174713 -0.00168610 -0.00173950 -0.00318909 -0.00289917 0.00014496 0.00021553 0.00022697 -0.00332642 0.00090790 0.00028801 -0.00294495 -0.00039482 -0.00037956 -0.00329590 -0.00175476 0.00078964 0.00057220 -0.00405884 -0.00120544 -0.00366211 0.00042152 -0.00109863 -0.00138855 -0.00155640 -0.00231934 -0.00173187 -0.00023460 -0.00367737 -0.00109863 0.00138092 0.00080872 -0.00274658 -0.00147247 -0.00186157 -0.00112915 -0.00346375 -0.00096512 -0.00238037
0.00008535 -0.00005794 0.00109863 -0.00015736 0.00074387 0.00039864 0.00095749 0.00002348 -0.00112915 0.00009441 -0.00147247 -0.00128937 -0.00133514 -0.00143433 0.00011301 -0.00102997 -0.00135803 -0.00091553 0.00084305 0.00000399 0.00078583 -0.00061798 0.00113678 0.00078583 -0.00169373 0.00006676 0.00080490 0.00029945 -0.00172424 0.00028229 -0.00097656 -0.00098419 0.00051880 -0.00183105 0.00109100 0.00089264 0.00051498 0.00108337 -0.00143433 -0.00041199 -0.00002682 -0.00098419 -0.00120544 -0.00145721 -0.00090408 -0.00115967 0.00032616 -0.00044632 -0.00128937 0.00084305 0.00101471 -0.00189209 0.00036049 0.00025749 0.00100708 0.00059891 -0.00086975 0.00067139 0.00076675 -0.00045776 -0.00193024 -0.00170898 -0.00111389 -0.00020504 -0.00010538 -0.00156403 0.00093460 0.00057602 0.00027466 -0.00074387 -0.00091934 0.00023174 0.00052643 -0.00186157 0.00040627 -0.00016308 0.00065613 -0.00007010 0.00101471 -0.00039864 -0.00147247 0.00009346 -0.00061417 -0.00098419 0.00025558 0.00062943 0.00000629 0.00091553 -0.00032616 -0.00121307 -0.00018787 -0.00182343 -0.00097275 0.00100708 -0.00051117 -0.00115204 0.00040436 0.00011063 0.00012159 0.00004601 0.00021076 -0.00096512 0.00000760 -0.00144958 -0.00019932 -0.00090027 0.00015640 -0.00081635 -0.00113678 -0.00061035 0.00014877 0.00090408 -0.00005937 0.00020981 -0.00022984 -0.00133514 0.00005269 -0.00069427 -0.00043106 -0.00106049 0.00031853 0.00013638 -0.00104523 -0.00066376 0.00005031 0.00022602 0.00042343 -0.00085449 -0.00085831 -0.00144958 -0.00057602 0.00047493 -0.00132751 -0.00028419 -0.00070572 -0.00040245 -0.00141144 -0.00081635 -0.00097275 -0.00135040 0.00073624 0.00072861 0.00097656 0.00091934 0.00139618 -0.00078964 -0.00055695 0.00029182 0.00019360 -0.00093842 -0.00018692 0.00009584 -0.00069046 -0.00063324 -0.00003743 0.00094986 0.00106812 0.00034142 -0.00183105 -0.00014400 -0.00176239 0.00096893 -0.00129700 0.00038528 0.00016689 0.00069427 -0.00023079 0.00043106 -0.00080109 -0.00188446 -0.00010872 0.00045967 -0.00005937 0.00025177 -0.00033569 0.00101471 0.00005054 0.00027084 -0.00022697 -0.00173950 -0.00007486 -0.00061035 0.00066757 -0.00074387 0.00063705 0.00041962 0.00060654 0.00018787 -0.00051498 0.00049973 0.00099182 0.00041008 -0.00191498 -0.00018311 -0.00031090 0.00010872 0.00088882 -0.00127411 -0.00164032 -0.00183105 -0.00154877 0.00096893 0.00096893 -0.00037003 0.00071335 -0.00160980 -0.00028992 -0.00043869 -0.00003958 -0.00149536 -0.00153351 -0.00180054 0.00078201 -0.00008345 -0.00072479 -0.00106812 0.00009680 -0.00157928 -0.00124359 -0.00050354 -0.00122070 -0.00130463 0.00015736 -0.00026512 0.00046539 -0.00019741 0.00112152 -0.00072098 0.00039673 -0.00012970 0.00048637 -0.00122070 -0.00157928 0.00056839 0.00094223 -0.00026321 -0.00007057 -0.00070572 -0.00104523 0.00088501 0.00043678 0.00050354 -0.00030327 -0.00140381 -0.00170135 -0.00026321 -0.00032234 -0.00132751 -0.00042534 0.00014973 0.00086212 -0.00027084 0.00124359 -0.00154877 -0.00116730 -0.00177765
0.00020313 0.00521851 0.38867188 0.01562500 0.13769531 -0.28906250 0.12255859 -0.01892090 -0.01672363 0.19726562 0.05932617 0.01989746 -0.00393677 -0.04077148 -0.06689453 0.12109375 -0.02893066 -0.39257812 -0.00109100 -0.03515625 -0.08349609 -0.00811768 -0.00147247 0.04394531 -0.02526855 -0.08886719 0.04833984 -0.03881836 -0.00018883 -0.08544922 0.02868652 0.03613281 0.15429688 0.00063705 0.00073242 -0.08154297 -0.01306152 0.00024128 -0.00141907 -0.09521484 -0.00012016 0.12109375 -0.16406250 0.02404785 0.00043297 0.02648926 -0.02087402 0.00585938 0.40820312 -0.12792969 0.27734375 0.35351562 -0.06347656 -0.21191406 -0.11328125 -0.04223633 0.00136566 -0.56640625 -0.20898438 -0.06127930 -0.07128906 0.13378906 0.22558594 0.00909424 0.04956055 -0.05712891 0.38867188 0.37695312 -0.05883789 -0.00022697 0.00115204 0.35156250 0.00057602 0.06738281 0.13183594 -0.05810547 0.00096512 -0.01745605 0.25585938 0.02709961 0.17089844 -0.00031662 0.00029945 0.10058594 -0.01916504 -0.00134277 -0.00067520 0.02758789 -0.02307129 -0.20605469 0.06835938 0.04638672 -0.05908203 0.13476562 -0.16992188 0.00817871 -0.05151367 -0.06933594 -0.20996094 -0.00909424 -0.06079102 -0.03149414 -0.00053787 -0.20019531 -0.00062180 0.05126953 -0.00005174 0.05639648 -0.00082779 0.11474609 0.03833008 0.05273438 -0.01538086 -0.14062500 0.46289062 -0.01428223 0.04418945 -0.42773438 0.21386719 -0.03637695 0.00109863 0.01208496 0.03088379 0.41015625 -0.02905273 0.02172852 -0.01287842 0.21582031 -0.04052734 0.05444336 -0.03637695 -0.09619141 0.00145721 -0.26562500 -0.37304688 -0.01354980 0.05834961 -0.00092316 0.15429688 -0.00921631 -0.32421875 -0.00109100 -0.03515625 -0.00077820 0.00103760 -0.29882812 0.00265503 0.16308594 0.03247070 0.00506592 -0.08544922 -0.05786133 0.00610352 0.00052643 -0.12500000 -0.00747681 0.47656250 0.01916504 0.00059891 0.13281250 0.03247070 -0.11181641 0.11523438 -0.03149414 -0.46289062 -0.48632812 0.01422119 0.00109100 -0.18750000 -0.13769531 -0.03613281 0.00037575 0.03393555 -0.05468750 -0.02270508 -0.03491211 -0.01708984 0.08789062 0.06494141 -0.03857422 -0.02575684 0.02331543 0.00060654 -0.01409912 0.17089844 0.05810547 0.07666016 0.01696777 0.05517578 0.00070190 -0.12207031 -0.00049210 -0.06176758 -0.00045776 0.00292969 0.00001931 -0.04614258 -0.01220703 -0.08349609 0.08984375 0.01269531 -0.02197266 -0.00157166 0.02941895 0.02001953 0.01361084 0.25390625 -0.02294922 0.02465820 -0.00248718 0.00089645 0.01458740 -0.00089645 0.00094223 -0.14257812 -0.38867188 -0.00026894 -0.31250000 -0.21093750 0.02465820 -0.01843262 -0.05957031 0.02709961 -0.00075531 -0.00067520 -0.13671875 0.00099945 0.00074387 -0.06591797 -0.14453125 -0.00126648 -0.07324219 -0.20703125 -0.01153564 0.25976562 -0.02709961 0.01275635 -0.74609375 -0.08935547 -0.00357056 0.25781250 -0.00106049 0.01123047 -0.00066376 -0.03906250 0.01928711 0.00091553 -0.00037193 -0.15332031 -0.58984375 -0.50781250 0.05224609 -0.00072098 0.01953125 -0.11425781 0.40625000
-0.00038147 -0.00320435 -0.00215149 -0.00323486 -0.00175476 -0.00193024 -0.00370789 -0.00308228 -0.00160217 -0.00209045 -0.00355530 -0.00418091 -0.00195312 -0.00064468 -0.00259399 -0.00289917 -0.00185394 -0.00292969 -0.00162506 -0.00241089 -0.00199890 -0.00151062 0.00069809 -0.00276184 -0.00247192 -0.00047684 -0.00312805 -0.00320435 0.00008440 0.00215149 -0.00367737 -0.00196838 -0.00210571 0.00008154 -0.00105286 -0.00222778 -0.00297546 -0.00067902 -0.00020599 -0.00086212 -0.00025558 -0.00162506 -0.00099945 -0.00102234 -0.00102234 -0.00109100 -0.00141144 -0.00323486 -0.00171661 0.00209045 -0.00021648 -0.00267029 -0.00213623 -0.00212097 -0.00344849 -0.00323486 0.00013828 -0.00335693 -0.00150299 -0.00149536 -0.00078583 0.00393677 -0.00337219 -0.00154114 -0.00364685 -0.00172424 -0.00147247 -0.00292969 -0.00081635 -0.00060654 0.00110626 -0.00097656 0.00099945 -0.00256348 -0.00244141 -0.00378418 0.00074387 -0.00086212 -0.00228882 -0.00256348 -0.00357056 0.00063705 0.00042725 0.00358582 -0.00105286 -0.00153351 0.00041771 -0.00137329 -0.00166321 -0.00064087 -0.00161743 -0.00300598 -0.00149536 -0.00239563 -0.00125122 -0.00135040 -0.00283813 -0.00382996 -0.00315857 -0.00129700 0.00142670 -0.00338745 -0.00109100 -0.00020409 -0.00218201 0.00112152 0.00065613 -0.00248718 0.00110626 -0.00373840 -0.00112152 -0.00335693 -0.00125122 -0.00219727 -0.00274658 -0.00236511 -0.00312805 -0.00002456 -0.00247192 -0.00173187 -0.00017929 -0.00267029 -0.00164032 -0.00238037 -0.00227356 -0.00044632 -0.00130463 -0.00296021 -0.00352478 -0.00224304 -0.00198364 -0.00066376 0.00021172 -0.00159454 -0.00314331 -0.00053024 -0.00337219 -0.00001132 0.00108337 -0.00346375 -0.00334167 -0.00131989 -0.00152588 -0.00174713 0.00127411 -0.00170135 -0.00250244 -0.00181580 -0.00068665 -0.00311279 -0.00189972 -0.00247192 -0.00119781 -0.00077057 0.00169373 -0.00370789 -0.00268555 -0.00221252 0.00042343 -0.00265503 -0.00303650 -0.00157928 -0.00109100 -0.00355530 -0.00402832 -0.00228882 -0.00300598 -0.00106049 -0.00277710 -0.00178528 -0.00067139 -0.00028801 -0.00369263 -0.00305176 -0.00360107 -0.00083923 -0.00129700 -0.00311279 -0.00121307 -0.00192261 -0.00291443 -0.00023746 -0.00058746 -0.00101471 -0.00115204 -0.00265503 -0.00105286 -0.00183105 -0.00099945 0.00011063 -0.00263977 -0.00015640 -0.00355530 0.00114441 -0.00296021 0.00019264 0.00008869 -0.00102234 -0.00080872 -0.00117493 -0.00129700 -0.00251770 -0.00170898 -0.00294495 -0.00279236 -0.00184631 -0.00448608 -0.00312805 -0.00312805 0.00139618 0.00103760 -0.00141144 -0.00170135 -0.00100708 -0.00177765 -0.00212097 -0.00047493 -0.00065994 -0.00182343 -0.00160980 -0.00233459 -0.00297546 -0.00236511 -0.00256348 -0.00131226 0.00047302 0.00025558 0.00048065 -0.00173950 -0.00041962 -0.00075912 -0.00134277 -0.00276184 -0.00142670 -0.00254822 -0.00273132 -0.00115204 -0.00179291 -0.00145721 -0.00182343 -0.00277710 -0.00292969 -0.00212097 -0.00014019 -0.00193024 -0.00102997 -0.00062561 -0.00164032 -0.00303650 -0.00160980 -0.00329590 -0.00267029 -0.00102997 -0.00180817 -0.00151825 -0.00080490
0.00180817 -0.18066406 -0.00592041 -0.37500000 0.17578125 0.03149414 -0.41796875 -0.38671875 -0.43164062 -0.16015625 0.07421875 0.09130859 -0.28515625 -0.39843750 0.28710938 -0.00000662 0.01544189 -0.05810547 -0.00072861 0.10595703 -0.00151062 -0.21093750 -0.00109100 -0.19140625 -0.11669922 0.08935547 -0.08447266 0.34179688 0.00092697 0.04956055 -0.03710938 -0.23144531 -0.00160217 -0.00098419 -0.00020409 0.13671875 0.06396484 -0.00065613 -0.00068665 0.02685547 -0.00106812 0.08496094 0.05834961 0.16015625 -0.53515625 0.16113281 0.01147461 -0.00061798 -0.04003906 0.06933594 0.05297852 0.00543213 -0.12402344 0.11914062 -0.25585938 -0.13085938 -0.00006771 0.01770020 0.22851562 0.05957031 -0.03491211 0.09716797 0.05517578 -0.64062500 0.20703125 0.05786133 -0.01092529 -0.06884766 0.26562500 -0.00045204 -0.00027275 -0.13281250 0.00167847 0.09423828 -0.07617188 0.06542969 0.00036049 -0.34179688 -0.04467773 0.00079346 -0.34179688 -0.00001216 -0.00107574 0.02770996 -0.25390625 -0.00212097 -0.00022984 0.26953125 -0.41796875 0.06640625 -0.04272461 -0.09082031 0.22167969 0.10058594 0.24511719 1.05468750 0.15722656 -0.01538086 -0.15625000 -0.01306152 -0.04370117 0.15136719 -0.00112915 0.08447266 -0.54296875 0.01684570 -0.00231934 -0.17187500 -0.00006533 1.38281250 -0.07958984 -0.29882812 0.10546875 0.01043701 0.03271484 -0.33789062 0.02673340 0.16699219 0.13574219 -0.14355469 -0.00088120 -0.13085938 -0.53515625 -0.10253906 0.17382812 0.10644531 -0.08935547 0.05664062 0.02929688 0.14648438 -0.27734375 0.03857422 0.00038528 -0.00555420 0.01562500 0.14160156 0.14843750 0.00080490 0.25195312 -0.09033203 0.04345703 -0.00033188 -0.01855469 -0.00038910 -0.00086594 0.10986328 0.27148438 0.01574707 0.78125000 -0.39843750 -0.04125977 0.14355469 -0.25390625 -0.00052261 0.00646973 0.07128906 -0.02160645 -0.30078125 -0.00061798 -0.05297852 -0.03662109 -0.04492188 -0.09619141 0.10107422 0.21191406 0.12988281 -0.03442383 0.00173950 0.05786133 -0.07470703 -0.01519775 -0.00050735 0.09619141 -0.00451660 0.05004883 -0.22167969 -0.66406250 -0.01397705 -0.38085938 0.16894531 -0.30078125 -0.03247070 0.01770020 0.20507812 0.12451172 -0.23242188 0.07275391 0.12011719 0.10449219 0.00162506 -0.06225586 -0.00027084 0.05444336 0.00031853 -0.56640625 -0.00102234 -0.45507812 0.11376953 0.16308594 0.02563477 -0.10156250 -0.05175781 -0.00137329 -0.01434326 0.04565430 -0.23632812 0.03247070 0.14257812 0.05664062 0.00177002 0.00125885 -0.28515625 -0.13867188 -0.00010443 0.05004883 0.11279297 -0.00033569 0.06933594 0.18945312 0.02563477 0.07177734 -0.04809570 -0.63671875 -0.01806641 -0.00059509 0.27734375 -0.00077057 -0.00053787 0.19531250 0.03271484 0.00028038 0.06176758 0.23046875 -0.12207031 -0.06542969 0.33007812 -0.42382812 0.04492188 0.01721191 0.17382812 0.17578125 -0.27343750 0.04003906 0.00129700 -0.29492188 -0.60546875 0.00013161 0.00050735 -0.03344727 0.06591797 0.16015625 -0.05346680 0.00006080 0.04882812 0.00016689 -0.12890625
0.00057983 0.12695312 -0.01855469 0.29492188 0.02783203 -0.10253906 -0.07324219 0.17187500 -0.06542969 -0.14648438 0.00122833 0.03662109 0.14746094 0.13476562 -0.09619141 0.05810547 -0.02258301 -0.01818848 -0.00042915 0.03784180 0.04711914 0.00065994 -0.00134277 0.04223633 0.01501465 -0.03588867 0.05297852 0.10546875 0.00073242 0.01574707 0.07324219 0.11035156 0.01239014 -0.00054550 0.00118256 -0.02563477 -0.01757812 -0.00054550 -0.00154877 0.10595703 0.00144958 0.03710938 0.03002930 -0.16796875 0.07812500 -0.01177979 0.02600098 0.12109375 0.03686523 0.02868652 0.02758789 0.02392578 0.01708984 0.12207031 -0.16503906 -0.41210938 -0.00044441 0.01470947 0.07177734 0.06225586 0.14648438 0.00952148 0.05004883 -0.01306152 0.09765625 0.05786133 0.04370117 0.02490234 0.00241089 -0.00020695 -0.00098419 0.06396484 -0.00134277 0.07226562 0.03125000 0.00842285 0.00038528 -0.09033203 -0.03466797 0.13183594 0.09863281 -0.00012398 -0.00072098 0.03564453 0.09716797 -0.00183868 0.00041771 0.00787354 0.00019073 0.04736328 0.11230469 -0.20410156 -0.13183594 0.05297852 -0.03173828 0.01794434 0.05126953 0.02209473 -0.26562500 -0.05541992 0.05419922 -0.00732422 0.00113678 0.00445557 0.33203125 0.06835938 -0.00153351 -0.01867676 -0.00003982 -0.04223633 0.05004883 0.07763672 0.00964355 0.07080078 -0.00405884 0.11865234 -0.02124023 -0.06542969 0.01281738 0.14062500 0.00199890 -0.11474609 0.02490234 -0.05737305 0.06884766 0.09423828 -0.02612305 0.04443359 -0.06103516 0.00349426 -0.16601562 0.00250244 -0.00033188 -0.10302734 0.04174805 -0.15917969 0.09472656 -0.00019646 0.04003906 -0.08007812 0.01916504 0.00034904 0.03564453 -0.00106049 0.00003529 -0.01940918 -0.22167969 -0.02832031 -0.12988281 0.17089844 0.12402344 0.09570312 0.07910156 0.00006294 0.02514648 0.08056641 -0.06982422 0.13281250 -0.00121307 -0.00393677 -0.03247070 0.00238037 -0.16113281 0.00379944 0.00270081 -0.05346680 0.04931641 -0.00119781 -0.03784180 0.17773438 0.02624512 -0.00147247 0.06005859 -0.19140625 0.13476562 0.08105469 0.18652344 -0.00573730 -0.13671875 -0.02502441 0.06176758 0.06982422 -0.12060547 0.01336670 -0.02429199 -0.04858398 0.07470703 -0.03588867 0.05834961 -0.00107574 0.02832031 -0.00029945 0.04760742 -0.00063324 0.15429688 -0.00134277 -0.07421875 0.11474609 -0.01562500 0.00427246 -0.27929688 0.01074219 -0.00174713 -0.04272461 0.00148010 0.00381470 0.06079102 0.14843750 0.00933838 0.00270081 -0.00053024 0.07226562 0.17285156 0.00026321 0.01123047 0.02709961 0.00087357 0.07324219 0.03295898 -0.01953125 0.07714844 0.10693359 0.25585938 -0.17480469 -0.00030708 0.02990723 -0.00148010 -0.00007725 0.12695312 -0.01757812 0.00120544 0.06298828 0.04345703 0.05151367 -0.06884766 0.01434326 -0.05932617 0.02014160 0.04760742 0.01348877 0.06054688 0.12207031 0.15722656 0.00085068 -0.13867188 0.15039062 0.00058746 -0.00209045 0.02307129 0.02539062 0.02160645 0.01635742 0.00007582 -0.05639648 0.00019264 -0.02648926
0.00125122 0.14648438 -0.12792969 -0.14160156 0.03735352 0.10644531 0.18359375 0.09277344 0.06738281 0.12988281 0.17187500 0.36718750 0.01104736 0.04443359 0.20019531 -0.32617188 0.32812500 0.29882812 0.00122070 -0.12695312 0.16699219 0.09912109 -0.00053406 0.03271484 0.06591797 0.08349609 0.16308594 -0.08642578 -0.00128937 -0.22167969 -0.13281250 0.08251953 -0.21582031 -0.00090027 0.00056839 -0.08496094 -0.12890625 -0.00136566 -0.00115204 0.07128906 -0.00074768 -0.17578125 -0.00613403 -0.05419922 -0.10302734 -0.26757812 -0.08007812 0.14843750 -0.18652344 -0.29882812 0.08105469 0.16406250 -0.64062500 0.17089844 0.32617188 -0.07031250 0.00011873 0.23437500 -0.32031250 0.17382812 0.04003906 -0.41015625 0.12695312 -0.06640625 -0.40429688 0.05859375 -0.20117188 -0.08154297 0.00273132 0.00053787 0.00115204 -0.09570312 -0.00103760 0.17773438 0.01977539 -0.06298828 0.00216675 0.10351562 -0.36523438 0.16894531 0.19531250 0.00168610 -0.00024319 0.04882812 0.00347900 -0.00128174 0.00094604 -0.07177734 0.10009766 -0.45703125 0.18652344 -0.19042969 -0.25976562 -0.23535156 -0.10742188 0.01647949 -0.09716797 -0.00607300 0.31445312 0.08300781 0.14746094 -0.42187500 -0.00034142 0.03393555 -0.12500000 0.24707031 -0.00141907 0.36132812 0.00026321 0.02453613 0.29101562 0.11230469 0.27539062 -0.31250000 -0.07373047 0.05371094 0.06982422 0.07031250 -0.32421875 0.16503906 0.00051498 -0.08203125 -0.11035156 -0.10839844 -0.35742188 -0.05102539 0.11718750 -0.36523438 -0.08496094 -0.16308594 0.33789062 0.06542969 -0.00004840 0.21972656 0.07324219 -0.10888672 -0.03808594 0.00088501 -0.43359375 0.07763672 -0.17968750 0.00041008 0.07226562 0.00019360 -0.00024033 0.17285156 0.19628906 -0.18066406 0.17089844 0.04467773 0.11474609 -0.03320312 0.01409912 -0.00119019 -0.07861328 0.19140625 -0.03295898 0.08691406 0.00180817 0.34570312 0.15429688 -0.10498047 -0.17382812 -0.27734375 0.05639648 0.04638672 0.04223633 -0.00035095 0.07128906 0.21972656 -0.59765625 0.00049210 0.07568359 -0.04956055 -0.00139618 0.11572266 -0.01135254 0.20410156 0.33203125 -0.19921875 0.11474609 0.01635742 -0.00369263 -0.37695312 -0.22753906 -0.10937500 -0.17773438 -0.24316406 -0.40234375 -0.00006628 -0.03906250 0.00072861 -0.09179688 0.00023842 -0.10742188 0.00101471 0.14550781 0.00952148 -0.33398438 -0.24804688 -0.01501465 -0.25195312 -0.00244141 0.50781250 -0.08642578 -0.06127930 -0.22558594 0.08154297 -0.18750000 0.00068665 0.00072479 0.06542969 0.04833984 0.00167847 -0.32031250 -0.03662109 0.00108337 -0.04492188 -0.19628906 -0.41601562 -0.11767578 0.16992188 0.10351562 -0.19531250 -0.00061417 -0.51562500 0.00162506 -0.00075531 -0.63671875 -0.36328125 -0.00072098 0.58593750 -0.11816406 0.21093750 -0.11621094 0.16015625 -0.11376953 0.06591797 0.39453125 -0.43554688 -0.43554688 0.14550781 0.02880859 -0.00036621 0.38476562 -0.08203125 -0.00109863 -0.00100708 0.11914062 0.02880859 -0.06127930 -0.61718750 0.00037956 -0.06884766 0.11718750 -0.08691406
-0.00018120 0.20312500 -0.05810547 -0.14648438 -0.39257812 0.01519775 0.24414062 0.18261719 0.29687500 0.25781250 -0.06445312 -0.10400391 0.25781250 0.23242188 0.01635742 0.02246094 -0.05761719 0.00259399 0.00183105 0.17285156 0.12792969 0.21777344 0.00099945 0.21484375 0.28710938 0.21679688 0.23535156 -0.37695312 -0.00072479 0.08056641 -0.02954102 0.26953125 -0.16113281 0.00098419 0.00142670 0.06445312 -0.04248047 -0.00103760 -0.00002134 -0.03393555 0.00123596 0.04052734 0.13574219 -0.11718750 -0.20996094 -0.06494141 0.07031250 0.15234375 -0.05859375 -0.13671875 0.07275391 0.09863281 -0.10351562 0.05444336 0.33593750 -0.19921875 0.00025558 -0.01110840 -0.01477051 0.00842285 -0.10742188 -0.08251953 0.01141357 -0.23535156 0.19921875 -0.05810547 -0.08154297 0.04956055 -0.01269531 0.00052261 0.00037956 -0.03149414 0.00145721 0.10449219 0.10595703 0.25195312 -0.00065613 0.30859375 0.09472656 0.23339844 0.21777344 0.00028610 -0.00015545 0.08154297 0.25976562 -0.00221252 0.00003314 -0.22460938 0.34570312 0.04663086 0.09423828 -0.11083984 0.08349609 -0.01806641 -0.18066406 -0.51562500 -0.01794434 0.13964844 0.23437500 -0.11425781 0.03466797 -0.34960938 0.00039101 -0.01757812 -0.31640625 0.11865234 -0.00102997 0.36718750 0.00036430 0.03710938 -0.00234985 0.17285156 0.10058594 -0.06494141 0.03027344 0.16015625 0.10400391 -0.00811768 -0.12207031 0.18164062 0.00112152 -0.35156250 -0.29492188 -0.11181641 -0.13769531 0.01623535 0.05981445 -0.12402344 -0.04492188 -0.01269531 0.30273438 0.00285339 0.00192261 0.02209473 -0.03466797 0.02587891 -0.01513672 -0.00093079 -0.10302734 0.12500000 0.02600098 0.00032806 0.00165558 0.00112915 0.00104523 0.26171875 -0.09716797 0.02490234 0.28125000 0.29101562 0.09912109 0.08935547 0.27734375 -0.00143433 0.08496094 0.14062500 0.04272461 0.28320312 -0.00034714 0.07910156 0.23144531 0.00305176 -0.08056641 -0.17382812 0.00671387 0.00994873 0.01116943 0.00075912 0.09667969 0.20312500 -0.07714844 -0.00128174 0.13671875 0.03808594 0.08642578 0.28125000 -0.18164062 -0.11816406 0.13574219 0.18261719 0.30859375 0.10498047 -0.16308594 -0.05664062 -0.21972656 0.05932617 0.07031250 -0.19140625 -0.13867188 -0.00075912 -0.03222656 -0.00014591 0.02844238 -0.00131226 -0.15136719 0.00021935 0.17871094 0.05664062 -0.05981445 -0.05444336 -0.15429688 -0.06640625 0.00006723 0.06542969 -0.03344727 -0.15917969 -0.03710938 0.12255859 0.01342773 0.00216675 0.00144196 0.13769531 -0.33984375 0.00244141 -0.00518799 0.00952148 0.00139618 -0.08496094 -0.00799561 -0.23144531 0.16601562 0.09765625 0.21484375 -0.13867188 0.00139618 -0.14941406 0.00195312 -0.00038719 -0.26367188 -0.02954102 0.00122070 0.24218750 -0.09423828 0.18554688 -0.03588867 -0.00128174 -0.38671875 0.05541992 0.05639648 -0.29101562 -0.03710938 0.20019531 -0.07958984 0.00062180 0.32226562 -0.24316406 -0.00013542 -0.00209045 -0.02148438 0.02709961 -0.10937500 0.05737305 -0.00123596 -0.22656250 -0.00823975 -0.03344727
0.00033379 -0.03417969 0.12500000 -0.02429199 0.06127930 0.00726318 0.05322266 -0.04736328 -0.04443359 -0.36523438 0.12158203 0.00567627 -0.08154297 -0.10009766 0.16503906 -1.35937500 0.11474609 0.05737305 0.00022125 -1.32031250 -0.18066406 -0.06054688 -0.00000700 0.04125977 -0.11572266 0.27539062 0.03540039 0.14355469 -0.00128937 -0.71875000 0.10058594 -0.10742188 -0.04199219 -0.00050735 0.00018406 -0.48632812 -0.97656250 -0.00042534 0.00102234 0.25000000 -0.00068283 0.10302734 -1.22656250 0.14160156 -0.03125000 -0.38476562 0.22753906 -0.00540161 0.05346680 -0.19433594 0.02233887 0.08300781 -1.75000000 0.01239014 0.02221680 -0.12988281 -0.00111389 0.02124023 -0.27148438 0.08349609 0.15917969 -0.38281250 0.09472656 -0.00328064 0.21679688 -0.05810547 0.00964355 -0.32031250 0.21093750 -0.00177002 0.00090790 0.02819824 -0.00031662 -0.38281250 -0.92968750 0.10302734 -0.00131226 -0.00982666 -0.62890625 -0.07910156 0.02709961 -0.00142670 -0.00061417 -0.84375000 -0.05859375 -0.00207520 0.00683594 0.09765625 -0.05126953 0.09472656 -0.10009766 0.10400391 -0.96484375 -0.84765625 -0.29882812 0.03271484 0.06689453 0.02233887 -0.51562500 0.08398438 -0.73046875 -0.63281250 -0.00064850 -0.37890625 -0.19335938 -0.35742188 0.00059128 0.06689453 0.00009394 -1.26562500 -0.45117188 0.02331543 -0.03417969 -0.31640625 -0.00683594 -0.05322266 0.08544922 0.19042969 -0.27929688 -0.11718750 0.00089645 0.03039551 0.02355957 0.21093750 0.30859375 0.19921875 0.07958984 -0.32617188 -1.43750000 -1.24218750 -0.05249023 -0.02563477 0.00012684 -0.10351562 -0.20800781 -0.52343750 -0.22558594 0.00002730 -0.17675781 0.12890625 0.03979492 0.00047302 -0.03881836 -0.00141144 -0.00070190 0.03588867 -0.48632812 0.05517578 0.27539062 -0.09667969 0.09863281 0.27539062 -0.04760742 -0.00055313 0.07910156 -0.16113281 0.15625000 -0.08544922 -0.00168610 -0.55859375 -0.08300781 0.13378906 0.37304688 -0.90625000 0.05371094 -0.01495361 -0.05102539 0.00007153 0.01129150 0.03759766 0.09521484 0.00115204 0.58593750 -0.09179688 -0.30664062 -0.05224609 0.16113281 0.04785156 0.03002930 -1.57031250 -0.04736328 -0.17578125 -0.47851562 -0.55468750 -0.07666016 0.08105469 -0.03613281 0.01147461 0.28515625 -0.00024414 -0.08203125 -0.00107574 0.12890625 0.00071716 -0.02197266 0.00065231 -0.09423828 -0.27539062 -0.21777344 -0.04833984 0.03784180 0.01818848 0.00096130 0.59765625 -1.32812500 -0.02319336 -0.00650024 -0.17382812 0.05078125 0.00334167 0.00021553 -0.07080078 -0.00650024 -0.00090408 -0.49414062 0.05322266 -0.00125885 -0.10449219 -0.46289062 -0.06225586 0.20898438 -0.02038574 0.00358582 0.09472656 0.00086594 -0.80078125 0.00053406 0.00011492 -0.13476562 -0.34570312 0.00019836 0.17871094 0.04516602 -0.08447266 0.06884766 0.02539062 -0.02148438 0.06152344 0.12988281 -0.14453125 -0.33789062 -0.06591797 0.13867188 0.00074768 0.00265503 -0.04028320 0.00083160 0.00045013 -0.03662109 0.08349609 -0.18554688 0.01965332 0.00120544 0.08691406 0.16406250 0.15625000
0.00037766 0.10937500 0.09570312 -0.00631714 0.14355469 -0.11083984 0.12890625 0.15625000 0.13281250 -0.03979492 -0.07324219 -0.03759766 0.21484375 0.17871094 -0.04687500 0.00708008 0.01458740 -0.00375366 0.00069809 -0.04858398 0.08642578 0.03491211 -0.00045204 -0.02734375 0.14941406 -0.06738281 -0.00714111 -0.26757812 -0.00141144 0.01116943 0.09472656 0.10302734 -0.05297852 -0.00164795 0.00117493 -0.03613281 -0.15917969 -0.00127411 -0.00007582 -0.06787109 -0.00070190 0.02270508 -0.03784180 -0.09570312 -0.02148438 0.01599121 -0.02722168 0.06152344 0.04345703 -0.10302734 -0.02685547 -0.02697754 -0.03173828 0.06787109 0.10302734 -0.32617188 -0.00131226 0.00116730 0.00248718 -0.00113678 -0.04663086 -0.01196289 0.01574707 -0.03515625 0.06640625 -0.05810547 0.04418945 -0.08154297 -0.12597656 0.00023937 0.00106049 -0.00842285 -0.00021648 0.06005859 -0.00198364 0.07861328 0.00039101 0.04052734 0.00061035 0.20800781 0.28320312 0.00036430 -0.00058746 -0.06982422 0.15722656 0.00063705 -0.00120544 -0.26562500 0.15429688 -0.00860596 0.04736328 -0.24316406 0.11962891 -0.02380371 -0.02526855 -0.19824219 0.01611328 0.09716797 -0.32226562 -0.01892090 -0.12207031 -0.03271484 0.00037003 -0.03369141 0.21289062 0.09960938 -0.00093460 -0.10351562 -0.00089645 -0.08007812 0.02307129 -0.08007812 0.05786133 -0.03515625 -0.01989746 0.17089844 -0.04418945 0.02258301 -0.02087402 0.11474609 0.00109863 -0.18164062 0.00866699 -0.08935547 -0.01440430 0.08105469 0.03881836 0.00379944 0.01275635 -0.04272461 -0.02282715 -0.01458740 -0.00094986 -0.16992188 -0.01306152 -0.05102539 0.07666016 -0.00096893 -0.04638672 0.14648438 -0.04467773 0.00119781 0.01574707 -0.00127411 0.00000572 0.04248047 -0.17480469 -0.04174805 -0.22851562 0.14746094 0.09082031 -0.12500000 0.17675781 -0.00379944 -0.03271484 0.11230469 -0.11816406 0.07324219 -0.00088120 0.01916504 0.01531982 -0.00010061 -0.01318359 -0.07617188 0.10009766 -0.21484375 -0.01586914 0.00003362 -0.13281250 0.32421875 -0.02941895 -0.00102997 0.05541992 -0.34179688 -0.02062988 0.19140625 -0.15527344 -0.06079102 -0.43164062 -0.06542969 0.07177734 0.03173828 0.02954102 0.03686523 -0.10205078 0.06689453 -0.00124359 -0.02600098 0.07519531 0.00018120 -0.00582886 -0.00112915 0.02246094 -0.00142670 -0.00085449 0.00059891 0.36523438 0.12353516 0.05712891 -0.05468750 0.41992188 -0.04614258 -0.00082016 -0.11474609 -0.03222656 -0.06933594 -0.01794434 -0.05322266 -0.03015137 0.00332642 -0.00020599 0.09326172 0.45117188 -0.00140381 -0.07617188 0.01354980 -0.00011921 -0.03759766 -0.02160645 -0.07177734 0.03808594 0.09423828 0.18164062 -0.22558594 -0.00071335 -0.04077148 -0.00014496 -0.00019264 -0.18652344 -0.03906250 0.00067520 0.01708984 0.03295898 -0.00561523 -0.21875000 0.01025391 -0.03320312 -0.02099609 -0.01550293 -0.00909424 0.01556396 0.04638672 0.07031250 -0.00184631 0.10791016 0.01513672 0.00026894 -0.00227356 -0.00909424 -0.00008202 -0.04956055 -0.00454712 0.00135803 -0.04248047 0.01080322 -0.06347656
0.00000393 -0.13769531 -0.06005859 0.11962891 -0.10693359 -0.01794434 -0.21484375 -0.16406250 -0.07470703 0.08544922 0.04028320 0.06005859 -0.12597656 -0.11914062 -0.01916504 -0.04931641 -0.13476562 -0.00075912 0.00050735 0.04101562 -0.06347656 0.03662109 0.00093460 -0.13671875 -0.08154297 0.00323486 0.01574707 -0.11865234 0.00025558 -0.06835938 -0.09130859 -0.12011719 -0.00692749 0.00114441 -0.00042343 0.01977539 -0.00234985 -0.00029755 -0.00034332 -0.04614258 -0.00047874 0.01953125 0.04956055 -0.01025391 0.13085938 0.15234375 0.00263977 -0.04003906 0.10253906 -0.01953125 -0.02197266 -0.01165771 -0.11035156 0.05102539 -0.16015625 -0.37500000 0.00143433 0.00741577 -0.03662109 0.01184082 0.13183594 -0.02441406 -0.00738525 0.20019531 -0.00195312 -0.04785156 -0.02429199 0.10546875 -0.25781250 0.00017548 0.00117493 -0.06127930 -0.00042725 -0.04199219 0.09960938 -0.00765991 -0.00075912 -0.01110840 0.04345703 -0.18457031 -0.28125000 0.00174713 0.00145721 -0.02136230 -0.09228516 -0.00204468 0.00094604 -0.31445312 -0.09375000 0.01251221 -0.07080078 -0.10791016 0.23535156 0.04467773 -0.00610352 0.03735352 0.03857422 -0.02233887 -0.02270508 -0.03662109 0.00518799 -0.00903320 0.00169373 0.02062988 -1.10156250 -0.09912109 0.00156403 -0.00756836 0.00185394 0.30664062 -0.09375000 0.06127930 -0.02587891 0.01623535 -0.02038574 -0.18750000 -0.02453613 -0.03222656 -0.03881836 -0.17089844 0.00027275 -0.36328125 0.09521484 -0.04443359 0.01031494 0.07812500 -0.00988770 -0.06982422 -0.04003906 0.03393555 0.12890625 0.03222656 -0.00102234 -0.00424194 -0.11669922 -0.05346680 -0.09765625 0.00083542 -0.01843262 -0.04638672 -0.05541992 0.00141144 0.00506592 0.00067902 0.00012684 -0.03344727 0.20996094 -0.01696777 -0.15722656 -0.17382812 -0.19335938 0.11962891 -0.16406250 -0.00048256 -0.00038528 -0.05346680 0.03295898 -0.09423828 0.00141144 -0.02172852 0.01928711 -0.01647949 -0.06250000 0.03540039 0.06250000 0.16796875 -0.02697754 0.00126648 -0.04565430 -0.21191406 -0.02563477 0.00085831 0.04174805 0.11621094 -0.01208496 -0.21093750 -0.41992188 -0.03173828 -0.05664062 0.15234375 -0.02978516 -0.09619141 0.14941406 -0.00662231 -0.01660156 -0.16601562 0.04833984 -0.22753906 -0.01745605 -0.00065994 0.01129150 0.00051117 -0.01855469 0.00003147 0.15722656 -0.00061417 0.18457031 -0.02734375 0.01831055 0.01330566 0.51171875 -0.07080078 -0.00127411 0.01745605 -0.08447266 0.14062500 -0.08447266 0.03808594 0.13378906 -0.00326538 -0.00014114 -0.05126953 0.97656250 0.00022030 0.08740234 -0.14355469 0.00003266 0.08056641 0.04272461 -0.07324219 0.03247070 -0.09765625 -0.03344727 -0.06445312 0.00072861 -0.12597656 0.00121307 0.00085449 0.00421143 -0.08691406 -0.00020981 0.08544922 -0.12402344 -0.14062500 0.09326172 0.30273438 0.12451172 -0.02600098 -0.01904297 -0.08105469 -0.04785156 -0.11865234 0.18261719 0.00070572 -0.29101562 0.19921875 0.00032806 -0.00053787 0.01049805 0.02807617 -0.01965332 -0.00169373 0.00100708 0.07763672 0.00732422 -0.08007812
0.00109100 -0.00248718 -0.00145721 -0.00228882 -0.00050735 -0.00049973 -0.00165558 -0.00091553 -0.00160217 -0.00135040 -0.00125885 -0.00227356 0.00091934 -0.00254822 -0.00152588 0.00021172 -0.00049591 -0.00161743 0.00063705 -0.00024986 -0.00239563 0.00091553 -0.00142670 -0.00125885 -0.00051117 -0.00068283 0.00057220 -0.00086212 0.00096130 -0.00002909 -0.00082779 -0.00057220 0.00092316 -0.00134277 -0.00030518 -0.00114441 -0.00157166 0.00014114 -0.00015736 -0.00089645 -0.00075150 -0.00241089 -0.00084305 -0.00242615 0.00019360 0.00115204 -0.00061798 -0.00144958 -0.00060272 -0.00098419 -0.00224304 -0.00098419 -0.00025940 -0.00173187 -0.00085831 -0.00145721 0.00091553 -0.00239563 0.00104523 -0.00036430 -0.00027084 0.00086212 -0.00077057 -0.00167084 -0.00036430 -0.00066757 -0.00140381 -0.00028229 -0.00170898 -0.00119019 -0.00127411 -0.00239563 -0.00148010 -0.00108337 -0.00030708 -0.00199890 -0.00039482 -0.00101471 -0.00175476 -0.00103760 -0.00148010 -0.00003219 -0.00032997 0.00076294 -0.00141907 -0.00150299 0.00068665 0.00086975 0.00106812 -0.00074387 0.00098419 -0.00157928 -0.00241089 0.00006676 -0.00028992 -0.00141907 -0.00031471 -0.00034714 -0.00088120 -0.00041199 0.00065613 -0.00132751 -0.00098419 -0.00083160 -0.00040054 -0.00147247 0.00109100 -0.00040436 0.00077438 0.00116730 -0.00136566 -0.00115204 0.00054932 -0.00054550 -0.00047684 -0.00160217 -0.00148010 -0.00225830 -0.00033569 -0.00025558 0.00015926 -0.00136566 -0.00010872 -0.00189972 0.00148010 -0.00125122 -0.00065231 -0.00011349 0.00043106 -0.00044441 0.00025177 -0.00003409 0.00054550 0.00031471 -0.00144196 -0.00078583 0.00112152 -0.00099945 -0.00056076 -0.00107574 -0.00222778 -0.00064087 -0.00221252 0.00074768 -0.00092316 -0.00112152 0.00125885 -0.00111389 -0.00141907 -0.00164032 -0.00079346 -0.00150299 -0.00097275 -0.00079346 -0.00135040 -0.00014973 -0.00073624 -0.00121307 -0.00028610 0.00042534 -0.00147247 0.00013638 -0.00056839 0.00112915 -0.00164795 -0.00044441 -0.00023556 0.00090408 -0.00074005 0.00084305 -0.00209045 0.00047684 -0.00253296 -0.00019455 -0.00039864 -0.00099945 -0.00046158 -0.00238037 -0.00209045 0.00069046 -0.00048828 -0.00067902 0.00016689 0.00040627 0.00019264 -0.00045395 -0.00033379 -0.00105286 -0.00122833 -0.00146484 -0.00143433 -0.00082016 -0.00188446 0.00140381 0.00039482 0.00058365 0.00088120 -0.00006533 -0.00260925 -0.00231934 -0.00218201 -0.00192261 -0.00135803 -0.00130463 -0.00038338 -0.00009584 0.00002170 0.00041199 -0.00177002 0.00035858 -0.00106812 -0.00182343 -0.00094223 -0.00023460 -0.00149536 0.00066376 -0.00060654 -0.00077057 -0.00094223 -0.00044823 -0.00222778 0.00048256 -0.00027657 -0.00102234 0.00089645 0.00083542 -0.00026894 0.00111389 -0.00054169 0.00099182 0.00078964 -0.00054169 -0.00125885 -0.00141907 -0.00100708 -0.00040817 -0.00169373 -0.00224304 -0.00205994 0.00026512 -0.00131989 -0.00091171 -0.00225830 0.00049210 0.00138855 -0.00198364 0.00113678 -0.00092697 -0.00080872 -0.00142670 -0.00037766 -0.00119019 -0.00033188 -0.00086594 -0.00257874 -0.00128174
0.00067139 -0.01708984 0.04565430 -0.00488281 -0.21875000 0.09570312 0.20312500 -0.00386047 0.05810547 0.04516602 0.03222656 0.09716797 0.02563477 0.06787109 0.09472656 -0.02636719 0.06103516 -0.07080078 0.00036812 0.01989746 0.05664062 0.06103516 -0.00009823 0.08593750 -0.03540039 0.10156250 0.00283813 -0.22656250 -0.00088501 -0.00479126 0.14453125 -0.13476562 0.00842285 -0.00005007 0.00011110 -0.02355957 0.07470703 -0.00183868 -0.00046349 0.19824219 -0.00031090 0.05029297 -0.02429199 -0.11279297 -0.14257812 0.09521484 0.03271484 -0.06542969 0.02563477 0.07177734 0.09960938 0.05688477 0.04516602 0.01055908 0.19238281 -0.06494141 -0.00104523 -0.04589844 0.02966309 0.05712891 -0.08251953 0.03833008 0.00381470 -0.12988281 0.05517578 -0.05639648 0.06787109 0.05517578 -0.03417969 0.00099182 0.00128174 -0.01031494 -0.00056076 0.01257324 0.04321289 0.00860596 0.00049973 0.00939941 -0.01007080 0.10839844 0.20019531 0.00147247 -0.00097656 0.05053711 0.04882812 -0.00251770 0.00041199 0.05957031 0.06250000 0.06982422 0.09765625 -0.13671875 -0.03613281 0.04638672 0.16210938 -0.39648438 0.10937500 -0.12402344 -0.00347900 -0.01513672 -0.01867676 0.02221680 0.00056076 -0.01318359 -0.33398438 0.12695312 -0.00047684 -0.10693359 0.00058746 -0.39648438 -0.01525879 0.18261719 0.07275391 0.08300781 0.04125977 0.06787109 0.02600098 0.07666016 -0.05395508 0.06201172 0.00013065 -0.21777344 -0.08154297 0.10058594 -0.05737305 0.15820312 -0.02478027 0.03588867 0.03686523 -0.04541016 -0.04028320 -0.07324219 0.00126648 0.04980469 0.04785156 0.02563477 -0.02673340 0.00107574 -0.01562500 0.15917969 0.05834961 -0.00102997 0.03710938 -0.00089264 0.00049973 0.15332031 0.08349609 0.01892090 -1.57031250 0.05957031 0.12402344 -0.13769531 0.09082031 -0.00117493 0.00674438 0.04223633 0.05395508 -0.11621094 0.00149536 -0.06591797 0.08642578 0.00393677 0.17285156 0.11718750 0.07910156 0.12158203 0.06542969 0.00007772 0.02819824 0.25976562 0.07373047 -0.00104523 0.10107422 0.01507568 0.00704956 0.13085938 0.04882812 0.07958984 0.26367188 -0.11816406 0.13671875 0.10986328 0.09179688 0.14355469 0.03906250 0.01177979 0.04248047 0.05053711 -0.00860596 -0.00041008 -0.04101562 0.00184631 0.01361084 0.00145721 -0.08154297 0.00003672 0.07226562 -0.02172852 0.10742188 0.11669922 0.19335938 0.05566406 -0.00033760 -0.09570312 0.01068115 -0.07568359 -0.08837891 -0.02185059 -0.03271484 0.00267029 0.00050354 0.05102539 0.23632812 -0.00062561 0.05908203 0.00970459 -0.00079346 -0.05981445 0.02624512 -0.09423828 0.10351562 0.14648438 0.08056641 -0.17382812 0.00054550 0.02209473 0.00079727 -0.00006771 -0.08789062 0.02014160 -0.00083923 -0.04931641 0.06005859 0.04370117 0.07031250 -0.05908203 -0.06103516 0.04931641 0.05566406 -0.07421875 0.08789062 -0.02075195 -0.00402832 0.00041580 0.15429688 -0.02795410 0.00010872 -0.00071335 -0.01342773 0.01324463 0.03686523 0.03857422 -0.00049210 -0.18164062 0.03320312 0.07128906
0.00041389 0.06982422 0.07275391 -0.05224609 0.16601562 0.01757812 -0.01928711 0.04174805 0.04394531 0.12597656 0.10400391 -0.09179688 0.03002930 0.06542969 -0.32031250 0.17578125 -0.13769531 -0.01940918 0.00028992 0.16308594 0.12695312 0.01745605 -0.00154877 -0.02636719 0.06079102 0.22363281 -0.21093750 -0.06884766 0.00072861 0.14550781 -0.14648438 0.05517578 0.02136230 0.00076675 -0.00071716 0.10058594 0.13085938 -0.00093842 -0.00189209 -0.15332031 -0.00151062 -0.06542969 0.18457031 -0.02392578 -0.10742188 0.09375000 0.08984375 0.06445312 0.03686523 0.04467773 0.06152344 -0.07177734 -0.04492188 0.08154297 -0.08251953 -0.14550781 -0.00173950 0.04077148 0.12695312 0.15234375 0.10839844 0.07519531 -0.07470703 -0.08007812 -0.17480469 0.05639648 0.02661133 0.06152344 -0.10009766 -0.00047302 -0.00163269 0.02038574 -0.00027275 0.13085938 0.15625000 -0.04833984 0.00125122 0.00735474 0.09082031 0.09472656 0.01513672 -0.00174713 0.00043869 0.15136719 0.02307129 -0.00244141 0.00154877 -0.07128906 0.05981445 -0.10058594 0.05737305 -0.26367188 0.17382812 0.14941406 0.09863281 -0.07519531 0.12988281 0.20117188 0.21484375 -0.28125000 0.13476562 0.16406250 -0.00053787 0.12890625 -0.04028320 0.13085938 -0.00106812 -0.07031250 0.00049591 -0.09814453 0.16015625 -0.19238281 0.09814453 0.17675781 0.07177734 0.01696777 0.02856445 0.04052734 0.11035156 0.04614258 0.00039101 -0.06640625 -0.10058594 0.06494141 0.06445312 0.03247070 -0.14453125 0.16992188 0.13867188 0.16015625 -0.01538086 -0.06689453 -0.00009775 0.09521484 0.10644531 0.13769531 0.09863281 0.00037003 0.09277344 -0.15429688 -0.09228516 -0.00029945 0.21093750 -0.00094604 0.00125885 0.12158203 0.01953125 0.17187500 0.14648438 0.04321289 0.06127930 -0.15039062 0.04882812 -0.00196838 0.02148438 0.11767578 0.12890625 0.06982422 -0.00052643 0.12597656 0.07128906 0.05078125 -0.06054688 0.15722656 0.08203125 0.09667969 0.00738525 0.00106812 0.09179688 0.10400391 -0.30664062 -0.00098419 0.14355469 0.00585938 0.12890625 0.04858398 -0.13964844 -0.27929688 -0.21191406 -0.06103516 0.03125000 0.14746094 0.01037598 0.13476562 0.13964844 -0.20312500 -0.02172852 -0.00793457 0.09716797 -0.00049210 0.12158203 -0.00108337 0.03564453 -0.00053787 -0.09619141 0.00120544 -0.16015625 0.04638672 0.14453125 -0.01794434 -0.02124023 0.06787109 0.00109863 -0.17578125 0.13378906 -0.05981445 0.06494141 0.08886719 -0.16699219 0.00090790 0.00141144 0.04736328 -0.00616455 0.00092316 0.08935547 0.00151062 -0.00028038 0.06445312 0.12011719 0.01263428 0.02233887 0.06591797 0.03588867 -0.27539062 0.00061035 0.18945312 0.00166321 -0.00044250 -0.05590820 0.01550293 0.00091934 -0.27929688 0.08544922 0.06787109 0.01531982 0.19628906 -0.09423828 -0.03063965 0.15039062 -0.00427246 0.12597656 0.02929688 -0.07958984 -0.00092697 -0.11132812 -0.07324219 -0.00061035 -0.00002992 -0.14746094 -0.06542969 0.13964844 -0.33593750 -0.00002468 -0.03271484 0.11132812 0.06005859
-0.00093079 -0.00254822 0.00077820 -0.00199890 -0.00326538 -0.00075912 -0.00160980 -0.00115967 -0.00042152 -0.00110626 -0.00116730 0.00048637 -0.00193787 -0.00151062 0.00044632 -0.00132751 -0.00148010 -0.00312805 0.00021076 -0.00064468 -0.00270081 0.00096130 0.00149536 -0.00145721 -0.00370789 -0.00072861 -0.00196838 -0.00205994 0.00108337 -0.00065994 -0.00082397 -0.00236511 -0.00147247 0.00094604 -0.00073242 -0.00292969 -0.00099182 -0.00163269 0.00093460 0.00141907 0.00038528 0.00011587 -0.00125885 -0.00153351 -0.00375366 -0.00177002 -0.00103760 -0.00274658 -0.00148010 0.00051498 -0.00340271 -0.00120544 -0.00126648 -0.00299072 0.00046730 -0.00101471 0.00075150 -0.00347900 -0.00256348 -0.00070572 -0.00141907 -0.00300598 -0.00192261 -0.00090408 -0.00344849 -0.00000450 -0.00125885 -0.00031853 -0.00112915 0.00115204 0.00028610 -0.00132751 -0.00037003 -0.00118256 -0.00337219 -0.00280762 -0.00148773 0.00026321 -0.00067139 -0.00088501 -0.00129700 0.00095367 0.00025177 -0.00149536 -0.00015640 0.00054550 -0.00176239 -0.00100708 -0.00323486 -0.00352478 -0.00072098 -0.00177765 -0.00046349 -0.00089645 -0.00270081 -0.00117493 0.00109863 0.00074768 -0.00196838 -0.00095367 -0.00381470 -0.00190735 -0.00045967 -0.00305176 -0.00018883 -0.00125122 0.00081253 -0.00157166 0.00086975 -0.00326538 -0.00171661 -0.00253296 0.00228882 0.00000653 -0.00115967 -0.00172424 -0.00162506 -0.00141144 -0.00072098 0.00003386 0.00065994 -0.00250244 -0.00277710 -0.00210571 -0.00148773 -0.00352478 -0.00160980 -0.00063705 -0.00303650 -0.00299072 0.00144958 -0.00167847 0.00038338 0.00188446 -0.00213623 0.00162506 0.00098419 0.00109100 -0.00254822 -0.00218201 -0.00349426 -0.00031281 -0.00288391 -0.00154877 0.00087738 -0.00079346 0.00126648 -0.00011778 0.00045013 -0.00066757 -0.00029755 -0.00164795 -0.00291443 0.00112152 -0.00049210 -0.00041008 -0.00084686 0.00078201 0.00000706 0.00115204 -0.00168610 -0.00162506 -0.00286865 -0.00177765 -0.00123596 -0.00244141 -0.00099945 -0.00179291 -0.00309753 -0.00294495 -0.00341797 0.00062180 -0.00196838 0.00035667 -0.00041962 -0.00308228 -0.00358582 -0.00094986 0.00034332 -0.00128174 -0.00106049 -0.00037766 -0.00340271 0.00012112 -0.00106812 -0.00218201 -0.00166321 -0.00072098 -0.00121307 0.00101471 -0.00111389 -0.00163269 -0.00125122 -0.00098419 -0.00300598 0.00112152 0.00016880 0.00091553 0.00191498 -0.00198364 -0.00331116 -0.00149536 -0.00085831 -0.00299072 -0.00052261 -0.00292969 -0.00166321 -0.00263977 -0.00131989 -0.00078201 0.00083160 -0.00133514 -0.00080872 -0.00127411 -0.00168610 -0.00100708 0.00070572 -0.00124359 -0.00215149 -0.00009394 -0.00058746 0.00001705 -0.00378418 -0.00186920 0.00069046 -0.00166321 0.00014210 0.00017548 -0.00198364 -0.00238037 0.00102234 -0.00192261 0.00099945 -0.00117493 -0.00069809 -0.00122833 -0.00257874 -0.00305176 -0.00274658 -0.00101471 -0.00241089 -0.00201416 -0.00236511 0.00075531 -0.00296021 -0.00241089 -0.00042343 0.00076675 -0.00357056 0.00108337 0.00019932 -0.00111389 0.00109100 -0.00276184 -0.00080872 -0.00233459
0.00049973 -0.00020790 -0.00049591 -0.00011635 0.00094223 0.00039673 -0.00061417 0.00034332 0.00103760 -0.00076675 -0.00021744 -0.00005794 -0.00151062 -0.00166321 -0.00158691 0.00068283 0.00005317 -0.00162506 0.00117493 0.00018024 -0.00141144 0.00016117 0.00012589 0.00044060 0.00117493 -0.00134277 -0.00092697 -0.00045204 -0.00149536 0.00082016 -0.00061035 0.00003982 0.00089645 0.00087357 0.00115967 0.00044632 -0.00159454 0.00063324 0.00042534 0.00099945 0.00019550 -0.00180054 -0.00155640 -0.00098419 -0.00033569 -0.00064087 -0.00092316 -0.00033188 -0.00037193 -0.00131989 0.00120544 -0.00160217 0.00015259 0.00058746 0.00078201 0.00042343 -0.00144196 0.00011110 -0.00109100 0.00075912 -0.00131989 0.00090408 -0.00023842 0.00016880 0.00037003 0.00026894 -0.00086212 0.00096893 -0.00065994 -0.00084305 -0.00111389 0.00010538 -0.00179291 -0.00019455 -0.00106812 -0.00042343 -0.00170135 0.00011396 -0.00060272 0.00029755 0.00019741 -0.00114441 0.00103760 0.00085831 0.00048065 0.00085068 0.00116730 0.00045013 -0.00128174 -0.00105286 -0.00138092 -0.00120544 0.00093842 0.00021648 -0.00126648 0.00099182 -0.00037384 -0.00009155 0.00028801 0.00006962 -0.00069046 0.00004315 -0.00056076 0.00087738 -0.00149536 -0.00166321 0.00011969 -0.00157928 0.00036812 0.00046349 -0.00147247 0.00094986 0.00081253 -0.00115204 -0.00080109 0.00034714 -0.00171661 -0.00113678 0.00038719 -0.00151825 0.00061035 0.00031090 0.00030518 0.00009251 0.00079346 -0.00171661 0.00064087 0.00009584 -0.00088120 -0.00012398 -0.00131989 0.00019550 0.00109100 0.00063324 -0.00030708 -0.00055695 -0.00032043 -0.00178528 0.00097656 -0.00173950 0.00077438 0.00070572 0.00002873 -0.00065613 0.00093460 0.00036430 -0.00057602 -0.00128937 -0.00052261 0.00003386 0.00013924 0.00108337 -0.00057602 -0.00081635 0.00011873 -0.00094223 -0.00020409 -0.00162506 0.00023937 0.00053787 0.00051880 -0.00044632 0.00122070 0.00005293 0.00044250 0.00023842 0.00112915 0.00102234 -0.00002050 0.00008535 -0.00153351 -0.00070953 -0.00037003 0.00027847 0.00002468 -0.00054932 -0.00055695 -0.00179291 0.00117493 -0.00141144 -0.00122833 0.00030136 -0.00083160 -0.00023460 0.00061417 -0.00119019 0.00088882 0.00096512 -0.00073624 0.00008488 -0.00136566 0.00071716 -0.00142670 -0.00137329 -0.00031281 0.00096512 -0.00171661 -0.00038338 -0.00048447 -0.00091553 -0.00086975 0.00019741 0.00043869 0.00042915 -0.00091934 0.00086212 0.00001150 0.00096893 0.00005412 0.00128174 -0.00148010 -0.00127411 -0.00042725 0.00027847 0.00075150 -0.00131226 -0.00006580 -0.00054550 -0.00028610 0.00043488 -0.00176239 -0.00165558 -0.00132751 0.00034523 -0.00172424 -0.00082397 -0.00057983 0.00023174 -0.00045586 0.00116730 0.00009489 0.00014114 -0.00140381 -0.00085449 -0.00072479 -0.00053406 0.00078201 0.00056839 0.00035095 -0.00032806 -0.00089264 0.00086212 0.00046921 -0.00028801 -0.00059128 -0.00068283 -0.00004220 0.00122070 -0.00079727 0.00003266 0.00035286 0.00020790 0.00125885 -0.00054932 0.00085831 -0.00018120
-0.00009680 -0.00076294 -0.00074768 0.00118256 -0.00015736 0.00063705 -0.00002134 -0.00032043 -0.00012589 0.00090408 0.00000059 -0.00004292 0.00115967 0.00098419 -0.00082397 -0.00128174 -0.00156403 -0.00112915 -0.00052643 -0.00138092 0.00054932 -0.00166321 -0.00001281 -0.00025177 -0.00038528 -0.00035858 -0.00107574 0.00104523 -0.00104523 -0.00024605 0.00068665 -0.00086975 -0.00037384 0.00041771 0.00093079 -0.00005460 -0.00063705 -0.00103760 -0.00103760 0.00046158 0.00103760 -0.00119019 -0.00122070 0.00054550 0.00120544 0.00055695 0.00100708 -0.00019646 -0.00009060 -0.00030136 0.00037384 -0.00053024 -0.00043869 -0.00117493 -0.00033188 -0.00067902 -0.00138855 -0.00159454 -0.00140381 -0.00100708 -0.00094604 -0.00150299 -0.00092316 -0.00097656 0.00051498 0.00121307 0.00039864 -0.00176239 -0.00178528 0.00018501 -0.00054932 -0.00012589 -0.00123596 -0.00087738 -0.00004387 0.00061798 0.00109100 -0.00012398 -0.00110626 -0.00098419 -0.00122833 -0.00102997 0.00014019 -0.00160980 -0.00080490 -0.00087357 0.00075531 -0.00099945 -0.00109100 -0.00128174 -0.00130463 -0.00157928 0.00072479 -0.00006437 -0.00152588 0.00085449 -0.00084305 0.00077438 -0.00031662 -0.00102234 -0.00154877 -0.00049210 -0.00044632 -0.00173950 -0.00003171 0.00017643 -0.00088120 -0.00104523 0.00085449 0.00073624 0.00017262 -0.00178528 0.00036812 -0.00057220 0.00046158 0.00081635 0.00051117 0.00036812 -0.00154114 0.00102997 -0.00103760 -0.00047874 0.00089645 -0.00079727 -0.00033188 0.00116730 0.00061417 -0.00030327 -0.00124359 0.00106812 -0.00044823 -0.00079727 -0.00095367 0.00023270 -0.00034714 -0.00028419 0.00069046 0.00091553 0.00024223 0.00082779 0.00011492 -0.00167847 -0.00106812 0.00059128 0.00112915 -0.00084686 0.00093460 0.00117493 -0.00072479 0.00072479 0.00085449 -0.00152588 -0.00098419 -0.00170898 0.00023746 -0.00175476 -0.00084686 0.00081635 -0.00120544 -0.00105286 -0.00155640 0.00091553 0.00041008 -0.00138092 -0.00129700 -0.00146484 -0.00112915 0.00080490 0.00029564 -0.00088882 -0.00099182 -0.00015545 0.00072861 0.00119781 -0.00069046 0.00067902 -0.00170898 0.00103760 -0.00150299 -0.00156403 -0.00059509 -0.00065231 -0.00098419 -0.00042725 0.00094986 -0.00096130 -0.00038528 -0.00005746 0.00106049 0.00092697 0.00001401 0.00008869 -0.00013256 -0.00076294 -0.00037384 -0.00135803 0.00063324 -0.00102234 0.00056076 -0.00097275 -0.00091171 -0.00119019 0.00065613 0.00017071 0.00105286 -0.00065994 -0.00172424 -0.00109100 -0.00083542 0.00028610 -0.00177002 -0.00147247 -0.00014496 -0.00092697 0.00049591 0.00073242 -0.00015545 0.00081253 0.00046158 0.00077057 -0.00162506 -0.00056458 -0.00034904 -0.00144958 0.00116730 -0.00041199 -0.00049591 -0.00035477 -0.00001633 -0.00112152 -0.00046539 -0.00157928 -0.00124359 0.00043869 0.00115204 -0.00069427 -0.00010967 -0.00102997 0.00038910 -0.00065231 -0.00123596 -0.00091553 -0.00146484 -0.00003767 0.00053787 -0.00170898 0.00032234 -0.00042915 -0.00018597 -0.00100708 -0.00057602 -0.00049973 0.00102997 -0.00157166 -0.00020885 0.00111389
-0.00122070 -0.00114441 -0.00085449 -0.00052261 0.00097275 -0.00088882 -0.00030327 -0.00067902 -0.00177765 -0.00049591 -0.00002825 0.00038719 -0.00131226 0.00057220 0.00024033 0.00019360 -0.00013256 0.00079346 0.00099182 -0.00146484 0.00014210 0.00042725 0.00012875 0.00004077 -0.00031281 0.00072861 -0.00071716 -0.00088501 -0.00157166 0.00091171 -0.00041771 0.00085449 -0.00040627 0.00029564 -0.00007915 0.00069809 0.00041199 -0.00124359 0.00023270 0.00000380 -0.00191498 -0.00182343 -0.00146484 -0.00090027 -0.00003314 -0.00157928 0.00015163 -0.00023270 -0.00007725 -0.00134277 0.00082397 -0.00092697 0.00058746 -0.00065231 0.00099945 -0.00053024 0.00106049 0.00054932 0.00101471 0.00001538 -0.00139618 0.00043488 -0.00163269 -0.00133514 -0.00180817 -0.00047874 0.00091171 0.00082016 0.00090027 -0.00062561 -0.00062561 -0.00025368 -0.00175476 0.00115204 -0.00085068 -0.00043678 -0.00099945 -0.00016403 -0.00076294 -0.00025940 -0.00052643 -0.00076294 0.00104523 -0.00009680 -0.00099945 0.00005960 -0.00044250 -0.00112915 0.00063324 0.00015354 -0.00056839 0.00070953 -0.00131226 -0.00176239 -0.00087357 -0.00109100 -0.00090790 0.00029945 -0.00195312 -0.00135803 -0.00010920 -0.00114441 -0.00081253 -0.00062180 0.00035095 -0.00125122 0.00024319 -0.00139618 -0.00164032 -0.00183868 -0.00178528 -0.00054550 0.00036430 -0.00112152 0.00027657 -0.00080872 0.00044441 -0.00088882 0.00070190 -0.00134277 -0.00087738 0.00067520 -0.00010538 -0.00023651 0.00006080 -0.00068665 -0.00057602 -0.00052643 -0.00173950 -0.00188446 -0.00021744 -0.00082397 0.00078583 0.00067902 -0.00018120 -0.00004101 -0.00121307 -0.00030327 0.00100708 -0.00109863 0.00103760 -0.00157166 -0.00003505 -0.00096130 -0.00108337 0.00018787 -0.00004935 -0.00009632 -0.00135040 -0.00015545 -0.00131989 0.00053787 -0.00131989 -0.00172424 -0.00116730 -0.00101471 -0.00167847 -0.00011539 -0.00109863 0.00055695 -0.00061798 -0.00189972 -0.00164795 -0.00077057 -0.00150299 -0.00086975 0.00010252 0.00018787 -0.00048828 -0.00176239 0.00029945 -0.00061035 -0.00116730 -0.00167847 -0.00037193 0.00084686 -0.00090027 -0.00120544 -0.00010967 -0.00157166 0.00002253 0.00013351 0.00047684 -0.00158691 -0.00115204 0.00039673 -0.00024605 -0.00007391 0.00009632 -0.00171661 0.00040436 0.00005007 -0.00031471 -0.00065231 -0.00012493 -0.00081253 0.00103760 -0.00155640 0.00014687 0.00069046 -0.00021458 -0.00171661 -0.00180817 0.00054169 -0.00021553 0.00075912 -0.00057220 -0.00083160 -0.00128174 -0.00065994 0.00114441 -0.00032234 -0.00145721 -0.00092316 -0.00121307 -0.00132751 0.00101471 0.00026512 -0.00076675 0.00054932 -0.00080109 -0.00021267 0.00014114 0.00091934 -0.00067520 -0.00045586 -0.00196838 -0.00049210 -0.00053024 0.00040436 -0.00049210 0.00080490 0.00051117 0.00024605 -0.00027275 -0.00097656 -0.00002611 -0.00056076 0.00028610 -0.00164795 -0.00160217 -0.00098419 0.00075531 0.00048637 0.00055313 -0.00150299 -0.00091934 0.00026703 0.00053787 0.00066757 -0.00175476 0.00099182 -0.00123596 -0.00071335 -0.00165558 -0.00128174
0.00088501 0.02343750 0.02392578 -0.02941895 0.12597656 -0.04418945 0.03491211 -0.03686523 -0.06005859 0.15917969 -0.04467773 0.00418091 -0.01544189 -0.05444336 -0.08007812 0.14257812 0.32812500 -0.00053406 -0.00030136 0.15332031 0.13476562 0.02099609 -0.00023174 0.17675781 0.06103516 -0.00793457 -0.12353516 -0.12011719 -0.00095749 0.14257812 -0.05932617 0.01342773 0.03808594 -0.00088501 0.00061417 0.09570312 0.19042969 0.00007486 0.00028229 0.10742188 0.00108337 -0.06494141 0.15625000 -0.12988281 -0.08691406 0.08837891 -0.02954102 0.04443359 -0.00151825 0.09619141 -0.06933594 0.00035858 0.31835938 0.05102539 -0.01696777 -0.11279297 0.00009489 0.01977539 0.08886719 -0.04809570 -0.24316406 0.12158203 0.01361084 -0.14843750 0.18652344 -0.05688477 0.08203125 0.16210938 -0.36328125 -0.00059509 -0.00105286 -0.01745605 0.00110626 0.19140625 0.12792969 0.01306152 -0.00006437 0.00103760 0.09228516 -0.00534058 0.04687500 0.00113678 -0.00041199 0.12451172 -0.01611328 -0.00058746 0.00029564 -0.02746582 0.00067139 0.02758789 0.09472656 -0.47265625 0.19921875 0.22656250 0.12500000 -0.11865234 -0.16210938 0.16308594 0.38867188 0.10791016 0.16796875 0.15820312 0.00053024 0.14453125 -0.06030273 0.10205078 0.00509644 0.14453125 -0.00040245 0.28906250 0.17382812 -0.23046875 0.10742188 0.08837891 -0.00328064 -0.02795410 -0.10205078 -0.02185059 0.15722656 0.07812500 0.00072479 -0.22460938 -0.15917969 0.02172852 0.10595703 -0.11181641 -0.06787109 0.13671875 0.10205078 0.20800781 -0.05419922 0.00921631 -0.00047302 0.07226562 0.08984375 0.10009766 0.13085938 0.00003457 0.09423828 -0.28710938 -0.01239014 -0.00029755 -0.06640625 -0.00040627 0.00038338 0.11767578 0.06201172 -0.05810547 0.09716797 -0.02172852 -0.00088501 -0.06884766 -0.04809570 -0.00115967 0.04492188 0.09326172 0.16699219 0.01770020 -0.00083160 0.14843750 0.07373047 0.00263977 0.17968750 0.17187500 0.01916504 0.00031090 0.00358582 0.00149536 0.15234375 0.01794434 0.17773438 -0.00025940 -0.04028320 -0.14355469 0.02978516 -0.00038528 -0.06494141 0.04541016 -0.24218750 0.21582031 -0.03112793 0.08251953 0.09228516 0.14160156 0.21582031 -0.27148438 -0.11669922 -0.11230469 0.19335938 -0.00060654 0.06884766 -0.00080490 -0.04125977 -0.00013256 -0.13085938 -0.00056839 -0.07812500 -0.01599121 0.09960938 -0.05493164 -0.07958984 -0.02026367 -0.00227356 0.12890625 0.10205078 -0.10693359 0.07080078 -0.01184082 0.13476562 0.00204468 0.00087738 0.01281738 -0.06884766 -0.00051498 0.11718750 0.00234985 0.00179291 0.04809570 0.11816406 0.11181641 -0.09960938 0.05981445 -0.01879883 -0.49804688 0.00012970 0.12011719 0.00078201 -0.00042534 0.34179688 0.20605469 0.00143433 -0.10107422 0.07763672 0.08544922 -0.10253906 0.04833984 -0.13867188 -0.03222656 0.02014160 0.08251953 0.06982422 -0.03466797 -0.24414062 0.00108337 0.09277344 -0.14648438 0.00037003 -0.00086594 0.10888672 -0.02026367 0.03149414 0.01104736 -0.00043869 -0.18164062 -0.06127930 0.05712891
-0.00046539 -0.01989746 -0.60546875 -0.01623535 -0.24121094 0.42578125 0.05615234 0.00254822 -0.03369141 -0.09375000 -0.06250000 0.08935547 0.02075195 0.04223633 0.14941406 -0.13476562 0.13964844 0.13281250 0.00030327 0.01531982 -0.02185059 0.03442383 0.00110626 0.06835938 0.02722168 0.20800781 0.16699219 -0.03063965 0.00125122 0.11962891 0.06005859 0.03515625 -0.32031250 0.00035095 -0.00068283 0.27148438 -0.02160645 -0.00094986 0.00030518 0.05957031 0.00179291 0.26953125 0.19042969 -0.00283813 -0.00872803 0.18847656 -0.03100586 -0.01928711 -0.56250000 0.11914062 0.16210938 -0.12792969 -0.13769531 0.14550781 0.26171875 0.07226562 -0.00044441 -0.48632812 0.38085938 -0.01477051 0.01446533 -0.19140625 -0.17578125 -0.03564453 0.04589844 -0.05664062 -0.68750000 -0.60546875 -0.04614258 -0.00001246 0.00038338 -0.42968750 0.00030708 -0.12255859 -0.08398438 -0.13574219 -0.00001472 0.05541992 -0.46093750 -0.06835938 -0.02770996 0.00019455 -0.00096512 -0.04174805 0.05737305 -0.00032425 0.00052261 0.00337219 0.00946045 -0.50390625 -0.15625000 0.05126953 0.10742188 -0.11181641 0.32031250 -0.00378418 0.02819824 -0.05859375 0.25390625 -0.18359375 0.06787109 -0.08300781 0.00017357 0.41992188 -0.03784180 -0.06103516 0.00234985 0.13378906 0.00159454 -0.06835938 -0.00020885 0.04248047 0.04589844 0.30664062 0.56640625 0.06005859 -0.02172852 0.54296875 -0.54296875 -0.07031250 -0.00018120 0.03247070 -0.07519531 -0.64453125 -0.08740234 -0.06201172 0.08056641 -0.27343750 -0.05859375 -0.33398438 0.12988281 -0.01965332 0.00172424 0.44726562 0.54296875 0.04589844 -0.11865234 -0.00019550 -0.29296875 0.03466797 0.12792969 0.00087738 0.02600098 0.00023937 -0.00112915 0.33007812 -0.17285156 0.03369141 -0.08105469 -0.01647949 0.09082031 0.00201416 0.02136230 -0.00149536 0.04882812 0.02282715 -0.83593750 0.04565430 -0.00056839 -0.11816406 -0.01782227 -0.33203125 0.04663086 -0.35156250 0.50390625 0.60546875 -0.49023438 0.00086594 -0.02160645 0.17675781 0.01855469 -0.00034714 -0.20507812 -0.01574707 -0.08154297 0.03112793 0.02258301 -0.12695312 0.16894531 -0.00218201 -0.03588867 0.02941895 0.05566406 0.03344727 -0.45703125 -0.05908203 -0.22851562 -0.08056641 -0.10351562 -0.00002277 0.00549316 0.00059891 -0.03039551 0.00066757 0.01586914 -0.00095749 0.23339844 -0.00540161 0.10351562 -0.15820312 0.02294922 0.01818848 -0.00020885 0.02880859 -0.10595703 -0.02880859 -0.22949219 0.06835938 0.05273438 0.00027275 -0.00015926 -0.01757812 0.13769531 -0.00121307 0.00650024 0.50390625 -0.00064850 0.41601562 0.36523438 -0.03930664 -0.12060547 0.01043701 0.05883789 0.10156250 -0.00120544 0.29101562 -0.00027466 0.00109100 -0.06298828 0.14648438 0.00068283 0.03515625 0.37890625 0.00546265 -0.33593750 0.01599121 -0.03051758 0.27929688 -0.13378906 0.15234375 -0.29492188 -0.05175781 -0.01538086 -0.00058746 0.11865234 -0.00527954 0.00012112 -0.00094604 0.19628906 0.19335938 0.64062500 -0.30078125 -0.00032425 -0.02197266 0.08642578 -0.60546875
0.00112915 -0.00300598 -0.00202942 -0.00344849 -0.00283813 -0.00369263 -0.00314331 -0.00364685 -0.00061417 -0.00241089 -0.00039673 -0.00180054 -0.00279236 -0.00334167 -0.00325012 -0.00267029 -0.00276184 -0.00372314 -0.00012016 -0.00186920 -0.00161743 -0.00123596 -0.00179291 -0.00282288 -0.00207520 -0.00161743 -0.00308228 -0.00268555 0.00072098 -0.00244141 -0.00334167 -0.00190735 -0.00228882 0.00113678 0.00104523 -0.00366211 -0.00325012 -0.00128174 -0.00154114 -0.00381470 0.00020599 -0.00098419 -0.00192261 -0.00173950 -0.00075150 -0.00251770 -0.00234985 -0.00335693 -0.00154877 -0.00239563 -0.00251770 -0.00151825 -0.00221252 -0.00267029 -0.00071716 -0.00074005 0.00104523 -0.00111389 -0.00265503 -0.00221252 -0.00037956 -0.00190735 -0.00062943 -0.00112152 -0.00194550 -0.00059891 -0.00188446 -0.00303650 -0.00181580 -0.00099945 -0.00112915 -0.00276184 0.00120544 -0.00139618 -0.00260925 -0.00142670 -0.00169373 -0.00265503 -0.00227356 -0.00259399 -0.00236511 -0.00057602 0.00120544 -0.00361633 -0.00097656 -0.00085449 0.00002897 -0.00399780 -0.00320435 -0.00247192 -0.00193787 -0.00254822 -0.00179291 -0.00253296 -0.00077057 -0.00166321 -0.00317383 -0.00138092 -0.00318909 -0.00170898 -0.00096512 -0.00294495 -0.00106812 -0.00159454 -0.00332642 0.00011492 -0.00042915 -0.00138855 -0.00031662 -0.00303650 -0.00262451 -0.00332642 -0.00263977 -0.00088120 -0.00257874 -0.00109863 -0.00119019 -0.00084305 -0.00190735 -0.00145721 0.00010347 -0.00172424 -0.00157166 -0.00341797 -0.00204468 -0.00329590 -0.00097656 -0.00280762 -0.00195312 -0.00234985 -0.00066757 -0.00335693 -0.00140381 -0.00355530 -0.00163269 -0.00300598 -0.00109863 0.00015259 -0.00393677 -0.00191498 -0.00165558 -0.00127411 -0.00257874 0.00004673 -0.00006628 -0.00302124 -0.00386047 -0.00234985 -0.00177002 -0.00148010 -0.00182343 -0.00346375 -0.00215149 -0.00145721 -0.00219727 -0.00141144 -0.00047493 -0.00128937 0.00022984 -0.00268555 -0.00173187 -0.00323486 -0.00265503 -0.00323486 -0.00025749 -0.00386047 -0.00325012 -0.00140381 -0.00358582 -0.00201416 -0.00144196 -0.00033951 -0.00253296 -0.00238037 -0.00182343 -0.00231934 -0.00134277 -0.00331116 -0.00250244 -0.00101471 -0.00238037 -0.00091171 -0.00300598 -0.00241089 -0.00303650 -0.00115204 -0.00050735 -0.00122833 -0.00250244 0.00053406 -0.00065613 -0.00061798 -0.00279236 -0.00100708 -0.00174713 -0.00079346 -0.00279236 -0.00318909 -0.00257874 -0.00320435 -0.00097656 -0.00126648 -0.00136566 -0.00340271 -0.00179291 -0.00328064 -0.00180817 -0.00056076 -0.00094604 0.00095367 0.00102997 -0.00283813 -0.00331116 0.00102234 -0.00325012 -0.00121307 0.00119019 -0.00194550 -0.00152588 -0.00276184 -0.00326538 -0.00054550 -0.00312805 -0.00323486 0.00031662 -0.00222778 -0.00053024 0.00005269 -0.00361633 -0.00231934 0.00048828 -0.00349426 -0.00225830 -0.00222778 -0.00358582 -0.00202942 -0.00292969 -0.00156403 -0.00167084 -0.00160217 -0.00320435 -0.00372314 -0.00326538 -0.00156403 -0.00326538 -0.00172424 -0.00041008 -0.00097656 -0.00341797 -0.00119781 -0.00267029 -0.00153351 -0.00119019 -0.00111389 -0.00347900 -0.00086212
-0.00113678 0.00145721 -0.00041008 0.00047112 -0.00016689 -0.00028992 -0.00070572 -0.00303650 -0.00344849 -0.00150299 -0.00093460 -0.00024033 -0.00127411 0.00074005 -0.00051498 0.00141907 0.00081635 -0.00004005 -0.00115967 -0.00140381 0.00014019 -0.00317383 0.00082779 -0.00189209 -0.00123596 -0.00133514 -0.00137329 -0.00062943 0.00003362 -0.00219727 -0.00344849 -0.00130463 -0.00061417 -0.00094604 -0.00101471 0.00036621 -0.00195312 0.00048256 0.00058365 -0.00130463 0.00047684 -0.00238037 -0.00117493 -0.00344849 -0.00055695 0.00108337 -0.00355530 -0.00135040 0.00068665 -0.00059509 0.00012589 -0.00286865 -0.00131226 -0.00036812 -0.00136566 -0.00195312 -0.00043869 -0.00079727 -0.00068283 -0.00173950 -0.00376892 -0.00080490 0.00052261 -0.00072098 -0.00251770 -0.00010061 -0.00086975 -0.00234985 -0.00289917 0.00126648 -0.00082016 0.00138092 -0.00062180 -0.00131989 -0.00100708 -0.00218201 0.00077057 -0.00099945 -0.00270081 -0.00018787 -0.00144958 0.00072479 -0.00025940 -0.00128937 -0.00222778 -0.00062180 0.00048065 -0.00100708 -0.00289917 -0.00126648 -0.00050354 -0.00291443 -0.00112152 -0.00251770 -0.00091934 -0.00354004 -0.00014210 0.00094986 -0.00099182 -0.00186157 -0.00247192 -0.00115204 0.00009966 -0.00147247 -0.00132751 -0.00062180 0.00135803 -0.00010014 -0.00049210 -0.00065231 -0.00091171 -0.00041389 -0.00294495 -0.00086594 -0.00078964 0.00035095 -0.00117493 -0.00139618 -0.00067520 0.00031662 -0.00063324 -0.00294495 -0.00068283 -0.00204468 -0.00119781 -0.00299072 -0.00094223 0.00032997 -0.00096893 0.00107574 -0.00213623 -0.00085449 -0.00118256 0.00024128 0.00038338 -0.00088501 -0.00067902 -0.00027657 -0.00209045 -0.00306702 0.00125885 0.00033569 -0.00115204 -0.00036812 -0.00044632 0.00046539 0.00061035 -0.00078583 0.00043488 -0.00296021 -0.00207520 -0.00274658 -0.00137329 0.00066757 -0.00116730 0.00146484 -0.00117493 -0.00273132 -0.00150299 0.00075531 0.00112915 -0.00088120 -0.00205994 -0.00144196 0.00002122 -0.00109863 0.00132751 0.00038910 0.00030136 -0.00136566 -0.00233459 -0.00081635 0.00135803 -0.00176239 -0.00100708 -0.00343323 -0.00096130 -0.00104523 -0.00044441 -0.00072479 -0.00069046 -0.00236511 -0.00170898 0.00042152 -0.00054550 -0.00089645 -0.00131226 -0.00165558 0.00095367 0.00047874 -0.00014400 0.00073242 -0.00040627 -0.00055695 -0.00230408 -0.00069427 -0.00106812 0.00019741 0.00070572 -0.00271606 -0.00366211 -0.00213623 -0.00037384 -0.00071716 -0.00101471 0.00136566 -0.00085831 0.00128937 -0.00135803 -0.00006819 -0.00148773 -0.00109863 -0.00034904 -0.00051498 0.00020218 -0.00034523 0.00126648 0.00114441 -0.00080109 0.00077820 -0.00180054 -0.00149536 -0.00144958 -0.00128937 0.00104523 -0.00242615 -0.00027084 -0.00005651 -0.00308228 0.00001514 0.00102234 -0.00185394 -0.00059128 -0.00052261 -0.00002432 0.00086594 -0.00150299 -0.00262451 -0.00204468 -0.00086212 -0.00023842 -0.00218201 -0.00099945 -0.00040436 0.00102997 -0.00129700 -0.00009584 -0.00020695 -0.00005126 -0.00148010 -0.00138092 -0.00134277 0.00138855 -0.00256348 -0.00128937 -0.00099945
0.00117493 -0.00072098 -0.00245667 -0.00213623 -0.00231934 -0.00292969 -0.00225830 -0.00283813 -0.00222778 -0.00331116 -0.00198364 -0.00271606 -0.00158691 -0.00312805 0.00047493 -0.00086975 -0.00355530 0.00014305 -0.00086975 0.00002706 -0.00161743 -0.00054932 0.00128937 -0.00162506 -0.00216675 -0.00159454 -0.00173950 -0.00125885 -0.00081635 -0.00130463 -0.00306702 -0.00061798 -0.00205994 -0.00070190 -0.00148773 -0.00091171 -0.00334167 0.00005174 0.00106049 -0.00196838 -0.00031471 -0.00010967 -0.00075150 0.00016880 -0.00315857 -0.00074387 -0.00131226 -0.00148773 -0.00332642 -0.00210571 -0.00186157 -0.00283813 -0.00083923 -0.00083923 -0.00147247 -0.00061035 -0.00093079 -0.00120544 -0.00134277 -0.00003433 -0.00079727 -0.00109100 -0.00132751 -0.00167084 -0.00216675 -0.00135803 -0.00256348 -0.00164795 -0.00114441 -0.00150299 0.00077820 -0.00123596 -0.00109100 -0.00204468 -0.00247192 -0.00317383 -0.00122070 -0.00233459 -0.00116730 -0.00238037 -0.00013828 -0.00135040 -0.00137329 -0.00195312 -0.00047874 0.00092697 -0.00148773 -0.00215149 -0.00241089 -0.00122833 -0.00361633 -0.00120544 0.00227356 -0.00163269 -0.00207520 -0.00146484 -0.00280762 -0.00115204 -0.00270081 -0.00102997 -0.00245667 -0.00321960 0.00052643 -0.00052643 -0.00120544 0.00256348 -0.00129700 -0.00109863 0.00055695 -0.00128174 -0.00124359 -0.00296021 -0.00078583 -0.00176239 -0.00077057 -0.00308228 -0.00041771 -0.00100708 -0.00031471 -0.00207520 -0.00142670 -0.00087738 -0.00297546 -0.00061417 -0.00315857 0.00008202 -0.00001717 -0.00157928 -0.00259399 0.00094223 -0.00236511 0.00083542 -0.00156403 -0.00041199 -0.00276184 -0.00161743 -0.00277710 -0.00019932 -0.00174713 -0.00337219 -0.00207520 -0.00037384 -0.00283813 0.00011921 0.00069046 0.00021172 -0.00355530 -0.00140381 -0.00004721 -0.00331116 -0.00049973 -0.00280762 -0.00239563 -0.00154114 0.00119781 -0.00321960 -0.00096893 -0.00166321 -0.00087357 0.00083923 -0.00075912 -0.00112915 -0.00254822 -0.00306702 -0.00299072 -0.00106049 -0.00011444 -0.00008297 -0.00179291 -0.00128174 -0.00193787 0.00069809 -0.00149536 -0.00179291 -0.00096512 -0.00231934 -0.00270081 -0.00183868 -0.00180054 -0.00158691 -0.00171661 -0.00218201 -0.00163269 0.00040627 -0.00001693 -0.00202942 -0.00358582 -0.00164032 -0.00023556 0.00017166 -0.00262451 0.00059128 -0.00131989 -0.00115204 -0.00233459 -0.00093842 -0.00155640 -0.00194550 -0.00130463 -0.00004792 -0.00058746 -0.00092697 0.00000593 -0.00154877 0.00066376 -0.00085068 -0.00185394 -0.00318909 -0.00256348 -0.00079346 -0.00151062 -0.00212097 -0.00213623 -0.00110626 0.00033569 -0.00193024 0.00040245 -0.00195312 -0.00231934 -0.00071335 -0.00225830 -0.00222778 -0.00131226 -0.00259399 -0.00005031 -0.00296021 -0.00170135 0.00118256 -0.00078201 -0.00043869 -0.00172424 -0.00248718 0.00347900 -0.00050354 -0.00193787 -0.00056458 -0.00066757 -0.00119019 -0.00279236 -0.00299072 -0.00065613 -0.00251770 -0.00143433 -0.00150299 -0.00253296 -0.00174713 0.00177765 0.00118256 -0.00196838 -0.00064850 -0.00144196 -0.00064468 0.00145721 -0.00090790 -0.00083923 -0.00256348
0.00080490 0.05590820 -0.14550781 -0.01696777 -0.19042969 -0.06884766 0.13085938 0.22265625 0.11425781 0.08984375 0.00625610 0.04736328 0.15136719 0.14257812 -0.25781250 -0.02124023 -0.01586914 0.03015137 0.00018311 -0.00315857 0.18359375 0.10644531 0.00000644 -0.18847656 0.22265625 -0.07812500 -0.20898438 0.33203125 -0.00128174 -0.05737305 -0.03857422 -0.00035667 -0.13085938 0.00063324 -0.00087357 0.07666016 0.00241089 0.00152588 -0.00065994 -0.10791016 -0.00083542 0.02770996 0.03710938 -0.05493164 -0.09082031 -0.10107422 -0.06591797 -0.09570312 -0.11669922 -0.08251953 -0.07568359 -0.04687500 0.00628662 0.06396484 0.09472656 -0.27929688 0.00167847 0.02075195 0.11718750 0.00125122 0.04150391 -0.10351562 0.01385498 -0.06591797 0.04077148 0.05859375 -0.11035156 -0.07666016 0.18750000 0.00122833 0.00128937 0.09863281 0.00177002 0.02868652 -0.11132812 -0.07763672 0.00130463 0.18066406 -0.02148438 0.02050781 0.44921875 0.00045967 0.00016022 -0.10839844 0.11279297 -0.00182343 -0.00109100 0.19335938 0.19433594 0.02099609 0.13769531 -0.37500000 0.35351562 -0.03930664 -0.04125977 -0.17675781 -0.01818848 0.00001967 0.33398438 -0.08300781 0.00466919 0.03222656 0.00109863 -0.08984375 -0.24023438 0.21582031 -0.00180817 -0.00421143 0.00045013 -0.05175781 0.00811768 0.16699219 0.14843750 0.08447266 0.02709961 0.14550781 0.03149414 -0.05493164 -0.18554688 0.22558594 0.00041008 -0.05883789 -0.03564453 0.01745605 -0.04150391 0.08593750 -0.05322266 -0.05566406 -0.02624512 -0.10498047 0.17773438 -0.02307129 0.00029755 -0.04638672 0.02636719 0.03088379 0.03076172 -0.00094986 0.02868652 -0.15429688 -0.02636719 0.00103760 0.05151367 0.00049210 -0.00042915 0.30859375 0.07519531 -0.07324219 -0.14257812 0.17871094 0.20410156 0.27148438 0.23632812 -0.00071335 -0.04174805 0.14257812 0.22753906 0.00515747 0.00130463 -0.01879883 0.00194550 0.01611328 -0.11621094 -0.05444336 -0.29492188 -0.10644531 -0.00933838 0.00052643 -0.05688477 0.51562500 -0.12402344 0.00027084 -0.01623535 -0.08544922 0.06835938 0.19531250 -0.51562500 -0.07470703 -0.20800781 0.07226562 0.10009766 0.13281250 -0.07470703 -0.06835938 -0.00411987 0.01519775 0.00294495 -0.06884766 0.02539062 -0.00035858 -0.02368164 0.00033951 0.02832031 -0.00110626 -0.13671875 -0.00012779 -0.24609375 0.06542969 0.00793457 -0.02490234 0.04638672 -0.09667969 -0.00183105 -0.09521484 -0.09716797 0.02380371 0.02307129 -0.09716797 0.04687500 0.00300598 -0.00085831 0.16406250 -0.28515625 0.00109863 -0.08398438 -0.10107422 -0.00044250 0.07568359 -0.08447266 -0.27148438 0.05981445 0.12988281 0.08789062 -0.37109375 0.00031471 -0.04077148 -0.00034904 0.00097656 -0.09667969 -0.15136719 -0.00054550 0.30078125 -0.01000977 0.18261719 -0.27734375 0.08544922 -0.03027344 -0.03247070 -0.05737305 -0.24414062 -0.02539062 -0.08593750 0.09765625 0.00055695 0.20117188 -0.04614258 0.00033188 -0.00070953 0.07958984 -0.00418091 0.02307129 -0.04614258 0.00075150 -0.02001953 0.02563477 -0.02856445
-0.00064468 -0.00052643 -0.00115967 0.00040817 0.00126648 -0.00080872 0.00102997 -0.00164032 -0.00086212 -0.00125122 -0.00117493 0.00079727 0.00021935 -0.00021648 0.00086975 0.00099182 -0.00163269 -0.00119781 -0.00054932 -0.00135040 -0.00064468 -0.00140381 0.00060272 -0.00050735 -0.00144958 -0.00154877 0.00095749 -0.00202942 -0.00037766 -0.00080872 -0.00054169 0.00024319 0.00003433 -0.00041580 -0.00076294 -0.00148010 -0.00104523 -0.00078583 -0.00045586 -0.00067520 0.00019073 -0.00037384 -0.00177002 -0.00182343 -0.00018501 -0.00124359 -0.00171661 -0.00152588 0.00078964 -0.00106049 -0.00001991 -0.00038528 0.00117493 -0.00116730 0.00059891 -0.00193024 0.00061417 -0.00027275 0.00097656 -0.00048447 0.00062180 -0.00048447 -0.00037384 -0.00064468 -0.00119019 -0.00053406 -0.00228882 -0.00165558 0.00048065 -0.00083160 -0.00077438 -0.00148773 -0.00052643 -0.00122070 -0.00009155 -0.00055695 -0.00177002 -0.00119781 0.00102997 -0.00081635 -0.00110626 -0.00061798 0.00104523 -0.00122070 0.00067902 -0.00049591 -0.00064850 0.00114441 -0.00158691 0.00087357 -0.00021267 -0.00123596 -0.00058746 0.00059891 -0.00158691 0.00062943 0.00054550 0.00078201 0.00085068 -0.00014114 -0.00040054 -0.00178528 -0.00069046 -0.00129700 0.00027084 -0.00014400 0.00093460 -0.00112915 0.00058746 -0.00057220 -0.00013733 -0.00070572 -0.00026703 -0.00094223 -0.00170898 0.00032997 -0.00155640 -0.00201416 -0.00010252 0.00086212 -0.00152588 -0.00230408 -0.00159454 0.00062180 0.00205994 -0.00183868 -0.00042534 -0.00093460 -0.00096512 0.00386047 0.00090408 0.00119781 -0.00036430 -0.00010586 -0.00033569 0.00119781 -0.00062561 -0.00162506 -0.00090027 0.00083542 -0.00131989 -0.00030136 -0.00144958 0.00098419 -0.00127411 0.00090790 0.00112152 0.00034904 -0.00007343 0.00107574 -0.00024223 -0.00218201 -0.00234985 0.00087738 0.00081635 0.00064468 -0.00055695 -0.00024986 0.00078964 -0.00116730 -0.00147247 -0.00162506 0.00012970 0.00044632 -0.00049973 -0.00183868 0.00036621 -0.00175476 -0.00164032 -0.00029182 0.00054169 -0.00065613 -0.00101471 -0.00027466 -0.00210571 -0.00099945 -0.00102997 -0.00119781 -0.00061417 0.00028419 0.00053787 0.00019741 0.00088882 0.00033188 0.00006390 -0.00144196 -0.00121307 -0.00164795 -0.00224304 -0.00079727 -0.00070572 -0.00124359 -0.00036240 0.00077438 -0.00090408 -0.00026703 -0.00097656 -0.00189209 -0.00112152 0.00080490 -0.00202942 -0.00169373 0.00039673 -0.00069427 -0.00040817 0.00033379 -0.00115204 -0.00085449 -0.00173950 -0.00066757 0.00062561 0.00006533 0.00099945 -0.00103760 -0.00147247 0.00030136 -0.00047302 0.00000129 -0.00006080 -0.00110626 0.00095367 -0.00179291 -0.00001764 -0.00001633 0.00011539 -0.00021267 -0.00164795 -0.00046539 -0.00245667 -0.00044250 0.00054550 -0.00148773 -0.00163269 0.00062561 0.00040245 -0.00105286 0.00036430 -0.00088882 0.00040817 0.00015163 -0.00137329 -0.00219727 0.00003028 -0.00103760 -0.00007772 -0.00183105 -0.00110626 0.00093842 -0.00128937 0.00089264 0.00053024 0.00063324 -0.00026703 0.00021076 -0.00037956 0.00078583
-0.00080490 0.04882812 -0.46484375 -0.01428223 -0.26953125 0.48046875 -0.09423828 0.08349609 0.04736328 -0.23828125 0.00189972 0.15722656 0.10839844 0.00257874 0.18261719 -0.09277344 0.17480469 -0.47656250 0.00114441 -0.25976562 0.09375000 -0.00872803 -0.00164032 0.10009766 0.11621094 -0.28515625 0.09277344 -0.07666016 -0.00024605 0.03295898 -0.10107422 0.14746094 -0.27929688 0.00083923 -0.00160980 0.13671875 0.15234375 0.00063324 -0.00097275 0.04931641 -0.00017166 0.05126953 0.07763672 -0.02197266 -0.06884766 0.25781250 -0.31445312 -0.07128906 -0.41992188 -0.04931641 -0.41601562 0.11083984 -0.19726562 0.30078125 0.15917969 0.01123047 0.00046349 -0.94140625 0.22363281 0.11181641 -0.09667969 -0.23632812 -0.91406250 0.03369141 -0.04516602 -0.05688477 -0.51562500 -0.48242188 0.03930664 0.00041199 -0.00071335 -0.32031250 0.00062180 -0.21777344 -0.14843750 0.03247070 -0.00068665 -0.03149414 -0.41992188 -0.08886719 -0.07812500 0.00123596 0.00114441 -0.17968750 0.01068115 -0.00012398 -0.00051498 0.02905273 -0.11718750 0.16210938 0.06835938 -0.05590820 0.13964844 -0.30273438 0.28320312 0.03955078 0.02722168 -0.19238281 0.11962891 0.16113281 -0.09228516 -0.01007080 -0.00096893 0.65625000 0.15332031 -0.05444336 -0.00085831 0.22558594 0.00021076 -0.08398438 0.03540039 0.07324219 0.07958984 0.35937500 0.60546875 0.03417969 0.39257812 0.53515625 -0.45898438 0.03759766 0.00119019 -0.06494141 -0.05737305 -0.58984375 -0.12890625 0.06250000 0.08447266 -0.26562500 -0.16699219 -0.47265625 0.04296875 -0.41210938 -0.00087357 0.44140625 0.69140625 0.12402344 0.26562500 -0.00024223 -0.30273438 0.05932617 -0.40625000 -0.00123596 -0.04882812 0.00091934 -0.00000317 0.36718750 -0.11376953 0.30664062 0.31054688 0.03735352 0.07080078 -0.25781250 -0.01916504 -0.00165558 -0.08544922 -0.04003906 -0.46875000 0.03686523 -0.00145721 -0.26367188 -0.11816406 0.66406250 0.39453125 -0.46289062 0.52343750 0.65234375 0.22167969 -0.00067520 0.04809570 0.30078125 -0.06298828 0.00000507 -0.07861328 -0.02038574 -0.05468750 0.03979492 -0.10449219 0.06835938 0.09130859 0.05419922 0.00257874 0.02209473 -0.14941406 0.03637695 -0.38671875 0.08544922 -0.71875000 -0.00088120 -0.01647949 0.00062180 0.13574219 -0.00097656 -0.05786133 0.00026321 -0.01953125 0.00093460 0.02331543 0.09814453 -0.02465820 -0.06591797 0.05053711 0.08496094 -0.00251770 0.11474609 -0.36132812 0.09130859 -0.08593750 0.06201172 -0.09814453 0.00268555 -0.00151825 0.07568359 0.03686523 -0.00012207 0.05639648 0.55859375 -0.00034904 0.34960938 0.23339844 0.05102539 -0.14941406 -0.00285339 0.04565430 -0.01977539 0.00047112 0.15625000 -0.00137329 0.00062561 -0.03491211 0.05932617 0.00150299 0.17187500 0.11181641 0.00704956 -0.20898438 -0.12353516 -0.01770020 0.01831055 0.18261719 0.28125000 -0.36914062 0.01794434 0.02746582 -0.00055313 0.10302734 0.03686523 -0.00052261 -0.00201416 0.23144531 -0.46093750 0.54687500 0.08496094 -0.00011683 0.02136230 -0.14550781 -0.41210938
-0.00148773 0.10400391 0.03491211 0.14648438 -0.07519531 0.04956055 0.05200195 0.15234375 0.14257812 0.07128906 0.05908203 0.00695801 0.19628906 0.17968750 0.02636719 0.06079102 0.00315857 0.03662109 -0.00164032 0.03051758 0.08642578 0.10498047 -0.00077057 0.10302734 0.09667969 0.00009203 0.02465820 0.11425781 -0.00085831 0.05615234 0.01599121 0.11962891 0.04663086 0.00060654 -0.00157166 0.07031250 0.07812500 0.00021744 -0.00025177 0.04809570 0.00075150 0.03271484 0.02783203 0.19628906 0.14648438 0.05151367 0.06079102 0.08056641 0.03955078 0.06884766 0.04589844 0.02795410 0.04882812 0.04541016 0.05029297 0.10839844 -0.00102234 -0.00216675 0.06201172 0.02099609 0.20703125 0.07763672 0.02478027 0.18457031 0.00558472 0.05639648 0.05297852 0.06005859 0.06787109 0.00086594 -0.00152588 0.01446533 -0.00053787 0.06201172 0.05590820 -0.03417969 0.00184631 0.08984375 0.04638672 0.10742188 0.06591797 0.00018120 -0.00140381 0.04956055 0.16796875 -0.00393677 -0.00078964 0.16210938 0.14746094 0.03979492 0.04516602 0.06787109 0.07812500 0.06396484 0.07763672 0.16601562 0.05346680 0.03039551 0.10498047 -0.06250000 0.08203125 0.02087402 0.00083160 0.08593750 0.07519531 0.07226562 -0.00228882 0.03710938 -0.00023937 0.14746094 0.06152344 0.03027344 0.06030273 0.05908203 0.03100586 0.15722656 0.06347656 0.03417969 0.05200195 0.09716797 -0.00051498 0.22070312 0.19335938 0.04077148 0.01806641 0.01757812 0.01599121 0.05566406 0.04199219 0.06884766 0.03613281 0.01043701 0.00020504 0.05908203 0.06176758 0.06835938 0.08984375 -0.00177765 0.05102539 -0.01562500 0.02600098 0.00127411 0.01599121 -0.00040436 0.00038910 0.07861328 0.09521484 0.06225586 -0.18652344 0.19335938 0.07275391 0.01562500 0.15722656 -0.00116730 0.02172852 0.10058594 0.03466797 0.12890625 0.00019932 0.05932617 0.05908203 0.01220703 0.01708984 0.05712891 0.03759766 0.06201172 0.02734375 -0.00005555 0.05566406 0.09472656 0.05102539 -0.00136566 0.04565430 0.17382812 0.09765625 0.17578125 0.09716797 0.02893066 0.08837891 0.17285156 0.12109375 0.08984375 0.13281250 0.07128906 0.02929688 0.02783203 -0.00659180 0.05761719 0.02026367 -0.00058365 -0.01562500 0.00072098 0.02905273 0.00012684 0.13769531 -0.00064087 0.03515625 0.08251953 0.06103516 0.02966309 0.09277344 0.04248047 -0.00072861 -0.02380371 0.06152344 0.13867188 0.02160645 0.10839844 -0.02343750 0.00084686 0.00055695 0.11328125 0.05664062 0.00084305 0.05468750 0.02368164 0.00090027 0.03491211 0.06494141 0.02062988 0.06445312 0.06298828 0.15527344 0.04174805 0.00048447 0.09326172 -0.00160980 0.00074005 0.01275635 0.01348877 -0.00133514 -0.05297852 0.04003906 0.08740234 0.05688477 -0.03247070 0.17480469 0.03515625 0.04785156 0.02587891 0.06494141 0.12792969 0.06738281 0.00034332 0.07226562 0.17578125 0.00069809 -0.00306702 0.02209473 0.03881836 0.01281738 0.00030899 0.00083542 0.22363281 0.00775146 0.05273438
0.00017262 0.14648438 0.33007812 0.08496094 0.32421875 -0.37304688 0.17382812 0.10449219 0.21191406 0.15332031 -0.11132812 0.22656250 0.07226562 0.03564453 -0.06250000 -0.08691406 0.10253906 0.11376953 -0.00104523 -0.39648438 0.03125000 0.00885010 -0.00080490 0.21484375 0.12060547 -0.02832031 -0.25976562 -0.08154297 0.00042915 -0.38867188 -0.00561523 0.15136719 0.34765625 -0.00078201 0.00166321 -0.22949219 0.18457031 0.00123596 -0.00029373 -0.05004883 0.00102997 0.35156250 -0.36523438 -0.03881836 -0.03735352 -0.09863281 0.39843750 0.14550781 0.41796875 -0.09423828 -0.16699219 -0.04125977 0.27343750 -0.08984375 -0.01953125 0.02478027 0.00062180 0.57031250 -0.37304688 -0.26367188 -0.03540039 0.11865234 0.35351562 0.00939941 -0.16699219 -0.05883789 0.33203125 0.43164062 -0.08740234 -0.00119019 0.00107574 0.18261719 -0.00030136 0.24902344 0.40039062 -0.16601562 -0.00066757 -0.03271484 0.27539062 0.02087402 0.07470703 0.00057983 0.00064850 0.15234375 0.04003906 0.00369263 -0.00048828 -0.06250000 0.15136719 -0.27148438 0.22949219 0.02648926 -0.00729370 0.13281250 -0.17480469 -0.01843262 0.19921875 -0.23046875 -0.01623535 -0.53906250 0.37890625 -0.07958984 0.00168610 -0.58593750 0.20214844 0.29101562 0.00003386 0.09667969 0.00007725 -0.21191406 0.19335938 0.07763672 0.03344727 -0.54687500 -0.98437500 0.06347656 -0.23046875 -0.31250000 0.31445312 0.08789062 -0.00073624 -0.02465820 -0.04418945 0.25976562 -0.36523438 -0.03784180 0.15234375 0.12988281 -0.30078125 0.11083984 0.17285156 -0.15820312 -0.00002229 -0.19140625 -0.25000000 -0.25390625 0.20800781 0.00076675 -0.06884766 0.06445312 -0.11425781 0.00147247 0.12451172 0.00012970 -0.00072098 -0.09521484 -0.33984375 0.09716797 0.19726562 0.09521484 -0.01416016 0.09228516 0.04516602 -0.00023079 0.06835938 -0.03540039 0.29687500 0.14453125 0.00128937 0.07031250 0.09716797 -0.26953125 0.12890625 0.03564453 -0.38085938 -0.35937500 0.24707031 0.00143433 -0.21191406 -0.01696777 0.05102539 -0.00122070 -0.19628906 0.05737305 0.22167969 0.06396484 -0.07421875 -0.46093750 0.21875000 -0.01043701 0.13867188 0.03588867 0.07031250 -0.20214844 0.14941406 -0.06591797 -0.45898438 0.01422119 -0.47070312 0.00198364 0.09960938 0.00091171 0.17285156 0.00104523 -0.04711914 0.00108337 0.04028320 0.12500000 -0.43750000 0.15625000 -0.00057983 0.50000000 -0.00039101 0.11621094 0.22363281 0.07324219 0.33984375 0.09082031 -0.09960938 0.00135803 -0.00067139 0.17285156 -0.06298828 -0.00097656 -0.49023438 -0.37890625 -0.00072479 -0.39843750 -0.50390625 -0.08203125 -0.27539062 -0.08251953 0.08984375 -0.04467773 0.00093079 -0.39648438 0.00034714 0.00087738 -0.29687500 0.03393555 0.00191498 0.29687500 -0.12500000 0.06347656 0.20117188 -0.10009766 -0.07519531 -0.41601562 0.07373047 -0.28515625 0.00677490 0.09912109 -0.04101562 0.00153351 -0.04467773 -0.06591797 -0.00094986 -0.00094986 -0.66406250 -0.08447266 -0.44726562 -0.11816406 0.00012970 -0.04028320 0.12890625 0.33203125
-0.00087738 0.08837891 0.03039551 0.12304688 -0.08300781 0.03735352 0.04858398 0.14160156 0.13769531 0.07861328 0.04223633 0.00145721 0.18652344 0.16992188 0.03295898 0.06884766 -0.01019287 0.02416992 -0.00022125 0.01989746 0.08935547 0.10302734 -0.00016499 0.10644531 0.08398438 -0.00952148 -0.00112152 0.10009766 0.00127411 0.05810547 0.00860596 0.10839844 0.04956055 -0.00040054 0.00182343 0.06933594 0.08691406 0.00112152 0.00049591 0.02368164 0.00174713 0.03930664 0.01507568 0.19238281 0.13183594 0.05493164 0.02905273 0.06396484 0.03442383 0.05639648 0.02026367 0.03222656 0.05273438 0.02636719 0.04785156 0.10302734 0.00009203 -0.00384521 0.06103516 0.02185059 0.19042969 0.07617188 0.00854492 0.17187500 0.01153564 0.05615234 0.05200195 0.06738281 0.04882812 0.00026894 -0.00014400 -0.00096130 -0.00071335 0.05810547 0.05200195 -0.03320312 0.00089264 0.08544922 0.04638672 0.08642578 0.06250000 0.00007057 0.00052643 0.04028320 0.15917969 -0.00008726 -0.00127411 0.14550781 0.14257812 0.02539062 0.04956055 0.04956055 0.07421875 0.06884766 0.07128906 0.15039062 0.05029297 0.01330566 0.09814453 -0.03222656 0.08105469 0.02136230 -0.00106049 0.08642578 0.03833008 0.06250000 -0.00157928 0.01153564 0.00046349 0.14648438 0.06640625 0.02319336 0.06298828 0.05981445 0.01373291 0.14746094 0.04516602 0.02404785 0.04101562 0.09619141 -0.00121307 0.21093750 0.18457031 0.04321289 0.02001953 0.01513672 0.01794434 0.05590820 0.03442383 0.06494141 0.04052734 -0.01031494 -0.00094986 0.05908203 0.06225586 0.06103516 0.07666016 0.00059891 0.04711914 -0.01696777 0.04003906 0.00136566 0.00119019 0.00037384 0.00144958 0.07568359 0.09912109 0.04492188 -0.17871094 0.18652344 0.06494141 0.02172852 0.15136719 -0.00120544 0.00157928 0.10009766 0.02648926 0.11669922 -0.00089645 0.04711914 0.03344727 0.00369263 0.02526855 0.06591797 0.03369141 0.05786133 0.02478027 0.00109863 0.04321289 0.08544922 0.04956055 -0.00120544 0.02978516 0.16503906 0.08691406 0.16894531 0.06982422 0.02258301 0.07617188 0.17285156 0.11376953 0.08349609 0.13574219 0.07617188 0.03686523 0.02038574 -0.00781250 0.05541992 0.01672363 0.00031471 -0.01544189 -0.00031090 0.00506592 0.00037956 0.11767578 -0.00066376 0.00744629 0.06933594 0.05395508 0.01928711 0.08837891 0.03564453 -0.00071335 -0.00753784 0.05737305 0.11962891 0.02502441 0.09033203 -0.03173828 0.00143433 -0.00004411 0.10888672 0.02416992 -0.00000504 0.05175781 0.01397705 -0.00000715 0.02380371 0.07519531 0.00744629 0.04345703 0.04589844 0.13281250 0.02807617 -0.00064850 0.09619141 -0.00071716 0.00063324 0.01104736 0.02612305 -0.00077820 -0.06933594 0.02880859 0.08007812 0.06225586 -0.03540039 0.16699219 0.00775146 0.02539062 0.02648926 0.06445312 0.11230469 0.04541016 -0.00018692 0.06225586 0.15625000 -0.00148010 -0.00003624 0.00396729 0.03759766 -0.00567627 -0.00411987 0.00176239 0.21582031 -0.00360107 0.04711914
-0.00098419 -0.06982422 -0.08642578 0.03063965 -0.23925781 0.03198242 0.27929688 -0.06738281 0.00424194 0.00448608 0.13281250 0.41992188 -0.06884766 -0.05639648 0.54296875 -0.03808594 0.11035156 -0.02160645 -0.00141907 0.23535156 -0.33984375 -0.01531982 -0.00049210 0.10742188 -0.06884766 -0.12402344 -0.07373047 0.16894531 -0.00155640 0.02478027 0.07958984 -0.08544922 -0.18945312 -0.00068665 -0.00080109 -0.40234375 -0.34570312 -0.00121307 -0.00100708 -0.05444336 -0.00077438 0.07421875 0.38671875 -0.04907227 0.14843750 -0.70312500 0.21875000 -0.09619141 -0.12988281 -0.48828125 -0.20117188 -0.01672363 0.44921875 -0.09570312 0.15234375 0.22167969 -0.00087357 -0.06347656 -0.58203125 -0.19824219 -0.19042969 -0.51562500 0.03149414 0.17285156 0.24121094 0.05566406 -0.15039062 0.11523438 -0.03857422 -0.00052643 0.00093460 -0.05664062 -0.00164032 -0.03112793 -0.00909424 0.25000000 0.00044060 0.02453613 -0.18066406 0.13085938 0.20117188 0.00169373 -0.00080872 0.11425781 -0.05615234 -0.00171661 0.00178528 0.20019531 -0.09326172 0.04541016 0.02551270 0.33203125 -0.45507812 -0.36523438 -0.33984375 0.00021744 -0.38476562 0.98828125 0.10058594 0.35351562 0.15332031 -0.42773438 0.00135803 -0.05615234 0.24414062 -0.03930664 -0.00201416 0.43164062 0.00108337 0.07568359 0.11279297 -0.09716797 -0.02575684 -0.27148438 0.02819824 -0.10302734 0.01770020 -0.16210938 -0.42578125 -0.17968750 -0.00124359 0.02343750 0.10156250 -0.16894531 -0.34375000 -0.14648438 -0.01544189 -0.44140625 0.24511719 0.08056641 0.40429688 -0.29687500 0.00027847 0.06884766 0.13085938 -0.55078125 -0.48632812 0.00044250 -0.61718750 0.12500000 -0.03039551 0.00026512 -0.32421875 -0.00046730 0.00133514 -0.22753906 -0.05297852 -0.16894531 -0.10351562 -0.14160156 -0.07666016 -0.07031250 -0.05175781 -0.00088120 0.08642578 -0.20507812 -0.03442383 -0.03417969 -0.00062180 -0.01507568 -0.01068115 -0.01013184 -0.04565430 -0.00016689 -0.09716797 -0.17968750 -0.11767578 -0.00076294 0.08984375 -0.10498047 0.20605469 -0.00171661 -0.31054688 -0.08398438 -0.37695312 -0.09863281 0.12451172 0.40429688 0.40234375 0.34960938 -0.04223633 -0.25976562 -0.10986328 -0.60937500 -0.33398438 0.11132812 -0.13085938 -0.20117188 -0.04003906 -0.00034332 0.17187500 -0.00041962 0.05712891 0.00075150 0.15332031 0.00074768 0.35351562 -0.31250000 -0.38281250 -0.11181641 0.07031250 0.00408936 -0.00041962 0.33398438 0.13085938 0.08496094 -0.38476562 -0.33203125 0.05737305 0.00262451 0.00098419 -0.10205078 0.01757812 0.00009632 -0.02514648 -0.00909424 -0.00086594 -0.27929688 -0.35742188 -0.44140625 -0.14746094 0.02099609 -0.13574219 0.29296875 -0.00047874 -0.63281250 0.00022411 -0.00040436 0.17187500 -0.21386719 0.00024319 0.30273438 -0.48046875 -0.02807617 0.05395508 -0.27929688 0.10937500 -0.10009766 0.24316406 -0.42382812 -0.27148438 -0.02929688 -0.02819824 0.00059891 0.30664062 0.18066406 -0.00125885 0.00005436 0.06127930 -0.01239014 -0.19335938 0.14257812 -0.00043488 -0.02050781 -0.01574707 -0.12792969
-0.00018501 -0.34179688 -0.21093750 -0.01660156 0.04125977 -0.07714844 0.17480469 -0.39843750 -0.45898438 -0.31640625 0.03344727 0.00601196 -0.35742188 -0.34179688 0.26562500 -0.24218750 -0.12890625 0.04882812 0.00044060 -0.00817871 -0.63671875 -0.33984375 -0.00006032 0.00933838 -0.41015625 0.54687500 0.02062988 0.13476562 0.00007200 -0.24316406 0.16308594 -0.36132812 -0.06689453 0.00182343 -0.00062561 -0.44335938 -0.20605469 -0.00120544 0.00133514 -0.01794434 -0.00127411 0.04956055 0.00361633 0.19628906 0.05810547 -0.52734375 0.09277344 -0.45507812 -0.19335938 -0.15039062 0.00296021 0.04101562 -0.13671875 -0.07958984 0.11621094 0.14453125 -0.00080490 0.00885010 -0.16015625 0.19140625 0.22949219 -0.50781250 -0.01574707 0.02490234 0.16699219 -0.05761719 -0.24804688 -0.37890625 0.17675781 -0.00073624 -0.00125885 -0.02709961 0.00141144 -0.66406250 -0.76953125 0.12060547 0.00171661 -0.24414062 -0.09326172 -0.05126953 0.15722656 0.00142670 -0.00102234 -0.64453125 -0.47656250 -0.00149536 0.00027466 0.11718750 -0.61328125 -0.02746582 -0.31445312 0.44531250 -0.82031250 -0.13085938 -0.53515625 -0.23242188 0.01843262 -0.10546875 -0.39453125 -0.02770996 -0.56640625 -0.00891113 0.00053406 -0.28125000 0.29101562 -0.72265625 0.00096893 0.04199219 0.00145721 2.04687500 -0.45898438 -0.01208496 -0.32617188 0.02246094 0.05688477 -0.32812500 0.13574219 -0.07373047 -0.03173828 -0.47656250 -0.00022411 0.13476562 0.08203125 -0.08349609 0.08154297 0.43554688 0.07763672 -0.41992188 0.08740234 -0.20507812 0.01422119 0.10888672 0.00107574 -0.25390625 -0.24707031 -0.46484375 -0.62109375 0.00069427 -0.26171875 0.25000000 -0.04394531 0.00037766 0.03515625 0.00024796 0.00089264 -0.25195312 -0.60937500 0.06396484 -0.03100586 -0.41601562 -0.03955078 0.19824219 -0.42578125 -0.00087357 -0.04614258 -0.47460938 -0.07519531 -0.43750000 0.00087357 -0.27539062 -0.08154297 0.01104736 0.29101562 -0.50000000 -0.28710938 -0.18457031 -0.04589844 0.00166321 -0.09228516 -0.13867188 0.03930664 0.00061417 0.41406250 -0.45703125 -0.81640625 -0.47851562 -0.31054688 0.15625000 0.31835938 1.12500000 -0.47460938 -0.32031250 -0.75781250 -0.33398438 -0.05346680 0.40429688 0.23242188 -0.10791016 0.04663086 0.00006676 0.05151367 0.00175476 0.05322266 0.00102234 0.08105469 -0.00077438 0.26171875 -0.55468750 -0.36523438 0.04956055 0.00793457 -0.06738281 0.00070953 0.04443359 -0.29101562 0.00946045 -0.08593750 -0.43945312 0.13574219 -0.00329590 0.00056076 -0.55468750 -0.00173950 0.00096893 -0.28710938 -0.09179688 0.00031853 -0.07031250 -0.19726562 -0.05859375 0.12500000 -0.08544922 -0.36914062 0.44335938 -0.00099182 -0.30078125 -0.00083160 0.00035858 0.26757812 0.05249023 0.00018787 -0.07128906 -0.12011719 -0.29296875 -0.07324219 -0.00080109 0.05712891 0.05249023 -0.01672363 -0.09033203 -0.35351562 -0.26367188 0.27343750 0.00133514 0.08642578 0.00457764 0.00111389 0.00021839 0.00265503 0.02075195 0.02294922 0.00247192 0.00152588 0.19238281 0.06347656 -0.12792969
-0.00061417 0.00085449 -0.00041389 0.00071335 0.00040054 -0.00164795 0.00070572 0.00116730 0.00063705 -0.00007391 -0.00082779 -0.00033379 0.00011492 0.00067520 0.00117493 -0.00008011 0.00009298 -0.00014877 0.00093079 -0.00006294 -0.00102997 -0.00043297 -0.00135040 0.00081635 -0.00177765 0.00060272 0.00048637 -0.00160217 -0.00038910 0.00061798 -0.00053024 -0.00030327 -0.00178528 0.00043488 -0.00069046 -0.00122070 -0.00072861 -0.00172424 0.00021935 -0.00115967 0.00101471 0.00095367 -0.00128937 -0.00068283 0.00083923 -0.00001389 -0.00136566 0.00009108 -0.00026703 0.00089645 0.00082016 -0.00139618 0.00051880 0.00069809 -0.00056076 -0.00097656 -0.00021362 -0.00029182 -0.00015259 0.00037575 -0.00097275 -0.00075531 0.00056839 -0.00174713 -0.00136566 -0.00074768 -0.00077438 -0.00007725 -0.00112915 -0.00158691 0.00015545 -0.00044250 -0.00074768 0.00013447 -0.00045776 0.00010443 0.00057220 0.00047874 -0.00000870 -0.00075531 -0.00030899 -0.00012875 -0.00039101 -0.00078201 -0.00177002 0.00045204 0.00100708 -0.00042915 -0.00049591 -0.00089645 0.00024986 -0.00171661 -0.00177765 0.00122070 -0.00048065 -0.00115204 -0.00155640 -0.00099945 -0.00034332 0.00022507 0.00039291 -0.00049210 0.00095367 -0.00017262 0.00098419 -0.00049210 -0.00078201 -0.00087357 -0.00076675 0.00005412 -0.00100708 0.00109100 -0.00105286 0.00090027 0.00057983 -0.00088882 0.00106812 -0.00136566 0.00070572 -0.00079346 -0.00088882 0.00023842 0.00065231 -0.00125122 -0.00124359 -0.00047112 0.00104523 0.00024796 0.00008774 -0.00102234 0.00055695 0.00003648 -0.00135803 0.00109100 -0.00043678 -0.00063324 -0.00174713 -0.00165558 -0.00093842 -0.00128937 0.00043869 -0.00111389 -0.00148773 -0.00106812 0.00071716 -0.00045776 0.00057983 0.00047302 0.00051117 -0.00177765 -0.00095749 0.00112915 -0.00046921 0.00028038 -0.00037766 -0.00025940 0.00028992 -0.00002849 -0.00092316 0.00003016 -0.00035477 -0.00053024 -0.00049210 0.00100708 -0.00179291 -0.00025177 0.00098419 -0.00051117 0.00091934 -0.00015926 -0.00100708 -0.00099182 -0.00099945 -0.00115204 0.00049973 -0.00023270 -0.00128937 0.00034332 0.00048065 0.00023079 -0.00000721 0.00065231 -0.00073242 0.00004840 0.00056839 -0.00064087 0.00040817 -0.00149536 -0.00117493 -0.00012112 0.00114441 -0.00051498 -0.00141907 -0.00158691 -0.00050735 -0.00092316 -0.00000177 0.00089264 -0.00003815 -0.00031853 -0.00030327 0.00106812 0.00017357 0.00003481 -0.00160217 -0.00116730 0.00047874 0.00029373 -0.00104523 -0.00070572 0.00108337 0.00035667 0.00117493 -0.00141907 -0.00053406 -0.00062180 0.00102234 0.00054169 0.00062180 -0.00053024 -0.00070190 -0.00090027 -0.00173187 -0.00041199 -0.00102234 -0.00098419 0.00114441 -0.00015736 -0.00128937 0.00002122 -0.00103760 0.00082016 0.00003195 -0.00177765 -0.00018406 0.00022316 0.00080490 0.00076294 -0.00145721 -0.00031281 -0.00144958 0.00100708 -0.00106812 0.00036430 -0.00180054 -0.00070953 0.00005889 0.00101471 0.00028801 0.00044632 0.00090027 -0.00111389 -0.00019360 -0.00016689 -0.00167847 -0.00094604
0.00084305 -0.05590820 -0.04296875 0.09472656 -0.11816406 0.02868652 -0.23437500 -0.01483154 -0.02905273 -0.13378906 -0.29296875 -0.34179688 -0.00442505 -0.05200195 -0.23828125 0.11914062 -0.17089844 0.40234375 -0.00062180 0.06445312 -0.04003906 -0.07910156 -0.00138092 -0.02648926 -0.01696777 -0.43164062 -0.18066406 0.08789062 0.00007200 0.25390625 0.16992188 -0.02221680 0.09130859 0.00150299 -0.00110626 0.06494141 0.10449219 0.00185394 0.00022125 0.09521484 -0.00030518 0.05932617 -0.01916504 0.07177734 0.09375000 0.14453125 0.12207031 -0.08203125 0.07470703 0.17578125 -0.05444336 -0.00024128 0.18066406 -0.12109375 -0.28515625 0.09228516 0.00096512 0.04150391 0.16015625 -0.14062500 0.03686523 0.05981445 0.04858398 0.11328125 0.23632812 0.05786133 0.09472656 -0.02160645 0.09033203 -0.00078583 -0.00057983 0.02722168 -0.00065994 -0.16796875 -0.11718750 0.26171875 -0.00061417 -0.01904297 0.06933594 -0.21582031 -0.24804688 -0.00017357 0.00017834 -0.06445312 0.00320435 0.00233459 0.00064468 -0.07177734 -0.01489258 -0.12304688 -0.28515625 0.18554688 0.17480469 0.05517578 -0.00222778 0.02001953 0.17480469 0.08496094 -0.10839844 0.50781250 -0.11523438 -0.01556396 0.00037003 0.02880859 0.03198242 -0.21093750 0.00036049 -0.23437500 0.00018787 -0.12402344 -0.20019531 0.01385498 -0.15917969 0.15625000 0.12695312 -0.05761719 -0.18750000 0.07812500 0.08496094 -0.15527344 -0.00115204 0.07666016 0.10400391 0.06640625 0.40234375 0.12207031 -0.00087357 0.07519531 -0.04052734 0.07128906 -0.28906250 -0.02685547 -0.00031471 -0.06396484 0.07324219 0.12792969 0.09326172 -0.00026131 0.20507812 -0.08544922 0.11230469 -0.00097656 -0.12890625 -0.00044250 -0.00042915 -0.13085938 -0.17089844 -0.36523438 -0.17382812 -0.02148438 -0.05981445 0.08056641 -0.02185059 0.00062180 0.02807617 -0.10205078 0.02416992 -0.07958984 -0.00104523 -0.17675781 -0.10986328 0.00248718 0.09912109 0.06542969 0.10986328 0.16015625 -0.10791016 -0.00098419 -0.00209045 -0.18066406 0.04589844 -0.00083923 -0.09130859 -0.02978516 0.06225586 -0.02648926 0.05712891 0.33593750 -0.34570312 0.00747681 -0.04052734 -0.11767578 0.02868652 0.21972656 0.01544189 0.20410156 0.04809570 0.10839844 0.35742188 0.00132751 0.10302734 0.00001341 0.06738281 -0.00009966 0.06396484 -0.00002718 -0.21289062 -0.00245667 0.25390625 0.00921631 0.02758789 -0.18554688 -0.00204468 -0.33203125 0.06591797 0.14062500 0.19824219 -0.00732422 0.09667969 0.00189209 0.00145721 -0.01928711 0.01879883 0.00088501 0.20800781 -0.00601196 0.00179291 0.00303650 0.08447266 0.27539062 0.00091553 -0.16796875 -0.02734375 0.19824219 0.00092316 0.24316406 0.00139618 -0.00064468 0.25390625 0.16015625 0.00248718 -0.16113281 0.18261719 -0.15722656 0.05810547 -0.31445312 0.11718750 0.02099609 0.07324219 0.14355469 0.17089844 -0.02429199 -0.00610352 0.00102234 -0.29296875 0.09228516 0.00005293 -0.00083923 -0.31445312 -0.09375000 0.05566406 0.15136719 0.00066376 0.08056641 -0.12255859 0.02258301
0.00148773 -0.12060547 0.04638672 0.10742188 -0.06152344 0.08300781 -0.39062500 -0.03369141 -0.08691406 -0.13378906 0.25781250 0.14160156 -0.05053711 -0.02368164 0.00350952 -0.07617188 0.07958984 -0.04077148 0.00185394 0.04638672 -0.04003906 -0.12695312 -0.00145721 0.24707031 -0.05346680 -0.01153564 -0.13183594 0.02697754 0.00019264 0.19726562 -0.47070312 -0.11914062 0.21386719 -0.00089645 0.00129700 0.10400391 0.04418945 -0.00033379 -0.00090408 0.10693359 0.00117493 -0.12988281 0.02966309 -0.04785156 0.03662109 0.24023438 0.09423828 -0.13476562 0.17089844 0.26171875 0.06347656 -0.09570312 0.30078125 -0.14648438 -0.45507812 0.04199219 0.00180054 0.03039551 0.34960938 -0.05419922 -0.08984375 0.15234375 -0.09179688 0.04125977 -0.75390625 -0.05639648 0.18457031 -0.08154297 -0.31640625 -0.00118256 0.00095367 0.09863281 0.00016499 -0.03515625 -0.09716797 0.28125000 0.00142670 -0.13964844 0.10351562 -0.29492188 -0.33203125 0.00263977 0.00090790 -0.16699219 -0.01562500 -0.00144196 -0.00023079 -0.02502441 -0.09765625 -0.00534058 -0.03088379 0.30468750 0.14160156 0.15625000 0.19042969 0.00848389 0.23046875 0.26953125 -0.26367188 -0.61328125 -0.06030273 0.12988281 0.00044632 -0.16601562 0.09667969 -0.05175781 0.00130463 -0.26562500 -0.00021076 0.10253906 -0.17675781 -0.05834961 -0.11621094 0.21093750 -0.00555420 -0.02880859 -0.14062500 0.11083984 0.14843750 -0.10400391 -0.00056839 0.02404785 0.05493164 0.12207031 0.49609375 -0.28710938 0.19628906 0.20800781 0.09960938 -0.03613281 -0.28710938 -0.04907227 0.00001091 -0.07714844 -0.05493164 0.36132812 0.15527344 -0.00077057 0.28125000 -0.20117188 -0.03613281 0.00122070 -0.10693359 -0.00065994 0.00063324 -0.08886719 0.35937500 0.00653076 -0.12158203 -0.06591797 -0.14453125 0.14648438 -0.08154297 -0.00199890 0.09228516 -0.02722168 0.03442383 -0.12500000 -0.00038147 -0.16601562 -0.16503906 -0.00329590 0.20605469 0.15625000 0.14941406 0.17382812 0.24609375 -0.00063324 -0.16113281 -0.25585938 -0.03955078 0.00143433 -0.01647949 -0.09716797 -0.05517578 -0.07421875 0.16210938 -0.15820312 -0.65625000 0.08203125 -0.12255859 -0.01892090 -0.08056641 0.31640625 -0.03271484 0.07714844 -0.01177979 0.41015625 0.45312500 0.00182343 -0.18847656 -0.00044441 -0.03588867 0.00177765 0.03442383 0.00141907 -0.45898438 0.12500000 0.37695312 0.07421875 -0.02478027 -0.05737305 -0.00120544 -2.85937500 0.08056641 0.11669922 0.25976562 -0.11718750 -0.04638672 -0.00216675 -0.00035286 -0.10205078 -0.08203125 0.00081635 0.16308594 0.03906250 0.00021458 0.19335938 0.13476562 0.19726562 -0.21484375 -0.17480469 -0.18945312 0.30273438 -0.00053787 0.18457031 -0.00018024 -0.00122070 0.31835938 0.07812500 0.00005484 -0.24902344 0.28320312 -0.14648438 0.19628906 -0.14257812 0.06933594 0.04516602 -0.01116943 0.25781250 0.20898438 -0.09423828 -0.13281250 -0.00044823 -0.51562500 0.02526855 0.00064850 -0.00029564 -0.01379395 -0.01892090 -0.00354004 -0.14453125 -0.00024128 -0.02111816 -0.06445312 0.12304688
-0.00051880 -0.03393555 0.14453125 0.02478027 -0.11914062 -0.07861328 0.15332031 -0.03076172 -0.08886719 0.50000000 -0.23242188 0.08007812 0.04077148 -0.02453613 0.53906250 0.14550781 0.16796875 -0.45898438 0.00112152 0.01647949 -0.07617188 0.05664062 -0.00041199 0.03393555 -0.04296875 -0.00982666 -0.02331543 -0.05615234 -0.00150299 -0.27734375 -0.04687500 0.08007812 -0.07714844 -0.00072861 -0.00018597 0.06225586 0.48632812 0.00070953 -0.00054550 -0.04248047 0.00196838 -0.44531250 0.08154297 -0.01031494 -0.02868652 -0.27539062 -0.33593750 0.00631714 -0.05786133 -0.17675781 -0.09960938 0.01098633 0.34960938 -0.06591797 -0.00059128 -0.02685547 0.00049973 0.11865234 -0.37304688 0.15039062 -0.05834961 -0.12695312 0.17285156 -0.04150391 0.21582031 -0.05786133 0.02099609 0.20312500 -0.43945312 -0.00063705 0.00123596 -0.01599121 0.00007248 0.38671875 0.56640625 -0.49023438 0.00086594 -0.07470703 0.08740234 0.09130859 0.01098633 -0.00019550 0.00001538 0.53125000 0.04248047 -0.00207520 0.00103760 -0.06738281 -0.10937500 0.51953125 0.01599121 -0.21386719 -0.19335938 0.11083984 -0.06103516 -0.03857422 0.20214844 -0.56640625 0.45117188 -0.00680542 0.53906250 0.20214844 -0.00089264 0.41406250 -0.02734375 0.40625000 -0.00177002 0.01171875 0.00004888 0.27539062 0.89843750 -0.13378906 0.14648438 -0.09423828 -0.68750000 -0.04199219 0.38867188 -0.28515625 -0.04980469 -0.10839844 -0.00076294 0.00294495 -0.01342773 -0.08935547 -0.66015625 0.02307129 -0.12597656 -0.03247070 0.12890625 0.13476562 -0.02929688 -0.10253906 -0.00020504 0.20605469 0.17285156 -0.35742188 -0.26757812 -0.00021267 -0.16113281 0.03039551 0.06127930 0.00081635 -0.67578125 -0.00099945 -0.00067520 0.05175781 -0.09277344 0.56640625 0.14746094 0.00570679 0.01916504 -0.16601562 -0.03417969 -0.00147247 -0.26757812 0.05932617 0.04150391 0.06738281 0.00128174 0.81250000 0.30468750 0.19726562 0.73828125 -0.25976562 -0.33007812 -0.30664062 0.10058594 -0.00061798 -0.06445312 -0.10107422 -0.42968750 0.00148010 0.15234375 0.00046539 0.09375000 -0.10644531 -0.05932617 -0.25976562 -0.04272461 -0.27343750 -0.01684570 0.00430298 -0.11572266 -0.18261719 0.18164062 -0.16308594 -0.52734375 -0.21875000 -0.77343750 0.00111389 -0.24218750 0.00017166 0.07666016 0.00151825 -0.02075195 0.00061798 -0.01196289 -0.07666016 -0.54687500 -0.00946045 -0.03515625 0.38085938 -0.00140381 0.26171875 0.12402344 0.01123047 -0.13867188 -0.03149414 -0.07470703 0.00239563 0.00016689 -0.02917480 -0.02416992 0.00100708 -0.52343750 -0.19238281 -0.00053406 -0.02514648 -0.02563477 -0.01904297 0.45898438 -0.00292969 -0.03515625 -0.21386719 0.00075912 -0.22949219 0.00045967 -0.00008965 -0.46679688 0.22167969 0.00069809 0.26367188 -0.26953125 -0.01483154 -0.12988281 -0.02355957 -0.06787109 -0.33398438 -0.05664062 0.03808594 -0.26757812 0.02539062 0.10742188 -0.00093079 0.00610352 -0.06054688 -0.00161743 -0.00188446 -0.38281250 0.23339844 -0.18457031 -0.06054688 0.00032616 0.04882812 -0.31445312 -0.08105469
0.00201416 -0.06591797 -0.00582886 -0.02136230 0.13964844 0.03295898 -0.04858398 -0.05297852 -0.06689453 0.12500000 0.10498047 0.04125977 -0.10742188 -0.11572266 -0.03955078 0.13183594 -0.23535156 -0.22949219 0.00132751 0.17968750 -0.02099609 -0.02001953 0.00117493 -0.02441406 -0.04370117 0.10839844 -0.01531982 0.02441406 -0.00099945 0.12695312 0.09130859 -0.00778198 0.03393555 -0.00099945 -0.00059509 0.06298828 0.08691406 0.00048065 0.00103760 -0.09228516 0.00176239 -0.47265625 0.22656250 0.06494141 0.01831055 0.00248718 -0.08789062 -0.04833984 -0.04321289 -0.00573730 -0.03735352 -0.30078125 0.26757812 -0.08886719 -0.08642578 -0.02526855 -0.00020313 0.10791016 -0.01507568 0.31640625 -0.03662109 -0.04736328 0.06396484 0.01770020 0.03125000 -0.05859375 -0.01574707 0.05517578 -0.02734375 0.00016403 -0.00099182 0.03833008 -0.00119781 -0.00872803 0.10009766 0.11474609 0.00023842 -0.03369141 -0.01586914 0.02502441 -0.01965332 -0.00077820 0.00112152 0.11669922 -0.08398438 -0.00239563 0.00021267 -0.03295898 -0.03515625 -0.03955078 -0.06396484 0.03247070 -0.05273438 0.20800781 -0.04736328 -0.04492188 -0.33203125 -0.07226562 -0.04003906 0.12597656 0.09130859 0.08691406 0.00000525 0.01782227 0.00622559 -0.01281738 -0.00024414 -0.04248047 -0.00045967 0.24316406 0.03442383 -0.08691406 -0.04882812 -0.01458740 -0.10742188 -0.03588867 0.11328125 0.00454712 0.01385498 -0.01336670 0.00361633 0.01361084 0.03295898 0.00236511 0.12792969 0.06835938 -0.03247070 -0.06591797 0.10058594 0.10742188 0.00634766 -0.09570312 0.00176239 0.00221252 0.06030273 0.06542969 0.00228882 -0.00095367 -0.01086426 -0.13671875 -0.69531250 0.00138855 0.14355469 -0.00027466 -0.00081635 -0.07421875 0.03613281 -0.22949219 -0.08544922 -0.03881836 -0.00201416 0.18457031 -0.01220703 -0.00069809 -0.33007812 -0.04199219 0.00155640 -0.10205078 -0.00040627 0.11181641 0.05761719 -0.12890625 -0.05322266 0.04760742 -0.02343750 -0.00897217 -0.87890625 -0.00026894 0.08544922 -0.03955078 -0.05639648 -0.00122070 0.15234375 -0.19531250 -0.07958984 -0.06494141 0.00399780 -0.10595703 -0.05102539 -0.14257812 -0.03808594 0.05224609 -0.02575684 0.12304688 0.04589844 0.04638672 1.25000000 0.05859375 0.16992188 -0.00021839 0.33593750 -0.00008202 -0.11767578 0.00028992 0.02416992 -0.00080872 -0.05517578 0.01684570 0.03686523 -0.05371094 0.01434326 -0.36914062 -0.00093460 0.05761719 0.11816406 -0.02294922 -0.00860596 -0.09375000 0.02563477 -0.00224304 -0.00146484 -0.02087402 0.00179291 0.00186157 0.05273438 -0.01293945 -0.00105286 0.07714844 0.05786133 0.02124023 -0.20800781 -0.02722168 -0.00074768 0.01275635 0.00027466 0.12011719 0.00171661 0.00014782 0.16308594 0.15527344 0.00138092 -0.36523438 0.01165771 -0.02026367 -0.01892090 0.06103516 0.03149414 0.03417969 0.08642578 -0.03271484 0.05346680 -0.04492188 0.11474609 -0.00028992 -0.07910156 0.04052734 0.00051880 -0.00125885 0.21093750 -0.24218750 0.08007812 0.02526855 0.00167847 0.04809570 0.53125000 -0.03295898
-0.00056839 0.02526855 0.12451172 -0.06201172 0.09521484 0.02636719 -0.05151367 0.01000977 -0.01300049 0.16796875 0.11718750 -0.04248047 0.01623535 0.00711060 0.05834961 0.22656250 -0.13964844 -0.09082031 -0.00153351 0.17480469 0.10937500 0.04272461 -0.00131989 0.02124023 0.04174805 0.24414062 -0.21191406 -0.09765625 -0.00076675 0.19433594 -0.02136230 0.04956055 0.07617188 -0.00053024 -0.00081253 0.11230469 0.18945312 -0.00011587 -0.00052643 -0.09423828 0.00035286 -0.03613281 0.18847656 -0.01000977 -0.08154297 0.12207031 -0.02124023 0.03735352 0.08886719 0.10253906 0.03637695 0.03149414 -0.06445312 0.07421875 -0.11669922 -0.13964844 0.00138855 0.01940918 0.15234375 0.06591797 0.10009766 0.10449219 -0.09375000 -0.07373047 -0.20996094 0.05883789 0.08837891 0.11816406 -0.10156250 0.00084305 -0.00104523 0.03735352 -0.00023460 0.16406250 0.20117188 -0.07470703 0.00046349 0.01251221 0.12597656 0.07714844 -0.03393555 -0.00047874 -0.00003576 0.18261719 0.02587891 -0.00169373 0.00113678 -0.10253906 0.02990723 -0.02111816 0.07958984 -0.19238281 0.26562500 0.19531250 0.11035156 -0.07519531 0.07812500 0.16699219 0.28125000 -0.03979492 0.20703125 0.12060547 -0.00069427 0.17968750 -0.09277344 0.18066406 -0.00148010 -0.09326172 -0.00096893 0.00430298 0.22167969 -0.17773438 0.06396484 0.04833984 -0.01684570 0.02209473 0.07666016 0.05517578 0.08056641 0.10253906 -0.00165558 -0.06494141 -0.09375000 0.09326172 0.07373047 0.08300781 -0.08984375 0.13085938 0.14062500 0.24804688 -0.11230469 -0.09716797 -0.00030708 0.11865234 0.11718750 0.18457031 0.11376953 -0.00030899 0.17773438 -0.19921875 -0.05908203 0.00181580 0.07666016 0.00014496 0.00149536 0.11914062 0.12597656 0.09326172 0.18359375 0.03051758 0.03417969 0.04980469 -0.00104523 -0.00088882 -0.22460938 0.08740234 0.09960938 0.03417969 0.00072098 0.16796875 0.05541992 0.06445312 -0.16992188 0.24121094 0.10009766 0.07031250 0.12011719 -0.00076294 0.05981445 0.07910156 -0.13867188 -0.00131226 0.20898438 -0.00077057 0.13574219 0.03710938 -0.23437500 -0.16113281 -0.25000000 -0.11328125 0.01696777 0.09179688 -0.00711060 0.16601562 0.13964844 -0.14550781 -0.03979492 0.02233887 0.11669922 0.00069427 -0.01599121 0.00011683 0.00234985 -0.00021744 -0.07226562 0.00024033 -0.19531250 0.05322266 0.12353516 0.12792969 -0.02355957 -0.00903320 0.00125122 -0.36328125 0.18457031 -0.04418945 0.07568359 0.10302734 0.00402832 0.00193024 -0.00138092 0.03540039 -0.01379395 0.00251770 0.20507812 0.04321289 0.00071716 0.10058594 0.15039062 0.09326172 0.10742188 0.03955078 0.00393677 -0.17187500 -0.00040436 0.24121094 0.00183868 -0.00116730 -0.04321289 0.01257324 0.00039864 -0.19824219 0.12451172 0.05541992 0.04809570 0.16113281 -0.06884766 0.08984375 -0.00254822 0.11523438 0.18652344 0.01892090 -0.06176758 -0.00069427 -0.14355469 -0.07812500 -0.00010920 -0.00141907 0.13964844 -0.06250000 0.02038574 0.02294922 0.00109863 -0.02441406 -0.03271484 0.05981445
0.00002742 -0.00186157 0.00125122 0.00007677 -0.00090027 -0.00121307 -0.00061417 0.00012779 0.00055313 -0.00175476 -0.00140381 -0.00199890 0.00037193 0.00012207 -0.00049591 0.00028992 -0.00215149 -0.00107574 0.00036812 -0.00225830 -0.00097656 0.00096130 -0.00082016 -0.00127411 -0.00122833 -0.00132751 -0.00092316 -0.00149536 0.00062561 -0.00125122 -0.00224304 -0.00234985 -0.00193787 -0.00143433 -0.00005484 0.00007534 -0.00146484 -0.00044441 -0.00090790 -0.00141907 -0.00041008 -0.00163269 -0.00189209 -0.00205994 0.00008488 0.00109863 -0.00151062 -0.00218201 0.00002158 -0.00003862 -0.00073242 -0.00091934 -0.00173187 -0.00205994 0.00014687 -0.00171661 0.00013542 -0.00212097 0.00117493 -0.00109863 -0.00080872 -0.00161743 -0.00270081 -0.00019455 -0.00045776 0.00041008 -0.00148010 -0.00147247 -0.00031853 -0.00107574 0.00134277 -0.00144196 0.00001872 -0.00104523 -0.00056076 -0.00090027 -0.00085068 0.00091934 -0.00081253 0.00007582 0.00006008 0.00009346 0.00131989 -0.00124359 -0.00144196 0.00000307 0.00135040 -0.00201416 -0.00089264 0.00004411 -0.00072479 -0.00148773 0.00104523 0.00107574 0.00043678 -0.00000715 -0.00116730 -0.00250244 -0.00188446 -0.00103760 -0.00090790 -0.00219727 -0.00100708 0.00138855 -0.00028038 0.00073624 0.00069809 -0.00239563 0.00127411 -0.00046349 -0.00144196 -0.00267029 -0.00205994 0.00051880 -0.00250244 -0.00207520 0.00023365 -0.00095749 -0.00008059 -0.00082397 0.00141144 -0.00244141 0.00018787 -0.00241089 -0.00250244 0.00077057 -0.00263977 -0.00050354 -0.00196838 0.00141144 -0.00076294 -0.00118256 -0.00037003 -0.00033379 -0.00180817 0.00038338 -0.00157166 0.00015831 -0.00096893 -0.00254822 -0.00194550 0.00020790 -0.00164032 -0.00130463 0.00046349 -0.00091934 -0.00213623 -0.00248718 -0.00254822 0.00095367 -0.00031090 -0.00117493 -0.00180817 0.00050354 0.00007677 -0.00119781 0.00140381 -0.00092316 -0.00083542 -0.00119019 -0.00032997 -0.00034904 0.00149536 -0.00135040 -0.00224304 -0.00198364 0.00023365 0.00049591 -0.00025558 -0.00024986 -0.00189972 0.00051880 -0.00236511 -0.00009584 -0.00070572 -0.00030708 -0.00188446 -0.00048828 -0.00201416 -0.00072098 0.00064087 0.00020313 -0.00225830 -0.00026894 0.00028038 -0.00236511 -0.00008488 -0.00185394 -0.00002241 -0.00114441 -0.00268555 -0.00104523 -0.00112915 -0.00055313 -0.00205994 0.00008917 -0.00099182 -0.00021458 0.00079727 -0.00130463 -0.00005984 -0.00183105 0.00020885 -0.00091553 -0.00259399 -0.00273132 -0.00016499 -0.00097656 -0.00102997 -0.00056839 -0.00011349 0.00016689 -0.00171661 -0.00146484 -0.00173950 -0.00023365 0.00126648 -0.00142670 -0.00066376 0.00009727 -0.00007868 -0.00049591 -0.00178528 -0.00245667 -0.00141144 -0.00092316 0.00111389 0.00080872 -0.00005388 -0.00011301 0.00149536 -0.00154877 -0.00147247 -0.00233459 -0.00199890 -0.00084686 -0.00187683 -0.00112915 -0.00166321 -0.00205994 -0.00131226 -0.00257874 -0.00111389 -0.00137329 -0.00031853 -0.00227356 0.00047493 -0.00029182 -0.00245667 -0.00187683 0.00018501 -0.00193787 0.00102997 -0.00022030 -0.00081253 -0.00006771
-0.00003123 -0.78906250 0.07031250 -0.04736328 0.35156250 -0.04345703 0.08642578 -0.98437500 -1.07812500 -0.06445312 0.08251953 0.08886719 -0.29687500 -0.46093750 -0.16992188 0.06738281 0.03271484 0.04150391 0.00127411 0.01098633 0.00045204 -0.43945312 0.00103760 0.04736328 -0.62109375 0.07177734 0.04052734 0.09228516 -0.00036812 0.07275391 0.07421875 -0.71875000 0.05395508 -0.00073242 0.00089264 0.08300781 0.08349609 0.00070953 -0.00071335 -0.00976562 -0.00060654 0.05493164 0.08349609 0.16992188 -0.01757812 -0.02490234 0.09912109 -0.64453125 -0.00173187 0.09082031 0.03564453 0.09130859 0.08105469 0.02246094 0.05810547 0.25390625 -0.00099945 0.01611328 0.05151367 0.08544922 0.22167969 -0.00756836 0.05395508 0.02197266 0.00331116 0.05639648 -0.10791016 -0.07958984 0.29101562 -0.00024223 -0.00007820 -0.00738525 0.00049591 0.04663086 0.09179688 -0.05395508 -0.00046158 -0.67968750 0.06030273 0.12890625 0.03759766 -0.00037384 -0.00016975 0.08544922 -0.87109375 -0.00194550 -0.00138855 0.00946045 -1.12500000 0.06640625 0.11572266 0.33593750 -0.20214844 0.09667969 0.02343750 -0.62109375 0.01257324 0.09960938 0.00885010 -0.03393555 0.01513672 -0.02526855 0.00056076 -0.04882812 0.11083984 0.11816406 0.00113678 -0.03491211 0.00168610 -0.89453125 -0.00988770 -0.11132812 0.05029297 -0.05493164 -0.00173187 -0.72265625 0.10937500 0.09716797 0.04980469 -0.16015625 0.00138855 0.19824219 0.01806641 0.09375000 0.04174805 0.04785156 0.09228516 0.08056641 0.15625000 0.02001953 0.36132812 -0.05688477 -0.00018978 0.04248047 -0.04248047 0.05444336 0.15136719 -0.00085831 0.00769043 0.07568359 0.05834961 0.00002694 0.09375000 0.00003457 -0.00026131 0.16992188 0.93359375 0.05810547 -0.21191406 -0.59765625 0.02429199 0.11279297 -0.56250000 -0.00216675 -0.04052734 -0.20117188 0.06835938 -0.81250000 0.00145721 -0.04125977 0.13183594 0.02319336 -0.14257812 0.00701904 -0.14355469 -0.13085938 0.02111816 0.00179291 0.04638672 0.07812500 0.05908203 -0.00067139 0.11767578 -1.40625000 0.17089844 -0.68750000 -0.36523438 0.06689453 0.06250000 0.56250000 -0.94140625 0.04077148 0.40429688 0.12792969 0.09863281 0.11914062 0.11035156 -0.27343750 0.04248047 0.00177002 -0.03222656 0.00083542 0.03588867 -0.00072479 -0.00375366 0.00120544 0.02893066 -0.10156250 -0.11083984 -0.05249023 0.12792969 -0.00915527 -0.00138855 -0.09423828 0.17285156 -0.11132812 0.03808594 -0.06884766 -0.12011719 -0.00215149 0.00036430 -0.75000000 0.01074219 -0.00149536 0.02539062 0.02575684 0.00122833 0.01116943 0.11132812 0.00964355 0.09521484 0.08251953 -0.87109375 0.40429688 -0.00082016 0.07763672 0.00108337 0.00058365 0.14550781 0.02441406 -0.00033379 -0.21582031 0.10937500 0.03515625 -0.16406250 0.17578125 0.04736328 0.07714844 -0.02246094 0.02856445 0.02709961 -0.40039062 0.18359375 -0.00037956 0.04541016 0.09716797 0.00098419 -0.00279236 -0.03979492 0.06005859 0.16113281 -0.00408936 0.00107574 0.20312500 0.03198242 0.04345703
0.00093842 0.03979492 0.58203125 0.19824219 0.17480469 -0.45507812 0.10937500 -0.01214600 0.03955078 0.10839844 0.00952148 -0.07421875 0.02661133 0.00033951 -0.07763672 0.15527344 0.14062500 0.23828125 -0.00083160 -0.17578125 -0.09667969 -0.06982422 0.00006151 -0.25195312 -0.03735352 -0.43359375 0.04833984 0.03515625 -0.00135803 -0.00982666 -0.02355957 -0.01855469 0.31250000 -0.00054169 0.00042725 -0.31640625 -0.26757812 0.00091934 0.00020599 -0.06396484 0.00163269 0.42968750 -0.40429688 -0.04638672 0.07128906 -0.01733398 -0.09033203 0.00215149 0.68750000 -0.26367188 0.23046875 0.23242188 -0.11328125 -0.38671875 -0.09082031 0.12353516 -0.00082779 -0.10888672 -0.11425781 0.00341797 -0.06640625 0.14648438 -0.49804688 0.09228516 0.02307129 0.05688477 0.60546875 0.55468750 0.13671875 0.00112915 -0.00026131 0.47460938 -0.00070953 -0.35351562 -0.44921875 0.32226562 0.00008059 0.00537109 0.49804688 -0.14355469 0.12792969 -0.00031853 0.00115967 -0.37109375 0.03881836 -0.00303650 0.00040054 0.02246094 0.07275391 -0.52343750 0.11279297 0.16992188 -0.17285156 0.14941406 -0.36914062 -0.00726318 -0.01660156 0.20800781 -0.62109375 -0.14453125 -0.71875000 -0.47656250 0.00071716 -0.85937500 0.12597656 -0.26757812 -0.00011301 -0.02343750 0.00124359 -0.10498047 -0.80859375 0.13281250 -0.15039062 -0.43359375 0.28515625 0.02648926 -0.22656250 -0.61718750 0.28906250 -0.06738281 -0.00119019 0.00065613 0.08203125 0.60937500 0.42578125 0.15332031 -0.07666016 0.22070312 0.10351562 0.43750000 0.08447266 -0.02148438 0.00202942 -0.74218750 -0.90625000 0.36718750 0.11035156 0.00011826 0.54687500 0.16113281 0.04150391 0.00161743 0.20117188 0.00194550 0.00010395 -0.34570312 0.04492188 -0.09667969 -0.03417969 0.03759766 -0.12060547 0.12060547 -0.00314331 -0.00081253 0.17480469 -0.09082031 0.66015625 -0.01501465 -0.00104523 -0.68750000 -0.13964844 0.19921875 -0.28125000 0.63671875 -0.57421875 -0.69921875 -0.38671875 0.00148773 -0.10937500 -0.24218750 0.40429688 0.00000566 -0.22851562 -0.07861328 -0.09228516 0.01531982 -0.00970459 0.22949219 0.17675781 0.39648438 0.00005388 -0.10400391 0.00891113 0.06689453 0.14453125 0.10888672 -0.04614258 0.13867188 0.53906250 0.00201416 -0.02575684 0.00122070 -0.11083984 0.00175476 0.05395508 0.00029755 0.03906250 0.02038574 0.21679688 0.07617188 0.00527954 -0.27148438 -0.00225830 0.03515625 0.22753906 0.04248047 0.32421875 -0.05004883 0.13281250 0.00338745 0.00110626 0.04443359 -0.00872803 0.00062180 0.22949219 -0.51953125 0.00115967 -0.76562500 -0.62890625 -0.13476562 -0.19726562 -0.07958984 -0.01470947 0.13671875 0.00189209 -0.04809570 -0.00067139 0.00017452 0.16894531 -0.35351562 -0.00094986 0.07666016 -0.41406250 -0.10351562 0.53906250 -0.37304688 0.11230469 0.49804688 0.17773438 -0.19238281 0.76171875 0.02246094 -0.03637695 0.00012589 0.05859375 0.08349609 -0.00102997 -0.00054932 -0.02453613 -0.39453125 -0.89453125 -0.07373047 0.00003576 -0.03125000 -0.00127411 0.60937500
0.00004005 0.04833984 0.02062988 -0.18261719 0.07226562 -0.09667969 0.25000000 0.02136230 0.02917480 0.24218750 0.07617188 -0.22851562 0.05517578 -0.05371094 0.09912109 -0.03540039 -0.08642578 -0.07763672 0.00126648 0.14648438 -0.16796875 0.04272461 0.00100708 0.49804688 -0.03271484 -0.08544922 0.29492188 0.15820312 -0.00079727 -0.53906250 -0.07128906 -0.01208496 -0.16601562 -0.00053024 0.00109863 -0.27929688 0.15917969 -0.00147247 -0.00048065 -0.25781250 0.00052643 0.08496094 0.28710938 -0.01220703 -0.02319336 -0.83984375 -0.91406250 -0.10400391 -0.19238281 -0.39843750 -0.29101562 0.00885010 -1.24218750 0.02673340 0.13867188 -0.01043701 0.00140381 -0.03735352 -0.65234375 -0.33593750 -0.02539062 -0.34179688 0.11376953 0.03881836 -0.14648438 -0.05737305 -0.14941406 0.11572266 -0.44726562 -0.00012589 0.00160980 -0.12988281 -0.00002658 0.31250000 0.43164062 -0.40820312 -0.00103760 -0.01794434 -0.36718750 0.16992188 0.13769531 0.00154877 0.00103760 0.56640625 0.04199219 -0.00285339 0.00015068 -0.00317383 -0.04809570 0.20507812 0.35351562 0.08105469 -0.23437500 -0.17675781 -0.47460938 -0.07812500 0.54687500 -0.24121094 0.62890625 -0.50000000 0.53515625 -0.39843750 -0.00073624 -0.09033203 -0.03491211 0.25195312 -0.00058365 0.29882812 0.00047493 0.06982422 0.48046875 -0.04248047 0.13085938 -0.66015625 -0.03417969 0.07763672 0.23046875 -0.20507812 -0.19433594 -0.04956055 -0.00050735 -0.01708984 0.00964355 -0.17187500 -0.43750000 0.05151367 0.20312500 -0.44531250 0.07910156 0.20996094 0.18847656 -0.00720215 -0.00054932 0.08740234 0.19140625 -0.58593750 -0.28710938 -0.00037956 -0.60156250 0.10693359 -0.05639648 -0.00004935 -0.50000000 0.00086594 0.00128174 0.15136719 0.21093750 0.39257812 -0.19140625 0.00151062 0.04809570 0.30664062 0.05688477 -0.00215149 0.40429688 0.04882812 0.26953125 -0.03491211 0.00080490 0.54296875 0.29492188 0.08642578 0.45312500 -0.13281250 -0.28320312 -0.22656250 -0.10107422 0.00145721 0.35742188 0.08349609 -0.63671875 -0.00107574 0.14062500 0.05810547 -0.13085938 0.06054688 0.05541992 -0.31054688 0.34375000 -0.27734375 -0.02062988 -0.10009766 -0.22851562 -0.74609375 -0.28515625 -0.08203125 0.12060547 -0.22363281 -0.41210938 -0.00031281 0.02551270 0.00165558 -0.53125000 0.00071716 -0.04882812 0.00043488 0.30273438 -0.42773438 -0.77734375 0.36914062 0.01220703 -0.16503906 0.00010300 0.54296875 0.09326172 -0.00915527 -0.40820312 -0.05541992 -0.28515625 -0.00027275 0.00112915 0.05297852 0.06542969 -0.00036430 -0.37695312 -0.00503540 0.00010347 -0.34960938 -0.35937500 -0.53906250 -0.33789062 0.14843750 0.04077148 0.10937500 0.00153351 -0.43554688 0.00144958 -0.00010395 -0.62500000 -0.69140625 -0.00141907 0.06591797 -0.54296875 0.12597656 -0.09960938 0.39257812 -0.01599121 -0.08886719 0.16308594 -0.62890625 -0.31445312 0.05688477 0.10595703 0.00011635 0.26171875 0.02746582 -0.00124359 -0.00184631 0.29492188 0.05273438 -0.08251953 -0.48632812 0.00067139 -0.01141357 0.21191406 -0.14453125
0.00137329 0.01428223 -0.12792969 0.42187500 -0.23535156 0.01489258 0.21777344 0.14062500 0.01684570 -0.08203125 -0.05541992 -0.02514648 -0.02050781 0.00292969 -0.35937500 -0.00564575 0.12500000 -0.12988281 0.00061035 -0.00309753 -0.26367188 -0.01104736 -0.00035286 -0.08984375 -0.17089844 -0.34570312 0.16308594 0.18652344 0.00130463 0.08398438 0.31054688 -0.06835938 -0.03857422 -0.00003600 0.00156403 -0.20996094 -0.48632812 -0.00082016 0.00116730 -0.01538086 -0.00079727 -0.14648438 -0.14550781 0.03466797 0.15429688 -0.23535156 -0.13769531 -0.01208496 -0.24707031 -0.18652344 0.25390625 0.00512695 -0.43554688 -0.12109375 0.23535156 0.18261719 -0.00098419 -0.05468750 -0.27343750 0.37890625 -0.09082031 -0.43554688 -0.29687500 0.23730469 0.44335938 0.05688477 -0.17578125 -0.40625000 0.27343750 0.00041008 -0.00144958 -0.07080078 0.00160217 -0.64062500 -0.62109375 0.82031250 0.00152588 -0.05053711 -0.14355469 -0.19238281 0.04492188 0.00103760 -0.00151062 -0.55859375 -0.01647949 -0.00314331 -0.00014877 0.05932617 -0.05371094 -0.29687500 0.02795410 0.09521484 -0.41796875 -0.55859375 -0.38476562 -0.00019741 0.22460938 -0.37890625 -0.34375000 -0.10449219 -0.41210938 -0.14257812 -0.00106049 -0.00109863 0.33789062 -0.74218750 -0.00018692 0.00430298 -0.00131226 -0.20507812 -0.57421875 0.24902344 -0.13769531 -0.04858398 -0.17382812 0.04125977 -0.78906250 0.02746582 -0.18261719 -0.09375000 0.00004983 0.06640625 0.26171875 -0.10937500 0.16210938 -0.08544922 -0.14550781 -0.43945312 -0.07568359 -0.09521484 0.17382812 0.36132812 -0.00082397 -0.03564453 -0.13378906 -0.15136719 -0.48046875 0.00107574 0.04028320 0.16992188 -0.03955078 -0.00037003 0.64843750 0.00090408 -0.00106049 -0.11181641 -0.18261719 0.07568359 -0.51953125 -0.06298828 -0.03039551 0.35937500 -0.06689453 -0.00104523 -0.14355469 -0.20507812 -0.20898438 -0.01879883 -0.00012684 -0.33398438 -0.38281250 -0.17578125 -0.11523438 -0.24902344 -0.02294922 -0.17285156 -0.24511719 0.00144958 0.24511719 -0.16503906 0.11328125 -0.00071335 -0.78906250 -0.01165771 -0.50781250 -0.08349609 0.25976562 0.12792969 0.18750000 0.71875000 0.00408936 -0.30468750 0.02929688 -0.25976562 -0.35156250 0.19335938 -0.12597656 -0.05615234 0.62109375 -0.00093460 -1.25000000 -0.00081253 0.24316406 0.00075531 0.20410156 0.00102234 0.17675781 -0.09765625 -0.05615234 0.19628906 0.07324219 0.13769531 0.00005102 -0.11718750 -0.31445312 0.19433594 -0.18359375 -0.19824219 0.28320312 -0.00314331 -0.00167084 -0.08984375 0.08642578 0.00151062 0.24902344 -0.08496094 0.00046349 -0.22460938 -0.21386719 -0.17871094 0.34960938 0.02746582 0.01806641 0.11376953 0.00009441 -0.30664062 0.00024796 0.00025558 0.07666016 -0.12890625 0.00031853 0.23437500 -0.37890625 -0.06250000 0.00952148 -0.67187500 0.16601562 0.00555420 -0.21093750 -0.29296875 -0.30078125 -0.01110840 0.04077148 0.00148010 0.14941406 0.23437500 -0.00155640 0.00201416 -0.27148438 -0.13964844 -0.31835938 -0.28710938 0.00019741 0.05053711 -0.09130859 -0.06982422
-0.00167084 -0.04736328 0.04589844 -0.13378906 -0.20214844 0.05908203 -0.26757812 -0.14160156 -0.04858398 0.08593750 -0.16308594 -0.21093750 -0.08398438 -0.11523438 -0.05834961 -0.00328064 -0.01538086 -0.00011730 0.00012302 -0.10009766 -0.02697754 -0.05029297 -0.00011969 0.13085938 -0.01196289 0.24902344 -0.06445312 0.23535156 -0.00015354 0.10107422 0.30859375 -0.06494141 -0.01556396 -0.00135803 -0.00052643 -0.10253906 0.00288391 0.00046349 0.00006914 0.48046875 -0.00079727 0.01586914 -0.00332642 0.04467773 -0.08251953 0.03833008 0.06835938 -0.05371094 0.13574219 0.00052643 0.01684570 -0.04150391 0.21191406 -0.10302734 -0.19042969 0.01696777 0.00067902 -0.00982666 0.02880859 0.06933594 0.06640625 0.04638672 -0.01879883 -0.04199219 -0.00570679 0.05566406 0.15039062 0.10400391 -0.00442505 -0.00169373 0.00117493 0.03808594 0.00022602 0.04516602 0.03149414 -0.26171875 0.00060272 -0.07373047 0.03662109 -0.06298828 -0.30078125 -0.00150299 -0.00085449 -0.02502441 -0.08154297 -0.00204468 0.00183105 0.19335938 -0.03442383 -0.09863281 -0.36914062 0.28125000 0.09423828 -0.01684570 -0.00714111 -0.06640625 -0.21386719 -0.08056641 0.03491211 0.05761719 -0.01019287 -0.34765625 0.00048256 -0.07177734 -0.65625000 0.08203125 0.00256348 0.00497437 -0.00112152 0.19921875 0.00976562 -0.11279297 -0.20410156 0.00653076 0.00515747 -0.04541016 0.11816406 0.00479126 -0.00634766 -0.21289062 -0.00032997 -0.03063965 0.02001953 0.02905273 -0.07128906 0.09716797 0.02600098 0.10107422 -0.42187500 -0.01562500 -0.30078125 -0.03881836 -0.00019646 -0.03540039 0.02172852 -0.10205078 0.14160156 -0.00034714 0.11523438 -0.23632812 0.01806641 -0.00112152 0.01672363 0.00007868 0.00121307 -0.29687500 -0.23144531 0.05468750 0.19238281 -0.11914062 -0.16992188 0.11035156 -0.09619141 -0.00186157 0.08935547 -0.13281250 -0.01153564 -0.05004883 -0.00101471 -0.00253296 -0.15332031 0.00509644 0.30664062 -0.04663086 0.12792969 0.06176758 0.07421875 0.00103760 -0.03930664 -0.20898438 0.12011719 0.00012779 0.26562500 0.00982666 -0.05932617 -0.08105469 0.19042969 0.12597656 -0.21386719 0.20312500 -0.04077148 -0.13476562 0.25000000 0.12255859 -0.42968750 0.24218750 0.03149414 0.00424194 -0.08007812 0.00033379 0.02575684 0.00082397 0.03295898 0.00090027 -0.04223633 -0.00060654 -0.31054688 0.00151825 0.01721191 -0.04394531 0.05175781 0.05126953 -0.00209045 -0.12109375 0.05786133 -0.10937500 0.05688477 -0.02185059 0.07031250 -0.00213623 0.00010920 -0.02880859 -0.03710938 -0.00073624 -0.08447266 0.03039551 -0.00131226 0.02539062 0.06494141 -0.00753784 0.02148438 -0.15429688 -0.16992188 0.32421875 0.00045395 0.02783203 0.00027084 0.00025749 0.04101562 0.05273438 0.00035095 -0.07763672 0.06347656 -0.20019531 0.07275391 0.17968750 0.00288391 0.03027344 -0.01550293 0.09277344 0.04907227 -0.08789062 0.00189972 -0.00148010 -0.17089844 -0.03857422 -0.00093842 -0.00026512 -0.07177734 0.04760742 -0.08300781 0.04003906 -0.00080490 0.01361084 0.00320435 0.09179688
0.00055313 -0.00030708 -0.00135803 -0.00065613 -0.00067139 0.00086975 -0.00029373 0.00060654 0.00006676 -0.00143433 -0.00042343 -0.00123596 -0.00125122 0.00013256 -0.00113678 -0.00028610 0.00036621 0.00028038 0.00090408 0.00003290 0.00095749 -0.00169373 0.00039673 0.00080872 -0.00100708 -0.00099945 0.00048065 -0.00106812 -0.00070190 0.00044441 -0.00082397 -0.00102997 0.00032997 -0.00042915 -0.00177765 0.00073242 0.00016403 0.00096893 -0.00059891 0.00109863 0.00046158 -0.00091171 -0.00052261 0.00058365 -0.00023651 0.00029945 -0.00190735 -0.00123596 0.00082779 0.00085831 -0.00097275 -0.00134277 -0.00066376 -0.00088501 0.00039291 -0.00105286 -0.00072098 -0.00023842 0.00094223 -0.00106049 -0.00013065 0.00070572 0.00034332 -0.00167847 0.00037766 0.00043488 -0.00064087 -0.00137329 0.00079346 0.00029182 0.00116730 -0.00165558 0.00119019 -0.00085068 -0.00059891 -0.00146484 -0.00141144 -0.00122070 0.00042152 -0.00061417 -0.00072861 -0.00024223 -0.00098419 -0.00086212 0.00068665 -0.00133514 0.00081253 -0.00002515 -0.00026321 -0.00120544 -0.00100708 -0.00103760 -0.00165558 -0.00051117 -0.00105286 -0.00096130 -0.00044632 0.00049210 0.00073242 -0.00155640 0.00072098 0.00017548 0.00116730 -0.00035477 0.00018311 -0.00047112 -0.00064468 -0.00148773 0.00046921 -0.00002038 0.00007153 -0.00019360 -0.00024796 -0.00167847 -0.00009346 0.00085068 0.00056458 0.00109863 0.00094986 -0.00089645 0.00062180 0.00039291 -0.00175476 -0.00112152 -0.00155640 -0.00023556 -0.00083160 -0.00071335 -0.00187683 0.00049591 -0.00108337 -0.00061798 -0.00131989 -0.00005245 0.00001431 0.00009918 -0.00014019 -0.00116730 0.00022793 0.00020695 0.00090790 -0.00165558 -0.00088882 -0.00043106 -0.00127411 0.00079346 -0.00038147 -0.00128937 -0.00035667 -0.00050354 0.00010920 0.00012207 -0.00036049 -0.00157928 0.00080490 -0.00195312 0.00040627 0.00040627 0.00104523 -0.00032616 0.00070953 -0.00130463 -0.00013447 -0.00050735 -0.00107574 0.00085831 -0.00080490 0.00062180 0.00059128 -0.00190735 -0.00065231 -0.00045586 0.00017834 -0.00042725 -0.00099945 -0.00121307 -0.00053024 0.00074768 0.00007057 0.00100708 -0.00059509 -0.00047302 -0.00180054 0.00092316 0.00016212 0.00085831 -0.00057602 0.00050735 -0.00083923 0.00037384 0.00003695 0.00116730 0.00048828 -0.00077820 0.00036812 0.00005722 -0.00037766 -0.00087357 0.00058746 0.00026894 0.00125122 0.00103760 -0.00076675 0.00058365 -0.00052643 -0.00136566 -0.00062943 0.00096130 0.00071716 -0.00025940 0.00104523 0.00133514 0.00097275 -0.00149536 -0.00157166 -0.00085831 -0.00080109 -0.00018787 -0.00159454 -0.00074005 -0.00107574 -0.00014782 -0.00171661 -0.00050354 -0.00144196 -0.00164795 0.00024223 0.00002050 -0.00006342 -0.00126648 -0.00022984 -0.00000823 -0.00060654 0.00039101 -0.00039864 0.00052643 -0.00126648 0.00029755 -0.00072479 0.00083923 -0.00151062 -0.00100708 -0.00032616 -0.00062943 0.00069809 -0.00062561 0.00065613 -0.00016117 -0.00141907 -0.00063705 0.00102997 -0.00118256 0.00108337 -0.00085068 -0.00079727 -0.00022221
-0.00112915 -0.00265503 -0.00251770 -0.00106049 -0.00128174 -0.00207520 -0.00308228 -0.00205994 -0.00031471 -0.00094223 -0.00268555 -0.00308228 -0.00174713 -0.00057602 -0.00183868 -0.00167084 -0.00270081 -0.00142670 0.00061417 -0.00357056 0.00019550 -0.00198364 -0.00007200 -0.00236511 -0.00084686 -0.00297546 -0.00210571 -0.00081635 0.00064468 -0.00075912 -0.00070190 -0.00222778 -0.00153351 0.00009775 -0.00166321 -0.00152588 -0.00142670 0.00108337 0.00122833 -0.00038910 0.00042534 -0.00321960 -0.00145721 -0.00117493 -0.00153351 -0.00257874 -0.00196838 -0.00250244 -0.00141907 -0.00105286 -0.00349426 -0.00279236 -0.00122833 -0.00321960 -0.00289917 -0.00056839 -0.00086212 -0.00210571 -0.00354004 -0.00178528 -0.00282288 -0.00147247 -0.00274658 -0.00050354 -0.00205994 0.00085449 -0.00245667 -0.00268555 -0.00247192 0.00141144 -0.00151825 -0.00248718 -0.00112915 -0.00065231 -0.00337219 -0.00048828 -0.00024796 -0.00273132 -0.00242615 -0.00125885 -0.00173187 -0.00138855 -0.00024986 -0.00162506 -0.00305176 -0.00113678 -0.00032425 -0.00040627 -0.00306702 -0.00099945 -0.00305176 -0.00088882 -0.00174713 -0.00251770 0.00177765 -0.00216675 -0.00265503 -0.00340271 -0.00358582 -0.00196838 -0.00144196 -0.00161743 -0.00095749 -0.00188446 -0.00279236 -0.00323486 -0.00122070 -0.00078964 -0.00138855 -0.00311279 -0.00059891 -0.00228882 -0.00213623 -0.00071716 -0.00199890 0.00119781 -0.00236511 -0.00192261 0.00042915 -0.00347900 -0.00090790 -0.00125885 -0.00085068 -0.00144196 -0.00222778 -0.00242615 -0.00257874 -0.00063324 -0.00326538 -0.00289917 -0.00236511 0.00056458 -0.00070953 -0.00165558 -0.00086975 -0.00077820 -0.00152588 -0.00003934 -0.00096130 -0.00340271 -0.00282288 -0.00018215 -0.00154114 0.00077820 -0.00092316 -0.00311279 -0.00072479 -0.00231934 -0.00135040 -0.00106049 -0.00085068 -0.00337219 -0.00164032 -0.00145721 -0.00331116 -0.00130463 -0.00173187 -0.00050354 0.00019836 -0.00279236 -0.00268555 -0.00227356 -0.00256348 -0.00077438 -0.00099945 -0.00221252 -0.00098419 -0.00129700 -0.00317383 -0.00158691 -0.00230408 -0.00146484 -0.00082016 -0.00219727 -0.00332642 -0.00219727 -0.00346375 -0.00060272 -0.00106812 -0.00106812 -0.00125885 -0.00289917 -0.00102234 -0.00084686 -0.00219727 -0.00247192 -0.00305176 -0.00326538 -0.00098419 -0.00152588 -0.00296021 -0.00014210 -0.00155640 -0.00043678 -0.00174713 -0.00115204 -0.00247192 -0.00131989 -0.00228882 -0.00172424 -0.00115967 -0.00099945 0.00122070 -0.00143433 -0.00181580 -0.00177002 -0.00308228 -0.00160217 -0.00318909 0.00075150 0.00135803 -0.00164032 -0.00350952 -0.00141907 -0.00156403 -0.00117493 -0.00080109 -0.00180817 -0.00268555 -0.00320435 -0.00180054 -0.00280762 -0.00146484 -0.00086212 0.00028229 -0.00122833 -0.00030327 -0.00007868 -0.00331116 -0.00133514 -0.00019455 -0.00209045 -0.00253296 -0.00254822 -0.00025940 -0.00283813 -0.00328064 -0.00150299 -0.00349426 -0.00285339 -0.00292969 -0.00218201 -0.00144958 0.00109100 -0.00254822 -0.00228882 0.00100708 0.00040245 -0.00154114 -0.00163269 -0.00096512 -0.00094604 0.00139618 -0.00104523 -0.00302124 -0.00259399
-0.00141907 -0.00109100 0.00067139 -0.00008535 -0.00135803 -0.00131989 -0.00075912 0.00041389 0.00053787 -0.00186157 -0.00022602 -0.00017166 -0.00148773 0.00114441 0.00027466 -0.00038338 -0.00109863 0.00088501 -0.00007248 0.00070572 -0.00112152 0.00097656 -0.00142670 0.00070953 -0.00193024 0.00024796 0.00025558 -0.00156403 0.00088882 0.00045586 -0.00102997 -0.00004935 -0.00024033 0.00027466 -0.00133514 -0.00182343 -0.00032234 0.00052643 -0.00092316 -0.00177765 -0.00160217 -0.00155640 -0.00123596 -0.00178528 0.00095367 0.00087738 -0.00083542 -0.00124359 -0.00008678 -0.00059509 -0.00117493 -0.00145721 -0.00119781 -0.00109100 -0.00057602 0.00020313 0.00047302 0.00101471 -0.00144196 -0.00171661 0.00028992 0.00025368 0.00004482 -0.00041580 -0.00005889 -0.00055695 -0.00052643 0.00085068 0.00056458 0.00066376 -0.00133514 -0.00055313 -0.00110626 0.00049591 0.00087738 0.00032616 0.00108337 0.00065994 0.00075912 0.00028801 0.00000811 -0.00144958 0.00109863 -0.00178528 -0.00170898 -0.00001729 -0.00083542 -0.00009489 -0.00105286 0.00034714 -0.00173187 0.00068283 0.00093079 -0.00152588 0.00011396 0.00097656 -0.00085831 -0.00011873 0.00038338 -0.00145721 -0.00085449 0.00100708 0.00108337 0.00003040 -0.00046730 -0.00050735 -0.00020504 -0.00074768 -0.00138855 0.00005317 0.00004601 0.00016022 -0.00083542 -0.00184631 0.00028038 -0.00098419 -0.00138855 0.00027275 0.00048637 0.00002766 0.00000207 -0.00180817 -0.00061417 0.00069809 0.00108337 -0.00183105 0.00041771 0.00032997 0.00019455 0.00078201 0.00043869 0.00014019 0.00013828 -0.00006485 -0.00182343 -0.00095749 -0.00183105 -0.00036812 -0.00043869 0.00006580 -0.00175476 0.00075531 0.00057220 -0.00109863 -0.00112152 -0.00113678 0.00007153 -0.00018597 -0.00052643 0.00006247 -0.00144958 -0.00033379 -0.00125122 -0.00020504 -0.00005579 0.00077438 -0.00176239 0.00004292 0.00023937 0.00086975 -0.00190735 -0.00067520 -0.00072098 -0.00043678 0.00071716 -0.00107574 0.00023651 -0.00091553 0.00004005 0.00036812 -0.00196838 0.00122070 -0.00096893 -0.00170135 -0.00059509 0.00110626 -0.00024414 -0.00145721 -0.00186920 -0.00171661 0.00094223 -0.00153351 -0.00167847 -0.00156403 -0.00170898 -0.00053406 0.00093460 -0.00057983 0.00075531 -0.00167847 -0.00107574 -0.00131989 0.00058365 0.00099945 0.00096130 -0.00043488 -0.00078201 0.00065613 -0.00029373 -0.00001538 0.00034332 -0.00125885 0.00103760 -0.00103760 -0.00147247 0.00090790 -0.00128174 -0.00146484 0.00040627 -0.00078201 0.00077438 -0.00097275 0.00018024 -0.00082016 -0.00162506 -0.00073624 -0.00099945 -0.00039101 -0.00154877 0.00037193 -0.00011301 -0.00097275 -0.00151062 -0.00115204 0.00099945 -0.00135803 -0.00133514 -0.00100708 0.00071716 -0.00139618 0.00112152 -0.00012207 -0.00195312 -0.00151062 -0.00009775 -0.00060272 -0.00023556 -0.00083923 0.00067139 -0.00144196 -0.00003076 0.00053024 -0.00122070 -0.00119781 0.00062943 0.00070190 -0.00162506 -0.00003839 -0.00033188 0.00013638 -0.00038910 -0.00125122 -0.00079346 -0.00185394 0.00047493 -0.00073242
-0.00173187 -0.17285156 -0.08886719 -0.02233887 0.00946045 -0.01208496 -0.10107422 -0.16113281 -0.20410156 0.00086975 0.04589844 -0.23828125 -0.11279297 -0.16601562 -0.06982422 0.29101562 -0.10742188 0.09228516 0.00022793 0.31250000 -0.00637817 -0.17382812 0.00043869 -0.06738281 -0.13085938 0.24023438 -0.09277344 0.05981445 -0.00119781 0.22753906 0.03247070 -0.12695312 0.08105469 -0.00051880 0.00082397 0.06225586 0.20800781 0.00053787 0.00010490 -0.03686523 0.00040627 0.34375000 0.36718750 0.06347656 0.02392578 0.10400391 -0.12304688 -0.12011719 -0.07031250 0.10839844 -0.33007812 0.18554688 0.46484375 -0.10546875 -0.06542969 -0.00233459 -0.00135040 0.04956055 0.04492188 -0.13671875 0.17675781 0.09814453 -0.38085938 -0.01806641 0.12402344 0.05834961 -0.01556396 0.00592041 -0.08447266 0.00078583 -0.00081635 -0.02539062 0.00055695 0.00775146 0.11572266 -0.02783203 0.00056076 -0.19628906 0.09814453 -0.11621094 -0.15722656 -0.00062561 -0.00010824 0.12109375 -0.13964844 -0.00112915 0.00148773 -0.07275391 -0.19921875 -0.46289062 -0.02026367 0.14648438 0.07666016 0.22949219 0.10937500 -0.08349609 -0.09521484 0.17285156 -0.02795410 0.21386719 0.14648438 0.06445312 -0.00149536 0.05712891 0.00518799 0.01379395 -0.00325012 -0.08935547 0.00011683 0.41992188 0.02453613 -0.10791016 -0.12011719 0.13476562 -0.04077148 -0.13964844 -0.20019531 0.03710938 0.07861328 -0.08349609 -0.00141907 0.00387573 0.02258301 -0.05664062 0.20410156 0.11865234 -0.10205078 0.07080078 0.35546875 0.23339844 -0.06689453 0.18750000 0.00012589 -0.01196289 0.14746094 0.10839844 -0.08886719 0.00106049 0.09667969 -0.04541016 0.21679688 -0.00071716 0.04077148 0.00109100 0.00122070 -0.16113281 0.36718750 0.35937500 -0.11816406 -0.15234375 -0.08203125 0.25195312 -0.19824219 0.00001776 0.21972656 -0.07617188 -0.12988281 -0.16113281 0.00106049 0.08349609 0.01513672 0.00166321 -0.12304688 0.22851562 0.01379395 -0.00291443 0.36328125 0.00090027 0.17871094 -0.17578125 0.25976562 0.00118256 0.21875000 -0.10107422 -0.08349609 -0.21093750 -0.23828125 -0.11474609 -0.07421875 0.02636719 -0.17382812 -0.07763672 -0.11718750 0.16308594 0.06982422 0.10937500 -0.80468750 -0.04125977 0.24609375 -0.00120544 -0.31250000 -0.00062561 0.14062500 -0.00108337 -0.01086426 0.00067139 -0.07373047 -0.01367188 0.12060547 -0.09960938 0.00173950 0.26562500 0.00033188 -0.29101562 0.30664062 -0.01354980 0.03125000 -0.16601562 0.07714844 0.00233459 0.00133514 -0.16699219 0.00363159 0.00024986 0.25390625 0.03173828 0.00082397 0.03149414 0.12890625 0.12988281 0.22460938 -0.04907227 -0.18066406 0.17089844 -0.00165558 0.29882812 0.00103760 -0.00018501 0.24511719 0.11767578 0.00074768 -0.41992188 -0.06298828 -0.12695312 -0.05273438 -0.03369141 0.00653076 -0.35351562 -0.05932617 0.09521484 0.18066406 -0.10449219 0.03393555 -0.00109863 -0.08300781 -0.02697754 -0.00003934 -0.00122833 -0.25390625 0.19042969 0.10693359 0.03564453 -0.00029564 0.02221680 -0.21191406 -0.05395508
0.00055313 -0.16113281 -0.01953125 -0.04052734 -0.20703125 -0.08544922 -0.09423828 -0.05395508 -0.26953125 -0.07470703 -0.00292969 0.02343750 -0.13476562 -0.14355469 0.01544189 -0.04467773 -0.04736328 -0.06396484 0.00188446 0.16699219 -0.09814453 -0.24121094 0.00115204 0.03491211 -0.14843750 0.20312500 -0.05932617 0.33789062 -0.00041962 0.07421875 -0.03173828 -0.10644531 0.00659180 -0.00000258 0.00103760 0.04687500 0.00976562 0.00112915 0.00015259 0.09082031 -0.00115204 0.03491211 0.02941895 0.24902344 0.14941406 0.07373047 0.02355957 -0.14941406 0.00411987 0.02136230 0.02783203 0.00039291 0.09960938 -0.06591797 -0.16113281 0.17968750 0.00085831 -0.01110840 -0.02368164 -0.01733398 0.12988281 -0.05883789 0.02087402 0.05322266 0.00136566 -0.05712891 -0.03833008 -0.08935547 -0.03710938 -0.00051117 0.00068283 -0.00242615 0.00142670 0.13574219 -0.06591797 0.14160156 -0.00010967 -0.31640625 0.06396484 -0.16210938 0.03808594 0.00236511 -0.00149536 -0.02856445 -0.04980469 -0.00016594 -0.00062180 0.24414062 -0.21484375 0.00361633 -0.08544922 -0.16601562 -0.14746094 0.07470703 0.11572266 -0.14550781 0.00866699 -0.15429688 0.29687500 -0.00279236 0.04077148 0.05883789 0.00020313 0.06884766 0.38671875 0.09082031 0.00230408 -0.07519531 0.00008202 -0.18359375 0.04809570 -0.11376953 0.07324219 0.01324463 -0.00174713 -0.04418945 0.01611328 0.04663086 -0.01904297 -0.03857422 -0.00156403 0.22167969 0.17773438 0.04077148 0.09179688 0.18652344 0.03857422 -0.03393555 -0.14355469 -0.05175781 -0.17187500 0.03112793 0.00026131 0.04565430 0.08837891 0.16601562 0.01177979 0.00177002 -0.02795410 -0.02526855 -0.02062988 0.00025749 0.01354980 0.00141907 0.00146484 -0.19042969 -0.10839844 -0.04394531 -0.55078125 -0.14941406 0.03173828 0.24804688 -0.12353516 0.00024414 0.04614258 0.00212097 0.06982422 -0.22070312 0.00065613 0.02355957 -0.01635742 -0.00485229 -0.01470947 0.01940918 -0.05957031 -0.07373047 0.07031250 -0.00037003 -0.05883789 -0.01733398 0.05053711 0.00083160 0.21484375 -0.23925781 0.03393555 -0.19824219 0.05444336 0.02880859 -0.21582031 -0.24707031 -0.30468750 -0.01928711 -0.13671875 -0.02966309 0.06005859 0.03247070 0.03295898 -0.16015625 0.00154114 0.00089264 0.02343750 0.00122070 0.03710938 -0.00093079 0.07275391 0.00128937 -0.32812500 -0.05078125 -0.07275391 0.01599121 0.26953125 0.02001953 -0.00056458 0.01116943 0.02099609 0.07568359 0.03833008 -0.07861328 -0.19433594 -0.00160217 -0.00040054 -0.13867188 -0.26953125 0.00041580 0.03979492 0.04614258 0.00148010 0.01281738 0.02758789 0.05834961 0.04345703 -0.06396484 -0.21679688 -0.11425781 -0.00079346 0.05151367 -0.00042725 0.00182343 -0.04809570 0.05444336 0.00162506 0.09619141 0.11669922 -0.02441406 -0.15039062 -0.05639648 0.20605469 0.01586914 0.04345703 0.07958984 -0.08447266 -0.12353516 -0.15820312 0.00027847 -0.09228516 0.03149414 -0.00150299 -0.00016212 0.06201172 0.02221680 -0.27148438 0.03930664 -0.00018978 0.21289062 0.03637695 -0.01373291
0.00166321 0.12792969 -0.02136230 0.17285156 0.08740234 0.04028320 0.05200195 0.08789062 0.11474609 0.02575684 -0.03295898 -0.02233887 0.19140625 0.15429688 -0.06225586 0.02990723 -0.03662109 -0.02526855 0.00031853 -0.05273438 0.09716797 0.07763672 0.00097656 0.04394531 0.06347656 -0.24023438 0.09130859 -0.00787354 0.00141907 0.02453613 0.00848389 0.09814453 -0.00084686 0.00017834 0.00000165 0.08837891 0.05517578 0.00101471 0.00054932 0.05151367 0.00179291 -0.07177734 -0.02966309 0.06079102 0.09130859 0.04980469 -0.03088379 0.07910156 0.00570679 0.07421875 -0.03833008 -0.02709961 -0.03271484 0.08007812 0.04125977 0.02331543 0.00150299 -0.01043701 0.01623535 -0.02880859 0.11328125 0.01049805 -0.01806641 0.08740234 -0.04077148 0.05859375 -0.01544189 -0.01635742 0.00671387 -0.00011015 0.00009632 0.00830078 -0.00125885 0.09228516 0.01916504 -0.04028320 -0.00034523 0.04321289 -0.01361084 0.10449219 0.09375000 -0.00074005 -0.00098419 0.00805664 0.13867188 -0.00126648 -0.00134277 0.12109375 0.10888672 -0.06298828 0.07275391 -0.08789062 -0.05273438 0.06201172 0.02197266 0.15527344 -0.05151367 -0.04785156 -0.00674438 -0.03881836 0.06787109 -0.01025391 -0.00014019 0.01733398 0.08398438 0.09082031 0.00081253 0.00460815 -0.00100708 0.16113281 0.05029297 -0.01672363 0.10839844 -0.03466797 -0.01635742 0.09472656 -0.06738281 0.04370117 0.02917480 0.13574219 0.00072098 0.12207031 0.10107422 -0.01696777 -0.01977539 -0.15625000 -0.03027344 0.05249023 0.03112793 0.03491211 0.02160645 -0.01245117 0.00064850 0.05664062 0.06542969 -0.00227356 0.04931641 -0.00066376 0.01025391 0.00280762 -0.02636719 0.00053406 -0.05566406 -0.00037766 -0.00030327 0.14941406 0.06640625 -0.02270508 -0.21386719 0.17968750 0.08837891 -0.23144531 0.13378906 -0.00047874 0.01904297 0.15429688 -0.00735474 0.12890625 -0.00017834 0.04956055 0.01043701 -0.01226807 -0.02258301 0.04833984 0.08007812 -0.00787354 -0.01037598 0.00144196 0.04174805 0.13769531 0.01611328 0.00015736 -0.12451172 0.13769531 0.06689453 0.16992188 0.19726562 -0.02978516 -0.08642578 0.19042969 0.05859375 0.08837891 0.11376953 0.04858398 0.00209045 0.00607300 -0.01068115 -0.04858398 0.02026367 -0.00005245 -0.00142670 -0.00078201 -0.02185059 0.00131226 0.08984375 -0.00034142 0.00436401 0.14746094 -0.03051758 -0.05200195 -0.01525879 -0.01953125 -0.00180054 0.06835938 0.01770020 0.15527344 0.00460815 0.12792969 -0.06127930 0.00131226 0.00141144 0.07666016 0.03442383 -0.00040817 0.00909424 0.02343750 0.00170898 0.04541016 0.06298828 -0.06396484 -0.04272461 0.05639648 0.16894531 -0.09765625 0.00056458 0.03515625 0.00048065 0.00111389 -0.07763672 -0.01611328 -0.00138855 -0.00482178 0.02758789 0.10986328 -0.06933594 -0.14453125 0.11767578 -0.02062988 0.00292969 -0.04492188 0.02490234 0.11914062 -0.01293945 0.00059509 0.02954102 0.11132812 0.00092697 -0.00112152 -0.04589844 -0.02185059 -0.04809570 0.00509644 -0.00115967 0.12353516 -0.00781250 0.00729370
-0.00046158 -0.00139618 0.00104523 -0.00154877 -0.00122833 -0.00174713 -0.00073242 0.00011206 -0.00173187 -0.00054932 0.00033760 -0.00024033 0.00106812 0.00019264 0.00105286 -0.00050354 -0.00050735 -0.00118256 0.00002694 0.00075531 -0.00067520 -0.00173950 -0.00119781 -0.00059509 -0.00099182 -0.00125885 -0.00123596 0.00001186 0.00093460 -0.00004435 -0.00000104 -0.00041199 -0.00107574 -0.00072098 -0.00044441 -0.00036049 0.00111389 -0.00144958 -0.00049591 -0.00118256 0.00116730 -0.00170898 0.00088501 -0.00151825 0.00035477 -0.00090790 -0.00151825 -0.00012064 -0.00026512 -0.00057602 0.00052261 -0.00018406 0.00119019 -0.00034332 0.00022602 -0.00016308 -0.00045586 -0.00012016 0.00050354 0.00082397 0.00062180 -0.00079346 0.00014114 -0.00163269 -0.00088882 0.00086975 -0.00012684 0.00034142 0.00042915 -0.00122833 -0.00075912 0.00074768 0.00090790 -0.00138092 -0.00154877 -0.00022697 0.00111389 0.00040817 -0.00071335 0.00087357 -0.00025177 0.00012875 -0.00022984 0.00016212 -0.00062561 0.00004292 -0.00098419 -0.00170898 0.00053787 0.00067520 -0.00081253 0.00099182 -0.00104523 -0.00138092 0.00067902 -0.00022507 -0.00140381 -0.00102997 -0.00125122 0.00072861 0.00104523 -0.00027657 -0.00131989 0.00022793 -0.00032616 -0.00014782 0.00042534 -0.00104523 -0.00112152 0.00106049 -0.00144958 -0.00163269 -0.00017262 0.00006390 0.00056839 0.00080490 -0.00086975 -0.00161743 -0.00059891 -0.00123596 -0.00054932 -0.00102997 -0.00069809 0.00067139 -0.00127411 -0.00143433 -0.00174713 -0.00122833 0.00070953 -0.00077820 0.00112915 -0.00064850 -0.00005126 -0.00166321 0.00111389 -0.00033760 0.00090790 0.00092316 0.00007915 0.00054932 0.00062943 0.00026512 -0.00141144 0.00053406 -0.00085831 0.00094604 -0.00058365 -0.00100708 0.00077438 -0.00183105 -0.00099182 0.00093079 0.00035286 -0.00062561 -0.00075912 0.00093079 0.00096130 0.00008297 0.00115204 -0.00156403 -0.00119019 -0.00130463 0.00075150 -0.00137329 -0.00117493 0.00000799 -0.00084305 0.00033951 -0.00100708 0.00057602 0.00060272 -0.00043106 0.00031853 -0.00028992 -0.00066757 0.00086594 -0.00070953 -0.00086212 -0.00156403 -0.00168610 0.00022221 0.00056839 -0.00048828 -0.00068665 0.00048828 0.00075912 -0.00034332 -0.00031471 -0.00128174 -0.00003529 -0.00106812 0.00096893 -0.00155640 0.00084686 -0.00122070 0.00033379 -0.00069427 -0.00157166 -0.00157166 -0.00103760 0.00044823 -0.00099945 0.00050354 -0.00170135 0.00090027 -0.00044823 -0.00129700 -0.00088501 0.00075531 0.00021362 0.00043106 0.00082016 -0.00065613 -0.00142670 0.00058746 0.00061417 -0.00168610 0.00014591 0.00031090 0.00094604 -0.00144958 -0.00026321 0.00041580 -0.00130463 -0.00035667 0.00082016 0.00099182 0.00100708 -0.00059128 0.00042725 -0.00102997 -0.00151825 -0.00139618 0.00111389 -0.00094986 -0.00072861 0.00052643 -0.00121307 -0.00161743 -0.00166321 -0.00111389 -0.00157928 0.00061417 0.00090408 -0.00131226 0.00050735 -0.00046730 -0.00174713 -0.00124359 -0.00033569 -0.00180817 -0.00154877 -0.00012493 0.00008583 0.00109100 -0.00022221
0.00129700 0.05517578 -0.08154297 0.06396484 0.11083984 0.03149414 0.06787109 0.11621094 -0.02331543 -0.24218750 0.05786133 -0.00509644 0.10595703 0.08496094 -0.12500000 0.08837891 0.01385498 0.02722168 0.00049210 0.08740234 0.04370117 0.04174805 0.00148010 0.03979492 0.02880859 0.15039062 -0.29687500 -0.17871094 0.00066757 0.03271484 -0.34179688 0.08349609 -0.04370117 0.00066376 -0.00037766 0.12255859 -0.01599121 0.00123596 -0.00080109 -0.26757812 -0.00047684 0.01019287 0.08496094 -0.02099609 0.03515625 0.10449219 0.01544189 0.04467773 0.08300781 0.07666016 -0.00005507 0.04882812 -0.15234375 0.00350952 -0.01806641 -0.12500000 -0.00070190 -0.01226807 0.09130859 -0.04833984 0.10888672 0.10400391 -0.02246094 -0.02038574 -0.03637695 0.05834961 0.01220703 0.14550781 -0.05297852 -0.00087357 0.00058746 0.04931641 -0.00061035 0.01965332 0.11767578 0.02148438 -0.00026131 -0.02392578 -0.13671875 0.08496094 0.08105469 0.00119019 -0.00082397 0.08642578 0.05834961 -0.00254822 0.00160217 -0.11279297 0.01965332 -0.01269531 0.05737305 -0.41210938 -0.41210938 0.00982666 -0.00350952 -0.01892090 0.00090790 0.03015137 -0.62109375 0.05664062 0.11474609 0.09423828 -0.00106049 0.12890625 0.14257812 0.02819824 -0.00186920 -0.00558472 0.00159454 0.02111816 -0.17089844 -0.14453125 0.05615234 -0.17187500 0.00097656 0.12060547 0.07519531 -0.03149414 0.05883789 0.10839844 0.00094604 -0.02929688 -0.05932617 -0.09082031 0.09960938 0.01831055 -0.06542969 0.07714844 0.07177734 0.13769531 -0.05957031 -0.04785156 0.00054169 -0.16894531 0.01684570 -0.14453125 0.05151367 -0.00037384 0.10449219 -0.10839844 0.02392578 0.00027657 0.01684570 0.00005054 -0.00073242 0.00256348 0.09228516 -0.00308228 -0.00958252 0.10742188 0.05078125 0.04077148 0.05297852 -0.00056076 0.02697754 0.08349609 -0.03637695 0.04223633 0.00080490 -0.06396484 -0.14355469 -0.05078125 -0.12597656 -0.00318909 0.06689453 0.05151367 0.05249023 -0.00083160 -0.02075195 0.10888672 0.01556396 -0.00030708 0.12597656 -0.09326172 0.13085938 0.09863281 0.10009766 0.00970459 -0.15039062 -0.02160645 -0.00744629 0.01025391 -0.01562500 -0.03759766 0.18066406 -0.44335938 0.01831055 -0.03271484 0.12500000 0.00109863 0.00180054 0.00009060 0.01379395 -0.00100708 0.02893066 -0.00082397 -0.18359375 0.10400391 0.12500000 0.02014160 -0.15625000 -0.04370117 -0.00096512 0.08349609 0.03515625 -0.16015625 -0.03100586 0.11425781 0.27929688 0.00213623 0.00128937 -0.00247192 0.08349609 -0.00008869 0.11523438 -0.02319336 0.00077057 0.08593750 -0.05200195 0.20410156 -0.01611328 0.05322266 0.07373047 -0.42382812 -0.00054169 0.19433594 0.00131226 0.00031662 0.01696777 0.11718750 0.00002325 -0.13867188 -0.05346680 0.01116943 0.01373291 0.02612305 -0.08300781 -0.00075912 0.00695801 0.20117188 0.10253906 0.04248047 0.03906250 0.00024033 -0.10253906 0.01599121 0.00057602 -0.00234985 0.04931641 -0.00350952 0.04077148 0.00659180 0.00079727 -0.00344849 0.00714111 0.02221680
-0.00000402 0.06250000 0.02575684 0.19335938 -0.03784180 -0.09912109 -0.16210938 0.06079102 0.05224609 -0.15234375 -0.28710938 -0.13964844 0.03491211 0.05224609 -0.13769531 0.13867188 -0.12451172 0.10253906 0.00089645 -0.04296875 -0.06689453 0.00708008 0.00141144 0.12207031 -0.03076172 -0.45507812 0.05981445 0.00436401 -0.00135040 0.15332031 0.11181641 0.05053711 0.10791016 0.00063705 0.00132751 0.06030273 0.02209473 0.00186157 0.00091171 0.08349609 0.00004745 0.01940918 -0.15820312 -0.00878906 0.06054688 0.19824219 0.32226562 0.03955078 0.00680542 0.21093750 -0.18554688 0.01080322 0.12353516 -0.15625000 -0.11816406 0.10595703 0.00059891 -0.04125977 0.23339844 -0.04516602 -0.07421875 0.17675781 0.13574219 0.10986328 0.21679688 0.05590820 0.06494141 -0.09521484 0.12988281 0.00106812 -0.00080872 0.04418945 0.00094604 -0.17285156 -0.18359375 0.24316406 0.00003576 0.05053711 0.13574219 -0.17675781 -0.12890625 0.00100708 0.00122070 -0.27148438 0.04174805 -0.00186157 0.00134277 0.09375000 0.02355957 0.29687500 -0.11669922 0.01721191 0.13281250 0.13378906 0.13281250 0.11572266 -0.05371094 -0.39648438 -0.05810547 -0.14257812 -0.19921875 0.39062500 -0.00093079 0.04931641 0.15429688 -0.21875000 0.00016689 -0.21191406 0.00181580 0.18359375 -0.29296875 0.09277344 -0.10449219 0.13378906 0.06542969 0.04492188 -0.19824219 -0.02197266 0.14746094 -0.04516602 -0.00119019 0.03015137 0.09667969 0.05932617 0.35351562 -0.12792969 0.09277344 0.10742188 -0.21386719 0.05444336 -0.11523438 -0.20703125 -0.00004649 -0.18945312 -0.19335938 0.28906250 0.01062012 0.00132751 0.19531250 -0.03686523 0.23437500 -0.00071716 -0.15429688 0.00186157 -0.00008154 -0.09033203 0.07617188 -0.22460938 -0.78906250 0.03491211 -0.03015137 0.13671875 0.01098633 0.00051880 -0.00811768 -0.02514648 0.01757812 0.08300781 0.00113678 -0.27539062 -0.18066406 -0.13574219 0.06127930 0.11474609 -0.05053711 -0.08496094 -0.08740234 0.00146484 -0.15234375 -0.13964844 0.22558594 -0.00022984 -0.26171875 0.06738281 -0.05932617 0.04174805 0.00939941 0.16210938 -0.20117188 0.26953125 -0.01843262 0.06396484 0.18261719 0.21484375 0.16894531 0.19531250 0.11376953 0.23925781 0.33007812 0.00152588 0.06127930 -0.00064850 0.12451172 0.00126648 0.13085938 -0.00078201 -0.13671875 -0.02209473 0.26367188 -0.01647949 0.01300049 0.01513672 -0.00189209 -0.33007812 0.01013184 0.08349609 0.21679688 0.01513672 0.20898438 0.00347900 -0.00058365 0.03930664 -0.01867676 0.00086594 0.19531250 -0.03540039 0.00170898 0.05371094 0.02673340 0.11279297 -0.08398438 -0.03686523 0.01708984 0.03149414 -0.00076675 0.16699219 0.00035667 -0.00131226 0.17187500 0.01660156 0.00107574 -0.03039551 0.21191406 -0.09912109 0.02246094 -0.55468750 0.09912109 -0.05834961 -0.08056641 0.12158203 0.13476562 -0.00570679 -0.00665283 0.00108337 -0.13281250 0.09960938 0.00016308 0.00025368 -0.09912109 -0.16210938 -0.04370117 0.29101562 -0.00053406 0.03222656 -0.19042969 0.05126953
0.00135040 0.04248047 0.03759766 0.06982422 0.02929688 0.04052734 -0.05273438 0.03491211 0.11621094 0.01574707 -0.07324219 0.02893066 0.02014160 0.06640625 0.13183594 -0.27343750 0.14941406 0.08496094 0.00098419 -0.20214844 0.06298828 0.02893066 0.00104523 -0.01086426 0.09033203 0.02685547 0.02233887 -0.03466797 0.00132751 -0.13867188 -0.15136719 0.02075195 -0.26953125 -0.00061035 -0.00115204 0.01708984 -0.08349609 0.00065994 0.00115967 0.15429688 -0.00035667 0.13476562 -0.18945312 -0.04101562 -0.08740234 0.03784180 0.61328125 0.10156250 0.06738281 -0.08935547 -0.39648438 -0.25390625 -0.34375000 0.10546875 -0.03112793 0.06835938 0.00134277 -0.27734375 0.23437500 -0.07910156 0.02062988 -0.02783203 -0.42578125 -0.02551270 -0.08496094 -0.05688477 -0.17285156 -0.19238281 0.21289062 0.00032997 -0.00117493 -0.12402344 0.00082397 0.01098633 -0.03393555 0.17675781 0.00144196 0.04028320 -0.20996094 -0.01794434 0.02856445 0.00198364 0.00098419 -0.25781250 0.07714844 -0.00173950 -0.00059891 -0.01696777 0.15625000 -0.18750000 0.13476562 0.05273438 0.01159668 -0.19824219 0.06347656 -0.01794434 0.22460938 -0.28906250 0.00476074 0.03564453 0.03930664 -0.10253906 0.00034904 -0.16601562 0.10742188 -0.11962891 -0.00004745 0.09619141 0.00138092 -0.08056641 -0.20214844 0.09130859 0.06689453 -0.00677490 0.16210938 0.07226562 -0.87109375 0.03637695 -0.18359375 0.07275391 -0.00017643 -0.00494385 -0.04882812 -0.01141357 -0.07226562 -0.28710938 0.01007080 -0.09179688 -0.16308594 -0.21777344 0.10546875 0.22070312 0.00104523 0.06347656 -0.17968750 0.00732422 0.10986328 -0.00025368 -0.13085938 -0.01367188 0.09521484 0.00173950 0.04492188 -0.00079727 -0.00090790 0.19628906 -0.03637695 0.23535156 0.09716797 -0.00564575 0.08691406 -0.12353516 0.13281250 -0.00061798 0.47460938 0.07617188 -0.12304688 0.05810547 -0.00100708 -0.14062500 -0.25000000 0.07177734 0.05249023 -0.17187500 0.08935547 0.10791016 0.18847656 0.00063705 0.01495361 0.07031250 0.09326172 -0.00091171 -0.21582031 -0.06494141 0.11035156 0.10107422 -0.05834961 -0.11328125 -0.02282715 0.04248047 0.07714844 0.06005859 0.02600098 0.06787109 -0.31054688 0.00064087 -0.82812500 0.09472656 -0.21777344 -0.00080872 0.07128906 0.00174713 0.18847656 0.00060654 -0.03710938 0.00047684 0.08740234 0.07177734 -0.04248047 0.14843750 0.01263428 0.67578125 -0.00181580 -0.03637695 -0.07763672 -0.02795410 0.01391602 0.03808594 -0.16601562 0.00141907 0.00042915 0.13574219 -0.05932617 0.00023746 -0.25781250 0.13964844 -0.00030708 -0.04125977 0.04467773 -0.05786133 0.27929688 0.01965332 0.04150391 0.05029297 0.00119019 -0.13574219 0.00003695 -0.00028992 -0.06542969 -0.20800781 0.00146484 0.04492188 0.13281250 -0.01892090 0.08984375 -0.25585938 -0.01806641 -0.14550781 -0.10546875 0.07324219 -0.13281250 0.00872803 -0.11669922 0.00007772 0.06689453 -0.02514648 -0.00020695 0.00055313 -0.54296875 -0.11669922 0.03271484 0.13378906 -0.00002885 -0.03588867 1.25000000 0.07373047
0.00000659 0.06054688 0.07177734 -0.01269531 -0.71484375 -0.09326172 -0.06738281 0.06445312 0.04418945 0.10400391 -0.00424194 0.03637695 0.04272461 0.06152344 -0.03930664 -0.06689453 -0.27539062 -0.01251221 0.00123596 0.25195312 0.08691406 0.11523438 -0.00108337 0.07128906 0.08837891 -0.01391602 0.02001953 0.18750000 0.00133514 0.18945312 0.14257812 0.04101562 0.04003906 -0.00074387 0.00059128 0.06884766 0.07226562 0.00137329 0.00054550 0.23339844 0.00159454 0.02246094 0.18750000 0.00034142 -0.07958984 -0.25781250 -0.03515625 0.08886719 -0.15820312 -0.03979492 -0.06298828 -0.00726318 -0.04760742 -0.00747681 -0.11376953 -0.09863281 -0.00018024 0.02453613 -0.13183594 0.04614258 -0.00436401 -0.09667969 -0.01428223 -0.05615234 -0.05249023 0.05834961 -0.22949219 -0.31640625 0.03613281 0.00020027 -0.00122070 0.09375000 -0.00098419 0.23828125 -0.37109375 0.24902344 0.00095367 0.00781250 0.07324219 -0.00277710 -0.07421875 -0.00085831 -0.00075150 -0.14257812 0.06591797 -0.00059509 0.00112152 0.26171875 0.09863281 -0.00631714 -0.09082031 0.07714844 0.30468750 0.14257812 -0.09765625 -0.11132812 -0.06494141 0.19042969 0.10595703 0.02233887 -0.23437500 -0.57031250 -0.00057602 -0.19921875 0.06787109 0.32226562 -0.00299072 -0.07910156 -0.00069809 0.00012875 0.13281250 0.16894531 -0.06884766 0.24414062 -0.02001953 0.08447266 -0.02954102 0.01477051 0.00552368 0.08886719 -0.00067520 -0.01287842 0.04174805 0.09179688 0.13476562 -0.03173828 -0.01684570 -0.03442383 -0.33984375 -0.12451172 0.11376953 0.02722168 0.00053024 0.16699219 -0.11230469 0.17675781 0.05273438 0.00098419 -0.01684570 -0.06835938 -0.03027344 0.00094223 -0.02795410 0.00135040 0.00148010 0.14550781 -0.05004883 -0.04614258 -0.17382812 0.01153564 0.10791016 0.33984375 0.07910156 0.00046158 0.02001953 0.10644531 0.02954102 0.16113281 0.00112152 0.12500000 0.09228516 -0.06396484 -0.08447266 0.24121094 -0.26953125 -0.27734375 -0.09326172 0.00062943 -0.03417969 0.10937500 0.02331543 -0.00005817 0.01092529 0.04589844 0.03063965 0.10937500 0.02221680 0.04101562 -0.03955078 0.03173828 0.05834961 0.19921875 0.04150391 -0.05004883 -0.51171875 0.03662109 -0.04321289 -0.05175781 0.25195312 -0.00086594 -0.03393555 -0.00095749 0.01147461 0.00053787 -0.03417969 0.00112152 -0.04370117 0.02734375 -0.16503906 -0.01977539 0.04956055 -0.01940918 -0.00225830 0.05297852 0.11474609 0.03686523 0.10009766 0.07714844 -0.46679688 0.00354004 0.00011396 0.09375000 -0.17871094 0.00154114 0.17089844 0.03906250 0.00143433 -0.17480469 -0.01110840 -0.09375000 -0.04028320 0.10156250 0.02429199 0.05053711 -0.00036430 -0.06054688 0.00109863 -0.00043297 0.11816406 0.01300049 -0.00042725 -0.08154297 0.14355469 0.04370117 -0.23242188 -0.03857422 0.00946045 0.00080109 -0.04321289 -0.12500000 -0.10351562 0.05200195 -0.16601562 -0.00037956 -0.19433594 -0.06298828 0.00034523 -0.00109100 -0.10791016 -0.03088379 -0.14550781 -0.09277344 -0.00086212 0.00915527 0.00714111 -0.07421875
0.00082397 0.11230469 0.03027344 0.15722656 -0.05859375 0.04516602 0.05786133 0.15820312 0.12695312 0.08056641 0.04248047 -0.01940918 0.20019531 0.17968750 -0.00421143 0.06127930 -0.03881836 0.04882812 -0.00095367 0.03564453 0.09667969 0.09814453 -0.00130463 0.08642578 0.10498047 -0.00717163 0.04150391 0.11279297 -0.00124359 0.05810547 0.02258301 0.12597656 0.04296875 -0.00172424 -0.00114441 0.07910156 0.07958984 0.00109100 0.00086975 0.04638672 0.00099945 0.03735352 0.03027344 0.16894531 0.13183594 0.05004883 0.04785156 0.09863281 0.04150391 0.06152344 0.01831055 0.02661133 0.03247070 0.06005859 0.03515625 0.06933594 -0.00147247 -0.01538086 0.06884766 -0.00842285 0.19628906 0.07275391 0.00903320 0.17089844 0.00512695 0.05590820 0.04541016 0.05517578 0.05444336 -0.00027084 0.00029373 0.02832031 -0.00121307 0.07177734 0.05883789 -0.04223633 0.00122070 0.08300781 0.03808594 0.11572266 0.06640625 0.00091171 -0.00022793 0.05078125 0.15917969 -0.00338745 -0.00096893 0.15429688 0.14453125 0.02246094 0.05932617 0.04614258 0.08251953 0.05712891 0.07714844 0.15136719 0.02014160 0.03369141 0.11474609 -0.09667969 0.07617188 0.02966309 0.00069046 0.07080078 0.09228516 0.07666016 -0.00352478 0.02539062 -0.00099182 0.14160156 0.06982422 -0.00793457 0.06054688 0.05297852 0.03857422 0.16015625 0.05712891 0.03442383 0.05712891 0.11083984 -0.00116730 0.19238281 0.16406250 0.04492188 0.02416992 0.01080322 0.01855469 0.05517578 0.04248047 0.07177734 0.01696777 0.01635742 -0.00141907 0.05517578 0.06347656 0.06933594 0.09375000 0.00083923 0.04980469 -0.03955078 0.02343750 0.00078201 -0.01055908 -0.00096130 0.00113678 0.08154297 0.08837891 0.06542969 -0.14550781 0.18652344 0.07666016 -0.01080322 0.16113281 -0.00014687 0.02185059 0.10791016 0.03540039 0.13281250 0.00111389 0.06298828 0.05371094 0.02416992 0.01477051 0.06445312 0.03247070 0.04980469 0.01043701 -0.00112915 0.04980469 0.11279297 0.05590820 -0.00004625 0.04125977 0.16113281 0.11474609 0.16894531 0.09472656 0.02038574 0.07666016 0.16796875 0.12060547 0.10302734 0.12451172 0.06884766 0.04028320 0.01489258 -0.04565430 0.04565430 0.02526855 -0.00048828 -0.01049805 -0.00003481 0.00576782 0.00022602 0.13281250 0.00098419 0.00193787 0.07373047 0.05175781 0.00515747 0.05810547 0.05419922 -0.00094604 -0.00793457 0.06005859 0.13183594 0.01031494 0.12451172 -0.04711914 0.00263977 0.00103760 0.10888672 0.06005859 0.00119019 0.05834961 0.02697754 -0.00082016 0.03564453 0.06689453 0.02233887 0.06835938 0.07080078 0.16601562 0.03295898 -0.00164032 0.09179688 0.00125885 -0.00120544 -0.00555420 0.00386047 0.00027847 -0.03063965 0.05078125 0.08593750 0.05590820 -0.02465820 0.15039062 0.02526855 0.04516602 0.03149414 0.06738281 0.13769531 0.05957031 0.00041580 0.06738281 0.15332031 -0.00066757 -0.00129700 0.00279236 0.04199219 0.01672363 0.00885010 0.00127411 0.19921875 -0.00127411 0.04150391
-0.00054932 0.04711914 0.40429688 -0.04248047 0.16113281 -0.36132812 0.23730469 0.03759766 0.00689697 0.33789062 0.10986328 0.25585938 0.07910156 -0.00677490 0.08398438 0.11474609 0.15234375 -0.34960938 0.00119781 -0.11767578 -0.10498047 -0.01336670 0.00045204 0.07470703 0.00370789 -0.11669922 0.03759766 -0.00433350 -0.00007868 -0.20703125 -0.03100586 0.03198242 0.20117188 0.00072098 0.00045204 -0.21875000 -0.07421875 -0.00099182 -0.00109100 -0.08740234 -0.00036621 -0.24023438 -0.36328125 -0.03637695 0.04248047 -0.18847656 -0.47265625 0.07177734 0.40625000 -0.29687500 -0.20898438 -0.46679688 -0.10058594 -0.17675781 -0.05346680 0.05859375 -0.00115204 -0.79687500 -0.46679688 0.09375000 -0.05297852 -0.06689453 -0.70703125 -0.02441406 -0.09863281 0.05688477 0.41406250 0.57031250 -0.03833008 -0.00152588 -0.00028610 0.17675781 -0.00143433 0.13085938 0.29492188 -0.03930664 0.00008583 -0.01940918 0.35937500 0.05908203 0.16308594 0.00107574 -0.00047112 0.40429688 0.02185059 -0.00183105 0.00046730 -0.00097275 0.03271484 0.25585938 0.15820312 0.06933594 0.03808594 0.05078125 -0.46093750 0.05664062 -0.09326172 -0.04370117 -0.07324219 0.46289062 0.08593750 -0.34960938 0.00047684 -0.40039062 0.11816406 0.20703125 -0.00154877 0.07275391 0.00083160 -0.12597656 0.12451172 0.03002930 0.14941406 -0.60546875 0.70312500 0.05371094 0.03564453 -0.44921875 0.13867188 -0.00152588 -0.00021458 0.00927734 -0.00109100 0.37890625 -0.36328125 -0.02661133 -0.03906250 -0.12500000 -0.07421875 0.42187500 0.15039062 -0.02209473 -0.00063705 -0.24609375 -0.38281250 -0.26562500 -0.14062500 0.00088120 0.18945312 0.11914062 -0.00218201 0.00056076 -0.04931641 -0.00057220 -0.00077820 -0.13964844 -0.02148438 -0.18652344 -0.08349609 -0.02636719 0.00891113 -0.08789062 -0.01916504 -0.00230408 0.01171875 -0.02136230 0.49414062 0.04663086 0.00098419 0.17285156 0.22851562 0.06250000 0.02856445 0.31445312 -0.48632812 -0.47656250 0.17382812 0.00012684 -0.05053711 -0.17578125 -0.17382812 0.00043106 -0.07031250 -0.06445312 0.00402832 0.01000977 -0.19140625 0.14355469 0.24902344 0.01165771 -0.01354980 -0.11279297 0.03662109 -0.34765625 0.25000000 -0.09814453 0.08544922 0.01171875 -0.36132812 0.00090408 0.10839844 0.00063705 -0.18066406 0.00012779 -0.04174805 0.00122070 0.10107422 -0.14648438 -0.41796875 -0.10595703 0.01220703 -0.09228516 -0.00152588 0.39648438 -0.10595703 -0.04858398 0.15429688 0.00109100 0.01544189 0.00184631 -0.00064850 0.01574707 0.03051758 -0.00121307 -0.16113281 -0.38867188 -0.00120544 -0.51562500 -0.54687500 -0.15820312 0.16210938 -0.17382812 0.02050781 0.01489258 0.00096130 -0.51171875 0.00066376 0.00110626 -0.21191406 -0.32226562 -0.00128174 0.31640625 -0.41210938 -0.01483154 0.27734375 0.03393555 0.00337219 0.23242188 -0.50781250 -0.22949219 0.12597656 0.01269531 -0.04736328 -0.00094604 0.10253906 0.00101471 -0.00089264 -0.00002193 0.11914062 0.39648438 -0.59765625 -0.06787109 0.00066376 -0.03100586 0.00145721 0.43945312
-0.00007296 0.03881836 0.08886719 0.05517578 -0.27148438 -0.03930664 -0.30859375 -0.03173828 -0.01330566 -0.00576782 0.20898438 0.36523438 -0.02026367 -0.05712891 0.25195312 -0.04663086 0.15722656 -0.09619141 0.00023174 -0.06689453 0.01129150 -0.02148438 0.00072479 0.60937500 -0.07177734 -0.07714844 -0.05175781 0.04370117 -0.00094223 0.05810547 -0.06933594 -0.00116730 0.16210938 0.00018883 0.00032425 0.10253906 -0.07470703 -0.00138855 -0.00119781 -0.20410156 0.00090790 0.00854492 -0.06347656 -0.02172852 -0.07666016 0.13183594 -0.01928711 0.04833984 0.11669922 0.08935547 0.02612305 0.06445312 0.18359375 -0.07128906 -0.33593750 -0.16894531 -0.00100708 -0.04248047 0.12011719 0.14648438 -0.26953125 0.12792969 0.08837891 -0.11376953 0.39062500 -0.05786133 0.12451172 0.03906250 -0.36132812 -0.00100708 0.00042915 0.09375000 -0.00070190 -0.02709961 0.12890625 0.22949219 0.00207520 0.07128906 0.19921875 -0.17773438 -0.26953125 0.00011826 0.00014305 0.05541992 0.02807617 -0.00091934 0.00000203 0.01373291 -0.00463867 -0.01312256 -0.02722168 -0.20019531 0.12304688 0.06787109 -0.00708008 -0.14453125 0.47460938 0.15039062 0.16210938 -0.12597656 0.05322266 0.29687500 0.00037956 0.10791016 -0.24023438 -0.05883789 0.00286865 -0.30859375 0.00105286 0.16699219 -0.08300781 -0.22949219 -0.08593750 0.25585938 0.01647949 -0.00303650 -0.38085938 0.21386719 0.16406250 -0.06542969 -0.00093842 -0.12109375 -0.02941895 0.16503906 0.31835938 0.06689453 0.09277344 0.13476562 -0.09619141 -0.03149414 -0.51562500 -0.03759766 0.00172424 -0.10253906 0.08056641 0.27539062 0.11035156 0.00050735 0.26562500 -0.23437500 -0.05957031 0.00108337 0.06933594 0.00091171 -0.00000769 0.01831055 0.22363281 -0.03613281 0.03015137 -0.01031494 -0.09619141 0.33789062 -0.01171875 -0.00000978 0.15917969 -0.12207031 0.11474609 -0.02453613 -0.00040436 -0.08935547 -0.48242188 -0.00218201 0.24121094 0.16113281 0.15039062 0.27148438 -0.00254822 0.00037384 -0.05249023 -0.02917480 -0.01269531 -0.00091934 -0.06835938 -0.15039062 -0.06542969 0.02331543 -0.10546875 -0.09228516 -0.75000000 0.07812500 -0.00396729 -0.11816406 -0.07763672 0.21777344 0.15820312 -0.21191406 0.07080078 -0.00744629 0.34179688 0.00104523 0.24609375 -0.00078964 0.00506592 0.00088501 -0.04467773 0.00020885 -0.62109375 -0.00225830 0.16699219 0.22851562 -0.08154297 0.07128906 -0.00236511 0.02539062 0.01092529 0.01239014 0.26171875 -0.00747681 -0.20800781 0.00175476 0.00075150 -0.04565430 -0.05078125 0.00038147 0.06298828 0.12158203 0.00097656 0.14843750 0.12109375 0.20019531 -0.03149414 -0.05004883 -0.11865234 -0.25585938 0.00077057 0.01660156 0.00144958 0.00126648 0.22167969 0.04833984 -0.00059128 0.01562500 0.35742188 0.00585938 -0.00054932 0.08398438 -0.00674438 0.07373047 0.01806641 0.18457031 0.08203125 0.03491211 -0.13281250 -0.00037575 -0.51562500 -0.11474609 0.00064468 0.00043488 -0.15332031 0.05468750 0.03881836 -0.20507812 -0.00113678 -0.07080078 -0.09570312 0.09228516
-0.00145721 -0.00125885 -0.00049210 -0.00294495 0.00002670 -0.00234985 -0.00303650 0.00008297 -0.00116730 -0.00112152 -0.00070572 -0.00288391 -0.00270081 -0.00074005 -0.00140381 -0.00213623 -0.00190735 -0.00030327 0.00111389 -0.00257874 -0.00067520 -0.00164032 -0.00115967 -0.00332642 -0.00155640 -0.00041389 -0.00282288 -0.00262451 -0.00078201 0.00039482 -0.00241089 -0.00195312 -0.00280762 -0.00081635 -0.00010109 -0.00160980 -0.00110626 0.00064850 0.00157928 -0.00064850 0.00141907 0.00036812 -0.00118256 -0.00145721 -0.00227356 -0.00299072 -0.00161743 0.00046921 -0.00191498 0.00001729 -0.00193787 -0.00239563 -0.00147247 -0.00112915 -0.00138855 0.00083160 -0.00141144 -0.00207520 -0.00050735 -0.00277710 -0.00156403 -0.00254822 -0.00254822 -0.00233459 -0.00140381 -0.00106049 -0.00134277 -0.00154114 -0.00074387 0.00126648 0.00096893 -0.00078583 0.00009871 -0.00230408 -0.00156403 -0.00207520 0.00014687 0.00002825 -0.00134277 -0.00129700 -0.00066376 0.00018787 0.00058746 -0.00015354 -0.00048447 -0.00044441 -0.00045586 -0.00014782 -0.00136566 -0.00231934 -0.00227356 -0.00300598 -0.00022697 -0.00238037 -0.00209045 -0.00076675 -0.00079346 0.00061035 -0.00221252 -0.00149536 -0.00005174 -0.00198364 0.00103760 -0.00260925 -0.00023556 -0.00155640 -0.00136566 -0.00315857 -0.00122070 -0.00170135 -0.00334167 -0.00188446 -0.00028801 -0.00006819 -0.00006676 -0.00303650 -0.00239563 -0.00065231 -0.00271606 -0.00168610 0.00134277 0.00098419 -0.00010538 -0.00125885 -0.00183105 -0.00126648 -0.00291443 -0.00157928 -0.00198364 -0.00040245 -0.00259399 -0.00137329 -0.00175476 -0.00207520 -0.00242615 -0.00046539 -0.00198364 0.00099945 -0.00016022 -0.00008869 -0.00093460 -0.00013161 -0.00014114 -0.00045586 -0.00103760 -0.00273132 -0.00119019 -0.00201416 -0.00231934 -0.00169373 -0.00063705 -0.00114441 -0.00057220 -0.00032806 -0.00180817 -0.00043106 -0.00136566 -0.00095367 0.00024605 -0.00177765 -0.00245667 -0.00231934 -0.00242615 0.00046349 -0.00196838 -0.00124359 -0.00174713 0.00045013 0.00019073 -0.00242615 -0.00082397 -0.00069046 -0.00122070 -0.00170898 -0.00263977 -0.00060654 -0.00154877 -0.00245667 -0.00056458 -0.00170135 -0.00123596 0.00016689 0.00001144 -0.00317383 -0.00254822 -0.00212097 -0.00162506 -0.00070572 -0.00120544 -0.00078201 -0.00259399 -0.00015640 -0.00199890 0.00001210 -0.00062180 -0.00059891 -0.00065994 -0.00072861 0.00045776 -0.00160217 -0.00107574 -0.00063705 0.00072861 -0.00149536 0.00069046 -0.00067520 -0.00300598 -0.00002730 -0.00259399 0.00048828 0.00067902 -0.00122833 -0.00291443 0.00100708 -0.00270081 0.00062180 -0.00082397 -0.00357056 -0.00228882 -0.00315857 -0.00168610 -0.00210571 -0.00292969 -0.00260925 -0.00036430 -0.00141144 -0.00015068 0.00002325 -0.00074387 -0.00300598 -0.00049210 -0.00302124 -0.00018406 -0.00078964 -0.00265503 -0.00076675 -0.00128174 0.00074005 0.00016880 -0.00215149 -0.00138855 -0.00222778 -0.00050354 -0.00157166 -0.00321960 -0.00224304 0.00034523 -0.00064850 -0.00174713 -0.00193787 -0.00163269 -0.00086975 -0.00046539 -0.00177002 -0.00071335 -0.00236511
0.00162506 0.02233887 -0.01513672 -0.06738281 0.04296875 -0.02551270 0.03637695 0.01092529 -0.06298828 0.18457031 0.06152344 0.11474609 -0.06005859 -0.00448608 -0.03588867 0.16406250 -0.13867188 -0.69140625 -0.00092316 0.18652344 -0.11083984 -0.08691406 0.00095749 -0.08886719 0.04418945 0.07568359 0.08203125 0.03271484 -0.00141907 0.12255859 0.10595703 -0.04711914 -0.12597656 0.00146484 0.00163269 0.02575684 0.15136719 0.00127411 0.00102997 -0.10546875 0.00081253 0.18359375 0.19433594 0.04467773 0.09033203 -0.02221680 0.05786133 -0.03295898 -0.07177734 0.04394531 0.00067139 0.02026367 0.25976562 -0.10888672 0.02209473 0.07080078 0.00007820 0.01416016 0.12207031 0.01129150 -0.10937500 0.01916504 0.08544922 0.02819824 0.13183594 -0.05810547 -0.03247070 0.09423828 -0.11816406 -0.00007200 0.00038719 -0.03735352 -0.00035095 0.02575684 0.18652344 -0.07177734 -0.00078964 0.03027344 0.09619141 0.08789062 -0.05566406 -0.00037956 -0.00157166 0.15039062 -0.06542969 -0.00215149 0.00011683 -0.03442383 -0.00598145 0.38085938 0.01184082 0.04931641 0.00704956 0.11718750 -0.02136230 -0.00317383 -0.31640625 -0.04248047 0.16894531 0.04101562 0.19238281 0.19824219 0.00063324 0.04809570 0.09960938 0.01409912 0.00260925 -0.01330566 0.00040817 0.21386719 0.09814453 -0.06542969 0.06494141 0.04736328 -0.29687500 0.02124023 0.11523438 -0.03198242 -0.02966309 -0.05249023 -0.00103760 0.04077148 0.01519775 -0.07177734 0.04418945 0.08496094 0.11523438 0.02648926 0.17578125 0.15234375 0.07373047 -0.10791016 0.00067520 0.09765625 0.04980469 -0.03247070 -0.04052734 0.00160217 0.01940918 0.08837891 0.01489258 0.00093842 -0.04370117 0.00108337 0.00062943 -0.03955078 0.09277344 -0.35937500 0.01916504 -0.06127930 0.05175781 0.06738281 -0.07910156 -0.00177765 -0.30078125 -0.09228516 0.00343323 -0.01818848 0.00143433 0.21582031 0.23535156 -0.64062500 -0.07617188 0.02331543 -0.03039551 0.00521851 -0.09960938 0.00180054 -0.21191406 -0.07910156 -0.28710938 -0.00048065 0.08593750 -0.04541016 -0.04931641 -0.04248047 -0.08056641 0.15429688 0.11328125 0.05322266 -0.03320312 0.04272461 -0.05981445 -0.03393555 0.03344727 0.07958984 0.19726562 -0.12500000 0.05078125 -0.00090027 -0.13476562 -0.00013256 0.51171875 -0.00058746 0.00294495 -0.00011683 0.12597656 -0.05761719 0.09570312 0.10546875 0.03320312 -1.17968750 -0.00013828 0.11279297 0.09814453 0.01599121 0.07031250 -0.08203125 0.07763672 -0.00017262 0.00096130 -0.10937500 0.08251953 -0.00062561 0.14062500 0.02941895 0.00022316 0.04467773 0.08105469 0.01177979 -0.32031250 -0.04028320 -0.03906250 0.08251953 0.00087357 0.02954102 0.00091934 0.00077057 0.06005859 0.20117188 0.00039482 -0.29296875 -0.02111816 -0.06738281 -0.02905273 0.12207031 0.02807617 0.08105469 0.12792969 0.01342773 0.04785156 -0.03808594 0.13378906 -0.00079346 0.07958984 0.03808594 -0.00053787 0.00096893 0.41796875 -0.08056641 -0.13867188 0.10498047 0.00117493 0.04663086 0.12792969 -0.06591797
-0.00073242 0.02185059 0.07275391 0.08544922 -0.02416992 -0.06347656 0.02221680 0.08593750 0.08593750 -0.03247070 0.02551270 0.03735352 0.12402344 0.11279297 -0.00982666 -0.03100586 0.07568359 -0.00527954 -0.00109100 -0.05810547 0.00145721 0.05810547 -0.00030708 -0.00897217 0.02978516 -0.04760742 0.00250244 0.06445312 0.00030136 -0.04296875 -0.03295898 0.05224609 -0.00836182 0.00141144 -0.00078583 -0.00531006 -0.01165771 0.00037956 0.00011015 -0.00396729 -0.00016212 0.02380371 -0.05786133 0.23339844 0.10839844 -0.03735352 -0.02087402 0.01226807 0.00741577 -0.04443359 0.00107574 -0.00982666 0.01159668 -0.01721191 0.07177734 0.15527344 0.00021839 -0.00805664 -0.05029297 0.00087357 0.17285156 -0.05419922 0.00382996 0.18261719 -0.01257324 0.05664062 0.01177979 -0.04541016 0.04833984 0.00083160 0.00178528 -0.00555420 -0.00112152 -0.01043701 -0.03784180 -0.04272461 0.00025558 0.02722168 -0.03955078 0.03063965 0.05786133 -0.00042534 -0.00129700 -0.05712891 0.10693359 -0.00046921 -0.00002646 0.10449219 0.09619141 0.01367188 0.03271484 0.08886719 0.02197266 -0.02685547 -0.00361633 0.16308594 -0.01391602 -0.07373047 -0.04980469 0.04882812 -0.04736328 -0.01525879 0.00008631 -0.04174805 -0.06054688 -0.00842285 0.00138092 0.07177734 0.00051498 0.04687500 -0.01300049 0.05078125 -0.03222656 -0.01043701 0.00885010 0.06884766 0.03515625 0.02905273 -0.02453613 -0.03466797 -0.00164032 0.25390625 0.22265625 -0.02014160 -0.01855469 -0.00133514 -0.02563477 -0.00427246 -0.03247070 -0.02917480 0.02880859 -0.00497437 -0.00033569 -0.02770996 -0.03515625 -0.09912109 0.00668335 0.00039291 -0.04711914 0.14941406 -0.00439453 -0.00036049 0.00515747 0.00045395 -0.00047302 -0.03710938 -0.05175781 0.01245117 -0.53125000 0.14160156 0.00988770 0.04736328 0.08398438 -0.00213623 -0.02856445 -0.01416016 -0.02648926 0.05249023 -0.00070572 -0.04296875 0.00805664 -0.01196289 -0.02404785 -0.02563477 0.02832031 -0.03759766 0.00399780 -0.00100708 -0.02160645 0.01361084 -0.03393555 0.00053024 -0.00909424 0.11962891 0.01623535 0.11230469 0.05493164 -0.00714111 0.02722168 0.10937500 0.07226562 -0.00717163 0.07617188 -0.02990723 -0.01074219 0.00891113 0.02062988 0.01324463 -0.05371094 0.00128937 -0.02832031 0.00196838 0.00063324 -0.00053406 0.11816406 -0.00088882 0.16699219 -0.03930664 -0.06030273 0.02612305 0.08886719 -0.00842285 -0.00230408 -0.00427246 -0.00897217 0.05957031 -0.00503540 0.02624512 -0.01953125 0.00216675 0.00045586 0.05395508 0.12792969 -0.00080109 -0.02856445 0.01129150 -0.00019550 -0.02001953 -0.01318359 0.01977539 0.01367188 -0.00793457 0.08007812 0.10937500 -0.00098419 -0.04907227 0.00010347 0.00038338 0.00094986 -0.04125977 -0.00061035 -0.01470947 0.01348877 0.01116943 -0.07617188 -0.10888672 0.19824219 0.01129150 -0.03686523 0.00555420 -0.03344727 0.04052734 0.08984375 -0.00016594 0.03784180 0.22167969 -0.00171661 -0.00245667 -0.02929688 -0.01611328 -0.04492188 0.01184082 -0.00090790 0.25781250 0.01892090 0.01519775
0.00179291 -0.00250244 0.33007812 0.14355469 0.09228516 -0.27539062 0.03979492 0.01049805 0.08398438 -0.01342773 -0.00698853 -0.05517578 0.05004883 0.05615234 -0.28320312 0.10839844 0.02441406 0.30468750 0.00156403 -0.17773438 -0.04418945 -0.06176758 0.00020123 -0.12695312 -0.05737305 -0.10986328 0.15429688 0.04492188 -0.00106812 0.29296875 -0.01013184 -0.05273438 0.20507812 -0.00018406 0.00056839 -0.30468750 -0.39648438 -0.00089645 -0.00134277 0.09423828 -0.00106049 -0.25390625 -0.22070312 -0.03930664 0.02148438 0.08007812 -0.18261719 0.02185059 0.49609375 -0.15820312 0.15625000 0.45117188 -0.03930664 -0.13964844 -0.05029297 0.12158203 -0.00019646 0.10302734 0.07958984 0.04785156 0.00370789 0.18359375 0.51562500 0.02795410 0.05859375 -0.05688477 0.47656250 0.32617188 0.08544922 0.00080109 -0.00092316 0.33789062 0.00095749 -0.44921875 -0.47070312 0.29882812 0.00057983 -0.02453613 0.29492188 -0.09716797 0.09521484 0.00033951 0.00086975 -0.51953125 -0.00466919 -0.00312805 0.00091934 0.05957031 0.01708984 -0.88671875 -0.12597656 0.14453125 0.09326172 0.14160156 -0.15625000 0.00671387 -0.12890625 0.02233887 -0.46484375 0.18652344 -0.64062500 -0.40039062 0.00083923 -0.70703125 -0.00133514 -0.37890625 -0.00006390 -0.00466919 -0.00079727 -0.17871094 -0.95312500 0.10839844 0.02587891 -0.28515625 -0.00787354 0.00616455 0.00375366 -0.21191406 0.19921875 -0.05004883 0.00017834 0.04931641 0.04028320 0.51953125 0.38867188 0.00515747 -0.08105469 0.24023438 0.15625000 0.24023438 -0.00421143 0.10888672 0.00171661 -0.52734375 -0.64062500 0.45703125 0.07910156 -0.00113678 0.41796875 0.09765625 -0.48437500 0.00017357 0.06347656 -0.00100708 -0.00027275 -0.16308594 0.12500000 -0.01049805 -0.06787109 -0.00358582 -0.07421875 -0.07763672 -0.00299072 -0.00187683 0.18750000 0.01770020 0.45507812 -0.03002930 0.00119019 -0.76171875 -0.27539062 -0.38671875 -0.34765625 0.60156250 -0.21386719 -0.23046875 0.16601562 0.00106812 -0.12890625 -0.11669922 0.06494141 -0.00091934 -0.41015625 0.04809570 -0.12695312 0.02343750 0.11181641 0.27929688 0.09716797 0.19238281 0.03857422 -0.12207031 -0.03564453 0.17578125 0.14062500 0.07666016 -0.32812500 0.00207520 0.65234375 -0.00031662 -0.25000000 0.00194550 -0.06054688 0.00096893 0.03613281 0.00056458 0.02038574 -0.09814453 0.41601562 -0.06787109 0.05395508 -0.01599121 -0.00191498 -0.20800781 0.26171875 0.06542969 0.23925781 0.01153564 0.04418945 0.00285339 0.00087738 0.02038574 -0.07714844 0.00005221 0.31640625 -0.26757812 0.00128174 -0.48828125 -0.36132812 -0.09619141 -0.08593750 -0.05688477 0.07031250 0.12158203 0.00037003 0.02600098 0.00019932 -0.00041008 0.19531250 -0.29492188 0.00091934 0.32031250 -0.00735474 -0.05175781 0.35937500 -0.28125000 0.03088379 -0.17675781 0.52734375 -0.17578125 0.64843750 0.02661133 -0.08642578 -0.00001180 -0.04248047 0.03662109 -0.00108337 0.00033760 -0.16113281 0.37500000 -0.55468750 -0.17773438 0.00124359 0.00610352 0.02307129 0.45703125
0.00044441 -0.00643921 0.01843262 0.08984375 0.05859375 -0.03417969 -0.00473022 0.08007812 0.13378906 0.11474609 -0.04150391 -0.01141357 0.17285156 0.15527344 0.02648926 0.03979492 -0.24023438 -0.02246094 0.00177765 -0.00595093 0.08496094 0.09326172 0.00146484 0.13574219 0.07128906 -0.24316406 0.02099609 0.06787109 -0.00106812 0.03320312 0.09472656 0.08740234 -0.01953125 -0.00086594 0.00138092 0.10205078 0.16406250 0.00014496 -0.00100708 0.04736328 0.00101471 -0.06225586 0.01513672 0.07958984 0.07324219 0.09716797 -0.03369141 -0.05346680 0.03735352 0.12451172 -0.01892090 -0.00775146 0.04052734 -0.00343323 -0.05151367 -0.02001953 0.00148010 0.02111816 0.06787109 0.02978516 0.09912109 -0.01013184 -0.00476074 0.07519531 0.02185059 0.05810547 0.02197266 0.09667969 -0.04150391 -0.00016975 -0.00096893 0.00964355 0.00054550 0.09277344 0.02893066 0.00527954 0.00035858 0.09130859 0.04858398 0.02343750 0.07958984 -0.00025177 0.00090790 -0.03442383 0.15527344 -0.00236511 0.00077057 0.09179688 0.10107422 -0.04345703 0.13964844 -0.15722656 0.07617188 0.14160156 0.10937500 0.14355469 0.00592041 0.02209473 0.18164062 0.10449219 0.13378906 0.07177734 -0.00030136 0.05444336 -0.51171875 0.18164062 -0.00014305 -0.04956055 0.00017929 0.20703125 0.12988281 0.03979492 0.16210938 0.01867676 -0.00793457 0.10302734 -0.08984375 -0.01892090 0.07861328 0.15039062 -0.00109100 0.11132812 0.09472656 -0.02062988 -0.03881836 -0.20800781 0.02062988 0.09472656 0.06738281 0.10888672 0.03857422 0.02307129 0.00036240 0.06933594 0.04394531 0.15625000 0.02526855 0.00107574 0.05590820 -0.09375000 -0.00595093 0.00028038 -0.02160645 -0.00003982 0.00128937 0.16601562 0.15039062 -0.03271484 0.05908203 0.16699219 0.09570312 -0.34375000 0.12597656 -0.00053024 0.01141357 0.13867188 0.08056641 0.00860596 0.00099182 0.13964844 0.08642578 -0.02062988 0.11230469 0.16699219 0.03564453 -0.02075195 0.00604248 0.00127411 0.09130859 0.12988281 0.04516602 0.00128937 -0.18554688 0.16503906 0.00256348 0.18847656 -0.33203125 0.03295898 -0.15039062 0.22363281 0.09277344 0.08642578 0.15917969 0.08105469 0.01086426 -0.06982422 -0.04272461 0.00393677 0.00860596 0.00112152 0.05371094 0.00066376 -0.01068115 0.00061798 0.04687500 0.00193787 -0.05834961 0.12695312 -0.03002930 -0.02429199 -0.00082779 -0.05590820 -0.00205994 -0.09082031 0.08154297 -0.12792969 -0.01428223 -0.01977539 -0.05151367 0.00303650 0.00154877 0.11523438 -0.09521484 0.00094986 0.11425781 -0.04931641 0.00043488 0.00059128 0.09570312 -0.15332031 -0.02661133 0.04003906 0.07910156 -0.15917969 0.00177765 0.10107422 0.00154877 0.00052643 -0.01300049 0.07812500 0.00132751 -0.07275391 -0.02270508 0.16601562 0.02136230 -0.05541992 0.05615234 0.00054169 0.02355957 -0.16503906 0.06005859 0.04101562 -0.07519531 0.00128174 -0.10156250 0.08154297 -0.00136566 -0.00029564 -0.06787109 -0.01733398 0.12890625 -0.02258301 0.00125122 0.11718750 -0.02404785 -0.03369141
0.00058365 -0.01940918 0.37500000 0.10253906 0.19726562 -0.27343750 0.15136719 0.00872803 0.05737305 0.15917969 0.05029297 -0.03710938 -0.00141144 0.03027344 0.06030273 0.01647949 0.08789062 0.08154297 0.00018406 -0.15820312 0.02307129 0.07177734 0.00114441 0.07421875 0.03686523 -0.33007812 0.13867188 0.08789062 0.00050354 -0.07910156 0.00811768 0.01312256 0.12353516 0.00123596 -0.00044823 -0.30273438 -0.10693359 0.00024128 0.00020695 -0.08886719 0.00099182 -0.07910156 -0.12890625 -0.02136230 0.01239014 0.03564453 -0.13964844 0.00878906 0.53515625 -0.23437500 -0.82421875 0.09863281 0.04443359 -0.30273438 -0.05175781 -0.04199219 -0.00075150 -0.46093750 -0.04565430 0.30273438 -0.01635742 0.06689453 -0.29492188 -0.02539062 0.01190186 -0.05737305 0.46875000 0.48632812 0.01263428 0.00130463 -0.00024223 0.36914062 0.00008059 -0.02014160 -0.16503906 -0.04101562 0.00045013 0.03662109 0.18554688 0.06347656 0.12792969 0.00026703 0.00153351 -0.16992188 0.02062988 -0.00216675 -0.00059891 0.00515747 -0.01708984 0.28125000 -0.01879883 0.04028320 -0.02746582 0.11425781 -0.23437500 -0.03613281 0.10791016 -0.20507812 -0.40820312 -0.06250000 -0.36132812 -0.31640625 0.00180817 -0.52343750 -0.04565430 -0.11914062 0.00370789 -0.10498047 0.00023842 -0.01531982 -0.39648438 -0.07128906 -0.05908203 -0.22460938 0.16992188 -0.07080078 0.27539062 -0.38671875 0.20996094 -0.07373047 0.00077438 0.00494385 -0.03637695 0.44726562 0.22851562 0.01214600 0.03442383 0.25781250 -0.10449219 0.11474609 -0.07470703 -0.22070312 0.00001359 -0.39257812 -0.53515625 0.28710938 0.21484375 -0.00021648 0.27148438 0.03881836 -0.38281250 -0.00057602 -0.09814453 -0.00095749 0.00000805 -0.16992188 -0.00717163 0.46875000 0.22949219 0.03759766 -0.06494141 0.02087402 0.04345703 -0.00187683 0.16113281 -0.13281250 0.54296875 -0.04638672 0.00098419 -0.33984375 -0.07031250 0.57812500 0.00891113 0.10937500 -0.31054688 -0.41406250 0.06640625 -0.00012302 -0.46875000 -0.11621094 0.04516602 0.00131989 -0.14843750 0.05371094 -0.05517578 -0.06225586 -0.01147461 0.17187500 0.07910156 0.13085938 0.01019287 -0.04101562 0.00216675 -0.02050781 0.32421875 0.22265625 -0.76953125 -0.08984375 0.28710938 -0.00039673 0.18066406 0.00065231 0.13769531 0.00059128 -0.04003906 -0.00030899 0.08398438 0.09130859 0.03149414 -0.40820312 0.03149414 -0.05859375 -0.00060654 0.00125885 0.26757812 0.05981445 0.44726562 -0.04663086 -0.10205078 0.00120544 0.00119019 0.06005859 -0.06298828 0.00041199 0.01220703 -0.36523438 0.00021076 -0.36718750 -0.41406250 -0.10644531 -0.13085938 -0.04394531 -0.00811768 0.02148438 -0.00002468 -0.00524902 0.00058365 0.00080872 0.02746582 -0.08886719 -0.00031281 -0.03955078 0.03564453 -0.01019287 0.29687500 -0.18164062 -0.04931641 -0.18945312 -0.57812500 -0.02331543 0.29296875 0.03564453 -0.04565430 0.00189972 -0.07617188 -0.00491333 0.00095367 -0.00185394 -0.43750000 -0.63671875 -0.43554688 0.06787109 0.00160217 -0.03930664 -0.05126953 0.40429688
-0.00059509 0.05004883 0.24218750 0.25195312 0.18457031 -0.16894531 0.09423828 0.06298828 0.00939941 0.00248718 0.01214600 -0.01782227 -0.02209473 0.00576782 0.06494141 -0.01806641 0.02478027 -0.03015137 -0.00077820 -0.19140625 -0.03491211 -0.03564453 -0.00085068 -0.08789062 -0.04125977 0.04394531 0.09326172 0.17480469 0.00144196 -0.06445312 -0.08447266 -0.02893066 0.12597656 -0.00032806 0.00123596 -0.08935547 -0.20996094 -0.00032997 -0.00128937 -0.12060547 -0.00069046 0.00994873 -0.27734375 0.09765625 0.03613281 0.01989746 -0.05615234 -0.02722168 0.25976562 -0.10253906 -0.01843262 -0.05688477 -0.14257812 -0.26953125 -0.08203125 0.19824219 0.00048828 -0.00567627 -0.06591797 -0.01708984 0.14941406 0.06347656 0.03149414 0.05834961 -0.06225586 -0.05737305 0.30859375 0.12792969 0.07470703 0.00080872 0.00077438 0.41796875 0.00152588 -0.14453125 -0.30859375 0.15429688 -0.00080490 -0.03466797 0.09667969 -0.11865234 0.10156250 -0.00093079 0.00011683 -0.30468750 -0.01483154 -0.00248718 0.00052643 0.00909424 -0.03417969 -0.02209473 0.01373291 0.28125000 -0.20019531 -0.07080078 -0.08593750 0.05981445 -0.01062012 0.01489258 -0.43554688 -0.01055908 -0.45312500 -0.11035156 0.00128174 -0.31835938 0.14843750 -0.18652344 -0.00057983 0.00665283 -0.00099945 -0.12890625 -0.32617188 0.26171875 -0.09521484 -0.17968750 -0.03466797 -0.04418945 -0.00531006 -0.28710938 0.07714844 -0.04370117 -0.00074768 0.13378906 0.08056641 0.29492188 0.15625000 -0.12988281 -0.07324219 0.12792969 -0.11767578 -0.09228516 0.01312256 -0.04052734 -0.00069427 -0.30664062 -0.38085938 0.07080078 0.02539062 -0.00107574 0.04296875 0.18261719 -0.06396484 -0.00099945 -0.02429199 -0.00006247 0.00015926 -0.32226562 -0.04809570 0.01770020 0.09179688 -0.01660156 -0.12890625 0.14941406 0.00276184 -0.00076675 -0.04248047 -0.11035156 0.33593750 -0.03222656 0.00026131 -0.21191406 -0.09228516 -0.00787354 -0.13671875 0.00282288 -0.28320312 -0.36718750 -0.00509644 -0.00122833 -0.07666016 -0.23339844 0.01513672 0.00017834 -0.12060547 0.02746582 -0.13085938 -0.04223633 0.25390625 0.04736328 0.25585938 0.07470703 -0.01116943 -0.06933594 -0.15429688 0.02722168 0.06835938 0.15234375 0.00296021 0.14648438 0.15039062 0.00075150 0.04418945 0.00062561 0.00726318 -0.00124359 0.02075195 0.00003862 0.14160156 0.09423828 0.03613281 -0.00622559 0.09960938 0.01074219 0.00012302 -0.03173828 -0.11523438 0.16406250 0.13281250 -0.05346680 0.03808594 -0.00328064 -0.00058746 -0.08105469 0.07177734 -0.00126648 0.02307129 -0.21386719 0.00148773 -0.24609375 -0.22460938 -0.03344727 -0.01489258 -0.03515625 0.03442383 0.26171875 0.00106812 -0.04516602 0.00054169 0.00078583 0.18847656 -0.19042969 0.00024986 0.00418091 -0.15429688 -0.02160645 0.35546875 -0.66015625 0.06640625 -0.04833984 0.01080322 -0.13183594 0.07568359 -0.00262451 0.12695312 -0.00092697 0.08349609 0.04443359 0.00023842 -0.00194550 0.04003906 -0.02185059 -0.42773438 -0.04272461 -0.00010586 0.07714844 -0.00260925 0.34570312
0.00007915 -0.11181641 -0.63671875 0.23046875 -0.26171875 0.36718750 -0.34375000 0.02893066 -0.08837891 -0.29882812 0.13867188 0.10742188 -0.11523438 -0.11132812 0.14550781 -0.16992188 0.23437500 -0.04858398 -0.00101471 0.00286865 0.19238281 -0.21582031 0.00099945 0.01428223 -0.03662109 -0.00004745 -0.04760742 0.01385498 0.00148773 0.24902344 -0.17675781 -0.09277344 -0.02929688 -0.00028229 0.00154114 0.24316406 0.09375000 -0.00032234 -0.00148010 0.03613281 0.00127411 0.07666016 0.05712891 -0.08935547 0.04370117 0.22558594 -0.00939941 -0.10888672 -0.51953125 0.23632812 -0.01208496 -0.10498047 0.00848389 0.31054688 0.18554688 0.09130859 -0.00072861 0.00830078 0.50000000 0.02233887 -0.13476562 0.06054688 -0.05346680 0.01287842 -0.08691406 -0.05615234 -0.66406250 -0.63671875 -0.09375000 0.00138092 -0.00033951 -0.73437500 0.00102997 -0.05151367 -0.14453125 0.15917969 -0.00004721 -0.16503906 -0.18261719 -0.21484375 -0.33203125 -0.00077438 0.00072098 -0.05102539 -0.05834961 -0.00025177 -0.00034523 -0.27539062 0.02221680 -0.00946045 -0.07080078 0.17382812 0.14843750 0.04052734 0.28125000 -0.21289062 0.03979492 -0.05078125 0.28906250 0.03735352 0.07324219 0.12792969 0.00151062 0.39453125 0.35742188 -0.08300781 0.00346375 -0.12011719 0.00201416 0.36718750 -0.10009766 0.08935547 -0.08691406 0.45703125 0.00482178 0.04589844 0.08984375 0.59375000 -0.06933594 0.00878906 -0.00125122 0.18066406 0.03955078 -0.71484375 0.17871094 0.21289062 -0.04321289 0.01434326 -0.04931641 -0.14941406 -0.05810547 0.01672363 0.00081253 0.37109375 0.44921875 0.24414062 0.16796875 -0.00002098 0.12255859 0.11279297 0.01055908 0.00004578 0.03466797 -0.00090790 0.00121307 0.40039062 0.31054688 -0.01000977 -0.93359375 -0.07080078 -0.02880859 0.36914062 -0.05932617 0.00041199 0.05297852 0.07519531 -0.75000000 -0.19726562 -0.00000304 -0.21386719 0.02465820 -0.09423828 0.00155640 0.08691406 0.76171875 0.70703125 -0.06933594 -0.00093079 0.03173828 0.10058594 0.01220703 -0.00004292 0.04077148 -0.12695312 -0.11181641 0.00811768 -0.36718750 0.00204468 0.01525879 -0.13867188 -0.06347656 -0.03955078 0.01171875 0.31250000 -0.07275391 0.03735352 -0.02185059 0.15429688 0.14160156 0.00114441 -0.11181641 -0.00027847 0.00238037 -0.00109863 0.03735352 0.00069809 -0.05664062 0.20410156 0.42773438 0.01586914 0.03125000 -0.01611328 -0.00031090 0.04882812 -0.12304688 0.08398438 -0.11376953 -0.10791016 0.03320312 0.00358582 0.00076675 -0.12304688 0.04956055 0.00068665 0.17285156 0.51953125 -0.00039864 0.48046875 0.37695312 0.23632812 -0.01086426 -0.05078125 0.06152344 0.20996094 0.00064468 0.44921875 0.00154114 -0.00104523 0.17968750 0.12011719 -0.00053787 0.08935547 0.49414062 0.01513672 -0.52343750 -0.28515625 0.07373047 0.04150391 0.01397705 0.40625000 -0.13085938 -0.15332031 0.06298828 -0.00006032 0.11425781 0.05126953 -0.00152588 -0.00100708 -0.00354004 0.08496094 0.60937500 -0.13085938 0.00067520 -0.06738281 0.06787109 -0.70703125
0.00077820 0.01470947 -0.04931641 -0.06250000 -0.08300781 0.02453613 -0.05468750 -0.00842285 -0.02062988 -0.18066406 0.11767578 -0.26171875 -0.08496094 0.04467773 -0.19921875 0.01330566 -0.03002930 0.51953125 -0.00013638 -0.00067139 0.12158203 -0.06396484 -0.00105286 -0.02319336 -0.00207520 -0.02026367 -0.00037575 0.02880859 -0.00041771 0.14257812 0.00616455 -0.07958984 -0.00067520 0.00079346 0.00021267 0.03540039 -0.05371094 0.00042725 0.00024319 0.04296875 0.00118256 -0.22949219 0.03039551 -0.03515625 -0.00811768 0.01129150 1.11718750 0.00274658 0.03613281 0.13378906 0.05078125 -0.48437500 0.19531250 -0.01531982 -0.07421875 0.02404785 -0.00039482 -0.07470703 0.15332031 0.08886719 -0.12597656 -0.01452637 0.09179688 -0.02172852 0.01318359 -0.05688477 0.06640625 -0.08789062 0.19628906 0.00155640 0.00168610 -0.08886719 0.00151825 -0.00384521 -0.16796875 0.10888672 0.00106049 -0.04809570 0.04492188 -0.09277344 -0.00157928 0.00205994 -0.00025558 -0.16503906 0.05786133 -0.00277710 0.00088501 0.02404785 0.04467773 0.09667969 0.07421875 0.10302734 -0.07861328 0.04443359 0.15820312 0.03955078 -0.00367737 0.39257812 0.03906250 0.25390625 -0.34570312 -0.08691406 0.00090027 -0.01953125 0.03735352 -0.15625000 0.00215149 -0.06298828 -0.00099945 0.46679688 -0.17871094 -0.06835938 -0.07763672 -0.01782227 0.13183594 -0.00289917 -0.51562500 0.01000977 0.05078125 -0.03417969 0.00012970 0.03039551 -0.04736328 -0.00933838 0.24121094 -0.10839844 0.07080078 0.08789062 0.03491211 0.08740234 0.13671875 -0.55078125 0.00024128 -0.10888672 -0.03076172 0.22167969 -0.20214844 -0.00022793 0.25976562 0.17578125 0.26562500 -0.00064850 0.12792969 -0.00053787 -0.00062180 -0.07568359 0.10693359 -0.06933594 -0.31640625 0.02697754 -0.01239014 0.18457031 -0.03906250 -0.00225830 0.06982422 -0.11181641 -0.10742188 0.00518799 -0.00095367 -0.26171875 -0.20214844 0.10791016 -0.43554688 0.15625000 0.12304688 -0.01092529 -1.39843750 -0.00095749 0.13378906 -0.04296875 0.05541992 0.00078964 -0.02563477 -0.18261719 -0.05273438 -0.06127930 -0.06054688 0.15332031 -0.01623535 -0.09716797 -0.01928711 -0.02136230 -0.11572266 0.05639648 0.05517578 -0.08105469 0.46679688 0.29101562 0.26562500 0.00076675 -0.16210938 0.00038338 0.38085938 0.00022411 -0.05297852 0.00067902 -0.01422119 -0.11962891 0.31250000 -0.06640625 -0.03393555 -0.01782227 -0.00086594 -0.08544922 0.11621094 0.02709961 -0.05664062 -0.10839844 -0.11718750 -0.00297546 0.00078583 0.01147461 0.00601196 0.00065613 0.19726562 0.09082031 -0.00090790 -0.02648926 -0.04418945 0.04077148 -0.09912109 -0.00872803 -0.05908203 0.04663086 0.00187683 0.11328125 -0.00027084 -0.00082016 0.15820312 -0.05737305 0.00058746 -0.15722656 0.14453125 0.01013184 0.04150391 0.00698853 0.01745605 0.18652344 -0.53906250 0.08984375 0.08447266 -0.03515625 -0.04833984 0.00031853 -0.04980469 -0.02795410 -0.00140381 -0.00260925 -0.08789062 -0.57421875 -0.02697754 -0.09277344 -0.00092697 0.01098633 0.73828125 0.02722168
0.00044060 -0.00289917 0.00074387 -0.00219727 -0.00297546 0.00028038 -0.00025368 0.00038147 0.00109100 -0.00162506 0.00010014 -0.00077057 -0.00091553 -0.00311279 -0.00145721 -0.00063705 0.00027466 -0.00173950 -0.00068665 -0.00048828 -0.00064087 0.00033379 0.00077438 -0.00262451 -0.00140381 0.00014305 -0.00086975 0.00056839 0.00053024 -0.00111389 -0.00184631 -0.00151062 -0.00047493 0.00091553 -0.00048256 -0.00163269 0.00002277 -0.00001633 0.00105286 -0.00150299 0.00036240 -0.00177002 -0.00160217 -0.00080109 -0.00061798 0.00072479 -0.00204468 -0.00034714 -0.00045586 -0.00023651 -0.00125122 -0.00011778 0.00099945 -0.00020695 -0.00106812 -0.00036430 -0.00053406 0.00064850 -0.00134277 -0.00116730 -0.00030327 -0.00144196 -0.00005531 -0.00180054 -0.00271606 -0.00152588 -0.00144196 0.00082779 -0.00228882 -0.00075531 -0.00109863 -0.00195312 -0.00049973 -0.00366211 -0.00163269 -0.00117493 -0.00097656 -0.00161743 -0.00157166 -0.00314331 -0.00183868 -0.00018597 0.00041389 -0.00150299 0.00003791 0.00056458 0.00092316 -0.00109100 0.00056076 -0.00070572 -0.00151062 -0.00090790 0.00094223 0.00072861 -0.00039864 -0.00173187 0.00085068 -0.00143433 -0.00071335 0.00094986 -0.00074768 -0.00173187 0.00090790 0.00017834 -0.00219727 0.00097275 -0.00065231 -0.00061035 0.00057983 -0.00111389 -0.00045776 0.00075912 0.00062561 -0.00055695 0.00019741 -0.00060654 -0.00020218 0.00064468 -0.00109100 -0.00090790 0.00098419 -0.00025940 -0.00028610 -0.00040627 -0.00193024 -0.00122070 -0.00225830 -0.00101471 -0.00107574 -0.00174713 -0.00005341 -0.00222778 -0.00174713 0.00063705 -0.00225830 0.00045013 -0.00102234 0.00088501 -0.00025368 0.00076294 -0.00073624 0.00102234 -0.00143433 -0.00097275 0.00066757 0.00000072 -0.00110626 -0.00018215 -0.00151825 0.00006914 -0.00189209 0.00048447 0.00059128 0.00109100 -0.00122833 -0.00150299 -0.00113678 -0.00141144 0.00096512 -0.00160980 -0.00219727 -0.00156403 0.00005555 -0.00160980 0.00041008 0.00059128 -0.00004101 -0.00177002 -0.00052643 -0.00116730 -0.00007200 0.00020313 -0.00061035 -0.00028229 -0.00131226 -0.00069046 -0.00189972 -0.00018978 -0.00087357 0.00090790 -0.00109100 -0.00033569 -0.00016785 0.00012398 -0.00302124 0.00038147 -0.00167847 -0.00150299 -0.00108337 0.00019264 -0.00115967 -0.00131989 -0.00092697 -0.00031662 -0.00024319 -0.00157928 -0.00138855 -0.00219727 -0.00059509 0.00076294 -0.00183105 -0.00077438 0.00102997 -0.00164032 0.00038147 -0.00079727 0.00034714 -0.00181580 -0.00056839 0.00079346 -0.00041580 0.00044250 -0.00039673 0.00078964 -0.00198364 -0.00045586 -0.00187683 -0.00024319 0.00076294 -0.00075531 -0.00051117 -0.00227356 -0.00142670 -0.00137329 -0.00056458 -0.00187683 -0.00067902 -0.00148773 0.00032234 -0.00039482 0.00105286 -0.00004554 -0.00132751 -0.00091553 -0.00167847 -0.00202942 -0.00020790 0.00009298 0.00037956 -0.00056839 -0.00099182 -0.00157928 -0.00216675 0.00008631 -0.00075150 -0.00168610 -0.00041580 0.00018406 -0.00157928 -0.00160980 -0.00036812 -0.00126648 -0.00069427 -0.00058746 -0.00189209 -0.00064850
-0.00056839 -0.07177734 -0.55468750 0.17089844 -0.09619141 0.42382812 -0.11474609 -0.03149414 0.05493164 -0.50781250 -0.11132812 -0.20996094 0.01470947 0.00222778 -0.48046875 -0.03320312 0.08691406 0.35546875 0.00091553 0.11914062 -0.02880859 -0.01403809 -0.00034714 -0.25195312 -0.01696777 -0.19628906 0.10253906 0.14160156 0.00007820 0.65234375 0.08691406 -0.05688477 -0.01470947 -0.00048637 0.00003040 0.10791016 -0.36914062 0.00057983 0.00054550 0.01562500 -0.00093460 0.04516602 0.19238281 -0.03491211 0.10107422 0.28515625 -0.06396484 -0.05737305 -0.40429688 0.18554688 0.11914062 -0.24218750 -0.49609375 0.18945312 0.21679688 0.06591797 -0.00054932 -0.01599121 0.75000000 -0.28906250 -0.05810547 0.05444336 -0.20703125 0.00555420 0.03808594 0.05590820 -0.51562500 -0.83984375 0.27343750 -0.00093842 0.00056839 -0.34179688 -0.00058746 -0.61718750 -0.94140625 0.55859375 0.00034142 -0.04174805 -0.30468750 -0.20214844 -0.06445312 0.00023365 0.00047493 -0.89453125 -0.05053711 -0.00241089 0.00072861 0.11181641 0.04443359 -0.12890625 -0.38671875 0.14062500 0.05078125 -0.23144531 0.31445312 -0.05517578 0.21972656 0.59765625 -0.48632812 -0.00318909 -0.58593750 -0.11621094 -0.00032425 0.30664062 0.18847656 -0.68750000 0.00117493 -0.10009766 0.00141144 -0.01867676 -0.91015625 0.09960938 -0.16308594 0.39062500 0.57421875 -0.01843262 -0.07080078 0.52734375 -0.16601562 -0.01019287 -0.00087357 0.02563477 0.10693359 -0.49609375 0.73437500 0.08544922 0.19726562 -0.07568359 0.00549316 -0.21386719 0.01452637 0.08984375 0.00115967 0.20214844 0.24218750 0.64062500 0.00485229 0.00127411 0.18457031 0.25195312 0.07324219 -0.00053787 -0.00002646 0.00103760 0.00018215 0.24414062 0.02856445 0.03784180 -0.03247070 0.01635742 0.10595703 0.03063965 0.03881836 0.00046349 0.15527344 0.08154297 -0.63281250 -0.10107422 -0.00007153 -1.05468750 -0.41406250 0.63281250 -0.59765625 0.05029297 0.62109375 0.58203125 0.25976562 0.00034523 0.11474609 0.19628906 0.20898438 -0.00069427 -0.35937500 0.01342773 -0.12988281 0.09960938 0.08203125 0.41992188 0.09619141 0.27148438 0.08691406 -0.03393555 -0.09130859 0.49804688 -0.38671875 0.10644531 0.05151367 0.03491211 0.98046875 -0.00008774 0.30859375 0.00091171 -0.02685547 0.00165558 0.03491211 -0.00091171 0.17871094 -0.03637695 0.70312500 -0.16699219 0.05639648 -0.58984375 -0.00125122 0.22656250 -0.35156250 -0.00588989 -0.20312500 0.07080078 0.08251953 -0.00190735 -0.00107574 -0.01177979 -0.02526855 0.00052261 0.64453125 0.47851562 -0.00026131 0.26562500 0.51953125 0.00138092 -0.13378906 0.10791016 0.00086594 0.19042969 -0.00024319 0.70703125 -0.00049973 -0.00012779 0.49023438 -0.26757812 0.00196838 0.10791016 0.41992188 -0.00717163 -0.14355469 -0.36523438 0.09521484 0.00103760 0.09765625 0.15917969 -0.15527344 -0.02941895 -0.03393555 -0.00016785 0.05688477 0.01806641 0.00057602 -0.00148010 -0.22558594 -0.18945312 0.45898438 -0.23730469 -0.00091934 0.03320312 -0.05419922 -0.45312500
-0.00006819 -0.42187500 -0.03881836 -0.06542969 0.06494141 0.05541992 0.05957031 -0.49218750 -0.51562500 -0.06738281 0.08886719 -0.04028320 -0.32421875 -0.44140625 0.00485229 0.04882812 -0.04565430 0.02783203 0.00017834 0.09667969 -0.21386719 -0.36328125 -0.00035095 -0.12207031 -0.40625000 0.31835938 -0.02258301 0.07031250 0.00092697 -0.04370117 0.06152344 -0.39062500 -0.02478027 -0.00097275 -0.00072479 -0.09228516 0.00402832 0.00114441 -0.00161743 0.09179688 0.00093079 0.07666016 0.16894531 0.22363281 0.05786133 -0.07226562 0.00473022 -0.24316406 -0.04370117 -0.02551270 0.14550781 0.06884766 -0.08691406 -0.06689453 0.11621094 0.10498047 -0.00026131 0.01477051 0.07421875 0.05346680 0.21875000 -0.10253906 0.09033203 0.07031250 0.01177979 0.05859375 -0.07275391 -0.15332031 -0.08007812 -0.00147247 0.00022984 0.00527954 -0.00042915 -0.04394531 -0.08593750 0.11132812 0.00156403 -0.40039062 -0.03442383 -0.04492188 0.01116943 0.00018787 -0.00156403 -0.04321289 -0.46875000 -0.00090790 0.00115967 0.06396484 -0.51562500 0.07568359 -0.09179688 0.31835938 -0.51562500 0.05541992 -0.07226562 -0.47851562 0.03344727 0.04785156 0.08251953 0.08007812 -0.02722168 -0.01806641 0.00038147 -0.12011719 0.15527344 -0.07226562 0.00125122 0.13574219 0.00010633 0.67578125 -0.10498047 0.00772095 -0.10107422 0.01013184 0.06982422 -0.41210938 0.14160156 0.05346680 -0.06689453 -0.22070312 -0.00069046 0.15722656 0.09716797 0.01049805 -0.02514648 0.16796875 -0.02185059 -0.13378906 0.01159668 -0.04711914 0.08837891 -0.03027344 0.00026321 -0.02294922 -0.04370117 0.12890625 -0.18847656 0.00130463 0.00418091 0.04931641 0.04565430 0.00070572 0.01989746 0.00093842 0.00017643 0.10595703 0.12011719 0.04760742 -0.16894531 -0.44335938 0.04174805 0.14355469 -0.38085938 -0.00076675 0.02856445 -0.30859375 0.05541992 -0.46484375 -0.00053024 -0.08691406 0.05468750 0.02001953 -0.02636719 -0.02416992 -0.01794434 -0.07275391 0.05590820 0.00068665 0.01257324 0.02600098 0.00315857 -0.00086212 0.28320312 -0.46484375 -0.12890625 -0.39453125 -0.03015137 0.08691406 0.19238281 0.22851562 -0.44921875 -0.10742188 -0.38085938 -0.00732422 0.07666016 0.19335938 0.07128906 -0.00555420 0.00543213 0.00012064 0.02172852 0.00156403 0.03295898 -0.00085831 0.08935547 0.00168610 0.11230469 -0.35351562 -0.05297852 -0.02978516 0.19042969 0.08691406 -0.00145721 0.32421875 0.03198242 -0.08056641 0.05615234 -0.23242188 -0.09570312 0.00167847 -0.00056839 -0.42382812 0.10839844 -0.00021648 -0.01818848 0.08740234 -0.00080109 -0.03784180 -0.06884766 0.12695312 0.20996094 -0.02294922 -0.31445312 0.30273438 0.00158691 0.10009766 -0.00044632 -0.00075531 0.05126953 0.05712891 0.00033188 0.16210938 0.11279297 -0.08837891 0.02404785 0.02868652 0.09960938 0.08691406 -0.00126648 0.08544922 -0.10595703 -0.38476562 0.21875000 -0.00125122 -0.01306152 0.03369141 -0.00043106 0.00086975 0.06298828 0.03112793 0.05957031 -0.03149414 0.00059891 0.16503906 0.04492188 -0.04638672
0.00087357 -0.11572266 -0.00677490 0.21777344 0.21289062 -0.06787109 0.17285156 -0.15917969 -0.26171875 0.18359375 -0.03417969 -0.03466797 -0.06542969 -0.02966309 0.03930664 0.05273438 -0.17382812 -0.03637695 0.00027084 0.09814453 -0.05688477 -0.05664062 -0.00032616 -0.13281250 -0.16406250 0.02709961 -0.02258301 0.02587891 -0.00059891 0.03271484 0.04638672 -0.21289062 -0.06738281 0.00142670 -0.00060654 -0.00872803 0.11181641 -0.00092316 -0.00099945 -0.19531250 0.00118256 0.01245117 0.11132812 0.09814453 0.20507812 -0.05590820 0.01867676 -0.14160156 -0.02783203 0.09472656 0.00921631 0.09130859 -0.02014160 -0.11083984 0.13867188 -0.62890625 0.00035477 -0.00421143 0.06738281 0.05200195 0.20410156 -0.06103516 0.02709961 0.13867188 0.08056641 0.05175781 0.01483154 0.04394531 -0.22656250 -0.00155640 0.00095367 0.09033203 -0.00135803 0.03784180 0.03247070 0.19921875 0.00131989 -0.01293945 0.00762939 -0.17285156 -0.02697754 -0.00034142 -0.00115967 -0.05249023 -0.27539062 -0.00026894 0.00043678 -0.15136719 -0.28515625 0.03564453 -0.06127930 0.34960938 -0.00022221 -0.06494141 -0.01287842 0.22558594 0.03808594 0.05834961 0.25585938 0.16406250 0.00279236 0.17773438 -0.00055313 -0.07421875 0.29296875 0.01434326 -0.00141907 -0.12597656 0.00099182 0.02514648 0.05590820 -0.14550781 0.01025391 -0.01977539 0.01940918 -0.11523438 -0.00518799 0.06640625 -0.13476562 -0.11132812 -0.00193787 0.09130859 0.10400391 -0.00848389 -0.05200195 0.05126953 0.24902344 0.01049805 0.18261719 -0.02856445 -0.11621094 0.00382996 0.00121307 -0.06298828 0.02429199 0.14550781 0.08984375 -0.00009918 -0.03063965 0.09863281 -0.00079346 0.00166321 0.00741577 0.00189972 0.00094223 0.11181641 0.10058594 -0.00098419 -0.18164062 -0.22949219 -0.09667969 -0.06884766 -0.12695312 -0.00106812 0.05908203 -0.07031250 0.11279297 -0.21777344 -0.00054932 0.08789062 0.13574219 -0.00254822 0.03149414 -0.02343750 0.02978516 -0.03039551 -0.02648926 -0.00109100 0.11718750 -0.14160156 -0.03808594 -0.00123596 0.06054688 -0.69531250 -0.10839844 -0.13476562 0.45117188 -0.03320312 -0.24316406 -0.02844238 -0.30468750 -0.19335938 -0.02746582 -0.09228516 0.24023438 0.00640869 0.05664062 -0.12695312 -0.06030273 -0.00086975 0.04467773 0.00180054 -0.00230408 0.00041580 0.23925781 0.00019741 -0.12158203 -0.06591797 -0.05493164 0.00408936 -0.72265625 -0.01043701 -0.00102234 -0.02819824 0.18945312 0.00234985 -0.01782227 -0.19628906 0.03271484 0.00302124 -0.00006151 -0.26757812 0.09960938 -0.00161743 0.06445312 0.02783203 -0.00071335 0.06250000 -0.06982422 -0.03833008 0.03930664 -0.06347656 -0.17773438 0.35156250 -0.00112915 -0.09375000 0.00082397 -0.00001895 -0.14843750 0.09228516 0.00179291 0.04125977 0.01141357 0.00079727 -0.18164062 -0.09130859 0.09814453 0.01116943 -0.06445312 0.07812500 -0.07861328 -0.13476562 0.46875000 -0.00050354 0.13085938 0.27734375 0.00028992 0.00042915 0.08398438 0.04052734 -0.04418945 0.04003906 0.00026703 0.22265625 -0.00219727 0.12402344
0.00042725 0.02465820 -0.06298828 0.54687500 0.03027344 0.11279297 -0.06591797 0.01953125 0.02636719 0.00897217 0.01458740 0.04516602 0.06542969 0.05981445 0.09960938 -0.00656128 -0.17675781 0.01110840 0.00009966 -0.08691406 0.06835938 0.11035156 -0.00064087 0.05004883 0.02368164 -0.16015625 0.02087402 -0.06347656 -0.00128174 -0.02575684 0.02246094 0.04638672 0.04370117 0.00009537 0.00009918 0.01147461 0.04272461 -0.00143433 0.00109100 0.06738281 0.00118256 0.03320312 -0.02734375 -0.70312500 0.15429688 -0.02880859 -0.03906250 -0.02294922 -0.01806641 0.04052734 0.04492188 0.02795410 0.00056839 -0.00805664 -0.08300781 0.26757812 0.00191498 -0.01116943 -0.01025391 0.03125000 0.26562500 0.05175781 0.03540039 -0.11132812 -0.00418091 0.05834961 -0.06933594 0.02758789 0.09472656 -0.00113678 0.00039673 -0.05639648 -0.00071716 -0.00686646 -0.04052734 -0.01806641 0.00025749 0.02783203 0.02441406 0.06298828 -0.06787109 -0.00018501 -0.00190735 0.01940918 0.07910156 -0.00341797 -0.00157928 -0.32031250 -0.00396729 0.01928711 -0.01159668 0.20605469 -0.05297852 -0.00671387 0.05932617 0.12500000 0.07080078 -0.01422119 -0.00521851 -0.01770020 0.01733398 0.00354004 -0.00089645 0.04907227 0.89062500 0.00701904 -0.00108337 0.05688477 0.00148010 -0.01843262 -0.02453613 -0.08447266 0.04516602 0.07031250 -0.00613403 0.03393555 0.02954102 -0.03735352 0.02917480 0.03466797 0.00276184 -0.33789062 -0.03369141 0.05175781 -0.05175781 -0.03833008 -0.00074387 0.02050781 -0.11279297 -0.02661133 0.20507812 -0.00631714 0.00102234 0.05859375 -0.01519775 0.09863281 -0.05590820 0.00139618 0.04736328 0.01300049 0.04443359 -0.00038147 -0.01190186 0.00115967 0.00069809 0.06689453 0.01245117 0.01239014 -0.01477051 0.01733398 0.01989746 0.28125000 0.10888672 0.00005341 -0.02722168 0.07080078 0.06689453 0.04956055 -0.00048828 0.00186920 0.08496094 -0.01129150 0.00515747 -0.02099609 -0.07226562 0.05200195 0.01770020 0.00028992 0.00323486 0.02441406 0.04321289 -0.00084305 0.01794434 -0.00332642 -0.03039551 0.05908203 0.62890625 0.04345703 0.18847656 0.19824219 -0.02734375 0.02624512 0.03759766 0.05371094 -0.01977539 0.03295898 0.08642578 -0.00601196 -0.01275635 -0.00047493 -0.00019932 -0.00070572 0.01257324 0.00094986 0.29492188 0.00135803 -0.21191406 -0.03613281 -0.00674438 0.03759766 0.47265625 -0.00582886 -0.00093079 0.09130859 -0.06054688 -0.12988281 -0.00952148 -0.03125000 -0.00595093 0.00276184 0.00090027 0.04638672 0.12890625 0.00061798 -0.00765991 -0.01507568 -0.00047302 0.05883789 0.01770020 0.04272461 0.10058594 0.06396484 0.32421875 0.17675781 -0.00009966 -0.00283813 -0.00087738 0.00070190 0.04296875 0.06201172 -0.00056839 -0.06298828 -0.07080078 0.02404785 0.13476562 0.02941895 -0.10742188 0.04199219 -0.01184082 -0.03833008 0.00150299 0.10986328 0.20605469 0.00191498 -0.06225586 -0.01202393 0.00024128 -0.00244141 -0.01196289 -0.00677490 0.06176758 0.00167847 -0.00082779 -0.44335938 0.00866699 -0.02160645
0.00092316 -0.00011396 -0.00396729 -0.00241089 -0.00044632 -0.00193024 -0.00260925 -0.00164032 -0.00331116 -0.00509644 -0.00157928 -0.00411987 -0.00268555 -0.00018692 -0.00156403 -0.00094604 -0.00122833 -0.00007486 0.00037003 0.00044250 -0.00045013 -0.00445557 0.00005317 -0.00120544 -0.00059509 0.00067139 -0.00289917 -0.00043488 0.00070572 -0.00070572 -0.00205994 0.00056076 -0.00059891 -0.00180817 -0.00112915 -0.00190735 -0.00091934 -0.00127411 -0.00109863 -0.00308228 0.00052261 -0.00133514 -0.00025558 -0.00227356 -0.00099945 -0.00460815 -0.00114441 0.00044250 -0.00315857 -0.00123596 -0.00265503 -0.00363159 -0.00439453 0.00025368 -0.00031090 -0.00129700 -0.00048447 -0.00334167 -0.00363159 -0.00201416 -0.00224304 0.00212097 -0.00189972 -0.00102997 -0.00386047 -0.00042534 -0.00253296 -0.00120544 -0.00195312 0.00054932 -0.00057220 -0.00106812 -0.00021553 0.00035667 -0.00173950 -0.00524902 0.00015259 -0.00350952 -0.00259399 0.00074005 -0.00199890 -0.00115204 -0.00018215 0.00149536 -0.00291443 0.00047112 0.00106049 -0.00091171 -0.00177765 -0.00253296 -0.00303650 -0.00221252 -0.00256348 -0.00300598 -0.00268555 -0.00321960 -0.00016689 -0.00003648 -0.00250244 -0.00534058 0.00000864 -0.00007772 -0.00032043 -0.00067139 -0.00256348 -0.00068665 -0.00005460 -0.00260925 -0.00023174 -0.00219727 -0.00393677 -0.00357056 -0.00427246 -0.00283813 -0.00225830 -0.00060272 -0.00122070 -0.00005007 -0.00099945 -0.00306702 -0.00119781 -0.00113678 -0.00323486 -0.00219727 -0.00101471 -0.00126648 -0.00251770 -0.00389099 -0.00141907 -0.00280762 -0.00228882 -0.00040627 -0.00028992 -0.00158691 -0.00311279 -0.00186157 -0.00332642 -0.00008917 -0.00119781 -0.00216675 -0.00221252 -0.00064850 -0.00393677 -0.00024319 -0.00004029 -0.00201416 -0.00344849 -0.00031662 -0.00074387 -0.00251770 -0.00376892 -0.00175476 -0.00031281 0.00081635 -0.00238037 -0.00448608 -0.00180054 -0.00442505 0.00071335 -0.00077057 0.00013065 -0.00218201 -0.00285339 0.00134277 -0.00042152 -0.00139618 -0.00039291 0.00072098 -0.00221252 -0.00051498 -0.00280762 -0.00109100 0.00103760 -0.00340271 -0.00143433 -0.00213623 -0.00427246 -0.00415039 -0.00135803 -0.00195312 -0.00303650 -0.00110626 -0.00369263 -0.00292969 -0.00158691 -0.00172424 -0.00370789 -0.00421143 -0.00034714 0.00072479 0.00014973 -0.00112915 -0.00028610 -0.00070953 -0.00311279 -0.00094223 0.00051498 -0.00128174 -0.00088501 -0.00178528 -0.00077438 -0.00105286 -0.00066757 -0.00257874 -0.00263977 -0.00095749 -0.00270081 -0.00215149 -0.00405884 -0.00029182 -0.00024986 -0.00320435 -0.00117493 -0.00091171 -0.00421143 -0.00065613 0.00025749 -0.00312805 -0.00382996 -0.00239563 -0.00178528 0.00008726 0.00023365 -0.00151825 0.00016785 -0.00179291 0.00049973 -0.00016117 -0.00215149 0.00346375 0.00037766 -0.00302124 -0.00259399 0.00008392 0.00033569 0.00113678 -0.00191498 -0.00138092 -0.00273132 0.00355530 -0.00047684 0.00034332 -0.00372314 -0.00154877 -0.00318909 -0.00254822 0.00072479 0.00049591 -0.00279236 0.00187683 -0.00100708 -0.00102997 0.00003433 -0.00279236 0.00070572 -0.00065231
-0.00104523 0.00104523 -0.00178528 -0.00094223 0.00040436 0.00067520 -0.00015163 -0.00225830 -0.00210571 0.00008583 -0.00151062 -0.00132751 -0.00268555 0.00049591 -0.00177002 -0.00064087 -0.00305176 -0.00109863 -0.00091553 -0.00143433 0.00012398 -0.00128174 0.00016880 -0.00055313 -0.00115967 0.00071335 0.00012016 -0.00216675 -0.00100708 -0.00106049 0.00074768 0.00145721 0.00015926 0.00072861 0.00165558 0.00139618 -0.00166321 -0.00031853 -0.00014877 -0.00321960 -0.00123596 -0.00273132 -0.00070953 -0.00300598 -0.00109863 0.00034523 -0.00104523 -0.00167847 -0.00085068 -0.00020695 -0.00161743 -0.00052261 -0.00151062 -0.00121307 -0.00110626 -0.00112915 -0.00034332 -0.00294495 -0.00099945 -0.00024223 -0.00102234 -0.00115204 -0.00250244 -0.00148010 0.00008631 -0.00154114 -0.00066757 0.00095749 -0.00228882 0.00022888 -0.00102234 0.00088882 -0.00099945 -0.00099182 -0.00120544 -0.00041389 -0.00114441 0.00032806 -0.00021839 -0.00144196 -0.00077438 0.00088501 -0.00039673 -0.00045586 0.00067139 0.00044441 -0.00142670 -0.00276184 -0.00236511 -0.00159454 -0.00103760 -0.00216675 0.00094986 -0.00072861 -0.00147247 -0.00074005 -0.00064850 -0.00152588 -0.00144196 -0.00157166 0.00043869 -0.00114441 0.00044441 -0.00136566 -0.00062180 -0.00035286 -0.00021744 -0.00283813 -0.00117493 -0.00105286 -0.00036430 -0.00046539 -0.00271606 0.00070572 -0.00244141 -0.00151062 0.00011301 -0.00144958 -0.00046349 -0.00102234 0.00138855 -0.00205994 -0.00143433 -0.00341797 -0.00065994 -0.00103760 -0.00131226 -0.00165558 -0.00160980 -0.00166321 -0.00274658 -0.00048065 0.00162506 0.00115967 -0.00196838 -0.00058746 -0.00096893 0.00054169 -0.00026512 0.00035286 -0.00241089 -0.00053406 -0.00012970 0.00106049 0.00110626 -0.00265503 -0.00130463 -0.00234985 0.00074387 -0.00285339 -0.00078964 -0.00130463 -0.00209045 -0.00095749 -0.00079346 -0.00051498 -0.00170135 -0.00165558 -0.00110626 -0.00090408 0.00044823 -0.00071335 -0.00042343 0.00066376 -0.00186157 -0.00337219 -0.00239563 -0.00159454 -0.00234985 -0.00286865 -0.00086975 -0.00048828 -0.00012302 -0.00068665 0.00054932 -0.00041008 -0.00102234 -0.00166321 -0.00116730 -0.00198364 0.00023937 -0.00136566 -0.00215149 -0.00190735 -0.00017929 0.00023842 -0.00135040 -0.00127411 0.00119781 0.00099945 0.00047302 0.00118256 -0.00218201 0.00120544 -0.00134277 -0.00110626 0.00072098 -0.00032234 -0.00177002 -0.00256348 -0.00112152 -0.00228882 -0.00043488 0.00037575 -0.00151062 -0.00086212 -0.00190735 0.00177765 -0.00273132 -0.00011396 -0.00090408 -0.00148773 0.00027275 0.00102234 -0.00331116 -0.00022316 -0.00006151 0.00050735 -0.00138855 -0.00051117 -0.00160217 0.00015068 -0.00044632 -0.00265503 0.00146484 0.00108337 -0.00123596 0.00023746 -0.00054169 -0.00057602 0.00173187 -0.00122070 -0.00201416 0.00168610 -0.00118256 0.00090790 -0.00122833 -0.00034523 -0.00254822 -0.00267029 0.00092697 -0.00161743 -0.00164032 -0.00065613 0.00035286 -0.00088882 0.00003552 -0.00140381 -0.00116730 -0.00164032 0.00003052 -0.00347900 -0.00020504 -0.00196838 0.00044441 -0.00028610
-0.00078201 0.03222656 0.01422119 0.10351562 -0.16601562 -0.03417969 -0.07958984 0.01104736 0.08789062 0.00946045 -0.13671875 -0.11865234 0.11083984 0.10498047 -0.03027344 0.16894531 -0.16406250 0.02722168 -0.00054550 0.10693359 0.07080078 0.08740234 -0.00112152 0.11914062 0.02087402 -0.50000000 0.05786133 0.08691406 -0.00014877 0.14648438 0.11572266 0.04687500 0.05053711 -0.00028229 0.00033760 0.03466797 0.17871094 0.00189209 0.00021553 0.07812500 -0.00005746 -0.03125000 0.07031250 0.00399780 0.09033203 0.09765625 0.00411987 0.05102539 -0.02880859 0.14843750 -0.11279297 0.10253906 0.06176758 0.04199219 -0.09619141 0.02624512 -0.00069427 0.01464844 0.07861328 0.05590820 0.00466919 0.04638672 -0.11914062 0.09472656 0.11865234 0.05664062 -0.04321289 0.02478027 0.07861328 0.00009108 -0.00134277 0.05029297 0.00090027 0.02636719 0.09375000 0.16406250 -0.00060272 0.06176758 0.12792969 -0.00329590 -0.08691406 0.00126648 -0.00131226 -0.00732422 0.07617188 -0.00129700 -0.00000638 0.10595703 0.07812500 -0.00439453 0.03271484 -0.15722656 0.05395508 0.11669922 0.12988281 0.09521484 -0.15234375 -0.05200195 0.17187500 0.03588867 0.12695312 0.04907227 -0.00083160 0.13867188 0.10498047 0.03125000 -0.00248718 -0.13085938 0.00065613 0.19140625 0.09082031 0.00970459 0.01586914 0.14355469 0.02868652 0.04296875 -0.08740234 -0.00020409 0.10058594 -0.01672363 -0.00148010 0.04687500 0.08642578 -0.00952148 0.08349609 -0.12695312 0.03686523 -0.00503540 0.16015625 0.19335938 -0.08300781 0.01647949 -0.00078201 0.01562500 0.05957031 0.20214844 0.02697754 -0.00010300 0.12597656 -0.10693359 -0.00448608 0.00099182 0.08203125 0.00183868 0.00175476 0.02868652 0.11962891 -0.11816406 -0.27929688 0.09521484 0.03540039 -0.02453613 0.05883789 -0.00042152 0.01007080 0.03466797 0.00224304 0.08300781 0.00141907 0.08544922 -0.05102539 0.14355469 0.09814453 0.17675781 -0.05541992 -0.01831055 0.01623535 -0.00072861 -0.00735474 0.00509644 0.09130859 0.00059509 -0.20117188 0.08837891 0.03906250 0.07958984 0.06738281 0.14257812 -0.20703125 0.23144531 0.06591797 0.04931641 0.18359375 0.15039062 0.06005859 -0.04150391 -0.12597656 0.08544922 -0.07470703 -0.00010490 0.06152344 0.00093460 -0.05615234 0.00138855 0.06835938 0.00071716 -0.10058594 -0.00674438 0.15039062 0.04638672 -0.00939941 -0.00787354 0.00038910 -0.04125977 0.09863281 0.05322266 0.03149414 0.05688477 0.05786133 0.00061417 -0.00076294 0.06494141 -0.05859375 0.00137329 0.16699219 -0.03222656 0.00006104 0.05932617 0.08154297 0.05126953 -0.04907227 -0.00424194 0.06787109 -0.16015625 0.00107574 0.23339844 0.00157166 -0.00100708 0.06176758 0.02880859 0.00099945 0.00119019 0.05810547 0.07617188 -0.05493164 -0.27734375 0.08349609 0.03735352 -0.13183594 0.03491211 0.12890625 0.06591797 -0.09472656 0.00170898 -0.11572266 0.08642578 -0.00115967 0.00024319 0.00086975 -0.18359375 0.05566406 -0.03173828 0.00112152 0.05029297 -0.07080078 -0.03784180
0.00183105 0.09326172 -0.07373047 0.01733398 0.03344727 -0.04785156 -0.01660156 0.12158203 0.07421875 0.04882812 0.04003906 -0.03857422 0.13476562 0.11621094 0.04345703 -0.02990723 -0.23925781 -0.10058594 0.00122070 0.07275391 0.03088379 0.10742188 0.00021172 0.21093750 0.07666016 0.18359375 0.08251953 -0.05346680 0.00049973 -0.00108337 -0.15429688 0.11132812 0.07910156 -0.00065994 0.00119019 -0.06542969 -0.01116943 -0.00134277 -0.00082779 -0.08056641 -0.00008631 -0.05908203 0.09472656 -0.04296875 0.02087402 -0.00537109 -0.08691406 0.05664062 -0.01239014 -0.01391602 -0.09472656 -0.03637695 -0.05200195 0.06884766 -0.03955078 -0.16308594 0.00037766 -0.03637695 -0.05664062 0.05371094 0.06103516 -0.05883789 -0.11474609 -0.01879883 -0.27148438 0.05664062 0.09960938 0.03588867 0.06884766 0.00127411 -0.00061417 -0.05883789 0.00182343 0.10742188 0.03198242 0.10400391 0.00230408 0.07958984 -0.15722656 0.05712891 0.00390625 0.00069809 0.00122070 -0.09228516 0.12011719 -0.00238037 -0.00016212 0.02722168 0.09814453 -0.13183594 0.11718750 -0.51171875 -0.54687500 0.06591797 0.09765625 0.02014160 -0.02160645 0.11865234 -0.34570312 0.10791016 0.01141357 -0.19335938 0.00171661 0.05932617 -0.04687500 0.08837891 -0.00070953 0.02246094 0.00153351 0.09765625 -0.09423828 0.13476562 0.10253906 -0.07226562 -0.03662109 0.12597656 0.00006962 -0.06127930 0.04443359 0.14062500 0.00174713 -0.04394531 -0.01989746 -0.08203125 0.07373047 0.13671875 -0.17187500 -0.03112793 0.01330566 0.05615234 0.34375000 0.05639648 0.00082016 -0.08691406 -0.01611328 -0.46093750 -0.09472656 -0.00090408 0.02062988 -0.32812500 -0.01916504 0.00074768 -0.02062988 -0.00098419 -0.00127411 0.12500000 0.16796875 0.02270508 0.07910156 0.10986328 0.03417969 -0.20800781 0.09765625 -0.00089645 -0.05078125 0.06152344 -0.11181641 0.16015625 0.00091934 -0.05175781 0.05444336 -0.08105469 0.04565430 0.00181580 -0.04687500 -0.06835938 -0.04980469 -0.00032997 -0.04956055 0.11474609 0.01544189 0.00045013 0.18554688 0.04248047 0.04199219 0.11914062 -0.06445312 -0.01391602 -0.27148438 0.04614258 0.07324219 0.09472656 0.07568359 0.04907227 -0.13671875 -0.35742188 -0.00187683 -0.03564453 0.14550781 -0.00059509 0.06884766 0.00071335 -0.02685547 -0.00037384 0.01452637 0.00191498 -0.21191406 -0.05517578 -0.14355469 0.02307129 -0.07031250 -0.05004883 0.00047874 0.36718750 -0.07666016 -0.01696777 -0.02893066 0.06225586 0.23828125 0.00282288 -0.00059509 0.12597656 -0.02770996 0.00224304 0.00384521 -0.07617188 -0.00067139 -0.04809570 -0.01879883 -0.13476562 -0.08349609 0.08789062 0.06079102 -0.53906250 0.00096893 0.13867188 0.00163269 -0.00130463 -0.02331543 0.02941895 -0.00016308 -0.34375000 -0.14160156 0.04394531 -0.04272461 0.07177734 -0.05493164 -0.03662109 -0.06127930 -0.23046875 0.06787109 0.13867188 -0.03417969 -0.00006199 -0.16992188 0.01330566 0.00038719 -0.00035477 -0.03540039 -0.04882812 -0.10351562 -0.12207031 0.00154877 -0.01135254 -0.01892090 -0.01867676
-0.00079346 -0.00048637 0.00033379 -0.00167084 -0.00100708 0.00002742 -0.00059891 -0.00048447 -0.00120544 -0.00145721 -0.00001103 0.00081635 -0.00001240 0.00025558 0.00112152 0.00024796 0.00091171 -0.00090408 0.00084305 -0.00121307 -0.00122833 -0.00161743 0.00012302 0.00048828 -0.00136566 -0.00198364 -0.00221252 -0.00154877 0.00072098 -0.00141144 -0.00205994 0.00002885 -0.00037384 -0.00000156 0.00041199 -0.00156403 -0.00041389 -0.00014114 0.00073242 -0.00016499 0.00053024 -0.00256348 0.00056458 -0.00195312 -0.00131226 -0.00083160 -0.00169373 -0.00128937 -0.00122833 -0.00079346 -0.00173187 -0.00036430 -0.00202942 -0.00007868 -0.00082397 0.00044060 -0.00008345 -0.00154877 0.00002825 0.00003862 -0.00195312 0.00048828 0.00008965 -0.00222778 -0.00315857 0.00055695 -0.00013638 -0.00031853 -0.00045586 -0.00006199 -0.00164795 0.00081253 -0.00082779 -0.00176239 0.00059128 -0.00162506 0.00110626 -0.00014973 -0.00107574 -0.00027466 -0.00079346 -0.00173950 0.00013828 -0.00113678 0.00027275 -0.00106812 -0.00024414 -0.00088882 -0.00087357 -0.00104523 -0.00055695 0.00042152 -0.00027275 0.00034332 0.00008202 -0.00113678 0.00035286 0.00110626 0.00081635 -0.00114441 -0.00088882 -0.00103760 0.00022030 0.00017643 -0.00175476 -0.00090027 0.00027466 -0.00034142 -0.00029182 0.00002277 -0.00148010 -0.00153351 0.00044441 -0.00050735 0.00074387 -0.00109100 -0.00020599 0.00027466 -0.00004959 -0.00135803 -0.00025368 -0.00182343 -0.00088120 -0.00170898 0.00083160 -0.00165558 -0.00143433 -0.00119019 -0.00109863 -0.00058746 -0.00124359 -0.00126648 -0.00164795 -0.00131226 -0.00163269 -0.00029373 -0.00064087 0.00070190 -0.00142670 -0.00087738 -0.00122070 0.00003648 0.00096512 -0.00138855 -0.00032997 -0.00015736 0.00070572 -0.00224304 0.00006294 -0.00020027 -0.00144196 -0.00123596 0.00007391 -0.00115204 0.00043297 -0.00201416 -0.00189209 -0.00069046 -0.00177002 -0.00122070 -0.00043488 -0.00093460 -0.00076675 0.00084305 -0.00068665 -0.00147247 -0.00012684 -0.00061798 0.00033188 -0.00031853 -0.00228882 0.00105286 -0.00068665 -0.00183868 -0.00181580 -0.00015545 -0.00167847 -0.00107574 -0.00088120 -0.00094604 0.00009203 0.00032234 -0.00025558 -0.00199890 -0.00164795 0.00080109 -0.00202942 0.00004029 -0.00177765 0.00061417 -0.00038338 0.00082397 -0.00091934 0.00089264 -0.00110626 -0.00164032 0.00047874 -0.00171661 -0.00152588 -0.00011969 -0.00131989 -0.00296021 -0.00064087 -0.00224304 -0.00170898 -0.00087357 -0.00027466 -0.00130463 -0.00173187 -0.00086594 0.00016689 0.00073624 -0.00106049 0.00117493 -0.00183868 -0.00144196 -0.00118256 -0.00072479 -0.00063705 -0.00204468 -0.00051880 -0.00102997 0.00035858 -0.00090408 0.00020790 -0.00171661 -0.00085831 -0.00136566 -0.00224304 -0.00072479 0.00078201 -0.00074005 -0.00083542 0.00022793 0.00089264 -0.00125885 -0.00198364 -0.00090027 -0.00133514 0.00083160 -0.00141907 0.00061417 -0.00144196 -0.00132751 0.00115967 0.00037003 0.00117493 0.00108337 0.00056458 -0.00180054 0.00095367 -0.00099182 0.00023270 -0.00154877 -0.00152588 0.00003600
0.00121307 0.09033203 0.01037598 0.01635742 0.12695312 0.06884766 0.05810547 0.17285156 0.21093750 -0.05908203 -0.11181641 0.27343750 0.11669922 0.11669922 0.40820312 -0.31250000 0.18066406 -0.18261719 0.00025940 -0.55859375 0.09667969 0.16601562 0.00140381 -0.01403809 0.14843750 -0.37890625 0.02099609 0.04003906 0.00111389 -0.23535156 -0.12451172 0.18554688 -0.08203125 0.00157928 0.00167847 0.06787109 -0.12109375 0.00088501 0.00090027 0.18750000 0.00144958 -0.46484375 -0.49218750 0.05200195 -0.03588867 -0.02258301 -0.05273438 0.23925781 0.12500000 -0.07373047 -0.05175781 -0.41992188 -0.30078125 0.14843750 -0.00939941 0.00396729 -0.00078964 0.00378418 -0.09130859 0.39843750 -0.07177734 0.00570679 0.17382812 0.03466797 -0.12695312 -0.05737305 0.04638672 0.05688477 0.11474609 0.00057983 -0.00078964 0.06494141 -0.00059509 0.02819824 -0.11035156 0.09667969 0.00119019 0.11523438 -0.17187500 0.22558594 0.08837891 0.00044060 -0.00075531 -0.18261719 0.19824219 -0.00248718 -0.00096893 -0.03613281 0.24121094 -0.07666016 0.11376953 0.01544189 0.03540039 -0.20214844 0.03466797 0.03637695 0.00988770 -0.53125000 -0.12597656 0.23925781 0.07080078 -0.05029297 0.00009727 -0.11035156 -0.03442383 0.10937500 0.00049210 0.06982422 -0.00091171 -0.90625000 -0.01239014 0.12597656 0.09082031 -0.06079102 -0.07080078 0.03320312 0.28710938 0.05810547 -0.21679688 0.10302734 0.00069046 -0.01080322 0.03588867 0.05468750 -0.26757812 -0.09716797 0.12158203 0.03222656 -0.37695312 -0.39453125 0.07324219 0.15136719 0.00091934 0.01232910 -0.01354980 -0.17968750 0.18652344 0.00164032 -0.31835938 0.10302734 -0.79296875 0.00169373 -0.11376953 0.00096512 -0.00051117 0.17675781 -0.44531250 -0.67578125 0.38867188 0.13085938 0.06494141 -0.59765625 0.19433594 -0.00142670 -0.09912109 0.15917969 -0.01086426 0.07177734 0.00003362 -0.08154297 0.04443359 -0.06591797 0.27929688 -0.37890625 0.13476562 0.19628906 -0.95703125 0.00107574 -0.11181641 0.17578125 -0.22656250 -0.00088501 -0.18164062 0.17089844 0.34375000 0.17968750 0.10253906 0.07177734 0.07226562 0.04125977 0.27343750 0.06591797 0.19140625 -0.12500000 -0.09570312 -0.03808594 0.98828125 -0.00253296 -0.35937500 -0.00028038 0.18457031 0.00160980 -0.14062500 -0.00031090 -0.02294922 -0.00052643 0.06176758 0.21484375 -0.30468750 -0.10009766 0.05981445 -0.45703125 -0.00025368 0.23730469 -0.17187500 -0.01782227 0.06884766 0.25781250 -0.06347656 0.00244141 0.00166321 0.15527344 0.02539062 0.00057602 -0.29882812 0.01745605 0.00173187 -0.04760742 -0.18066406 -0.00405884 -0.27343750 -0.00082779 0.13476562 -0.01434326 0.00082016 -0.22851562 0.00195312 0.00047302 -0.33398438 -0.10058594 0.00138855 0.35351562 0.06787109 0.03344727 0.11621094 0.09179688 -0.00430298 0.14355469 -0.14257812 -0.04907227 -0.07128906 0.11816406 -0.18164062 -0.00079346 0.03686523 0.02868652 0.00133514 0.00065231 0.26171875 -0.20117188 0.07763672 -0.25195312 -0.00033569 -0.00805664 -0.42578125 0.08886719
0.00077820 -0.08740234 -0.07714844 0.15234375 -0.08251953 -0.00692749 -0.33398438 -0.06250000 -0.01037598 -0.21582031 -0.08837891 -0.08300781 -0.05468750 -0.02624512 -0.16113281 0.43945312 -0.10546875 -0.22460938 0.00114441 0.17968750 -0.02673340 -0.06933594 0.00020409 -0.10058594 -0.04467773 -0.18750000 0.03979492 0.00701904 -0.00008106 0.49023438 -0.23339844 -0.05053711 0.26171875 0.00160980 0.00183868 0.08154297 0.13476562 0.00023746 0.00023460 0.03247070 0.00144958 0.04833984 0.12695312 -0.03173828 -0.01696777 0.30078125 0.06787109 -0.04296875 -0.06005859 0.36523438 -0.30859375 0.24707031 0.12451172 -0.16210938 -0.13964844 0.03710938 -0.00020409 0.01940918 0.35351562 0.07324219 -0.06030273 0.24414062 -0.47851562 0.01855469 -0.56250000 -0.05639648 0.15429688 -0.12060547 0.18261719 0.00109863 -0.00076294 -0.03417969 -0.00096893 -0.27539062 -0.40429688 0.41796875 0.00192261 -0.03149414 0.29101562 -0.25390625 -0.27343750 -0.00018883 0.00039482 -0.29882812 -0.02172852 0.00004768 -0.00144958 -0.06494141 -0.04663086 0.09863281 -0.25390625 0.28125000 0.13574219 0.30468750 0.29492188 0.08056641 -0.02685547 0.03198242 -0.23632812 -0.03247070 -0.43750000 0.24023438 -0.00105286 -0.00369263 -0.12109375 -0.33398438 -0.00303650 -0.39257812 -0.00056458 0.12988281 -0.62890625 0.08544922 -0.10156250 0.26171875 0.01428223 -0.13671875 -0.02185059 0.10351562 0.25585938 -0.18945312 0.00078964 0.05712891 0.03320312 0.05786133 0.41992188 0.25195312 0.15722656 0.34179688 0.19824219 0.32812500 -0.43554688 0.05297852 0.00167847 -0.18945312 -0.04101562 0.31835938 0.17285156 0.00122833 0.40820312 0.08056641 -0.09277344 -0.00049973 0.06542969 0.00007057 0.00078201 -0.12500000 0.00122070 0.05468750 -0.17382812 -0.02880859 -0.12402344 0.22949219 -0.00245667 -0.00118256 -0.27929688 -0.06445312 -0.10400391 -0.12597656 0.00061035 -0.60937500 -0.18457031 0.23242188 -0.64843750 0.30468750 0.13476562 0.21191406 0.05761719 -0.00053406 -0.14257812 -0.12255859 0.25000000 0.00009489 0.02929688 -0.07470703 -0.03320312 -0.08886719 0.21093750 0.07324219 -0.34570312 -0.06005859 -0.07031250 -0.08105469 0.10546875 0.48828125 0.23437500 0.10888672 0.13085938 0.15332031 0.46289062 -0.00023556 -0.05615234 0.00104523 -0.01324463 0.00073242 0.02722168 0.00002778 -0.13281250 0.09619141 0.37890625 -0.41601562 0.00173950 -0.20605469 -0.00215149 -2.56250000 0.22265625 0.02807617 0.25390625 0.04003906 0.08056641 0.00332642 -0.00112152 -0.01232910 -0.06201172 -0.00075150 0.44921875 0.10937500 0.00099945 0.14746094 0.23730469 0.33398438 0.06054688 -0.03173828 -0.12158203 0.25390625 -0.00019836 0.41015625 0.00106049 0.00006485 0.48046875 0.21289062 -0.00130463 -2.57812500 0.39257812 -0.18261719 0.05566406 -0.30468750 0.04345703 0.22363281 -0.09716797 0.28125000 0.19433594 -0.10986328 0.03027344 -0.00075150 -0.15136719 0.03759766 -0.00006342 -0.00078964 0.11621094 -0.49023438 0.03930664 -0.01409912 -0.00080872 0.01129150 -0.00436401 0.06298828
-0.00102997 -0.00370789 -0.00239563 -0.00256348 -0.00320435 -0.00267029 -0.00421143 -0.00421143 -0.00267029 -0.00151825 -0.00418091 -0.00212097 -0.00190735 -0.00236511 -0.00283813 -0.00376892 -0.00279236 -0.00119019 -0.00085449 -0.00335693 -0.00133514 -0.00343323 -0.00141907 -0.00205994 -0.00328064 -0.00309753 -0.00358582 -0.00323486 -0.00177002 -0.00267029 -0.00164032 -0.00294495 -0.00167084 -0.00099945 -0.00080872 -0.00175476 -0.00230408 -0.00067902 0.00105286 -0.00384521 -0.00168610 -0.00346375 -0.00245667 -0.00218201 -0.00156403 -0.00174713 -0.00381470 -0.00144196 -0.00277710 -0.00305176 -0.00321960 -0.00329590 0.00036621 -0.00382996 -0.00442505 -0.00112915 -0.00171661 -0.00173950 0.00141144 -0.00352478 -0.00357056 -0.00294495 -0.00393677 -0.00144196 -0.00056076 0.00108337 -0.00170135 -0.00433350 -0.00267029 -0.00032234 -0.00018215 -0.00178528 0.00045204 -0.00314331 -0.00253296 -0.00323486 -0.00001198 -0.00299072 -0.00135040 -0.00337219 -0.00329590 -0.00135040 -0.00173187 -0.00354004 -0.00161743 -0.00004673 -0.00140381 -0.00396729 -0.00376892 -0.00370789 -0.00379944 -0.00179291 -0.00282288 -0.00241089 -0.00317383 -0.00167084 -0.00442505 -0.00215149 -0.00355530 -0.00212097 -0.00268555 -0.00463867 0.00026512 -0.00170135 -0.00378418 -0.00386047 -0.00018883 -0.00451660 -0.00071716 -0.00141907 -0.00331116 -0.00163269 -0.00306702 -0.00074005 -0.00421143 -0.00328064 -0.00221252 -0.00262451 -0.00164795 -0.00245667 -0.00068665 -0.00207520 -0.00382996 -0.00364685 -0.00259399 -0.00250244 -0.00231934 -0.00196838 -0.00305176 -0.00123596 -0.00280762 -0.00276184 0.00120544 -0.00162506 -0.00189209 -0.00253296 -0.00245667 0.00095749 -0.00393677 -0.00209045 -0.00145721 -0.00106812 -0.00320435 0.00074005 -0.00130463 -0.00248718 -0.00236511 -0.00204468 -0.00180817 -0.00305176 -0.00225830 -0.00289917 -0.00173950 -0.00069046 -0.00118256 -0.00268555 -0.00042915 -0.00405884 -0.00102997 -0.00286865 -0.00439453 -0.00393677 0.00022984 -0.00270081 -0.00112915 -0.00262451 -0.00205994 -0.00049591 -0.00320435 -0.00399780 -0.00238037 0.00115967 -0.00271606 -0.00256348 -0.00317383 -0.00170898 -0.00267029 -0.00288391 -0.00230408 -0.00194550 -0.00188446 -0.00193024 -0.00352478 -0.00366211 0.00110626 -0.00233459 -0.00225830 -0.00230408 -0.00276184 0.00075912 -0.00386047 0.00080872 -0.00132751 -0.00109100 -0.00198364 0.00118256 -0.00473022 0.00198364 -0.00279236 -0.00364685 -0.00292969 -0.00358582 0.00119019 -0.00263977 -0.00180817 -0.00270081 -0.00309753 -0.00228882 -0.00168610 0.00057220 -0.00020313 -0.00112152 -0.00154877 0.00020027 -0.00305176 -0.00454712 -0.00057602 -0.00236511 -0.00139618 -0.00389099 -0.00448608 -0.00145721 -0.00251770 -0.00445557 -0.00046349 -0.00183105 -0.00085068 -0.00036049 -0.00124359 -0.00433350 -0.00072098 -0.00157928 -0.00343323 -0.00427246 -0.00378418 -0.00156403 -0.00146484 -0.00442505 -0.00207520 -0.00338745 -0.00361633 -0.00369263 -0.00376892 -0.00146484 -0.00300598 -0.00314331 -0.00106049 0.00122833 -0.00305176 -0.00344849 -0.00259399 -0.00346375 -0.00141907 -0.00405884 -0.00360107 -0.00344849
-0.00142670 0.19042969 0.09277344 0.05322266 -0.13281250 -0.00564575 0.07031250 0.11572266 0.14746094 0.13281250 -0.50390625 0.26562500 0.12109375 0.13378906 0.65625000 0.12158203 0.60546875 -0.00775146 -0.00020027 -0.16406250 0.20117188 0.14062500 -0.00119019 -0.15527344 0.10644531 -0.15625000 0.22949219 -0.18750000 -0.00183868 -0.02416992 0.20019531 0.14453125 -0.02392578 0.00050354 0.00102997 -0.01293945 0.11914062 -0.00069427 0.00019455 -0.12695312 -0.00022125 0.07763672 -0.15234375 -0.02343750 -0.15722656 0.01953125 -0.01708984 0.13574219 -0.03198242 0.07812500 0.03149414 0.02478027 -0.12792969 0.10107422 0.13574219 -0.26562500 -0.00126648 -0.00051498 -0.04516602 0.12792969 -0.22558594 -0.03051758 0.14160156 -0.22753906 0.36718750 -0.05664062 0.03149414 0.10791016 -0.01306152 0.00028610 0.00053024 0.04003906 -0.00011969 0.04125977 0.03198242 0.17773438 0.00116730 0.04516602 0.06738281 0.22558594 0.16699219 -0.00149536 0.00083160 0.04785156 0.12500000 -0.00201416 -0.00042915 -0.09179688 0.13378906 0.05541992 0.11376953 -0.25000000 0.18945312 -0.05200195 -0.01019287 -0.20605469 0.12353516 -0.20117188 -0.51171875 0.14843750 0.10644531 -0.03613281 -0.00045204 0.13964844 -0.05175781 0.09326172 -0.00349426 -0.03686523 -0.00115204 0.01721191 0.13671875 0.41992188 0.12792969 0.12060547 -0.03540039 0.13281250 -0.15234375 -0.02050781 0.04711914 0.20019531 0.00173187 -0.27734375 -0.20019531 0.01684570 -0.07910156 0.25195312 0.13964844 0.00601196 -0.19921875 0.09814453 0.11962891 0.04882812 0.00089264 0.01794434 0.04858398 0.01263428 -0.00469971 -0.00129700 -0.08984375 0.10302734 -0.02526855 0.00011349 0.01257324 0.00093460 -0.00102234 0.21582031 -0.12988281 -0.13378906 0.51171875 0.16308594 0.11181641 0.07666016 0.13378906 -0.00245667 0.07714844 0.15332031 -0.18359375 0.14843750 -0.00130463 0.02026367 0.03637695 -0.00186920 0.17285156 -0.04199219 0.02575684 -0.03759766 -0.15429688 -0.00070190 -0.07910156 0.23242188 -0.02172852 -0.00031090 -0.01300049 -0.04199219 0.11181641 0.14257812 -0.18261719 -0.18554688 0.03491211 0.07617188 0.20410156 0.11767578 -0.04663086 0.00701904 -0.02868652 0.19921875 -0.02124023 -0.10644531 -0.08789062 0.00101471 0.02209473 0.00065994 0.00276184 0.00100708 -0.15820312 -0.00154114 0.04052734 0.06347656 0.00830078 -0.04907227 -0.02404785 0.01263428 -0.00065994 -0.09912109 0.05761719 -0.17187500 -0.02368164 0.15527344 0.25976562 0.00230408 -0.00131226 0.11230469 0.00053787 0.00043297 0.03808594 0.02246094 -0.00179291 -0.02868652 -0.02587891 -0.12890625 0.14355469 0.13769531 0.23925781 -0.23437500 -0.00112915 -0.03247070 -0.00004625 -0.00146484 -0.25585938 -0.05859375 -0.00160217 0.32226562 -0.00854492 0.09814453 -0.05053711 0.27343750 -0.21093750 -0.00527954 -0.07080078 -0.09667969 -0.04711914 0.09521484 -0.20410156 -0.00159454 0.28710938 -0.20605469 0.00096893 -0.00021648 -0.05004883 0.05981445 0.00970459 -0.03662109 -0.00072479 -0.10937500 0.00367737 0.06445312
-0.00045967 -0.29296875 -0.10449219 -0.02624512 -0.23339844 0.21875000 -0.34570312 -0.13476562 -0.36328125 0.03735352 0.10400391 0.06787109 0.01434326 -0.09130859 0.06835938 0.06982422 -0.04296875 -0.05444336 0.00017548 0.12988281 0.05639648 -0.26757812 -0.00127411 0.05737305 -0.10449219 0.26757812 -0.42187500 -0.12792969 -0.00131226 0.28125000 0.12597656 -0.13281250 0.07080078 0.00107574 -0.00074005 0.23144531 0.31250000 -0.00090408 -0.00049973 -0.07861328 0.00010967 0.05004883 0.03857422 -0.04541016 0.04907227 0.26171875 -0.06933594 -0.17773438 -0.03442383 0.15234375 0.05541992 0.06396484 0.05664062 0.22753906 -0.38671875 -0.23242188 -0.00057983 0.01202393 0.38085938 0.02832031 -0.04223633 0.13867188 -0.01300049 0.10791016 0.01782227 0.05615234 -0.08251953 -0.13476562 -0.41210938 0.00175476 0.00000247 -0.19726562 -0.00088882 0.04907227 0.13671875 0.13281250 -0.00093079 -0.25195312 -0.02929688 -0.08935547 -0.24902344 0.00218201 0.00110626 0.17871094 -0.06591797 -0.00122070 -0.00138855 -0.20214844 -0.20117188 0.09277344 0.05371094 -0.39062500 0.33789062 0.32031250 0.14746094 -0.31250000 0.03149414 -0.01367188 0.40429688 0.06396484 0.21582031 0.21093750 0.00078964 0.34179688 -0.08496094 0.07568359 -0.00321960 -0.04907227 0.00193787 0.59765625 0.15917969 -0.29296875 0.02307129 0.32421875 -0.00897217 -0.02905273 -0.02502441 0.42382812 0.08593750 0.09912109 -0.00057602 -0.03393555 0.01916504 -0.21777344 0.28906250 0.11718750 0.05468750 0.12597656 0.02954102 0.11425781 -0.33007812 -0.04370117 -0.00001490 0.22558594 0.31250000 0.25585938 0.20117188 -0.00056458 0.25781250 -0.24023438 0.05053711 0.00118256 -0.00068665 0.00022984 0.00027657 0.34375000 0.21289062 -0.13574219 -0.64062500 -0.04785156 -0.05419922 0.08593750 -0.19433594 -0.00105286 0.08105469 0.07519531 -0.16406250 -0.32226562 0.00105286 -0.01391602 -0.21289062 0.02905273 0.28125000 0.19921875 0.51953125 0.47070312 0.02319336 0.00105286 0.09326172 0.04248047 -0.00463867 0.00080490 0.04736328 -0.28710938 0.08496094 -0.14648438 -0.03442383 0.05346680 -0.69921875 -0.00366211 -0.33398438 0.08300781 0.13769531 0.44335938 0.15527344 -0.23144531 0.02111816 0.08251953 0.16503906 0.00100708 0.07373047 -0.00029182 -0.01611328 0.00038528 0.01733398 0.00028992 -0.68750000 0.23632812 0.45117188 0.13085938 -0.04882812 0.10058594 -0.00103760 -0.12304688 0.16406250 0.01586914 0.03149414 0.07763672 -0.03063965 0.00183105 0.00146484 -0.17187500 0.05078125 -0.00080490 0.05810547 0.22558594 -0.00022984 0.38281250 0.36718750 0.17382812 -0.09765625 0.00364685 -0.18261719 -0.31835938 0.00073242 0.40234375 0.00024796 0.00090408 -0.24707031 0.03247070 -0.00013447 0.03247070 0.43945312 0.02478027 -0.13964844 0.02404785 0.07763672 0.03955078 0.04980469 0.31250000 0.13671875 -0.27539062 -0.11669922 -0.00010014 -0.48046875 0.15136719 0.00097656 -0.00044441 0.05981445 0.00799561 0.18750000 -0.00138092 -0.00101471 -0.07714844 0.01293945 -0.22460938
-0.00077057 -0.07373047 -0.04394531 -0.10937500 -0.33984375 0.01251221 0.10400391 -0.15136719 0.10546875 0.00265503 0.01611328 -0.05493164 -0.01855469 -0.00982666 -0.07763672 -0.02160645 0.08007812 -0.01733398 0.00122833 -0.05615234 -0.01611328 0.06396484 0.00062180 -0.14550781 0.00000685 -0.16210938 -0.10595703 0.17773438 -0.00107574 -0.00013161 -0.08886719 -0.11181641 -0.02429199 -0.00002635 0.00079346 -0.01599121 0.01049805 -0.00106049 0.00129700 -0.13085938 0.00021935 -0.03637695 -0.04370117 0.12451172 -0.05151367 0.02001953 -0.03637695 0.02514648 0.00076675 -0.09472656 -0.02709961 -0.00588989 -0.02429199 0.02453613 -0.01202393 0.21582031 -0.00021362 0.01300049 -0.00646973 -0.04003906 0.05566406 0.03271484 -0.01818848 0.02758789 -0.04589844 -0.05786133 -0.04980469 0.00343323 -0.03906250 0.00038528 -0.00002003 0.01806641 0.00097656 0.01147461 0.01989746 -0.08935547 -0.00024128 0.05883789 0.01007080 -0.12695312 0.06250000 -0.00115967 0.00145721 0.00897217 -0.03833008 -0.00189209 0.00026321 0.33007812 0.08398438 -0.02954102 -0.12890625 -0.15722656 0.25781250 -0.04418945 -0.00173187 0.06738281 -0.02624512 0.00561523 0.17187500 -0.01599121 0.02392578 -0.03613281 0.00182343 -0.05053711 1.02343750 0.05981445 0.00004387 -0.00460815 0.00192261 -0.00759888 0.05322266 0.28515625 -0.10253906 0.03613281 -0.00643921 -0.13281250 0.01989746 0.00711060 -0.05590820 -0.03881836 0.00067902 0.16015625 0.09033203 0.01348877 0.11035156 -0.14257812 -0.08935547 0.00613403 -0.10058594 -0.03442383 -0.06445312 0.01855469 0.00198364 -0.00778198 -0.00656128 -0.30859375 -0.05664062 0.00072861 0.04687500 -0.00775146 -0.00515747 -0.00006199 -0.00903320 0.00193787 0.00097275 0.05395508 -0.07519531 -0.00946045 0.56640625 -0.02465820 -0.06347656 -0.04077148 0.05224609 -0.00021267 -0.01312256 -0.12353516 0.05737305 0.04956055 -0.00041580 0.02246094 -0.06640625 -0.00515747 -0.02050781 -0.05273438 -0.02355957 -0.02221680 -0.01220703 -0.00071335 0.00433350 0.08496094 -0.00692749 0.00051880 -0.06445312 0.18457031 -0.11132812 0.04492188 0.67187500 -0.00860596 -0.04394531 0.07910156 0.08007812 0.01312256 0.03759766 -0.03491211 0.00072098 -0.05786133 -0.03808594 0.09130859 0.02124023 -0.00086212 -0.04858398 -0.00042343 0.01055908 0.00072098 0.02429199 -0.00053787 -0.15917969 -0.10693359 -0.00799561 -0.05493164 0.17480469 -0.02307129 -0.00026894 0.06396484 0.01556396 -0.23632812 0.00198364 -0.21777344 0.14160156 0.00146484 -0.00115204 0.07373047 -0.16308594 -0.00084305 0.00025177 -0.01116943 0.00174713 0.03564453 -0.11621094 -0.05029297 -0.05053711 0.01599121 -0.15429688 -0.17578125 -0.00060654 -0.01214600 -0.00087357 -0.00015545 -0.00787354 -0.01818848 0.00086975 0.03466797 -0.02062988 -0.01409912 -0.04687500 0.03564453 0.08496094 -0.01696777 -0.00138092 -0.08007812 0.00799561 0.04418945 -0.10742188 0.00096893 -0.04663086 -0.05371094 0.00084305 -0.00285339 -0.03247070 -0.01275635 -0.11181641 -0.03295898 0.00113678 0.12597656 0.00439453 -0.02893066
-0.00066757 0.14941406 0.01452637 0.08544922 -0.00028610 0.02111816 0.04614258 0.15820312 0.16796875 0.04516602 -0.08837891 0.07568359 0.10498047 0.11621094 0.08984375 0.13574219 0.05200195 -0.10351562 0.00080109 0.18457031 0.20605469 0.14453125 0.00122070 0.04150391 0.13476562 -0.39648438 0.13476562 -0.05786133 0.00009871 0.04199219 -0.08447266 0.11230469 0.02209473 0.00010443 -0.00102997 0.12890625 0.19921875 0.00093460 0.00020885 -0.03198242 -0.00037956 -0.02648926 0.04541016 -0.05834961 0.03662109 0.09960938 -0.03393555 0.13378906 -0.01928711 0.08984375 -0.04248047 0.02612305 0.04321289 0.09228516 -0.00167084 0.02160645 0.00141907 0.00273132 -0.00509644 -0.02368164 -0.10791016 0.06933594 -0.09521484 0.00260925 -0.12500000 0.05859375 -0.06835938 -0.01025391 0.01916504 -0.00114441 -0.00021935 0.02758789 0.00057983 0.09619141 0.14843750 -0.03564453 0.00201416 0.11328125 0.07910156 0.11572266 0.07714844 -0.00112915 -0.00053406 0.07128906 0.09814453 -0.00118256 0.00006151 0.04199219 0.17480469 -0.07324219 0.19824219 -0.18066406 0.31250000 0.15625000 0.08886719 0.04443359 -0.05786133 -0.15234375 0.23730469 0.08447266 0.20507812 0.00915527 -0.00049973 0.02770996 0.07910156 0.09619141 -0.00183105 0.00482178 -0.00099945 0.16113281 0.10009766 0.09765625 0.10205078 0.07812500 -0.03222656 0.10253906 -0.03881836 -0.01501465 -0.03759766 0.13769531 -0.00133514 -0.02612305 0.04931641 -0.02478027 -0.06835938 -0.16992188 0.08837891 0.04052734 0.13281250 0.17089844 0.08398438 0.01623535 -0.00009727 0.08789062 0.04272461 0.13867188 0.15527344 0.00085068 0.01672363 0.02746582 0.07275391 0.00112915 -0.01196289 -0.00004268 0.00083923 0.10205078 0.14355469 -0.06494141 0.00315857 0.11962891 0.05688477 -0.11962891 0.08203125 -0.00116730 0.05346680 0.13085938 -0.00069046 0.11523438 0.00021362 0.14160156 0.01708984 -0.02661133 -0.23046875 0.16894531 -0.02453613 -0.02746582 0.08935547 -0.00106812 -0.05883789 0.07128906 -0.06787109 0.00122833 -0.42773438 0.04467773 0.18847656 0.13085938 0.00341797 -0.11523438 0.00897217 0.27539062 0.19628906 0.10693359 0.22753906 0.12792969 0.01831055 -0.09228516 0.33789062 -0.04394531 -0.11962891 -0.00003052 -0.02136230 0.00024796 0.12500000 0.00007200 0.03466797 -0.00095367 -0.01269531 0.11962891 0.02185059 -0.01043701 0.02124023 -0.10058594 0.00063324 -0.09667969 0.20996094 -0.04736328 0.01275635 0.16894531 -0.04956055 0.00102234 -0.00077438 0.14062500 0.01531982 0.00114441 0.11865234 -0.04589844 0.00027466 -0.00135803 0.11572266 -0.05102539 -0.33398438 0.05004883 0.12402344 -0.14355469 0.00162506 0.22070312 0.00166321 -0.00012589 -0.15625000 0.08789062 0.00130463 0.09472656 -0.05761719 0.09472656 -0.00692749 0.01458740 0.01525879 -0.05126953 -0.05664062 0.02941895 0.14648438 0.13964844 -0.10058594 -0.00094223 0.10400391 0.02185059 0.00101471 -0.00164032 0.10253906 -0.00769043 0.09130859 0.05126953 -0.00047302 -0.02343750 -0.32031250 -0.01342773
0.00117493 -0.05908203 -0.01312256 0.15332031 -0.27148438 -0.09179688 -0.30664062 -0.02246094 -0.00408936 -0.07958984 0.10546875 -0.12207031 0.07763672 -0.02355957 -0.18554688 0.10498047 -0.20117188 0.00915527 0.00151062 0.02221680 0.00195312 -0.13378906 -0.00138855 -0.15527344 -0.12060547 0.34179688 -0.68750000 0.17285156 0.00021362 0.00280762 0.26171875 -0.02111816 0.02587891 -0.00116730 0.00051880 -0.09472656 0.00265503 0.00119019 0.00128174 0.21191406 0.00098419 -0.08642578 -0.02490234 0.07470703 0.09863281 0.01208496 0.06176758 0.00138092 0.08740234 0.03759766 -0.04418945 0.01574707 -0.05297852 -0.12988281 -0.53515625 -0.01519775 0.00073624 0.00060272 0.08105469 -0.06396484 0.15234375 -0.03344727 -0.00390625 0.07470703 -0.14453125 0.05761719 0.07031250 0.05395508 0.01098633 -0.00124359 -0.00111389 -0.02697754 0.00094604 -0.16601562 -0.01721191 -0.26562500 -0.00045967 -0.00016499 -0.02783203 -0.26757812 -0.18457031 0.00130463 -0.00141144 -0.06933594 0.08398438 -0.00133514 -0.00053787 0.15625000 -0.02392578 0.03198242 -0.04931641 -0.40039062 0.04565430 0.09082031 0.02221680 0.13183594 0.00674438 -0.17382812 -0.07763672 -0.13378906 0.02893066 0.06030273 -0.00007582 -0.05468750 -0.37109375 0.01202393 -0.00135040 -0.34765625 -0.00022411 0.03686523 -0.05590820 -0.47851562 -0.06201172 0.00337219 0.01647949 0.01495361 -0.13183594 0.07958984 -0.03320312 -0.02209473 -0.00167084 0.11376953 0.15039062 0.01696777 0.06787109 -0.04077148 -0.19433594 -0.03833008 0.03979492 0.03198242 -0.64843750 0.00738525 -0.00053406 -0.02929688 -0.04663086 0.19921875 -0.22460938 -0.00049210 0.19628906 -0.52734375 0.01733398 -0.00037956 -0.16894531 0.00032806 0.00090027 -0.01953125 0.01007080 -0.02172852 -0.22363281 0.01483154 -0.01940918 0.29101562 -0.00073624 -0.00205994 0.01452637 -0.10498047 0.18359375 -0.04833984 -0.00085449 -0.04003906 -0.09570312 -0.03027344 0.07421875 0.05371094 0.06250000 0.03784180 0.03881836 0.00041008 -0.11865234 0.00172424 0.07373047 -0.00135803 0.00558472 -0.04248047 -0.04687500 0.00717163 0.19726562 0.05883789 -0.78515625 -0.01190186 -0.06054688 -0.07373047 -0.01055908 0.06396484 -0.00011539 0.03320312 0.05273438 0.18652344 0.02099609 0.00125122 -0.02319336 0.00035286 0.02563477 -0.00106049 0.11865234 0.00021172 -0.85937500 -0.35351562 0.25585938 -0.02111816 0.04028320 -0.02050781 -0.00018024 -0.49609375 0.04541016 0.25976562 0.11767578 -0.05712891 0.12695312 0.00096130 -0.00143433 -0.07080078 0.01409912 -0.00001538 0.05810547 -0.05151367 -0.00003767 0.06982422 -0.00634766 -0.05297852 -0.06787109 -0.01049805 0.01257324 -0.32812500 0.00073624 0.00515747 -0.00088882 0.00002301 0.21484375 0.06396484 0.00065994 -0.19238281 0.13574219 0.01556396 0.02416992 -0.50390625 0.12500000 0.01214600 0.01684570 -0.07763672 0.04296875 -0.02783203 0.18945312 -0.00057602 -0.71875000 0.12109375 -0.00091934 -0.00182343 0.00314331 -0.01806641 -0.14355469 0.14648438 0.00074005 0.09179688 -0.09912109 -0.10205078
-0.00174713 -0.00081635 -0.00389099 -0.00299072 -0.00099182 -0.00096130 -0.00198364 -0.00346375 0.00028801 -0.00093460 -0.00167847 -0.00282288 -0.00373840 -0.00180817 -0.00210571 -0.00088882 -0.00245667 -0.00349426 -0.00160217 -0.00288391 0.00075150 0.00104523 -0.00098419 -0.00260925 -0.00134277 -0.00372314 -0.00088120 -0.00296021 -0.00122070 0.00318909 0.00306702 -0.00233459 -0.00101471 0.00019646 -0.00138092 -0.00375366 0.00090408 0.00027084 0.00068665 -0.00354004 -0.00015163 -0.00094223 -0.00099945 -0.00207520 -0.00146484 -0.00096893 -0.00364685 -0.00247192 -0.00196838 -0.00375366 -0.00158691 -0.00338745 -0.00375366 -0.00096512 -0.00260925 -0.00259399 -0.00155640 -0.00337219 -0.00173187 -0.00198364 -0.00196838 -0.00154114 -0.00361633 -0.00187683 -0.00346375 -0.00007677 -0.00233459 0.00138092 -0.00227356 -0.00063324 0.00123596 -0.00222778 -0.00135040 -0.00331116 -0.00077820 -0.00265503 -0.00169373 0.00170135 0.00248718 -0.00143433 0.00191498 -0.00175476 -0.00046158 -0.00315857 -0.00109100 0.00080872 0.00038719 -0.00193787 -0.00184631 -0.00245667 -0.00034904 0.00120544 -0.00093842 -0.00058746 -0.00178528 -0.00355530 0.00089264 -0.00289917 -0.00134277 -0.00199890 -0.00384521 -0.00189209 0.00070572 -0.00212097 -0.00355530 -0.00142670 -0.00177002 -0.00294495 0.00069427 -0.00323486 -0.00282288 -0.00139618 -0.00189972 -0.00205994 -0.00090408 -0.00115204 -0.00254822 0.00055695 -0.00270081 -0.00195312 -0.00114441 -0.00340271 -0.00375366 0.00253296 0.00192261 -0.00205994 -0.00194550 -0.00124359 -0.00175476 -0.00363159 0.00008106 -0.00347900 0.00109863 -0.00219727 -0.00122070 -0.00340271 -0.00317383 0.00096130 -0.00172424 0.00135040 -0.00254822 0.00085068 -0.00111389 -0.00028992 0.00140381 0.00074005 -0.00190735 -0.00323486 -0.00194550 -0.00289917 -0.00109863 0.00280762 -0.00335693 -0.00006866 -0.00387573 -0.00145721 -0.00340271 -0.00325012 -0.00015259 -0.00323486 -0.00267029 -0.00300598 0.00141907 0.00097656 0.00177765 -0.00209045 -0.00183868 0.00117493 -0.00331116 -0.00305176 -0.00198364 0.00090027 -0.00299072 0.00060272 -0.00129700 -0.00141144 -0.00096512 -0.00344849 -0.00221252 -0.00180054 -0.00128937 -0.00134277 0.00139618 -0.00188446 -0.00125122 -0.00332642 -0.00118256 0.00024414 -0.00191498 0.00049973 -0.00107574 0.00083542 -0.00291443 -0.00070953 -0.00132751 -0.00006723 -0.00334167 -0.00250244 -0.00344849 -0.00186157 -0.00115967 -0.00097275 -0.00066757 -0.00215149 -0.00205994 -0.00108337 -0.00346375 -0.00254822 -0.00092316 0.00049591 -0.00036812 -0.00355530 -0.00081635 0.00109100 -0.00099182 -0.00154877 -0.00036240 -0.00141144 -0.00341797 -0.00390625 -0.00253296 -0.00134277 -0.00183868 -0.00180817 -0.00048256 0.00279236 -0.00056458 0.00077057 -0.00393677 0.00238037 0.00038147 -0.00378418 -0.00337219 -0.00126648 -0.00289917 -0.00321960 -0.00285339 -0.00221252 -0.00145721 0.00188446 -0.00204468 -0.00233459 -0.00263977 0.00122070 -0.00247192 -0.00096512 0.00094604 -0.00018883 -0.00312805 0.00003529 -0.00338745 0.00144196 0.00057983 -0.00370789 -0.00245667 -0.00378418
-0.00044250 0.03417969 0.02575684 -0.01013184 0.02416992 0.03881836 -0.01483154 -0.03271484 -0.10205078 0.18261719 -0.12792969 -0.09619141 -0.02136230 0.00390625 0.23144531 0.08398438 0.19238281 0.13769531 0.00163269 0.23828125 0.04956055 -0.03344727 -0.00112915 -0.08154297 0.00366211 0.06982422 0.07763672 -0.02343750 0.00058365 -0.16015625 -0.04003906 0.00622559 -0.12695312 0.00070190 0.00164032 0.07812500 0.23828125 -0.00038910 0.00041389 0.00201416 0.00125885 -0.08935547 0.23046875 0.07177734 -0.07470703 -0.17871094 0.60546875 0.07128906 -0.00588989 -0.00463867 -0.00744629 0.31445312 0.20996094 -0.07617188 0.02331543 0.08105469 0.00070572 0.04272461 -0.22363281 -0.16015625 0.05908203 -0.11816406 0.14746094 -0.03613281 0.06079102 -0.05590820 -0.05029297 0.12597656 0.00291443 -0.00028229 -0.00069427 -0.00349426 -0.00061417 0.23828125 0.40625000 -0.33203125 -0.00006247 0.00120544 0.05541992 0.00674438 -0.04028320 0.00076675 0.00096130 0.44335938 -0.02062988 -0.00123596 0.00029182 -0.06542969 0.03442383 -0.10302734 0.12011719 -0.04443359 0.02514648 0.16992188 -0.02087402 -0.17187500 0.07763672 -0.53515625 0.30664062 0.88281250 0.39648438 0.02734375 -0.00031471 0.12304688 0.03808594 0.23535156 -0.00132751 0.15234375 -0.00045013 0.09082031 0.58984375 -0.00939941 0.05639648 -0.03295898 0.19433594 0.01611328 -0.22460938 -0.08154297 0.03344727 0.07763672 0.00069427 0.06494141 -0.12695312 -0.03833008 -0.42578125 0.03051758 -0.00248718 0.02343750 -0.03442383 -0.04541016 0.03613281 -3.40625000 -0.00001478 0.11914062 0.19042969 -0.26757812 0.04467773 -0.00074768 -0.22265625 -0.07910156 0.43554688 0.00183868 -0.27929688 -0.00009537 -0.00028610 -0.10058594 -0.02648926 -0.15332031 0.09375000 0.07226562 0.02819824 0.10449219 -0.04565430 -0.00160980 0.11474609 -0.07714844 -0.12060547 -0.00836182 -0.00099945 0.64062500 0.22167969 0.01483154 0.50390625 -0.21679688 -0.12255859 -0.05273438 0.16015625 -0.00102997 0.01672363 -0.04418945 -0.37109375 -0.00001562 -0.00698853 -0.07568359 0.06201172 0.03735352 -0.18750000 -0.26562500 0.00982666 -0.08007812 0.02770996 0.06738281 -0.00781250 -0.19335938 -0.01220703 0.01104736 -0.10546875 -0.19042969 -0.41210938 -0.00060654 0.16406250 -0.00078201 -0.96484375 0.00032425 -0.08349609 -0.00022316 -0.03369141 0.08154297 -0.49218750 -0.03564453 0.00393677 0.00373840 0.00028038 -0.07714844 0.00564575 -0.04589844 0.02929688 0.02685547 -0.16210938 0.00192261 0.00018883 -0.03833008 -0.00817871 -0.00043488 -0.32812500 -0.00043106 -0.00045967 0.10156250 -0.04101562 -0.12158203 -0.17089844 0.07910156 0.01367188 -0.05175781 -0.00094986 -0.07763672 -0.00091171 0.00142670 -0.31250000 0.17089844 0.00129700 -0.15625000 -0.16796875 0.05200195 -0.11279297 0.03540039 -0.06250000 0.23632812 -0.02917480 -0.04174805 -0.12402344 -0.02868652 0.14355469 0.00089645 0.11572266 -0.02001953 -0.00002909 -0.00072098 -0.11279297 -0.09179688 0.11718750 -0.10742188 0.00169373 0.00124359 -0.62500000 -0.01184082
0.00110626 0.00171661 -0.00083923 -0.00273132 -0.00122070 -0.00119781 -0.00002182 -0.00106049 -0.00101471 -0.00125885 -0.00188446 -0.00198364 -0.00153351 -0.00225830 -0.00017262 -0.00146484 0.00055313 -0.00247192 0.00075150 -0.00064850 0.00001538 0.00051498 0.00019073 -0.00299072 0.00021648 0.00057983 0.00072861 -0.00154114 -0.00057602 0.00006104 -0.00039291 -0.00212097 -0.00135040 0.00044441 0.00043488 0.00051498 0.00049591 0.00050354 0.00072479 -0.00022984 -0.00071716 0.00015068 -0.00103760 -0.00009632 -0.00107574 -0.00099182 -0.00180817 -0.00129700 -0.00099182 0.00049973 0.00015259 0.00066376 -0.00178528 -0.00087738 -0.00066757 0.00005889 -0.00054550 -0.00008678 -0.00052261 0.00057602 -0.00148773 -0.00152588 0.00088882 -0.00138092 -0.00090790 -0.00074768 -0.00242615 -0.00311279 -0.00022888 0.00017929 -0.00145721 -0.00063324 -0.00154877 -0.00012112 -0.00260925 -0.00115967 -0.00142670 0.00111389 -0.00119019 -0.00099182 -0.00098419 -0.00042725 -0.00133514 -0.00080872 -0.00112915 0.00096893 -0.00144958 -0.00111389 -0.00093079 -0.00035667 -0.00135040 -0.00061798 -0.00178528 -0.00180054 -0.00091171 0.00082779 -0.00140381 0.00058746 -0.00069427 -0.00029182 -0.00225830 0.00019169 0.00001955 -0.00274658 0.00021172 0.00093842 0.00089264 0.00048828 0.00071716 0.00062180 -0.00077057 -0.00086975 -0.00117493 -0.00017548 -0.00039864 -0.00064087 -0.00098419 -0.00195312 0.00034142 0.00053406 0.00032425 -0.00035858 -0.00084305 -0.00115204 -0.00338745 0.00001097 -0.00107574 -0.00218201 0.00040817 -0.00137329 -0.00069046 -0.00145721 -0.00159454 -0.00177765 -0.00096130 0.00108337 -0.00119781 -0.00167084 -0.00123596 -0.00024414 -0.00129700 0.00118256 0.00138855 -0.00017929 0.00084305 -0.00160217 -0.00067902 -0.00042725 -0.00030708 0.00049973 -0.00025749 -0.00062180 -0.00054932 0.00085068 0.00018311 -0.00125122 0.00045586 0.00088501 0.00080109 0.00016308 0.00024796 -0.00050354 0.00025368 -0.00048256 -0.00179291 -0.00045013 -0.00113678 -0.00109100 -0.00036430 0.00084686 -0.00219727 0.00009346 -0.00023746 -0.00020313 0.00002623 0.00124359 0.00009537 0.00007868 0.00009489 0.00028801 -0.00177765 0.00089264 0.00056458 0.00120544 -0.00138092 0.00104523 -0.00005484 -0.00028229 -0.00032043 -0.00067139 -0.00172424 -0.00087738 -0.00230408 0.00039101 -0.00090027 0.00037766 -0.00003576 0.00029945 -0.00164795 -0.00167847 -0.00076294 0.00021553 -0.00138855 -0.00058746 0.00028419 -0.00225830 0.00225830 -0.00182343 -0.00126648 -0.00139618 -0.00088501 0.00086975 -0.00093079 -0.00006628 -0.00172424 0.00100708 -0.00008059 -0.00082397 0.00000870 0.00014210 -0.00173950 0.00051498 -0.00135803 -0.00285339 -0.00082397 -0.00144196 0.00111389 0.00027275 -0.00042915 0.00084305 0.00079727 -0.00020504 0.00233459 -0.00150299 0.00021648 -0.00072861 0.00010061 -0.00072861 -0.00108337 -0.00113678 -0.00017262 0.00036049 -0.00151062 0.00042915 -0.00087738 0.00010347 0.00089264 0.00039101 0.00120544 -0.00095367 0.00002050 -0.00067520 0.00068665 -0.00154114 -0.00031090 -0.00166321
0.00081253 0.07128906 0.08642578 -0.06079102 0.07861328 -0.00708008 -0.01312256 0.04711914 0.03027344 0.11767578 0.09228516 -0.02636719 0.03613281 0.02941895 -0.19531250 0.17480469 -0.00604248 0.01324463 0.00072098 0.12792969 0.16601562 0.03149414 0.00115967 -0.18164062 0.08837891 0.23437500 -0.12158203 -0.10302734 0.00034332 0.17382812 -0.07031250 0.05981445 0.01000977 -0.00054932 -0.00099182 0.14355469 0.14257812 0.00102997 -0.00070572 -0.03100586 -0.00080872 0.05395508 0.12890625 -0.01312256 -0.07861328 0.13964844 -0.03710938 0.06030273 0.03222656 0.12500000 0.05053711 -0.11230469 -0.41015625 0.06738281 -0.06396484 -0.14843750 -0.00040627 0.01977539 0.12304688 -0.08154297 0.09277344 0.05444336 -0.00836182 -0.08105469 -0.22949219 0.05737305 0.04003906 0.04541016 -0.00509644 -0.00160217 -0.00170898 0.04516602 0.00049973 0.13671875 0.14355469 -0.07128906 -0.00031853 0.03540039 0.06689453 0.08886719 -0.00115967 -0.00131226 -0.00069427 0.13964844 0.02685547 -0.00139618 -0.00015640 -0.10986328 0.06835938 0.06176758 0.08447266 -0.26953125 0.23632812 0.20605469 0.14941406 -0.06152344 -0.02001953 0.09033203 -0.03540039 0.02685547 0.15332031 0.10546875 -0.00043488 0.11425781 -0.06689453 0.16406250 -0.00155640 -0.06079102 -0.00025940 -0.02661133 0.16503906 -0.16308594 0.10205078 0.08398438 -0.02563477 0.04541016 0.11328125 0.08691406 0.07617188 0.11669922 0.00023174 -0.05175781 -0.07812500 0.09716797 0.06835938 0.05786133 -0.04418945 0.00190735 0.13378906 0.20507812 -0.00750732 0.01507568 0.00111389 0.07324219 0.06738281 0.22558594 0.14062500 0.00050735 0.13671875 -0.19140625 -0.01953125 -0.00069427 -0.09863281 -0.00100708 0.00145721 0.16699219 0.07470703 0.03662109 0.19824219 0.08886719 0.06542969 -0.00759888 0.01440430 0.00015926 -0.04589844 0.12304688 0.06030273 0.03930664 -0.00112152 0.13769531 0.10644531 -0.05908203 -0.29296875 0.22558594 0.06054688 0.05249023 0.00402832 0.00118256 0.05761719 0.10644531 -0.16796875 -0.00068665 0.19726562 -0.03198242 0.14453125 0.03564453 -0.22070312 -0.20703125 -0.18066406 -0.13378906 0.04077148 0.13476562 -0.05200195 0.19042969 0.15234375 -0.20898438 0.02026367 0.03637695 0.09667969 -0.00075531 0.00427246 0.00106049 -0.01647949 -0.00057602 -0.09375000 -0.00087738 -0.17968750 0.09863281 0.13378906 -0.14843750 -0.00762939 -0.00488281 -0.00106812 -0.04956055 0.18359375 -0.10546875 0.06787109 0.10595703 -0.07568359 0.00079346 -0.00136566 0.07031250 0.02429199 -0.00013447 0.19531250 -0.00735474 0.00052261 0.04565430 0.15820312 0.01745605 0.00762939 0.06982422 0.03662109 -0.25585938 -0.00090790 0.24316406 0.00112152 -0.00117493 -0.13769531 -0.01483154 0.00001419 -0.14062500 0.10107422 0.12109375 0.02294922 0.18457031 -0.09033203 0.00154877 -0.06176758 0.07275391 0.15917969 0.04199219 -0.03320312 -0.00085068 -0.08251953 -0.08593750 -0.00195312 -0.00051880 0.05639648 0.08203125 0.10986328 0.15136719 -0.00063324 -0.02001953 -0.00817871 0.06835938
0.00024986 0.01672363 -0.39648438 -0.02880859 -0.22753906 0.34179688 -0.03039551 -0.06298828 -0.08398438 -0.03710938 -0.09960938 0.14648438 -0.03295898 -0.11669922 0.10498047 0.08251953 0.12060547 -0.32031250 0.00024605 0.11669922 -0.00102234 -0.03369141 -0.00117493 0.05078125 -0.01293945 -0.04858398 0.02062988 0.03881836 -0.00048828 0.02917480 -0.09960938 0.00677490 -0.15625000 0.00026703 0.00021458 0.18164062 0.40429688 -0.00056076 -0.00044060 0.02783203 -0.00059128 -0.36132812 0.19042969 0.06884766 0.00070572 0.01867676 0.14648438 0.01867676 -0.43945312 0.22753906 -0.38867188 -0.41601562 0.06445312 0.08789062 0.14062500 -0.08300781 0.00052261 -0.04223633 0.12451172 0.11621094 -0.08154297 -0.13671875 0.43554688 -0.00154114 -0.02380371 0.05834961 -0.46679688 -0.49023438 -0.05419922 0.00144196 -0.00048256 -0.48046875 -0.00072479 0.19140625 0.24023438 -0.23828125 -0.00063324 0.01092529 -0.28710938 0.05419922 -0.10546875 -0.00012684 0.00065613 0.36718750 -0.05004883 -0.00270081 -0.00126648 -0.11376953 -0.07080078 0.07617188 -0.15429688 -0.19335938 -0.08837891 0.10058594 0.23925781 0.14746094 0.06005859 -0.24707031 0.46289062 0.07324219 0.36132812 0.25195312 -0.00094986 0.53906250 0.06201172 0.14648438 0.00236511 -0.01458740 0.00163269 0.43164062 0.51562500 -0.04370117 -0.00558472 0.41015625 -0.11523438 -0.07763672 0.05468750 0.29492188 -0.06347656 -0.02404785 0.00021744 0.01281738 -0.04370117 -0.54296875 -0.21289062 0.19824219 0.02026367 -0.14843750 0.01055908 -0.03515625 -0.11523438 0.00836182 0.00006914 0.42968750 0.50781250 -0.18164062 -0.03198242 -0.00033951 -0.26171875 -0.17968750 -0.04638672 -0.00038338 -0.29296875 -0.00074005 -0.00074387 0.26757812 -0.00361633 -0.05102539 -0.00396729 -0.08789062 0.07568359 0.20214844 -0.04858398 -0.00123596 0.14453125 0.01348877 -0.51171875 -0.04931641 -0.00024128 0.49804688 0.15234375 -0.33984375 0.42187500 -0.20605469 0.39257812 0.42773438 0.15625000 -0.00010681 -0.08837891 0.04003906 -0.41601562 -0.00083923 0.21972656 -0.04296875 -0.05639648 -0.07177734 -0.18945312 -0.10400391 -0.08593750 -0.47460938 -0.04785156 0.03613281 -0.25781250 -0.06176758 -0.02624512 -0.13085938 0.08496094 -0.22851562 -0.41601562 0.00091934 -0.01129150 0.00010490 0.11181641 0.00079346 -0.06542969 0.00032997 0.10107422 -0.02624512 -0.25781250 -0.15917969 -0.04199219 0.24316406 -0.00075912 0.05053711 -0.01055908 0.01892090 -0.25976562 -0.09667969 -0.08349609 -0.00204468 0.00075912 -0.03369141 0.01843262 -0.00067902 -0.06103516 0.43554688 0.00023365 0.50781250 0.46289062 -0.01513672 0.17871094 -0.01904297 0.04833984 -0.16699219 0.00138855 0.32812500 0.00097275 -0.00068665 0.09033203 0.26171875 0.00105286 -0.01989746 0.23339844 -0.04980469 -0.32617188 0.06884766 0.01672363 -0.56250000 -0.51171875 0.19238281 -0.49609375 -0.08740234 0.17578125 -0.00041389 0.09277344 -0.00479126 0.00090408 -0.00146484 -0.08691406 0.16992188 0.64062500 0.00903320 -0.00106049 0.04003906 -0.04565430 -0.48632812
0.00101471 -0.00178528 0.00111389 0.00040817 -0.00146484 -0.00173950 -0.00048065 0.00104523 -0.00040245 -0.00165558 -0.00143433 -0.00037575 0.00011015 -0.00118256 -0.00021267 -0.00168610 0.00073624 0.00013924 0.00118256 -0.00166321 -0.00062943 0.00115967 -0.00136566 -0.00005722 -0.00183105 -0.00027657 -0.00122833 -0.00186920 0.00069809 0.00086212 0.00075531 0.00056076 -0.00081253 -0.00138092 -0.00038338 0.00043106 -0.00150299 -0.00097656 0.00085068 -0.00087738 -0.00171661 0.00008965 0.00121307 -0.00003219 -0.00059509 0.00001359 0.00021362 0.00099182 -0.00042152 0.00065994 -0.00180054 -0.00037003 -0.00003481 -0.00141907 -0.00117493 -0.00049591 0.00086212 0.00009823 0.00047493 -0.00009203 0.00022602 0.00023937 -0.00013447 0.00003505 -0.00144196 0.00012302 0.00016308 0.00091934 -0.00084305 0.00093460 0.00019264 0.00066376 -0.00054169 -0.00077438 0.00054550 -0.00044632 -0.00134277 -0.00065613 0.00005651 -0.00046158 -0.00092316 -0.00173950 -0.00062561 -0.00064468 0.00074768 0.00029564 -0.00125885 0.00050354 -0.00114441 0.00008631 0.00065994 -0.00167084 -0.00086212 0.00083160 0.00094223 0.00040054 -0.00021076 -0.00154114 -0.00079346 0.00081253 0.00101471 -0.00024033 -0.00070572 -0.00087357 -0.00033379 0.00101471 0.00061417 -0.00124359 -0.00161743 0.00021935 0.00040436 -0.00089645 0.00008154 -0.00102997 -0.00167847 0.00041962 -0.00170898 0.00096893 -0.00076294 -0.00004816 0.00080109 -0.00148010 -0.00164795 0.00007629 -0.00085068 -0.00131989 -0.00046349 -0.00161743 0.00008774 -0.00128937 -0.00152588 -0.00141144 0.00094604 -0.00004983 -0.00058365 -0.00051498 -0.00048828 0.00065994 0.00085831 0.00003457 0.00115967 0.00065994 0.00049591 0.00043488 0.00116730 0.00075912 0.00007582 -0.00105286 -0.00018978 -0.00076294 -0.00142670 -0.00038528 0.00102234 -0.00015068 0.00059128 0.00084686 -0.00145721 -0.00103760 0.00006628 0.00034904 -0.00141144 -0.00069427 -0.00083542 0.00057602 -0.00111389 0.00042725 -0.00050735 -0.00063324 -0.00152588 -0.00072098 0.00053787 0.00112915 -0.00057220 0.00007820 -0.00175476 -0.00012398 -0.00070572 -0.00125122 0.00101471 0.00121307 -0.00118256 -0.00111389 0.00060272 0.00068283 0.00029755 -0.00172424 -0.00009251 0.00052261 -0.00050354 0.00059509 0.00072861 -0.00140381 -0.00079727 -0.00046730 -0.00093460 -0.00076675 -0.00001389 0.00089645 -0.00089645 -0.00171661 0.00042534 0.00068283 0.00058746 -0.00062180 0.00040817 -0.00044060 -0.00037956 0.00003910 -0.00046539 0.00129700 0.00028801 -0.00144958 -0.00152588 0.00010967 -0.00085831 0.00080490 -0.00069046 0.00060272 0.00019455 0.00095367 0.00030136 0.00006342 -0.00052261 0.00035286 -0.00007534 -0.00146484 0.00056076 -0.00094986 0.00013256 0.00077820 -0.00074768 -0.00142670 0.00041199 -0.00157166 -0.00131226 0.00030899 0.00098419 -0.00078583 0.00001729 -0.00056839 -0.00170898 0.00102997 -0.00147247 -0.00084686 0.00020123 -0.00113678 -0.00040627 0.00001788 -0.00080490 -0.00105286 -0.00046539 -0.00176239 0.00144958 -0.00088882 -0.00060272 -0.00175476
0.00035667 -0.06103516 0.01025391 0.32031250 -0.34765625 -0.21386719 0.22656250 0.03979492 0.03930664 -0.15722656 -0.01080322 0.18554688 0.03027344 0.05322266 0.16894531 -0.27148438 0.06298828 -0.16503906 0.00026894 -0.05541992 0.19921875 0.35156250 -0.00093079 0.02270508 0.14941406 0.03088379 -0.15820312 0.41796875 -0.00153351 -0.13867188 -0.09619141 -0.09619141 0.05126953 0.00186920 0.00041580 -0.04956055 -0.07666016 -0.00039673 0.00090790 -0.00689697 -0.00074768 -0.08984375 -0.04174805 -0.02172852 -0.03002930 0.15136719 -0.05322266 -0.01855469 -0.07275391 0.07177734 0.00148773 -0.04614258 -0.16210938 0.03857422 0.14550781 -0.19140625 0.00041389 -0.03173828 -0.17773438 0.17089844 0.05004883 0.01477051 -0.10986328 -0.12695312 -0.02795410 0.05786133 -0.06689453 -0.17968750 0.13769531 0.00146484 -0.00010824 -0.03198242 -0.00090790 -0.18554688 -0.05932617 -0.11425781 0.00186157 0.14941406 -0.07080078 -0.13671875 0.18359375 0.00067902 0.00114441 -0.04150391 0.01110840 -0.00166321 -0.00066757 0.21289062 0.09130859 -0.09228516 0.21582031 -0.13085938 0.26562500 0.00854492 0.01708984 -0.09277344 0.10205078 -0.10009766 0.43164062 0.11083984 -0.32031250 0.29687500 -0.00093842 0.03051758 0.53515625 -0.04931641 -0.00128937 -0.28125000 0.00119781 -0.25195312 -0.09960938 -0.05297852 0.23828125 -0.01184082 -0.00448608 -0.02087402 -0.06884766 -0.00579834 -0.06445312 0.22851562 0.00159454 0.00616455 0.04833984 -0.00267029 0.06542969 0.02233887 0.39062500 -0.01269531 0.43750000 -0.43359375 -0.14062500 -0.04077148 0.00099182 -0.06787109 -0.01373291 -0.48242188 -0.18945312 0.00038910 -0.01452637 -0.12353516 -0.10302734 0.00031281 0.01104736 0.00152588 0.00084686 0.42968750 0.26171875 -0.19042969 -0.26757812 0.05346680 0.12402344 0.03149414 0.05932617 -0.00180817 0.13476562 0.21484375 0.04833984 -0.11621094 -0.00052261 -0.11230469 0.11523438 0.15722656 -0.03112793 -0.07421875 -0.25976562 -0.21191406 -0.15917969 -0.00037384 0.06005859 0.26757812 0.07617188 0.00124359 -0.06933594 -0.03491211 -0.03491211 0.12451172 0.02661133 -0.06835938 -0.78125000 -0.14746094 0.29296875 0.09765625 -0.14746094 0.14550781 0.43945312 0.46484375 -0.05590820 -0.02722168 -0.03710938 -0.00011158 0.08789062 -0.00061035 0.08935547 -0.00099182 0.00500488 0.00160980 -0.67578125 0.07177734 -0.04565430 0.09521484 -0.06835938 -0.07275391 -0.00123596 -0.08544922 -0.14453125 0.22558594 0.49218750 -0.32421875 0.42578125 0.00318909 0.00089264 -0.02905273 -0.34179688 0.00094604 -0.13378906 -0.18359375 -0.00046539 0.18164062 -0.03564453 0.47265625 0.01782227 0.25000000 -0.01403809 -0.18847656 0.00135803 -0.19433594 0.00115967 0.00154877 0.15332031 0.31640625 0.00107574 0.03564453 0.05004883 0.27929688 -0.44531250 0.07421875 -0.08154297 -0.04394531 0.00817871 0.08984375 -0.21582031 -0.12695312 0.18359375 -0.00047493 0.21191406 -0.08496094 0.00052261 -0.00054932 -0.10595703 0.08105469 -0.03149414 0.12890625 -0.00053787 0.01232910 -0.04467773 0.12304688
-0.00010157 0.17480469 0.04614258 0.13378906 0.32421875 -0.03784180 0.01269531 0.08886719 0.16601562 -0.13378906 -0.07910156 0.08544922 0.13183594 0.09765625 0.11279297 -0.07373047 -0.01348877 0.51953125 -0.00006080 -0.01464844 0.00109863 0.11132812 -0.00159454 -0.03710938 0.07177734 -0.76171875 -0.12890625 0.00350952 0.00125122 -0.09082031 -0.03662109 0.11083984 0.21679688 0.00111389 -0.00069809 0.03247070 -0.01843262 0.00035477 0.00125885 0.22265625 0.00184631 -0.03271484 -0.20507812 -0.04077148 0.04003906 0.06396484 -0.45703125 0.08789062 0.09375000 -0.07617188 -0.16796875 -0.17285156 0.23828125 0.11816406 -0.01733398 -0.00656128 0.00021553 0.18750000 -0.01226807 -0.05810547 0.01013184 0.21777344 -0.35742188 0.01055908 0.11279297 0.05664062 -0.05639648 -0.22753906 0.31250000 -0.00024986 -0.00122833 -0.04125977 0.00053787 0.11914062 -0.10351562 0.58593750 0.00050354 0.13574219 -0.27734375 0.03662109 0.04589844 0.00156403 -0.00023270 -0.10693359 0.09033203 -0.00205994 0.00037193 0.01635742 0.14355469 -0.18359375 0.26562500 -0.33203125 -0.03564453 0.04492188 -0.00878906 -0.03369141 -0.07568359 -0.10351562 0.10595703 -0.04370117 0.04516602 -0.19238281 0.00146484 -0.13867188 0.07568359 0.08837891 0.00247192 -0.04248047 0.00066376 -0.11621094 0.03710938 -0.02526855 0.22363281 0.12109375 -0.01794434 0.03466797 0.25000000 -0.04248047 -0.01611328 -0.01037598 0.00122070 -0.01263428 0.03564453 0.09423828 -0.27734375 -0.16308594 -0.00613403 0.07763672 -0.09667969 0.02917480 0.09716797 0.03662109 0.00152588 0.16406250 -0.18359375 -0.02197266 -0.11083984 0.00135803 -0.14160156 0.05761719 -0.43359375 0.00055695 -0.09570312 0.00056458 0.00021172 0.17968750 -0.24707031 0.05224609 0.06884766 0.06884766 0.10498047 -0.30273438 0.01611328 -0.00034714 0.22656250 0.03149414 0.04931641 0.16015625 0.00078583 -0.12060547 0.00952148 0.45507812 -0.53125000 0.01031494 0.02172852 -0.02307129 -0.32812500 -0.00083160 0.14746094 0.12158203 -0.06127930 -0.00053406 -0.16601562 0.07666016 0.08837891 0.13671875 0.08007812 -0.18652344 -0.18164062 -0.07226562 0.20605469 -0.06982422 0.09033203 -0.03662109 -0.26757812 0.00415039 -0.61328125 0.08886719 -0.07617188 0.00149536 0.05371094 -0.00013924 -0.47656250 -0.00090790 0.04785156 -0.00111389 -0.18945312 0.00488281 -0.08056641 0.27929688 0.00534058 0.58984375 -0.00177765 -0.06079102 -0.14648438 -0.07031250 -0.11816406 0.13085938 0.08691406 0.00289917 0.00125122 0.05664062 -0.09179688 0.00003672 -0.06298828 0.00994873 0.00102997 -0.14648438 -0.16894531 -0.27539062 0.22753906 0.14160156 0.12011719 -0.24316406 0.00103760 -0.11376953 0.00132751 -0.00050735 -0.06445312 -0.01721191 -0.00023842 -0.35742188 -0.09521484 0.08007812 -0.02160645 -0.24511719 0.01141357 -0.35351562 0.02233887 -0.35156250 -0.10107422 0.15820312 -0.05249023 -0.00064468 -0.00118256 -0.03808594 -0.00018024 -0.00102997 0.29296875 0.03979492 -0.05297852 -0.15332031 -0.00085449 -0.00421143 -0.20898438 -0.00091171
-0.00141144 -0.02258301 0.02270508 -0.04663086 0.02233887 0.02539062 0.03393555 0.02282715 -0.04321289 0.10449219 0.13671875 -0.01953125 -0.02465820 -0.00817871 -0.32421875 0.12451172 0.01879883 0.03088379 0.00083923 0.13574219 0.12597656 -0.01281738 0.00038719 -0.06250000 0.01104736 0.26757812 -0.11767578 -0.07666016 0.00030899 0.13085938 -0.06347656 -0.01623535 0.01135254 0.00053024 -0.00139618 0.08886719 0.15625000 0.00077820 0.00084686 -0.12890625 -0.00034714 -0.04785156 0.12060547 0.01556396 -0.10156250 0.03076172 0.13867188 0.01647949 0.01928711 0.10791016 0.10986328 -0.04003906 0.24707031 0.03784180 -0.01025391 -0.12304688 0.00122833 0.03759766 0.05004883 0.10791016 0.13574219 0.09033203 -0.06445312 -0.10546875 -0.17285156 0.05541992 -0.01599121 0.02954102 -0.07714844 -0.00136566 -0.00157166 -0.01770020 0.00046730 0.11279297 0.14648438 -0.02502441 0.00018787 -0.04248047 0.08691406 0.05297852 0.05712891 -0.00167084 0.00041389 0.12597656 -0.01446533 -0.00384521 0.00056839 -0.09179688 0.01770020 -0.05297852 0.07958984 -0.11816406 0.16503906 0.07714844 0.05297852 -0.15917969 0.11376953 0.17578125 0.24121094 -0.09228516 0.10302734 0.11572266 -0.00177765 0.06738281 -0.05883789 0.10302734 -0.00267029 -0.07568359 -0.00120544 -0.11181641 0.20898438 -0.13671875 0.02526855 0.05444336 0.06591797 -0.01062012 0.02185059 0.02954102 0.05468750 0.11035156 -0.00168610 -0.06298828 -0.10205078 0.03759766 0.03833008 0.04980469 -0.09277344 0.08544922 0.11230469 0.16894531 -0.08203125 0.05346680 -0.00040817 0.14648438 0.07714844 0.05224609 0.09130859 0.00114441 0.07226562 -0.04150391 -0.15429688 0.00110626 0.13281250 0.00114441 -0.00011683 0.10644531 -0.18359375 0.19042969 0.15917969 -0.02001953 0.02197266 0.05541992 -0.00308228 -0.00135803 -0.06689453 0.06347656 0.01794434 -0.02282715 0.00114441 0.13085938 0.05493164 0.07470703 0.08544922 0.11132812 0.01806641 0.03662109 -0.03735352 0.00072861 0.02453613 0.07275391 -0.21875000 -0.00119781 0.21093750 -0.06152344 0.10839844 -0.01318359 -0.15429688 -0.11572266 -0.13476562 -0.22460938 -0.00711060 0.03247070 -0.14550781 0.03149414 0.08056641 -0.14550781 -0.17968750 -0.02697754 0.03222656 0.00053787 -0.07714844 -0.00118256 0.08349609 0.00104523 -0.10937500 -0.00142670 -0.08593750 0.11230469 0.00457764 0.07763672 -0.01928711 0.11621094 -0.00095367 -0.00069809 0.12060547 -0.11181641 0.00135803 0.05249023 -0.05737305 0.00160980 -0.00107574 -0.02478027 -0.01977539 -0.00093842 0.07910156 0.03320312 -0.00064087 0.04638672 0.08447266 -0.02685547 0.14941406 0.05078125 -0.00491333 -0.12304688 0.00094986 0.12402344 -0.00131989 0.00105286 -0.11230469 0.06030273 -0.00036240 -0.19921875 0.04394531 0.08007812 -0.02978516 0.11865234 -0.11376953 0.02160645 0.08349609 0.01745605 0.10058594 -0.04345703 0.01196289 -0.00037384 -0.05566406 -0.11474609 0.00062943 -0.00017452 -0.02197266 -0.01306152 -0.00376892 -0.19531250 0.00148773 -0.02172852 0.06982422 0.00078583
0.00051117 0.00051117 0.00076675 -0.00042915 -0.00213623 0.00000393 -0.00225830 -0.00161743 -0.00175476 -0.00355530 -0.00215149 -0.00140381 -0.00212097 -0.00207520 -0.00116730 -0.00274658 -0.00294495 -0.00173187 -0.00135803 -0.00168610 -0.00167084 -0.00165558 0.00040245 0.00011921 -0.00090790 -0.00188446 -0.00019455 -0.00059509 -0.00171661 -0.00241089 -0.00134277 0.00019455 -0.00082397 -0.00157166 -0.00006247 -0.00153351 -0.00182343 0.00111389 -0.00077820 -0.00164032 0.00115204 -0.00328064 -0.00138855 -0.00170898 0.00080109 0.00024414 -0.00309753 -0.00036430 -0.00160980 -0.00088120 -0.00168610 0.00109100 -0.00036049 -0.00172424 -0.00034904 -0.00421143 -0.00057220 -0.00182343 0.00029373 -0.00057983 -0.00239563 -0.00108337 -0.00326538 -0.00215149 -0.00167084 0.00025558 -0.00267029 0.00074768 -0.00131226 -0.00004745 -0.00127411 0.00033760 0.00006151 -0.00177002 -0.00157928 -0.00031662 -0.00101471 -0.00265503 -0.00115967 0.00081253 -0.00033951 0.00075150 0.00083542 -0.00160980 -0.00175476 -0.00086975 -0.00052643 -0.00143433 -0.00097656 -0.00143433 -0.00116730 -0.00097275 -0.00125885 0.00074387 -0.00091934 -0.00224304 -0.00191498 -0.00294495 -0.00101471 -0.00119781 -0.00335693 0.00002873 -0.00138092 -0.00102234 -0.00150299 -0.00077057 -0.00144958 -0.00049210 0.00066757 -0.00064087 -0.00135803 -0.00102997 -0.00083923 0.00033760 -0.00199890 -0.00127411 -0.00137329 0.00033951 0.00109100 0.00040245 0.00109863 -0.00128937 -0.00051880 -0.00142670 -0.00096130 -0.00303650 0.00065613 -0.00049210 0.00074768 -0.00075912 -0.00112915 -0.00132751 -0.00102234 0.00010777 -0.00039101 -0.00113678 0.00017643 -0.00010777 0.00067520 -0.00079346 -0.00154114 -0.00158691 0.00025368 -0.00029755 -0.00055695 -0.00141907 0.00101471 -0.00106812 -0.00135803 -0.00074005 -0.00025177 0.00088120 -0.00133514 0.00015926 -0.00140381 -0.00174713 0.00038338 -0.00167084 -0.00102997 0.00116730 0.00065994 -0.00009251 -0.00075912 -0.00116730 -0.00151825 -0.00189209 0.00067139 0.00053024 -0.00043106 -0.00262451 -0.00068283 -0.00160217 -0.00242615 -0.00093460 -0.00085068 -0.00173187 0.00097656 -0.00004840 -0.00060654 -0.00146484 -0.00263977 -0.00083542 0.00068665 -0.00179291 0.00088882 -0.00112152 -0.00366211 0.00051880 0.00069427 0.00115967 -0.00216675 -0.00066757 -0.00347900 0.00085449 -0.00282288 -0.00126648 -0.00127411 0.00097275 -0.00233459 -0.00257874 -0.00204468 0.00109863 0.00088120 0.00038147 -0.00103760 0.00098419 0.00112915 0.00051117 -0.00052261 -0.00051498 -0.00023365 -0.00180817 -0.00086212 0.00056458 0.00109100 0.00008869 0.00057220 0.00073242 -0.00003171 0.00075531 -0.00318909 0.00012112 -0.00069046 -0.00268555 -0.00077820 -0.00177765 -0.00145721 -0.00177002 -0.00030327 0.00099182 -0.00133514 -0.00099945 0.00043869 -0.00073624 -0.00053406 -0.00117493 -0.00227356 -0.00218201 -0.00014973 0.00109100 -0.00396729 -0.00082779 -0.00347900 -0.00018406 -0.00102997 -0.00011158 0.00031853 0.00025177 -0.00123596 -0.00291443 -0.00109863 -0.00017548 -0.00067902 -0.00257874 -0.00248718 0.00020790
0.00033951 -0.00035477 -0.00008535 -0.00148010 -0.00254822 0.00060272 0.00042915 0.00100708 0.00069809 0.00048637 0.00106049 -0.00141907 -0.00065231 0.00002825 -0.00270081 -0.00230408 -0.00109100 0.00008297 -0.00141144 0.00008249 -0.00082397 0.00062943 -0.00007105 0.00084686 -0.00056458 -0.00088501 -0.00049210 0.00099945 -0.00086975 -0.00122833 0.00080109 -0.00228882 -0.00006390 0.00104523 0.00069427 0.00037956 -0.00091934 0.00047112 -0.00131989 -0.00065613 0.00017834 -0.00087357 0.00054932 -0.00168610 -0.00098419 -0.00125122 -0.00004530 -0.00031662 -0.00040054 0.00106049 -0.00142670 -0.00127411 0.00016499 -0.00102234 0.00051117 0.00097275 -0.00015640 -0.00077057 -0.00152588 -0.00059509 0.00037003 -0.00032234 0.00110626 0.00014591 -0.00135803 0.00100708 -0.00036430 0.00119781 -0.00057983 -0.00041580 -0.00048637 0.00086975 -0.00137329 -0.00157166 -0.00097656 -0.00098419 0.00068665 0.00058746 -0.00155640 -0.00072479 -0.00141144 -0.00119781 -0.00172424 -0.00139618 -0.00079727 -0.00168610 0.00086975 -0.00155640 -0.00164795 0.00065231 -0.00047684 -0.00104523 0.00033760 -0.00106812 -0.00047684 -0.00148010 -0.00129700 -0.00081635 -0.00170898 -0.00145721 0.00045967 -0.00096893 0.00038338 -0.00036430 -0.00213623 0.00083160 0.00102997 0.00118256 -0.00008440 -0.00083160 -0.00036812 -0.00180817 -0.00179291 -0.00215149 -0.00109863 -0.00061798 -0.00064850 0.00078201 0.00097275 -0.00012970 -0.00148010 -0.00103760 0.00099945 0.00075912 -0.00052261 -0.00141907 -0.00170898 -0.00065613 -0.00074768 -0.00171661 0.00106812 0.00069046 -0.00151825 -0.00011730 -0.00027084 0.00092316 -0.00120544 -0.00094223 0.00070572 -0.00093842 0.00092316 -0.00055695 0.00089264 -0.00119019 0.00117493 -0.00148010 0.00111389 -0.00004840 0.00064850 -0.00013638 0.00018787 -0.00031281 -0.00119781 0.00056458 -0.00156403 -0.00148773 -0.00071335 0.00041962 0.00064468 -0.00023174 0.00078964 0.00031471 0.00090790 -0.00049973 -0.00081253 -0.00135040 0.00072098 0.00018120 -0.00135803 -0.00138855 -0.00138092 -0.00034523 -0.00099182 0.00057983 -0.00090027 -0.00000429 0.00098419 0.00072861 -0.00018406 0.00016403 -0.00152588 0.00006342 -0.00087357 -0.00146484 -0.00125122 0.00023556 -0.00040436 0.00041771 0.00096893 0.00086975 -0.00099182 0.00040054 -0.00186920 0.00064850 -0.00023556 0.00004649 0.00049591 0.00080490 0.00064087 0.00092697 -0.00041771 0.00017071 0.00088120 -0.00022221 -0.00078583 0.00061417 -0.00188446 -0.00063324 -0.00149536 0.00064087 -0.00076294 -0.00048256 -0.00086975 -0.00155640 -0.00118256 0.00109863 0.00069046 0.00044823 0.00032425 -0.00011587 -0.00094223 -0.00399780 -0.00028610 0.00057983 -0.00050354 0.00074768 0.00059509 -0.00141907 -0.00000390 -0.00049591 -0.00153351 -0.00022507 -0.00091553 0.00086212 -0.00039482 -0.00045013 -0.00093079 -0.00129700 -0.00080872 -0.00048256 0.00051117 -0.00164032 -0.00005341 -0.00013447 -0.00106812 0.00096130 -0.00119019 0.00047302 -0.00148010 -0.00125885 0.00102997 0.00041389 -0.00146484 -0.00109100 -0.00066757 -0.00065994
-0.00021172 0.08544922 -0.15722656 -0.09716797 0.29296875 0.04663086 -0.11914062 0.10937500 0.08251953 -0.19335938 0.03417969 -0.09179688 -0.13964844 -0.07128906 0.11718750 0.14941406 0.06640625 -0.00254822 -0.00115204 -0.10400391 -0.00115204 0.05395508 0.00007534 -0.19726562 0.08740234 0.01324463 -0.27929688 -0.02062988 -0.00026512 0.03710938 0.06640625 -0.02673340 -0.14746094 0.00191498 0.00104523 0.06835938 -0.00970459 -0.00051498 0.00012112 0.14550781 -0.00029564 0.03540039 0.06396484 -0.03515625 -0.18066406 0.16113281 -0.03906250 0.06396484 0.07470703 0.19824219 -0.08056641 0.04028320 0.27148438 -0.01074219 -0.02099609 0.01232910 -0.00089645 -0.01525879 0.13867188 -0.01123047 0.09667969 0.09179688 0.01977539 -0.07373047 -0.07812500 0.05590820 0.26562500 0.19335938 0.15429688 0.00006914 0.00117493 -0.06250000 0.00106049 -0.25976562 0.21679688 -0.00836182 0.00181580 0.16992188 -0.16015625 -0.05493164 -0.14257812 -0.00043297 -0.00127411 0.12988281 0.01116943 -0.00154114 -0.00027275 -0.21679688 0.11132812 0.01049805 -0.25195312 0.26171875 0.46484375 0.01464844 0.00302124 -0.20996094 0.13183594 -0.03015137 -0.20996094 -0.09082031 0.35742188 -0.13867188 -0.00077438 0.26562500 -0.08837891 -0.13378906 -0.00039482 0.31250000 -0.00115204 -0.89843750 -0.34960938 -0.06005859 -0.08007812 -0.16113281 0.02050781 0.10546875 0.12402344 -0.01806641 -0.01940918 -0.04394531 0.00135803 -0.07714844 -0.09472656 -0.17089844 -0.07226562 -0.03857422 -0.20214844 -0.01708984 -0.18066406 0.19531250 -0.15234375 -0.13671875 -0.00083160 -0.16894531 0.15625000 -0.33007812 0.02539062 -0.00042725 0.10107422 -0.41796875 0.04736328 0.00148010 -0.06738281 0.00164032 -0.00102997 -0.17675781 -0.27148438 -0.00625610 -0.00866699 0.02465820 -0.15332031 -0.05615234 0.06787109 0.00024223 0.02697754 0.04174805 -0.03881836 0.07177734 0.00151062 -0.25585938 -0.01483154 -0.00683594 -0.25195312 -0.20800781 0.28320312 0.18554688 -0.05786133 0.00114441 0.04199219 -0.16406250 0.00576782 -0.00077820 0.07666016 0.00183868 0.03906250 -0.03637695 -0.23730469 0.07714844 -0.07128906 -0.19433594 0.15039062 0.11718750 0.15917969 0.25585938 -0.20019531 -0.34375000 -0.02355957 0.02258301 -0.04101562 0.00137329 -0.08251953 0.00189972 0.01409912 0.00061035 -0.16796875 0.00044250 -0.13964844 0.16406250 0.12207031 0.04931641 0.07470703 -0.05932617 0.00080490 0.15039062 -0.15820312 0.02465820 -0.04907227 0.06445312 -0.15136719 0.00227356 -0.00054169 0.11328125 0.04907227 -0.00017452 -0.29101562 0.01544189 0.00046730 -0.08056641 0.12695312 -0.05322266 0.01373291 -0.08203125 0.00195312 0.28710938 0.00122070 0.32617188 0.00024223 0.00146484 0.09472656 -0.13476562 0.00043297 0.07275391 -0.19042969 -0.05151367 0.12353516 0.01214600 -0.07763672 0.00216675 -0.04687500 -0.16796875 0.19238281 -0.09033203 -0.02294922 0.00132751 0.06689453 -0.08300781 0.00114441 -0.00040817 0.08691406 -0.03222656 0.08398438 -0.09277344 0.00027466 -0.05688477 0.05102539 0.05493164
0.00160217 0.13183594 -0.01525879 0.12792969 0.08349609 0.06079102 0.21191406 0.08544922 0.11474609 -0.11083984 -0.15234375 0.01458740 0.02966309 0.03857422 -0.09130859 -0.30468750 0.26171875 0.08398438 0.00164032 -0.50781250 0.01953125 0.12060547 0.00083542 -0.29296875 0.08984375 -0.64062500 -0.01434326 0.03906250 -0.00073242 -0.22070312 0.11328125 0.07080078 -0.16406250 -0.00046158 -0.00076675 -0.11181641 -0.33007812 0.00064468 0.00078583 0.21484375 0.00053024 0.04809570 -0.53515625 0.05615234 0.01379395 -0.27929688 0.04956055 0.10351562 0.03369141 -0.24218750 -0.02880859 0.14746094 -0.24609375 0.16894531 0.17187500 -0.01953125 0.00151825 -0.01989746 -0.34375000 0.07958984 0.00118256 -0.17578125 0.08007812 0.08056641 0.31640625 -0.05615234 -0.03759766 -0.10791016 0.10449219 0.00071716 0.00056458 0.07470703 -0.00007153 -0.07763672 -0.33007812 0.28125000 0.00001180 0.02941895 -0.38476562 0.14453125 0.28515625 -0.00075150 0.00110626 -0.19042969 0.05126953 -0.00233459 0.00021267 -0.03881836 0.10253906 0.07470703 0.10351562 -0.07519531 -0.34960938 -0.29296875 -0.18945312 -0.03540039 0.03784180 -0.09960938 -0.06884766 -0.00466919 -0.20996094 -0.42187500 0.00019741 -0.23632812 0.04809570 -0.06494141 -0.00008488 0.27929688 0.00096893 -0.15136719 -0.16308594 0.07080078 0.13085938 -0.33007812 0.05175781 0.02709961 -0.05395508 0.02050781 -0.17968750 0.10107422 0.00057983 0.01672363 0.02331543 0.04467773 -0.51953125 0.10156250 0.11279297 -0.24609375 -0.32812500 -0.37890625 0.32421875 0.07373047 -0.00089645 0.04443359 -0.14257812 -0.34960938 -0.09228516 0.00085831 -0.38476562 0.20214844 0.08789062 -0.00004935 -0.00799561 0.00032425 -0.00016212 0.18457031 -0.38867188 0.07275391 0.18261719 0.01507568 0.10058594 -0.04760742 0.05200195 -0.00221252 0.16113281 0.05468750 0.00582886 0.15332031 0.00006199 -0.12060547 -0.08789062 0.15136719 0.15527344 -0.23925781 0.03857422 -0.00595093 0.10058594 0.00176239 -0.04077148 0.24609375 0.08740234 -0.00043869 -0.28906250 0.05126953 -0.04345703 0.06396484 -0.09277344 0.13378906 0.34960938 0.01843262 0.15136719 -0.06445312 -0.05688477 -0.27929688 -0.26171875 -0.04541016 -0.00970459 -0.02038574 -0.57812500 0.00186920 -0.01251221 -0.00040817 0.02514648 -0.00000745 -0.02111816 -0.00110626 0.22851562 -0.09375000 -0.30859375 0.04370117 0.04663086 0.04394531 -0.00026321 0.03930664 -0.36328125 0.01562500 -0.31250000 0.07373047 0.05615234 0.00180054 -0.00056458 0.13378906 0.09082031 -0.00026512 -0.22460938 0.02917480 0.00075150 -0.12988281 -0.24121094 -0.37890625 0.16210938 0.13574219 0.17578125 -0.07812500 0.00129700 -0.49609375 -0.00012779 0.00141907 -0.44726562 -0.17382812 0.00070953 0.37304688 -0.27539062 0.10888672 0.07128906 0.12792969 0.02648926 0.16699219 0.05810547 -0.43359375 -0.32031250 0.10937500 -0.04272461 -0.00048828 0.25390625 0.05102539 0.00079346 -0.00167847 -0.00430298 -0.10693359 0.00259399 -0.02832031 -0.00011539 0.03344727 -0.01599121 0.06030273
-0.00131226 -0.00205994 -0.00009871 -0.00267029 -0.00156403 -0.00205994 -0.00122070 -0.00026321 -0.00230408 -0.00222778 -0.00104523 0.00021172 -0.00099182 -0.00060654 -0.00049591 -0.00112915 -0.00150299 -0.00209045 0.00013161 -0.00104523 -0.00291443 -0.00094986 -0.00022316 0.00050354 -0.00164795 -0.00251770 0.00010681 -0.00085068 0.00116730 -0.00062561 0.00057602 -0.00136566 -0.00096893 0.00091934 -0.00154114 -0.00077057 -0.00151062 -0.00126648 0.00016212 -0.00013065 -0.00120544 -0.00234985 -0.00093842 -0.00094604 0.00008297 -0.00111389 -0.00189972 -0.00157928 -0.00167084 -0.00068283 -0.00153351 0.00115204 -0.00135803 0.00016785 -0.00021744 -0.00344849 0.00111389 -0.00128174 0.00067902 -0.00011539 -0.00181580 -0.00180817 -0.00102997 -0.00119781 0.00005722 0.00047684 -0.00028801 0.00064850 -0.00015736 -0.00063705 -0.00083542 0.00014877 -0.00036240 -0.00352478 -0.00328064 0.00088120 0.00052643 -0.00073242 -0.00130463 -0.00259399 -0.00145721 0.00030899 -0.00091934 -0.00112152 0.00106812 -0.00032997 0.00062180 -0.00079346 0.00041199 -0.00075912 -0.00124359 -0.00103760 -0.00177002 0.00038338 -0.00096130 -0.00009060 -0.00058746 -0.00169373 -0.00000775 -0.00179291 -0.00043106 -0.00059128 -0.00102997 0.00054550 -0.00099182 0.00011539 0.00020599 0.00004077 0.00049973 0.00074768 -0.00273132 0.00028038 -0.00199890 0.00004077 -0.00216675 -0.00161743 -0.00031090 -0.00106049 0.00030136 0.00001001 -0.00152588 -0.00116730 -0.00189209 -0.00134277 -0.00045395 -0.00148773 -0.00056076 -0.00035477 -0.00086975 -0.00024796 0.00023746 -0.00234985 0.00056458 0.00062180 -0.00086594 0.00061035 0.00012684 -0.00141144 0.00042915 0.00018597 -0.00144196 0.00090790 -0.00132751 -0.00165558 0.00051117 -0.00012589 0.00067139 -0.00032806 -0.00190735 0.00063705 -0.00007820 -0.00131226 -0.00170135 0.00018692 0.00085068 0.00075912 -0.00164032 -0.00153351 -0.00099182 -0.00155640 -0.00143433 -0.00015640 -0.00148773 -0.00187683 -0.00157928 -0.00146484 -0.00042152 0.00056458 -0.00033379 -0.00271606 0.00097275 -0.00011301 -0.00204468 -0.00151062 -0.00145721 -0.00234985 0.00019550 -0.00088882 -0.00156403 0.00090790 -0.00077057 -0.00119019 -0.00064850 -0.00016212 -0.00131989 -0.00168610 -0.00096130 0.00011301 0.00116730 -0.00009346 -0.00130463 -0.00031471 -0.00080872 0.00099182 -0.00154114 -0.00088120 -0.00148010 -0.00091934 -0.00204468 -0.00004506 -0.00297546 -0.00093079 -0.00045776 -0.00112152 -0.00041008 -0.00104523 -0.00000130 -0.00077057 0.00045967 -0.00044441 -0.00014591 -0.00347900 0.00095749 -0.00024319 -0.00050354 -0.00201416 -0.00053024 -0.00004172 -0.00014210 -0.00060272 0.00067139 -0.00102997 0.00003600 0.00040245 -0.00071716 -0.00050735 -0.00097656 -0.00085449 -0.00075912 -0.00001246 -0.00014687 -0.00161743 -0.00006819 -0.00049210 -0.00157928 -0.00027847 -0.00039101 -0.00186920 -0.00073624 -0.00125122 -0.00112152 -0.00075912 0.00083923 0.00040627 -0.00006151 -0.00163269 0.00088501 -0.00145721 0.00003624 -0.00050354 -0.00158691 -0.00169373 -0.00053787 -0.00167084 0.00024986 0.00000387
-0.00096130 -0.02246094 -0.03198242 -0.01635742 -0.01513672 -0.02673340 -0.02075195 -0.01574707 -0.02221680 -0.01531982 -0.02966309 -0.03222656 -0.01544189 -0.02001953 -0.03247070 -0.02746582 -0.03149414 -0.01928711 -0.00038528 -0.03051758 -0.02001953 -0.02392578 0.00135803 -0.01928711 -0.02258301 -0.02392578 -0.01348877 -0.00726318 -0.00098419 -0.01495361 -0.01867676 -0.02111816 -0.02490234 -0.00113678 0.00042725 -0.02636719 -0.01300049 -0.00156403 -0.00010538 -0.02722168 0.00042915 -0.01220703 -0.02319336 -0.02148438 -0.01843262 -0.03295898 -0.02673340 -0.02319336 -0.03149414 -0.02429199 -0.02246094 -0.01116943 -0.01129150 -0.02624512 -0.02441406 -0.02209473 0.00007057 -0.02185059 -0.02954102 -0.02441406 -0.02221680 -0.02148438 -0.01507568 -0.02307129 -0.01257324 0.00084305 -0.03015137 -0.01123047 -0.01892090 0.00065613 -0.00044250 -0.02209473 -0.00112915 -0.02172852 -0.03369141 -0.01544189 -0.00101471 -0.01916504 -0.02355957 -0.02221680 -0.02746582 -0.00043488 0.00086975 -0.01770020 -0.02136230 -0.00020885 -0.00018978 -0.00842285 -0.02172852 -0.03125000 -0.01116943 -0.03198242 -0.02392578 -0.02441406 -0.02429199 -0.02111816 -0.02539062 -0.03051758 -0.01129150 -0.01977539 -0.01867676 -0.01245117 0.00003195 -0.02062988 -0.02075195 -0.03344727 -0.00149536 -0.03051758 0.00021553 -0.01904297 -0.01928711 -0.02539062 -0.01831055 -0.02343750 -0.02258301 -0.02124023 -0.02429199 -0.01165771 -0.02404785 -0.02343750 -0.00138855 -0.02172852 -0.01916504 -0.01782227 -0.02331543 -0.02075195 -0.01623535 -0.01977539 -0.02404785 -0.02795410 -0.02050781 -0.02014160 -0.00157166 -0.03125000 -0.02832031 -0.02246094 -0.01214600 0.00109863 -0.01989746 -0.01287842 -0.01318359 -0.00069809 -0.02441406 -0.00017548 -0.00011635 -0.03027344 -0.02124023 -0.02270508 -0.02636719 -0.02197266 -0.02526855 -0.02331543 -0.02062988 0.00028610 -0.02185059 -0.00903320 -0.03015137 -0.02160645 -0.00147247 -0.02941895 -0.02807617 -0.02465820 -0.01464844 -0.01904297 -0.02514648 -0.02307129 -0.02160645 0.00105286 -0.02001953 -0.02075195 -0.00927734 -0.00053024 -0.02575684 -0.02294922 -0.02441406 -0.02014160 -0.00601196 -0.01855469 -0.01904297 -0.01660156 -0.02197266 0.00823975 -0.01916504 -0.03222656 -0.02368164 -0.01989746 -0.02343750 -0.02319336 -0.03320312 0.00003386 -0.01556396 -0.00076675 -0.02770996 -0.00015736 -0.01586914 -0.00074387 -0.01794434 -0.02209473 -0.01953125 -0.01879883 -0.02380371 -0.01721191 -0.00019741 0.01074219 -0.02441406 -0.01049805 -0.02001953 -0.02087402 -0.01165771 0.00038528 -0.00142670 -0.02062988 -0.02429199 0.00010777 -0.03247070 -0.02917480 0.00099182 -0.02600098 -0.01733398 -0.01965332 -0.02343750 -0.02844238 -0.01708984 -0.00933838 -0.00060272 -0.01879883 0.00053406 0.00046349 -0.01855469 0.00145721 -0.00151062 -0.01416016 -0.03015137 -0.00494385 -0.01129150 -0.02380371 -0.02368164 -0.03100586 -0.01965332 -0.01470947 -0.03112793 -0.02026367 -0.01953125 0.00080109 -0.02246094 -0.01928711 0.00102997 -0.00133514 -0.03417969 -0.01635742 -0.02746582 -0.01293945 0.00017166 -0.02062988 -0.02319336 -0.02331543
-0.00081635 0.23925781 0.15136719 0.07031250 -0.05566406 0.08398438 0.04687500 0.21679688 0.25585938 -0.05126953 -0.03015137 0.19726562 0.20800781 0.17187500 0.34765625 -0.78125000 0.17089844 0.04003906 0.00039101 -1.06250000 0.27343750 0.29687500 -0.00087357 -0.03784180 0.16699219 -0.73046875 0.13964844 0.00494385 0.00135040 -0.45507812 -0.08154297 0.13378906 -0.04467773 0.00127411 0.00063705 0.01226807 -0.45703125 -0.00137329 0.00128937 0.12792969 -0.00023556 0.37500000 -0.94921875 -0.03149414 0.06298828 0.09619141 -0.10351562 0.22070312 0.12500000 -0.22265625 -0.63281250 0.20800781 -0.52734375 0.15917969 0.01574707 0.14648438 0.00162506 -0.14355469 0.07910156 -0.04370117 -0.10400391 -0.00488281 -0.48242188 -0.00442505 -0.13085938 -0.05737305 0.15429688 0.02697754 0.17773438 -0.00097275 -0.00099945 0.14550781 0.00125122 -0.01275635 -0.25000000 -0.21093750 0.00049591 0.17871094 -0.24316406 0.10986328 0.19140625 -0.00086594 -0.00031662 -0.15039062 0.16308594 -0.00098419 0.00031281 0.11425781 0.21289062 -0.39062500 0.37304688 -0.00640869 0.18066406 -0.28515625 -0.05395508 0.04785156 -0.00939941 -0.10791016 -0.08203125 0.15234375 -0.42578125 -0.49804688 0.00129700 -0.25781250 0.08349609 0.02075195 -0.00174713 0.15234375 -0.00038528 -0.48242188 -0.07910156 0.20019531 0.21191406 -0.10937500 -0.04809570 0.08105469 -0.14062500 0.11230469 -0.16113281 0.18554688 0.00126648 0.00093842 0.02050781 0.16113281 -0.14746094 -0.22753906 0.05639648 -0.05834961 -0.71875000 -0.67578125 0.15917969 -0.12060547 0.00062943 -0.02612305 -0.13085938 -0.31250000 0.11230469 0.00083923 -0.18457031 0.07128906 0.64843750 0.00016308 -0.14160156 -0.00090027 0.00118256 0.27929688 -0.39257812 -0.01965332 0.27343750 0.16210938 0.00994873 -0.05566406 0.17675781 -0.00135040 0.98046875 0.13769531 0.07128906 0.23828125 0.00097656 -0.15722656 0.11669922 0.08691406 -0.13964844 -0.46289062 0.22558594 0.20507812 0.90625000 0.00158691 -0.14941406 0.19628906 -0.04638672 0.00026703 -0.66015625 0.06347656 0.34960938 0.20312500 0.22363281 -0.14843750 0.12695312 0.21289062 0.28320312 0.00653076 0.18457031 -0.38085938 -0.13769531 -0.04150391 -0.04565430 0.05615234 -0.31445312 -0.00036430 0.15332031 0.00041962 0.19726562 0.00095367 -0.00138855 -0.00055313 -0.05224609 0.17285156 -0.12060547 -0.12011719 0.03051758 -0.11376953 -0.00180817 0.07958984 -0.49609375 -0.07275391 0.19921875 0.33593750 -0.03149414 0.00209045 0.00119019 0.30078125 -0.01324463 0.00125885 -0.33398438 0.09814453 -0.00050735 -0.11035156 -0.30273438 -0.20507812 -0.45117188 0.03735352 0.14746094 -0.04125977 -0.00078964 -0.52734375 0.00027847 0.00015259 -0.32812500 -0.04199219 0.00026321 0.46289062 0.20312500 0.11718750 0.08642578 -0.12500000 0.02136230 -0.47070312 0.01220703 -0.08789062 -0.25585938 0.16308594 -0.08056641 0.00002265 0.08154297 -0.02404785 0.00080490 -0.00183105 -0.28710938 0.33593750 -0.02221680 -0.45703125 -0.00069427 -0.01770020 -0.11279297 0.09423828
-0.00045967 -0.05517578 -0.69531250 -0.05224609 -0.33984375 0.45703125 0.00460815 0.01672363 -0.05566406 -0.10546875 0.11474609 0.04760742 -0.05737305 -0.03979492 0.14257812 0.02197266 0.11474609 0.22265625 -0.00064087 0.14843750 0.01361084 -0.01660156 0.00132751 0.09765625 0.00034332 -0.24902344 0.11376953 0.02355957 -0.00152588 0.11230469 -0.01275635 -0.02905273 -0.25585938 0.00064087 -0.00096130 0.24218750 0.02722168 0.00167847 0.00016785 0.03662109 0.00129700 0.12500000 0.24902344 -0.02001953 0.02819824 0.12353516 -0.09765625 -0.03686523 -0.57031250 0.04101562 0.49218750 0.29101562 -0.24121094 0.22656250 0.23925781 -0.00952148 0.00120544 0.67968750 0.17285156 -0.00343323 -0.02282715 -0.14941406 0.33789062 0.00747681 -0.01135254 0.05590820 -0.68750000 -0.61328125 0.10156250 -0.00016499 -0.00110626 -0.52734375 -0.00110626 -0.08837891 -0.00321960 0.08593750 0.00026703 0.00241089 -0.41601562 0.02014160 -0.05395508 0.00159454 -0.00144196 0.04370117 0.02709961 -0.00109100 0.00092697 -0.03686523 -0.00811768 -0.36523438 -0.12988281 0.00527954 0.05932617 -0.16210938 0.18164062 -0.01635742 -0.02856445 -0.19531250 0.17871094 0.06201172 0.34375000 0.08300781 -0.00104523 0.49218750 0.10546875 -0.05957031 -0.00016403 0.09277344 0.00030708 -0.00350952 0.23242188 0.04589844 0.03222656 0.33007812 -0.65234375 0.03833008 -0.10986328 0.50000000 -0.29687500 0.03344727 -0.00008202 0.01422119 -0.01928711 -0.71875000 -0.09863281 0.04296875 0.11865234 -0.28125000 0.00646973 -0.10400391 0.10400391 0.15527344 0.00040054 0.50390625 0.58984375 0.03015137 -0.10791016 -0.00025368 -0.33398438 0.05200195 -0.27539062 0.00095749 -0.12792969 -0.00089264 0.00112152 0.32617188 -0.05053711 -0.02746582 -0.10595703 -0.04028320 0.05419922 -0.06250000 -0.03759766 -0.00222778 0.02160645 0.04833984 -0.71093750 -0.05249023 0.00068283 0.09228516 0.00527954 0.43554688 0.08789062 -0.22363281 0.53515625 0.56250000 0.01599121 0.00140381 0.15429688 0.14160156 0.04882812 -0.00049591 0.06689453 -0.06933594 -0.11328125 -0.03100586 -0.15820312 -0.04101562 0.13476562 -0.07763672 -0.00610352 0.01513672 -0.08398438 0.05639648 -0.36328125 -0.00723267 -0.06152344 0.01483154 -0.16992188 -0.00080109 -0.22753906 0.00081253 -0.11425781 0.00153351 -0.01599121 -0.00083923 0.19824219 0.04150391 0.01422119 -0.15039062 0.02978516 -0.21875000 0.00118256 0.22753906 -0.27539062 -0.02441406 -0.28515625 -0.04907227 -0.04321289 -0.00294495 -0.00134277 -0.02014160 0.05908203 0.00005698 0.09619141 0.48437500 -0.00052261 0.39843750 0.35937500 0.01544189 -0.20019531 0.01867676 0.03320312 0.05371094 0.00147247 0.38867188 -0.00040627 0.00165558 -0.16113281 0.08642578 -0.00062561 0.06738281 0.19140625 0.00653076 -0.33984375 0.00946045 0.03320312 -0.41992188 0.41992188 0.21289062 -0.53515625 -0.05053711 0.04272461 -0.00103760 0.17285156 0.01458740 -0.00102997 -0.00025558 0.08691406 -0.53125000 0.59765625 0.03369141 0.00105286 -0.00029945 0.07958984 -0.57812500
-0.00057602 -0.02893066 0.08398438 -0.00500488 -0.22851562 -0.02722168 -0.31445312 0.05908203 0.00830078 -0.16796875 0.05297852 0.71093750 -0.00531006 -0.01025391 0.28320312 -0.00179291 0.15527344 0.10400391 0.00156403 -0.06225586 0.01501465 0.00366211 -0.00104523 0.37109375 0.02819824 -0.08984375 -0.03369141 0.01586914 0.00092316 0.05444336 -0.24023438 0.04003906 0.24609375 0.00160217 0.00099945 0.15917969 0.08203125 0.00070953 0.00112152 0.11816406 0.00045586 0.05639648 -0.03149414 -0.01782227 -0.04711914 0.17089844 -0.25781250 0.01306152 0.08105469 0.12988281 -0.04223633 -0.26562500 0.00328064 0.07666016 -0.34375000 -0.09130859 -0.00098419 0.01110840 0.23535156 -0.26367188 -0.23632812 0.13671875 0.04052734 -0.05541992 0.17285156 -0.05761719 0.08447266 0.01257324 -0.40039062 0.00040627 -0.00095367 0.09960938 -0.00090027 0.05566406 0.12109375 0.14746094 0.00090027 -0.08007812 0.08593750 -0.16015625 -0.31640625 0.00033569 0.00131989 0.05541992 0.03857422 0.00230408 -0.00081253 -0.06982422 -0.01940918 0.03564453 0.00188446 -0.07812500 0.22460938 0.09570312 0.10839844 -0.08837891 -0.33789062 0.31054688 0.18164062 0.24121094 -0.03015137 0.31054688 0.00065994 0.15332031 -0.08740234 0.05957031 0.00343323 -0.51953125 0.00090027 0.02038574 -0.10449219 -0.20312500 -0.09814453 0.13085938 -0.07714844 -0.01037598 -0.27539062 0.20312500 0.08837891 -0.10449219 -0.00040245 -0.05273438 -0.04760742 0.10156250 0.30664062 0.21484375 0.14746094 0.20507812 -0.03930664 0.06347656 -0.31250000 -0.00341797 0.00112915 -0.01965332 0.06884766 0.31640625 0.05468750 0.00153351 0.19531250 -0.53906250 -0.02233887 0.00010538 -0.76562500 0.00052643 0.00008440 0.05395508 0.16406250 -0.23144531 0.01855469 -0.04321289 0.03906250 0.04028320 -0.02832031 0.00063705 -0.17285156 0.01232910 0.12792969 -0.03808594 -0.00081253 -0.19824219 -0.24316406 -0.10009766 0.00811768 0.09814453 0.16992188 0.19042969 0.11767578 0.00094986 -0.66796875 -0.00350952 0.21484375 0.00035286 -0.03002930 -0.08642578 0.05810547 -0.02416992 -0.06738281 0.31250000 -0.67968750 0.14550781 -0.04589844 0.02319336 -0.03051758 0.24121094 0.30468750 -0.40429688 -0.14941406 0.12792969 0.17773438 0.00068283 0.34765625 0.00128937 -0.13476562 -0.00000311 -0.05664062 -0.00082397 -0.34375000 0.05932617 0.16894531 -0.33203125 -0.00095749 -0.16113281 0.00059891 0.00958252 0.21972656 0.02514648 0.14355469 0.02185059 -0.01708984 -0.00063705 0.00065994 0.00738525 -0.16308594 -0.00048637 0.14355469 0.10644531 -0.00082397 0.11718750 0.23144531 0.17480469 -0.13574219 -0.05053711 -0.12890625 -0.08984375 0.00100708 0.17675781 0.00116730 0.00109100 0.17578125 0.07958984 0.00144196 0.14062500 0.34765625 -0.15625000 0.10058594 0.00122833 -0.05737305 0.08496094 -0.23437500 0.24218750 0.05639648 -0.03491211 -0.10107422 0.00049973 -0.40820312 -0.03784180 0.00062561 0.00083542 0.00494385 -0.01110840 -0.07519531 0.56640625 -0.00122833 -0.04101562 -0.10449219 0.03857422
0.00005698 0.00099182 -0.00141144 -0.00065231 -0.00166321 0.00091171 0.00076294 -0.00017071 0.00001884 -0.00043678 -0.00154114 0.00099945 0.00035858 -0.00127411 -0.00170898 0.00028610 0.00049973 -0.00002635 -0.00069427 0.00034142 -0.00088882 -0.00018692 0.00076675 0.00095749 -0.00106049 0.00055313 -0.00133514 0.00122833 0.00119781 -0.00173950 0.00072098 -0.00022793 -0.00170898 0.00087738 -0.00123596 0.00071716 0.00029182 -0.00154114 -0.00009298 -0.00079727 -0.00043488 -0.00154114 -0.00074768 -0.00088501 -0.00032616 0.00103760 0.00122070 0.00060654 -0.00049591 0.00027275 -0.00014019 -0.00045586 -0.00151062 -0.00140381 -0.00148773 -0.00013924 0.00070190 -0.00074768 -0.00153351 0.00014591 -0.00099945 -0.00126648 -0.00016594 -0.00004506 0.00004697 0.00019360 -0.00156403 -0.00161743 -0.00144958 0.00099945 0.00090790 -0.00027084 0.00110626 0.00018215 -0.00164032 0.00083160 -0.00136566 -0.00005245 -0.00021553 -0.00050354 -0.00000390 0.00022507 -0.00139618 -0.00159454 0.00053787 0.00008440 0.00098419 -0.00063705 0.00099182 -0.00056076 -0.00134277 0.00043869 0.00069427 0.00027084 -0.00072098 -0.00177765 0.00044060 0.00088882 -0.00042915 0.00086212 -0.00141144 0.00007963 0.00094986 -0.00075531 -0.00048828 0.00089645 0.00010681 -0.00084686 0.00111389 -0.00089264 0.00086212 0.00099945 0.00101471 -0.00030136 -0.00074768 -0.00033379 0.00044060 0.00062943 0.00011539 -0.00179291 0.00109100 0.00122070 -0.00056839 -0.00145721 0.00012207 -0.00037575 -0.00106049 0.00091553 -0.00032425 -0.00065994 -0.00171661 0.00037575 -0.00051880 0.00106049 -0.00176239 -0.00166321 -0.00036812 -0.00072861 -0.00097656 0.00110626 -0.00138855 0.00110626 0.00017166 -0.00019836 0.00010967 0.00097275 -0.00099182 -0.00167847 -0.00115967 -0.00127411 -0.00042725 -0.00140381 0.00031471 -0.00182343 -0.00002992 -0.00141907 0.00106812 -0.00028419 0.00110626 0.00068283 -0.00085068 -0.00017357 0.00056839 0.00012589 -0.00138092 0.00045395 -0.00157928 0.00023937 0.00008297 0.00118256 0.00042915 -0.00068283 -0.00118256 -0.00149536 0.00036812 0.00097656 0.00062561 0.00053024 0.00031662 -0.00148010 -0.00088120 -0.00088120 -0.00090408 -0.00107574 0.00000396 -0.00167847 -0.00099182 0.00075912 0.00035858 0.00090027 -0.00156403 0.00096512 -0.00157166 0.00119781 0.00077057 0.00056458 -0.00137329 0.00003195 -0.00154114 0.00064468 -0.00044823 -0.00116730 0.00042152 -0.00116730 0.00110626 0.00110626 -0.00166321 0.00009966 0.00115967 -0.00124359 0.00037384 0.00088501 -0.00094986 -0.00177002 -0.00047493 -0.00071716 -0.00082016 -0.00154114 0.00070190 0.00051880 -0.00010633 -0.00141144 -0.00060654 -0.00144958 -0.00087357 0.00067139 0.00095367 0.00118256 -0.00119019 0.00014782 0.00119019 -0.00162506 0.00002241 -0.00038147 -0.00167084 -0.00160217 -0.00146484 -0.00156403 -0.00068283 0.00033569 -0.00070190 -0.00017262 0.00026894 0.00023079 -0.00040436 0.00023746 0.00019932 -0.00148010 -0.00170135 -0.00112915 -0.00089264 -0.00007248 0.00056458 0.00010443 -0.00109863 -0.00060654
0.00082016 -0.00168610 -0.00156403 -0.00178528 0.00187683 0.00238037 -0.00370789 0.00168610 0.00085831 -0.00320435 -0.00262451 0.00260925 0.00325012 -0.00196838 0.00120544 -0.00347900 0.00138855 -0.00205994 0.00106049 -0.00002456 -0.00248718 0.00164795 -0.00131989 0.00043297 0.00090790 -0.00158691 -0.00222778 0.00265503 -0.00047874 -0.00143433 -0.00260925 -0.00343323 -0.00120544 -0.00132751 0.00050735 -0.00131226 -0.00366211 -0.00151825 0.00053787 -0.00155640 -0.00134277 -0.00189972 -0.00241089 -0.00089264 -0.00086212 -0.00030899 -0.00209045 -0.00389099 -0.00160980 0.00056458 0.00245667 -0.00215149 -0.00321960 -0.00233459 0.00017548 -0.00350952 0.00109863 -0.00357056 -0.00149536 -0.00191498 -0.00358582 -0.00311279 -0.00127411 -0.00318909 -0.00311279 -0.00024605 0.00053406 -0.00241089 -0.00361633 -0.00009871 -0.00037003 -0.00087738 -0.00054550 -0.00192261 -0.00306702 -0.00231934 -0.00104523 -0.00262451 -0.00346375 -0.00171661 0.00138092 -0.00077438 -0.00125122 -0.00277710 -0.00382996 -0.00100708 -0.00099182 -0.00242615 0.00077820 -0.00231934 -0.00138092 -0.00154877 -0.00192261 -0.00148010 0.00033760 -0.00183105 -0.00151825 -0.00381470 0.00248718 -0.00004554 -0.00201416 -0.00187683 0.00090408 -0.00212097 -0.00254822 0.00004721 -0.00090790 -0.00164795 -0.00063705 0.00323486 -0.00302124 -0.00165558 0.00194550 -0.00289917 -0.00188446 -0.00183868 -0.00135803 -0.00225830 -0.00242615 0.00033760 -0.00151062 -0.00238037 -0.00189209 -0.00123596 -0.00037003 -0.00259399 -0.00291443 -0.00350952 -0.00215149 -0.00193024 -0.00411987 0.00069427 -0.00085831 -0.00273132 -0.00189972 -0.00174713 -0.00251770 0.00100708 -0.00179291 -0.00169373 0.00195312 0.00079727 -0.00146484 -0.00040054 0.00004673 -0.00225830 -0.00065994 -0.00376892 -0.00199890 0.00166321 -0.00393677 -0.00166321 0.00170898 -0.00000983 0.00205994 0.00138092 0.00251770 -0.00155640 -0.00170898 -0.00233459 -0.00034142 -0.00357056 -0.00127411 -0.00329590 -0.00408936 -0.00268555 -0.00231934 -0.00167084 0.00030899 0.00072098 -0.00090790 0.00051498 -0.00207520 0.00300598 -0.00376892 -0.00160217 -0.00164795 -0.00273132 -0.00309753 0.00143433 -0.00247192 -0.00234985 0.00244141 -0.00265503 -0.00164032 -0.00108337 -0.00260925 0.00127411 -0.00189209 -0.00037193 -0.00157166 -0.00085449 -0.00132751 -0.00075912 -0.00267029 -0.00141907 -0.00216675 -0.00294495 -0.00107574 -0.00283813 -0.00238037 -0.00402832 -0.00115204 -0.00007296 -0.00035858 -0.00309753 -0.00257874 -0.00294495 -0.00321960 -0.00031853 0.00020695 -0.00148010 -0.00181580 -0.00017262 -0.00006342 -0.00133514 -0.00077057 -0.00042725 -0.00070953 0.00097275 -0.00204468 -0.00097656 -0.00245667 -0.00315857 -0.00119781 -0.00119781 -0.00138855 -0.00061417 -0.00267029 -0.00121307 -0.00031281 -0.00326538 -0.00393677 -0.00286865 -0.00386047 -0.00241089 -0.00127411 -0.00276184 -0.00009727 -0.00355530 -0.00245667 0.00231934 -0.00136566 -0.00173950 -0.00378418 -0.00135803 -0.00148773 -0.00057983 -0.00312805 -0.00279236 0.00044441 -0.00276184 0.00107574 -0.00346375 -0.00118256 -0.00424194
-0.00086594 -0.15136719 -0.13867188 0.19628906 -0.11767578 0.23632812 -0.00555420 -0.09033203 -0.02819824 -0.00141144 0.01239014 0.01287842 -0.20117188 -0.12890625 -0.06079102 -0.07958984 0.11132812 -0.00817871 0.00186920 0.06396484 -0.00256348 -0.12988281 0.00043297 -0.08007812 -0.16308594 0.12011719 0.01287842 0.13574219 -0.00103760 0.07617188 -0.06835938 -0.09912109 -0.02636719 0.00138092 -0.00027847 -0.03613281 0.03271484 0.00131226 0.00050735 0.10742188 -0.00091553 0.02917480 -0.01586914 0.10058594 0.03710938 0.01141357 -0.05102539 -0.11621094 0.02819824 0.12060547 -0.06250000 -0.05419922 -0.06079102 -0.13476562 -0.04931641 0.03320312 0.00072098 -0.02087402 -0.21679688 -0.00503540 0.12890625 0.16113281 -0.03344727 0.05810547 0.00010490 -0.05590820 0.06152344 0.08154297 -0.03369141 0.00028992 0.00064087 -0.11816406 -0.00088501 0.00049210 -0.08251953 -0.01055908 0.00187683 -0.03198242 -0.01562500 -0.29296875 -0.18359375 0.00106812 0.00058365 0.11865234 -0.11328125 -0.00185394 -0.00003290 0.18750000 0.00604248 -0.03112793 -0.24316406 -0.11523438 0.19531250 0.10400391 0.11376953 0.00750732 -0.04321289 0.06225586 -0.02075195 -0.05102539 0.01855469 0.06445312 0.00034714 0.03686523 0.01635742 -0.03808594 0.00138092 0.05200195 -0.00027847 0.05786133 -0.10498047 0.19921875 -0.07714844 -0.09228516 -0.01745605 -0.10351562 0.01483154 -0.09863281 0.00098419 0.00357056 -0.00017071 0.15234375 0.00604248 0.10595703 -0.09130859 -0.00236511 0.13671875 0.00946045 -0.16796875 0.06298828 0.39843750 -0.01361084 -0.00097656 0.02758789 -0.05761719 0.06079102 -0.06250000 -0.00018406 -0.08935547 0.08496094 -0.09570312 -0.00057983 0.02221680 -0.00019836 0.00072098 0.00289917 0.05883789 -0.01196289 0.00099945 -0.16015625 -0.16015625 0.16113281 -0.07763672 -0.00005937 -0.02893066 -0.03466797 0.01757812 -0.06542969 -0.00043869 -0.15429688 -0.08056641 -0.04907227 0.04248047 0.01171875 0.19824219 0.22558594 -0.06982422 -0.00028038 0.03247070 -0.25390625 -0.00098419 0.00145721 -0.05664062 0.14648438 0.06347656 -0.11181641 0.55078125 0.02770996 0.49218750 0.11083984 0.01330566 -0.02880859 -0.18554688 0.04101562 -0.09179688 -0.12695312 0.05688477 -0.22656250 -0.00415039 -0.00093842 -0.01708984 0.00067520 0.01757812 -0.00034714 0.05249023 0.00082016 -0.21191406 0.01672363 0.08642578 -0.03979492 -0.01684570 -0.03662109 -0.00216675 -0.08886719 0.00701904 0.09765625 -0.17187500 -0.11376953 -0.02697754 -0.00315857 0.00169373 -0.10888672 -0.23046875 -0.00104523 0.05712891 0.02221680 -0.00060654 -0.13378906 0.07958984 -0.00619507 -0.00096512 -0.11376953 0.06030273 -0.08593750 0.00108337 -0.04614258 0.00103760 0.00085831 0.06884766 0.12011719 -0.00091171 -0.08349609 -0.01458740 -0.08642578 0.34765625 -0.01043701 -0.02734375 -0.05224609 -0.04150391 -0.08593750 -0.03051758 -0.01708984 0.03295898 -0.00045967 -0.20117188 0.07666016 0.00123596 -0.00169373 0.00637817 0.01190186 0.00503540 0.01550293 -0.00058365 0.10009766 0.03247070 -0.03784180
0.00092697 0.07617188 0.02856445 0.12451172 -0.06347656 -0.02355957 -0.02331543 0.09521484 0.12792969 0.07226562 -0.04809570 -0.03198242 0.16796875 0.16015625 0.03491211 0.18554688 -0.09375000 -0.02832031 0.00053406 0.04809570 0.10888672 0.10009766 -0.00154877 0.18652344 0.06640625 -0.24707031 -0.01391602 0.01184082 0.00013733 0.11669922 0.02770996 0.09619141 0.06640625 0.00076675 -0.00149536 0.05883789 0.15722656 0.00011349 -0.00103760 -0.02233887 0.00112915 -0.08056641 0.03930664 0.02075195 0.06494141 0.11425781 0.02294922 0.06079102 0.07910156 0.06933594 -0.03222656 0.00141907 0.09423828 0.05517578 -0.12890625 -0.05688477 -0.00003552 0.00765991 0.10009766 0.00793457 0.05615234 0.11621094 -0.02661133 0.08447266 0.07226562 0.05737305 0.05468750 0.09960938 -0.07958984 0.00067902 -0.00024319 0.02001953 -0.00085831 0.06933594 0.14355469 0.04931641 0.00019836 0.08154297 0.10058594 0.06347656 -0.01190186 0.00071335 0.00115204 0.10302734 0.12158203 -0.00268555 -0.00066376 0.11572266 0.12060547 -0.05493164 0.05883789 -0.20703125 0.09179688 0.14746094 0.13085938 0.11572266 0.00704956 -0.05786133 0.17187500 -0.00885010 0.22363281 0.05664062 0.00053024 0.16601562 0.11621094 0.09423828 -0.00079727 -0.15429688 0.00030899 0.23046875 0.14453125 -0.03759766 0.09228516 0.08789062 -0.00245667 0.11181641 -0.13281250 0.08984375 0.08984375 0.08349609 0.00093460 0.06933594 0.07275391 0.02075195 0.06005859 -0.14843750 0.00738525 0.05761719 0.09960938 0.15039062 -0.04101562 0.01953125 -0.00133514 0.06005859 0.11474609 0.07958984 0.05517578 0.00062180 0.15429688 -0.15332031 -0.02709961 -0.00030899 -0.03515625 -0.00039864 0.00011206 0.09228516 0.16992188 -0.07031250 -0.21191406 0.15820312 0.07324219 -0.18457031 0.11425781 0.00011587 0.02575684 0.11523438 0.02099609 0.11230469 0.00074005 0.10791016 -0.01446533 -0.01202393 0.13378906 0.13867188 0.03149414 0.06494141 -0.02514648 -0.00059891 0.03173828 0.07958984 0.02136230 -0.00127411 -0.15625000 0.14941406 0.13085938 0.13867188 0.13476562 0.01202393 -0.27343750 0.22167969 0.08984375 0.06738281 0.16699219 0.14648438 0.08056641 -0.04321289 -0.02246094 0.07470703 0.08496094 -0.00001645 0.05175781 0.00057602 -0.01953125 -0.00122070 0.06591797 -0.00070572 -0.24707031 0.09033203 0.12597656 0.00643921 -0.01940918 -0.02160645 -0.00141144 0.02075195 0.10791016 0.10937500 0.06494141 0.12597656 0.01037598 0.00180817 -0.00140381 0.09960938 0.01477051 0.00061035 0.09619141 0.03515625 0.00099182 0.09863281 0.16113281 0.09765625 -0.06933594 0.06103516 0.12011719 -0.22363281 0.00113678 0.20898438 -0.00020981 0.00078583 0.02001953 0.09521484 0.00056076 0.01293945 0.02368164 0.08544922 -0.02490234 -0.17187500 0.08740234 -0.03149414 -0.00387573 0.09082031 0.15429688 0.09472656 -0.09912109 0.00000671 -0.13867188 0.09570312 -0.00178528 -0.00224304 -0.01928711 -0.01611328 0.07031250 -0.06347656 0.00003552 0.07763672 -0.04003906 0.04711914
0.00205994 0.10302734 -0.00286865 -0.07519531 -0.01190186 0.09912109 0.21386719 0.04785156 0.01745605 -0.02050781 -0.17089844 -0.13281250 -0.04321289 -0.00817871 -0.60156250 -0.10351562 -0.27734375 0.05468750 -0.00022030 -0.10986328 0.08251953 0.03393555 0.00065231 0.04833984 0.08691406 0.00436401 -0.26367188 0.10937500 -0.00109100 0.04833984 0.15917969 -0.02624512 0.07568359 0.00110626 0.00177765 0.05712891 -0.02917480 -0.00005102 0.00075912 -0.03125000 0.00123596 -0.02868652 0.06542969 0.03808594 -0.04101562 0.04931641 0.11376953 0.10839844 0.10693359 0.12792969 -0.03710938 -0.05224609 -0.01013184 0.04101562 0.57421875 0.24316406 0.00068283 0.00424194 0.05004883 -0.02453613 -0.05859375 0.11035156 -0.06982422 0.00225830 -0.01055908 -0.05639648 0.00558472 -0.09130859 -0.18847656 -0.00107574 -0.00027657 -0.13476562 -0.00060654 -0.17871094 -0.05566406 -0.29882812 0.00138855 -0.00628662 -0.15429688 0.07470703 0.21875000 -0.00102234 -0.00082779 -0.02368164 -0.02429199 -0.00028992 -0.00053787 0.07275391 0.00958252 -0.03979492 -0.00285339 0.40625000 -0.14746094 -0.05200195 0.02673340 -0.04931641 0.10595703 -0.12255859 0.07666016 0.05737305 -0.03247070 -0.15429688 -0.00110626 -0.07910156 0.11621094 -0.02270508 -0.00205994 0.48437500 -0.00034142 -0.04663086 -0.10400391 0.08544922 0.03198242 -0.09228516 0.00854492 0.02307129 0.14648438 -0.11474609 -0.07324219 0.11572266 -0.00109100 0.03173828 0.02001953 0.00656128 -0.03027344 0.05712891 -0.08544922 0.01367188 0.13183594 0.09326172 0.35742188 0.01025391 -0.00095367 -0.03588867 -0.01397705 0.14453125 0.02331543 0.00128174 -0.14843750 -1.07031250 -0.03735352 0.00152588 -0.01544189 -0.00076294 0.00009012 0.06445312 -0.12158203 0.00436401 -0.10742188 -0.02465820 0.17480469 -0.25781250 0.00341797 -0.00110626 -0.01129150 0.07226562 -0.10595703 -0.01489258 0.00030136 -0.17285156 -0.02026367 -0.02343750 -0.01379395 -0.02856445 0.09423828 0.05639648 -0.00024223 -0.00106049 -0.12890625 0.08789062 0.00476074 0.00151825 -0.00029373 -0.08154297 0.01977539 0.00860596 -0.03833008 0.05468750 -0.73828125 0.01214600 0.02392578 0.01226807 -0.07128906 -0.04077148 -0.29492188 0.39062500 -0.00836182 0.21875000 -0.10742188 -0.00016880 -0.05102539 0.00038147 -0.01208496 0.00160980 -0.04785156 0.00177765 -0.24511719 -0.04785156 0.12255859 0.02258301 -0.02868652 0.01434326 -0.00193024 -0.03857422 -0.08984375 0.03466797 -0.16308594 0.10156250 -0.03686523 0.00256348 0.00160980 0.04370117 -0.02416992 0.00098419 0.03979492 -0.00854492 -0.00069046 -0.11083984 0.02587891 -0.09765625 0.03076172 0.03417969 0.12890625 0.49414062 0.00027657 -0.14648438 0.00099945 -0.00067520 -0.20312500 0.09960938 0.00022125 0.13378906 -0.17871094 0.02270508 0.05078125 0.06152344 0.02697754 -0.04003906 0.01043701 -0.13574219 -0.14648438 -0.04614258 -0.29296875 0.00102234 0.59375000 -0.02844238 0.00038719 -0.00263977 0.16503906 0.01257324 -0.06030273 -0.10791016 -0.00116730 0.01239014 -0.01434326 0.07568359
-0.00056839 0.04370117 -0.05590820 0.08251953 0.16210938 0.05126953 -0.10644531 0.09570312 0.04370117 0.02990723 -0.04150391 0.04956055 -0.10839844 -0.03027344 0.03662109 -0.02600098 -0.23339844 -0.01843262 0.00004458 -0.06689453 0.09863281 0.19140625 -0.00097656 0.05175781 0.02209473 -0.09375000 0.02990723 0.15429688 0.00125885 -0.00070572 0.00460815 0.02355957 -0.01879883 0.00011444 0.00130463 0.01916504 0.01031494 0.00114441 -0.00045013 0.08544922 0.00093079 -0.02124023 0.00207520 -0.18261719 0.14843750 0.00143433 -0.00933838 0.03857422 -0.03491211 0.06054688 -0.02807617 -0.01165771 -0.06347656 0.05688477 -0.16015625 -0.52734375 -0.00014305 -0.01696777 -0.02770996 -0.01226807 0.07177734 -0.04614258 -0.02636719 0.36914062 -0.01318359 0.05810547 0.03442383 0.03417969 0.00460815 0.00179291 -0.00056839 0.01098633 -0.00080109 0.03442383 -0.06640625 -0.00364685 0.00064468 0.01684570 -0.11523438 -0.02539062 -0.04858398 0.00072479 -0.00085831 0.01300049 0.13281250 -0.00236511 -0.00138855 0.42968750 -0.10742188 0.00260925 -0.00138855 0.07958984 -0.16992188 0.03564453 0.07763672 0.06689453 -0.00976562 -0.04077148 -0.06079102 0.02465820 -0.01348877 0.01538086 0.00182343 -0.05908203 0.50000000 0.03613281 -0.00221252 0.00634766 -0.00053787 0.02355957 0.00325012 -0.39062500 -0.08154297 -0.20312500 -0.01025391 -0.01239014 -0.04785156 -0.05834961 0.05786133 0.00933838 -0.00062180 -0.08642578 -0.09033203 0.00576782 -0.06079102 -0.11865234 0.05297852 -0.05859375 -0.01684570 -0.03955078 -0.06176758 -0.03063965 -0.00096893 -0.06640625 -0.01538086 0.13378906 -0.06445312 -0.00042534 0.02551270 -0.07763672 -0.02246094 0.00172424 -0.02709961 0.00195312 -0.00110626 0.03564453 0.08007812 -0.04443359 -0.44921875 0.02233887 0.11718750 -0.13964844 0.09521484 0.00057983 0.01397705 -0.05053711 0.04467773 -0.04931641 -0.00053406 0.00866699 0.04321289 -0.00288391 0.06884766 -0.06884766 -0.00159454 0.00466919 -0.01220703 0.00013733 0.02124023 0.07861328 0.00811768 -0.00053787 0.01916504 -0.49804688 0.05468750 0.06347656 -0.53515625 -0.01428223 0.03857422 -0.01104736 -0.17773438 -0.07275391 0.05004883 -0.02783203 0.02758789 -0.09619141 -0.01501465 -0.05786133 -0.04345703 0.00059128 0.00543213 0.00189972 -0.00020409 -0.00002098 -0.49609375 0.00122070 -0.03344727 0.14941406 -0.06152344 0.00811768 -0.18652344 -0.00158691 -0.00213623 0.00592041 0.00735474 0.83984375 0.05761719 0.05249023 -0.02099609 0.00323486 0.00180817 -0.12451172 0.13769531 0.00049973 0.00285339 -0.00228882 0.00119781 0.04370117 0.02307129 -0.02380371 -0.02221680 0.02612305 0.09912109 0.03173828 -0.00005674 -0.04199219 -0.00061417 0.00159454 0.03881836 0.09814453 -0.00062180 -0.08837891 0.00711060 -0.01403809 0.06542969 -0.25000000 0.31640625 -0.03149414 -0.01928711 -0.05810547 0.04687500 0.02185059 0.01159668 0.00011444 -0.10937500 -0.29687500 -0.00094986 -0.00104523 0.01104736 -0.02246094 0.04077148 0.00003719 -0.00086212 -0.07373047 -0.01831055 -0.05517578
-0.00067520 0.06933594 0.01696777 0.06396484 -0.14550781 0.10546875 0.03417969 0.04174805 0.05834961 0.04882812 0.04589844 -0.02404785 0.03759766 0.04296875 0.01892090 -0.06787109 -0.38867188 -0.57421875 -0.00063705 -0.01940918 -0.06005859 0.07080078 -0.00098419 -0.05004883 -0.02001953 0.09130859 -0.07031250 0.05883789 -0.00062943 -0.07568359 0.24902344 0.04614258 0.02197266 0.00022411 0.00184631 -0.13476562 -0.10107422 0.00043297 0.00080872 -0.33007812 -0.00015831 0.21679688 -0.07666016 0.10839844 0.09228516 -0.04296875 0.24804688 0.00393677 -0.00952148 -0.01556396 0.08251953 0.46679688 -0.04492188 -0.01202393 -0.15234375 -0.11474609 0.00067139 -0.04394531 -0.11621094 0.43164062 0.16894531 -0.05224609 -0.12011719 0.09521484 0.04980469 0.05688477 -0.04370117 0.08056641 -0.14941406 0.00077057 0.00187683 0.02453613 -0.00024223 -0.06225586 -0.07666016 0.03002930 -0.00012302 0.06030273 -0.16992188 0.02929688 0.01965332 -0.00013542 -0.00018120 0.03784180 0.09423828 -0.00352478 -0.00078201 0.07373047 0.06835938 -0.12597656 0.00588989 -0.23730469 -0.34765625 -0.06591797 0.01989746 -0.05639648 0.12500000 0.05126953 0.04907227 0.00405884 -0.05419922 -0.10253906 -0.00030518 -0.01226807 0.04418945 -0.00860596 -0.00256348 -0.02197266 0.00062561 -0.12988281 -0.01458740 -0.13476562 -0.03466797 -0.04980469 -0.15429688 0.06054688 0.09863281 0.00604248 -0.08105469 -0.04418945 -0.00109100 0.08837891 0.00769043 0.12500000 0.05151367 0.17187500 -0.10253906 -0.04614258 -0.12011719 0.00933838 0.00102234 -0.05273438 0.00148773 0.04614258 0.03417969 0.05175781 -0.20312500 0.00062561 -0.00787354 -0.14257812 0.36523438 -0.00035667 0.15234375 0.00141144 -0.00100708 0.03759766 -0.16894531 -0.47851562 -0.03881836 0.04736328 -0.01684570 -0.02282715 0.07031250 -0.00251770 0.03417969 0.03979492 0.13867188 0.14355469 -0.00071335 0.04711914 -0.03955078 -0.24707031 0.03417969 -0.11132812 -0.03979492 -0.06835938 1.09375000 0.00005722 0.12500000 0.12060547 0.00361633 0.00145721 0.11474609 -0.00069809 -0.03222656 0.02600098 -0.04956055 -0.24023438 -0.41796875 -0.20703125 0.04125977 -0.02490234 -0.32812500 -0.09765625 0.09521484 -0.28515625 -0.29492188 0.17578125 0.03955078 -0.00031090 -0.04125977 -0.00059128 -0.18652344 -0.00099182 0.08593750 -0.00017738 -0.34765625 -0.07421875 -0.06250000 -0.24609375 0.11474609 -0.46093750 -0.00026321 0.07812500 -0.04663086 0.10888672 -0.08789062 0.00732422 -0.11230469 -0.00340271 -0.00101471 0.03039551 0.01177979 0.00135040 -0.04638672 -0.07373047 -0.00040627 0.00885010 -0.04638672 -0.08593750 -0.14160156 0.04785156 0.04980469 -0.27734375 -0.00152588 -0.05297852 0.00120544 0.00131989 -0.09179688 0.00165558 -0.00038528 0.05541992 -0.06152344 0.06250000 0.02636719 -0.13183594 -0.00166321 0.08154297 0.19140625 -0.13183594 0.10595703 0.01611328 0.08349609 0.00028610 -0.32617188 0.03906250 0.00064468 -0.00180054 -0.29687500 0.31445312 0.00463867 -0.07714844 0.00137329 0.09277344 0.10058594 -0.01361084
-0.00008821 0.10205078 -0.06079102 0.07958984 -0.09912109 0.00396729 0.01190186 0.12500000 0.14257812 0.03491211 0.02185059 -0.06933594 0.03735352 0.06982422 0.00738525 -0.10644531 -0.08789062 -0.02136230 0.00062180 0.02014160 0.10888672 0.15429688 0.00132751 -0.16406250 0.15429688 0.11083984 -0.00842285 0.01635742 -0.00135040 0.06542969 -0.08105469 0.07812500 0.08740234 -0.00060272 -0.00015259 0.02392578 0.09179688 0.00107574 -0.00000384 -0.19140625 -0.00057983 0.06005859 0.00674438 -0.04907227 -0.12695312 -0.03442383 -0.04492188 0.09277344 -0.15527344 0.12792969 -0.01184082 0.00921631 -0.01477051 0.06591797 -0.11621094 -0.14257812 -0.00096130 -0.05419922 0.06884766 -0.03759766 0.08544922 0.10156250 0.02270508 -0.11572266 -0.02563477 0.05688477 -0.19824219 -0.00424194 -0.12353516 -0.00076294 -0.00106049 0.03222656 -0.00088120 0.18554688 -0.16699219 -0.07421875 0.00000671 0.06250000 0.03112793 0.09326172 0.08007812 -0.00123596 -0.00074768 0.05444336 0.06005859 -0.00202942 -0.00106812 0.05126953 0.14257812 0.02319336 0.13476562 -0.19628906 0.55078125 0.09814453 0.11132812 -0.16210938 -0.02770996 0.11474609 -0.06640625 0.03417969 0.05493164 0.07177734 0.00022888 0.05541992 0.06689453 0.16210938 -0.00137329 -0.10498047 0.00062943 -0.14257812 -0.02197266 -0.02612305 0.05322266 0.27343750 -0.01599121 0.08056641 0.04614258 -0.00270081 0.03271484 0.22460938 -0.00103760 -0.08203125 -0.05883789 0.09179688 -0.01892090 0.08642578 -0.04711914 0.11083984 -0.08886719 -0.12353516 0.06689453 -0.00256348 0.00161743 0.12695312 -0.16210938 0.00020027 0.00460815 -0.00093079 0.09228516 -0.01562500 0.02770996 -0.00038338 -0.00221252 0.00075150 -0.00042343 0.13769531 -0.18847656 -0.00952148 0.23242188 0.06396484 0.10351562 -0.04077148 0.11230469 -0.00030899 0.01031494 0.12158203 0.06542969 0.07617188 -0.00066376 0.02368164 -0.06738281 0.00512695 -0.08886719 0.06103516 -0.21093750 0.07421875 0.01165771 -0.00030327 0.03039551 0.20019531 0.00717163 -0.00107574 0.13085938 0.03295898 0.08398438 0.07128906 -0.03735352 0.06250000 -0.09863281 -0.10888672 0.16503906 0.20605469 -0.10498047 -0.08789062 0.16894531 -0.08154297 0.05102539 0.20019531 0.06103516 -0.00020409 0.01190186 0.00161743 0.02038574 -0.00069427 -0.14257812 0.00053787 -0.41796875 0.15234375 0.10156250 -0.04418945 -0.09179688 0.00656128 -0.00119781 -0.04052734 0.10009766 -0.02465820 0.02758789 0.15039062 -0.02197266 0.00228882 0.00091553 0.10156250 -0.13476562 -0.00091553 0.07080078 0.06884766 0.00046730 0.01147461 -0.09423828 0.03491211 0.03686523 0.08251953 0.12792969 -0.20605469 0.00069809 0.18847656 0.00054169 -0.00090790 0.02172852 -0.10546875 0.00011683 -0.08691406 0.09667969 0.03637695 0.05346680 0.15332031 -0.08398438 -0.00259399 0.01116943 0.03149414 -0.05493164 0.06347656 -0.00650024 -0.00077820 -0.10205078 -0.10400391 -0.00106812 -0.00038910 0.00112152 -0.02111816 0.11523438 0.01507568 -0.00069046 -0.05981445 -0.02770996 0.10253906
0.00005436 0.00006199 -0.00132751 -0.00003648 -0.00125885 0.00019169 -0.00186920 0.00017262 0.00059128 -0.00109863 0.00074387 -0.00099182 0.00046921 -0.00176239 -0.00154114 -0.00115967 -0.00123596 -0.00024414 0.00066757 -0.00150299 0.00006866 0.00002789 -0.00131989 0.00026703 0.00008392 -0.00118256 0.00002873 -0.00077820 0.00061417 -0.00098419 -0.00141144 0.00119019 -0.00077438 -0.00086594 0.00074387 0.00018024 0.00055313 -0.00020599 -0.00154877 0.00116730 0.00031662 0.00101471 -0.00031471 -0.00116730 -0.00173950 0.00080109 0.00115204 -0.00147247 -0.00082779 -0.00035095 -0.00014114 -0.00088120 -0.00018978 -0.00164795 -0.00062180 0.00066376 0.00017929 0.00092697 0.00040054 -0.00043869 -0.00178528 -0.00058365 -0.00004244 -0.00080490 0.00048828 -0.00034904 0.00016117 -0.00064850 0.00069427 -0.00089645 -0.00175476 -0.00173950 0.00049973 -0.00090790 0.00069427 -0.00092316 -0.00023174 0.00119019 -0.00001836 0.00077057 -0.00106812 -0.00147247 0.00075912 0.00067520 0.00007486 -0.00119019 -0.00090790 -0.00046539 -0.00077820 -0.00032043 -0.00000942 0.00036812 0.00017548 0.00115967 -0.00056839 -0.00014687 -0.00164032 -0.00167084 0.00019264 -0.00087357 -0.00083542 -0.00163269 0.00072479 0.00028229 0.00093460 -0.00079346 -0.00037193 -0.00006151 0.00083923 -0.00051117 0.00067139 0.00038910 -0.00133514 -0.00013351 -0.00147247 -0.00025558 0.00041580 -0.00125885 -0.00074768 0.00114441 -0.00070572 -0.00064468 0.00035667 0.00005937 0.00098419 -0.00173187 -0.00156403 -0.00059891 -0.00087357 -0.00016689 -0.00024986 0.00009203 -0.00031662 0.00025749 -0.00148010 -0.00170898 -0.00022507 -0.00061798 -0.00135040 -0.00162506 -0.00041389 -0.00004005 -0.00091553 0.00100708 0.00029373 -0.00061798 -0.00135803 -0.00046539 -0.00128174 -0.00058365 -0.00087738 0.00070190 -0.00074768 -0.00032616 0.00082397 0.00090027 0.00051117 0.00055695 -0.00059891 0.00094986 -0.00112152 -0.00136566 -0.00080490 -0.00111389 0.00028801 0.00115204 0.00101471 -0.00039291 0.00086975 -0.00119781 -0.00045013 0.00013351 0.00091934 0.00007820 -0.00125885 -0.00082397 -0.00142670 -0.00003016 -0.00064850 -0.00036240 -0.00032043 0.00110626 -0.00188446 -0.00131226 -0.00135040 -0.00050354 -0.00148773 -0.00099182 -0.00023365 -0.00082779 -0.00040817 -0.00040054 0.00035477 -0.00099945 -0.00098419 -0.00038910 -0.00078201 0.00014973 0.00075150 -0.00087738 -0.00124359 0.00070190 0.00110626 -0.00086212 0.00088120 -0.00024796 -0.00106049 -0.00146484 -0.00051117 -0.00095749 0.00023746 -0.00035858 -0.00135040 -0.00006080 0.00096512 -0.00179291 0.00093842 0.00096130 -0.00086594 0.00104523 0.00101471 -0.00081635 -0.00005341 0.00027466 -0.00173187 -0.00168610 -0.00117493 -0.00090790 -0.00053406 -0.00111389 0.00028610 -0.00103760 0.00020885 0.00098419 0.00026703 0.00075912 0.00006199 -0.00011683 -0.00177765 0.00098419 0.00023079 0.00023937 0.00002611 0.00088882 -0.00093460 -0.00146484 -0.00051880 -0.00054169 0.00046730 0.00097656 -0.00023556 -0.00059128 -0.00126648 -0.00128937 -0.00063324 0.00014019
-0.00037193 -0.00089264 0.00114441 -0.00338745 0.00058746 0.00040245 0.00101471 -0.00137329 0.00033760 -0.00002050 -0.00165558 -0.00150299 -0.00064468 -0.00105286 -0.00124359 -0.00002050 0.00007010 -0.00114441 0.00064468 0.00018883 -0.00242615 0.00016594 0.00051498 -0.00199890 0.00000115 -0.00091553 -0.00171661 -0.00170898 -0.00041199 -0.00117493 -0.00276184 -0.00056458 -0.00136566 -0.00012970 -0.00180054 0.00056839 -0.00158691 -0.00044250 -0.00067139 -0.00006914 -0.00039864 -0.00176239 0.00115204 -0.00332642 -0.00044441 -0.00138855 -0.00183868 -0.00308228 -0.00045204 0.00063705 -0.00170898 -0.00167847 -0.00280762 -0.00031662 -0.00022125 -0.00095749 -0.00075912 -0.00289917 -0.00173187 -0.00032043 -0.00244141 0.00019264 -0.00004196 -0.00112915 -0.00231934 0.00096130 0.00048637 -0.00075912 -0.00081635 0.00136566 -0.00106812 -0.00238037 -0.00166321 -0.00001609 0.00108337 -0.00091934 -0.00064850 0.00025177 -0.00352478 -0.00179291 -0.00065994 0.00114441 0.00071716 -0.00131226 -0.00128937 -0.00141144 0.00122070 -0.00081635 0.00074005 -0.00020123 0.00010824 -0.00099945 0.00105286 -0.00273132 -0.00262451 -0.00238037 0.00005341 -0.00067902 -0.00094223 -0.00077438 -0.00274658 -0.00083923 0.00039482 -0.00142670 -0.00218201 -0.00143433 0.00121307 -0.00132751 0.00088120 -0.00111389 -0.00042152 -0.00078583 -0.00006580 -0.00156403 -0.00079346 -0.00184631 -0.00190735 -0.00202942 -0.00087357 0.00019455 0.00051117 -0.00283813 -0.00013542 0.00085068 -0.00108337 -0.00311279 -0.00038338 0.00001425 0.00073242 0.00013924 -0.00163269 -0.00177765 -0.00089264 -0.00090027 -0.00051117 0.00111389 -0.00159454 -0.00076294 -0.00103760 -0.00128937 -0.00136566 -0.00045776 -0.00079727 -0.00168610 -0.00095749 0.00014210 0.00074768 -0.00046539 0.00048065 0.00024128 -0.00020123 -0.00180054 -0.00118256 -0.00029182 -0.00005245 0.00085449 0.00081635 -0.00144196 -0.00047874 -0.00106812 -0.00186157 -0.00112152 -0.00167847 -0.00049973 0.00016499 0.00073624 -0.00259399 0.00106049 -0.00148010 -0.00127411 -0.00323486 0.00102997 -0.00112152 0.00053787 -0.00154877 0.00013065 0.00026703 -0.00137329 -0.00102997 -0.00009155 0.00104523 0.00041389 -0.00083923 -0.00034142 -0.00000566 0.00118256 -0.00105286 -0.00125885 -0.00160217 0.00041389 -0.00050735 -0.00009155 -0.00043297 -0.00142670 -0.00183105 0.00085831 -0.00105286 0.00089264 0.00080872 -0.00263977 -0.00045395 -0.00131989 0.00039673 0.00026512 -0.00363159 -0.00118256 -0.00089264 -0.00176239 -0.00262451 0.00146484 -0.00166321 -0.00141144 -0.00236511 0.00023746 -0.00102997 -0.00074768 0.00002682 -0.00104523 0.00082016 -0.00147247 -0.00161743 0.00069046 -0.00156403 -0.00262451 -0.00160217 -0.00104523 0.00117493 0.00095749 -0.00160217 0.00015450 0.00112152 -0.00131226 0.00007343 -0.00004220 -0.00338745 -0.00186157 -0.00104523 -0.00193024 0.00028419 -0.00059509 -0.00136566 -0.00074387 -0.00148773 -0.00179291 -0.00111389 0.00054932 -0.00135040 -0.00169373 -0.00086212 -0.00357056 -0.00096512 -0.00241089 0.00023079 -0.00164032 -0.00315857 -0.00212097
0.00019646 -0.00141907 -0.00027847 0.00004768 0.00037003 -0.00125122 -0.00120544 0.00056076 0.00113678 -0.00155640 -0.00102234 -0.00175476 0.00104523 0.00028801 0.00103760 0.00014496 -0.00182343 -0.00049591 0.00045204 -0.00002384 0.00069809 -0.00003290 -0.00123596 -0.00063324 0.00025368 -0.00069427 0.00085068 -0.00076675 -0.00120544 0.00015450 -0.00139618 -0.00126648 -0.00096130 0.00110626 -0.00119019 -0.00059891 -0.00063324 -0.00066757 -0.00063324 -0.00038910 -0.00010681 0.00077438 -0.00148010 -0.00077057 0.00013447 -0.00015259 -0.00093842 0.00009394 -0.00024986 -0.00083542 0.00080109 0.00013733 0.00072098 0.00063705 -0.00010872 -0.00087357 -0.00160217 -0.00004125 -0.00176239 -0.00158691 0.00049973 -0.00091934 0.00020218 -0.00146484 -0.00066757 0.00112152 -0.00085449 0.00083160 0.00008249 0.00010014 -0.00104523 -0.00083542 0.00029373 -0.00164032 -0.00014687 -0.00170898 -0.00050354 -0.00055695 0.00024605 0.00037384 0.00059891 -0.00179291 -0.00177002 -0.00112152 -0.00067520 0.00122070 0.00022602 -0.00068665 -0.00025368 0.00075912 -0.00176239 0.00033379 -0.00044060 -0.00182343 -0.00001389 -0.00131226 0.00029182 0.00093842 -0.00150299 -0.00102234 -0.00146484 0.00044632 -0.00138855 0.00004649 -0.00033951 -0.00028419 -0.00156403 -0.00038528 -0.00099182 0.00098419 0.00117493 -0.00040436 0.00045586 0.00002480 -0.00115967 0.00099182 -0.00011873 0.00041771 -0.00077820 -0.00104523 0.00052643 -0.00048065 -0.00114441 -0.00089645 -0.00165558 -0.00020027 -0.00032043 -0.00148773 -0.00172424 -0.00087738 0.00055313 -0.00158691 -0.00110626 -0.00133514 -0.00045395 -0.00176239 -0.00047684 0.00021172 -0.00065231 -0.00183105 -0.00024605 -0.00072479 0.00028229 0.00064087 -0.00065231 -0.00078964 -0.00099945 0.00095749 -0.00010824 0.00050735 -0.00137329 -0.00088501 0.00056458 0.00002134 0.00025749 -0.00135040 0.00072479 -0.00054169 -0.00015640 0.00044632 -0.00045967 -0.00011206 -0.00148773 -0.00049210 -0.00055695 0.00120544 0.00034332 0.00035667 0.00091171 0.00030327 -0.00044060 -0.00027084 0.00053406 -0.00080109 -0.00097656 0.00077438 -0.00007725 -0.00017738 0.00045967 0.00045204 -0.00013638 0.00013256 0.00056839 0.00098419 -0.00038528 -0.00097656 0.00037003 0.00121307 -0.00156403 0.00065231 -0.00051880 -0.00035858 -0.00062561 -0.00117493 -0.00054550 0.00116730 0.00103760 -0.00085068 -0.00049591 0.00087357 -0.00127411 0.00083160 -0.00134277 0.00075150 -0.00093079 0.00021076 -0.00152588 -0.00000088 -0.00032043 -0.00106812 -0.00085449 0.00113678 -0.00186157 -0.00097656 -0.00146484 0.00094604 -0.00000362 -0.00048256 0.00079346 0.00117493 -0.00113678 -0.00183105 -0.00051880 -0.00176239 -0.00119019 -0.00170898 0.00097275 -0.00125885 -0.00046539 -0.00131226 -0.00038910 -0.00159454 0.00113678 -0.00162506 0.00107574 0.00076675 -0.00086975 -0.00081635 -0.00144958 0.00110626 -0.00074768 0.00031853 -0.00053024 -0.00183868 -0.00069427 0.00009203 0.00057602 0.00139618 -0.00060654 -0.00111389 0.00072098 -0.00167084 0.00091553 -0.00112152 -0.00120544 0.00053406
-0.00138092 -0.00302124 -0.00436401 -0.00491333 -0.00273132 -0.00212097 -0.00099182 -0.00099182 -0.00162506 -0.00188446 -0.00408936 -0.00331116 0.00006151 -0.00332642 0.00085449 -0.00006008 -0.00001442 -0.00357056 -0.00048637 -0.00289917 -0.00027847 -0.00099945 0.00096893 -0.00109100 -0.00267029 -0.00242615 -0.00292969 -0.00152588 0.00069046 -0.00046730 -0.00218201 -0.00286865 -0.00069427 -0.00036049 -0.00169373 -0.00034142 0.00007153 -0.00167847 -0.00086594 -0.00283813 -0.00162506 -0.00411987 -0.00482178 -0.00393677 -0.00292969 -0.00239563 -0.00436401 -0.00288391 -0.00262451 -0.00097656 -0.00292969 -0.00367737 0.00030136 -0.00396729 -0.00497437 -0.00479126 -0.00137329 -0.00056076 0.00110626 -0.00332642 -0.00382996 -0.00145721 0.00110626 -0.00273132 -0.00036430 -0.00135803 -0.00201416 0.00044823 -0.00135040 0.00045395 0.00072861 -0.00408936 -0.00090408 -0.00087738 -0.00439453 -0.00175476 0.00080872 -0.00306702 -0.00279236 -0.00396729 -0.00274658 0.00109863 0.00106812 -0.00128937 -0.00138855 0.00099945 -0.00056076 0.00085831 -0.00061798 0.00022793 -0.00222778 -0.00004506 -0.00427246 -0.00364685 -0.00405884 -0.00001490 -0.00053024 -0.00312805 0.00057983 0.00062180 -0.00488281 -0.00130463 -0.00140381 -0.00057602 -0.00352478 -0.00325012 -0.00103760 -0.00027847 -0.00122833 0.00077820 0.00067139 -0.00088501 -0.00001800 -0.00132751 -0.00285339 -0.00393677 -0.00215149 -0.00038338 -0.00384521 0.00000276 0.00088120 -0.00213623 -0.00093079 -0.00004482 -0.00114441 -0.00396729 0.00059891 -0.00012302 -0.00039101 -0.00466919 -0.00373840 -0.00286865 -0.00018787 -0.00405884 -0.00373840 -0.00238037 -0.00086212 -0.00015640 -0.00032043 -0.00078201 -0.00108337 -0.00115967 0.00018597 0.00054932 -0.00020504 -0.00350952 0.00079727 -0.00354004 -0.00297546 -0.00108337 -0.00292969 -0.00317383 -0.00271606 -0.00050735 -0.00463867 -0.00031090 0.00004673 0.00046349 -0.00012684 -0.00379944 -0.00248718 -0.00430298 0.00000846 -0.00108337 -0.00349426 -0.00138092 -0.00384521 -0.00138855 -0.00117493 -0.00115204 0.00053787 -0.00010729 -0.00253296 0.00054169 -0.00285339 -0.00369263 -0.00169373 -0.00121307 0.00110626 -0.00130463 -0.00340271 -0.00088882 0.00007439 -0.00418091 -0.00012493 0.00036621 -0.00424194 -0.00088882 -0.00408936 -0.00040627 -0.00132751 -0.00150299 -0.00267029 -0.00056458 -0.00274658 -0.00020313 -0.00066757 -0.00405884 -0.00239563 -0.00500488 -0.00384521 -0.00162506 -0.00147247 0.00097656 -0.00279236 0.00078201 -0.00152588 -0.00128937 -0.00182343 0.00103760 0.00061798 -0.00370789 -0.00439453 0.00070190 -0.00212097 -0.00070190 0.00000338 0.00085449 0.00114441 0.00023746 -0.00454712 -0.00488281 -0.00442505 -0.00036049 0.00088882 -0.00116730 0.00099945 -0.00148010 -0.00029755 -0.00164795 0.00111389 0.00050354 -0.00218201 -0.00463867 -0.00121307 -0.00396729 -0.00479126 -0.00218201 -0.00157166 -0.00156403 -0.00411987 -0.00150299 -0.00277710 -0.00124359 0.00023651 -0.00396729 -0.00155640 0.00040245 -0.00306702 -0.00463867 -0.00159454 0.00062180 -0.00014210 -0.00331116 -0.00263977 -0.00424194
0.00045586 -0.04638672 0.09375000 0.03417969 -0.09667969 -0.09082031 -0.07470703 -0.05322266 -0.03540039 0.01062012 0.03857422 0.01074219 -0.00046539 -0.04614258 0.00451660 -0.03930664 -0.00799561 -0.00399780 -0.00008297 0.04858398 -0.20019531 -0.00044060 -0.00062943 -0.07958984 0.00582886 0.12988281 -0.12353516 -0.19335938 0.00041580 -0.00271606 0.01416016 0.01428223 0.02246094 0.00047493 -0.00112152 0.00147247 -0.14550781 -0.00070190 -0.00092316 -0.22949219 0.00153351 -0.02734375 0.05761719 0.04418945 0.00915527 -0.06689453 -0.07275391 -0.00823975 -0.03833008 -0.02600098 -0.03442383 0.02087402 0.18066406 -0.04833984 0.04199219 -0.58984375 -0.00145721 0.00494385 -0.09472656 0.07373047 0.23437500 -0.08447266 0.02001953 0.18066406 0.05175781 -0.05883789 -0.02148438 -0.11328125 -0.20507812 -0.00012684 -0.00118256 -0.01318359 0.00111389 0.00279236 -0.07714844 0.02490234 -0.00076675 0.05810547 -0.03955078 -0.11083984 -0.12988281 -0.00103760 -0.00022221 -0.05688477 -0.06787109 -0.00256348 -0.00003862 -0.33789062 -0.04174805 0.01928711 -0.05419922 0.58203125 -0.00891113 -0.16503906 -0.05541992 -0.05102539 0.06103516 -0.03173828 -0.23437500 0.03369141 -0.15332031 -0.08593750 0.00065231 0.03857422 0.22265625 -0.02441406 -0.00167847 -0.14648438 0.00008440 -0.10644531 0.01879883 -0.14746094 -0.16210938 -0.06738281 -0.02209473 -0.04125977 -0.08251953 0.08984375 -0.03686523 -0.16796875 0.00017548 -0.03295898 0.12890625 0.05615234 -0.05102539 0.10888672 -0.07177734 -0.15039062 -0.10498047 0.00097275 -0.23242188 0.00361633 0.00138092 0.10791016 0.13476562 -0.11767578 -0.11523438 0.00050735 0.08349609 0.00160217 0.01074219 -0.00135803 -0.02661133 0.00014019 0.00128937 -0.14355469 0.33007812 -0.07080078 -0.44335938 -0.04858398 -0.07568359 0.11328125 -0.07080078 0.00024986 0.00588989 -0.09667969 -0.20507812 -0.02478027 -0.00144958 -0.06396484 -0.01550293 -0.01574707 -0.08984375 -0.09570312 -0.09814453 -0.07275391 -0.07031250 -0.00142670 0.14355469 -0.09179688 0.01275635 0.00010538 0.07958984 -0.19921875 -0.06396484 -0.03442383 0.14550781 -0.01275635 -0.26953125 -0.07861328 0.00915527 -0.12353516 0.07080078 0.01440430 0.07128906 0.19824219 0.04199219 0.06298828 0.01782227 0.00129700 -0.00421143 -0.00049973 0.04272461 0.00002468 0.20507812 0.00116730 -0.17773438 -0.04809570 -0.03295898 -0.05200195 -0.34375000 -0.02697754 -0.00092316 -0.05249023 -0.09765625 0.03320312 0.03735352 0.00279236 0.09716797 0.00244141 -0.00108337 -0.08398438 0.04589844 -0.00025558 -0.16406250 0.02978516 -0.00082016 -0.04150391 -0.05883789 0.14355469 0.06933594 -0.12402344 -0.01062012 0.61718750 0.00086212 0.09960938 -0.00100708 -0.00106049 -0.00097275 0.02648926 -0.00044250 -0.02026367 0.03759766 -0.17382812 -0.19140625 -0.03271484 0.02783203 -0.01953125 -0.00433350 0.26171875 0.02160645 -0.06176758 0.46093750 0.00087357 0.10400391 0.20703125 0.00018215 -0.00020790 0.00903320 -0.04809570 -0.01245117 0.02392578 0.00072098 0.08740234 0.00262451 0.08935547
0.00167084 0.05981445 0.02990723 0.05297852 0.12109375 -0.06250000 -0.05444336 0.07080078 0.00387573 0.04467773 -0.38281250 0.26562500 0.00338745 0.10400391 0.68750000 0.16894531 0.35156250 -0.20703125 -0.00059509 0.15332031 0.09570312 -0.02136230 -0.00124359 -0.14941406 -0.02832031 0.29687500 -0.22851562 -0.20117188 -0.00110626 0.11865234 0.06689453 -0.00143433 0.08984375 0.00068665 0.00112152 -0.07666016 0.28125000 0.00050735 0.00048256 0.02539062 -0.00097656 0.31835938 0.08984375 -0.01196289 -0.04907227 -0.04736328 -0.50781250 -0.00512695 0.00872803 0.11083984 -0.20214844 -0.07373047 0.50000000 0.02392578 -0.12109375 -0.20996094 0.00105286 -0.10742188 0.00121307 -0.80078125 -0.13085938 0.14843750 0.21093750 -0.11181641 0.08056641 -0.05615234 0.11816406 0.14062500 -0.26953125 -0.00104523 -0.00015259 -0.00994873 0.00157166 0.07910156 0.17285156 0.02600098 0.00151825 0.06103516 0.10986328 0.06591797 0.00488281 -0.00085831 -0.00119781 0.12207031 0.05859375 -0.00288391 -0.00119019 -0.01745605 -0.01342773 0.41406250 0.01257324 -0.30273438 0.10595703 0.13574219 0.09472656 -0.13476562 -0.66406250 -0.35351562 0.16308594 -0.23925781 0.04418945 0.14062500 -0.00117493 0.15722656 -0.09960938 0.12451172 -0.00031853 -0.16015625 -0.00018120 0.13867188 0.19042969 -0.17480469 0.02880859 0.20214844 0.04077148 0.03955078 0.33593750 -0.11328125 0.10986328 0.04809570 0.00164795 -0.13476562 -0.13574219 0.09326172 0.03686523 0.06835938 -0.20410156 0.07568359 -0.06494141 0.08984375 -0.13085938 -0.25976562 0.00180817 -0.00659180 0.01794434 -0.06396484 0.06982422 0.00031853 0.13281250 -0.15917969 0.00656128 -0.00102234 -0.93750000 0.00163269 0.00044632 0.05200195 -0.01110840 -0.39648438 0.06494141 0.07763672 0.06079102 -0.06005859 0.07128906 -0.00219727 0.05957031 0.09423828 0.08691406 0.01684570 0.00061798 0.19921875 0.27148438 0.14550781 0.21484375 0.08398438 -0.06005859 0.04150391 0.14160156 0.00149536 -0.03686523 0.07812500 0.18457031 -0.00117493 0.26171875 0.07910156 -0.00765991 -0.00909424 0.04370117 -0.30078125 -0.20214844 0.10888672 -0.06225586 -0.09716797 -0.04296875 0.17089844 0.13867188 0.01519775 0.98828125 -0.20214844 0.05395508 -0.00062943 0.47656250 -0.00019932 -0.04272461 -0.00040054 -0.07324219 0.00117493 -0.08691406 0.03808594 -0.10400391 -0.13769531 -0.03833008 -0.17578125 0.00013828 -0.33789062 0.05102539 -0.04418945 0.08056641 0.06689453 0.02734375 -0.00201416 -0.00063705 0.07666016 -0.03247070 0.00117493 0.02539062 0.09130859 -0.00029945 -0.00280762 0.05371094 -0.03564453 -0.30273438 0.14257812 0.03857422 -0.36718750 0.00006676 -0.00070190 -0.00070953 -0.00095367 0.09960938 0.25585938 0.00149536 -0.33789062 0.02941895 0.03100586 -0.06689453 0.00903320 -0.05102539 -0.08105469 0.22167969 -0.07421875 0.06787109 -0.03881836 0.17285156 0.00134277 -0.07519531 -0.07714844 -0.00039482 -0.00091171 0.42968750 0.16503906 0.10742188 -0.14843750 0.00072098 -0.08642578 0.41210938 0.08789062
-0.00014019 0.08642578 0.03833008 0.11523438 -0.14941406 -0.01513672 0.10058594 0.03979492 -0.00500488 0.06835938 0.02233887 -0.13574219 0.05883789 0.05712891 -0.17675781 -0.00878906 0.08496094 0.01550293 -0.00074768 -0.05151367 -0.18652344 0.11181641 0.00010157 -0.03491211 0.01574707 -0.02355957 -0.26171875 -0.05029297 0.00013638 -0.07421875 -0.14648438 0.08007812 0.07177734 0.00083160 0.00045395 -0.20410156 -0.23632812 0.00114441 0.00117493 0.11425781 0.00039101 0.05493164 -0.05932617 0.09765625 -0.00903320 -0.02636719 0.04687500 0.00292969 -0.10498047 0.00166321 0.03759766 -0.09472656 -0.18945312 0.05395508 -0.39843750 -0.32812500 0.00078201 0.00909424 -0.20117188 0.00741577 0.02343750 0.10107422 -0.03222656 0.07617188 -0.02124023 -0.05786133 -0.23046875 -0.33593750 0.16601562 -0.00059509 -0.00009012 0.00244141 0.00027657 -0.03247070 0.12988281 0.10498047 0.00080872 0.04931641 -0.02441406 -0.02709961 -0.02819824 0.00128937 -0.00107574 0.01123047 0.08349609 -0.00279236 -0.00125122 -0.09277344 0.03833008 -0.10058594 -0.01708984 0.19824219 0.17968750 -0.18847656 -0.07763672 -0.01391602 0.03491211 -0.05029297 -0.07275391 -0.02087402 -0.28320312 -0.15820312 -0.00012589 -0.06884766 -0.19042969 -0.06884766 0.00028229 -0.20410156 -0.00075912 -0.08154297 -0.23828125 -0.83984375 -0.02770996 -0.05346680 -0.03271484 0.05249023 0.04907227 0.20605469 -0.08984375 0.05053711 -0.00041580 0.06152344 0.01928711 0.12890625 -0.21582031 0.04565430 0.26562500 0.01306152 -0.06005859 -0.11132812 -0.08251953 0.02075195 -0.00019836 0.09716797 0.12597656 -0.03808594 -0.04589844 -0.00052261 0.11181641 -1.19531250 -0.14746094 0.00065994 -0.09667969 0.00193787 -0.00048256 0.14941406 -0.04833984 0.05249023 0.03002930 0.04736328 -0.01495361 0.21972656 0.05078125 0.00072861 -0.07861328 -0.05444336 0.01123047 0.16894531 0.00166321 -0.20019531 -0.07519531 -0.04736328 -0.12060547 -0.12597656 -0.02978516 -0.20019531 0.08642578 -0.00029182 0.22949219 -0.06591797 -0.03491211 -0.00116730 -0.15722656 -0.00756836 -0.00191498 0.12304688 -0.26953125 0.03540039 0.61328125 -0.02258301 0.05468750 -0.09423828 -0.04663086 -0.16210938 0.18261719 -0.11328125 0.02307129 -0.09570312 -0.23046875 0.00056458 -0.10986328 0.00102234 0.00373840 -0.00050735 0.04418945 0.00122070 0.04174805 -0.17871094 -0.05932617 0.04077148 -0.09082031 -0.05029297 -0.00137329 0.29101562 -0.09277344 0.00674438 0.09912109 0.08203125 -0.19140625 -0.00312805 -0.00109863 -0.03002930 -0.33593750 0.00161743 -0.09326172 -0.11767578 0.00042343 -0.01159668 -0.25976562 -0.01391602 0.07031250 0.04003906 -0.02368164 0.16503906 -0.00031281 -0.06591797 0.00125885 -0.00034142 -0.18750000 0.12792969 0.00184631 -0.13769531 0.01574707 0.10253906 0.07861328 0.08886719 -0.02087402 0.02050781 0.07128906 -0.16308594 0.11132812 0.14941406 -0.05468750 -0.00026131 -0.19433594 0.01623535 0.00102234 -0.00239563 0.00439453 0.01519775 -0.00494385 0.07617188 0.00165558 0.06591797 -0.00001001 0.12597656
0.00133514 0.10058594 0.01354980 0.04150391 -0.46093750 -0.27343750 0.14257812 0.08349609 0.07958984 -0.26953125 0.08349609 0.14941406 -0.02941895 0.00772095 -0.11376953 -0.07519531 -0.00643921 -0.03637695 0.00114441 -0.06494141 -0.01708984 -0.03686523 -0.00020790 0.00601196 0.12109375 -0.04052734 -0.36914062 0.13281250 -0.00072861 -0.01208496 0.05273438 0.10546875 0.02673340 -0.00051498 -0.00102234 0.03393555 -0.14648438 -0.00165558 -0.00027466 0.02050781 0.00118256 -0.00430298 -0.03881836 0.12109375 0.07324219 0.02368164 0.03076172 0.00656128 -0.24023438 -0.17773438 -0.06005859 -0.02368164 -0.11279297 -0.03198242 0.24902344 -0.04492188 -0.00078201 -0.00750732 -0.06347656 0.00072098 0.02978516 0.02966309 -0.03955078 0.02343750 0.13769531 -0.05786133 -0.20996094 -0.13964844 0.18359375 -0.00028419 0.00167847 0.02758789 0.00151825 -0.24414062 0.01080322 -0.00157928 0.00085449 -0.02380371 -0.20605469 -0.01416016 0.06787109 0.00074768 -0.00136566 -0.02270508 0.05004883 -0.00000310 0.00107574 0.13085938 0.06396484 -0.02856445 -0.30859375 0.45312500 -0.27539062 -0.16406250 -0.13671875 0.00292969 -0.10009766 -0.03320312 -0.30859375 0.06005859 -0.12695312 -0.03491211 0.00163269 0.02856445 -0.40234375 -0.20898438 0.00078583 -0.04223633 -0.00019836 -0.14355469 -0.05493164 0.07421875 -0.09667969 0.08642578 0.06347656 0.15820312 -0.01031494 0.05395508 -0.08154297 -0.24023438 0.00169373 0.10449219 0.07470703 0.05517578 0.05004883 0.06054688 0.22070312 0.05273438 -0.02294922 -0.06982422 0.23437500 -0.04052734 0.00175476 0.05566406 0.09375000 -0.29687500 0.04296875 0.00173950 0.04077148 -0.31835938 -0.02624512 0.00099945 -0.10595703 0.00027275 0.00135803 -0.15332031 -0.22363281 0.00823975 -0.19628906 0.01806641 -0.09863281 0.10498047 -0.04882812 -0.00141907 0.03515625 0.00048637 -0.15527344 0.14062500 -0.00097656 -0.16894531 -0.06250000 -0.03930664 -0.17871094 0.02612305 -0.35742188 -0.26171875 -0.10986328 -0.00075531 0.31640625 -0.09082031 -0.00248718 0.00150299 0.02490234 -0.06933594 0.07910156 0.01440430 0.10791016 0.05200195 -1.08593750 -0.10595703 0.02978516 -0.08007812 -0.08007812 -0.16992188 0.14648438 -0.36328125 -0.00552368 0.30468750 -0.02551270 -0.00099182 0.03979492 0.00005102 -0.00823975 0.00191498 0.10400391 -0.00048256 -0.45507812 0.03564453 -0.19824219 -0.06201172 -0.02832031 -0.02929688 -0.00228882 -0.50781250 -0.00891113 -0.06201172 0.09570312 0.09863281 -0.24707031 -0.00325012 0.00152588 0.06445312 -0.26562500 0.00115967 0.07812500 -0.04638672 -0.00034714 -0.07373047 -0.06689453 0.09423828 -0.02136230 -0.16894531 0.00405884 0.38281250 0.00020790 -0.02099609 -0.00094604 0.00096512 -0.19726562 0.02648926 -0.00138855 -0.29492188 0.15625000 -0.22558594 -0.34179688 0.07226562 0.02709961 -0.05957031 -0.02502441 -0.03515625 -0.03881836 0.08544922 -0.01202393 0.00114441 0.29492188 0.00463867 -0.00094986 -0.00142670 -0.00260925 -0.03247070 -0.51562500 0.02795410 -0.00043106 0.09765625 0.01068115 0.05053711
-0.00179291 -0.00026131 -0.00092316 0.00070572 0.00021362 0.00070190 -0.00109100 -0.00169373 0.00037193 -0.00112915 -0.00256348 -0.00189209 -0.00180054 0.00044060 -0.00159454 0.00017834 0.00092697 -0.00098419 0.00030327 -0.00083160 -0.00227356 -0.00165558 -0.00034523 0.00115204 -0.00108337 0.00046539 -0.00125122 -0.00024986 -0.00052643 -0.00015736 -0.00021935 -0.00250244 0.00106049 -0.00009918 0.00031662 -0.00156403 -0.00112152 -0.00004506 -0.00103760 -0.00077057 0.00104523 0.00105286 0.00099945 -0.00111389 0.00080109 -0.00067520 0.00016212 0.00090027 -0.00081253 0.00081253 -0.00183868 0.00049210 -0.00119781 0.00003362 0.00102234 0.00112152 -0.00131226 -0.00087738 0.00116730 0.00091934 0.00110626 -0.00080109 0.00012064 -0.00061035 0.00093842 -0.00049591 -0.00213623 -0.00109100 -0.00048828 0.00041580 -0.00060654 -0.00026131 -0.00071716 -0.00091934 0.00064087 -0.00248718 0.00077057 0.00034142 0.00036812 -0.00159454 -0.00089645 -0.00023651 -0.00057220 -0.00093079 -0.00164795 0.00083160 0.00002944 0.00016403 -0.00144196 -0.00107574 0.00151062 -0.00176239 -0.00125122 0.00056458 0.00035286 0.00091934 -0.00151825 -0.00153351 -0.00027084 -0.00032234 -0.00036812 0.00037766 -0.00078201 -0.00151825 0.00003195 0.00062943 -0.00086212 0.00057983 0.00048256 0.00035477 -0.00108337 0.00028610 -0.00150299 -0.00028038 -0.00097656 0.00030518 -0.00168610 0.00080109 -0.00020409 -0.00013828 0.00090408 -0.00099182 0.00023937 -0.00004005 0.00020695 0.00085068 -0.00040817 0.00043869 -0.00162506 0.00000328 0.00027466 -0.00027657 -0.00109863 0.00088120 -0.00131989 -0.00082397 -0.00003242 -0.00071335 -0.00222778 -0.00158691 -0.00081253 -0.00017548 0.00057602 -0.00040627 -0.00049591 -0.00023270 0.00046158 -0.00095367 -0.00056839 -0.00037956 -0.00102234 -0.00096130 -0.00122833 0.00044632 -0.00177002 0.00113678 0.00100708 0.00094223 -0.00011492 -0.00109100 -0.00078201 -0.00257874 0.00047112 -0.00164795 -0.00119019 0.00016689 0.00017643 -0.00024033 -0.00238037 -0.00075912 -0.00044823 0.00026321 -0.00176239 -0.00148773 0.00057220 -0.00152588 -0.00031662 -0.00058365 0.00057983 -0.00139618 0.00097656 -0.00038147 -0.00028801 -0.00011778 0.00094986 -0.00054169 0.00032997 0.00099182 -0.00228882 0.00010872 -0.00018883 0.00076675 -0.00117493 0.00118256 -0.00146484 0.00094604 -0.00148010 -0.00158691 0.00099182 -0.00057602 -0.00107574 0.00074768 -0.00001478 -0.00088501 -0.00017929 -0.00139618 -0.00150299 -0.00080490 -0.00027275 -0.00047684 0.00069046 -0.00066757 0.00008059 0.00040245 -0.00026131 -0.00166321 -0.00067902 -0.00154114 -0.00121307 -0.00115204 -0.00097656 -0.00118256 0.00027847 -0.00100708 -0.00011730 -0.00145721 -0.00070190 0.00022697 0.00041389 0.00112915 -0.00084305 -0.00128174 -0.00234985 -0.00087738 -0.00047684 0.00046730 0.00095367 -0.00099182 0.00015163 -0.00084305 -0.00114441 -0.00034332 0.00053024 0.00093079 -0.00144196 -0.00077820 -0.00014877 -0.00037384 -0.00094986 0.00028419 -0.00065613 0.00059509 -0.00042725 -0.00147247 -0.00043106 0.00049973
0.00096893 -0.00592041 -0.47656250 -0.09472656 -0.24609375 0.22851562 0.12207031 -0.02954102 0.03979492 0.07421875 0.06933594 0.10449219 -0.01483154 0.03784180 -0.08349609 -0.11914062 0.13964844 0.02160645 -0.00115204 -0.16503906 0.02465820 0.01965332 0.00118256 -0.10742188 0.04125977 0.16894531 0.03027344 0.06176758 -0.00110626 0.00172424 -0.01165771 0.06591797 0.01446533 -0.00024414 0.00133514 -0.02282715 0.29101562 0.00110626 0.00021553 0.14160156 -0.00090027 0.02746582 -0.05761719 -0.07128906 -0.06835938 -0.33398438 -0.02380371 -0.08300781 -0.08642578 0.08349609 0.02844238 0.08203125 0.00793457 -0.08251953 -0.09912109 0.09179688 -0.00086212 -0.04785156 -0.25976562 -0.00637817 0.03955078 0.21777344 0.03833008 0.00421143 0.05102539 -0.05566406 -0.34765625 0.07812500 -0.03125000 -0.00025177 0.00074005 -0.16210938 0.00155640 -0.06787109 -0.30664062 0.02294922 0.00033760 -0.00482178 0.06347656 -0.20019531 -0.02600098 -0.00043678 -0.00076294 0.07128906 0.09033203 -0.00297546 0.00107574 0.06347656 0.11718750 0.06225586 -0.28320312 -0.05810547 0.05834961 0.11181641 0.06787109 -0.19531250 0.01916504 -0.07763672 0.11523438 0.06127930 -0.03369141 -0.01470947 -0.00096512 0.10058594 -0.25585938 0.09326172 0.00195312 -0.02490234 -0.00035095 0.02661133 -0.26757812 0.12792969 -0.08935547 -0.19238281 0.04443359 0.05346680 0.10595703 -0.13476562 0.01684570 -0.02075195 -0.00041008 -0.13867188 -0.09765625 0.19921875 -0.08740234 0.15039062 0.14941406 0.09667969 -0.14550781 -0.16699219 -0.15722656 -0.00765991 0.00004315 0.07519531 0.07568359 -0.11962891 -0.04003906 -0.00077820 0.18164062 -0.29882812 0.08007812 0.00017166 0.04956055 0.00162506 0.00169373 0.13964844 0.13769531 0.06176758 0.04931641 0.11865234 -0.00762939 0.19042969 0.05932617 -0.00062180 -0.03295898 -0.00016308 0.00515747 0.12060547 0.00167084 -0.07666016 -0.02185059 -0.03881836 0.13085938 0.07373047 -0.37890625 0.31250000 0.00848389 0.00019073 0.12890625 -0.01269531 -0.03540039 0.00114441 0.10302734 0.11621094 0.02722168 0.14062500 0.43945312 0.04321289 0.63281250 -0.04736328 0.10791016 -0.00573730 0.11718750 -0.04248047 0.11962891 0.00381470 0.05883789 0.01123047 -0.02429199 -0.00022507 -0.05419922 -0.00006962 -0.00588989 0.00153351 0.04199219 0.00037956 -1.12500000 -0.09277344 0.03637695 -0.01123047 -0.39843750 0.03588867 -0.00099945 -0.15136719 0.09326172 0.09277344 0.00373840 0.03442383 0.10107422 0.00331116 -0.00006390 0.05566406 -1.06250000 -0.00034714 0.01354980 -0.03637695 0.00007486 0.22167969 -0.05004883 0.00106812 0.08300781 0.07373047 0.12158203 -0.07519531 -0.00020409 0.21582031 -0.00082016 0.00003040 0.16015625 0.07128906 -0.00026894 -0.05664062 0.09570312 0.03222656 0.32226562 0.18750000 -0.10986328 0.03735352 -0.07226562 -0.08154297 0.02148438 0.16503906 -0.11523438 0.00016689 -0.11425781 0.00622559 -0.00112152 -0.00176239 0.05566406 -0.01550293 0.15625000 0.02929688 0.00173187 -0.13769531 0.04345703 0.04785156
-0.00124359 -0.00067139 0.00066757 -0.00358582 -0.00072861 -0.00175476 -0.00141144 -0.00294495 -0.00123596 -0.00171661 -0.00120544 -0.00091934 -0.00029564 -0.00122070 0.00088882 -0.00110626 -0.00084686 -0.00068665 0.00063324 -0.00140381 0.00001037 0.00035095 0.00088501 -0.00140381 -0.00146484 -0.00205994 -0.00201416 0.00056076 0.00048637 -0.00169373 -0.00317383 0.00032234 0.00083160 0.00041771 -0.00144958 -0.00057220 -0.00161743 -0.00120544 0.00114441 -0.00039673 -0.00152588 -0.00176239 0.00014687 -0.00253296 -0.00105286 0.00057220 -0.00065994 -0.00053787 -0.00108337 -0.00070572 -0.00170135 -0.00187683 0.00062943 -0.00115967 -0.00070190 -0.00257874 -0.00069046 -0.00028610 0.00082016 -0.00101471 -0.00195312 -0.00022888 -0.00242615 -0.00179291 -0.00148773 -0.00030899 -0.00110626 -0.00270081 -0.00162506 0.00091171 -0.00063705 -0.00192261 -0.00021076 0.00057983 -0.00133514 -0.00024796 0.00117493 -0.00181580 -0.00241089 -0.00100708 -0.00017262 0.00107574 -0.00126648 -0.00144958 0.00109100 -0.00078964 -0.00043106 -0.00113678 -0.00174713 -0.00173950 -0.00195312 -0.00019169 -0.00040245 -0.00130463 -0.00119019 -0.00294495 -0.00165558 -0.00106812 -0.00032997 -0.00135803 -0.00285339 -0.00005293 -0.00148010 -0.00156403 -0.00129700 0.00045586 0.00033188 -0.00134277 0.00080109 0.00060654 -0.00126648 -0.00012970 -0.00004578 -0.00151825 0.00049210 -0.00037956 -0.00328064 -0.00149536 0.00050354 0.00016308 0.00007153 -0.00164032 -0.00060272 -0.00029182 -0.00113678 -0.00224304 -0.00145721 0.00074387 -0.00064087 -0.00157928 0.00081253 -0.00372314 0.00013924 0.00072479 -0.00104523 0.00018978 0.00120544 -0.00059128 -0.00280762 -0.00052643 0.00044250 -0.00026894 -0.00138855 -0.00139618 0.00137329 -0.00155640 0.00096130 -0.00268555 -0.00106049 -0.00028801 -0.00115204 -0.00113678 0.00054932 -0.00125885 -0.00017834 -0.00043297 -0.00020027 -0.00119019 -0.00171661 -0.00144196 -0.00048065 -0.00070953 -0.00022697 0.00086975 0.00079346 -0.00106812 0.00091171 0.00053787 -0.00122070 -0.00180817 -0.00277710 0.00090790 -0.00300598 -0.00070190 0.00048256 -0.00070190 0.00034904 -0.00315857 -0.00218201 0.00091553 -0.00192261 -0.00052643 0.00036430 -0.00175476 -0.00165558 -0.00079727 -0.00140381 -0.00041199 0.00032234 0.00017643 -0.00039482 -0.00002706 -0.00177765 -0.00103760 -0.00205994 -0.00097656 -0.00285339 -0.00051498 -0.00006628 -0.00221252 -0.00013638 -0.00245667 0.00095367 0.00119019 -0.00202942 0.00011349 0.00064468 -0.00128937 -0.00129700 0.00078201 0.00158691 -0.00125122 -0.00184631 0.00000450 -0.00024223 0.00104523 0.00112152 0.00047684 0.00086212 -0.00061035 -0.00207520 -0.00075912 -0.00328064 -0.00196838 -0.00096893 -0.00089645 0.00083160 0.00064850 -0.00303650 -0.00155640 -0.00040054 -0.00101471 -0.00176239 -0.00129700 -0.00067902 -0.00270081 -0.00238037 0.00052643 -0.00080109 0.00058746 0.00013065 -0.00109863 -0.00171661 0.00044823 -0.00102234 -0.00148010 0.00024223 -0.00129700 -0.00123596 -0.00212097 -0.00060272 -0.00147247 0.00133514 -0.00318909 -0.00280762 -0.00144196
-0.00003457 0.21777344 0.14746094 0.07910156 -0.05371094 0.01245117 0.10156250 0.21972656 0.21777344 -0.08935547 0.02282715 0.39257812 0.12890625 0.16796875 0.43554688 -1.36718750 0.30664062 -0.18847656 0.00151062 -1.65625000 0.18164062 0.31835938 0.00060654 -0.16406250 0.22167969 -0.73046875 0.13183594 0.03784180 0.00094223 -0.82031250 -0.04882812 0.07958984 -0.00179291 -0.00023270 0.00109100 -0.03857422 -0.36914062 -0.00067520 0.00069809 0.09130859 -0.00056076 0.11914062 -1.61718750 -0.05200195 -0.03039551 -0.20703125 -0.01806641 0.14648438 0.12695312 -0.03662109 0.00228882 -0.02380371 -1.62500000 0.36523438 0.10351562 -0.04052734 0.00108337 -0.00439453 -0.10400391 -0.00885010 -0.10839844 -0.11669922 -0.09277344 0.00576782 -0.20312500 0.05639648 0.01184082 -0.21972656 0.21386719 -0.00014687 -0.00030327 0.06640625 0.00044441 0.18847656 0.01422119 -0.06347656 -0.00088882 0.21972656 -0.49804688 0.16796875 0.15527344 0.00074005 0.00122070 -0.04296875 0.06787109 -0.00167847 -0.00039291 0.08886719 0.20605469 -0.00335693 0.10009766 -0.13183594 0.13964844 -0.48632812 -0.08300781 0.08593750 0.10302734 -0.26562500 -0.33398438 0.05126953 -0.48437500 -0.37695312 -0.00080872 -0.25390625 0.08105469 0.01281738 -0.00215149 0.08349609 -0.00011301 0.08837891 -0.02514648 0.28125000 0.33984375 -0.22949219 -0.12158203 0.14648438 -0.07568359 0.20410156 -0.10498047 0.24609375 -0.00024128 -0.04370117 0.02893066 0.22558594 -0.30468750 -0.24902344 0.16992188 -0.01562500 -0.91796875 -1.41406250 0.17578125 0.21679688 -0.00062561 0.15722656 -0.13281250 -0.51171875 0.22949219 -0.00064087 -0.22851562 0.09765625 -0.08007812 0.00019741 -0.05249023 0.00034904 0.00131989 0.36132812 -0.46093750 -0.30664062 0.54687500 0.08593750 0.09716797 0.02270508 0.19238281 -0.00177002 0.00448608 0.20898438 0.13183594 0.19335938 0.00110626 0.02978516 0.07519531 -0.08496094 0.43164062 -0.83984375 0.17089844 0.19042969 -0.20800781 0.00090790 -0.17382812 0.29492188 -0.39648438 0.00144196 -0.39257812 0.13769531 0.34375000 0.27343750 0.28710938 -0.07177734 0.06298828 -0.03833008 0.26171875 0.14453125 0.25195312 -0.28125000 -0.31054688 -0.08593750 0.34179688 -0.11425781 -0.28710938 0.00095749 -0.07128906 -0.00074005 -0.22558594 0.00052643 0.00221252 0.00085831 0.03027344 0.06689453 -0.26757812 0.28515625 0.00021076 -0.04272461 -0.00238037 0.43554688 -0.82421875 0.08300781 0.08007812 0.25585938 -0.11962891 0.00312805 -0.00105286 0.25585938 -0.12890625 0.00049591 -0.72656250 0.03881836 0.00108337 -0.02563477 -0.16113281 -0.20312500 0.00622559 0.17285156 0.16015625 -0.14453125 -0.00015831 -1.09375000 0.00017738 0.00190735 -0.44726562 -0.20117188 0.00106049 0.68359375 0.05395508 0.09667969 0.05566406 0.05346680 0.00799561 0.04443359 -0.11279297 -0.21972656 -0.36914062 0.15429688 -0.06542969 0.00094604 0.19433594 0.05688477 -0.00116730 -0.00083542 0.32812500 -0.12890625 -0.11474609 0.05346680 0.00040627 -0.03173828 -0.08251953 0.18359375
-0.00030136 0.00048828 -0.00085831 -0.00131989 -0.00161743 -0.00032806 0.00072861 0.00010777 -0.00064850 0.00113678 -0.00021172 0.00052261 0.00004959 -0.00112152 -0.00011921 -0.00082397 0.00092697 -0.00155640 0.00072861 -0.00173950 0.00047493 0.00072479 -0.00074387 0.00061035 0.00115967 -0.00024986 0.00075150 -0.00006390 0.00102997 -0.00045776 -0.00074768 -0.00021362 -0.00144196 -0.00094223 0.00056076 -0.00179291 0.00085068 0.00026131 -0.00177002 -0.00061798 0.00066757 -0.00089645 0.00120544 -0.00031853 -0.00088120 -0.00146484 -0.00115204 -0.00011349 0.00106049 0.00105286 -0.00125885 -0.00169373 -0.00074387 -0.00110626 -0.00165558 -0.00027084 0.00038910 0.00090408 -0.00170898 -0.00161743 -0.00166321 -0.00102234 0.00016594 -0.00142670 0.00016975 0.00045395 -0.00013828 0.00075912 -0.00175476 0.00042915 0.00062943 -0.00134277 -0.00015259 0.00090027 -0.00148010 -0.00157166 -0.00020123 0.00044441 -0.00050735 0.00025177 -0.00118256 -0.00107574 -0.00003099 -0.00048637 0.00101471 0.00009727 0.00039291 -0.00170898 -0.00180054 -0.00003767 -0.00161743 0.00046349 -0.00069809 -0.00137329 -0.00141907 -0.00110626 0.00062561 -0.00063324 -0.00096893 0.00010490 0.00054932 0.00105286 -0.00100708 0.00082397 0.00064850 -0.00160217 -0.00156403 0.00025368 0.00010109 -0.00050735 -0.00110626 0.00062180 -0.00016499 -0.00131226 0.00006580 -0.00083542 0.00012684 0.00098419 0.00029755 0.00075531 -0.00090408 -0.00011778 -0.00084305 0.00095367 -0.00015259 0.00112915 0.00104523 -0.00070953 0.00005651 -0.00164795 0.00022697 -0.00162506 -0.00086975 -0.00095367 0.00076675 -0.00056076 -0.00086212 -0.00132751 -0.00018120 -0.00108337 -0.00028610 -0.00072479 -0.00180817 -0.00044823 -0.00087357 0.00071335 -0.00140381 -0.00137329 0.00011158 0.00049591 -0.00018215 0.00069809 -0.00002897 -0.00187683 -0.00015926 0.00032997 0.00092316 -0.00107574 0.00106812 -0.00096893 0.00037384 -0.00053787 -0.00031662 -0.00056076 -0.00141907 -0.00017738 -0.00125122 -0.00163269 0.00034904 0.00014019 -0.00133514 -0.00146484 -0.00124359 -0.00125122 0.00038338 0.00077820 0.00040817 0.00034714 -0.00011539 -0.00138092 -0.00152588 0.00032806 -0.00113678 -0.00070572 0.00075912 -0.00088882 -0.00067902 -0.00163269 0.00111389 -0.00167847 0.00112152 0.00098419 -0.00045776 -0.00141907 -0.00136566 0.00001633 0.00035095 0.00000542 -0.00020695 -0.00161743 0.00036812 -0.00105286 0.00036430 -0.00106812 0.00008345 -0.00069046 -0.00108337 -0.00023842 -0.00178528 0.00093079 0.00069046 -0.00037193 -0.00109100 -0.00094223 -0.00123596 -0.00177002 0.00093460 -0.00059128 0.00094986 0.00042534 -0.00157166 0.00050354 0.00051498 -0.00062561 -0.00177765 -0.00163269 0.00051880 -0.00040817 0.00057602 -0.00056839 -0.00077820 -0.00076675 0.00006151 -0.00123596 -0.00115967 -0.00082397 -0.00104523 -0.00180054 0.00116730 0.00017452 -0.00138855 -0.00125885 0.00000781 -0.00067902 -0.00046539 -0.00051498 -0.00037193 0.00069046 -0.00122070 -0.00164032 0.00105286 0.00077820 0.00070572 -0.00038528 -0.00075531 0.00082397
0.00148773 0.11865234 -0.09130859 -0.14453125 0.07666016 0.16210938 0.08789062 0.07470703 0.09960938 0.32812500 0.08300781 0.27734375 -0.00244141 0.05493164 0.43945312 -0.02880859 -0.04833984 -0.51171875 0.00035286 -0.18847656 -0.02941895 0.09619141 0.00000593 0.26562500 0.09277344 0.10351562 0.09765625 0.10107422 0.00119019 -0.42578125 -0.06103516 0.16992188 -0.43945312 -0.00049210 0.00010252 0.05151367 0.26953125 -0.00157928 -0.00086594 -0.00059128 -0.00077438 0.22070312 0.12890625 0.02734375 -0.06542969 -0.29882812 0.29882812 0.15039062 -0.20507812 -0.16699219 -0.42773438 0.13183594 -0.31640625 0.13574219 0.10693359 -0.07031250 0.00062180 -0.06298828 -0.31835938 0.13574219 0.00257874 -0.23242188 -0.21484375 -0.05883789 -0.08593750 -0.05737305 -0.26757812 -0.04321289 0.07275391 0.00027466 -0.00110626 -0.18359375 0.00122070 0.36328125 0.40429688 -0.17968750 -0.00094604 0.08300781 -0.46093750 0.12207031 0.03222656 -0.00109100 -0.00134277 0.55859375 0.10205078 0.00147247 0.00053024 -0.07031250 0.10449219 0.35546875 0.06591797 -0.21582031 0.05639648 -0.19433594 -0.11425781 -0.03540039 -0.07861328 -0.81640625 0.47656250 -0.37500000 0.76562500 0.27343750 0.00180054 0.46484375 -0.16308594 0.26562500 0.00090790 0.25195312 0.00027466 -0.22851562 0.78125000 0.03442383 0.14355469 -0.04052734 -0.17968750 0.15722656 -0.15136719 0.04882812 -0.12500000 0.08740234 0.00134277 -0.04760742 -0.08398438 -0.20996094 -0.48828125 -0.16992188 -0.05615234 -0.32617188 -0.05932617 0.04199219 0.07861328 0.08154297 0.00040436 0.33593750 0.40820312 -0.49609375 0.02490234 0.00134277 -0.58203125 -0.09228516 0.25195312 -0.00054550 0.02343750 0.00192261 -0.00042152 0.04907227 -0.18066406 0.14453125 -0.01965332 0.05639648 0.02990723 -0.21289062 0.09375000 -0.00251770 0.12402344 0.10742188 -0.03686523 0.05273438 0.00054932 0.87500000 0.26757812 0.20019531 0.28125000 -0.58593750 -0.01391602 -0.08251953 -0.49218750 0.00011396 0.01928711 0.00872803 -0.10839844 0.00133514 0.11035156 -0.05126953 0.02404785 0.16210938 -0.01055908 -0.50390625 0.01611328 -0.25781250 0.11474609 0.12011719 0.08984375 -0.50781250 -0.01867676 -0.17871094 -0.21093750 -0.00113678 -0.70312500 -0.00075531 -0.37500000 0.00065231 0.06054688 0.00022411 -0.05346680 -0.00047493 -0.00109863 0.06640625 -0.46484375 0.04931641 -0.02331543 0.13964844 0.00058365 -0.06298828 0.15722656 -0.05151367 -0.18652344 0.03857422 -0.17871094 0.00042915 -0.00073624 0.01104736 0.04125977 0.00027275 -0.60156250 0.11083984 0.00132751 0.27929688 0.01782227 -0.13476562 0.12060547 0.06494141 0.01293945 -0.18359375 -0.00082016 -0.40820312 0.00088120 0.00069427 -0.68750000 -0.02172852 0.00021362 0.17187500 -0.12255859 0.05004883 -0.21679688 0.19824219 -0.02844238 -0.38867188 -1.46093750 -0.03051758 -0.56640625 0.12988281 -0.05810547 0.00115204 0.25390625 -0.00454712 0.00141144 -0.00075531 -0.07617188 -0.17773438 0.03857422 0.19140625 -0.00052643 -0.01123047 -0.07861328 -0.12890625
0.00096893 -0.00156403 -0.00098419 -0.00073242 -0.00151062 -0.00106049 0.00024414 -0.00132751 -0.00120544 -0.00153351 -0.00210571 -0.00277710 -0.00053787 -0.00054550 -0.00038147 0.00103760 -0.00116730 -0.00277710 0.00031853 0.00109100 -0.00245667 -0.00157166 -0.00041199 -0.00084686 -0.00129700 -0.00156403 -0.00051880 0.00094223 -0.00018597 -0.00091171 0.00085831 -0.00125885 -0.00149536 0.00065994 -0.00106812 0.00003624 -0.00073624 0.00008154 0.00002599 -0.00323486 -0.00059128 -0.00042343 -0.00204468 -0.00195312 -0.00205994 0.00048828 -0.00133514 -0.00022888 -0.00058365 -0.00022316 -0.00069427 0.00023556 -0.00052643 -0.00029945 -0.00105286 -0.00090790 0.00021839 -0.00101471 -0.00067902 -0.00005412 -0.00190735 0.00026894 -0.00198364 -0.00111389 -0.00037193 -0.00137329 -0.00257874 -0.00115967 -0.00050735 -0.00173187 -0.00168610 -0.00157166 -0.00123596 -0.00239563 -0.00064850 -0.00250244 -0.00014496 -0.00219727 0.00021076 -0.00020123 0.00136566 0.00122070 -0.00177002 -0.00077057 0.00015163 0.00027275 0.00065231 0.00047684 -0.00144196 -0.00022411 -0.00063324 -0.00193787 -0.00108337 0.00014114 0.00009060 -0.00035286 -0.00072861 -0.00145721 0.00127411 -0.00090027 -0.00086975 -0.00011015 0.00003886 -0.00054550 -0.00027657 0.00007343 0.00096512 0.00033379 -0.00135040 -0.00170898 -0.00112152 -0.00117493 -0.00062943 -0.00204468 -0.00205994 -0.00244141 -0.00300598 -0.00156403 -0.00117493 -0.00077820 -0.00016689 -0.00117493 -0.00073624 -0.00265503 -0.00083160 -0.00102997 -0.00162506 0.00080490 -0.00133514 -0.00075531 -0.00096893 -0.00160980 0.00120544 -0.00157166 -0.00085449 0.00042534 0.00008869 -0.00049973 0.00000682 0.00008821 -0.00282288 0.00060654 -0.00174713 -0.00149536 0.00132751 -0.00096512 0.00064468 -0.00053787 0.00002015 -0.00024605 0.00141907 -0.00007868 -0.00062180 0.00056839 -0.00041580 -0.00070190 -0.00115967 -0.00066757 0.00077057 -0.00049973 -0.00083542 -0.00292969 -0.00008535 -0.00151825 -0.00196838 -0.00268555 -0.00147247 -0.00174713 -0.00028419 0.00007820 -0.00015831 -0.00149536 -0.00033188 -0.00148010 -0.00049210 -0.00091934 0.00033379 0.00077820 0.00064468 -0.00114441 -0.00098419 -0.00064468 0.00022697 -0.00032043 -0.00167084 -0.00164795 0.00124359 -0.00321960 0.00010395 -0.00112915 0.00010395 0.00128174 -0.00242615 0.00038719 -0.00161743 -0.00172424 -0.00046158 -0.00148010 -0.00160980 -0.00129700 -0.00294495 -0.00022888 0.00102997 -0.00029755 -0.00101471 -0.00131989 0.00162506 0.00037003 0.00021458 0.00060272 0.00044250 -0.00040054 -0.00093460 0.00033188 -0.00007343 -0.00025749 -0.00023365 0.00038147 -0.00138855 -0.00096512 -0.00148010 -0.00270081 0.00036621 -0.00057602 -0.00129700 -0.00152588 -0.00016308 0.00039673 -0.00109100 -0.00052643 -0.00125122 -0.00004244 0.00152588 -0.00049591 0.00030136 -0.00154877 -0.00065613 -0.00070572 0.00006008 -0.00054932 -0.00113678 -0.00102234 -0.00164032 -0.00091934 0.00136566 -0.00121307 0.00115204 0.00049973 -0.00292969 -0.00072479 0.00069046 -0.00143433 0.00063324 -0.00222778 0.00030518 -0.00238037
-0.00025558 0.10058594 0.07763672 -0.01446533 0.06347656 0.01013184 0.13281250 0.09521484 0.07031250 0.07910156 0.17480469 0.14062500 0.06738281 0.08300781 -0.19140625 0.04882812 -0.01965332 -0.07861328 0.00014210 0.11865234 0.08251953 0.10107422 0.00114441 0.00607300 0.06250000 0.17382812 -0.03784180 -0.13378906 0.00099945 0.02307129 -0.17578125 0.10009766 -0.07226562 0.00087357 -0.00057220 0.06933594 0.04150391 -0.00076675 -0.00154877 -0.12597656 0.00141144 -0.03930664 0.10400391 -0.06103516 -0.08154297 0.03637695 -0.18164062 0.08886719 0.03564453 -0.06591797 0.08886719 -0.02136230 -0.16601562 0.09033203 0.08398438 -0.15527344 -0.00099182 0.01171875 -0.04565430 0.26367188 0.08447266 0.01013184 -0.12695312 -0.10205078 -0.27343750 0.05664062 0.03027344 0.10449219 -0.12500000 -0.00056076 -0.00052643 0.02209473 0.00122070 0.17089844 0.15820312 0.02844238 0.00184631 0.06787109 -0.00582886 0.10937500 0.13574219 -0.00008297 0.00085449 0.11425781 0.06640625 -0.00128174 0.00154114 -0.07763672 0.08349609 -0.10839844 0.18066406 -0.33789062 0.00006533 -0.00022125 0.05786133 -0.07031250 0.00231934 0.19238281 0.20214844 0.12792969 0.14843750 0.05419922 0.00011969 0.03881836 -0.03149414 0.17675781 -0.00196838 0.13671875 0.00128937 -0.05786133 0.16308594 -0.03344727 0.18652344 -0.06738281 -0.01586914 0.08642578 0.07714844 -0.03344727 -0.02233887 0.16601562 0.00017166 -0.08642578 -0.11279297 0.04785156 -0.02770996 -0.04809570 -0.03344727 -0.00872803 0.07666016 0.10791016 0.12890625 0.12597656 -0.00099182 0.10498047 0.06005859 -0.12451172 0.06396484 0.00053024 0.01068115 -0.10693359 -0.12255859 0.00184631 0.24414062 0.00055695 -0.00008821 0.13085938 0.02197266 0.11621094 0.09814453 0.08300781 0.06347656 -0.23437500 0.07812500 -0.00121307 -0.12500000 0.14843750 0.09375000 0.10205078 0.00008297 0.12060547 0.12451172 0.01599121 -0.08886719 0.05688477 -0.01794434 -0.02917480 0.01177979 0.00128174 0.06250000 0.15625000 -0.32031250 -0.00034714 0.13964844 0.04101562 0.10693359 0.07910156 -0.07421875 -0.26953125 -0.01501465 -0.11962891 0.09375000 0.13671875 0.00186157 -0.06640625 0.01043701 -0.21289062 -0.06738281 -0.10742188 -0.00753784 -0.00094604 0.01672363 -0.00061798 -0.05346680 -0.00027847 -0.08007812 0.00113678 -0.01391602 0.05468750 -0.10498047 0.02563477 -0.02087402 0.01965332 -0.00048637 0.19042969 0.07324219 -0.09130859 -0.02160645 0.11914062 -0.19531250 0.00321960 0.00183105 0.07617188 0.00113678 0.00123596 0.02990723 -0.04687500 0.00088501 -0.02136230 0.00448608 -0.19140625 0.01672363 0.08642578 0.07812500 -0.34765625 -0.00038528 0.07128906 0.00067902 0.00012779 -0.14550781 -0.03112793 0.00253296 -0.05712891 0.03295898 0.15820312 0.01782227 0.11621094 -0.12060547 0.04663086 0.04296875 -0.16796875 0.06787109 0.06250000 -0.06982422 0.00079346 0.08154297 -0.10498047 0.00075912 -0.00051117 -0.05224609 0.01940918 -0.07324219 -0.24218750 0.00015163 -0.05932617 0.03979492 0.05932617
-0.00096893 0.04345703 0.04150391 0.11718750 -0.02563477 -0.04809570 -0.01141357 -0.00662231 0.08398438 0.05395508 -0.08056641 -0.01770020 0.13378906 0.13867188 -0.00729370 0.13964844 -0.14746094 -0.03979492 0.00059509 0.05151367 0.05664062 0.08398438 -0.00010967 0.15234375 -0.00291443 -0.42187500 0.06054688 0.03540039 0.00014210 0.11230469 -0.02600098 0.06176758 0.01385498 0.00006819 -0.00049210 0.05688477 0.16113281 0.00156403 -0.00049591 -0.01330566 0.00072098 -0.13085938 0.07177734 0.00100708 0.03784180 0.11474609 -0.14062500 0.05004883 0.01684570 0.04272461 -0.04589844 -0.08154297 0.05859375 0.04223633 -0.06152344 -0.02404785 -0.00018883 0.02148438 0.02258301 -0.09814453 0.01672363 0.00982666 0.04296875 0.06494141 0.09033203 0.05639648 -0.00017357 0.03833008 0.00964355 -0.00174713 -0.00036049 0.04687500 -0.00045967 0.06884766 0.11816406 0.15527344 -0.00022888 0.06787109 0.09765625 0.06884766 0.01513672 0.00083160 -0.00009584 0.05932617 0.07958984 -0.00321960 0.00067139 0.10498047 0.04858398 0.08740234 0.13769531 -0.26953125 0.02294922 0.14941406 0.01916504 0.10937500 -0.09277344 0.01196289 0.13378906 -0.05615234 0.15625000 -0.01306152 0.00063705 0.14062500 0.20214844 0.05029297 -0.00245667 -0.09472656 -0.00129700 0.25390625 0.07568359 -0.02062988 0.09619141 0.08935547 -0.07324219 0.05249023 -0.15917969 0.00292969 0.03112793 0.06005859 -0.00112915 0.05444336 0.06030273 0.02770996 0.04736328 -0.22558594 0.02429199 0.03979492 0.16406250 0.17382812 0.02954102 0.01831055 0.00075912 0.04199219 0.05151367 0.14941406 0.01318359 0.00042915 0.07910156 -0.07861328 -0.06494141 -0.00034523 0.02685547 0.00129700 -0.00053406 0.12255859 0.15332031 -0.10400391 -0.29882812 0.12158203 0.03881836 -0.11865234 0.07226562 -0.00215149 0.00799561 0.06250000 0.03039551 0.09570312 0.00097275 0.12158203 -0.02099609 0.00308228 0.07958984 0.19335938 -0.02697754 -0.02307129 -0.08154297 -0.00073242 0.10009766 0.06103516 0.00982666 -0.00037956 -0.28710938 0.08886719 0.09814453 0.10595703 0.10009766 0.03466797 -0.19042969 0.24707031 0.07568359 0.06640625 0.14941406 0.14648438 0.01129150 -0.02734375 0.15332031 0.00427246 0.01831055 -0.00052261 0.21582031 0.00154114 -0.04101562 0.00043488 0.06250000 0.00082016 -0.08154297 0.05053711 0.07421875 -0.02685547 -0.03637695 -0.03417969 -0.00164795 -0.11621094 0.12890625 0.04638672 -0.02380371 0.09716797 -0.08251953 0.00149536 0.00038910 0.05615234 -0.06201172 0.00119019 0.17089844 -0.04394531 -0.00119019 0.03491211 0.06494141 0.01538086 -0.22949219 0.05761719 0.09326172 -0.25000000 -0.00112152 0.16992188 -0.00075531 -0.00009918 -0.03027344 0.08935547 0.00173187 -0.01672363 0.00433350 0.12402344 -0.07421875 -0.12988281 0.06201172 -0.02856445 -0.08154297 0.03515625 0.10400391 0.09667969 -0.08984375 0.00076675 -0.08203125 0.05590820 -0.00184631 -0.00140381 0.13574219 -0.04418945 0.02343750 0.05786133 -0.00115967 0.05444336 0.19335938 -0.01794434
0.00053024 0.11181641 -0.01135254 -0.14355469 0.17968750 0.04003906 0.24609375 0.06591797 0.05493164 0.14746094 0.21093750 0.42578125 0.00988770 0.02014160 0.25585938 -0.05615234 0.31054688 -0.15527344 0.00147247 -0.04418945 0.05639648 0.08056641 0.00084305 0.28125000 0.05468750 0.09619141 0.03417969 -0.12695312 0.00001258 -0.28906250 -0.12158203 0.06494141 -0.23632812 0.00161743 -0.00008059 -0.08544922 -0.09277344 0.00027847 0.00124359 0.05126953 0.00166321 -0.05590820 0.04785156 -0.05371094 -0.06298828 -0.45703125 0.18359375 0.07568359 -0.12109375 -0.28515625 0.05957031 -0.04687500 -0.54296875 0.05273438 0.28710938 0.02221680 0.00039864 -0.01989746 -0.41992188 0.06542969 0.01416016 -0.42968750 -0.07226562 -0.07470703 -0.33007812 0.05615234 -0.08349609 0.06591797 0.01867676 0.00062180 -0.00053406 -0.04516602 -0.00080490 0.13964844 0.03247070 0.25000000 0.00144958 0.08447266 -0.30859375 0.15332031 0.27734375 0.00093842 0.00046158 0.14843750 0.00340271 -0.00155640 0.00040245 -0.10058594 0.06103516 -0.01416016 0.21289062 -0.01300049 -0.16601562 -0.15234375 -0.26171875 -0.05688477 -0.01556396 -0.00750732 0.44140625 -0.03442383 0.11523438 -0.34179688 -0.00082779 -0.16699219 -0.02221680 0.13867188 0.00239563 0.44921875 0.00167084 0.10107422 0.08251953 0.16601562 0.21386719 -0.52343750 -0.03112793 0.06225586 -0.08593750 -0.09277344 -0.29101562 0.15527344 -0.00045586 -0.07617188 -0.14453125 -0.04760742 -0.37890625 -0.17480469 0.02575684 -0.43164062 0.03198242 -0.06689453 0.33398438 -0.02551270 0.00024796 0.14746094 -0.00595093 -0.30859375 -0.22167969 -0.00085068 -0.52734375 -0.00193787 -0.10449219 0.00088501 0.05224609 -0.00017071 -0.00047112 0.10205078 0.19628906 0.03442383 -0.03540039 0.02233887 0.11816406 -0.01879883 0.01129150 0.00029755 -0.05688477 0.11181641 0.07470703 0.09960938 0.00079727 0.22753906 0.22070312 0.02221680 0.17578125 -0.15527344 -0.11279297 -0.15332031 -0.02160645 0.00138092 0.19140625 0.15234375 -0.25781250 0.00173187 0.11376953 -0.13085938 -0.01623535 0.05224609 -0.07275391 -0.50781250 0.43554688 -0.14257812 0.09375000 0.07666016 -0.19140625 -0.51171875 -0.17089844 -0.10058594 -0.05297852 -0.22558594 -0.26757812 0.00032043 -0.05273438 0.00190735 0.04980469 0.00071335 -0.09326172 0.00033760 0.31640625 -0.13867188 -0.49218750 -0.15917969 -0.01196289 0.03076172 0.00030899 -0.53515625 -0.02600098 -0.08837891 -0.45703125 -0.02917480 -0.21972656 0.00285339 -0.00015163 0.06738281 0.05834961 -0.00059891 -0.33398438 -0.08642578 -0.00056839 -0.20117188 -0.47265625 -0.62109375 0.03955078 0.15429688 0.04614258 -0.01428223 -0.00072098 -0.64062500 -0.00015831 -0.00070190 -0.67578125 -0.23437500 0.00080109 0.38867188 -0.51953125 0.17480469 -0.04345703 0.07470703 -0.13378906 0.00224304 -0.02673340 -0.64453125 -0.41210938 0.05615234 -0.01806641 -0.00045586 0.39648438 -0.09277344 0.00099945 -0.00109863 -0.08105469 0.03173828 -0.02514648 -0.03540039 0.00080109 -0.06201172 -0.03125000 -0.03222656
0.00058746 0.00008631 -0.00011444 -0.00050354 -0.00174713 0.00032997 -0.00107574 0.00095749 -0.00037193 -0.00131989 -0.00089264 -0.00049973 -0.00115204 0.00012302 -0.00008917 -0.00062180 0.00037575 -0.00063705 0.00077820 -0.00183868 -0.00112152 -0.00091934 -0.00174713 -0.00003552 0.00088501 0.00037575 -0.00091553 0.00025177 0.00069809 -0.00037766 -0.00072479 -0.00134277 -0.00051498 -0.00097275 -0.00032043 -0.00186157 0.00051880 -0.00044441 0.00014305 0.00085831 0.00045013 0.00076675 -0.00130463 0.00006914 0.00010729 0.00070953 -0.00070190 0.00018501 -0.00102997 -0.00120544 -0.00185394 -0.00000188 -0.00129700 -0.00186157 -0.00013542 0.00037003 0.00067902 0.00016308 -0.00029373 0.00088120 0.00073242 0.00041771 -0.00152588 -0.00137329 -0.00170898 0.00056458 -0.00109863 0.00075150 0.00103760 -0.00078201 -0.00024033 0.00089645 -0.00133514 -0.00151062 -0.00073624 -0.00037956 0.00072098 -0.00005221 -0.00165558 -0.00016403 -0.00118256 0.00061417 -0.00041580 0.00076294 -0.00085068 -0.00125122 -0.00151062 -0.00154114 -0.00045967 -0.00109100 0.00094223 -0.00131989 -0.00012875 -0.00166321 0.00086975 0.00006580 0.00043488 -0.00178528 0.00114441 -0.00003767 0.00067139 0.00027657 0.00102997 -0.00070572 0.00047684 -0.00080109 -0.00162506 0.00109100 -0.00109100 0.00054169 0.00091553 -0.00122070 -0.00059128 -0.00154114 0.00040054 0.00104523 -0.00019550 -0.00118256 0.00077057 -0.00144196 0.00013638 -0.00051117 0.00020313 -0.00100708 0.00025368 -0.00122070 0.00020599 -0.00155640 -0.00031662 0.00059509 -0.00023651 -0.00151062 -0.00051880 0.00107574 -0.00062180 0.00033760 -0.00106049 0.00053787 0.00022888 -0.00156403 -0.00088882 -0.00105286 -0.00107574 -0.00062943 0.00130463 -0.00073624 -0.00027466 0.00016785 0.00020504 -0.00142670 -0.00131989 0.00102997 0.00082016 -0.00149536 -0.00093842 -0.00045967 -0.00018978 0.00093079 -0.00014877 0.00103760 0.00039101 -0.00144958 -0.00032043 -0.00136566 0.00026131 0.00009346 -0.00080490 -0.00106812 -0.00150299 -0.00034523 -0.00039101 0.00032997 0.00052643 -0.00165558 -0.00052261 0.00016212 0.00075912 -0.00059128 -0.00141907 -0.00043488 -0.00128937 -0.00131226 -0.00018978 -0.00039291 0.00066376 -0.00189972 -0.00021648 0.00082397 -0.00162506 0.00018024 0.00088501 0.00052643 0.00040627 0.00012493 -0.00116730 -0.00175476 0.00035667 0.00012875 -0.00085449 -0.00173187 -0.00090408 -0.00122070 -0.00054550 -0.00063705 -0.00038719 -0.00178528 -0.00101471 -0.00156403 0.00052643 -0.00080872 -0.00017738 -0.00097656 -0.00170135 -0.00118256 -0.00050354 -0.00005293 -0.00003982 0.00073624 -0.00131989 0.00094604 -0.00027847 -0.00144958 0.00026321 0.00091934 0.00086975 0.00010443 -0.00151825 -0.00040817 0.00019836 -0.00114441 -0.00008297 -0.00061035 -0.00047684 -0.00059128 -0.00131226 0.00004435 0.00031662 -0.00062943 -0.00099945 -0.00143433 -0.00104523 0.00101471 -0.00056076 -0.00087357 0.00089264 -0.00101471 -0.00051880 -0.00154877 -0.00002694 -0.00128174 -0.00167084 -0.00129700 -0.00131226 -0.00180817 0.00051880 -0.00144958
0.00107574 -0.06103516 0.20605469 0.01977539 -0.01153564 -0.25195312 0.01043701 -0.05322266 -0.13671875 0.18359375 -0.01232910 -0.00564575 -0.05029297 -0.05029297 -0.03198242 0.32421875 -0.07568359 0.21972656 0.00006866 0.12695312 0.03076172 -0.03564453 -0.00099945 0.08349609 -0.08349609 0.03442383 0.08203125 -0.06542969 -0.00121307 -0.09765625 -0.03466797 -0.00157928 0.01165771 0.00027275 -0.00049973 -0.03344727 0.29296875 0.00164032 -0.00049210 0.05786133 -0.00050354 0.22460938 0.01214600 0.01171875 -0.04858398 0.01928711 0.02038574 -0.07421875 0.19921875 0.10156250 0.37500000 -0.19921875 0.10156250 -0.29492188 -0.09912109 0.06591797 0.00133514 0.01055908 -0.00582886 -0.14355469 0.05590820 0.18652344 0.19042969 -0.05859375 -0.01379395 0.05834961 0.18554688 0.41210938 -0.27343750 -0.00117493 -0.00034332 0.13867188 -0.00099945 0.14648438 0.28320312 -0.16601562 -0.00010204 -0.08740234 0.46875000 -0.00393677 0.07714844 -0.00019169 0.00049210 0.24316406 -0.03588867 -0.00057220 0.00011873 -0.07617188 -0.07226562 -0.45507812 -0.01696777 -0.00994873 0.03027344 0.38281250 -0.00650024 -0.02941895 0.09277344 -0.27343750 -0.00080872 0.11621094 0.13085938 0.28515625 0.00064850 -0.16015625 -0.10351562 0.16699219 -0.00228882 -0.10351562 -0.00097656 0.53125000 0.33203125 -0.18945312 0.05859375 0.01165771 -0.06201172 -0.07128906 0.00659180 -0.31640625 0.23437500 -0.04614258 0.00138092 -0.01092529 -0.08251953 0.26171875 0.00080872 0.00225830 0.00564575 0.17578125 0.05200195 0.35156250 -0.01263428 0.02893066 0.00157928 -0.11669922 -0.26367188 -0.17187500 0.09179688 -0.00056458 0.29296875 -0.04272461 0.09814453 0.00042915 -0.05639648 0.00092697 0.00003481 -0.28125000 -0.02954102 -0.15429688 -0.04101562 -0.00087357 -0.11083984 0.16406250 -0.03198242 -0.00102234 -0.03564453 -0.10205078 0.11181641 -0.09082031 0.00171661 0.39648438 0.06835938 -0.39257812 0.02819824 0.16015625 -0.34375000 -0.27343750 -0.28906250 -0.00088120 0.05859375 -0.15722656 -0.09619141 -0.00069046 0.14257812 0.02233887 0.11621094 -0.06250000 -0.07177734 -0.10546875 0.00872803 -0.56640625 -0.07812500 0.00872803 0.05615234 0.07812500 0.25781250 -0.04223633 0.05761719 -0.02453613 0.01416016 -0.00033760 -0.05688477 -0.00052261 -0.05053711 0.00038910 -0.09912109 -0.00024319 0.04882812 0.01586914 -0.20605469 -0.76171875 -0.04760742 0.13574219 0.00049210 -0.05249023 0.21093750 -0.10400391 0.17968750 -0.08447266 -0.03662109 0.00300598 -0.00073624 -0.12207031 -0.06445312 0.00117493 -0.07128906 -0.24804688 0.00097275 -0.13085938 -0.11621094 0.15527344 -0.22363281 -0.08837891 -0.05664062 -0.06787109 0.00104523 0.10888672 0.00165558 0.00088120 0.20214844 0.18750000 -0.00062180 -0.22753906 -0.08789062 0.01373291 0.03076172 0.24902344 -0.06689453 -0.10302734 0.13867188 0.10839844 0.29101562 -0.06347656 0.24218750 -0.00041389 -0.01879883 -0.05468750 -0.00090790 -0.00044060 -0.00805664 0.41406250 -0.42578125 0.02307129 0.00054169 -0.00680542 0.00765991 0.15136719
0.00173950 -0.09033203 -0.01116943 -0.05029297 -0.02783203 -0.08984375 -0.15429688 -0.12353516 -0.12695312 -0.16601562 -0.18164062 -0.23535156 -0.10742188 -0.09082031 -0.06445312 0.20703125 -0.11425781 0.21679688 -0.00093079 0.13183594 -0.08349609 -0.15234375 -0.00001717 0.11962891 -0.02062988 0.24316406 0.02355957 0.06542969 -0.00145721 0.13281250 0.12158203 -0.09033203 0.16992188 0.00131989 -0.00086212 -0.02355957 0.05249023 0.00089264 -0.00080109 0.00643921 0.00021935 -0.04052734 0.08349609 0.08544922 -0.03271484 0.11425781 0.24218750 -0.10058594 0.01385498 0.03564453 -0.10742188 -0.05566406 0.17773438 -0.12402344 -0.12109375 -0.00277710 0.00095749 -0.10693359 0.14257812 -0.16113281 0.12451172 0.16894531 0.01708984 -0.00952148 0.12988281 0.05712891 0.02929688 0.00344849 0.12255859 -0.00016594 -0.00155640 0.00183105 -0.00021076 -0.12597656 -0.12792969 0.08105469 0.00000978 -0.12304688 0.19628906 -0.12304688 -0.15039062 0.00001174 -0.00137329 -0.10302734 -0.08837891 -0.00096512 0.00154877 0.00002050 -0.10546875 0.18261719 -0.18847656 0.20214844 0.02441406 0.18847656 0.12207031 -0.11914062 0.05712891 -0.04516602 -0.32226562 -0.63281250 -0.14843750 0.10351562 -0.00022125 -0.05761719 -0.06250000 -0.22265625 -0.00081635 -0.14160156 -0.00094223 0.25195312 -0.23925781 0.03076172 -0.20410156 0.10693359 0.12792969 -0.09228516 0.02539062 -0.04516602 0.16796875 -0.18750000 -0.00142670 0.01855469 0.02807617 0.00344849 0.19531250 0.14257812 -0.00131989 0.15820312 0.13378906 0.10791016 -0.17480469 -0.24316406 -0.00036049 -0.18554688 -0.08007812 0.19531250 0.03051758 0.00144196 0.20312500 0.00512695 0.09130859 -0.00008392 -0.03662109 -0.00050354 -0.00037193 -0.25781250 -0.02490234 -0.02270508 -0.09912109 -0.08642578 -0.09277344 0.20019531 -0.12988281 -0.00016880 0.00793457 -0.13671875 -0.11181641 -0.15332031 -0.00066376 -0.16894531 -0.14453125 0.06103516 0.02429199 0.12597656 -0.06982422 -0.03344727 -0.09423828 -0.00093460 -0.03662109 -0.20019531 0.29687500 0.00103760 0.14160156 -0.08544922 -0.05297852 -0.14550781 -0.00970459 0.07617188 -0.05371094 0.19531250 -0.11962891 -0.06787109 -0.06127930 0.16992188 0.03955078 0.23242188 -0.18359375 0.07519531 0.16308594 0.00078964 -0.08740234 0.00075531 0.15039062 0.00035286 0.02185059 0.00051498 -0.03564453 -0.02355957 0.18359375 0.17480469 -0.00323486 0.11083984 0.00008345 -0.35351562 0.15332031 0.01312256 0.13574219 -0.07324219 0.12890625 0.00250244 0.00057983 -0.10400391 -0.01647949 0.00000343 0.22363281 -0.10009766 0.00065231 0.04492188 0.03662109 0.21777344 0.15917969 -0.10693359 -0.16601562 0.26171875 0.00013161 0.19824219 -0.00148773 -0.00115204 0.21582031 -0.02429199 0.00190735 -0.27343750 0.05078125 -0.19921875 -0.02050781 0.07910156 0.02465820 0.02758789 -0.17089844 0.19921875 0.19335938 -0.11474609 0.08056641 -0.00061798 -0.11572266 0.01940918 -0.00148773 -0.00117493 -0.21191406 -0.04907227 0.05053711 0.32421875 -0.00080490 0.04467773 0.00601196 -0.01519775
0.00045776 -0.00040054 -0.00158691 -0.00137329 0.00065613 -0.00151825 -0.00113678 -0.00009823 -0.00146484 -0.00128937 -0.00069809 0.00009727 -0.00041962 0.00026512 0.00144958 -0.00032425 0.00016689 -0.00219727 -0.00014305 0.00023365 -0.00082779 0.00088501 -0.00108337 0.00032425 0.00037575 -0.00015926 0.00023842 0.00072479 -0.00011778 0.00014973 -0.00095749 -0.00182343 -0.00010777 -0.00056076 0.00004005 -0.00096893 -0.00010967 0.00070572 -0.00054550 -0.00125885 -0.00034332 -0.00198364 -0.00109863 -0.00038719 0.00089264 0.00021935 0.00115204 -0.00058365 -0.00102997 0.00141144 -0.00120544 -0.00103760 -0.00102997 -0.00163269 -0.00198364 -0.00141907 0.00020218 0.00029945 0.00115204 0.00037956 0.00097656 -0.00080109 -0.00205994 0.00031281 -0.00135040 0.00090790 0.00059891 0.00138092 -0.00060654 0.00014877 0.00028419 -0.00036812 0.00138855 -0.00128174 -0.00176239 -0.00213623 0.00066757 -0.00038719 0.00053024 -0.00099182 -0.00130463 0.00054932 -0.00093079 -0.00109100 0.00031471 -0.00047874 0.00074768 -0.00016785 0.00035477 -0.00065231 0.00006771 -0.00056458 -0.00004601 0.00119019 0.00097656 -0.00061035 0.00000757 -0.00102234 -0.00009108 0.00092697 -0.00085831 -0.00149536 -0.00103760 0.00046730 -0.00096893 0.00018501 -0.00086212 0.00011110 0.00039482 -0.00135040 -0.00139618 -0.00136566 -0.00001776 -0.00164795 0.00102997 -0.00131226 0.00000489 0.00032997 0.00089264 -0.00050354 0.00145721 0.00031090 0.00016403 -0.00027657 0.00028992 -0.00014400 -0.00182343 -0.00125885 0.00033760 -0.00016594 -0.00161743 0.00036240 0.00111389 -0.00074387 -0.00055313 -0.00104523 0.00128937 0.00125122 -0.00022602 0.00088120 -0.00035095 -0.00043869 0.00055695 -0.00088882 0.00148010 -0.00149536 0.00028038 -0.00158691 -0.00331116 -0.00141144 -0.00099182 -0.00094223 -0.00099182 -0.00052261 -0.00106049 0.00174713 -0.00160217 -0.00091553 0.00130463 -0.00080872 -0.00092697 -0.00250244 -0.00135040 -0.00057983 0.00090027 -0.00082779 -0.00107574 -0.00022602 0.00068283 -0.00041771 0.00104523 0.00036812 0.00004101 -0.00120544 0.00030518 0.00038910 0.00044632 -0.00081635 0.00117493 0.00022221 0.00128937 0.00116730 -0.00096130 0.00011778 0.00167084 0.00106049 -0.00062180 0.00072479 -0.00087357 -0.00031281 -0.00032425 -0.00141144 -0.00165558 -0.00141144 -0.00013733 -0.00131989 -0.00099945 -0.00025940 0.00009251 0.00112915 0.00094223 0.00101471 0.00114441 -0.00130463 -0.00114441 -0.00062180 -0.00002074 0.00040436 -0.00080490 0.00088120 0.00015259 0.00032425 0.00070572 0.00155640 -0.00091553 -0.00051498 0.00143433 -0.00071716 -0.00081253 -0.00055313 -0.00144196 -0.00244141 0.00045967 -0.00218201 0.00095749 0.00039864 -0.00085831 0.00017452 0.00000715 -0.00114441 0.00124359 -0.00036812 -0.00112915 0.00067902 -0.00051498 0.00145721 -0.00077438 -0.00082016 -0.00221252 0.00041771 -0.00009727 -0.00230408 -0.00125122 -0.00073242 -0.00056076 -0.00148773 0.00055695 -0.00106049 -0.00175476 -0.00164795 -0.00036049 -0.00146484 -0.00166321 -0.00137329 -0.00059509 -0.00156403
0.00041389 -0.02563477 -0.02319336 0.16601562 -0.11718750 0.09082031 -0.22656250 0.02258301 0.02770996 -0.11767578 0.09765625 0.11035156 -0.04565430 0.00903320 0.10693359 0.03808594 0.12500000 0.02539062 0.00073242 -0.00415039 -0.07812500 -0.01043701 -0.00105286 -0.08544922 0.00677490 -0.16601562 0.06933594 0.04833984 0.00080872 -0.09179688 -0.05444336 -0.02758789 -0.14453125 0.00074387 0.00093842 -0.07910156 -0.09130859 -0.00074387 0.00130463 -0.23632812 -0.00105286 0.00289917 -0.03393555 0.20507812 0.15039062 -0.01916504 0.01904297 -0.02502441 -0.02990723 -0.13476562 0.02770996 0.05175781 0.08593750 -0.14746094 -0.18457031 0.27539062 -0.00075150 0.03759766 0.02709961 -0.01196289 0.20019531 -0.04467773 -0.00558472 0.11523438 -0.09130859 -0.05639648 -0.11767578 0.03808594 -0.04101562 0.00095749 0.00008869 -0.05419922 0.00129700 -0.13378906 -0.02478027 -0.04052734 0.00061417 0.00430298 0.14355469 -0.13378906 -0.13183594 -0.00038910 -0.00100708 -0.01190186 -0.01977539 -0.00156403 0.00090790 -0.04931641 0.01129150 0.02221680 -0.06494141 0.22656250 -0.09863281 -0.02709961 -0.14453125 0.13183594 0.11865234 -0.01513672 -0.17968750 -0.01257324 -0.05102539 0.16406250 0.00133514 0.05834961 0.89453125 -0.26953125 0.00053406 0.13183594 -0.00016117 -0.31640625 -0.00753784 0.07324219 -0.02221680 0.02404785 -0.02954102 -0.00964355 0.06225586 -0.00089264 -0.06982422 -0.06982422 -0.00077820 0.24121094 0.10791016 -0.06494141 -0.10205078 -0.12011719 -0.12597656 -0.05029297 -0.00454712 -0.01330566 -0.19628906 -0.02355957 0.00122833 -0.02575684 -0.08642578 -0.19042969 0.01397705 -0.00048065 -0.12890625 0.02355957 0.01782227 -0.00099182 -0.01519775 -0.00029945 0.00122070 -0.19824219 -0.25585938 0.01544189 -0.21093750 -0.00209045 -0.06127930 -0.16113281 0.00373840 0.00004697 0.02941895 -0.11132812 -0.10986328 0.01507568 -0.00022411 0.04589844 0.05590820 -0.00799561 0.05859375 -0.15332031 -0.03588867 -0.02416992 0.02099609 -0.00136566 -0.10107422 -0.23535156 -0.03881836 -0.00083542 -0.00125122 0.02197266 -0.14355469 -0.02197266 0.19238281 -0.02124023 0.11376953 -0.15625000 0.00376892 -0.08349609 -0.11474609 -0.02966309 0.01684570 -0.05541992 0.05859375 0.03540039 -0.06542969 0.00138092 0.00939941 0.00075150 0.00558472 0.00070190 0.12304688 -0.00105286 0.02465820 0.00720215 -0.05517578 0.07910156 0.02893066 -0.06738281 -0.00283813 -0.00805664 -0.08935547 0.24023438 0.02807617 -0.17773438 0.16503906 0.00279236 0.00162506 -0.03295898 0.21582031 -0.00083542 -0.15625000 0.06982422 -0.00062943 0.05932617 -0.03063965 0.02795410 0.01916504 -0.08691406 -0.00915527 0.27343750 -0.00096893 -0.12792969 -0.00074005 0.00001281 0.08154297 -0.09228516 -0.00159454 0.23925781 -0.17187500 -0.12353516 0.04711914 -0.30664062 0.09667969 0.00640869 0.05102539 0.05297852 -0.14648438 0.05395508 0.18164062 0.00007057 -0.20605469 0.09814453 0.00037956 0.00026131 -0.02709961 0.01660156 0.03710938 -0.03320312 -0.00081635 0.21386719 -0.04516602 -0.15625000
0.00014305 0.13964844 0.47851562 0.01171875 0.12500000 -0.35546875 0.16015625 -0.00132751 0.03906250 0.37695312 -0.06884766 0.15722656 -0.01330566 -0.02502441 0.12402344 0.22753906 -0.05078125 0.17968750 0.00136566 -0.05346680 -0.06396484 0.02770996 -0.00057220 0.12402344 0.04809570 0.12597656 0.05688477 -0.10742188 -0.00059509 -0.16503906 -0.13476562 0.04614258 0.17578125 -0.00007629 0.00131226 -0.16796875 -0.01708984 0.00126648 0.00092697 -0.02209473 0.00149536 0.17578125 -0.20996094 -0.00378418 -0.04833984 -0.30273438 0.63281250 0.03710938 0.40820312 -0.21875000 -0.03271484 -0.50000000 0.29492188 -0.21386719 -0.09375000 0.04418945 -0.00106812 0.56640625 -0.39843750 0.02856445 0.03710938 0.04833984 -0.42773438 -0.00695801 -0.08984375 0.05639648 0.39062500 0.58203125 -0.12792969 -0.00098419 -0.00030899 0.35156250 -0.00116730 0.14941406 0.22949219 -0.30468750 -0.00061798 -0.00927734 0.41992188 0.09033203 0.20605469 0.00015163 -0.00029564 0.30078125 0.02490234 -0.00227356 0.00100708 -0.07128906 -0.00193787 0.02136230 0.18652344 -0.01892090 -0.03125000 0.23046875 -0.32617188 -0.02514648 -0.12060547 -0.28906250 0.12597656 -0.01623535 0.14062500 -0.09570312 0.00131226 -0.46289062 -0.05053711 0.25976562 -0.00065231 0.10742188 0.00018024 0.00469971 0.16113281 -0.01013184 0.11376953 -0.35156250 -0.28125000 0.06738281 -0.34375000 -0.49804688 0.34570312 -0.05493164 0.00031090 0.02416992 -0.02612305 0.49023438 -0.26171875 -0.08642578 -0.11083984 0.02502441 0.07373047 0.43359375 0.13867188 -0.12890625 -0.00029182 -0.33398438 -0.45898438 -0.33007812 -0.01342773 0.00185394 0.12597656 -0.01141357 0.59375000 -0.00110626 -0.17773438 0.00095749 -0.00072861 -0.25390625 -0.27734375 -0.19433594 0.08886719 0.02124023 -0.12695312 0.00988770 -0.08447266 -0.00169373 0.25976562 -0.01794434 0.49218750 0.05273438 -0.00037766 0.23730469 0.15625000 0.70312500 0.09912109 0.21191406 -0.51562500 -0.61328125 0.20117188 -0.00094986 -0.03686523 -0.14843750 -0.43945312 0.00057602 0.07617188 -0.08740234 0.03149414 -0.01538086 -0.03491211 0.03051758 0.10156250 -0.02050781 0.06176758 -0.02941895 0.06982422 -0.23632812 0.25195312 -0.02648926 0.20214844 -0.10693359 -0.31640625 -0.00069809 -0.05322266 -0.00066376 0.13183594 0.00133514 0.01153564 0.00090027 -0.02563477 -0.07275391 -0.45703125 -0.05444336 -0.03491211 -0.48242188 -0.00193024 -0.05786133 0.20019531 0.00297546 0.10058594 -0.05395508 0.00043678 0.00357056 -0.00051498 0.01397705 -0.00903320 0.00086594 -0.16894531 -0.39843750 0.00175476 -0.50781250 -0.42187500 -0.11914062 -0.15332031 -0.15917969 -0.02368164 -0.07275391 0.00106049 -0.21093750 -0.00014687 -0.00008202 -0.28906250 0.02758789 -0.00037384 0.13085938 -0.37890625 -0.05664062 0.28125000 -0.03015137 -0.03442383 0.36523438 0.34960938 -0.23242188 0.40625000 0.07324219 0.04443359 0.00015450 0.07519531 -0.08251953 -0.00106812 -0.00018215 -0.21679688 -0.21777344 -0.50390625 -0.30859375 -0.00035858 -0.03906250 0.03979492 0.41015625
-0.00086212 -0.28320312 0.01556396 -0.24511719 -0.20605469 0.10693359 -0.08984375 -0.57812500 -0.11962891 0.08691406 0.06933594 -0.02746582 -0.26171875 -0.39843750 0.04663086 -0.00117493 -0.06640625 -0.02783203 0.00069046 0.12109375 -0.04052734 -0.03344727 0.00109863 -0.06298828 -0.17382812 0.21679688 -0.08593750 -0.41796875 0.00078201 -0.00543213 -0.01092529 -0.35351562 -0.08789062 -0.00120544 -0.00091171 -0.00175476 0.00915527 0.00112915 0.00025177 0.07275391 0.00173950 0.03881836 0.09521484 0.43554688 0.02734375 -0.10253906 -0.00350952 -0.05834961 -0.01177979 0.17089844 0.00585938 0.02075195 -0.15234375 -0.05102539 -0.06445312 -0.13281250 0.00071716 0.01257324 0.06884766 0.02209473 0.11914062 0.04541016 0.04003906 -0.00921631 0.07861328 0.05639648 0.06445312 0.01074219 -0.23535156 0.00010300 0.00051117 -0.04443359 0.00094223 -0.06079102 0.00735474 0.09130859 0.00070572 0.09912109 -0.04809570 -0.08544922 -0.25195312 -0.00012112 0.00055313 0.12011719 -0.62500000 -0.00257874 -0.00024986 -0.38476562 -0.10693359 0.05151367 -0.18847656 0.17089844 -0.06201172 -0.05786133 -0.01684570 0.34375000 -0.00352478 -0.05541992 0.00442505 0.05859375 -0.08447266 0.00558472 -0.00021648 0.02636719 -0.19335938 -0.07958984 0.00039482 -0.02465820 0.00027466 0.19335938 -0.04199219 0.00239563 -0.06127930 -0.01489258 0.03149414 -0.50781250 0.03088379 -0.01037598 -0.00259399 -0.09716797 0.00030136 0.23730469 -0.07324219 0.05566406 -0.01477051 0.09423828 -0.01135254 -0.01843262 -0.01831055 0.08447266 -0.08154297 0.00314331 -0.00085068 0.03393555 -0.09228516 -0.06396484 -0.12011719 -0.00046349 0.02941895 0.13964844 -0.01153564 -0.00015831 0.00741577 0.00154114 0.00086212 0.05004883 0.37500000 -0.03540039 0.38671875 -0.48632812 -0.09960938 0.07617188 -0.25976562 -0.00169373 -0.02880859 -0.17285156 -0.07324219 -0.21191406 -0.00096893 0.04003906 -0.07666016 0.00735474 0.08837891 0.07714844 0.09667969 0.07470703 -0.00102234 -0.00087357 0.13867188 -0.25000000 0.09423828 0.00173950 0.01745605 0.10107422 -0.02844238 -0.16308594 -0.08154297 0.05297852 0.06445312 0.15917969 -0.05590820 -0.07666016 0.31250000 -0.02246094 -0.04370117 -0.12890625 0.04711914 -0.11035156 -0.08886719 0.00157166 -0.03637695 -0.00094223 0.00265503 -0.00075531 0.04907227 0.00005770 -0.17089844 -0.21386719 -0.00164795 -0.03662109 -1.03906250 -0.01831055 0.00040627 -0.02026367 -0.00291443 -0.68750000 -0.10595703 0.01806641 0.02722168 0.00061417 -0.00017643 -0.11865234 -0.71093750 -0.00053787 0.12109375 -0.01495361 0.00030708 -0.02734375 0.03881836 0.03002930 0.00677490 -0.07617188 -0.32617188 0.12451172 0.00093460 0.08984375 0.00010967 0.00089264 -0.12158203 -0.03906250 -0.00014210 -0.08886719 -0.04028320 -0.06152344 0.17773438 0.27929688 -0.10302734 0.00267029 0.01806641 -0.05273438 0.03808594 -0.21972656 0.06982422 -0.00080490 -0.19531250 -0.07666016 0.00010157 -0.00087357 -0.01202393 0.01831055 -0.14843750 -0.00726318 0.00018024 0.37109375 0.01495361 0.03149414
-0.00139618 -0.00018406 -0.00201416 -0.00144196 0.00018978 -0.00024319 -0.00072479 0.00071335 0.00032806 -0.00157928 -0.00152588 -0.00026894 -0.00128937 0.00145721 0.00020218 0.00043869 -0.00018978 0.00024223 -0.00076675 -0.00018787 0.00079346 0.00106812 -0.00131226 -0.00063705 -0.00103760 -0.00004554 0.00080490 -0.00133514 -0.00035286 -0.00129700 -0.00176239 -0.00137329 0.00066757 -0.00049591 -0.00080872 -0.00106049 -0.00122833 -0.00119019 0.00014114 0.00091171 -0.00022221 -0.00112152 -0.00253296 -0.00058746 -0.00015640 -0.00089264 -0.00078201 -0.00168610 0.00021076 -0.00066376 -0.00030327 0.00018406 -0.00054932 0.00130463 -0.00072479 -0.00180054 0.00103760 0.00016880 0.00061798 -0.00233459 -0.00230408 0.00091934 -0.00239563 -0.00098419 -0.00145721 -0.00019646 0.00004816 0.00151062 -0.00123596 -0.00088882 -0.00170898 -0.00167847 -0.00108337 -0.00034523 -0.00219727 0.00014687 -0.00022411 0.00122833 -0.00129700 -0.00022507 0.00032616 -0.00119019 0.00065994 -0.00123596 -0.00044060 0.00028992 0.00001681 -0.00126648 -0.00167847 -0.00227356 -0.00001055 -0.00138092 0.00043106 -0.00063324 -0.00086975 -0.00168610 -0.00186157 -0.00093079 -0.00018501 -0.00037193 -0.00101471 -0.00079727 0.00000572 -0.00006104 0.00038719 -0.00010347 -0.00158691 0.00054932 0.00127411 0.00073242 -0.00003719 0.00074768 -0.00149536 0.00016499 -0.00228882 -0.00102234 -0.00148773 0.00052643 0.00149536 0.00007153 -0.00030327 -0.00207520 -0.00177002 0.00056839 -0.00059891 -0.00107574 -0.00083160 -0.00177765 -0.00079727 0.00012207 -0.00037193 -0.00069809 -0.00167084 -0.00072861 0.00069809 -0.00140381 -0.00096130 0.00099182 0.00160217 -0.00082779 -0.00173187 0.00003409 -0.00008869 -0.00128937 -0.00089645 0.00094604 0.00052643 -0.00190735 -0.00157166 -0.00160217 -0.00145721 -0.00068665 0.00088120 -0.00110626 -0.00154114 -0.00139618 -0.00068665 -0.00132751 -0.00104523 -0.00118256 -0.00082016 0.00049591 -0.00135803 0.00052643 -0.00006628 0.00088120 -0.00083542 0.00073242 0.00071716 0.00022316 0.00072861 -0.00037956 -0.00265503 -0.00141907 -0.00107574 0.00020027 -0.00045395 0.00115967 -0.00041962 0.00077820 0.00028610 -0.00053406 -0.00151062 -0.00096130 -0.00088882 -0.00115967 -0.00078583 -0.00121307 0.00012684 -0.00135040 -0.00112915 -0.00096512 -0.00149536 -0.00112915 -0.00079727 -0.00083542 -0.00103760 -0.00134277 -0.00218201 0.00038338 0.00027847 0.00050354 0.00079727 -0.00151062 -0.00029182 -0.00004745 -0.00109100 -0.00125122 0.00090408 -0.00045967 0.00125122 -0.00085831 -0.00011826 0.00169373 -0.00155640 0.00009632 0.00042915 -0.00137329 -0.00172424 0.00012016 -0.00123596 -0.00025177 -0.00202942 -0.00109863 -0.00016212 0.00154877 -0.00151825 -0.00069046 0.00016308 0.00007105 0.00079727 -0.00169373 0.00035286 -0.00017738 -0.00003219 -0.00077820 -0.00126648 -0.00157928 0.00020981 -0.00177765 -0.00213623 -0.00180817 -0.00058365 -0.00041389 -0.00026131 -0.00029182 0.00114441 0.00077057 0.00024033 -0.00104523 -0.00008726 -0.00115204 0.00053787 -0.00199890 -0.00022697 -0.00001752
0.00142670 0.04077148 0.03076172 0.10839844 0.38867188 0.00668335 0.00448608 0.00277710 0.14550781 -0.16503906 0.03247070 0.04370117 0.11132812 0.17480469 -0.14843750 -0.02783203 0.27539062 0.01055908 -0.00133514 0.10107422 -0.16113281 0.12304688 -0.00125885 0.20800781 0.00411987 0.08837891 -0.31640625 -0.25976562 0.00045586 0.00038338 -0.34179688 -0.00708008 -0.03491211 -0.00083160 0.00121307 -0.09228516 -0.23339844 -0.00024128 -0.00033951 -0.27148438 0.00102234 0.04150391 0.04370117 -0.21484375 0.02270508 0.02087402 -0.02770996 0.04077148 0.08203125 -0.10742188 0.01013184 -0.01147461 0.19824219 0.00135803 0.05200195 0.09423828 -0.00148773 0.00013924 -0.05810547 0.00361633 0.13378906 -0.01696777 -0.02929688 0.01226807 0.03735352 0.05761719 -0.10156250 -0.05517578 -0.15820312 0.00176239 0.00041962 0.01599121 -0.00091553 -0.16015625 0.07080078 -0.21972656 0.00077438 0.01434326 -0.18554688 0.06396484 0.06152344 0.00155640 0.00016594 0.07470703 0.01391602 -0.00260925 -0.00029755 -0.16699219 -0.04418945 0.01013184 -0.02575684 -0.14062500 0.33789062 -0.37890625 -0.23828125 -0.06152344 -0.02148438 -0.03344727 -1.34375000 -0.02819824 -0.10693359 0.00799561 0.00029182 -0.00897217 0.28125000 -0.22265625 -0.00311279 0.07519531 -0.00080109 -0.16992188 -0.25781250 -0.39453125 -0.47460938 -0.51171875 -0.02514648 -0.03613281 0.00546265 0.07275391 0.06347656 -0.15039062 -0.00137329 -0.13867188 -0.04736328 0.06542969 0.07617188 0.06225586 -0.04125977 -0.04833984 -0.01318359 -0.06982422 0.14550781 -0.00292969 -0.00094223 -0.13867188 -0.07519531 -0.18066406 -0.07031250 0.00177002 -0.06542969 0.09765625 -0.00268555 -0.00027657 0.09277344 0.00012302 -0.00074005 -0.17480469 -0.99218750 0.00363159 -0.03222656 -0.01007080 0.00592041 0.17089844 -0.04833984 -0.00012493 -0.07128906 -0.15039062 0.02661133 0.02551270 -0.00118256 -0.36328125 -0.23242188 -0.00515747 0.19433594 -0.17675781 -0.04663086 0.09228516 -0.00309753 0.00158691 -0.04809570 -0.01135254 0.01007080 -0.00060654 0.04565430 -0.85156250 0.21484375 -0.08691406 -0.03222656 0.08740234 0.10205078 0.01647949 0.08984375 -0.18164062 -0.58984375 -0.19921875 0.08105469 -0.04589844 0.00726318 0.02319336 0.01464844 0.00131226 -0.08740234 -0.00077438 0.00988770 -0.00039482 0.04321289 -0.00067139 -0.04077148 0.02124023 -0.00367737 0.00909424 -0.17968750 -0.01672363 -0.00087738 0.04321289 -0.06030273 0.02880859 -0.10839844 0.20214844 0.36523438 0.00082779 0.00020695 0.03857422 0.14355469 0.00135803 -0.13281250 0.03100586 0.00148773 0.05761719 -0.12451172 0.35351562 -0.00020218 -0.01928711 0.12060547 -0.09521484 0.00167084 -0.14843750 0.00102997 -0.00115967 0.03442383 -0.08203125 -0.00101471 0.08935547 0.08154297 -0.19628906 -0.02954102 -0.06542969 0.00534058 0.00433350 -0.07421875 0.34570312 -0.08935547 0.02124023 0.04565430 -0.00039864 -0.07128906 -0.00005770 -0.00177002 -0.00233459 -0.01989746 -0.01928711 -0.07421875 0.00148773 0.00081253 -0.13378906 0.02062988 -0.01794434
-0.00119019 -0.00065231 0.00098419 -0.00254822 -0.00078964 -0.00167847 -0.00138092 -0.00079346 0.00041962 -0.00129700 -0.00054932 -0.00151062 0.00056458 -0.00167847 0.00063324 -0.00181580 -0.00027084 0.00070572 0.00094604 -0.00103760 -0.00039101 -0.00115967 0.00086975 -0.00174713 0.00109100 -0.00109100 -0.00173950 -0.00106049 -0.00131989 -0.00133514 -0.00112152 -0.00164795 -0.00042152 0.00122070 -0.00166321 -0.00087738 0.00052643 -0.00069809 -0.00052261 0.00031471 -0.00175476 -0.00170135 -0.00024033 -0.00083923 -0.00153351 0.00085449 -0.00073624 -0.00033760 0.00065994 0.00056839 -0.00039673 -0.00042152 -0.00091171 -0.00099945 0.00088882 -0.00178528 0.00035095 -0.00088120 -0.00089645 0.00041962 0.00028801 -0.00138092 -0.00055313 0.00093460 0.00030327 0.00014114 -0.00135803 -0.00006199 0.00033760 -0.00008917 -0.00161743 -0.00056076 -0.00016880 0.00006866 -0.00024414 0.00050354 -0.00053787 -0.00160980 -0.00074768 -0.00178528 -0.00030518 -0.00099182 -0.00180817 -0.00159454 -0.00109863 -0.00099945 0.00114441 -0.00018787 -0.00145721 -0.00018787 -0.00053024 0.00028419 0.00117493 -0.00138855 -0.00022221 0.00088501 -0.00160217 -0.00157928 -0.00095367 0.00046730 0.00088120 -0.00056839 0.00004125 -0.00035667 -0.00167084 -0.00029564 -0.00037193 -0.00080872 0.00077438 -0.00025558 0.00028419 -0.00164795 0.00035667 0.00082779 0.00054550 -0.00171661 0.00046921 0.00084305 -0.00088120 0.00046921 -0.00090408 0.00088120 0.00005078 -0.00027084 -0.00001067 -0.00035095 -0.00051880 -0.00025558 -0.00043297 -0.00171661 -0.00147247 0.00041962 -0.00007963 -0.00142670 0.00074387 0.00120544 0.00102234 0.00124359 -0.00083160 -0.00109863 -0.00144196 -0.00171661 -0.00052643 0.00091171 0.00053024 0.00047112 -0.00109100 -0.00116730 -0.00075912 0.00016403 -0.00030708 -0.00110626 -0.00140381 0.00013542 -0.00005388 -0.00077438 -0.00153351 -0.00105286 -0.00117493 0.00065231 -0.00057220 0.00047302 0.00073624 0.00018787 0.00042152 -0.00157166 -0.00161743 0.00030136 0.00007772 -0.00027657 -0.00167847 0.00073242 -0.00170135 -0.00023365 -0.00222778 0.00031281 0.00072861 -0.00128174 -0.00082016 -0.00110626 -0.00138855 -0.00012684 -0.00004125 -0.00130463 0.00057220 0.00047112 -0.00049973 -0.00024223 -0.00144958 0.00096512 -0.00130463 -0.00164795 -0.00084686 -0.00126648 -0.00196838 0.00082397 0.00017929 -0.00148010 0.00072098 0.00059509 -0.00113678 -0.00102234 0.00075912 -0.00172424 -0.00178528 0.00018311 -0.00117493 0.00048065 0.00094223 -0.00115204 0.00054932 -0.00064087 0.00084305 0.00112152 0.00114441 0.00065231 -0.00105286 0.00109863 -0.00015068 -0.00034523 0.00108337 -0.00068665 -0.00072098 -0.00023174 -0.00146484 -0.00119781 0.00068283 -0.00166321 -0.00050354 -0.00043488 -0.00151062 0.00035667 -0.00147247 -0.00054169 -0.00123596 -0.00045013 0.00000154 0.00071716 0.00016594 0.00055313 -0.00187683 -0.00156403 -0.00053024 0.00030327 -0.00090790 -0.00089264 0.00059509 -0.00055313 -0.00093460 0.00083160 0.00038910 -0.00094986 -0.00030899 -0.00119019 -0.00022793 0.00056458
0.00109863 0.15820312 0.03881836 0.22851562 -0.00848389 -0.21484375 -0.20019531 0.07861328 0.14941406 0.00225830 0.07421875 -0.15917969 0.24902344 0.18554688 -0.02783203 0.00215149 -0.31835938 0.02148438 -0.00128174 -0.07568359 -0.34960938 0.05761719 -0.00076675 -0.31250000 -0.21582031 -0.14941406 -0.58593750 -0.17382812 -0.00020885 -0.03100586 0.21191406 0.25000000 -0.13867188 0.00009680 0.00069427 -0.10107422 -0.00384521 -0.00102997 -0.00068283 0.18359375 -0.00048065 -0.00408936 0.03076172 0.21679688 -0.25976562 -0.17773438 -0.26953125 0.09912109 0.22363281 -0.04394531 -0.09619141 0.01318359 -0.36914062 0.24023438 -0.22656250 -0.31054688 -0.00042343 -0.04882812 -0.03515625 0.04638672 0.15234375 -0.31835938 0.15917969 -0.22558594 -0.17089844 0.05761719 0.04809570 -0.05615234 0.15429688 0.00096893 -0.00027847 0.04785156 0.00045776 -0.23144531 -0.06298828 0.08789062 0.00016403 0.06201172 -0.08007812 0.01049805 -0.14746094 -0.00040054 0.00018406 -0.01336670 0.14453125 -0.00061798 -0.00026131 -0.06982422 -0.00650024 0.19042969 -0.01843262 -0.07324219 -1.04687500 -0.11523438 -0.02026367 0.04174805 -0.04858398 -0.08593750 0.60546875 0.08642578 -0.05224609 -0.18554688 -0.00082016 0.04101562 -0.19433594 -0.21582031 -0.00120544 -0.15429688 -0.00064468 -0.14550781 0.19238281 -1.28125000 0.09521484 -0.30468750 0.02783203 0.29296875 -0.33007812 0.04931641 -0.24707031 -0.20019531 -0.00038910 0.01794434 -0.11376953 0.09619141 -0.20800781 0.26953125 -0.57031250 -0.12890625 -0.03613281 -0.05883789 -0.28125000 -0.04370117 -0.00069046 0.16210938 0.03515625 -0.12792969 -0.00479126 -0.00065613 -0.02331543 -0.30468750 0.09521484 -0.00038719 -0.10253906 -0.00074768 0.00045776 0.06591797 0.21582031 -0.15722656 0.87500000 0.17285156 -0.05932617 -0.08691406 0.00561523 -0.00228882 0.07373047 -0.00222778 0.27343750 0.12695312 -0.00013447 -0.03125000 -0.18066406 0.04223633 0.24902344 -0.29101562 -0.00631714 0.01080322 -0.00650024 -0.00082397 -0.14550781 -0.02539062 0.24121094 -0.00038338 0.08251953 0.34375000 0.01757812 0.00270081 -0.47851562 0.13183594 -0.63671875 -0.19433594 -0.00202942 -0.20410156 0.02685547 0.04760742 -0.04760742 0.01226807 0.05029297 -0.00248718 -0.20605469 0.00027657 -0.04321289 0.00205994 0.12597656 -0.00024796 -0.04003906 0.00196838 -0.53515625 -0.29882812 0.07763672 -0.06054688 -0.27343750 -0.01306152 0.00036240 -0.18750000 -0.09765625 -0.15136719 -0.32617188 0.01214600 -0.00055695 0.00205994 0.00069427 0.02026367 -0.30468750 0.00123596 -0.21484375 -0.10791016 -0.00072479 0.20605469 -0.08398438 -0.32031250 0.10107422 -0.05175781 -0.03588867 -0.07031250 -0.00052261 -0.01623535 0.00084305 0.00106812 -0.06738281 -0.21875000 0.00019073 0.01043701 -0.23339844 0.18652344 -0.12988281 0.10595703 -0.25390625 -0.01098633 -0.00314331 -0.27734375 -0.08935547 0.17285156 -0.04736328 0.00040054 -0.64453125 -0.20410156 0.00012493 0.00058365 0.29687500 -0.01550293 0.11181641 0.04370117 0.00142670 0.09912109 0.00506592 -0.08837891
0.00032806 -0.04296875 -0.01531982 0.07275391 -0.01672363 -0.03979492 -0.17578125 -0.10156250 -0.11083984 -0.06542969 -0.50781250 -0.18066406 -0.00250244 -0.05102539 -0.35742188 0.25976562 -0.22656250 0.03173828 -0.00014496 -0.01379395 -0.29492188 -0.10498047 -0.00082779 0.06542969 -0.04663086 -0.15429688 -0.13085938 0.07128906 -0.00020027 -0.04052734 0.17871094 -0.03540039 0.05102539 -0.00086212 -0.00056076 -0.08251953 0.20605469 0.00011969 -0.00122070 0.05859375 0.00092697 -0.02636719 -0.04199219 0.06689453 0.10644531 0.04101562 0.00285339 -0.05761719 0.05249023 0.06347656 -0.10302734 0.01782227 0.01519775 -0.18359375 -0.10498047 0.15039062 -0.00090408 -0.04614258 0.07177734 -0.17773438 0.06347656 -0.06054688 0.01501465 0.11914062 0.10156250 0.05761719 -0.03442383 0.11230469 0.03784180 -0.00119019 0.00106049 -0.12158203 -0.00113678 -0.14160156 0.15039062 -0.14257812 -0.00056839 -0.06494141 -0.06054688 -0.23437500 -0.20898438 -0.00097275 -0.00015545 0.09375000 -0.00567627 -0.00138092 0.00032425 0.04492188 -0.01733398 0.08203125 -0.10107422 0.14648438 -0.46484375 0.06347656 0.00988770 0.09863281 -0.12792969 -0.13085938 -0.16210938 -0.06982422 0.19140625 0.06079102 -0.00029755 0.03759766 0.06225586 -0.13769531 -0.00025558 -0.11035156 -0.00018024 0.01385498 0.01879883 0.04663086 -0.11718750 -0.06640625 -0.02075195 0.05322266 -0.06542969 -0.08984375 0.18652344 -0.18457031 -0.00093079 0.07275391 0.10742188 -0.08886719 -0.25195312 0.01647949 0.04931641 -0.01696777 -0.12207031 0.19824219 -0.07861328 0.08593750 0.00118256 -0.07128906 0.06787109 -0.29492188 0.00640869 0.00043678 0.26171875 -0.06982422 -0.02331543 0.00168610 -0.13183594 0.00087738 0.00122833 -0.28515625 -0.11425781 -0.01672363 -0.03491211 -0.01159668 -0.13867188 0.09716797 -0.06738281 -0.00154114 0.20605469 -0.06689453 -0.02172852 -0.05761719 -0.00071716 0.07421875 -0.28515625 0.04345703 0.13574219 0.00585938 0.01324463 0.03417969 -0.06982422 0.00161743 -0.05444336 -0.29101562 0.11132812 0.00042343 0.08691406 -0.06982422 -0.08007812 -0.05932617 0.11376953 -0.03637695 -0.19335938 0.02539062 -0.11865234 -0.20019531 0.00488281 0.17480469 -0.01184082 0.22851562 -0.00396729 -0.10644531 -0.14453125 0.00108337 0.17285156 -0.00074387 -0.03149414 0.00127411 0.13378906 -0.00032043 -0.19531250 -0.03881836 0.25195312 0.02905273 0.01831055 0.09521484 -0.00029373 0.05444336 0.04345703 0.12353516 -0.05590820 -0.07324219 0.07031250 0.00000106 0.00086594 -0.03540039 0.01116943 -0.00111389 0.03344727 -0.01708984 -0.00048065 -0.13378906 0.14160156 0.17285156 0.07080078 -0.17089844 -0.10986328 0.16503906 -0.00067902 0.23730469 0.00173187 -0.00082016 -0.04956055 0.14257812 -0.00009775 0.05102539 0.08642578 -0.11914062 -0.06079102 -0.15136719 0.10449219 -0.08496094 -0.09130859 0.19726562 0.15136719 -0.03173828 0.07080078 0.00091934 -0.21093750 0.16796875 0.00131989 -0.00076675 0.01928711 0.01965332 0.08935547 0.21289062 0.00071335 0.07421875 -0.05029297 -0.02270508
-0.00151062 0.00084686 -0.00069046 0.00057220 -0.00039482 -0.00141144 -0.00057602 -0.00040245 -0.00271606 0.00009918 0.00066757 -0.00122070 0.00042534 0.00115967 -0.00238037 0.00070572 0.00080109 -0.00151825 -0.00115967 0.00040245 0.00242615 0.00077057 0.00076675 0.00131226 -0.00003672 -0.00250244 -0.00189972 -0.00115967 -0.00058746 -0.00134277 -0.00183105 -0.00049210 -0.00041199 -0.00055695 0.00119781 -0.00075150 0.00022125 -0.00095367 -0.00075531 -0.00151062 -0.00033379 -0.00175476 -0.00034523 0.00055695 -0.00007248 -0.00106812 0.00000291 0.00016117 -0.00033569 -0.00128937 0.00006104 -0.00108337 -0.00118256 -0.00059509 -0.00078201 -0.00021362 0.00075912 -0.00048256 0.00087738 -0.00013924 0.00005102 0.00111389 0.00027084 0.00018311 0.00057983 -0.00065613 -0.00151062 0.00014114 -0.00056458 -0.00075531 0.00031471 -0.00097656 0.00108337 0.00015926 -0.00003648 0.00126648 -0.00008011 -0.00204468 0.00142670 -0.00046539 -0.00150299 -0.00044632 0.00103760 0.00003743 0.00017452 0.00110626 -0.00090408 -0.00144958 0.00040627 -0.00075912 -0.00114441 0.00038910 0.00120544 -0.00112915 -0.00196838 -0.00105286 0.00069427 -0.00029182 0.00065613 0.00035095 -0.00099182 -0.00131226 0.00032997 0.00109100 -0.00142670 -0.00171661 0.00132751 -0.00115967 -0.00079727 0.00020123 -0.00163269 0.00037956 -0.00005174 -0.00016975 0.00051117 -0.00074768 -0.00167847 -0.00088501 -0.00022697 -0.00154877 -0.00130463 0.00045776 -0.00049591 -0.00017643 0.00047493 0.00049210 0.00115967 0.00001788 0.00085068 0.00050735 -0.00075912 0.00051117 -0.00064468 -0.00110626 -0.00157928 -0.00128937 -0.00128937 0.00026703 -0.00060654 -0.00114441 -0.00178528 0.00045013 0.00012875 -0.00131226 0.00034904 0.00135803 -0.00198364 -0.00094986 -0.00250244 -0.00151062 -0.00178528 0.00031090 0.00062180 0.00099182 -0.00026131 0.00122070 -0.00106812 -0.00149536 0.00086594 -0.00014877 -0.00000173 -0.00135040 -0.00020027 0.00069046 -0.00105286 -0.00213623 -0.00011253 -0.00025177 0.00024128 -0.00124359 -0.00144196 0.00141144 -0.00125122 -0.00008869 0.00033951 -0.00088501 -0.00126648 -0.00201416 -0.00059891 -0.00186157 -0.00205994 -0.00138855 0.00008678 -0.00160980 -0.00170135 0.00011301 -0.00118256 0.00100708 0.00110626 -0.00025940 -0.00190735 -0.00063324 -0.00032425 -0.00020790 -0.00117493 -0.00038528 -0.00141144 -0.00054932 0.00000210 0.00069809 -0.00036240 -0.00021648 -0.00014210 0.00064468 -0.00054932 -0.00196838 0.00172424 -0.00023842 -0.00131989 0.00131226 0.00049973 -0.00108337 -0.00148010 -0.00079346 -0.00157928 -0.00084305 0.00011492 -0.00198364 0.00108337 -0.00028038 -0.00123596 -0.00103760 -0.00014019 -0.00172424 -0.00033760 0.00109100 -0.00017834 -0.00151825 0.00076294 -0.00157928 -0.00111389 -0.00061417 -0.00002384 -0.00188446 0.00072098 -0.00054169 -0.00242615 -0.00140381 0.00028801 -0.00099182 0.00092316 0.00028419 -0.00170135 0.00131989 0.00103760 -0.00103760 -0.00117493 -0.00047493 0.00015640 -0.00116730 -0.00201416 -0.00020123 -0.00087738 0.00097656 -0.00049210 0.00023174
0.00060654 0.02392578 0.03857422 0.20019531 0.15722656 0.07861328 -0.27734375 -0.01684570 0.27734375 -0.19238281 -0.03784180 -0.00332642 -0.03833008 0.19531250 0.10058594 -0.04516602 0.06640625 0.01129150 0.00131226 -0.05102539 -0.32812500 0.03344727 0.00063324 -0.12597656 -0.04125977 0.08203125 0.13281250 -0.49414062 0.00135040 0.06689453 0.06347656 0.11621094 -0.04516602 0.00026894 -0.00084686 -0.08593750 0.03344727 0.00059128 0.00030136 -0.28320312 -0.00026703 0.00662231 -0.08496094 -0.14355469 0.09423828 0.01831055 0.01324463 0.04418945 0.03491211 -0.28125000 -0.00982666 0.04003906 -0.05200195 0.05273438 0.02832031 -0.03784180 0.00158691 0.00379944 -0.06835938 -0.06884766 0.04833984 0.05932617 -0.00224304 0.04956055 -0.03247070 -0.05834961 0.09570312 0.00723267 -0.25585938 -0.00024605 -0.00099945 0.04028320 -0.00027084 0.02465820 -0.03662109 0.08984375 -0.00006628 0.12988281 -0.03735352 0.16894531 -0.50390625 -0.00043297 0.00077820 0.01184082 0.04614258 -0.00094986 -0.00076675 -0.35937500 -0.03955078 0.00215149 -0.12792969 -0.07617188 -0.22558594 -0.00717163 -0.01977539 -0.00659180 0.07031250 0.05102539 -0.32812500 0.03637695 -0.08984375 0.02929688 0.00116730 0.03100586 0.31250000 -0.00518799 -0.00152588 -0.15136719 -0.00006676 -0.19726562 -0.04052734 0.13281250 -0.40234375 -0.06787109 -0.01623535 -0.03076172 0.00634766 -0.05493164 -0.09863281 -0.30078125 -0.00075912 -0.10302734 -0.04052734 -0.08007812 0.02453613 0.10400391 0.01135254 -0.07470703 -0.21093750 0.03588867 0.15820312 -0.01464844 0.00059128 -0.17871094 -0.05249023 -0.02709961 0.01892090 0.00109100 -0.04882812 -0.06640625 0.01397705 -0.00067520 0.07421875 0.00082397 0.00117493 -0.59765625 -0.43359375 -0.01049805 0.02246094 -0.05395508 -0.10595703 -0.10449219 -0.07812500 0.00008965 -0.07568359 -0.32617188 -0.12597656 0.13183594 -0.00102997 -0.02026367 -0.13183594 0.00228882 -0.29882812 -0.05078125 0.16503906 0.04199219 -0.06298828 -0.00071335 -0.04028320 -0.26367188 0.01770020 0.00029564 0.04833984 0.89062500 0.04150391 -0.13964844 -0.04663086 0.07568359 0.11914062 -0.01446533 0.14843750 -0.25781250 0.24609375 0.07714844 -0.01379395 -0.19531250 0.04687500 0.29101562 -0.07910156 0.00156403 0.01647949 0.00151825 0.02416992 0.00111389 -0.05590820 -0.00088501 0.17480469 0.01153564 0.01129150 -0.06542969 -0.07421875 0.08056641 0.00028038 -0.14843750 0.06835938 -0.16992188 0.05297852 0.21386719 -0.04394531 -0.00288391 0.00034523 -0.11328125 0.16308594 0.00021172 -0.07812500 0.02636719 -0.00023651 -0.01538086 0.08789062 0.04199219 0.01446533 -0.03320312 0.33203125 -0.10986328 0.00024033 -0.04443359 0.00018692 -0.00022984 0.29882812 -0.14550781 0.00007677 -0.19726562 0.06054688 -0.20898438 0.12695312 0.05957031 0.09912109 -0.02856445 -0.02526855 0.05102539 -0.02404785 0.20703125 -0.11523438 -0.00078201 -0.09033203 0.04638672 -0.00130463 -0.00121307 0.03417969 0.01068115 -0.05590820 -0.03088379 0.00142670 -0.08691406 0.02087402 -0.02099609
-0.00009203 0.16308594 0.13867188 -0.06982422 0.09619141 -0.05371094 0.19531250 0.11816406 0.12353516 0.26953125 -0.28125000 -0.20703125 0.10693359 0.14843750 0.12353516 0.02624512 -0.25195312 0.00506592 -0.00037193 -0.10546875 0.12792969 0.15820312 0.00030327 -0.32812500 0.14648438 -0.00147247 0.16406250 -0.20312500 -0.00069809 -0.03588867 0.14062500 0.14160156 -0.07275391 0.00107574 -0.00036812 0.00878906 0.00741577 -0.00019455 0.00106049 -0.20410156 -0.00011778 0.03955078 -0.10839844 -0.02490234 -0.12109375 -0.02819824 0.12792969 0.13281250 0.10595703 -0.04150391 0.01361084 0.08398438 -0.12695312 0.18359375 0.20996094 -0.42578125 -0.00008202 -0.00625610 -0.02758789 0.04785156 -0.05493164 -0.13671875 0.02197266 -0.12158203 0.39453125 -0.05761719 0.13085938 0.16210938 -0.23046875 -0.00041389 0.00007582 0.07519531 0.00049973 0.10791016 0.02746582 0.05883789 0.00224304 0.14550781 -0.08740234 0.26757812 0.19335938 0.00013828 -0.00132751 0.05810547 0.08398438 0.00265503 -0.00047684 -0.25390625 0.12597656 0.00570679 0.05200195 -0.26953125 -0.01647949 0.00418091 -0.00494385 -0.36132812 -0.02001953 -0.04174805 0.41210938 -0.05566406 0.08007812 -0.05761719 -0.00004482 0.02685547 0.05541992 0.13281250 0.00125885 0.16503906 0.00009632 -0.01586914 0.10644531 0.09130859 0.12109375 -0.14843750 0.02514648 0.15332031 0.03344727 0.00915527 -0.03369141 0.17187500 -0.00093460 -0.16406250 -0.16894531 0.06835938 -0.07421875 0.28320312 0.21484375 -0.12304688 -0.16210938 -0.00173950 0.41992188 -0.05419922 -0.00036240 0.14062500 0.12255859 -0.24511719 0.01721191 0.00031281 -0.07275391 0.19628906 0.03076172 -0.00044250 -0.02465820 -0.00009251 -0.00111389 0.16210938 -0.10742188 -0.12451172 0.22363281 0.17773438 0.07470703 0.09960938 0.12011719 -0.00268555 -0.05346680 0.16113281 0.16015625 0.18750000 0.00075912 0.07080078 0.02478027 0.02319336 0.15527344 -0.06103516 0.08544922 0.10693359 0.01757812 0.00051117 -0.16113281 0.26562500 0.14160156 0.00004816 0.06835938 0.12695312 0.12890625 0.17871094 -0.22753906 0.09814453 0.14257812 0.04492188 0.14160156 0.16113281 -0.11035156 -0.03857422 -0.03930664 -0.11865234 0.13476562 -0.24023438 -0.06835938 -0.00134277 0.19628906 0.00044250 0.07226562 -0.00072479 -0.08837891 0.00113678 0.07958984 0.00799561 -0.20019531 0.03125000 -0.00759888 0.02514648 0.00049973 0.18261719 0.06298828 -0.10107422 -0.06787109 0.18066406 -0.17871094 0.00418091 -0.00096893 0.11767578 -0.03588867 -0.00018883 -0.05053711 -0.04443359 0.00186157 -0.09472656 -0.04907227 -0.20605469 0.14062500 0.04711914 0.24804688 -0.32226562 -0.00054169 -0.06738281 0.00046158 0.00049210 -0.15136719 -0.04467773 -0.00115967 0.43359375 -0.03491211 0.13085938 0.17871094 0.21582031 -0.20507812 -0.00564575 -0.03662109 -0.12695312 -0.00325012 0.12011719 -0.13671875 0.00021648 0.22363281 -0.08740234 0.00080109 0.00046921 -0.00018883 0.03125000 -0.08789062 0.16503906 -0.00140381 -0.06494141 -0.00927734 0.13964844
-0.00176239 -0.00216675 -0.00178528 -0.00162506 -0.00136566 -0.00207520 -0.00029373 -0.00270081 -0.00069809 -0.00072098 -0.00305176 -0.00204468 -0.00271606 -0.00231934 -0.00205994 -0.00227356 -0.00274658 -0.00125885 -0.00128937 -0.00138092 -0.00207520 -0.00102234 -0.00013256 -0.00089264 -0.00152588 -0.00161743 -0.00144196 -0.00238037 0.00135040 -0.00230408 -0.00067902 -0.00215149 -0.00173950 -0.00178528 0.00078201 -0.00020885 -0.00120544 -0.00033188 -0.00100708 -0.00015354 -0.00174713 -0.00273132 0.00006628 -0.00030136 -0.00080109 -0.00079727 -0.00028038 -0.00056076 -0.00191498 -0.00311279 -0.00227356 -0.00005269 -0.00247192 -0.00285339 -0.00302124 -0.00035858 -0.00128937 -0.00189972 -0.00140381 -0.00052643 -0.00170135 -0.00245667 -0.00253296 -0.00066757 -0.00265503 -0.00008392 -0.00162506 -0.00271606 -0.00241089 -0.00015450 -0.00041008 -0.00035286 0.00114441 -0.00054932 -0.00305176 -0.00199890 -0.00094986 -0.00037003 -0.00017071 -0.00191498 -0.00062943 0.00082016 -0.00010824 -0.00138092 -0.00291443 -0.00070953 0.00022888 -0.00187683 -0.00170898 -0.00254822 -0.00297546 -0.00115204 -0.00260925 -0.00027466 -0.00254822 -0.00122070 -0.00102997 -0.00024986 -0.00068283 -0.00115204 -0.00302124 -0.00338745 -0.00046349 -0.00098419 -0.00233459 -0.00173950 -0.00068665 -0.00205994 -0.00054550 -0.00219727 -0.00250244 -0.00265503 -0.00106049 -0.00102997 -0.00193024 -0.00054932 -0.00300598 -0.00314331 -0.00271606 -0.00257874 0.00050735 -0.00106812 -0.00104523 -0.00163269 0.00186157 -0.00245667 -0.00064468 -0.00121307 -0.00058746 -0.00149536 -0.00142670 -0.00177002 -0.00008917 -0.00212097 -0.00182343 -0.00219727 -0.00059891 -0.00056839 -0.00303650 -0.00132751 -0.00035667 0.00081253 -0.00106049 0.00079346 -0.00043678 -0.00167847 -0.00082779 -0.00144196 -0.00090027 -0.00022221 -0.00163269 -0.00260925 -0.00286865 0.00102234 -0.00314331 -0.00014782 -0.00194550 -0.00279236 -0.00005221 -0.00028229 -0.00102997 -0.00270081 -0.00317383 -0.00292969 -0.00080872 -0.00160217 -0.00196838 -0.00151062 -0.00002444 0.00089264 -0.00210571 0.00015163 -0.00017357 -0.00267029 -0.00067520 -0.00234985 -0.00170135 -0.00075912 -0.00233459 -0.00247192 -0.00051498 -0.00191498 -0.00085449 -0.00125885 -0.00277710 -0.00041199 -0.00303650 -0.00215149 -0.00022221 -0.00177002 -0.00292969 -0.00006580 -0.00076294 0.00061035 -0.00209045 -0.00173187 -0.00053024 -0.00325012 -0.00129700 -0.00191498 -0.00139618 -0.00299072 -0.00131226 -0.00088882 -0.00056458 -0.00099945 0.00012589 -0.00239563 -0.00182343 -0.00018120 -0.00024986 -0.00164795 -0.00090027 -0.00112915 -0.00128174 -0.00085831 -0.00070190 -0.00075912 -0.00077057 -0.00103760 -0.00205994 -0.00128174 -0.00124359 -0.00289917 -0.00101471 -0.00022602 -0.00033760 -0.00152588 -0.00087357 -0.00154877 0.00008917 -0.00154114 0.00046539 -0.00067139 -0.00129700 -0.00174713 -0.00108337 -0.00124359 -0.00181580 -0.00183105 -0.00181580 -0.00276184 -0.00077820 -0.00123596 -0.00106812 -0.00321960 0.00030136 -0.00049591 -0.00282288 -0.00131989 -0.00306702 -0.00309753 0.00074768 -0.00034714 -0.00125885 -0.00231934
0.00024319 -0.04321289 -0.01696777 -0.00454712 -0.04028320 0.04199219 -0.23632812 -0.01507568 0.01220703 -0.19921875 0.19335938 0.09130859 0.00172424 -0.01635742 -0.11230469 0.08496094 -0.27343750 0.21386719 -0.00091171 0.14843750 -0.02246094 -0.03881836 0.00079727 0.10449219 -0.03173828 -0.13769531 -0.00245667 0.07373047 0.00113678 0.14648438 -0.24707031 -0.02465820 0.18066406 -0.00026512 -0.00017929 0.04760742 0.06933594 -0.00039101 0.00062943 0.12500000 -0.00114441 -0.23339844 0.18554688 -0.01867676 -0.04980469 0.11767578 0.06787109 -0.06738281 -0.00549316 0.17578125 0.30664062 0.06494141 0.10302734 -0.20312500 -0.20996094 0.10693359 0.00097656 -0.06176758 0.24121094 0.60546875 -0.06640625 0.10205078 -0.10009766 0.01599121 -0.46289062 -0.05932617 0.06689453 -0.10107422 0.22167969 0.00084686 0.00049591 0.00958252 -0.00005078 -0.08496094 -0.08935547 0.12988281 -0.00084686 -0.00885010 0.08300781 -0.17578125 -0.28515625 -0.00137329 0.00062943 -0.10400391 0.00102234 0.00055695 -0.00109100 0.09228516 -0.03466797 -0.34960938 -0.17480469 0.25195312 0.00601196 0.20800781 0.12695312 0.10351562 -0.42968750 0.39453125 -0.20019531 0.66406250 -0.19042969 0.16210938 0.00054550 -0.12011719 -0.07666016 -0.14550781 0.00124359 -0.31250000 0.00047302 -0.04760742 -0.27734375 -0.00157166 -0.20117188 0.06494141 0.12451172 -0.01757812 -0.27734375 0.06225586 0.09033203 -0.14257812 -0.00157166 0.03466797 0.02905273 0.03344727 0.30664062 -0.12451172 0.19042969 0.17480469 0.16308594 0.09521484 -0.33593750 -0.07128906 -0.00015068 -0.15429688 -0.09667969 0.14843750 0.10498047 -0.00157166 0.20410156 -0.07128906 -0.04638672 -0.00028801 0.40820312 0.00099182 -0.00024605 -0.14453125 0.25585938 -0.15234375 -0.08398438 -0.00173950 -0.13867188 0.14746094 -0.04785156 -0.00199890 -0.44531250 -0.04663086 -0.04125977 -0.04272461 -0.00046921 -0.17871094 -0.22656250 0.07373047 -0.45703125 0.11962891 0.03540039 0.04638672 0.25195312 -0.00053024 0.13574219 -0.20507812 -0.18750000 0.00094986 -0.00312805 -0.00175476 -0.02050781 0.03173828 0.15527344 0.20117188 -0.32617188 -0.09521484 0.04101562 -0.05908203 0.05883789 0.33398438 0.08935547 0.02404785 0.12060547 0.40234375 0.32812500 -0.00151062 0.58593750 -0.00105286 0.21972656 0.00090790 0.01696777 0.00070953 -0.17382812 0.08105469 0.27734375 -0.29687500 -0.04199219 -0.15429688 -0.00068283 1.26562500 0.11132812 0.02124023 0.15625000 -0.07128906 0.17382812 -0.00126648 -0.00099182 -0.04370117 -0.00099182 -0.00180054 0.18945312 0.08984375 0.00056839 0.02697754 0.14746094 0.15820312 -0.13574219 -0.05126953 -0.09130859 0.23144531 0.00026512 0.16015625 -0.00006342 0.00094223 0.63281250 0.15136719 -0.00219727 0.03027344 0.16503906 -0.16699219 0.07812500 0.01660156 0.03784180 0.10253906 -0.24316406 0.13085938 0.11718750 -0.04833984 -0.08349609 0.00063705 -0.35156250 -0.00107574 -0.00153351 -0.00132751 -0.28515625 0.07177734 -0.14550781 -0.06884766 0.00031090 0.00303650 -0.25585938 -0.00091171
0.00141907 0.01892090 0.07177734 0.12109375 0.04980469 -0.08398438 0.05834961 0.00006056 0.06127930 0.06494141 -0.08300781 0.01171875 0.12890625 0.13867188 0.04541016 0.12500000 -0.14355469 -0.00256348 -0.00069809 -0.00215149 -0.01452637 0.08691406 0.00076675 0.14941406 0.01916504 -0.32617188 -0.06933594 -0.00303650 -0.00072479 0.05224609 -0.05493164 0.03759766 -0.01269531 0.00117493 -0.00006485 0.05053711 0.08837891 0.00154114 0.00016308 -0.05493164 0.00186157 -0.02307129 -0.01623535 -0.00830078 0.02075195 0.04858398 -0.03015137 0.01434326 0.01794434 -0.03271484 0.01171875 0.02001953 -0.07031250 0.04101562 -0.05908203 -0.04467773 0.00085831 0.04760742 -0.03149414 -0.08105469 0.04809570 -0.01434326 0.14843750 0.07812500 0.03063965 0.05688477 -0.04760742 0.05151367 -0.00332642 0.00044823 0.00106812 0.02233887 0.00112915 0.04614258 0.05639648 0.15527344 -0.00054169 0.06835938 0.09130859 0.09716797 0.05664062 -0.00090408 0.00105286 0.05151367 0.07031250 -0.00303650 -0.00020218 0.03881836 0.05029297 -0.00390625 0.07861328 -0.20019531 0.17578125 0.08935547 0.03466797 0.06738281 -0.04785156 -0.02905273 0.09521484 -0.03320312 0.13964844 0.08789062 -0.00042915 0.07031250 0.19238281 0.06127930 -0.00037193 -0.09814453 -0.00004220 0.15234375 0.09863281 -0.03906250 0.05981445 0.12451172 -0.03466797 0.05712891 -0.11279297 0.05541992 0.02612305 0.06591797 0.00018597 0.04736328 0.04443359 0.04272461 0.01184082 -0.08740234 0.08740234 0.04858398 0.04833984 0.11621094 -0.01446533 0.03930664 0.00071335 0.02233887 0.02465820 0.07910156 0.03979492 0.00141907 0.07666016 -0.04760742 0.04931641 0.00130463 -0.07617188 0.00151825 0.00011015 0.12792969 0.01129150 -0.15332031 -0.25781250 0.11279297 0.03466797 0.04101562 0.07861328 0.00020599 0.04028320 0.05249023 0.10058594 0.06591797 0.00019550 0.08251953 0.00057220 -0.00207520 0.10546875 0.06396484 -0.06445312 -0.11035156 0.06591797 0.00152588 0.01300049 0.08740234 -0.04858398 0.00028610 -0.06396484 0.07714844 0.13281250 0.11181641 0.01928711 -0.09033203 -0.18652344 0.14062500 0.04467773 -0.01086426 0.09082031 0.07470703 0.19335938 -0.01770020 -0.19824219 0.02099609 -0.03881836 -0.00077820 -0.03857422 -0.00004172 -0.05908203 0.00157928 0.05322266 -0.00054932 -0.09667969 -0.03564453 0.03125000 -0.06054688 -0.03442383 -0.12255859 -0.00169373 0.16699219 0.05200195 0.03808594 0.03198242 0.10742188 -0.17089844 0.00195312 -0.00029182 0.05200195 -0.04223633 0.00072479 0.11425781 -0.01208496 -0.00078583 0.01684570 0.03198242 0.00994873 -0.02465820 0.07373047 0.10302734 -0.20898438 0.00160217 0.10009766 0.00056458 -0.00053024 -0.15429688 0.02136230 0.00018120 0.01025391 0.01538086 0.03088379 -0.08398438 -0.06396484 0.04443359 -0.00680542 -0.00199890 -0.01354980 0.11035156 0.10058594 -0.05908203 0.00001246 -0.09277344 0.07080078 0.00085449 -0.00016022 -0.07128906 0.00939941 0.04125977 -0.00805664 0.00175476 0.06005859 -0.01965332 -0.02172852
0.00150299 0.01782227 0.63281250 -0.06054688 0.20703125 -0.51171875 0.13574219 0.03173828 -0.04614258 0.29101562 0.01452637 0.06445312 -0.02075195 -0.08886719 0.08447266 0.18652344 0.01055908 0.14746094 -0.00064468 -0.12988281 -0.05395508 -0.11328125 -0.00003791 0.00112152 -0.01599121 -0.01446533 0.09570312 0.02929688 0.00130463 -0.17773438 0.02490234 0.01129150 0.17480469 0.00112915 0.00003767 -0.36132812 -0.12353516 0.00147247 -0.00079346 -0.11523438 0.00008774 0.02124023 -0.30273438 0.02319336 -0.00024796 0.01324463 -0.00842285 -0.09228516 0.50781250 -0.29296875 -0.02624512 -0.04711914 -0.14746094 -0.47265625 -0.10937500 0.04467773 0.00101471 0.24023438 -0.27929688 0.01171875 -0.00573730 0.02990723 -0.00442505 0.02697754 -0.00282288 0.05834961 0.67968750 0.55468750 0.04541016 -0.00121307 0.00138855 0.50390625 0.00187683 0.12500000 0.05834961 -0.04980469 0.00145721 -0.05102539 0.39648438 -0.05786133 0.23242188 0.00157928 0.00077438 0.18847656 -0.03979492 -0.00011396 -0.00011587 0.03491211 -0.03930664 -0.02539062 0.16503906 0.09863281 -0.08544922 0.00134277 -0.51953125 -0.18359375 -0.03808594 -0.05102539 -0.36132812 0.02868652 -0.09326172 -0.20898438 -0.00132751 -0.59375000 0.06982422 0.17382812 0.00500488 0.10742188 0.00102234 -1.01562500 -0.06640625 0.08105469 -0.06030273 -0.39453125 -0.26953125 0.04174805 -0.04687500 -0.67578125 0.33007812 -0.01324463 -0.00051880 0.02954102 0.03710938 0.62890625 -0.18066406 0.00939941 -0.05200195 0.15039062 -0.12890625 0.15429688 0.10253906 0.02685547 -0.00015736 -0.52343750 -0.67187500 -0.08056641 -0.03759766 0.00107574 0.07519531 0.03955078 0.00263977 0.00047302 -0.00354004 0.00113678 -0.00022793 -0.49804688 0.27929688 -0.06298828 -0.03417969 -0.04150391 -0.08105469 0.08544922 -0.10644531 -0.00101471 -0.00433350 -0.11328125 0.60937500 0.03198242 0.00090408 0.04272461 0.09765625 0.05078125 0.03784180 -0.03015137 -0.80468750 -0.74609375 -0.12158203 -0.00024605 -0.06542969 -0.25585938 -0.07226562 -0.00018978 -0.06933594 -0.05444336 0.05590820 -0.07812500 -0.14550781 -0.04101562 0.13476562 -0.13574219 -0.07324219 -0.05932617 0.23925781 -0.11767578 0.25781250 0.13378906 -0.05712891 -0.05883789 -0.16113281 -0.00004935 -0.15625000 0.00040054 -0.01672363 0.00090408 0.01446533 -0.00104523 -0.02490234 0.05346680 -0.21582031 -0.01818848 -0.02270508 0.00988770 -0.00185394 0.13867188 -0.04199219 0.05786133 0.29492188 -0.01049805 0.05200195 -0.00019646 0.00066376 -0.06347656 0.04931641 0.00081635 0.00561523 -0.57812500 0.00076294 -0.58593750 -0.47851562 -0.05566406 -0.02490234 -0.07568359 -0.02478027 0.05664062 -0.00026321 -0.16308594 -0.00087357 -0.00072479 -0.02722168 -0.21875000 0.00012589 0.00265503 -0.49218750 -0.07617188 0.38867188 0.12109375 0.00753784 0.08691406 0.08203125 -0.07763672 0.31640625 -0.02294922 0.05908203 0.00027466 0.07519531 -0.02429199 -0.00087357 0.00078201 -0.00793457 0.04711914 -0.69531250 0.01721191 0.00051117 0.00363159 -0.01477051 0.60937500
-0.00117493 -0.00276184 -0.00173187 -0.00250244 -0.00053406 -0.00107574 -0.00241089 0.00006962 -0.00192261 -0.00010872 0.00020981 -0.00263977 -0.00158691 -0.00300598 -0.00174713 -0.00297546 -0.00129700 -0.00270081 -0.00001121 -0.00146484 -0.00036812 -0.00108337 0.00023270 -0.00196838 -0.00045586 -0.00291443 -0.00025749 -0.00102997 -0.00037193 -0.00273132 -0.00152588 -0.00018787 -0.00144958 -0.00043678 -0.00049973 -0.00049591 -0.00213623 -0.00126648 -0.00046921 -0.00118256 -0.00010014 -0.00031471 -0.00041389 -0.00119019 -0.00276184 -0.00173187 -0.00236511 -0.00022602 -0.00207520 -0.00150299 -0.00192261 -0.00265503 0.00044823 -0.00122070 -0.00160217 0.00026703 -0.00046730 -0.00253296 -0.00302124 -0.00112915 -0.00064468 -0.00118256 -0.00041580 -0.00000918 -0.00046158 -0.00121307 -0.00312805 -0.00027275 -0.00138855 0.00080872 0.00073242 -0.00184631 -0.00092316 -0.00236511 -0.00068665 -0.00234985 -0.00022125 0.00056076 -0.00014782 -0.00057602 -0.00007296 -0.00012684 -0.00065613 -0.00311279 -0.00256348 0.00096130 -0.00131226 0.00013161 -0.00186157 -0.00165558 0.00017643 -0.00283813 -0.00225830 0.00005102 -0.00017166 -0.00100708 -0.00113678 -0.00250244 -0.00077438 0.00115204 -0.00025558 0.00144196 0.00009060 0.00184631 -0.00156403 0.00002611 -0.00081635 -0.00088501 -0.00026321 -0.00227356 0.00086212 -0.00033379 0.00201416 0.00082016 -0.00040817 -0.00274658 -0.00061798 -0.00036049 0.00049210 -0.00187683 -0.00044441 -0.00173950 -0.00000168 -0.00107574 -0.00076675 -0.00276184 -0.00257874 0.00046158 -0.00078964 -0.00122070 -0.00142670 -0.00022888 -0.00069809 -0.00093079 -0.00191498 -0.00188446 -0.00168610 -0.00065231 -0.00120544 -0.00207520 -0.00086594 -0.00127411 0.00157928 -0.00167847 0.00062943 -0.00245667 -0.00177765 -0.00188446 -0.00112152 -0.00045013 -0.00146484 -0.00205994 -0.00245667 0.00076675 -0.00140381 -0.00065231 -0.00040627 -0.00280762 0.00049591 -0.00011158 -0.00042343 -0.00064850 -0.00145721 -0.00033951 -0.00268555 -0.00081635 -0.00109863 0.00072479 -0.00171661 0.00016785 -0.00130463 -0.00052261 -0.00028419 0.00026321 -0.00087357 -0.00091553 -0.00012302 -0.00092316 -0.00299072 -0.00031662 -0.00006580 0.00051117 -0.00114441 0.00065994 -0.00107574 -0.00023079 -0.00164795 0.00046158 -0.00198364 0.00045204 -0.00078583 0.00039482 -0.00245667 -0.00178528 -0.00156403 -0.00131226 -0.00055313 -0.00115967 -0.00213623 -0.00244141 -0.00210571 -0.00297546 0.00157928 0.00036621 -0.00042152 -0.00002491 -0.00001836 -0.00193024 -0.00178528 -0.00049973 -0.00041389 -0.00212097 -0.00239563 -0.00099182 -0.00079346 -0.00183105 0.00095367 -0.00212097 0.00109100 -0.00035477 -0.00144196 0.00133514 -0.00267029 -0.00084305 0.00075150 -0.00059891 -0.00140381 0.00002539 -0.00048065 -0.00152588 -0.00190735 0.00103760 -0.00101471 -0.00030899 -0.00021648 -0.00085449 -0.00124359 -0.00195312 -0.00007439 -0.00036049 -0.00063324 -0.00300598 -0.00068283 -0.00024986 -0.00139618 -0.00138092 -0.00047302 0.00122070 -0.00312805 -0.00268555 -0.00014496 -0.00157166 -0.00006723 -0.00202942 -0.00186920 -0.00069809
-0.00116730 -0.00007582 -0.00104523 -0.00250244 0.00039673 0.00032425 -0.00008965 -0.00135040 -0.00408936 -0.00046539 0.00029373 -0.00176239 -0.00167084 -0.00055695 -0.00144196 0.00022984 -0.00154877 -0.00352478 -0.00136566 0.00084305 -0.00136566 -0.00292969 0.00021935 -0.00222778 -0.00073242 -0.00117493 -0.00143433 -0.00144958 0.00119781 -0.00009918 -0.00314331 0.00119781 0.00057602 -0.00136566 0.00071335 -0.00112915 -0.00160217 0.00081253 0.00052643 -0.00396729 0.00010443 -0.00242615 0.00095749 -0.00271606 -0.00086975 -0.00121307 -0.00173187 -0.00382996 -0.00162506 -0.00109100 -0.00128937 -0.00218201 -0.00216675 -0.00294495 -0.00052643 -0.00247192 0.00097275 -0.00305176 -0.00378418 -0.00205994 -0.00271606 -0.00271606 -0.00154114 -0.00075531 -0.00259399 -0.00030327 -0.00138092 -0.00092316 -0.00120544 -0.00162506 0.00010157 -0.00167084 0.00001436 -0.00126648 -0.00062943 -0.00323486 -0.00142670 0.00109863 -0.00193787 -0.00082779 -0.00048447 -0.00089645 0.00070572 -0.00099945 -0.00128937 -0.00090790 -0.00074005 -0.00262451 -0.00121307 -0.00241089 -0.00157166 0.00038719 -0.00066757 -0.00156403 -0.00135803 -0.00335693 -0.00097275 -0.00014877 -0.00135040 -0.00125885 -0.00091171 0.00054550 0.00053787 -0.00309753 -0.00133514 -0.00044441 -0.00046921 -0.00058746 -0.00034523 -0.00355530 -0.00107574 -0.00047302 -0.00303650 -0.00107574 0.00083160 -0.00174713 -0.00148773 -0.00172424 0.00067139 0.00067139 0.00070572 -0.00350952 -0.00048447 -0.00141144 0.00059128 -0.00165558 -0.00144958 -0.00067902 0.00093079 -0.00045967 -0.00068665 -0.00005794 -0.00110626 0.00008821 -0.00054550 -0.00045013 -0.00146484 0.00129700 0.00095367 0.00070190 -0.00155640 -0.00040245 -0.00389099 -0.00108337 -0.00034332 -0.00340271 0.00112152 -0.00114441 0.00079727 -0.00244141 -0.00299072 -0.00216675 0.00088882 -0.00043869 -0.00165558 -0.00265503 -0.00139618 -0.00137329 -0.00113678 -0.00251770 -0.00099182 -0.00335693 -0.00122070 0.00020695 -0.00151062 -0.00099182 -0.00128174 0.00082779 -0.00144958 -0.00329590 -0.00250244 0.00013065 -0.00085449 -0.00167084 -0.00060272 -0.00135040 -0.00088120 -0.00268555 -0.00090408 -0.00283813 -0.00025558 -0.00131989 -0.00312805 -0.00273132 -0.00138855 0.00078964 -0.00306702 -0.00318909 -0.00097656 -0.00102997 0.00018024 -0.00123596 -0.00227356 0.00016975 -0.00144196 -0.00078964 -0.00069046 -0.00119019 0.00079727 -0.00238037 0.00029182 -0.00122833 0.00076675 0.00004745 -0.00177002 -0.00119019 -0.00323486 -0.00245667 -0.00309753 0.00135040 -0.00000165 -0.00119019 -0.00189209 0.00011539 -0.00320435 -0.00101471 -0.00072861 -0.00131226 -0.00207520 0.00117493 -0.00411987 0.00159454 -0.00378418 -0.00340271 0.00095749 -0.00017452 -0.00080872 0.00093460 -0.00160217 -0.00379944 -0.00067902 -0.00026131 -0.00094604 -0.00297546 -0.00112152 -0.00085068 -0.00326538 -0.00112915 -0.00081253 -0.00174713 -0.00101471 -0.00381470 -0.00251770 -0.00082016 0.00024605 -0.00141144 -0.00128937 0.00007153 -0.00170135 0.00050354 -0.00037384 -0.00367737 -0.00091553 -0.00118256 -0.00109100 -0.00224304
-0.00148010 -0.00062561 -0.00113678 -0.00108337 -0.00156403 0.00058746 0.00064087 0.00140381 -0.00077438 0.00086975 0.00046349 -0.00167084 -0.00107574 -0.00148773 0.00109863 0.00080109 -0.00033569 0.00077438 0.00040817 0.00007915 0.00025558 -0.00008011 -0.00016022 0.00143433 -0.00084686 0.00116730 -0.00026703 0.00006437 -0.00116730 0.00074387 -0.00122833 0.00030899 -0.00027847 0.00052261 0.00120544 -0.00150299 0.00097275 0.00031853 -0.00035858 0.00093460 0.00015640 0.00127411 0.00059891 -0.00121307 -0.00011635 -0.00123596 -0.00089264 -0.00086212 -0.00095367 0.00023651 -0.00135803 0.00081635 0.00145721 -0.00021267 0.00030708 0.00064468 -0.00159454 0.00049973 -0.00017929 -0.00131989 -0.00050735 0.00026703 -0.00087738 -0.00178528 -0.00180054 0.00031471 -0.00100708 0.00109863 0.00006914 0.00004053 -0.00106812 0.00020027 -0.00170898 -0.00055313 0.00024319 0.00008869 0.00122070 -0.00133514 0.00067139 0.00015640 0.00009775 -0.00057983 0.00040627 -0.00173187 -0.00097656 -0.00033951 0.00094604 0.00090408 -0.00091934 0.00035858 -0.00099945 -0.00037956 -0.00045395 -0.00057220 -0.00144958 -0.00094986 -0.00051498 -0.00086212 0.00064087 -0.00118256 0.00079727 -0.00024319 -0.00003314 0.00130463 0.00101471 -0.00083160 -0.00034904 -0.00022316 0.00109863 0.00058365 -0.00131989 0.00081635 0.00048447 0.00117493 -0.00039673 -0.00141144 -0.00154114 -0.00146484 0.00062943 -0.00043488 0.00108337 -0.00016117 0.00006104 -0.00001425 -0.00106812 -0.00128174 -0.00116730 0.00031090 0.00053024 -0.00098419 -0.00075531 0.00093079 0.00077438 0.00112915 -0.00085068 -0.00133514 -0.00140381 0.00025749 -0.00069427 -0.00108337 -0.00085068 -0.00035667 0.00037956 -0.00019360 -0.00137329 0.00050735 -0.00102234 -0.00148010 -0.00093842 -0.00150299 -0.00138092 0.00079346 -0.00090408 -0.00007010 -0.00083160 -0.00108337 -0.00077438 -0.00024605 0.00094223 0.00008726 -0.00128174 0.00061798 0.00003147 0.00122070 -0.00138092 -0.00051498 0.00047112 -0.00072861 0.00035477 0.00031471 -0.00153351 0.00126648 -0.00065231 -0.00071335 0.00151825 0.00138855 0.00078583 0.00056076 -0.00124359 -0.00016689 0.00077057 0.00026131 0.00090408 -0.00081253 -0.00019741 0.00048447 0.00083160 -0.00099945 0.00070572 0.00087357 -0.00074005 -0.00128174 0.00091553 -0.00105286 0.00061035 -0.00020313 0.00011539 0.00093460 0.00008965 0.00106049 -0.00143433 -0.00140381 -0.00037766 -0.00106049 -0.00180054 -0.00001127 0.00020695 0.00026321 -0.00166321 0.00038719 0.00122070 0.00009727 -0.00092316 0.00017929 0.00089264 0.00101471 -0.00007582 0.00061035 0.00078964 -0.00000447 -0.00023174 -0.00021553 -0.00157166 0.00029373 -0.00083923 -0.00129700 0.00099182 0.00014496 0.00122833 -0.00011826 -0.00142670 0.00044823 -0.00090408 -0.00139618 0.00052261 -0.00155640 -0.00003934 0.00139618 -0.00069809 0.00054169 -0.00048065 -0.00048447 -0.00062561 0.00090790 0.00113678 -0.00116730 -0.00053024 0.00072479 -0.00002265 -0.00062180 -0.00090408 -0.00169373 -0.00118256 0.00062180 0.00035286 -0.00101471
0.00008917 0.02209473 -0.16699219 -0.08300781 -0.19433594 0.00683594 -0.03466797 0.04858398 -0.04541016 -0.07861328 -0.01483154 -0.05078125 -0.00793457 0.04223633 -0.02416992 0.01770020 0.08837891 -0.37500000 0.00087357 0.02331543 0.12890625 0.01129150 0.00126648 0.15722656 0.07177734 0.29687500 0.04516602 -0.12597656 -0.00031853 -0.07470703 -0.15332031 0.02746582 -0.00357056 0.00077438 -0.00046349 0.08056641 0.20019531 -0.00113678 -0.00157928 0.00029373 -0.00036621 -0.02856445 0.14648438 -0.03588867 -0.04687500 0.02453613 0.41406250 0.03247070 -0.09179688 0.22363281 -0.17968750 0.13964844 0.21679688 0.02600098 0.01147461 -0.12988281 -0.00125885 -0.04443359 0.02478027 0.00729370 0.08544922 0.05053711 0.13378906 -0.13476562 -0.16503906 0.05761719 -0.09423828 -0.09912109 -0.09765625 0.00040245 -0.00042152 -0.11523438 -0.00001991 0.13867188 0.13867188 -0.25976562 0.00180054 -0.01672363 -0.02355957 -0.02172852 -0.01843262 0.00157166 -0.00062943 0.19824219 -0.01055908 0.00159454 0.00222778 -0.09863281 0.01373291 0.10107422 -0.01464844 -0.10449219 0.31835938 0.02441406 0.15332031 -0.11181641 0.11621094 -0.37890625 0.31054688 -0.02636719 0.23535156 0.13183594 -0.00049210 0.27734375 -0.14746094 0.11669922 -0.00195312 0.05712891 -0.00091553 0.17382812 0.39062500 -0.04418945 -0.06396484 0.13964844 -0.20117188 -0.00567627 0.10205078 0.11523438 0.13281250 0.04443359 0.00112915 -0.09375000 -0.10498047 -0.09326172 -0.22070312 -0.03540039 0.06445312 0.07861328 -0.13867188 0.04272461 -0.14355469 0.36718750 -0.00151825 0.20605469 0.25000000 -0.24414062 0.00037384 -0.00029564 -0.04541016 -0.13281250 0.14941406 -0.00072861 0.00793457 -0.00047493 0.00085831 -0.03808594 -0.19335938 0.00482178 0.23339844 0.07666016 -0.04980469 0.00292969 0.04272461 0.00034904 -0.27343750 0.03466797 -0.12158203 0.07080078 -0.00037003 0.29492188 0.10546875 0.20410156 0.40625000 -0.04199219 0.11474609 0.21972656 0.13281250 -0.00121307 -0.11669922 -0.02429199 0.08593750 -0.00044823 0.27343750 0.04541016 0.04931641 0.00111389 -0.10156250 -0.29882812 -0.08984375 -0.13671875 -0.01062012 0.04736328 -0.01525879 -0.04907227 0.10205078 -0.05810547 0.24218750 -0.12060547 -0.30273438 -0.00053406 -0.08935547 0.00126648 0.04003906 -0.00113678 -0.07324219 0.00138092 -0.06933594 0.13085938 -0.21289062 0.08300781 0.01562500 0.09521484 0.00102234 -0.06738281 -0.00168610 -0.06787109 -0.07568359 0.08789062 -0.06201172 0.00227356 -0.00079727 -0.00830078 -0.02062988 0.00081635 0.00665283 0.10058594 -0.00079346 0.29296875 0.17773438 0.07568359 0.26367188 -0.00524902 -0.01660156 -0.11181641 -0.00122070 0.15625000 -0.00055695 -0.00142670 0.02172852 0.12890625 0.00241089 0.02233887 0.10009766 0.07128906 -0.14746094 0.07128906 -0.12353516 0.05737305 -0.42968750 0.16796875 -0.08935547 -0.02221680 0.01025391 0.00153351 -0.00086212 -0.11816406 -0.00014019 -0.00207520 0.73828125 -0.29687500 0.29296875 0.33593750 0.00012112 -0.07470703 -0.13964844 -0.05712891
-0.00160980 0.07812500 0.00830078 -0.08447266 -0.06787109 -0.02917480 -0.02075195 0.05078125 0.13769531 -0.01470947 0.02514648 0.01434326 0.10546875 0.06542969 0.11035156 0.00872803 -0.03466797 0.01287842 0.00155640 0.02795410 0.07666016 0.13281250 -0.00089264 0.11230469 0.05224609 0.19921875 0.01440430 -0.06079102 0.00036621 0.05078125 0.12304688 0.06689453 0.08154297 -0.00014877 -0.00034904 0.11816406 0.08056641 -0.00025558 -0.00125122 0.14355469 -0.00172424 0.11718750 0.01916504 -0.02648926 -0.41796875 0.07226562 -0.02844238 0.09521484 0.03540039 -0.01684570 0.07275391 0.12890625 -0.25195312 0.01904297 -0.05004883 -0.15722656 -0.00134277 0.01025391 0.09912109 0.08300781 0.04003906 0.11083984 0.10253906 -0.48242188 0.25585938 0.05712891 0.05737305 0.00811768 0.27539062 0.00144196 -0.00164032 0.02514648 -0.00055695 -0.03515625 0.04882812 0.11962891 -0.00034523 0.08837891 0.10253906 0.14062500 0.06787109 -0.00128937 0.00079346 -0.01123047 0.10888672 -0.00085068 0.00184631 -0.06982422 0.13867188 0.10253906 0.00119781 -0.12695312 0.18164062 0.12988281 0.09667969 -0.34179688 0.08154297 0.02551270 -0.22460938 0.04516602 0.00640869 0.21777344 0.00086212 0.09863281 -0.19531250 0.00582886 -0.00292969 0.06884766 0.00031090 0.00393677 -0.05004883 -0.06298828 0.16210938 0.08691406 0.01586914 0.04907227 0.12890625 0.05981445 0.04809570 0.04174805 0.00034904 -0.30468750 -0.41601562 0.04321289 0.09423828 0.24707031 0.18066406 0.07226562 0.03027344 -0.01519775 -0.19628906 -0.02331543 -0.00048828 -0.01165771 -0.04736328 0.07812500 0.10644531 0.00047874 0.07177734 0.02648926 0.08544922 -0.00053787 0.08984375 0.00117493 0.00013447 0.04663086 0.04980469 -0.00079727 0.86718750 0.09375000 0.02722168 0.09863281 0.15234375 -0.00032997 0.03417969 0.11474609 -0.11376953 0.08740234 -0.00068665 -0.03491211 0.01831055 0.05029297 -0.13574219 0.01397705 0.06445312 0.01953125 0.00091934 -0.00022697 0.06250000 0.08935547 0.08886719 0.00138855 0.19628906 0.10546875 0.18945312 0.15039062 -0.40234375 0.07470703 -0.10351562 0.04809570 0.18945312 0.09130859 0.26562500 0.14550781 0.05932617 0.02429199 0.07421875 -0.01397705 0.03564453 0.00032616 0.04565430 -0.00123596 0.08007812 0.00081635 -0.43554688 -0.00001919 -0.17285156 0.09619141 0.10742188 -0.00567627 0.02343750 0.01953125 0.00052643 0.05249023 -0.01287842 -0.32617188 0.12988281 0.19531250 0.01062012 0.00288391 0.00073242 0.14355469 -0.09667969 0.00263977 0.02795410 0.02868652 -0.00142670 0.01464844 0.03759766 0.04907227 0.17382812 0.09570312 -0.01892090 -0.13281250 0.00049210 0.12988281 -0.00164032 0.00100708 -0.14062500 -0.06640625 0.00029945 0.09082031 0.13964844 0.09179688 -0.08789062 0.41015625 -0.40820312 0.06201172 0.02722168 0.02416992 0.07373047 0.03930664 -0.09472656 -0.00119781 -0.09082031 -0.45898438 0.00114441 -0.00035095 0.02563477 0.04394531 -0.05419922 -0.02258301 -0.00018787 -0.19433594 0.05590820 0.02746582
0.00004125 -0.00222778 0.00115967 -0.00230408 -0.00256348 -0.00104523 -0.00196838 -0.00257874 -0.00191498 -0.00043678 -0.00117493 -0.00311279 -0.00375366 -0.00271606 -0.00296021 -0.00027084 -0.00227356 -0.00335693 -0.00053024 0.00225830 -0.00274658 -0.00267029 0.00039482 -0.00062943 -0.00159454 0.00013733 -0.00326538 -0.00109863 -0.00119019 -0.00296021 -0.00037193 -0.00279236 -0.00326538 -0.00077057 -0.00167847 -0.00334167 -0.00060654 -0.00119781 0.00023079 -0.00144958 -0.00131226 -0.00183868 -0.00355530 -0.00294495 -0.00315857 -0.00105286 -0.00294495 -0.00338745 -0.00113678 -0.00228882 -0.00102234 -0.00279236 -0.00192261 -0.00077820 -0.00347900 -0.00168610 -0.00137329 -0.00154877 -0.00073242 -0.00334167 -0.00119019 -0.00349426 -0.00306702 -0.00115204 -0.00068283 0.00002587 -0.00079346 -0.00257874 -0.00248718 0.00067139 -0.00119781 0.00093460 -0.00177002 -0.00150299 -0.00102997 -0.00305176 0.00115204 -0.00338745 -0.00364685 -0.00164032 -0.00399780 0.00050735 0.00030327 -0.00218201 -0.00297546 -0.00097656 -0.00158691 -0.00201416 -0.00083160 -0.00096893 -0.00172424 -0.00204468 -0.00128174 -0.00325012 -0.00224304 -0.00173187 -0.00123596 -0.00129700 -0.00151062 -0.00109863 -0.00296021 -0.00239563 -0.00169373 -0.00321960 -0.00116730 -0.00334167 -0.00173950 -0.00126648 0.00017452 -0.00299072 -0.00051880 -0.00338745 -0.00099182 -0.00273132 -0.00352478 -0.00189972 -0.00244141 -0.00259399 -0.00297546 -0.00119019 0.00003147 -0.00329590 -0.00183868 -0.00104523 -0.00367737 -0.00119781 -0.00291443 -0.00191498 -0.00312805 -0.00183105 -0.00132751 -0.00340271 0.00019169 -0.00320435 -0.00133514 -0.00280762 -0.00218201 -0.00124359 -0.00325012 -0.00338745 -0.00305176 0.00121307 -0.00283813 -0.00049591 0.00018883 -0.00279236 -0.00265503 -0.00242615 -0.00267029 -0.00114441 -0.00069046 -0.00288391 -0.00248718 0.00023365 -0.00329590 -0.00215149 -0.00170135 -0.00305176 -0.00082779 -0.00216675 -0.00323486 -0.00297546 -0.00332642 -0.00202942 -0.00178528 -0.00335693 -0.00190735 -0.00093079 -0.00095749 -0.00367737 -0.00212097 -0.00036240 -0.00162506 -0.00291443 -0.00239563 -0.00341797 -0.00239563 -0.00096893 -0.00108337 -0.00155640 -0.00185394 -0.00274658 -0.00375366 -0.00315857 -0.00218201 -0.00076294 -0.00277710 -0.00212097 -0.00189972 -0.00173187 -0.00199890 -0.00035858 -0.00338745 0.00102997 -0.00338745 0.00011635 -0.00142670 -0.00263977 -0.00117493 -0.00183105 -0.00042534 -0.00189972 0.00047112 -0.00265503 -0.00213623 -0.00302124 -0.00139618 -0.00213623 -0.00102234 0.00139618 0.00117493 -0.00133514 -0.00219727 -0.00135803 -0.00221252 0.00141907 0.00122833 -0.00180054 -0.00071716 0.00137329 -0.00172424 -0.00090790 -0.00372314 -0.00173950 -0.00090790 -0.00265503 -0.00096130 0.00071716 -0.00150299 -0.00171661 -0.00040627 -0.00110626 -0.00143433 -0.00343323 -0.00180817 -0.00153351 -0.00102997 -0.00115967 -0.00286865 -0.00149536 -0.00148010 -0.00350952 -0.00088501 0.00004196 -0.00306702 -0.00360107 -0.00068665 0.00074005 -0.00378418 -0.00227356 -0.00263977 -0.00079727 -0.00086212 -0.00117493 -0.00283813 -0.00418091
0.00043106 0.17285156 0.08740234 0.07470703 -0.06079102 0.04077148 0.06640625 0.20214844 0.26757812 -0.07812500 0.07421875 0.24804688 0.11816406 0.12402344 0.22363281 -0.69140625 0.18652344 -0.12597656 0.00085068 -0.72265625 0.23242188 0.18554688 -0.00093460 0.02246094 0.12988281 -1.06250000 0.05151367 -0.01116943 0.00119019 -0.38476562 -0.12890625 0.13964844 -0.08251953 0.00133514 -0.00090790 -0.03759766 -0.20507812 0.00101471 -0.00083542 0.16992188 0.00109100 -0.07128906 -0.40625000 -0.04663086 -0.01745605 0.00147247 0.13183594 0.17382812 0.16503906 -0.18554688 -0.01733398 0.03173828 -0.29296875 0.26562500 0.02355957 0.02709961 -0.00047493 0.00463867 -0.18652344 0.18652344 -0.20019531 0.14062500 0.16699219 0.01940918 -0.21093750 0.05615234 0.06079102 -0.08251953 0.13964844 0.00090790 -0.00046921 0.16796875 0.00157928 0.16503906 -0.04663086 -0.01892090 -0.00045395 0.19726562 -0.22070312 0.12109375 0.11523438 0.00173187 -0.00020885 -0.04345703 0.13476562 -0.00209045 0.00151825 0.03393555 0.25781250 0.09130859 0.20703125 -0.11328125 0.18164062 -0.22558594 -0.00083542 0.04736328 -0.07519531 -0.05688477 -0.02209473 0.26953125 -0.18359375 -0.23144531 0.00066757 -0.22265625 0.10253906 0.02441406 -0.00006819 0.06445312 0.00027847 -0.19433594 -0.04370117 0.16894531 0.13281250 0.01672363 -0.09716797 0.07958984 0.23242188 0.09033203 -0.07226562 0.22753906 0.00112915 -0.06347656 0.03588867 0.05908203 -0.03198242 -0.44531250 0.17089844 0.25195312 -0.41992188 -0.64843750 0.08496094 0.05859375 0.00109863 -0.00390625 -0.00488281 -0.12597656 0.21679688 0.00160217 -0.25585938 0.10644531 -0.05004883 0.00118256 -0.06738281 -0.00022984 0.00111389 0.31250000 -0.30078125 -0.37890625 0.34570312 0.16503906 0.01562500 -0.36328125 0.20312500 -0.00162506 0.16308594 0.08691406 0.06445312 0.18164062 -0.00041389 -0.15625000 -0.01385498 -0.06787109 -0.00294495 -0.46679688 0.22070312 0.16796875 -0.06030273 -0.00105286 -0.13769531 0.18945312 -0.11376953 0.00142670 -0.59375000 0.10009766 0.36132812 0.20703125 0.16699219 0.22558594 0.01019287 0.03417969 0.25390625 0.12402344 0.33593750 -0.18261719 -0.15722656 -0.16210938 0.73828125 0.03369141 -0.01928711 -0.00102997 0.00793457 0.00179291 -0.36132812 0.00014400 0.01147461 -0.00080490 -0.04589844 0.18554688 -0.20605469 -0.09960938 0.00171661 -0.36328125 0.00000076 0.11865234 -0.26171875 0.03247070 0.06982422 0.30468750 -0.05859375 0.00294495 -0.00103760 0.20312500 -0.01440430 0.00234985 -0.34960938 0.13476562 0.00174713 -0.02331543 -0.16210938 -0.13281250 -0.16601562 0.10253906 0.07226562 -0.15820312 -0.00089264 -0.46093750 -0.00096512 0.00003791 -0.20703125 -0.01239014 0.00231934 0.47656250 0.00479126 0.17480469 0.12011719 -0.11816406 -0.00191498 0.08349609 -0.06079102 -0.21289062 -0.03710938 0.15917969 -0.21875000 -0.00102997 0.08349609 -0.01843262 -0.00086975 -0.00236511 0.13769531 -0.03039551 0.04321289 0.04248047 0.00081253 -0.02587891 -0.56640625 0.13867188
-0.00083923 -0.07666016 -0.08251953 -0.08642578 -0.50390625 0.02502441 -0.09130859 -0.05078125 -0.07470703 0.18847656 -0.01806641 -0.06982422 -0.06103516 -0.02099609 -0.04785156 -0.04687500 -0.14746094 -0.00765991 0.00164032 0.01635742 -0.03369141 -0.12353516 -0.00105286 -0.02722168 0.01696777 0.03198242 0.17871094 0.65625000 0.00004840 0.00059891 0.03662109 -0.09326172 0.01635742 0.00101471 0.00148010 0.07568359 -0.02978516 -0.00092697 0.00044060 -0.12304688 0.00034332 0.00805664 -0.00168610 0.17480469 -0.00665283 -0.08251953 -0.05834961 -0.14746094 -0.00549316 -0.09228516 -0.03125000 -0.09082031 -0.02941895 -0.06201172 -0.10839844 0.09863281 -0.00054550 0.03417969 0.01489258 -0.06298828 0.09375000 -0.08349609 -0.01794434 -0.01220703 -0.01531982 0.05566406 -0.00897217 0.00500488 0.01422119 0.00125122 0.00084305 0.10400391 0.00091553 0.09277344 -0.10498047 0.07812500 -0.00043488 -0.12500000 0.17578125 -0.12109375 -0.01257324 -0.00034332 -0.00102234 -0.03710938 -0.03222656 -0.00069809 0.00083542 0.23925781 -0.04443359 0.01116943 -0.06347656 -0.21289062 -0.19531250 -0.00787354 -0.00244141 -0.08398438 0.04638672 0.07226562 -0.15234375 0.01025391 -0.00729370 0.02563477 -0.00051498 -0.03100586 -0.45703125 0.08203125 -0.00154114 -0.10986328 -0.00083542 -0.11328125 0.06494141 -0.21679688 -0.05468750 -0.02795410 -0.03247070 -0.00424194 -0.09521484 0.04516602 0.02917480 -0.13476562 0.00160217 0.16113281 0.11181641 -0.06396484 0.04345703 0.02795410 0.03173828 -0.07226562 -0.06005859 -0.01025391 -0.13378906 -0.00695801 0.00122070 0.00370789 0.01507568 -0.16210938 -0.09130859 0.00157928 0.00952148 0.13378906 -0.05541992 0.00186157 -0.03637695 0.00173187 0.00135803 -0.03833008 -0.07373047 -0.02514648 0.03027344 -0.01867676 0.01867676 -0.11230469 -0.07470703 0.00008440 -0.06347656 0.01562500 -0.03588867 -0.02844238 -0.00080109 0.09082031 0.00309753 -0.02380371 0.00399780 0.06835938 0.00030518 0.06689453 0.03393555 0.00084686 0.03295898 -0.07568359 -0.03784180 0.00169373 0.02575684 -0.05224609 -0.03369141 -0.05468750 -0.06884766 -0.00811768 -0.12500000 0.04467773 -0.05468750 -0.00787354 -0.14257812 -0.04223633 0.08789062 0.24218750 0.00994873 -0.12109375 0.03710938 -0.00024796 -0.02514648 -0.00002110 -0.01116943 0.00029945 -0.00891113 0.00008249 -0.03930664 -0.02209473 -0.01586914 -0.03564453 0.15722656 -0.06640625 -0.00094986 -0.17675781 -0.04907227 -0.07421875 0.02062988 0.07324219 -0.01989746 0.00052261 0.00095749 -0.06591797 0.16894531 0.00086594 -0.00343323 -0.10693359 0.00051880 0.04296875 -0.06225586 -0.12597656 -0.08691406 -0.08105469 -0.07763672 -0.27929688 -0.00070953 -0.05371094 -0.00043678 -0.00011015 -0.10253906 -0.26953125 -0.00148010 0.00823975 0.01672363 -0.06127930 0.10351562 0.00141144 0.10009766 -0.03393555 0.02648926 -0.28320312 0.03222656 -0.01696777 -0.18457031 -0.00072479 -0.07666016 -0.04711914 -0.00141907 -0.00057983 0.08496094 0.00552368 -0.04492188 -0.09960938 0.00099945 0.16601562 -0.01806641 -0.03051758
-0.00013447 -0.06542969 -0.02307129 0.01171875 -0.18847656 0.01892090 -0.30078125 -0.04785156 -0.05053711 0.02905273 -0.27539062 -0.26953125 -0.00872803 -0.01660156 -0.09765625 0.22558594 -0.17285156 -0.02929688 0.00126648 0.10205078 -0.04101562 -0.00008202 0.00078201 -0.06396484 -0.06396484 -0.14160156 -0.10986328 0.11279297 -0.00075912 0.21972656 0.10937500 -0.01770020 0.04516602 -0.00040436 0.00077820 -0.00872803 0.16796875 0.00196838 0.00128937 0.04028320 -0.00090027 0.02172852 -0.04418945 0.05810547 0.05053711 0.20019531 0.07519531 -0.02490234 0.01263428 0.15039062 -0.03808594 0.02282715 0.09130859 -0.08251953 -0.32421875 -0.00028610 0.00048447 0.02172852 0.15429688 -0.02587891 0.04467773 0.10253906 -0.00343323 0.05957031 0.20605469 0.05810547 0.05957031 0.00799561 0.02978516 0.00072479 0.00083160 0.00124359 0.00114441 -0.05078125 0.00836182 -0.05859375 0.00037575 -0.05737305 0.10693359 -0.15136719 -0.27929688 -0.00019073 0.00023937 0.10888672 0.00144196 0.00007963 -0.00178528 0.06933594 -0.04003906 0.05932617 -0.27539062 0.07226562 0.16015625 0.14453125 0.13964844 0.03710938 -0.01092529 -0.29296875 -0.23828125 -0.06591797 0.04760742 0.09912109 -0.00130463 0.14648438 -0.04125977 -0.03063965 -0.00057602 -0.32226562 -0.00021362 -0.06494141 0.03271484 -0.09033203 -0.18359375 0.19628906 0.00096512 -0.06201172 -0.11669922 0.09960938 0.03491211 -0.12500000 0.00011826 0.04589844 0.09228516 0.04589844 0.16308594 0.07324219 0.07568359 0.06884766 -0.01190186 0.21484375 -0.29687500 0.02136230 0.00105286 -0.00439453 0.11474609 0.16796875 0.10107422 0.00104523 0.25195312 -0.01177979 0.02575684 0.00150299 0.01867676 0.00160980 0.00074005 -0.10449219 -0.36523438 0.03442383 -0.19628906 0.00958252 -0.09960938 0.08544922 -0.01086426 -0.00036812 0.12304688 -0.08447266 -0.08984375 -0.06640625 -0.00059128 -0.02124023 -0.12988281 -0.03955078 0.05908203 0.19824219 0.08203125 0.13964844 -0.13769531 0.00135040 -0.12695312 -0.15625000 0.22167969 -0.00138092 -0.05957031 -0.01361084 0.01818848 -0.04101562 0.06201172 0.01855469 -0.42773438 0.04589844 -0.02087402 -0.08398438 0.02990723 0.22753906 0.08496094 0.02587891 0.02856445 0.19628906 -0.03247070 -0.00002754 0.03320312 -0.00026131 0.00294495 0.00087738 0.05200195 0.00026703 -0.31835938 0.09326172 0.22656250 0.14843750 0.03491211 0.07812500 -0.00054932 -0.17089844 0.06079102 0.06396484 0.08935547 0.00352478 0.02026367 0.00126648 0.00129700 -0.04028320 -0.01611328 0.00142670 0.22265625 0.01855469 0.00026894 0.12597656 0.15625000 0.29882812 0.00723267 -0.11376953 -0.05786133 0.10888672 -0.00119019 0.28125000 -0.00035477 -0.00112152 0.11376953 0.12792969 0.00102997 -0.22949219 0.16796875 -0.08447266 0.00506592 -0.06982422 0.08056641 -0.06225586 0.05786133 0.28906250 0.19531250 -0.03662109 0.00268555 0.00037193 -0.31054688 0.05200195 -0.00144958 0.00027847 -0.08789062 -0.10791016 -0.04492188 0.11474609 0.00106049 0.05908203 0.00390625 0.00098419
-0.00106812 -0.00145721 -0.00036812 -0.00073242 0.00062943 -0.00167084 -0.00040245 0.00027084 -0.00021172 0.00081635 -0.00122833 0.00090027 -0.00035858 0.00033188 -0.00051880 0.00098419 0.00074005 0.00029182 -0.00095749 -0.00022697 -0.00078583 -0.00004363 0.00095749 -0.00111389 -0.00093460 -0.00005126 0.00065994 0.00103760 0.00014305 0.00106812 -0.00071335 0.00031662 -0.00014400 0.00088501 -0.00049973 -0.00075531 -0.00056076 -0.00063324 -0.00072861 0.00025177 -0.00089264 -0.00022221 -0.00039673 -0.00083923 -0.00180817 -0.00151825 -0.00063705 -0.00147247 -0.00046158 -0.00067902 -0.00028992 0.00119019 -0.00115967 -0.00101471 -0.00164032 -0.00072479 -0.00183105 -0.00142670 0.00024033 0.00050354 0.00092316 -0.00121307 0.00041580 -0.00140381 -0.00089645 -0.00114441 -0.00012064 0.00083923 -0.00060272 -0.00121307 -0.00014305 -0.00156403 -0.00091171 -0.00101471 -0.00037766 0.00102234 -0.00114441 -0.00065994 -0.00102997 -0.00096130 0.00017738 -0.00173187 -0.00134277 -0.00081253 0.00083542 0.00051117 0.00013638 -0.00164795 -0.00119019 -0.00173950 0.00088501 0.00009966 0.00006676 -0.00112915 0.00069427 -0.00145721 -0.00004172 0.00038910 0.00013733 -0.00025749 0.00112915 -0.00005531 -0.00115967 0.00082779 -0.00149536 -0.00147247 0.00144196 -0.00110626 -0.00001836 -0.00019169 -0.00167084 -0.00037575 0.00135040 -0.00053406 0.00005293 -0.00114441 -0.00063324 -0.00099945 0.00082016 0.00017548 -0.00027847 -0.00054169 -0.00076675 -0.00084686 -0.00106812 -0.00133514 -0.00024414 -0.00048065 0.00114441 0.00141907 0.00097275 -0.00185394 -0.00002396 -0.00154114 -0.00177002 -0.00047684 0.00026894 -0.00041580 0.00031281 0.00021458 -0.00002110 0.00048065 0.00102234 0.00116730 -0.00063705 -0.00044250 0.00064087 -0.00003552 -0.00082779 -0.00088120 -0.00170898 -0.00027466 -0.00045395 0.00124359 -0.00139618 0.00018501 -0.00083542 -0.00138092 -0.00086212 -0.00111389 0.00085831 -0.00068665 -0.00174713 0.00103760 0.00000087 -0.00148010 -0.00029945 -0.00049973 -0.00043869 -0.00106049 -0.00002074 0.00072861 0.00040245 -0.00061798 -0.00100708 -0.00161743 0.00029182 -0.00070953 -0.00027466 -0.00039482 0.00086212 -0.00169373 0.00022125 0.00095367 0.00040627 -0.00062180 -0.00007725 0.00106049 -0.00101471 0.00077820 -0.00138855 -0.00172424 0.00079727 -0.00141907 -0.00047874 0.00100708 -0.00047302 -0.00012207 0.00094604 -0.00083923 -0.00109863 0.00020123 0.00102997 0.00075150 -0.00029755 0.00021935 0.00098419 -0.00071716 -0.00125885 -0.00044250 -0.00082397 0.00091171 -0.00049591 -0.00049973 0.00016785 -0.00149536 0.00113678 -0.00075150 -0.00175476 -0.00049210 -0.00042915 0.00083160 -0.00044441 -0.00106049 0.00036049 0.00118256 -0.00072479 -0.00010824 -0.00003529 0.00102234 -0.00075150 -0.00164032 0.00006819 -0.00160217 0.00001127 -0.00030136 -0.00097275 -0.00023270 0.00042534 -0.00141907 -0.00081253 0.00017643 -0.00177765 0.00065994 -0.00151062 0.00020981 0.00064468 0.00090408 -0.00026703 -0.00032043 0.00087738 -0.00124359 0.00047874 -0.00094223 -0.00084305 -0.00038147
0.00132751 -0.04467773 0.06738281 -0.05029297 0.02160645 0.00793457 -0.09472656 -0.00750732 -0.02600098 0.08789062 0.04711914 -0.22753906 -0.03466797 -0.02563477 -0.32226562 0.18359375 -0.16894531 0.18261719 0.00010252 0.18164062 0.06884766 -0.06591797 0.00122070 0.03564453 0.02185059 0.30078125 -0.27539062 -0.02465820 -0.00020790 0.16406250 0.02673340 -0.03637695 0.10058594 -0.00028419 -0.00166321 0.08740234 0.17285156 0.00212097 -0.00172424 0.01104736 -0.00011873 0.01281738 0.18164062 0.02478027 -0.05908203 0.14160156 -0.02148438 -0.03881836 0.07812500 0.12158203 -0.11181641 -0.03637695 0.16308594 -0.01367188 -0.20410156 -0.15039062 -0.00017452 0.00454712 0.11718750 0.06396484 0.14648438 0.09472656 -0.05590820 -0.04956055 -0.11132812 0.05664062 0.10400391 0.12695312 -0.10009766 -0.00057602 -0.00071716 0.01220703 -0.00185394 0.06445312 0.13378906 -0.05322266 -0.00092316 -0.02124023 0.15625000 0.01141357 -0.08447266 0.00063705 0.00038147 0.07910156 -0.03271484 -0.00082016 0.00116730 -0.08691406 -0.02661133 -0.10498047 -0.04443359 -0.12060547 0.24511719 0.18066406 0.14550781 -0.08154297 0.08105469 0.14160156 0.04931641 -0.26953125 0.10693359 0.12597656 0.00052643 0.12792969 -0.06542969 0.11474609 -0.00085068 -0.16406250 0.00017643 -0.00106049 0.12597656 -0.16503906 -0.02624512 0.14257812 0.16503906 -0.00219727 0.00787354 0.02990723 0.06787109 0.01599121 0.00013256 -0.05004883 -0.05590820 0.04663086 0.11474609 0.13378906 -0.18652344 0.12597656 0.10937500 0.18554688 -0.24707031 -0.05004883 -0.00116730 0.05786133 0.05981445 0.15820312 0.09375000 0.00042343 0.15234375 -0.21777344 -0.00854492 0.00042343 0.12109375 -0.00010300 -0.00115204 -0.01043701 0.04101562 0.19531250 0.13769531 0.00958252 0.02941895 0.12500000 -0.02148438 -0.00091553 0.27734375 0.03906250 0.03564453 -0.04321289 -0.00049591 0.12988281 -0.04443359 0.13085938 0.07617188 0.15332031 0.03417969 0.05175781 0.13964844 -0.00091934 0.03088379 -0.00058365 -0.08007812 0.00109863 0.24316406 -0.02282715 0.07666016 -0.04418945 -0.12890625 -0.04711914 -0.33203125 -0.05566406 -0.04809570 0.01843262 -0.02734375 0.18554688 0.21386719 -0.12353516 -0.17285156 0.05737305 0.09863281 -0.00029182 -0.20214844 0.00117493 0.07031250 0.00123596 -0.07714844 0.00112915 -0.23632812 0.09716797 0.16699219 0.09521484 0.00299072 0.13574219 0.00081635 -0.57031250 0.11474609 -0.01794434 0.04174805 0.03833008 -0.03039551 0.00106812 0.00095749 0.01293945 -0.06298828 0.00175476 0.12451172 0.05688477 0.00111389 0.07373047 0.12207031 0.10058594 0.12890625 -0.01214600 -0.01867676 -0.11132812 0.00080490 0.21777344 -0.00097656 0.00062943 0.09375000 0.19726562 0.00061798 -0.33007812 0.12988281 -0.01916504 0.03540039 0.15136719 -0.04101562 -0.03369141 0.17285156 0.11132812 0.14648438 -0.03686523 -0.00646973 0.00130463 -0.25585938 -0.06933594 -0.00116730 -0.00062561 -0.37695312 0.03125000 -0.04785156 -0.26562500 -0.00034523 -0.00567627 0.07128906 0.03198242
-0.00013542 0.04858398 0.46484375 0.00451660 0.19531250 -0.39453125 0.10400391 0.00518799 0.06738281 0.24023438 0.00921631 -0.00909424 0.02734375 0.00102997 -0.06494141 0.19824219 -0.04394531 -0.01660156 0.00096130 -0.13964844 -0.02929688 -0.01855469 0.00035667 -0.00317383 -0.00607300 -0.08251953 0.04150391 0.05224609 0.00026321 -0.09960938 0.01818848 0.00367737 0.19238281 0.00033379 0.00030708 -0.21386719 -0.06835938 -0.00138855 0.00093460 -0.05688477 -0.00141907 -0.15722656 -0.27929688 -0.01263428 0.02416992 -0.01843262 -0.13867188 -0.00488281 0.49023438 -0.08105469 -0.44335938 -0.40234375 -0.07617188 -0.27539062 -0.13476562 -0.03002930 -0.00116730 0.11865234 -0.09863281 -0.03491211 0.00494385 0.05786133 -0.49804688 -0.00210571 0.03588867 0.05737305 0.42382812 0.53906250 0.03198242 0.00070572 0.00079346 0.30664062 0.00077057 0.01782227 0.04003906 0.04931641 -0.00107574 0.03735352 0.27343750 -0.01196289 0.12353516 0.00132751 -0.00158691 -0.05053711 -0.01757812 -0.00341797 -0.00038338 0.04101562 0.02380371 0.16503906 0.06689453 -0.00836182 -0.03369141 0.16015625 -0.22949219 -0.00735474 -0.02453613 -0.03540039 -0.27929688 0.11621094 -0.14062500 -0.07714844 0.00001109 -0.40429688 -0.03015137 0.08544922 0.00060272 -0.01043701 0.00103760 -0.04785156 -0.16992188 0.00970459 -0.00769043 -0.30664062 -0.25781250 0.01867676 -0.10937500 -0.54296875 0.26953125 -0.03735352 0.00101471 -0.02111816 0.02087402 0.42578125 0.09472656 0.05566406 -0.10498047 0.18359375 0.07519531 0.22949219 -0.00100708 0.04809570 -0.00085831 -0.42187500 -0.57421875 0.03051758 0.09130859 -0.00109100 0.23535156 0.00540161 0.19726562 -0.00144196 -0.01538086 0.00076294 0.00022221 -0.29687500 -0.03881836 -0.12500000 0.00747681 0.02160645 -0.10253906 -0.06640625 0.00671387 -0.00045204 -0.05004883 -0.03930664 0.49218750 -0.00170135 0.00088882 -0.08398438 0.00282288 -0.00192261 -0.00698853 0.25781250 -0.59765625 -0.58984375 -0.17675781 0.00117493 -0.04174805 -0.20410156 0.07177734 -0.00106049 -0.03613281 -0.03442383 -0.00738525 -0.00021935 -0.01556396 0.05102539 0.07080078 -0.04296875 0.02319336 -0.02661133 -0.01000977 0.00769043 0.14355469 0.04565430 -0.09375000 0.10937500 0.13476562 -0.00010014 -0.21875000 0.00071716 0.03686523 0.00007915 0.02661133 -0.00009584 0.01373291 -0.00921631 -0.05664062 0.04882812 -0.01647949 -0.16308594 -0.00209045 -0.05737305 0.09960938 0.01770020 0.19238281 -0.04199219 0.03344727 0.00218201 -0.00072479 0.00662231 -0.02148438 -0.00005579 -0.00418091 -0.51562500 0.00005698 -0.51562500 -0.25390625 0.01184082 0.11083984 -0.07666016 0.00735474 -0.02258301 -0.00108337 -0.07031250 0.00000852 -0.00059509 -0.07421875 -0.17773438 0.00228882 -0.07617188 -0.27929688 -0.02050781 0.30664062 -0.08300781 0.00878906 0.40234375 -0.03637695 -0.04711914 0.42968750 0.01391602 -0.02514648 -0.00061798 0.01525879 -0.01336670 -0.00061035 0.00176239 0.02905273 0.32812500 -0.67968750 0.04443359 -0.00119019 -0.01806641 0.09960938 0.45312500
