0.99999994039535522
0.99999994039535522
0.99999994039535522
0.99999994039535522
0.99999994039535522
0.99999994039535522
0.99999994039535522
0.99999994039535522
0.99999994039535522
0.99999994039535522
0.99999994039535522
0.99999994039535522,0.99999994039535522
0.99999994039535522
0.99999994039535522
0.99999994039535522
0.99999994039535522
0.99999994039535522
-0.5,-0.5
0.99999994039535522,0.99999994039535522
1.9999997615814209,-0.99999976158143511
-0.33333337306976318,-0.33333337306976318,-0.33333329359689873
2.9999990463256836,-1.9999990661939933,0.99999956289929526
0.99999994039535522
0.99999994039535522
0.99999994039535522,0.99999994039535522
16777215,-16777214.00000006,16777215
-1.1920921968075784e-07,5.9604611616734134e-08,-0.99999982118607633,0.99999982118607278
-1.0000005231959133,-2.0000008543321393,2.0000008543321321,-1.000001072883606,-1.000001072883606
1.0000000132440128,-1.0000000132440092,0.99999964237213135,1.9999998079399888,1.0000001655678574
-0.49999975826984155,-0.5000002450405886,1.5232416930322108e-07,1.0000006357833371,0.5000002384185791
0.99999994039535522
0.99999994039535522
0.99999994039535522
0.99999994039535522
0.99999994039535522
0.99999994039535522
0.99999994039535522,0.99999994039535522
16777215,-16777214.00000006,16777215
0.99999994039535522
0.99999994039535522
0.99999994039535522,0.99999994039535522
16777215,-16777214.00000006,16777215
-0.499999940395357,-0.49999997019767939,0.49999997019767761,0.49999997019767761
-0.99999982118607988,-1.0000000596046412,0.99999982118607633,-1.1920928955078125e-07,-1.1920928955078125e-07
5.9604673197100055e-08,-2.0000004768369308,-1.0000002980231528,-2.000000774860311,-1.0000004768371582
1.1920932507788077e-07,-1.0000003178903059,3.0464828614880711e-07,1.2848127569258062e-06,-2.9999989800979239,-1.9999995231627636,1.1920932507790787e-07
0.99999994039535522
0.99999994039535522
0.99999994039535522
0.99999994039535522
0.99999994039535522
0.99999994039535522
0.99999994039535522,0.99999994039535522
16777215,-16777214.00000006,16777215
0.99999994039535522
0.99999994039535522
0.99999994039535522,0.99999994039535522
16777215,-16777214.00000006,16777215
-0.499999940395357,-0.49999997019767939,0.49999997019767761,0.49999997019767761
-0.99999982118607988,0.99999982118607633,-1.0000000596046412,-1.1920928955078125e-07,-1.1920928955078125e-07
-2.0000004768369308,5.9604673197100055e-08,-1.0000004768371582,-1.0000002980231528,-2.000000774860311
0.99999994039535522
0.99999994039535522
0.99999994039535522
0.99999994039535522
0.99999994039535522
0.99999994039535522,0.99999994039535522
16777215,-16777214.00000006,16777215
0.99999994039535522
16777215
0.99999994039535522
-5.9604644775390625e-08,-5.9604644775390625e-08
5.9604641222676946e-08,0.99999994039535522
8388607.5,8388607.0000000596
0.99999994039535522,0.99999994039535522
-1.1920928955078125e-07,1.1920928244535389e-07,0.99999988079071755
-0.999999880790714,-5.9604637669963691e-08,5.9604637669963691e-08,0.99999994039535522
-0.9999998807907069,0.9999998807907069,-2.0000001192092753,-1.0000001192092896,-1.0000001192092896
1.1920926823449918e-07,0.99999982118605857,0.9999998807907069,1.9999998807907069,1
-2.0000003576277408,-2.00000047683708,-2.0000007152556734,2.0000002384185649,2.0000004768371582
-0.076923183523707472,1290556.942308262,1290556.6346153538,-2581112.4999997569,1290556.6346155782,2581112.9615387162,3871669.7500002352
0.076923119334062623,-5.9604656617669282e-08,1.8158450712665648e-14,7.6580798850270087e-14,0.99999952316245144,2.9999988675108078,3.076921849296065,-0.15384627534781989,0.07692316059878937,0.1538463028576823,1.2307688169752966
-3.5527062115880452e-15,1.0823255144897304e-21,4.5645608112282399e-21,5.9604479232435614e-08,1.7881345546084806e-07,0.99999770407144484,-7.7485771043939167e-07,-7.7485771043939167e-07,-7.7485771043939167e-07,-7.7485771043939167e-07,-7.7485771043939167e-07,-7.7485771043939167e-07,-7.7485771043939167e-07,-1.999993679613711,0.9999975252581278,1.999994812098451,2.9999932910275824
0.99999994039535522,0.99999994039535522
0.99999994039535522,0.99999994039535522
0.99999994039535522,0.99999994039535522
0.99999994039535522,0.99999994039535522
0.99999994039535522,0.99999994039535522
0.99999994039535522,0.99999994039535522
0.99999994039535522
0.99999994039535522
0.99999994039535522,0.99999994039535522,0.99999994039535522
0.99999994039535522,0.99999994039535522,0.99999994039535522,0.99999994039535522,0.99999994039535522,0.99999994039535522,0.99999994039535522,0.99999994039535522,0.99999994039535522,0.99999994039535522,0.99999994039535522,0.99999994039535522,0.99999994039535522,0.99999994039535522
0.99999994039535522,0.99999994039535522,0.99999994039535522,0.99999994039535522,0.99999994039535522,0.99999994039535522,0.99999994039535522,0.99999994039535522,0.99999994039535522,0.99999994039535522,0.99999994039535522,0.99999994039535522,0.99999994039535522,0.99999994039535522
0.99999994039535522,0.99999994039535522,0.99999994039535522,0.99999994039535522,0.99999994039535522,0.99999994039535522,0.99999994039535522,0.99999994039535522,0.99999994039535522,0.99999994039535522,0.99999994039535522,0.99999994039535522,0.99999994039535522,0.99999994039535522
0.99999994039535522,0.99999994039535522,0.99999994039535522,0.99999994039535522,0.99999994039535522,0.99999994039535522,0.99999994039535522,0.99999994039535522,0.99999994039535522,0.99999994039535522,0.99999994039535522,0.99999994039535522,0.99999994039535522,0.99999994039535522
0.99999994039535522,0.99999994039535522,0.99999994039535522,0.99999994039535522,0.99999994039535522,0.99999994039535522,0.99999994039535522,0.99999994039535522,0.99999994039535522,0.99999994039535522,0.99999994039535522,0.99999994039535522,0.99999994039535522,0.99999994039535522
0.99999994039535522,0.99999994039535522,0.99999994039535522,0.99999994039535522,0.99999994039535522,0.99999994039535522,0.99999994039535522,0.99999994039535522,0.99999994039535522,0.99999994039535522,0.99999994039535522,0.99999994039535522,0.99999994039535522,0.99999994039535522
0.99999994039535522,0.99999994039535522,0.99999994039535522,0.99999994039535522,0.99999994039535522,0.99999994039535522,0.99999994039535522,0.99999994039535522,0.99999994039535522,0.99999994039535522,0.99999994039535522,0.99999994039535522,0.99999994039535522,0.99999994039535522
0.99999994039535522,0.99999994039535522,0.99999994039535522,0.99999994039535522,0.99999994039535522,0.99999994039535522,0.99999994039535522,0.99999994039535522,0.99999994039535522,0.99999994039535522,0.99999994039535522,0.99999994039535522,0.99999994039535522,0.99999994039535522
0.99999994039535522,0.99999994039535522,0.99999994039535522,0.99999994039535522,0.99999994039535522,0.99999994039535522,0.99999994039535522,0.99999994039535522,0.99999994039535522,0.99999994039535522,0.99999994039535522,0.99999994039535522,0.99999994039535522,0.99999994039535522
0.99999994039535522,0.99999994039535522,0.99999994039535522,0.99999994039535522,0.99999994039535522,0.99999994039535522,0.99999994039535522,0.99999994039535522,0.99999994039535522,0.99999994039535522,0.99999994039535522,0.99999994039535522,0.99999994039535522,0.99999994039535522
0.99999994039535522,0.99999994039535522,0.99999994039535522,0.99999994039535522,0.99999994039535522,0.99999994039535522,0.99999994039535522,0.99999994039535522,0.99999994039535522,0.99999994039535522,0.99999994039535522,0.99999994039535522,0.99999994039535522,0.99999994039535522
0.99999994039535522
0.99999994039535522
0.99999994039535522,0.99999994039535522,0.99999994039535522
0.99999994039535522
0.99999994039535522
0.99999994039535522,0.99999994039535522,0.99999994039535522
0.99999994039535522
0.99999994039535522
0.99999994039535522,0.99999994039535522,0.99999994039535522
0.99999994039535522
0.99999994039535522
0.99999994039535522,0.99999994039535522,0.99999994039535522
0.99999994039535522
0.99999994039535522
0.99999994039535522,0.99999994039535522,0.99999994039535522
0.99999994039535522
0.99999994039535522
0.99999994039535522,0.99999994039535522,0.99999994039535522
0.99999994039535522,0.99999994039535522
0.99999994039535522,0.99999994039535522
0.99999994039535522,0.99999994039535522
0.99999994039535522,0.99999994039535522
0.99999994039535522,0.99999994039535522
0.99999994039535522,0.99999994039535522
0.99999994039535522,0.99999994039535522
0.99999994039535522
0.99999994039535522
0.99999994039535522,0.99999994039535522,0.99999994039535522
0.99999994039535522,0.99999994039535522,0.99999994039535522,0.99999994039535522,0.99999994039535522,0.99999994039535522,0.99999994039535522,0.99999994039535522,0.99999994039535522,0.99999994039535522,0.99999994039535522,0.99999994039535522,0.99999994039535522,0.99999994039535522
0.99999994039535522,0.99999994039535522,0.99999994039535522,0.99999994039535522,0.99999994039535522,0.99999994039535522,0.99999994039535522,0.99999994039535522,0.99999994039535522,0.99999994039535522,0.99999994039535522,0.99999994039535522,0.99999994039535522,0.99999994039535522
0.99999994039535522,0.99999994039535522,0.99999994039535522,0.99999994039535522,0.99999994039535522,0.99999994039535522,0.99999994039535522,0.99999994039535522,0.99999994039535522,0.99999994039535522,0.99999994039535522,0.99999994039535522,0.99999994039535522,0.99999994039535522
0.99999994039535522,0.99999994039535522,0.99999994039535522,0.99999994039535522,0.99999994039535522,0.99999994039535522,0.99999994039535522,0.99999994039535522,0.99999994039535522,0.99999994039535522,0.99999994039535522,0.99999994039535522,0.99999994039535522,0.99999994039535522
0.99999994039535522,0.99999994039535522,0.99999994039535522,0.99999994039535522,0.99999994039535522,0.99999994039535522,0.99999994039535522,0.99999994039535522,0.99999994039535522,0.99999994039535522,0.99999994039535522,0.99999994039535522,0.99999994039535522,0.99999994039535522
0.99999994039535522,0.99999994039535522,0.99999994039535522,0.99999994039535522,0.99999994039535522,0.99999994039535522,0.99999994039535522,0.99999994039535522,0.99999994039535522,0.99999994039535522,0.99999994039535522,0.99999994039535522,0.99999994039535522,0.99999994039535522
0.99999994039535522,0.99999994039535522,0.99999994039535522,0.99999994039535522,0.99999994039535522,0.99999994039535522,0.99999994039535522,0.99999994039535522,0.99999994039535522,0.99999994039535522,0.99999994039535522,0.99999994039535522,0.99999994039535522,0.99999994039535522
0.99999994039535522,0.99999994039535522,0.99999994039535522,0.99999994039535522,0.99999994039535522,0.99999994039535522,0.99999994039535522,0.99999994039535522,0.99999994039535522,0.99999994039535522,0.99999994039535522,0.99999994039535522,0.99999994039535522,0.99999994039535522
0.99999994039535522,0.99999994039535522,0.99999994039535522,0.99999994039535522,0.99999994039535522,0.99999994039535522,0.99999994039535522,0.99999994039535522,0.99999994039535522,0.99999994039535522,0.99999994039535522,0.99999994039535522,0.99999994039535522,0.99999994039535522
0.99999994039535522,0.99999994039535522,0.99999994039535522,0.99999994039535522,0.99999994039535522,0.99999994039535522,0.99999994039535522,0.99999994039535522,0.99999994039535522,0.99999994039535522,0.99999994039535522,0.99999994039535522,0.99999994039535522,0.99999994039535522
0.99999994039535522,0.99999994039535522,0.99999994039535522,0.99999994039535522,0.99999994039535522,0.99999994039535522,0.99999994039535522,0.99999994039535522,0.99999994039535522,0.99999994039535522,0.99999994039535522,0.99999994039535522,0.99999994039535522,0.99999994039535522
0.99999994039535522
0.99999994039535522
0.99999994039535522,0.99999994039535522,0.99999994039535522
0.99999994039535522
0.99999994039535522
0.99999994039535522,0.99999994039535522,0.99999994039535522
0.99999994039535522
0.99999994039535522
0.99999994039535522,0.99999994039535522,0.99999994039535522
0.99999994039535522
0.99999994039535522
0.99999994039535522,0.99999994039535522,0.99999994039535522
0.99999994039535522
0.99999994039535522
0.99999994039535522,0.99999994039535522,0.99999994039535522
0.99999994039535522
0.99999994039535522
0.99999994039535522,0.99999994039535522,0.99999994039535522
0.99999994039535522,0.99999994039535522
0.99999994039535522,0.99999994039535522
0.99999994039535522,0.99999994039535522
0.99999994039535522,0.99999994039535522
0.99999994039535522,0.99999994039535522
0.99999994039535522,0.99999994039535522
0.99999994039535522
0.99999994039535522
0.99999994039535522,0.99999994039535522,0.99999994039535522
0.99999994039535522
0.99999994039535522
0.99999994039535522,0.99999994039535522,0.99999994039535522
0.99999994039535522
0.99999994039535522
0.99999994039535522,0.99999994039535522,0.99999994039535522
0.99999994039535522
0.99999994039535522
0.99999994039535522,0.99999994039535522,0.99999994039535522
0.99999994039535522
0.99999994039535522
0.99999994039535522,0.99999994039535522,0.99999994039535522
0.99999994039535522
0.99999994039535522
0.99999994039535522,0.99999994039535522,0.99999994039535522
-1,-1,-1,-1,-1,-1,0.99999994039535522,0.99999994039535522,-1
16777215,16777215,16777215,16777215,16777215,-8388607.0000000298,-8388607.0000000298,-8388607.0000000298,-8388607.0000000298,16777215
0.99999988079071045,0.99999988079071045,0.99999988079071045,0.99999988079071045,-0.499999940395357,2.9802320611338473e-08,-0.49999991059303639,-0.49999991059303639,-0.499999940395357,2.9802320611338473e-08,0.99999988079071045
0.66666660706201952,0.66666660706201952,0.66666660706201952,0.16666666169961264,-0.33333330353100976,-0.16666664183139832,-0.33333328366279424,-0.33333328366279424,0.16666666169961264,-0.33333330353100976,-0.16666664183139832,0.66666660706201952
0.40000003973642517,0.40000003973642517,-0.19999997814496276,0.29999999403953481,-0.20000001986821259,-0.1000000039736412,-0.20000000794728098,-0.20000000794728098,-0.19999997814496276,0.29999999403953481,-0.20000001986821259,-0.1000000039736412,0.40000003973642517
0.28571426679217343,-0.14285710359377038,-0.1428571400188236,0.35714281456811214,-0.14285713339608672,-0.071428562440568999,-0.142857124881137,-0.142857124881137,-0.14285710359377038,-0.1428571400188236,0.35714281456811214,-0.14285713339608672,-0.071428562440568999,0.28571426679217343
0.99999994039535522,0.99999994039535522
0.99999994039535522
0.99999994039535522
0.99999994039535522,0.99999994039535522,0.99999994039535522
-1,-1,-1,-1,-1,-1,-1,-1,-1,-1,-1,0.99999994039535522,0.99999994039535522,-5.9604644775390625e-08
0.49999997019767761,0.49999997019767761,0.49999997019767761,0.49999997019767761,0.49999997019767761,0.49999997019767761,0.49999997019767761,0.49999997019767761,0.49999997019767761,0.49999997019767761,-0.499999940395357,0.49999997019767761,0.49999997019767761,0.49999997019767761,0.49999997019767761,0.49999997019767761,0.49999997019767761,0.49999997019767761,0.49999997019767761,0.49999997019767761,0.49999997019767761,0.49999997019767761,0.49999997019767761,2.9802320611338473e-08,2.9802320611338473e-08
0.33333336313565631,0.33333336313565631,0.33333336313565631,0.33333336313565631,0.33333336313565631,0.33333336313565631,0.33333336313565631,0.33333336313565631,0.33333336313565631,-0.33333334326743963,0.33333336313565631,0.33333336313565631,0.33333336313565631,0.33333336313565631,0.33333336313565631,0.33333336313565631,0.33333336313565631,0.33333336313565631,0.33333336313565631,0.33333336313565631,0.33333336313565631,0.33333336313565631,1.9868216701487083e-08,1.9868216701487083e-08
0.25000000372528941,0.25000000372528941,0.25000000372528941,0.25000000372528941,0.25000000372528941,0.25000000372528941,0.25000000372528941,0.25000000372528941,-0.24999998882412797,0.25000000372528941,0.25000000372528941,0.25000000372528941,0.25000000372528941,0.25000000372528941,0.25000000372528941,0.25000000372528941,0.25000000372528941,0.25000000372528941,0.25000000372528941,0.25000000372528941,0.25000000372528941,1.4901161415892208e-08,1.4901161415892208e-08
0.20000000496705328,0.20000000496705328,0.20000000496705328,0.20000000496705328,0.20000000496705328,0.20000000496705328,0.20000000496705328,-0.19999999304612401,0.20000000496705328,0.20000000496705328,0.20000000496705328,0.20000000496705328,0.20000000496705328,0.20000000496705328,0.20000000496705328,0.20000000496705328,0.20000000496705328,0.20000000496705328,0.20000000496705328,0.20000000496705328,1.1920929251137571e-08,1.1920929251137571e-08
0.16666666331390509,0.16666666331390509,0.16666666331390509,0.16666666331390509,0.16666666331390509,0.16666666331390509,-0.16666665337979777,0.16666666331390509,0.16666666331390509,0.16666666331390509,0.16666666331390509,0.16666666331390509,0.16666666331390509,0.16666666331390509,0.16666666331390509,0.16666666331390509,0.16666666331390509,0.16666666331390509,0.16666666331390509,9.9341072627249413e-09,9.9341072627249413e-09
0.14285714538324426,0.14285714538324426,0.14285714538324426,0.14285714538324426,0.14285714538324426,-0.14285713686829485,0.14285714538324426,0.14285714538324426,0.14285714538324426,0.14285714538324426,0.14285714538324426,0.14285714538324426,0.14285714538324426,0.14285714538324426,0.14285714538324426,0.14285714538324426,0.14285714538324426,0.14285714538324426,8.514949404194609e-09,8.514949404194609e-09
0.1249999920852362,0.1249999920852362,0.1249999920852362,0.1249999920852362,-0.12499998463465607,0.1249999920852362,0.1249999920852362,0.1249999920852362,0.1249999920852362,0.1249999920852362,0.1249999920852362,0.1249999920852362,0.1249999920852362,0.1249999920852362,0.1249999920852362,0.1249999920852362,0.1249999920852362,7.4505801251671432e-09,7.4505801251671432e-09
0.1111111209280817,0.1111111209280817,0.1111111209280817,-0.1111111143053428,0.1111111209280817,0.1111111209280817,0.1111111209280817,0.1111111209280817,0.1111111209280817,0.1111111209280817,0.1111111209280817,0.1111111209280817,0.1111111209280817,0.1111111209280817,0.1111111209280817,0.1111111209280817,6.622738893513781e-09,6.622738893513781e-09
0.099999991008449959,0.099999991008449959,-0.099999985047986031,0.099999991008449959,0.099999991008449959,0.099999991008449959,0.099999991008449959,0.099999991008449959,0.099999991008449959,0.099999991008449959,0.099999991008449959,0.099999991008449959,0.099999991008449959,0.099999991008449959,0.099999991008449959,5.9604639416009163e-09,5.9604639416009163e-09
0.090909088820969097,-0.090909083402365157,0.090909088820969097,0.090909088820969097,0.090909088820969097,0.090909088820969097,0.090909088820969097,0.090909088820969097,0.090909088820969097,0.090909088820969097,0.090909088820969097,0.090909088820969097,0.090909088820969097,0.090909088820969097,5.418603946028298e-09,5.418603946028298e-09
-0.083333326011408762,0.08333333097846235,0.08333333097846235,0.08333333097846235,0.08333333097846235,0.08333333097846235,0.08333333097846235,0.08333333097846235,0.08333333097846235,0.08333333097846235,0.08333333097846235,0.08333333097846235,0.08333333097846235,4.9670535909213036e-09,4.9670535909213036e-09
-0.4832535869831393,-0.48325361626261298,-0.48325359420794256,-0.48325361078191026,-0.42583733336115115,-0.48325360393735611,-0.48325360393735611,-0.4832535869831393,-0.48325361626261298,-0.48325359420794256,-0.48325361078191026,-0.42583733336115115,1.9963279080678859e-09,1.9963279080678859e-09,0.22966509662257809
0.48899753037811233,0.48899752943895253,0.48899753034454579,0.48655255730015795,0.48899753005308227,0.48899753005308227,1.0000000266556597,0.48899753037811233,0.48899752943895253,0.48899753034454579,0.48655255730015795,5.8293048231565983e-08,-6.0916235611330194e-08,5.8293048231565983e-08,-0.0097798908221160309
0.32840726808997117,0.32840726869816639,0.32676522332849667,0.3284072685024198,0.3284072685024198,-1.7130861062002939e-08,1.0000000291678144,0.32840726808997117,0.32840726869816639,0.32676522332849667,3.9149197216457353e-08,-8.0060104323820269e-08,3.9149193296162146e-08,3.9149197216457353e-08,-0.0065681805683755565
0.24721878446057957,0.24598269964719821,0.24721878431322677,0.24721878431322677,-1.2895788444058902e-08,-1.0736911330019343e-08,1.0000000611437501,0.24721878446057957,0.24598269964719821,2.947077568296843e-08,-8.9738513509018958e-08,2.947078006395189e-08,2.9470772731845357e-08,2.947077568296843e-08,-0.0049443385682691535
0.19722499077640313,0.19821607649403805,0.19821607649403805,-1.0339637637575863e-08,-8.608684075356582e-09,-1.6099862702332609e-08,1.0000000688592725,0.19722499077640313,2.3629197667607635e-08,-9.5580105607950827e-08,2.3629197527011429e-08,2.3629201217585301e-08,2.3629195338818531e-08,2.3629197667607635e-08,-0.0039643433106551773
0.1126202612951703,0.1126202612951703,-5.8746636770047942e-09,-4.8911887140002969e-09,-9.1474458920107412e-09,-9.6721183875356556e-09,0.99999999965860331,1.3425380465763077e-08,-6.807140806586176e-08,1.3425382827926359e-08,1.3425381901188848e-08,1.3425382559946015e-08,1.3425381129030819e-08,1.3425380465763077e-08,0.12337294746713715
1.0000001192686125,-7.8069485495690449e-09,-6.4999914933438291e-09,-1.2156209536810137e-08,-1.2853457667783962e-08,5.7254842509981585e-11,1.7841237983337407e-08,-1.0136806594118752e-07,1.1416098073282593e-08,1.7841240475445448e-08,1.7841237623051638e-08,1.7841240650803744e-08,1.7841235891847488e-08,1.7841237983337407e-08,-0.024061595957674417
-1.0000001192092887,-1.0000001192092898,-1.0000001192092887,-1.0000001192092884,-1.0000001192092896,-1.0000001192092907,1.0000001192092967,-8.006133980073895e-16,-1.2512100079064603e-15,-1.2512098077287282e-15,-1.2512100194869902e-15,-1.2512096869603443e-15,-1.2512098325441495e-15,1.0000000596046377,-1.0000001192092896,1.6874448677961411e-09
7561427.9506961964,7561427.9506961936,7561427.9506961899,7561427.9506961955,7561427.9506962039,-3780714.200696222,4.1526036919242434e-09,6.4897479399297705e-09,6.4897468355420013e-09,6.4897479236587448e-09,-3780713.7500000051,6.4897469792138712e-09,-3780713.5246518999,-3780713.9753480698,7561427.9506961964,-0.0087523948296146618
0.99999991097018126,0.99999991097018082,0.99999991097018137,0.99999991097018248,-0.49999998528741196,5.4918242615266742e-16,8.5827008382742436e-16,8.5826993777198391e-16,6.6125076051483221e-08,-0.49999999180784899,8.5826995677260906e-16,6.6125071251851361e-08,-0.49999996200552638,-0.49999995548508708,0.9999999109701817,-1.1575054553173098e-09
0.40234015781879728,0.40234015781879728,0.40234015781879728,-0.20117009087660273,1.5649329658521348e-16,2.4456995688011503e-16,0.29882994294166731,-0.29882991633689054,-0.20117009338136638,2.4456992227402809e-16,0.29882992513001305,-0.298829898525239,-0.20117008141416229,-0.20117007890939864,0.40234015781879728,-3.2983977776150381e-10
0.28690625732225028,0.28690625732225028,-0.14345313719486377,1.0211291800479733e-16,0.35654690861702165,-0.14345313948277649,-0.21309375016254425,-0.14345313931305528,1.595834764964159e-16,0.35654688736516782,-0.14345313093230255,-0.21309373746116658,-0.14345313077931668,-0.14345312866112514,0.28690625732225028,-2.1522171965676683e-10
0.22294264536280237,-0.11147132931260634,0.38852876424789456,-0.11147133361240243,-0.11147133036675443,-0.16558608552663726,-0.11147133059671721,4.2299330516329193e-16,0.38852874108977531,-0.11147132696819304,-0.1114713237225453,-0.1655860756569375,-0.11147132396551208,-0.11147132268140118,0.22294264536280237,-5.540381128024375e-10
-0.091150068820359684,-0.091150083791914124,-0.091150072336301069,-0.091150069682335827,-0.13539968693761739,-0.091150069870376715,0.40884992480277804,0.40884990043342562,-0.091150078358946271,-0.091150066903333701,-0.091150064249368626,-0.13539967886716764,-0.091150064448042495,-0.091150063398025422,0.18230012679605084,-1.0548132087690337e-09
0.88086867743135078,0.880868676521536,0.88086867631075583,0.88438301948571141,0.88086867625172338,0.88086867560273041,0.88086867517123923,0.88086867699985971,0.88086867609004482,0.88086867587926454,0.8843830188447489,0.88086867582107697,0.92057910329486226,-4.7338524211681943e-09,-0.014478434814761937,-1.5409115926184693e-10
0.46833086352883857,0.46833086341677266,0.47019933445009987,0.46833086371549215,0.46833086304033628,0.46833086281092629,0.64555388502394928,0.46833086329942797,0.46833086318736261,0.47019933410931969,0.46833086348652919,0.31222062948825519,-2.1126636440271795e-08,1.8609792299715196e-08,-0.0076977509970015678,3.3824944637015881e-09
0.31895458124852627,0.32022709255432991,0.31895458124054427,0.31895458056930809,0.31895458041306946,0.21263640178226703,0.54596971137701722,0.31895458109228764,0.32022709232224478,0.31895458108461006,0.21263642390985155,-2.7062316831916178e-08,1.2674118210982326e-08,1.2674113465219892e-08,-0.0052425076001033607,-1.9856270151731214e-09
0.24278857939309537,0.24182379228053505,0.24182379200698867,0.24182379188853223,0.16121587251052458,0.16121586492138862,0.49454921080938763,0.24278857921713301,0.24182379216230948,0.16121588928713421,-3.0127221606335297e-08,9.6092153516302276e-09,9.6092155837799025e-09,9.609211985655502e-09,-0.0039747421608726831,-1.4912876557513858e-09
0.22149396384241168,0.22149396071142718,0.22149395901200999,0.14766265361141892,0.14766264460576278,0.14766263608210892,0.39180559070850507,0.22149396211084466,0.14766266604620906,-3.6251215362881339e-08,8.8013810792271138e-09,8.8013804806827629e-09,8.8013808157755381e-09,8.8013773473431216e-09,-0.057022990707344637,-1.2012309211131375e-09
0.15828286646858797,0.15828286671617292,0.10552191769847329,0.10552191297675688,0.10552190744528968,0.1242901797824416,0.43885524334514397,0.10552192919136674,7.4082727682461246e-09,6.2895972292459129e-09,6.289596768158862e-09,6.2895969054671098e-09,6.2895945649041289e-09,0.0083075700588885176,-9.1166513082564902e-10,-3.3446838187956018e-08
0.42443535689634698,0.091102021993635457,0.091102017738477287,0.091102013141580979,0.10730554101108737,0.091102016330286112,0.091102032005328307,-3.430632844469983e-08,6.3959093047080034e-09,5.4301043575343711e-09,5.4301039488062011e-09,5.4301040780009428e-09,5.4301020785834435e-09,0.0071723246416670779,-1.9375146656092349e-10,5.4301040042399439e-09
-0.37489061698141996,-0.37489061873653307,-0.3748906206326012,-0.36820719795901996,-0.37489061931736495,-0.37489061285192421,0.41246719733467441,2.6381026521965143e-09,2.2397398552685601e-09,2.2397396866816025e-09,2.2397397399701938e-09,2.2397389152760601e-09,0.41246718689994744,-0.41246721148490906,0.002958352921384019,5.1163843371599479e-10,2.2397397095462035e-09
-0.59972006139886835,-0.59972006443204762,-0.58902845538029158,-0.59972006232803754,-0.59972005198514289,0.17991602649002442,4.2202262762995467e-09,3.5829570964893285e-09,3.5829568267973655e-09,0.47991605044412472,3.5829555927643472e-09,0.47991603732609356,0.17991601933245738,-0.65983209598760861,0.0047325225681699445,-8.4861880267847373e-10,3.582956863374295e-09
-1.4982514645199134,-1.471541140246158,-1.4982514594186802,-1.4982514337346395,0.44947545733754479,1.0543185679326518e-08,8.9511272379822108e-09,0.74947545829562279,0.44947547144895156,8.9511234628085219e-09,0.44947545356755064,0.74947543445375686,0.44947543945614343,-1.6484264257313224,0.011823041863850066,-1.3301486084447275e-10,8.9511266463569742e-09
2.9534104736155959,3.0070185805761755,3.0070185289032145,-0.90210561329629735,-2.1160369749715195e-08,-0.60210561156274534,-0.90210560536841133,-0.90210564161815388,-1.79650713019001e-08,-0.90210560572984932,-0.90210556948010612,-0.9021055774079918,-0.60210558163490191,3.3084225314501987,-0.023729067016099368,2.557144300572783e-10,-1.7965077683913622e-08
0.76373272600509756,0.76373271308660939,-0.22911982759448127,0.077578043984560197,-0.22911982926970356,-0.22911982566707617,-0.2291198349528924,-4.4803941077891704e-09,-0.22911982592029509,-0.22911981663447867,-0.22911981856188368,-0.22911982023710517,0.077578048254367538,0.838901283101808,-0.011243499601862939,6.8216920760607738e-11,-4.4803956975507495e-09
0.42902896629578396,-0.12870869803418486,-0.13082078500666347,-0.12870869886110781,-0.1287086967471624,-0.12870870179656893,-2.7021936980424759e-09,-0.12870869653716224,-0.12870869148775574,-0.1287086927747782,-0.1287086936017007,-0.13082078012493195,0.17129131130627862,0.47436427149436416,0.0054114364044813663,5.0932666565187697e-11,0.17129131200733672
-0.090067238016879089,-0.091545225636971816,-0.090067238595540097,-0.090067237103217693,-0.09006724064970438,0.20993276407243355,0.20993276179237519,-0.090067236969299067,-0.090067233422812198,-0.090067234336473692,-0.090067234915134284,-0.091545222220854289,-0.090067235783401769,0.33194865564128162,0.0037867933927590619,-3.8526031393000913e-11,-0.090067239463807416
0.86719992720275874,0.86708436984516635,0.86708436972848812,0.86708437000577265,0.86708436944515055,0.86708436915739562,0.8670843697180175,0.86708436944073297,0.92181433999846574,0.86708436955741131,0.86719992693566716,0.86708436962602553,-0.025953632264831484,-0.00029607315835556694,-2.1394520981475376e-11,-4.6602295356024115e-09,0.86708436991378068
0.46594137937668029,0.46594137936301405,0.46594137961819448,0.46594137922675288,0.46594137915745593,0.46594137954889753,0.4659413792937171,0.2740831463034954,0.46594137930738333,0.68394462872395134,0.46594137936210622,-0.013904949661620264,0.006419590310235806,6.0423543498630024e-11,1.6336632300772467e-08,-1.8838369086893181e-08,0.46594137943140429
0.31648234533373321,0.31648234535702591,0.31648234520585689,0.31648234505024736,0.31648234520141638,0.31648234517812363,0.18616607321505746,0.59793079375650116,0.18734068701112144,0.31648234524925789,-0.0094976565132668615,-0.0040075589329891768,4.6514627894392409e-11,1.109636520079409e-08,-2.3965194273500856e-08,1.1166375676825109e-08,0.31648234540486675
0.2404000065514213,0.24040000643659329,0.24040000631839228,0.24040000643322029,0.55317650344755365,0.14141175922487684,0.14141176758478141,0.14230399596855783,0.24040000647788282,-0.0072144172840723792,-0.0030441415544492133,3.7836855870066227e-11,-2.6632761773726088e-08,8.4287996032086894e-09,8.4287989088634282e-09,8.4819795670120037e-09,0.2404000065960841
0.19380844549264051,0.19380844539734707,0.52576968222875886,0.11400496044378154,0.11400496046567961,0.11400496719497326,0.11472427425246301,0.1938084455170952,-0.0058162074875554963,-0.0024541590980238508,4.0769519491358056e-10,-2.8266333274018507e-08,6.7952267042587072e-09,6.795226725161204e-09,6.7952261647665081e-09,6.8380999663893523e-09,0.19380844561238725
0.50726156728205474,0.095496861699640834,0.095496857158918508,0.095496857177262168,0.095496862814089853,0.09609939408613348,0.16234466785628746,-0.0048719623708779565,-0.0020557423601438815,-1.816886229778259e-11,-2.9369500609277566e-08,5.6920572579792429e-09,5.6920575334005819e-09,5.6920575509096521e-09,5.6920570814920933e-09,5.7279705428716129e-09,0.16234466793611013
0.99999994039535522
0.99999994039535522
0.99999994039535522,0.99999994039535522,0.99999994039535522
0.99999994039535522
0.99999994039535522
0.99999994039535522,0.99999994039535522,0.99999994039535522
0.99999994039535522
0.99999994039535522
0.99999994039535522,0.99999994039535522,0.99999994039535522
0.99999994039535522
0.99999994039535522
0.99999994039535522,0.99999994039535522,0.99999994039535522
0.99999994039535522
0.99999994039535522
0.99999994039535522,0.99999994039535522,0.99999994039535522
0.99999994039535522
0.99999994039535522
0.99999994039535522,0.99999994039535522,0.99999994039535522
0.99999994039535522
0.99999994039535522
0.99999994039535522,0.99999994039535522,0.99999994039535522
0.99999994039535522,0.99999994039535522
0.99999994039535522
0.99999994039535522
0.99999994039535522,0.99999994039535522,0.99999994039535522
0.99999994039535522
0.99999994039535522
0.99999994039535522,0.99999994039535522,0.99999994039535522
0.99999994039535522,0.99999994039535522
0.99999994039535522,0.99999994039535522
0.99999994039535522,0.99999994039535522,0.99999994039535522,0.99999994039535522,0.99999994039535522,0.99999994039535522,0.99999994039535522,0.99999994039535522,0.99999994039535522,0.99999994039535522,0.99999994039535522,0.99999994039535522,0.99999994039535522,0.99999994039535522
0.99999994039535522,0.99999994039535522,0.99999994039535522,0.99999994039535522,0.99999994039535522,0.99999994039535522,0.99999994039535522,0.99999994039535522,0.99999994039535522,0.99999994039535522,0.99999994039535522,0.99999994039535522,0.99999994039535522,0.99999994039535522
0.99999994039535522,0.99999994039535522,0.99999994039535522,0.99999994039535522,0.99999994039535522,0.99999994039535522,0.99999994039535522,0.99999994039535522,0.99999994039535522,0.99999994039535522,0.99999994039535522,0.99999994039535522,0.99999994039535522,0.99999994039535522
0.99999994039535522,0.99999994039535522,0.99999994039535522,0.99999994039535522,0.99999994039535522,0.99999994039535522,0.99999994039535522,0.99999994039535522,0.99999994039535522,0.99999994039535522,0.99999994039535522,0.99999994039535522,0.99999994039535522,0.99999994039535522
0.99999994039535522,0.99999994039535522,0.99999994039535522,0.99999994039535522,0.99999994039535522,0.99999994039535522,0.99999994039535522,0.99999994039535522,0.99999994039535522,0.99999994039535522,0.99999994039535522,0.99999994039535522,0.99999994039535522,0.99999994039535522
0.99999994039535522,0.99999994039535522,0.99999994039535522,0.99999994039535522,0.99999994039535522,0.99999994039535522,0.99999994039535522,0.99999994039535522,0.99999994039535522,0.99999994039535522,0.99999994039535522,0.99999994039535522,0.99999994039535522,0.99999994039535522
0.99999994039535522,0.99999994039535522,0.99999994039535522,0.99999994039535522,0.99999994039535522,0.99999994039535522,0.99999994039535522,0.99999994039535522,0.99999994039535522,0.99999994039535522,0.99999994039535522,0.99999994039535522,0.99999994039535522,0.99999994039535522
0.99999994039535522,0.99999994039535522,0.99999994039535522,0.99999994039535522,0.99999994039535522,0.99999994039535522,0.99999994039535522,0.99999994039535522,0.99999994039535522,0.99999994039535522,0.99999994039535522,0.99999994039535522,0.99999994039535522,0.99999994039535522
0.99999994039535522,0.99999994039535522,0.99999994039535522,0.99999994039535522,0.99999994039535522,0.99999994039535522,0.99999994039535522,0.99999994039535522,0.99999994039535522,0.99999994039535522,0.99999994039535522,0.99999994039535522,0.99999994039535522,0.99999994039535522
0.99999994039535522,0.99999994039535522,0.99999994039535522,0.99999994039535522,0.99999994039535522,0.99999994039535522,0.99999994039535522,0.99999994039535522,0.99999994039535522,0.99999994039535522,0.99999994039535522,0.99999994039535522,0.99999994039535522,0.99999994039535522
0.99999994039535522,0.99999994039535522,0.99999994039535522,0.99999994039535522,0.99999994039535522,0.99999994039535522,0.99999994039535522,0.99999994039535522,0.99999994039535522,0.99999994039535522,0.99999994039535522,0.99999994039535522,0.99999994039535522,0.99999994039535522
0.92307690244454399,0.84615382724083199,-4.5849728458335903e-09,0.84615382724083199,0.84615382724083199,0.84615382724083199,0.84615382724083199,0.84615382724083199,0.076923075203711999,0.84615382724083199,0.84615382724083199,0.84615382724083199,0.84615382724083199,0.84615382724083199,0.84615382724083199,-4.5849728458335903e-09
-0.052631514938737613,0.3421052192386842,0.34210523806120186,-0.052631514938737613,-0.052631514938737613,-0.052631514938737613,-0.052631514938737613,-0.052631514938737613,0.026315793153727954,0.28947372469100785,0.28947372469100785,0.28947372469100785,0.28947372469100785,0.28947372469100785,0.28947372469100785,1.882251768752777e-08,-0.34210523962974548
0.21348314204912455,0.011235941179927142,0.011235952565083467,0.21348314204912455,0.14606744865272217,0.14606744865272217,0.14606744865272217,0.14606744865272217,0.14606744865272217,0.21348314204912455,-0.17977527429675402,0.3707865452760758,0.3707865452760758,0.3707865452760758,0.3707865452760758,0.58426968732520035,0.3707865452760758,1.1385156325211376e-08,-0.2247190966233536
0.99999994039535522,0.99999994039535522
0.99999994039535522
0.99999994039535522
0.99999994039535522,0.99999994039535522,0.99999994039535522
0.99999994039535522,0.99999994039535522
0.99999994039535522
0.99999994039535522
0.99999994039535522,0.99999994039535522,0.99999994039535522
0.99999994039535522,0.99999994039535522
0.99999994039535522
0.99999994039535522
0.99999994039535522,0.99999994039535522,0.99999994039535522
0.99999994039535522
0.99999994039535522
0.99999994039535522,0.99999994039535522,0.99999994039535522
0.99999994039535522
0.99999994039535522
0.99999994039535522,0.99999994039535522,0.99999994039535522
0.99999994039535522,0.99999994039535522
0.99999994039535522,0.99999994039535522
0.99999994039535522
0.99999994039535522
0.99999994039535522,0.99999994039535522,0.99999994039535522
0.99999994039535522
0.99999994039535522
0.99999994039535522,0.99999994039535522,0.99999994039535522
0.99999994039535522,0.99999994039535522
0.99999994039535522,0.99999994039535522
0.99999994039535522,0.99999994039535522,0.99999994039535522,0.99999994039535522,0.99999994039535522,0.99999994039535522,0.99999994039535522,0.99999994039535522,0.99999994039535522,0.99999994039535522,0.99999994039535522,0.99999994039535522,0.99999994039535522,0.99999994039535522
0.99999994039535522,0.99999994039535522,0.99999994039535522,0.99999994039535522,0.99999994039535522,0.99999994039535522,0.99999994039535522,0.99999994039535522,0.99999994039535522,0.99999994039535522,0.99999994039535522,0.99999994039535522,0.99999994039535522,0.99999994039535522
0.99999994039535522,0.99999994039535522,0.99999994039535522,0.99999994039535522,0.99999994039535522,0.99999994039535522,0.99999994039535522,0.99999994039535522,0.99999994039535522,0.99999994039535522,0.99999994039535522,0.99999994039535522,0.99999994039535522,0.99999994039535522
0.99999994039535522,0.99999994039535522,0.99999994039535522,0.99999994039535522,0.99999994039535522,0.99999994039535522,0.99999994039535522,0.99999994039535522,0.99999994039535522,0.99999994039535522,0.99999994039535522,0.99999994039535522,0.99999994039535522,0.99999994039535522
0.99999994039535522,0.99999994039535522,0.99999994039535522,0.99999994039535522,0.99999994039535522,0.99999994039535522,0.99999994039535522,0.99999994039535522,0.99999994039535522,0.99999994039535522,0.99999994039535522,0.99999994039535522,0.99999994039535522,0.99999994039535522
0.99999994039535522,0.99999994039535522,0.99999994039535522,0.99999994039535522,0.99999994039535522,0.99999994039535522,0.99999994039535522,0.99999994039535522,0.99999994039535522,0.99999994039535522,0.99999994039535522,0.99999994039535522,0.99999994039535522,0.99999994039535522
0.99999994039535522,0.99999994039535522,0.99999994039535522,0.99999994039535522,0.99999994039535522,0.99999994039535522,0.99999994039535522,0.99999994039535522,0.99999994039535522,0.99999994039535522,0.99999994039535522,0.99999994039535522,0.99999994039535522,0.99999994039535522
0.99999994039535522,0.99999994039535522,0.99999994039535522,0.99999994039535522,0.99999994039535522,0.99999994039535522,0.99999994039535522,0.99999994039535522,0.99999994039535522,0.99999994039535522,0.99999994039535522,0.99999994039535522,0.99999994039535522,0.99999994039535522
0.99999994039535522,0.99999994039535522,0.99999994039535522,0.99999994039535522,0.99999994039535522,0.99999994039535522,0.99999994039535522,0.99999994039535522,0.99999994039535522,0.99999994039535522,0.99999994039535522,0.99999994039535522,0.99999994039535522,0.99999994039535522
0.99999994039535522,0.99999994039535522,0.99999994039535522,0.99999994039535522,0.99999994039535522,0.99999994039535522,0.99999994039535522,0.99999994039535522,0.99999994039535522,0.99999994039535522,0.99999994039535522,0.99999994039535522,0.99999994039535522,0.99999994039535522
0.99999994039535522,0.99999994039535522,0.99999994039535522,0.99999994039535522,0.99999994039535522,0.99999994039535522,0.99999994039535522,0.99999994039535522,0.99999994039535522,0.99999994039535522,0.99999994039535522,0.99999994039535522,0.99999994039535522,0.99999994039535522
0.92307690244454399,0.84615382724083199,0.84615382724083199,-4.5849728458335903e-09,0.84615382724083199,0.84615382724083199,0.84615382724083199,0.84615382724083199,0.84615382724083199,0.84615382724083199,0.84615382724083199,0.84615382724083199,0.84615382724083199,0.84615382724083199,0.076923075203711999,-4.5849728458335903e-09
0.28947372469100785,-0.052631514938737613,0.3421052192386842,0.34210523806120186,-0.052631514938737613,0.28947372469100785,-0.052631514938737613,0.28947372469100785,-0.052631514938737613,0.28947372469100785,-0.052631514938737613,-0.052631514938737613,0.28947372469100785,0.28947372469100785,-0.34210523962974548,0.026315793153727954,1.882251768752777e-08
0.79389315608151823,-0.083969475086363765,-1.728989751370591e-08,-0.083969465076423958,0.50381682816610884,0.41984734807477403,0.50381682816610884,0.41984734807477403,0.50381682816610884,0.41984734807477403,0.50381682816610884,0.50381682816610884,0.41984734807477403,0.41984734807477403,0.0839694800913348,0.29007632791540949,-0.25190838718133912,-1.728989751370591e-08,1.0009939796025464e-08
0.11246199555127366,0.39817630755502803,0.11246200587791348,0.39817628871343658,-0.27659574662359332,0.23404256807753229,-0.27659574662359332,0.23404256807753229,-0.27659574662359332,0.23404256807753229,-0.27659574662359332,-0.27659574662359332,0.23404256807753229,0.23404256807753229,-0.51063831470112553,0.082066858189900616,-0.060790261091943104,1.8841591439552749e-08,1.0326639829269448e-08
0.99999994039535522,0.99999994039535522
0.99999994039535522
0.99999994039535522
0.99999994039535522,0.99999994039535522,0.99999994039535522
0.99999994039535522,0.99999994039535522
0.99999994039535522
0.99999994039535522
0.99999994039535522,0.99999994039535522,0.99999994039535522
0.99999994039535522,0.99999994039535522
0.99999994039535522
0.99999994039535522
0.99999994039535522,0.99999994039535522,0.99999994039535522
0.99999994039535522,0.99999994039535522
0.99999994039535522
0.99999994039535522
0.99999994039535522,0.99999994039535522,0.99999994039535522
0.99999994039535522,0.99999994039535522
0.99999994039535522
0.99999994039535522
0.99999994039535522,0.99999994039535522,0.99999994039535522
0.99999994039535522,0.99999994039535522
0.99999994039535522
0.99999994039535522
0.99999994039535522,0.99999994039535522,0.99999994039535522
0.99999994039535522,0.99999994039535522
0.99999994039535522
0.99999994039535522
0.99999994039535522,0.99999994039535522,0.99999994039535522
0.99999994039535522,0.99999994039535522
0.99999994039535522
0.99999994039535522
0.99999994039535522,0.99999994039535522,0.99999994039535522
0.99999994039535522,0.99999994039535522
0.99999994039535522
0.99999994039535522
0.99999994039535522,0.99999994039535522,0.99999994039535522
0.99999994039535522,0.99999994039535522
0.99999994039535522
0.99999994039535522
0.99999994039535522,0.99999994039535522,0.99999994039535522
0.99999994039535522,0.99999994039535522
0.99999994039535522
0.99999994039535522
0.99999994039535522,0.99999994039535522,0.99999994039535522
0.99999994039535522,0.99999994039535522
0.99999994039535522
0.99999994039535522
0.99999994039535522,0.99999994039535522,0.99999994039535522
0.99999994039535522,0.99999994039535522
0.99999994039535522
0.99999994039535522
0.99999994039535522,0.99999994039535522,0.99999994039535522
0.99999994039535522
0.99999994039535522
0.99999994039535522,0.99999994039535522,0.99999994039535522
0.99999994039535522,0.99999994039535522
0.99999994039535522
0.99999994039535522,0.99999994039535522
0.99999994039535522
0.99999994039535522
0.99999994039535522
0.99999994039535522,0.99999994039535522,0.99999994039535522
0.49999997019767761,-0.5,-0.5,-0.5,-0.5,-0.5,-0.5,-0.5,-0.5,-0.5,-0.5,-0.5,0.49999997019767761,-2.9802322387695312e-08
0.99999994039535522
0.99999994039535522,0.99999994039535522
0.99999994039535522
0.99999994039535522
0.99999994039535522
0.99999994039535522,0.99999994039535522,0.99999994039535522
0.49999997019767761,-0.5,-0.5,-0.5,-0.5,-0.5,-0.5,-0.5,-0.5,-0.5,-0.5,-0.5,-2.9802322387695312e-08,0.49999997019767761
0.99999994039535522
0.99999994039535522,0.99999994039535522
0.99999994039535522
0.99999994039535522
0.99999994039535522
0.99999994039535522,0.99999994039535522,0.99999994039535522
0.49999997019767761,-0.5,-0.5,-0.5,-0.5,-0.5,-0.5,-0.5,-0.5,-0.5,-0.5,-0.5,0.49999997019767761,-2.9802322387695312e-08
0.99999994039535522
0.99999994039535522,0.99999994039535522
0.99999994039535522
0.99999994039535522
0.99999994039535522
0.99999994039535522,0.99999994039535522,0.99999994039535522
0.49999997019767761,-0.5,-0.5,-0.5,-0.5,-0.5,-0.5,-0.5,-0.5,-0.5,-0.5,-0.5,0.49999997019767761,-2.9802322387695312e-08
0.99999994039535522
0.99999994039535522,0.99999994039535522
0.99999994039535522
0.99999994039535522
0.99999994039535522
0.99999994039535522,0.99999994039535522,0.99999994039535522
0.49999997019767761,-0.5,-0.5,-0.5,-0.5,-0.5,-0.5,-0.5,-0.5,-0.5,-0.5,-0.5,0.49999997019767761,-2.9802322387695312e-08
0.99999994039535522,0.99999994039535522,0.99999994039535522,0.99999994039535522,0.99999994039535522,0.99999994039535522,0.99999994039535522,0.99999994039535522,0.99999994039535522,0.99999994039535522,0.99999994039535522,0.99999994039535522,0.99999994039535522,0.99999994039535522
0.99999994039535522,0.99999994039535522,0.99999994039535522,0.99999994039535522,0.99999994039535522,0.99999994039535522,0.99999994039535522,0.99999994039535522,0.99999994039535522,0.99999994039535522,0.99999994039535522,0.99999994039535522,0.99999994039535522,0.99999994039535522
0.99999994039535522,0.99999994039535522,0.99999994039535522,0.99999994039535522,0.99999994039535522,0.99999994039535522,0.99999994039535522,0.99999994039535522,0.99999994039535522,0.99999994039535522,0.99999994039535522,0.99999994039535522,0.99999994039535522,0.99999994039535522
0.99999994039535522,0.99999994039535522,0.99999994039535522,0.99999994039535522,0.99999994039535522,0.99999994039535522,0.99999994039535522,0.99999994039535522,0.99999994039535522,0.99999994039535522,0.99999994039535522,0.99999994039535522,0.99999994039535522,0.99999994039535522
0.99999994039535522,0.99999994039535522,0.99999994039535522,0.99999994039535522,0.99999994039535522,0.99999994039535522,0.99999994039535522,0.99999994039535522,0.99999994039535522,0.99999994039535522,0.99999994039535522,0.99999994039535522,0.99999994039535522,0.99999994039535522
0.99999994039535522,0.99999994039535522,0.99999994039535522,0.99999994039535522,0.99999994039535522,0.99999994039535522,0.99999994039535522,0.99999994039535522,0.99999994039535522,0.99999994039535522,0.99999994039535522,0.99999994039535522,0.99999994039535522,0.99999994039535522
0.99999994039535522,0.99999994039535522,0.99999994039535522,0.99999994039535522,0.99999994039535522,0.99999994039535522,0.99999994039535522,0.99999994039535522,0.99999994039535522,0.99999994039535522,0.99999994039535522,0.99999994039535522,0.99999994039535522,0.99999994039535522
0.99999994039535522,0.99999994039535522,0.99999994039535522,0.99999994039535522,0.99999994039535522,0.99999994039535522,0.99999994039535522,0.99999994039535522,0.99999994039535522,0.99999994039535522,0.99999994039535522,0.99999994039535522,0.99999994039535522,0.99999994039535522
0.99999994039535522,0.99999994039535522,0.99999994039535522,0.99999994039535522,0.99999994039535522,0.99999994039535522,0.99999994039535522,0.99999994039535522,0.99999994039535522,0.99999994039535522,0.99999994039535522,0.99999994039535522,0.99999994039535522,0.99999994039535522
0.99999994039535522,0.99999994039535522,0.99999994039535522,0.99999994039535522,0.99999994039535522,0.99999994039535522,0.99999994039535522,0.99999994039535522,0.99999994039535522,0.99999994039535522,0.99999994039535522,0.99999994039535522,0.99999994039535522,0.99999994039535522
0.99999994039535522,0.99999994039535522,0.99999994039535522,0.99999994039535522,0.99999994039535522,0.99999994039535522,0.99999994039535522,0.99999994039535522,0.99999994039535522,0.99999994039535522,0.99999994039535522,0.99999994039535522,0.99999994039535522,0.99999994039535522
0.99999994039535522
0.99999994039535522,0.99999994039535522
0.99999994039535522
0.99999994039535522
0.99999994039535522
0.99999994039535522,0.99999994039535522,0.99999994039535522
0.49999997019767761,-0.5,-0.5,-0.5,-0.5,-0.5,-0.5,-0.5,-0.5,-0.5,-0.5,-0.5,0.49999997019767761,-2.9802322387695312e-08
0.99999994039535522
0.99999994039535522,0.99999994039535522
0.99999994039535522
0.99999994039535522
0.99999994039535522
0.99999994039535522,0.99999994039535522,0.99999994039535522
0.49999997019767761,-0.5,-0.5,-0.5,-0.5,-0.5,-0.5,-0.5,-0.5,-0.5,-0.5,-0.5,0.49999997019767761,-2.9802322387695312e-08
-0.40000006556510925,-0.40000006556510925,-0.40000006556510925,-0.40000006556510925,-0.40000006556510925,-0.40000006556510925,-0.20000004470348554,-0.20000004470348554,-0.20000004470348554,-0.20000004470348554,-0.20000004470348554,-0.20000004470348554,-0.20000004470348554,-0.20000004470348554,-0.20000004470348554,-0.20000004470348554,-0.20000004470348554,0.2000000327825539,1.1920930198527796e-08,-0.40000006556510925
-0.66666682504472874,-0.66666682504472874,-0.66666682504472874,-0.66666682504472874,-0.66666682504472874,-0.33333343239058399,-0.33333343239058399,-0.33333343239058399,-0.33333343239058399,-0.33333343239058399,-0.33333343239058399,-0.33333343239058399,-0.33333343239058399,-0.33333343239058399,-0.33333343239058399,-0.33333343239058399,0.23809528350829995,0.095238129014063241,5.6766345106022802e-09,1.4191583950323819e-08,-0.66666682504472874
-2.0000011380514882,-2.0000011380514882,-2.0000011380514882,-2.0000011380514882,-1.0000006286304228,-1.0000006286304228,-1.0000006286304228,-1.0000006286304228,-1.0000006286304228,-1.0000006286304228,-1.0000006286304228,-1.0000006286304228,-1.0000006286304228,-1.0000006286304228,-1.0000006286304228,0.42857161164283603,2.5544857150195769e-08,0.28571447563823199,0.28571448174467251,1.7029909176514349e-08,1.7029908812542151e-08,-2.0000011380514882
1.9999988370462187,1.9999988370462187,1.9999988370462187,0.9999994781277195,0.9999994781277195,0.9999994781277195,0.9999994781277195,0.9999994781277195,0.9999994781277195,0.9999994781277195,0.9999994781277195,0.9999994781277195,0.9999994781277195,0.9999994781277195,-8.5149393567825437e-09,-0.14285698533058117,-0.28571413323976708,-1.7029888404004492e-08,-0.28571414692316205,-0.28571415302959557,-1.7029889583570121e-08,-1.7029889219598343e-08,1.9999988370462187
0.66666656417862724,0.66666656417862724,0.33333330195752553,0.33333330195752553,0.33333330195752553,0.33333330195752553,0.33333330195752553,0.33333330195752553,0.33333330195752553,0.33333330195752553,0.33333330195752553,0.33333330195752553,0.33333330195752553,-5.6766319668361995e-09,-0.095238086336747727,-0.095238085150860644,-5.6766318961518254e-09,0.047619070857763124,2.8383176338342123e-09,-0.095238089711994239,-0.095238091747472942,-5.6766322893405358e-09,-5.6766321680165582e-09,0.66666656417862724
0.39999994675390188,0.1999999852978783,0.1999999852978783,0.1999999852978783,0.1999999852978783,0.1999999852978783,0.1999999852978783,0.1999999852978783,0.1999999852978783,0.1999999852978783,0.1999999852978783,0.1999999852978783,-3.4059792503221699e-09,-0.05714285298015237,-0.057142852268620099,-3.4059792079115442e-09,0.085714302957057648,5.1089702754072769e-09,-0.057142859853347577,-3.4059796599965043e-09,-0.057142855005300308,-0.057142856226587553,-3.4059794438247746e-09,-3.4059793710303872e-09,0.39999994675390188
0.14285712119141536,0.14285712119141536,0.14285712119141536,0.14285712119141536,0.14285712119141536,0.14285712119141536,0.14285712119141536,0.14285712119141536,0.14285712119141536,0.14285712119141536,0.14285712119141536,-2.4328421315333069e-09,-0.04081632036747683,-0.04081631985923953,-2.4328421012400053e-09,0.10204081982374155,6.0821064556619581e-09,-0.040816322496221115,-2.4328422584163464e-09,-0.040816325276901592,-2.4328424241578085e-09,-0.040816321814010965,-0.040816322686358923,-2.4328422697494421e-09,-2.4328422177534548e-09,0.28571422535293584
0.74999995045982626,0.74999995045982626,0.74999995045982626,0.74999995045982626,0.74999995045982626,0.74999995045982626,0.74999995045982626,0.74999995045982626,0.74999995045982626,0.74999995045982626,8.5149486388470872e-09,-0.1071428440410466,-0.1071428442634004,8.5149486255937662e-09,-0.10714284601428088,8.5149485212331661e-09,-0.10714284310972093,8.5149486943584204e-09,-0.10714284189317315,8.5149487668703137e-09,-0.10714284340818786,-0.10714284302653561,8.5149486993166486e-09,8.5149486765684042e-09,-0.24999997987105937
0.42857148518876431,0.42857148518876431,0.42857148518876431,0.42857148518876431,0.42857148518876431,0.42857148518876431,0.42857148518876431,0.42857148518876431,0.42857148518876431,4.8656859006715585e-09,-0.061224494441455453,-0.061224494568514795,4.8656858930982303e-09,-0.061224495569018128,4.8656858334635903e-09,-0.061224493909269255,4.8656859323923261e-09,-0.061224493214098931,4.865685973827703e-09,-0.061224494079821799,-0.061224493861734772,4.8656859352256e-09,4.8656859222266006e-09,-0.1428571596635595
0.30000002268045489,0.30000002268045489,0.30000002268045489,0.30000002268045489,0.30000002268045489,0.30000002268045489,0.30000002268045489,0.30000002268045489,3.4059799380131643e-09,-0.042857143687350364,-0.042857143776291899,3.405979932711834e-09,-0.042857144476644196,3.4059798909675891e-09,-0.042857143314820045,3.4059799602177e-09,-0.042857142828200849,3.4059799892224622e-09,-0.042857143434206824,-0.042857143281545912,3.405979962200992e-09,3.4059799531016926e-09,-0.10000000611393169
0.23076924879511337,0.23076924879511337,0.23076924879511337,0.23076924879511337,0.23076924879511337,0.23076924879511337,0.23076924879511337,2.6199845742802765e-09,-0.032967033688422534,-0.032967033756839098,2.6199845702023298e-09,-0.032967034295571636,2.619984538091372e-09,-0.032967033401860746,2.6199845913606884e-09,-0.032967033027538291,2.6199846136720441e-09,-0.032967033493696729,-0.032967033376265262,2.6199845928862977e-09,2.6199845858868364e-09,-0.076923081819227579
0.18749999314454047,0.18749999314454047,0.18749999314454047,0.18749999314454047,0.18749999314454047,0.18749999314454047,2.1287372224906076e-09,-0.026785711800202172,-0.02678571185579063,2.1287372191772761e-09,-0.026785712293510761,2.1287371930871261e-09,-0.026785711567370748,2.1287372363684405e-09,-0.026785711263233789,2.128737254496415e-09,-0.026785711641987474,-0.026785711546574421,2.1287372376079979e-09,2.1287372319209364e-09,-0.062499996810959454
0.15789474516081861,0.15789474516081861,0.15789474516081861,0.15789474516081861,0.15789474516081861,1.7926209789266339e-09,-0.022556390897485221,-0.022556390944296557,1.79262097613646e-09,-0.022556391312903015,1.7926209541658053e-09,-0.022556390701416639,1.792620990613231e-09,-0.022556390445301281,1.7926210058788953e-09,-0.022556390764251779,-0.022556390683903936,1.7926209916570692e-09,1.7926209868679644e-09,-0.052631580959104494
0.13636364289606515,0.13636364289606515,0.13636364289606515,0.13636364289606515,1.5481726562170974e-09,-0.019480519318333864,-0.019480519358761831,1.5481726538074018e-09,-0.019480519677103774,1.5481726348327454e-09,-0.019480519149001906,1.5481726663100678e-09,-0.019480518927811372,1.5481726794940504e-09,-0.019480519203268619,-0.0194805191338773,1.5481726672115642e-09,1.5481726630755192e-09,-0.045454546974649034
0.12000001081274571,0.12000001081274571,0.12000001081274571,1.3623919949663488e-09,-0.0171428577235921,-0.017142857759168715,1.3623919928458165e-09,-0.017142858039309636,1.3623919761481183e-09,-0.017142857574579971,1.362392003848163e-09,-0.017142857379932291,1.3623920154500682e-09,-0.017142857622334681,-0.017142857561270319,1.3623920046414799e-09,1.3623920010017603e-09,-0.040000003025760587
0.10714286493487653,0.10714286493487653,1.2164214029348431e-09,-0.015306122701461842,-0.01530612273322667,1.2164214010415108e-09,-0.01530612298335249,1.2164213861328519e-09,-0.015306122568415299,1.2164214108650344e-09,-0.01530612239462273,1.216421421223878e-09,-0.015306122611053432,-0.015306122556531677,1.216421411573353e-09,1.2164214083236032e-09,-0.035714287795118392
0.096774191320226119,1.0987030974501731e-09,-0.013824883696944719,-0.01382488372563553,1.0987030957400667e-09,-0.013824883951555603,1.0987030822741826e-09,-0.01382488357677366,1.0987031046129256e-09,-0.013824883419799741,1.0987031139692997e-09,-0.013824883615285518,-0.013824883566040069,1.0987031052526975e-09,1.0987031023174399e-09,-0.032258063306886194
1.0017587773468964e-09,-0.012605041909279273,-0.012605041935438545,1.0017587757876816e-09,-0.012605042141424508,1.0017587635099628e-09,-0.012605041799711536,1.0017587838776418e-09,-0.012605041656588246,1.0017587924084541e-09,-0.012605041834825291,-0.012605041789925026,1.0017587844609631e-09,1.0017587817846988e-09,-0.029411765683449883
0.92307690413982768,0.8461538269711274,0.84615382724083199,0.84615382697112762,0.84615382724083199,0.84615382697112762,0.84615382724083199,0.84615382697112762,0.84615382724083199,0.84615382697112773,0.84615382697112773,0.84615382724083199,0.84615382724083199,0.076923075203711999,-4.5849728458335903e-09,-1.5026380312985867e-09
-0.03043991960594521,0.347999514739041,-0.030439920029527359,0.34799951473904173,-0.030439919326842708,0.34799951473904173,-0.030439919032530554,0.34799951473904173,-0.030439919399049657,-0.030439919306718539,0.3479995147390425,0.3479995147390425,0.031636319652820537,2.2628054452778424e-08,-0.0017280250263665621,-0.4112720787525177
0.64739591349728209,0.18337368770957643,0.40921324279103388,0.18337368812891516,0.40921324279103388,0.18337368830455089,0.40921324279103388,0.1833736880858241,0.18337368814092372,0.40921324279103433,0.40921324279103433,0.23818266462190874,-0.20098146065358505,1.2411578549610636e-08,-0.0010312253858147293,-0.24543294041347269
0.74450988168066023,0.17432646439250729,0.74450988062194468,0.17432646439250729,0.74450988017851261,0.17432646439250729,0.74450988073073754,0.74450988059162571,0.17432646439250632,0.17432646439250632,0.21524100419881179,-3.6384616208806619e-08,-0.19939314399700153,-1.4940905301978248e-09,0.0026035617482509498,0.61965138361451677
0.69553204771708643,-0.088696369573824679,0.37799561506040508,-0.088696369210878964,0.37799561506040508,-0.088696369662871186,-0.08869636954900792,0.37799561506040597,0.37799561506040597,-0.14158660670590123,1.4091075656328696e-08,-0.14158657994493654,1.4091073449538833e-08,0.31753642454526165,-0.0021309965174500208,-0.50718124283597898
1.2346537709133163,-0.16313124746860883,1.2346537698262599,-0.16313124746860883,1.2346537711800183,1.2346537708389882,-0.16313124746861152,-0.16313124746861152,-0.1431547493673771,-1.8256069434443699e-08,-0.14315478513823104,-1.8256066640941506e-08,0.27147942061518521,-5.3146596457054329e-08,0.0063825327520653022,1.5190540367573315
1.7824071169278579,-1.4232456376231009,1.0756271245783713,-1.4232456400432689,-1.4232456394335971,1.0756271245783757,1.0756271245783757,-0.202998588065297,5.2012716979414714e-08,-0.20299848820921693,5.2012708897917522e-08,0.70677997429489992,-0.20299861310220976,5.2012718467827639e-08,-0.01141030930686592,-2.7156699426644995
-2.193795229726661,1.0933953532300513,-2.1937952329103174,-2.1937952321083127,1.0933953532300573,1.0933953532300573,-0.07880866208497106,6.047408309308945e-08,-0.078808545454923093,6.0474073728464735e-08,0.33582547848888883,-0.078808692243959949,6.047408476110429e-08,2.5583560159248009e-08,-0.015009909299878318,-3.5723806337068522
-0.092259408298807397,0.64876953019888151,0.64876952999309245,-0.19470161721246831,-0.19470161721246831,0.10244220629678891,-0.030035584909812733,-1.3395382008488972e-08,-0.030035610904042435,-1.3395379943700981e-08,-0.030035579881932437,-0.030035577912490664,-1.3395382359074622e-08,-1.3395383172747683e-08,0.0038514404758099321,0.91664900857571041
-0.40747162299566525,-0.4074716228102892,0.35233255419666376,0.35233255419666376,0.33811335798934178,-1.8450862171448534e-08,-0.076520785184430659,1.6439663458781587e-08,-0.076520753664537339,1.6439660901981068e-08,-0.076520793662108094,-0.07652079301537669,1.6439663934140143e-08,1.6439664750117329e-08,-0.0034694051720704855,-0.82572326034077859
0.99999994039535522
0.99999994039535522
0.99999994039535522,0.99999994039535522,0.99999994039535522
0.99999994039535522
0.99999994039535522
0.99999994039535522,0.99999994039535522,0.99999994039535522
0.99999994039535522,0.99999994039535522
0.99999994039535522,0.99999994039535522
0.99999994039535522
0.99999994039535522
0.99999994039535522,0.99999994039535522,0.99999994039535522
0.99999994039535522
0.99999994039535522
0.99999994039535522,0.99999994039535522,0.99999994039535522
0.99999994039535522,0.99999994039535522
0.99999994039535522,0.99999994039535522
0.99999994039535522,0.99999994039535522,0.99999994039535522,0.99999994039535522,0.99999994039535522,0.99999994039535522,0.99999994039535522,0.99999994039535522,0.99999994039535522,0.99999994039535522,0.99999994039535522,0.99999994039535522,0.99999994039535522,0.99999994039535522
0.99999994039535522,0.99999994039535522,0.99999994039535522,0.99999994039535522,0.99999994039535522,0.99999994039535522,0.99999994039535522,0.99999994039535522,0.99999994039535522,0.99999994039535522,0.99999994039535522,0.99999994039535522,0.99999994039535522,0.99999994039535522
0.99999994039535522,0.99999994039535522,0.99999994039535522,0.99999994039535522,0.99999994039535522,0.99999994039535522,0.99999994039535522,0.99999994039535522,0.99999994039535522,0.99999994039535522,0.99999994039535522,0.99999994039535522,0.99999994039535522,0.99999994039535522
0.99999994039535522,0.99999994039535522,0.99999994039535522,0.99999994039535522,0.99999994039535522,0.99999994039535522,0.99999994039535522,0.99999994039535522,0.99999994039535522,0.99999994039535522,0.99999994039535522,0.99999994039535522,0.99999994039535522,0.99999994039535522
0.99999994039535522,0.99999994039535522,0.99999994039535522,0.99999994039535522,0.99999994039535522,0.99999994039535522,0.99999994039535522,0.99999994039535522,0.99999994039535522,0.99999994039535522,0.99999994039535522,0.99999994039535522,0.99999994039535522,0.99999994039535522
0.99999994039535522,0.99999994039535522,0.99999994039535522,0.99999994039535522,0.99999994039535522,0.99999994039535522,0.99999994039535522,0.99999994039535522,0.99999994039535522,0.99999994039535522,0.99999994039535522,0.99999994039535522,0.99999994039535522,0.99999994039535522
0.99999994039535522,0.99999994039535522,0.99999994039535522,0.99999994039535522,0.99999994039535522,0.99999994039535522,0.99999994039535522,0.99999994039535522,0.99999994039535522,0.99999994039535522,0.99999994039535522,0.99999994039535522,0.99999994039535522,0.99999994039535522
0.99999994039535522,0.99999994039535522,0.99999994039535522,0.99999994039535522,0.99999994039535522,0.99999994039535522,0.99999994039535522,0.99999994039535522,0.99999994039535522,0.99999994039535522,0.99999994039535522,0.99999994039535522,0.99999994039535522,0.99999994039535522
0.99999994039535522,0.99999994039535522,0.99999994039535522,0.99999994039535522,0.99999994039535522,0.99999994039535522,0.99999994039535522,0.99999994039535522,0.99999994039535522,0.99999994039535522,0.99999994039535522,0.99999994039535522,0.99999994039535522,0.99999994039535522
0.99999994039535522,0.99999994039535522,0.99999994039535522,0.99999994039535522,0.99999994039535522,0.99999994039535522,0.99999994039535522,0.99999994039535522,0.99999994039535522,0.99999994039535522,0.99999994039535522,0.99999994039535522,0.99999994039535522,0.99999994039535522
0.99999994039535522,0.99999994039535522,0.99999994039535522,0.99999994039535522,0.99999994039535522,0.99999994039535522,0.99999994039535522,0.99999994039535522,0.99999994039535522,0.99999994039535522,0.99999994039535522,0.99999994039535522,0.99999994039535522,0.99999994039535522
0.92307690244454399,0.84615382724083199,0.84615382724083199,-4.5849728458335903e-09,0.84615382724083199,0.84615382724083199,0.84615382724083199,0.84615382724083199,0.84615382724083199,0.84615382724083199,0.84615382724083199,0.84615382724083199,0.84615382724083199,0.84615382724083199,0.076923075203711999,-4.5849728458335903e-09
0.28947372469100785,-0.052631514938737613,0.3421052192386842,0.34210523806120186,-0.052631514938737613,0.28947372469100785,-0.052631514938737613,0.28947372469100785,-0.052631514938737613,0.28947372469100785,-0.052631514938737613,-0.052631514938737613,0.28947372469100785,0.28947372469100785,0.026315793153727954,1.882251768752777e-08,-0.34210523962974548
0.79389315608151823,-0.083969475086363765,-0.083969465076423958,-1.728989751370591e-08,0.50381682816610884,0.41984734807477403,0.50381682816610884,0.41984734807477403,0.50381682816610884,0.41984734807477403,0.50381682816610884,0.50381682816610884,0.41984734807477403,0.41984734807477403,-0.25190838718133912,-1.728989751370591e-08,1.0009939796025464e-08,0.29007632791540949,0.0839694800913348
0.39817628871343658,0.11246199555127366,0.11246200587791348,0.39817630755502803,-0.27659574662359332,0.23404256807753229,-0.27659574662359332,0.23404256807753229,-0.27659574662359332,0.23404256807753229,-0.27659574662359332,-0.27659574662359332,0.23404256807753229,0.23404256807753229,-0.060790261091943104,1.8841591439552749e-08,1.0326639829269448e-08,0.082066858189900616,-0.51063831470112553
0.33391266711634748,-0.067020550334816756,0.084362946944313913,0.015448277311787972,-0.049602259936820853,0.015448269611289457,-0.049602259936821297,0.015448259516124352,-0.049602259936820513,0.01544827089968126,0.015448272511180777,-0.049602259936821415,-0.04960225993682179,0.012883699081621142,-3.9932283554251672e-09,-2.1885959641358475e-09,-0.017392994971572651,0.0018307350655504015,0.43571737531966215,0.10822309804205467
0.1201369569254865,-0.1071357987489152,0.011581165987433004,-0.037185538145856491,0.011581160214567504,-0.03718553814585681,0.011581152646481943,-0.037185538145856241,0.011581161180441665,0.011581162388541262,-0.037185538145856907,-0.037185538145857185,-0.024417528569246873,-9.6252620307935252e-10,-3.6718278305489015e-09,0.021037025452245301,0.0013724541196467911,0.32664610334639899,0.08113206196114775
0.24757406932916173,0.041458098286935433,-0.11199484443712968,0.041458103368872928,-0.1119948444371294,0.041458123039675179,-0.11199484443713102,0.041458097168590252,0.041458098731533617,-0.11199484443712908,-0.11199484443712865,-0.031850594429655377,-5.3838263378159064e-09,-8.5738566443793915e-09,0.02166924399584624,-0.001706473955362847,-0.4061428276957173,0.24435241329247964
0.033230989304335219,-0.089770099096669789,0.033230993377790785,-0.089770099096669581,0.033231009145033019,-0.089770099096670886,0.033230988407919257,0.033230989660705298,-0.089770099096669317,-0.089770099096668957,0.031484383352618835,-7.7137619153855203e-09,-3.4740986194782251e-09,-0.03964530220539738,-0.0013678342067322982,-0.32554606631379618,0.19586207211049175
0.69823331435257396,-0.088190862842129375,0.37954886673903671,-0.088190866037556492,0.37954886673903693,-0.088190861267479326,-0.088190862244633877,0.37954886673903659,0.37954886673903659,0.31868443973753102,-0.14208998470291626,1.4153651833527589e-08,1.4153649183969671e-08,-0.14209001244690841,-8.9546521478204608e-06,-0.0021314953996902399,-0.50942214819190268
1.2431979181349877,-0.1691519295172936,1.2431979277836465,-0.1691519295172943,1.2431979133802993,1.2431979163308375,-0.1691519295172933,-0.16915192951729319,0.27102485174210578,-5.3532552612978179e-08,-0.14320116465341678,-1.861769552823792e-08,-1.8617691593514212e-08,-0.14320113570034176,2.7039494704738623e-05,0.0064361023144020738,1.5382107803327731
1.8168028318020872,-1.4519043786476638,1.0987451051999211,-1.4519043526357731,-1.4519043579643318,1.0987451051999193,1.0987451051999189,0.7180577088560014,-0.20605732452073394,5.3208345291549286e-08,-0.20605718401093287,5.3208345567144346e-08,5.3208335159787167e-08,-0.20605728081428173,-4.8834450183299249e-05,-0.011623361314361841,-2.777949465981389
-2.1348981638020277,1.0751591116252834,-2.1348981310654014,-2.134898137771529,1.0751591116252812,1.0751591116252808,0.33510486245407639,2.4453646219058101e-08,-0.079121112845872463,5.9368499387913491e-08,-0.079120953272617672,5.9368500067403289e-08,5.9368488249811731e-08,-0.079121057838419107,-6.1459021131816548e-05,-0.014628295178509802,-3.4961200869420344
-0.088122837324672229,0.64305651185381441,0.6430565135997014,-0.19265626014104933,-0.19265626014104908,0.10453342023292622,-0.03051189282207668,-1.3301862490956927e-08,-0.0305118940631584,-1.3301860484528979e-08,-0.030511930710954146,-1.3301860755774002e-08,-1.3301858042286639e-08,-0.030511908384411996,1.6000278885384278e-05,0.0038083556984799621,0.91018695023381646
-0.40383007970002044,-0.40383008127860881,0.35180097181445741,0.35180097181445724,0.33777712111784886,-1.8502586129898191e-08,-0.076448823222444853,1.6412271782602935e-08,-0.076448815720975491,1.6412269662857357e-08,-0.076448772619324173,1.6412269716067682e-08,1.6412266523439756e-08,-0.076448802773070659,-1.4467254768693567e-05,-0.0034434271230348074,-0.82296878114988137
0.99999994039535522
0.99999994039535522
0.99999994039535522,0.99999994039535522,0.99999994039535522
0.99999994039535522
0.99999994039535522
0.99999994039535522,0.99999994039535522,0.99999994039535522
0.99999994039535522,0.99999994039535522
0.99999994039535522,0.99999994039535522
0.99999994039535522
0.99999994039535522
0.99999994039535522,0.99999994039535522,0.99999994039535522
0.99999994039535522
0.99999994039535522
0.99999994039535522,0.99999994039535522,0.99999994039535522
0.99999994039535522,0.99999994039535522
0.99999994039535522,0.99999994039535522
0.99999994039535522,0.99999994039535522,0.99999994039535522,0.99999994039535522,0.99999994039535522,0.99999994039535522,0.99999994039535522,0.99999994039535522,0.99999994039535522,0.99999994039535522,0.99999994039535522,0.99999994039535522,0.99999994039535522,0.99999994039535522
0.99999994039535522,0.99999994039535522,0.99999994039535522,0.99999994039535522,0.99999994039535522,0.99999994039535522,0.99999994039535522,0.99999994039535522,0.99999994039535522,0.99999994039535522,0.99999994039535522,0.99999994039535522,0.99999994039535522,0.99999994039535522
0.99999994039535522,0.99999994039535522,0.99999994039535522,0.99999994039535522,0.99999994039535522,0.99999994039535522,0.99999994039535522,0.99999994039535522,0.99999994039535522,0.99999994039535522,0.99999994039535522,0.99999994039535522,0.99999994039535522,0.99999994039535522
0.99999994039535522,0.99999994039535522,0.99999994039535522,0.99999994039535522,0.99999994039535522,0.99999994039535522,0.99999994039535522,0.99999994039535522,0.99999994039535522,0.99999994039535522,0.99999994039535522,0.99999994039535522,0.99999994039535522,0.99999994039535522
0.99999994039535522,0.99999994039535522,0.99999994039535522,0.99999994039535522,0.99999994039535522,0.99999994039535522,0.99999994039535522,0.99999994039535522,0.99999994039535522,0.99999994039535522,0.99999994039535522,0.99999994039535522,0.99999994039535522,0.99999994039535522
0.99999994039535522,0.99999994039535522,0.99999994039535522,0.99999994039535522,0.99999994039535522,0.99999994039535522,0.99999994039535522,0.99999994039535522,0.99999994039535522,0.99999994039535522,0.99999994039535522,0.99999994039535522,0.99999994039535522,0.99999994039535522
0.99999994039535522,0.99999994039535522,0.99999994039535522,0.99999994039535522,0.99999994039535522,0.99999994039535522,0.99999994039535522,0.99999994039535522,0.99999994039535522,0.99999994039535522,0.99999994039535522,0.99999994039535522,0.99999994039535522,0.99999994039535522
0.99999994039535522,0.99999994039535522,0.99999994039535522,0.99999994039535522,0.99999994039535522,0.99999994039535522,0.99999994039535522,0.99999994039535522,0.99999994039535522,0.99999994039535522,0.99999994039535522,0.99999994039535522,0.99999994039535522,0.99999994039535522
0.99999994039535522,0.99999994039535522,0.99999994039535522,0.99999994039535522,0.99999994039535522,0.99999994039535522,0.99999994039535522,0.99999994039535522,0.99999994039535522,0.99999994039535522,0.99999994039535522,0.99999994039535522,0.99999994039535522,0.99999994039535522
0.99999994039535522,0.99999994039535522,0.99999994039535522,0.99999994039535522,0.99999994039535522,0.99999994039535522,0.99999994039535522,0.99999994039535522,0.99999994039535522,0.99999994039535522,0.99999994039535522,0.99999994039535522,0.99999994039535522,0.99999994039535522
0.99999994039535522,0.99999994039535522,0.99999994039535522,0.99999994039535522,0.99999994039535522,0.99999994039535522,0.99999994039535522,0.99999994039535522,0.99999994039535522,0.99999994039535522,0.99999994039535522,0.99999994039535522,0.99999994039535522,0.99999994039535522
0.92307690244454399,0.84615382724083199,0.84615382724083199,-4.5849728458335903e-09,0.84615382724083199,0.84615382724083199,0.84615382724083199,0.84615382724083199,0.84615382724083199,0.84615382724083199,0.84615382724083199,0.84615382724083199,0.84615382724083199,0.84615382724083199,0.076923075203711999,-4.5849728458335903e-09
0.28947372469100785,-0.052631514938737613,0.3421052192386842,0.34210523806120186,-0.052631514938737613,0.28947372469100785,-0.052631514938737613,0.28947372469100785,-0.052631514938737613,0.28947372469100785,-0.052631514938737613,0.28947372469100785,0.28947372469100785,-0.052631514938737613,0.026315793153727954,1.882251768752777e-08,-0.34210523962974548
0.79389315608151823,-0.083969475086363765,-0.083969465076423958,-1.728989751370591e-08,0.50381682816610884,0.41984734807477403,0.50381682816610884,0.41984734807477403,0.50381682816610884,0.41984734807477403,0.50381682816610884,0.41984734807477403,0.41984734807477403,0.50381682816610884,-0.25190838718133912,-1.728989751370591e-08,1.0009939796025464e-08,0.29007632791540949,0.0839694800913348
0.39817628871343658,0.11246199555127366,0.11246200587791348,0.39817630755502803,-0.27659574662359332,0.23404256807753229,-0.27659574662359332,0.23404256807753229,-0.27659574662359332,0.23404256807753229,-0.27659574662359332,0.23404256807753229,0.23404256807753229,-0.27659574662359332,-0.060790261091943104,1.8841591439552749e-08,1.0326639829269448e-08,0.082066858189900616,-0.51063831470112553
0.3324138591256165,-0.066707480455071161,0.085692467379645101,0.015565879576866877,-0.049935309756373905,0.015565872160479857,-0.049935309756376119,0.015565873338413449,-0.049935309756375244,0.01556585860215743,-0.049935309756375418,-0.049935309756374335,0.015565866498557389,0.012970205508070749,-4.0200405242624426e-09,-2.2032910928096846e-09,-0.017509778655413349,7.6417469501280268e-06,0.0018188103172891428,0.43468885805304014,0.10894975219717062
0.12126682981986482,-0.10701825440320757,0.011682456258725946,-0.037477328232172785,0.011682450692596892,-0.037477328232174444,0.011682451576656996,-0.037477328232173784,0.011682440516837691,-0.037477328232173916,-0.037477328232173111,0.011682446443224746,-0.024532024649250889,-9.7467484547463342e-10,-3.6960443678431785e-09,0.021124995160359018,5.734161434315738e-06,0.0013650494826267438,0.32624163228999092,0.081768694809149653
0.24756508906349434,0.041428764643476473,-0.11190677135664362,0.041428752285201383,-0.11190677135664079,0.041428759242999609,-0.111906771356642,0.04142878560004605,-0.11190677135664207,-0.11190677135664399,0.041428765632356583,-0.031824309639781521,-5.3796662354262087e-09,-8.5670403867020025e-09,0.021650965849401394,-7.1395281151084274e-06,-0.0016993576142739315,-0.40614067528111203,0.24416025388483409
0.033207714648119731,-0.089700146337848494,0.033207704742203581,-0.089700146337846218,0.033207710319305951,-0.089700146337847203,0.033207731446095949,-0.089700146337847231,-0.089700146337848799,0.033207715440767553,0.031457524689553581,-7.7076124592372351e-09,-3.4715300117392495e-09,-0.039612084200828096,-5.7233127128560245e-06,-0.0013621392025564838,-0.32554666639326146,0.19570944792767031
0.6983127995062921,-0.088176017042793486,0.37959458587042227,-0.088176019593530996,0.37959458587042244,-0.088176023496939093,0.37959458587042255,0.37959458587042272,-0.088176019559579516,0.31871820576678367,-0.14210478953945707,1.4155494464840255e-08,1.4155491818992201e-08,-0.14210481735508948,-3.7392532346464413e-08,-8.917963019768733e-06,-0.0021317719301102542,-0.50948813298600426
1.2434514072174632,-0.16933058599004239,1.2434514149213165,-0.16933058599004278,1.2434514267105667,-0.16933058599004328,-0.16933058599004389,1.2434514148187747,0.27101140183452371,-5.3543999456451274e-08,-0.143202560798115,-1.8628427459222926e-08,-1.8628423562945683e-08,-0.14320253114527298,1.1289844347580794e-07,2.6937142529679787e-05,0.0064384809568947187,1.5387791724899087
1.8178350035251747,-1.4527654660972731,1.0994391994071142,-1.4527654873946712,1.0994391994071155,1.0994391994071164,-1.4527654659120302,0.71839578638101642,-0.20614895610434761,5.3244251296450031e-08,-0.20614885679073475,5.3244252630544889e-08,5.3244242266434493e-08,-0.20614895450280216,-2.0395754995282001e-07,-4.8664657015206746e-05,-0.011631175885629471,-2.7798198101009
-2.133210797480106,1.0746366780840693,-2.1332108242486503,1.0746366780840708,1.0746366780840721,-2.1332107972472749,0.33508397432791975,2.4421261457518995e-08,-0.07912994798315566,5.9336829323034244e-08,-0.079129838042774639,5.9336830954831015e-08,5.9336819215789759e-08,-0.079129943764891117,-2.5634666517553351e-07,-6.1166082782993869e-05,-0.014619142063516305,-3.4939352935540202
-0.088001900964321672,0.64289016581289815,-0.19259656754852517,-0.1925965675485255,0.64289015878036571,0.10459466400178252,-0.030525847464576483,-1.3299136156233691e-08,-0.030525856518467114,-1.3299133863581266e-08,-0.030525880923059509,-1.3299134275793804e-08,-1.3299131584165628e-08,-0.030525858243688427,6.6694979191364839e-08,1.5930350249442322e-05,0.0038075685967463701,0.90999855309833821
-0.40372379448176215,0.35178547006667016,0.3517854700666706,-0.40372378812242282,0.33776723833645611,-1.8504101362282199e-08,-0.076446705076250163,1.6411473885361832e-08,-0.076446688895997622,1.6411471354641646e-08,-0.076446658221384786,1.6411471753420836e-08,1.6411468575086836e-08,-0.076446688610873462,-6.0394510622103787e-08,-1.4405928329275124e-05,-0.00344308632451042,-0.82288839569142769
0.99999994039535522
0.99999994039535522
0.99999994039535522,0.99999994039535522,0.99999994039535522
0.99999994039535522
0.99999994039535522
0.99999994039535522,0.99999994039535522,0.99999994039535522
0.99999994039535522,0.99999994039535522
0.99999994039535522,0.99999994039535522
0.99999994039535522
0.99999994039535522
0.99999994039535522,0.99999994039535522,0.99999994039535522
0.99999994039535522
0.99999994039535522
0.99999994039535522,0.99999994039535522,0.99999994039535522
0.99999994039535522,0.99999994039535522
0.99999994039535522,0.99999994039535522
0.99999994039535522,0.99999994039535522,0.99999994039535522,0.99999994039535522,0.99999994039535522,0.99999994039535522,0.99999994039535522,0.99999994039535522,0.99999994039535522,0.99999994039535522,0.99999994039535522,0.99999994039535522,0.99999994039535522,0.99999994039535522
0.99999994039535522,0.99999994039535522,0.99999994039535522,0.99999994039535522,0.99999994039535522,0.99999994039535522,0.99999994039535522,0.99999994039535522,0.99999994039535522,0.99999994039535522,0.99999994039535522,0.99999994039535522,0.99999994039535522,0.99999994039535522
0.99999994039535522,0.99999994039535522,0.99999994039535522,0.99999994039535522,0.99999994039535522,0.99999994039535522,0.99999994039535522,0.99999994039535522,0.99999994039535522,0.99999994039535522,0.99999994039535522,0.99999994039535522,0.99999994039535522,0.99999994039535522
0.99999994039535522,0.99999994039535522,0.99999994039535522,0.99999994039535522,0.99999994039535522,0.99999994039535522,0.99999994039535522,0.99999994039535522,0.99999994039535522,0.99999994039535522,0.99999994039535522,0.99999994039535522,0.99999994039535522,0.99999994039535522
0.99999994039535522,0.99999994039535522,0.99999994039535522,0.99999994039535522,0.99999994039535522,0.99999994039535522,0.99999994039535522,0.99999994039535522,0.99999994039535522,0.99999994039535522,0.99999994039535522,0.99999994039535522,0.99999994039535522,0.99999994039535522
0.99999994039535522,0.99999994039535522,0.99999994039535522,0.99999994039535522,0.99999994039535522,0.99999994039535522,0.99999994039535522,0.99999994039535522,0.99999994039535522,0.99999994039535522,0.99999994039535522,0.99999994039535522,0.99999994039535522,0.99999994039535522
0.99999994039535522,0.99999994039535522,0.99999994039535522,0.99999994039535522,0.99999994039535522,0.99999994039535522,0.99999994039535522,0.99999994039535522,0.99999994039535522,0.99999994039535522,0.99999994039535522,0.99999994039535522,0.99999994039535522,0.99999994039535522
0.99999994039535522,0.99999994039535522,0.99999994039535522,0.99999994039535522,0.99999994039535522,0.99999994039535522,0.99999994039535522,0.99999994039535522,0.99999994039535522,0.99999994039535522,0.99999994039535522,0.99999994039535522,0.99999994039535522,0.99999994039535522
0.99999994039535522,0.99999994039535522,0.99999994039535522,0.99999994039535522,0.99999994039535522,0.99999994039535522,0.99999994039535522,0.99999994039535522,0.99999994039535522,0.99999994039535522,0.99999994039535522,0.99999994039535522,0.99999994039535522,0.99999994039535522
0.99999994039535522,0.99999994039535522,0.99999994039535522,0.99999994039535522,0.99999994039535522,0.99999994039535522,0.99999994039535522,0.99999994039535522,0.99999994039535522,0.99999994039535522,0.99999994039535522,0.99999994039535522,0.99999994039535522,0.99999994039535522
0.99999994039535522,0.99999994039535522,0.99999994039535522,0.99999994039535522,0.99999994039535522,0.99999994039535522,0.99999994039535522,0.99999994039535522,0.99999994039535522,0.99999994039535522,0.99999994039535522,0.99999994039535522,0.99999994039535522,0.99999994039535522
0.92307690244454399,0.84615382724083199,0.84615382724083199,-4.5849728458335903e-09,0.84615382724083199,0.84615382724083199,0.84615382724083199,0.84615382724083199,0.84615382724083199,0.84615382724083199,0.84615382724083199,0.84615382724083199,0.84615382724083199,0.84615382724083199,0.076923075203711999,-4.5849728458335903e-09
0.28947372469100785,-0.052631514938737613,0.3421052192386842,0.34210523806120186,-0.052631514938737613,0.28947372469100785,-0.052631514938737613,0.28947372469100785,-0.052631514938737613,0.28947372469100785,-0.052631514938737613,0.28947372469100785,0.28947372469100785,-0.052631514938737613,0.026315793153727954,1.882251768752777e-08,-0.34210523962974548
0.79389315608151823,-0.083969475086363765,-1.728989751370591e-08,-0.083969465076423958,0.50381682816610884,0.41984734807477403,0.50381682816610884,0.41984734807477403,0.50381682816610884,0.41984734807477403,0.50381682816610884,0.41984734807477403,0.41984734807477403,0.50381682816610884,0.29007632791540949,-0.25190838718133912,1.0009939796025464e-08,-1.728989751370591e-08,0.0839694800913348
0.11246199555127366,0.39817630755502803,0.11246200587791348,0.39817628871343658,-0.27659574662359332,0.23404256807753229,-0.27659574662359332,0.23404256807753229,-0.27659574662359332,0.23404256807753229,-0.27659574662359332,0.23404256807753229,0.23404256807753229,-0.27659574662359332,0.082066858189900616,-0.060790261091943104,1.0326639829269448e-08,1.8841591439552749e-08,-0.51063831470112553
-0.066698274589835363,0.085731579977316341,0.33236995403647374,0.015569323416387677,-0.049945106455689385,0.015569323561621806,-0.049945106455690488,0.015569321455285274,-0.049945106455689517,0.015569312186874433,-0.049945106455689711,-0.049945106455688629,0.015569320277413291,0.012972755796243638,-0.017513219552646214,-4.0208283241011884e-09,-2.2037236825051799e-09,3.1903720684064446e-08,7.6100162222279372e-06,0.0018186650517553389,0.43465862312721359,0.10897111754510377
0.21492454886493154,0.23817283255632987,0.043014200723316513,-0.11759934566624632,0.043014190253525257,-0.11759934566624497,0.043014201592763493,-0.11759934566624626,0.043014218902608689,-0.11759934566624607,-0.11759934566624776,0.043014200887117299,-0.036747792009128213,0.026056941573924991,-5.4563517612186394e-09,-9.199809202621754e-09,-2.3287583529676353e-08,-5.5446361532181156e-06,-0.0013251540959432742,-0.31670795851309508,0.25658042929354602
-0.27582002501516739,0.030114768002726663,-0.07971214388714884,0.030114759275248804,-0.079712143887147313,0.030114769419678295,-0.079712143887148743,0.030114787055286127,-0.079712143887148507,-0.079712143887150283,0.030114769253252609,0.035970323257535325,-0.043216882645636265,-7.3271415923637073e-09,-2.6072160505243796e-09,-3.0627936117366382e-08,-7.2972774673715359e-06,-0.0017439920076433811,-0.41681005712379626,0.17391742381601391
0.011211072766101834,-0.036204555441283572,0.011211072998863848,-0.036204555441284411,0.011211071279826085,-0.036204555441283676,0.011211064099851483,-0.036204555441283821,-0.036204555441282996,0.011211070401620981,-0.016364223012396026,0.013072900151606814,-1.3787537929622191e-09,-3.1333430868508839e-09,2.4312782416314795e-08,5.7928626529702276e-06,0.0013844523134282939,0.330880243281022,0.078991747022517808
0.69831518062342213,-0.088175582987998005,0.37959595370885463,-0.088175586166073169,0.37959595370885474,-0.088175589553591255,0.37959595370885474,0.37959595370885502,-0.088175585651722579,0.31871921904568445,-0.14210526177688898,-0.14210523404761408,1.4155546853749191e-08,1.4155549504761283e-08,-1.2535488783357244e-10,-3.7143521155070207e-08,-8.91963986799127e-06,-0.002131783312733553,-0.50949010408160522
1.2434590526034988,-0.16933591176253013,1.2434590622021344,-0.16933591176253063,1.2434590724333436,-0.16933591176253054,-0.16933591176253143,1.243459060648658,0.271011007067406,-5.3544344069678118e-08,-0.14320257630132402,-0.14320260503607241,-1.8628743640425275e-08,-1.8628747591522474e-08,4.0045923655276973e-10,1.1244923725744082e-07,2.6937692378679553e-05,0.0064385588084035434,1.538796179239357
1.8178656154649699,-1.4527911341698967,1.0994597977674518,-1.4527911526528434,1.0994597977674516,1.0994597977674536,-1.4527911313635014,0.71840579996074183,-0.20615167134458787,5.3245320835671636e-08,-0.2061516668216061,-0.20615157023321232,5.3245308290357101e-08,5.3245318721767766e-08,-7.8701073380406581e-10,-2.0335292572006938e-07,-4.8665752464088504e-05,-0.011631413248661326,-2.7798753975260899
-2.1331609959944493,1.0746212391331678,-2.133161019224636,1.0746212391331678,1.07462123913317,-2.1331609924672468,0.33508335455659938,2.4420302224825718e-08,-0.079130207480342427,5.9335897658985578e-08,-0.079130205089623637,-0.079130100990578447,5.9335883309848638e-08,5.9335895145347908e-08,-9.7812129770143809e-10,-2.555727248559028e-07,-6.1164541495812178e-05,-0.014618879298915022,-3.4938707638558579
-0.087998342488667558,0.64288527112621741,-0.1925948121132372,-0.19259481211323776,0.64288526415714531,0.10459646704217951,-0.030526258909031021,-1.3299054927364061e-08,-0.030526268708157313,-1.3299054704591997e-08,-0.030526268394895723,-0.030526290593068148,-1.3299051370310538e-08,-1.3299054090595993e-08,2.5222113900679203e-10,6.6446113763894107e-08,1.5930297213133084e-05,0.0038075462776746465,0.90999301160198343
-0.40372069987935166,0.3517850450789991,0.35178504507899955,-0.40372069357737739,0.33776697666410471,-1.8504147547560024e-08,-0.076446645518767078,1.6411450720982111e-08,-0.076446635188301928,1.6411450341053139e-08,-0.076446633567153199,-0.076446603493183676,1.6411446505898803e-08,1.6411449703032484e-08,-2.3375598168761503e-10,-6.0226770769982463e-08,-1.4405891361799577e-05,-0.0034430783880710584,-0.8228861008088143
-0.066697995719200279,0.085732742273791213,0.33236865507560459,0.015569433096262094,-0.049945395918665002,0.015569424688507491,-0.049945395918664717,0.015569420415728211,-0.049945395918664655,0.015569421093871176,0.015569413266298661,-0.049945395918663295,-0.049945395918664384,1.004954391528778e-10,3.1999821864015463e-08,7.6099019491035548e-06,0.0018186651375774751,0.43465771719126178,0.1089717491006348,0.01297283098144739,-0.017513321052666803,-2.2037364544571604e-09,-4.0208516273068871e-09
0.21492440700357104,0.23817366712675542,0.043014182745373927,-0.11759933724252948,0.043014193576727491,-0.11759933724253024,0.043014198492354647,-0.11759933724253048,0.043014200334245578,0.043014218304751481,-0.11759933724253249,-0.11759933724253079,-9.6307263721386337e-11,-2.3225624100698872e-08,-5.5446277549954703e-06,-0.0013251534814618885,-0.31670765415318158,0.25658041091453604,-0.036747806969529187,0.026056957300118515,-9.1998095922387597e-09,-5.4563503217720689e-09
-0.27581905577546995,0.030114733684160049,-0.079712085775479183,0.030114745645649966,-0.079712085775479877,0.030114751236493924,-0.07971208577548014,0.030114752521957382,0.030114770193333532,-0.079712085775482278,-0.07971208577548046,-1.1549651383988956e-10,-3.0610742653447087e-08,-7.2972346941106395e-06,-0.0017439926688101652,-0.41680975560361261,0.17391729702695438,0.035970308152710129,-0.04321686225793217,-2.6072134871166057e-09,-7.3271369134387648e-09
0.011211129714079568,-0.036204709042727101,0.011211123258250097,-0.036204709042726872,0.011211119984373193,-0.036204709042726844,0.011211120473058422,0.011211114369718155,-0.036204709042725783,-0.036204709042726629,1.1155421219064183e-10,2.4347039834841164e-08,5.7928942139349009e-06,0.0013844551072599881,0.33088021050079147,0.078992082152896728,-0.016364290197306678,0.013072953372750357,-3.1333562467418498e-09,-1.3787597760930144e-09
0.69831525006882289,-0.088175568996526565,0.37959599335194011,-0.088175569561682973,0.37959599335194011,-0.08817557032467617,-0.08817557427551008,0.37959599335194022,0.37959599335194011,1.8140414088843608e-12,-1.0912069129852536e-10,-3.7155210338541524e-08,-8.9193687862232531e-06,-0.0021317726640830174,-0.50949016077328146,0.31871924884800507,-0.14210527490842936,-0.14210524711447758,1.4155551084972522e-08,1.415554843781499e-08
1.2434592079089211,-0.16933606048920088,1.2434592096158443,-0.169336060489201,1.2434592119202879,1.243459223852865,-0.16933606048920169,-0.169336060489201,-6.5430901134525274e-12,4.094280877081275e-10,1.1246151062610328e-07,2.6937872151523449e-05,0.0064385263194725968,1.5387965965222494,0.27101098064649082,-0.14320256951660956,-0.14320259892047774,-5.3544351175105476e-08,-1.8628756051922583e-08,-1.8628752140705445e-08
1.8178666692856011,-1.452791941541387,1.0994604939602424,-1.4527919457044256,-1.4527919672609435,1.0994604939602444,1.0994604939602424,1.1661983215241269e-11,-8.11419367505831e-10,-2.0302691445503623e-07,-4.8667013965654161e-05,-0.011631387221308952,-2.7798771994311555,0.71840615758858917,-0.20615175564351668,-0.20615177225297032,-0.20615167484051314,5.3245353991827527e-08,5.3245353933895211e-08,5.324534355159183e-08
-2.1331592450944674,1.0746207097726095,-2.1331592503267527,-2.1331592774199057,1.0746207097726117,1.0746207097726093,1.4836480962111591e-11,-1.0148594044702645e-09,-2.5523618046911312e-07,-6.1165980226960136e-05,-0.014618821179604667,-3.4938684880787885,0.33508334757397906,-0.079130206092339408,-0.07913022694643114,-0.079130121662842487,2.4420270250402609e-08,5.9335862494545479e-08,5.9335862290228274e-08,5.9335850525343262e-08
-0.087998208651441381,0.64288504804446533,0.64288505510099103,-0.19259473788065201,-0.19259473788065132,0.10459652664682073,-5.9464965385186917e-12,2.5226199646512806e-10,6.6483216436456771e-08,1.5930898597636203e-05,0.0038075309343723685,0.90999274683212406,-0.030526277203510654,-0.030526283519921076,-0.030526278094459885,-0.030526300643484574,-1.3299051589994851e-08,-1.3299050334708252e-08,-1.3299050244127492e-08,-1.329904754475563e-08
-0.40372055767082737,-0.40372056405188478,0.35178500434897114,0.35178500434897053,0.33776693511459727,2.906211302730658e-12,-2.434000220889007e-10,-6.0096794082072721e-08,-1.4406195964150276e-05,-0.0034430683267370724,-0.82288595482132909,-0.076446632597090544,-0.076446622597229633,-0.076446627515712809,-0.07644659721059556,1.6411449059529014e-08,1.6411447641906599e-08,-1.8504147547560024e-08,1.6411447636027131e-08,1.6411444452671546e-08
0.34054820513111966,-0.043386032940295284,0.12040133048570512,-0.071798305017433839,-7.9215609333037598e-13,1.3749006915402404e-10,3.0451414565508867e-08,7.3217956234322678e-06,0.0017497018936279149,0.41817572736172925,-0.071798319323058538,-0.071798321080789221,-0.071798318590887034,-0.071798326305869797,-0.043830418933125538,0.036909825809248703,-0.076126529303170778,-0.076126529303170279,-0.076126529303169363,-0.076126529303170209,-0.11995694329577072,-0.076126529303169169,-2.3374968466517616e-09,0.046137283031971829
0.12670284399978407,-0.098412465317026618,-0.0094820453340856963,-1.3190104641704494e-12,1.1107306257740047e-10,2.3176959598241884e-08,5.6297384263347262e-06,0.0013455858937043467,0.32159462930422744,-0.0094820563357095357,-0.0094820576874780956,-0.0094820557726389715,-0.0094820617057834768,0.014716663645682453,-0.018693775430986072,-0.043748233437810792,-0.043748233437810403,-0.043748233437809717,-0.043748233437810362,-0.029031565992657448,-0.043748233437809571,-3.7218326715960047e-09,0.06641910266958119
0.28648713400206022,-0.073177670525439012,3.0723763643842179e-13,-1.3456354475520347e-10,-3.0536122957153466e-08,-7.3391540305748121e-06,-0.0017540639383706326,-0.41921759544221354,-0.073177665855942362,-0.073177658834250064,-0.073177661345517162,-0.073177641450525605,-0.013323477047354503,0.00039484548403317856,-0.14221493686472098,-0.14221493686472186,-0.14221493686472242,-0.14221493686472181,-0.1555384242438892,-0.14221493686472375,-8.4531365056058048e-09,0.15474872936596168
-0.12407281030257787,-6.9893117069592949e-14,-1.023362347672649e-10,-2.3863982696587077e-08,-5.7094277413979095e-06,-0.0013644407632770769,-0.32609761226549805,-0.12407280631762106,-0.12407280104743711,-0.1240728030003283,-0.12407278796802182,-0.084980274409893974,0.073517215691828813,-0.12609363805803597,-0.12609363805803658,-0.12609363805803708,-0.12609363805803661,-0.21107394948161079,-0.12609363805803811,-3.1337982240754213e-09,0.064039469107046471
6.1458326658102415e-13,4.4979131134975919e-12,-8.0276483031506481e-11,-1.5105676255034896e-08,-3.6353798172010275e-06,-0.00086896293384233162,0.15570819641348552,0.15570819571989794,0.15570819571673405,0.155708194120662,0.24728731827215356,-0.045605876128674096,-0.17019203148983228,0.34638351648731713,0.34638351648731708,0.59367084086476096,0.34638351648731713,0.30077763923267697,0.34638351648731736,1.0501828458965797e-08,-0.2076808569815787
0.37751402314355381,7.6710674294352449e-06,-0.37568787721566632,-0.18784398587191614,-2.239218341802613e-08,-2.3175699611259463e-13,-2.0008625084912921e-13,7.2161684702841018e-14,-6.7691308112537255e-13,-6.6735420419161017e-16,-6.6735420419161017e-16,-1.1611306738878837e-13,-6.6735420419161017e-16,3.439095252806752e-15,-6.6735420419161017e-16,8.8116320121171055e-14,5.8541776830094795e-15,-2.5934124725496383e-15,-5.1868243269943131e-15,-2.481114964328862e-13,-2.4811149454516149e-13,-3.6355717516039246e-13,-2.4811147831792386e-13,-2.440050338963863e-13,-2.4811152296623723e-13,-9.4966750369383734e-21,-1.1196195900466256e-08
0.18175190865550134,0.13592142501086429,0.067957114063638552,8.2285691847798656e-09,-2.9677845295357625e-13,-6.1820063147184121e-12,9.5594845497272196e-13,1.4650238130193815e-12,2.4143144750172967e-16,2.4143144750172967e-16,-7.6767096509709948e-13,2.4143144750172967e-16,3.1910519236734291e-13,2.4143144750172967e-16,4.2441703143996202e-13,-2.1178896949534937e-15,9.3822938895717911e-16,1.8764585543000094e-15,-2.7360444468627233e-13,-2.7360479547297209e-13,-1.041516686227972e-12,-2.7360437001783717e-13,4.5259276905606859e-14,-2.7360433967429816e-13,8.974733616146519e-21,4.050433477535165e-09
0.17005840115656079,-0.013364417532800769,3.1417315378139563e-08,-5.7233812470101724e-11,-5.8840716714971792e-11,-3.7011728496500434e-11,-3.5133898124593234e-11,-4.7507858962253193e-17,-4.7507858962253193e-17,1.5798355785607992e-11,-4.7507858962253193e-17,1.0521932080599768e-11,-4.7507858962253193e-17,-2.1519887264801368e-11,4.16749375305548e-16,-1.8462081036274004e-16,-3.6924157672359415e-16,5.2805695692890592e-11,5.2805695597146175e-11,6.860409957281528e-11,5.2805696898249903e-11,6.3327676811258528e-11,5.2805697010262268e-11,1.8647821092494475e-18,-8.3313829597784963e-10
1.4247434021084973,-1.1845167412377045,3.0330934342688389e-08,3.0639990014932243e-08,3.0661281591735185e-08,3.1255800612675866e-08,-3.5300552374826845e-08,-3.5300552374826845e-08,-4.4238881423511903e-08,-3.5300552374826845e-08,-4.43886025671448e-08,-3.5300552374826845e-08,-2.1463648488707828e-08,3.0966420023767794e-07,-1.3718186270643585e-07,-2.7436369271739866e-07,-4.6084027251958423e-08,-4.6084027233562343e-08,-5.5022356510232956e-08,-4.6084027232289339e-08,-5.5172077627060205e-08,-4.6084027196914662e-08,-1.9220779154143751e-15,-0.5922466563748241
0.43667180699944486,-1.2954560390188433e-06,-1.2958660840165359e-06,-1.2955211050170503e-06,-1.295601885793141e-06,9.8554825179112308e-09,9.8554825179112308e-09,3.8918891440024984e-07,9.8554825179112308e-09,3.8914997412928224e-07,9.8554825179112308e-09,-5.7226569986312678e-07,-8.6454457687586689e-08,3.8299498416169698e-08,7.6598987701251538e-08,1.9415656543471847e-06,1.941565654323774e-06,2.320899095615562e-06,1.941565654344204e-06,2.3208601553501593e-06,1.9415656543419623e-06,8.1029187275565823e-14,0.16534649785083075
-0.00020074901103909687,-0.00020074958037890971,-0.00020074922828548983,-0.00020075157112126583,0.067785437262808848,0.067785437262808848,0.06784423466602986,0.067785437262808848,0.067844234783896229,0.067785437262808848,0.067695205375173956,-0.59462874673298227,0.26342172920560009,0.52684339562816362,0.00030099208634346887,0.00030099208634359718,0.00035978949101640381,0.00030099208634359317,0.00035978960888252459,0.00030099208634385522,1.2562284052699607e-11,0.82369250520191462
0.13472956220912644,0.13472956220665419,0.13472956082386162,0.25348271760582997,5.0876079313037575e-05,-0.039410494747195289,5.0876079313037575e-05,-0.039410500354023395,5.0876079313037575e-05,-0.1472113390187357,-0.00044629614416012052,0.00019771008831707699,0.00039542012951260578,0.5531475180292641,0.29971567024575468,0.26025429844498243,0.29971567024575468,0.26025429283815404,0.29971567024575452,9.0869319477085951e-09,-0.17908139364933334
0.11873274292457456,0.11873274170596511,-0.034731179572843475,0.2581620191258357,-0.034731175882107071,4.4835566727858598e-05,-0.034731180823220693,4.4835566727858598e-05,-0.12973252411947955,-0.00039330744078680036,0.00017423598628677164,0.00034847193104673259,0.22935357330506209,0.52224677923499718,0.2293535769957985,0.26412958930322022,0.22935357205468471,0.26412958930322072,8.0080150782406677e-09,-0.15781855653211715
0.10613146594788621,-0.03104510988416545,-0.031045107578170084,-0.031045106585132168,0.26184809916459972,-0.031045111001838269,4.0077011701327816e-05,-0.11596382581166896,-0.00035156435073759875,0.00015574371354758714,0.00031148738997574879,0.20501195042444353,0.20501195273043893,0.20501195372347689,0.49790516670446494,0.20501194930677055,0.23609713808777455,7.1581129805848021e-09,-0.14106904859793529
-0.028066380933815849,-0.028066378849077114,-0.02806637795131945,-0.028066379988873378,-0.02806638194424976,0.26482681110287348,-0.10483728496465507,-0.00031783776380668263,0.00014080276779217718,0.00028160550202590293,0.18534138910728132,0.18534139119202017,0.18534139208977782,0.18534139005222386,0.18534138809684739,0.47823458837522531,6.4713037482046571e-09,-0.12753369663862699
-0.43421952086180632,-0.43421952300297223,-0.43421952237054684,-0.43421951861899977,-0.43394244573431007,-0.36807927577948707,-0.64835473492358586,0.33770606407214809,0.67730272249111056,0.23970101387858606,-0.085463514621995446,-0.085463514675101215,-0.085463514051111286,-0.085463512891670187,-0.085463515321259079,0.074654529864492031,1.0594710884420324
-0.76747001685853589,-0.76747001574074347,-0.76747000910999497,-0.76698029102770815,-0.65056911232794912,-1.1459476032294496,0.59688536530685299,1.1971122956440501,0.022945682438837343,0.24966450671491755,-0.15105419866915662,-0.15105419756627325,-0.15105419551699598,-0.15105419981122173,0.13194964580627516,1.8725834423350354
-3.3005203145552078,-3.3005202860217659,-3.2984142437335113,-2.7977856240814116,-4.9281708193959295,2.5669175734824079,5.1482056207976719,0.098678377363992001,0.098678421202485045,0.32539722065469445,-0.64961162342873646,-0.64961161461577832,-0.64961163308318248,0.5674521069820152,8.0530829361989777
1.4346842750687705,1.4337688116147587,1.2161534212212131,2.1421983705708714,-1.1157987095972435,-2.2378440389345853,-0.04289393755193039,-0.042893956607834044,-0.042893952059287026,0.18382486124227587,0.28237595678262856,0.28237596481011884,-0.24666250903128681,-3.5005485361011925
0.5888930743511015,0.49951172259746562,0.87986694260491438,-0.45829294453515412,-0.91915156895369421,-0.017617864788345081,-0.017617872615192546,-0.017617870747348861,-0.017617864657279183,0.20910091525399685,0.11598051679119534,-0.10131189911229911,-1.437783250741143
0.3145849706928755,0.55377207539144346,-0.28595034710884276,-0.57848712785429979,-0.011115757842575704,-0.01111576277430708,-0.011115761590975867,-0.011115757751403698,-0.011115741630364443,0.21582287659599067,-0.063555848996988185,-0.90489874981679297
0.32666137391329569,-0.17204806175815429,-0.34226308488994034,0.11564159097544188,0.11564158665204378,0.11564158738676043,0.11564159102453231,0.11564160290027994,0.11558028157754115,0.17584481019101916,-0.7308316513128762
-0.32275205877500163,-0.72030550512485703,0.0032157025005045028,0.0032157021061782975,0.0032157019664936651,0.0032157025948475644,0.0032157046719055869,0.0032180737916637087,-0.02848961883461323,-0.88549987053762191
0.68091766966329792,-0.0028376016715407145,-0.0028376010571431964,-0.0028376010516514569,-0.0028376014339636423,-0.0028376035307502751,-0.0033416264459206163,0.026207582640048566,0.5886575720717836
-0.0054016954795985195,-0.0054016937194280301,-0.0054016941210555539,-0.0054016950168214693,-0.0054016984652957472,-0.0047718683985991765,0.047260309155428996,0.8543966308097386
-3.6713083859633584,-3.6713083793412737,-3.6713084121523338,-3.6713084584519589,-3.6711271514280059,-0.30134097167748192,5.564856910446629
1.3743484926242187,1.374348504906987,1.3743485222391791,1.3742806502400753,0.11280651565350693,-2.083195398064253
0.57883187350733556,0.57883188080728432,0.57880329527811947,0.047510516273449668,-0.8773756365810742
0.36662035904625062,0.36660225354985204,0.030092195087592668,-0.55571191758424354
0.26825463241945269,0.022019417632994125,-0.40663225817331933
0.017256139441217001,-0.32062846769226427
0.15473256095483048






















