0.0069366195 -0.0548841804 -0.0224999562 0.0159730334 -0.0063200183 0.0201701522 -0.0045078243 -0.0112207038 -0.0690290108 0.3677341044 -0.0088234572 -0.2087130696 0.0828939602 -0.2037640810 0.0169454385 0.0576626584 0.0077850181 -0.0170788579 0.0950769261 0.0640829727 -0.0257490836 0.6814010739 -0.0112889325 0.3693683147 -0.0258180778 0.0088469619 -0.0056790947 -0.6082510352 -0.5520100594 -0.2424614877
-0.0504657440 -0.0252832938 0.0164839737 0.0185949914 0.0025741551 0.0100150900 0.0064953105 -0.6067572236 0.2164342999 -0.0710561797 0.5667155385 0.0683141798 0.1869314164 -0.0160151422 0.0074279578 -0.0162529461 -0.0334621482 -0.5106130838 -0.0115647595 0.1241675466 0.1066968888 -0.0896890461 0.0141389742 0.0719502941 -0.0006307119 0.0288761593 -0.0159813203 -0.3865715563 -0.1473207176 0.0484241992
0.0043425285 0.0115598133 -0.0137162218 0.0207104664 0.0626615435 -0.0630657598 0.0236684065 0.0274916124 0.0284232795 0.0517938174 -0.0007333587 -0.0018991495 0.0252536200 0.0652276799 -0.0476651005 0.2959612608 -0.1346114874 -0.0416753292 -0.0365069062 -0.0493723974 -0.0141348122 -0.0221647471 -0.0022248346 0.0641408786 0.4133087695 -0.4218412340 -0.0623581111 -0.0934709311 -0.1088860855 -0.0605150573
0.0000060156 0.1044367701 -0.0007166842 -0.0002852636 0.0001573598 0.0199300032 -0.0019118030 0.6036120653 -0.5920833349 0.1304782033 0.4158384800 0.0329102017 0.0109107234 0.0180171151 0.0041714301 0.0082827294 -0.0041631968 0.5402691364 -0.4832115173 0.0356907062 -0.2681550682 0.0736252069 0.0408643596 0.0004966262 -0.0072978456 0.0413193367 0.0049038087 -0.0806432143 -0.1231672764 -0.1567556560
-0.0093126735 0.1179864407 -0.0457480997 0.0589867644 -0.0030627479 -0.0576423407 -0.0020949247 -0.1774211973 -0.1999318749 -0.0641576871 -0.3816934526 0.5447511673 0.2670012414 0.0935389474 -0.0076789898 -0.0224676244 0.0053387112 -0.1226607412 -0.2014084160 -0.0468597859 -0.3387554884 0.3743749857 0.1070114896 -0.1332247257 -0.0213483498 -0.1391408741 -0.0041049644 -0.5303776264 -0.4255188406 -0.1218790933
0.0588015467 -0.0471819378 -0.0013524342 0.0471794233 0.0127275446 -0.0242185015 0.0701241344 -0.0385014936 0.0368579961 -0.0298140906 -0.1111997291 0.0475793593 0.1804539710 0.0862301365 -0.4837244451 -0.2407594770 -0.1953914762 -0.0794268325 -0.0241032131 -0.0855171531 0.0167209022 -0.0250322260 0.3311907947 -0.0238463134 0.0654548109 -0.3231506944 0.1476443410 -0.1606376171 -0.2023080885 -0.1848346889
0.0048226700 -0.4394077957 0.0032868141 -0.0115034338 -0.0005813192 -0.0111873085 0.0009952803 0.1534653902 -0.2090550363 0.2747449577 -0.3529022932 -0.2963964343 0.0206247643 -0.1349477619 -0.0014348329 -0.0140336184 -0.0026161356 0.1054549962 -0.1534172893 0.3245867491 0.2409313917 -0.1889644712 -0.4147516191 0.0310173538 -0.0117440596 -0.0095568970 0.0052223084 -0.0879639387 -0.1146076694 -0.1287552416
0.0001444386 -0.0143941538 0.0014694524 -0.0754008144 0.0126743447 -0.0535548776 0.0012233899 0.0152691752 0.0044755293 -0.0053502326 -0.0026235373 0.0222855080 -0.0014680859 0.0369825214 0.0778365955 0.3412272334 0.0175191257 -0.0017992983 -0.0033038445 -0.0319950953 -0.0037105004 0.0069296556 -0.0205762088 0.0823238194 0.7942944765 0.4260781705 -0.0117179044 -0.0685374513 -0.0791421682 -0.0641210601
-0.0003649220 0.0058777924 0.0142358709 -0.3640020788 0.0013798645 -0.0741049126 0.0076710973 0.0061037038 0.0104195131 0.2995674014 0.0042481166 -0.0220725499 -0.0740903914 1.3616507053 -0.0243417043 -0.2955138385 -0.0165948309 0.0036476939 -0.0314803571 -0.2306072116 0.0326409899 -0.0865853503 -0.0213118941 -0.1831066161 0.0529732890 0.2155904919 -0.0031723825 -0.1762903333 -0.1640833467 -0.1049778312
0.0000701800 -0.0004009112 -0.0041129598 -0.0581454970 0.0061290199 -0.1377147883 0.0027307458 0.0310893711 0.0014182091 0.0240705181 0.0011043928 -0.0020576154 0.0130772442 -0.0442528911 0.6705236435 0.3637924194 -0.0353295468 -0.0028545803 0.0182996895 0.0243783742 0.0095860334 0.0083944937 0.0122299325 0.0381833538 0.2601386905 0.2086205482 0.0046788431 0.0073256106 0.0581937879 0.0860133171
-0.0037326135 0.3697487414 -0.0021182336 0.1777889729 -0.0051451903 0.0174127724 -0.0047882027 -0.0243058279 0.0013003007 0.1142891496 0.0137888668 0.2269244492 0.1218400523 0.0750761107 0.0212044679 0.0167646520 0.0005759681 0.0310242902 -0.0016486507 0.0977641717 0.0080580236 -0.2831372619 -0.6542615891 0.3628347516 -0.0033546907 0.0253109727 -0.0085204393 -0.0381273255 -0.0432779230 -0.0024526732
-0.0004076909 0.0083066151 -0.0002849550 -0.0922728628 0.0015176006 0.0279211812 0.0005438161 -0.0328488387 -0.0415325947 -2.1318078041 -0.0003230875 -0.0130165331 0.0011793962 -0.0240407009 -0.0012791728 0.0150738163 0.0012272170 -0.0358757824 -0.0136236297 -2.1966001987 0.0038185695 -0.0434220396 0.0022530616 0.1086054966 -0.0010074947 0.0401361957 0.0008549581 0.3411607146 0.3166930676 0.2926597893
-0.0036438429 -0.1549950987 0.0023692462 -0.0140636563 0.0010140412 0.0034244829 -0.0009344482 -0.0016323881 -0.4539367557 0.4825098515 -0.2061781734 -0.1710941792 0.0092350729 0.0550419986 -0.0053198789 -0.0112681864 0.0120941689 -0.0011108001 -0.3401827216 0.3818898499 0.0247113798 -0.1540999711 -0.0387025103 -0.0274843518 -0.0004160708 0.0061538192 0.0065590166 -0.0267832875 -0.0709129572 -0.4250479341
-0.0191857871 0.0063504325 -0.0029346950 -0.0092762290 -0.0019280774 0.0049393610 0.0039520180 0.7925990820 0.7268936634 0.0078012124 -0.4303451180 -0.0102956090 -0.0073242621 -0.0109654590 0.0014617668 0.0001095268 -0.0054015070 0.7795314193 0.6913908124 -0.0330912508 0.5564597845 -0.0002831589 -0.0011919494 0.0038356869 0.0013166945 0.0050022355 -0.0029276467 -0.0562391169 -0.0586548224 -0.0655023605
-0.0067688562 -0.2012233734 0.0018227950 0.0390944146 0.0047916975 0.0023877167 -0.0022037672 0.2545220256 -0.6279782057 0.0635393411 -0.5936333537 -0.1599879712 -0.0132919215 0.0032758683 -0.0197723657 0.0071637724 -0.0062871189 0.2439913005 -0.5856617093 -0.0493424013 0.2418987602 0.3696150780 -0.0471830517 -0.0009475360 -0.0128883971 0.0063466299 0.0032803740 -0.1672843248 -0.1194339022 -0.1873107851
0.0169281457 0.0040818797 -0.0025368594 0.0448034778 0.0013030376 0.0093648098 0.0013336478 0.6481052637 0.1810457557 -0.0229777861 0.6783777475 0.0155048771 0.1666579247 -0.0253350455 -0.0084477989 0.0134950140 0.0043273815 0.5514819622 0.0506897159 -0.0084921531 -0.3466290534 -0.0219335519 0.0013405532 -0.0582796261 0.0066716927 0.0070869452 0.0006069308 -0.2230539173 -0.1468371898 -0.0800997466
-0.0102772648 -0.0071982522 0.0070010452 0.0059626130 0.0235554613 -0.0509645455 -0.0167929977 -0.0175495613 -0.0220514759 -0.0521598309 0.0434290618 0.0099310894 -0.1386338174 -0.0281876419 0.6709657311 -0.4799900353 0.0068183071 0.0331672542 -0.0069580916 -0.0010658603 -0.0052263872 0.0112882303 -0.0646876991 0.0351468027 0.0474968068 -0.3438188434 -0.0348114260 -0.1238472760 -0.1134420931 -0.1931851804
-0.0119403284 0.0452192239 0.0062285047 -0.0008589924 -0.0110676391 0.0460852571 0.0172182098 0.0543088578 0.0011503339 0.1144919097 0.0287957676 -0.0278773718 -0.0089668250 -0.0942107886 0.0157025978 0.0178794712 -0.0349765643 -0.0937201232 -0.0153982695 -0.1904633045 -0.0062480569 -1.9402765036 0.0997622162 0.4905035794 -0.0006932620 0.0553450547 0.0031359389 -0.4137049615 -0.3811308742 0.0279593579
-0.0072416891 -0.0596695282 0.0189121030 -0.0523063652 -0.0022638701 -0.0063635828 -0.0084528355 0.2010746300 0.0463140272 0.0163486153 0.0240591001 0.1078592017 -0.0401702262 -0.1635188907 0.0067991843 0.0024579030 0.0071616108 0.2871343493 -0.0286858622 -0.0319043100 0.2387457341 0.6957460046 -0.3788854182 0.0707038343 0.0154646337 -0.0109329913 -0.0093728472 -0.2400458902 -0.3984796405 -0.1431852728
0.0124346977 -0.0044973022 0.0074446825 0.0248273052 -0.0039484194 -0.0050622225 -0.0038476496 0.6544123888 -0.0266551748 -0.0026977600 0.6917819381 -0.0044936412 0.1962096989 -0.0467017926 0.0046008066 -0.0094023943 0.0056475303 0.5722655654 -0.0405156463 -0.0404469818 0.1925419271 -0.0263923407 0.0114494245 -0.0391094796 0.0069842930 -0.0059583108 0.0093424674 -0.1684093773 -0.0915279314 -0.1187614352
0.0017521891 -0.0064184349 -0.0008816266 -0.0227683932 0.0000258701 0.0145005910 0.0007054616 -0.5728399754 -0.0054306197 0.5897318125 -0.0007811746 0.0102030048 0.0023028741 -0.0232103541 0.0000975610 0.0117398528 -0.0047067092 -0.4730410874 -0.0289309584 0.4505513310 -0.0082616033 0.0521584637 0.0012889419 0.0197889339 -0.0001713733 0.0166700352 -0.0026937870 0.0104524121 -0.0118512809 -0.3166388869
-0.0124478647 -0.0036429327 0.0017064331 -0.0011176218 0.0024150191 0.0061218259 0.0052110841 -0.6774324775 0.4567760527 -0.1762852520 -0.2731298506 -0.0490434915 0.0056511527 0.0043057036 -0.0007154733 0.0046590101 -0.0108046066 -0.6200959086 0.3650244176 -0.1980462968 0.3770767152 0.0437287875 0.0076860129 -0.0181970764 -0.0017608248 0.0106532061 0.0105903717 -0.1147418618 -0.0678480640 0.0322225615
0.0015340238 -0.0072914818 -0.0012346766 -0.0246903654 0.0004936708 0.0287959948 0.0019083417 0.7192211747 0.6858555079 -0.0253699142 -0.4060549140 0.0223043971 0.0008006085 0.0109327119 -0.0029899534 0.0145446695 0.0030180791 0.6919384599 0.6459738612 -0.1207097918 -0.3856886029 -0.0132846730 0.0077559184 0.0168246143 0.0052754274 0.0439436883 -0.0011171286 -0.0613185093 -0.1153110564 -0.0563520230
0.0049483012 0.1156046987 0.0022694767 0.0091943983 0.0008927030 -0.0222357828 0.0000889677 0.0232847519 0.6886870861 -0.5244585276 0.3434070051 0.3123787642 -0.0179723743 -0.0103227682 -0.0035304821 -0.0134508247 -0.0079190694 -0.0551110357 0.6540474892 -0.9304932952 0.0586812012 0.2093880922 -0.0050525665 -0.0074727898 -0.0051979334 -0.0429471917 -0.0021211971 0.0185731594 0.0698796287 0.0121764690
0.0045162020 -0.0182324518 -0.0042237621 0.0489137508 -0.0015108208 -0.0076879743 -0.0015983512 0.2773334682 0.7541393638 -0.0666698068 0.2786588669 0.0125659220 0.0370120220 0.0239890870 -0.0021828883 -0.0170770660 0.0071355021 0.1670530587 0.6937670112 0.0594786219 -0.7143694162 -0.0181299038 -0.0001253776 -0.0548133962 0.0071296161 -0.0083273184 0.0004922993 -0.1943089366 -0.2995342314 0.0599078983
-0.0023985552 0.1661123931 -0.0373440795 0.1335605085 -0.0056754020 -0.0095069120 -0.0152149927 0.0233298894 0.0086746318 -0.1083894670 -0.0702624470 -0.0840268210 -0.3938863575 -0.0679367185 -0.3302924037 -0.4841145277 0.3232433498 0.0329967961 -0.0385149755 -0.0885160044 -0.0264054593 -0.0891748965 0.1209580451 -0.0106969792 -0.1014395878 -0.2217169404 0.1436300874 -0.0734444261 -0.2804270685 -0.2533049285
0.0129585331 -0.0277904384 0.0015245012 0.0846802518 0.0074663684 -0.0139111280 0.0065171639 -0.4577994645 0.2163553834 -0.0258621145 -0.6055834293 0.1031079665 0.3667557538 -0.1329452544 -0.0082033202 0.0091768000 0.0022566800 -0.3642504513 0.1789862216 -0.0285422504 -0.1898076981 -0.0342309438 0.0574733913 -0.1475222260 0.0166240036 -0.0326357968 -0.0004892855 -0.1838218123 -0.0889968723 -0.1165011078
0.0046586841 -0.0350070037 0.0136142131 -0.0816075653 -0.0583590269 -0.0024167509 0.0067628683 0.0068696593 -0.0200070031 0.0383024029 -0.0120859435 0.0250379592 -0.8488324285 -0.6590250134 -0.0009072867 0.0065380130 -0.0168058518 -0.0003009882 0.0177798141 0.0450089127 0.0071519758 0.0344412103 0.2307618111 -0.1466908157 0.0775178745 -0.0210878085 -0.0105212322 -0.1027606204 -0.1221568137 -0.1625585705
-0.0026042729 -0.2168429345 -0.0023856445 -0.0214119647 -0.0034730497 -0.0311233327 -0.0022606191 0.0324893557 -0.0005928137 0.0203059670 0.0034188330 -0.3364504576 -0.1597770602 -0.7187231183 0.0052780211 0.0090855462 -0.0061820857 -0.0276778266 0.0211215019 0.0144850500 -0.0246598907 0.4954343438 -0.8587865829 -0.2167510241 -0.0075549381 -0.0619715713 0.0032234371 -0.2298447937 -0.2480058074 -0.2723298073
0.0091002518 0.3054023981 -0.0009794985 -0.0217033569 0.0030385787 -0.0155912098 -0.0051694917 -0.2490274608 -0.3508478701 0.4372615516 0.2833275795 0.2596984804 -0.0100683542 -0.0576970130 -0.0036490143 0.0025018170 0.0054526911 -0.1971050352 -0.3229490221 0.4119132459 0.2239459157 -0.1889814585 0.1573652327 0.0136870220 0.0041436874 -0.0270530451 -0.0037964643 -0.0884356052 -0.0797568187 -0.2958836854
-0.0093497895 -0.2350408733 -0.0000899420 0.0437914617 0.0014469128 -0.0118455207 0.0004218963 -0.6912077069 0.0850853473 0.1449183673 0.0655818954 -0.0510748327 -0.0038499790 0.0525668226 -0.0016939875 -0.0055893613 -0.0146373743 -0.6883909702 0.0101056267 0.0790146217 -0.5399591923 0.3186467588 -0.0323928148 -0.0378008485 -0.0011075356 -0.0142837781 -0.0068480228 -0.1179924905 -0.0755914152 -0.1851862222
-0.0638419613 -0.0011815313 0.0119156279 0.0457713082 -0.0044405027 0.0317172930 0.0066785659 -0.4012522101 -0.3382749856 -0.0087702991 -0.4794310927 -0.0312531330 0.3453745544 -0.0979223028 0.0013722872 0.0198002681 -0.0110454420 -0.2557426095 -0.3308689296 -0.0442264564 0.3004555106 -0.0682208017 -0.0028398125 -0.0965486690 0.0133390268 0.0236604083 0.0073115327 -0.1963933408 -0.1069908515 -0.1616107672
-0.0070091560 0.3176404536 -0.0032040626 -0.0084147071 -0.0009415625 0.0091205854 0.0031745278 -0.3562358618 0.2316184193 0.4932502508 -0.1637279391 0.3001983166 -0.0020642953 -0.0928507522 -0.0020686842 0.0052817040 -0.0122258766 -0.2716204524 0.1579061002 0.4563934803 0.3119884431 -0.2468340695 0.1734178066 0.0010473621 0.0021837736 0.0156320110 -0.0000442589 -0.0873853862 -0.0894631073 -0.3611726463
0.0059012398 -0.0919301882 -0.0029366438 0.0342849046 -0.0025831829 -0.0049445005 -0.0013352552 -0.3917610943 0.6611955762 -0.5735576749 -0.3270988166 -0.1834685057 -0.0055944412 -0.0098165590 0.0083600841 0.0071378718 0.0055631511 -0.3230112195 0.6179214120 -0.5270679593 0.2075845450 0.2478072345 0.0067011281 -0.0141401757 -0.0006571320 -0.0120376041 -0.0005128955 0.0502831303 -0.0292281043 0.1028927416
-0.0035024027 0.0023670010 -0.0015254997 -0.0149298804 -0.0026965935 -0.0025793703 -0.0016268679 -0.9261288643 0.1265196502 0.0283053592 0.7861016989 0.0002142721 -0.0422899425 -0.0088223340 0.0048188968 -0.0038746491 -0.0088969897 -0.9077573419 0.1121786535 -0.0349520333 0.0250290502 -0.0033202812 0.0064438274 0.0155953234 0.0005339888 -0.0038947177 0.0044597085 -0.0341077335 -0.1430802196 -0.0355707258
0.0032339708 0.0103740646 -0.0003848449 0.0129780238 -0.0008052242 0.0005361045 0.0005784628 -0.3021003604 -0.9373943210 -0.0061595966 -0.2502329648 -0.0140425842 0.0484831110 0.0033007418 0.0060094059 0.0072930022 -0.0005272545 -0.2205014974 -0.8796435595 -0.0500622988 0.7221267223 0.0126368366 0.0027276622 -0.0256083719 -0.0050534098 0.0040447307 0.0020593042 -0.0662921816 -0.1293813884 -0.0377921015
0.0036931797 -0.2744365633 0.0086207455 -0.0509600751 -0.0033493538 -0.0072007384 0.0010164122 -0.0124510694 0.0108022662 -0.0115611479 0.0016145640 -0.1387902051 0.5353550911 -0.4438909292 -0.0086017260 -0.0035263621 -0.0056864643 -0.0053128679 -0.0052826884 -0.0864585787 0.0118968599 0.3328225017 0.6658161879 -0.2524451017 -0.0038159040 -0.0225673616 -0.0034369503 -0.1902290434 -0.1847388297 -0.1365464330
0.0015255647 -0.1417279094 -0.0011521897 0.0155652445 -0.0010467104 0.0102580506 0.0043934360 0.6525553465 -0.4193191230 0.2184453309 -0.2925952673 -0.1110750362 -0.0023091836 0.0226957537 0.0077869399 -0.0014513209 -0.0143290339 0.5999311209 -0.3781659007 0.1251539588 0.4604377747 0.1187304258 -0.0447011814 -0.0175330713 0.0018890315 0.0135231894 -0.0014861106 -0.1163963377 -0.0627559796 -0.2164993584
0.0008123731 0.1452516168 -0.0005274447 0.0075188559 -0.0030629558 0.0184593946 -0.0005368749 -0.7350618243 -0.2491734922 -0.6671130061 -0.1105284318 0.2375152260 -0.0264124870 -0.0335287265 0.0109083997 0.0013989437 -0.0045307893 -0.6747758389 -0.2905518115 -0.7115622163 -0.3353364468 0.1368608326 -0.0010470570 0.0032864320 0.0051869033 0.0241972189 0.0030911544 0.0188302677 0.0129905567 0.0956507698
0.0024733010 -0.0289038774 -0.0008038066 0.0105886394 -0.0015966045 -0.0002321055 0.0012923477 0.8086160421 -0.4668832719 0.0127511444 -0.7240976095 0.0365503542 -0.0584881529 -0.0205105990 -0.0014016350 0.0006077220 -0.0010047299 0.7585614324 -0.3196243644 -0.0410228297 -0.3035028577 -0.0009487924 -0.0011712109 -0.0165549889 0.0000446324 -0.0002267527 -0.0018753085 -0.1579157561 -0.1261107326 -0.0664816052
0.0096987868 -0.2242463529 0.0178388525 -0.0244935937 0.0015795248 -0.0220663734 -0.0015708489 -0.0428039655 -0.0578816049 -0.0412829481 -0.0305375345 -0.3968044519 -0.1650924981 -0.4086122513 0.0060658408 0.0351166017 0.0127189783 0.0058029294 0.0737601593 -0.2350817025 -0.0402473323 -0.1165140346 0.6255446076 -0.4596478045 -0.0022389882 -0.0440828018 0.0077519100 -0.1982981265 -0.2485431135 -0.2059150189
-0.0057043904 -0.0153950406 -0.0021022903 -0.0006835141 -0.0006089520 -0.0192421097 -0.0007605330 -0.6599715352 0.5618438721 -0.0519065782 0.4747889936 0.0327395312 -0.1429185718 -0.0063083689 0.0018324022 -0.0237730779 0.0067134048 -0.5709823966 0.3970779479 -0.0428669341 0.5456110835 -0.0067611458 0.0140282130 -0.0094058020 -0.0053272098 -0.0286701284 0.0017771560 -0.1421094686 -0.1454326957 -0.0254447088
-0.0061642244 -0.0822014064 -0.0440893732 0.2164704651 -0.0013923848 -0.0041492977 0.0097214887 -0.0036046656 -0.0222368166 0.0432048365 0.0225069281 0.3312259614 -0.6706537604 0.0153801208 0.0046470203 -0.0100610014 -0.0144321406 -0.0117698526 0.0063330466 -0.1069918200 0.0136923827 0.5179163814 -0.1234912053 0.3062025011 -0.0052228691 -0.0182643831 0.0079104658 -0.1942612380 -0.2041947842 -0.1748728603
0.0254886467 -0.0528959520 -0.0036208534 0.0828734189 0.0069889114 -0.0235388633 0.0022437631 0.3876441121 -0.5288164616 -0.0958839804 0.4410877824 0.0633477941 -0.0332332626 0.0286189113 -0.0166491959 -0.0154150566 0.0050382288 0.4270790219 -0.4833434224 0.0140379509 0.5427550673 -0.0490327850 -0.0134988958 -0.0460696146 -0.0092850570 -0.0312205646 -0.0123007512 -0.2775504589 -0.2357404083 -0.0066213156
-0.0051909983 -0.2213452756 0.0130399913 0.0900596753 -0.0054232725 -0.0126047106 0.0050933417 -0.0122470707 0.0014054177 -0.7540484667 0.0208156276 -0.4540922940 0.0649727285 -0.1497256458 -0.0061021764 0.0029784101 -0.0094282823 0.0256739538 -0.0251712501 -0.6925043464 0.0118373297 0.2390457541 0.5664006472 0.0504678227 -0.0076546837 -0.0262031592 0.0063489880 -0.0562142357 -0.0030356066 0.0476504415
-0.0180161521 -0.2717814445 0.0033881997 0.0695380047 -0.0114923269 0.0011141297 0.0044952477 -0.3243582845 0.0503553376 -0.2587663233 0.0332203917 -0.2882442176 0.0341635123 0.0369366221 0.0169767570 0.0092239575 -0.0049450705 -0.5646175742 -0.0335570276 -0.2540208697 0.4269302785 0.1015149131 -0.1311517358 -0.2088868916 0.0056538903 0.0081296135 -0.0014446245 -0.0053271381 -0.2151077539 -0.0374954678
0.0115975393 -0.2510325611 -0.0061015999 0.0561478473 0.0023628555 -0.0113503272 -0.0016553123 0.4316396415 0.5118324757 0.0635109097 0.5848325491 -0.2424238026 0.0040319189 -0.0158441532 -0.0070462180 -0.0152444737 0.0103911189 0.4391895831 0.4992213845 -0.0095822364 0.5178823471 0.1786291152 -0.0351907611 -0.0064604906 -0.0027285884 -0.0086385980 0.0039322432 -0.1168811992 -0.1596758515 -0.2248480916
-0.0036077737 -0.0026005113 0.0064950311 -0.0336211622 -0.0022204274 0.0525833294 0.0072018648 -0.0595261902 0.0046017757 -0.3823798895 0.0133555373 0.0490129292 -0.0424080193 -0.5268487930 -0.0812350065 0.3260796666 -0.0162197147 -0.0517914332 -0.0145771401 -0.1156921387 0.0130283590 0.2226896882 -0.0270343032 0.3051821589 0.1044393480 -0.2283649743 0.0030324808 0.3060548306 0.3101760447 0.4672517478
0.0123068588 -0.1845827997 0.0022788735 -0.1825617403 0.0040651388 -0.0609883182 -0.0059627276 0.0071572149 0.0017837472 0.0800883919 -0.0186948273 -0.1004561260 0.3499214947 0.2319176793 -0.0023288114 -0.0168718174 0.0097329989 0.0365611017 -0.0006858240 0.0926920697 0.0053079976 0.4195231795 -0.2673081160 -0.3551451564 0.0030194586 -0.0826946050 0.0077798734 -0.0425982811 -0.0478124395 -0.1360519677
0.0061159092 0.0911077932 0.0235855188 0.1045741364 -0.0052287909 -0.0512991697 -0.0321368165 -0.2042263746 0.0328450762 -0.1764046550 -0.2904953361 -0.4022056758 0.3910537958 -0.0412433669 0.0279533844 0.0191274825 0.0785577893 -0.1919160932 0.2512219250 0.0599686503 0.2588053048 0.0429856963 0.1426713020 -0.1555961072 -0.0189890210 -0.0670453906 0.0042094379 -0.1675033569 -0.1332508177 -0.0526648052
0.0033041884 0.2734092772 0.0070796679 0.0788806081 -0.0029553128 -0.0226346888 -0.0008019044 0.4084312022 0.3778308630 0.0553433932 -0.4980838001 0.3017278612 -0.0141260959 -0.0448106006 0.0074527473 -0.0128802164 0.0036962549 0.4666365981 0.3913490176 0.0021151495 -0.5694851875 0.0560493283 0.0178528372 -0.0309202932 -0.0029855131 -0.0354104117 0.0006450590 -0.1086397842 -0.1399202794 -0.2422748655
0.0038488647 -0.0259766392 0.0014526306 0.0312742330 0.0008501922 -0.0232749060 0.0005643967 0.6516550183 0.6054718494 -0.0921259373 -0.4806438386 0.0250261426 -0.0446126908 0.0003089914 0.0017867647 -0.0073641343 0.0035001542 0.6197224259 0.5553319454 0.0421758480 0.5145103931 -0.0054144608 -0.0002476372 -0.0445856228 0.0100496979 -0.0317240730 0.0018014108 -0.1413665712 -0.1395264715 -0.0062475544
-0.0072575659 -0.0600173101 -0.0055263685 0.0194152854 0.0245845672 -0.0637396351 0.0010930802 0.1859467775 0.3884181678 -0.0162969995 0.4163107574 0.0803543776 0.3231029510 -0.0572908558 -0.0585781522 -0.0265391245 -0.0053587672 0.1029410809 0.4350896478 0.0065861661 -0.0907570869 -0.0084777316 -0.0795853361 -0.1562557966 0.0282486081 -0.1042079106 -0.0202849992 -0.1433221400 -0.0499932542 -0.0678746328
-0.0007538050 0.0631363764 -0.0012297985 -0.0205921847 0.0014026363 -0.0153389480 0.0007847431 -0.1311057657 0.1309598982 -0.0770396441 0.1926098317 0.3063921928 -0.5737900734 0.1317817420 -0.0350643024 0.0163826980 0.0231191311 -0.1207016855 0.1318754554 -0.0488299057 0.0180850811 -0.0999281332 -0.0500712655 -0.0190631840 0.0119979260 -0.0507041290 -0.0152704976 -0.2129388750 -0.1601711810 0.0166228842
-0.0296191722 -0.0143067520 -0.0107828947 -0.0169080216 0.0653231740 -0.1064486802 -0.0296859592 -0.0461436398 -0.0186100397 -0.0282485764 0.0534656569 0.0492192172 0.0225762706 0.0262001082 -0.0797588006 0.1187490746 0.2767655849 -0.0273343418 0.0494828559 -0.0266332906 -0.0011933564 -0.0265152715 0.0188890398 -0.0085560735 0.3699506223 -0.3573424220 0.2952683568 -0.1756357104 -0.1375988424 -0.0998339131
0.0052731903 0.0110253450 -0.0035864511 0.0353070237 0.0135524478 -0.1420567781 -0.0001116535 0.0301221237 0.0602196865 0.0025616759 0.0011337071 -0.0203839168 -0.0035547607 0.0365810506 -0.0343604274 0.3146369755 0.6971652508 -0.0415767096 -0.0438204221 -0.0177189354 -0.0079724612 -0.0058093737 -0.0117215905 -0.0455784686 0.0278546307 -0.0571639985 -0.7012590170 -0.0145351831 -0.0602456927 -0.0596388280
-0.0037070690 0.0022656694 0.0015283136 0.0296838284 0.0006123136 -0.0081732310 -0.0005977046 0.7651426196 0.6483807564 -0.0337135121 0.5429326296 0.0009093696 0.0315554291 0.0136506669 0.0010580160 -0.0020422025 -0.0046688481 0.7326052189 0.5697458982 -0.0522331670 -0.4380398989 0.0018809974 0.0090180961 -0.0395082496 0.0003215636 -0.0129033867 0.0028342525 -0.1017102301 -0.0683474839 -0.0228615999
-0.0009979507 0.0568301082 -0.0393809378 -0.0370539427 0.0021132824 -0.0125472937 -0.0057655158 -0.0159736816 -0.0148300044 0.0003474463 0.0212160144 -0.0059058941 -0.1219569147 -0.1999693960 -0.0081020929 -0.0000936436 0.0157044400 0.0175705887 0.0138800088 0.0286532789 -0.0092621185 0.8197650909 0.6631725430 -0.1635804921 0.0132730342 -0.0275421478 -0.0032131148 -0.2340923250 -0.2355304211 -0.1784849465
-0.0021454007 -0.0033502223 0.0046544964 0.0272119381 -0.0047741607 -0.0034418839 -0.0024508783 0.8999010921 -0.0703860447 -0.0391702540 -0.8077738881 -0.0144249611 -0.0658241063 0.0062060519 0.0045257062 0.0072287060 0.0048675304 0.8677798510 -0.1121200621 -0.0126795257 0.1108954772 -0.0029279960 0.0062632547 -0.0347747430 -0.0105052833 -0.0102005787 0.0002601415 -0.1681032032 -0.0407162905 -0.0323082358
0.0018796897 -0.0515638255 0.0884242952 -0.0058885533 0.0082606096 -0.0049507618 0.0000461086 -0.0849151611 -0.0089580845 0.0201460589 -0.0374157764 0.0614934266 0.8270859122 -0.2100124210 -0.0099266283 0.0114759700 -0.0028301028 0.0540609434 -0.0313623361 -0.2353336066 0.0257715806 -0.8212133050 0.1576156467 -0.1453396976 -0.0092948172 -0.0323578492 0.0115877502 -0.5786715150 -0.4756407142 0.2331598699
0.0001470374 -0.0135487979 -0.0007403795 -0.0124551887 -0.0015860801 -0.0053193308 -0.0010620455 0.0212467238 0.0309416186 -0.7365261912 -0.0002744963 0.0240723230 0.0011369813 -0.0395930745 -0.0042529833 -0.0027720397 0.0009980843 -0.0217530821 -0.0291484036 -0.7297660112 -0.0033575862 0.7974584699 -0.0205062870 0.0797176957 -0.0048410306 -0.0110513447 -0.0002030859 0.0600820556 0.0676909462 0.1224488616
-0.0020731399 -0.0092854863 -0.0014345900 0.0145486984 -0.0031262799 -0.0030309998 0.0019385018 0.3061324656 0.9674165249 0.0052685142 0.2623196840 0.0104652345 0.0379075967 0.0129311914 0.0030218458 0.0053572622 -0.0008664893 0.2697038352 0.9323023558 -0.0343695171 -0.7444154024 -0.0055699255 0.0013154809 -0.0186625309 0.0045344252 -0.0117561184 -0.0062868539 -0.1244090945 -0.0897002220 -0.0216280688
0.0102739576 -0.0312745161 0.0050787488 -0.1442681402 0.0315885693 0.0711796805 0.0274338499 0.0126557657 0.0008457690 0.0753683969 -0.0151159437 -0.0313809365 -0.0477239415 0.8807076812 -0.1786409914 0.0118191168 -0.1459554434 0.0448955633 0.0538516752 -0.0240264479 0.0568204634 -0.2786259949 0.0004433718 -0.2143727839 -0.3134789467 -0.2541826963 -0.0050877267 -0.2957795858 -0.2529365122 -0.1440449357
-0.0014379317 -0.0147233717 0.0005408601 -0.0150495367 -0.0007944985 0.0002913817 -0.0014595203 0.6887329221 0.0778968036 0.5851463675 0.0013954992 0.0218196250 -0.0059445198 -0.0170233324 0.0043271966 0.0010011066 0.0067114765 0.5976974368 -0.0096675660 0.4372335970 -0.0020082504 0.0264321845 -0.0000404687 0.0173679926 0.0044160187 -0.0036870984 -0.0011706681 -0.0530021749 0.0079047801 -0.3489927053
-0.0046862229 0.0613823533 0.0020632918 -0.0637031347 0.0018111854 0.0120793050 0.0025670964 -0.0029689940 -0.0092006493 0.0218765289 0.0200237855 -0.1415912211 0.7786478996 -0.6787169576 0.0060104569 0.0166258886 -0.0123260673 0.0139491763 0.0029655495 0.0012038724 0.0013243065 0.0429429971 -0.5646973252 -0.1533596069 -0.0140651492 -0.0007605116 -0.0095880330 -0.0854385048 -0.1146198586 -0.1379928291
0.0004886594 -0.0260651354 -0.0025907035 -0.0688585490 -0.0005332842 0.0108448695 0.0008406690 0.2704449892 -0.1331611574 -0.9565005302 -0.0004929819 0.0463977866 0.0063019809 -0.0287609342 0.0005922799 0.0039131842 -0.0023180633 0.2357934713 -0.1037238315 -0.9737827778 0.0129393851 0.3565807939 0.0020925226 0.1088730618 -0.0016218274 0.0210269187 -0.0058985064 0.2056704611 0.2283869684 0.2093214542
0.0021343729 -0.0030332690 0.0012660625 -0.0166914426 -0.0003583420 -0.0023737410 -0.0016036186 0.5335617661 -0.7845646739 -0.1576958895 0.0046807462 -0.0006753304 -0.0026016822 -0.0050524082 0.0019631181 0.0049636853 0.0006918889 0.3983346224 -0.7124765515 -0.2432682961 -0.0066167298 -0.0007947601 -0.0004303782 0.0212706272 -0.0003820175 -0.0042429897 0.0024324013 -0.0022884170 -0.0400928631 0.0382316262
0.0019523080 0.1980973929 -0.0016776866 0.1073453948 -0.0036807714 -0.0075755101 0.0066023758 0.0084799323 0.0153248981 -0.7004408240 -0.0057544294 0.4750291705 -0.0227806196 -0.2277477682 0.0071582086 -0.0085469643 -0.0116580408 -0.0023409813 -0.0661501065 -0.7368398309 0.0331157818 0.3599731922 -0.5499080420 -0.0926143751 -0.0019447992 -0.0077139027 0.0044438667 -0.0081731444 -0.0491490290 -0.0076464661
-0.0017655588 -0.0026248407 -0.0027923274 0.0047071865 -0.0013608198 -0.0037040245 0.0021020975 0.6998646855 -0.8254492879 -0.0093686376 0.4883842766 0.0142211206 0.0189972539 0.0155202989 -0.0033711484 0.0004638357 -0.0020586760 0.7100073099 -0.7913730145 -0.0405872501 0.6502346396 0.0066529429 0.0011920818 -0.0052797515 0.0008323632 -0.0083715282 0.0007567447 -0.0161851496 -0.0825339109 -0.0410500765
-0.0100699021 0.0071018087 -0.0000523811 0.0327789858 -0.0161969177 -0.0264186952 0.0068212147 -0.0113606872 -0.0267778207 -0.0375568531 0.0210640300 -0.0282612648 0.0216973573 -0.0031371447 0.4204811156 0.0376400203 0.5827361941 0.0137054548 0.0443995222 -0.0324506499 -0.0035420575 -0.0108394688 0.0077453475 -0.0631079227 -0.0697530061 -0.0498586632 0.0334373415 -0.1055578664 -0.0355761051 -0.0923029110
-0.0023043139 -0.0220544338 -0.0063067670 -0.3122206628 -0.0038088399 0.0187145546 0.0017623041 0.0073080966 0.0170097779 0.0295936018 0.0001617278 -0.0095824795 -0.0280070752 0.3470828235 -0.0059704292 0.0387165211 -0.0020886995 -0.0166640747 -0.0183815695 0.1607628018 0.0035218669 0.0445856489 0.0286115538 -0.7960090637 0.0157950614 0.0047124312 -0.0072564171 0.1409669966 0.1421194375 0.1647082716
0.0199972223 0.1903755963 -0.0032312386 0.0712779984 0.0024973506 -0.0058292178 -0.0022943141 -0.2894515693 -0.5177398324 0.0205542762 0.5482238531 0.2634597719 0.0245602652 -0.0040789829 -0.0127450535 -0.0102062179 0.0018917408 -0.2406238317 -0.5191860199 -0.0030745543 0.3766108751 0.3326862156 0.0514850020 -0.0366021991 -0.0004939950 -0.0065888297 0.0029813629 -0.1759442985 -0.0962928534 -0.1707257628
-0.0004279600 0.1073183864 0.0361202247 0.0388924442 0.0087134847 0.0216626432 0.0043484173 0.0561652444 -0.0330021940 -0.8321504593 -0.0391270444 0.2371489108 0.6487767100 0.1199730709 -0.0220482592 -0.0096416054 -0.0114662061 -0.0557350367 -0.0249974690 -0.8507633209 0.0048234835 0.5101509690 0.2303432524 -0.0899334028 -0.0069993963 0.0464172699 -0.0094845844 -0.1747287065 -0.1186527163 -0.0516690835
0.0098162973 0.2159215510 0.0068788538 0.0612936951 -0.0131975720 0.0066730371 0.0057979533 -0.0385839008 0.0065292902 0.0497656278 -0.0017654491 0.5090748072 -0.2248210758 -0.3761567771 0.0277915969 0.0250081569 -0.0040362007 0.0281828325 -0.0036397022 0.0412865356 -0.0007191113 0.0812241063 0.6678526998 0.1771122068 0.0061144861 0.0096506039 -0.0007571393 -0.2396133542 -0.2204629928 -0.1563623101
-0.0117986901 0.0386538878 0.0218653716 0.3837245107 -0.0049012597 0.0256908033 -0.0036848886 0.0166150667 -0.0001437996 0.1459853798 0.0380985737 -0.0841029733 0.9205403328 0.8578023314 0.0186615549 0.0413412452 -0.0026400979 -0.0212807730 0.0101519944 -0.0723137185 -0.0022506400 -0.1485492289 -0.0560895279 0.0477302484 0.0225230027 0.0123514626 -0.0071219294 -0.1516086012 -0.1646147519 -0.1283493340
0.0115101626 0.0269143376 0.0245327335 0.0529726669 -0.0232350565 0.0985558555 0.0039145411 0.0162812639 0.0104194395 0.0537340641 -0.0094266012 -0.0564378351 -0.0545727275 0.0869087428 0.1870382875 -0.2822557390 -0.0048453053 0.0013064881 -0.0056032315 -0.0798407644 -0.0030976047 0.0049882103 0.0410224237 -0.0320458226 0.5768725872 -0.3457663357 0.0543746166 -0.0719597563 -0.0932495221 -0.0478866696
0.0033012689 -0.0012730425 -0.0036092296 -0.0084546125 -0.0033524435 -0.2968910933 0.0046457029 0.0160335414 0.0507938340 0.1283794045 -0.0002854570 0.0027728211 0.0058974777 0.0368465558 0.0062280446 -1.1939300299 -0.0148860598 -0.0163837597 -0.0868365914 -0.0777279213 0.0068547670 0.0457352586 -0.0057488671 0.1992353201 0.2403023988 0.2476995736 -0.0013663222 0.0852646232 0.0990175977 0.1642488241
-0.0802727714 0.0418406390 -0.0021019948 0.0747672543 0.0073471363 -0.0513915308 -0.0102252215 0.4355857074 -0.1319870800 -0.0361200348 -0.3507674932 -0.0696726665 -0.3565567136 -0.0537727922 -0.0121853799 -0.0450918823 0.0280474517 0.3451105058 -0.0446055532 0.0068109990 -0.3152756393 -0.0518879332 -0.0087288348 -0.1221094355 0.0152301481 -0.0652549565 0.0121765099 -0.2528138161 -0.0188370347 -0.1094898582
0.0037480048 0.2195494026 -0.0005115763 0.0566601828 0.0029569252 -0.0179932378 0.0000271631 -0.0545192100 0.5254502892 0.0513687693 -0.6760017276 0.2898418605 -0.0018982040 -0.0101321228 -0.0048937770 -0.0145103186 0.0009657725 0.1209673360 0.5580886006 0.0194400419 -0.0183584858 0.2401536107 0.0442338623 -0.0184651967 -0.0035294257 -0.0167920515 -0.0012741818 -0.1034155712 -0.1733963937 -0.2041065097
-0.0042424193 -0.0283829402 0.0049784114 0.0909370184 -0.0190555993 0.0097937556 0.0034405706 -0.0617199652 -0.5037004352 -0.1309594512 0.2208391130 0.1575449705 0.2377060354 -0.0857820436 0.0398189239 -0.0454014577 -0.0045528649 -0.2363159060 -0.5905902982 0.0288722944 -0.4948790967 -0.1377476305 -0.0355675593 0.0952264667 0.0198791418 0.0566341169 0.0046264548 -0.0688921362 -0.3518451154 -0.0712137446
0.0106396545 0.0047500818 -0.0001317031 0.0030286030 -0.0276130587 0.0488115102 -0.0127366912 0.0144980168 -0.0636137575 0.0198945161 -0.0090615069 0.0016326479 -0.0161739010 0.0171827395 -0.6202605367 -0.2550370991 0.0285356250 -0.0056385794 0.0645616725 -0.0607945509 0.0007436110 0.0204398353 0.0124812340 -0.0055086920 0.4116856158 -0.4116384089 0.0228014719 -0.2023027688 -0.1304537654 -0.1050093397
-0.0066198860 0.2016649395 -0.0009730676 0.0601759627 -0.0001745285 -0.0099397469 0.0000104670 -0.5560960770 -0.2994861603 0.0334408954 0.4796713591 0.2408276647 0.0125782965 -0.0269932393 -0.0046005757 0.0026126264 -0.0000471474 -0.5566173792 -0.3523312211 -0.0110623902 0.5661807656 0.1768980771 0.0519047640 -0.0130881853 -0.0030312077 -0.0152745722 0.0042559062 -0.0993163511 -0.1296602041 -0.1752701551
-0.0015547212 -0.0053255083 -0.0026868414 -0.0322079472 0.0026989412 0.0221026186 0.0019964667 0.2181013674 -0.6058953404 0.5618888736 -0.0058101458 0.0141810952 -0.0032029441 -0.0181402043 -0.0046523707 0.0103365807 -0.0060938280 0.2046131939 -0.4754820764 0.4200883806 0.0053227134 0.0449089445 -0.0024910944 0.0375117324 0.0028776638 0.0356986187 0.0007808726 -0.0272545181 -0.0024882336 -0.3156391084
-0.0013054413 -0.0079810200 -0.0030319423 -0.0309191011 -0.0016622145 0.0037379987 -0.0002627062 -0.7404320836 0.3070847690 -0.6690503359 -0.0123043098 0.0299209189 -0.0010623650 -0.0092784250 0.0026436290 0.0042167460 0.0017254072 -0.6773297787 0.2352963090 -0.7347156405 -0.0045368369 -0.0054165521 0.0032129656 0.0410129502 0.0058407937 0.0020136270 -0.0043427786 0.0534072481 0.0778469145 0.1229812950
0.0029150608 -0.0004412893 -0.0004458174 -0.0220450405 0.0033644265 -0.0004601218 -0.0004183409 -0.2923490107 0.6037908792 -0.5079405308 -0.0499336794 0.0014614906 0.0097252028 -0.0281330701 0.0037559438 0.0050837225 -0.0002345355 -0.2144780308 0.5601122975 -0.5372760296 -0.0969942436 -0.0864232630 -0.0117698777 0.0281429179 -0.0003711631 -0.0072013019 -0.0008992925 0.0547316670 0.0166822206 0.1199594438
0.0015501005 -0.0239593461 -0.0037247909 -0.0606070086 0.0073158657 -0.1170566231 -0.0032763723 -0.0121091139 0.0331222266 0.0305957031 0.0152630741 0.0339958146 0.0120837353 -0.0149351321 -0.7527047992 0.4348516166 -0.0211703461 0.0182105601 -0.0380668715 0.0106359245 0.0052864337 0.0263081454 -0.0011436954 0.0283581186 0.2791238129 0.2889155746 0.0290436056 -0.0780079961 -0.0468562543 0.0135054132
0.0041997600 0.2723007500 -0.0023143494 0.0189859662 -0.0011885262 -0.0099032195 -0.0048020277 -0.0010927151 0.0381968096 0.4065864980 -0.0123464987 0.0918742195 0.0114872111 -0.4117827713 0.0119392872 -0.0047853864 0.0189918019 0.0251153894 -0.0204449669 0.4995158911 0.0004865747 -0.8637967110 0.5316348672 0.0410653017 -0.0141251171 -0.0062152809 0.0100558437 -0.2711777091 -0.3519209921 -0.2299674451
-0.0108648594 -0.2102644742 0.0026143966 0.0928189605 0.0003521960 -0.0129755223 0.0026057640 0.0541771278 0.5197354555 0.0317679532 0.7096278667 -0.3297840059 -0.0128970202 -0.0335534625 0.0110032121 -0.0111245001 -0.0108148772 0.0165216830 0.5674132109 0.0035896592 0.0360133760 0.1580875516 -0.0238724891 -0.0520119853 -0.0033093009 -0.0248628985 0.0059910244 -0.1131244600 -0.1491618007 -0.2194162756
-0.0163028613 0.1637194306 0.0002757720 0.1505029202 0.0023212784 0.0336114094 0.0151285985 0.0890541747 0.0075464197 0.0904329419 0.0016011272 -0.0000618285 -0.0633210167 1.1854594946 -0.0110002765 0.0314511582 -0.0370035730 -0.0231187567 -0.0271654613 -0.1089909673 0.0062416932 -0.1682025045 0.5064536333 0.0975536332 0.0069380184 0.0794545114 0.0298490524 -0.0813793838 0.0389530659 -0.0403212421
0.0038734192 0.1837241948 0.0031383880 0.0538904332 0.0003766122 -0.0154064400 -0.0060269861 -0.4246793985 0.5210216045 0.0331472047 -0.6390150189 0.2255418897 0.0130716879 -0.0496221632 0.0068343664 -0.0089972354 0.0102936095 -0.3742044866 0.4902697504 0.0120057212 0.3089038432 0.1686420590 0.0661070421 -0.0252135545 -0.0034352811 -0.0208469611 0.0006360863 -0.1034312919 -0.1800695211 -0.1624191999
-0.0006534639 -0.2646825612 -0.0031911982 0.0071564754 -0.0059181713 -0.0177495461 0.0051648184 0.3986898363 0.0276800767 -0.3059279025 0.0515315533 -0.3034683764 0.0482550040 0.0284318905 -0.0053348029 -0.0060604154 -0.0038401748 0.6056368351 -0.0865102857 -0.3580620885 -0.4709423780 0.0683781281 -0.1237118170 -0.1196340546 0.0011650594 -0.0216989946 0.0021166448 -0.0421985872 -0.1963339448 -0.0477581620
0.0154197449 0.0045986199 0.0030440681 0.0498863682 -0.0051296288 0.0050139916 -0.0054398593 -0.0766031742 0.4257304370 -0.0217350777 -0.2756367922 0.0370194502 0.3824890554 -0.1167853549 -0.0231584776 0.0086470740 -0.0075694509 -0.0141034750 0.4101545811 -0.0175009668 -0.5426437855 -0.0014727621 0.0628410652 -0.1097938940 0.0155848032 -0.0017600715 -0.0106429774 -0.1723957509 -0.0840103626 -0.1376965493
0.0054568262 0.0099100443 -0.0009249119 0.0109040448 0.0000646404 0.0069596479 -0.0018498569 -0.6749129891 0.8119626045 -0.0071503590 -0.4992535412 -0.0218385961 0.0526928678 0.0030509832 0.0017991551 0.0000552375 -0.0023222608 -0.7096471190 0.8251829147 -0.0226917323 -0.6506551504 0.0004109202 0.0075927265 -0.0178223643 -0.0020663077 0.0086635556 0.0024588979 -0.0791788027 -0.0472371913 -0.0606459193
0.0016925086 -0.0036364153 0.0109757632 -0.2457953840 0.0052064396 -0.0266018473 0.0057925675 -0.0007670794 0.0140745603 -0.0503220931 0.0000099782 -0.0666305199 0.0018833934 0.0708302557 -0.0125995828 -0.0011449524 -0.0048036580 0.0078383340 -0.0110311639 -0.2730498612 -0.0037873564 -1.8984805346 -0.0586744994 -0.2704793215 0.0191171486 -0.0437272824 -0.0249654967 -0.1329233646 -0.0715178251 -0.1928490996
-0.0019933409 0.0300726965 -0.0088645387 -0.0165602341 -0.0088866130 -0.0116073312 -0.0045681540 -0.0347454995 -0.4725556374 -0.0198795218 0.2990598381 -0.0816470236 -0.3858860135 -0.0395315923 0.0217566453 -0.0030904922 0.0093163494 -0.0626828745 -0.3815239966 -0.0148844477 -0.3817870021 0.0221807957 -0.0422279462 -0.0279072635 0.0029257592 -0.0322086588 0.0140633369 -0.0840445757 -0.1817858815 -0.1052138656
0.0387413874 0.0057023987 -0.0007700791 0.0456787683 -0.0010011980 -0.0065626889 -0.0038021719 -0.2841600180 -0.6907441616 -0.0632272810 -0.3223047554 0.0007830288 0.0963190347 -0.0055694222 0.0061676078 -0.0058138641 0.0071880938 -0.1623995304 -0.6122183800 -0.0402393229 0.6714223623 -0.0292200707 0.0068425559 -0.0589557514 0.0019555732 -0.0036234064 -0.0046835896 -0.1005415246 -0.2202844918 -0.0598073266
0.0040778113 -0.2397837937 -0.0208926126 0.0381004959 -0.0129165202 0.0299103912 0.0004698634 0.0765526816 -0.0053828675 0.1553140134 0.0162083711 0.0814410076 0.2957852483 0.0036361953 0.0367342047 0.0060079973 0.0159556977 -0.0924419537 0.0346679501 -0.0169980247 0.0162554793 -1.1983389854 -0.6145929694 0.1249113157 0.0118613346 0.0460542403 0.0408799350 -0.2965641618 -0.2513252497 0.0363400057
-0.0076570581 -0.3673801124 0.0301623549 0.0383975767 0.0024639820 -0.0121513903 -0.0085554468 0.0456370376 0.0098762373 0.1050847098 0.0225462914 -0.0713965446 0.3791293204 -0.0493185893 0.0118614091 -0.0022490988 0.0200492013 -0.0442375727 -0.0334750712 0.0463626869 0.0031521043 -0.2482016832 0.3056021631 0.3270385265 0.0389683321 -0.0126189170 0.0043791011 -0.1063882932 -0.1473254263 -0.2064386308
0.0046763648 0.0080601005 0.0269310307 0.0295823906 -0.0025335341 0.0035047578 -0.0021479935 0.0381585695 -0.0008734101 0.1470955461 -0.0168661233 -0.4983876348 -0.2650134563 -0.4069556892 0.0041561229 -0.0162871685 0.0000836575 -0.0977645591 -0.0331419334 0.2280145735 0.0070040654 0.3487273157 0.5766434073 -0.0149332406 0.0133919353 -0.0015806728 0.0083012478 -0.4664191008 -0.4256669879 -0.0798911229
-0.0044388389 0.1237489805 -0.0007837678 -0.0114612477 -0.0008883763 -0.0120619526 -0.0016082835 0.1992122680 -0.6708625555 -0.7150716782 -0.2548134625 0.2201835066 -0.0073826034 -0.0222635102 -0.0010584194 -0.0136263771 -0.0016976749 0.1388401538 -0.6043492556 -0.8826652765 0.0317267366 0.2021698952 -0.0018356959 0.0399757549 -0.0029412340 -0.0179200340 0.0064008809 0.0670320392 0.0149148684 0.1015797481
-0.0021797155 -0.3797397316 0.0271215048 -0.0208288841 0.0016183688 -0.0164122041 0.0160770696 -0.0005653405 0.0155842155 -0.0588708818 -0.0340510570 0.0330445953 -0.3605628610 -0.0995851383 0.0076190988 -0.0112586198 -0.0194796082 -0.0408845358 -0.0219231267 -0.4117955267 0.0128493272 -0.8282908797 -0.7859561443 -0.1484160572 0.0007773530 -0.0487545058 -0.0182990134 -0.2925220430 -0.2218912989 -0.1044308543
-0.0041827895 -0.1986051202 -0.0030146367 0.0439603664 0.0027251681 -0.0003753278 -0.0015027217 -0.4746311903 0.5812778473 0.0740333572 0.5465676785 -0.1570818424 0.0117037473 0.0088093281 0.0004310214 -0.0032006137 0.0031814277 -0.4301687181 0.5709334016 0.0117466748 -0.3898387551 0.3045124412 -0.0555860512 -0.0238795094 -0.0069498657 0.0030884515 0.0121086827 -0.1675209999 -0.1439049840 -0.1866667718
-0.0038165033 -0.0703643784 -0.0013985906 -0.0046874811 0.0024945526 -0.0165453739 -0.0021131036 -0.6259139776 -0.2990094125 -0.6476781368 0.1342846900 -0.1076839492 0.0054652076 0.0114722326 -0.0130388504 -0.0067569031 0.0049563753 -0.5624340773 -0.2533391714 -0.7591669559 0.1402498931 0.0960075706 0.0039789998 0.0096231829 -0.0088288914 -0.0173068251 0.0057063135 0.0586296208 0.0563993752 0.0832213089
0.0097623216 0.0033652375 0.0021459088 0.0241524316 -0.0008905070 -0.0040439195 -0.0018596206 -0.2635129690 0.8633818626 0.0308149401 0.5983988643 -0.0459418409 -0.0315830708 -0.0123237511 0.0018061043 0.0126788635 0.0012835895 -0.2203110754 0.8357026577 -0.0422292054 0.5221809745 -0.0098585486 -0.0012627930 -0.0387984216 -0.0047658412 -0.0073606446 0.0053528138 -0.0671570525 -0.1030692309 -0.0689438730
-0.0096359793 -0.3214122653 -0.0006091023 0.0767184719 -0.0015041804 -0.0089280456 -0.0014600813 0.1938209236 -0.5590240359 0.0393115729 -0.7024435401 -0.2494260222 -0.0005218301 -0.0367361270 0.0106650712 -0.0081787948 0.0087122815 0.2649173141 -0.5172227025 0.0240707099 0.3261403739 0.1375524849 -0.0301197302 -0.0404816233 0.0139768943 -0.0180815980 -0.0051380573 -0.1351761818 -0.1821197122 -0.2119422406
0.0002500370 -0.1844833195 0.0118990149 0.5186090469 -0.0085949153 -0.0171682816 -0.0201552417 0.0287286248 0.0198705290 0.2213881910 0.0053654816 0.0534175634 -0.7834892869 0.3183647990 0.0178780984 -0.0160052665 0.0461841039 -0.0119428411 0.0195124950 0.1345698833 0.0119557073 -0.1435074210 0.3060619235 0.2450102717 -0.0171988402 -0.0445344038 -0.0026031942 -0.1672680080 -0.2294313908 -0.1050275564
0.0003173428 0.3677746356 0.0046798922 -0.1261869967 -0.0030633388 -0.0164302774 0.0009691079 -0.0063262121 0.0046830038 -0.1312065274 -0.0180771649 0.2428450286 -0.0064691603 -0.3997067809 0.0148881804 -0.0118014226 -0.0027011216 -0.0025199600 0.0021330109 -0.0691928342 -0.0048641833 0.3520131409 -0.7471379638 -0.4442046583 -0.0101144994 -0.0424880572 0.0053687328 -0.1775093526 -0.2102272063 -0.0480353236
-0.0013465259 -0.0038116900 0.0000667570 -0.0148721552 0.0007046306 0.0067048273 -0.0017697194 -0.3811304271 -0.7343019247 0.5046868324 -0.0003129480 0.0024341922 -0.0003047904 -0.0075923167 -0.0011538093 0.0065980284 0.0026033518 -0.3088655174 -0.6337988973 0.3280705810 0.0017515867 0.0120921126 -0.0012532946 0.0158154014 -0.0002969984 0.0033255066 -0.0007766116 -0.0104805706 -0.0500237122 -0.3173995316
-0.0071151420 0.2439260334 -0.0026482032 0.0513928197 -0.0002264633 0.0074913716 0.0000184250 -0.0356686413 0.6109467745 0.1077826768 -0.5710185170 0.1102013141 0.0098296637 -0.0129581774 0.0056812121 0.0130081000 0.0016746835 0.1501584202 0.6559026241 0.0589864962 0.0005318775 0.3177210093 0.0499704145 -0.0314947404 -0.0015488622 0.0090604285 0.0078969114 -0.0879492015 -0.1114594638 -0.1738893390
0.0177294519 0.1451865137 0.0081265541 0.0150196468 -0.0376074985 -0.1361010075 -0.0215954576 -0.0124718677 -0.0043684957 0.0171222296 -0.0293189213 -0.2091791183 -0.1373240948 0.2666443586 -0.2390378565 0.3172296882 0.1157884076 0.0069492664 0.0109644076 -0.0758037865 0.0644881576 0.0014635478 -0.4738505781 0.0148142762 0.0007652791 0.1677101552 -0.0123001840 -0.2820819914 -0.2632677555 -0.1047812030
0.0035636369 -0.0004964942 -0.0060720751 -0.0308290701 0.0051173642 -0.1716966927 0.0056767864 -0.0148111582 0.0026214202 0.0476961769 -0.0064918841 0.0093742488 0.0188191179 0.0355352573 -0.0929260328 0.4360034168 0.0314529762 0.0129440548 0.0005800713 0.0165134817 -0.0004845058 0.0064639472 -0.0048977532 -0.0026072245 -0.8266554475 0.3094517887 0.0004782536 0.0273451433 0.0428463183 0.1156133786
-0.0036551275 -0.2374421805 -0.0002990181 0.0213124529 0.0006416746 -0.0076508750 -0.0012310059 0.0420758016 -0.4225244224 -0.3423041701 0.4508659244 -0.3373945355 0.0063258070 0.0058155609 -0.0077702957 -0.0241902694 0.0061130989 -0.0959209055 -0.5937465429 -0.3215228021 0.0098567344 0.0826158151 -0.1058390886 -0.1344459653 0.0022153717 -0.0238515809 0.0156071270 -0.2062703073 -0.0198732074 -0.0250272639
0.0152576687 -0.4668100476 0.0010527659 0.3928553760 0.0056604575 -0.0029699639 -0.0151939960 0.0212924369 -0.0103873061 0.2844413817 -0.0280281361 0.0102929622 -0.0378042087 0.2977365553 0.0243405867 0.0014833908 0.0355605967 -0.0618950091 -0.0147636235 0.2462913245 -0.0109039843 -0.5266668200 0.6794255376 0.0695016980 -0.0086249439 -0.0049337647 -0.0000260343 -0.0754659027 -0.0979270861 -0.2595045567
0.0041101552 -0.0094374698 -0.0033745570 -0.0392900594 0.0013191608 0.0040259073 0.0025942775 0.6802202463 -0.3920934498 -0.6204149723 -0.0066540954 0.0132791148 0.0062519116 -0.0202419907 -0.0075228331 0.0112787448 -0.0043195393 0.5969101787 -0.3174014091 -0.6738221049 -0.0011248636 -0.0440009683 0.0005545952 0.0448494256 0.0045414083 0.0003785272 -0.0055301748 0.0303876288 0.0297413412 0.1112131402
0.0000329157 0.0053759268 0.0021398109 0.1043320224 0.0001920246 -0.0256395005 -0.0001457865 -0.0522239022 0.0029606654 -0.6028590798 0.0041422443 -0.2390954494 -0.0109367259 -0.0310168341 0.0162404571 -0.0186980236 0.0071467450 0.0256213564 -0.0053117839 -0.5403752327 -0.0043895142 0.7288441062 0.2060639411 0.1747330576 0.0036278216 -0.0304102059 -0.0006663390 0.0749164149 0.0518442951 0.1386632472
-0.0013870697 -0.3339807987 -0.0046100342 -0.0284081195 0.0032020921 0.0038560661 0.0005042130 0.2582307160 0.2059498429 0.4159456789 0.2443872094 -0.3036172092 0.0215362515 -0.0373437479 -0.0067293313 0.0018402066 0.0034816458 0.1773619056 0.1944373548 0.3638393283 0.3211754560 -0.1960920841 -0.2703842223 0.0112329228 -0.0003967719 0.0060945712 -0.0022881927 -0.0891807228 -0.0692477003 -0.2943780720
0.0013866171 -0.1733268350 0.0033204972 0.0057172854 0.0011642625 0.0159057733 0.0018680837 -0.5019309521 -0.2896750569 -0.6114778519 0.2052757591 -0.3394402564 -0.0669044033 -0.0176237691 -0.0002942494 0.0091153188 -0.0029214509 -0.4436786473 -0.2501364052 -0.7173658013 0.2753922343 0.2932549715 -0.0527167954 0.0371800847 0.0034707000 0.0301678814 -0.0022068522 0.0227013659 -0.0066887573 0.1316194683
0.0008495157 0.0035841523 -0.0006288787 -0.0149985710 0.0001330516 0.0061211805 -0.0006846820 0.9123001695 0.1472888887 0.2027497590 -0.0012038947 -0.0052375835 0.0000784268 -0.0057844869 0.0006656129 0.0057524024 0.0015809438 0.8604339361 0.0747747496 0.0242403559 -0.0001370720 0.0051705600 -0.0003983182 0.0214033164 0.0004414307 0.0084396740 0.0023058285 -0.0472857021 0.0148673840 -0.1469395161
0.0011695912 0.0192023832 0.0029053588 0.0018969072 0.0001749802 0.0065033608 -0.0011390082 -0.8067234755 -0.7608155608 0.0078818295 0.5029472113 -0.0156657249 -0.0612365603 -0.0086499657 0.0035758738 0.0120828934 0.0012518393 -0.7646550536 -0.7079249024 -0.0364191569 -0.5642577410 -0.0090760356 -0.0037867066 -0.0102377627 -0.0014560665 0.0010811959 0.0035262653 -0.0958885327 -0.1233409420 -0.0611850619
-0.0178669021 -0.0150955459 0.0186443683 0.0507436953 -0.0034305570 -0.0441298746 0.0040938719 0.3597278297 0.3879287541 -0.0442753844 0.3752591312 0.0501559451 0.3750491738 -0.1528479308 0.0008639535 -0.0318451785 -0.0121801337 0.2244724482 0.3310241103 -0.0635041147 -0.6236072183 -0.1109377444 0.0445012636 -0.0774891376 0.0011296250 -0.0606322624 -0.0065393257 -0.0212595556 -0.1353578269 -0.1884590834
0.0051019709 0.2104826719 -0.0094968257 0.0130479354 0.0031527320 -0.0159173757 -0.0017550491 0.0149800414 -0.0220672656 0.0538374856 -0.0114079891 0.2837301791 0.5112317204 -0.4964818358 0.0035578585 0.0149654718 -0.0051717060 -0.0179283097 0.0329178832 0.1478639543 0.0053392062 0.3435385823 0.7710036635 -0.3046461046 -0.0018703509 -0.0370113105 -0.0011064017 -0.1995694935 -0.1781791002 -0.2061317861
-0.0044345213 0.1669236720 0.0069765337 0.0755486041 0.0019450398 0.0058914954 -0.0006919774 -0.2001564056 -0.5154564381 -0.0024743271 0.6596385837 0.1464702040 -0.0354385041 -0.0172122866 -0.0095870895 0.0182074327 -0.0053163334 -0.2535504699 -0.5280717611 0.0322714522 0.0119816037 0.1693602055 0.0270866603 -0.0651268736 -0.0185789801 0.0016827226 0.0045721470 -0.1406738609 -0.0800412148 -0.1127595901
0.0079760207 0.1954763234 -0.0055692107 0.0690268353 -0.0022760855 -0.0023046203 -0.0024833195 0.4376964271 0.4507289231 0.0296987463 -0.5223551393 0.2396216094 0.0059889792 -0.0070141410 -0.0025048316 0.0160432830 -0.0031051976 0.5103687048 0.5035941005 -0.0109099168 -0.5281901360 0.3628516197 0.0730209947 -0.0217566304 -0.0041985107 -0.0131290685 -0.0087572047 -0.1323458850 -0.1513769329 -0.1692902893
0.0096571734 -0.0216588080 0.0008078624 -0.0045230845 0.0009875743 0.0059895189 0.0011226523 0.6614971757 0.7256825566 0.0129332235 0.3909575641 -0.0384024046 -0.0188397989 -0.0087338928 0.0034676900 0.0070667458 -0.0016756620 0.5931445956 0.6919390559 -0.0263291262 0.3565585017 0.0429972634 -0.0101081524 -0.0133230379 0.0000295241 0.0026778115 0.0009588820 -0.0883794129 -0.1128896922 -0.0699942186
0.0200255234 0.0517204963 -0.1762323081 0.2072938681 -0.0847713947 -0.2462538928 -0.0013878887 -0.0708821192 -0.0496092848 -0.1615663618 0.1070466116 -0.0528195910 0.1747746915 0.0974408239 0.0591915660 0.2191914171 0.0177188329 -0.1203212664 -0.0577996634 -0.1576512605 0.0302942023 0.0527663417 0.2873171270 -0.1485908777 0.1557741910 -0.0200598184 -0.1249641776 -0.3139147460 -0.2525081635 -0.2622710764
0.0070835897 -0.2829899788 0.0031846776 0.0836261138 -0.0035669515 -0.0247428566 -0.0020360046 -0.5847994089 0.1221774668 0.0419864208 0.0996533185 -0.2703621984 0.0070638251 -0.0395704657 0.0017810005 -0.0103537282 0.0079229046 -0.5862280130 0.0555070527 0.0194400307 -0.7156834006 0.1811833829 -0.0270362813 -0.0439245775 0.0015065089 -0.0345084295 0.0057715140 -0.1386405081 -0.1390138716 -0.1917406023
-0.0055088727 -0.0107501112 -0.0044678245 0.0798636675 0.0000713294 -0.0234917626 0.0014153213 -0.5678437948 0.6898542643 -0.1030220836 -0.4823086262 0.0097806621 0.0844721869 0.0066301827 0.0087116584 -0.0155185713 -0.0004325242 -0.5946661234 0.7157136202 0.0138734756 -0.6747629642 0.0082650045 -0.0013253604 -0.1083565950 -0.0070908214 -0.0233268552 0.0047927792 -0.1364549994 -0.0856622979 -0.0699255913
0.0065892045 -0.0141111622 -0.0025320170 0.0159172919 0.0054669608 0.0052057295 -0.0035590089 0.0031029999 0.0032098545 -0.1403368711 0.0000725863 0.0335939415 -0.0593082048 -0.2902888358 0.0992237255 -0.3773356676 0.0167050865 -0.0182173438 -0.0194426924 0.0774254724 0.0047680684 0.2657577395 0.0041537751 0.4540345371 -0.0606931373 0.3067134917 -0.0099927476 0.3723785877 0.3663237393 0.5064446330
-0.0021106231 -0.0006050630 -0.0009384969 0.0074033723 -0.0016229198 -0.0337641463 -0.0388491265 0.0199806858 0.0273728147 0.0545647107 0.0118695479 0.0082703419 -0.0101877870 0.0395253748 0.0159594044 0.0562725030 -0.7637233734 -0.0467744358 -0.0152243106 -0.0926051438 -0.0071640145 -0.0013813183 -0.0008129895 -0.0270058997 -0.0104880612 0.0041443021 0.8393232822 -0.0741694421 -0.1067761108 -0.0847566947
-0.0028162485 -0.0101405317 0.0000392563 -0.0747154206 0.0022134688 0.0124775311 -0.0019120799 -0.1999932379 -0.1685615480 -0.9200960994 0.0064157457 0.0170235261 0.0068152281 -0.0479614586 -0.0042398516 0.0128718223 0.0028664721 -0.2023570389 -0.2016387433 -0.9290970564 -0.0063124853 0.3604304492 0.0083083026 0.1146507040 -0.0083101960 0.0228744522 0.0017216653 0.1977923214 0.1875786185 0.1959371269
-0.0018837393 -0.0178412329 0.0015065793 0.3976217210 0.0090707475 0.0285343248 -0.0059065241 -0.0192625150 -0.0096478611 0.2048151642 0.0046240604 -0.0196930207 0.6301006079 0.5443398356 -0.0110871345 0.0540158525 0.0240103099 0.0396995693 0.0322691314 -0.0548949204 0.0164878890 -0.2500244379 -0.0602084808 0.3806686103 -0.0320186689 0.0229292549 -0.0113781663 -0.1058004946 -0.1829056740 0.1499363035
0.0001919501 0.0105926730 -0.0002623927 -0.0346744731 -0.0097400658 0.0226267464 0.0080262655 0.0213936325 0.0020717771 0.0786763802 -0.0079226512 -0.0316128582 -0.0109162666 0.0167786442 -0.6164738536 -0.2139502317 -0.0684585646 -0.0320633724 -0.0084203109 -0.1566267163 -0.0161239821 0.0056383298 -0.0116342641 0.0218730699 -0.4016034007 -0.5481215119 0.0711298138 -0.1609019637 -0.1559981257 -0.1534861922
-0.0147954691 0.0009609973 -0.0324789584 0.0544319674 -0.0378618501 0.0850190818 -0.0267097875 0.0429674499 0.0021302882 0.0569405742 0.0058823861 -0.0110931657 0.1368448138 -0.1180952638 0.1170188338 -0.2318691760 -0.0082388548 -0.0334681012 0.0138989557 -0.0764439031 0.0205665361 -0.0124401534 -0.0555828139 -0.0762263387 0.4475136101 -0.1801357269 0.0233639460 -0.1462677270 -0.1191759929 -0.1197136045
0.0078184297 -0.0675872862 0.0074246926 -0.1263265163 -0.0067322194 0.0075625218 -0.0021485924 -0.0160460696 0.0311308764 0.0649893433 -0.0077094757 0.0404089205 -0.8420650363 -0.0184550919 0.0080407644 0.0233500823 -0.0178505275 0.0228192881 -0.0186334159 -0.0117059238 0.0045991600 0.1089157462 -0.1052697301 -0.4647915065 0.0073662647 0.0108711869 -0.0085942037 -0.1020939425 -0.0613311268 -0.5004079342
0.0006542739 -0.0077713430 -0.0007560795 -0.0127838487 0.0014079374 -0.0025928810 0.0024309356 0.1471848488 0.6649630070 0.5408132076 -0.0024458480 0.0102779055 0.0010255384 -0.0007540062 -0.0027656849 0.0032156822 -0.0081574032 -0.0381282493 0.5613957644 0.3695200682 -0.0051006409 0.0180347599 0.0033426471 0.0093007237 0.0008442383 -0.0037013595 0.0010410404 -0.0252972711 -0.0534860231 -0.3208209872
0.0026397496 0.1392562687 -0.0074123074 0.3883077502 -0.0047226138 0.0837959424 0.0021435313 -0.0078279115 0.0261176769 0.1698083133 0.0110226264 -0.3563830554 -0.3836450279 0.9424412251 0.0055830963 0.0526375547 -0.0114141060 0.0447509848 -0.0316476636 -0.0815368071 -0.0124680661 -0.3354816735 -0.4031069875 0.0620097183 -0.0209238436 0.0787178129 -0.0119364168 -0.0004828671 -0.1395876855 0.1586863548
0.0005663788 0.0073164292 -0.0014471470 -0.0220830534 0.0010237808 0.0111694923 -0.0003848378 0.4247349501 0.6452074647 0.5300144553 -0.0015467716 -0.0151439905 0.0012343380 -0.0073235775 -0.0015723250 0.0079733003 0.0019405877 0.3363091052 0.5416632295 0.3579524755 -0.0029704478 0.0135665778 0.0012727622 0.0279197190 -0.0008040902 0.0121793160 0.0042226501 -0.0399582125 -0.0599283241 -0.3083779812
0.0083530033 -0.0625433326 0.1037346274 -0.0631294399 0.0016685198 -0.2607188523 -0.0124313338 -0.0020261419 0.0489744991 -0.0536115058 -0.0960379764 0.0356778614 0.2209466547 0.1791607887 -0.3462594748 0.2126792520 0.0191923901 -0.0312393811 0.0415389836 -0.1126270145 0.0083798617 -0.0524239950 0.1020426825 0.1078201085 0.0129399085 0.0344834439 0.0554820225 -0.1559194475 -0.1055401936 -0.0732980371
-0.0048593292 0.0839654505 -0.0036588067 -0.0016018433 0.0032222094 -0.0085742045 -0.0120700747 0.0016983136 0.0101894205 -0.0391474515 0.0131131550 0.5776299834 -0.0401726551 -0.3045203686 -0.0227775723 0.0263442341 -0.0032121260 0.0007498770 0.0058372952 -0.0777151063 -0.0028819023 0.4633089304 -0.6666283607 -0.3509493470 0.0185953509 -0.0147728799 0.0120821027 -0.3955853581 -0.4138627648 -0.1753494292
0.0047442215 -0.0068718535 0.0011302844 0.0154119311 0.0034168516 0.0046041389 0.0022414022 0.0283588618 -0.9250927567 -0.0278434120 0.2230659425 0.0295405556 -0.0361312889 0.0002140034 -0.0062087011 -0.0015092348 -0.0047229659 -0.0799523145 -0.9071580768 -0.0014701693 -0.8245420456 -0.0130612943 0.0062400969 -0.0253176037 0.0011409387 0.0023836528 -0.0049545448 -0.0373339765 -0.1520372778 -0.0536802635
-0.0039276448 -0.0033948997 -0.0041243024 0.0244853571 0.0008678088 0.0023472107 -0.0025166930 0.9401421547 0.1862166375 -0.0409870967 0.7133076787 0.0281476714 0.0024702977 0.0185234994 -0.0019587039 -0.0015584261 0.0071451771 0.8906085491 -0.0476746559 -0.0183392465 -0.0829834566 0.0239764191 -0.0041648815 -0.0292302445 -0.0045264191 0.0086865462 -0.0035042923 -0.1334944218 -0.0398587771 -0.0093489652
-0.0058802315 -0.0135360500 0.0036602472 -0.0094081452 0.0014490276 0.0062189740 -0.0021653124 0.6848168969 -0.6121702194 0.0090468954 -0.2978143990 0.0483209155 -0.0612530373 -0.0152468663 -0.0035257207 0.0070680184 -0.0014655227 0.6599986553 -0.5125150681 -0.0352147818 -0.7150571942 0.0034093219 0.0112632979 0.0075339880 -0.0020437199 0.0104648471 0.0012609086 -0.1559400260 -0.0485878848 -0.0521962084
0.0007057204 0.3010904789 0.0026471792 -0.0241899546 -0.0027077934 0.0010870622 -0.0004325481 0.2513374686 -0.2830156386 0.4480156004 0.2978213727 0.2856334448 -0.0229795203 -0.0914483294 -0.0006183415 -0.0005802546 -0.0008408866 0.2192153931 -0.2677927017 0.4057577252 -0.2647319138 -0.2424442768 0.1430537850 0.0250033550 -0.0067051421 -0.0021139390 -0.0029833522 -0.0614595562 -0.1200956106 -0.3246961832
-0.0020980735 0.0996649414 -0.0386633165 0.1794993430 -0.0006910031 -0.0398483798 -0.0028711562 -0.0080828751 0.0400722921 -0.1497189403 0.0176920369 -0.1129895374 0.5989285111 0.1072253510 -0.0005930319 -0.0069368393 0.0183015503 0.0453980863 0.0018410776 -0.1034870148 0.0078004864 0.5793190598 -0.0570641160 0.3420273662 0.0149983615 -0.0568883903 0.0003669896 0.0442896262 0.0641210079 0.1790921688
-0.0032390901 0.0421111062 0.0693627298 -0.0408642367 -0.0019280439 0.0090527823 0.0015188551 0.0081432546 -0.0031258352 0.0209922902 0.0054934481 -0.0322669633 1.0140912533 -0.7064342499 0.0009082566 0.0228311438 -0.0041740565 -0.0071634795 0.0016707234 -0.0089600720 0.0180195253 -0.0541840680 0.1418058425 -0.1725582927 0.0037206069 0.0006551034 0.0001426296 -0.0703730732 -0.0186919663 -0.2254746258
-0.0010819504 -0.0132525517 -0.0033108639 -0.0757505074 0.0003109108 0.0102444282 0.0006616932 -0.0778513253 0.3038460016 -0.9319912791 0.0066871163 0.0289123524 0.0151979709 -0.0368443206 -0.0030540975 0.0029625725 -0.0049036643 -0.0338465609 0.2278789580 -0.9556031823 -0.0009881087 0.3810128272 -0.0018674041 0.1167837009 -0.0042313556 0.0137745803 0.0029238923 0.2143322080 0.1880656481 0.1946678311
-0.0072639817 0.2289124429 0.0005487929 0.0545574874 0.0027332939 -0.0004372390 0.0047423164 -0.5963409543 0.3116684258 0.0749604329 -0.3242525160 0.2350347936 -0.0036153914 -0.0137424460 -0.0034386464 0.0050456533 -0.0166898146 -0.5317098498 0.2893500626 0.0257463120 0.6109750867 0.2896785736 0.0454261005 -0.0157368276 -0.0009076960 -0.0079153329 -0.0005868268 -0.1440214068 -0.1674128771 -0.1766804606
0.0044026589 -0.3590077758 -0.0433461294 -0.0726050287 -0.0054437728 0.0161041208 0.0022523843 0.0559610352 -0.0352096930 -0.1546432227 -0.0130128954 -0.1204506680 -0.8734381199 -0.0289729442 0.0114815347 0.0062375069 0.0106867235 -0.0535846613 -0.0014405856 -0.5430245399 -0.0101057943 -0.5410367846 0.0490219109 0.0471485294 -0.0115602249 0.0488779433 0.0107449815 -0.2902384400 -0.1617127657 -0.0545643084
-0.0002016277 0.2091690004 0.0083203269 -0.1160816103 -0.0113005228 -0.0547506697 -0.0031947126 0.0623913817 0.0398274772 0.0318090282 0.0082109226 0.2677870691 -0.3563924730 0.1337952614 0.0304627959 -0.0263231322 -0.0206480790 -0.1013279185 -0.0012744979 -0.0950096995 -0.0151147228 0.0756846815 0.5346129537 -0.3849288523 0.0270431824 -0.1068013236 0.0050582746 -0.1552969962 -0.1786742210 -0.2143461257
-0.0040573445 -0.0459218249 -0.0006174580 0.0464357249 0.1039092466 -0.0758289844 -0.0104937851 0.0455354303 0.0369462594 -0.1045058668 0.0014304682 0.0583316647 0.0103839468 0.0217014328 0.3453852534 0.0110597601 0.0670829564 -0.0689059868 -0.0510426015 0.0697811693 -0.0066570304 0.0100371866 0.0038264259 -0.0666469336 0.1252170205 -0.0450267754 -0.9730327725 -0.1060969159 -0.1065095961 -0.1500255316
-0.0000435263 -0.0126444520 -0.0058128969 0.0727169812 0.0013467122 -0.0068076379 -0.0012602959 0.5888482928 -0.6841248274 -0.1059063450 0.4825168848 0.0158498473 0.0572111271 0.0192016400 0.0009037074 -0.0075066104 0.0005327528 0.6043519378 -0.6443569660 -0.0056631230 0.6203556061 0.0009314280 0.0024346006 -0.0892856792 0.0010298666 -0.0118945250 0.0037545825 -0.0473353341 -0.1376106441 -0.0619888902
0.0081285471 -0.2562111616 0.0147204213 0.2595765889 -0.0077119661 -0.0059715686 0.0033246477 0.0367867425 -0.0228288472 0.1483947039 -0.0381915085 -0.4583645761 -0.0465604626 -0.0927693918 0.0194656681 0.0294590313 -0.0107849445 -0.0430773497 0.0477623753 0.0981720984 -0.0131586455 -0.1289340854 -0.4357852042 0.4979973137 -0.0038150353 -0.0344233140 0.0107462723 -0.0037402546 -0.0643527508 -0.0636431128
0.0251817387 0.1777133644 -0.0085366908 0.0650689080 -0.0007253472 -0.0451187864 0.0008671626 0.1650754064 0.2339407653 -0.1518958807 0.2804006934 0.4108713865 0.1709356755 0.0150162810 -0.0001034832 0.0007397122 -0.0120461984 0.1661450416 0.3921703696 -0.0476082079 0.2021631449 0.2354843020 0.0319224373 -0.1241651401 -0.0177828036 -0.0423377268 0.0108224889 -0.4514346123 -0.0327399597 -0.0223302543
0.0030843460 0.2452630103 0.0027992793 0.0442154184 -0.0005186528 -0.0279319920 -0.0044372436 -0.0897059888 -0.4184179902 -0.2542627454 -0.4265481830 0.2824332714 0.0242138486 0.0100681530 -0.0065050358 -0.0209623985 0.0037581311 0.0460003316 -0.6070599556 -0.1821212769 0.0321567506 0.2314093262 0.0350855663 -0.1006408557 -0.0050971685 -0.0322751142 -0.0089933248 -0.1670494676 0.0060970723 -0.0288153235
-0.0080741001 -0.0289457962 0.0198107101 0.0303951800 0.0126758516 0.0233286675 0.0079100970 -0.2341573238 -0.0408513471 -0.0508375764 -0.0041618920 0.0505996905 0.0091866842 -0.1110329404 -0.0361622386 0.0166256167 0.0096271224 -0.3180961311 -0.0155487042 0.0443224385 -0.2251990288 0.5550115108 -0.4297265708 -0.0150261652 0.0160185602 0.0064058397 -0.0019061932 -0.2162542045 -0.3141078651 -0.0243046377
-0.0045823418 0.1184758618 0.0093150893 0.0509978123 0.0035372979 0.0229341611 0.0042076856 0.2171888500 -0.5137345195 -0.1507985741 0.4690796733 -0.0457510613 -0.0242181942 -0.0565425642 0.0042087375 0.0152815441 -0.0094806226 0.2021327615 -0.5638306141 -0.0912270993 -0.1906155050 0.4895775318 0.0962402001 -0.0233253390 0.0289493259 0.0287907962 -0.0110062975 -0.1991221756 -0.1047441512 -0.1126229540
-0.0047816094 -0.2347138971 -0.0016929220 0.0627624616 0.0015768271 0.0014204443 -0.0009962621 -0.5397982597 -0.3382580578 0.0302652195 -0.2714204490 -0.2643330395 0.0001418334 -0.0311257280 0.0001393135 -0.0063334471 0.0010555399 -0.5283836126 -0.2199942470 0.0010611808 -0.7169048190 0.2006941438 -0.0301587041 -0.0143455667 -0.0014982910 -0.0049881251 0.0025568428 -0.1630006284 -0.1411037296 -0.2038175911
-0.0038200447 0.4176553786 -0.0367877148 0.0300491266 -0.0012291616 -0.0046564545 -0.0014408091 0.0854113027 0.0093430281 -0.0687154159 0.0097638536 -0.0213759337 0.1200621724 -0.2272966653 -0.0013437818 0.0132309292 -0.0127464179 -0.0453582890 0.0022609578 -0.4655421078 0.0194748733 -0.7534305453 0.8007169366 -0.1081679389 0.0095437961 -0.0156915653 -0.0188112799 -0.1674294025 -0.1979274154 -0.1620001793
-0.0006675615 -0.0357980207 0.0025052638 -0.0100021297 0.0025256276 -0.0075322045 -0.0033633015 -0.1184437051 -0.8133533001 -0.0944000632 0.4160089195 -0.0605571344 0.0153694917 0.0102594513 -0.0039096097 0.0048567490 0.0019117673 -0.2016874403 -0.7667521834 -0.1363696307 0.1771629006 0.0881162360 0.0300717503 0.0175540298 -0.0040959534 -0.0181298926 -0.0087592695 -0.1822165996 -0.0507313721 0.0265537687
0.0227217060 -0.0103694675 -0.0023877723 -0.0220247265 0.0023200102 0.0151416091 -0.0001948362 -0.5416595340 0.5484636426 0.0429520644 0.1436554641 0.0233955774 0.0129433461 0.0146366311 -0.0064215208 0.0199477542 0.0011375168 -0.4389812052 0.4174789190 -0.1068923548 0.1480624378 0.0301994476 0.0000559285 0.0189447124 0.0030589809 0.0218727216 -0.0031188028 -0.0268387366 -0.0369375609 -0.0774772167
-0.0071988399 -0.2585683465 -0.0026372138 -0.1182599217 -0.0019693717 -0.0239862204 -0.0038350481 -0.0047280136 0.0286376588 -0.1643294096 0.0088151572 -0.3796678782 -0.1527102888 -0.3022564054 0.0085666515 -0.0036075322 0.0137535324 0.0153620774 -0.0349008478 -0.1244389713 0.0193612222 0.2054236531 0.6940626502 -0.3576330543 0.0154266888 -0.0398526713 0.0038127049 -0.1723253429 -0.1762050241 -0.0328581743
0.0015238118 0.0117935706 -0.0024462407 0.0338980630 0.0035540110 -0.0203466490 -0.0032892379 -0.7877579331 0.0697700754 -0.0443173349 -0.7299460173 0.0013383250 0.0481255651 0.0043826522 -0.0082903272 -0.0111664291 -0.0009330626 -0.7657030821 0.1107109934 -0.0572890602 -0.0735077634 0.0008867820 0.0188558027 -0.0370931886 0.0006742821 -0.0226938501 -0.0003352721 -0.1050418094 -0.0155702112 -0.0384044908
0.0101627475 -0.2408601493 0.0099862972 0.0235571172 0.0088939564 -0.0002183552 0.0004989728 0.0680301562 0.3257789612 -0.3008212745 -0.4404470921 -0.3211295307 0.0129075209 0.0082299998 -0.0228666607 0.0028911438 0.0083736526 -0.0022325530 0.5822681189 -0.3123555183 -0.0119580692 0.0363416076 -0.1218808517 -0.1733269691 -0.0027644094 -0.0115937982 -0.0129180206 -0.2028664947 0.0010189714 -0.0750449449
-0.0139713865 -0.0236048121 0.0025818425 0.0543015264 -0.0011992502 -0.0312618352 0.0001244715 0.5205658674 0.4930027127 -0.2126746476 -0.4477038682 -0.0120668514 -0.0072936798 0.0024468801 -0.0031248345 -0.0081588654 0.0036930633 0.6685239673 0.5809208751 -0.1327590048 -0.4526284635 0.1493019462 0.0480682626 -0.0951780677 -0.0076202662 -0.0428625718 0.0083003268 0.0001238467 -0.1601341367 -0.0670930743
0.0000241504 -0.0026130097 -0.0028846976 -0.0114120869 -0.0005700199 0.0027891418 -0.0005471721 0.2881415188 -0.6728897095 0.5161761642 -0.0047387229 0.0089159282 0.0027603267 -0.0080194231 0.0009357584 0.0059159631 -0.0034586759 0.2148027420 -0.5487238765 0.3524879217 -0.0024921498 0.0262204427 0.0022124015 0.0171432309 -0.0028853887 -0.0006311908 0.0010386741 0.0085823955 -0.0387163199 -0.3490916789
-0.0108553525 0.0434963591 0.0008637317 -0.0091635194 -0.0003337404 0.0046821707 0.0009571561 -0.4416994452 0.7326116562 0.0719614327 -0.4761736393 0.0465483926 0.0067889751 0.0306198914 -0.0051834411 -0.0148350950 -0.0008370535 -0.3362088203 0.7256008983 0.0183800049 0.3476802409 -0.0156902168 0.0329738371 0.0168022998 0.0083908997 0.0085845608 0.0007965171 -0.0167964585 -0.0656110272 -0.0777537078
-0.0051326822 0.0495016575 0.0022311879 -0.0041078907 -0.0019798724 0.0197293740 -0.0006935179 -0.6890330315 -0.6365071535 0.0550265089 0.4137559533 0.0400773324 -0.0025875627 0.0062423083 0.0003608098 0.0030740346 0.0020854897 -0.6680607796 -0.5984153748 -0.0156099116 0.4158673584 0.0325554460 0.0058220783 -0.0070594209 0.0029654636 0.0384959653 -0.0021748561 -0.0705900267 -0.0669480860 -0.1191055030
0.0075559174 0.0116497772 0.0002239688 0.0712063536 0.0004206160 -0.0133821229 -0.0008558105 -0.6218906641 -0.6265330315 -0.1394654512 0.4321912527 -0.0308025386 -0.0716270506 -0.0142925661 -0.0013739067 -0.0081733568 0.0024811255 -0.6476170421 -0.5463390350 0.0568830594 -0.5743569732 -0.0239308774 -0.0098739015 -0.0986665636 -0.0038433173 -0.0225042608 -0.0064869965 -0.1235822961 -0.1183069870 -0.0286577325
-0.0002185695 0.0561467595 0.0019932825 -0.0365233310 -0.0014979402 0.0306056943 -0.0043848255 0.0431454815 0.0333220847 -0.0537225343 0.0370221809 -0.0431811921 -0.8270522356 -0.2416127622 0.0108856633 0.0332529061 0.0044743256 -0.0598023869 -0.0413273349 -0.3404578269 -0.0030194779 -0.9371874332 0.0504000261 -0.1122960225 0.0024411306 0.0249309931 0.0198615547 -0.4231896400 -0.4709430337 0.0934844762
-0.0118975742 0.1216720343 0.0075599174 -0.1371225268 0.0016626219 0.0211189725 0.0017032468 -0.0118527636 0.0494228937 -0.1440992057 0.0171105880 0.3201121390 -0.4817843735 -0.0719143152 -0.0083116377 0.0180930030 -0.0094978577 -0.0237276759 -0.0280708019 -0.2890027761 -0.0180654973 -0.3634779155 0.0721029192 0.2553246617 -0.0091903033 0.0214377102 -0.0185327586 -0.3841007948 -0.5024024844 0.1639608145
-0.0235418528 -0.0593127944 -0.0088691516 0.0775233507 0.0009738688 -0.0210053623 0.0013115441 -0.5245618224 -0.2040507644 -0.0348523147 -0.4825516641 0.0680494085 -0.1346510947 -0.0368937142 0.0316956826 -0.0121259289 -0.0106539978 -0.4928231239 -0.1382659972 0.0148700690 0.1954721808 -0.1815999746 -0.0336402245 0.0601195171 -0.0194386896 -0.0234417301 0.0230774190 -0.2437296212 -0.4976176322 0.1164344102
0.0047507561 0.2057881504 0.0046525449 0.0415275954 0.0042598699 -0.0042701121 -0.0030156064 0.6455519199 0.0171058886 0.0726666152 0.0055555962 0.0700717345 0.0014415182 -0.0037431039 -0.0095987367 -0.0139438175 0.0020644602 0.6936466694 0.0239487309 -0.0102086691 -0.5589115620 0.3250325024 0.0400456972 -0.0201175995 0.0050699958 -0.0032072370 0.0056757135 -0.0590029582 -0.1011656746 -0.1634928137
-0.0031195420 0.0160102714 -0.0024184827 0.0652949885 -0.0023102888 -0.0055238549 -0.0007867166 -0.7761621475 0.2061104923 -0.0575479344 0.7410888076 -0.0445643887 -0.1040166318 -0.0210783146 0.0049381228 -0.0052198628 0.0053881961 -0.7237638831 0.0573838465 -0.0438897386 0.0178059805 0.0082635004 0.0094936900 -0.0937785357 -0.0009898953 -0.0088590235 0.0064976001 -0.2361155450 0.0872282162 -0.1075857729
-0.0030987340 -0.3406655788 -0.0035965098 -0.0923790261 0.0020611100 -0.0020648947 -0.0095044160 -0.0045854431 -0.0070470418 0.2771818638 -0.0199280977 -0.2275528312 0.0656338707 -0.4599897861 -0.0161166321 0.0026628177 0.0201635398 0.0291285496 0.0243347920 0.3039431870 0.0318546630 -0.5636069179 -0.5984630585 0.0491445214 -0.0034426304 -0.0110765360 -0.0054405080 -0.2910663188 -0.3206187487 -0.3354123235
0.0028576157 0.3225073814 -0.0065884176 -0.1661405712 0.0049857004 -0.0168578941 0.0029753565 0.0299345423 0.0323230922 -0.1211095899 0.0289465599 0.0632128716 0.0942615122 0.3631400764 -0.0271022804 0.0115874987 -0.0025464371 0.0370811336 -0.0256313030 -0.2649509609 0.0185128916 -0.5083417296 0.2909897864 -0.3137186170 0.0142598376 -0.0381959789 -0.0014287825 -0.1574371159 -0.1808039844 -0.1091102958
-0.0343871303 -0.0533740483 0.0394670255 0.0717341155 0.0044769491 -0.0052024857 -0.0379740857 -0.2917450070 0.1433501393 -0.0352621190 -0.1565200239 -0.1511021703 0.3042236865 -0.0362875275 0.0391330086 -0.0026921609 0.0730127990 -0.2706135809 0.2609209418 0.0180751812 -0.4546598196 0.0130899074 -0.1534941941 -0.1627167761 0.0250733048 0.0158970319 0.0164146312 -0.1818681806 -0.0524803884 -0.2358919233
0.0012563467 0.0031509565 -0.0014811937 -0.0206213631 0.0004665059 0.0094285477 0.0005888232 0.8520660996 -0.6824247241 0.1062593684 0.0043187109 -0.0054800729 0.0012164254 -0.0077758655 -0.0016535032 0.0072667366 0.0002710423 0.7724086046 -0.5120513439 -0.0274799671 0.0030990369 0.0051074605 0.0009325296 0.0278490596 -0.0020215595 0.0114079919 -0.0001681814 -0.0453444235 -0.0500913113 -0.0633872971
-0.0023739715 -0.1089842990 0.0136115337 -0.0727376342 -0.0038255765 -0.0009926469 -0.0002782956 -0.0142849265 -0.0421597473 0.3774861991 -0.0024196261 0.3589956164 0.0971300825 0.0502272286 0.0369446874 0.0588625781 -0.0019462550 -0.0022075530 0.0596662425 0.1164341122 0.0006510891 0.6549582481 0.1434244961 0.2527971268 -0.0079141660 -0.0064447466 -0.0103708962 -0.2993517518 -0.3836184442 -0.3734748662
-0.0133781834 0.0913162678 0.0076824115 -0.1351787597 -0.0026634997 -0.0132812988 -0.0053050467 0.0352728814 -0.0412344746 0.0754703879 0.0322808884 0.1081015691 0.7054709196 -0.1403955817 -0.0236910842 -0.0241447706 0.0052320142 -0.0442569479 -0.0072146114 0.0123035843 0.0383110456 0.1131333262 0.0556176715 -0.2031804025 0.0400084816 -0.0445919298 0.0054323482 -0.1634877026 -0.0693118051 -0.3839911520
0.0060040122 0.0148157049 -0.0059069116 0.0531482808 -0.0147954812 -0.1076500118 -0.0089914026 -0.0117117343 -0.0136144729 0.0205919147 -0.0270866323 -0.0323793106 0.0356620550 -0.0666380078 -0.0065170284 0.3499672413 -0.0631875694 0.0201845709 0.0309462361 -0.0506122112 0.0107922545 -0.0014866833 0.0197294038 -0.2101172507 -0.5895102024 0.1200968251 0.0157916415 -0.1344712377 -0.1279682815 -0.0951096863
0.0103026247 0.2743271291 -0.0013890126 -0.0391553901 -0.0094739133 -0.0088439332 -0.0075934096 0.0166917890 0.0274160914 -0.0135550378 -0.0274989121 0.3337901831 0.0676999465 -0.3055737615 0.0327304788 0.0419395752 0.0138485814 -0.0266321581 -0.0257210303 -0.1466177702 0.0066331276 -0.3703764081 -0.4922191799 -0.6026452184 -0.0042798328 -0.0409105532 0.0116422325 -0.2677382827 -0.2687056363 -0.2165259570
0.0113165304 0.0610449947 -0.0102878623 0.0651161447 -0.0059893671 -0.0345715396 0.0017222252 0.0182813387 -0.0288263690 -0.0762483105 -0.0268965736 -0.0196037013 -0.7058787346 -0.6388601065 0.0059836102 -0.0137239071 -0.0019494356 -0.0192241408 -0.0153069198 0.0926379189 -0.0820959210 -0.0643851459 -0.0105921617 -0.2529277802 -0.0050216550 -0.0552738644 0.0043612802 -0.3057903051 -0.3338530958 -0.1519441456
-0.0043255924 -0.0603536107 0.0001069694 -0.0237209313 0.0033472732 0.0244449601 -0.0019907972 -0.5105620027 0.7678688169 0.1925267428 0.4838522673 -0.0324918739 -0.0160976946 0.0101281786 -0.0034978162 0.0100491112 -0.0064826817 -0.4745541811 0.7122716904 0.0473557860 -0.3426291943 0.0153022790 -0.0039310539 0.0369070694 -0.0021684021 0.0288279112 0.0013414985 -0.1095724702 -0.0391941629 -0.1385853142
0.0033481428 0.0195339136 0.0032912511 -0.0850949213 0.0058938684 -0.0300485045 -0.0061651678 0.0037066059 0.0187731404 0.0030768742 -0.0050082165 -0.0315829664 -0.0067568137 -0.0476036742 -0.0003811593 0.7478310466 0.0073989611 -0.0161226597 -0.0047182152 0.0507088788 0.0070963437 -0.0288687944 0.0021722575 -0.0288366396 -0.1759024709 -0.8598993421 0.0033049081 0.0136855608 0.0033669937 0.0816692635
-0.0016466466 -0.1050715744 0.0038377629 -0.0130365556 0.0029283704 -0.0005593348 0.0016504512 0.4770416319 0.6020262837 -0.7442068458 -0.1854144782 -0.2067634910 -0.0244334526 -0.0258432161 0.0006881394 -0.0023644920 0.0020684649 0.4613318443 0.5111513734 -0.8312073946 -0.1378742754 0.1889186949 -0.0122578470 0.0598201491 -0.0037391803 -0.0021264977 -0.0000779203 0.0968281105 0.0510533825 0.1244744658
0.0026704497 -0.0081096487 -0.0071499189 0.0026466139 0.0093939044 -0.0468624867 -0.2662741244 -0.0102263363 0.0063333642 -0.0800616592 0.0092642615 0.0008353945 -0.0074685924 0.0167167578 0.3934855163 -0.0215845350 0.3813517392 0.0145171396 -0.0147495391 0.0411261618 0.0083196806 0.0017247543 0.0051602605 -0.0068641501 -0.0055291289 -0.0567433052 0.9292473197 -0.0693463907 -0.0613247901 -0.1533974409
0.0015405322 -0.1526303291 -0.0041760644 0.0217536539 -0.0011462179 -0.0023874829 -0.0050602332 0.6103317738 -0.3835868835 -0.5861648321 0.1557545662 -0.2819278240 0.0016732439 0.0126306452 0.0060614445 0.0033869236 0.0203511305 0.5856365561 -0.3338159323 -0.6906537414 -0.3249353468 0.1558225453 -0.0257686600 0.0046230177 -0.0008042147 -0.0118478872 0.0051378924 0.0672704354 0.0408051573 0.1298980266
-0.0047442638 0.0817636698 -0.0016777730 -0.0278072059 -0.0020078374 0.0017906651 -0.0023606522 0.5823825598 0.4996758401 -0.6669933796 0.1119278148 0.1783466041 -0.0140970619 -0.0010188061 -0.0011409543 0.0007369415 -0.0003438820 0.5022999048 0.3990639150 -0.8047150373 0.1429285109 0.1425791532 -0.0058570039 0.0592566654 0.0042022164 0.0054790485 -0.0015913465 0.0691712722 0.0337641016 0.1018941030
-0.0099207107 0.2243648916 0.0009525934 0.0936077386 -0.0004964449 -0.0265139416 -0.0057535311 -0.4651772976 0.2665603757 0.0356645100 -0.3432798386 0.3746589422 -0.0255609825 -0.0179264043 0.0022601713 -0.0248400718 0.0137037970 -0.4333734810 0.2736716866 -0.0140354205 0.6461687088 0.0985528529 -0.0101568419 -0.0178608093 0.0061278748 -0.0346265137 -0.0124240248 -0.1426808983 -0.1208238378 -0.2439979315
-0.0181363840 0.0775911286 -0.0179067701 -0.1776894480 0.0097173378 0.0554528683 -0.0016603012 -0.0109768109 -0.0320528075 0.0589447059 0.0455745459 0.0591276400 0.1011020243 0.8257293105 -0.1010111123 0.2636893392 -0.0037845613 -0.0519266129 0.0340096541 -0.1319072992 -0.0295745451 0.0617882684 0.0247794334 -0.1831403375 0.1216142103 -0.0389079936 -0.0327407829 -0.1121719703 -0.1045528576 -0.1065970361
0.0031639300 -0.0102930125 0.0060684639 0.0321493931 0.0026686175 0.2178796530 0.0170450546 0.0072774990 -0.0400976874 -0.0132679613 -0.0059552272 0.0068488140 -0.0058652735 0.0392807610 -0.5880382657 -0.2143667191 -0.0899351165 -0.0163904503 0.0563018471 -0.0547711067 0.0041622026 0.0150077324 0.0028887759 -0.0604032949 -0.0189358722 0.4253237545 0.0423101634 -0.1853166819 -0.2001920938 -0.1648066193
0.0016874068 0.2065167427 0.0004069093 0.1104160175 0.0075148307 -0.0246026143 -0.0054428824 0.4766204357 0.0337716267 0.0145962164 0.0351652317 0.3478075862 0.0023757662 -0.0415585376 -0.0093803946 -0.0155430650 0.0024553530 0.5198252797 -0.0359814689 0.0469966084 -0.6900141835 0.0717668682 -0.0119699165 -0.0655193403 0.0007844575 -0.0320698470 0.0003336684 -0.2045093477 -0.0595634654 -0.2164145112
0.0021908276 0.0077992929 -0.0022967972 -0.0683762208 -0.0071195182 0.0458402708 0.0072339042 0.0056885025 -0.0106533514 0.0155453663 -0.0100997956 0.0135617023 0.0111801466 -0.0074187694 0.2252171636 0.1614787281 -0.0978417546 -0.0251510981 0.0203495678 -0.1100867987 0.0007439061 -0.0039054311 -0.0061537451 0.0660622045 -0.5008860230 -0.6623905897 0.0228167791 -0.2220330536 -0.2582459748 -0.1733673215
0.0171336569 0.0067068436 -0.0174361337 0.1037532762 -0.0000040353 -0.0088414168 0.0024046120 0.5749964714 -0.1218763143 -0.1120229885 -0.5255958438 0.0667193457 0.3306497335 -0.0125315459 -0.0054064174 -0.0484113060 -0.0250709150 0.5897994637 -0.0817878768 0.0189902149 -0.2011746168 -0.1433393210 0.0042380081 0.0574000776 -0.0102882069 0.0053885221 0.0113714300 -0.2864502072 -0.1781256348 0.0681195930
0.0084010419 0.2306298912 0.0018286906 0.0981869847 -0.0040300894 -0.0084659252 0.0030348965 0.2304045409 -0.4651204348 0.0003745290 0.6185205579 0.3835427761 -0.0124562308 -0.0384921692 0.0011784777 -0.0066146487 -0.0131584173 0.2625561059 -0.4068025053 0.0206946731 -0.3087439239 0.0536344685 -0.0081844814 -0.0207005534 -0.0099984985 -0.0137705887 0.0044945376 -0.1291914284 -0.2134227604 -0.2290295511
0.0096142599 0.1159018800 -0.0021590185 0.0232148543 -0.0023190239 0.0112720896 -0.0036135016 0.8336704373 -0.1187585741 -0.4199717045 -0.1024873629 0.1986090541 0.0028046435 -0.0030700238 0.0019220937 0.0111338133 0.0043162368 0.8502029777 -0.1886516809 -0.4800153673 0.5458629131 0.0829596221 0.0176218450 -0.0371251553 -0.0050743376 0.0077143149 0.0065165772 -0.0188747607 -0.0208091754 0.0469589084
-0.0002254670 0.0881678089 -0.0122229550 -0.0646317303 -0.0027169101 0.0006773684 0.0009883943 0.0220827591 -0.0062393099 0.0499490798 0.0032847603 -0.1450047195 -0.8188025355 -0.7654333711 0.0088939490 0.0087518794 0.0113916388 -0.0503030568 -0.0013974641 0.0287227556 -0.0086219218 -0.0028702242 -0.5036287904 -0.2262582630 0.0024405390 -0.0095438641 -0.0045695850 -0.0954087898 -0.0930529386 -0.2207264155
-0.0005177588 -0.0002929332 -0.0009312637 -0.0170011539 0.0003573995 0.0004541584 0.0001469596 -0.1232906878 1.0416886806 0.0309435651 0.0003436377 -0.0026909795 -0.0015439998 -0.0033595616 0.0014254501 0.0025294556 -0.0004544600 -0.0836811960 0.9766196012 -0.0865317509 -0.0027122388 0.0011781269 0.0019680641 0.0206642542 0.0018120742 0.0000981333 0.0026850405 -0.0206090882 -0.0682207048 -0.0017102878
0.0475279316 0.0655242205 -0.0177333336 -0.0498082303 -0.0118851131 -0.1870047599 0.0075930343 -0.0054190778 0.0364652760 0.0168756433 -0.1033339202 -0.1216140538 -0.2798385024 0.4245411158 0.3247246742 0.3711062670 -0.0689993799 -0.0369703844 0.0061951671 -0.0217832681 0.0355634950 -0.0355886370 0.2138386220 0.0722339377 0.1394154876 0.2515046299 0.0363015570 -0.0495779999 -0.2150203884 -0.1807708740
-0.0175645612 -0.0328141637 0.0027746016 0.0165717769 -0.0013563035 0.0200312771 0.0000252432 -0.0021962447 -0.0236905068 0.0253691729 0.0291223507 0.0415275618 -0.0130622983 -0.0088621825 -0.0013460944 -0.4594110548 0.6275673509 0.0004148962 0.0266764481 -0.1122192591 0.0103846733 0.0023894517 0.0147499070 -0.0453467853 -0.0979101360 -0.0485816374 -0.6602826118 -0.1189837903 -0.1610089093 -0.1690855324
-0.0014419967 -0.0972329974 -0.0307399519 0.0066012903 -0.0030262996 -0.0016560002 -0.0026472097 -0.0182861444 -0.0189279132 0.0491922088 0.0231120624 -0.4151966870 0.5405969024 -0.4635291696 0.0206449423 0.0086510507 0.0272132158 0.0166163482 -0.0136265019 -0.0530461110 0.0266064648 0.0761204734 0.5026276708 -0.3118580282 -0.0145555576 -0.0121650947 0.0122470697 -0.3231757283 -0.3122960925 -0.2086587101
-0.0026914689 -0.1662255824 0.0042947596 0.1677884310 -0.0101297721 0.0203719214 0.0051959516 -0.0159327928 0.0245620087 0.0185467545 -0.0103333900 -0.1668616533 -0.1201568693 0.0362324156 0.0096135484 0.0397240259 -0.0063353856 0.0028892630 -0.0168315303 0.1446782053 -0.0039740959 0.4231880903 0.6541037560 0.4261347353 -0.0031706498 0.0128603103 -0.0112977764 0.0746309981 0.0918172523 0.2416382432
0.0048821494 -0.4763117135 -0.0171156991 0.1962872297 0.0035154223 0.0147668505 0.0042589726 0.0375524834 0.0205521695 0.1851175725 -0.0124123031 -0.0546726994 -0.0374361426 0.2919535041 0.0017453925 0.0154648796 -0.0158695597 -0.0593057610 -0.0121999523 0.1346285641 -0.0054851137 -0.3855824471 0.7158942223 0.3144295812 -0.0085491687 0.0097285705 -0.0051646731 -0.0557549521 -0.0236883275 -0.0677137002
0.0033995628 0.0020786466 -0.0052467897 0.0333893821 -0.0008168379 -0.0152370865 -0.0034860135 0.3083978295 -0.9038997889 -0.0377225243 -0.4413494468 -0.0294960719 -0.0916609764 -0.0042254888 0.0054615377 0.0003316609 0.0059240875 0.0816750899 -0.8536870480 -0.0235824641 -0.6852355599 -0.0000737779 -0.0010506196 -0.0492730998 -0.0018656658 -0.0279981140 0.0074549862 -0.0258505233 -0.1716789454 -0.0686367005
0.0161858369 0.0069005801 0.0267442092 0.0599609576 0.0037755335 0.0052736988 0.0018516351 0.1145769805 -0.5266559720 -0.0127034634 0.2863389254 0.0028022556 0.3705453575 -0.1087883115 -0.0015042529 -0.0173517335 0.0106656197 0.0820826367 -0.4957954884 -0.0241405759 0.5253124237 -0.0902132839 0.0710730776 -0.1337616742 0.0068184952 0.0000401397 -0.0037548321 -0.1514973938 -0.0620161258 -0.1470135152
0.0006676173 -0.0072225998 -0.0004108202 -0.0072842301 0.0023168602 -0.0027282874 -0.0006541281 -0.6547111273 0.0318673290 0.5489572287 -0.0035537644 0.0084130121 0.0003092165 -0.0117255356 -0.0044622663 0.0005561433 -0.0022629183 -0.5460869074 -0.0546914302 0.4033034444 -0.0041431962 0.0314111449 0.0018436529 0.0022492693 0.0028937659 -0.0072851377 0.0002526486 -0.0343870707 0.0213876702 -0.3644259870
0.0518386327 0.0122515960 0.0053909780 0.0200584866 0.0004530551 0.0007467795 0.0043791346 -0.7314259410 0.2492694706 0.0189056322 0.0951500610 0.0726331770 -0.0389766656 -0.0112569313 0.0070986655 0.0027416772 0.0002345783 -0.7177690864 0.1433899999 -0.0281848405 0.6029148698 0.0274961740 0.0158657972 -0.0183372125 -0.0015632852 0.0004857620 0.0021348905 -0.0684744045 -0.0996918306 -0.0590542629
-0.0150765525 0.4566818774 0.0007763054 0.2383587062 -0.0006004597 -0.0054028272 -0.0003772063 -0.0132493507 0.0280528814 0.1691942066 0.0247980542 -0.0007868398 0.2262534648 0.2081072181 0.0066882963 0.0130990688 -0.0001257395 0.0082342355 -0.0152209038 0.0270223804 0.0012449740 -0.5064362288 -0.7326630354 0.1957383752 -0.0109868348 -0.0272477288 -0.0126567027 -0.1825361550 -0.1158252731 -0.1361149251
0.0181993190 0.3647811711 0.0108130556 0.2321619838 -0.0040470711 -0.0226511490 -0.0050755572 -0.0126059288 0.0455674641 0.2004150748 -0.0356568769 0.1330336630 -0.5095329881 0.4030548632 0.0055477628 -0.0127888666 0.0202086568 -0.0036417302 -0.0284645893 0.1231832430 -0.0100572975 -0.4418342710 -0.5208901167 0.1961726397 0.0090045175 -0.0233988371 0.0087814983 -0.0741250888 -0.0486117229 -0.1150871068
-0.0177020691 -0.0207478646 0.0002176138 0.0384691469 -0.0014128640 -0.0035358733 0.0022469980 -0.8885391355 -0.1887967139 -0.0136387013 -0.6770344973 0.0207640734 0.0364351906 0.0030667686 0.0020849626 -0.0011554090 0.0000908208 -0.8506055474 -0.2694341838 -0.0375876389 0.2387340516 0.0082875490 0.0046303514 -0.0434996895 -0.0015965396 -0.0064319344 0.0013972711 -0.1008182243 -0.1322059184 -0.0252481382
0.0058267419 -0.1957886368 0.0084619168 0.5857782364 0.0021916842 0.0160297882 0.0014332862 -0.0169232767 0.0311056096 -0.0892553777 -0.0364329070 0.3031795025 0.0202080514 0.8359159827 0.0466662720 0.0799384639 0.0166851096 0.0185651202 -0.0632077381 -0.3384204805 -0.0056908745 0.3303859234 0.0729375482 0.1852076799 -0.0206936169 -0.0094814133 -0.0100186132 0.0642570183 0.0482175462 0.2416596115
-0.0010795795 0.0073823901 -0.0009556648 -0.0252743699 0.0004087552 0.0068278820 0.0005328778 -0.7629681230 -0.7824864984 0.0137540493 0.0024580185 -0.0134289367 0.0035912083 -0.0057197958 0.0035813386 0.0075221560 -0.0005422584 -0.7015350461 -0.7281551957 -0.0978966877 0.0029071008 0.0027178244 0.0000048061 0.0343516432 0.0005451660 0.0083490144 -0.0001523418 -0.0268080141 -0.0678892061 -0.0123709710
0.0007701610 -0.0036363497 -0.0006680434 -0.0206467211 0.0014351541 0.0064051901 -0.0008696411 -0.8398960829 -0.0822849423 0.2756647468 -0.0012172593 0.0082354946 -0.0008568965 -0.0022044689 -0.0036657301 0.0062796967 -0.0034679980 -0.7871572375 -0.1123868600 0.0823368952 -0.0011249069 0.0005217755 0.0009021964 0.0322332084 0.0012139431 0.0069150939 -0.0010780838 -0.0305314548 -0.0421626121 -0.1503712386
0.0082127769 0.0074473484 -0.0003094263 -0.0130324457 -0.0018544829 0.0130757280 -0.0030673360 -0.8256182075 -0.2148393840 0.0125139346 -0.3900343776 -0.0496838428 0.0121192290 -0.0166060533 0.0117222583 0.0164321680 0.0122563420 -0.7759241462 -0.2113452703 -0.0465297177 -0.5207684040 -0.0645851418 0.0006396388 0.0325356871 -0.0056673978 0.0089838468 0.0006262319 -0.0608016439 -0.1166926175 -0.0346637405
-0.0213579666 0.1370253414 -0.0229760688 0.0310763419 0.0093828356 -0.0322045274 0.0007939895 0.1435504407 0.0418889783 -0.0718255490 -0.1990075856 0.1961994469 -0.5924265385 -0.0520905629 0.0121816760 0.0013542158 -0.0019190174 0.2057077885 -0.1162708104 0.0091443323 0.1094456688 -0.1239745915 -0.0104382616 -0.1493316591 -0.0097765857 -0.0449945033 -0.0122017935 -0.1865655333 -0.0737509131 -0.0407315269
-0.0014571369 -0.1226853058 0.0000625339 -0.1844018102 -0.0036233028 0.0179664306 -0.0055721290 -0.0117760897 -0.0555193089 -0.0903431773 0.0063507729 -0.3981729448 0.0026211187 0.6204019189 -0.0023880487 0.0884384364 0.0459969901 0.0185656734 0.0594108589 -0.2524263263 0.0018983088 -0.3238463998 -0.0319778919 -0.2885735333 0.0346499383 -0.0509254895 -0.0074710692 -0.2156552225 -0.2073768824 -0.0954639018
-0.0033923073 -0.0426710583 0.0078362264 -0.0449515693 0.0658558384 -0.0403077677 0.0048268209 0.0046689790 -0.0037324768 0.0174926650 -0.0007751331 0.0340710431 -0.7158906460 -0.5940505266 0.0051551992 -0.0146137131 0.0057074502 -0.0179056674 -0.0416333303 0.0550479442 -0.0083062947 0.0017177202 0.1987875998 -0.1560673416 -0.1139648557 -0.0576116815 0.0116773648 -0.0864976272 -0.1018920243 -0.1863904297
-0.0016289834 0.0036513505 0.0000763572 0.0311433841 0.0006753742 -0.0029000172 0.0019492162 -0.1412954330 0.8948228359 -0.0406760313 0.0846794844 0.0044709607 -0.0729231536 -0.0184830651 0.0022611581 0.0017941218 -0.0015227376 -0.0381037928 0.8609697223 -0.0260894410 0.8318087459 -0.0083007747 0.0046541980 -0.0404468551 -0.0062686820 -0.0029420180 0.0010890008 -0.0504954942 -0.1796859205 -0.0495432802
-0.0054894462 -0.0145189296 -0.0139341354 0.1191621870 0.0003850755 0.0578002222 -0.0013184971 -0.0007318472 0.0181815661 -0.0415011235 0.0121938009 0.0422731042 0.0557863452 -0.5018677711 0.0183323510 0.2304100096 0.0056222435 0.0019478013 -0.0152550973 0.0645564348 -0.0207281504 0.0522271022 0.0133765712 0.9576228261 -0.0258344524 -0.1255997121 0.0037442720 0.1752086431 0.1704843789 0.2418412417
-0.0016210527 0.0307771917 0.0005864574 0.0178223308 0.0063889953 0.0026510139 -0.0127732186 -0.0566883832 0.0184162706 -0.0653505325 0.0120723043 -0.0447612740 -0.0159183908 0.0459133461 -0.4584100544 0.0140323779 -0.0076583200 0.0480320491 -0.0280225761 0.0065746279 0.0089572817 0.0144090941 -0.0038185425 -0.0504257679 0.0117971953 0.0496543199 -1.0067496300 -0.1599110365 -0.1392298192 -0.1348225772
-0.0120287891 -0.2544214427 0.0023706299 0.0951697454 -0.0007985799 -0.0171539150 0.0021250511 0.5444343686 0.1073247790 0.0370697826 0.1693404615 -0.3183135986 -0.0027868331 -0.0356489606 0.0072444119 -0.0086056869 -0.0104280226 0.5764710307 0.1672962904 0.0433513410 0.7042674422 0.1756216437 -0.0260589141 -0.0585925356 0.0032814560 -0.0261824988 -0.0006131406 -0.1852432489 -0.1242372617 -0.2075843364
-0.0041850936 -0.2711609304 -0.0006044103 0.0863082632 0.0034884983 -0.0276924130 0.0062428550 -0.4085086286 0.4793152511 0.0724445581 0.6008205414 -0.3213758469 -0.0040087570 -0.0469167084 -0.0079336409 -0.0053345440 -0.0126262270 -0.3893042505 0.4637295604 0.0437884443 -0.4963479638 0.0880943909 -0.0237298198 -0.0421858169 0.0070405630 -0.0378439762 -0.0076505798 -0.1327723712 -0.1520731598 -0.2280694991
-0.0088328263 0.2418096513 0.0260406341 0.0021800543 0.0078954818 -0.0174835455 -0.0062595643 0.0056299134 0.0141349016 0.0562721491 0.0267804209 0.3325017393 -0.2619806826 -0.5686269999 -0.0133369667 0.0057704803 0.0109012770 -0.0105340080 -0.0064880666 0.0743386894 -0.0025731840 0.3138036728 0.7585507035 -0.3560070693 0.0040391344 -0.0310137123 -0.0014332143 -0.2571696937 -0.2377827018 -0.2186835706
-0.0063041775 0.2334783822 -0.0028038924 0.0462534428 -0.0044846395 -0.0180684663 0.0009667093 0.1867393106 -0.5669482350 0.0811619386 0.6621982455 0.2685496509 0.0115120811 -0.0104077654 0.0164451506 -0.0000811545 -0.0084062284 0.2023605555 -0.5472675562 0.0434408039 -0.2428166121 0.2144350111 0.0445155725 -0.0010879647 -0.0015333779 -0.0222266950 0.0036220287 -0.1491139829 -0.0931949168 -0.2087951750
-0.0063234754 0.2804331183 0.0021751856 0.0545832179 -0.0026778302 -0.0062279287 0.0014434857 0.5144025087 0.0084949760 0.0759357661 0.0154215144 0.2200059891 -0.0151714664 -0.0351747200 0.0043543307 0.0078559453 -0.0049566934 0.5608364940 -0.0209812783 0.0179755241 -0.7048518658 0.1756187230 0.0455973074 -0.0203385204 -0.0014792390 -0.0091984086 -0.0055443244 -0.1180585697 -0.1140107438 -0.2225149125
-0.0027619542 0.3237066567 -0.0096839517 -0.0027440134 0.0000924936 0.0170912892 -0.0033942307 0.2482960820 0.2833660841 0.4935274720 -0.2250617146 0.3065078557 0.0252104215 -0.0753422901 0.0001418539 -0.0028263754 0.0032865186 0.2909542620 0.2105281949 0.4463124275 -0.2649808824 -0.2387923598 0.1638306379 0.0082045188 0.0083573218 0.0220311433 -0.0067548878 -0.0936429650 -0.0392623320 -0.3970148563
0.0971007124 0.1661451608 0.0806950778 0.0306975637 0.1307642460 0.0940110981 0.0916178077 -0.0198589079 -0.0609355681 -0.0408217832 -0.1346873343 0.0196271539 0.1569926441 1.0909179449 -0.1024698317 -0.3565595150 -0.5112893581 0.0945343897 -0.1452837884 -0.0480579101 0.1429556161 -0.0051513049 0.0834631249 -0.2043010592 0.2586621344 0.3006957769 0.2233525962 -0.2928478420 -0.2520204186 -0.2580044270
0.0061461213 -0.0499658100 -0.1068201363 0.0705840811 0.0030212197 -0.0065243524 -0.0119414851 -0.0103244456 -0.0207729638 0.0286404882 0.0070956824 0.0458582863 0.8906442523 -0.6147932410 -0.0010261486 0.0134392595 0.0231387448 -0.0149243791 0.0100071700 0.0078211827 0.0113572655 -0.0644396394 -0.3971210122 -0.3038813770 -0.0211219862 -0.0168391280 0.0024969645 -0.1902643740 -0.1600488424 -0.2816754878
-0.0116280923 0.2215361893 -0.0005400431 0.0651004389 -0.0052095130 -0.0147351902 -0.0005255080 -0.5465787053 -0.1393651962 0.0408522785 0.0769188777 0.2263053954 0.0132368840 -0.0093451208 0.0088415658 -0.0063790129 0.0027768840 -0.5675325394 -0.1747543961 -0.0100198053 0.7093735337 0.2406521589 0.0568319373 -0.0481173545 -0.0052362490 -0.0192285944 0.0008909865 -0.1111240014 -0.0999406725 -0.1994657815
-0.0016306330 -0.2308911234 -0.0020642080 0.0913820043 -0.0022072850 -0.0299107432 -0.0001122886 -0.2872056067 -0.5436667204 0.0249203797 -0.6805794835 -0.3487001359 -0.0087147178 -0.0284199137 0.0042282371 -0.0165607948 -0.0005521073 -0.2786449790 -0.5329715014 0.0163719077 -0.3439580500 0.1471594572 -0.0265878309 -0.0403176397 0.0031761401 -0.0388191268 -0.0053902999 -0.0746487677 -0.1522696614 -0.2376475334
-0.0060199960 -0.2352746576 0.0009683669 0.0759904459 -0.0031431192 -0.0116002858 0.0028623631 0.5422574282 -0.2635774314 0.0595812947 -0.3508850038 -0.2728928328 -0.0017817065 -0.0370597765 0.0117143942 0.0018659319 0.0041177003 0.5588938594 -0.2678019404 0.0136522362 0.7058393955 0.1668271720 -0.0388179272 -0.0244987849 -0.0005076285 -0.0169600770 -0.0028095681 -0.1166088134 -0.1496239007 -0.2080141306
-0.0017248545 0.0936687067 0.0204192996 0.1771145016 -0.0014951222 -0.0009573714 -0.0028606365 0.0291475244 -0.0104128756 -0.0702942014 -0.0072008520 0.2187692374 -0.0995750427 -0.0214807913 -0.0035341068 0.0203334242 0.0058860346 -0.0342680402 0.0095629785 -0.0272234417 0.0028107613 0.5686288476 -0.5521925688 0.4498970211 0.0036790771 -0.0160819590 -0.0066230679 0.1325345039 0.1105701029 0.1801995039
0.0090743611 0.0319958106 0.0190193858 -0.1786509752 -0.0283533894 0.0369368196 -0.0273568705 -0.0160599109 -0.0030192807 0.0375387743 -0.0263647549 0.0104052927 -0.0612155572 0.7018662691 0.1381419152 0.1565777063 0.0660835430 0.0020062882 0.0090800840 -0.1208837703 -0.0066806721 0.0910503790 -0.0004962896 -0.1818857789 -0.2309153527 -0.2008793354 0.0285764728 -0.1357452124 -0.1453356445 -0.1210796908
-0.0008448143 -0.0071113748 0.0032168897 0.0282537863 0.0036321254 0.0083699226 0.0002449364 0.1358066797 0.7239017487 -0.0426416211 -0.3905439079 0.0327987671 -0.1634759158 -0.0205784086 -0.0079062460 0.0058509088 0.0080204718 0.1055672243 0.7053894401 0.0119753610 0.6585820913 -0.0175695680 -0.0020404153 -0.0366469584 -0.0043336782 0.0123001793 0.0033098981 -0.1492963284 -0.1246458814 -0.0124985268
0.0149377910 -0.0057346146 -0.0031939452 0.0131566739 0.0041514104 0.0077062640 0.0001529258 -0.7315812111 -0.6299121380 0.0011111489 -0.4701944292 0.0063784299 0.0339722484 0.0120187951 -0.0018860718 -0.0083705923 0.0036474243 -0.6258760095 -0.5648953319 -0.0452312566 0.4705223739 0.0046422491 -0.0022228842 -0.0174106918 -0.0103241112 0.0093366858 -0.0032917301 -0.1376803368 -0.1433711499 -0.0152969602
0.0013086002 -0.3501073718 0.0049606035 0.0489367247 -0.0028075834 -0.0190288238 0.0079187918 -0.2205334306 0.0532014035 0.4335066378 0.0779324844 -0.3450094759 -0.0060812896 -0.0853154212 0.0073018568 0.0032041539 -0.0167064238 -0.1807249188 0.0771630704 0.4795210660 -0.2424210161 -0.2500457168 -0.2523986399 -0.0775032341 -0.0002423613 -0.0306213144 0.0080018658 -0.0502901040 -0.0451018661 -0.3724330068
-0.0005981365 0.0089550298 -0.0008053625 0.0042611542 0.0004346397 -0.0161562692 -0.0022621911 0.0291402303 0.0218921974 0.7657254338 0.0006806920 -0.0246751513 0.0028382239 0.0596978590 -0.0005008172 -0.0085849259 0.0044139302 0.0038890932 0.0227802675 0.6190497279 0.0018114808 0.1782512665 -0.0046822340 -0.0439681783 -0.0015266516 -0.0269940961 0.0022369130 0.0592094362 0.0666332394 -0.4670332372
0.0110183898 -0.2596094012 -0.0022546204 0.0263282079 -0.0037570589 0.0019369747 -0.0042769611 0.1207289100 0.6089476347 0.1574115157 0.6355230808 -0.1900571585 -0.0013585672 -0.0071808388 0.0095593510 0.0075026755 0.0078400606 0.0326852053 0.6410117745 0.0228470173 0.0362520181 0.2390039563 -0.0673074052 0.0162382498 0.0072363629 -0.0007061150 0.0011706689 -0.1788732111 -0.0871252418 -0.2272739112
0.0007070398 -0.0152599616 -0.0001043409 -0.0179487951 0.0000919502 0.0069889668 0.0027597933 0.0079298615 0.0132113602 0.6237081885 -0.0065001082 0.0094789807 -0.0064589507 -0.0051946780 0.0015144465 -0.0009783749 -0.0054995753 0.0012594217 -0.0021919145 0.4723394513 0.0017124219 -0.7094843388 0.0117258960 0.0770878121 0.0014759747 0.0125485994 0.0013298860 0.0402931608 0.0442148633 -0.5555863976
-0.0013169391 0.0624109767 -0.0247515813 0.0269692689 -0.0039069131 -0.0402635112 -0.0031292406 0.2314632386 0.3979638219 -0.0342305154 -0.4898443222 -0.0873221159 -0.2615430653 -0.0634528697 0.0173600502 -0.0255695451 -0.0067306287 0.2961680591 0.4714927375 0.0180695523 0.1056650728 0.0032036833 0.0744954273 -0.0507496595 -0.0103259524 -0.0457212701 -0.0162257478 -0.0489834733 -0.0915280879 -0.0992525890
0.0107674142 0.2993015051 0.0019903339 0.0648022965 0.0004317504 -0.0381115787 -0.0003383322 -0.2370012701 -0.4571434557 0.0513491258 0.5656445622 0.2947455645 -0.0155887343 -0.0277232695 0.0085867438 -0.0277456194 -0.0030401705 -0.1897189021 -0.4882119298 0.0145677906 0.4096278250 0.0227362383 -0.0331182070 -0.0068541281 0.0046631377 -0.0427413769 0.0108155273 -0.1664674282 -0.0920802727 -0.2583050430
0.0704292506 0.0988724604 0.0217132140 0.0262159240 -0.0062972805 0.0171376802 -0.0088987434 0.4330344796 0.0367396101 -0.0373495556 -0.5978984833 -0.1078429818 -0.2262772918 -0.0110067772 0.0122487498 -0.0102204280 0.0294461530 0.3994836807 0.0720602572 -0.0491807908 -0.1084358692 -0.0384920835 -0.0259593446 -0.0737107769 0.0029291722 0.0354484580 0.0025917103 -0.1515459567 0.0260871463 -0.1260995418
-0.0056877681 0.0363367312 0.0001900335 -0.0374197811 -0.0033700787 0.0403258242 -0.0021239319 -0.5402545333 0.5025982261 0.1662035286 -0.2160031945 -0.0165127162 0.0220718607 0.0058581587 0.0040744226 0.0293948893 0.0009173704 -0.4307497740 0.4524209797 -0.0076456424 0.0617777817 0.0129236393 -0.0049403552 0.0375157706 -0.0009939495 0.0600101911 -0.0044202851 -0.0916421935 -0.0871113911 -0.1682196409
0.0006369077 -0.0104934908 -0.0044179792 0.0058906642 0.0101279924 0.1854987293 -0.0058546574 0.0161292236 0.0063431771 -0.0555077605 0.0056528752 0.0211702306 0.0089259073 -0.0152338119 0.0197482910 -0.6513301134 0.0121858995 -0.0281442851 -0.0022439694 -0.0036947769 0.0054212660 0.0188094676 -0.0113277463 -0.0493772887 -0.7777453661 -0.1591199487 0.0254216474 -0.1247181818 -0.1403442472 -0.1622003466
-0.0032329336 0.2630963326 0.0046185404 0.1901428103 0.0015067081 0.0114575643 0.0092762560 -0.0408014506 -0.0300549045 0.2551561296 0.0187358446 0.4032678008 0.2418496013 0.2563952208 -0.0211338103 -0.0040608067 -0.0078559956 0.0080303904 0.0036535780 0.2526485622 0.0272894297 -0.4664936066 0.6489299536 0.1649716645 -0.0202133674 0.0213444792 -0.0027067054 0.0172003321 0.1177594736 0.0496975854
-0.0052986941 -0.3134996593 0.0033574242 -0.0413923413 0.0025001948 0.0206739102 -0.0078667970 -0.2202135026 0.0534074605 0.4862916768 0.1070137396 -0.4614007175 0.0046517192 -0.0901227891 -0.0026379148 0.0114542823 0.0176573340 -0.2094356269 0.0894271582 0.4296876788 -0.2806341946 -0.1812752187 -0.2951583862 0.0821409822 0.0055649439 0.0293307621 -0.0057779266 -0.1386590302 -0.1149797961 -0.2654562593
-0.0077199745 -0.0246355496 -0.0128783546 0.0189850293 0.0052629141 0.0649221838 0.0038055228 -0.0428434126 0.1089278609 -0.0301106386 -0.0114736650 0.0463935360 0.1951213628 0.0194175988 0.7636000514 -0.3459761739 -0.0870455652 0.0449316390 -0.0839601010 -0.0482491665 -0.0065819817 -0.0378382318 0.0591863655 -0.0237303041 -0.0424477905 -0.2336646318 -0.0018137929 -0.1900378764 -0.2256639153 -0.2539168298
-0.0042563649 -0.2405711412 -0.0009835733 0.0161474757 0.0044381358 0.0047204890 -0.0012251249 0.6120946407 0.1384671181 0.1308828294 0.1386557221 -0.1983481199 -0.0014579204 0.0075241611 -0.0054169483 -0.0003034390 0.0032131402 0.6181931496 0.0917503312 -0.0080193356 0.6315389276 0.2620157003 -0.0338538326 0.0322447717 -0.0059271986 0.0021533549 0.0108687542 -0.0824364722 -0.2018468380 -0.2067018151
-0.0018814786 0.2210642397 0.0032447865 0.0654693842 -0.0013649262 -0.0059192143 -0.0039715338 0.4857677519 -0.4609293342 0.0120716151 0.4590721726 0.2430116981 -0.0216949377 -0.0065107564 -0.0024123448 -0.0119910873 0.0101219676 0.4955492914 -0.4376749694 0.0044196467 -0.5903350115 0.2637211680 0.0549284443 -0.0416445322 -0.0075570615 -0.0133376224 0.0044977013 -0.1092265099 -0.1550367773 -0.1668433845
0.0028804766 0.1415691078 -0.0019508188 0.0105350865 0.0037502567 -0.0051740645 -0.0027505553 -0.6851181984 0.4746417105 -0.4399541318 0.3191668689 0.0935582742 0.0022261280 -0.0001214864 0.0002464473 0.0207350720 0.0057705920 -0.6985582709 0.5442138910 -0.4711298347 -0.4068632722 0.1070274264 0.0080358060 -0.0200890414 -0.0022151594 -0.0089569343 -0.0036502839 -0.0339914821 0.0498673245 0.0293220263
-0.0011524569 -0.0051495284 0.0002289965 -0.0119756870 -0.0009569728 0.0094006145 -0.0005940782 -0.3778789639 0.5745142698 0.5520547032 -0.0004375443 0.0061758608 -0.0003641504 -0.0200535133 0.0030991863 0.0085954703 -0.0014928582 -0.3239473403 0.4628382325 0.3857988417 0.0021158224 0.0121342987 -0.0043131956 0.0178940985 0.0001018928 0.0095187165 0.0022110401 -0.0063822535 -0.0320384093 -0.3313127756
0.0039409967 -0.0183130614 0.0037208842 0.0178511795 0.0010391844 0.0044194306 0.0023888461 -0.6390279531 -0.7111619711 -0.1109423935 -0.5059664249 0.0410625041 0.0048714974 0.0019403665 0.0000590043 -0.0040607941 0.0007304089 -0.4945138395 -0.7169465423 -0.1107193828 -0.2638075948 0.0655375272 -0.0170932561 -0.0358955562 0.0016857892 0.0024343845 -0.0020774882 -0.0403771065 -0.0827976838 -0.0263135359
-0.0039564339 0.0040625851 0.0045077526 0.0251273327 -0.0069744512 -0.0069416692 -0.1615138501 -0.0355971456 -0.0115662208 -0.0840104744 -0.0060335752 -0.0169243012 -0.0114104347 0.0193939395 -0.4452319145 0.0060781394 0.2340908200 0.0148037598 0.0203663465 0.0277486388 -0.0066718133 0.0035740968 -0.0006433117 -0.0660295635 0.0191736743 0.0327176042 0.9822136760 -0.1264356077 -0.1041484699 -0.1545892954
-0.0016552802 0.2274206728 0.0026859290 0.0880429372 0.0007942232 -0.0153550198 0.0013319214 -0.0614342280 0.4608643055 0.0445294790 -0.6146672368 0.3463297486 -0.0015258068 -0.0265957899 0.0009704256 -0.0113293286 0.0056862617 0.1031953245 0.4626633227 -0.0055221883 -0.0070249494 0.0158991981 -0.0601923093 -0.0241038091 0.0123339193 -0.0283566825 0.0000501745 -0.0877723172 -0.1419270933 -0.2682719827
-0.0037789936 0.3986095488 -0.0035433054 0.4308582544 0.0043584406 -0.0133176986 0.0032367571 -0.0166174639 0.0529284701 0.4084876776 -0.0113251433 0.0094144046 0.1538675576 0.2582356632 0.0152370678 0.0131297335 0.0012582303 0.0113689741 -0.0407832898 0.3961758316 0.0095229596 0.0180702079 -0.5082669258 -0.1179406568 -0.0071057025 -0.0010601758 -0.0045843422 -0.0058765421 0.0114120347 -0.5193775296
0.0014501844 -0.2660101652 -0.0028977592 0.0228899047 0.0059053986 -0.0025301559 0.0013115327 -0.3104964495 -0.6024814248 0.1308712959 -0.6191639900 -0.1921971440 0.0045679691 -0.0137380734 -0.0058051962 0.0109870937 -0.0065455358 -0.2750223577 -0.5849689245 0.0135112181 -0.2789496481 0.2629543245 -0.0462246500 0.0235646125 -0.0024855118 -0.0063342629 0.0010132818 -0.1701742560 -0.1373452246 -0.1986201555
