-0.0172700025 -0.0006669539 -0.0595011972 -0.0348681659 0.0004995839 -0.0000793645 0.0819513723 0.1336252987 -0.0916430503 -0.0013262042 -0.0326057971 -0.0004430574 0.3306075633 -0.0872760490 -0.8742109537 0.0003327638 -0.0009791648 0.0140658189 -0.0154331354 0.0046262769 0.0001718477 -0.0320838280 -0.0038962353 -0.0046608127 -0.0006599011 0.1455188841 0.0013198896 -0.0036372365 -0.1389473081 0.4906721413 0.0345198698 0.0414507985 0.0418255106 -0.0516496710 -0.0184809510 -0.0239227638 0.1117523462 -0.0007510481 0.0014333189 -0.0026879678 -0.1005273089 0.0005298659 -0.0012438600 -0.0000595350 0.1041835025 -0.0606649369 0.0327709727 0.0026874456 0.0025152666 -0.0076333885 -0.0002210424 0.0006322623 0.0197584629 -0.0024380339 -0.0544091947 0.0317900069 -0.0885701627 0.0324895941 -0.0008245136 0.1373909563 0.0141649013 0.0810400173 -0.0010277474 0.0509415567 -0.2963242233 -0.0007386640 -0.0241577327 0.0047865785 -0.1112122089 0.0014831343 0.0042760423 0.0222234931 0.0002321376 0.4316174090 -0.0503857248 0.0644708648 -0.0147538502 0.0004170559 -0.0162497442 0.0005763047 -0.9092247486 0.0366624631 0.0151845543 -0.0261470936 0.0008988450 -0.1234507486 0.0006536979 -0.1042260528 0.0010673064 -0.0164820328 -0.0028755679 0.0234997347 -0.0003369124 -0.0021046901 0.0136963539 -0.0015840342 0.0017078379 0.0006883829 0.0002046440 0.0418848507 -0.0034581190 -0.1918151975 0.0532556809 0.0058164601 0.1057712659 0.0224890001 -0.2947330475 -0.5363519192 -0.0001276127 -0.0360919274 0.0265781377 -0.0013113962 -0.0008317093 0.0014013222 -0.0006108293 -0.0076788166 -0.0068501052 -0.0020623549 -0.0005027865 -0.0003438786 -0.0807596892 0.0006843873 0.0062371101 0.0933399498 0.0140349129 0.0906758234 0.0167926047 0.1268460751 -0.0006595944 0.0016415124 -0.0587053113 -0.0380520262 0.0321026742 0.0190519243 0.0003552911 -0.4379337430 0.0164302252 0.0315943286 -0.0509945676 -0.0556085892 0.0005662942 -0.0011062667 -0.0009131612 0.0199582074 -0.0199173018 -0.1476062387 -0.0010115091 -0.0682088882 -0.0481112450 0.0076718656 0.0167098418 0.0826634616 -0.0032588285 0.1088184267 -0.0017193229 0.0079277605 0.1144151464 -0.0250334535 -0.0618337542 0.0099470792 -0.1023827344 -0.0183674190 0.0324715525 -0.0001986486 0.0167666338 0.0639965385 0.2946698368 -0.7406309247 -0.0008368767 0.0003803510 -0.0292610656 0.0448466651 -0.0007409406 -0.0110420724 0.0255055409 -0.0009890773 0.0889768973 -0.0065027191 -0.1809997112 -0.0502555184 0.0434129462 -0.0005648514 0.0103570186 -0.0008182702 0.0711495280 0.0029877091 -0.0007006609 0.0061345422 0.0293271206 0.0345532820 0.0006849507 0.0000806689 -0.0126577504 0.0224742312 0.0002944372 -0.0264319517 -0.0134542957 -0.0155833438 0.0356405005 -0.0009182998 -0.0007239419 0.2120956630 -0.0937474594 -0.0872490779 -0.3008363545 0.0521408506 -0.0735542700 -0.0005880716 0.0016019858 -0.0010065988 0.0003081239 0.0287118685 0.0285882615 0.1451958865 -0.0136260455 -0.0008614797 0.0721045360 0.0011660643 0.0037759631 -0.0002911150 -0.0239597764 0.0011321951 -0.0585800819 -0.0666082427 -0.0069866711 0.0011225594 -0.0164982434 0.0488553494 0.0006678269 0.1025766581 -0.0073662810 -0.7555873394 -0.0000370583 -0.0061558927 -0.0007433256 0.1755665541 -0.0415811352 0.0001416067 -0.0909759849 0.0371093787 -0.0024997850 -0.0324294232 -0.1811857522 0.1570915878 0.0008944633 -0.0011090601 0.0017006636 0.0640226603 0.1369651407 -0.0009738365 -0.0054161269 -0.1713446826 -0.0311928764 -0.0000129675 0.0450967066 0.0123923486
0.0415853038 0.0001913533 0.0489429459 0.1554352492 0.0004062928 0.0026182216 0.0949720889 0.0615652129 0.0013897708 0.0021527731 -0.1823674440 0.0490087569 0.1391096562 0.0696707591 0.0400917791 -0.0003059340 0.0024188925 -0.0647511110 -0.2385683358 0.1332768500 -0.2024939656 0.1159617305 0.0103112478 -0.1395610571 0.0003168222 0.0487970524 -0.0001866442 0.0039026560 0.1992103457 0.1557147503 0.0581140667 -0.0053122072 -0.5045751333 0.4035092890 -0.1916887611 0.1596042514 0.0399214625 -0.0012482110 0.0001844361 0.0026146655 -0.1844793409 0.0007867771 0.0014424098 0.0001580070 0.2220695764 0.0573232509 -0.0361306518 0.1065224037 -0.0024819253 -0.0116617074 0.0015174886 0.0013314002 -0.1899494529 0.0028313177 0.2149396390 -0.0011112990 0.0123959379 0.0917757750 0.0016192616 -0.0652485788 0.0276998393 0.0458027795 -0.0008059621 0.0257478915 -0.0356167220 0.0014099727 0.0622304045 -0.0213965308 0.0667229220 0.0004355290 0.0557677485 -0.0150299249 -0.0005093261 0.0779238492 -0.0612271950 -0.1786349267 -0.2429016829 -0.1264795810 -0.0496269278 -0.0002700062 0.1100025922 -0.0027270771 0.0124699958 0.0052268985 0.0015161420 -0.4375813901 0.0005489086 -0.0719668940 0.0010097764 -0.4718073308 -0.1444242746 0.0460035466 -0.0000367093 0.0022682676 -0.2256154269 0.0006269399 -0.0671044514 -0.0005786873 -0.0001855068 -0.2546708882 0.0025423262 -0.1629276574 0.1320912391 0.0574073903 0.1622471213 0.1478569657 0.1765669137 0.1314898282 -0.0022794663 -0.0504858159 -0.1619314998 0.0016702989 0.0001667603 -0.0011268423 0.0011385686 0.3677714169 0.0789205357 0.0008918137 0.0012234946 0.0024805772 0.2038847357 -0.0012997300 -0.0516474806 0.0425763577 -0.0330264568 0.0357973985 -0.3492820561 -0.2399937660 0.0002062450 0.0156666804 0.4114022553 0.0844897106 0.0470943302 -0.1318704039 0.0006741076 0.0484527238 -0.3368896544 0.1259780824 0.0778252482 -0.0607141182 0.0009888717 0.0016561376 -0.0002467142 0.0796925575 0.0920649990 0.0323942713 -0.0007875756 -0.1798086762 -0.0417619571 0.0799360424 -0.2737781405 0.0503589474 -0.0171487052 -0.0368638560 -0.0003004919 -0.1583179235 0.0712736323 -0.2075651139 0.0044570328 0.1489608437 -0.0111429552 -0.0285262670 -0.1116463616 -0.0012250789 -0.2865155935 0.0634266511 -0.1182645559 0.1102202162 0.0030653893 0.0002385404 -0.0294285677 -0.4544667304 0.0001263875 -0.1375543624 -0.2005471289 0.0021791738 0.1154674590 -0.0270355083 -0.0047984379 -0.0974651948 0.0168489646 -0.0022017052 0.0415950343 0.0011683375 -0.1458490044 -0.2130508870 0.0000438691 0.0284952782 0.3099979460 -0.1363157928 0.0011399015 0.0002957937 0.0407471880 -0.0129837496 -0.0000886073 0.0032504185 -0.0962767974 -0.3471659720 -0.1050770879 0.0001047421 0.0035257039 0.1000008062 -0.0521386415 -0.0091399578 0.0423821658 0.0154912369 0.0902758390 0.0005364007 0.0010487422 -0.0000910048 0.0001563724 0.1309135407 0.0288680941 -0.0229311883 0.1230645031 -0.0001319538 0.1774680316 -0.0010735533 -0.1901514530 0.0006354717 -0.2103893459 0.0005246259 -0.2354407758 -0.0698089227 -0.6348920465 -0.0014900435 -0.3063784838 -0.1153668314 0.0008872224 -0.0155670485 -0.0692982972 0.0478174165 -0.0011559384 0.0691310316 -0.0006262555 0.2389637232 -0.0906066224 0.0007295982 0.0811364129 0.2445913553 0.0002393769 0.1441549808 0.0512540601 -0.2567224801 0.0009533560 -0.0009685900 -0.0003663532 0.0141731799 0.1280523688 0.0012743305 -0.1372592896 0.0279498901 -0.1885276586 0.0004923522 0.0191077497 -0.3480666876
0.3669702113 -0.0000411140 0.1280536801 -0.2347236425 -0.0013479752 -0.0017426560 -0.2437490225 -0.0440494120 -0.2133138776 -0.0036642496 0.0750386640 -0.0747132525 -0.0029951814 0.0371129960 0.0758793131 0.0000560227 0.0016085185 0.0975610912 0.0555777624 -0.0240499005 0.1855171472 -0.1454499215 0.0355844013 0.2301097661 -0.0003244009 0.0475452840 -0.0005699042 -0.0037100278 -0.1785043627 0.0025693744 -0.0091059729 -0.0183664653 0.1783394963 0.0992848501 0.1499773711 -0.2096985281 0.0873765126 -0.0007475236 -0.0014463711 -0.0038826673 0.1968001723 -0.0002632461 -0.0012732437 -0.0005984565 -0.0639382154 0.1268158108 0.0161379185 0.1913840771 0.0023914340 -0.3312696517 -0.0003811815 -0.0010486816 0.1000564173 -0.0028300765 0.2007559240 0.2082922757 -0.1922495663 -0.1157807633 -0.0019316784 0.0139960172 0.0448084585 0.1640490144 -0.0003688681 0.0151309846 0.1577808410 -0.0002875735 -0.0319682434 0.1025405377 0.0752225369 -0.0000161581 0.0497203209 -0.0033326957 0.0004777144 -0.0311673395 0.0778917819 0.1986293346 -0.3516713679 -0.0475188941 -0.0697572827 -0.0014581304 0.0181938019 -0.0234003048 -0.1550483257 0.0542115718 0.0011147097 0.2856824994 0.0010557862 -0.1580108106 0.0007003617 0.0564011522 -0.0063199997 0.0148933548 -0.0000342594 -0.0019117546 0.1411548555 -0.0008913524 -0.1032514349 -0.0014918291 -0.0003457279 -0.0901946947 -0.0005146881 0.0398638844 0.0413553715 0.1542181522 -0.0325262137 0.0104383761 -0.0079207839 -0.0596638173 -0.0001145371 -0.0614568070 0.1589660048 -0.0014055264 0.0000960769 -0.0004704970 0.0001992913 -0.0258042663 0.0986113846 -0.0030614308 0.0011087705 -0.0015033996 0.0431492217 0.0032733486 -0.0753503740 0.0889834538 0.0062760627 0.0898482129 0.3509936631 -0.4444949329 0.0015080546 0.1528460532 -0.1578724533 -0.0963985100 0.0429150090 0.1732323617 0.0005421827 0.0709404051 -0.0775164738 0.0535265692 0.0197126549 0.1449775100 -0.0011831418 -0.0021807419 0.0006264133 0.1090602279 -0.0836567059 0.0747801661 0.0014902214 0.1530709714 0.0921076536 0.1223670393 0.2432745099 0.0920503587 0.1131510809 -0.1795976758 0.0000971266 0.0901270360 0.0087269004 0.1058807597 0.1276099980 0.0658181533 -0.1190071180 -0.0348304771 0.0884801149 -0.0009746618 0.1398645937 -0.0647078156 -0.0518500693 -0.0064755948 -0.0018410207 -0.0005654229 0.0920258909 0.0710451156 -0.0008810213 0.0133654680 0.0700788274 -0.0023781643 -0.0760986432 0.0763061792 -0.0054470673 0.0511197560 -0.0098330285 0.0009151626 0.0971711054 -0.0000997384 0.1491131932 0.0088848872 -0.0014073013 0.0179300420 0.0026751957 0.1259928346 -0.0014603928 -0.0007577872 0.1975205839 -0.2765907347 -0.0000357959 -0.0100118965 -0.0471095555 0.3166520894 -0.0826200470 -0.0001903705 -0.0025244011 -0.0703657866 0.1423635036 -0.2231335342 -0.0227973200 0.0688216016 0.1366752386 0.0011857740 0.0005310880 -0.0010028660 -0.0003600214 -0.0737848654 0.1051249057 -0.1708932668 -0.1651365608 -0.0003352598 0.0388978906 -0.0003412028 -0.1999755949 0.0009894866 -0.0122784590 -0.0023256140 0.1522613764 0.0885919631 0.3539951742 0.0011740992 -0.0125367325 0.0849030539 -0.0019319861 -0.1103896797 0.1762153804 -0.0011195365 0.0009942733 0.2238073200 -0.0014092174 -0.1006460711 0.1143261939 -0.0003885778 0.0056353947 -0.0384561047 -0.0012505101 0.0445154905 0.0766446218 0.2354716063 -0.0011715681 0.0014556609 -0.0011187686 0.0710990354 0.0739572048 -0.0011552239 0.0721994191 -0.0438215919 0.1616639644 0.0009663950 0.1585017443 0.3121800721
-0.0034270526 -0.0007063023 -0.0010929195 -0.0026669598 -0.0012488818 0.0001417826 0.0010251766 -0.0027776933 -0.0012858763 -0.0006573977 -0.0036108436 -0.0027484372 -0.0036415977 -0.0014825065 0.0025582055 -0.0002649421 0.0004949401 0.0024418687 -0.0011865939 -0.0039313561 -0.0034292296 0.0005467772 -0.0026269595 -0.0028179628 0.0007232644 -0.0028368961 0.0005109115 -0.0003717861 -0.0017818301 -0.0015911353 -0.0018553729 -0.0012948288 -0.0028400712 -0.0023481275 -0.0014204578 -0.0023840456 -0.0028623114 -0.0006481503 -0.0000430267 -0.0008155537 -0.0011181507 -0.0006640707 -0.0015381911 0.0015003297 -0.0015740930 -0.0025566143 -0.0027204633 0.0005827914 0.0005135285 -0.0008854262 0.0011550129 -0.0003125709 -0.0024938276 0.0006813096 -0.0019830333 -0.0035708756 -0.0036912782 -0.0033740359 -0.0005604621 -0.0038033137 -0.0039640791 -0.0035282054 -0.0003981424 -0.0014522801 -0.0035973219 0.0001112667 -0.0023431422 -0.0014439434 -0.0038958997 0.0009759505 -0.0040811854 -0.0016910542 0.0001976609 0.0027255476 -0.0029898356 -0.0022362676 -0.0035362882 -0.0026576291 0.0028869391 0.0008570851 -0.0015116661 0.0016094390 -0.0023924436 -0.0014772097 0.0002513249 0.0014662814 -0.0016640355 0.0014137232 -0.0011439518 -0.0028758335 -0.0024378856 0.0020680532 0.0009781059 0.0007307404 -0.0014716377 0.0012012164 -0.0019142642 -0.0003681815 -0.0010570529 -0.0035502461 0.0010807845 -0.0023357428 -0.0016236937 -0.0026603241 -0.0016544433 -0.0019923716 0.0016690344 -0.0030618156 0.0013428550 -0.0010366782 0.0014730551 -0.0006785303 -0.0016936910 0.0005522024 -0.0016176219 -0.0009838430 -0.0038854114 0.0011439190 0.0002270910 -0.0004751619 -0.0032352265 -0.0001211943 -0.0015386561 -0.0012034960 -0.0019604873 -0.0013961425 -0.0040214038 -0.0034302082 -0.0001202740 0.0014255585 -0.0010982448 -0.0022278158 0.0031596010 -0.0013117939 0.0004958076 -0.0015874503 -0.0035910194 -0.0037018044 -0.0014563922 -0.0041423128 -0.0010107589 0.0008549846 -0.0007897679 -0.0019861429 -0.0024785912 -0.0014403274 0.0002558023 0.0009215784 -0.0031148053 0.0027875523 -0.0025077243 -0.0011752234 -0.0019735708 -0.0021456545 -0.0009618246 -0.0018980171 -0.0028782862 0.0014801201 -0.0037922151 -0.0022126876 -0.0011554151 -0.0036572178 -0.0035383753 -0.0008730863 -0.0012102771 -0.0024537242 -0.0012352654 -0.0014628625 0.0003296662 -0.0011945359 -0.0015577771 -0.0013167494 -0.0017311657 -0.0015272652 -0.0010056982 -0.0010756701 -0.0027126267 0.0012069677 -0.0017509090 -0.0013071093 -0.0030242533 0.0010148040 -0.0015369935 0.0005479864 -0.0018952796 -0.0037786840 0.0010664900 -0.0020904997 -0.0039487677 0.0033502826 0.0006562564 -0.0011159935 -0.0037371228 -0.0039585219 0.0011237581 -0.0000140586 -0.0011847501 -0.0012215229 0.0027759080 0.0003945440 0.0003710833 -0.0019905455 -0.0025841787 -0.0017210986 -0.0028588981 -0.0039707064 0.0011071428 -0.0000493998 0.0006333223 -0.0015286832 -0.0013364321 -0.0019242459 0.0022908098 -0.0019361395 -0.0023605623 0.0004744214 -0.0041075069 -0.0003229258 -0.0041125598 -0.0007487131 -0.0031885654 0.0008917738 -0.0025121989 -0.0015728505 -0.0032251384 0.0008258351 0.0006277889 0.0005482963 -0.0011174815 -0.0032359073 -0.0020300571 -0.0029645560 0.0002400963 -0.0015939729 -0.0010921588 -0.0025847212 -0.0040333858 -0.0012038414 0.0033637781 -0.0039145346 -0.0002252904 -0.0032021452 -0.0012595068 -0.0035429134 -0.0002212282 0.0003314456 0.0007148771 -0.0013949025 0.0012402743 -0.0001672874 -0.0017804462 -0.0010074558 -0.0030668722 -0.0011497303 -0.0039508617 -0.0021169228
-0.0662813038 0.0001486091 -0.1983785182 -0.0401006974 -0.0010389808 -0.0023240517 -0.0682547316 0.1365103275 -0.0693019554 -0.0023758376 -1.2020971775 0.0726521686 -0.0444484688 -0.0212955065 0.0057191560 0.0005954832 -0.0012970393 0.1259363592 0.0224932041 0.1570819020 -0.0140434923 -0.0169125777 -0.0008235495 0.0508404672 -0.0007899687 0.1336202174 -0.0008149379 0.0019642704 0.0389363952 0.0982607156 0.1150547862 0.0259113796 -0.1236286312 -0.2091767192 0.0271501578 -0.0962491557 0.1153220236 -0.0008755863 0.0001329794 0.0033467840 -0.2322768122 0.0014746338 0.0032999231 0.0014998950 0.0992211401 -0.1632895023 0.0574174300 0.0470539741 -0.0010616037 0.0052437335 -0.0015634227 -0.0009642679 0.0080245435 -0.0013844254 -0.0176692251 0.0939610302 0.1823357344 0.0603465959 0.0044145356 0.0568176694 -0.1922968626 -0.1398357898 0.0010196361 0.2389496267 0.0086403703 -0.0002291109 0.0893440992 0.0552585907 0.0118005853 0.0009857499 -0.1147391573 0.0523328111 0.0002683921 0.0654155016 -0.1178068072 -0.1675620824 0.0568074286 0.1390513629 -0.0566555150 0.0009252976 0.0633762106 0.0413150154 0.0716320947 0.0590592436 0.0011782666 -0.1054794118 -0.0005413812 -0.2132407278 0.0013358411 -0.0356842577 0.2343766540 -0.0401236676 -0.0002555971 0.0039413371 -0.1652356833 0.0006351038 0.0177445095 0.0006727425 0.0014170883 -0.3000892997 -0.0015546468 -0.1769604385 0.1379170567 -0.0778491348 -0.0044656871 0.0235559680 0.2364160568 -0.0259448849 -0.0001037529 -0.1112696975 -0.0550945327 -0.0029598298 -0.0008257608 0.0016869423 -0.0011237845 -0.3367187977 -0.0861295164 0.0030628541 0.0001875200 -0.0018931912 0.0677436069 0.0002178091 -0.0513537005 0.1049299166 -0.0122999484 0.0968386233 0.3197768331 0.1555915624 -0.0006923592 0.0279001277 -0.8397184610 -0.0868965015 0.0717693642 -0.0731551424 -0.0019267095 -0.5411813855 0.0529087484 0.1116320714 0.0203055572 -0.3753395677 -0.0001522731 -0.0016333055 -0.0011005499 0.0613049194 0.0586216561 -0.0155766308 -0.0006137149 -0.1672952026 -0.0399667993 -0.0561530888 -0.1110527292 0.0961958766 0.0915412530 -0.2194987833 -0.0022460052 0.0359048806 0.1254248768 0.0817745700 -0.0899450555 -0.1630899608 -0.0223633982 -0.1837130189 0.0691175982 0.0014270352 -0.0895286351 0.1126519665 0.0820924267 0.2391596287 0.0017643514 -0.0005446934 -0.1933328807 -0.0753540099 -0.0002694753 -0.0470002554 -0.0177240260 0.0002844394 -0.1375643015 0.1691099554 -0.0339188278 -0.0331608653 0.0353990868 -0.0012044903 -0.0014807401 -0.0013691047 -0.0447528176 0.0352476276 -0.0005885072 0.0214305017 -0.0128155686 0.0295870025 0.0012230189 0.0003078650 -0.0498820581 0.1023491398 0.0001998758 -0.0069013513 -0.0776865780 -0.0050491691 -0.3002027273 -0.0013764790 0.0031469658 0.0865552202 -0.1833912432 -0.0928811133 0.1006876454 0.0724695846 -0.1528491229 0.0004663981 0.0004459299 0.0005003306 0.0005267110 0.1231985986 -0.0168844089 0.1029127017 -0.0004620781 -0.0006082527 0.0939457938 -0.0007579496 -0.1355661303 -0.0007451032 0.0081975311 0.0006830152 -0.0367096737 -0.1535674185 0.0311783142 -0.0004616121 -0.0552012622 0.0849793926 -0.0007918409 0.1394293010 -0.0931693465 -0.1424762756 -0.0009094462 -0.2767285109 0.0011397335 -0.0406069010 -0.0498530604 -0.0020740021 0.0850988030 0.0837442502 -0.0021513603 -0.0989418998 -0.1663775742 -0.9219271541 -0.0016330145 -0.0009717546 -0.0010451582 0.0457864366 -0.2692682445 -0.0006056621 -0.0510172918 0.0407433100 -0.1357266605 -0.0004903454 0.0801093429 -0.0622431934
-0.0558849424 0.0001524116 -0.0293599535 -0.0287765414 0.0018579820 -0.0029320118 0.1383895576 0.0234889053 0.0545954779 -0.0019117617 -0.0061773537 0.1060563400 0.0386461876 0.0285058338 -0.7592701316 0.0000321835 0.0008416047 -0.0015010393 -0.1006191671 0.1268037260 -0.1203753203 -0.0026198544 -0.0959327593 -0.0793192834 0.0017674335 0.1293684989 0.0013407805 -0.0027208456 -0.0316145308 0.0083945170 0.1220635697 0.0384198688 -0.0154711800 -0.1127432436 -0.1127676666 -0.0693894550 0.1166860685 -0.0010014678 -0.0003104011 -0.0037122422 -0.0495919958 0.0002305681 -0.0007114572 0.0009243285 -0.0199617799 0.0018854761 -0.0409877002 0.0262258220 0.0013160354 0.0177165493 0.0007949978 0.0011739566 -0.0096400604 -0.0007188339 -0.0109090032 -0.0151730645 -0.0022345071 -0.0090057626 -0.0011636156 -0.3521778286 0.0050521847 0.1079174802 -0.0008280803 0.0012879685 0.0473343730 -0.0008757475 0.1842208952 0.0162492860 -0.0340695530 0.0009587183 -0.0308237970 0.0695352629 -0.0004301102 -0.3788332343 -0.0986224338 0.0957517773 -0.0848448500 -0.0737223253 0.0062608137 0.0015982810 -0.0779350623 0.0377902240 -0.0154730855 0.0929464400 0.0001861723 0.0530177131 -0.0008646324 0.0204925295 0.0013823817 0.1593524516 0.0111962194 0.0308820363 0.0018857815 -0.0008534661 -0.0337526016 0.0006566190 0.0539164953 0.0000919630 0.0006179340 -0.0453617945 -0.0024655957 -0.1654074639 -0.0927035883 0.0000454264 0.0820172951 -0.0433973409 0.0429093018 -0.0995101854 0.0006227505 -0.1848381609 -0.0704946518 -0.0009727721 -0.0001643613 -0.0010521001 0.0010120529 0.7189045548 -0.1348010749 -0.0000088879 -0.0008545519 -0.0016992643 -0.1069791242 -0.0010844464 -0.0632714033 0.1019210219 -0.0849220529 0.0950708836 0.1955309957 -0.0395647846 -0.0008235416 -0.0000743704 -0.1280666888 -0.0235637594 -0.0132101467 -0.1543059945 -0.0018175202 -0.0096372990 -0.1092651337 -0.0584303476 0.0211927257 -0.1419144720 0.0005710391 -0.0008762738 -0.0008341943 0.0504091270 0.0577984191 0.0015666530 0.0011328065 0.0618490130 -0.0692307949 -0.0490033701 0.0041354257 0.0768457055 -0.1338615716 0.1803261340 -0.0001424694 0.0823621377 0.1059994772 -0.0910218731 -0.0438217744 -0.0755195990 -0.0157629270 0.0754676089 -0.0137623241 -0.0007328194 -0.0508448444 -0.0646474361 0.0668640956 -0.0921398178 0.0010498926 0.0005611273 -0.0953578949 0.0092703588 0.0003690207 -0.0400867462 -0.0143636586 -0.0012872015 -0.0080699697 0.0936872959 0.1005678549 -0.1464107782 -0.1885175854 -0.0011491558 0.0461409017 0.0003507795 -0.1067558751 0.0112957563 -0.0007116618 0.2299508452 -0.0754991621 -0.0307678990 -0.0012293715 0.0004525530 0.0503105037 0.0674009174 0.0001855632 -0.0114935208 -0.0824736506 -0.0993985906 0.0910252407 0.0003720161 -0.0026351502 -0.0857483596 -0.0491656549 -0.0254121926 -0.0531147905 -0.0120482389 0.0366766267 0.0001900342 -0.0002502196 0.0014122879 -0.0002807241 -0.0435979515 0.0063346219 -0.2068088502 -0.1272516251 -0.0007263761 -0.0673502758 0.0015009897 -0.0609829016 0.0008890633 -0.0214439780 -0.0003669668 -0.0614174046 -0.0754581839 -0.1259276420 0.0003513450 0.0654657409 -0.0903085098 0.0004287749 0.1100331396 0.0164898708 -0.0272213668 0.0011325193 -0.4024623632 0.0017000001 0.0540757664 -0.0061086640 -0.0003845977 -0.3089610636 -0.0652633607 -0.0022592703 -0.0047599305 -0.0669522285 -0.1303523630 0.0004958479 -0.0001507538 -0.0007846990 0.0232885405 0.0589743815 -0.0000715607 -0.1043370739 0.0049606152 -0.0424285419 0.0012550218 -0.0487913415 -0.0077876044
-0.0009987194 0.0007964263 -0.0000484620 -0.0018296054 0.0004769172 -0.0008411150 -0.0013340908 -0.0001660724 -0.0005944495 -0.0015014778 0.0004719191 0.0010945771 -0.0010561380 -0.0004750540 -0.0005948129 0.0008039470 -0.0003324033 -0.0005824123 -0.0016435960 0.0004534355 -0.0014953758 0.0000506036 -0.0011489961 -0.0012188074 0.0004751903 -0.0007218966 -0.0016044347 0.0002322728 0.0000562274 -0.0005399166 0.0003189180 0.0006529559 -0.0003537814 -0.0006082610 0.0004748934 0.0001499900 -0.0012323691 -0.0001502971 -0.0003642605 -0.0001904827 -0.0012175253 0.0008329981 -0.0007470016 0.0000891845 0.0008664914 -0.0002441619 -0.0018256099 -0.0015459011 0.0002971025 0.0007129575 0.0006439022 -0.0000295652 -0.0004567223 0.0011458667 -0.0014716726 -0.0011657402 0.0007576310 -0.0007050359 0.0005975662 -0.0006213129 -0.0017233662 -0.0002955516 0.0001141755 -0.0005325372 -0.0002324568 -0.0003406909 0.0008672224 -0.0011930095 0.0003140206 -0.0003250714 0.0011632672 -0.0011635951 0.0010279684 0.0010519413 -0.0003620055 -0.0011614651 0.0011747796 -0.0001199926 -0.0014694988 -0.0005041718 0.0001461599 0.0002805881 -0.0016432898 0.0010603851 0.0014976106 -0.0004256636 0.0009508444 -0.0000105139 0.0004326254 0.0010842466 -0.0006608810 0.0004619707 -0.0002768648 -0.0000239027 -0.0007481099 0.0011327746 0.0007122880 0.0002382833 -0.0009172527 0.0010252234 -0.0005883547 0.0001398349 -0.0009402938 -0.0004467712 -0.0004161956 -0.0008186822 -0.0000627110 -0.0010558788 0.0013924892 -0.0002511931 -0.0006515576 -0.0001599806 -0.0003301796 0.0011426456 0.0007489757 -0.0017941290 0.0010511308 0.0002999703 -0.0011646529 -0.0008259271 -0.0013014226 0.0001537661 -0.0005314790 -0.0014131387 -0.0003128010 -0.0002941267 0.0003808948 -0.0006131784 -0.0008107538 -0.0014836002 0.0009442351 -0.0011895240 -0.0012049723 -0.0015046309 0.0002874962 -0.0002636319 0.0003641455 -0.0006250651 -0.0010027359 -0.0001813730 0.0011417040 -0.0015860223 0.0010858349 0.0005361984 0.0007438713 -0.0001172076 -0.0011281912 -0.0007232938 0.0008639905 -0.0009591353 0.0006262146 -0.0018114434 -0.0013005560 0.0000466404 0.0010385619 -0.0000290198 0.0004088212 -0.0001207636 0.0006120221 -0.0007715202 -0.0009241263 -0.0017780198 0.0003834416 -0.0002035296 -0.0001183359 -0.0000030079 -0.0006995865 -0.0006239802 -0.0012040641 -0.0001665812 -0.0012206397 0.0009048505 -0.0006548701 -0.0013018521 0.0010789149 -0.0016056353 0.0006298510 -0.0003285733 -0.0013845216 -0.0017281063 -0.0015057662 0.0009530887 -0.0009684494 -0.0013816595 0.0010878124 -0.0013618780 0.0006504672 0.0006230855 0.0000789578 0.0006693726 -0.0001413553 -0.0013814908 -0.0000573815 -0.0006171469 -0.0017307081 0.0011247075 0.0007365808 -0.0005997632 -0.0007390954 -0.0001655320 -0.0008188994 -0.0010991279 0.0001219844 -0.0004530387 -0.0014673464 -0.0012570126 -0.0009817791 0.0001636159 0.0009350028 0.0006199792 -0.0010994693 0.0004600724 0.0009919918 -0.0006219565 0.0002719134 -0.0012858509 -0.0006916896 0.0005969302 -0.0014804953 0.0008995004 0.0007035697 0.0002501532 -0.0009150038 -0.0009919568 -0.0002476425 0.0009188921 0.0000363520 -0.0004038508 -0.0018184960 -0.0011965473 0.0007104145 -0.0011152525 -0.0017771741 0.0011016988 0.0009951456 0.0000543831 -0.0010638939 -0.0001613635 0.0003328904 -0.0017610437 -0.0012002178 0.0009331836 -0.0014834609 -0.0018351064 0.0010135643 -0.0017672005 -0.0012661328 -0.0005943166 -0.0013968881 0.0007177659 -0.0010437492 -0.0016073289 -0.0008846755 -0.0015547543 -0.0003342235 -0.0008480409
-0.0021684682 -0.0011189064 -0.0010697750 -0.0021788199 -0.0001198755 -0.0005536283 -0.0017316558 -0.0008228423 0.0005209534 0.0005922386 -0.0013409232 -0.0011394593 -0.0007756683 -0.0022080354 -0.0005642665 -0.0007367634 -0.0010859120 -0.0004461735 -0.0005278736 -0.0004599772 -0.0008485482 0.0004169567 -0.0004207774 -0.0022031381 0.0010730263 -0.0014134074 -0.0005826940 0.0005821765 -0.0007912591 0.0003050371 0.0001832256 0.0002579362 0.0002213989 -0.0006738293 -0.0019852235 -0.0006200466 -0.0008715233 -0.0008760541 -0.0006538443 0.0014481876 -0.0000705630 -0.0013663772 -0.0011818830 -0.0012053970 -0.0018645881 -0.0002329454 -0.0020423366 -0.0017781635 0.0001506460 -0.0010149444 0.0005444229 -0.0002934765 0.0003610977 -0.0007585040 -0.0013722416 0.0000043557 0.0002162535 0.0000305032 -0.0002580694 -0.0019632054 -0.0020145087 -0.0017612568 -0.0014377596 -0.0021487609 -0.0001528394 -0.0002258263 -0.0004252524 -0.0021923629 0.0005443452 -0.0002464125 -0.0009432650 -0.0006328450 -0.0007568694 0.0004633896 0.0000064652 -0.0021759872 -0.0016988104 -0.0022466760 0.0004687720 -0.0006584961 0.0003869407 -0.0005656087 -0.0011264896 -0.0015936639 -0.0009914978 0.0005991041 0.0004240799 -0.0008531604 0.0009528375 -0.0007797290 -0.0009021917 -0.0018719046 -0.0000236797 0.0007328934 -0.0011564326 -0.0007651224 -0.0000747981 0.0010894726 0.0007260204 -0.0005986426 -0.0000931611 0.0005784967 -0.0018842638 -0.0008440890 -0.0015703280 0.0000672004 -0.0012105572 -0.0020756007 0.0000319848 -0.0013101804 -0.0013231053 -0.0004022978 -0.0003535787 -0.0008423621 -0.0014728032 -0.0009861849 -0.0003781755 0.0013272618 -0.0007992858 0.0012737220 -0.0004643807 0.0012716120 0.0004741799 -0.0004131614 0.0001883354 -0.0016389658 -0.0019942280 0.0002454995 -0.0011450857 -0.0020682116 -0.0020202247 -0.0009107350 -0.0019459226 0.0001869520 -0.0004673112 0.0006272463 -0.0019877465 0.0001826148 -0.0001410777 -0.0011926166 -0.0013540426 -0.0005146564 -0.0007007368 0.0003900002 -0.0015673734 -0.0019131346 -0.0009387042 0.0005411284 -0.0002206477 -0.0008960881 -0.0016158620 -0.0007070920 -0.0004161752 -0.0013647069 -0.0011345091 -0.0012159498 -0.0008188317 -0.0023203816 -0.0021023927 -0.0008441304 -0.0012183156 -0.0007540623 -0.0001240299 -0.0003810769 -0.0014313051 0.0004996903 -0.0003321873 -0.0007414322 -0.0014743579 0.0007485049 -0.0011069675 0.0002693642 0.0000023609 -0.0017544315 -0.0012614495 -0.0010982918 -0.0003893650 0.0000072768 -0.0011342736 0.0002940376 0.0000254376 -0.0007031130 -0.0021163712 -0.0013303116 -0.0013077824 -0.0006947377 0.0005377135 -0.0014041037 -0.0001933801 0.0001049350 0.0003565112 0.0003274927 -0.0001292617 -0.0013429603 0.0006121232 0.0012181569 -0.0007661041 -0.0015519831 0.0000571090 -0.0012625321 0.0012007611 -0.0022267143 -0.0015493372 -0.0017903507 0.0000425107 -0.0001462347 -0.0010139650 0.0012187514 0.0003029814 -0.0007778892 0.0012895940 -0.0016843351 -0.0010257839 -0.0009762528 0.0000219887 0.0005597311 0.0001746108 0.0011089862 -0.0011379420 -0.0007864467 -0.0011207092 -0.0010796644 -0.0008029272 -0.0004010824 -0.0013068707 0.0011721248 -0.0019870047 -0.0005218518 -0.0002241818 -0.0008729922 0.0005059191 -0.0015865113 0.0005437949 0.0000508413 -0.0005800208 0.0004299255 -0.0021324861 0.0010812315 -0.0007819132 0.0014849050 0.0009938830 -0.0002987629 -0.0001706222 -0.0015501453 -0.0004794644 -0.0003606495 -0.0002158822 -0.0011506724 -0.0006726519 0.0004029138 -0.0015519272 -0.0007918371 0.0001006129 0.0009118727 -0.0011438970 -0.0020715385
-0.0001709722 0.0007811557 0.0002195897 0.0008888119 -0.0012216726 0.0001772181 -0.0013209163 0.0009261559 -0.0012661219 0.0005220393 0.0007576505 -0.0002114128 -0.0012046149 0.0008449955 0.0007973345 0.0001057266 0.0004847748 -0.0001814555 -0.0004536586 0.0009873777 -0.0009837712 -0.0002063087 0.0002906397 0.0012178937 0.0012176136 0.0009223691 -0.0004752753 0.0007031322 -0.0011570280 -0.0016583836 0.0000729850 -0.0004029149 -0.0000882553 -0.0014206851 -0.0015615807 0.0003574723 0.0000270826 -0.0012574100 -0.0007700602 -0.0003961403 -0.0006815206 0.0000005388 0.0011463152 0.0012668519 -0.0007148508 -0.0016023671 0.0011880726 -0.0000385096 0.0009773233 0.0009254707 -0.0013887385 -0.0000391017 -0.0015892673 -0.0009934290 0.0004249309 -0.0016349867 0.0006347740 0.0008824173 -0.0001852100 -0.0016273631 -0.0007454776 -0.0018092169 0.0003722648 0.0006915333 -0.0012869793 -0.0008854118 -0.0016981660 0.0007053475 0.0004055478 -0.0003083223 0.0009325954 -0.0007210954 0.0004812791 -0.0001910548 0.0001759454 0.0009561891 0.0004527354 0.0008911965 0.0007038444 -0.0004148049 -0.0003123675 -0.0015113091 0.0000828618 -0.0017107751 -0.0013959819 0.0001574907 0.0000890811 0.0004670382 0.0004924813 -0.0005009577 -0.0010541141 -0.0010190178 0.0000876317 -0.0011481814 0.0002329944 -0.0006425619 -0.0009705026 0.0002801693 -0.0010614514 0.0008424225 0.0003286545 -0.0014169445 -0.0003332334 -0.0000174100 0.0006690243 -0.0000543749 -0.0000286683 -0.0007012402 0.0005045738 -0.0003402444 -0.0002450912 -0.0009496748 -0.0005619372 -0.0017448887 -0.0012800124 -0.0014915414 0.0009087847 -0.0015214593 0.0007840709 0.0007992920 -0.0017496285 -0.0013789240 0.0005098928 -0.0016103361 -0.0009844142 0.0004143745 0.0008690520 0.0007059208 0.0008035296 -0.0004220498 -0.0003399966 0.0000017897 -0.0016464952 -0.0017808423 0.0013486798 -0.0011038145 -0.0010842980 0.0009301349 -0.0012813292 0.0005728560 0.0008900221 -0.0004852375 0.0004062993 -0.0004287476 -0.0010486409 -0.0002392647 0.0008222737 0.0004189892 0.0009524941 -0.0012686814 -0.0010114926 0.0007395797 0.0003815217 -0.0000014059 0.0002553453 0.0000937423 -0.0008047401 -0.0014970438 0.0000026283 -0.0006351646 -0.0003167540 0.0005841926 0.0003296590 -0.0003672973 -0.0002837728 -0.0016343202 -0.0002951395 -0.0007106377 -0.0006857957 0.0003631944 -0.0010142203 0.0003890261 0.0004780439 0.0011220380 0.0006508763 -0.0006568537 -0.0014353674 0.0006202395 0.0006092522 0.0003251708 -0.0015818578 -0.0001836080 0.0008695673 0.0012173707 0.0010446759 -0.0012952789 -0.0005557931 -0.0001344995 0.0007044520 -0.0013072416 0.0009984793 -0.0006276794 -0.0002243826 -0.0013804825 -0.0005144512 0.0008210518 -0.0006773827 -0.0005177921 -0.0001689920 -0.0009294045 -0.0009314050 0.0006720376 -0.0007197022 -0.0009917823 -0.0002075997 0.0002432199 -0.0013277347 0.0003483569 -0.0012013986 0.0007988477 0.0001418431 0.0005239138 -0.0010130928 0.0001861576 0.0005488357 -0.0001633187 -0.0005306253 -0.0015742916 -0.0015577893 -0.0012933846 -0.0004928830 -0.0002032151 0.0010655358 -0.0002846157 -0.0017650868 0.0000931733 0.0003227401 0.0000508417 -0.0007351683 0.0001874154 -0.0014554743 -0.0017135317 -0.0000390880 0.0005148574 -0.0002584887 0.0005885953 -0.0002354062 -0.0000430957 -0.0016386607 -0.0014205606 -0.0003782739 0.0009694106 -0.0003714527 -0.0009545219 0.0001258519 -0.0000281273 0.0006567431 0.0010211947 -0.0015788708 0.0005362148 -0.0017085907 -0.0007845462 0.0001826235 -0.0016027180 -0.0011090974 0.0002255912
0.0646340996 -0.0005283341 0.1556573808 -0.0678642094 0.0007676859 -0.0000768753 -0.0445205867 -0.0444384143 -0.1369398981 -0.0032768033 0.0987520814 -0.1751348525 0.0558838770 -0.0230420008 0.0606800057 0.0011880330 0.0015745620 0.0339737497 0.0689561665 -0.0394587144 0.1485849321 0.1281087548 -0.0323288664 0.0686241984 0.0014654065 0.0679636523 0.0006984090 -0.0018091730 -0.1454894245 0.0453488156 -0.0074931304 -0.0165179055 0.1732945293 0.1162757277 0.1557625234 0.0201383736 0.0911275297 -0.0011323409 0.0008088757 -0.0037460367 0.1906773895 -0.0009917391 -0.0013117815 0.0016893857 0.0059830500 0.1525570452 0.0478925668 -0.0392407551 0.0002318648 -0.3397769928 -0.0001719739 0.0001660963 0.0891533419 -0.0005641211 0.1376773864 -0.0021441577 -0.1176351681 0.0156834982 -0.0005524571 -0.1544344723 0.1087436751 0.1739649624 0.0011678252 0.0106824702 0.0767597184 -0.0008811294 -0.0064643584 0.0089932652 0.0978834927 0.0003270549 -0.0319803767 -0.0431895405 -0.0004175014 0.0958967432 0.1126898453 0.1639611274 -0.1613646150 0.1170579642 0.0272368304 0.0000250901 0.0423035882 0.0969374254 -0.0002845457 0.0654222444 0.0010133567 0.1340990067 -0.0010646196 -0.0309896991 -0.0008853336 0.0277913138 0.1376868784 -0.0648601055 0.0004099524 -0.0034582862 0.0094504245 -0.0014566251 -0.0760513991 -0.0012769296 -0.0006492204 -0.0092305075 -0.0007406469 0.0739841610 0.0685560703 0.0232188459 0.0323568694 -0.6587086320 0.0273819081 -0.0495167710 -0.0012816144 -0.0192315094 0.1275077015 0.0000936620 -0.0009380850 -0.0005519823 -0.0006964821 -0.0890142918 0.0422778092 -0.0023058695 -0.0006867831 -0.0010312812 0.0826602727 0.0008937994 0.0384022109 0.0971159935 -0.0868575275 0.0970245302 0.1523809880 -0.3218954504 -0.0006773809 0.1166138127 -0.1297747195 0.0015406305 -0.0021835230 0.1367174536 -0.0001488968 0.0293467809 0.0410294011 0.1807215512 0.0126114544 0.1546542048 0.0010118654 -0.0027824698 0.0019215236 -0.0045718211 -0.0752828568 0.0936676338 0.0012983814 0.1409264356 0.1034557596 -0.0025647774 0.1536030024 0.1002553254 0.0679996014 -0.1886574626 0.0009132938 0.0807680860 0.0256538261 0.0644739345 0.1345251352 0.0303308051 -0.0873396769 0.0557104349 0.0899267718 0.0017143658 0.1012664065 -0.0930486321 -0.0577055812 0.0388721675 -0.0014426528 0.0013506644 0.0990509987 0.0831415877 0.0006695874 -0.0420801565 -0.0446239710 -0.0025315781 -0.0109569831 0.0868120193 0.0533118472 0.0725936666 -0.0334178358 0.0015140066 0.0579313971 0.0014047695 0.1583596617 0.0524180718 -0.0010642727 0.0092414916 0.0532706082 0.0875494629 0.0005201794 0.0004489915 0.1442697793 -0.0791128650 -0.0007142735 -0.0045076157 -0.0168949887 0.1557654738 0.0659490302 0.0007678499 -0.0010829341 -0.0258799139 0.1531865150 -0.0914710686 -0.0185952913 -0.0311848223 0.1379600316 -0.0001956076 0.0002911818 -0.0003248542 -0.0015627670 -0.1057608798 0.0916514173 -0.1672051251 -0.1173988134 -0.0010583269 0.0538685136 0.0006812738 0.0993791893 -0.0009982175 0.0469921604 -0.0007007204 0.1183916554 0.1145715490 0.2181860656 0.0011723663 0.0128629943 0.0369538739 0.0002427961 -0.0636855066 0.0780776739 0.0116785942 -0.0000762941 0.1568031758 0.0005713911 -0.0307196043 0.0811422616 0.0008081192 0.0722581074 0.0223139077 -0.0003497690 0.0353686102 0.0937306359 0.2809500694 0.0007751039 0.0006171702 0.0016490439 0.1185711697 0.0771931931 -0.0023169424 0.0896787569 -0.0100616328 0.1505859494 -0.0005079070 0.0983087420 0.0662314892
0.0005481700 -0.0009430605 -0.0026984646 -0.0007453414 -0.0005913307 -0.0003495361 -0.0015238209 -0.0032377262 -0.0000991707 0.0011276318 0.0011560199 -0.0016834596 -0.0002003231 -0.0012525052 -0.0026753843 0.0010895522 0.0006573913 -0.0057765502 -0.0001800202 -0.0005045017 0.0009846517 0.0009637008 -0.0015548570 0.0009544830 0.0004581004 -0.0033633118 0.0002459160 -0.0003535280 -0.0014737359 -0.0013159272 -0.0015405581 -0.0005691813 0.0002414950 -0.0004457921 -0.0047546676 -0.0004564615 -0.0033525419 -0.0004058867 -0.0000533147 0.0008931559 0.0008067898 0.0003255063 -0.0013866177 0.0010510624 -0.0008396420 -0.0048831110 -0.0056530018 -0.0009497053 -0.0009875471 0.0010331860 -0.0013795671 0.0008486241 -0.0007002190 -0.0014264532 -0.0002457994 -0.0023920417 -0.0016267049 -0.0020770647 0.0001964270 -0.0022956857 -0.0046390956 -0.0028861871 -0.0005511635 -0.0031030905 -0.0007409722 0.0007341442 -0.0030110173 -0.0022595751 -0.0006164457 -0.0010121769 -0.0007574995 -0.0019138266 -0.0014689072 -0.0015453248 0.0011557336 -0.0000352525 -0.0020854468 -0.0006069894 -0.0033910549 0.0002953817 0.0011865180 -0.0017103073 -0.0027463106 0.0002608022 0.0013903218 -0.0013701594 0.0000994866 0.0002831566 0.0007191314 -0.0026100536 -0.0017039787 -0.0012409596 -0.0008248630 -0.0000808544 0.0011729449 0.0011209191 -0.0005048194 -0.0012108000 -0.0009174651 -0.0009600405 -0.0015068098 -0.0004458842 -0.0069928872 -0.0019078219 0.0008469289 -0.0007592172 -0.0014690927 -0.0023808214 -0.0002288947 0.0006554535 -0.0047086757 -0.0010038284 -0.0016239777 0.0010753279 0.0011423967 -0.0006171571 0.0008504256 0.0002267650 -0.0006851339 0.0009507348 0.0006392059 0.0009983731 -0.0004307054 -0.0061651338 -0.0002518854 -0.0032922574 -0.0000396002 -0.0011643606 0.0005075345 -0.0010047444 0.0005436444 0.0005017435 -0.0015392720 -0.0063306750 -0.0000492579 -0.0019153540 -0.0000719843 -0.0016074565 0.0001155400 -0.0009274115 -0.0001044013 0.0013142630 -0.0008723453 -0.0036477114 0.0005914878 -0.0013719713 -0.0006237329 -0.0047686021 -0.0010268034 -0.0027758880 -0.0011007318 -0.0051360121 0.0000451766 -0.0016001411 0.0001946385 -0.0013614030 -0.0014504391 0.0000921089 -0.0002226538 -0.0013986876 -0.0018790391 -0.0013262570 -0.0002957248 0.0002258225 -0.0017341342 -0.0047183516 -0.0040658461 -0.0042849663 -0.0007784623 -0.0005090121 0.0002336219 -0.0023738767 0.0004503029 0.0008164241 -0.0011238616 0.0012036093 -0.0008991937 -0.0015810101 -0.0005614727 -0.0012401760 -0.0001288263 -0.0012087451 -0.0012064449 -0.0000146736 -0.0054056584 -0.0022179342 -0.0016255621 -0.0005945628 -0.0012008155 -0.0046999063 0.0011564377 0.0003392776 0.0006388151 0.0012026859 0.0002711194 0.0000229220 0.0004679986 -0.0019295308 -0.0008175416 -0.0017469807 -0.0008738339 0.0003888191 0.0009119687 -0.0002476008 -0.0019825997 -0.0019019189 -0.0034428206 0.0010362354 -0.0017318857 -0.0003893712 0.0003560839 -0.0039089019 -0.0003282067 0.0011337912 -0.0018077184 0.0004299782 -0.0017244504 -0.0011086614 0.0011547758 -0.0009247688 -0.0006852945 0.0003563967 -0.0044088149 -0.0009083606 -0.0034223231 -0.0001406580 -0.0021950991 -0.0003951872 -0.0006039860 -0.0051161856 -0.0004368552 -0.0005293819 0.0010783583 -0.0027150253 0.0009425248 -0.0005257250 0.0005429125 -0.0013823687 -0.0036766292 -0.0025058014 0.0004205727 -0.0018985157 -0.0008347344 0.0008644466 0.0010668267 -0.0013069437 0.0007659285 -0.0040589352 -0.0032680414 -0.0010991804 -0.0010969653 -0.0023690495 -0.0011712051 0.0000457366 -0.0056358338 -0.0014360863
-0.0135957813 -0.0014183377 -0.0138998637 0.0123609994 0.0008364202 0.0005747129 0.0165799204 -0.0171615630 0.0149661275 -0.0014525291 -0.0146800885 0.0108666597 -0.0128686037 0.0093795387 -0.0128247170 0.0001430170 0.0002917973 -0.0136037897 -0.0196517408 0.0124375941 -0.0152578037 -0.0139035759 0.0052926755 -0.0144623267 -0.0014049575 -0.0164968427 -0.0000914600 -0.0013536676 0.0135786152 -0.0134191513 -0.0157920867 -0.0008140755 -0.0130998259 -0.0134047754 -0.0136398049 -0.0133459158 -0.0160357822 0.0013347762 0.0009052271 -0.0008367674 -0.0152144376 0.0001917496 0.0011651822 0.0001291590 0.0142540177 -0.0127537716 -0.0127191264 -0.0153717734 -0.0012889814 0.0141640436 0.0001866478 -0.0012547045 0.0127156256 -0.0005701302 -0.0146550378 -0.0106125344 0.0117961904 0.0038939535 -0.0002789612 -0.0110125169 0.0088336961 -0.0151391160 0.0002096098 -0.0136254607 0.0151157966 -0.0010495108 -0.0196851008 -0.0136390952 -0.0149311312 -0.0015933519 -0.0155808190 -0.0130724963 -0.0017760041 -0.0153512284 -0.0148451105 -0.0142897014 -0.0130252615 -0.0148794847 -0.0139265386 0.0008671085 0.0097013051 -0.0157692879 -0.0138120772 -0.0100281248 -0.0004082348 -0.0133087235 -0.0008391123 0.0132730240 -0.0013343018 -0.0157301854 0.0136710592 0.0133505287 0.0000868982 -0.0015301391 -0.0149681959 -0.0010360158 0.0146595258 0.0006044830 0.0009376148 -0.0159105789 0.0000406894 -0.0152758891 -0.0123716500 -0.0132927923 -0.0132624963 0.0131761460 -0.0162573345 0.0062261950 -0.0012707496 0.0042009428 -0.0147367381 0.0006260651 -0.0005978069 -0.0010160676 0.0001376951 -0.0154948840 -0.0163002368 -0.0008303126 -0.0007873242 -0.0000418996 -0.0036135679 -0.0005265893 0.0143194990 -0.0144823501 -0.0139109092 -0.0151636349 -0.0131875435 0.0108679757 0.0010762234 0.0125777954 -0.0154897925 -0.0125353150 -0.0155027099 -0.0158842430 -0.0006339159 -0.0151008321 0.0128149418 -0.0166401658 0.0132830879 -0.0130727561 -0.0004009737 -0.0017387522 -0.0015318843 -0.0142741418 0.0127958748 -0.0157428179 0.0008771094 -0.0158140585 -0.0155772064 -0.0156669784 -0.0157731250 -0.0140452860 0.0130462153 -0.0140900211 -0.0010413516 -0.0201790780 -0.0194302816 -0.0140829859 -0.0165864769 -0.0134243341 0.0125005720 -0.0155252041 -0.0148217594 0.0010924883 0.0129715893 -0.0167852715 -0.0147010367 -0.0133282207 -0.0014027854 -0.0014766274 -0.0137926675 -0.0151511906 -0.0017363969 0.0057546259 0.0131699014 0.0004675169 -0.0137712630 -0.0155177759 0.0125738671 -0.0145302974 0.0124189425 -0.0007102106 0.0155749796 -0.0006037998 -0.0135220475 -0.0154873552 0.0009443632 0.0138071002 -0.0151128480 -0.0156086609 -0.0008459673 -0.0014621962 -0.0156904235 0.0123861134 0.0010590758 -0.0010774755 -0.0141877960 -0.0147305056 -0.0136522846 0.0007107686 0.0000470671 0.0130240610 -0.0141363060 0.0126186702 -0.0137613229 -0.0146287242 -0.0144492229 0.0002886992 -0.0007411296 0.0005096387 -0.0000716226 -0.0128761260 -0.0140324757 -0.0131613519 -0.0138842557 0.0008435372 -0.0156561211 -0.0007412324 -0.0202467851 0.0011275952 -0.0154009573 0.0000591548 -0.0142730745 -0.0156587362 -0.0158474110 0.0005143200 -0.0156572666 -0.0136207454 -0.0005351444 0.0114317778 -0.0192731228 -0.0160971787 -0.0013942461 -0.0160456467 -0.0015060252 -0.0130348010 0.0029090196 -0.0014659734 -0.0156181604 -0.0144793782 -0.0002013954 -0.0159024261 -0.0136218546 0.0114864940 -0.0009618090 0.0008674884 0.0006321220 -0.0142806210 -0.0134199867 0.0001436224 -0.0160167180 0.0088670291 -0.0139854625 0.0010979483 -0.0149767250 0.0126585588
0.0003009790 0.0001881917 -0.0010697109 -0.0011405546 -0.0013059684 0.0008620012 -0.0008905162 0.0005772978 0.0002537807 -0.0009653343 -0.0001205361 -0.0007224007 -0.0007998792 0.0004085799 0.0000809618 -0.0013237691 -0.0003853420 -0.0001945655 -0.0014316915 0.0001845589 -0.0018254786 0.0014036098 -0.0018539163 -0.0000814926 0.0007451005 0.0008054567 0.0011507167 0.0002208446 -0.0015204397 -0.0013629029 -0.0017260028 -0.0011030508 -0.0001656720 0.0003059444 -0.0012815720 -0.0006031805 -0.0011602239 -0.0006788034 -0.0012886766 -0.0008567215 0.0005092056 -0.0012569118 -0.0003297765 0.0009678122 -0.0016986951 -0.0003354860 -0.0002004945 -0.0002459484 0.0008988964 0.0001114949 -0.0008361873 0.0006796689 -0.0009801165 -0.0006455374 0.0005719000 -0.0011003673 -0.0000669960 -0.0008913227 0.0006243658 -0.0016973614 0.0007684660 -0.0012232253 -0.0014507512 0.0003406997 -0.0018176360 -0.0016919110 -0.0013278199 0.0010639080 -0.0002413800 -0.0003668390 -0.0014557188 0.0000211277 0.0011713170 -0.0013637502 -0.0007675878 -0.0002656350 -0.0004348348 -0.0009890167 -0.0016292854 0.0008125366 -0.0010183455 -0.0011537083 -0.0008135014 0.0007192403 0.0001915767 -0.0015775986 -0.0009886489 0.0017910395 -0.0012546240 -0.0004117854 0.0006870871 -0.0007961991 0.0010098318 -0.0006705836 -0.0005949938 0.0000268479 -0.0000107794 0.0003380160 0.0004924565 -0.0012255089 -0.0009519041 -0.0012951698 -0.0020886809 -0.0009769325 0.0001457627 0.0002219013 -0.0009368909 -0.0008609881 0.0000681170 0.0007766805 -0.0000963169 -0.0014757572 0.0008142162 0.0010287777 -0.0017306014 0.0002288646 -0.0002860354 -0.0015634303 -0.0012558200 -0.0016119137 -0.0018012743 0.0015052484 -0.0004596748 -0.0017177946 -0.0011661949 0.0003474079 -0.0003505697 -0.0013060831 0.0000397164 -0.0004428934 0.0001712310 -0.0012794068 -0.0002824517 0.0004658166 0.0002742535 0.0008216718 -0.0012215418 0.0006428322 -0.0008953668 -0.0006550397 0.0006515918 -0.0000966009 0.0001833788 -0.0004021078 -0.0017654333 0.0010070056 -0.0009896902 0.0004462021 -0.0016116300 -0.0007870433 -0.0004970928 0.0007061313 0.0004700914 -0.0002345997 0.0013700220 0.0003450179 -0.0006088763 -0.0005004922 -0.0017085291 -0.0016999462 0.0004085927 -0.0001534026 0.0006231970 -0.0013944063 -0.0010681923 -0.0009262552 -0.0008579480 -0.0003258509 -0.0012048099 0.0005225677 0.0004011006 0.0005344761 -0.0004584063 -0.0006041319 -0.0004750675 0.0010389823 -0.0019131448 -0.0002976671 0.0010797639 -0.0013456730 -0.0002127332 -0.0010152346 -0.0000801852 0.0002152107 0.0009814358 -0.0013886443 -0.0009958188 -0.0012655155 -0.0010306415 0.0008343027 -0.0003552143 -0.0009279998 0.0004623900 -0.0013924266 -0.0009544530 -0.0012233999 -0.0015449877 0.0005707265 -0.0012660230 0.0006092306 -0.0008533154 -0.0000951450 -0.0006662434 -0.0010440844 -0.0011389852 -0.0001777493 -0.0007794228 -0.0017538331 0.0000637337 0.0017010589 -0.0006438650 0.0004002453 -0.0017198167 -0.0004045157 -0.0007973145 -0.0010377631 -0.0009541507 0.0004646427 0.0003031151 0.0009457259 0.0000747999 -0.0004360576 0.0000751487 0.0009124053 -0.0001427294 -0.0003169061 -0.0012337806 0.0003367510 0.0001690642 -0.0001352250 0.0002686806 0.0000558960 0.0006191068 -0.0003536299 0.0005741097 -0.0001215790 -0.0000161745 0.0004214543 -0.0017969190 -0.0003157834 -0.0002436644 -0.0001111420 0.0006880461 -0.0009221087 0.0003426488 -0.0003914302 0.0001533329 -0.0012870163 -0.0001136857 -0.0000273432 0.0001936488 -0.0000471447 -0.0011369152 -0.0004586057 0.0003495281 -0.0003969719
-0.0030925453 -0.0003095204 -0.0033989311 -0.0028623315 0.0002407275 -0.0009506587 -0.0018733364 -0.0036300195 -0.0062423320 -0.0011229279 -0.0035328306 -0.0038639966 -0.0034740411 -0.0054734144 -0.0036066973 -0.0008646214 0.0002701249 -0.0017765949 -0.0044105221 -0.0035872932 -0.0018652303 -0.0043832455 -0.0019165013 -0.0002097805 0.0005705954 -0.0040008062 -0.0016141216 0.0004305177 -0.0039734663 -0.0039806077 -0.0031192724 -0.0008223973 -0.0015499570 -0.0044538216 -0.0044114622 -0.0053674313 -0.0037418297 -0.0005242504 0.0008534421 -0.0009635589 -0.0039918539 -0.0010449330 0.0003141107 -0.0009340293 -0.0044664056 -0.0037254624 -0.0051479316 -0.0015099262 0.0003776344 -0.0044668214 -0.0011173128 -0.0005872259 -0.0037173482 -0.0007211546 -0.0036386098 -0.0058751605 -0.0049752886 -0.0034823460 0.0005614356 -0.0054448810 -0.0035742926 -0.0030642566 0.0004603179 -0.0034701622 -0.0050450265 -0.0008850596 -0.0055835242 -0.0053851493 -0.0027968630 0.0003441227 -0.0023564610 -0.0014247830 0.0000093334 -0.0025199377 -0.0041892719 -0.0055986382 -0.0044879443 -0.0041524693 -0.0037672585 -0.0002748996 -0.0064791981 -0.0028772056 -0.0039774659 -0.0038730591 -0.0002254895 -0.0063480390 -0.0014072063 -0.0040662158 -0.0011511486 -0.0013877389 -0.0037804041 -0.0021049106 -0.0016765748 -0.0014777386 -0.0054369508 -0.0001939987 -0.0013912666 -0.0007711604 -0.0011391769 -0.0035882944 0.0010418601 -0.0049418453 -0.0014343759 -0.0004433248 -0.0036113185 -0.0043685948 -0.0035146133 -0.0046882653 0.0011666585 -0.0056391177 -0.0033414918 0.0000639189 -0.0015253352 -0.0014749023 0.0011825262 -0.0047429777 -0.0047054314 -0.0002012964 -0.0008609448 -0.0003339394 -0.0053586396 -0.0000034306 -0.0014464128 -0.0030457829 -0.0049759625 -0.0043001254 -0.0045216121 -0.0018234501 -0.0016202359 -0.0047119395 -0.0037718115 -0.0033870153 -0.0033317024 -0.0025151251 0.0004061836 -0.0036983390 -0.0029204928 -0.0031557532 -0.0035730177 -0.0025302353 -0.0012010696 -0.0005140511 -0.0000186983 -0.0027737748 0.0021135050 -0.0042478023 -0.0005823671 -0.0044353683 -0.0034912666 -0.0030289411 -0.0048724357 -0.0033308319 -0.0008752858 -0.0014646898 -0.0005988268 -0.0035151604 -0.0053456612 -0.0038816093 -0.0049859388 -0.0044534528 -0.0052172639 -0.0039836327 -0.0013398916 -0.0003749632 -0.0007152950 -0.0015847874 -0.0038804298 -0.0023804710 0.0004403846 -0.0002639650 -0.0053022825 -0.0059498735 0.0006177267 0.0012246432 -0.0052550188 0.0010143174 -0.0029310046 -0.0045522698 -0.0062031010 -0.0045998292 -0.0054286718 0.0009294835 -0.0041457694 -0.0013514146 -0.0055330554 -0.0035000907 -0.0015205707 -0.0030440295 -0.0054594735 -0.0046285177 0.0002760327 -0.0002876417 -0.0021297312 -0.0044966629 0.0002574468 -0.0003623780 -0.0052734353 -0.0021071548 -0.0036642118 0.0007545166 -0.0004666297 -0.0049650832 -0.0051889471 -0.0060214475 -0.0060827709 0.0026059824 -0.0025905017 0.0003315999 -0.0004766400 0.0008856753 0.0006779263 -0.0027316287 -0.0039185123 0.0003679143 -0.0039296178 0.0013075047 -0.0000320287 0.0006178979 -0.0068041645 0.0001088296 -0.0061794622 -0.0005562562 -0.0035609009 -0.0045780782 -0.0051670009 0.0007923340 -0.0040839827 -0.0023801401 -0.0003757488 -0.0044667856 -0.0053351829 -0.0025186513 -0.0015745146 -0.0016625352 -0.0002548944 -0.0033985849 -0.0043526064 0.0007555676 -0.0032465276 -0.0037006813 -0.0009151545 -0.0012103735 -0.0060344012 -0.0032107944 0.0002247487 0.0008750274 -0.0007425581 -0.0033059006 -0.0029593222 -0.0009468214 -0.0055063278 -0.0034496607 -0.0043588593 -0.0011952254 -0.0047667352 -0.0038464849
0.0143388500 -0.0007866666 0.0274020825 0.2371499836 -0.0016285143 -0.0016744707 -0.2138877660 0.0008097003 0.0206677318 -0.0019061519 -0.0985669494 0.0222328305 0.0170064420 -0.0199255291 0.1159630790 0.0012910783 -0.0020562070 0.0387885869 0.0623905212 0.0386351831 -0.1022824198 0.0581115335 0.1347730011 -0.0187268872 -0.0005891953 0.1421740502 -0.0016334093 -0.0037705167 -0.2470866442 0.0765129849 0.0534668230 0.0239237845 -0.1990390122 0.0508374833 -0.2056437582 0.0503515713 0.1278651953 -0.0014458233 -0.0012431685 -0.0051330081 -0.0061004930 -0.0008892734 -0.0030921544 0.0017213295 0.0260562934 0.1668012738 -0.0632571802 0.0719202310 0.0015799057 0.1073372588 -0.0010968711 -0.0002703101 -0.1813943684 -0.0018365433 -0.1339558810 0.0568494052 0.1147244424 0.0228463989 -0.0015253329 0.2206138521 0.1366418600 0.0349402837 0.0007955258 -0.2137454152 0.0985074416 -0.0009365500 0.1323429495 -0.0187081955 0.0689474717 0.0009001453 -0.0820775926 0.0899540335 -0.0008527843 0.0933418125 -0.0450279787 0.0393090546 -0.0524053201 0.0450858623 -0.0255587101 -0.0009828343 0.0700411648 -0.0025788487 0.0687004551 0.1249773800 -0.0005923495 -0.1267008632 -0.0002007416 0.1176610291 -0.0001908116 -0.3356680274 0.2433989197 0.0658997744 -0.0010638306 0.0046903347 0.1059549302 -0.0000207547 -0.0567859858 -0.0014861185 0.0006521681 0.1424654871 -0.0038825169 0.2757432163 0.0953328907 -0.1835625321 0.1566247791 0.0094474982 0.0590176210 0.0590047687 0.0009546618 -0.0496348254 -0.1335440725 -0.0011590596 -0.0010476621 0.0006731656 -0.0003352986 -0.3645943403 0.0536970980 -0.0025419390 -0.0000571157 -0.0011577838 0.0663103685 0.0010006594 -0.0466957986 0.1297799498 0.0290564373 0.1188735664 0.0628393963 0.0829886273 -0.0009736746 -0.0335182585 0.0443430394 0.0739620849 -0.0945331231 -0.1609645933 0.0002073127 -0.1714729816 0.0043422584 -0.0390293188 0.1155153066 -0.0735307559 0.0001519400 -0.0033979507 0.0013445487 0.0088677425 -0.1440164596 0.0796608552 -0.0015825137 -0.0822345689 -0.0496110730 -0.0298779644 -0.2452132702 0.1226567924 0.0543377325 -0.1218254119 -0.0024559649 -0.0738860220 0.0891493708 0.0609980747 0.0663940310 -0.0398118012 -0.0106676593 0.0502648763 0.0123636900 -0.0013433337 0.1570839584 -0.1380481571 -0.0009941967 0.0895297304 0.0000810887 -0.0007774404 -0.0469581634 -0.1673305035 -0.0001872524 0.0067388290 -0.1125876307 -0.0033598798 0.3104740679 -0.1556659490 0.1092755497 -0.0922122225 -0.3450380862 -0.0031263481 0.0550543368 0.0006248900 -0.1477300972 -0.0059906458 0.0002170279 0.0637949258 -0.0946931094 -0.1028031260 -0.0016585481 -0.0006149032 -0.1220079511 0.0920848995 -0.0003036101 0.0097595947 -0.0683220252 0.0077795261 0.0210456885 -0.0000791801 -0.0014590374 -0.0333910212 0.0368097201 0.1441670954 -0.0944955871 -0.1201260164 0.1028127298 -0.0006787010 -0.0008204943 -0.0011425774 0.0006735387 -0.0411358736 -0.0198937338 0.0584511608 -0.0473639779 -0.0007924134 -0.0138699841 -0.0004452220 0.0981108919 0.0010449799 -0.0703834146 -0.0015570460 -0.0976962969 -0.0134724537 -0.0594435260 -0.0004449842 0.0218557492 0.0188472252 0.0007007264 -0.0236758683 0.0372196548 0.0855727792 -0.0005290502 -0.0638971552 0.0011392975 0.0700428039 -0.0386758074 -0.0038152409 0.1830051243 0.2475305349 -0.0013662089 -0.0123228114 0.0117608244 0.0429039150 -0.0001708176 0.0014902103 0.0012006853 0.0008148956 0.2194105387 -0.0020661934 -0.0810588002 -0.0197855923 -0.1268062145 -0.0006557360 -0.1001630276 0.0259504281
0.4959815443 -0.0023606645 -0.0510788597 0.3534633219 -0.0010588875 -0.0008885536 -0.1950723082 0.1529837549 0.2858345509 0.0036678738 -0.0358880237 0.0849865079 -0.0148827750 0.2045776993 -0.0347049423 0.0006589711 0.0009045438 0.3661540449 -1.0900876522 0.0250017326 -0.0273713544 0.0457375832 0.0157615840 0.3959326446 -0.0004001247 -0.0354462415 0.0008687655 0.0028596777 -0.0402200222 0.0338904448 -0.0655915439 -0.0246183760 -0.0866189227 -0.1194095016 0.1491379142 -0.3359242976 0.0327859931 -0.0002873718 0.0001775448 -0.0035130652 -0.0135243982 0.0014704105 -0.0022470746 -0.0001754129 -0.0602062158 -0.1212666705 -1.4735578299 -0.0400681123 -0.0009285415 -0.2071325034 -0.0009245811 -0.0000708573 -0.1476518661 -0.0020731539 -0.0489207804 -0.0196625143 0.1864012629 -0.1576005965 0.0019901774 0.0385070704 -0.1354876161 0.0514051057 -0.0004382072 -0.3037090302 0.0360364430 0.0009443088 0.0085852612 -0.0181620251 -0.0099240262 0.0008578245 0.0048061502 -0.1098348275 0.0002465612 0.0129355118 0.1039451882 -0.1540070176 0.1866077185 0.0716953427 -1.0598031282 0.0013581036 0.1034694761 0.0877259448 -0.1674004048 0.0133294174 -0.0010508503 0.1289629787 0.0009430523 -0.0628512725 0.0008346308 -0.0417956635 0.4438440204 -0.1044120565 -0.0002896714 -0.0032530851 0.2896590233 -0.0017770518 0.0182652939 0.0016830476 0.0004936525 0.3615939617 -0.0028259754 0.1613783091 0.0134707810 0.2319035381 -0.3062651157 -0.1391771436 0.0122061195 0.0404990166 0.0015095910 -0.0648420453 0.0393747911 0.0010707701 0.0006557897 -0.0011021191 -0.0007268298 0.3296266198 0.2140582353 0.0012034144 -0.0002533667 -0.0024094982 0.0741507486 0.0001100169 -0.0694111958 0.0262212176 0.0565084741 0.0270435568 -0.0515012741 -0.0082324697 0.0009282249 0.0389079377 0.5500173569 -0.0325018205 -0.0389772654 0.5211675167 -0.0019988182 -0.9447058439 -1.1674982309 0.3075354695 0.1388400942 -0.1468746364 -0.0010565576 -0.0027540345 0.0009325291 -0.1406939626 0.0289437976 0.0591735989 0.0014033115 -0.0586752519 -0.0767118707 0.0394233279 -0.0004011847 0.0307595264 0.1379403323 0.3172549307 0.0001396105 -0.0615295433 -0.0169921666 0.3276585340 -0.0334099457 0.0411423407 0.1395762116 0.1626875550 -0.0520781539 0.0017082071 0.1920480877 -0.0142427031 0.0412330292 0.0587292425 -0.0011664155 0.0007078517 -0.2525269389 0.0992386267 0.0013512993 0.1824522614 -1.6482994556 -0.0025138976 0.3242638707 -0.0620465465 -0.0418306813 0.0292198658 -0.1018002927 0.0020474964 0.0349125080 -0.0003638393 -0.2137915045 -0.9792027473 -0.0005237082 -0.0168405529 -0.0209721327 0.0785051882 -0.0006027292 -0.0010849925 0.0054660253 -0.4424833059 -0.0006416365 -0.0267320629 -0.0545476414 0.1014008820 0.0123764472 0.0006472826 -0.0024165891 -0.0145108514 -0.0415818170 0.1230369508 0.0138251698 -0.0824821591 -0.0839931667 -0.0005426208 0.0016605229 0.0009420991 -0.0011374061 -0.0793875158 0.0349036381 0.0801176354 0.0497713462 0.0010388301 0.0491536744 0.0001200735 -0.6293426752 -0.0000575897 0.1032831594 -0.0003858273 -0.0970272198 0.0560334884 0.6805643439 -0.0001246472 -1.0450832844 0.0167535525 0.0011477100 -0.0941781029 0.3556439579 0.0829173923 -0.0003889463 -0.0075380839 -0.0003192610 -0.0239817090 -0.0980961099 0.0004464044 -0.0080149779 0.2313076109 -0.0001955895 0.0614574254 -0.0202609617 0.0167406779 -0.0006902637 0.0018003451 0.0017054811 0.4080875814 0.0529732518 -0.0019691894 0.0219156854 -0.0193192288 0.0279169232 0.0009566773 0.2136627287 0.3613893688
0.0013146320 -0.0005007219 -0.0019520996 -0.0014858106 0.0010237455 -0.0002215165 -0.0013636890 -0.0018412049 -0.0006141346 -0.0012860531 -0.0002300199 -0.0003948879 -0.0001354898 -0.0016470057 -0.0012132133 0.0002858954 -0.0003578191 -0.0008455089 -0.0003802095 -0.0009199735 -0.0018540017 -0.0010627236 -0.0009164743 0.0014034674 -0.0010196838 -0.0008439287 -0.0009998763 -0.0005189696 0.0011902950 0.0006295246 -0.0011852352 0.0014345988 -0.0016709201 -0.0013204165 0.0009449859 -0.0003107795 -0.0017665203 0.0012109570 -0.0005777149 0.0004727392 -0.0006058447 -0.0011156127 -0.0000004026 -0.0007432974 -0.0017311660 -0.0021481779 -0.0013736534 -0.0011714853 -0.0013749721 0.0000120728 0.0014508540 -0.0002336843 -0.0018987872 -0.0014197051 0.0004062790 -0.0010657887 -0.0003282237 -0.0000002994 0.0006830281 -0.0009251799 0.0009437306 -0.0005840333 0.0014650053 -0.0000517649 -0.0010591318 0.0008942438 -0.0001145471 -0.0002104188 -0.0017159700 0.0011732255 -0.0017323178 0.0011393480 0.0008097506 -0.0014666587 -0.0010652395 0.0004957393 -0.0009878541 -0.0003093473 -0.0012256552 -0.0001191035 0.0000569186 0.0012070838 -0.0016962771 -0.0005374014 0.0014756363 0.0003567877 0.0005094915 -0.0012144061 -0.0003580016 0.0009400296 0.0003648366 -0.0006602964 0.0005015036 0.0013394547 -0.0011417305 -0.0001757276 0.0012772139 -0.0004476211 -0.0007471875 -0.0003108894 0.0004564492 -0.0015085107 -0.0020035990 0.0004485283 -0.0008857818 -0.0006219944 -0.0002615300 0.0010986500 0.0012346313 0.0002003915 -0.0012885667 0.0013898773 0.0012286395 0.0002332632 0.0005243624 -0.0004233955 -0.0012110327 0.0006666979 -0.0010458829 -0.0010595835 0.0013571882 0.0003056591 -0.0010748226 -0.0023596333 0.0001281562 -0.0023990143 -0.0013005104 -0.0005968938 0.0008892599 -0.0002113548 0.0003692082 0.0008649675 -0.0001107652 0.0000273135 -0.0013054432 -0.0004431907 -0.0010753496 0.0012032125 0.0012730106 -0.0005843012 -0.0003785641 -0.0008485785 0.0000911751 -0.0000294486 0.0003178013 -0.0004875092 0.0008469275 0.0004645882 -0.0009283211 -0.0005699683 -0.0004416931 -0.0026392562 -0.0005234433 -0.0003902260 -0.0005155549 -0.0001462048 -0.0011095633 -0.0009287139 0.0012127553 0.0005168371 0.0009495611 0.0000526995 -0.0008216577 -0.0011455875 -0.0009348164 -0.0006512114 -0.0015604609 -0.0022241664 0.0001140881 -0.0009947265 -0.0021969778 0.0004934700 -0.0010530161 0.0006430919 -0.0013872972 0.0011292025 -0.0016529992 -0.0010753066 0.0013236669 -0.0011894441 0.0009461298 0.0001841994 -0.0004390912 -0.0010046843 -0.0011036373 -0.0018120228 0.0005732847 0.0005015440 -0.0017737079 0.0010427799 0.0012623621 -0.0007396293 -0.0006806115 -0.0002202927 -0.0005209866 -0.0002475554 0.0005660037 -0.0005741168 -0.0000457200 0.0004017991 -0.0013899981 -0.0008570379 -0.0006271981 -0.0007773816 0.0003817809 0.0014592113 -0.0007647495 -0.0013812078 0.0011938289 0.0001866906 -0.0010353769 0.0000883890 -0.0000687765 -0.0010139422 -0.0002861475 -0.0013163941 -0.0007857161 -0.0007636637 -0.0001347473 -0.0007795771 0.0014813592 -0.0009591003 -0.0008581409 -0.0013179005 -0.0006908463 0.0005482151 0.0004661314 -0.0014345448 -0.0008728184 0.0006234714 -0.0020604562 0.0011126413 0.0006751468 -0.0004954113 -0.0012111013 -0.0009334365 -0.0021610428 -0.0000766246 -0.0002337626 -0.0008873783 -0.0002158977 -0.0012008774 0.0007514174 -0.0010877337 -0.0008675813 0.0014161776 -0.0013200887 -0.0013216715 -0.0013246950 -0.0009967359 -0.0008255904 0.0011734065 -0.0010029743 0.0003742598 -0.0017558640 -0.0018600643
-0.0022788665 -0.0015096574 -0.0036225009 -0.0026684473 -0.0001647743 0.0000514055 -0.0037732476 -0.0017968060 -0.0009804117 -0.0012729913 -0.0015901404 -0.0020978686 -0.0024682551 -0.0020710349 -0.0011571251 0.0002347724 -0.0013589276 -0.0023817886 -0.0027596233 -0.0009909621 -0.0024553533 -0.0037545012 -0.0038571020 -0.0020773355 -0.0012062149 -0.0010938174 -0.0016049752 0.0005838097 0.0026244239 -0.0028051292 -0.0021910870 0.0008986889 -0.0023884990 -0.0014751307 -0.0011483226 -0.0031606259 -0.0011813117 -0.0004842074 -0.0008160496 -0.0009262464 -0.0020405117 0.0004505118 0.0011193351 0.0007482463 -0.0035479593 -0.0022384468 -0.0020141033 -0.0016426318 -0.0009070284 -0.0012100622 0.0003054473 0.0013446477 -0.0035176319 0.0012066211 -0.0023887397 -0.0037605886 -0.0038313887 -0.0013274790 0.0006278330 -0.0021064801 -0.0026214609 -0.0029530553 0.0005795609 -0.0034710765 -0.0035160652 0.0010376154 -0.0036841535 -0.0038735326 -0.0011601581 -0.0013598346 -0.0017665116 -0.0010895620 -0.0012234621 -0.0017004530 -0.0015092925 -0.0025647392 -0.0027674898 -0.0031309661 -0.0027924050 -0.0000506291 -0.0030360103 -0.0018569769 -0.0012287607 -0.0030570040 0.0004433364 -0.0013540075 0.0001287713 -0.0026829808 -0.0014002658 -0.0017063575 -0.0028049580 -0.0020093177 -0.0005435212 -0.0003910419 -0.0015980675 0.0012429216 -0.0032942225 0.0004816812 0.0011132829 -0.0029606919 -0.0013455070 -0.0015277015 -0.0025462192 -0.0038914124 -0.0022188514 -0.0038132451 -0.0025880155 -0.0024013594 -0.0003610764 -0.0036565976 -0.0032987578 -0.0000144322 0.0012146380 -0.0002173529 0.0006094725 -0.0021295096 -0.0010506023 -0.0018075720 -0.0008468871 -0.0017386649 -0.0023968515 -0.0010094264 -0.0029350526 -0.0037908016 -0.0020042527 -0.0035386272 -0.0011001180 -0.0016036143 -0.0011318938 -0.0024904725 -0.0035102884 -0.0011814194 -0.0010086232 -0.0037954759 -0.0007427190 -0.0032483637 0.0032529088 -0.0029489012 -0.0017608413 -0.0018098488 -0.0017215656 -0.0003760060 -0.0011115061 -0.0024672325 -0.0025495209 -0.0013038743 0.0004968350 -0.0021637843 -0.0037545294 -0.0025674794 -0.0025850222 -0.0008911915 -0.0033868104 -0.0027920012 0.0012186640 -0.0024709811 -0.0010991499 -0.0027732926 -0.0021511905 -0.0028863365 -0.0028208927 -0.0016279320 -0.0028002616 -0.0000200160 -0.0008508482 -0.0016752065 -0.0020402989 -0.0011507655 0.0002819929 0.0005597520 -0.0018498515 -0.0029415998 -0.0011733318 -0.0018699729 -0.0010211883 -0.0000963884 -0.0014281155 -0.0018080431 -0.0015520438 -0.0030828370 -0.0027628941 -0.0014946670 -0.0026028175 -0.0004991359 -0.0034326063 -0.0035639186 -0.0000124959 -0.0039102016 -0.0011838976 -0.0026582179 -0.0012701869 0.0000169035 -0.0008492785 -0.0019152224 -0.0014481496 0.0005214905 -0.0014897877 -0.0014400708 -0.0036654675 -0.0010594198 0.0012139821 -0.0030124008 -0.0014951369 -0.0028231584 -0.0027275998 -0.0014136642 -0.0026831208 -0.0008523752 -0.0011456130 -0.0006655883 -0.0002754558 -0.0011784800 -0.0009202151 -0.0011269402 -0.0040256958 -0.0003853344 -0.0021347846 -0.0005241761 -0.0027368020 0.0010824783 -0.0013025348 -0.0005084163 -0.0022037302 -0.0029981001 -0.0030429640 -0.0016297239 -0.0039076009 -0.0009275660 0.0000072050 -0.0018840773 -0.0024441872 -0.0030917719 -0.0016838966 -0.0013450207 0.0009127441 -0.0028557281 -0.0021971855 -0.0007209817 -0.0008567594 -0.0012880885 -0.0000916000 -0.0035921426 -0.0025240046 0.0026093987 0.0009140865 -0.0001815478 0.0001345834 -0.0010917110 -0.0011648232 -0.0017939084 -0.0038928869 -0.0018210906 -0.0027316539 -0.0013209517 -0.0033794134 -0.0029005869
0.2667587399 0.0003710481 0.0192159843 -0.1192303896 0.0008877704 -0.0018561920 -0.0993444845 -0.0225027632 -0.1506227702 -0.0004586257 -0.0351451077 0.0264688917 -0.0048709107 0.0583435744 0.0007363968 0.0004486610 0.0013305915 0.0635984838 0.0629428998 -0.0052114120 0.0852483436 -0.5267679691 -0.1315579265 0.2203673422 0.0011451655 -0.0269585215 -0.0006691473 -0.0029391956 0.0592288934 -0.0611633286 0.3569455445 -0.0244388971 0.0910987854 0.1268926412 0.0461868979 0.0608917624 0.0485288016 -0.0018228597 0.0002005855 -0.0030705745 0.0164240226 0.0018201470 -0.0015205923 0.0019320634 0.1021490544 -0.0195545536 0.0482331701 -0.0366343595 0.0031792666 -0.0788602456 -0.0014605458 0.0004195751 -0.0066295206 -0.0007130877 0.1073801145 -0.1535663903 -0.0633764416 0.5379810333 -0.0020781534 0.0106265815 -0.0272575393 0.0044816635 -0.0006691569 0.0857251287 -0.0159221403 0.0005545904 0.0259948298 0.0039431825 -0.0596187003 -0.0012605364 0.1736265868 0.1615270674 0.0001551887 0.0089017935 0.0655015483 0.0876195058 0.1054202914 0.0357421786 -0.0268648583 -0.0009830567 0.0032753297 -0.1154249534 0.1398796290 -0.0830233321 -0.0002231035 -0.1840028614 0.0018764168 -0.1509925276 0.0005470167 -0.0162548944 -1.1110670567 -0.0709057674 -0.0004539436 -0.0004741644 -0.1262001395 -0.0010129331 -0.0184164848 -0.0010621636 -0.0001648867 -0.8951186538 -0.0004355436 0.0257077143 -0.0218737461 0.2240778953 -0.0247555263 0.4284668267 -0.0528481342 0.0231591966 0.0001826739 -0.0827158391 0.0983540639 -0.0006159284 0.0008382183 -0.0001082693 0.0018939216 -0.2240888327 0.1315613538 -0.0011746179 0.0015001543 -0.0015521429 -0.0271627419 -0.0004063291 -0.0894741789 0.0470752865 -0.1615398377 0.0286752880 0.2419027239 0.2428296357 -0.0001982192 -0.0163962338 -0.0215273015 0.1204967126 -0.3140969276 0.0990435854 -0.0016694752 -0.1736385673 0.0023365482 -0.4208361208 -0.4266580045 0.1008312479 0.0015087595 -0.0030266626 0.0010633621 -0.0556430444 0.0749731287 -0.0554742143 0.0011005397 0.0145150591 0.0554359183 -0.4786086380 0.0017330014 0.0444020331 0.4144726098 0.1789664924 -0.0007431883 -0.5659299493 -0.0468658283 -0.3987735510 -0.0123232622 -0.0728726983 0.1125724018 0.0557723641 -0.4188041985 -0.0000708482 -0.2515418231 0.1710516214 -0.0083301440 0.0277201496 -0.0022965900 0.0007668093 -0.0072439099 0.0004623258 0.0007395113 0.4723095000 -0.0008282022 -0.0027046620 -0.1592169851 -0.1140683666 -0.0839921683 -0.0760345012 0.0978953913 -0.0025661497 0.1528241932 -0.0009589488 0.0406696945 -0.1685551405 -0.0004971903 0.0761684924 -0.1541490257 0.1611728668 0.0000220517 -0.0008378461 0.0183814019 0.1476361901 0.0006633076 -0.0164512806 0.1954620183 0.0887213051 -0.4457640946 0.0006652999 -0.0023384127 0.0144287627 0.0177598707 -0.0866593197 -0.0027783287 -0.2882691622 -0.0262042657 0.0009038671 0.0012476511 0.0014240968 -0.0017540134 0.0757726952 -0.6357166767 -0.1263259202 -0.0227047261 -0.0009384174 0.0688496232 -0.0005994473 -0.0734575838 0.0010110415 -0.0657627732 -0.0011286966 0.0659721866 -0.0035877463 0.0998578891 -0.0010246548 -0.1235218868 0.1806258559 0.0002295691 -0.0604335256 -0.1105339751 -0.0418835767 0.0005968075 0.0525665805 0.0005149981 0.0694913492 0.0667556375 -0.0003076042 -0.0136730354 -0.0474874899 -0.0023827383 -0.8529157043 0.0368046463 0.0017956117 -0.0001368285 0.0000957910 0.0014160711 -0.1804828644 0.0429243967 -0.0007202004 -0.0297254957 0.0964095220 0.0839766264 0.0011686187 0.1367658228 0.2424614578
-0.0145884482 0.0000617150 0.0343687609 -0.2166606486 0.0001360663 -0.0012411536 -0.4202432930 0.0342016444 -0.4593603909 -0.0030532938 -0.0554008037 0.1018320173 0.0550302975 -0.1184361950 -0.1084142700 0.0011766955 0.0003548677 -0.0149360867 -0.1152523533 -0.0275540147 0.0347002521 -0.1207875013 0.0943580419 -0.0800983086 -0.0003391506 0.1497081071 0.0011943807 -0.0027373398 -0.1996937692 0.0322509892 0.1098647788 -0.0203670599 0.0409047715 0.1169724315 0.1121145040 -0.0596384741 0.1476382911 -0.0000988611 -0.0002202125 -0.0025612367 -0.0443681851 0.0014216987 -0.0017535504 0.0016670325 -0.0338898152 0.1308096945 0.0008267678 0.0489074066 0.0023131957 -0.8767102957 0.0007571875 0.0006367684 0.0518527813 -0.0012621767 0.1593863666 0.0317327529 -0.3091309667 0.0324653238 -0.0015845487 -0.2488840818 -0.1803224534 0.1453852206 -0.0004028543 0.1386002749 0.3052839935 0.0011824869 -0.0789590254 0.0434383824 0.1404808611 -0.0013140535 0.0729079768 -0.0056256126 0.0013499064 -0.0643924028 0.1213150695 0.0725202709 -0.0408586524 -0.0200054571 -0.0847134441 0.0018062305 -0.0686793998 -0.0097752512 0.0040975790 0.1409220845 0.0008192638 0.0916073397 0.0002394339 -0.3138681650 0.0003766194 0.0114129940 -0.1849930435 -0.0252472907 -0.0006855787 -0.0031838242 0.0119375670 -0.0019244900 -0.0414483361 -0.0006453111 -0.0003225066 -0.0064785937 -0.0015021756 -0.1765315980 0.1105037406 -0.0389780588 -0.0092134876 -2.6109740734 0.0492478050 -0.0853440985 -0.0008679867 -0.1345154494 0.1030190364 0.0012701552 0.0009151537 -0.0002596962 -0.0004308225 -0.1126168743 -0.1336138994 -0.0006112856 -0.0013665326 -0.0010501527 0.1271235794 0.0008289658 -0.0359817222 0.1568692774 -0.0531064421 0.1495861709 0.1448854357 0.2593744397 -0.0005080636 0.0409642830 -0.2830698192 -0.0144878607 -0.0002168367 0.1013463214 -0.0004272246 -0.5548293591 -0.0709907189 -0.0252375919 0.0702060312 -0.0051069488 0.0007467751 -0.0007109093 -0.0008637853 -0.0140435277 -0.1892532706 0.1502407789 0.0007225142 0.1110628098 0.0777512640 -0.1259099841 0.1513863206 0.1532726139 0.0817890391 -0.1106206477 -0.0000714234 -0.0245659892 0.1046989113 -0.0366759524 0.1891398728 -0.0143048316 -0.1118027791 -0.2287044972 -0.0662550703 -0.0000197735 -0.1269734651 -0.3385871053 -0.0520506799 0.0466308035 -0.0034207057 -0.0004626737 0.1093447283 0.0912455395 0.0005647759 0.1997828633 -0.0893201381 -0.0021399045 -0.1033028141 -0.0776849538 0.0745808184 0.0722928494 0.1466683298 -0.0031912974 0.0182021055 -0.0006730740 0.0824473277 -0.1196639761 0.0002918420 0.0391400084 0.0259140581 0.0565021448 -0.0010903872 0.0009739269 0.0615041740 -0.3608132899 0.0001768788 -0.0078113331 -0.0318144672 -0.0623578168 -0.0871198997 0.0007494965 -0.0033947388 0.0101331212 0.1702130735 -0.1891428828 0.0906257033 0.0816897154 0.0809994191 0.0008624204 -0.0002326914 0.0011897794 -0.0019976916 -0.0917279869 0.0078847585 -0.2504132986 -0.3487596214 0.0014429084 -0.0388190039 0.0004503858 0.0236674268 0.0012904630 -0.0912246928 0.0008966843 0.0885584429 0.1298078299 -0.3703275025 0.0008122080 0.0265225545 -0.0325458609 0.0004355797 -0.0561065599 -0.0115530202 -0.0486812703 0.0007404040 0.0872658715 0.0000763118 -0.0525130592 0.1073899120 -0.0026002773 0.1150583327 -0.0385270044 -0.0003836193 -0.0533728972 0.1133016348 -0.5829313993 0.0001995288 -0.0003463778 0.0000714055 -0.0382565595 -0.0714350566 -0.0014532072 0.0747872517 0.0205443949 0.0588449426 -0.0003787854 0.0751802996 -0.0072447606
-0.0007076797 0.0010028112 0.0008341807 -0.0012395328 0.0009255663 0.0013678983 -0.0007809655 0.0009950158 0.0002724534 -0.0004549832 -0.0002621120 -0.0009000868 -0.0000035887 -0.0017467544 -0.0015906111 -0.0007366646 -0.0016613305 -0.0004112507 -0.0013139845 -0.0001643779 -0.0000548479 -0.0005285473 0.0003588111 -0.0011381335 0.0012072364 -0.0000044882 -0.0017012776 -0.0004804916 -0.0012038816 0.0002802332 0.0006271841 -0.0015346438 -0.0003607397 0.0006708491 0.0011186120 -0.0009905556 0.0005338693 0.0006048047 0.0003433001 0.0007520998 -0.0010514624 -0.0010591054 0.0001639352 -0.0002268218 -0.0010967382 0.0009013567 0.0001027547 0.0007504080 0.0011776953 0.0006155816 -0.0000611661 -0.0015137761 -0.0009941580 0.0012631686 -0.0016144130 -0.0012996858 -0.0006838822 0.0007586275 -0.0004476979 -0.0011855302 -0.0016581370 0.0007457215 0.0008225713 -0.0012389915 0.0005983223 0.0000412350 -0.0011415799 0.0011913241 -0.0001584556 0.0011833012 0.0008972759 -0.0011990893 -0.0008915839 -0.0017618489 0.0009811104 -0.0002903616 -0.0017343598 -0.0005247930 -0.0005855656 -0.0014501860 0.0006025308 -0.0015691373 -0.0011439030 -0.0012133732 -0.0007686029 -0.0013152490 0.0003239130 -0.0000172295 -0.0002586581 0.0000637067 -0.0016584732 -0.0004277251 -0.0007884415 -0.0014499468 -0.0006869258 0.0011505433 0.0005483625 0.0001234001 -0.0004484541 -0.0010923209 -0.0011922432 -0.0002285140 -0.0004967293 -0.0010125712 -0.0016947074 -0.0014464636 0.0000435090 0.0001828119 0.0005247460 -0.0001149112 -0.0009103437 -0.0005178673 0.0010015056 -0.0001622187 -0.0011372258 0.0000645573 -0.0000027966 -0.0009591025 0.0003305666 -0.0007422317 0.0007517737 0.0003480211 -0.0004344977 -0.0006865943 -0.0012788901 -0.0005214020 -0.0005801006 0.0008797368 0.0002946900 -0.0012042293 0.0007907260 0.0000069550 -0.0017519991 -0.0008649779 0.0009543829 0.0001820794 -0.0007067883 -0.0014800410 0.0007351727 0.0009303165 0.0004171604 0.0003743574 -0.0003126301 -0.0007937632 0.0010727573 0.0001755165 0.0006789464 0.0002451002 -0.0000066688 -0.0008686869 -0.0002906733 -0.0000494869 0.0007916250 -0.0004391184 -0.0014263887 0.0006737531 -0.0001604813 -0.0011870268 -0.0015884702 -0.0001402673 -0.0018017067 0.0012199039 0.0011378538 0.0002900643 0.0011141422 -0.0016688361 -0.0013355166 0.0008764057 0.0004138564 -0.0010696596 0.0010067521 -0.0005069557 0.0007712471 -0.0008406650 0.0008540216 0.0011737569 0.0000428485 -0.0004223392 0.0002635906 -0.0008509354 0.0004532785 -0.0009317931 0.0010875072 -0.0004223517 -0.0004742451 -0.0012757101 0.0008398407 -0.0015662260 0.0000469212 0.0000298122 -0.0017154906 -0.0012662782 -0.0002994299 -0.0008233659 0.0004989624 0.0006774417 0.0008993843 -0.0010670463 0.0000089052 -0.0007041957 -0.0012738297 -0.0002770193 0.0005893962 -0.0004814987 -0.0012874922 -0.0008858183 -0.0017673866 0.0001876706 -0.0017880801 -0.0007370900 -0.0015708993 -0.0002521462 -0.0005197393 -0.0014438567 0.0008322999 -0.0003162647 0.0008839523 -0.0000900678 -0.0011258275 0.0009209092 -0.0009849326 -0.0005869934 -0.0000264748 -0.0001742166 0.0005617013 -0.0005572321 -0.0009090575 -0.0003940673 0.0010368126 0.0006982116 0.0008888819 -0.0013369923 -0.0011983045 0.0003980404 0.0001474089 -0.0002260154 -0.0004733409 -0.0002119903 -0.0005151924 -0.0002049287 -0.0002219588 0.0000722253 0.0000636082 0.0006037971 -0.0001865185 -0.0006067182 -0.0001625087 0.0003840717 -0.0015596793 -0.0009875613 -0.0011399041 -0.0011245926 -0.0007040645 -0.0014180808 0.0002813775 -0.0013450042
-0.0007624091 -0.0001126483 0.0001860847 -0.0000312164 0.0008144508 0.0010308957 -0.0000393475 -0.0012702775 -0.0012221340 0.0005416303 -0.0004575458 -0.0000071103 0.0006374375 -0.0008231867 -0.0014100819 -0.0000438943 -0.0015630960 0.0002771983 0.0000845195 -0.0012344699 -0.0002063049 -0.0008527261 0.0003959046 -0.0016652570 -0.0009013243 -0.0001383704 0.0011216197 0.0002866537 0.0011757390 -0.0019696921 -0.0016717352 -0.0008052844 -0.0019324315 -0.0003985556 -0.0011398965 0.0007635835 0.0009255170 0.0010419090 -0.0007937492 -0.0013110838 0.0006266598 -0.0000190737 -0.0000695609 0.0006434578 -0.0006198836 -0.0015095359 -0.0010365662 -0.0014229361 -0.0003486300 -0.0011301768 -0.0008116011 -0.0003554857 -0.0001209662 -0.0002265850 -0.0011277909 -0.0000105775 -0.0016417156 -0.0011076976 -0.0007493044 0.0008135755 0.0005486612 0.0008971529 0.0003392340 0.0001140492 -0.0013927065 -0.0004165763 0.0005963329 0.0008177915 -0.0000330303 0.0010870561 0.0010262940 0.0002664922 0.0005689234 -0.0011667341 -0.0010346995 -0.0013061295 0.0008873365 0.0001046661 -0.0011540215 0.0010474528 -0.0005338181 -0.0010516626 -0.0013157737 -0.0012901550 -0.0001744376 -0.0009323902 -0.0008266360 -0.0015943141 0.0010203543 -0.0019973526 -0.0006115685 -0.0010899615 -0.0004345344 -0.0012090452 0.0004359788 0.0015121243 0.0004687968 -0.0015534891 0.0008130472 0.0001715136 -0.0008726222 -0.0001840826 0.0007157415 -0.0016958227 0.0009899965 -0.0001627990 -0.0007426027 -0.0007289125 -0.0008770297 -0.0007156104 0.0010722067 0.0003581914 0.0000688582 0.0000635803 -0.0011414711 0.0004956471 0.0010010956 0.0001009723 -0.0015034112 -0.0008668784 0.0001135601 -0.0000075250 -0.0010914220 -0.0002412508 -0.0009574160 0.0005890899 0.0006192005 0.0004106557 0.0005966850 -0.0006951049 -0.0005858932 -0.0019496175 -0.0019919293 0.0006937766 0.0013801336 -0.0007754216 0.0002965573 -0.0008308808 0.0005059146 0.0007528074 -0.0002907145 -0.0012331523 -0.0007363363 0.0010715696 -0.0012164841 0.0007841573 -0.0007937324 0.0007839802 -0.0012295694 -0.0011282671 0.0001035400 0.0008493082 0.0003048785 0.0004540599 -0.0000704803 0.0006190775 -0.0020054963 0.0009207767 -0.0008897875 -0.0004884539 -0.0019136514 0.0009019233 -0.0012540943 -0.0007070341 -0.0000066312 -0.0013510664 -0.0018494887 0.0008215685 0.0004238542 -0.0012922912 -0.0018748558 -0.0016093171 0.0002274714 -0.0006722970 -0.0011692956 0.0008131913 -0.0013930305 0.0008700392 -0.0015200485 -0.0015364494 -0.0013898569 -0.0002523012 0.0003246991 0.0009848448 -0.0014782436 -0.0007793409 0.0002896261 -0.0003797485 0.0005869708 -0.0008661955 -0.0008927819 0.0005588824 -0.0007957217 -0.0009957843 -0.0004390543 -0.0000443040 -0.0004246860 -0.0013968328 0.0005803628 -0.0015967644 -0.0008284403 -0.0009358745 0.0007700094 -0.0007674285 -0.0012697522 -0.0014274862 -0.0007461929 0.0011127323 0.0001728108 -0.0008895578 -0.0000944705 0.0008799301 0.0002374201 -0.0012116239 -0.0011243058 -0.0006024915 -0.0013145008 -0.0016590919 0.0005238520 -0.0013609109 0.0009758647 -0.0007825288 -0.0005245162 -0.0007050905 -0.0018982518 0.0002789629 0.0005494421 -0.0004284224 -0.0017103491 -0.0007472384 -0.0000205172 -0.0015254095 0.0012027191 0.0008921006 0.0004102988 0.0009723261 0.0008638502 -0.0000947756 -0.0001124830 0.0006033520 0.0005669062 0.0010110901 -0.0018374354 0.0010416310 0.0001290102 -0.0009279351 -0.0007345102 -0.0008152186 -0.0018379227 0.0007052774 0.0002385539 -0.0012580927 -0.0002129491 0.0002480399 -0.0009714787 -0.0018037513
-0.0175473578 -0.0011547433 0.1175629944 0.0163066946 0.0013122825 -0.0018189333 -0.0378829464 -0.0048107365 -0.7639466524 -0.0017370547 -0.0623063557 0.0001946628 -0.0111043165 -0.2044607103 -0.0939493924 0.0000426348 0.0000285423 -0.0587613992 -0.7706061602 0.0911855251 0.1062844470 0.3666574955 0.0375565402 -0.0490754582 0.0014461735 -0.0141510982 0.0013563000 -0.0028692705 0.1792669445 0.0474179238 -0.0344998799 -0.0166977718 0.1854631901 0.1229308695 0.0715869069 -0.1144090816 0.0338092707 0.0005916489 0.0008302110 -0.0031307798 0.0147723826 0.0000467049 0.0013872504 -0.0006323620 0.1398483217 0.1054564640 -0.0081392536 0.0326734707 0.0009399329 -0.6700558066 -0.0015737903 0.0006995623 0.1279250234 -0.0012584478 0.0199553501 0.1198823303 -0.0413605943 0.0718849152 -0.0030669747 -0.2570774853 -0.0615224168 0.1965975314 0.0008536640 -0.0408093333 0.0572956055 -0.0007281412 0.0424001180 0.1022264659 0.0278215930 0.0005566954 0.0635439157 0.0270937402 -0.0005913018 0.0159771331 -0.0685242340 0.1754764020 0.0011520340 0.2765620351 -0.5921598077 0.0004489438 -0.0966710225 -0.0137301395 -0.0341230370 -0.0449720919 0.0004437152 -0.0868146271 -0.0005525565 0.3461128473 -0.0010504510 -0.0643603057 -0.0267453119 -0.1313176155 -0.0006037661 -0.0037720629 0.0616407767 -0.0012818358 -0.0411487333 0.0005493274 0.0018511349 0.0166629553 -0.0012593220 0.0697741956 0.0324510746 0.1901762187 -0.0467012785 -0.2769365311 -0.0177360177 0.0029823985 -0.0011245221 -0.1408500224 0.0564044975 0.0003633436 0.0003801046 0.0014331158 -0.0007145347 -0.4852817953 0.2818399370 -0.0023736495 0.0008432021 -0.0010250839 0.1343817711 -0.0002682779 -0.3322593868 0.0317903087 0.0974636972 0.0317835286 0.1232602969 0.2429960966 0.0017803287 0.1544354409 -0.4754019380 0.0431734771 0.0952720940 0.0863953158 -0.0021042200 0.2564017475 -0.8699310422 -0.1904252023 0.3016223013 0.2491391450 0.0010793706 -0.0011173524 0.0019666839 0.0121003417 0.1860920638 -0.0060795597 -0.0000422806 0.0907080695 -0.0292266235 0.0779838711 -0.0251819547 0.0397615731 0.0513306856 -0.0627104044 0.0003291095 -0.0574188121 -0.0551891439 0.3098814785 0.0429569371 -0.1184232086 0.0937501118 0.0785308555 0.0401151851 -0.0008852916 -0.0540870167 0.0310494080 0.0691908598 0.0218374636 -0.0010532822 -0.0000145653 -0.1035946384 -0.0696233660 0.0011976128 -0.0167431775 -0.1624121070 -0.0027504088 -0.0950976759 0.1179519221 -0.0867289379 -0.1007795557 0.3862389326 -0.0009039069 -0.0278882906 -0.0002949696 0.1150386110 -0.0417028368 0.0014543639 0.0312490072 0.0210861117 0.0078560542 0.0008002174 -0.0005415861 0.0848286375 -0.4192448854 -0.0000417123 -0.0095420126 0.0541200675 -0.0305689331 -0.0084943660 0.0001923113 -0.0009130253 0.0389898680 0.0668307468 -0.2511498928 -0.0337931402 0.0496397763 0.1189913675 0.0008602535 0.0012090732 -0.0005270285 -0.0012183234 0.1357290745 0.1697333306 -0.3136485517 -0.1312552840 0.0003649304 -0.0782607868 -0.0003755637 -0.1738131642 0.0009125332 -0.0793794617 0.0007926761 -0.0091934251 -0.0541177578 -0.3033405244 0.0017543585 -0.1061995924 0.1268333793 0.0005616266 -0.0869681463 -0.2246606350 0.0986968875 -0.0011095370 0.0760971531 0.0009514969 0.1184722185 0.1037097946 0.0001088465 0.0387272686 0.0317112915 -0.0011071102 0.3199676871 0.0142365582 0.1718091220 -0.0007009641 -0.0007408940 0.0013192515 -0.0032583096 -0.0142025622 -0.0021033718 0.0347055569 0.0271479711 0.1133726612 0.0012232069 0.0756677911 -0.1023056954
0.0007259742 -0.0015020006 -0.0003343946 0.0005251772 -0.0010316683 -0.0002204961 -0.0017933921 -0.0006974919 0.0001448701 0.0005962363 0.0010211034 -0.0009676066 -0.0001350826 -0.0008505516 -0.0016636101 -0.0004750167 -0.0001727873 0.0004843031 0.0007679693 0.0005255459 -0.0001390377 -0.0013958948 -0.0006077646 -0.0000501643 -0.0003986926 -0.0007576888 -0.0010451819 0.0003261299 -0.0001919560 -0.0004466501 -0.0006747777 -0.0016615011 0.0009266759 -0.0001755306 -0.0009846180 -0.0016937733 -0.0012160958 -0.0008213223 -0.0003131223 -0.0008765148 -0.0018648370 -0.0007682300 -0.0003169087 0.0003477967 -0.0001828967 0.0005654290 0.0009228000 -0.0004246626 -0.0008878268 0.0003184265 -0.0016433306 -0.0003535646 -0.0018022093 0.0003049392 0.0002459268 -0.0015712396 0.0010324095 -0.0005284434 -0.0002626127 -0.0004482902 -0.0003130005 -0.0003959299 -0.0012718795 -0.0018748274 -0.0009722122 0.0000156687 -0.0011522423 -0.0001916768 0.0009207216 -0.0010510678 -0.0009630001 0.0003519204 -0.0018108576 -0.0016654865 0.0007069529 0.0005446515 -0.0007072019 0.0005154149 -0.0007323990 0.0006521639 0.0004846040 0.0010271486 -0.0008240211 -0.0010666990 -0.0007014242 -0.0017675153 -0.0011291874 0.0004207401 -0.0013058782 0.0009737775 -0.0014870006 0.0005926209 0.0004629813 0.0004439237 0.0013098482 0.0011590077 -0.0006259340 0.0009649323 0.0005174273 -0.0002804691 0.0004548455 0.0009201011 -0.0012822757 0.0004422505 0.0007042000 -0.0001121240 0.0010220412 -0.0002502088 0.0015018447 -0.0008176493 0.0008661321 -0.0016249861 -0.0009015925 0.0004699261 0.0010152368 0.0006588974 0.0001001041 -0.0012684247 0.0003414730 0.0000395034 -0.0013562251 -0.0002818264 0.0011350401 -0.0005589713 -0.0002644928 0.0009735614 0.0002359342 -0.0001948742 0.0007625923 0.0009726763 -0.0008901088 -0.0004283067 0.0011907383 0.0001338954 0.0004335305 -0.0015774542 -0.0018131536 0.0001248025 -0.0013019270 -0.0014445642 -0.0007001933 -0.0009103219 -0.0004665077 -0.0000675414 -0.0000584679 -0.0013129740 -0.0013169026 -0.0003378356 0.0007966495 -0.0011712115 -0.0003773079 0.0005740938 -0.0016842978 -0.0016886445 -0.0007948885 -0.0018273655 -0.0017907334 0.0007904851 -0.0017269828 -0.0004677715 0.0003044686 -0.0003300736 0.0009200273 -0.0000808302 -0.0016960495 -0.0011203232 0.0008233993 -0.0012638519 0.0002764441 -0.0017053668 0.0001356172 -0.0006946865 0.0011583694 0.0000239174 -0.0008408836 -0.0012216452 -0.0000826119 -0.0012533797 0.0010346009 0.0008091760 0.0007246250 -0.0006603163 -0.0004257954 0.0006608167 -0.0012865473 -0.0018861092 0.0011631320 0.0006956423 0.0002824416 0.0006465129 -0.0009103263 -0.0005893522 0.0005772230 -0.0010022273 -0.0014137047 0.0012203327 -0.0009741834 0.0000774804 0.0003350217 0.0002979572 0.0005387056 -0.0004233817 -0.0014861571 -0.0001353816 -0.0009251808 -0.0004160906 -0.0010535137 -0.0005885356 0.0010772727 0.0000563992 0.0005584099 -0.0010407536 0.0003636940 0.0002519816 -0.0016575563 0.0003725772 0.0003393948 0.0002342077 0.0008435561 0.0010253523 0.0008269834 0.0004841081 -0.0003504514 -0.0012451615 -0.0017312589 0.0008104633 -0.0013369346 -0.0003308705 0.0002036849 0.0008615718 -0.0011453289 0.0009410899 -0.0017579190 -0.0014538692 0.0006832354 0.0000736998 0.0003686787 0.0000871507 0.0008619249 -0.0004301703 -0.0014312745 -0.0000767631 0.0007425284 0.0011609566 -0.0000995948 -0.0009293627 0.0013545181 -0.0007616849 0.0005488747 -0.0002033740 -0.0008414505 -0.0008709349 -0.0013090078 0.0011135563 0.0006606334 -0.0012772924
-0.0014341249 0.0008731784 -0.0014474343 -0.0002092830 -0.0010009438 0.0001521856 -0.0015895544 -0.0005874508 -0.0000709275 -0.0007442911 0.0000594529 -0.0005205481 -0.0013877247 -0.0009688589 0.0007815273 -0.0014227541 0.0002871815 0.0005754106 -0.0009400857 -0.0015509904 0.0001236975 0.0009444664 -0.0006608079 -0.0009580178 -0.0017313763 -0.0012204067 -0.0008174166 -0.0006949185 0.0000546001 0.0000507902 -0.0000778406 0.0001958251 0.0010909335 0.0009260971 -0.0004840858 -0.0016509888 0.0010986126 0.0012475661 0.0010474162 -0.0003045980 0.0003794738 -0.0017147298 0.0003541777 0.0010406787 0.0003513464 -0.0003726185 -0.0007778097 -0.0011183444 0.0003785267 0.0014656666 -0.0015335561 0.0004337152 0.0002832861 -0.0010589352 -0.0005568328 -0.0014125515 0.0004378677 0.0006094477 -0.0013792476 -0.0002974430 0.0000808324 -0.0014084179 -0.0007846946 -0.0018616582 -0.0000011791 -0.0004833170 0.0002360420 -0.0009884905 -0.0017005958 0.0003249203 0.0004209110 0.0007839647 -0.0015959662 0.0001389681 -0.0015001504 -0.0018605323 -0.0008649757 0.0010427561 -0.0002168186 -0.0015366953 -0.0001197332 0.0000101262 -0.0004438233 -0.0007594812 0.0010501909 -0.0006720231 0.0007353694 0.0003264477 0.0005210976 -0.0005519121 0.0006652052 0.0006177311 -0.0009551172 -0.0006248914 0.0010658370 -0.0000158199 0.0004301161 0.0000902477 0.0002933784 -0.0010285169 0.0001788179 -0.0002985755 -0.0008466018 0.0006588603 -0.0016414629 -0.0004472015 0.0008102139 -0.0015548022 0.0010514861 -0.0001088922 0.0011845690 0.0009028934 -0.0003731782 -0.0010799804 -0.0008681996 -0.0001962223 -0.0009302133 0.0004851437 0.0014966488 -0.0010595606 0.0008623686 -0.0002179987 -0.0002404517 -0.0006357440 0.0010056620 -0.0014718990 -0.0006154380 -0.0000684034 -0.0014904096 0.0003778595 0.0002359283 0.0005591462 -0.0015072859 -0.0002816575 0.0005507521 -0.0002479527 -0.0005256694 -0.0015560306 -0.0004719349 -0.0012559446 0.0000288710 -0.0016573510 0.0003999409 -0.0006018971 -0.0015493295 -0.0001211025 -0.0007397945 -0.0004560633 -0.0005471695 -0.0001492942 -0.0010188612 -0.0011343474 -0.0010147085 -0.0001173677 0.0005830741 0.0006370551 -0.0005216657 -0.0004791983 0.0005067919 0.0000525083 -0.0010883983 -0.0007891903 -0.0015250319 -0.0010526119 0.0002845718 -0.0010112204 0.0007645620 0.0003643266 0.0007768251 -0.0017154190 -0.0001660647 -0.0018993424 -0.0001642006 0.0000434249 0.0002408205 0.0003047126 -0.0002224966 0.0002937089 0.0008252493 0.0008017438 -0.0013225641 -0.0017789764 -0.0012217371 -0.0006915781 -0.0011304386 0.0010612507 -0.0010109143 0.0005677238 -0.0016031802 -0.0012210006 0.0011160447 0.0003282032 -0.0016018875 0.0001896426 -0.0008353854 -0.0010327557 -0.0006792517 -0.0007412740 0.0004988562 0.0011815436 -0.0002267014 -0.0014872955 0.0009463955 0.0011123383 -0.0018529504 -0.0007160662 -0.0004491250 0.0004015984 0.0001897592 -0.0006616835 0.0003082218 -0.0017964307 -0.0017140054 -0.0010718614 0.0006750209 -0.0004437035 -0.0016528823 0.0011879992 -0.0006332546 -0.0006961609 0.0007758107 0.0004334517 -0.0001284174 -0.0017283286 -0.0015438263 -0.0017455829 0.0005896765 -0.0012097793 -0.0016522799 -0.0018429786 -0.0012316873 0.0001791916 0.0011982422 -0.0017061324 -0.0003850708 -0.0018297289 0.0002100034 -0.0001863982 -0.0000607459 0.0003929582 0.0005824738 0.0008484510 0.0003984086 -0.0006129368 -0.0011847320 -0.0008565569 0.0004996181 -0.0000793671 -0.0005815871 0.0008406771 0.0001199255 -0.0007577829 -0.0002182134 -0.0003226582 0.0006944589 -0.0006305034
0.0287006665 0.0000111870 0.0492340177 0.1259545684 0.0003157588 -0.0032823964 0.0322154611 0.0961884484 0.0798723102 -0.0034467140 0.1280913800 0.0047073415 0.1587591320 0.0036912872 -0.2687465250 0.0006675225 0.0000989159 0.0096490402 0.0273402501 0.0351080485 0.0383091047 0.0277498327 -0.0127618164 0.0336781479 -0.0006145186 0.2141461521 -0.0006141688 -0.0041846619 0.1183263287 0.1587741971 -0.0208146181 0.0520737842 -0.1051535755 0.1071077585 -0.0025816690 0.0905119851 0.1772477478 -0.0010362196 0.0012952789 -0.0044652014 0.0175624900 0.0011533758 -0.0015152901 -0.0009795211 0.0486485399 0.0728871673 -0.0332095250 -0.0065747597 0.0010195888 0.0624203235 -0.0000963528 -0.0006356593 -0.0000709817 -0.0009495692 0.1130325794 0.0133825932 0.0862738937 -0.0170126148 -0.0011380380 -0.0841148123 0.0317438990 0.0321624503 0.0008817573 -0.0071597560 0.1880395859 0.0003912223 -0.0429940857 -0.0146842245 0.1457061470 0.0006283551 0.0249558762 -0.0052202828 0.0016945906 0.1860664785 0.1174684465 0.0013116497 -0.0514138564 0.0480662957 -0.0068911226 -0.0007222857 -0.0748446882 -0.0330454968 0.0024202082 0.1744477451 0.0016484933 0.0221035331 0.0013254826 0.1001170203 0.0012204857 -0.0107842544 0.0177039392 0.0044362973 0.0010507943 -0.0040110243 0.0699105114 0.0015294887 0.0414776541 0.0012448940 0.0011444105 0.0526203439 -0.0034387559 -0.4488486052 0.1185389385 0.0402653217 0.0623104610 -0.0129016330 0.0354182944 -0.0841706693 -0.0010351235 -0.0024574217 -0.0045994297 -0.0029461910 -0.0006781837 0.0000962592 0.0009213722 -0.0616408847 0.0375559181 -0.0007854459 -0.0003739146 -0.0004639785 0.0961606130 -0.0002215217 0.0757200718 0.1841165274 0.0438659824 0.1746216118 -0.0046159239 -0.1076146290 -0.0006636914 0.0269032139 0.0359627716 0.0014135657 -0.0155435679 -0.0333703794 0.0017388102 -0.2203504890 0.0435867757 -0.0305728335 0.0651221573 -0.0255781934 -0.0000163326 -0.0004624947 0.0007032308 -0.0374552198 -0.0317691118 0.1588056237 0.0016536296 0.0069155651 0.0722697526 0.0528253540 0.0606529154 0.1773781925 -0.0006410940 -0.0759354085 -0.0019098066 -0.0174503904 0.1591953933 0.0872605219 0.1615741700 0.0280506536 0.0957171991 0.1124160513 -0.0117823780 0.0007214908 0.0256854631 -0.1513909549 0.0279376153 0.1182144806 0.0005126817 0.0015649808 0.0770485252 0.0709228888 -0.0008753716 0.0094572529 -0.0281620733 -0.0028105772 -0.0237848870 -0.0612358674 0.1078237742 0.0589862764 0.0567020848 -0.0023276692 0.0035904620 -0.0010417267 0.0010449484 0.0071322080 0.0014802774 0.0345006809 0.0429974385 -0.0473869368 0.0017002608 0.0002553628 0.0271505658 0.0765449852 0.0011300669 -0.0220307242 0.0539397337 0.0092539173 -0.0624095760 0.0002789985 -0.0017683313 0.0809363946 0.1407803297 0.1187131628 0.1040271446 -0.0190141834 0.0417178869 0.0008302712 0.0010502029 0.0011417508 -0.0009513890 0.0577842221 -0.0277119391 0.1098949611 0.0433143824 -0.0012495368 0.1022288203 -0.0010863994 0.0565423369 -0.0004730847 0.0202264097 -0.0015982437 0.0196756124 0.1176290512 0.0049392730 0.0009138305 -0.0599434935 -0.0549647026 -0.0008166885 0.0811777636 -0.0043350207 -0.0087380949 0.0016703645 0.0489414483 0.0001185137 -0.0644795150 0.0415471494 -0.0011228056 0.1022657752 0.0366624817 -0.0017721519 0.0011493759 0.0982291177 0.1533895582 0.0007642698 -0.0009062279 0.0011181437 -0.0551941544 -0.1535453349 -0.0001944039 0.0421007164 0.0120439809 0.0161559377 -0.0001185693 -0.0486838482 -0.0140704382
-0.0254108608 0.0004554634 0.1506324708 -0.0827257931 0.0013321216 -0.0016780647 -0.0956822187 -0.0491708145 -0.0847576633 -0.0008801972 0.0674445480 -0.0880035013 0.0006405427 -0.0728093386 0.1140834242 0.0000694190 0.0009683893 0.0560968444 0.1442890465 -0.0116458591 0.0744104758 -0.0142942313 -0.0413364843 0.1971739233 0.0014093511 0.0259947553 -0.0010744175 -0.0023107636 -0.4150269628 0.0283141118 -0.0134010464 -0.0212274157 0.0365596004 0.1098739281 0.1469555348 -0.1668903828 0.0688058957 0.0000254918 -0.0010340344 -0.0045870603 0.1598336697 0.0014792464 -0.0007190275 0.0018369727 0.0331781767 0.1373118311 0.0999610648 -0.0109633561 0.0009270154 -0.1759356856 -0.0017064055 -0.0011998983 0.0474738404 -0.0006796240 0.1492242962 0.0786116943 -0.1074022725 0.0866800249 -0.0026181035 -0.0389727056 0.1470336467 0.1555176973 -0.0008313304 0.0414482728 -0.6942797303 0.0001340799 0.0202643648 0.0252154339 0.0671043918 0.0014298067 -0.0962099358 0.0134160174 0.0008270476 -0.0176714491 -0.0233017206 0.1379534006 -0.1071271673 -0.8123055696 0.0257980116 -0.0001871016 0.0612274595 0.0793535113 -0.0277788695 -0.0031978099 -0.0009157349 -0.0698186010 -0.0004735127 0.1576043814 -0.0006373766 0.0024042593 -0.1815082580 0.0713590160 0.0014769987 -0.0032485030 0.0096845357 -0.0014120782 -0.0328674950 -0.0008680269 -0.0007055685 -0.1747796535 -0.0002005469 0.0365115143 0.0744952559 0.1637327075 0.0304737370 0.0087765111 0.0478902943 0.0405714996 0.0001728710 0.1257344484 0.1054512337 -0.0000145482 0.0000144032 0.0015885548 -0.0009518468 -0.0671817958 0.0012258266 -0.0013510732 0.0006462962 -0.0020623843 0.1331885606 -0.0002834337 0.0278123301 0.0821904615 0.0402691402 0.0741282403 -0.4904158115 -0.2692002058 -0.0002236245 -0.0316316485 -0.3177384436 -0.0362006687 0.0424650684 0.1450510621 -0.0003963470 0.0248906538 0.0651232675 0.0255247168 -0.5585138798 0.1465255320 -0.0000453927 -0.0015915328 0.0004772593 0.0698212832 -0.0152175417 0.0449666604 0.0016264132 0.1013718471 -0.1494583935 0.0084667057 0.0680659115 0.0852325559 0.1211182252 0.1256494224 -0.0018203160 0.1198812574 -0.0210219678 -0.0642063469 0.0962395594 -0.1416401714 -0.2088250816 -0.0146812955 0.0364935361 0.0014635060 -0.1575180888 -0.0136077022 -0.0948478281 0.0497026071 0.0007185269 -0.0006890757 0.0088380119 0.0493610092 -0.0007869775 -0.0036391348 -0.1031985879 -0.0013686395 0.0533018634 0.1152407825 -0.0585938916 0.0051588966 -0.0817223489 -0.0017692893 0.0641755909 0.0009856337 0.1357460469 -0.0122221345 0.0012632323 0.1331377923 0.0184800848 0.0884602964 0.0007607602 -0.0001942856 0.2753753662 -0.3164803386 0.0005003429 -0.0031339130 -0.0917600319 0.0855431333 0.0136359250 -0.0001763782 0.0006919370 -0.0125984782 0.1058207974 -0.1018381417 -0.0178086944 0.1191831455 0.1559842229 0.0010586906 0.0003333116 -0.0005848854 0.0000538972 -0.0412780866 0.1310714930 -0.1465874761 -0.2961427271 -0.0000022165 0.0791634545 0.0012671223 -0.2782571912 -0.0011236138 0.0466286987 -0.0005279661 0.1078882664 0.0308791045 0.2477759421 0.0014852263 0.0318182148 -0.0124665378 0.0008248755 -0.0796611309 0.0328225456 -0.0453434475 0.0003286037 0.1323986948 0.0001243728 -0.0159056894 -0.0508144498 -0.0008235256 0.0617612228 0.0785236433 -0.0019702085 -0.0471274257 0.0250329152 0.2468705773 0.0002138113 -0.0007847734 0.0012968036 0.0817383230 0.1695784330 -0.0023390304 -0.1323106587 -0.0347493812 0.0745753497 -0.0008405027 0.1110714972 0.0553287864
-0.0012897297 0.0010048732 -0.0006336126 -0.0017939354 0.0008458308 0.0004381871 -0.0013752059 -0.0026268961 -0.0011567679 0.0010178825 -0.0014848715 -0.0014386708 -0.0004119189 -0.0006329147 -0.0017363888 -0.0009550524 -0.0004957078 -0.0012135911 -0.0008637419 -0.0026661984 -0.0012199036 -0.0019921528 -0.0009037473 0.0004787878 -0.0007643169 -0.0022256554 -0.0005753998 -0.0010948217 -0.0012590083 -0.0012538370 0.0002594454 0.0005671329 -0.0011971265 -0.0011488390 -0.0013133663 -0.0000953371 -0.0005522901 -0.0001155032 -0.0010620811 -0.0012516540 -0.0001880096 0.0008953942 -0.0006096708 0.0001141519 -0.0005443210 -0.0021213833 -0.0017131420 -0.0009853741 -0.0011776888 -0.0013152227 -0.0012812178 -0.0017114660 -0.0013077669 -0.0004793275 -0.0009561310 -0.0015122818 -0.0010834855 -0.0006420875 -0.0008439447 -0.0022369502 0.0008834755 -0.0013312635 0.0006618180 -0.0003296096 0.0006282927 -0.0001248075 -0.0012186292 -0.0006534354 -0.0003887167 -0.0002962083 -0.0008646235 -0.0015232511 -0.0013772491 -0.0004613600 0.0011769845 -0.0004343692 -0.0015876034 -0.0010749620 -0.0026333337 -0.0012700605 -0.0015363386 -0.0014002551 -0.0007064898 0.0002817505 -0.0003467249 0.0012044240 -0.0016972504 0.0009265215 0.0009809849 -0.0018682408 -0.0012667837 -0.0002907231 -0.0005395099 -0.0001942478 0.0004739667 0.0014535325 -0.0012143917 -0.0017153637 -0.0003484869 -0.0008660487 0.0001260705 -0.0013950366 -0.0029871024 0.0005411586 -0.0010906437 0.0005238908 -0.0031900681 -0.0002531751 -0.0001891265 -0.0005556610 -0.0008699030 -0.0005399595 -0.0012400784 0.0007031102 0.0010697613 -0.0012139881 0.0003113127 0.0009712793 -0.0012395973 0.0009304593 -0.0023601975 0.0008918096 -0.0000329743 -0.0010047382 -0.0013371374 -0.0026166327 -0.0007876783 -0.0015383529 -0.0012339191 -0.0013017645 0.0011188226 0.0010675967 -0.0019604841 -0.0021084207 -0.0012041493 -0.0015396829 -0.0002056788 -0.0016084232 0.0008280929 -0.0019064455 0.0009980404 0.0007198612 -0.0012929793 -0.0024595649 -0.0000737426 -0.0019038483 0.0008041280 0.0001887879 0.0011466237 -0.0011652323 0.0000678032 -0.0005729505 0.0010018576 -0.0013274890 0.0010272047 -0.0017550816 -0.0003000735 -0.0016046471 -0.0004465134 0.0002390287 -0.0005871457 -0.0010525852 -0.0001041061 0.0003368413 -0.0005906401 -0.0000670932 -0.0007463163 -0.0008553186 -0.0009905761 0.0010777584 0.0008625198 -0.0005207169 -0.0012953967 -0.0001719642 -0.0003490565 0.0005521774 -0.0019654825 0.0002074809 -0.0004641804 -0.0021624840 0.0010320304 -0.0016212409 -0.0012482720 0.0005930229 -0.0008893991 -0.0015123329 0.0009518637 -0.0013094667 0.0009965253 -0.0018772833 0.0006015651 0.0005860822 0.0007485200 -0.0012040081 -0.0006113314 -0.0010285109 -0.0016833019 -0.0007800178 -0.0012332732 0.0006171747 -0.0009708458 -0.0004753620 -0.0006266419 -0.0008967801 -0.0007886974 -0.0010541556 -0.0010293183 -0.0000787989 0.0002173312 0.0001156949 -0.0011119202 -0.0004909179 -0.0006615583 -0.0007464529 -0.0010661618 -0.0006156920 -0.0026398560 0.0001597162 -0.0011974063 0.0010613134 -0.0027801667 0.0009472034 -0.0021587953 -0.0017045961 -0.0015181854 -0.0015967510 -0.0022482916 -0.0026416909 -0.0016370818 -0.0000610822 0.0005755009 -0.0003271540 -0.0006087133 -0.0000683536 0.0005095572 -0.0006955742 -0.0010327247 -0.0007411817 -0.0011144899 -0.0013993486 0.0001504406 0.0004678090 0.0010081560 0.0002538574 0.0009858980 0.0006075205 0.0011126401 -0.0031902392 -0.0025785537 -0.0010664412 -0.0019659493 -0.0016307747 -0.0007850374 -0.0017227763 -0.0014038822 -0.0003217508
0.1181196347 -0.0012535994 -0.0440546535 0.1761500984 -0.0000346724 0.0001269259 0.2750871181 0.1363898218 0.0395998508 -0.0030640182 0.0144790234 0.0228404626 0.1144854054 0.0855616480 -0.0800882205 -0.0012640859 -0.0007899015 -0.0531348884 0.0269917026 0.2023100406 -0.1801609397 -0.0312086288 0.0251946803 -0.0636709258 -0.0001437472 0.1889402717 0.0000087021 -0.0032648284 0.0481762178 0.0796869099 -0.0096628442 0.0271862000 -0.1688453108 -0.0820286423 -0.1646902114 -0.0539447404 0.1520666331 -0.0001773455 -0.0009850425 -0.0027821341 -0.1066937298 -0.0008192320 0.0020268098 -0.0004150840 -0.1109061614 -0.0774302483 0.0082902890 0.0935453996 0.0011340363 0.1933339983 0.0005000149 0.0008926075 -0.1694568992 0.0012880624 -0.1846904457 -0.1187791005 0.0976073667 0.0690410212 0.0038208389 -0.0099151600 0.0375662185 -0.0892678350 0.0011272348 -0.0656934008 0.2572090626 0.0011755676 0.1585864425 0.0961387306 -0.0293427408 0.0010332223 0.0403920151 -0.0014741200 0.0015038032 0.0517763011 -0.2647406459 -0.4047103226 0.0715543777 -0.2749509513 0.1228899956 -0.0005660732 0.0390953794 -0.1280611306 0.0411341414 0.1865258813 0.0002108198 -0.0566470623 -0.0002652388 0.0533213615 -0.0009619603 0.1218223199 -0.0859370679 0.0807239786 -0.0015941279 0.0037244584 0.0156297535 0.0010355383 -0.1253488511 0.0016739076 0.0001592941 0.0960563645 0.0003836794 -0.0468928814 0.0984680578 0.0315846540 -0.1069829911 0.1295720935 0.0296363849 0.0116139548 -0.0028289924 -0.0249868762 -0.0364324227 -0.0029269243 0.0000881441 0.0008802396 -0.0004807044 -1.0420656204 -0.1237526014 0.0021217344 -0.0011627487 0.0018506848 -0.1537649632 -0.0001769875 -0.0589116439 0.1458877474 -0.0120119806 0.1309752464 -0.0263398513 -0.1566410214 -0.0014600549 -0.1087675467 0.0312410295 0.0481144376 0.0596724413 -0.1140702441 0.0007172364 -0.4354932606 -0.0216249153 -0.1139462367 -0.0166412722 -0.2754635215 -0.0002008661 -0.0027961554 -0.0001588142 0.0690709203 0.0427474380 0.0582237989 -0.0010442556 -0.1304025352 -0.2716741264 0.0026829261 -0.2987611890 0.1276699305 0.0868987292 -0.4710800648 -0.0006503914 0.0465152338 0.1834667474 -0.0575143434 -0.0438125916 -0.0032304663 0.0836870968 0.1127412245 0.0389411859 0.0002961038 0.1548863351 -0.0216784049 0.1177093014 0.1587542444 0.0025310908 0.0003256018 -0.1988146454 -0.2707024217 0.0005984895 0.0327974893 0.0605970621 0.0019804353 0.0253846664 -0.2544692457 0.1329897642 -0.1377698928 0.1041667238 -0.0034585467 -0.0293015111 -0.0039306576 -0.1233373433 -0.1507722437 0.0007278477 -0.0787768289 -0.0437842794 -0.0274072029 -0.0011426560 0.0011390315 0.0435973182 0.1484638900 0.0012279297 -0.0009149177 -0.1985985637 -0.1273732334 -0.1480855495 0.0014631806 0.0037098040 0.0848272294 -0.1408245116 -0.0416686088 0.0908050016 0.0798966810 -0.0416033044 0.0013461962 -0.0011351334 -0.0009841600 -0.0006922244 0.1144673005 0.0490094647 -0.0702050999 0.0692267939 0.0001157958 0.0577075668 -0.0009475696 -0.0425760783 0.0000937094 -0.1035228074 0.0018310065 -0.0145298596 -0.1918031275 -0.0403682776 -0.0010363271 0.0426306427 -0.0493449420 -0.0000227849 0.1521985382 0.0251352061 -0.0314079076 -0.0014947548 0.0322107486 0.0009383680 0.1489277780 -0.2020115703 0.0029795312 0.0158007666 0.0816687047 0.0022813841 -0.0279707573 -0.1094889641 -0.2825471461 0.0010830155 -0.0008002864 0.0003695078 0.0863900036 -0.0402567536 -0.0017518164 -0.0509493276 -0.0030069496 -0.2419826537 0.0010525273 0.0073984559 -0.0934125409
0.0007467641 -0.0011880071 -0.0038647715 -0.0049554165 0.0005077210 0.0001310809 0.0006669436 -0.0041680490 -0.0005400573 -0.0010426617 -0.0001345367 -0.0017024864 -0.0020155909 -0.0014241874 -0.0029343457 0.0011113029 -0.0000402626 -0.0056390264 -0.0014037365 -0.0030970741 0.0002706506 0.0001017025 -0.0026314158 -0.0016338025 -0.0013936013 -0.0001507279 -0.0009085669 -0.0002437479 0.0001545256 -0.0023126318 -0.0001447521 -0.0002515440 -0.0011923559 -0.0004487664 -0.0054302481 -0.0008258218 -0.0052738236 -0.0014307216 0.0011292604 0.0010109493 -0.0051115192 0.0009248768 0.0005235603 -0.0001818070 -0.0006625614 -0.0044321460 -0.0055970312 -0.0037019958 0.0010470103 0.0004265425 -0.0016160669 -0.0004002252 -0.0041191545 -0.0011917911 0.0001189751 0.0012019435 0.0005421683 -0.0024687506 0.0012475367 -0.0016739550 -0.0006481007 -0.0033343351 0.0003025124 -0.0017578962 -0.0017098030 -0.0006697258 -0.0053604119 -0.0032937084 -0.0039730896 0.0011833527 -0.0005519133 -0.0009477181 -0.0017318772 -0.0024189716 0.0013339341 -0.0010679180 -0.0011918416 0.0010331860 -0.0045121084 0.0007701026 -0.0013576323 -0.0014339840 -0.0034268124 -0.0000026710 -0.0004982150 0.0006676278 -0.0010831644 0.0014393183 -0.0016183610 -0.0018811014 -0.0026963868 -0.0043241768 0.0014083232 -0.0003959236 -0.0001673524 -0.0011791458 -0.0040140636 0.0013515934 -0.0014617980 -0.0001816281 -0.0014000940 -0.0043473644 -0.0047462233 -0.0004780085 -0.0048341053 -0.0007026893 -0.0026172968 -0.0022840349 -0.0005546198 -0.0010571622 -0.0037115747 -0.0003748968 0.0006564615 -0.0006581034 0.0006694983 -0.0002873979 -0.0020654446 -0.0014518189 0.0008870557 0.0000246851 -0.0008855473 0.0005420767 0.0001277751 -0.0055546346 -0.0015076736 -0.0027132947 -0.0006630113 0.0002822341 -0.0013267673 0.0001340012 0.0004697307 0.0006122402 -0.0047407011 -0.0070379674 -0.0000879742 -0.0001283740 -0.0033018619 -0.0008365419 -0.0005540777 -0.0048806579 -0.0000644648 -0.0008707194 -0.0000674720 -0.0057630409 -0.0013072329 -0.0024361303 -0.0017450615 -0.0048196753 0.0012351682 -0.0038552072 0.0009758832 -0.0030995121 0.0008791226 -0.0045173713 -0.0006387514 -0.0007826354 -0.0005612131 -0.0005721027 0.0010114590 -0.0013480126 0.0006627989 0.0001114546 -0.0033348687 -0.0003990697 0.0001066231 -0.0037667637 -0.0018779644 -0.0051253238 -0.0006841955 0.0011584619 -0.0028892842 -0.0032447225 -0.0013932997 0.0007449500 -0.0004917128 0.0002978330 -0.0047831484 -0.0026846214 0.0002407072 -0.0008365157 -0.0009629814 0.0009616520 -0.0042812615 -0.0001748728 -0.0042416393 -0.0007547976 -0.0012524879 -0.0015500345 -0.0002489433 -0.0048216670 -0.0015364282 -0.0013797326 -0.0016196579 0.0005123381 -0.0006780146 -0.0007530714 -0.0011386846 -0.0000296481 -0.0005007702 0.0005492999 -0.0007497172 -0.0009848359 -0.0018636886 0.0002163928 -0.0007212470 -0.0042731771 -0.0045946091 -0.0013743677 -0.0009387110 0.0000855519 -0.0002414237 -0.0022835734 -0.0019274798 -0.0009279486 -0.0009406608 -0.0008860415 -0.0037299993 0.0011852557 -0.0023722791 0.0006991887 -0.0021809626 -0.0016242594 -0.0032862721 0.0001714739 -0.0015877746 -0.0001823148 -0.0053708642 -0.0049490100 0.0010383584 0.0011963319 -0.0021086242 -0.0029534365 0.0002950635 -0.0026315635 0.0001349010 -0.0050461181 -0.0009591378 0.0001455656 -0.0028382456 -0.0049421173 -0.0000247634 -0.0014651209 -0.0028057224 -0.0008960647 -0.0016839982 -0.0003752101 0.0005058804 -0.0043434589 -0.0053667943 -0.0015007902 0.0011396633 -0.0017864048 -0.0050519165 0.0000302307 -0.0044304868 -0.0029747165
-0.0021322398 0.0009408182 -0.0016327986 -0.0001932269 -0.0003436902 0.0014568864 -0.0000715421 -0.0015319849 -0.0014626877 0.0002357770 -0.0012699835 -0.0003267031 -0.0005668164 0.0001848645 -0.0010671760 -0.0013114675 -0.0007045587 -0.0026575709 -0.0000049616 -0.0012947670 -0.0009164563 0.0005243772 -0.0016337378 -0.0009315829 -0.0013120639 0.0000439190 -0.0011487685 0.0011861454 -0.0010223828 -0.0028842157 -0.0008141864 -0.0010288105 0.0003079526 -0.0017628416 -0.0017058654 -0.0017986896 0.0002061825 -0.0006971801 0.0004663742 -0.0015810091 -0.0024241088 0.0009372530 -0.0015856511 0.0005429903 -0.0031223439 -0.0025305210 -0.0008179899 -0.0010959849 -0.0014674234 -0.0006629808 -0.0012647026 -0.0011232119 0.0003919392 -0.0014121837 -0.0027129729 -0.0016884545 -0.0013817464 -0.0006996847 -0.0018357382 -0.0000161149 -0.0003515672 -0.0001582083 -0.0004229602 -0.0014205520 -0.0008006072 -0.0002089225 0.0002276568 -0.0007566330 0.0005760179 0.0003307308 -0.0020403424 -0.0004127219 0.0000673958 -0.0023100893 -0.0017496635 -0.0004221117 -0.0021614765 -0.0012938031 -0.0007849330 -0.0011433096 -0.0010653052 -0.0011429369 -0.0008076620 -0.0014380524 -0.0012617921 -0.0006159615 -0.0002255312 -0.0000311574 -0.0006158451 -0.0023229900 -0.0013951728 -0.0017807607 -0.0016542847 -0.0015998519 -0.0001155336 0.0001611117 -0.0021074621 -0.0004748999 -0.0004044909 -0.0006386189 0.0008859017 -0.0002271633 -0.0013210156 -0.0014010584 -0.0009500622 -0.0018434110 -0.0007573391 -0.0005944611 0.0005191812 -0.0027481269 -0.0006691368 -0.0018256485 -0.0013928119 -0.0016080040 -0.0000831011 -0.0020944146 -0.0003591358 0.0001296249 -0.0011019757 -0.0011574236 -0.0010964766 -0.0014302004 -0.0021374680 -0.0024336185 -0.0005586817 -0.0020160303 -0.0006574997 -0.0024242718 0.0007925930 -0.0006423178 -0.0014215703 -0.0024229672 0.0001538772 0.0003821833 0.0000378948 -0.0011684266 -0.0018189098 -0.0010198524 -0.0001420768 -0.0013578209 -0.0011752938 0.0008477456 0.0002108856 0.0004025492 -0.0005140845 -0.0013792153 0.0002730296 0.0000106884 -0.0009759030 -0.0022064045 -0.0016750743 -0.0024863230 -0.0007039420 -0.0006793334 -0.0004102108 -0.0002678935 -0.0023004103 -0.0008608922 -0.0027845965 0.0002191430 -0.0002775470 -0.0001755110 -0.0004901605 -0.0007644133 -0.0025921755 -0.0005243686 -0.0013750836 -0.0013919207 -0.0013082621 -0.0009911298 -0.0022676345 0.0000093918 -0.0014970482 -0.0013716160 -0.0003462291 -0.0000273970 -0.0002894186 -0.0011166383 -0.0001843044 -0.0002646969 -0.0014984938 -0.0013256662 0.0000533094 -0.0009647570 -0.0015729060 0.0000419034 -0.0008670941 -0.0011586704 -0.0013822906 -0.0010831876 -0.0016024809 0.0002244715 -0.0019141972 -0.0020854999 -0.0006424004 0.0008670616 -0.0019004684 -0.0002700574 -0.0002478014 -0.0014668204 0.0007702541 -0.0003165141 -0.0024726726 -0.0027067775 -0.0024490408 -0.0006225257 -0.0000580022 -0.0013654110 -0.0002121072 -0.0009587618 -0.0002598710 -0.0024918248 -0.0011304755 -0.0016192031 -0.0014653292 0.0004901376 -0.0012000636 0.0003541604 -0.0008115980 -0.0000379236 -0.0023005335 0.0003069949 -0.0016490223 -0.0015743253 -0.0027194535 0.0008304619 -0.0004033464 0.0003390247 0.0009764029 -0.0000939312 -0.0000744097 -0.0010924434 0.0007588249 -0.0025051623 -0.0013065564 -0.0012795884 -0.0005381507 0.0011267094 -0.0015564121 -0.0007468332 -0.0002316528 -0.0024388959 -0.0018157706 -0.0016568127 -0.0006597777 -0.0011526385 -0.0004308402 -0.0009557799 0.0001936103 -0.0016459861 -0.0020011077 -0.0010278859 0.0004158878 -0.0012355477 0.0001332548 -0.0013193376
-0.0023503497 -0.0014307685 -0.0001912194 -0.0012158739 -0.0012385822 0.0003644786 0.0004734956 -0.0008824965 0.0000393637 -0.0006524457 -0.0003165412 -0.0014574205 0.0006830444 -0.0005674498 -0.0006482583 -0.0005817903 -0.0007159861 0.0006191261 -0.0018267096 -0.0013279658 -0.0002671427 0.0007513620 -0.0025121113 -0.0006428483 0.0011170978 -0.0018726023 -0.0013093962 -0.0008013370 -0.0006934168 -0.0008902245 -0.0013707670 -0.0009304266 -0.0012187961 -0.0002733921 -0.0002389380 -0.0016539090 -0.0014160941 -0.0000250137 -0.0003326717 0.0011101435 -0.0019083333 -0.0000063742 -0.0017430569 0.0007420885 -0.0013895863 -0.0009269229 0.0006215106 -0.0017781388 -0.0002101510 -0.0011703932 0.0001684547 -0.0005308888 -0.0006322836 -0.0002982063 0.0010998236 0.0005940946 -0.0007562093 -0.0010560616 -0.0008700433 -0.0001514049 0.0009605316 -0.0014450027 0.0005535156 0.0009645108 -0.0004350861 -0.0005948285 -0.0012512755 0.0009170875 -0.0011342481 0.0011394934 -0.0012716450 -0.0008321129 0.0008129908 -0.0016054307 -0.0016302171 -0.0016677189 -0.0004521610 -0.0019923821 -0.0004227909 0.0010878386 -0.0008826329 -0.0015601326 -0.0028706377 0.0009015337 0.0003178862 0.0007414987 0.0002130768 -0.0001011160 -0.0000457457 -0.0003720240 -0.0017687777 -0.0009368469 -0.0010512882 0.0010140623 -0.0023041109 0.0001684756 0.0006978703 -0.0012839290 -0.0004158193 0.0010012228 -0.0013733815 -0.0015788093 -0.0038466421 0.0005735729 0.0010480001 -0.0026361689 -0.0007319384 -0.0021410247 0.0007548204 -0.0003943635 0.0002344865 -0.0002425862 -0.0017844663 -0.0012645433 -0.0002653620 -0.0007182815 -0.0002517528 0.0003554208 -0.0014661497 -0.0016266335 -0.0012897635 0.0003753852 0.0000063868 -0.0018578774 -0.0013593337 -0.0028961331 -0.0001406996 -0.0017103855 0.0005153810 -0.0014560445 -0.0004255082 -0.0000865364 -0.0033700278 -0.0018171243 -0.0001650753 -0.0013244286 -0.0006230724 -0.0023819902 -0.0025295257 -0.0017691038 -0.0010815533 0.0002319906 0.0001640193 -0.0003249581 -0.0000352191 -0.0021238467 0.0004309199 -0.0000822512 -0.0010026868 -0.0010334640 -0.0004157597 -0.0019136239 -0.0003608514 0.0001955955 -0.0015210095 -0.0001942274 -0.0006637042 -0.0007733521 -0.0002394057 -0.0007568996 -0.0028801737 -0.0002688713 -0.0030599572 -0.0017652791 -0.0011773155 -0.0004996456 -0.0013640530 -0.0009261141 -0.0008873344 -0.0008041110 -0.0009853332 -0.0018373427 0.0000368544 -0.0031253896 -0.0017485027 0.0000637338 -0.0009693404 0.0009433590 -0.0012036961 -0.0018730913 0.0011689063 -0.0002446005 -0.0020853740 -0.0006203938 -0.0010713126 -0.0022691034 -0.0004216167 -0.0009431432 -0.0000456789 -0.0014064816 -0.0000280134 -0.0008450464 0.0005564170 -0.0007043721 -0.0008140655 0.0011651213 -0.0012167861 0.0000456462 -0.0013637833 0.0000421525 -0.0011906251 -0.0016861591 -0.0018538029 -0.0015438112 -0.0016895592 -0.0014695008 -0.0004370288 -0.0012257936 -0.0015294425 -0.0004310505 -0.0008070501 -0.0014510324 -0.0015702647 -0.0001858069 -0.0001478563 -0.0014125870 -0.0000507875 0.0005078021 -0.0003076233 0.0008691680 -0.0002446462 -0.0009372604 0.0000690848 0.0001999361 -0.0011881755 0.0008092427 -0.0013682357 -0.0006456839 0.0001294665 -0.0014824559 -0.0015064554 -0.0011544419 -0.0012998899 -0.0002239744 0.0009490598 -0.0009864934 -0.0010747971 -0.0011873472 -0.0016792648 -0.0021754294 -0.0015728204 -0.0012600265 -0.0012667604 -0.0007212699 0.0009028753 0.0000615761 -0.0005670948 -0.0004001932 -0.0014073594 -0.0000051587 -0.0009675310 -0.0003589752 -0.0013026420 0.0000775356 -0.0011107661 0.0007607620
0.0010583200 0.0011972931 -0.0014149102 -0.0009160188 0.0007121312 0.0003475588 -0.0005372653 0.0000228382 -0.0000145048 0.0006955925 -0.0017536193 0.0009074684 -0.0010771010 -0.0000650300 0.0002001479 -0.0013483940 -0.0001331144 0.0000852875 -0.0011938054 0.0008178894 0.0010998222 -0.0007768986 0.0006671844 -0.0016876616 -0.0010092286 0.0004502467 -0.0015345849 0.0009716122 -0.0016719247 0.0004296849 -0.0001519061 -0.0001048896 -0.0015655956 -0.0002205468 -0.0013542013 -0.0017103996 -0.0015756201 -0.0006184265 0.0010857814 -0.0006681081 -0.0016191099 0.0001875509 -0.0003636892 -0.0010929438 -0.0002321676 0.0008626776 -0.0016201145 0.0002002789 -0.0004192984 -0.0010336244 0.0005005794 0.0009019360 -0.0001560532 0.0000188482 -0.0000433712 0.0000140548 -0.0000982431 0.0004868219 -0.0009515064 -0.0012459587 0.0002652456 -0.0006947143 -0.0003552751 -0.0000193682 -0.0005153868 -0.0018037373 -0.0010433937 -0.0012051078 0.0008567364 -0.0002197537 -0.0002947193 0.0004411247 0.0005914185 0.0003137366 -0.0006232178 0.0010855201 0.0007876156 -0.0007412283 -0.0008020810 -0.0007377694 -0.0009051205 0.0009381390 0.0001428306 -0.0010882772 -0.0002342598 0.0000800880 -0.0000657226 0.0002168397 -0.0002832155 -0.0003664725 0.0005513955 -0.0018977085 -0.0010113544 -0.0014740977 0.0011153906 0.0008455534 0.0000560654 0.0007824962 -0.0000865173 -0.0017259780 -0.0013615920 -0.0010498057 -0.0016704414 -0.0017307369 -0.0010646824 -0.0016505007 -0.0013721543 0.0009148644 0.0014932796 -0.0012992531 -0.0010821043 0.0006544575 0.0008060196 0.0002886454 -0.0000158263 0.0010450425 -0.0003505662 0.0002509710 -0.0012450512 0.0009734964 -0.0015399178 0.0003480010 -0.0013399038 -0.0002427129 -0.0008670919 -0.0002614264 0.0003551664 -0.0012575400 -0.0016083206 0.0004692651 0.0007993195 0.0004450728 0.0013799894 0.0005942325 -0.0007450260 -0.0004961400 0.0011163799 0.0010661441 -0.0012555057 0.0007903843 0.0006848891 0.0000538155 -0.0002849320 -0.0005955547 -0.0013527106 -0.0010577525 0.0000404959 0.0001798287 -0.0003653933 -0.0018635135 -0.0014940489 -0.0001236420 0.0009159717 -0.0000769281 0.0006410023 -0.0013782192 -0.0009891774 -0.0003275536 -0.0016159457 0.0002773044 -0.0005968658 -0.0012943615 -0.0003059878 -0.0013736703 -0.0013805653 0.0011217203 -0.0017815089 -0.0017026039 0.0007184250 0.0003274282 -0.0005273420 0.0006160809 -0.0005459911 -0.0009803872 0.0004001542 -0.0004839613 -0.0004721338 0.0004888410 -0.0009940215 -0.0011127385 -0.0002371831 0.0000534225 0.0002834247 -0.0002663639 0.0008948398 0.0007531181 0.0004812505 -0.0002497579 0.0003130134 -0.0001006115 0.0009202104 0.0012076421 -0.0012809804 -0.0017514596 -0.0010728386 0.0012070382 0.0009254391 -0.0014163320 0.0009772192 0.0003810083 -0.0002975511 -0.0000239746 -0.0008033921 0.0010971819 -0.0015449271 -0.0005147803 0.0007065415 0.0012128688 -0.0001891491 -0.0001797703 -0.0011406660 -0.0016451060 -0.0018757606 0.0004103257 0.0000471454 0.0000878829 -0.0014879494 0.0010562255 0.0004108688 0.0011497580 0.0000720084 -0.0014766199 0.0005219721 -0.0004091896 -0.0001019584 0.0000374042 0.0010362657 -0.0008552755 -0.0012454623 -0.0018688034 -0.0007247099 -0.0017753430 -0.0002140108 -0.0018518568 0.0007662107 -0.0018228339 0.0004624745 0.0008750592 0.0011241187 -0.0015893847 0.0005689277 -0.0017529628 0.0005167458 -0.0018207580 -0.0014037100 -0.0012389945 -0.0003738664 -0.0012179482 0.0009269497 -0.0016376140 -0.0002787617 -0.0010349025 -0.0012322710 0.0011260695 -0.0002950402 -0.0008215252
-0.0005561985 0.0002198977 -0.0002829707 0.0005025766 0.0009373280 -0.0014889415 -0.0003679812 -0.0008570272 0.0007535573 0.0000941316 -0.0019414808 -0.0007877177 -0.0013453775 0.0002420099 -0.0006706103 -0.0010652491 -0.0015471567 0.0007006564 0.0001990221 0.0006636342 -0.0009367413 0.0002239432 0.0004529736 -0.0012764949 0.0002414958 -0.0013516968 -0.0000509620 -0.0012660392 0.0001479932 -0.0009667029 -0.0005228389 0.0002424717 -0.0007517677 -0.0017888907 -0.0012152111 -0.0002265791 -0.0002249374 0.0004983207 -0.0011782034 0.0000335800 -0.0009568291 -0.0003774248 -0.0001211436 0.0011609828 -0.0018566287 -0.0016548055 0.0000950541 -0.0009801678 -0.0005007314 0.0006891416 0.0006549453 -0.0017707383 0.0009295751 0.0004642133 -0.0006569889 -0.0007071409 0.0000660375 0.0000887540 -0.0000366545 0.0001401669 -0.0007622015 0.0006206484 0.0005505087 0.0007976983 -0.0005573955 -0.0011374557 -0.0013982671 0.0009692709 -0.0015037337 0.0008667070 0.0004522240 0.0010251441 -0.0015827263 -0.0015621114 -0.0005700491 -0.0003560010 0.0002340396 -0.0011349223 0.0009770899 -0.0006868773 0.0004462470 0.0001709993 -0.0005965878 0.0009777524 0.0014453214 -0.0011256618 -0.0012105213 -0.0007495013 -0.0001288893 0.0002347718 -0.0015228408 0.0002483606 0.0004678803 -0.0011006341 -0.0012003116 0.0006654852 -0.0002378737 -0.0000338376 0.0001125890 0.0009379005 0.0001753074 -0.0017583057 0.0004005871 0.0000385160 0.0001902088 -0.0003313593 -0.0010635878 -0.0016039173 -0.0003672203 -0.0016640130 -0.0010930764 -0.0000171370 -0.0011744850 -0.0000753178 0.0005035158 -0.0018530875 0.0005400850 -0.0016188944 -0.0005069145 0.0004927618 0.0005709766 -0.0009472955 0.0010432062 -0.0004334289 -0.0011618336 -0.0014061676 -0.0017217888 -0.0002877823 -0.0007381020 0.0006374344 -0.0007037047 -0.0018570831 -0.0013056593 -0.0009261698 -0.0005432868 -0.0003353107 -0.0017709667 -0.0010725873 0.0001538277 -0.0016463305 0.0004065826 0.0002317922 -0.0005111454 -0.0010214634 -0.0013434443 -0.0006779215 -0.0001566031 0.0008176277 0.0001922547 -0.0009379828 -0.0009260993 -0.0001007040 -0.0015718706 -0.0018273452 -0.0016381638 0.0008716053 0.0007114177 -0.0002726075 -0.0005465982 -0.0006958544 0.0004779270 0.0007091681 0.0006373108 -0.0009872824 -0.0014017702 -0.0015405698 -0.0003325917 -0.0019314619 0.0008526763 -0.0011205284 -0.0008130652 -0.0010021216 0.0004178323 -0.0015984919 -0.0005060204 -0.0010497997 -0.0008843538 -0.0008211506 0.0008037227 -0.0014556097 0.0009164841 -0.0004162256 -0.0004660291 -0.0003564825 0.0005983488 -0.0000688887 -0.0012098112 -0.0001856940 -0.0001555135 0.0008520773 -0.0005675993 0.0001789167 0.0002633135 0.0010456012 0.0002989427 -0.0016772907 0.0005751582 -0.0011433184 0.0004753542 -0.0016850801 0.0007419210 -0.0005226162 -0.0002986186 -0.0001770906 -0.0010688738 -0.0003018163 0.0010326760 0.0007721171 -0.0009285391 -0.0003985362 -0.0002418554 -0.0001768158 0.0009327356 -0.0004902399 -0.0004662199 -0.0002272958 -0.0016249366 -0.0009154842 -0.0003870638 -0.0016575152 -0.0014613055 0.0008592571 -0.0001909802 -0.0014400245 -0.0008846635 -0.0009995883 -0.0008309974 0.0006128798 0.0004776690 -0.0000097174 0.0003247160 0.0005596337 0.0000284720 0.0003030087 -0.0000833261 -0.0015378834 0.0001035369 0.0001626262 0.0005545189 0.0004997768 -0.0016306621 -0.0017536069 -0.0010874377 -0.0015886067 -0.0013650897 0.0011539729 -0.0002151556 -0.0007951416 -0.0002609877 0.0000656960 -0.0018919471 -0.0012900671 0.0002567594 -0.0010387051 -0.0006397681 0.0008617584
0.0005210338 -0.0012785189 0.0000720903 -0.0014624919 0.0000810281 -0.0009837770 -0.0017404315 -0.0017350374 -0.0018590944 -0.0001207378 -0.0007195762 -0.0015210035 0.0010211408 -0.0014168719 -0.0016934485 0.0014720632 0.0010348072 -0.0001417095 0.0005827603 -0.0014746172 0.0002777099 -0.0009179797 -0.0012858541 -0.0013337344 0.0000147129 -0.0012837037 -0.0003102069 0.0012527819 -0.0009136139 0.0004583303 -0.0002164637 -0.0002944759 0.0004655218 0.0003176014 0.0005480767 0.0009181573 0.0003752097 -0.0004119542 -0.0008057203 -0.0007746892 -0.0006622361 -0.0010399995 -0.0000641241 -0.0003671474 -0.0002713637 -0.0005186607 0.0001157267 -0.0003612035 -0.0003829038 -0.0002280712 -0.0002914548 0.0008949623 -0.0008935023 -0.0006246411 0.0001876046 0.0002036916 -0.0004264605 -0.0010669903 0.0011058452 0.0007570870 -0.0007344474 0.0003737338 -0.0005246424 -0.0000125759 -0.0013696610 0.0002039940 -0.0006384908 -0.0005978495 0.0010268973 0.0004287180 -0.0007301113 0.0012321095 0.0002395895 -0.0004192228 -0.0004598936 -0.0004430006 -0.0009832892 0.0003479706 -0.0008627179 -0.0001684144 -0.0004581547 0.0004191509 -0.0007463035 -0.0013250769 -0.0001136846 -0.0012424709 -0.0010331398 -0.0003813454 -0.0010325417 -0.0005391821 -0.0007159103 -0.0003778617 0.0011765399 -0.0010758586 0.0014479903 0.0007697744 0.0011227825 -0.0014096732 0.0009553189 -0.0013427519 -0.0003924795 -0.0002146418 -0.0006821726 0.0011111960 -0.0012440477 0.0010518013 -0.0012512638 -0.0012930715 -0.0012350280 -0.0012916335 -0.0002210740 -0.0004880017 0.0002458297 0.0008596583 -0.0008325485 0.0007347154 -0.0001338120 0.0002569699 0.0012687107 -0.0001754825 -0.0000758833 0.0010073931 0.0005567999 0.0002420467 0.0000924420 0.0002429315 -0.0012330493 -0.0015452987 0.0002767663 -0.0005358169 -0.0009111246 0.0008389642 -0.0004568369 -0.0011958908 -0.0014592920 -0.0000787402 0.0005710774 -0.0015893261 -0.0016961552 -0.0008963349 -0.0009119974 0.0005852913 -0.0003931281 0.0003662301 -0.0003116069 -0.0007460883 -0.0013628392 0.0006971268 0.0005255977 0.0006400605 -0.0011166729 -0.0008761568 -0.0001668922 -0.0016798432 -0.0004980193 0.0008027668 -0.0007862032 0.0010739944 0.0006001439 -0.0016276540 0.0005901071 -0.0007065182 0.0010587175 0.0010521294 0.0003209256 -0.0010138352 -0.0008530666 -0.0012510635 0.0006353024 0.0010039473 -0.0005972935 0.0007586417 0.0002939398 0.0001533108 0.0004680349 -0.0000297823 -0.0013691441 -0.0014432203 -0.0011442422 0.0012314185 -0.0010700526 0.0003357182 -0.0007039431 -0.0009711848 0.0006439681 -0.0000780907 0.0005293491 -0.0003090915 -0.0017496814 0.0001956813 0.0010625763 0.0007820409 -0.0008322010 -0.0010235532 0.0007072334 0.0003495189 -0.0004606190 0.0000090107 -0.0000507552 -0.0010491199 0.0006285976 -0.0005124097 0.0001020006 0.0002557378 0.0000981347 0.0008936696 -0.0003708061 -0.0010874841 0.0001964761 -0.0013453503 -0.0014050475 -0.0014460224 0.0002613674 -0.0013808513 0.0008493759 -0.0010144376 -0.0000559571 0.0004227195 -0.0016439158 0.0002886865 0.0002694781 -0.0009035558 -0.0005667360 -0.0002910385 -0.0011739330 0.0005832941 0.0010874961 -0.0013428280 0.0004484743 -0.0013745066 -0.0005646827 0.0011210378 0.0011145597 0.0010509257 -0.0003411240 0.0008693029 0.0004662276 -0.0013030625 0.0001024589 -0.0015399372 -0.0001390197 0.0006760146 -0.0000313938 -0.0014574596 -0.0009489791 -0.0005372818 0.0000682041 0.0013002874 -0.0000305150 -0.0010779834 -0.0015445714 -0.0001865014 -0.0007605989 0.0000921053 -0.0014659703 -0.0007696566
-0.1844624132 -0.0000939740 -0.4175916910 0.1657572538 -0.0001800667 -0.0011404500 0.0863957182 -0.0046680653 0.1296666861 -0.0029065392 0.3614098132 -0.1515102386 -0.0279428270 -0.0373586379 -0.1244954914 -0.0006310689 -0.0003802546 -0.2285077572 -0.1099680960 0.1114222184 0.1338703781 0.3806948662 -0.0697896630 -0.1236848533 0.0006856255 -0.0455075167 -0.0006906152 -0.0027490144 -0.0225275420 -0.1626925766 -0.0910403505 0.0185766220 -0.0300909579 -0.6293002367 0.2348643988 0.9116277099 0.0052175415 -0.0012716119 -0.0003457764 -0.0024618043 -0.2474656701 0.0010607458 -0.0032084130 0.0004074580 0.2380788028 -0.3467863202 0.1283390075 0.3669072390 0.0029314857 0.2705050111 0.0007655479 0.0006254768 0.2255096287 -0.0008009855 -0.2996453047 -0.1643467546 0.0013024318 0.1364353150 -0.0019347843 -0.0099994214 0.1865693480 -0.2376099229 -0.0001186533 0.0547570027 -0.2388340086 -0.0009655038 0.1404685229 0.2337712497 -0.5137661099 0.0000805514 -0.0587482676 -0.0618046932 0.0006270856 0.0193770416 -1.1056145430 0.0275131520 -0.7416595817 -0.0606984422 -0.2036202699 -0.0006200636 0.0590277985 -0.0467587188 -0.0942143723 -0.2045338005 0.0018064072 -0.4189096391 -0.0001359275 -0.0482416749 0.0018029461 0.0923622102 0.0807806775 -0.0650217831 0.0011681587 -0.0044816812 -0.4330393076 -0.0015863542 0.1204755157 0.0005421749 0.0016290905 0.3359179795 -0.0002767071 -0.2413118333 -0.0051517421 0.1862282455 -0.4220616221 0.3845251203 -0.0721845105 0.0346037745 0.0016561527 -0.1093674153 -0.3483897150 0.0011950419 0.0016379437 0.0000284595 0.0015969629 0.8172510862 0.2312791348 -0.0020605058 0.0003630663 -0.0016633180 -0.1867921501 -0.0011778033 0.0055079097 -0.0032468126 0.0668021888 -0.0290906113 -0.2345256656 0.3637978137 0.0003363352 0.0142159499 0.0694542974 -0.0734802857 0.0054464587 0.1787671298 -0.0008818111 -0.4668315351 -0.1063825339 -0.0260852929 0.0822362378 0.0524788909 -0.0002229004 -0.0018657908 0.0001801889 0.0789195225 0.0923960283 -0.0998833925 0.0003501275 -0.0684531704 -0.4527797699 0.1426355094 -0.3923664987 -0.0118434178 -0.0992904678 -0.0874858201 0.0005187708 0.0028753369 -0.0667055473 -0.2593744695 -0.3992173374 0.0535685085 -0.0004165183 0.1158723980 -0.1510540843 -0.0004807778 -0.6136593223 0.4455353916 0.1991817951 -0.0275470559 -0.0010215021 0.0010099745 -0.4810179174 1.3765172958 0.0012271276 0.2201898843 0.0401075333 -0.0013481715 0.0235165320 -0.1503285319 -0.1502309293 -4.6114735603 -0.1967581958 -0.0021501887 -0.3805999756 -0.0004957002 -0.0291007254 -0.0031401324 -0.0010181399 -0.0840627477 0.3120236397 0.2513158917 -0.0000110310 -0.0007501052 0.0572449714 0.1016718894 0.0004335395 -0.0202781484 -2.0915734768 -0.6967946291 0.5915636420 0.0012067073 -0.0024363971 0.0473671407 -0.4042865038 0.0980708078 0.0259526800 -0.1790806353 -0.2495848089 0.0013252695 0.0006043740 -0.0010874212 -0.0019582585 0.1389569044 -0.0506228134 0.1103304625 0.2306076735 -0.0004789035 0.0429168046 -0.0007288540 -0.2822412252 0.0003538266 -0.3524064720 0.0010404778 -0.4597671032 -0.3217508495 -1.5810499191 -0.0008134880 -0.2416546494 -0.1839468032 0.0003999564 0.0314133577 0.1949793845 -0.0496835522 0.0001840512 -0.1800168604 0.0004126537 0.1094046161 -0.1326095909 0.0003794552 -0.0998177826 0.0743574724 -0.0025473190 -0.1706356704 0.8867303133 -0.3821126223 0.0006776424 -0.0007713058 -0.0001203671 -0.3625272512 0.2690546215 -0.0024604443 -0.4530650675 -0.0012423001 -0.3087161183 0.0002409202 -0.3922613859 -0.5559666753
0.0004934118 -0.0014876901 0.0001506946 -0.0005646685 0.0009213823 0.0009133440 0.0005407664 -0.0009706149 0.0005006351 -0.0007790894 -0.0001178700 0.0006832718 0.0002127964 -0.0006186814 -0.0000786862 -0.0001155913 -0.0010289692 0.0007203665 0.0008524617 0.0005693533 0.0002631219 -0.0001155210 -0.0018310633 -0.0017294799 -0.0004486130 -0.0011144300 -0.0017607874 0.0004222220 0.0009555618 -0.0019054411 -0.0013186098 -0.0003002716 0.0001907943 0.0003759279 -0.0011368267 0.0009093678 -0.0000726911 0.0005976637 -0.0004364871 -0.0005493831 -0.0005883435 0.0004225401 -0.0013737115 -0.0000477090 0.0003460178 -0.0018628775 -0.0008393186 -0.0000182277 -0.0000707677 0.0007434952 0.0004772921 -0.0003731568 -0.0004592219 0.0001229302 -0.0007266928 0.0003340553 -0.0004957411 0.0011272366 0.0010268650 0.0008709881 -0.0012868645 0.0003728998 0.0004321849 0.0004236558 -0.0002440285 -0.0007079121 0.0004348663 0.0007020549 -0.0010887829 -0.0008187298 0.0003920926 -0.0014378728 0.0002492485 -0.0018003871 -0.0003354661 0.0008616902 -0.0016249588 0.0008905021 -0.0017425984 0.0011815592 0.0005573580 0.0009282670 0.0003367738 -0.0018165264 -0.0010232023 -0.0004128531 0.0007166728 0.0003280744 0.0009223743 -0.0006990126 -0.0007366030 0.0009965909 0.0002358844 0.0007264552 -0.0006002561 -0.0005090868 0.0006580347 -0.0010715561 -0.0003887560 0.0000384296 -0.0015371098 -0.0015275101 -0.0014160285 0.0006984744 -0.0003020652 -0.0016564092 0.0002794326 -0.0004790760 0.0012555408 -0.0005008482 0.0006464742 -0.0005142046 -0.0012889134 -0.0000142070 -0.0008260958 -0.0002353252 -0.0011060621 -0.0008107286 0.0001910713 0.0005249646 0.0007161608 0.0001305780 -0.0010256340 -0.0000246068 0.0008519906 -0.0012330400 0.0004065488 0.0007106311 0.0010712206 -0.0011550657 -0.0006518323 -0.0004221621 -0.0013578736 0.0009765166 0.0007918014 -0.0010736267 0.0007860349 -0.0008225937 0.0003199117 0.0006519249 -0.0010673003 0.0008416330 0.0010644505 -0.0010469027 0.0007107442 0.0001300043 -0.0006919507 -0.0014231051 0.0006400723 -0.0006232160 0.0008175782 0.0001854166 0.0006030434 -0.0009709522 -0.0013014284 -0.0013017608 -0.0018557723 0.0006966723 -0.0011826570 0.0006633530 0.0001794216 -0.0006664239 -0.0013149434 0.0006676624 -0.0008899675 -0.0010145335 -0.0005139322 0.0006892189 -0.0009687028 -0.0011008370 -0.0014088488 0.0001756853 0.0004156359 -0.0008427048 -0.0006339505 -0.0006108424 0.0003118792 -0.0017637654 -0.0008363232 -0.0017770936 -0.0000912403 -0.0006725740 0.0008062662 -0.0009455799 0.0008932862 0.0008147602 -0.0000141183 0.0005616516 -0.0008076577 0.0010153920 0.0005241481 0.0011997530 -0.0011143007 -0.0011333701 0.0000247421 -0.0014815971 -0.0017674844 0.0014922355 -0.0009434369 0.0004696911 -0.0001167149 -0.0015212813 -0.0000802709 -0.0015497279 -0.0003429402 -0.0010979382 -0.0007452197 0.0000002894 -0.0008127187 0.0009505861 0.0011186755 -0.0005887608 0.0007573543 -0.0014755202 -0.0007654084 0.0006741777 0.0007574530 -0.0013955209 0.0006936276 -0.0006700709 -0.0010236639 -0.0014538646 0.0009372822 -0.0016808308 -0.0001436702 -0.0005293484 -0.0008848094 0.0006526955 0.0006544411 -0.0013647063 -0.0016713738 -0.0013754450 -0.0000037353 0.0008021580 -0.0006369198 -0.0012024102 0.0001618419 -0.0012214573 -0.0003170035 -0.0013367976 0.0002063731 0.0004898445 -0.0009960674 -0.0004365384 -0.0001670393 -0.0000836593 0.0011480927 -0.0008164786 -0.0006517866 -0.0009927055 0.0002567315 -0.0014999676 -0.0000069692 -0.0013045289 -0.0017063328 0.0005889150
-0.6116173267 -0.0017887526 0.0460988581 0.1166540533 0.0007248884 0.0030856833 0.2074516714 0.0884568244 0.0786622614 0.0015813723 0.0036755374 -0.0942351595 0.0433258004 -0.0254113730 -0.0352431275 0.0015312670 -0.0006559875 -0.2026550323 0.2157677561 0.1302391887 0.0077742012 0.1190555692 -0.3349686861 -0.6037557125 0.0004494314 0.0639682189 -0.0007262660 0.0029053304 -0.0369441286 0.0751017630 -0.1655122340 0.0003352691 -0.2213545144 0.0206563324 0.0414575003 0.1160768718 0.0412375554 0.0008665334 0.0000065929 0.0032469723 0.0391373411 0.0008235863 0.0018534327 -0.0014917727 0.0964275673 0.0476235859 -0.0054877275 -0.4609441757 -0.0016755225 -0.2028828859 0.0009010048 0.0008536109 0.1339307725 0.0026449237 -0.0503880195 0.2258262932 0.0556283668 0.6591278315 0.0030520048 -0.0474927351 0.0532672070 0.1181611866 0.0000935544 -0.0633181855 0.0443976484 -0.0004525445 0.0575424694 -0.1767392308 0.0555034988 -0.0002796600 -0.2628337145 -0.0774862543 0.0009931067 0.0273759291 -0.0987877622 -0.0801615566 -0.4078007340 -0.2605488002 0.0891548097 -0.0001427451 0.0405453220 -0.0953563973 -0.3098600805 0.0396685190 0.0015137511 0.0222030617 0.0001440229 0.0181334037 -0.0004752971 -0.2680907845 0.4485821724 -0.4503453374 -0.0013044452 0.0031911575 -0.2327316254 0.0006030393 -0.0311740115 -0.0012207925 -0.0006088084 0.3433105350 0.0000941775 0.0510760844 0.0931597799 -0.5922510028 -0.0027345419 -0.7355915904 0.0585818440 0.0509285182 0.0001602048 0.0148054864 -0.2877741456 0.0019299664 0.0004779872 0.0007437243 -0.0006176602 0.0447443165 0.1520637125 0.0018638392 0.0001226990 0.0024388591 0.0415559113 0.0002993123 0.0315747261 0.0463508368 0.2209001482 0.0503464565 -0.5383951068 -0.4126423597 -0.0001823370 -0.0107240947 0.2177965045 -0.0211159177 -0.1163296700 -0.0148071665 0.0019032013 0.1103009805 0.0194289349 0.2203633785 0.3959997594 -0.0816370696 -0.0010217794 0.0026207482 -0.0005846921 0.0169844124 -0.0217786059 0.0446056202 0.0003870857 -0.0544723496 -0.2071062773 0.0442738794 -0.0854337737 0.0518167168 -0.5440769792 0.0215516463 -0.0013510191 -0.1649717838 0.0787627324 0.5522196889 0.0235688742 0.2856239080 -0.0141617525 0.0467654839 -0.4603722394 0.0012634856 0.2265256494 -0.1605559886 -0.0175043605 0.0968986154 -0.0014840121 -0.0003264797 -0.0030504947 -0.1318021566 0.0012402880 -0.3219638765 -0.0624695234 0.0037370827 0.1684195995 -0.0396304354 0.0512093380 -0.0490014777 -0.1958727837 -0.0034111298 0.4657033086 0.0023100430 0.0238822140 0.1678723991 -0.0010409551 0.0238063354 0.0502222888 -0.1397615671 0.0009688667 -0.0011994832 -0.0177841801 0.0209911354 -0.0006015951 -0.0013331685 0.1921548992 -0.5819504261 0.5907576084 0.0003869141 -0.0026186684 0.0456677452 -0.0008760841 0.1179925874 0.0230121929 -0.1534337550 0.0527890921 0.0006638324 -0.0012280376 -0.0000518274 -0.0013549377 0.0973221809 0.2699246109 0.0951511040 0.0618936531 -0.0012784705 0.0794591382 -0.0013140441 -0.3846460283 -0.0002069403 0.0875536799 0.0008019541 -0.1498098522 -0.0915021300 -0.1271253824 0.0002915188 0.1233535632 -0.2329593748 0.0003045312 0.0388982631 -0.1005884111 -0.0187884253 -0.0006137188 0.0449160449 -0.0016664740 0.0718266889 -0.1785282046 0.0006882721 0.0922644138 0.1594899446 0.0013002395 0.5463955998 0.0666109622 0.2334542722 -0.0005989359 0.0004133851 -0.0001804708 0.0413983837 0.0973112732 -0.0003984562 -0.2526541054 0.0172224399 -0.2126673162 0.0013604363 -0.0978267789 -0.7345100641
-0.0017408531 -0.0014271579 0.0000839237 0.0001972413 -0.0001616236 -0.0013980250 -0.0008658052 0.0004803929 -0.0014906991 0.0001053647 -0.0003035244 0.0009750151 0.0010513875 -0.0014107666 -0.0016779513 -0.0015321722 -0.0000701965 -0.0014934459 0.0003833920 -0.0010046344 0.0001422053 -0.0008379434 -0.0003785140 -0.0010933256 -0.0011533152 -0.0003962629 0.0002933866 0.0000811603 -0.0006159592 -0.0016438948 -0.0014610665 0.0003690330 -0.0007303480 -0.0012587212 -0.0006189541 0.0004397971 0.0008055841 -0.0001465510 0.0003449699 -0.0010863682 0.0010553226 0.0011335933 -0.0012974757 -0.0011480021 0.0000642674 -0.0016904520 0.0005959554 -0.0004169905 -0.0009337976 -0.0001035953 -0.0002103756 -0.0004487223 -0.0001680341 0.0007203736 -0.0004650153 -0.0002298616 -0.0001382104 0.0010056159 -0.0010885476 -0.0014729393 0.0000708377 -0.0010813368 -0.0011873839 -0.0002993245 -0.0017259278 -0.0014155351 -0.0005367678 -0.0016679318 0.0004611610 -0.0005994527 0.0003359774 -0.0002789387 0.0005421765 -0.0010010750 -0.0002884471 -0.0014114402 0.0007205938 -0.0009684992 0.0001196877 0.0009436628 -0.0006160396 -0.0009417048 -0.0011507309 -0.0012020334 -0.0000539031 0.0007300732 0.0009788728 0.0000845874 0.0009345262 -0.0003792871 -0.0012723008 -0.0017614572 0.0007433015 0.0000262959 -0.0004747130 0.0005402034 -0.0002421809 -0.0005686915 -0.0006462090 0.0004795551 -0.0010239107 -0.0005240105 0.0010571871 -0.0003586653 0.0010241504 -0.0005038754 0.0010462939 -0.0009828738 0.0005384402 0.0004955106 -0.0002455229 -0.0006869124 -0.0004035989 0.0010287976 -0.0007256410 -0.0013020085 0.0004491158 -0.0010164630 0.0006165259 0.0003778835 0.0009976814 0.0009914679 -0.0003086131 -0.0000400442 0.0003501337 -0.0010385358 -0.0000066520 -0.0016190737 -0.0016264335 -0.0007848997 0.0000052807 -0.0001566899 -0.0009848278 -0.0013292237 0.0010287826 0.0005812927 -0.0005934440 0.0006564841 -0.0013470849 -0.0011115816 0.0011486103 -0.0014754665 0.0011008140 0.0010824144 -0.0009863556 0.0000059990 -0.0004006644 -0.0008367944 -0.0006028493 -0.0011188609 -0.0001891807 0.0000142925 0.0010218035 -0.0009326662 -0.0001691414 -0.0009589000 -0.0008498552 0.0011969015 -0.0018078139 -0.0000628654 0.0001982550 -0.0017875233 0.0001185494 -0.0001717466 0.0011704669 -0.0009170413 -0.0010824715 -0.0002034565 -0.0002968866 -0.0001280592 0.0010117854 0.0007920479 -0.0010417516 0.0004572825 -0.0000888290 -0.0017123716 -0.0017295444 0.0006459858 -0.0010992425 0.0002586511 -0.0002828279 0.0006043297 0.0009300924 -0.0001295502 -0.0014321131 -0.0012031712 -0.0011550984 0.0001108226 -0.0016787449 -0.0008291536 0.0010705566 -0.0009087067 -0.0011767669 0.0009909006 0.0010614953 0.0006672676 0.0003458388 0.0007562360 -0.0013185911 0.0010709127 -0.0004864844 0.0009403871 0.0005927209 -0.0011781441 -0.0003002042 -0.0011446283 -0.0011008752 -0.0001224163 0.0009876856 -0.0006776882 -0.0015135270 0.0001752241 0.0003264185 0.0000361441 -0.0015463044 -0.0001814114 0.0001378213 -0.0007767992 -0.0017646878 -0.0000386591 -0.0011190120 -0.0006175115 -0.0005708049 -0.0004914780 -0.0016344248 0.0003514732 -0.0006899837 -0.0008916740 0.0004706146 -0.0014824283 -0.0006033056 0.0001427494 0.0011796330 -0.0014164704 -0.0007141223 -0.0011488326 -0.0017103548 -0.0004699011 -0.0001675480 0.0002179388 0.0003536309 -0.0016729832 -0.0013875305 -0.0000157806 -0.0010122877 0.0007138238 0.0014497640 0.0004759394 0.0003179400 0.0005107514 0.0009332853 -0.0017914777 -0.0011277259 -0.0014228681 -0.0008619073 0.0012126627
-0.0030679787 -0.0014051619 -0.0022692543 -0.0038227451 -0.0010083445 0.0013169631 -0.0037352866 -0.0020087289 -0.0036052824 -0.0015408039 -0.0022531131 -0.0007986482 -0.0014411872 -0.0033672468 -0.0023957887 0.0010376741 -0.0005367991 -0.0016989713 -0.0031541637 -0.0008351625 -0.0011593705 -0.0022435542 -0.0023666269 -0.0017039254 -0.0006834107 -0.0023453091 0.0003618972 -0.0008839790 -0.0009568891 -0.0008605240 -0.0023526426 -0.0014286814 -0.0037580549 -0.0034486444 -0.0019405955 -0.0014463096 -0.0019158167 -0.0004128505 -0.0015064436 -0.0006406533 -0.0025510951 0.0002375802 -0.0016987863 -0.0003083223 -0.0027525018 -0.0022322722 -0.0026242961 -0.0021029646 -0.0001201378 -0.0020955035 -0.0014765884 0.0008840906 -0.0009761697 0.0012111354 -0.0027302608 -0.0012927547 -0.0012893490 -0.0024144629 0.0016970824 -0.0021226138 -0.0023475480 -0.0017613935 -0.0001237437 -0.0029910402 -0.0033998417 0.0011430444 -0.0015160629 -0.0014953364 -0.0025932479 0.0011639601 -0.0011841564 -0.0010868931 0.0005020679 -0.0013567080 -0.0009426538 -0.0011645571 -0.0016407775 -0.0029887133 -0.0022962883 -0.0001438264 -0.0030068231 -0.0038451557 -0.0018275448 -0.0014908073 -0.0011457358 -0.0015103477 -0.0003849429 -0.0014418158 -0.0013018844 -0.0030827397 -0.0022929432 -0.0037411686 -0.0016439584 0.0003807322 -0.0027891519 0.0002111390 -0.0036398482 -0.0001964867 0.0004096445 -0.0019041242 -0.0004797781 -0.0016357051 -0.0021940484 -0.0037794062 -0.0015084152 -0.0037192940 -0.0034296971 -0.0009432780 -0.0009478006 -0.0020732479 -0.0026471056 -0.0012614349 -0.0008240881 0.0007986395 -0.0013155190 -0.0016483837 -0.0015490580 -0.0000957408 -0.0005557038 -0.0008375752 -0.0010461226 -0.0001095049 -0.0032006754 -0.0012702262 -0.0031231500 -0.0036050607 -0.0032518506 -0.0022795589 0.0005423083 -0.0022822144 -0.0018354539 -0.0022461030 -0.0016315902 -0.0031057547 -0.0013027758 -0.0013974115 -0.0007266530 -0.0009229741 -0.0009693995 -0.0017526563 0.0004602621 -0.0000236045 -0.0007223331 -0.0030642771 -0.0036183700 -0.0009271445 0.0001063476 -0.0017462159 -0.0016261009 -0.0030340534 -0.0017869052 -0.0037914033 -0.0031264033 -0.0008490229 -0.0011012299 -0.0017007965 -0.0018870505 -0.0023993196 -0.0011497507 -0.0029267690 -0.0034680038 -0.0025481086 -0.0011049868 -0.0001450438 -0.0034741678 -0.0011327215 -0.0025776876 -0.0021553673 0.0012157958 -0.0006304096 -0.0026690864 -0.0036372803 -0.0000058760 -0.0029471708 -0.0035048292 -0.0009592226 -0.0034291476 -0.0015398350 -0.0019959526 -0.0028374156 -0.0038355612 -0.0009568371 -0.0018068014 -0.0009836284 -0.0019141372 -0.0026734206 0.0004070229 -0.0010802337 -0.0026868989 -0.0034718472 -0.0002589702 -0.0000648937 -0.0020621140 -0.0009456182 0.0011966119 0.0004292736 -0.0017638011 -0.0016385501 -0.0036894365 -0.0013950665 -0.0011527145 -0.0025537685 -0.0022287024 -0.0027530889 -0.0017221695 -0.0027123454 -0.0021042030 -0.0001622667 0.0002184295 -0.0000542222 0.0002960549 -0.0019441092 -0.0031443413 -0.0020063098 -0.0023224538 0.0009315863 -0.0026497822 0.0009369295 -0.0038168072 -0.0018094812 -0.0025145267 0.0001965627 -0.0015070692 -0.0018070020 -0.0030748255 0.0004974223 -0.0019479431 -0.0029991381 0.0003514903 -0.0030568345 -0.0016733633 -0.0019281880 0.0006571740 -0.0031806496 0.0004731598 -0.0011079597 -0.0027782707 0.0011782789 -0.0024799798 -0.0010848702 -0.0010599026 -0.0010743950 -0.0018646306 -0.0018744315 -0.0016147175 0.0011069563 0.0007890082 -0.0026774032 -0.0008970414 -0.0005136763 -0.0024572553 -0.0034668576 -0.0012903918 0.0012955320 -0.0008436530 -0.0011536254
-0.0007856531 -0.0009288198 -0.0012307906 -0.0017376166 0.0009547984 -0.0001556733 -0.0025016379 -0.0011270181 -0.0025435884 -0.0004798719 -0.0008622843 -0.0000420258 -0.0019419085 -0.0005055866 -0.0007104926 -0.0013010188 -0.0012678762 -0.0018168360 -0.0021315773 -0.0007493137 0.0000556274 -0.0018391520 -0.0014201544 -0.0018195435 0.0002626564 -0.0003766594 -0.0014286858 0.0014440697 -0.0005506491 -0.0029118957 -0.0017891320 0.0012748245 -0.0015722435 -0.0018987716 -0.0003903660 -0.0000766423 -0.0026785554 0.0004887219 -0.0001406357 -0.0013111364 -0.0003324321 0.0001810334 0.0009587901 -0.0013891323 -0.0025623955 -0.0005789122 -0.0025523016 -0.0017976955 0.0014752595 -0.0024471413 0.0005771104 -0.0014918136 -0.0005669298 -0.0012660518 -0.0005785772 -0.0026386417 -0.0016587136 -0.0005083171 0.0002212774 -0.0027504493 -0.0000932191 -0.0011993698 0.0010273077 -0.0018417385 -0.0005809853 0.0000230008 -0.0013962445 -0.0005048182 -0.0004813890 -0.0011023493 -0.0015615554 -0.0003455796 0.0010427354 -0.0008245924 -0.0027726293 0.0002096160 -0.0006204829 -0.0017572006 -0.0023492873 0.0001142235 -0.0001146516 -0.0026870752 -0.0006681457 -0.0023520442 -0.0004459508 -0.0006803658 -0.0012191497 -0.0012570192 0.0014644956 -0.0015895719 -0.0003995468 -0.0009379774 -0.0010444754 -0.0003134867 -0.0024451637 0.0013079623 -0.0021470098 -0.0006128082 -0.0014988664 -0.0014023142 -0.0001821781 0.0000779828 -0.0011416042 -0.0023719242 -0.0025995017 -0.0004830967 -0.0023161550 -0.0009970083 0.0010483993 -0.0025278530 0.0011856965 0.0008191670 -0.0004054446 0.0014651592 0.0005118293 -0.0026329982 -0.0017888907 0.0000345344 0.0006429222 -0.0013203053 -0.0024400435 -0.0011024252 -0.0013665083 -0.0028210650 -0.0013953134 -0.0008396580 -0.0016260917 -0.0020384341 -0.0007104899 -0.0028881051 -0.0008785188 -0.0005584795 -0.0025435137 0.0006084417 0.0009967635 -0.0006076916 -0.0003555290 -0.0029126960 -0.0012601099 -0.0006288073 -0.0002444528 0.0011583744 -0.0007974831 -0.0014095005 -0.0019352519 -0.0012452768 0.0012918391 -0.0020533709 -0.0025955120 -0.0011383235 -0.0009038456 -0.0004292493 -0.0002214650 -0.0006871366 0.0012404267 -0.0020623519 -0.0008694883 -0.0003158114 -0.0029727754 -0.0026364881 -0.0002418549 -0.0004541773 -0.0026818269 0.0001053320 -0.0026122937 -0.0028495945 -0.0026697633 -0.0021498788 0.0011333699 -0.0000014737 -0.0015002090 -0.0015012334 0.0003558427 -0.0011077973 -0.0005956814 0.0005776687 -0.0020439841 -0.0019746164 -0.0002526034 -0.0003887569 -0.0029210227 -0.0008256751 -0.0021837717 0.0014638517 -0.0021999890 -0.0000993257 0.0001243655 -0.0026121368 -0.0012506635 -0.0003762294 -0.0006033313 -0.0003434876 -0.0004739260 -0.0000941572 -0.0014248077 0.0006198715 -0.0021410962 -0.0007058524 -0.0023593749 0.0005231455 -0.0008022495 -0.0009633625 -0.0018747477 -0.0022587825 -0.0004712539 -0.0022041032 -0.0029320933 0.0010056228 -0.0000328178 -0.0014121486 0.0011253518 -0.0027970667 -0.0011416607 -0.0014401409 -0.0021917084 -0.0014997234 0.0000224964 -0.0008519638 -0.0008316985 -0.0014921406 0.0000097974 0.0004625618 -0.0008852410 -0.0021683197 -0.0027317253 0.0014917968 -0.0020394800 -0.0000587015 -0.0008748932 -0.0012718302 -0.0029210153 -0.0008426472 -0.0004045682 -0.0008686393 0.0008172292 -0.0026916771 -0.0006604723 -0.0009260228 -0.0021946155 -0.0013665702 -0.0012550970 -0.0024234303 -0.0003718892 -0.0029193240 0.0008687972 -0.0008782044 0.0000197866 0.0000912046 -0.0007695078 -0.0012029575 -0.0018339755 -0.0003997243 -0.0001672153 -0.0012655077 0.0002601399 -0.0025178117
-0.0006900711 0.0006169472 -0.0013428123 -0.0008917192 0.0002073709 -0.0000124466 -0.0002002499 -0.0029335434 -0.0004934357 0.0014944959 -0.0013235796 -0.0028964367 -0.0020236499 -0.0004525632 -0.0014719049 0.0004262308 0.0007229089 -0.0002028644 -0.0012454978 -0.0015667914 0.0007286787 -0.0011955554 -0.0021916518 -0.0002362367 0.0014347277 -0.0011172747 0.0004701187 0.0007589553 -0.0016685020 -0.0013192917 -0.0014808762 0.0004743332 -0.0020992688 -0.0014150046 -0.0000752096 -0.0008998973 -0.0001642727 0.0014339766 -0.0011500136 0.0006914066 -0.0014584674 0.0013418638 0.0007206491 -0.0007821351 -0.0012435751 -0.0004332734 -0.0025253019 -0.0007214323 -0.0002264176 0.0006375844 -0.0001083024 -0.0003382532 -0.0005480299 -0.0012348290 -0.0007247680 -0.0013520309 -0.0001184939 -0.0027611966 0.0005664534 -0.0024178822 -0.0011122754 -0.0014465431 0.0011008881 -0.0012687002 -0.0012383214 -0.0014681460 -0.0012285460 -0.0014987082 -0.0006077581 -0.0009934874 -0.0016157147 -0.0026727011 -0.0003475824 -0.0000040942 -0.0000180368 0.0001484449 -0.0026966005 -0.0015593505 -0.0002610364 0.0009283670 -0.0007777946 -0.0020029864 -0.0020618073 -0.0010738792 0.0004261770 -0.0006442720 -0.0007986839 -0.0011064587 -0.0003865144 -0.0008637573 -0.0007540924 -0.0023791918 -0.0015004255 -0.0008713803 -0.0014229506 -0.0007755072 -0.0013052414 -0.0006241286 0.0004720272 -0.0022561951 -0.0009626655 0.0002254778 -0.0028135492 -0.0022163494 -0.0003703551 0.0000806535 -0.0021287357 -0.0023831124 -0.0005119734 -0.0016457783 -0.0029073153 -0.0003177723 0.0003359180 -0.0008851351 0.0000878063 -0.0007762702 -0.0020354560 -0.0010209439 -0.0012712913 -0.0015078461 -0.0015504428 0.0003549780 -0.0018882776 -0.0018289303 -0.0019559350 -0.0009733997 -0.0002461530 -0.0002172499 -0.0001816265 0.0000202336 -0.0014767221 -0.0004979824 -0.0018005033 -0.0005578666 0.0004520519 -0.0004509335 -0.0012403000 -0.0013590505 -0.0016257903 -0.0012197138 0.0004400422 0.0013322362 0.0010233718 -0.0005361261 0.0000663577 -0.0007179002 0.0001322625 -0.0027789278 -0.0014463904 -0.0005209254 -0.0017515599 -0.0027317726 -0.0009130854 -0.0026271183 0.0000734474 0.0000506148 0.0000821573 -0.0016951014 -0.0016193185 -0.0006109005 -0.0010267426 -0.0000883340 -0.0010707227 0.0015021882 -0.0012119951 -0.0006918160 -0.0020633985 -0.0004440153 -0.0006516959 0.0013472469 -0.0014100358 -0.0027058083 -0.0009333754 -0.0018085465 -0.0009501863 0.0003949750 0.0000479472 -0.0008624572 0.0000181950 -0.0007276293 -0.0009329589 0.0008415468 -0.0017169481 -0.0009641449 -0.0002186487 -0.0021959974 -0.0005836362 -0.0026831820 -0.0007764618 -0.0003742281 -0.0013659833 -0.0000559400 -0.0024615554 -0.0025727917 0.0000206328 0.0013585851 -0.0024565444 -0.0023841623 -0.0018464086 -0.0011064681 -0.0013272385 -0.0019460698 -0.0016440718 -0.0016427375 -0.0017614174 -0.0004788643 -0.0018300181 0.0004399905 0.0008994128 0.0010041445 -0.0008090694 -0.0026593213 -0.0020310704 -0.0025340677 -0.0003692264 -0.0004929304 -0.0022516649 0.0001243165 -0.0012688396 -0.0003683324 -0.0019796812 0.0002974329 -0.0020612383 -0.0000475897 -0.0004855364 -0.0008833191 -0.0021654174 -0.0010274994 -0.0007179499 -0.0013667754 -0.0008331875 -0.0021940344 -0.0005823108 -0.0026579716 0.0011637968 -0.0010597225 -0.0024612276 -0.0001967666 -0.0001590190 -0.0014019915 0.0003956716 -0.0019965551 -0.0016840987 -0.0021018989 0.0009065311 -0.0009086372 0.0004477472 -0.0022550658 -0.0024048362 0.0007400665 -0.0020793036 -0.0025693991 -0.0008035245 -0.0000937827 -0.0008474927 -0.0004409546
0.0004812483 0.0003314008 -0.0014822162 -0.0007192767 -0.0001903937 -0.0015091794 0.0008573054 0.0000024312 0.0002826515 -0.0007525236 -0.0000726463 -0.0004893939 -0.0007090049 0.0005165117 0.0001901922 0.0009772718 0.0008084186 0.0010736018 0.0008827060 0.0005919291 -0.0017629103 0.0004213265 -0.0011940014 0.0003761534 0.0009936941 0.0003024523 -0.0018134442 -0.0017392243 -0.0003311573 -0.0015393799 0.0002836956 -0.0004487313 -0.0009440469 0.0001733037 -0.0014604994 0.0008194645 0.0001559692 0.0011133353 -0.0014709042 -0.0010111985 -0.0015949243 -0.0011555088 -0.0005508013 0.0014648265 -0.0014185723 0.0008543879 -0.0000270465 0.0010418417 0.0010138429 0.0004127043 -0.0010724921 0.0004283150 0.0005547230 0.0009310493 0.0010524866 -0.0009011304 -0.0012805415 -0.0015022939 -0.0012445513 0.0008927612 0.0001702899 -0.0014604038 0.0001344299 0.0001143244 -0.0017801622 -0.0010407221 -0.0006359622 0.0007623137 0.0001871145 -0.0010019173 0.0003993837 0.0001059061 -0.0003922752 0.0011249341 0.0005452676 0.0006567368 -0.0002421560 -0.0006385181 -0.0003410701 0.0011462386 0.0004970393 -0.0010704388 -0.0002255036 -0.0002824588 0.0012786079 -0.0000998074 -0.0004428200 0.0008337716 -0.0001152432 -0.0018501299 -0.0000852142 0.0000327206 0.0006104407 -0.0003701482 -0.0008045275 -0.0011326373 -0.0009635264 0.0006100314 0.0006442410 0.0004466447 0.0007996960 -0.0000469255 -0.0005351812 0.0009284153 0.0002307190 -0.0007687972 0.0007843408 -0.0001602300 0.0014570102 -0.0015172323 -0.0003011915 -0.0010120836 0.0008574719 0.0011470201 0.0005386578 -0.0008359089 0.0002452933 -0.0007643499 0.0010525781 -0.0017027725 -0.0008126688 0.0010507915 -0.0003667761 -0.0017038552 -0.0012234298 -0.0000206507 -0.0014984319 -0.0001408562 0.0009447157 -0.0018542410 -0.0002198906 0.0007622274 0.0010385382 -0.0013659172 -0.0013827871 0.0005971856 -0.0005211656 -0.0003266939 -0.0011519290 0.0001651091 -0.0014074120 -0.0009594265 -0.0016104211 0.0001836390 0.0007864843 -0.0017017850 0.0011257008 -0.0004456951 -0.0003341433 0.0003364960 -0.0008444833 0.0003353879 -0.0003029395 -0.0013951756 -0.0004326263 -0.0010895542 -0.0002111379 -0.0005246715 0.0005536015 -0.0010343075 -0.0002542329 -0.0012804429 -0.0000963177 0.0003503562 -0.0018276084 0.0006420916 -0.0011178969 -0.0018387579 -0.0005745002 0.0003111804 -0.0002081710 -0.0016927127 -0.0011110781 0.0006490587 0.0002282663 -0.0016058241 -0.0009569512 -0.0018040562 -0.0001166707 -0.0019184990 0.0008233884 -0.0004783047 0.0010117673 0.0011740300 0.0002419176 0.0000579064 0.0004206757 0.0007088245 0.0001298827 0.0011450038 0.0003040262 0.0007408310 -0.0018375313 -0.0003813476 -0.0013865682 0.0004981379 -0.0010425985 -0.0016340335 -0.0013384545 -0.0011334947 -0.0011497198 0.0002569362 -0.0001570590 -0.0012965181 -0.0000894807 -0.0010568814 -0.0017979152 -0.0006073877 0.0009466482 0.0002318865 0.0002189982 -0.0016923669 -0.0010410390 -0.0015342250 -0.0013439250 0.0004035460 -0.0003105332 -0.0017800609 -0.0000215215 -0.0010316321 -0.0008768646 -0.0015014787 -0.0007777044 -0.0004369505 -0.0016084898 -0.0003891099 0.0010438014 -0.0006958064 -0.0002905527 -0.0001164005 -0.0001547408 -0.0007803112 -0.0007381632 -0.0002594710 0.0011419817 -0.0005616758 -0.0002790598 0.0004580610 -0.0018024404 -0.0003999366 0.0002335602 0.0011486474 -0.0017769407 -0.0000209486 -0.0004136790 -0.0015141718 0.0000556550 -0.0010939857 -0.0013613594 -0.0005520777 -0.0003538310 -0.0012589062 -0.0016564884 0.0006879221 0.0004599255 -0.0012234411
-0.0012650864 -0.0005740146 -0.0003667843 -0.0036895992 -0.0003883616 0.0010667196 -0.0015303239 -0.0018885987 0.0009291008 0.0005103599 -0.0013601788 -0.0008650336 -0.0003934921 -0.0030948552 -0.0000886534 0.0009158310 -0.0009009998 0.0008284700 -0.0012245355 -0.0016156593 -0.0017959634 0.0004122450 -0.0025837838 -0.0020262108 -0.0003748547 -0.0025204909 -0.0002769788 -0.0004741825 -0.0004167559 0.0009173089 -0.0036669483 -0.0008921036 -0.0034684169 0.0000042471 -0.0018508250 -0.0017518908 -0.0007224370 -0.0001902530 -0.0016476609 -0.0007099752 0.0006978239 0.0000416206 -0.0009780308 0.0003343494 0.0003528706 0.0006034418 -0.0006698294 -0.0009367591 0.0007253981 -0.0015323004 -0.0002463068 0.0005550343 -0.0017561289 -0.0012695190 -0.0018219930 -0.0011444964 -0.0025040403 -0.0014112412 -0.0008825015 -0.0010372816 -0.0017610160 -0.0008880303 -0.0000840921 -0.0001600709 -0.0012009527 -0.0008336914 -0.0015752999 -0.0000443846 -0.0017968720 -0.0001886168 -0.0009165284 -0.0010969179 -0.0008552894 -0.0001259467 -0.0017968219 -0.0029878605 -0.0015541948 -0.0019316378 -0.0013734939 -0.0007134192 0.0008800076 -0.0015978406 -0.0017267795 -0.0001911685 0.0006391980 -0.0026079356 -0.0015983549 0.0010781295 -0.0011909312 0.0002099888 -0.0015207696 -0.0017691748 -0.0017751686 -0.0003960629 -0.0034587458 -0.0002825123 -0.0025664445 -0.0017547427 0.0006727524 0.0010274726 -0.0002198883 -0.0019295966 -0.0012340902 -0.0006658981 -0.0027776323 -0.0019289126 -0.0005425225 -0.0038129580 -0.0001068230 0.0008066816 -0.0010949315 -0.0011062903 0.0000885276 0.0004033141 -0.0010036065 -0.0025815978 -0.0031399645 0.0006807509 -0.0000973390 -0.0002432113 -0.0008503819 -0.0007291670 -0.0017340326 -0.0037640764 -0.0007740446 -0.0011950724 -0.0012924789 -0.0008948529 0.0004971447 -0.0029618423 0.0005605310 -0.0007358862 -0.0024620199 -0.0012884546 0.0008172508 -0.0025233142 0.0003783143 -0.0023947554 -0.0008571231 -0.0015576934 -0.0002844714 -0.0006034033 0.0006552367 -0.0021792909 -0.0024286087 0.0004424751 -0.0003582016 0.0004812408 -0.0006633975 0.0002629331 -0.0004170117 -0.0019687661 -0.0030412111 -0.0033115468 0.0002803708 -0.0031880096 -0.0006816998 -0.0003734441 -0.0019862079 -0.0011644497 0.0004066827 -0.0008275697 -0.0029472339 -0.0003744226 -0.0025394247 -0.0012253971 -0.0028658225 0.0002904861 -0.0012276155 -0.0007152882 -0.0034979470 -0.0027218957 0.0006098133 -0.0015089462 0.0000857518 -0.0009708614 -0.0017055392 0.0004234823 -0.0013402813 0.0002123509 -0.0013149269 0.0006857869 -0.0014277769 0.0005868825 -0.0014220144 -0.0018637888 -0.0006165439 0.0005013820 0.0003599672 -0.0029545322 -0.0010191184 0.0003205333 -0.0007761560 -0.0004339266 -0.0001214291 -0.0005805350 0.0004463210 -0.0024896048 -0.0003342666 -0.0016954716 -0.0001303776 -0.0010719309 -0.0002448917 -0.0012787569 -0.0013143877 0.0010288639 -0.0013959402 0.0012083458 -0.0005017060 -0.0004311833 0.0004323905 -0.0007399223 0.0009439076 -0.0032686756 -0.0008053684 0.0009073291 -0.0000514303 -0.0013031036 -0.0024616779 -0.0006520121 0.0004421727 -0.0010710437 -0.0005010694 -0.0010949381 -0.0023545781 0.0010862002 -0.0000946228 -0.0013927176 -0.0005606677 -0.0027184007 -0.0014142155 0.0008027298 -0.0013148001 0.0007176945 -0.0004417096 -0.0015996841 -0.0018465256 -0.0003302463 -0.0005958444 -0.0030009712 -0.0017459651 -0.0018992616 0.0002972289 -0.0024333084 0.0005167053 0.0006514093 0.0001109069 -0.0034417864 -0.0011799202 0.0005737822 -0.0007293489 -0.0017083640 -0.0019199516 -0.0008953511 -0.0015730497 -0.0019331733
0.3939191699 0.0022805538 -0.0298722740 -0.0824802443 0.0014771966 -0.0008955533 -0.1090341061 0.0030684492 -0.0676875338 0.0035703771 0.0053191618 0.2273885161 -0.0215099286 -0.0517768748 -0.0501660518 0.0002631682 0.0008828401 0.2596393526 0.0921210051 0.0964076892 0.2398809642 -0.6033948660 -0.3051391244 0.6989178658 0.0001663781 0.0136474883 0.0015687954 -0.0027121927 -0.1279992908 -0.0452798232 -0.1264158785 -0.0147085292 0.2423014790 -0.0554263964 0.0331420936 -0.2686344981 0.0620767586 -0.0003379612 0.0018794294 -0.0036161696 0.0192725882 0.0008995851 0.0020498729 0.0007660925 -0.1467543393 -0.0168386903 0.1039347798 -0.5601141453 0.0023489185 0.1160427332 -0.0004506524 -0.0008667412 0.0576153398 -0.0025840988 -0.0407366604 -0.0052721458 -0.1022759676 -0.2559681833 -0.0040853252 0.2357459664 -0.0746788979 0.0107041914 0.0005565214 0.1722790748 -0.1435645670 -0.0003055651 0.1167353019 0.3472272456 -0.0844194889 0.0010518109 0.4212501943 -0.0792799219 0.0015583563 0.0129515165 -0.0304634012 0.0853138566 0.1688830256 0.5638365149 0.0708220974 0.0011450112 0.0321286991 -0.2862722576 0.0478962883 -0.0362355597 -0.0001466718 0.1924484223 -0.0007101579 -0.3070948124 -0.0007850128 0.1458947212 -0.7993153930 0.1006749123 0.0003528715 -0.0012906929 -0.2210379541 -0.0001261322 0.0547118112 0.0007884963 -0.0000571523 -0.8822543621 0.0023663586 0.0106640067 0.0376575366 0.0488312915 -0.0218154285 0.4414725006 -0.0457070880 0.0615246780 0.0011503430 -0.0157602429 0.1682447344 0.0001790184 0.0002458722 -0.0001506935 -0.0009868186 -0.3321178257 0.0657680556 -0.0022559019 0.0014504931 0.0000812507 -0.0821021572 -0.0003223924 -0.2638538480 0.0792910308 -0.1858712435 0.0789108947 0.2040266395 0.1932310164 0.0006275994 0.0405469760 -0.1598621607 -0.1090111136 -0.9642467499 0.1367797852 0.0006679967 -0.2236522436 0.0284302626 -0.3503382206 -0.4592316747 0.0579575934 0.0008398062 -0.0010823894 -0.0006374427 0.4757684171 0.1161622033 -0.0472767353 -0.0011061659 0.0714128315 0.0233544316 0.1488865912 0.1077344865 0.0837189928 -0.0277239960 0.2550437152 -0.0003965282 -0.6474837065 0.0063454467 -0.4920298457 -0.0610628501 0.1945949793 0.0488259755 0.0266204290 -0.6936515570 0.0015729801 -0.3652030230 0.3721777797 0.0881306529 0.0365683846 0.0051725255 0.0008468259 -0.0392182954 0.0971739739 -0.0003544841 0.1785497069 0.0085024787 -0.0034614527 0.0050885528 -0.0319183096 -0.0992342755 0.0325974487 0.0176029913 -0.0002156428 0.3308684826 -0.0003310204 0.0765639693 0.0729980767 0.0005712056 -0.1178355962 0.2816063166 0.2167571336 0.0006651685 0.0002243389 0.0900535285 0.0522725247 0.0002621095 -0.0091352304 -0.1728190035 -0.1401095986 -0.6835860610 -0.0002495051 -0.0028253403 0.0489063747 -0.0336710662 -0.1415814161 0.0489215404 0.0516973175 -0.0340798572 0.0013504681 -0.0002858572 0.0015794374 0.0007869158 0.1575962007 -0.5967668891 -0.0808252692 0.0687943175 0.0009494912 0.0169449765 0.0005347363 -0.3984883726 0.0009695551 -0.1134545431 0.0012906406 0.1382924467 -0.0945330039 0.3501993120 0.0014752185 0.0823356584 0.1813379079 -0.0009339225 0.0429961160 0.3848105371 0.0122229336 0.0005743109 0.0040618060 0.0005231243 0.0638021231 0.2987237871 0.0001879740 -0.0541263968 0.0404993929 -0.0001456350 -0.8135759830 -0.1397243589 0.2945189178 0.0001753206 -0.0001971384 -0.0009193764 -0.1597591341 0.1283252239 0.0007068939 0.1061586142 0.0590078793 0.1481087059 0.0005517225 0.2866195738 0.4071426988
0.0003751980 -0.0011948566 0.0010543830 0.0001697447 0.0008377624 0.0009684351 -0.0014239862 -0.0010452367 -0.0008748547 0.0000763696 0.0002896698 -0.0013867802 -0.0006216271 -0.0018036903 -0.0010383341 0.0001976028 0.0008535592 -0.0018476815 -0.0017176882 0.0001717513 -0.0008576122 -0.0016308904 -0.0005999678 -0.0011697927 -0.0008782570 -0.0011011080 0.0007600512 -0.0005905847 -0.0016032897 0.0010524305 -0.0007200037 0.0007717494 -0.0017290644 0.0004372806 0.0007849430 0.0010197125 -0.0009771138 -0.0011247327 -0.0003530374 -0.0009312299 0.0003755517 0.0010652634 0.0000426588 -0.0005267386 -0.0014937388 -0.0015476198 -0.0008791274 0.0002732505 0.0006924844 -0.0003956463 -0.0010363791 -0.0013143484 0.0005350561 0.0010455620 -0.0005244585 0.0005756895 -0.0004754892 -0.0013328342 0.0003059186 -0.0010210617 0.0003202784 -0.0009397225 0.0003174329 -0.0016607501 -0.0018351834 0.0010860403 0.0009736048 -0.0000184235 -0.0008372178 0.0002774584 -0.0001824440 0.0003539291 0.0008732323 0.0011694029 0.0000442829 0.0010294054 0.0001764938 0.0006978798 0.0006893515 -0.0014180966 -0.0008683121 0.0008239009 -0.0001918804 -0.0017710268 0.0004061348 -0.0016875225 0.0007171221 -0.0005707865 0.0008613209 -0.0018051728 0.0009628904 -0.0006477227 -0.0002868021 -0.0018090449 -0.0001383502 0.0003402777 -0.0006146944 -0.0001310247 0.0002473705 -0.0014974569 -0.0001024361 -0.0001312747 -0.0008883156 0.0007822940 -0.0006947735 0.0005506829 -0.0003768572 -0.0013146583 -0.0000944274 -0.0001937554 0.0011522585 0.0003028727 0.0003577926 0.0003784610 -0.0007086045 -0.0010679028 0.0005043553 -0.0011777324 -0.0014444842 0.0003961932 -0.0017241216 0.0007710737 -0.0007746446 0.0006097014 0.0006672262 -0.0000901629 -0.0007616028 -0.0005661672 -0.0009329116 -0.0000888774 -0.0011515156 -0.0000297469 -0.0011580072 -0.0012530701 0.0006976353 -0.0004981975 -0.0011493004 -0.0014560133 -0.0010793693 -0.0014310095 -0.0017827280 -0.0012504370 -0.0000132467 -0.0001830321 -0.0004706915 -0.0007444607 -0.0011602012 0.0005947069 0.0003800712 -0.0012829246 -0.0007652531 -0.0015110835 0.0009225273 -0.0016967849 -0.0001157474 -0.0011047890 0.0009606947 -0.0004154169 0.0007988543 -0.0001784755 -0.0007305974 0.0001103180 0.0008458878 0.0000967752 -0.0014924287 -0.0010392718 -0.0011150452 -0.0005579441 0.0004404853 0.0008950864 -0.0008054703 -0.0002470355 -0.0006572400 -0.0003708396 -0.0004446183 -0.0007668147 -0.0011258656 -0.0017564385 -0.0004668570 -0.0001177133 -0.0004730864 0.0006202659 -0.0016437569 -0.0014409891 0.0011294397 -0.0003823081 -0.0000898366 -0.0003843713 -0.0000063984 -0.0013040069 0.0004909356 -0.0010228268 -0.0009672029 0.0003228883 -0.0003206120 -0.0000373562 0.0005904743 -0.0008021141 -0.0003644880 -0.0015511581 0.0005673042 -0.0004228720 -0.0002306743 -0.0018090896 0.0000856122 0.0006351820 -0.0011156934 -0.0015463036 -0.0009807439 0.0009819854 -0.0013315181 -0.0016559854 -0.0001075717 -0.0008714075 0.0009309208 -0.0001054841 0.0001891984 -0.0002811975 -0.0006532029 -0.0002059610 0.0003497801 -0.0003673185 -0.0011533661 -0.0015115193 0.0001488164 0.0010368339 -0.0018623624 0.0000596808 -0.0003419665 -0.0013135980 -0.0018049555 0.0010072393 -0.0011819447 0.0004746523 0.0011626842 -0.0002044650 0.0001776174 -0.0005793645 -0.0010155886 0.0000879843 0.0006652866 -0.0005103971 -0.0018309880 0.0004191967 -0.0008977863 -0.0001762811 0.0009929335 0.0007592650 -0.0008681754 -0.0000505055 0.0002557490 -0.0009212748 -0.0016613993 -0.0010510036 0.0005817556 0.0005330854
-0.0927330554 -0.0011671779 -0.0858229324 0.3456872106 0.0016928212 -0.0000233262 0.0969159529 -0.1021979973 -0.1238404140 -0.0020052488 -0.7913898826 -0.0614849366 -0.1802836359 -0.1464807540 -1.0572329760 0.0016236694 0.0017423502 0.0560635552 -0.0419475771 -0.1053609997 -0.1416937709 0.1352878213 0.0354308225 -0.0744439065 0.0000308299 -0.0021830783 -0.0000771098 -0.0012577373 0.4866453409 -0.0455016755 0.0696908683 0.0361806341 0.1279653907 -0.2694169879 -0.0586163029 -0.0253945068 -0.0130610596 0.0008598057 0.0003919932 -0.0042649540 -0.0764859319 0.0016420308 -0.0024754042 0.0020422738 -0.0585430488 -0.1080281734 -0.0135743059 0.0098670442 0.0003876088 0.2063336372 -0.0013750661 0.0005716784 0.0698326975 -0.0024937463 -0.0131808324 0.1544037759 -0.2591755390 -0.0299263336 -0.0002874467 -0.0000937855 0.0405089669 -0.0288216621 -0.0005224420 0.0250054672 0.2147780508 0.0008796582 -0.0648398325 0.0628610030 -0.1254901737 -0.0005846207 0.0107700909 -0.0028192664 -0.0011081262 -0.1681945026 0.1570523679 0.0693750679 0.1271653771 0.0596505143 -0.0448799506 0.0009917876 -0.2107224166 0.0104913367 0.0307797547 0.0924291760 0.0003125538 0.0509004369 -0.0010794643 0.3726900220 0.0007717485 0.3544507623 -0.0222091340 -0.0075727650 0.0018479165 -0.0017356448 -0.0468333587 0.0001903632 -0.0930019170 -0.0008030974 -0.0004107257 -0.0353058688 -0.0026733461 2.0192630291 -0.1853630543 -0.0639587492 -0.4451557994 -0.1992326677 0.0330989361 0.0467105322 0.0016605791 -0.2294347882 0.0527430549 -0.0010784136 -0.0003698884 -0.0000663783 0.0015054650 0.1870206147 -0.0643777549 -0.0004080590 -0.0013576797 -0.0000041314 -0.3688341975 -0.0003362493 0.0030073742 -0.0270098932 -0.0533416346 -0.0290613342 0.2961683273 0.1284334511 -0.0007974704 0.1201277971 0.3042438328 -0.0801148042 -0.0384229459 -0.3299647272 0.0006396698 -0.0552679002 0.0196085088 -0.1637569815 0.0238684583 0.0940761641 0.0007451601 -0.0000994776 0.0019335537 -0.0012205321 0.1205904558 -0.0062454352 0.0004234287 0.0982674211 0.1175231934 0.0442647487 -0.0427812822 -0.0493179262 -0.0684105307 -0.4021311402 -0.0011887138 -0.0036924698 -0.0470067896 0.0272027981 0.0021408363 -0.0454231724 0.0707542822 0.2496211976 0.0467472263 0.0005260305 -0.1002613008 0.1688232124 0.1467408687 0.0578906201 0.0051127551 0.0006397131 -0.0813783184 -0.1782424450 0.0006188743 -0.0647248998 0.1263791770 0.0024812005 0.1208428741 1.2464430332 0.1232431456 0.0094767110 0.2014087290 -0.0020146645 -0.1300068647 -0.0002296427 -0.0946838558 0.0538041443 -0.0009332263 -0.1400581449 -0.1282708347 -0.0876761749 0.0003158152 -0.0004008691 0.0013289741 0.4171378314 -0.0003211443 0.0171999671 0.0670287535 0.0263863374 -0.1677649915 0.0004567338 -0.0022012105 0.0094717508 0.0604778863 -0.0414089970 -0.0159863532 -0.1247874051 -0.0825539082 -0.0011428584 0.0006878480 0.0015582129 0.0006683061 0.0049405736 -0.1055015326 -0.0147807514 0.0703941509 -0.0011981402 0.0337898582 -0.0002432616 0.1643501967 0.0010410682 -0.0153444959 -0.0003122762 -0.1014066041 -0.0423057899 -0.3682979047 0.0002560235 -0.0482938997 -0.0279180724 -0.0006528002 0.0717418864 -0.0872611925 -0.1076686978 0.0001895631 -0.1701849103 -0.0007592081 -0.0444507189 -0.0289765727 -0.0004703486 -0.1293389946 -0.5244409442 -0.0026458646 0.0373687185 -0.0628659055 -0.0411260799 0.0008050823 0.0003574476 0.0007657682 0.0162859652 -0.2949878871 -0.0027608164 0.0734725893 0.0933669284 -0.0292665940 -0.0010031802 -0.0901126862 0.1147030368
0.0598845035 -0.0021131744 0.1036857441 0.1879101545 0.0002173864 -0.0008234561 0.0065927724 -0.0326209776 -0.1703745425 -0.0033577918 -0.0187082160 -0.0707105324 0.0153234266 -0.0503447577 0.1458293051 -0.0000836655 -0.0010919542 0.0416460894 0.0781317130 -0.0591848157 -0.0495853238 0.0584698617 -0.0404329821 0.0438014083 -0.0002636808 0.1214064136 0.0018324457 -0.0019692474 -0.3908203244 0.1125214621 -0.0738708526 -0.0026962305 -0.1652579606 0.1478074640 0.0416440777 0.1121356115 0.1078833342 0.0001519394 0.0001241164 -0.0046877367 0.0093779769 0.0005172359 -0.0029398631 0.0012411939 0.1061087698 0.1542883664 0.0066281809 0.0177942812 0.0009691195 -0.0982848555 0.0001643803 0.0007110590 0.0258379001 -0.0007769235 0.1282047033 -0.0657212511 0.0848891363 -0.0556385741 -0.0009344827 0.2487173527 0.0480416641 0.0634204224 -0.0007944872 -0.0270333774 -0.2570870519 0.0005420079 -0.0154287377 -0.0527098142 0.1465885788 0.0012705537 -0.0495250709 -0.0338830352 -0.0004633148 0.0026547823 0.1154951155 0.0554673634 0.0120116435 0.0035964609 0.1352473944 -0.0001693971 0.1783241034 0.0324870199 -0.0275223926 0.0684751645 0.0016465671 0.1040075570 0.0015900683 -0.0356167816 -0.0002377330 -0.0888071656 -0.0053202105 0.0706551224 -0.0007034147 -0.0027009964 0.0022069733 0.0006837441 0.1010953039 0.0011258771 -0.0005121776 0.0511411428 0.0029462446 -0.0602193661 0.1432105005 0.0535375588 0.1164142191 -0.0092701502 0.1927275509 0.0282665472 0.0020258559 0.1096429899 0.0483114086 -0.0016298674 0.0009804890 -0.0005516554 -0.0009301322 -0.0744377077 0.0607228167 -0.0006877466 0.0005629182 -0.0006662124 0.1230113283 0.0004692053 0.0087180641 0.1239684746 0.0886497945 0.1130218878 0.1622264683 0.1012944207 0.0001249819 -0.0196630619 -0.2334777862 0.0283581782 -0.0616705827 0.0106636900 0.0000469023 -0.4315820932 0.0318080373 0.0916566923 0.1226209477 -0.1007909924 0.0012558296 -0.0001391973 0.0018283857 -0.0501227975 -0.3005459011 0.1120230779 0.0000067527 0.0735090524 0.0731576607 0.0186232273 0.0729184821 0.1270194054 -0.0151230888 -0.0011372612 -0.0020059929 0.0260168798 0.0668016225 0.0809831619 0.1327111721 -0.0170949027 -0.0655582100 -0.1077943072 0.0164612308 -0.0010063893 0.0362210795 -0.2436091155 -0.1456877291 0.1179000735 0.0052558519 -0.0006753036 0.0850631744 0.0393855870 0.0006802530 -0.0062001646 0.0042821653 -0.0032080954 0.1891112328 -0.0163713004 0.0459799655 0.0664587393 -0.1754685491 -0.0003439886 0.0371335782 0.0008188169 0.0610193424 -0.0043335538 0.0014941547 0.0849861577 0.0335005186 0.0234871451 0.0016152337 -0.0009535522 -0.1131501123 0.0568650290 -0.0003478380 0.0272859801 0.0813340619 0.0745033845 0.0550661124 0.0005772386 0.0014704659 -0.0309845153 0.1387700438 0.1856459230 0.0926235318 0.0121706435 0.1257779747 -0.0005993267 0.0013886122 0.0005321308 0.0000769887 -0.0703235045 -0.0097453911 0.0898529515 -0.0746601447 -0.0011510138 0.1190290898 0.0006430468 0.0930917412 0.0005853794 -0.0153949484 -0.0000768521 0.0496578217 0.1187011749 0.1286858767 0.0003958232 -0.0087436670 -0.0727934837 0.0005062378 -0.0977874398 0.0824260265 -0.0699660406 -0.0009084357 0.1263060868 0.0016162897 0.0469410717 0.0224614665 0.0004017892 0.1498330086 0.1922878921 -0.0022165049 -0.0536244027 0.0918755233 0.2947050035 -0.0008565285 0.0007408106 -0.0000884268 0.0247135814 0.0641006082 -0.0007450280 0.0454035476 -0.0701273903 0.0094986819 0.0014172290 -0.0049477862 0.0501644872
0.0624903552 -0.0012324906 -0.3142144680 -0.0849745125 0.0007862122 -0.0007260132 0.0047240527 0.2321582288 -0.2290945798 -0.0028830008 0.6038191915 0.0017721963 0.0012366978 0.1481692493 0.1272896975 0.0017564145 0.0004111082 -0.0276260097 -0.0528853573 0.2714898884 -0.1557400376 -0.0015835912 -0.0134202437 -0.0467145517 -0.0008554854 0.0901921988 -0.0003633711 0.0045644557 -0.0588641465 0.0163464192 -0.0020618427 -0.0460553691 -0.0262848027 -0.4559349418 0.1323493719 -0.0695691779 0.0959294364 -0.0000327381 -0.0001286059 0.0051524262 -0.2501403391 -0.0000502940 -0.0033214120 -0.0006745922 -0.0247626118 -0.3358842731 0.0569368862 0.0294572264 0.0020382893 -0.1043753400 -0.0015098341 -0.0005982738 0.0502104387 -0.0000484589 -0.3202307820 0.0888680741 0.0529355295 0.0342059247 0.0017224745 -0.2273981273 0.1827576458 -0.1098921224 -0.0006611315 0.2824983001 0.0910062417 0.0009829028 0.0244957432 0.0538027920 -0.0735567659 0.0005994622 -0.0161035582 0.0683119148 0.0003537176 0.0845469534 -0.1707497537 -0.4745647311 0.0688119158 0.1341963857 0.1302614212 0.0018212633 0.0080626830 -0.0908751115 0.0614596978 0.0219890662 0.0011446357 -0.0872593522 -0.0003734331 -0.1254090965 0.0016177224 -0.7823148370 -0.0915339440 -0.1312224120 0.0018274257 0.0040546767 0.0988336056 -0.0006265860 0.0439849347 0.0011085974 0.0018626903 0.1611010581 -0.0022256882 -2.7777130604 0.1841730475 0.0131799532 -0.3803652823 -0.0464690886 0.0417678766 0.0084224539 0.0024201828 -0.1629215330 -0.1444366276 0.0000699676 -0.0009492976 -0.0006640737 -0.0009215792 -0.3932367265 -0.0955547914 -0.0013565269 -0.0000818548 -0.0010911588 0.0608301200 -0.0007149831 -0.0222402047 0.0907201320 0.0775729865 0.0816252753 0.3102781475 0.1485005915 0.0006797414 0.0016359730 -1.1026455164 0.0326232724 0.1153821647 0.0178722460 0.0002728555 -0.0306869186 0.0263345204 0.2975711823 0.1364877969 -0.2013576180 0.0004258770 -0.0021792427 0.0006226068 0.0109988879 0.1489605457 -0.0042066774 0.0000160168 -0.1664856225 0.0310621448 0.0222752560 -0.2150665522 0.0827684775 0.1206322014 -0.3091177940 -0.0003428017 -0.0222081840 0.1467801481 0.0241738167 -0.0431545451 0.0756331235 0.1700582802 -0.9435097575 -0.0159327853 0.0019006492 0.0651275963 0.2011782229 0.1956267655 0.3074758053 -0.0001684067 -0.0008336127 -0.0788000152 0.0197410192 -0.0007296684 0.0118858144 -0.0076375422 0.0027099312 -0.4348876476 -2.4536015987 0.0525849536 -0.1186457798 -0.0608171001 -0.0030282971 -0.0387029126 0.0007330644 -0.0822896361 -0.1091359481 -0.0008504575 -0.0441009030 0.0118888989 -0.0212548282 -0.0004474956 -0.0009367926 -0.0668945611 0.0215946455 0.0005065248 -0.0153631577 0.0089969980 -0.0756425038 -0.3027924001 0.0002598558 -0.0008860481 0.0832426921 -0.1270232797 0.0116367545 0.1441254318 0.0737858638 -0.3077021241 -0.0005026587 0.0005188629 -0.0001491896 -0.0003584182 0.2547410727 -0.1081578359 0.1927880198 0.1678298414 -0.0003151686 -0.1394143850 0.0013100383 -0.0251965299 0.0002118488 0.0314907432 0.0016974605 -0.1059317812 -0.1819636524 0.2673352361 0.0009633072 0.0005778947 0.0998947322 0.0000773601 0.3071347475 0.0955749154 -0.0219682362 -0.0009950238 -0.1391189098 0.0007825512 -0.1099150255 0.1248111501 -0.0008246750 -0.0289323404 -0.2241653651 -0.0017926716 -0.0328368507 -0.1203481182 0.0306302905 -0.0006921125 -0.0005286370 -0.0004922847 -0.1485945582 -0.8828359246 -0.0028575584 0.0869546235 0.0983314514 -0.2032026500 -0.0009010505 0.0231182575 0.0176036116
0.0505748093 0.0001583499 0.1187403053 -0.0161990095 0.0007582197 -0.0021444769 -0.0562016629 -0.0627961382 0.1828039885 -0.0025340267 -0.0058463528 0.0992035344 -0.0134196468 -0.1347641349 0.0162251778 0.0004639762 0.0023462803 -0.0396099240 -0.0699230060 0.0274326354 0.1793547869 -0.0263608582 0.0270690005 -0.0685577914 0.0009936113 -0.0158920903 -0.0006308690 -0.0033560400 -0.4906814694 -0.0020716570 0.0658423752 -0.0278903786 -0.0824926496 0.1330579817 0.1075961664 -0.0200565029 0.0578022934 -0.0011615965 -0.0006980039 -0.0049322634 0.1002536193 0.0015280427 -0.0011967635 0.0000917703 0.0293110218 0.1850156933 0.0265765898 0.0788222924 0.0014940575 0.1656917632 -0.0012591967 0.0008774012 0.0734209642 -0.0022201980 0.2111475170 0.0352721587 -0.2966480851 0.0947299227 -0.0015487258 0.0795858949 -0.3442050219 0.1903629303 -0.0004486022 0.1110278368 -0.1482007056 -0.0014840569 0.0966433510 -0.0054541295 0.0406414196 -0.0011365027 0.0334503092 0.0132685481 -0.0000769471 -0.0053027254 -0.0635282174 0.1356409341 -0.0674394220 -0.3080985844 -0.0522245541 0.0012517259 -0.0301978812 0.0923619866 -0.0206878446 -0.0195774846 0.0005300924 -0.0883927271 -0.0010184596 0.1393780261 0.0014000676 0.0279730074 -0.0769984573 0.0326609164 0.0020592059 -0.0039871121 -0.0762822852 -0.0003845114 0.2206629664 -0.0000361950 -0.0001488689 -0.0950511843 -0.0014483633 0.0554665998 0.1339896172 -0.1376899928 0.1255609989 0.0123068970 0.0191474389 -0.0764706656 -0.0006077083 -0.1806292683 0.0723980442 -0.0008510579 -0.0012253922 0.0005207068 0.0002419850 -0.0247606020 -0.0766152367 -0.0032876693 -0.0005428827 -0.0002490243 0.1185502708 -0.0005239125 0.0525773354 0.0632071197 -0.0475661196 0.0593678020 -0.3697262406 -0.2994827926 -0.0009897794 0.0167291500 0.3195395172 0.0005420255 0.0364178941 0.1302525848 -0.0011482259 -0.1621314883 -0.0747723356 -0.2473236620 -0.2817731202 0.1776166558 0.0005568152 -0.0022379786 0.0014084476 0.0377626270 -0.0489002019 0.0340594500 0.0008473826 0.1059229225 -0.1807186157 -0.0387311801 0.0265093744 0.0768162310 -0.1265750974 0.4511579871 -0.0017254315 0.0057357806 -0.0620598942 -0.1123578176 0.0614258535 0.0172461066 -0.1579138935 0.0451506600 -0.0343315974 0.0006910778 -0.0529719070 -0.0901969075 -0.1277804822 -0.0734135136 -0.0015829873 -0.0007618660 -0.0278906077 -0.0023401023 0.0011671783 0.0205840990 -0.1208869666 -0.0028458943 0.2402440906 -0.0459816493 -0.1593273878 -0.0685453042 0.2830264866 -0.0025193391 0.0197549630 -0.0016014741 0.0961069688 -0.0645222291 -0.0009127199 -0.0420534611 -0.0424855612 0.0780138373 0.0011272997 0.0016645790 0.1884175837 -0.1475823373 -0.0007036920 0.0047234055 -0.0824454501 0.0002475339 0.2606029212 0.0012423076 -0.0023057710 0.0210423563 0.0695437267 -0.3816199899 -0.0854836181 0.1497636884 0.1414199322 0.0012021780 0.0013923382 -0.0002357048 -0.0008746900 -0.0132271117 0.1223314255 -0.2834461331 -0.2460670173 -0.0005755733 -0.0411169864 -0.0002787501 -0.0304591116 -0.0011008554 -0.0794476569 0.0015460395 0.0286629833 -0.0166847389 -0.3818740249 -0.0006384507 0.0080261501 0.0488533340 -0.0005821002 -0.1428050846 -0.0035203435 0.1224443391 -0.0005123939 0.1583847106 -0.0004261325 0.3813593686 0.0161257759 -0.0006555723 0.0794725046 0.1941816509 -0.0007514749 0.0630297065 -0.0035472300 -0.1119368598 -0.0007183744 -0.0000543343 0.0015543326 0.0299808849 0.2656134367 0.0033791324 -0.1422689408 -0.1044516265 0.0715779066 0.0008174875 0.1053459495 0.0698726475
-0.2064820230 -0.0018331468 0.0681306124 -0.1513902992 -0.0009411409 -0.0027381782 -0.1446173340 0.0268561728 -0.1057990193 -0.0022033795 0.0573683679 0.1529332846 -0.0597348213 0.0477996245 0.0865215287 -0.0007740208 0.0000362070 -0.0041776132 0.1725081652 0.0870798156 0.2905671597 0.1079213768 -0.3677470386 0.0871134177 0.0002222135 0.0183757599 0.0005061643 -0.0032427099 -0.0364389531 -0.0345365964 -0.2083527744 -0.0176527631 0.0302687865 0.0171482358 0.1386301666 0.1411375105 0.0620970838 0.0000331307 -0.0006335222 -0.0024728749 0.0958528444 -0.0007416726 0.0029874237 0.0005045363 -0.0310276300 0.0333688147 0.0598224588 0.0264631696 -0.0000697506 -0.2833190560 0.0002742209 -0.0011608714 0.1448472887 -0.0016549437 -0.0448714606 0.2549122274 -0.0993087292 -0.0280530602 -0.0035999552 0.1935148984 -0.1059150249 0.1731033325 0.0008462518 0.0619779043 0.0236619171 0.0010183207 0.0561842732 0.2232336700 -0.0239402167 0.0006148079 0.1773421317 0.1521279961 0.0000981218 -0.0031383492 -0.0386520997 0.0662946552 0.0232539829 0.4366540015 0.0062700976 -0.0000613129 -0.0389226750 -0.4482205212 -0.1142268553 -0.0352331884 -0.0008091460 0.3643228710 -0.0001887008 -0.3751028478 0.0007584860 0.1099811420 -0.1555736959 -0.0414561555 -0.0005302824 -0.0013864099 -0.0809969380 -0.0015313305 -0.0402823202 -0.0010050408 0.0002320324 -0.1379634291 -0.0034092665 -0.0239213314 0.0218871199 0.0365262590 -0.0117842071 -0.5429182053 -0.0214234516 0.0857308879 -0.0012468182 -0.0201127119 0.1187471971 -0.0002000073 0.0012200871 -0.0003480255 0.0003020561 -0.1637362242 -0.0245223232 -0.0004979185 -0.0007513816 0.0023681016 -0.0597412586 0.0002815649 -0.1019021869 0.0674096793 0.2202788293 0.0628942326 0.2556819618 0.4353364110 -0.0006543292 0.0842931047 -0.2210955769 -0.2036610395 -0.4389594197 0.1299675256 0.0004146899 0.2357451767 -0.1506720036 0.0613218360 0.1950277984 0.1790128052 0.0002710818 -0.0014879300 -0.0004497461 0.2631069720 0.1418924332 -0.0229657982 0.0015422917 0.1062336192 -0.0457513034 0.4192733169 0.0576475002 0.0693214685 -0.4479668438 -0.1841572374 -0.0009084273 -0.1364334971 0.0075975419 0.1877685189 0.0033888719 0.0908866301 -0.0172247048 -0.0062832972 -0.3834550679 0.0008814224 -0.0239325985 0.2813623846 0.0910319984 0.0253387839 -0.0000353916 0.0007032881 -0.0262656361 0.0413662419 -0.0005064197 -1.1281045675 0.0891746134 -0.0023327647 -0.1223105565 -0.0567252301 -0.0588789284 -0.1330369115 -0.1253680885 -0.0022793750 -0.0144768693 -0.0011257738 0.1262046695 0.0885787308 -0.0004736464 0.0115610389 -0.0243160874 0.1168036610 0.0008014210 0.0003075338 0.2163451612 -0.0290792845 -0.0000695162 -0.0128027601 0.1046604663 -0.1355127096 0.1032988653 0.0004462896 -0.0020037126 0.0620421991 0.0079100356 -0.2320930213 -0.0195525531 0.0470702350 0.0240473561 -0.0001331761 -0.0000867806 0.0013098161 0.0000575476 0.1260571182 -0.0457722507 -0.0872164071 0.0583641417 0.0010862151 0.0270794872 -0.0006266455 -0.6250872612 -0.0006624850 0.2280791253 -0.0007566609 0.1021336168 0.0015666973 0.3213168979 -0.0008108285 0.0397094637 0.0960909948 -0.0005697033 -0.0151242344 0.0920458809 0.0896960795 0.0011543795 0.0970099047 0.0008312429 0.0987502411 0.1326157749 -0.0018339262 -0.0223990902 -0.0133591145 -0.0007265369 -0.1800754517 -0.0084956456 0.2268581539 -0.0015608866 0.0013632323 0.0014585393 -0.0059899022 0.0620988049 0.0003227336 -0.5214461684 0.0098340660 0.1112206429 0.0015451745 0.1274221539 0.1845890284
-0.0328195989 -0.0018346786 0.0405607931 0.0311391056 0.0006902421 -0.0013821120 0.0622119457 0.1016321927 0.0898934603 -0.0020341950 0.0423540920 -0.0413129739 0.0526532121 0.0183565393 0.1654961407 -0.0002073386 -0.0010070092 -0.0115061169 -0.0018467653 0.1164746955 -0.0012939746 -0.0299814530 0.0142384777 -0.0270978455 0.0015750077 0.2047606707 0.0017563184 -0.0022410401 0.1393513978 0.0073620374 -0.0074755810 0.0405279882 0.0095266374 0.0371525213 -0.0303384233 0.0029284894 0.1740838736 -0.0007781085 -0.0010563487 -0.0034125363 -0.0735084414 0.0005970013 -0.0017509243 0.0001281216 -0.0159456395 0.0216858275 -0.0300651081 -0.0066461158 0.0030459990 0.0540382378 0.0002312445 -0.0006077286 0.0023873250 -0.0013205188 0.0128712766 -0.0038426572 0.0804351941 -0.0105737811 -0.0025650177 -0.0677135289 0.0265942961 -0.0185369961 0.0017489232 -0.0563985594 0.3039254546 0.0008464648 0.0634100139 -0.0055246074 0.0812299550 -0.0014228174 -0.0069836257 -0.0160846431 0.0003546120 -0.0075779613 0.0676165298 0.0020468298 -0.0068002343 -0.0028250478 -0.0133188209 0.0003284666 0.1332073212 0.0020406859 -0.0292527135 0.1681319624 -0.0002247417 -0.0171839297 -0.0004515010 0.0712314993 -0.0006212388 -0.0327520110 0.0518769324 -0.0217106156 0.0014352791 -0.0003351882 -0.0106267743 0.0003997083 -0.1367463917 -0.0013566073 -0.0000652066 0.0045892545 -0.0017476722 0.0600471422 0.0282306764 -0.0236134306 -0.0798558891 -0.0023479117 0.0516296960 0.1265764236 0.0015369551 -0.0238772556 -0.0134593789 0.0005372428 -0.0007036561 -0.0011828571 0.0014138445 -0.0787456930 0.0254952498 -0.0026494167 0.0007557066 0.0004629424 0.0538508371 0.0018332568 -0.0008074691 0.1725620925 0.0059002847 0.1633267254 -0.0802132040 -0.0102455532 -0.0002578620 -0.0095060989 0.0913531780 -0.0135325864 -0.0066319923 -0.0377379172 0.0002382104 -0.0072043515 -0.0005986747 0.0055427253 -0.0102147637 0.0332172662 -0.0009381097 -0.0021124152 0.0000216007 -0.0183252580 0.0492555946 0.1174309850 -0.0002086979 -0.0124211600 0.0352832600 0.0037120318 0.0122234877 0.1562659144 -0.0156090362 0.0162561815 -0.0020753972 -0.0216729790 0.1674901992 0.0157275461 0.1186449751 -0.0112247076 0.0932621956 0.0869608521 0.0007509094 -0.0004471424 -0.0105654849 -0.0204453431 0.0271079689 -0.0275117010 0.0011639532 0.0010203365 0.0285437778 0.0059136753 -0.0001564931 -0.0206523892 0.0118223773 -0.0014087522 -0.1035759225 -0.0446432009 0.1216923296 0.0156826600 0.0183480550 -0.0007903629 -0.0288780145 -0.0008508735 -0.0179792121 0.0022265499 0.0015143342 0.0185329560 -0.0000504626 -0.0308173373 -0.0004238978 -0.0011134880 0.0122069549 -0.0005881627 -0.0000211987 -0.0177763104 0.0046563405 -0.0303011481 -0.0297636501 0.0011244697 -0.0007307086 0.0592405275 0.0923226848 0.0343296863 0.1760117859 -0.0256984979 -0.0516895093 0.0016791413 0.0007393247 0.0006066912 -0.0016582601 0.0400335267 -0.0059221499 0.0169991571 0.0708996281 0.0010299933 -0.0878475010 0.0001797514 -0.0140100913 0.0015850492 -0.0041968566 0.0003491465 -0.0203561392 0.0614152923 -0.0287320986 -0.0007178840 -0.0152960839 -0.0034797452 -0.0008445796 0.1164848506 -0.0240360517 -0.0692887828 -0.0011724882 0.0242017582 -0.0010657853 -0.0921329409 0.0018381169 -0.0016626704 -0.0107619474 -0.0528632738 -0.0010359883 0.0108588664 0.0508335307 0.0254651662 -0.0008189045 0.0001866377 -0.0014047835 -0.0364722051 -0.1898274720 -0.0004793517 0.0063685393 0.0260395892 -0.0000739729 0.0018056624 -0.0345677286 -0.0400419123
-0.0007424061 0.0008661535 0.0000866687 -0.0028369529 -0.0011017866 -0.0004616769 -0.0015018185 -0.0015319225 -0.0014956882 -0.0011678397 -0.0011921981 -0.0026634729 -0.0010277766 -0.0019098832 0.0010919953 -0.0012377148 -0.0012569941 -0.0001811898 -0.0010106981 -0.0004583922 0.0005010563 -0.0020144889 -0.0009786350 -0.0013341811 -0.0007203860 -0.0010949780 0.0000593868 0.0009198345 0.0006831294 -0.0003987925 -0.0014005338 -0.0003011277 -0.0013772752 -0.0020746258 -0.0008978205 -0.0005137692 -0.0015108364 0.0003229095 -0.0000505431 0.0006664398 -0.0027643866 -0.0008127879 0.0008233857 -0.0015165560 -0.0020521861 -0.0021863596 -0.0016817455 -0.0024784543 0.0008702961 -0.0011799640 0.0007382592 0.0001873887 -0.0004023835 0.0001461532 -0.0017520505 0.0000949821 -0.0004172127 -0.0017959917 -0.0002033855 -0.0026620051 -0.0021308183 -0.0017885462 0.0008286857 -0.0024711392 -0.0005464178 0.0006725432 -0.0024396847 -0.0020607458 -0.0002001356 -0.0009508254 -0.0008013347 -0.0016575925 -0.0004721771 -0.0002295859 -0.0004860838 -0.0024003959 -0.0008566105 -0.0021891764 -0.0028503889 0.0004780807 -0.0004559889 -0.0013058659 -0.0007697392 -0.0007394877 0.0001770199 0.0000178305 -0.0011513928 -0.0018984746 -0.0005913866 -0.0022336945 0.0000306499 -0.0008786788 -0.0002639876 0.0006080542 -0.0024174333 -0.0014592309 -0.0000423001 -0.0013121824 -0.0007499250 -0.0008560450 -0.0013190220 -0.0010610319 -0.0009462394 -0.0016908358 -0.0020480650 -0.0023718271 -0.0025465458 -0.0023342229 -0.0003256415 -0.0000025062 -0.0019939304 -0.0009636044 -0.0000268180 0.0003917618 0.0000886641 -0.0025821016 -0.0007047881 0.0007633513 0.0010942746 0.0014385968 -0.0028860171 0.0013175964 -0.0013234564 -0.0010650073 -0.0019907062 -0.0006754795 -0.0003451206 -0.0027464591 0.0011024066 -0.0011856764 -0.0017488974 -0.0022681067 -0.0011541718 -0.0014335902 -0.0014697734 -0.0018061865 -0.0022089197 -0.0018860548 -0.0026132627 -0.0011465122 -0.0010468189 -0.0008218060 0.0002248729 -0.0014110345 -0.0010871886 -0.0023522340 -0.0004674157 -0.0011877835 -0.0000109101 -0.0009677153 -0.0028202482 -0.0014305561 -0.0025214388 -0.0014620990 -0.0008143026 -0.0005179549 -0.0002623163 -0.0006250010 -0.0019687242 -0.0011020002 -0.0008692376 -0.0026352007 -0.0017611964 -0.0006203518 -0.0024346130 -0.0012114018 -0.0020599877 -0.0019545993 0.0008720862 -0.0001026042 -0.0023584473 -0.0019925062 0.0000052874 -0.0009560915 -0.0001195404 -0.0012529031 -0.0020128856 -0.0017436863 -0.0017596714 -0.0015082343 -0.0000932281 0.0001689105 -0.0020244650 -0.0006540492 -0.0000685903 -0.0022062678 0.0013537094 -0.0002153633 -0.0024031466 -0.0003798410 0.0006907272 0.0010473416 -0.0028901338 -0.0013779837 -0.0011546523 0.0002704930 -0.0004904026 -0.0014199819 -0.0029085970 -0.0001567379 0.0011051208 -0.0028127043 -0.0019682902 -0.0021945797 -0.0008452655 0.0000426605 -0.0025128818 -0.0003570942 -0.0014278156 0.0006223203 0.0000829983 -0.0010371598 -0.0002492708 -0.0004884031 -0.0016509905 -0.0013717953 -0.0001373853 -0.0006865032 -0.0008416643 -0.0011282270 -0.0005182907 0.0014609594 -0.0019499799 -0.0004882738 -0.0014959723 -0.0008375064 -0.0027480864 -0.0013346699 -0.0003825100 -0.0025196406 -0.0010471949 -0.0010931545 0.0001774821 -0.0005746447 -0.0013796689 -0.0016034166 -0.0012697078 -0.0011297350 -0.0012039845 0.0000218277 0.0012387624 -0.0014052781 -0.0015937723 -0.0013811922 0.0006264683 -0.0012601006 -0.0001978395 -0.0002492127 -0.0010519528 -0.0000002947 -0.0017190191 -0.0025154508 -0.0001592694 0.0015060663 -0.0007583094 -0.0021095178
-0.4328748584 -0.0007250910 0.0530714765 -0.0190714095 -0.0001489718 -0.0006554137 0.0602938905 0.0264404994 -0.0953475609 -0.0019778549 0.0714875907 0.0975085050 -0.0163084492 -0.1659987271 0.0419928506 0.0015172245 0.0000784305 -0.3100757599 0.0712395161 0.1150846258 0.1901460886 0.4246019125 -0.2507339418 -0.8317002654 0.0002239128 0.0415732488 0.0011343521 -0.0036852621 -0.0948431641 -0.0930907279 0.1483543515 0.0191879421 0.0607573502 -0.0103017502 0.3121224642 0.4268440008 0.0571473092 -0.0014740957 0.0006248273 -0.0035934036 0.0175659806 -0.0010101832 -0.0035119629 -0.0010131547 0.0673018321 0.0559145920 0.0101476777 -0.0042800447 -0.0026447268 -0.0977019444 -0.0006148841 -0.0006535478 0.5725172758 -0.0015220757 -0.0359433778 0.2897999585 -0.0536575653 0.0928884596 0.0031659440 0.0265393276 -0.0002560365 0.1154185906 -0.0001179406 0.3069935143 0.0790964961 -0.0008157974 0.0508476011 -0.7839946747 -0.0080753202 -0.0008225395 -0.6335107684 0.2408222407 0.0005936187 0.0585324317 -0.1620838791 0.1262922883 -0.7747313976 -0.3830542862 0.1232724562 -0.0008059701 -0.0762568563 0.3167693615 -0.5339582562 0.0123764742 -0.0013681555 0.1032334268 0.0007533424 -0.0515064970 0.0017197118 0.1645818055 0.5613755584 -0.3247569799 -0.0003200211 -0.0015952892 0.0577387027 0.0002516960 -0.0125396857 0.0019853639 -0.0001743419 0.6152276993 0.0030377060 0.0849907994 0.0090864887 -0.7398691177 0.1285862476 -0.3378690481 -0.0617759079 0.0364541039 0.0021357371 -0.0330012366 -0.1509869844 0.0038659538 -0.0001396287 -0.0000007008 -0.0007063398 -0.0715259239 0.1266646981 0.0006238826 0.0009012593 -0.0028610597 -0.0820697248 0.0013129463 0.1768836230 0.0399725623 0.1757906079 0.0461281724 -0.5428720117 0.4021171629 0.0004786958 0.1447694004 -0.2082453072 0.1233286709 0.3829494119 0.1567628682 0.0003055812 0.0857019350 -0.0308816880 0.3716175258 0.4491784871 0.1269036084 0.0013485528 -0.0010771261 -0.0006754085 -0.6726539135 0.0869035646 0.0055653960 -0.0009359260 0.0604162887 -0.1658974290 -0.0376269333 0.0850984231 0.0371014103 -0.2573539317 -0.4274311066 -0.0000933790 0.2062373459 0.0419573896 0.3374040723 -0.0081575802 -0.1259260923 -0.0283484496 0.1151829809 0.0932154730 0.0003758877 0.0709450766 0.1803502142 0.0667021349 0.0359652750 -0.0020681748 0.0005781390 0.0482491106 0.0453863181 0.0017394827 -0.2840602696 -0.0643680915 0.0019382373 -0.0817398950 -0.0762795284 -0.1090124995 -0.2014177293 0.0058964742 0.0016337669 0.0495996550 -0.0027927058 0.1689859629 0.0069896122 0.0004949580 -0.0326312557 0.1452160925 -0.0785204172 0.0008568550 -0.0005228731 0.0441151410 0.0650367588 0.0009181289 0.0021517018 0.0612348020 -0.1379583031 0.8766334057 0.0013690609 0.0012943257 -0.0474277101 0.0194912087 -0.0538204983 0.0219266713 0.1160702854 0.0505107641 -0.0007325566 0.0006014205 -0.0007648949 -0.0007067830 0.1342023462 0.3072690964 -0.0158026889 -0.0493145362 -0.0005712238 -0.0256466474 0.0007562751 -0.3926467896 0.0005435838 0.1221420914 0.0009623799 -0.1501212120 -0.1507205665 0.0504313856 -0.0011370053 -0.0462710746 -0.0443264917 -0.0002586679 0.0402898416 -0.2681663334 0.0052125552 -0.0009057194 0.0060374658 -0.0009592929 -0.0261378903 -0.1962540448 -0.0009807255 -0.0438768119 0.0940129608 -0.0024004937 0.6348617673 0.0564929694 0.1310999691 -0.0024702435 0.0001713075 0.0000363221 0.1908712387 0.0514184497 -0.0021922912 -0.0341992266 -0.0350595005 -0.2386852354 -0.0009765085 -0.3002113402 -0.7634652853
-0.0032872404 -0.0005446718 -0.0030219303 -0.0032799712 0.0000690583 -0.0014819632 -0.0036300742 -0.0010375505 -0.0032091103 0.0001364540 -0.0010498025 -0.0014306733 -0.0028036004 -0.0011722154 -0.0015703073 -0.0006500319 -0.0014831645 -0.0018424968 -0.0030199173 -0.0011110083 -0.0036218907 -0.0033683714 -0.0033646445 -0.0031458952 0.0000686125 -0.0024853696 -0.0009640951 0.0011961388 -0.0024396684 -0.0026376958 -0.0019508349 -0.0003646796 -0.0032506201 -0.0019183474 -0.0011133876 -0.0020277519 -0.0012664025 0.0011787560 -0.0000222869 0.0012650635 -0.0036968121 -0.0008746749 -0.0000061257 0.0003529616 -0.0029122725 -0.0017260965 -0.0006831797 -0.0033933406 0.0013899349 -0.0022169920 0.0001996846 -0.0015148659 -0.0037768648 0.0012938477 -0.0016181084 -0.0009362326 -0.0011882953 -0.0016034020 -0.0008324208 -0.0006918318 -0.0015210453 -0.0026122709 -0.0009401923 -0.0027538331 -0.0026358531 -0.0007184629 -0.0025784930 -0.0039755674 -0.0033473745 0.0001319477 -0.0012876760 -0.0020245044 0.0011780669 -0.0008207072 -0.0015320375 -0.0009204446 -0.0027820247 -0.0025270663 -0.0017394171 -0.0009421724 -0.0031042236 -0.0026438192 -0.0011205375 -0.0032503463 -0.0000904141 -0.0025211058 -0.0011823497 -0.0028802510 0.0010702307 -0.0027797658 -0.0031951831 -0.0039359303 -0.0006598413 0.0013590828 -0.0028147295 -0.0000583338 -0.0027732630 -0.0009693215 0.0006595862 -0.0019524654 0.0001052136 -0.0034937856 -0.0013360840 -0.0014401833 -0.0009960167 -0.0018013038 -0.0017311199 -0.0012318782 -0.0010405141 -0.0022737146 -0.0016121394 -0.0001849486 -0.0007333572 0.0011516925 0.0013955500 -0.0037329511 -0.0034333852 0.0012076664 -0.0010226187 -0.0005163862 -0.0012089527 -0.0000583605 -0.0021877987 -0.0012674555 -0.0035530305 -0.0016699099 -0.0024111646 -0.0026648329 -0.0010895911 -0.0031575286 -0.0006754268 -0.0008824710 -0.0010435878 -0.0014210891 -0.0013773759 -0.0021426785 -0.0026317358 -0.0032264204 -0.0029735719 -0.0024855030 -0.0007910056 0.0005476502 0.0014900265 -0.0041947938 -0.0011258451 -0.0026512090 -0.0006299691 -0.0035958546 -0.0013548038 -0.0022795952 -0.0013663389 -0.0025171887 -0.0039459243 -0.0028949725 -0.0007080552 -0.0023389757 -0.0025333408 -0.0037646890 -0.0033922100 -0.0036894772 -0.0028212962 -0.0037366815 -0.0009171586 0.0003615026 -0.0019793892 -0.0010299147 -0.0029842732 -0.0026913639 -0.0000301084 0.0010410916 -0.0020666949 -0.0007320730 0.0000119921 -0.0009737849 -0.0009569619 -0.0014168735 -0.0017701349 -0.0020779273 -0.0015784251 -0.0011879763 -0.0037734190 -0.0014670620 -0.0020977154 0.0000214983 -0.0018923412 -0.0005603996 0.0004344078 -0.0021089430 -0.0035623866 -0.0011598348 -0.0011680522 -0.0000239701 -0.0023619044 -0.0019774148 0.0014364581 0.0000828901 -0.0028932120 -0.0019610550 -0.0020722335 -0.0011526220 -0.0006334700 -0.0013400883 -0.0015665286 -0.0015042423 -0.0025488962 -0.0011870648 -0.0017747084 0.0001394749 -0.0014487313 0.0011108995 -0.0002129296 -0.0021463241 -0.0007368337 -0.0031793609 -0.0022200483 -0.0005317925 -0.0020879102 0.0012141136 -0.0032986256 -0.0008397408 -0.0026101461 0.0005807274 -0.0013103739 -0.0006761130 -0.0032008414 0.0014287507 -0.0026164234 -0.0026307323 0.0004913221 -0.0010326385 -0.0022279648 -0.0028131828 0.0013204131 -0.0020581333 0.0011835060 -0.0010038321 -0.0038093734 -0.0006750675 -0.0012210709 -0.0020663051 0.0006638905 -0.0014096795 -0.0008832181 -0.0010200705 0.0000662008 0.0011831253 0.0011433007 -0.0034524784 -0.0030205683 0.0014449329 -0.0028194641 -0.0018979366 -0.0032439234 0.0011597238 -0.0020764880 -0.0019279915
-0.0029275569 0.0011209670 -0.0020684032 0.0000220885 -0.0012859100 -0.0007364310 -0.0031434142 -0.0004706171 0.0007512021 0.0002380443 -0.0029176134 -0.0028221656 -0.0035034034 -0.0034274564 0.0004703484 0.0008853959 -0.0004867176 -0.0004349520 -0.0035402135 -0.0014871468 -0.0032127413 -0.0052432520 -0.0026892596 -0.0017001441 0.0003083532 -0.0018337921 0.0000001518 -0.0005652380 -0.0039984374 -0.0012737521 -0.0011775563 -0.0001673110 -0.0009052213 -0.0006148294 -0.0032588562 -0.0027562960 -0.0005373878 0.0008858513 0.0003932337 -0.0015874744 0.0007039729 -0.0013046492 -0.0014507538 -0.0009598432 -0.0008637095 -0.0030263788 -0.0041179513 0.0017635941 0.0005392314 -0.0011668871 0.0006953905 0.0002752009 -0.0007907535 -0.0005802709 -0.0032094207 -0.0022636638 -0.0005727176 -0.0019741415 0.0011364719 -0.0013825429 -0.0020836419 -0.0010287764 0.0001130988 -0.0023965803 -0.0007229369 -0.0014297394 -0.0010637859 -0.0022597762 -0.0007152201 -0.0000056620 -0.0007606250 -0.0028791048 0.0006308129 -0.0031407932 -0.0048932950 -0.0008666356 -0.0016215510 -0.0007053357 -0.0022471948 -0.0001565795 -0.0018434584 -0.0020053235 -0.0011623296 -0.0032374803 -0.0010632528 -0.0016714298 0.0009736470 -0.0016815886 -0.0013740171 -0.0037238484 -0.0020545274 0.0000353352 -0.0015673734 -0.0008763090 -0.0013978920 -0.0005540429 -0.0045827683 0.0012039120 0.0008597230 -0.0033717761 -0.0015429008 -0.0017153823 -0.0007639552 -0.0004426829 -0.0016730971 -0.0021303277 0.0002096398 -0.0034868657 0.0009932937 0.0002930535 0.0006842866 0.0009760413 -0.0004909566 -0.0015225040 -0.0010726056 -0.0017020175 -0.0005762629 0.0010886698 0.0004811867 -0.0008765543 -0.0005188775 -0.0008072102 -0.0006829745 -0.0011357905 -0.0041131154 -0.0023140663 -0.0007644172 -0.0029591299 -0.0008399407 0.0009960210 0.0017148313 -0.0026941635 0.0017533915 -0.0036355662 -0.0011884141 -0.0032640826 -0.0039396123 -0.0034426488 0.0007142262 -0.0030481755 0.0008370766 0.0001343796 0.0004896896 -0.0018545040 -0.0015195907 -0.0038628306 0.0009060016 -0.0006802977 -0.0033252914 -0.0025110482 -0.0024122156 -0.0030527615 0.0007126812 -0.0014455416 -0.0013436830 -0.0013292955 -0.0025367923 0.0005220273 -0.0003816374 -0.0026186160 -0.0033637490 -0.0020823043 -0.0013898773 -0.0016465841 -0.0006002833 -0.0007139810 -0.0017141299 -0.0016836835 -0.0016049483 0.0007481435 -0.0016045297 0.0012626681 -0.0005188224 0.0000046524 -0.0026171585 0.0007910605 -0.0013480699 -0.0018408129 -0.0030136898 -0.0042108735 -0.0026654997 0.0000177892 -0.0001571187 0.0010442793 -0.0020963165 -0.0029957176 0.0007193877 -0.0044065216 -0.0026524535 -0.0022524584 0.0009228365 -0.0001187567 -0.0040349304 -0.0023386467 0.0006026448 0.0007667469 -0.0000724377 0.0018530478 -0.0038283695 0.0005791357 -0.0003045450 -0.0040253941 -0.0024286821 -0.0037357151 -0.0032986961 -0.0023349472 -0.0025170508 -0.0011703164 0.0007826195 -0.0007698495 -0.0000261426 0.0002332758 -0.0001859624 -0.0037922047 -0.0035531370 -0.0018022627 -0.0024528573 -0.0009612827 -0.0016141533 -0.0003277175 -0.0038377484 0.0008146298 -0.0017226776 -0.0012957894 -0.0030564058 0.0009076140 -0.0023879532 -0.0005050446 -0.0013166617 -0.0026631267 -0.0016146121 -0.0045773098 -0.0016158540 0.0009872308 0.0008493306 -0.0016207112 -0.0035249654 0.0006924275 -0.0008095088 -0.0018064157 -0.0008348701 0.0000371449 -0.0012187096 -0.0006638167 0.0004017573 -0.0009042189 0.0010476154 -0.0020006581 -0.0011966623 -0.0016562291 -0.0043742736 -0.0025877256 -0.0015025146 -0.0002312922 -0.0009636621 -0.0007424896
0.0003507086 -0.0015227826 -0.0003358512 -0.0004578400 -0.0017977374 -0.0004686704 0.0006694549 0.0007629107 -0.0012078892 0.0005231933 -0.0016610746 -0.0017605997 -0.0014286777 -0.0001546436 -0.0014393651 -0.0012416986 0.0003630216 -0.0009409956 -0.0013764199 -0.0002478295 -0.0016814078 -0.0008175093 -0.0004205984 -0.0002374820 0.0006194763 -0.0017640551 -0.0010651714 -0.0005550485 0.0000475146 0.0000541149 0.0000886661 -0.0015011090 -0.0004266514 -0.0006534346 -0.0011675531 -0.0010177561 0.0000527878 -0.0008539966 -0.0009053876 -0.0016953793 0.0001375428 0.0000243089 -0.0005034157 -0.0010370350 -0.0005795545 -0.0017352158 -0.0009974397 0.0008759577 -0.0011338475 0.0013367884 -0.0017285318 -0.0017232621 0.0010672006 0.0012312555 0.0001702572 -0.0015022047 -0.0015255423 -0.0012513234 -0.0002036887 -0.0016856256 -0.0015857769 -0.0003845112 0.0011173157 -0.0014885585 0.0008034704 0.0002985914 0.0001201773 -0.0014382537 0.0011224168 -0.0001870898 -0.0008739472 0.0002171038 0.0002224242 -0.0015344053 -0.0010442527 -0.0004466029 -0.0008143905 -0.0004463698 -0.0014274858 0.0011451072 -0.0005206070 -0.0015114738 0.0000109695 -0.0004107576 -0.0001636897 -0.0005144588 -0.0010752931 0.0003887124 0.0005848099 -0.0002503939 -0.0013673343 -0.0003276304 -0.0008620704 0.0012107188 -0.0015209254 0.0015004424 0.0007998843 0.0008521933 -0.0000695195 0.0010938009 0.0000725531 0.0003887068 -0.0011570860 -0.0015627656 -0.0003009117 0.0002531868 -0.0017318340 -0.0011818882 0.0005640587 0.0005165897 -0.0001425162 -0.0017964175 0.0011142945 -0.0001685733 0.0010579922 0.0007827102 -0.0017468018 0.0004412518 -0.0006336321 -0.0004119239 0.0007176357 0.0001564454 0.0007764262 0.0007979820 0.0002795596 -0.0009837403 0.0004654753 -0.0009397205 -0.0006721939 -0.0006791908 -0.0010942949 -0.0000462126 -0.0002827666 0.0006452041 0.0004515801 0.0003472376 0.0011848415 0.0006299934 -0.0013716979 0.0012050727 0.0005897897 -0.0004482708 -0.0009572712 0.0003481077 0.0011836814 -0.0003701021 -0.0014384997 0.0004410040 -0.0009082201 0.0011731857 0.0004640476 -0.0007018373 0.0009751011 -0.0017989102 0.0005529628 0.0010685946 0.0002553243 -0.0005292781 -0.0004966242 -0.0006585176 0.0011288337 0.0011885061 -0.0013471906 0.0007592743 -0.0015219320 -0.0018670262 -0.0001410471 -0.0006731488 -0.0002286979 0.0000917019 -0.0008387195 -0.0001201554 -0.0010312768 0.0008398211 -0.0014012200 0.0005535510 -0.0009998047 -0.0004354598 -0.0004889306 -0.0004460919 0.0010550123 0.0003316630 -0.0003219901 0.0009960553 0.0007102558 0.0005859053 0.0004198311 -0.0015376776 -0.0013706234 -0.0007735536 -0.0008695238 -0.0014040138 -0.0007116239 0.0004596422 -0.0007775537 -0.0012823081 -0.0018086847 0.0008952625 -0.0017820669 0.0001165033 -0.0004272207 -0.0009340854 0.0010246568 -0.0011788367 -0.0011073704 -0.0014437775 -0.0006468011 0.0000928410 0.0001401203 -0.0001278037 0.0002689883 -0.0015569783 -0.0001338413 0.0008930373 -0.0016454943 0.0010280112 0.0010383443 -0.0000115375 -0.0008568266 0.0007322424 -0.0014004728 0.0003104466 -0.0004341320 -0.0017943041 0.0003851179 -0.0003582560 -0.0010676137 -0.0017730168 -0.0012117500 -0.0017167717 -0.0011762273 0.0008173980 -0.0004953099 0.0004152853 0.0007659575 0.0010594988 -0.0002629907 -0.0003165372 0.0002941402 0.0001788330 0.0009526476 -0.0008470164 0.0003405798 -0.0011687998 -0.0002527972 -0.0013946175 -0.0006024695 -0.0015552584 0.0007184357 -0.0001922550 0.0011150638 -0.0011281862 -0.0017621724 -0.0015861077 -0.0004330701 0.0004049072
0.0234386269 -0.0009774441 0.0043188543 0.0641256571 0.0007453616 -0.0010296244 0.0327884592 0.1374727339 0.1273553073 -0.0022990240 0.0577018298 -0.0135814883 0.0878212750 0.0692521036 -0.0115531143 0.0002748909 -0.0002198352 0.0211056005 0.0233472679 0.1013131440 -0.0107189417 0.0355575904 0.0159953255 -0.0005289070 0.0006977944 0.2379491180 0.0007369322 -0.0040163300 0.1659851968 0.0354663618 -0.0051003471 0.0497847460 0.0433082022 0.0457605794 -0.0276445150 0.0255240686 0.2017786801 -0.0006616040 -0.0003086750 -0.0034942927 0.0136237442 -0.0011311112 -0.0035060490 -0.0006912509 -0.0278949682 -0.0193591304 -0.0427253656 -0.0163239036 -0.0028010814 0.0529471673 -0.0002204098 -0.0012792534 -0.0089759175 -0.0002779980 0.0977074057 -0.0155560952 0.1071406379 -0.0095609706 0.0047241673 -0.0899788216 0.0462829918 -0.0096164169 -0.0000782248 -0.0622857995 0.4728323817 -0.0010134733 0.0384646133 0.0187238380 0.1115889475 -0.0010406870 -0.0140887713 -0.0331838876 -0.0005327725 -0.1690222472 0.0837731436 0.0318954401 -0.0163115393 0.0338575356 -0.0232376363 0.0010097207 -0.0271513239 -0.0194726661 -0.0256535970 0.2070774287 -0.0010706618 0.0303567741 0.0006182345 0.1127875447 0.0009795241 -0.0159706455 -0.0223364439 -0.0211895015 0.0005862337 -0.0002552343 0.0073556835 0.0014738739 -0.2110316604 -0.0015176749 0.0008455327 -0.0182547458 -0.0028721255 -0.1896484941 0.0495313853 0.0212010555 -0.1215851903 -0.0338530615 -0.0352353156 0.0261510517 -0.0001530566 -0.0170895774 -0.0247746017 -0.0025504774 0.0005255493 -0.0016616589 -0.0003825870 -0.0807043687 -0.0109761022 0.0022126744 -0.0006314176 -0.0016569489 0.0372069217 -0.0006861002 0.0450517535 0.1990650147 0.0326786079 0.1892981380 -0.0076476797 0.0053449869 0.0003907671 0.0013505099 0.1429923624 0.0034037258 -0.0165382028 -0.0628953800 0.0023482947 -0.0532095730 0.0587886609 -0.0353187025 0.0257722475 0.0115157692 -0.0010014315 -0.0019416605 0.0009964685 -0.0089074746 0.0417943299 0.1601644456 -0.0007837272 -0.0252669044 0.0560281612 0.0053436770 0.0104511334 0.1830206811 0.0133530246 -0.1465149820 -0.0016463508 -0.0210832357 0.1938527375 0.0244222209 0.1516954303 0.0282893479 0.1282583922 0.0826646015 -0.0215526428 -0.0011677339 0.0124737322 -0.0798856840 0.1241922900 0.0950367078 0.0018626963 0.0019704774 0.0538439937 0.0020471874 0.0000390673 0.0447087809 0.0045222817 0.0018134677 -0.1819675416 -0.0470621623 0.1633020639 0.0391451754 0.0527598076 -0.0011369612 0.0058130305 -0.0016750940 -0.0171592142 0.0088235158 0.0000365034 0.0724554360 0.0239049848 -0.0545243435 -0.0013090904 0.0009248846 0.0982361287 0.0199789815 0.0006667266 -0.0222065188 0.0120702097 -0.0257090852 -0.0392556749 -0.0004836013 -0.0013851800 0.0859248117 0.1181223318 0.0423098989 0.1829972267 -0.0167228393 -0.0346528441 -0.0008124520 -0.0009412367 -0.0006562094 -0.0001846426 0.0545574278 -0.0246112719 0.0365160145 0.1037281677 -0.0002054946 -0.0352329016 -0.0011958445 0.0237486865 -0.0012045185 0.0029428629 -0.0009799330 -0.0154418843 0.0952681676 0.0024262820 -0.0015363884 -0.0597347431 -0.0590702705 0.0012346958 0.1541446894 -0.0135230711 0.1209939718 -0.0007342468 0.0414323322 0.0001035610 -0.0461185686 0.0206944235 -0.0006956944 0.0710347295 -0.0740430132 -0.0012618189 0.0269106049 0.0810362846 0.0149599705 -0.0003539758 0.0005296022 -0.0001424804 -0.0662863404 -0.3232685328 -0.0012966158 0.0337905101 0.0519205257 -0.0165803153 0.0005643575 -0.0566335581 -0.0507638603
0.0256812051 0.0021207109 0.1125991642 0.1806161404 0.0001400856 0.0009130269 0.2761112154 0.1064466983 0.1982292980 0.0025025716 0.1012362316 -0.0435601287 0.0618426353 -0.0068507213 0.0392081402 0.0015285228 -0.0007950304 -0.1889906228 -0.6339690685 0.1020018086 -0.6057296991 -0.0611680932 -0.0692802817 -0.2017022222 0.0008244136 0.0502052680 0.0017527549 0.0027990339 0.0114882626 0.2221918106 -0.0658225417 -0.0666389540 -0.5487249494 0.1296119094 -0.6242936850 0.0041231513 0.0516253971 -0.0012353759 0.0009320635 0.0040776958 -0.1458304375 -0.0004369712 0.0038521537 -0.0005857318 0.3030934930 0.2250651121 -0.8670954704 -0.0158377457 0.0003910626 0.1458357573 0.0024727082 0.0009681387 -1.1505689621 0.0014928855 0.0325491317 -0.3396602571 0.2199390233 -0.0657783300 0.0007686772 -0.1193266436 0.2737285793 -0.0011684380 0.0014019775 -0.1587921828 0.1330213696 0.0005597143 0.0594026335 -0.2307085693 0.0926416814 -0.0008790733 0.0578727908 -0.0072740717 0.0017800354 0.0270021744 -0.0917335302 -0.2323544919 -0.1986184716 -0.2749221325 -0.7750518322 0.0010261206 0.0416099131 -0.0299291350 0.1986816227 0.0706952289 -0.0005428676 -0.5609318018 0.0008833113 0.4707871377 -0.0016823291 -0.6310846806 -0.1882816553 0.1709185988 -0.0011831928 0.0053718276 0.0054162215 0.0007873757 -0.0012072473 -0.0000630770 -0.0008116153 -0.1111680344 0.0040174038 -0.1990898848 0.2046414316 -0.0647691116 0.2527164817 0.3682949245 0.2335638851 0.0288591683 -0.0014450219 0.0454105772 -0.1338613033 0.0019913663 -0.0003535066 0.0014054645 -0.0003082056 0.6783055663 0.5151626468 0.0027833271 -0.0010755106 0.0014446239 0.2377547324 0.0015510623 -0.0160575677 0.0552601218 0.0280998778 0.0489930436 -0.5568003058 -1.3348309994 -0.0010335721 0.0159053970 0.4764219224 0.0529779457 -0.0430861413 0.1060118005 0.0016921612 2.4470310211 -0.8223337531 -0.1956888884 -0.4401365221 -0.3289891183 0.0004617200 0.0010297440 0.0012659776 -0.0241651293 -0.1785337925 0.0562999696 0.0014278657 -0.2394882143 -0.0315497145 0.0064013088 -0.4064355493 0.0686066821 -0.0050325980 0.5010556579 -0.0007566011 0.0130416276 0.0776345134 -0.0340707824 0.0627817661 0.0814177617 0.1546771824 -0.0442041531 -0.0415413193 -0.0007760024 -0.1272458583 -0.8639445305 -0.1405517310 0.1054337099 0.0014987775 0.0000803135 -0.2003256530 -0.5191649795 0.0002403969 -0.0296180397 -0.9254753590 0.0000191784 0.2017123550 0.4308176935 0.1193557233 -0.0426405221 -0.0206116978 -0.0007543899 -0.0321087688 -0.0011879391 -0.7792879343 -0.7787133455 -0.0009007319 0.1319771856 -0.1118966267 -0.1873127669 -0.0010229046 0.0008269834 -0.3110614717 0.1497717500 -0.0000307483 -0.0165006667 0.0113350563 -0.0393696688 0.1348892897 0.0004374668 0.0037211336 0.1098765656 -0.0135758156 0.2052954286 0.0498887561 0.0187082551 0.1976230741 0.0015961825 -0.0010152137 -0.0017941081 -0.0003349347 0.0267093964 0.0121168327 0.1447891593 0.0569320172 0.0007833742 0.0931234509 0.0018597544 -0.0254114270 0.0017717613 0.0025772383 0.0012301571 -0.0433885045 -0.0907618925 -0.1982846558 -0.0001114103 -0.8823650479 -0.1579535455 -0.0005140371 0.0288418308 -0.0523273535 -0.1582043618 0.0007024018 -0.1223093197 -0.0004917535 0.1114495024 -0.2391440719 -0.0004811929 0.2723048925 0.2947543859 0.0026334072 -0.1243183985 0.1211223975 -0.3851344585 0.0009810202 0.0012524622 -0.0007659631 -0.0886292830 0.3513511121 0.0016117481 0.1083416268 0.0957664326 -0.0635632873 -0.0008602052 0.0852908716 -0.1363765150
-1.0940095186 0.0001614457 -0.0550761335 0.0327725075 -0.0002215542 -0.0014055899 0.1052245051 -0.0418429412 0.1126024798 -0.0033658342 0.0499711595 -0.0863037631 -0.0028816995 0.0114311324 -0.0530900434 -0.0001016224 -0.0009855009 -1.3516668081 -0.0250088144 -0.0529861972 -0.0595597588 0.2610138953 -0.2247731835 -1.2706236839 -0.0003394197 -0.0119327297 0.0006186588 -0.0016810428 0.0646196306 -0.0438841842 0.0084336288 -0.0307201073 -0.4754492640 0.0126790004 0.5272772312 0.0948998556 -0.0289726816 0.0004558432 0.0016158342 -0.0042291689 -0.0008871051 -0.0010365619 -0.0017349622 -0.0004371073 0.0642995983 0.0939252451 -0.1141242683 0.0985040590 -0.0010855813 -0.0336110108 -0.0017634993 -0.0004777085 0.3152017891 -0.0023318259 0.0876020938 -0.1712845266 0.1003040820 0.3101364970 -0.0031577172 -0.0013204365 0.0174247716 0.0848065466 0.0017372438 0.0979495570 0.0617158823 -0.0009010873 0.0010628554 -0.8086062074 -0.0573794991 -0.0009696574 -0.6664291620 0.0346138142 0.0007864774 -0.0309570320 -0.0222176258 -0.0272088274 -1.0551744699 -1.0431360006 0.0419949591 0.0001257712 -0.0479247868 0.1801513135 -0.2472126782 -0.0270859916 0.0006155087 0.0257801022 0.0004458642 0.0928149149 0.0005401614 -0.3975259662 0.4595084190 -0.1407488286 0.0003330050 -0.0024834974 0.1684309393 -0.0004830505 -0.0133770742 0.0004281805 -0.0009073516 0.5167299509 -0.0028993974 -0.1863348931 -0.0279742293 -1.1819460392 -0.0067877905 -0.0163610466 -0.0030741745 0.0075081717 -0.0004701654 -0.0222915336 -1.2759412527 -0.0007838910 -0.0010180211 -0.0009048051 -0.0010442502 0.2231944948 0.1797632724 0.0012715200 -0.0010888820 -0.0012958740 0.0358046964 -0.0003169032 0.3486849070 -0.0277452059 0.3715585172 -0.0179102179 -0.7656846046 0.7831569910 0.0017667807 0.1766344607 0.2226402462 0.0852066204 0.2334827781 -0.0035250359 -0.0012108173 -0.9053978920 0.0142852794 0.3080044389 0.1825973839 0.0631815046 -0.0013790873 -0.0026160092 -0.0006102502 -0.9269812107 -0.0216414575 0.0237521175 0.0004583550 -0.0076488303 -0.5998462439 0.2134545445 -0.0451945476 -0.0298803132 -0.9393378496 -0.2397727072 -0.0002742555 0.2429945320 -0.0244735666 0.4931132793 0.0488245003 -0.3224012256 0.0574286543 0.0554747321 -0.1764462441 0.0017924410 0.2829106152 0.0480644703 -0.0255673546 -0.0421946608 -0.0034628764 -0.0004501050 0.1573516279 0.3947602212 0.0016195884 -0.5087723136 -0.1394278705 -0.0026716480 0.0117407953 0.4410110414 0.0084998403 0.1723834723 -0.1189947724 0.0037637283 0.0876471400 0.0000619003 0.0723795742 -0.0487691052 -0.0010292070 -0.0286218710 0.1364671439 -0.1392627358 0.0003872785 -0.0005815467 0.0870502368 0.0662906617 -0.0010607990 -0.0098235840 0.3117575049 -0.6156717539 0.4918354750 0.0016429102 -0.0010958418 -0.0002756817 0.0210516043 0.0597549044 -0.0089387354 0.1525979787 -0.0416181721 0.0007075280 0.0017905012 0.0002516191 -0.0010043542 0.0352986455 0.2240706384 0.0215150714 -0.0256144106 -0.0005515015 0.0237724986 0.0015633957 -0.1302309334 0.0010396107 0.3782184422 0.0010211832 -0.5017657876 -0.0832560807 -0.2219964564 -0.0003434391 -0.0199938789 -0.4476007223 0.0018085790 0.0020551183 -0.6653105021 0.0208574496 -0.0011861748 0.0195677038 -0.0000506096 -0.0283669643 -0.6551420689 -0.0015721114 -0.0059143561 0.0488716513 -0.0015740928 0.3228548467 0.0818766877 -0.0884331465 -0.0008413198 -0.0007656343 -0.0002907972 0.1920620054 0.0163095910 -0.0032980796 -0.7200422287 0.0148852281 -0.8797792792 -0.0000229640 -1.0650798082 -1.5379106998
-0.2206423581 0.0012050355 0.1201445833 -0.5935001373 0.0004131660 -0.0017036311 -0.1311237961 0.0206197537 -0.9311575890 -0.0030594296 -0.4099158049 -0.0297766197 0.0384576283 -0.6407811046 0.0235060696 0.0003289410 0.0004756446 0.1456853151 0.2724216878 -0.0827834085 0.2425066680 0.3126539886 -0.0118186399 0.0657264441 -0.0000330599 -0.0904336572 0.0013120135 0.0027953498 -0.3720950782 -0.0176379271 0.0974470749 0.0387379564 0.2710736096 0.1392071396 0.1995221376 0.1504703164 -0.0521371365 -0.0009685400 -0.0002722917 -0.0038819520 0.2300325632 -0.0003022756 -0.0032374514 -0.0002064682 0.0450170152 0.1317579597 0.0606401600 0.0054961466 -0.0008557832 -3.0239894390 -0.0023253041 0.0010761318 0.2013472468 -0.0021625112 0.1571825892 0.0957696736 -0.8705202341 0.0055392291 -0.0024822014 -0.1015814915 0.8951337934 0.1527073532 0.0004010895 -0.2207105756 0.0024461620 -0.0003502892 -0.0514255427 -0.0193591397 -0.0005191161 -0.0016532737 -0.0689555332 -0.0445248447 0.0009972554 -0.0337118357 0.0309137180 0.4021766484 -0.1430152804 0.2311681956 0.0737271309 0.0011733478 -0.0685536116 0.1840664446 -0.0362473615 -0.0281007271 -0.0008535849 0.2760631442 -0.0003393395 0.1293297708 0.0014047498 -0.5484380126 0.4476173222 -0.1686040908 -0.0002212971 0.0012346942 -0.1523789763 -0.0011880241 -0.0268699061 -0.0013440921 -0.0009422307 -0.0245047156 0.0014401721 -0.0481922738 -0.1201238334 -0.0748242289 0.0958267525 0.4829403460 0.1076241061 -0.0101138586 0.0006758015 -0.0541777909 0.1591464132 -0.0019774991 0.0007648566 0.0016959829 0.0016510644 -0.2966352701 0.3997363746 -0.0011893455 -0.0011246949 -0.0027562745 -0.0025074477 0.0009435356 0.0975578800 -0.0559465922 0.0011123033 -0.0597075894 0.3528664708 -0.0461213551 0.0004963971 0.1924471855 -2.0502378941 -0.1409346908 -0.1141881570 0.1483746022 -0.0003663195 0.2170155197 -0.0399350710 0.3463526070 0.3609941304 0.2664210498 0.0009393634 -0.0004823135 -0.0003756348 0.0741700009 0.2082613558 -0.0307950042 0.0014727202 0.1749468893 0.1715272069 -0.0411813892 0.2394503206 -0.0486727990 0.0714142621 -0.4067537785 -0.0006909702 0.0996008366 -0.0465213656 0.1326540112 0.0372020379 -0.0004048240 -1.3424084187 0.4220195115 0.0324336439 0.0017997441 0.0470949896 0.0897844732 0.0658674613 -0.0895743668 0.0020740486 0.0015580755 0.1992779225 -0.0455820747 0.0015395738 0.0610774718 -0.3108462095 0.0038222568 -0.3296909332 0.0356473550 -0.1629333198 0.0742727220 -0.2165962905 0.0033617595 0.1147528067 -0.0014138883 0.2247505486 0.0579491667 -0.0002828055 0.0301904250 0.0785791725 0.1183556095 -0.0007517717 0.0009354306 0.1838315278 -1.5857757330 -0.0014155329 -0.0201229770 0.0285756513 0.4182289541 0.0230570324 -0.0003443395 -0.0010977283 -0.2170599550 0.0632980093 -0.4774809778 -0.0209486429 -0.1016484350 0.1080742180 0.0009676378 0.0017044904 -0.0003591889 0.0006692238 -0.0231907107 0.1815840304 -0.0696949661 -0.2440060824 0.0017601853 0.0728460774 -0.0005951048 -0.0211878847 0.0006055607 0.1032665968 0.0012403155 0.1294775903 0.0896936804 0.6712253690 0.0001203505 -0.1490100473 0.0337620117 -0.0011368267 -0.0287464745 0.1316084713 -0.0481078364 0.0012003203 0.1393187940 0.0005297629 0.0548473112 0.0822835937 -0.0025276281 -0.1429159492 -0.2286420316 -0.0003376915 0.3687556684 0.0642059222 -0.2274176776 0.0000331912 -0.0007122090 -0.0009929887 0.2572920322 0.0403496064 -0.0017161760 0.0159112662 0.1261176318 0.2650313675 -0.0002589202 0.1375516653 0.0904294029
-0.0382105932 0.0009681856 -0.1655551195 0.0566599220 0.0007411173 0.0011369818 -0.0941472799 0.1331117749 -0.0208854657 0.0029719935 -0.2332676053 0.0377797894 0.0465925708 0.1197358891 -0.0198697187 0.0012880305 -0.0023282557 0.0021474082 -0.0206148215 0.1856396049 -0.2551728487 -0.0254085641 0.0213818438 -0.2468919605 0.0013483727 0.1147496700 0.0011143226 0.0038929714 -0.0860810578 0.0304812863 0.0036121500 0.0091081588 0.0723087117 -0.2668273747 -0.0981888846 -0.0536302552 0.0948999897 0.0007548950 0.0001662173 0.0044960123 -0.1951226294 0.0009142046 0.0030647665 -0.0020125152 0.0828708485 -0.1842018664 -0.0150537165 0.0359181277 -0.0029545040 0.1001812294 0.0027809674 0.0002228375 -0.0530432053 0.0011181332 -0.3123777509 -0.1587842703 0.0472504832 0.0617551319 0.0018191235 0.0505583808 -0.0018756757 0.0874621272 -0.0016768100 0.3574965894 0.2003168166 -0.0016033179 0.1177880242 0.1893808842 0.0049843960 0.0025684671 -0.1741924733 0.0216987040 -0.0011174921 0.0071482277 -0.1946993619 -0.3216980398 -0.1052995324 -0.1979921162 0.1132106036 0.0012651968 -0.0286389105 0.0053857248 0.0734909400 0.1186886281 -0.0006307640 -0.4445823431 0.0003594271 -0.0806329995 0.0016791186 0.0786596239 -0.0822291747 0.0671289712 -0.0003731632 0.0018321726 -0.1246951669 0.0012717824 0.1569493115 -0.0002487068 0.0009994367 -0.0137940273 0.0021294244 0.0321304835 0.1617307514 -0.1259501576 -0.2923872173 0.1431739479 0.0031442854 -0.0124839945 -0.0008701510 -0.0430032909 -0.0657013953 0.0023093086 0.0003197228 0.0008327935 0.0007211325 -1.0058374405 -0.0119976951 0.0022579965 0.0010015516 0.0018059810 -0.0522102490 -0.0000300885 0.0378529578 0.0933944583 -0.0121256504 0.0835475028 -0.2190034688 -0.0980241448 -0.0005484361 -0.1909225136 0.1085251197 0.0499299914 0.0918870121 -0.0470000841 -0.0002859508 -0.4485309124 -0.0194028299 -0.0045196614 0.0051588817 -0.1744089276 0.0004973777 0.0030078404 -0.0006336914 0.0005759752 0.1328431666 0.0751725659 -0.0009086422 -0.1700880229 -0.2589727044 0.0706116930 -0.2336823195 0.0928401425 -0.1259254217 0.6824939251 -0.0005102596 -0.0918867737 0.1287782043 -0.1819899976 -0.0023001486 0.1251102388 0.0320879631 -0.2549186349 0.0558898933 0.0007379866 -0.1305454075 -0.0333288424 0.2639470398 0.2787924707 0.0033870032 0.0007363618 -0.1415069550 -0.1585091054 0.0000763041 0.1187492684 -0.0178063773 0.0035023226 -0.1256297231 0.0059854444 0.0931312516 -0.1634967476 0.2914516926 -0.0034882133 0.0903867707 0.0002819129 -0.1234806478 -0.0746353492 -0.0009338696 0.0507717505 0.0510382652 -0.0438902080 0.0003107036 0.0003280259 -0.2280209810 0.0184048843 0.0006412683 0.0037923360 -0.1732162833 -0.1590629518 0.6932159662 -0.0004830338 0.0017180293 -0.0458160527 -0.0982947350 0.0194965079 0.2073198259 0.1941396594 -0.0975111872 0.0008713935 -0.0005859149 0.0015314632 0.0002897893 0.2336702645 -0.0075542396 -0.0358667560 0.0477451161 0.0014055985 0.0221803561 0.0006621192 -0.1930063367 0.0006246439 -0.0306309517 0.0002015803 -0.0745839253 -0.2053322941 -0.5797455907 0.0009137475 -0.0225418061 -0.1022353619 0.0013108237 0.1302008629 -0.0158436447 -0.0105904127 0.0011248694 -0.2589111328 0.0007431176 0.3140478432 -0.0101815267 0.0008049704 0.1615019739 0.1736604422 0.0021833570 -0.0119748022 -0.0804915801 -0.1509868205 0.0015964241 -0.0005772855 -0.0008128044 0.0895054191 -0.3384764493 0.0017437452 -0.1600980312 0.0524199009 -0.3499839604 -0.0000348712 0.0903862938 -0.1148704141
-0.0016298501 -0.0000619156 0.0001924124 0.0000471633 -0.0005563257 0.0005658633 -0.0007167749 -0.0013215885 -0.0016555454 0.0012209620 -0.0005762920 0.0001720473 0.0001832565 -0.0013723432 -0.0010530732 0.0001547914 -0.0010750340 -0.0010737920 0.0010088902 0.0011226671 0.0010492686 -0.0005096183 -0.0017301381 -0.0003378947 0.0010273790 -0.0009584293 -0.0009965081 -0.0010934616 0.0007669434 -0.0001304426 -0.0000349255 0.0011079572 0.0008378186 -0.0001635599 -0.0005918081 -0.0008330860 -0.0013544031 0.0011814530 -0.0004137932 -0.0011837085 0.0000288782 -0.0001579770 0.0004105567 0.0013417698 -0.0012589782 -0.0011247928 -0.0005788049 0.0009153619 -0.0013778595 0.0006689306 0.0010024975 0.0012120373 -0.0000170005 -0.0015521346 -0.0018330289 -0.0014496458 0.0001144984 -0.0010570688 -0.0012633719 -0.0014225387 -0.0000749285 0.0002651861 -0.0010752422 -0.0005809931 -0.0017216215 0.0000568321 0.0009098172 -0.0012872125 -0.0002449379 -0.0011861401 0.0003263239 -0.0005816772 0.0001197909 0.0006750236 -0.0017114868 -0.0014632831 -0.0009501494 -0.0007551932 0.0004619666 0.0010072965 0.0001413704 0.0010100377 -0.0011148440 0.0001673711 0.0008826282 -0.0003264568 0.0002038927 0.0007196610 0.0005463857 0.0008015967 -0.0017192378 -0.0003184121 0.0005811186 -0.0011675423 0.0007852663 0.0012555560 -0.0003411329 0.0000135645 -0.0010412891 -0.0009803957 0.0007791059 -0.0003329970 -0.0011536360 -0.0005897297 -0.0009151698 0.0011482441 -0.0000160085 0.0000293432 -0.0006843908 -0.0016893016 0.0004745019 0.0006189683 -0.0003096952 0.0011790717 -0.0011312917 -0.0017579206 -0.0001739078 -0.0002678576 -0.0001059758 -0.0010811369 0.0009491204 0.0004960923 -0.0014977827 0.0011170239 -0.0006975053 0.0001322196 0.0007516516 -0.0004186549 -0.0009799788 0.0009292765 -0.0018319552 0.0011132095 -0.0001488832 -0.0004187272 -0.0009018644 0.0010433396 -0.0011890320 0.0009308309 -0.0002087867 -0.0000387774 -0.0006275948 0.0010481924 0.0007806103 -0.0000547549 -0.0002891448 -0.0012694924 -0.0014352453 -0.0012605053 0.0002631329 0.0006104916 -0.0002529271 -0.0005934531 -0.0017547779 -0.0004990696 -0.0014807632 -0.0001232912 -0.0008943700 -0.0011807989 -0.0010157856 -0.0002593208 0.0007695428 0.0009651553 -0.0010546807 0.0010541584 0.0000601319 -0.0005269955 -0.0004130985 -0.0013043371 -0.0000176684 0.0004250535 0.0008080169 -0.0008752687 -0.0012514676 -0.0014017391 -0.0004260256 -0.0002058901 -0.0010368512 -0.0016002182 -0.0018041349 -0.0008406893 -0.0012176459 0.0008651610 -0.0000557499 -0.0012571875 -0.0005555400 -0.0009498885 -0.0001130223 0.0006660340 0.0006724560 0.0007063768 -0.0008115706 -0.0002031685 0.0006184301 0.0007191755 -0.0014029101 0.0002444045 -0.0009010739 0.0004246091 -0.0002086496 -0.0008275694 -0.0004737957 0.0006023671 0.0001070221 0.0010185411 -0.0009344458 -0.0001436298 -0.0014860398 0.0005707972 0.0004919680 -0.0005028098 0.0001177989 0.0003269385 -0.0017845717 0.0007368666 0.0001156099 -0.0015256654 -0.0013538927 0.0003045063 -0.0009894309 -0.0008415314 -0.0015547358 0.0001447860 0.0010743220 -0.0018078685 -0.0009614754 -0.0013442013 0.0003909464 -0.0006487977 -0.0012579054 -0.0006940439 -0.0011042071 0.0001981572 -0.0000257421 0.0003780214 -0.0005957008 0.0004592241 -0.0005848097 -0.0008504672 -0.0010803910 -0.0003644293 0.0000100007 -0.0017502031 0.0006875923 -0.0005709794 -0.0004956150 0.0011793555 -0.0008941381 0.0010047186 0.0002221826 0.0000954808 0.0007251392 -0.0013670147 0.0008523826 -0.0005361799 -0.0017639035 0.0000587886
-0.0208387617 -0.0004064674 0.0801522285 -0.0172849391 0.0003672714 -0.0005525681 -0.0526470467 -0.0722388104 -0.2843791544 -0.0008900798 0.6856930256 -0.1179792285 -0.0248214155 -0.4686504304 0.1598715633 0.0015615494 0.0014181413 0.0330683477 0.1459594667 -0.0499252081 0.1040351763 0.0557186380 -0.0449655913 -0.0255906247 -0.0005992356 0.0523112752 0.0002239898 -0.0020143562 -0.0508133397 -0.0593056083 -0.2162925452 0.0216024946 -0.0491309799 -0.1753387898 0.0257000849 -0.0561020635 0.0483545884 0.0006827704 0.0013780515 -0.0051559256 0.1398646384 0.0012301642 0.0034408814 -0.0012364634 0.1415715516 -0.1254376769 0.0017092302 0.0437869802 0.0000141678 -1.0416003466 -0.0010135230 0.0007433757 -0.0271140598 -0.0014903683 0.2491022795 0.1495495737 -0.1476538777 -0.0294158123 -0.0010235279 -0.2137557566 -0.4241356552 -0.2231851220 0.0010447846 -0.1431531608 0.1208924130 -0.0014450393 -0.0267791729 0.0399121642 0.0383355319 -0.0003687582 -0.1432462633 0.0453587510 0.0018734261 -0.1420856714 0.0204903912 -0.0141953146 0.2507838905 0.5127091408 -0.0859847218 -0.0003788210 0.1247234717 -0.1716080159 0.0616881922 0.0371209942 -0.0013182275 0.2619285882 -0.0009264172 -0.5356416106 0.0011593626 0.0890186131 0.3458199799 -0.1351912618 0.0007983678 0.0007014506 0.2392947674 0.0001350705 -0.0437202565 -0.0007729670 -0.0006186922 0.3389573395 -0.0022209310 -0.6386290193 0.0405988172 0.1130987629 -0.4007712007 -0.8344348073 -0.0396901369 0.0863977149 0.0003979607 -0.4454170763 -0.0601758026 0.0000474825 0.0009956807 -0.0011862193 -0.0000739373 0.7212269306 0.3215235472 0.0023216316 0.0012573132 -0.0019715566 -0.0769837797 0.0001331921 -0.0352529697 0.0447581299 0.2407532185 0.0394613147 0.1081534699 0.1561012268 0.0004747623 0.0037847636 -0.3484997749 -0.1062331498 0.1196093485 0.0187339429 -0.0011906960 -0.1201123744 0.0135106985 -0.0751962587 0.2595225871 0.1757049263 0.0007030793 -0.0025656454 -0.0005841813 -0.1176456660 0.3254600465 0.0604598634 0.0010894759 -0.1647549719 -0.1308697909 0.0214508418 0.1556711495 0.0360387377 0.1305431128 -0.2229250222 -0.0003346632 -0.1258193403 0.0206905846 0.1688306034 0.0372065827 -0.1252098978 -0.2783125937 0.4309603274 0.0050926381 -0.0009134230 0.1364328265 0.1136636287 0.1843796372 -0.0670736954 -0.0004277562 0.0016967617 -0.0821943879 -0.2242432088 -0.0004188159 -0.0289371833 -0.0528624877 0.0046661608 -0.1380333304 -0.5186294913 -0.0096450048 -0.0659758821 0.0659154207 -0.0026162490 0.0363932326 -0.0011816153 0.0082494840 0.0255584810 0.0004881130 -0.1538328528 -0.0295606870 0.0642142966 -0.0010695767 -0.0010495909 0.5286560655 -0.2690944970 0.0012653925 0.0183479525 -0.0683355406 0.2460732311 -0.0759321451 0.0017838583 0.0025004505 0.1296102703 -0.0274410285 0.0974990726 -0.0056969458 0.0503209792 -0.1565093696 0.0003602888 -0.0000487372 0.0007990616 -0.0001355370 0.0089140553 -0.0417153090 -0.0734572411 0.0088900682 0.0002011159 0.2129058689 -0.0003285855 0.1196106523 0.0001141747 0.0966890082 0.0014472689 -0.0127835004 -0.0767060071 -0.0996054709 0.0017966662 -0.0971562639 0.0477721170 -0.0005231875 -0.2976636887 0.1268754154 0.0710944012 0.0002911479 -0.0278440174 0.0007253138 -0.0723702833 -0.0053978250 0.0011240714 0.1136281565 -0.0616219342 -0.0000685296 -0.0498187914 -0.0699463710 0.2058591843 0.0000474392 0.0008448516 0.0008798136 0.1446296722 -0.1666673124 0.0042216722 0.1132405028 0.1372175664 -0.0561742000 -0.0007916765 0.0051800059 0.0632090941
-0.3179677725 0.0002516024 0.0666128993 -0.5399934649 0.0016036655 -0.0020604606 0.2412623465 0.0666791350 -0.3998865783 -0.0014939656 -0.5945455432 0.0239544641 -0.2842353582 0.0643059388 -0.6036502719 -0.0001106415 0.0002010798 0.2365071625 -0.0257510934 0.1606371105 -0.0090682218 -0.0366489775 0.0119423671 0.0547807217 0.0010832692 -0.1094212011 0.0002316779 -0.0015757278 -0.2584507465 -0.7400030494 0.0077683418 -0.0406888612 -0.0827489570 -0.6775919199 -0.0141432453 0.3710481524 -0.0291066933 0.0005696569 0.0012914033 -0.0022180118 -0.0118897324 -0.0006654424 -0.0006988437 -0.0002166722 0.0836304501 0.0745028779 -0.0353835039 -0.0522176549 -0.0002296092 -1.6378915310 0.0006072781 0.0006334248 0.0629107580 -0.0000047851 0.2085990012 0.0365370438 0.0251226518 -0.0263510607 -0.0008929142 -0.2806956470 -0.0862457082 -0.1002131626 -0.0008412105 0.0909778699 -0.0998968184 0.0002736148 0.1665372998 0.0306115970 -0.1419089288 0.0008269201 -0.0189890750 0.0081455987 0.0009839333 0.0971098691 0.5110657215 0.0224339627 0.0047650291 0.0149362152 -0.0175848845 -0.0003198951 -0.1472058147 0.0556113608 0.0381877981 -1.2095472813 -0.0003478095 0.0277754031 0.0011437326 1.0596618652 -0.0004437438 0.1719252318 0.3615277708 0.0404924192 -0.0001926985 -0.0041120653 -0.0742191970 0.0006129986 0.1251527071 0.0004055954 -0.0004054107 -0.2493354827 -0.0010147874 0.0995516777 -0.1115086973 0.0977137983 -0.4736597836 0.3769329786 -0.6549757123 0.2061328590 0.0012677003 0.6604551673 0.0896639973 0.0011033383 0.0014451093 0.0000232116 0.0009563419 -0.0243233871 0.3588453531 -0.0004737372 -0.0014830830 0.0002152232 -0.8213044405 -0.0007271299 0.1925930977 -0.0428394154 -0.0026632366 -0.0366857350 -0.0558396317 0.1068882272 0.0003599108 0.0117572928 -0.0694010109 -0.1051786914 -0.0206911471 -0.0367573835 -0.0003433527 0.0509518422 0.0283126328 0.0459488593 -0.0074437088 0.0001395518 0.0004825706 -0.0003998844 0.0011789371 -0.0297799651 0.1652411073 -1.1132605076 -0.0008695374 -0.0617772490 -0.0163460802 -0.0202794895 -0.0189839900 -0.0315655507 -0.0101414798 -0.0776734129 -0.0020156344 -0.0128232837 0.0104203522 0.1739912331 0.0035655596 -0.0047789686 1.3480647802 -1.9832795858 0.0232848562 -0.0008474391 -0.1889127195 0.0790943131 -0.0970885903 0.1785143912 -0.0023923758 -0.0005982602 -0.0739176199 -0.0111834835 -0.0010821752 -0.0399696156 -0.0109566487 -0.0012740466 -0.0500462763 -0.6765772104 -0.5852386355 -0.2006206363 -1.0842471123 -0.0023739249 0.0291291159 0.0003866576 0.0053631011 0.1332256347 -0.0003406997 -0.0162521452 -0.1699125320 0.0731526762 0.0010941996 -0.0003264638 -0.0201337561 0.0052564982 0.0014512821 0.0214178357 -2.3377768993 0.1280711889 0.0439436659 -0.0006422895 -0.0022480227 0.0406578965 0.0882090926 -0.2403876036 0.0563041456 0.0308004357 0.0072042816 0.0013090791 0.0003415906 0.0009390303 0.0001721332 0.2542299032 0.1147087514 -0.1964379400 0.0344071090 0.0014164095 0.0109322732 0.0014102884 0.0758918524 -0.0007863638 0.1455926150 -0.0004920630 -0.0334256217 0.0874566734 -0.0341108292 -0.0007230658 -0.1197851747 0.0430344790 -0.0010377422 -0.0174343474 -0.1634223312 0.0565926023 0.0011301161 0.1663888693 0.0005633789 0.0557142682 0.1915400326 -0.0003652684 -0.3987231851 0.0583845265 -0.0001591454 0.0562619530 0.1409517229 0.1599936336 0.0004673108 -0.0006450216 -0.0002503640 0.1022978276 0.0817237720 -0.0015951003 1.4631314278 0.0639245957 0.0175470132 -0.0005749266 0.0066731554 -0.0680787936
-0.0000169836 -0.0008573510 -0.0004427693 -0.0009911052 -0.0003422043 0.0004841347 -0.0015209940 -0.0006842426 0.0005323872 -0.0009050836 -0.0014083944 -0.0009853368 -0.0016198278 -0.0014799041 -0.0029255364 -0.0000277172 -0.0012237268 -0.0021009974 -0.0010519470 -0.0008388459 0.0004062118 0.0003259378 -0.0007794586 0.0005834499 -0.0014895854 -0.0016212654 0.0013838849 -0.0007977361 -0.0015258150 0.0003958991 -0.0008814487 0.0010364857 -0.0025896698 0.0006343990 -0.0026640254 -0.0011642411 -0.0002711162 0.0002345808 -0.0012705711 0.0007921077 -0.0013493261 -0.0004293544 0.0005753616 -0.0006438563 0.0009273872 -0.0006400216 -0.0020682495 0.0004077483 0.0009253343 0.0012341363 0.0004428926 0.0007051919 -0.0014821343 0.0005881207 0.0000872087 0.0004368716 -0.0014812069 -0.0006687274 0.0013041710 -0.0013495622 -0.0013491700 0.0002145289 0.0007129899 0.0001683488 -0.0013523805 -0.0003975533 -0.0022678415 0.0003307786 -0.0015388499 0.0007314143 0.0005974311 0.0004035181 -0.0011033693 -0.0010503123 -0.0012534924 -0.0008279574 -0.0007027711 -0.0000055110 0.0000322977 0.0000440200 -0.0007190611 0.0007882854 -0.0002504980 -0.0014488110 -0.0004866047 -0.0002924292 0.0015028446 -0.0018589344 -0.0000813288 -0.0017850467 0.0000597908 -0.0013896994 -0.0015169226 0.0007429716 -0.0017317322 0.0003091123 -0.0011941217 0.0003625592 -0.0008424685 0.0009944937 -0.0011264236 -0.0006427292 -0.0011726228 0.0010377654 -0.0015968705 -0.0012252039 -0.0009692875 -0.0006790438 -0.0008195593 -0.0016515667 -0.0010239399 -0.0003471751 0.0014871561 -0.0011443581 -0.0000445968 -0.0014278451 0.0002435752 -0.0001809945 0.0001070084 0.0005281380 0.0003340101 0.0007338413 -0.0020436961 -0.0013193591 0.0004567240 0.0005512240 -0.0009584677 0.0005832567 -0.0001771542 0.0011606296 0.0000075764 0.0006456122 -0.0019309140 -0.0023282187 -0.0000978868 0.0001311478 -0.0001782586 0.0004197214 -0.0009199128 -0.0013734394 -0.0017385710 -0.0007460593 0.0007409524 -0.0016097319 -0.0006099956 -0.0015453746 -0.0012646298 0.0003493429 0.0000169346 0.0007108789 -0.0002294992 -0.0008216892 -0.0007945428 -0.0016922910 0.0002543835 -0.0003308874 -0.0005043350 0.0005988957 -0.0014385174 -0.0006499744 -0.0000602464 -0.0010420283 -0.0006158437 0.0008428128 -0.0013809946 -0.0004047843 -0.0001776740 -0.0022124534 -0.0006871141 -0.0008300963 0.0002808479 -0.0009595869 -0.0009971831 -0.0006618726 -0.0015807097 -0.0006556734 -0.0026962319 -0.0010892921 -0.0002603941 0.0003766434 -0.0000248651 -0.0000097199 -0.0005706390 0.0002976009 -0.0008484488 -0.0008751304 0.0007096211 -0.0004033918 0.0003939604 -0.0013700059 -0.0013165973 0.0006352700 0.0000883076 -0.0011179131 0.0011472574 -0.0000628440 -0.0015286503 0.0003493095 -0.0010425199 -0.0013499118 -0.0012068736 -0.0017670337 -0.0003865019 -0.0005550212 -0.0004425780 -0.0004746750 0.0004809503 0.0003592488 -0.0003429635 -0.0013959098 -0.0014052069 0.0002351849 -0.0008013429 -0.0007119814 0.0002558026 -0.0004106530 -0.0008309727 0.0013499707 -0.0003940698 -0.0008064919 -0.0007378896 -0.0012290539 -0.0000018190 -0.0002577191 -0.0016163284 -0.0008814693 -0.0018204433 -0.0024435678 -0.0000810596 0.0007352627 0.0011115158 -0.0009111256 -0.0007888321 0.0008081783 -0.0003208847 -0.0003205117 -0.0012882079 0.0012285466 -0.0011089608 -0.0010269654 0.0011244124 -0.0006038750 -0.0011595519 -0.0010514823 0.0001756711 -0.0011240472 0.0000681851 -0.0018636279 -0.0013073843 -0.0012117579 -0.0009513015 -0.0018587152 -0.0003199001 -0.0009091845 -0.0026415151 -0.0002631588
0.0009584878 -0.0004470338 -0.0004273452 -0.0008116770 0.0007803150 -0.0006314570 -0.0013831734 -0.0126733230 0.0007880292 0.0003902345 -0.0017439631 -0.0046362756 -0.0041620051 -0.0057639666 0.0008444288 0.0004644945 -0.0012325249 -0.0072078663 -0.0069341492 -0.0105084246 -0.0048708199 -0.0006966260 -0.0016800391 0.0010150879 -0.0000052128 -0.0128876604 0.0002578273 -0.0005828401 0.0002603396 -0.0060178973 -0.0017451725 -0.0008271524 0.0007913188 -0.0047319098 -0.0111337798 -0.0006224788 -0.0135312816 0.0001626916 -0.0010100829 -0.0009699751 -0.0115119619 -0.0003453373 0.0009506278 -0.0000022530 -0.0055946768 -0.0011524903 -0.0118876640 -0.0017129941 0.0007361234 0.0002729154 -0.0006141355 -0.0013291971 -0.0099066496 -0.0006169711 -0.0017791287 -0.0060225027 -0.0004176726 -0.0082933465 0.0007420963 -0.0009291672 -0.0015119411 -0.0017776570 0.0008454170 -0.0016907931 0.0001285242 0.0006230681 -0.0123121524 -0.0018377996 -0.0104469843 0.0001433908 -0.0041883271 -0.0078953700 -0.0017096407 -0.0011013797 -0.0086385896 0.0007478037 -0.0001692574 -0.0015426415 0.0003388506 0.0006685026 0.0000867362 -0.0070822341 0.0002789479 -0.0104717659 -0.0002518619 -0.0009545499 0.0003642248 -0.0014568761 -0.0000754752 -0.0116250627 -0.0068996139 -0.0014120266 -0.0015792408 -0.0016884990 -0.0008699490 0.0003376353 -0.0000774680 -0.0008341611 -0.0011858124 0.0010304503 -0.0011522582 -0.0048452900 -0.0045718974 -0.0012983950 -0.0018212608 -0.0009413043 -0.0002352517 -0.0000514734 -0.0012227250 -0.0076461257 -0.0116551463 -0.0000119880 0.0007845424 -0.0000640795 -0.0014842030 -0.0004335847 0.0010879835 0.0004596787 -0.0008108803 0.0008342237 -0.0011246222 0.0008241954 -0.0020869281 -0.0154796802 -0.0002167562 -0.0133372592 -0.0003405662 -0.0014263124 -0.0008581731 -0.0058474648 -0.0066590337 0.0000090348 -0.0113769751 -0.0128074903 -0.0006364539 -0.0011166508 -0.0004291552 0.0006767038 0.0005393692 -0.0014256742 -0.0009411369 -0.0012294967 -0.0006632202 -0.0014540327 0.0007869837 -0.0126226489 -0.0012738153 -0.0011255473 0.0005118587 -0.0009477042 -0.0070958869 -0.0145620527 0.0000632984 -0.0002325909 -0.0001720534 -0.0099111563 -0.0127976052 -0.0008006264 -0.0122479331 -0.0008821056 -0.0019093526 -0.0088451086 -0.0014842219 -0.0018056118 -0.0057302853 0.0001506120 -0.0021183947 -0.0003412747 -0.0005950314 -0.0016391161 -0.0091331294 -0.0005916217 -0.0015820387 -0.0084876632 -0.0106668677 0.0000176524 -0.0003414502 -0.0100439833 -0.0072601498 -0.0098095993 -0.0057036565 -0.0006659182 -0.0015288573 -0.0001786215 -0.0129594849 0.0010019491 -0.0008296448 -0.0012867101 -0.0001481563 -0.0100413105 -0.0008809648 -0.0013513585 -0.0039114659 0.0002789062 -0.0014313624 -0.0016388887 0.0005789026 -0.0051677683 -0.0001672146 -0.0015678969 -0.0003049407 -0.0100515699 -0.0120575652 0.0009427075 0.0002735662 -0.0074016061 -0.0113880541 -0.0000936091 -0.0006616144 0.0009555474 0.0003764479 -0.0050489618 -0.0072922301 -0.0016316146 -0.0009234129 0.0010081697 -0.0110714007 -0.0014349523 -0.0013431050 0.0004015015 -0.0010988971 0.0003695677 -0.0067978459 -0.0101934820 -0.0001017701 -0.0009384628 -0.0074198302 -0.0044152411 -0.0005422176 -0.0051912814 -0.0007996047 -0.0094426777 -0.0000430160 -0.0001787106 -0.0013041126 -0.0004936604 -0.0002189677 0.0010935208 0.0009268858 -0.0014383635 -0.0013016404 -0.0072075315 -0.0087930234 -0.0010106779 0.0001347945 -0.0009092949 -0.0001783361 -0.0107709225 -0.0079596955 -0.0007757216 -0.0071316212 -0.0085882219 -0.0085560940 0.0013667236 -0.0104243997 -0.0013475096
-0.5589094162 -0.0016451115 -0.0309723541 0.0092701297 -0.0003073207 -0.0000913915 -0.0508451983 0.0741377920 -0.1588363051 -0.0031053850 -0.2182770669 0.0919061080 -0.0253188517 -0.0340969265 -0.1474911273 0.0011002125 0.0000588256 -0.7346439362 0.0439315066 0.0274983458 -0.0029478970 -0.0984721333 0.0904115960 -1.3644860983 -0.0012736003 0.0504647754 -0.0004953034 0.0024580255 -0.0620636940 0.0027515646 0.2790636420 0.0325707905 -0.4299437106 -0.1577891558 0.4381065071 -0.1401029080 0.0749946982 -0.0005063951 0.0002239779 0.0028889633 -0.0501654334 -0.0006940300 0.0023480039 -0.0001882355 0.0482353680 0.0599311851 0.0284993034 0.2354947031 -0.0015989677 0.0555607565 -0.0005931651 -0.0015603120 0.1112455949 -0.0012566330 0.1325294226 -0.0142631745 -0.1278339028 0.1307869256 0.0017420441 -0.0352933817 0.0647355914 0.1507016569 -0.0003450525 0.4000032544 0.0700995177 -0.0007983265 0.0141493212 -0.2254322320 0.1181703135 0.0000134646 -0.3416011930 0.2383470535 0.0002636412 0.0122284284 -0.2004013658 0.2034995705 -1.2157560587 -0.7153725624 0.0910755172 -0.0003895608 -0.0282870736 0.2458579540 0.2076976895 0.0327927023 -0.0014668131 0.1166339293 -0.0001557580 -0.0485069603 -0.0006231859 -1.1256654263 0.1587430239 0.1910412461 0.0005568127 0.0035325983 -0.0805643424 0.0003912829 -0.0102207279 0.0014719103 0.0005754812 0.3287317753 0.0019090326 -0.1138796359 0.0686978698 -0.6071870327 0.0983879790 0.2980226576 -0.0220893603 -0.0150608784 0.0007758425 -0.0850549489 -1.3277153969 0.0028660004 0.0014842111 -0.0000228524 0.0008607931 0.1973173469 -0.0995748192 0.0002846642 0.0006807007 -0.0026154991 0.0232948083 -0.0013636502 0.0211295150 0.0654353052 0.0214952137 0.0699290335 -0.8369960189 0.2319492549 -0.0011834351 0.1692694426 -0.0799610987 0.0642492101 0.1341260970 0.0906501189 0.0009624601 -1.2510716915 0.0377553143 0.0365624316 0.0122119375 0.0490114987 -0.0007576723 -0.0018358439 0.0014959630 -0.1620575786 -0.0141391410 0.0565810800 -0.0010415334 0.0460765474 -1.0307632685 -0.0434743315 0.0846753940 0.0631679147 -0.5898901224 0.1126440316 0.0004902270 -0.1586084217 0.0576974042 -0.0037522253 0.1400661021 -0.1415060312 -0.0798664466 -0.0665236115 0.1275849640 -0.0012522076 -0.1223855466 0.2052878439 -0.0497545600 0.0834017843 0.0011969669 -0.0002942283 0.3141950369 0.7395185232 -0.0003881691 -0.0120677827 -0.0171525758 0.0032516283 0.0453061685 0.0352379158 -0.0215353556 -1.2122595310 0.0635241494 -0.0029055120 0.1237814426 -0.0027785611 -0.1788391173 -0.0486049540 -0.0012644510 -0.0547426604 0.0529316515 -0.6803724170 -0.0014718317 -0.0012992087 0.2265109122 -0.0309228878 -0.0008566151 0.0094785811 0.1973560601 -0.6641871333 0.0454685427 -0.0002138442 0.0017792019 0.0186762717 0.1768167913 -0.1140055135 0.0206200350 -0.0480829552 0.0312447324 -0.0010040788 -0.0011969703 0.0007996457 -0.0012018092 0.0330107994 -0.0475091822 -0.0439418517 -0.0917847529 -0.0011763413 -0.0742134824 0.0000310050 -0.0321091339 -0.0001547804 0.0439024717 0.0010321885 -1.0025604963 -0.2064601034 -0.6079953909 0.0000110800 -0.1005314961 -0.6928783059 -0.0023759808 -0.0289651640 -0.4382377863 0.0654523224 -0.0010657186 0.1310762763 -0.0009450543 -0.0968801901 -0.4538280666 0.0006019185 -0.0045014801 0.0642290041 -0.0012342987 0.0019449862 0.3025449514 -0.4113147557 0.0005928267 -0.0000552382 0.0008241727 -0.0480265282 0.1174419373 -0.0024041398 -0.6806616783 0.0136553394 -1.4816139936 -0.0010702728 -0.2866529822 -1.5236910582
-0.1276983917 -0.0011423203 -0.0604385808 0.1738056988 0.0001198273 -0.0010516628 -0.1865299195 -0.0693285018 -0.4389685690 -0.0027982753 -0.1428366303 -0.0628360212 0.1514624804 0.0688106641 0.2032731622 0.0003362691 0.0015949991 -0.0035285763 -0.1894294620 -0.0638345405 -0.2631048858 -0.1150419563 0.0852028728 -0.0960595682 -0.0006761632 -0.0495139919 0.0015699323 -0.0036564840 -0.1043502465 -0.0691103116 -0.1384855956 -0.0383617468 -0.3350754082 0.2743026316 -0.0174544528 -0.1670559198 0.0178810749 0.0007615170 0.0010563749 -0.0025981783 -0.1926711947 -0.0000988881 -0.0021742843 -0.0003263976 -0.1037096679 0.0519962460 -0.1108148992 0.0215816535 0.0030763382 0.0762084201 0.0009752722 0.0013733014 0.0216272175 -0.0019239560 -0.0409368239 0.0165338125 0.3475673795 0.0029114187 -0.0030893325 0.1750644147 0.2689538896 0.0271176994 0.0011611690 0.0339556895 -0.3680114746 -0.0000101727 0.1589677632 0.0182746463 0.1391548067 0.0012784296 0.0424361378 0.0474973880 -0.0010035262 0.0928548202 -0.1324257702 -0.3253193200 0.1218905598 0.1313568652 0.0911405012 -0.0002994997 -0.0634718314 -0.1100604013 0.0878926665 0.0527599975 0.0001502235 -0.0476579703 0.0002037948 0.1169848591 -0.0007510579 0.0186293647 -0.0683263466 0.0122278677 0.0004173322 -0.0028850858 -0.0187754910 -0.0010323235 0.1315211058 -0.0014045659 -0.0006507149 0.0512599573 -0.0032661937 0.2167554796 0.0718803480 0.0777697042 0.3846689463 -0.0576285943 -0.0473536178 -0.0423617437 0.0017645026 -0.0450273678 0.0027394020 -0.0014390227 0.0007001559 0.0018058562 0.0008911799 -0.1478938609 -0.2547656894 -0.0004043798 0.0009431748 0.0005018999 0.3685053587 -0.0010514162 -0.0072266096 0.0328721851 0.0311216842 0.0180121735 0.1485709846 0.5344659090 0.0010765262 0.0083795581 -0.7821288109 0.0409881584 0.0149893081 -0.0801749974 -0.0010717971 0.0846131295 -0.0952041596 0.2175092995 0.1736224592 -0.1633658260 0.0005499050 -0.0006963941 -0.0005651449 -0.0633325875 -0.3441793621 0.1008211002 0.0008198762 -0.1337453276 -0.0587122366 -0.0094320439 -0.2204408497 0.0525373966 0.1371810287 -0.1737822890 0.0001243509 -0.0406327769 -0.0999920517 -0.1519557536 0.0227012262 -0.0499248020 0.0223031361 -0.0012269719 0.0106893871 0.0012519013 0.0690340996 -0.0625167415 -0.2390767932 -0.0523646213 -0.0002778006 0.0018364183 -0.2216408998 0.2214718014 -0.0011727539 0.0859824941 -0.0697896853 -0.0031593682 0.2136083692 -0.1046788618 -0.1455753893 -0.0023172775 0.2806310952 -0.0022039392 -0.0160200819 -0.0002006814 -0.1364400834 -0.0793964416 -0.0004411417 0.3381626606 0.0472831391 0.0316132978 -0.0005742304 -0.0011204398 -0.4402901828 0.1397183836 -0.0005854807 0.0180008020 -0.0924468338 0.0145767732 -0.2263085097 -0.0010994249 -0.0005822371 -0.0935395360 -0.1046570390 0.3209632039 -0.0191125143 0.1554558426 0.0912183747 0.0005849714 0.0000983168 -0.0003422575 -0.0016643270 -0.0836524069 -0.0126863429 0.1103027463 -0.0901839957 0.0010446274 -0.2647784948 0.0007884838 -0.0514359698 -0.0008805015 0.0151662743 0.0015779713 0.0311939456 -0.0433518440 0.2599743903 -0.0009676198 0.0373468585 0.0408217013 0.0003590740 -0.0779823959 -0.0215738863 0.2377667874 0.0006060843 -0.0708784312 -0.0008420038 0.1648962796 -0.0790823922 -0.0007382956 0.0766901672 0.1579866558 -0.0003708921 0.0117895929 0.0230397321 0.2303689569 0.0007861349 0.0016716011 -0.0002052272 0.0982978046 0.3093218207 -0.0002674508 -0.1217326000 -0.2277610749 -0.1473064274 -0.0011108739 -0.0228385627 -0.1726534069
0.0033450846 0.0002021797 0.0123859532 0.0719676092 0.0013884428 -0.0008943410 -0.1655050516 0.1455912739 -0.0636161342 -0.0010807991 0.0180132166 0.0041725617 -0.8616173863 0.0025969734 0.0626331791 -0.0002432043 0.0011372933 -0.0276092570 -0.0374907665 -0.1898467541 0.0432430021 0.0378390290 0.0164040178 0.0394631214 0.0008226727 -0.3361898363 0.0000231227 -0.0018761770 -0.1696749181 -0.2699266970 0.0043841465 -0.0433581173 -0.0395851247 -0.0850719437 0.0437331945 0.0932215005 0.0543546975 0.0007679318 0.0007450338 -0.0048925579 0.1195070446 -0.0010647434 -0.0033440387 0.0019115128 -0.0817110687 0.0602666587 0.0330059640 -0.0268726368 0.0006211516 0.0125440750 -0.0019275359 0.0002581024 0.0300354492 0.0002011056 0.0314898789 0.0025264130 -0.0933425948 0.0159199983 -0.0040347613 0.0737601593 0.0002104534 0.0498606972 0.0013398678 0.0824771002 -1.4522508383 0.0005706685 0.3079514503 -0.0213083271 -0.0432579964 0.0015507499 0.0233352091 -0.0057178470 -0.0009527284 -1.1838325262 0.4023513198 0.0054183314 -0.0557453893 0.0769790709 0.0133920964 0.0000032868 -0.0888492242 -0.0253642891 -0.0135429390 -0.3144747913 0.0005772795 0.0142283505 -0.0008727643 0.0784411207 -0.0005156752 -0.0186394025 0.0389594249 0.0300580002 0.0012407395 -0.0046660090 -0.0072736293 -0.0011411802 -0.2434572428 -0.0002298670 0.0000509848 0.0020275884 -0.0022019960 0.1781166643 0.1372336894 -0.0044578142 -0.1107363403 0.0498995744 0.2270845026 0.5393915772 0.0025461141 0.4560200870 0.0020464226 0.0000143387 0.0008474343 0.0010572647 0.0016185268 -0.1256178916 -0.0392467342 -0.0025122939 -0.0005279410 -0.0024085105 -0.2027885616 0.0014870757 -0.0130815348 0.0781259388 0.0115305446 0.0666630194 -0.1383290142 -0.1439509243 -0.0005416380 0.0312971361 0.0601698868 -0.0156172877 -0.0511058010 0.0293588955 -0.0010939904 -0.3193071485 -0.0486469939 -0.0258019306 0.0723114982 0.0348614566 0.0013843741 -0.0018397981 0.0000337246 -0.0065199248 -0.1407038867 -0.2228687257 -0.0003434159 0.0013937053 -0.0273087695 -0.0283690933 0.0108301919 0.0778388306 -0.0058717681 -0.0115282983 -0.0020281270 0.0192809179 -0.5189264417 0.0599673912 0.3469852805 -0.0176949650 -0.1271191388 0.0880997032 0.0246741120 0.0009892726 -0.0234360434 0.0451913849 0.1314116716 0.2155185342 -0.0018982394 0.0004366301 0.0632820353 0.0563878790 -0.0004334078 0.0026179110 0.0363483913 -0.0012786624 0.0641911402 -0.1196070015 -0.1338764280 -0.0234555118 0.1535993516 0.0028141451 0.0321676955 -0.0002879616 0.0330520421 0.0031327517 0.0013114149 0.3158292770 0.0076154941 0.0097693969 0.0013494220 0.0013386828 0.0588791035 0.0468839332 0.0006052235 0.0221999492 0.0316404887 -0.0139512448 -0.0236109700 0.0010482032 -0.0009095235 0.1684854180 -0.1474541873 0.0703373775 -0.2003079355 -0.0307087693 -0.0917707235 -0.0004498568 -0.0005578685 -0.0010333868 0.0000948901 -0.5830394030 -0.0245067496 -0.0351757146 -1.0527141094 -0.0000914582 0.0937446579 0.0016673270 -0.0349191725 0.0001091635 -0.0414343588 0.0001623950 -0.0026010424 0.1208723038 0.0065823742 -0.0009673851 -0.0253820177 -0.0153443953 -0.0005362920 0.4422806799 -0.0266240891 -0.8318629861 -0.0001043106 0.0221250877 -0.0007666266 0.0046044006 0.1017022878 -0.0026266342 -0.0490857847 0.0519984215 -0.0019301173 0.0021835705 -0.2791637480 0.1329444647 -0.0004683404 -0.0000807976 0.0006712266 0.0019737878 0.2066584677 -0.0026183540 -0.0029732722 0.4413959086 0.0068989112 -0.0011709263 0.0236040708 -0.0216576084
-0.0031592310 -0.0010370915 -0.0032941517 -0.0014563439 0.0011616732 -0.0003533321 -0.0010607704 -0.0016545329 -0.0015547163 0.0005247768 -0.0018980174 -0.0031710956 -0.0047405469 -0.0055362685 0.0001066728 -0.0007499320 0.0011419589 -0.0039449637 0.0005606222 -0.0038742949 -0.0032831321 -0.0029426615 -0.0040549831 -0.0041711046 0.0000646385 -0.0036927629 -0.0006370106 0.0006247903 -0.0008632687 -0.0053872429 -0.0041126837 0.0003592284 0.0003578191 -0.0020875267 -0.0022201913 -0.0044259178 -0.0018799037 0.0000582169 -0.0006560220 -0.0005379815 -0.0020809211 0.0009486017 -0.0008780974 0.0013233727 -0.0049841884 -0.0022021013 -0.0001654914 -0.0028531167 0.0009024609 -0.0015337355 -0.0007068213 -0.0006411329 -0.0037829329 -0.0009058926 -0.0040988079 0.0002745356 -0.0023418448 -0.0006554311 0.0005483853 -0.0054168813 -0.0051393765 -0.0051601199 -0.0003417696 -0.0055668247 -0.0011079288 -0.0010352297 -0.0049466062 -0.0015219811 -0.0016468557 -0.0007588282 -0.0010985512 -0.0019981300 -0.0011762347 -0.0027016287 -0.0032487358 -0.0019310418 -0.0028130186 -0.0045414683 -0.0030266442 -0.0008660439 -0.0036530043 -0.0000016196 -0.0044035092 -0.0050188848 0.0001374938 -0.0019631991 -0.0007697876 -0.0049049216 -0.0005865195 -0.0000092666 -0.0004656726 -0.0030285029 -0.0009469278 0.0003486304 -0.0044612857 0.0007218064 0.0010985850 -0.0004566174 -0.0006390944 -0.0019113292 -0.0010519687 -0.0004922212 -0.0056528114 -0.0028197556 -0.0030751179 -0.0011303449 -0.0017767363 -0.0030807056 0.0000761145 -0.0027210705 -0.0027565584 0.0013370082 0.0005053633 -0.0004799488 -0.0003805176 0.0002791292 -0.0036988852 -0.0003735925 0.0014028203 -0.0008894404 -0.0017779219 0.0005712622 -0.0048721135 -0.0030766849 -0.0040579988 -0.0025987590 -0.0036334333 -0.0039582881 -0.0003917648 -0.0035766670 -0.0004212650 -0.0032575775 -0.0044541308 -0.0014037027 -0.0004607408 -0.0019992348 -0.0034732220 -0.0043387716 -0.0037187075 0.0003556324 0.0014881744 -0.0003221828 -0.0004234204 -0.0011971223 -0.0003033341 -0.0028093103 0.0005979385 -0.0025320947 -0.0003880307 -0.0041261935 -0.0022138266 -0.0033707661 -0.0040722461 0.0001917330 0.0011500254 -0.0002983028 -0.0016685165 -0.0031865072 -0.0011647713 -0.0000753435 -0.0035853353 -0.0015415001 -0.0000540217 -0.0012586165 -0.0031926765 -0.0048590307 -0.0025340749 -0.0034128858 -0.0004606326 0.0000931711 -0.0033327139 -0.0002230002 -0.0009495831 -0.0023035526 0.0000195069 -0.0000169768 -0.0037986941 -0.0010347726 -0.0005596484 -0.0011546103 -0.0001711927 -0.0007440349 -0.0027497872 -0.0008219270 -0.0001891014 0.0001328972 0.0014448398 -0.0043661674 -0.0025201598 -0.0027099012 0.0004827940 0.0009469957 -0.0018217390 -0.0040972051 -0.0011100663 -0.0003775806 -0.0022691661 -0.0033921422 0.0006842751 0.0014987455 -0.0008070950 -0.0017925955 -0.0032444857 -0.0021106801 -0.0054044626 -0.0041341572 -0.0025087609 0.0007671702 -0.0003952085 -0.0005367671 0.0001525881 -0.0045780460 -0.0052367118 -0.0021701865 -0.0018531147 0.0012744260 0.0000542047 0.0009271682 -0.0044041513 0.0002851354 0.0004438632 0.0010173415 -0.0008570175 -0.0053959219 -0.0013366411 -0.0004437775 -0.0027314331 -0.0040129153 -0.0002660913 -0.0049702451 -0.0027301523 -0.0009061064 0.0007886720 -0.0016880006 0.0003070989 -0.0028760559 -0.0017045117 0.0003833896 -0.0031508948 -0.0009681165 -0.0004311580 -0.0018678923 -0.0025815042 -0.0001632300 0.0013618543 -0.0011880202 -0.0011036027 0.0003513653 -0.0048258197 0.0011686027 -0.0022644093 -0.0051367581 -0.0017767374 0.0010003643 -0.0024079627 0.0005046949
-0.0016631056 -0.0013168221 -0.0011876771 -0.0016275442 0.0006350453 0.0011965431 -0.0012777083 -0.0001608140 -0.0014242730 0.0011336238 -0.0008781746 -0.0016826732 0.0011440446 -0.0003253998 0.0011056713 -0.0002079579 -0.0009468583 -0.0017270844 -0.0001127554 -0.0010341855 -0.0011545554 0.0002767560 -0.0005758299 -0.0007041225 0.0004917773 -0.0008274409 0.0011064516 -0.0013547622 -0.0004116917 0.0007971560 0.0004271796 -0.0004240571 -0.0006947856 -0.0017177571 0.0004262524 -0.0006017607 0.0006923905 -0.0012320387 -0.0010602196 -0.0013748271 -0.0013255300 0.0001407654 0.0004046260 0.0004315192 -0.0002316371 -0.0002708709 0.0006083783 -0.0012865235 -0.0004212119 0.0002789699 0.0005496696 -0.0015134962 -0.0003522461 0.0003782061 0.0000021957 0.0003463565 0.0006011862 -0.0017039086 -0.0010971021 -0.0009397747 0.0008550148 0.0000784608 -0.0007265379 0.0007859351 -0.0006264392 0.0006910412 0.0010936593 0.0009542097 -0.0012152217 -0.0004639743 -0.0004319622 -0.0009788027 -0.0012227824 0.0002053662 0.0001208058 -0.0016094090 0.0009357831 -0.0002004070 0.0008686067 -0.0012187456 0.0011147831 -0.0003867337 -0.0014911991 0.0001771223 0.0012201839 0.0000931571 -0.0008845434 -0.0014972084 0.0004936476 -0.0003979413 0.0008212594 -0.0001062464 -0.0009692286 -0.0001777056 0.0007243466 -0.0012353060 0.0008551060 0.0006983280 -0.0012691906 0.0001582337 -0.0014725249 0.0006062383 0.0002661929 -0.0008067047 -0.0008405485 -0.0006160296 -0.0015077478 -0.0017931868 -0.0014655786 0.0000634810 -0.0012396845 -0.0011256882 -0.0006282204 0.0009130835 -0.0012470640 -0.0003898494 0.0002850931 -0.0010409328 -0.0012808662 -0.0011983945 -0.0009998804 0.0006741642 0.0005952657 -0.0016742223 -0.0001857575 -0.0015204430 -0.0004861873 0.0000331162 -0.0001595451 0.0000609197 0.0009741930 -0.0002281878 0.0007183127 0.0002250428 0.0012633252 -0.0002673707 -0.0013241482 -0.0010897599 0.0008421921 -0.0015383349 -0.0003705661 -0.0010616300 -0.0018019530 -0.0007888291 -0.0011325523 -0.0015700137 0.0009117363 -0.0005705118 -0.0001836622 -0.0006373699 0.0001305740 -0.0007026153 -0.0014952471 0.0005856128 0.0008038779 0.0000377584 -0.0013379791 0.0001410814 0.0006135101 0.0003330491 -0.0000016684 -0.0003128152 -0.0009730562 -0.0000788162 -0.0006352095 -0.0001476837 0.0013251898 -0.0014932589 0.0001944723 -0.0013491391 -0.0014449939 -0.0000215831 0.0003409773 -0.0014298162 -0.0008423052 -0.0004431958 0.0004380733 -0.0002415764 0.0000476957 -0.0017397304 0.0004477225 0.0008217745 -0.0010620389 -0.0013886968 0.0008930492 -0.0009010334 0.0002658955 0.0006782229 -0.0003775700 0.0007835894 -0.0000194641 -0.0002106850 -0.0007263605 -0.0014459465 -0.0016966638 0.0004310125 -0.0009433243 0.0004721928 0.0000790904 -0.0004831384 -0.0008792662 -0.0007058045 0.0008777647 0.0003368273 0.0002610472 -0.0009942643 -0.0006428207 -0.0012535758 -0.0011879265 -0.0017496393 0.0004977101 -0.0014880318 -0.0001834662 -0.0017104319 -0.0004205446 0.0006839363 -0.0003264853 -0.0006323310 -0.0000809836 -0.0004873287 0.0000837051 -0.0014631427 0.0005417520 0.0002633996 -0.0017444573 -0.0008793903 -0.0006549556 -0.0013727047 0.0002806756 0.0011109614 -0.0000562909 -0.0013711015 -0.0014109851 -0.0011026195 -0.0008195705 0.0001983800 -0.0016925208 0.0007655562 -0.0015611590 -0.0004030459 -0.0015416461 -0.0001389031 -0.0007263732 -0.0016834860 0.0009899680 0.0005310742 -0.0016995959 -0.0001332352 -0.0002317755 -0.0002015919 0.0007135875 0.0005971582 0.0009344017 -0.0009504756 -0.0011705869 -0.0008430829
-0.0008411100 -0.0014842175 -0.0033531908 -0.0029268546 0.0005733360 -0.0008105131 -0.0037194553 -0.0006753879 -0.0021945185 0.0007935020 -0.0011303921 -0.0027876145 -0.0016289441 -0.0032412065 -0.0022824972 0.0004987051 0.0008036082 -0.0032394470 -0.0011953393 -0.0018083942 -0.0016873060 -0.0008664236 -0.0031810598 -0.0020847404 -0.0000480924 -0.0026298536 0.0005325289 0.0006459325 0.0013769475 -0.0014150288 -0.0034022604 -0.0016209161 0.0032198254 -0.0012815243 -0.0034199527 -0.0029328966 -0.0027812757 -0.0004999356 -0.0006345026 -0.0010718285 -0.0019576098 0.0003075349 -0.0011502083 -0.0002935353 -0.0016713664 -0.0033315257 0.0002696041 -0.0025680703 0.0000890044 -0.0012952249 0.0006249990 0.0013270164 0.0016636840 0.0009807986 -0.0013077385 -0.0016123896 -0.0016622439 -0.0018205169 0.0006638789 -0.0021412892 -0.0030534749 -0.0022080259 0.0009337213 -0.0008654614 -0.0025415546 0.0004039897 -0.0029466969 -0.0034819457 -0.0032420720 0.0011015875 -0.0011985871 -0.0032284679 -0.0012939202 -0.0013069558 -0.0020344974 -0.0020559044 -0.0011415588 -0.0014566534 -0.0031807874 -0.0003018972 -0.0008183877 -0.0023644567 -0.0015261003 -0.0022249664 0.0002295483 -0.0011614489 -0.0002331829 -0.0004232769 -0.0002654590 0.0004728149 -0.0029544083 -0.0011402353 -0.0017874874 -0.0005844699 -0.0011905009 0.0002699133 -0.0002529714 0.0006172116 -0.0005057644 -0.0006663781 0.0008172221 -0.0013837275 -0.0011361967 -0.0010227324 -0.0034376455 -0.0020317989 -0.0012695428 -0.0034998076 -0.0004353742 -0.0007699349 -0.0019811320 0.0008782595 -0.0008114716 0.0007068575 -0.0009933827 -0.0035115725 -0.0026206872 0.0005514862 0.0002015729 -0.0014025454 -0.0018197820 -0.0004026582 -0.0008171903 -0.0033351954 -0.0032047655 -0.0007497303 -0.0017605630 -0.0008624067 -0.0007815359 -0.0007925594 -0.0020608201 -0.0026924186 -0.0007393103 -0.0012451410 0.0003858124 -0.0011626113 -0.0032000931 -0.0010971932 -0.0032258807 -0.0014287280 -0.0006084670 0.0007606550 0.0010176601 -0.0022686187 -0.0028583286 -0.0026093726 -0.0015097331 -0.0024746023 -0.0012834651 -0.0017676317 -0.0019641414 -0.0015369141 -0.0023552077 -0.0033779906 -0.0000574263 -0.0017288765 -0.0010131990 -0.0008869522 -0.0013497276 -0.0031433783 -0.0021937510 -0.0035646211 -0.0028697287 0.0008036976 -0.0026695528 -0.0020730242 -0.0009153768 -0.0013160715 0.0005061036 -0.0003771428 -0.0011977048 -0.0008629622 0.0008620586 -0.0024791197 -0.0028239188 -0.0012889911 -0.0012894820 -0.0028944411 -0.0035711627 -0.0024146063 -0.0016694543 0.0005896216 -0.0009657801 0.0001698174 -0.0035420754 -0.0024824420 -0.0012080477 -0.0017977125 -0.0010469131 -0.0009931131 0.0008532816 0.0000633333 -0.0036212506 -0.0017166191 -0.0004530204 -0.0012709571 -0.0008972746 -0.0021188993 -0.0009643405 -0.0006761919 0.0007362501 -0.0032080226 -0.0012935975 -0.0016691957 -0.0025223792 -0.0021585124 -0.0021313981 -0.0005222989 -0.0017966751 0.0005777599 -0.0012138208 -0.0020630949 -0.0011376368 -0.0009684351 -0.0029520236 -0.0014087099 -0.0022716762 -0.0007447876 -0.0017336897 -0.0008788052 -0.0006565820 0.0012139691 -0.0019645323 -0.0018312105 -0.0035407159 -0.0017542177 -0.0016637095 -0.0007379083 -0.0005183712 -0.0028376733 -0.0029092915 -0.0031162214 -0.0012696028 -0.0018629148 -0.0015572020 -0.0035372116 -0.0007114858 -0.0002203353 -0.0035495677 -0.0019822964 -0.0006502097 -0.0026569830 -0.0012634259 -0.0007305096 -0.0000289304 -0.0015283544 0.0014409439 -0.0015262252 -0.0005704956 0.0002362120 -0.0024680400 -0.0020207826 0.0012292003 0.0014808618 -0.0029341427 -0.0014794093
-0.0409202836 0.0003268735 0.1619893163 0.0861681402 0.0004732668 -0.0023157378 -0.0284993313 -0.0511911735 -0.0932192355 -0.0007913474 -0.0603276305 0.1054599658 -0.0212659203 0.0527222790 -0.1004752964 0.0007957996 0.0007496140 0.1451162845 -0.2293206751 0.0523526520 0.1407059729 0.2807213068 0.0867720470 -0.3637651205 -0.0011182415 0.0260737799 0.0012072037 -0.0018424893 0.2082529962 -0.0892047882 0.0847313404 0.0396881476 0.2065903544 -0.6426723599 -0.1550486684 0.0157933962 0.0481973700 -0.0008102114 0.0014256694 -0.0042582578 0.1282063723 0.0004864000 -0.0013796554 0.0002603742 0.1804902405 0.0025109854 -0.2436460853 -0.0153572578 -0.0014920866 -0.0341741517 -0.0013549977 -0.0005626970 0.1839285344 -0.0016365213 -0.0559037551 0.0469806790 -0.0199938305 -0.0280858986 -0.0034247763 -0.2685316503 -0.2467915416 -0.7021917105 0.0007296256 -0.2943416834 0.2632753253 0.0005302932 0.0667137951 -0.0932554528 -0.0204836428 0.0010936769 0.1756528765 -0.0535691306 0.0007353800 -0.0380023979 -0.0291902516 0.2106152028 -0.1915413439 0.2239723653 0.2402564585 0.0018174469 0.0435147695 0.1586386263 -0.0760705620 -0.0109202284 -0.0002998305 0.0351320207 -0.0000098017 -0.4075506628 -0.0011797511 -0.1699847132 -0.1928350478 0.1020745561 0.0006593873 -0.0030122641 0.0002457812 -0.0001855750 0.1207132116 -0.0000003580 0.0015639117 -0.3077627122 0.0004477186 -0.0647597834 -0.0166712161 -0.2825832665 -0.1764470935 -0.2720257640 -0.1342618614 -0.0573362075 0.0011168445 -0.0586892553 -0.0390091948 -0.0007481490 -0.0004839892 -0.0001583809 0.0012752349 -0.5997467637 -0.4859849513 -0.0003921041 0.0012805831 -0.0004053854 -0.2899850905 0.0000373457 -0.1557473689 0.0437571518 -0.0646798089 0.0473050177 0.2977411449 -0.3094016612 -0.0010584859 0.1833453625 0.0387094989 0.0418808647 -0.0513257831 0.0412839428 -0.0023020494 -0.0112186121 0.2646030784 -0.4289365411 0.0023031477 -0.0242110789 -0.0004117241 -0.0013090461 -0.0007624714 0.0477437712 0.0699645877 -0.0083539095 -0.0006878399 -0.0022048922 0.0451151766 0.0017640665 0.0302183293 0.0447412096 0.3306929469 -0.3202402294 0.0002935185 0.0129728951 -0.0031570531 0.0002050550 0.0171448346 -0.2431557328 0.1846241951 0.0768504813 0.0780583695 0.0003333771 -0.0435099043 -0.0301840212 0.2400029749 -0.0238015801 -0.0008310857 0.0003307359 0.0993871242 -0.1972506046 0.0000200564 -0.0346077979 -0.0186164137 -0.0014318554 0.0869819745 0.2588697970 -0.0306320637 -0.0515694730 0.0824305043 0.0019776255 -0.0233337209 -0.0011013015 0.1078097373 0.0025009399 0.0012090137 -0.6821469665 -0.0986610055 -0.1263930798 -0.0005306821 -0.0002128479 0.2890594602 0.1592896283 0.0004256152 -0.0084362915 -0.1357204318 -0.1896421611 -0.2800588310 -0.0009092150 -0.0029160965 0.0575692244 0.0836876556 -0.1121772900 -0.0143330479 -0.1032153890 0.0559494272 0.0001174599 0.0017544293 0.0016184007 -0.0010367524 0.0206456166 -0.1771026999 -0.1699016839 0.1716035157 0.0010799101 0.0471504331 -0.0011637505 -0.1056170315 -0.0003271928 -0.2350832820 -0.0011353274 -0.3002330959 0.0263943747 -0.2849891484 0.0008703287 -0.0478311591 0.0838933811 -0.0002915493 0.0439927578 -0.0010294911 -0.1214388534 0.0015348650 0.5065107942 -0.0006301667 0.4114041030 0.1914905757 0.0010105434 -0.2791503668 0.0398742892 -0.0012422283 0.0304194875 -0.0082842642 0.1448393017 0.0009297860 0.0017728580 -0.0006610125 0.0164519139 -0.1387952864 -0.0028062183 -0.1938383728 0.0305892266 0.2119990438 -0.0003142096 0.0857416242 0.0739182830
-0.1274165809 -0.0014389607 -0.0642890260 -0.1810521334 0.0006287775 -0.0001991560 -0.2432120144 0.0280084219 -0.5301181674 -0.0019924485 -0.1988743544 0.0923205987 0.0798390210 0.0465415828 -0.0939365253 -0.0007765424 -0.0000082885 -0.0859183669 -0.0386018567 -0.0804581642 0.0043933387 0.0448558666 -0.0479347929 -0.1303388774 -0.0003119639 0.1121386066 0.0015559272 -0.0019368944 -0.1814042479 -0.1136397421 -0.0225003567 -0.0158658959 0.1922207475 0.0545141995 0.0291278381 -0.0655683428 0.1275436282 -0.0018610138 0.0002743130 -0.0042435387 -0.1786723584 -0.0003234590 -0.0028765299 0.0007589465 0.0518908538 0.0836027786 -0.1288333833 -0.0114075588 0.0007573608 -0.1824645400 0.0006086230 0.0008779803 0.0696037933 -0.0020484386 -0.0053296946 -0.0861433744 -0.2312409133 0.0061775255 -0.0029316759 0.0765645429 -0.1212866679 0.1703970432 0.0007985593 0.2559259832 0.0431259349 -0.0010956464 -0.0336401090 -0.0497768074 0.0970429629 -0.0000502837 0.0597267151 0.0229474101 0.0014658299 -0.1811801493 0.0949728191 0.1456125081 -0.3848037124 0.2267248929 0.1397286355 0.0012496607 -0.1887157708 -0.0119556114 0.0122760646 0.0850995481 0.0014774909 0.0712453797 0.0002525092 -0.4021169841 0.0018009573 -0.1251001209 -0.5248135924 -0.0829756856 -0.0003140984 -0.0024772910 -0.0808851346 -0.0010308599 -0.1619991213 -0.0010338109 0.0013420997 -0.2919152081 -0.0012288799 0.3713652790 0.0731990635 0.0333629660 -0.1050878987 0.3767842054 -0.0476738922 -0.1719320267 0.0009836145 -0.2121649534 0.0340941288 0.0009140854 0.0001781642 0.0015219960 -0.0009404284 -0.5597457886 -0.1252064109 -0.0006026910 0.0013566234 -0.0020581372 0.0037097062 -0.0010031300 -0.0173552185 0.1251008809 -0.1328016818 0.1233643219 0.2239072174 0.6146927476 -0.0003917163 0.0200933814 -0.6528494954 0.0202824008 -0.0619819723 0.0536680482 -0.0009445864 -0.4129075110 -0.0289456286 -0.0177311581 0.0730278641 0.2607057691 -0.0005272828 -0.0006736157 0.0005549579 -0.0617937744 -0.0284457691 0.0997246355 -0.0010456078 0.0008400774 0.0545905456 -0.0914422870 0.0809705108 0.1247098222 -0.0007089921 -0.4320974350 0.0004889545 -0.0338311829 0.0882955045 -0.1207376570 0.1376229525 -0.0559013709 -0.1494464725 -0.1148333773 -0.0446128510 -0.0005646953 -0.0936588198 -0.5177097917 0.2833320796 -0.1314640790 -0.0007795625 -0.0002581404 0.0901618898 -0.0189897362 0.0018171637 0.1202565804 -0.1415053159 -0.0025008458 -0.0208259802 -0.0428998396 -0.0780260861 0.0157573018 0.1915715337 -0.0031045512 -0.0059840060 0.0013094866 0.0313665085 -0.0968380570 0.0016723316 0.1237515062 0.0379139483 -0.0059812628 -0.0006479694 0.0015993975 -0.6275581121 -0.1923178583 -0.0009455278 -0.0056157960 0.1245559528 -0.1838006824 -0.3519303799 0.0014439544 -0.0030651602 -0.2549189031 0.1207082719 -0.2947595417 -0.0222251434 0.0503150485 0.0643217266 0.0012695889 0.0016416310 0.0004218703 -0.0007579894 -0.2645390332 -0.0319963619 -0.0591180213 -0.7257177830 -0.0008013197 -0.2073031366 0.0012104172 0.0579830185 -0.0005895211 -0.0489521921 0.0012389709 -0.0115056550 0.0844815224 -0.2005109638 0.0010485629 -0.0574568957 -0.1289158165 0.0011853798 -0.0815242603 -0.1302333921 -0.0131557081 0.0005026684 -0.5205552578 0.0011602539 0.4623886645 0.0611829571 0.0010014012 -0.1082264185 -0.0675118864 -0.0025610744 -0.0068422072 0.0621626973 -0.2301437855 0.0002757447 -0.0009055592 0.0012030178 -0.1337683648 -0.0894218832 -0.0022910675 -0.1090389267 0.0482838973 0.0548216067 0.0014794207 0.0197925437 -0.1429040879
-0.3482015729 -0.0019388945 0.0084625985 -0.0092102159 -0.0010445635 -0.0022725547 -0.0956221223 -0.0259038452 -0.0889968351 -0.0007448707 0.0380457230 0.2251238525 -0.0134786470 -0.1068497673 0.0067495140 -0.0002388604 -0.0011840053 -0.2959183753 -0.0704418272 -0.0252524670 -0.0422753841 -0.7195418477 -0.9532666206 0.0838350058 -0.0011443886 0.0027185366 0.0014240220 -0.0016008061 0.0199481249 0.0492676944 0.1838203669 0.0268402714 0.0383330584 0.0266025141 -0.0624920689 -0.7107710838 0.0133414362 0.0000450645 -0.0004320881 -0.0051004761 0.0325476117 -0.0010535961 -0.0031970877 0.0007314162 -0.0348692499 -0.0290959366 -0.0938223600 -0.1230318919 0.0005676554 0.0101806195 -0.0015631006 0.0001275325 -0.2387454063 -0.0012195288 0.0567139387 -0.0867534876 -0.0654020011 0.0813051239 -0.0029352722 -0.0640818626 0.0892908499 -0.0458719172 0.0007169559 -0.1476995349 -0.0258978251 -0.0009913406 -0.0288756583 -0.2449239641 -0.0529394969 -0.0004314813 -0.0943350494 -0.0985481441 -0.0001243130 0.0217611939 -0.0269353762 0.0535393506 -0.3573123515 -0.1834644377 0.0401070379 -0.0003864976 -0.0119967349 -0.4895524383 0.1079620421 0.0061978619 0.0001709962 -0.0517165139 0.0009868771 0.1477611363 -0.0002863109 0.0021834248 -1.1780503988 0.2626725137 0.0016002498 -0.0011211450 0.3235678971 0.0005168676 -0.0212916061 -0.0001093045 -0.0009407894 -1.1558910608 -0.0029783058 -0.0313387290 0.0087167118 -0.2798960507 -0.0757940337 0.2262382209 0.0534808040 -0.0005559443 0.0004065014 0.0902835503 0.0186293125 -0.0005518903 0.0017861766 0.0002228737 0.0002790995 -0.0120062074 -0.2340670824 0.0000392733 -0.0012310463 -0.0021212026 0.0673469529 -0.0011043475 0.4457253218 0.0251667425 0.2184559703 0.0196697861 0.3062740862 0.0579084717 0.0017072688 0.4422574937 0.0945179388 0.4983820915 0.1459115893 0.1673826277 0.0012807688 -0.0816483870 0.0031896788 -0.6934399009 -0.6050940156 0.0216371398 -0.0008360121 -0.0020733993 -0.0002100035 -0.1779847592 -0.0193532147 -0.0173726361 -0.0003044349 0.0015611527 0.0922036245 -0.9806437492 0.0334501155 0.0205656029 -0.2017500252 0.2029638141 -0.0004580884 0.4498738945 -0.0276290104 0.1695112884 -0.0594080500 -0.7251915336 0.0719712675 -0.0145019684 -0.5801106095 0.0002425744 0.6129830480 0.0142396344 -0.0547888279 -0.0398146361 0.0006460283 0.0002472202 -0.0812324211 -0.0408595912 0.0006455000 -0.2207406312 -0.1098642126 -0.0034441161 0.1876533180 -0.1648986638 -0.0199947916 0.1634019613 0.0402500965 -0.0030759533 -0.1545731127 0.0005603274 -0.0212546308 -0.0230230764 -0.0009466726 0.0166493803 0.2703090012 0.0510977395 -0.0005419104 0.0017510861 -0.0472085439 0.0160144251 -0.0009061529 -0.0149391554 0.4702827334 0.0081963222 -0.3052459657 -0.0003898481 -0.0006932071 -0.0437940136 -0.0101692416 0.0490090884 -0.0042883079 0.0811074227 -0.0096305124 0.0011751412 0.0007866636 -0.0000645014 -0.0004599392 0.0197501257 -0.7949684262 0.0460743383 0.0032190643 -0.0006778522 -0.0092950016 0.0000353290 0.1416367590 -0.0010594510 0.4416742921 0.0008920379 0.2167566270 -0.1057401672 0.5347214341 -0.0006226300 -0.0209247135 0.0907124802 0.0011127795 0.0874709114 -0.3761737347 0.0341588072 -0.0011728727 -0.0487002693 0.0006232269 -0.0206884481 -0.0534621067 -0.0001278321 0.0486984849 -0.0055438476 -0.0025373225 -0.6296420097 -0.1091216505 0.0582140908 0.0004011513 0.0014893449 0.0000005514 0.3577105999 -0.0476933867 -0.0010427235 0.1515847445 0.0579702891 0.0290003531 0.0011742564 -0.0349330641 0.2742437720
0.0009822459 -0.0015629509 0.0007204271 0.0004677887 0.0003693481 -0.0010084165 -0.0014274509 -0.0003365352 -0.0013055776 -0.0014556006 0.0011284900 -0.0011911719 -0.0012827878 -0.0010287863 -0.0005319313 0.0000277281 -0.0012744035 -0.0010902500 -0.0012403660 -0.0011171658 -0.0005007132 -0.0004234030 0.0003945419 -0.0001808481 0.0000568647 -0.0016795978 -0.0001079570 -0.0012298981 -0.0005289019 0.0008244805 -0.0011487147 0.0011743540 -0.0005105602 0.0004255047 -0.0015861155 -0.0008494983 -0.0000642405 -0.0000643323 0.0005972551 -0.0009765457 0.0009523844 -0.0011858152 0.0005478646 -0.0007438021 -0.0013411570 0.0008834468 0.0005448181 -0.0009593682 -0.0012312132 0.0001138771 0.0011677892 0.0008859485 -0.0014754611 0.0001935718 0.0005854891 -0.0014072903 -0.0017290850 -0.0002805463 0.0005598191 -0.0002018590 0.0011244926 -0.0013015454 0.0000251885 -0.0018525043 0.0010438461 0.0007553660 -0.0013523409 -0.0011219187 0.0001345934 -0.0013871382 -0.0015565042 -0.0011740967 0.0008822457 -0.0004775157 -0.0005743720 -0.0002783431 -0.0006863810 0.0005401392 -0.0011970423 -0.0009670393 -0.0013919327 -0.0011857001 -0.0011895902 -0.0010537916 -0.0011711877 0.0008129104 0.0006179035 -0.0004702372 0.0008412247 -0.0000393628 0.0007854804 -0.0000266492 0.0006600111 -0.0015890581 0.0004188351 -0.0013174599 0.0004989023 -0.0008562460 -0.0004441144 0.0001175936 0.0007156425 -0.0017979469 0.0011308619 -0.0017066564 -0.0015720580 0.0007760297 -0.0016373961 -0.0006747501 -0.0000203524 0.0000925929 -0.0010488521 -0.0004471522 -0.0006460302 -0.0005089279 0.0006608281 -0.0015019779 -0.0018569769 0.0000801697 -0.0003282782 -0.0006245745 -0.0011407284 -0.0000821818 0.0005555202 -0.0006310689 -0.0003450287 -0.0004140252 0.0002838107 0.0003587826 -0.0010422597 -0.0001144864 0.0011627229 -0.0014154181 0.0006550623 0.0009906758 -0.0009275452 -0.0003713558 0.0006884395 0.0003997104 0.0001335358 -0.0016367455 0.0007415675 -0.0000408604 0.0010957082 -0.0009581279 0.0003399162 0.0007179712 -0.0007045310 0.0009235334 -0.0001970287 -0.0018274111 -0.0004494757 -0.0004326167 0.0003143545 -0.0003112271 -0.0006057173 0.0011185787 -0.0009280927 -0.0005999290 0.0007480278 -0.0011154241 0.0009921473 0.0001943195 -0.0004804475 0.0006785939 0.0006915407 0.0004294807 -0.0005375400 -0.0013616214 0.0002430375 -0.0009979390 -0.0004704275 -0.0012738036 -0.0006219235 -0.0006705834 -0.0003732891 0.0003117675 0.0004757268 -0.0002080164 -0.0003603579 0.0002565488 -0.0005584080 -0.0017421057 0.0009597570 -0.0008328695 -0.0008986349 -0.0004815941 -0.0006032392 -0.0013503270 -0.0005833092 -0.0005807059 0.0001358755 0.0007835877 -0.0004618582 0.0004507055 -0.0013342001 0.0002579179 0.0008359876 -0.0001846945 -0.0005505155 0.0006242693 0.0008616872 -0.0013862383 -0.0001860289 0.0010821379 0.0010104367 0.0002522014 -0.0000340126 0.0007674037 -0.0010132024 0.0005831959 0.0010453018 -0.0004340711 -0.0003094527 -0.0005859419 0.0008448610 -0.0004774028 0.0003257241 0.0011915951 -0.0004722000 -0.0004742776 -0.0004013413 -0.0006645254 0.0003951615 0.0009804402 -0.0011787645 -0.0012530853 -0.0001011473 -0.0013837744 0.0008645125 0.0007186640 -0.0010624808 -0.0010073130 0.0008544014 0.0003776461 -0.0002630705 -0.0017260931 -0.0007989238 0.0012133863 -0.0000327186 -0.0014891619 -0.0005668608 -0.0012041060 -0.0002160638 -0.0012190741 0.0007134253 -0.0014789397 0.0004945925 -0.0004700768 -0.0004925934 0.0004635254 -0.0012554366 -0.0001328831 -0.0006725793 0.0011489483 -0.0010224101 0.0003061769
-0.0016641462 0.0002126637 -0.0004721912 -0.0002201104 -0.0005828084 -0.0012415148 -0.0012850453 -0.0015408492 -0.0015573850 -0.0006905202 0.0007943244 -0.0005962677 0.0009139209 0.0003880307 -0.0012042352 0.0009473693 -0.0003289360 -0.0011157636 0.0000387832 0.0009188955 0.0008714970 0.0004609891 0.0005887414 0.0008824533 -0.0000098818 0.0004597316 0.0004892219 0.0009106770 0.0000065294 0.0009140776 -0.0004073684 0.0005249525 0.0012730637 -0.0011148223 -0.0014709479 -0.0001600201 -0.0008976586 -0.0000028132 -0.0014662023 -0.0012444160 0.0001676534 0.0005135941 -0.0004287002 0.0006654791 0.0005605394 -0.0006993402 -0.0007748291 -0.0003703231 -0.0008172980 -0.0014407296 0.0005013164 -0.0010997062 -0.0001078527 0.0005418734 0.0011995913 -0.0001864433 -0.0009231056 0.0009945414 -0.0007053804 -0.0006408726 -0.0004310957 0.0004215096 0.0007048508 -0.0006632269 0.0005386040 0.0012320081 -0.0012508737 -0.0011249421 -0.0013979792 0.0000212524 -0.0001634971 0.0003028264 -0.0011288746 0.0003867070 0.0009943227 0.0002263700 -0.0011988230 0.0009633382 0.0005152336 -0.0007057465 0.0005547552 0.0006037791 0.0009885960 0.0009633339 0.0002921308 0.0010148222 -0.0006080107 0.0011687437 0.0003224332 -0.0015864387 -0.0003865331 -0.0003962839 -0.0001485490 0.0010672065 -0.0013074861 -0.0013698608 0.0011957054 -0.0014724901 -0.0002046179 -0.0014684149 -0.0008426416 -0.0006976511 -0.0007174764 0.0009702271 -0.0005805331 -0.0007529737 0.0001775479 0.0005620383 0.0014612764 0.0000570453 0.0011242967 -0.0008700019 0.0003641128 -0.0014072112 0.0002695913 0.0001924980 -0.0001219260 -0.0006877212 0.0012640973 0.0007173353 0.0004936036 -0.0012713866 -0.0014127709 -0.0004743624 -0.0007561732 -0.0002479512 0.0006244784 0.0003377020 0.0004503558 0.0008936946 -0.0000942905 -0.0000282777 0.0000752134 -0.0002940075 0.0010690105 -0.0016544142 0.0001271609 -0.0009598272 0.0007150179 -0.0000049897 -0.0008882148 -0.0012491981 -0.0009982190 -0.0017200230 -0.0009133876 -0.0004457161 0.0006201195 -0.0016990331 -0.0003927318 -0.0006146071 0.0006585664 -0.0004565835 -0.0017101906 -0.0014731435 -0.0003267742 0.0006467503 -0.0017150339 -0.0016108024 -0.0009631903 0.0002300512 -0.0015367524 0.0003638656 0.0009411789 -0.0006003655 0.0006872269 0.0000998097 -0.0017350612 -0.0007803368 0.0011539495 -0.0009727887 -0.0011490730 -0.0011765283 -0.0005062692 -0.0015328123 0.0008294973 -0.0008389544 0.0001022560 0.0010519881 0.0007900571 0.0004372222 0.0005221781 0.0010624279 -0.0015675133 0.0012574070 0.0006020137 0.0002769771 -0.0006734147 -0.0008345008 0.0012797609 -0.0011028048 0.0007245386 0.0006528171 0.0004415848 -0.0002430003 0.0012523482 0.0008394411 -0.0011293235 0.0009147717 -0.0013360715 0.0000420064 -0.0007725719 0.0009906137 -0.0015460559 -0.0002867541 0.0005516208 -0.0014888301 -0.0007516230 -0.0004327737 0.0013353928 -0.0001439477 0.0001969056 -0.0007452273 0.0003193390 0.0009674802 -0.0013471858 0.0008539314 -0.0009905034 0.0011048045 -0.0015212075 0.0013782298 0.0000904818 0.0013324422 -0.0002126486 0.0007122916 -0.0015471543 0.0004186817 -0.0007767750 0.0008012427 -0.0011854602 -0.0007539973 -0.0010901941 -0.0008865650 0.0003727827 -0.0011580603 0.0007742493 0.0008932040 0.0008061040 -0.0006156137 -0.0007419393 -0.0009140844 -0.0009304811 0.0001119860 -0.0009965921 0.0001234712 0.0011022462 0.0002898583 -0.0013870915 0.0000996029 -0.0002636013 -0.0010909509 -0.0003424512 -0.0004599092 0.0010202035 -0.0005414516 -0.0004110705 -0.0002122516
-0.0059245690 -0.0007175399 -0.0041863727 -0.0051064007 -0.0004589095 0.0006120732 -0.0066667479 -0.0041750944 -0.0068363594 -0.0005860380 -0.0040430627 -0.0055312542 -0.0055831452 -0.0051931497 0.0001270763 -0.0010035731 0.0006872536 -0.0067787878 -0.0052612005 -0.0067640357 -0.0066306763 -0.0036849240 -0.0061212871 -0.0054064938 -0.0003063974 -0.0060354909 -0.0005453090 0.0007390067 -0.0056997910 -0.0043952940 -0.0024349417 0.0011150626 -0.0038821863 -0.0046678926 -0.0064687235 -0.0042337915 -0.0053412439 0.0003598346 -0.0010296933 -0.0016264422 -0.0045616021 -0.0003601054 0.0006859237 -0.0007606550 -0.0052014389 -0.0063870018 0.0026646927 -0.0049037747 0.0006762121 -0.0046853689 -0.0000861886 -0.0005566280 -0.0038790174 -0.0007494081 -0.0051770010 -0.0042023095 -0.0045132092 -0.0053246282 0.0000186336 -0.0065536890 -0.0047897450 -0.0054273433 0.0005024271 -0.0038699652 -0.0049570170 -0.0006239872 -0.0057549439 -0.0045386264 -0.0051714657 -0.0000866258 -0.0063716290 -0.0068498924 0.0000692726 -0.0048635388 -0.0045554698 -0.0046633300 -0.0046912278 -0.0053404141 -0.0067532035 -0.0013488419 -0.0049976027 -0.0047367224 -0.0052600955 -0.0053804209 -0.0011251278 -0.0049688555 -0.0013339823 -0.0042513367 0.0004385716 -0.0061185602 -0.0036036128 -0.0056058783 -0.0011687210 -0.0008623262 -0.0037361016 0.0004810809 -0.0052143265 -0.0003439519 0.0006890138 -0.0058083674 -0.0012680650 -0.0039951000 -0.0050385324 -0.0049013770 -0.0061356672 -0.0044902344 -0.0049224347 -0.0046389909 -0.0012570574 -0.0040537589 -0.0067592012 0.0002440283 0.0009331261 -0.0013681583 0.0010822969 -0.0018374457 -0.0055383095 -0.0002164719 0.0006621304 -0.0012148125 -0.0057650637 -0.0016432223 -0.0063372734 -0.0040995097 -0.0052456786 -0.0059060478 -0.0053497502 -0.0047121001 -0.0008391213 -0.0061638737 -0.0043843016 -0.0020281579 -0.0039112098 -0.0058162324 -0.0004133539 -0.0049863271 -0.0038256634 0.0048347237 -0.0050220154 -0.0058331206 -0.0005543481 0.0004507060 -0.0013230650 -0.0051695853 -0.0057695992 -0.0047156736 0.0008595207 -0.0056707095 -0.0053042360 -0.0046329987 -0.0059609232 -0.0045512812 -0.0058342195 -0.0062709549 0.0004582553 -0.0056851478 -0.0067994655 -0.0063876342 -0.0054352763 -0.0068896622 -0.0060838312 -0.0057191341 -0.0043177833 -0.0003884465 -0.0049724318 -0.0037522451 -0.0038983375 -0.0054979376 -0.0003606080 -0.0007180611 -0.0056168512 -0.0049645649 -0.0000855524 -0.0062783645 -0.0063616275 0.0009514480 -0.0053606131 -0.0049685803 -0.0052700131 -0.0059381272 -0.0040895967 -0.0017863222 -0.0066367639 -0.0016387728 -0.0051733106 -0.0061707515 -0.0013440795 -0.0046071196 -0.0062100687 -0.0061145043 -0.0016258677 -0.0016471541 -0.0043585543 -0.0054335170 0.0005502259 -0.0005220035 -0.0054591722 -0.0066246772 -0.0006447945 0.0006104215 0.0003143310 -0.0039756307 -0.0061628306 -0.0047576749 -0.0056788810 -0.0041087084 -0.0053018448 -0.0005523814 0.0007765638 0.0008673273 0.0011593902 -0.0064341933 0.0053356434 -0.0049783872 -0.0043954025 0.0003660826 -0.0066581480 -0.0017164670 -0.0042461283 -0.0007953671 0.0035946369 -0.0015226565 -0.0061368998 -0.0041684872 0.0034866566 -0.0016559322 -0.0061660917 -0.0052252826 -0.0018039922 -0.0057583963 -0.0039516645 -0.0063718087 0.0010954157 -0.0045193918 0.0011775097 -0.0055297627 -0.0048047933 0.0001817761 -0.0063750995 -0.0044226213 0.0006025782 -0.0066052275 -0.0063675386 -0.0059159417 0.0011508720 0.0006085286 -0.0016789736 -0.0048483042 -0.0066640354 0.0008818804 -0.0040282118 -0.0050954013 -0.0039712782 -0.0006264840 -0.0045007747 -0.0054866569
0.0494764969 0.0001770286 0.1244427711 -0.0091486135 0.0003010017 -0.0010658294 -0.0127958488 -0.0325387120 -0.1446091086 -0.0011037895 0.0652938038 0.0040215794 0.0880837739 0.0156773143 0.0450610779 -0.0003176850 -0.0011583844 -0.0124643967 0.0231341626 -0.0374436341 0.1367812455 0.1111851633 -0.0918461680 0.0391287841 -0.0005699535 0.0895688534 0.0006852502 -0.0019256691 -0.0609823912 0.0739272237 -0.0936518982 -0.0176386684 0.1394925416 0.1275025755 0.1253796667 0.0075581879 0.1059809402 0.0005094828 -0.0004932912 -0.0025103453 0.1121717095 0.0009902281 -0.0031191094 0.0001747725 -0.0387228765 0.1647635847 -0.0093582813 -0.0311769564 0.0019301838 -0.1700735539 0.0006148847 0.0010955853 0.1242569089 -0.0003479055 0.1466871947 0.1042544842 -0.0698546097 -0.0274061710 -0.0011697848 -0.2972987890 0.0106334379 0.1026542708 0.0014327373 0.0600738898 0.0760248974 -0.0001732114 -0.0152501771 -0.0493843630 0.1088664830 0.0015730477 0.0692446604 -0.0002713922 -0.0009555054 0.0133765005 0.0924116820 0.1536916643 -0.2963639200 0.0774368793 -0.0256616138 0.0014148555 0.0383071303 0.0729704052 0.0268496014 0.0783969015 -0.0011301951 0.1668302566 -0.0000726513 -0.0863176286 0.0012754400 0.0133367712 0.0241531972 -0.1235865951 0.0009916626 -0.0017877123 0.0512229986 0.0001174345 -0.1085349917 0.0000964667 -0.0006303993 0.0403578281 -0.0013580796 0.0219508726 0.1024920940 -0.0351457000 0.0870203152 -0.6598559022 0.0637744516 -0.0666175708 -0.0014409230 0.0503972024 0.0931666419 -0.0005852015 0.0003498451 0.0006511998 -0.0004918787 -0.1994801462 0.0792321265 -0.0021647138 -0.0000255126 -0.0017277043 0.0617029630 0.0006557354 0.1018940881 0.1130157933 0.0535791367 0.1121170968 0.0665992349 -0.5147544146 0.0003706616 0.0935053155 0.0754185766 -0.0015715732 -0.0717208683 0.1266121566 -0.0025651823 -0.2309894562 0.0452609397 -0.0007871448 0.1185418963 0.0433652475 -0.0011905970 -0.0012573547 -0.0009361406 -0.0330180600 -0.0891451910 0.1065873504 0.0011192070 0.1296253949 0.0639851764 -0.1351425499 0.1295572221 0.1181648597 -0.0742328390 -0.0623620152 -0.0010540782 0.0731309503 0.0453393571 0.0729158446 0.1255339831 0.0492574796 -0.0251628608 -0.0926231071 -0.0296619982 -0.0001519525 0.0471007302 -0.1996454448 -0.0697868466 0.0593128391 -0.0004365710 0.0010905641 0.0887168199 0.0837279856 -0.0002709443 -0.1587779224 0.0495606624 -0.0009176084 0.0238576420 -0.0206456147 0.0583079979 0.0640291497 -0.0117285000 -0.0011157279 0.0259228926 -0.0007872613 0.1284220368 0.0075582317 0.0007686765 0.0569220893 0.0283664223 0.0329945199 0.0001899780 0.0013159546 0.0369806029 0.0359017588 0.0001392190 -0.0054804850 0.1504294425 0.0701138675 -0.0687544942 -0.0007666871 -0.0016015501 0.0094268825 0.1445619166 -0.0772557259 0.0391001888 0.0763951614 0.1186617017 0.0012233200 -0.0011219645 0.0002688997 -0.0024877980 -0.0982857868 0.0355089903 -0.0747762769 -0.1265320033 -0.0000052571 0.0395393930 -0.0010906602 0.1621311754 -0.0006793790 0.0964596272 -0.0004817699 0.0821618289 0.0951512903 0.0936743021 -0.0005958189 0.0421741903 0.0351367071 -0.0009458810 -0.0430040695 0.1055498868 -0.0751391053 0.0007768057 0.1217106655 0.0017080595 0.0420630574 0.0929504931 -0.0015308280 0.1057561710 0.0496053919 0.0000392659 0.0639086440 0.0892369077 0.0998252481 -0.0010355561 0.0004263220 -0.0000839353 0.0534532145 0.0507538952 -0.0019388379 0.0623169318 0.0080992933 0.1468954384 -0.0007517767 0.0578406155 0.1145745516
-0.0014497642 0.0000601382 -0.0015047321 0.0003872172 -0.0012487266 0.0009561705 -0.0001016645 -0.0015384683 0.0004350463 -0.0011659819 0.0003385867 -0.0007333137 -0.0010870616 0.0006581434 0.0004714087 -0.0014071127 0.0006013106 -0.0014828027 -0.0005783234 -0.0007383071 -0.0017146323 0.0000623448 0.0004227879 -0.0000003256 -0.0012587006 0.0010549047 -0.0002371908 -0.0007359671 -0.0006952598 -0.0014931604 -0.0012541231 0.0006322279 -0.0009120802 -0.0012127555 0.0004260577 -0.0012508641 -0.0011724218 0.0008932515 0.0010318988 0.0010178867 0.0007706668 -0.0001747885 -0.0017508378 -0.0013519088 -0.0010569732 0.0004715708 0.0004598972 0.0002318049 0.0006918213 -0.0002129899 0.0001964987 -0.0007446816 -0.0016431704 -0.0015234683 0.0000195263 -0.0011795427 -0.0004660310 -0.0004302902 0.0007689958 0.0001629645 0.0003917792 -0.0007305723 0.0015020266 -0.0012446080 0.0007389170 -0.0000839733 -0.0005259142 0.0011019907 0.0002112232 0.0001536825 -0.0011028994 -0.0011667400 -0.0016632887 -0.0011183048 -0.0001689038 -0.0017069749 -0.0012337854 -0.0010131872 -0.0011981569 0.0004357055 -0.0016994940 -0.0009834589 0.0000425763 -0.0015513431 0.0007713737 0.0011924696 0.0002031233 -0.0005341037 -0.0010602247 0.0000478797 -0.0007173153 -0.0007475764 0.0003764611 -0.0002831534 -0.0007204891 0.0003861518 0.0008582175 -0.0011860619 -0.0000808242 -0.0011002034 0.0004567986 0.0007629984 -0.0001824358 -0.0005830503 0.0008672256 -0.0017482969 0.0009917808 0.0000427277 -0.0008832680 -0.0008923268 -0.0013653219 -0.0015337358 0.0000002337 0.0009421069 -0.0006184775 -0.0016302922 -0.0001189514 -0.0010341706 -0.0013756581 0.0011297573 -0.0016984267 -0.0007981320 0.0011177274 0.0003575417 -0.0017472167 -0.0006717552 0.0011576879 0.0004528989 0.0009651932 0.0003059525 -0.0002427322 -0.0001694427 -0.0003468221 -0.0010532161 0.0013760836 0.0011559684 -0.0000534232 -0.0014443405 -0.0005618712 0.0003789690 0.0010367264 -0.0013159412 0.0003808161 -0.0010960873 0.0004603335 0.0000820015 -0.0009115302 -0.0013967853 -0.0016248296 -0.0011723286 0.0010194534 -0.0010043068 0.0002838364 0.0006066392 -0.0006762075 -0.0002642694 0.0007836915 -0.0016286422 0.0008444453 0.0005882782 -0.0004120509 0.0008155874 -0.0009881756 -0.0014464174 -0.0015622211 -0.0013873607 -0.0015897988 0.0004101533 0.0003065293 0.0010757904 0.0006487955 -0.0005411629 -0.0001514022 -0.0007750971 0.0001553860 0.0002691865 -0.0006969438 0.0010017040 -0.0016781695 -0.0000236817 0.0002249139 0.0010475529 -0.0012482753 -0.0009543576 -0.0016545671 0.0002648969 -0.0000649493 -0.0011574249 -0.0006328476 0.0009902915 -0.0002807149 0.0000699781 0.0000622837 -0.0002378634 -0.0016428247 0.0008715659 -0.0013142563 0.0010985896 -0.0015657367 0.0003940901 0.0005437447 -0.0011538437 0.0006333693 0.0002218794 0.0005962962 0.0010103656 -0.0015650197 -0.0012214900 -0.0000876647 0.0011591451 0.0009163257 0.0012070342 -0.0001414864 -0.0010541643 0.0008131326 0.0005683066 0.0002796591 0.0002784148 0.0004089618 -0.0017868463 -0.0013350914 -0.0007938259 -0.0000022104 -0.0013997483 -0.0017104601 -0.0012981723 0.0009426127 0.0009514465 -0.0011747484 0.0011080756 -0.0004572660 -0.0013847848 -0.0017523775 0.0005971894 -0.0000128379 -0.0014123713 -0.0014581848 0.0000295326 -0.0015324219 -0.0005659810 -0.0016069205 0.0007644937 -0.0001620293 0.0006750450 -0.0002165584 -0.0016197183 0.0004365305 0.0002139162 -0.0016273997 -0.0013890796 -0.0001843315 -0.0012952496 -0.0015997889 -0.0012484156 -0.0011652338 -0.0003761502
-0.4511753023 -0.0003650586 0.0013557513 -0.0906679332 0.0008323757 -0.0026838162 0.2219244838 -0.0158584658 -0.1767837405 -0.0014089477 -0.2404794544 -0.2701389492 0.0388204157 0.0144804372 -0.0824939013 0.0002599524 0.0015445414 -0.0028804920 0.1653482616 -0.0291409474 0.0138272261 0.1764934212 0.4520521462 -0.8426482677 -0.0011655196 -0.0282543749 0.0000323405 -0.0018441179 -0.0149489846 -0.0502099693 -0.4088459611 -0.0196221396 0.0190433711 0.0864313394 -0.0225132704 0.2472524941 0.0085173221 -0.0009113963 0.0016414595 -0.0040659402 -0.0126910778 0.0010733482 0.0028709290 0.0004592401 -0.1004220992 0.0024413189 0.0002075707 -0.7843840122 -0.0010327854 -0.2400442511 -0.0010806450 -0.0006585948 0.1534617543 -0.0017784570 0.0474095121 -0.0561649427 0.0058519961 0.0286297761 -0.0013231743 -0.0188615955 0.2348592281 0.1045120731 -0.0003242045 0.0111693759 -0.0556965731 0.0003134159 0.0165557899 0.2212821096 -0.0517550074 0.0007032601 -0.1930688471 -0.0618949719 0.0006949300 0.0009770192 0.0725771487 0.0923502296 0.2613398731 -0.2362231463 0.1541071832 0.0000509982 -0.0025318242 0.3813863397 -0.0208357386 -0.0533572771 0.0015184713 -0.2824881673 -0.0003145994 0.1497811824 0.0017296115 -0.1841221601 0.5042312741 -0.0083980151 0.0000686672 -0.0018808444 -0.0269007850 -0.0017591097 -0.0286774132 0.0002247024 0.0017041266 0.5539203286 -0.0016339045 -0.0452919416 0.0089756520 -0.0534750298 0.1135142967 0.4746007025 0.0001745643 0.0361061655 0.0008253672 -0.0375049710 0.1066196635 -0.0008845223 -0.0010280687 0.0017180461 -0.0000574369 0.1165435016 0.1454627514 -0.0003724616 -0.0005843349 0.0029214786 0.0143835787 -0.0006088150 -0.0057498738 0.0201848969 -0.0640366152 0.0129845105 -0.7962442040 0.1173268259 0.0015336399 -0.0782400146 -0.2523120940 -0.0843389109 -0.0961977318 0.0245493110 -0.0014011231 0.2285089493 0.0385133326 0.3452804387 0.3753797412 0.1660937667 -0.0001260991 -0.0021435362 -0.0005348289 0.1917934418 -0.0413771123 -0.0620412081 -0.0002053306 0.0214502383 0.1724786609 0.0629726276 -0.1239000335 0.0285238139 -0.2211492062 0.0663788542 0.0000047940 -0.3368513882 -0.0374656059 0.2706112862 0.0001874279 0.2474035770 0.0063186539 -0.0362784490 0.2752358019 -0.0006569034 -0.2234008908 0.1515135616 -0.1106574982 0.0003181901 0.0008232237 -0.0002133764 0.0004319866 -0.0469314419 0.0001036323 0.3045595884 -0.0189010538 -0.0016256211 -0.0831458494 -0.0748307258 -0.0545138679 0.0446796380 0.1180042401 -0.0026778209 -0.0229949299 0.0015299281 0.0014203934 -0.0395227186 0.0012904110 0.2515599430 0.1316082031 0.0799807832 0.0017717968 -0.0010882362 -0.0877495483 -0.1127329618 -0.0007702067 -0.0115125012 -0.0961894542 -0.4274856448 0.2329949290 -0.0008636171 -0.0017262694 0.0593034364 -0.0249733049 0.0367876217 -0.0248364098 -0.1060170457 0.0253349226 -0.0003464745 0.0010667066 0.0011336860 0.0003185261 0.0427769721 0.2135750651 -0.0624943264 -0.0446273983 -0.0015286362 0.0202627257 -0.0000313121 0.3680399656 -0.0002596205 -0.1521503329 0.0002428302 0.0332099684 -0.0034976513 -0.1590761095 0.0006268038 0.1084168330 0.0509258211 -0.0020047885 0.0042581572 -0.2541837394 -0.0062693702 -0.0010916732 0.0668246523 0.0010325883 -0.0523692705 -0.0441047475 -0.0033263341 0.0527167693 -0.0130995587 -0.0005191086 0.5739198923 -0.0427717976 -0.1963874549 0.0004597553 0.0013106433 -0.0003915070 -0.0225370694 0.1095830649 0.0009826423 0.1096727550 -0.0441536121 0.0336473249 -0.0009421813 0.1299315840 -0.9500602484
0.5171666145 -0.0011904013 0.1153368875 -0.2158218771 -0.0001936431 -0.0019622527 -0.2520318329 -0.0385760963 -0.2159700692 -0.0026479615 0.0612366125 -0.0840686262 -0.0038414670 0.0142935766 0.1176369935 -0.0010217532 0.0014988092 0.1363500655 -0.0952810422 -0.0109784100 0.2477295250 -0.1576692015 0.0861470848 0.5424664021 -0.0009708990 0.0425572805 -0.0004944879 -0.0012483877 -0.0499172732 -0.0002092518 -0.0391888656 -0.0175784342 0.2071075141 0.0648709685 0.1675245017 -0.1800344139 0.0841456503 0.0000622804 -0.0009180044 -0.0031617042 0.1698579788 -0.0008625133 -0.0030959209 0.0013841463 -0.0343271755 0.0926713347 0.0342596658 0.1440135539 0.0021679776 -0.3555519581 -0.0009971558 0.0009670216 0.1230427995 -0.0023485657 0.1312338114 0.0527584329 -0.1446306258 -0.1788666844 -0.0031466342 0.0499661751 -0.0530976914 0.1518236101 -0.0012403583 0.0277873948 0.0861378834 -0.0010028463 -0.0279521644 0.1459919065 0.0531203859 0.0007854135 0.1549172699 -0.0230973903 0.0006609777 -0.0217137113 0.0922991410 0.1744832695 0.2230455875 0.3187270761 -0.0780006647 0.0002317664 0.0205718074 -0.0247118697 0.0231704321 0.0240796413 0.0011019328 0.3640089333 -0.0005570445 -0.1874103993 0.0001424735 0.0762021393 -0.2879373133 0.0557335205 0.0017993051 -0.0020392246 0.1457334906 -0.0000052488 -0.0751205608 -0.0011427683 0.0012969142 -0.2926711440 -0.0023746155 -0.0091792298 0.0248057954 0.4153186083 -0.0195690058 -0.4118684530 0.0028106368 -0.0210992582 0.0002078218 -0.0190166198 0.1868518591 -0.0012935787 0.0018056731 0.0010301206 0.0010263911 -0.0246595331 -0.0367539562 -0.0016364215 0.0002706870 -0.0002053193 -0.0249478165 -0.0008401412 -0.1734111607 0.0874372274 -0.1466271728 0.0830850974 0.5553952456 -0.0996906906 0.0003611840 0.1565109491 -0.1634729356 -0.0666537136 -0.0925015435 0.1822970510 -0.0000760531 0.1594701856 -0.1276041418 0.0026613087 0.0116387922 0.1639403254 0.0003162913 -0.0000490958 0.0009143710 0.2384324968 -0.0069838814 0.0467589125 0.0015579686 0.1455733180 0.1289317906 0.0732286870 0.2406194359 0.0888665169 0.5031300783 -0.1274505109 -0.0010366390 -0.0501964614 0.0102939997 -0.0442037843 0.1071198955 0.1347690225 -0.1106517613 -0.0030512619 -0.0488364324 -0.0006090082 0.1398699135 0.0528990999 -0.0265107546 0.0136919254 -0.0001165712 0.0010741093 0.0965555832 0.0677117854 -0.0009687230 0.0607466958 0.0584939681 -0.0016928538 -0.1025999784 0.0247432422 -0.0128287897 0.0430922695 -0.0197087694 -0.0030182444 0.1671531200 0.0001826662 0.1604851484 0.0461689495 -0.0005157762 -0.0326436982 -0.0073161270 0.1782599092 0.0004805505 -0.0003578746 0.2158819735 -0.1307334453 0.0007177109 -0.0126237562 -0.1573039591 0.5343669653 -0.1593064964 0.0005817001 -0.0014872208 -0.0373074226 0.1248182803 -0.1416675746 -0.0171129610 -0.0284697823 0.0898725614 -0.0009336323 0.0001731642 0.0010263133 0.0001814683 -0.0529917441 0.0034515657 -0.0877020434 -0.1012924165 0.0010808303 0.0268378835 0.0005691217 0.1367685944 0.0006321298 -0.0726566464 -0.0008077580 0.1731546968 0.1051022485 0.5203514099 0.0009276011 0.0041810879 0.2266769558 0.0011385477 -0.0799308345 0.1749317944 0.0133996680 0.0017388243 0.2082657069 0.0008531988 -0.1167140976 0.2187421173 0.0001377345 -0.0210723560 -0.0737490356 -0.0007514956 -0.1298629194 0.0712885931 0.3826833963 -0.0010542215 0.0010993758 0.0008025985 0.0473218821 0.0359009467 -0.0002854018 0.2329104990 -0.0224397704 0.2240431756 -0.0009166074 0.2091217339 0.6033970118
-0.8071159720 0.0006984120 0.0091165686 -0.1156365499 -0.0008936244 -0.0029645881 -0.0857489631 -0.0211815611 -0.1914661229 -0.0029487945 0.0082902787 -0.0682155043 -0.0313143954 -0.0368768908 -0.0250290297 0.0011866436 0.0010216556 -0.0948466808 0.0429771096 0.0319483727 0.1813826859 0.1986027509 -0.1980044246 -0.5446082354 -0.0002099210 0.0039938786 -0.0003713225 -0.0040766215 -0.0563433506 -0.0371739864 0.0573996305 -0.0197366830 0.1850504428 0.0359347910 0.0862045214 0.3093805015 0.0504923798 -0.0000596122 -0.0006870962 -0.0023356131 0.0503892712 0.0010156878 -0.0024023447 -0.0003387895 -0.1080304012 0.0422889926 0.0042781564 0.2150300741 0.0029865243 0.0362301134 -0.0005404385 0.0013327510 0.1382308751 -0.0012736336 0.0012306585 -0.1132680550 -0.1810759604 -0.0568861738 -0.0032827058 0.1919567436 0.0632512569 0.1057570428 0.0009752414 0.1213166565 -0.0097643174 -0.0002405194 0.0448914766 0.1278646439 -0.0205469877 -0.0004355745 -0.0930463895 0.0134362932 -0.0013300368 -0.0012836674 -0.0945750400 0.0728165507 0.0343641266 0.2292685956 0.0108417897 0.0003020087 -0.0267221332 0.2153600603 0.0933375433 -0.0274883471 0.0009575840 -0.0470880307 0.0010921471 -0.2107511908 0.0009129629 -0.0410383679 0.0839024633 -0.0351571217 -0.0009646657 -0.0030344126 0.2988581061 -0.0012411636 -0.0074113072 -0.0004259793 0.0014440170 0.1629562527 -0.0008592781 0.1096510813 0.0323905349 -0.1999677271 0.0035640125 -0.0186118167 -0.0534607470 0.0194075592 0.0013194158 -0.0901186243 0.0924818218 -0.0018750970 0.0007319730 -0.0000383914 -0.0005036424 -0.2912612557 0.1101600528 -0.0025020086 0.0002594537 0.0011312503 0.0395664088 0.0014013743 0.2946630716 0.0610583387 0.2102543265 0.0470760465 -0.3336479068 0.1386057884 0.0008449480 0.0662325397 -0.2380448431 0.2571616769 -0.2149813771 0.1163198948 -0.0016125586 0.1331195384 -0.0376978405 0.0231913514 0.1314649284 0.1585039794 0.0005280877 -0.0015208852 -0.0005484552 0.1384587735 0.0775628686 -0.0126548158 0.0003183309 0.0382479616 -0.1652303934 0.3485936522 0.0957723856 0.0658019856 -0.4565965235 -0.2389878333 0.0017130026 -0.3611011505 -0.0175160840 0.4623763561 0.0365989991 0.0516409390 -0.0544122942 0.1563134938 -0.2369882613 -0.0008839415 0.4345197678 0.1795755625 0.0268464275 0.0276062712 -0.0025846306 -0.0001679744 -0.0239562728 0.0625726059 -0.0007346031 -0.7293667793 -0.0802081227 -0.0030522163 -0.1755775064 -0.0532179549 -0.0687961653 -0.1532307416 0.0352120623 0.0006985028 -0.1618627012 0.0005751119 0.0882468224 -0.0132374987 0.0013654220 -0.0485602058 0.1659677029 0.0792515799 -0.0002465015 -0.0002252596 0.0892042816 -0.0540875457 -0.0011018564 -0.0133251734 -0.4559849203 -0.1613596529 0.3206894100 0.0017738360 -0.0010840384 -0.0204749815 0.0160330255 -0.3150101900 -0.0203572195 -0.2766756713 0.0373869427 0.0009266682 0.0013171297 0.0010477511 -0.0006033671 0.0959988907 -0.1206058562 -0.2268549651 -0.0396132469 -0.0011036186 0.0138141429 -0.0007904831 -0.6919811368 -0.0007045788 0.1463044286 0.0006964387 0.0698039606 -0.0297493991 0.0785785615 -0.0007493324 -0.0155221615 0.1204778180 -0.0001175589 -0.0233120192 -0.2888900042 0.0269431435 -0.0017642420 0.0740637407 0.0012961624 0.1392423511 0.1932817698 -0.0037020377 -0.0534068719 -0.0343645252 -0.0002119466 0.0312670358 -0.0265489928 0.2829803526 -0.0019642280 0.0011524183 -0.0012043862 0.0171859246 0.0729168057 0.0000953645 -0.3499138355 -0.0098984418 0.1031263769 -0.0007149304 0.1057141125 -0.4418756366
-0.0308964029 0.0004445874 0.1776955575 -0.7340812087 0.0006818377 -0.0028030567 0.3330269754 0.1833494157 -0.2910095453 -0.0027283188 -1.8077492714 -0.0440515727 0.2060650140 -0.0557950251 0.1879875660 0.0010195858 -0.0007610734 -0.0757733658 -0.0780869275 0.0879378542 0.1338258684 -0.1126376688 -0.0052093370 -0.0321501940 0.0003269387 0.1388798654 0.0010202045 -0.0031744882 -0.1068911180 -0.2450581342 -0.0571568832 0.0334083252 -0.1246874258 -0.2103190571 0.3063414693 0.0876521841 0.0575494803 -0.0006445749 0.0013275872 -0.0038013165 -0.0231942609 -0.0007519636 -0.0035719436 0.0001434867 0.2319581360 -0.1926756799 -0.0130630163 0.0130286627 0.0010393719 -2.9850938320 -0.0007903022 -0.0012174727 0.0266567357 -0.0003455197 0.3160383403 0.0345341004 0.0986569822 -0.0415740535 -0.0013231121 0.1432350576 -0.0938630626 -0.0130691333 0.0010026036 0.7057813406 -0.1588993818 0.0008805863 -0.0895983726 0.0637689456 0.1102943346 -0.0007767119 -0.0642890632 0.0574802533 -0.0005103053 0.1040012687 0.2763230801 0.1838244498 0.1000477672 0.0454731621 0.0224872418 0.0003883202 0.0697096959 0.0416899845 0.0891902819 -0.7265138626 -0.0010918063 -0.0219476223 -0.0010740033 -0.2546155155 -0.0000066999 -0.4741559923 -0.1508038789 -0.0399201103 -0.0001129173 0.0041477885 -0.1738612801 -0.0005911775 -0.0143192941 0.0015522981 -0.0007222484 0.0255373828 -0.0028729162 -0.9528440237 -0.0074036750 -0.3862292767 -0.6789982319 -0.2396748811 -0.2455200255 0.0047529843 0.0003136077 0.1480630040 -0.0900561213 -0.0000469031 0.0010874342 0.0016401004 0.0003073310 -0.6943851113 -0.1650304049 -0.0015528272 0.0012161008 -0.0019320111 -0.2878822386 0.0004396683 0.0577724576 0.0902151763 0.1114680246 0.0847743526 -0.0434397645 0.2426721156 -0.0006248446 -0.0352996774 -0.7618096471 -0.0293174926 0.0008990128 -0.1309278756 -0.0000025433 0.1867767572 -0.1651141346 0.0435929224 -0.0071997261 -0.1428718269 0.0012062032 -0.0023749203 -0.0009133543 -0.0551651828 0.1296813637 -0.4722102582 -0.0009770178 -0.0433412679 0.2500210106 0.0393137559 -0.0760536566 0.0931836367 -0.0135856094 -0.3405464292 -0.0005889319 -0.0560201257 0.0858486891 0.0252017546 0.0805936456 -0.2136906385 -2.9541585445 0.8837919235 -0.0224617887 -0.0000886827 -0.0365692228 0.1706613898 0.0332018696 -0.1867901683 0.0002037213 0.0010204468 -0.1510904282 0.1970131695 0.0008364892 -0.0287011303 -0.0434704497 -0.0035149176 -0.1671949476 -0.6581490636 -0.0889186040 0.0467410684 -1.2610988617 0.0010845681 -0.0978891104 -0.0013866648 0.0268906374 -0.0528578982 -0.0002229815 -0.0769332722 0.2022677064 0.0281846505 -0.0004386056 0.0000052767 0.0755611062 0.1301483065 0.0000705560 -0.0066762799 -0.1482857764 -0.1016160175 -0.1581787467 0.0003721582 0.0008990746 -0.1760428548 0.1917976886 0.0962413475 -0.0348083414 0.0427656136 -0.0226799287 -0.0002465597 0.0007590122 0.0002790735 -0.0009736822 0.0204468761 -0.0200598128 -0.0985183492 -0.0136606442 -0.0005591497 0.2923135757 -0.0007200796 0.1627181917 0.0000449156 -0.2507922649 0.0016961476 -0.2280747890 -0.1388261467 -0.0097129224 0.0003492243 -0.1663850844 -0.1940241605 0.0012044209 -0.1348043531 -0.1465988606 -0.1015850008 0.0003747576 0.0885103941 -0.0006575185 0.1724559814 -0.0325610712 0.0000373299 0.4237680137 -0.2783453465 -0.0025994084 -0.1208081767 0.0938406140 0.9234188199 0.0013828339 0.0005085775 0.0003631147 -0.0492371693 0.2157105505 -0.0028607626 -0.0181763060 0.0672993064 0.1443330199 -0.0011019891 -0.1084221154 -0.2540166676
-0.7072744370 -0.0015382000 0.0933040604 -0.0927740410 0.0003066490 -0.0015191718 0.1588415504 -0.0444544330 0.1096978188 -0.0017774234 0.1640568972 0.1995986998 0.0288925823 -0.3280522227 -0.0153535185 0.0007072182 0.0016796920 -0.4290626943 0.2874208093 -0.0798866227 0.0064865728 0.2599143386 -0.5428500772 -0.1752192676 -0.0008794137 -0.0143932067 0.0015771510 -0.0015275239 0.0212066490 0.0469050109 -0.0048736655 -0.0053560310 -0.0900783986 -0.0092606861 -0.0456368364 0.1788031012 0.0048403540 -0.0016058878 0.0012344434 -0.0051900744 -0.0035149432 -0.0003714843 -0.0018970243 0.0017107209 0.3331116736 0.1297416538 0.0834274888 -0.2011078000 0.0006986420 -0.0678022057 -0.0004781018 -0.0011761708 -0.0457416661 0.0004452324 0.0567628890 0.4721007049 0.0251396466 -0.3459623754 -0.0010630426 -0.0921635628 0.2395195216 0.2971858978 0.0011646969 -0.2672703862 0.0808834061 0.0001062715 -0.0117757823 0.5058401227 0.0287470091 -0.0005298594 0.2882215977 -0.1722271442 0.0011309915 -0.0039043522 0.0598136485 0.0015362860 0.0284771267 0.0321214572 0.2686598599 0.0008264346 0.0108231260 0.0044553271 -0.4778494835 0.0180484671 0.0015567049 -0.0262741782 0.0004715947 0.2608490586 0.0009440081 -0.3696310520 -0.0294037517 -0.7898256779 0.0016537306 -0.0032489500 -0.3731040359 -0.0012332414 -0.1031093225 0.0007916335 -0.0004103538 0.1450664252 -0.0025383949 0.1240136474 -0.0343395695 -0.6638224721 0.1661307216 -0.7954995632 0.0955140591 0.0267633535 0.0004342190 -0.0028813868 -0.4561218023 -0.0003736874 0.0018512886 -0.0008609978 -0.0005027405 0.4844829440 0.5296129584 -0.0008353410 -0.0000412088 -0.0027455792 0.0857220888 -0.0008001509 -0.0123268804 -0.0015483005 0.3494375944 0.0077649085 -0.4363696873 -0.1624789834 0.0006216324 -0.5558413267 0.2563341558 -0.3247994781 -0.0213856865 0.0314249583 -0.0006803629 0.2029865682 -0.1248687655 0.0145203434 0.2178529054 0.0133681279 -0.0004443376 -0.0023917432 -0.0009468106 0.6661356688 -0.0027670756 0.0041181650 -0.0008637282 0.0227405075 0.0527200960 -0.2346324474 -0.1689580828 0.0057281591 -0.5902845860 -0.1283346415 -0.0016021213 0.5065025687 -0.0315531865 0.3994081318 0.0421482399 0.4321081340 0.0671451911 0.0266995020 0.4625122547 0.0005313348 0.0958628282 -0.3450713158 0.0299630258 -0.0363799185 -0.0006594430 -0.0006877227 0.0328323506 -0.2153630406 -0.0003277824 -0.5734938383 0.0096801287 -0.0034720039 0.0606327951 -0.0774314925 -0.0426720008 -0.1550457478 -0.1294453293 -0.0024633554 0.2330521345 0.0006677341 0.0406361036 0.3010977209 0.0004761676 0.1564536542 0.3334856927 -0.2966086566 -0.0001384573 -0.0008376913 -0.1131139621 -0.1287458092 0.0004542765 -0.0198877938 -0.0039909990 -0.8787129521 0.3741372228 0.0010428276 -0.0022796951 -0.0087751914 0.0546652786 0.1421929896 -0.0489647798 0.3617354035 0.1105017364 -0.0007125209 -0.0000446297 -0.0011502585 -0.0004302281 -0.1407224089 -0.0108536500 0.0312733203 -0.0848314464 0.0015352939 0.0562376827 -0.0010955764 0.5743196011 0.0017808132 0.2298759371 -0.0000595362 -0.1635819376 0.0505939052 0.0558544807 -0.0009585038 -0.0128037734 -0.3193860352 -0.0005556780 -0.0244232528 0.1085388362 0.0407685265 -0.0004733382 -0.0349649601 -0.0000616602 -0.1370269507 -0.1326340139 -0.0005354460 0.0465118960 -0.0098740552 -0.0023389366 -0.0003885114 0.0694546774 0.1541638523 -0.0013464451 0.0012268756 -0.0005870114 0.2891172767 0.0897164792 -0.0010136353 -0.2960357070 -0.0320537314 -0.0638212785 -0.0001927595 -0.1924634278 -0.4601057768
-0.0006413270 -0.0017311777 -0.0022371102 -0.0035457448 0.0008879236 -0.0015113128 -0.0016461010 -0.0034775569 0.0010704732 -0.0014477283 0.0002098269 0.0000299809 -0.0031435965 -0.0011874713 -0.0030856002 0.0006472418 -0.0009846744 -0.0029503151 -0.0036282938 -0.0040128776 -0.0033782644 0.0016330791 -0.0006969158 0.0011735744 -0.0006509690 -0.0025241990 0.0007155584 -0.0003893766 -0.0017912107 -0.0011869976 -0.0031788477 -0.0002989290 -0.0032385401 0.0000227052 -0.0017321133 0.0007725045 -0.0027073098 0.0012936507 -0.0014119046 0.0004602779 -0.0018647966 0.0001105840 0.0005158133 -0.0009131682 -0.0024427525 -0.0043302323 -0.0022668997 -0.0015234741 0.0009113844 -0.0011660601 -0.0008823887 -0.0000984607 -0.0015848345 0.0005290313 0.0009056410 -0.0016357319 -0.0000386506 -0.0018087727 0.0009204205 -0.0036172625 -0.0014132094 -0.0015825653 -0.0013406404 0.0001231607 -0.0018000646 0.0004862275 -0.0036186315 0.0006867678 -0.0020519751 -0.0014701823 -0.0034879837 -0.0022906919 -0.0013134272 -0.0037386334 -0.0006908905 -0.0036633785 0.0003898880 -0.0017863953 0.0021243966 0.0008011318 -0.0023161010 -0.0041989218 -0.0030413484 0.0016072529 -0.0011056936 -0.0003440680 0.0003151732 0.0006988290 -0.0016437686 -0.0039279121 -0.0043270891 -0.0004055624 0.0010443488 0.0007404377 -0.0010594222 0.0001852805 -0.0043788007 0.0003996013 -0.0011733163 -0.0013303516 0.0011572597 -0.0037870344 -0.0037934191 0.0001675464 -0.0037553771 0.0001120457 -0.0031393401 -0.0030506176 -0.0005293234 -0.0012351335 -0.0014453030 -0.0015877844 -0.0012987114 0.0004811808 -0.0019078871 -0.0004277219 -0.0014633529 0.0006319152 0.0005125442 -0.0014653333 -0.0010256874 0.0009721422 0.0001911763 -0.0030727596 -0.0010852944 -0.0022550886 0.0002676419 -0.0012451052 -0.0009212393 0.0017296242 -0.0030151512 -0.0030483636 -0.0039583221 -0.0021041357 -0.0011123030 -0.0018539469 0.0011009257 -0.0030226766 -0.0013987406 -0.0029377120 -0.0008111281 0.0008121827 0.0008332072 -0.0036868325 -0.0010662727 -0.0009249862 -0.0000187724 -0.0029498420 -0.0012304843 0.0033728196 -0.0002389658 -0.0038606015 -0.0003929086 -0.0010107303 -0.0006913746 -0.0006231322 -0.0036992305 -0.0000325832 -0.0004103939 -0.0039486494 -0.0002683715 -0.0009667502 -0.0030800935 -0.0009374577 -0.0006360393 -0.0010019938 0.0002525357 -0.0012830353 -0.0004205526 -0.0007732284 -0.0017283797 -0.0036045657 -0.0010131954 -0.0005801722 -0.0019219825 -0.0017510391 -0.0034843541 -0.0029052745 -0.0023632778 -0.0017442332 0.0009630787 0.0010576913 -0.0015525842 -0.0015066020 -0.0022793349 -0.0021289531 0.0009062576 -0.0006194809 -0.0014075693 -0.0016713820 0.0000646156 -0.0012454689 -0.0001831747 -0.0013973507 0.0006719264 -0.0009587042 -0.0025159726 -0.0011328275 -0.0017128501 -0.0008437503 0.0001164019 0.0014399099 -0.0026044804 -0.0009043039 -0.0032216806 -0.0022389411 -0.0016334036 -0.0011384640 0.0010780848 -0.0012513425 0.0000040593 -0.0030433584 -0.0016889918 -0.0016421974 0.0017381513 0.0008058331 -0.0036168676 0.0004492079 -0.0030332112 0.0010628869 -0.0018904762 -0.0003453370 -0.0027981123 -0.0011544132 0.0009348489 -0.0011116927 -0.0027683759 -0.0014412483 0.0010044288 0.0020334441 -0.0023272275 -0.0019669521 -0.0005470888 -0.0014634321 0.0002829928 -0.0027315903 -0.0000928271 -0.0001894879 -0.0007419478 -0.0017339787 -0.0015471959 0.0023864666 -0.0040172618 0.0002665523 0.0001468412 -0.0010853403 -0.0015952489 -0.0014310769 -0.0037239129 0.0007312896 -0.0040767021 -0.0035004790 -0.0024209868 0.0003476011 -0.0017786082 -0.0010735302
0.3072857857 -0.0017197563 0.1077229753 -0.2585560381 -0.0006355995 -0.0010453778 -0.2255704254 -0.0479097106 -0.3179306388 -0.0035208121 0.0177688506 -0.0729351714 -0.0096493736 -0.0687181354 0.0503762439 0.0012435567 0.0012769714 0.0906038880 0.1347097158 -0.0019939826 0.2014014572 -0.1016138718 0.0965630636 0.3272359669 0.0008875628 0.0529499948 -0.0010877355 -0.0014167225 -0.0606567301 -0.0041345386 -0.0805477053 -0.0185022522 0.1972420663 0.0550745688 0.1711422950 0.0212449785 0.0934421793 0.0007991518 0.0014972028 -0.0024244522 0.1088596210 -0.0010535809 -0.0022230421 -0.0005875606 -0.0332116708 0.1069936678 0.0812300891 0.0321303792 0.0014257513 -0.4519329071 -0.0011972722 -0.0008885703 0.1650372595 -0.0017134362 0.1760391295 0.0582930297 -0.2031912059 0.0101404712 -0.0021653646 0.1207326055 -0.0699258298 0.1300483048 0.0009356786 0.0287328772 0.0493451357 -0.0004968094 -0.0195123143 0.1049999297 0.0587516055 -0.0012661230 0.1556553990 -0.1376822591 0.0001501815 0.0074587166 0.1012046859 0.1951798648 0.4037716985 0.1868463010 0.2020805925 -0.0004182500 0.0066110212 -0.0578826144 0.1137791276 0.0317914113 0.0006896843 0.2757200003 0.0016927860 -0.2145409584 0.0017684913 0.0580062531 -0.0955760553 0.0229687337 -0.0002248217 -0.0036708955 0.0287442971 -0.0008091861 -0.0794555172 -0.0017616879 0.0008044064 -0.0936478674 -0.0024348805 -0.0066619548 0.0342010111 0.2857572734 -0.0253532939 -0.4705972373 -0.0328761078 0.0027977447 -0.0002630078 -0.0417819396 0.1794907004 0.0015762006 0.0009391833 0.0017484260 0.0002856884 -0.1595243216 -0.1894066036 -0.0013272633 0.0002970646 -0.0016893813 -0.0021861393 0.0008843316 -0.0968492255 0.0952480957 -0.1512488276 0.0947734118 0.2992820442 0.2588697374 -0.0003487444 0.0890686139 -0.2718341053 -0.0608289056 -0.0703984052 0.1845075190 -0.0014588166 0.1261171103 0.2450513691 -0.0018201079 -0.0005667031 0.1971177459 -0.0006327778 -0.0029459759 0.0012542233 0.1998154670 -0.0230340734 0.0606664680 0.0005245048 0.1433036327 0.0787326843 -0.0460444801 0.2040683329 0.0973460674 0.2973456681 -0.1965779960 -0.0012810279 -0.0959602445 0.0178368483 -0.0724424049 0.1159244776 0.1204109937 -0.0877754018 0.0270520002 -0.0241870917 -0.0004091747 -0.1175943315 0.0944634974 0.0019674101 0.0145518202 -0.0008671371 0.0010470230 0.1295223534 0.0805727839 -0.0008453599 0.0770822167 0.1065144539 -0.0005543769 -0.1246576905 0.0079928106 -0.0089948811 0.0437711589 0.0166420769 0.0022581092 0.0952082127 0.0001350428 0.1559718698 0.0204676110 -0.0010866662 -0.0071196100 -0.0272605605 0.1700223833 0.0013215457 -0.0008128531 0.1738198847 -0.2016597390 -0.0000818323 -0.0145153813 -0.1179122105 0.2612660825 -0.2442757785 -0.0009955020 -0.0034932918 -0.0453109592 0.1381443590 -0.1800083071 -0.0028591768 0.0136301816 0.1020716652 0.0016524273 0.0016474687 0.0009776949 -0.0024662926 -0.0226265248 -0.0490367115 -0.1044379696 -0.1203379557 0.0008655609 0.0022673649 0.0002588767 0.3264095187 0.0013481466 -0.0951777250 -0.0000777792 0.1417684108 0.1209360361 0.2849429548 -0.0002084502 0.0296386722 0.2131833136 -0.0011853772 -0.0985476375 0.1209347174 -0.0055456921 -0.0002306555 0.2132639587 0.0012751593 -0.0792441815 0.1834003925 -0.0013056768 -0.0125563126 -0.0702293217 -0.0002186515 -0.0684072301 0.1015085429 -0.1079083458 -0.0003947146 -0.0010545889 0.0003577389 0.0737787336 0.0425533578 -0.0027917847 0.2088385075 -0.0408944301 0.1794780791 0.0008974478 0.2033098191 0.3188389838
-0.0008402546 -0.0012552608 -0.0029908156 -0.0019521443 -0.0003741001 0.0014255915 -0.0012735286 -0.0022681898 -0.0011033135 -0.0015635716 0.0005858793 -0.0001531881 -0.0008035055 0.0009140133 -0.0018595620 0.0003752433 0.0007715265 -0.0035154582 -0.0021277610 -0.0017212203 0.0007521534 -0.0012710460 -0.0018420815 -0.0014660807 -0.0003795548 -0.0015305260 0.0000967807 0.0008470292 0.0005283102 -0.0021276267 -0.0000233606 -0.0009094533 -0.0019622222 -0.0007071448 -0.0025086165 -0.0005129384 -0.0024830208 -0.0004347143 -0.0001453115 -0.0000525966 -0.0019371242 0.0006562325 0.0007126253 -0.0010796732 -0.0017519450 -0.0012040448 -0.0018176965 -0.0006821196 0.0001925886 -0.0011584060 0.0006227988 -0.0014257154 -0.0015733262 -0.0003127097 -0.0016932345 -0.0001103166 0.0004325197 -0.0026642520 -0.0015712358 -0.0016228413 -0.0012169365 -0.0012329471 -0.0008260020 -0.0013748888 -0.0017925838 0.0007410186 -0.0026324098 -0.0036029408 -0.0006089653 0.0002393383 0.0010190904 -0.0016445708 0.0006560274 -0.0028311266 0.0012058340 -0.0005142823 0.0002479131 -0.0023680744 -0.0009986935 0.0010262312 -0.0015316469 -0.0001570600 -0.0026319299 -0.0009972993 0.0012303176 -0.0022228395 -0.0014866408 -0.0009068106 -0.0002680150 -0.0033323509 -0.0027991598 -0.0020491092 0.0005709048 0.0004721054 -0.0017081624 -0.0003074243 -0.0002444647 0.0007798020 -0.0000319190 -0.0016614094 -0.0010577627 -0.0024861218 -0.0018750676 -0.0001634204 -0.0009692479 -0.0006093167 -0.0021368540 -0.0013352876 0.0007165766 0.0003123766 -0.0017620549 -0.0014878485 0.0003310527 0.0006628977 0.0003398726 -0.0006985536 -0.0016537306 0.0001878048 0.0010241362 -0.0010169195 -0.0023232212 -0.0011025559 0.0001555506 -0.0025182939 -0.0002623074 -0.0005654764 -0.0011370018 -0.0001728427 -0.0004973431 -0.0010843151 -0.0014680225 -0.0002629602 -0.0004899841 -0.0017121221 -0.0005551845 -0.0012978588 -0.0008187813 -0.0000044463 -0.0023210249 -0.0014542077 -0.0001767309 0.0000771718 -0.0015835152 -0.0024400086 -0.0012216298 0.0004598832 -0.0015242288 -0.0010669066 0.0001687335 -0.0027674304 -0.0003064917 -0.0008601848 -0.0009311977 -0.0004391242 -0.0002185631 0.0006415832 -0.0013806986 -0.0009244456 -0.0005005270 0.0001151730 -0.0028955596 -0.0012754143 -0.0000875565 -0.0007009747 0.0007521446 -0.0007865652 -0.0009701711 -0.0036361387 0.0003723631 -0.0017834808 0.0008783975 -0.0010651572 -0.0007473299 -0.0009980213 -0.0014020203 -0.0016280020 -0.0031603181 -0.0023845134 0.0008724529 -0.0023472717 -0.0015597915 -0.0002035863 -0.0020035764 0.0011682628 -0.0010511788 -0.0017914263 -0.0017906824 0.0011775151 -0.0009647108 -0.0011702265 0.0000431668 0.0002412140 -0.0010255536 0.0006682079 -0.0010570452 0.0004383654 -0.0020584350 -0.0009253006 0.0000285789 -0.0004016019 -0.0013146487 -0.0004648567 -0.0001676526 0.0010775729 0.0003374741 -0.0010770465 -0.0015962666 -0.0017453427 -0.0006481836 -0.0015217224 -0.0000751834 -0.0025878404 -0.0019993691 0.0003031629 -0.0004894359 -0.0014974431 -0.0013299705 0.0001821453 0.0002183800 0.0010736140 -0.0027216696 -0.0014913068 -0.0023842303 -0.0022245841 -0.0020249204 -0.0004122778 -0.0032885298 -0.0016018467 -0.0015403616 0.0005942921 -0.0006498186 -0.0013362047 0.0009529729 -0.0003520777 0.0000086798 -0.0025556956 -0.0003751225 -0.0008959442 -0.0016454475 -0.0031912390 0.0006850266 -0.0018709704 -0.0024055610 -0.0014908969 -0.0005520918 0.0008230901 -0.0010541156 -0.0030426853 -0.0012762711 -0.0008212396 -0.0014283012 -0.0008555405 0.0009225988 0.0001031916 -0.0027908997 -0.0031078509
0.5450460315 -0.0015956759 -0.0354269668 -0.3370533288 -0.0001960125 -0.0028182445 -0.0292860679 -0.1385650933 -0.1538747996 -0.0004952715 -0.2595187426 0.0393789001 -0.0431248657 0.2701329887 0.0209228992 -0.0000430603 0.0018750676 0.2455160022 -0.1004037932 0.0565207824 0.1423690170 -0.4702165425 0.5184298158 0.5081557035 -0.0009437462 -0.0223576669 -0.0007675763 -0.0038239898 -0.1213268265 -0.0396298021 0.4488607645 -0.0305854045 0.1031887531 0.0850487873 0.0145686846 -0.2005725205 0.0532212742 0.0003761588 -0.0005065359 -0.0034192607 -0.0354676135 -0.0008417016 0.0042043827 0.0007768951 -0.0524658263 0.0073053371 -0.2685812414 0.0308426209 0.0007830636 0.3747322559 -0.0016421214 0.0009403424 -0.0198519547 -0.0009742596 0.0489475280 0.0617867559 -0.0666558444 0.0531875677 -0.0036315271 0.1585639864 -0.0189480782 -0.0944632888 0.0005541712 0.1395814270 -0.0660683960 0.0007169608 -0.0019766190 -0.0853692815 -0.1372553259 0.0012129867 0.0334225893 -0.3183409274 -0.0021172531 -0.0646355450 0.0433361530 0.1318062246 0.2583835125 0.0505558215 -0.3566563725 -0.0009517317 0.0149975596 0.2368830889 -0.0386777446 -0.0907268375 0.0013971321 -0.0823298618 0.0005189545 -0.1393024921 0.0003783650 0.1342179179 -0.4974233806 0.3028152585 0.0004615457 -0.0019432803 0.2797909677 0.0005157723 -0.0677475482 -0.0020682577 -0.0001206789 -0.1686953306 -0.0023719517 -0.0829889774 0.0036254006 0.5587627292 0.0721248537 0.7999123335 0.0290601980 0.0046649748 0.0011353036 0.1054205969 0.2250075787 -0.0023227385 -0.0005590617 0.0017466262 0.0008340108 -0.3436084390 -0.0188997071 -0.0020105259 0.0009923308 0.0015375590 -0.1016717628 0.0014984078 -0.4429237545 0.0302901939 -0.2281668633 0.0203686338 0.3276157081 0.2529698014 0.0008271524 0.1683129370 -0.1034192443 -0.0152700422 0.2191793323 0.1669013649 -0.0004455096 0.0039709876 -0.1981820613 -0.2355100363 -0.3692533970 0.0685556084 0.0013129406 -0.0030591884 0.0012046320 -0.1415184885 -0.0432580896 -0.0790687427 0.0009439387 0.0303207897 0.1802578270 0.0773657486 -0.0336644314 0.0335917249 0.7968287468 0.3038351834 0.0012339818 -0.2899276316 -0.0361915119 -0.7316677570 -0.0895785391 0.0439830460 0.1331732124 0.0632531941 -0.0293724705 0.0018230784 -0.6629229188 0.1019758731 -0.0056447475 0.0154342214 -0.0011598392 0.0016424388 -0.0838765353 0.1228654310 -0.0007850924 0.1880322695 -0.0962728634 -0.0023508042 -0.1434751302 -0.3315930367 -0.0376240611 0.1857351065 0.1510896832 -0.0019398272 0.2244222909 0.0014034376 -0.0176183227 -0.2545283437 0.0014144842 0.0603437163 -0.0972763076 0.2156011760 -0.0003108813 -0.0008501944 -0.1104800552 0.2694334984 -0.0005322586 -0.0214645658 0.1074132845 0.7702443600 -0.6380553246 -0.0008272011 -0.0020875705 0.0386048779 -0.0673539788 -0.0729731396 0.0103365788 -0.2085950077 -0.0512801073 0.0002473101 -0.0009503851 0.0015638925 0.0003701511 0.0966092721 -0.3532785773 -0.0606430583 0.0342778042 0.0005021904 0.0509537384 0.0005575324 0.3372679353 -0.0005760066 -0.5140406489 -0.0004334379 0.2116491646 -0.0574747510 0.3183954954 0.0009023953 -0.3029634058 0.2546106577 0.0000410676 -0.0050278101 0.1097596064 -0.0274249706 -0.0004930348 -0.0536344387 0.0013026301 0.0218823887 0.0960968658 -0.0024166377 0.0174960215 -0.1120985821 -0.0027722621 -0.3175235689 0.0012719356 -0.4210862219 -0.0007807876 0.0017973551 -0.0010501042 -0.2243027687 0.0230144039 -0.0007444540 0.6696965098 -0.0224388130 0.2197526693 0.0012728963 0.2245888263 0.7080520391
-0.0010738329 -0.0007351718 0.0002814876 -0.0002206712 0.0003222518 0.0008580880 -0.0009854728 -0.0002627073 0.0000046536 0.0007945208 0.0001024938 -0.0005531103 0.0006085400 -0.0013319299 -0.0013189079 0.0007719502 -0.0000603129 -0.0002382815 -0.0017505242 -0.0001473217 -0.0015910516 -0.0001734008 0.0000190885 -0.0017136186 0.0004525237 -0.0008596849 -0.0001348632 -0.0004448253 0.0000162082 -0.0012251921 -0.0018418398 -0.0015275717 -0.0012716885 0.0004397668 0.0008758272 -0.0001529975 0.0012100700 0.0003757984 -0.0001599953 0.0001966267 -0.0010672862 0.0002266132 -0.0013962679 -0.0005580395 -0.0004033915 0.0000160833 0.0007753699 -0.0018345948 -0.0002860437 -0.0005392151 0.0009695236 -0.0002017624 -0.0014867462 -0.0009958664 0.0000764902 0.0007202388 -0.0007182796 0.0006899878 -0.0004791465 -0.0006528817 -0.0011791487 -0.0014784273 0.0001408174 0.0010684949 0.0004320078 -0.0012384506 -0.0011034791 0.0007567954 -0.0015290907 -0.0003264880 0.0004526493 -0.0005242351 -0.0003405685 -0.0004962277 -0.0010590490 -0.0010254923 -0.0016657553 0.0000061140 -0.0000453037 -0.0017007497 -0.0012298205 0.0001747987 0.0002225804 0.0001564663 -0.0005049265 -0.0004323362 -0.0006435337 0.0011798206 0.0007880916 0.0001196008 0.0000334539 -0.0003375914 -0.0010450411 -0.0004036078 -0.0013757785 0.0009715978 0.0008277611 -0.0009553626 -0.0001360350 -0.0002088797 -0.0017011203 -0.0017597836 0.0011223465 -0.0001941557 0.0002386431 0.0004644322 -0.0010450296 0.0006742101 0.0013599491 -0.0018715473 -0.0007090581 0.0000470427 0.0009888046 -0.0014339805 -0.0010724103 -0.0016616656 -0.0013682813 0.0009557712 0.0011412733 0.0009607519 0.0004968874 0.0006455124 -0.0013614423 -0.0000026271 0.0002860513 0.0000921069 0.0011645138 -0.0002324358 0.0005932010 0.0004706704 -0.0007269491 0.0009200685 0.0003029415 -0.0013476819 0.0002704037 0.0005584917 0.0010388371 -0.0018492651 -0.0005027644 -0.0018425802 0.0001760131 0.0007774245 0.0007423615 -0.0010462251 0.0011125987 0.0007645261 -0.0006294015 0.0003607670 -0.0001087095 -0.0010229202 -0.0015715491 0.0001638781 -0.0008473335 0.0000115993 -0.0009440962 -0.0005561780 -0.0012272799 -0.0000405987 0.0001360113 -0.0000020748 -0.0010779469 -0.0007950457 0.0002560615 -0.0004770290 0.0006885343 -0.0001122390 -0.0015014936 -0.0007520998 0.0007673786 0.0007926538 0.0012392473 -0.0002259284 -0.0004600568 0.0010958828 0.0000509209 -0.0002415951 0.0007036436 -0.0004470749 -0.0016248948 0.0004907770 -0.0005110049 -0.0016504041 -0.0004525824 -0.0009297085 -0.0016797879 -0.0000388747 0.0008843645 0.0009998069 0.0007077550 0.0004168603 0.0005357562 0.0008437991 0.0003914342 -0.0004910562 -0.0012843414 0.0013582618 -0.0002518451 0.0000655231 0.0008050448 -0.0012016048 0.0007828283 -0.0006829014 0.0006008151 0.0004391571 0.0002686444 -0.0013519037 -0.0006764923 0.0007673174 0.0010100820 0.0009739994 -0.0015274229 -0.0000868735 -0.0018229225 -0.0004962438 -0.0009258111 -0.0002807690 -0.0015776834 -0.0009766367 0.0001602691 -0.0003425376 -0.0002016852 -0.0017331346 -0.0004201252 -0.0016198620 0.0008132343 -0.0003306937 -0.0018541208 0.0000228411 -0.0013629382 -0.0006474549 -0.0009717824 -0.0012848750 -0.0001343732 0.0000641611 -0.0002312630 -0.0005842165 -0.0010297913 -0.0017465969 -0.0012477284 -0.0000821355 -0.0013816946 -0.0003819384 -0.0004148251 -0.0013416240 -0.0004033123 -0.0015505519 0.0010292153 0.0012077738 -0.0000795451 -0.0007859332 0.0002998552 -0.0002033883 -0.0007430338 -0.0007312138 -0.0011494122 0.0006818798
0.0495715328 -0.0002935462 0.1250465959 -0.0222664382 0.0018304534 -0.0018815931 0.0204372518 -0.0336811319 -0.0264964458 -0.0013796281 0.0236728285 -0.0359228142 0.0679970756 -0.0590196326 0.0890457481 0.0013404681 0.0011536035 0.0309106279 0.2197283059 -0.0692544803 0.0995942652 0.0719790161 -0.0293328501 0.1263564229 -0.0009783776 0.0716620460 0.0008098173 -0.0040274551 -0.1542915553 0.0694519728 0.0335202292 -0.0199937057 -0.0260670688 0.1123629734 0.1316757500 0.0398805104 0.0946525037 -0.0019042427 -0.0009930895 -0.0033950964 0.1294488907 0.0013617995 -0.0009576647 0.0002270119 -0.0228396133 0.1446170062 0.0581751131 -0.0499728918 -0.0001564528 -0.3201728463 -0.0017545307 -0.0012763626 0.0741478950 0.0005410413 0.1522634923 -0.0553598963 -0.0859259740 -0.0507046022 -0.0026813557 0.0434487239 0.0116186459 0.1156551242 -0.0006393130 0.0492553115 -0.0032502266 0.0013214862 0.0023458044 -0.0428636484 0.1055553705 0.0008218088 -0.0018249362 -0.0509974137 0.0005429603 -0.1039312705 0.1096116304 0.0942342654 -0.1125443876 -0.0153492400 0.0915023163 -0.0011044355 0.0496456288 0.1043929160 -0.0180387851 0.0700232834 0.0003082187 0.0696897581 0.0006941936 -0.0572336800 -0.0005631332 -0.0159141924 0.0743130669 -0.0085253036 0.0014536671 -0.0028164370 -0.0164778251 -0.0020053964 -0.0016681517 -0.0005941676 0.0002327535 -0.0356664732 -0.0002509366 0.0461938642 0.1176697612 0.0097344611 0.1010912135 -0.4435870051 0.0385841578 -0.0898870155 0.0005928667 -0.0267998371 0.0964849144 -0.0009269300 -0.0009762037 0.0012059631 0.0018432861 -0.0784502551 0.0262858681 -0.0025288779 0.0002282385 -0.0021260502 0.0508072674 -0.0009370070 0.0519163646 0.1064165682 -0.0205213092 0.0996106267 0.0542130284 -0.3703905642 0.0009350791 0.0381935574 0.0198643003 0.0136167705 -0.0442664325 0.1202980205 -0.0005710298 -0.4152213633 0.1016858518 0.1069360524 0.0189482123 0.0783995911 -0.0001661242 -0.0017797445 -0.0006119862 -0.0150228757 -0.1105097011 0.0973291472 -0.0002408658 0.1123576537 0.0564485900 -0.0104430858 0.1465285867 0.1126871407 0.0002037213 0.0867463648 -0.0007003258 0.0456321724 0.0241585784 -0.0319085531 0.1206662655 0.0449465886 -0.0905103758 0.0842946917 -0.0130365146 -0.0003511707 0.0313892737 -0.1273185909 -0.1053805649 0.1123050004 -0.0015061103 0.0015330496 0.0908569023 0.0754926875 0.0002625131 -0.0986067653 0.0189747326 -0.0029786176 0.1061440036 -0.0399127305 0.0342717953 0.0616967976 -0.0187030751 -0.0008449912 0.0588008165 -0.0003726239 0.1369831264 0.1130635291 -0.0008680836 -0.1061316207 0.0284234602 0.0613343455 -0.0008621623 0.0007097700 0.0596569255 -0.0614019893 -0.0003898373 -0.0027143159 0.0980359241 0.1729307622 -0.0197969209 -0.0003291152 0.0006545206 -0.0289833024 0.1424455196 0.0042425115 0.0200855117 0.0316666663 0.1222170293 0.0009130000 0.0009784910 0.0009883520 0.0000419854 -0.0778906196 0.0350343585 -0.0675773770 -0.0684061199 0.0002544850 0.0415285081 0.0000806750 0.0744211152 0.0004808361 0.0241233576 -0.0007386783 0.0849332958 0.1100711003 0.1642570347 -0.0005306978 0.0467321202 0.0152247762 0.0013786529 -0.0470290072 0.0719992891 -0.0801043212 0.0000176032 0.1346323788 0.0010068893 0.0665971115 0.0631920919 -0.0005650658 0.1578003317 0.0828245804 -0.0019058184 -0.0566299260 0.0839734524 0.1182827502 0.0003865789 -0.0008733073 -0.0007201295 0.0662045777 0.1367128640 -0.0009178547 0.0471979901 0.0077784513 0.1116392910 -0.0000618680 0.0714438707 0.0801149607
0.1636036634 -0.0001651621 0.1281150579 0.0246563535 0.0009842571 -0.0022671905 0.0933446661 -0.0356128737 -0.0388035402 -0.0031518803 0.1053010747 0.1956488788 0.0047463058 0.0618705340 0.0023638394 0.0006393167 -0.0004536722 0.2719926238 0.3662781715 0.0141774407 0.1470323801 0.1505984962 -0.1649583280 -0.2173138708 0.0002180216 -0.0068822438 0.0002368862 -0.0020836503 -0.0129177189 0.0084639248 -0.0437533557 0.0372976512 0.0942927599 -0.0953569487 -0.4970152378 0.4395109713 -0.0093481708 -0.0001905351 -0.0002509729 -0.0038242845 -0.0581285730 -0.0011803961 -0.0010281511 0.0000181287 0.2151010185 0.0634921789 0.2296826541 -0.3326488137 0.0011943370 0.1338994652 0.0004401450 0.0002737289 -0.2919419110 -0.0014012633 -0.0061066039 -0.3248349726 -0.0655786246 -0.1679636687 0.0042913440 -0.0714960992 -0.0630522892 -0.0133797042 0.0011114037 0.1466630101 -0.1558986008 -0.0000029089 0.0451101027 -0.2429154217 0.0487568118 -0.0012484505 -0.2883670032 0.0009255517 0.0000009535 0.0321746916 -0.4068988264 -0.0596913248 -0.4594275951 0.0690232292 0.1094432175 0.0007786322 -0.0123194493 0.1848896146 -0.3214736879 0.0347302333 -0.0002722789 -0.1121979281 0.0001654961 0.0323492773 0.0014082853 -0.1557129622 0.4978377223 -0.5466789007 0.0014563965 0.0049383841 -0.8249350786 0.0004332854 0.0013570768 -0.0000402311 0.0010689632 0.5682438016 -0.0008342687 -0.1042823493 -0.0188046936 0.2921470106 0.0092434771 0.0749550611 0.0108734593 0.0384042412 0.0022967190 -0.0247276332 0.5054073334 -0.0001088189 0.0001128698 0.0003215423 -0.0002418077 -0.0605055131 0.2822668254 -0.0022885376 0.0001166475 -0.0011300823 0.0282538123 0.0019339747 -0.5857884884 0.0000601255 -0.3675432503 -0.0017154570 -0.1538283676 -0.1432408392 0.0010444470 -1.2045584917 0.1408038735 -0.3049241006 -0.1075063795 -0.7334029078 -0.0005940764 0.1400124282 -0.1029990613 0.3903208077 0.5150952339 -0.0379833318 -0.0014050503 -0.0023802083 0.0005216847 0.2708203793 0.0370623879 0.0235026069 -0.0000356813 0.0162994992 0.1287483871 -0.0562719628 0.0266265702 0.0201442540 0.2567525804 0.0394329391 -0.0019152238 -0.1973597854 0.0067525427 -0.4667659700 -0.0482315421 0.7390244603 0.1263088584 0.1548591703 0.1366833746 0.0004477674 -1.0326576233 -0.2094152272 0.0164398625 -0.0110440506 0.0055252537 0.0002227095 0.0754314438 0.1087672338 0.0014664141 0.1398262233 0.0809019357 0.0039614085 -0.0052083991 -0.0011290648 0.0171928983 0.1774263978 -0.0205322094 -0.0004789128 0.3484319746 0.0003025761 -0.2029262036 0.1863003671 -0.0000972461 -0.0274556167 0.2075516731 -0.1749588996 -0.0010387668 -0.0008080782 -0.0194453858 -0.0181050990 0.0013808617 -0.0194472261 -0.6938918233 -0.1721100658 -0.0688575581 0.0006810167 -0.0030234240 0.0258916821 0.0723466501 -0.0065238350 0.0309782717 -0.4163067341 0.1492514759 -0.0006612230 -0.0010909605 -0.0004610209 -0.0010686570 0.1018355861 0.2591370642 0.0038899654 0.0616578907 0.0012836000 0.0363844261 0.0014820334 0.1090451181 -0.0004837397 -0.8734206557 -0.0005357883 0.0901745856 -0.0201559290 -0.8103609085 0.0001855706 -0.2884014249 0.2060741782 0.0017746285 0.0418640114 0.3799564242 -0.0526200011 0.0000867933 -0.0795936808 -0.0011702114 0.0911550745 0.3072187006 0.0011176021 -0.0610625073 0.0247012321 -0.0003047016 0.1067895815 0.0011748468 -0.2164618522 -0.0020222338 -0.0003966223 -0.0004186837 -1.1151949167 -0.0207143873 -0.0011340913 0.0631779134 0.0661057830 0.7418138385 0.0012438726 0.7013767958 -0.4632102251
0.0293089580 -0.0030901919 0.0001883132 0.0191377606 0.0010306349 0.0023625947 0.0433006808 0.1558358967 0.1254915297 -0.0015627615 0.1094117612 0.0435955338 0.0687566102 0.0827870965 -0.1422180235 -0.0008241303 0.0001928816 -0.0141584501 0.0550364852 0.2598206997 0.0541705452 -0.0337723792 -0.0178578869 0.0529987924 -0.0005610711 0.2322314978 0.0013245888 -0.0025648591 0.1654100269 -0.0127656013 0.0101599600 0.0395599455 0.0549132936 0.0351281650 0.0312675461 -0.0635837764 0.2380581647 0.0010159076 -0.0002442453 -0.0027933249 0.0508323796 -0.0013835097 -0.0027340185 0.0004854878 -0.0237480290 0.0030506346 0.0153701091 0.0075082821 -0.0017248908 0.0597759746 -0.0041295155 -0.0007822263 0.0836931318 -0.0000172108 -0.0104955630 0.0857118070 0.0842174292 0.0679257959 0.0024156596 0.1021631584 0.0671299323 -0.0099044256 -0.0010655115 -0.0680137947 0.4450839758 0.0013223105 0.2409344465 -0.0102374181 0.0590942279 -0.0007175349 0.0365213230 0.0029958200 -0.0027949179 0.0938993320 0.0550219454 0.0351439528 0.0713629499 0.0641683042 -0.0238590371 -0.0002570124 0.1413465291 0.0391130485 -0.0238032490 0.1996568888 0.0009818816 -0.0206405632 0.0014561499 0.0713075995 -0.0006926334 -0.0157318246 0.0760167018 0.0067816386 0.0014287276 -0.0017827370 0.0203444678 0.0000112651 0.1952879280 0.0011216139 0.0007027949 0.1150521114 0.0005046776 0.0064325100 -0.0497810580 -0.0301717203 -0.0810614750 0.0733000636 0.0028729842 0.1600013077 0.0011295670 0.0325040035 0.0051697213 -0.0005530224 0.0001103700 -0.0010231092 -0.0011282896 -0.0557584837 0.0840816647 -0.0004917455 -0.0011052333 -0.0022135603 0.0812930837 0.0022818316 0.0019860987 0.2124518454 0.0403075255 0.2085733116 0.0036032272 0.0774336234 -0.0009861548 0.0330117308 0.1661769897 0.0089628594 0.0871323422 0.0061906818 -0.0001750746 0.0836528689 0.0411752351 0.0528663397 -0.0425971001 0.1292924285 0.0013836862 -0.0015921508 -0.0001721693 -0.0082659787 0.1808833331 0.1032047272 -0.0008344064 -0.0067457631 0.0654585660 -0.0169250686 0.0367759354 0.1830098629 -0.0010431252 0.0422877036 -0.0000246338 0.0689831153 0.2153170556 -0.0006923994 0.1278677732 0.0438684821 0.1279751211 0.0788665190 0.0612117462 0.0001661030 0.0047257636 0.1089685336 0.0177968200 -0.1288816482 0.0004457067 0.0001834435 0.0429604687 -0.0137922494 -0.0013945057 0.0280608907 0.0715569034 0.0036880211 -0.0875714272 -0.0085586095 0.1682033390 0.0232846513 0.0620888695 0.0015400510 0.0008043861 0.0012031528 0.0300977267 0.0300254263 0.0000952384 0.0236710627 0.0042584711 0.0181155894 0.0002181497 -0.0001887800 0.1026712060 -0.0164995939 -0.0009079075 -0.0204973873 0.0508894399 0.0458152890 0.0032453837 -0.0012910815 -0.0009716681 0.0937563181 0.0995688438 0.0227992274 0.2720423639 0.0400812663 -0.0413178504 -0.0007163963 0.0009710017 -0.0004794985 -0.0012173881 0.0567437746 -0.0016793106 0.0753232986 0.1393387020 0.0005517573 0.0832494199 -0.0006564985 -0.0261533074 -0.0014750429 0.0059440313 -0.0013901199 -0.0016967262 0.0626797900 0.0357127115 -0.0013876292 0.0046320721 0.0454529896 0.0004935176 0.1757339686 0.0269488860 0.0709467009 -0.0001362645 0.0027080772 -0.0000925966 -0.0402111448 0.0524854735 -0.0028057578 -0.0602946952 -0.0609232597 -0.0028060519 0.0776644051 0.0254695155 0.1069692671 -0.0000972547 -0.0005709469 -0.0002523201 0.0286594033 -0.1430935860 -0.0018298804 0.0335871391 0.1032309011 0.0451929756 0.0001504168 -0.0053090276 0.0181956571
0.4361204803 -0.0007727096 0.0148906400 -0.0690874830 0.0008203910 -0.0014602633 -0.0569404811 -0.0270173065 -0.1352916658 0.0023239518 -0.1420166790 -0.1236818731 -0.0186779890 -0.0734588057 -0.0225863233 -0.0016896693 0.0011050332 0.0379614681 -0.0624106079 0.0173899084 0.0519687347 -0.0523366109 0.2201610953 -0.5958251953 0.0013759674 -0.0131185409 0.0005189691 -0.0033100790 0.1349030435 -0.0130701726 -0.1101306975 -0.0199177973 -0.0809855089 0.1544712186 0.1276981682 0.1677756757 0.0494010039 -0.0003283358 -0.0003329042 -0.0025862399 -0.0253584497 -0.0004833993 0.0019790099 0.0014456211 -0.0006857914 0.0267705973 0.0717176571 0.0531738214 -0.0010315680 -0.0098518515 -0.0025638365 0.0011258476 0.0608303696 -0.0004687229 -0.0443677716 -0.3011024296 -0.0092807487 0.0692053288 -0.0037614503 0.1201145947 -0.0870571509 0.1553421319 -0.0001484103 0.1163292006 0.0058698165 -0.0009216530 0.0399453193 0.0366771445 -0.0493720248 -0.0013978789 0.1542343348 0.0313400961 -0.0030930678 0.0413532704 -0.0299185570 0.0503183715 0.1906316578 0.3396630287 0.0398790203 -0.0001376227 -0.0339495353 -0.2163038105 0.1622001976 -0.0836893022 -0.0000632722 -0.1317211539 -0.0008131684 -0.1257039458 0.0005126905 0.0307801105 0.1331035048 0.1451127082 0.0010356564 -0.0025267438 -0.6507954597 0.0005309068 0.0831220224 -0.0020621489 0.0008386291 0.0147033390 0.0025025629 0.0802584440 0.0186652504 0.0424263589 0.0898490250 0.1162967235 -0.0350959972 0.0367626324 0.0018910129 -0.0930704996 0.1561685652 -0.0024590672 -0.0002850824 -0.0012744113 -0.0007134886 -0.1368470341 0.1184214130 -0.0022773007 0.0008708345 0.0027771296 -0.0129654920 0.0021071697 -0.1676454991 0.0461974181 -0.0962627307 0.0277881119 1.0548239946 0.1674028039 -0.0012628222 0.1116184369 -0.2564953864 0.1841265410 0.0479086712 0.1507617235 -0.0014664260 0.1461827159 0.0519927703 0.0837182254 0.0227565672 0.1317836791 0.0001474350 0.0005918377 -0.0011885938 0.0003482398 0.0883994848 -0.0512959659 -0.0006707080 0.0687272027 0.1405489892 0.0669294819 0.0140587343 0.0502577685 -0.1899757832 -0.1809164137 0.0009491743 -0.2821544409 -0.0371353552 0.1971972734 0.0032584239 0.1167228296 0.0312446915 -0.0600838028 0.0578301661 0.0005363088 0.1099168956 0.2178979367 -0.0624524169 0.0263946317 -0.0004213340 0.0005790238 -0.0387159437 0.0347029082 -0.0010508668 0.0102355201 -0.0232648160 -0.0039105057 -0.2102315575 -0.0812200159 -0.0410545059 -0.1371296942 0.0429472886 0.0024823232 -0.2137991190 -0.0028110228 0.0982729495 -0.0178473350 0.0001788659 -0.0346360207 0.0420257188 0.1530847400 -0.0005215415 -0.0002810142 0.0142560247 0.0108428076 -0.0029759763 -0.0167509764 0.0729779229 -1.1579045057 -0.0966995955 -0.0006817235 -0.0037669840 0.0246431269 -0.0219268706 -0.0684150383 0.0282629747 -0.2567174137 0.0364679769 -0.0007215476 -0.0006932525 0.0002131123 -0.0003023558 0.1358512640 -0.0377709232 -0.0946169049 0.0233893581 0.0014675404 -0.0293052066 0.0002633879 -0.2206413746 -0.0017791513 0.0531451218 -0.0013037017 0.1388116330 -0.0274371132 0.6074535251 0.0004018790 0.0120130004 0.1317008883 -0.0009900110 -0.0436245501 -0.0827534199 -0.0909874290 0.0000379301 0.1265305132 -0.0002333282 0.0997129008 0.1146582142 -0.0001716710 0.0189555455 -0.0442464650 -0.0031549304 -0.0722329468 -0.0345230401 -0.0337919183 -0.0021983657 -0.0002566949 0.0011231750 0.0524759293 0.0729277432 0.0000025044 0.0162465218 -0.0114840614 0.1183063909 -0.0003628183 0.1649935097 -0.9977901578
0.0216089878 -0.0018000003 0.1032190025 0.0043113865 0.0005726660 -0.0023071498 0.0238557588 -0.0620652437 -0.0980954245 -0.0020847870 0.1480070353 0.0141213527 0.0321420431 -0.0230842251 0.1110240892 -0.0009108213 -0.0006542250 0.0261932649 -0.1781031042 -0.1041939557 0.0603879578 0.0175338034 -0.0352295637 -0.0783635899 0.0013911886 0.0561467670 0.0010390191 -0.0019822035 -0.0190128628 0.0558388829 -0.0381028689 -0.0242811684 -0.1256558299 0.1532133520 0.0979723111 0.0513749272 0.0738553852 0.0004879539 0.0004328567 -0.0041695265 0.0779034421 -0.0007708896 -0.0018846054 0.0009484119 -0.0078868084 0.1543497443 0.0342457294 0.0531025566 0.0023535739 -0.2047874331 -0.0014603583 0.0005614341 -0.0040059518 -0.0023991086 0.1899256557 0.0271774866 -0.1001187935 0.0143789779 -0.0010829592 -0.3288037479 -0.0160069335 0.1357574612 0.0015685344 0.0546687022 0.1819840074 -0.0004976642 -0.0147615355 -0.0066000973 0.1061525196 0.0008475679 0.0183237921 -0.0371578857 -0.0000788123 -0.0677237138 0.1090724021 0.0474597216 -0.0243838653 0.0164337009 0.0523633659 0.0006736277 -0.0427884050 0.0078483550 -0.0227114335 0.0379551202 0.0006396442 0.0870598182 -0.0002532171 -0.1429530233 -0.0005117608 0.0002621754 -0.2736726701 -0.0104822200 0.0011816389 -0.0049369032 0.0404949225 0.0007193002 -0.0260361005 -0.0006007985 0.0019368861 -0.0120431650 -0.0020932765 -0.0345249996 0.1287393123 0.0096522467 0.1180250496 -0.2294904292 0.0687704906 -0.1219514832 0.0014857212 0.0748463944 0.0897982344 -0.0006228299 -0.0009507848 -0.0005386706 -0.0002060846 -0.0595530570 -0.1316137910 -0.0005404633 0.0010358240 -0.0022474499 0.0728384182 0.0005034271 -0.0496413894 0.0881963745 -0.0525999181 0.0840618983 0.0539350882 0.1401180327 -0.0010434687 0.0194575060 0.1588754654 0.0055360757 -0.0133970575 0.1043262780 -0.0019666762 -0.3313328922 0.1166378781 -0.0430816337 -0.0747191980 0.0849289000 -0.0003173426 -0.0019147428 -0.0005796160 -0.0504449569 -0.1724628061 0.0887816101 0.0011922241 0.1063092649 0.0813642293 -0.0077506159 0.1495907307 0.0968895480 0.0056094555 0.0788898692 -0.0017326315 0.0373382345 0.0062695821 0.0236093532 0.1076215282 0.2058576792 0.0426220931 -0.3726235628 0.0292217340 0.0001213047 -0.1338531971 -0.1312568188 -0.1215303764 0.1235923991 0.0001768567 -0.0009101998 0.0941210017 0.0721641630 0.0003363609 -0.0527775921 0.0409511477 -0.0012031599 0.1043464392 -0.0896241665 0.0874039084 0.0647210181 0.0423658378 -0.0022952328 -0.0286320113 0.0009255501 0.1102454066 -0.0037681139 0.0005099836 -0.0709897354 0.0380729064 0.0510849170 -0.0007978458 0.0007568804 0.1092648134 -0.0716763958 -0.0009654271 0.0071318508 0.0434244312 -0.0889155120 0.0270035695 -0.0005764206 0.0006737685 -0.0385332629 0.1368036121 -0.0630347878 0.0068203756 0.0157989301 0.1216680855 -0.0007585870 -0.0011504170 0.0014713706 0.0002211128 -0.0999908224 0.0321561582 -0.1500232071 -0.0537464581 -0.0002343673 -0.0611874387 0.0005191151 0.0638124049 0.0011906680 -0.0149871316 -0.0007376909 0.0953876525 0.1100839153 -0.0399873480 -0.0005957979 0.0353171676 -0.0088588037 -0.0010506687 -0.1043189764 0.1116471365 -0.0539930500 0.0010697971 0.1367004812 0.0004669872 -0.0299368631 -0.0322945453 -0.0007699766 0.1781506538 0.0996929258 -0.0007109770 -0.0114343269 0.0917463675 0.1698008627 0.0004438098 0.0012527490 -0.0004332126 0.0188273806 0.1067460179 -0.0009881309 0.0337529182 0.0040644188 0.0562682450 0.0011535173 0.0611145310 0.1841466278
0.0000330230 0.0011451367 -0.0012483494 -0.0021529072 -0.0015661841 -0.0003982739 -0.0004032976 -0.0024124356 -0.0001843064 -0.0009218851 -0.0002888672 0.0007001092 -0.0009619634 -0.0005830052 -0.0004616826 -0.0004279107 -0.0003097828 -0.0004754888 -0.0012577736 -0.0031268317 0.0003691559 -0.0014186208 0.0000077029 -0.0020319261 0.0004304408 -0.0023290759 0.0009069747 0.0000894605 0.0006309441 0.0003677650 0.0001616317 -0.0013064331 -0.0022691090 -0.0000892289 0.0002376828 0.0008317799 -0.0005743651 0.0005494912 -0.0010953438 0.0009330417 -0.0014885205 -0.0005558719 -0.0000624914 0.0010247882 0.0001135039 0.0002226483 -0.0003526543 -0.0022202239 -0.0013395380 -0.0016680405 -0.0007250173 0.0014616984 -0.0009513746 0.0012102331 -0.0003581675 -0.0004157540 -0.0014766939 -0.0003151717 -0.0004033468 -0.0026304561 -0.0001253506 -0.0007288531 -0.0001719401 0.0003757520 0.0002406515 0.0000647037 -0.0018364752 -0.0001844605 -0.0018889535 -0.0017804712 0.0008767126 0.0011911982 -0.0012923412 0.0004364059 -0.0023513024 -0.0011314448 -0.0030056164 0.0006328307 -0.0017471252 -0.0008340473 -0.0009087307 -0.0016859372 -0.0017305376 -0.0009043325 -0.0014382824 0.0000222433 0.0010720907 -0.0016540667 -0.0007553443 0.0007773475 -0.0018102460 0.0011745894 0.0009736569 -0.0007998720 -0.0028182685 -0.0004362347 0.0003038605 -0.0008985696 -0.0007409755 0.0011938440 0.0011214861 -0.0007778028 -0.0014224867 -0.0011357095 -0.0014607386 -0.0013882238 0.0006211443 -0.0003467416 -0.0012955805 -0.0018149110 -0.0016733462 0.0003437730 0.0010567184 0.0005121801 0.0011506489 -0.0016453528 -0.0009584310 -0.0013579780 -0.0011516701 0.0000239562 -0.0008791666 0.0005777862 0.0000612702 0.0003431185 -0.0002810090 -0.0001672546 0.0008989086 -0.0008678235 0.0010305840 -0.0003651699 -0.0015995104 0.0004701789 -0.0008984145 -0.0010404260 0.0006499081 -0.0004006187 0.0000547828 -0.0019085791 -0.0002400468 0.0004038007 0.0004076982 -0.0006341602 -0.0014298662 -0.0003751630 -0.0015267205 0.0004046557 -0.0000938958 -0.0002093554 -0.0017316891 0.0010040047 -0.0010837571 0.0009665510 -0.0009864883 -0.0003030811 -0.0002091886 -0.0010618966 0.0007909021 -0.0017168471 -0.0018109599 -0.0011469247 -0.0011598074 0.0001692243 0.0007580244 -0.0013309470 -0.0016338396 -0.0014485772 -0.0003673618 -0.0019789839 -0.0010687382 -0.0004098749 -0.0000654575 -0.0009145942 0.0010616210 0.0001375397 -0.0010385022 0.0009114535 -0.0015903010 -0.0007607145 -0.0013936191 -0.0003321249 -0.0003615766 -0.0000635067 0.0007604862 -0.0008237704 0.0008913006 -0.0012474984 0.0002619296 0.0006690696 0.0005631713 -0.0000033703 -0.0015185577 -0.0007762713 -0.0006695233 -0.0014529395 0.0011821532 0.0009050256 -0.0013792705 -0.0013018369 -0.0006842246 -0.0007460052 0.0000780480 0.0003413460 -0.0001208964 -0.0011906544 -0.0010511712 -0.0015015068 -0.0011471584 -0.0014126224 0.0007343779 -0.0005940498 0.0001778802 0.0009049170 -0.0014383689 -0.0010898660 -0.0006397678 0.0006595834 0.0005305386 0.0002625720 -0.0011136848 -0.0013680749 -0.0006687104 -0.0004132153 0.0003226545 -0.0010384902 -0.0006486744 -0.0013666004 -0.0013350850 0.0001458694 -0.0004270463 -0.0010037500 0.0000516829 -0.0017411280 0.0003795601 0.0009286395 -0.0001911495 0.0007511008 -0.0006887637 -0.0017089740 0.0006930811 0.0003637493 -0.0000233137 0.0010564009 -0.0010215315 -0.0010232009 -0.0008661792 -0.0017011840 -0.0010256078 -0.0014225296 -0.0013249569 -0.0003566723 -0.0003987515 -0.0000043304 -0.0004258492 -0.0008389335 -0.0015981368 0.0011597550
-0.0439306237 0.0002894000 0.0486920290 0.0981708840 -0.0009182772 -0.0008591424 0.0494590215 0.0240414664 0.0082497327 -0.0012670984 0.0392067358 -0.0210241862 0.0508574694 -0.0516120158 -0.0356441773 -0.0009701421 0.0016561451 -0.0206146017 -0.0131858028 0.0040487917 -0.0000135280 -0.0039366093 -0.0430704020 -0.0034188165 0.0015794864 0.1472771168 -0.0000373387 -0.0032169796 0.0561321750 0.0635886341 0.0092362436 0.0499970280 -0.0637204051 0.0853621364 -0.0086605744 0.0386938043 0.1275435239 -0.0004662808 -0.0009667488 -0.0049542272 0.0492988378 0.0003909094 -0.0025590328 0.0015612599 0.0374467783 0.0855234787 -0.0192483701 -0.0201346483 0.0022537406 -0.0037033013 -0.0004446180 0.0005051136 -0.0099973725 -0.0023104246 0.0958892182 -0.0056380001 0.0266590379 -0.0448653921 -0.0008344396 -0.1582311392 -0.0256496053 0.0020291461 0.0008878327 -0.0385011621 0.1258518696 -0.0003447212 -0.0228183512 -0.0397540331 0.0942776501 -0.0005971880 0.0113599915 -0.0150014916 -0.0010291188 0.0423866995 0.0833508149 0.0221322272 -0.0485405177 -0.0343139358 -0.0310779531 -0.0010359440 0.0421349443 -0.0226792376 -0.0212364942 0.1162505448 -0.0006036128 0.0031256753 0.0007155156 0.0369766094 -0.0007279297 -0.0145139713 -0.0250321403 -0.0389472395 0.0015814413 -0.0031590578 0.0325811282 -0.0004704657 -0.0272847451 -0.0013330742 0.0003248140 0.0291019809 -0.0003356457 -0.1157309562 0.0859920308 -0.0115724169 0.0267248098 -0.0723863319 0.0595885478 0.0363422148 0.0002436214 -0.0262872018 -0.0015369982 0.0001306662 0.0006131990 -0.0011657267 -0.0008184256 0.0023858675 -0.0020486228 -0.0027293174 0.0008421032 0.0004470255 0.0665603876 0.0017436142 0.0116504980 0.1340370029 0.0126973409 0.1249688491 -0.1249824688 -0.1867267191 0.0014539865 -0.0159296338 0.0953903273 0.0028729457 -0.0310038254 -0.0185867250 -0.0011528373 -0.1437066793 0.0152598945 -0.0688872859 0.0140745640 -0.0041504488 0.0005964505 -0.0007456726 0.0002122604 -0.0312945805 -0.0849319249 0.1056578234 -0.0003146206 0.0201814324 0.0392373130 0.0205060318 0.0285382252 0.1282292455 -0.0520911850 0.0004730658 -0.0018919191 -0.0047380920 0.1015434936 0.0299407057 0.1160707772 0.0138447620 0.0241433606 0.0350230187 -0.0217558742 0.0006112993 -0.0372387990 -0.1183042079 0.0116543742 0.0495174788 -0.0006455503 0.0017611993 0.0424373783 0.0278661102 0.0011496833 -0.0204462502 -0.0022085581 -0.0011749562 0.0405407883 -0.0008252863 0.0596118383 0.0278403405 -0.0009154307 -0.0004332864 -0.0105402488 -0.0008406417 0.0061257738 0.0046377205 -0.0002838756 0.0287138056 0.0034148307 -0.0335566811 0.0005688042 -0.0011028348 0.0039780168 0.0264107250 0.0000588473 -0.0181319565 0.0405846387 -0.0414790064 0.0232997406 -0.0002629335 -0.0017398398 -0.0066885832 0.1069994122 0.0470882095 0.0939675421 -0.0340781771 0.0361162797 -0.0007208055 -0.0001372199 0.0008295068 -0.0013429642 0.0189902894 -0.0023890710 0.0055266805 -0.0279975682 0.0008997191 0.0181258861 -0.0007892293 -0.0032951543 0.0012532339 -0.0434449948 0.0008661688 0.0049064611 0.0811275244 -0.0601151921 0.0008330877 -0.0175385121 -0.0440320335 0.0012663073 0.0131851798 0.0114969891 -0.0953179076 -0.0007196350 0.0630781353 0.0016594607 -0.0226696469 0.0302768890 -0.0000483461 0.0740570277 0.0354710296 -0.0024940092 0.0119191511 0.0622225553 0.1547107249 0.0010050747 0.0012567851 -0.0005122003 -0.0382999554 -0.0728831142 -0.0009825762 -0.0021438531 -0.0365419462 0.0015691286 -0.0010033951 -0.0368169248 0.0007643871
0.0716394782 -0.0018191499 0.0692098662 0.0075454768 0.0007395982 -0.0012527346 -0.0641869977 0.1282466203 -0.6104284525 -0.0033933406 0.2568144202 -0.1372435242 -0.0342599824 0.2714491189 0.2557049394 -0.0008555309 0.0027045733 -0.0472443998 0.0689544603 0.0651947930 -0.0397547670 -0.1511117518 0.0479581207 -0.0323840827 0.0007554773 0.0460231304 -0.0006171392 -0.0040591904 -1.1356728077 0.0147669511 0.2352402359 0.0072510173 0.1052237228 -0.1882040650 -0.0901203007 -0.1096338183 -0.0151710277 -0.0020689364 0.0002024859 -0.0052567953 0.2472767681 -0.0009745181 0.0004123767 0.0002038677 -0.1519113034 0.0779146627 -0.0385941602 -0.1020755246 0.0023073056 -1.5268845558 0.0024342877 0.0002811464 -0.0850960091 -0.0013627319 -0.3963546157 -0.1880062371 0.4587507546 0.1541690379 -0.0008646890 0.0894057974 0.0663859919 -0.0235432927 -0.0000415063 0.0297181625 -0.0221251100 0.0002613427 0.0660244897 0.0356755890 -0.0196881443 -0.0003841034 0.1356297433 0.0423263982 0.0012754106 0.0842221752 -0.0269849114 0.1230227426 0.0416085608 -0.2054367065 0.0964949429 0.0008426699 0.1694291681 -0.1173247173 -0.0860907361 0.0425401293 -0.0000579821 0.0507075563 0.0006477239 0.0476376303 -0.0000534389 0.0845038891 0.1583608538 -0.1577694118 0.0001914663 0.0052793548 -0.1045004651 0.0007912391 0.2330339998 0.0009904376 -0.0009776495 0.1392757893 -0.0015716777 0.1661787629 0.0464323722 -0.1331379712 -0.1986832172 -0.7439804077 0.0281513333 -0.1068932861 0.0006208237 0.0494738296 -0.0494468957 0.0027595786 -0.0004891619 0.0000695236 0.0001656297 -0.2527267039 0.1348351538 0.0005918856 0.0009593536 0.0030685696 0.1118934527 -0.0008752270 0.0750588104 -0.0055775801 -0.1193336770 -0.0026107968 -0.0856821910 -0.3897118568 0.0013895557 0.0984983668 0.5199238658 -0.0700833797 0.1503572166 -0.0185848214 0.0008828198 -0.5285472274 -0.0255960114 0.1522334218 -0.0307515338 0.2185039371 -0.0015118519 0.0021797044 0.0014932390 0.1068874747 -0.2259419113 0.0149316387 0.0000718110 0.0139180142 -0.0005636080 0.0257084742 0.0815104768 -0.0086243516 0.2157251537 0.6490966082 0.0011219567 -0.0061981576 0.0749187320 0.1651243269 -0.0648917854 0.1646251529 -0.1097755209 0.1436271667 -0.0599573664 0.0001658987 0.0180812348 -0.0060490477 0.0912696570 0.2121596634 -0.0001168096 0.0005117090 -0.0221133903 -0.0240092985 -0.0013473770 -0.2037810236 -0.1287471205 -0.0049515045 0.0105869109 -0.2062932402 0.1386665553 0.0266587213 -0.0906005725 -0.0027492722 0.1191703752 0.0024100172 -0.0301567875 -0.0590164848 -0.0010256484 -0.0808538049 -0.0723611861 -0.0137600554 -0.0011674397 -0.0005152600 0.1297537684 -0.3059960902 0.0012263289 0.0092551820 -0.1197366193 0.0220389329 0.3024838865 -0.0002951791 0.0013112888 0.0933656916 -0.0470764525 0.6249269843 0.1421585232 0.0452256277 -0.0182467997 0.0003125278 0.0017265149 -0.0008026323 -0.0019457345 0.1109525487 -0.0200303867 0.1608761102 0.2996168733 -0.0008555747 0.0492856391 -0.0000802549 -0.1833389103 0.0012854233 -0.0129209943 -0.0010787389 -0.0648319423 -0.0178367365 0.1897540540 0.0010216222 0.1227818504 0.0307020433 -0.0007220927 -0.0977037027 -0.0438246727 -0.0027544026 0.0007011190 -0.1366433352 -0.0004140593 0.0280282013 -0.0124257067 -0.0027642718 0.0547637865 -0.1040609106 0.0025372459 0.0368582346 -0.0216382127 0.6278338432 0.0022331674 0.0013628535 0.0012070112 0.0771855265 -0.0575284734 0.0024558974 -0.0466958582 -0.0928957537 -0.0368349478 -0.0002647967 -0.0586919561 -0.1735305339
-0.0013150012 0.0000752690 -0.0022092843 -0.0021764429 -0.0002419800 0.0011974168 0.0004151771 -0.0036028598 -0.0023602792 0.0002989458 -0.0017605887 -0.0024494149 -0.0013190731 -0.0014857921 -0.0009891355 -0.0012257410 -0.0013603787 -0.0018889925 -0.0033333024 -0.0034518482 -0.0011264231 -0.0008286942 -0.0041041481 -0.0026479349 -0.0000274054 -0.0020924921 -0.0003983258 -0.0009447002 -0.0012726011 -0.0028866227 -0.0038696504 -0.0002957770 -0.0018234826 -0.0033285520 -0.0018251932 0.0003549125 -0.0007055767 -0.0011175278 0.0000783693 0.0008051308 -0.0034371994 0.0001011404 -0.0014635568 -0.0001267706 -0.0016804318 -0.0028146624 -0.0032566977 -0.0026008089 0.0008967789 -0.0034995680 -0.0012726258 -0.0000174516 -0.0012186352 -0.0005566173 -0.0010678376 -0.0011531613 -0.0011644629 -0.0021930456 0.0002357775 -0.0012733645 -0.0028857014 -0.0014510211 -0.0004480000 -0.0024544059 -0.0022916079 -0.0014049453 -0.0014673634 -0.0037296452 -0.0012004290 -0.0000267822 -0.0038470533 -0.0026750967 0.0009834622 0.0031029673 -0.0038363030 -0.0034084613 -0.0039371913 -0.0017790024 -0.0006002525 0.0001270486 -0.0016425496 0.0009154659 -0.0026807883 -0.0026669926 0.0011194482 -0.0013407969 -0.0006505970 0.0024525509 -0.0008378515 -0.0030392390 -0.0024798776 -0.0022497426 0.0000585878 -0.0006635280 -0.0012924785 0.0001337575 -0.0015637615 0.0008090804 -0.0009544637 -0.0028959238 0.0005790020 -0.0025304887 -0.0024312697 -0.0020076451 -0.0020534727 -0.0033030862 -0.0026800558 -0.0037258137 0.0005873691 -0.0013023523 -0.0015875183 0.0001331277 0.0000629978 -0.0010671803 -0.0010487149 -0.0016881803 -0.0037483056 0.0008720882 0.0013562522 0.0003322113 -0.0020665987 -0.0013306150 -0.0033490048 -0.0030902082 0.0002455194 -0.0032225742 -0.0037095961 -0.0023944855 0.0009717005 -0.0016162139 -0.0036161649 -0.0014373085 -0.0026671914 -0.0038611458 0.0005860860 -0.0024807130 -0.0015594618 -0.0040123966 -0.0011364998 -0.0030180586 0.0012178776 -0.0015983116 -0.0010146352 -0.0022364166 -0.0011030681 -0.0039829118 0.0002095571 -0.0035886744 -0.0039022332 0.0015817328 0.0023760558 -0.0015005841 -0.0019022283 -0.0013060831 -0.0000681035 -0.0011249706 -0.0019486827 -0.0036975611 -0.0019654243 0.0004599120 -0.0019470210 -0.0025658684 -0.0037668920 -0.0015481142 -0.0034740933 -0.0013504389 -0.0019076198 -0.0012511483 0.0004232208 -0.0014348013 -0.0026133342 -0.0028234425 -0.0013027985 -0.0038414351 -0.0036457849 0.0000283746 -0.0015200580 -0.0035067836 -0.0011842818 -0.0032748738 -0.0021661483 0.0004089961 -0.0037885329 -0.0011841155 -0.0019235438 -0.0041531632 -0.0001917241 -0.0028875347 -0.0020030974 -0.0012034675 0.0011943999 -0.0012375005 -0.0005776395 -0.0006071576 -0.0008368508 -0.0000590118 -0.0033462318 -0.0016141607 0.0020281360 -0.0009443145 -0.0006203416 -0.0017458393 -0.0020411033 -0.0034531392 -0.0040631490 -0.0015594393 -0.0023819683 0.0008821504 0.0002864043 -0.0005370041 -0.0001237378 -0.0013807393 -0.0014714095 -0.0035875090 -0.0011331794 -0.0014979179 -0.0037075758 -0.0007672385 -0.0018307378 -0.0010892549 -0.0005780681 0.0003016213 -0.0020150105 -0.0013866702 -0.0034039465 0.0005937169 -0.0023289542 -0.0024869060 -0.0017399481 -0.0022855769 -0.0028397166 -0.0014016099 0.0002250186 -0.0025772264 0.0006924392 -0.0028416265 -0.0039982544 -0.0007878062 -0.0036277671 -0.0028100887 0.0011562617 -0.0019504002 -0.0020364705 -0.0028547612 -0.0000990857 -0.0009866998 -0.0011948751 -0.0030529310 -0.0032246134 0.0009571280 -0.0027060315 -0.0035775187 -0.0016743168 0.0011630084 -0.0040867953 -0.0027423818
0.0019706632 -0.0000770364 -0.2346637398 -0.0486354344 -0.0014835281 -0.0013128683 -0.1267277598 0.2318925411 -0.0135479216 -0.0030931255 -0.2304283977 0.0452053770 0.0454599187 -0.0525800139 0.0901302472 0.0008494583 -0.0006157641 -0.0180455837 -0.0513689369 0.2612770200 0.1026009098 -0.0014257319 -0.0614929348 0.0196080785 -0.0004330469 0.1681383997 -0.0014710985 -0.0047688684 -0.0385255702 -0.0779289529 0.1123446226 0.0213536993 -0.1330282092 0.0801396742 0.0152486581 -0.0850465372 0.1341671050 -0.0009820227 -0.0005039861 -0.0027885982 -0.1692980081 -0.0003441588 0.0018961882 -0.0002241821 0.0088643301 -0.2904624641 0.0647628680 0.0416733362 0.0028669073 0.0637483522 -0.0008604787 0.0010114821 0.0459988639 -0.0005444350 -0.1097792983 0.1108477116 -0.0006199199 0.0807505399 0.0039687641 -0.1868359149 -0.2118496895 0.1171210036 0.0003438894 0.3012799025 0.1469624937 -0.0013642324 0.0645442531 0.0442606136 -0.1285650134 0.0007693053 -0.0331831425 0.1036746129 0.0010223762 0.0327427983 -0.1458458900 0.0026133938 -0.0235001221 0.0051452066 -0.1764026284 -0.0012935436 -0.3524377048 -0.0001370160 0.0685211346 0.0467025563 -0.0003147154 -0.0107889790 0.0012008797 -0.2106654644 -0.0011680432 0.0225518700 -0.0787962973 -0.0228530448 -0.0005267056 0.0043698703 -0.0517749637 0.0005540406 0.0633285195 -0.0010390560 0.0000614239 0.0123886010 -0.0014071427 -0.1493716091 0.1172047332 0.0950177312 -0.1055447385 -0.0397285558 -0.0371890813 -0.0154187353 0.0007949103 -0.4865000248 0.0006327701 -0.0003828866 -0.0003599022 -0.0017393020 -0.0000611773 0.0434013717 -0.0790531635 -0.0018502264 0.0014992171 -0.0003508651 -0.0730762407 0.0002943375 0.0226522759 0.1086995602 0.0592922121 0.1048587561 0.0333138220 0.1040773764 0.0010166276 0.0895742625 -0.2979376912 -0.0106733395 0.0473062024 -0.0388165042 0.0007056147 0.2849352658 -0.0649540275 -0.0570914745 -0.1040683240 0.0521855466 -0.0000442309 -0.0008718300 -0.0001115262 0.0676332340 0.0734526739 -0.0489803366 0.0003070704 0.0038258282 -0.0023182405 0.0182163510 -0.4645813406 0.0847747102 0.0284359958 0.0551312156 -0.0026608396 0.0562950522 0.1776895970 0.0460956618 -0.1657409519 0.0558302104 0.0285467058 -0.2010022551 0.0119955027 -0.0011478800 0.0326177031 0.2013721913 0.1816793829 0.2582851350 0.0031306806 0.0006213690 -0.2289228141 -0.1564508379 -0.0002551783 0.0471078083 -0.0457968675 -0.0014800228 0.0922139809 0.0713444352 -0.0551144518 -0.0123497071 0.0561971106 -0.0029076955 0.0117736775 -0.0023264403 -0.0676534474 0.0439965203 0.0006504866 0.2763180435 0.0033276048 0.0383448415 -0.0006140594 -0.0010351917 -0.2013400644 -0.1201001182 -0.0014746411 -0.0175517313 -0.0526755787 -0.0344361402 -0.0323858000 0.0003559987 -0.0017204260 0.0964073390 -0.2444418967 0.0066127460 0.1981167495 0.1444158405 -0.1010507941 -0.0017388052 -0.0014227809 -0.0008813780 0.0003791206 0.2648442090 0.1142874062 -0.0759198070 -0.2332609147 0.0004322231 -0.2982033789 0.0007231662 -0.0975189209 -0.0003544466 0.0493893474 0.0001653659 -0.0498000495 -0.1874200553 -0.1145173684 -0.0017310466 -0.0824003220 0.1109473333 0.0012065119 0.2102018446 0.0093414253 0.1307111233 0.0011904082 -0.0929989293 -0.0016772839 -0.1040359512 0.0655168220 0.0010671974 0.0811929405 0.0062339376 -0.0022990976 -0.0252372641 -0.1414573193 -0.2771436870 -0.0009437969 -0.0000509366 0.0003699255 -0.0653023645 -0.3173820078 -0.0016070451 -0.0163353495 -0.0754976869 -0.0686510578 0.0004258636 0.0300037172 0.0963388085
-0.0620840043 -0.0004920485 -0.0256735794 0.0908760279 0.0005818607 -0.0028690312 0.0152606964 -0.0075163934 -0.3054413199 -0.0024608518 0.0374671258 -0.0105983969 -0.2030552179 0.0518707111 -0.0373730548 -0.0003352122 0.0005900901 -0.0072152573 -0.0078635467 -0.4402158260 -0.0303366259 -0.0577830970 0.0391442999 0.0661996454 -0.0009081060 -0.0665514097 -0.0001407209 -0.0032785963 0.4136252403 0.1581106633 0.0086173946 -0.0464343652 0.0563577414 0.0737979561 0.0150197735 0.0236994214 -0.0035651166 -0.0007158407 -0.0003914302 -0.0050406810 -0.1229554117 -0.0005460401 -0.0034160207 0.0012227467 -0.1143182442 0.1020460054 0.0051570763 -0.0125953862 0.0011367608 0.0795166790 -0.0014521201 -0.0001566167 0.0263359956 -0.0018364745 -0.0454717763 0.0577394105 -0.0707710981 0.0198752545 -0.0028175849 -0.1123329103 -0.0858587995 0.0408661887 -0.0010536186 0.0204583034 -2.3279726505 0.0008608070 -0.1938044429 0.0029541219 0.0981495976 0.0008560902 -0.0539836921 0.0239606760 0.0006335540 -0.3335056305 -0.1634010673 -0.0589360259 -0.0002024478 0.0178263858 -0.0363508537 0.0017234861 -0.3668473065 -0.0046359869 0.0044502267 -0.1895869225 -0.0008175046 0.0247994214 0.0005028439 0.1046765894 0.0012581754 -0.0909218043 -0.0004495778 -0.0039449958 -0.0000541183 -0.0030652401 -0.0228877366 -0.0013271882 -0.3851067722 -0.0011423565 -0.0007693003 -0.0481773019 -0.0015208310 -0.1290402859 0.2225376070 -0.0367897712 0.1117802635 0.0482154377 0.0645814687 0.1256076097 0.0013780385 0.1826170683 -0.0022467987 -0.0013474347 0.0018060979 -0.0005462129 0.0005030509 0.0599448495 -0.0193875730 -0.0028333284 -0.0010407334 -0.0003435510 -0.0271618851 -0.0007881654 0.0096810907 0.0527847484 -0.0461403467 0.0177987162 0.0107407970 0.0470211469 -0.0011764743 0.0312331151 -0.0205820221 0.0391317457 0.0522218309 -0.0158831235 0.0005439695 0.2662265599 -0.0091938470 0.0403091200 -0.0981249064 -0.0018313114 -0.0000208432 -0.0021608879 0.0009658986 0.0397999063 -0.1838823259 -0.0246360525 -0.0006928957 0.0192832835 0.0480539277 0.0044744802 -0.0284420624 0.0748967528 -0.0066537424 0.0709356442 -0.0005657336 0.0078480467 -0.1705375761 -0.0277083702 0.0210312009 -0.0550611205 0.1817786843 -0.0077137081 -0.0120860478 0.0001906259 -0.0218410827 0.1204336360 -0.1669147313 0.4410836697 -0.0008599082 0.0011377833 -0.1336538792 0.0583231933 -0.0011329823 -0.0081497626 0.0058869948 -0.0030977896 0.1960345209 0.0421489216 -0.4433706403 -0.0494063795 0.3851519525 -0.0007394478 -0.0075315828 0.0016915370 -0.0207488369 -0.0127603356 -0.0003512540 -0.2080934644 -0.0528865047 -0.0157619994 -0.0001152903 0.0001553739 -0.0034125564 -0.0064388476 0.0004432699 0.0244728439 -0.0266507789 -0.0105061801 0.0002891148 -0.0007053220 -0.0002422942 0.3459014595 -0.0347381234 -0.0457459800 0.1828347296 0.0043906854 0.0802273601 0.0010867880 -0.0000381877 0.0002936423 -0.0002123804 0.0254333690 0.0053749415 0.1061725840 0.0396253839 -0.0003870570 -0.0950562507 -0.0002047578 0.0160805825 0.0014059789 0.0224854052 0.0000985179 0.0027290403 -0.1139164418 0.0492190458 0.0016293433 -0.0027729543 0.0170852970 -0.0001411682 0.0642117932 -0.0127798449 -0.6619454026 0.0002288520 0.0196997263 -0.0008435105 -0.1159584746 -0.0423837900 0.0001726553 0.1083045751 0.1265959889 -0.0013123163 -0.1141937599 -0.0888065323 -0.1107716560 -0.0015024487 0.0001377210 0.0013949687 -0.0082171550 0.1846603900 -0.0002549499 -0.0282299463 0.3033180237 -0.0308470521 0.0005917609 0.0171998460 0.0023190111
-0.0081168590 0.0003621128 0.0353919119 -0.1697844118 0.0005798186 -0.0013779551 0.2137522101 0.0223780386 0.2774113715 -0.0023451985 0.2086646259 -0.0061585167 -1.0842722654 0.1705419123 -1.6362127066 0.0014890664 -0.0009566286 -0.0528502837 -0.0773942843 0.0830805227 0.0567752235 -0.0539009757 -0.0096619157 -0.0813168585 0.0010243705 -0.2591705918 -0.0007543419 -0.0040685404 -0.6058298349 -1.9394524097 0.0064086178 -0.0327309631 0.0653236359 -0.6886292100 0.0827456042 -0.5751582980 -0.0646352097 -0.0011051854 -0.0005882480 -0.0045206649 0.0026946638 0.0008690408 -0.0015987953 -0.0003967179 0.0662786514 0.0353261493 -0.0271364618 0.0112074204 0.0001425916 0.2248964906 -0.0001515547 0.0015325717 -0.1079689115 -0.0000143302 0.2394038737 0.0203387272 0.0856432542 0.0074282088 -0.0013191925 0.3816265762 -0.2105728239 -0.0406845398 0.0007424349 0.0937537104 -0.3465422988 0.0007825849 0.1227830797 0.0098978570 -0.2973467112 0.0010355832 0.0120408423 0.0088580828 0.0018515178 0.1182656214 -0.0404858962 0.1660324484 -0.0133219222 0.0688258633 -0.0570420139 0.0016783435 0.2879177332 -0.0118570682 -0.0033210148 -0.0358839519 0.0015817410 0.1092242450 0.0007955254 -0.1414124370 -0.0010697559 0.1080715582 -0.0843018219 0.0057080467 0.0001540530 -0.0036021660 0.0357091539 0.0006178111 0.0475864410 -0.0002853633 0.0009717866 0.0078601819 -0.0021951047 0.3126346171 0.2617481351 0.0529598258 -0.9989984632 -0.0153275225 -1.4694293737 0.2035168260 0.0006728544 0.1326991022 -0.0080638602 -0.0005126415 -0.0000351204 -0.0011834416 0.0011140691 0.2388580292 -0.1622704268 -0.0030526130 0.0004847588 0.0002193248 -1.6217095852 0.0017062628 -0.0498396084 -0.0762857795 -0.1414734572 -0.0756338611 0.0280615557 -0.3545029163 0.0010267087 0.0765781105 0.1894772500 -0.0065220031 0.0486427806 0.0175098386 -0.0021881468 0.1569384634 -0.0363776311 0.0446143672 0.0656305775 0.0546602383 -0.0012906163 -0.0021950821 0.0006586612 0.0138005940 0.1380722821 0.5948109627 -0.0009025792 0.0560096502 -0.0233237073 -0.0348888487 0.0394150987 -0.0526687168 -0.0418657772 -0.0008528430 -0.0015084830 0.0395671651 -0.1989443302 -0.0257482007 -0.0221710913 -0.0051117106 0.2511237264 0.6571304202 0.0019083587 0.0003437472 -0.0058132471 -0.0268290918 -0.0449045338 -0.1750026494 -0.0009785935 -0.0009825935 0.1489420682 -0.3327762485 -0.0008059852 -0.0356969312 0.0367588587 -0.0011128192 0.0414257385 -0.3026001155 -0.3772463799 -0.0208753981 0.0843852013 -0.0017953535 -0.0372729003 0.0000278998 -0.0521135442 -0.0039309603 -0.0012122644 -0.0306618679 -0.2600249648 0.0865553692 0.0014590503 -0.0009016701 0.0009437149 0.0885985047 0.0007854951 -0.0093841888 -0.2792465091 -0.0153164575 -0.1117453948 -0.0004327555 -0.0017529486 -0.4876811802 -0.1919263601 -0.0884426534 -0.0383667871 0.0095604546 0.1606782228 -0.0000362464 0.0000580784 -0.0008602629 0.0005729772 -0.0195664503 -0.0130166570 0.1289058775 0.0599166565 -0.0010026892 0.2105001658 0.0005040188 0.0953486711 0.0014152437 -0.0159448404 0.0001154831 0.0202609282 0.1845251769 0.0278480444 0.0008945062 -0.0012848706 -0.0314262100 -0.0000232042 0.2562873960 -0.0211619902 0.3985321522 0.0002910295 -0.0252200197 0.0010844362 -0.0672240034 0.0263712294 -0.0004210662 -0.5744950771 0.0795142502 -0.0002974246 -0.0427169912 0.4935068190 0.1023941860 0.0015600179 0.0006121683 0.0004903920 -0.0651431009 0.3727487326 -0.0001924811 -0.1026675254 0.4022599161 -0.0038998597 0.0015803811 0.0375812948 -0.0054409746
-0.0337489285 0.0027942224 0.0731228068 0.0412473232 0.0010815731 -0.0020089652 -0.0690474212 0.1430392265 -0.5339179635 0.0017731750 0.0731920302 0.0381212123 0.7939565182 0.0565657429 -0.4581905007 -0.0003179702 0.0016623503 0.0136934370 -0.0351752490 -0.0117630223 -0.0120630786 -0.0143502345 0.0124027478 0.0312682576 0.0011833081 -0.3673652709 0.0009156946 0.0044797682 -0.0187577102 -0.5956636667 0.0104854153 -0.0324736722 0.0509478971 -0.2103726864 0.0522639714 -0.0409265496 -0.0129966838 0.0000659587 -0.0007063616 0.0053463471 0.0609983839 0.0010185123 0.0036292970 -0.0001786923 -0.0708382279 0.0011456865 0.0544097982 -0.0111108543 0.0000500660 0.0766030326 0.0015524676 0.0005039340 0.0744134337 -0.0004659754 0.1003379971 -0.0491174869 0.4257338047 -0.0101259444 -0.0030823147 0.0502906777 -0.1815817058 0.0438426621 -0.0004812477 0.0354909040 -0.0509527847 0.0005650425 0.1938527822 -0.0286568347 -0.0523630008 -0.0008546963 0.0067261741 -0.0243486688 -0.0003745151 0.0323238410 -0.0627683029 -0.1124081835 -0.0221700519 0.0984217152 -0.0274674911 0.0018916976 0.5086364150 0.0189635195 -0.0046709264 -0.1044298559 -0.0006616833 0.0548901521 -0.0001791867 0.0188851152 0.0005955069 -0.0184055027 -0.0733440518 0.0303162485 -0.0001079449 -0.0071648867 -0.0126828849 0.0005638924 0.3164360821 0.0005933197 0.0004070051 -0.0235234182 0.0032177460 0.2407775521 -0.1383944005 0.0732223019 0.2064946592 -0.0851819888 -0.6747200489 -0.3237853050 0.0007505002 0.5128673315 -0.0235888828 0.0002759237 -0.0008467192 0.0012976271 -0.0005093415 -0.0850834325 -0.1184768006 0.0027486098 -0.0002781239 0.0027245248 -0.4682278931 -0.0000901707 -0.0581737272 -0.0608786680 0.0163376760 -0.0053852764 -0.1121230125 -0.0852588490 0.0005188700 0.0153731173 -0.0510804318 0.0100753419 -0.0335457996 0.0030456998 -0.0006885539 0.2565331161 0.0089964829 0.0453715250 -0.0210569035 0.0193727165 0.0004578888 0.0014612385 0.0018156347 0.0178384297 -0.2067262083 0.4834114313 0.0003065732 0.0587395169 0.0798918977 0.0049928888 0.0372112729 -0.0333705731 0.0028570949 -0.0713058040 0.0027666450 0.0324986950 -0.4528106451 -0.0556383133 0.1496441811 -0.0667457134 0.1265614927 0.1715500206 0.0020239588 0.0001492162 0.0467424579 -0.1826726347 0.1923454255 0.0205227640 -0.0040484290 -0.0014979346 0.0441064686 0.1626852006 0.0014134514 -0.0325436741 0.0420598611 -0.0014519886 0.2062781006 -0.1381798834 -1.1507794857 -0.0211317595 0.5661489964 0.0020219819 0.0023782509 0.0014447559 -0.0161995571 -0.0318023004 0.0013066679 0.0189947672 -0.1226191297 0.0250153821 -0.0002454813 -0.0004388852 -0.0160364974 0.0953518152 0.0016768454 -0.0305628907 -0.0039347876 -0.1090432331 -0.0722703412 0.0015590508 0.0027232112 -0.5106711388 -0.1747386903 0.0371188559 -0.0139841642 -0.0512843244 0.1523256898 0.0018394620 -0.0007957491 0.0015968492 0.0014759067 -0.4173909724 -0.0169145335 -0.0219103266 0.0297827311 0.0012139098 -0.0102464007 0.0010181088 -0.1127285436 -0.0002714878 0.0035137231 -0.0001997192 0.0207605027 0.1066131517 0.0571015179 0.0016292798 -0.0049490398 -0.0771398246 0.0012958817 0.5219389796 -0.0176723897 0.2881382704 -0.0009365496 -0.0882161483 0.0005302664 0.2173562199 0.1434678137 -0.0006731530 -0.0474109016 0.1114206687 -0.0013311339 0.0364225432 -0.1639583260 -0.0913022831 0.0011328848 -0.0006820849 0.0014232540 0.0203869343 0.2308714539 0.0020350183 0.0118665257 0.2200136334 -0.0451228991 -0.0005172419 0.0374445952 0.0318486728
0.0082021635 0.0007643600 -0.0559054986 -0.0597350262 0.0000364266 -0.0012539981 -0.0710725561 -0.0390053317 -0.0483777002 -0.0005723947 -0.0311533920 -0.0511150546 -0.0515905842 -0.0598006509 -0.0683492124 -0.0013533023 0.0005167812 -0.0492659099 0.0314085744 -0.0305155553 0.0554938540 -0.0573924743 -0.0562133975 -0.0418014340 -0.0012808889 -0.0372394919 0.0000330657 0.0007506860 -0.0263821743 -0.0551875383 -0.0460104533 -0.0008758515 -0.0687947050 -0.0593452267 -0.0461821929 -0.0557908155 -0.0387661941 0.0008757820 -0.0011059215 0.0006320107 -0.0451123305 -0.0000017248 -0.0009138089 0.0013145624 -0.0529636331 -0.0533316582 -0.0450198874 -0.0566490106 -0.0017106609 -0.0531454347 -0.0017569098 -0.0007465221 0.0443860553 0.0006031232 -0.0616301373 -0.0015087575 -0.0466646440 -0.0262574051 -0.0007940105 -0.0407285988 -0.0534992814 -0.0464855433 0.0000085720 -0.0482469946 -0.0376543514 -0.0002481907 -0.0374390222 -0.0344827808 -0.0471791439 0.0007779120 0.0067863450 -0.0016222907 -0.0006749629 -0.0558536239 -0.0118192723 -0.0233132672 -0.0164204054 0.0704732984 -0.0459276587 -0.0015129775 -0.0483578481 -0.0170987546 -0.0165454913 -0.0444870070 0.0003910716 -0.0711904019 -0.0013844930 -0.0595789775 -0.0000731466 -0.0468876958 -0.0282551646 -0.0622104146 0.0005248303 0.0008730485 -0.0423126817 -0.0002632319 -0.0329091549 -0.0017129106 -0.0005080482 -0.0542878024 0.0011662210 -0.0409643427 -0.0580527149 -0.0590428971 -0.0562994592 -0.0535754971 -0.0627457574 -0.0390237272 0.0010010126 -0.0537919775 -0.0484812446 0.0004591111 -0.0007294728 0.0001603436 0.0002535679 -0.0640366152 -0.0483465344 0.0007476063 -0.0013321434 -0.0004311141 -0.0577041879 -0.0003563950 -0.0464496724 -0.0416619219 -0.0577632450 -0.0386854112 0.0667815879 0.0181645285 -0.0015938199 0.0377765037 -0.0576192439 -0.0622206889 -0.0080160387 -0.0460056663 0.0010229540 0.0136537971 -0.0519202575 -0.0486561731 -0.0392185748 0.0297301915 -0.0001215650 0.0010172287 0.0008507486 -0.0318585075 -0.0127130188 -0.0417992771 0.0009302892 -0.0532391630 0.0652662069 -0.0532148108 -0.0348053053 -0.0409925841 -0.0479322188 -0.0556966327 0.0001732062 -0.0184912980 -0.0373027883 -0.0488683879 -0.0305347759 -0.0673620179 -0.0438696593 0.0121779051 -0.0259616766 -0.0002288280 -0.0139442235 -0.0193268862 -0.0591575131 -0.0638657212 0.0004398149 -0.0003707384 -0.0218040682 -0.0437530540 -0.0016731441 -0.0557694249 0.0307074785 0.0003027508 -0.0627748072 -0.0350162610 -0.0436244830 -0.0314508565 0.0107749514 -0.0003368975 -0.0460055880 0.0009528302 -0.0478256047 0.0002673204 -0.0012389885 -0.0653518215 -0.0508445986 -0.0469821021 -0.0001188488 0.0002360874 -0.0507356375 -0.0577556454 -0.0007406516 0.0003382781 -0.0566568784 -0.0293498710 -0.0454113968 0.0006451627 0.0010295953 -0.0409835279 -0.0385426134 -0.0446615256 -0.0605877228 -0.0481281132 -0.0526194796 -0.0012086442 -0.0002374283 0.0002533424 0.0000533948 -0.0461704470 -0.0411518775 -0.0561679564 -0.0405696630 0.0009467577 -0.0411946550 0.0009407105 -0.0587854646 0.0010001492 -0.0573778600 -0.0001726141 -0.0448579080 -0.0289337095 -0.0478462949 0.0009473314 -0.0344181955 0.0016863531 0.0002938562 -0.0428233556 -0.0521449856 -0.0164628532 0.0004863225 -0.0680976287 -0.0005609809 -0.0529393740 0.0773848817 0.0001674554 -0.0617163442 -0.0578192249 -0.0001814023 -0.0371227674 -0.0446508154 -0.0526840724 0.0002544231 -0.0000015041 0.0009255101 -0.0449793600 -0.0554812662 0.0008502490 -0.0421686135 -0.0205159914 0.0418520048 -0.0014554120 -0.0409894995 -0.0398561433
0.0018334190 -0.0003889526 -0.0006168204 0.0181510951 0.0013698022 -0.0007333173 0.0278890152 0.1511437446 0.1283401698 -0.0017062359 0.0640036985 -0.0121663697 0.1031175926 0.0399210416 0.1209266856 -0.0008886319 -0.0008310077 -0.0070434953 0.0419330448 0.2055743337 0.0059638307 -0.0051473826 0.0294812620 0.0134275537 -0.0011792006 0.2358068079 -0.0006282419 -0.0012983335 0.1603481621 0.0248991195 0.0050103888 0.0412145406 0.0743203014 -0.0029685833 -0.0239741430 -0.0262137279 0.2091527730 -0.0013300205 0.0006337618 -0.0045903591 -0.0368259512 -0.0007471346 -0.0023779923 0.0006138861 -0.0585849844 0.0070156944 -0.0191605724 -0.0047703576 0.0020409755 0.0505653322 -0.0002423733 -0.0010338877 0.0473628417 -0.0017927195 -0.0332867391 0.0154591668 0.0863762498 0.0152198840 0.0037948007 -0.0657561123 0.0467381477 -0.0383410193 0.0014459697 -0.0711968690 0.3952027857 0.0002269642 0.1255817562 0.0102798231 0.0695690587 0.0011106431 0.0111550847 -0.0048062787 0.0010042613 0.2005364895 0.0416167192 0.0322208703 0.0203591138 0.0023940324 -0.0205311235 0.0018213540 0.0802349001 0.0236738957 -0.0167379379 0.1897196174 0.0011246607 -0.0693923384 -0.0001273116 0.0835264698 0.0006708070 -0.0300014745 0.0618833676 -0.0001713975 0.0007113299 -0.0022445426 -0.0095730182 0.0003823751 -0.2603638768 -0.0005654470 -0.0000321914 0.0227030050 -0.0013627778 -0.1446302682 0.0059104883 0.0132766878 -0.0966530815 0.0191207398 0.0276667643 0.1945850551 0.0002060595 -0.0480786301 -0.0187972933 0.0004064443 0.0014357571 0.0016333528 0.0012594581 -0.0361488983 0.0600512177 -0.0025707053 -0.0013297467 -0.0029285611 0.0269238781 0.0009457811 0.0061567081 0.1963520199 0.0046605514 0.1862450987 -0.0408012345 0.0415487066 0.0005255789 0.0037441282 0.1079713553 0.0010249051 0.0135364216 -0.0438501351 -0.0018777571 0.0363137797 0.0011505607 0.0208377875 -0.0580266416 0.0259642564 0.0014204461 -0.0017876667 0.0018533323 -0.0042845393 0.1383120269 0.1159336790 0.0006671497 0.0076869363 0.0323940255 -0.0061338167 0.0068399119 0.1726260483 0.0267561413 0.0177306384 -0.0011518291 0.0034376776 0.2045242488 -0.0204792209 0.1067443341 0.0062413448 0.1210987270 0.0729636401 0.0216193162 -0.0007414499 -0.0102381399 0.0388429053 0.0397655256 -0.0985884592 0.0010281897 0.0012272118 0.0142847998 -0.0115760732 -0.0002237291 0.0000611244 0.0408988856 -0.0009759591 -0.1195289567 -0.0121754482 0.1408386230 0.0004612735 0.0335061774 -0.0017056526 -0.0087886034 0.0006301023 -0.0156837627 0.0254790802 -0.0003487414 0.0019904459 -0.0071137468 -0.0218397658 0.0003630711 -0.0006970261 0.0135039361 -0.0030238961 0.0010268452 -0.0193163529 -0.0102473805 0.0252192635 0.0026587320 0.0002475385 -0.0027460195 0.1215385795 0.0837366134 0.0108204167 0.2141048461 -0.0038678793 -0.0793167353 0.0000507406 0.0015522734 0.0008125688 0.0003505023 0.0775209218 -0.0219727028 0.0445846133 0.1268589646 -0.0009895404 -0.0292619970 0.0016864629 0.0020372893 0.0018395892 0.0074623460 0.0010828360 -0.0316799879 0.0425777435 0.0028928292 0.0001934405 -0.0094902227 0.0302685983 -0.0005356120 0.1788227260 0.0011373397 0.0007143050 0.0007934215 0.0334909037 0.0017752948 -0.0835042447 0.0154558718 -0.0012172631 0.0145394597 -0.0816270262 -0.0007845369 0.0131871123 0.0318255983 0.0704635605 -0.0000629172 0.0005336332 -0.0001276071 -0.0326121263 -0.2458670437 -0.0012398056 0.0125135351 0.0526364036 0.0263868514 0.0013116288 -0.0310830697 -0.0055477466
-0.6382385492 0.0005674550 0.0102302013 0.0073563796 0.0001332438 -0.0029712904 0.0030874251 0.0134262582 -0.0898970738 -0.0008909372 0.0202298742 0.2888481021 -0.0300426893 -0.4241877496 0.0114383269 0.0015202889 0.0014300768 -0.5014875531 -0.0720502734 0.0749640837 0.2468190193 0.2065339684 -0.5543580055 -0.8601854444 0.0005134020 -0.0114091458 0.0012201336 -0.0025580260 -0.0871481150 -0.1254863292 0.5982534885 -0.0108246682 0.0074138166 0.1186265498 0.1117112115 0.4746438861 0.0315709114 0.0006158309 0.0020039498 -0.0038081487 0.0109713646 0.0015900824 -0.0023795730 -0.0004010834 -0.1531533450 0.0538777485 0.0526369885 0.1550835073 -0.0006775878 -0.0615623072 -0.0004432905 0.0005805507 0.4221612811 -0.0023047866 0.0540087670 -0.1383694708 -0.0347968712 0.1109721810 -0.0008526337 -0.0000629311 0.1152683347 0.2248576283 -0.0005918622 0.2552907467 0.0131548094 -0.0008400294 -0.0081248758 -0.8228874803 -0.1081728265 -0.0005385426 -0.6312667131 -0.6821283102 0.0001131046 0.0292317774 -0.1598671675 0.2944842577 -0.5446614027 -0.1286263168 0.1567352414 -0.0004528721 -0.0401516780 0.3991361260 0.5122320652 -0.0198655091 0.0004904549 0.1943887770 0.0008155355 -0.0191615056 -0.0003695382 -0.0612236150 0.4981954694 -0.0757417679 0.0008690864 -0.0040478227 0.5210671425 0.0005266768 -0.0422167554 -0.0009584294 0.0001140088 0.6169245243 -0.0009970561 -0.0119376248 0.0105709611 -0.4972251952 0.1447786689 -0.8152309060 -0.0905962437 -0.0057551153 0.0003926021 0.0194028094 -0.3976652026 -0.0015065132 -0.0007840597 -0.0009270368 0.0002693774 -0.0797487274 -0.1917886138 -0.0030293409 0.0013376875 -0.0016937390 -0.0916118100 -0.0008356618 0.2808429301 0.0385427251 0.3450366855 -0.0014168170 -0.3493634760 0.4736617506 -0.0005693831 0.1530226022 -0.2576310635 0.3005152345 0.0091246543 0.2084528655 0.0002487647 -0.0696593150 0.0221262369 0.1698488295 0.4094524384 0.1426013559 -0.0013259130 -0.0007165493 0.0001526785 -0.5325310230 0.0873554796 0.0090937810 -0.0002340289 0.0420449860 -0.1031954288 0.1486844569 0.0927329808 0.0246596411 -0.2778187394 -0.2996542454 -0.0007169491 0.5710397959 -0.0283293352 0.2776181698 -0.0187541004 -0.2504087687 -0.2232055813 0.0046204743 0.2672092915 0.0001598786 0.3027920127 0.3093976974 0.0715218335 -0.0106025878 -0.0001441192 0.0007954563 0.2161314785 -0.0419490337 -0.0007242116 -0.1081315875 -0.0281462409 -0.0019724588 -0.0344475098 0.0261343140 0.0164559223 -0.0559745543 0.1662820876 0.0000143206 -1.8142278194 -0.0002662418 0.2587227225 0.0701025426 -0.0010667220 0.0128152631 0.0923354551 0.0673786253 -0.0005106948 -0.0014929697 0.0317669325 0.0442016795 -0.0010517469 0.0121698324 0.2672614157 0.1701551527 0.5983890295 -0.0007961226 0.0020222655 -0.0208043884 0.0126969721 -0.0153895058 -0.0285311472 -0.1537254155 0.0104726227 -0.0007148318 0.0015574771 -0.0005068377 -0.0006435334 0.0764150843 0.0731177852 -0.0286965072 0.0373960063 0.0005301172 -0.0012857066 -0.0010304865 -1.0679570436 0.0010027506 0.3920909464 0.0013806842 0.2050441653 -0.1975640953 0.1472774446 0.0013722818 0.0509770624 -0.3340948224 -0.0004101610 0.0730764046 -0.3771875203 -0.0066753472 0.0004584179 0.0454914235 -0.0017958718 -0.0929654017 -0.1638431549 -0.0031759159 -0.0064707655 -0.0028500995 -0.0015798638 0.5895267129 0.1231509745 0.1314332783 -0.0008300554 -0.0005513408 0.0008537592 0.5514163375 0.0282296035 0.0000163860 0.0608555973 -0.0168050602 -0.1412758231 -0.0011285606 -0.2155983448 -0.7615597248
-0.1025054902 -0.0022234349 0.0599737428 -0.0442827754 -0.0007190285 -0.0017348411 0.0555072315 0.0222360846 -0.0547452159 -0.0019637060 0.1123469397 -0.4986783862 0.0132198492 -0.0881365687 0.0410565473 -0.0007313759 -0.0002882792 0.1868049502 0.1257798076 0.0346589461 0.0622540489 0.1993277669 -0.5736632943 0.6321333051 -0.0003273865 0.0232154094 -0.0008861982 -0.0021566299 -0.0999239907 -0.0166393742 -0.8289528489 0.0213273149 -0.1628276408 -0.0016378117 0.2170764655 0.2546410561 0.0308031738 0.0000855685 0.0010236670 -0.0039441949 0.0635786578 0.0007362824 -0.0006203795 0.0010765988 0.1178122610 0.0530648716 0.2187460661 -0.0262501184 -0.0010277292 -0.2423831671 0.0012598817 -0.0003966667 0.3609262109 -0.0019002943 -0.0092154238 0.1185058504 -0.0892501175 0.0828890651 -0.0004447067 -0.0843185857 0.0275660623 0.2426194847 -0.0000363604 0.0834900737 -0.0504137240 0.0008498965 0.0018438473 -0.0489800870 0.0561666898 -0.0009999297 0.4098912776 -0.2951870859 -0.0007533900 -0.0362270437 0.0570970401 -0.0348576084 0.0867034569 0.6172430515 -0.0156839788 0.0014939867 -0.0135185560 -0.6712229252 -0.6851103902 -0.0051259631 0.0007571795 -0.0083205020 -0.0002161446 0.0393274501 0.0004825151 -0.2028428763 -0.0935878232 -0.3119250834 0.0002182202 0.0027285961 -0.7855380177 0.0007784695 0.0032185968 0.0000166569 -0.0003514354 -0.0299208146 -0.0013746044 0.0547846518 0.0206066910 -0.4210104644 -0.0139817903 -0.3892655969 -0.0177771915 0.0173188020 0.0012023480 0.0433317162 -0.3739792109 0.0004363239 -0.0000805142 0.0010786314 0.0014085071 0.1056944355 0.4198595583 -0.0032977185 0.0000637042 0.0000791204 0.0608036593 0.0004281565 0.0014817358 0.0278139487 0.0718996823 0.0229424350 -0.5071043968 0.0635753423 -0.0001895163 -0.4017829895 -0.0616155304 -0.4699544013 0.0732004717 -0.1428371072 -0.0004233923 -0.0395853333 0.1051238328 -0.0577625930 0.0733166859 -0.1017301232 -0.0001883780 -0.0007042935 0.0011246249 0.3663748503 -0.0575612597 0.0388428383 0.0005047978 0.0336358100 -0.3655838966 0.1952098906 -0.0691922680 0.0233070832 -0.7187334299 -0.1913952380 -0.0021767518 0.1018963158 0.0196367633 0.1271291226 0.0279215723 -0.0627616122 0.0780932680 0.0578936189 -0.2940533459 -0.0005744434 -0.2618854642 -0.0433016792 -0.0222260170 0.0187381636 -0.0018200172 0.0009389759 0.0027941044 -0.1202772409 0.0007112569 0.1697925329 0.1111884639 -0.0003423446 -0.0313057043 -0.0406799316 -0.0192679539 -0.2497043014 -0.1514348239 -0.0020840219 -0.2176784277 -0.0011708665 -0.0253224652 0.1774499118 0.0012252957 -0.0017342091 -0.1346660256 -0.1417518556 -0.0011916053 -0.0005360310 0.0098069292 -0.0838870779 -0.0007030924 -0.0073475041 -0.4035986066 -1.3978296518 0.1967314482 0.0016672550 -0.0019185811 -0.0216309708 0.0406582169 -0.0336445235 -0.0101482570 0.0548087880 0.0487074256 0.0000293636 0.0010753628 -0.0008300309 0.0004084838 0.0000046704 0.1240865067 -0.0376727283 -0.0337477699 0.0010728760 0.0253343675 -0.0004382904 0.0469972566 0.0000431581 -0.1283369958 -0.0006568955 -0.5474199057 0.2008351088 0.1588205099 -0.0006232706 0.1445449293 -0.6924508810 0.0011927134 -0.0584445000 0.5798843503 0.0414846167 0.0011803338 0.0624633059 -0.0011494296 0.0365662314 -0.1470155269 -0.0014824525 0.0569275618 0.0471749045 -0.0003432931 0.0915577486 0.1288438141 0.1629400104 -0.0012552543 -0.0003525912 -0.0009702379 0.2235560268 0.0665206984 -0.0010083898 -0.3987816572 0.0666353256 -0.2246940136 0.0013305868 -0.1104258522 -0.1705475599
-0.0112303831 -0.0007499658 -0.0047668545 -0.0072358712 -0.0006650659 -0.0002122710 -0.0089610405 -0.0079836501 -0.0083614737 -0.0011885182 -0.0065773753 -0.0037698715 -0.0080401013 -0.0088191805 -0.0039365408 -0.0017465651 0.0009680886 -0.0057895491 -0.0085894028 -0.0073227882 -0.0079119951 -0.0057085953 -0.0048604589 -0.0062371176 -0.0007310385 -0.0083575370 0.0010505794 -0.0005335645 -0.0081674876 -0.0077271149 -0.0036368647 0.0011428640 -0.0078351926 -0.0053500291 -0.0058710212 -0.0086415475 -0.0081033427 0.0005704606 0.0005737179 0.0003716980 -0.0067128716 0.0006758374 -0.0006410634 -0.0005382631 -0.0036789873 -0.0050202431 -0.0043669972 -0.0042637135 -0.0003925955 -0.0045845946 0.0008631616 -0.0011590736 -0.0076842909 -0.0003792273 -0.0096168229 -0.0044681928 -0.0066438080 -0.0076537249 -0.0000476504 -0.0053696316 -0.0070644137 -0.0045040254 -0.0011523685 -0.0065477872 -0.0080744037 -0.0006227002 -0.0058660279 -0.0059753628 -0.0066478504 -0.0010984300 -0.0104849515 -0.0063063917 -0.0015586506 -0.0048358520 -0.0076181283 -0.0083972225 -0.0055193249 -0.0090845423 -0.0044774963 0.0009021122 -0.0050618383 -0.0092466353 -0.0051228660 -0.0099161547 -0.0002959710 -0.0049290694 -0.0003578947 -0.0085101984 0.0006839757 -0.0039664898 -0.0081089875 -0.0020876033 0.0004550128 -0.0015536234 -0.0067650639 0.0012775951 -0.0059176995 -0.0016570518 0.0000553376 -0.0066112801 -0.0001428118 -0.0078274859 -0.0045562652 -0.0055824174 -0.0051689106 -0.0047314125 -0.0048649414 -0.0037149263 -0.0003826071 -0.0041023074 -0.0040013189 0.0005842391 0.0009308486 -0.0004858217 -0.0007008584 -0.0070205973 -0.0069264360 0.0010622718 0.0008729593 -0.0006380459 -0.0065586809 0.0003870220 -0.0068708016 -0.0066672917 -0.0103522819 -0.0070716236 -0.0105028460 -0.0080502369 -0.0016258059 -0.0101294285 -0.0079134833 -0.0080040339 -0.0054028207 -0.0042506242 -0.0007941856 -0.0053576035 -0.0094936611 -0.0068717082 -0.0044028903 -0.0061475588 -0.0009540628 0.0003339434 -0.0009553757 -0.0048267483 -0.0060753473 -0.0089094192 0.0010866690 -0.0038531928 -0.0081936605 -0.0066507407 -0.0074851098 -0.0065537146 -0.0078938855 -0.0047268467 0.0008365167 -0.0062030186 -0.0069733732 -0.0098097399 -0.0078204833 -0.0038279011 -0.0082737142 -0.0085349968 -0.0043581594 -0.0011794016 -0.0093661323 -0.0049915100 -0.0056650308 -0.0046656751 -0.0014898400 -0.0013649437 -0.0074587483 -0.0045544985 -0.0017513996 -0.0063535338 -0.0096375998 0.0011158711 -0.0051793382 -0.0061622169 -0.0110684149 -0.0089840693 -0.0087856427 0.0002238045 -0.0083399499 -0.0014189400 -0.0041305176 -0.0078351377 -0.0012595288 -0.0019869648 -0.0083240643 -0.0055743349 0.0002265503 -0.0006787351 -0.0076062647 -0.0035464833 0.0011110220 0.0003721529 -0.0069666579 -0.0068840976 -0.0069108680 -0.0013852308 -0.0006986526 -0.0105007887 -0.0072004744 -0.0075348280 -0.0076176343 -0.0042589307 -0.0062028770 -0.0004881853 0.0002432830 -0.0008056074 -0.0012031996 -0.0036610398 -0.0065381052 -0.0075605083 -0.0080287633 -0.0002123533 -0.0076258490 -0.0001602964 -0.0050003133 -0.0005829192 -0.0080269584 0.0002158132 -0.0040220260 -0.0099790236 -0.0057363249 0.0000986117 -0.0053144656 -0.0079046730 -0.0000077948 -0.0094436537 -0.0048998697 -0.0083830459 0.0002463636 -0.0060508717 0.0008034735 -0.0062241685 -0.0086201252 -0.0012827764 -0.0041521424 -0.0035039529 0.0006398300 -0.0083906753 -0.0095015662 -0.0080741337 -0.0008207745 0.0006208861 -0.0002622755 -0.0054711290 -0.0053552408 0.0012207456 -0.0093026785 -0.0094339456 -0.0083835190 0.0001684762 -0.0058557093 -0.0077519100
-0.0001980195 -0.0013784141 -0.0024176755 -0.0017653863 -0.0017294515 -0.0011635518 0.0002098050 -0.0016260591 0.0000162385 -0.0010751558 0.0011861313 0.0003944440 -0.0020402141 0.0006984614 -0.0020021675 -0.0000681834 -0.0017247977 -0.0011041480 0.0011371233 -0.0005821129 -0.0001544379 -0.0008668467 -0.0014618974 -0.0015056080 -0.0000265616 -0.0010526226 0.0000552690 -0.0000943032 -0.0006044234 -0.0023924685 0.0011240811 0.0002898962 -0.0014093806 0.0005953385 -0.0009591752 -0.0004415195 -0.0024111394 -0.0003616415 -0.0000780489 0.0008230922 -0.0015196023 -0.0011841870 0.0002354361 -0.0013739903 -0.0021014393 -0.0047490024 -0.0007935965 -0.0007681508 0.0016152868 -0.0008551988 0.0007084315 0.0014516186 -0.0010675068 -0.0013938284 0.0011743619 -0.0013526863 0.0004606697 0.0008066727 0.0007733220 -0.0007490404 -0.0005149628 -0.0015660801 -0.0014518654 -0.0006861140 -0.0013493663 -0.0000435824 -0.0032341075 -0.0013547741 -0.0034328967 -0.0015643935 -0.0005197651 -0.0013876718 -0.0002997405 -0.0005617199 -0.0003813761 0.0006493137 -0.0007494957 0.0002476049 0.0003183048 -0.0013457777 -0.0017660547 0.0004552081 0.0001622495 -0.0005672682 0.0009972228 -0.0001181196 -0.0010399281 0.0006273917 -0.0010366435 -0.0003395195 -0.0014289781 -0.0017792153 -0.0004711136 -0.0015864477 -0.0022124678 0.0002413903 -0.0017976811 0.0014967015 -0.0015639993 -0.0001112860 0.0001130668 -0.0025220746 -0.0047824481 0.0002154448 -0.0029418066 -0.0003048696 -0.0018544982 0.0008449838 -0.0002871383 0.0010588198 -0.0025760001 -0.0004815459 -0.0004432320 0.0004527284 -0.0014075307 -0.0010569621 -0.0000077674 -0.0008196407 0.0004654373 0.0004998128 -0.0003363855 0.0010664331 0.0000711057 -0.0020924602 -0.0008577132 -0.0035107122 -0.0011881188 0.0002261839 0.0011678163 0.0015161140 0.0012009906 -0.0007559971 0.0005940243 -0.0009389750 0.0010074511 -0.0007517576 -0.0011716558 -0.0010928928 -0.0009906453 0.0000896515 0.0007552329 -0.0004080631 0.0000410756 -0.0002712566 0.0003675455 -0.0018506659 0.0010725383 -0.0002296456 -0.0000123873 -0.0004942613 0.0000308783 -0.0020278613 0.0001498763 -0.0020099727 -0.0010098408 0.0000246989 -0.0014426403 -0.0018510739 0.0002143441 -0.0009748894 -0.0007522220 0.0009293600 -0.0009104070 -0.0001901812 -0.0008135557 -0.0014423403 0.0011229367 -0.0025243780 -0.0014632047 0.0002407413 -0.0013806645 -0.0009640814 -0.0013164658 -0.0012030867 0.0000664616 -0.0009679300 -0.0062749935 -0.0000668715 -0.0006034538 -0.0009745313 0.0002284351 0.0002006562 -0.0019468892 0.0006645627 -0.0015191822 -0.0004095644 0.0003531202 -0.0000386943 0.0008420816 -0.0018564428 -0.0000634159 0.0005726538 0.0006763952 -0.0054723914 0.0007008619 0.0004820347 0.0010658413 0.0007531748 -0.0001635939 0.0015060029 -0.0012350971 -0.0012110503 -0.0013821636 -0.0011444028 -0.0015236540 -0.0007055654 -0.0017922660 0.0001857620 -0.0009413547 0.0008495622 -0.0008519953 -0.0006305474 0.0009980991 -0.0007417873 -0.0010358671 0.0015069413 -0.0016230941 -0.0008563157 -0.0014899576 0.0004811674 -0.0011681066 0.0005804124 0.0002387529 0.0010071665 -0.0016644957 -0.0008720034 -0.0005497716 -0.0008914761 -0.0007136642 0.0007377590 -0.0000387846 -0.0003723877 0.0009697897 -0.0018460813 -0.0012410975 -0.0016544005 -0.0013778182 0.0006395938 -0.0005120491 -0.0049082222 -0.0009829890 -0.0011165894 -0.0009167764 -0.0002669069 -0.0002973303 -0.0002407256 0.0006845918 -0.0006645503 -0.0048610205 0.0005332812 0.0002443257 -0.0005972546 0.0009027357 -0.0010773956 -0.0015102400 -0.0005580753
-0.0014834763 -0.0015308551 0.0006664139 0.0006256063 -0.0010489157 0.0001063657 0.0006153075 -0.0008330661 -0.0016521498 -0.0011998665 0.0010357397 -0.0011583398 0.0001425709 0.0005496630 -0.0001738190 -0.0004078863 -0.0004385363 -0.0012281544 0.0005728331 -0.0006606044 -0.0008421685 0.0007847512 0.0005439156 0.0003280468 0.0001443647 -0.0008937084 -0.0010243731 0.0000517178 0.0000580034 -0.0003649881 0.0007367588 0.0010035007 0.0003842230 0.0000044607 0.0002474335 0.0007604362 -0.0016714013 0.0001442899 -0.0008331974 -0.0013478159 -0.0016254551 -0.0001840433 -0.0004676481 -0.0001816659 -0.0004138438 -0.0016469235 -0.0000687553 0.0000989821 0.0008640859 0.0000913773 -0.0000916594 0.0004524291 0.0008615306 -0.0010139686 0.0010610452 -0.0019052289 -0.0004713094 -0.0015820392 -0.0013966083 -0.0010086884 -0.0002215978 -0.0007966877 -0.0008247768 -0.0007036673 -0.0010770423 -0.0010500933 -0.0017709163 -0.0001719703 -0.0006145507 -0.0012525780 -0.0006858244 -0.0007829660 -0.0004659100 -0.0005712951 -0.0005303203 -0.0008771285 0.0007858040 -0.0009543947 0.0008844091 0.0004820571 0.0010394594 0.0009800846 0.0003647922 -0.0014472859 0.0007001434 -0.0000914292 0.0000528593 0.0003737111 0.0004942762 -0.0011780616 0.0008943514 0.0004179644 -0.0012318041 0.0000559053 -0.0008957834 -0.0010862692 -0.0004347657 0.0009394850 0.0002134547 0.0000600595 -0.0010289619 0.0002590675 0.0010734949 -0.0005999539 -0.0011178801 -0.0015565400 0.0005947248 -0.0018648985 -0.0003812973 -0.0016801332 0.0010753698 -0.0014536586 -0.0016008960 0.0008434680 -0.0018719857 -0.0019193417 -0.0010549705 0.0002955061 -0.0007541740 0.0006404484 -0.0012012583 0.0011328408 -0.0007313941 -0.0008455666 0.0007432070 -0.0018213105 0.0005618429 -0.0002164047 -0.0003777554 -0.0005637581 0.0004394959 -0.0007211370 0.0010998513 -0.0012345169 -0.0012715610 -0.0014775166 -0.0002450983 -0.0005269664 -0.0015171786 -0.0008312092 -0.0002485316 0.0011333078 0.0004684257 -0.0016908823 -0.0015610771 -0.0013513684 -0.0000866142 -0.0010371006 0.0004329937 -0.0007944435 0.0004915937 -0.0005536298 -0.0001546069 -0.0004727341 0.0004782856 0.0003046557 -0.0000238508 0.0005742282 -0.0006752567 -0.0019108171 0.0007429222 -0.0014390189 -0.0013649337 -0.0011708970 -0.0018523375 0.0010211836 0.0001601478 0.0003446591 0.0010290339 -0.0010238502 0.0005313893 -0.0008600017 0.0011053170 0.0010799980 0.0010402318 -0.0015869637 0.0003470995 -0.0018714743 0.0008321715 0.0007515842 0.0006251612 -0.0010370800 0.0009290750 0.0011824023 -0.0012461731 0.0008558119 0.0012134041 0.0004063370 0.0001766101 -0.0011707899 0.0005215801 0.0008689899 -0.0008484583 0.0008807401 0.0003672287 -0.0002903396 -0.0001453989 -0.0015564403 0.0007537985 0.0010523956 -0.0013397840 -0.0000625352 -0.0015134665 0.0008537784 0.0003169412 0.0008084950 0.0000047620 -0.0014970972 -0.0008169571 0.0006397953 0.0010841035 -0.0001570771 0.0003675326 -0.0009735970 -0.0017906637 0.0009603937 -0.0004937191 -0.0016154196 -0.0005357781 -0.0005877733 -0.0015611346 0.0003181519 0.0004916521 -0.0014531668 -0.0004822349 0.0000221462 -0.0008992724 -0.0006742789 -0.0013493630 0.0001031315 0.0009995366 -0.0000034470 0.0008695935 -0.0004456580 -0.0013053425 -0.0002296517 -0.0014059067 0.0007201036 -0.0011457148 -0.0013963341 -0.0009013769 0.0006533252 -0.0014926479 0.0008701129 0.0009546530 -0.0009650400 -0.0002451331 0.0004564915 -0.0016527742 0.0011862594 -0.0005874389 -0.0001881787 0.0008168706 0.0003891552 0.0007945349 0.0011335557
-0.0953413770 -0.0010771689 0.1605098248 -0.2339819223 -0.0004666095 -0.0016284478 -0.2210054249 -0.0036063420 -0.8077740669 -0.0031977107 -0.0216995105 -0.0293293223 -0.0326156840 0.3636416197 0.0372441486 0.0015114383 0.0018819005 -0.1467330754 -0.3135206103 0.1010110155 0.1105434969 0.0963934138 0.0147675164 -0.1396104991 -0.0001238242 0.0237556323 0.0001575137 0.0047106640 -0.3403011858 -0.0786248669 -0.0405536294 -0.0430407599 0.0232840441 -0.3629782796 -0.0117619131 0.0980641320 0.0769424364 -0.0014456713 -0.0002812269 -0.0024747043 0.0857060775 0.0001426504 -0.0033919222 0.0009073050 0.1868854612 0.1207086891 -0.0674809739 -0.0380929224 -0.0000111833 -0.2379493713 -0.0002522086 -0.0001685246 -0.0728659853 -0.0024031466 -0.0360554606 0.1298701912 -0.7958694696 0.0394080989 -0.0033542486 -0.9757640958 -0.2209030390 0.0963826627 -0.0003448839 0.0961600393 -0.1024746671 -0.0006147963 0.0314432345 -0.0646731555 0.0612644143 0.0007705875 -0.1154304296 -0.0039336551 0.0003932427 0.0212096870 0.0094067985 -0.0107062384 0.1056676283 -0.2497325689 0.0319194123 0.0017152228 -0.0250201356 -0.0782748833 -0.0005130973 -0.0747707561 -0.0010172401 -0.0357460007 -0.0006458001 0.4963563681 -0.0008589543 -0.1896418035 -0.4074386954 0.0612539276 0.0001128638 -0.0020751350 0.0403245538 -0.0000546025 -0.0728775933 0.0006335421 0.0018728618 0.1147940308 -0.0007505494 -0.3118829429 0.0027303381 -0.2346724570 -0.6750354171 -0.3210439086 -0.1377139837 0.0763497576 0.0009133642 0.0463934727 -0.0796428695 0.0015901836 0.0011728305 -0.0004354408 0.0000332112 -0.3042833209 -0.8074555993 -0.0017729483 0.0000003694 -0.0023147243 0.0574845150 0.0016564701 -0.1817772388 0.0866959840 -0.0516565256 0.0880448818 -0.4355255663 -0.1732013524 0.0004838365 -0.0415033661 -0.4595037997 0.0329450034 0.0426162593 0.0542473085 -0.0016467217 0.2429136932 -0.0454304852 -0.2758715153 -0.3684850931 0.3317108452 0.0011124494 -0.0028868422 0.0016436083 -0.0236658920 0.0539443493 -0.0219467394 -0.0011077077 0.1715410203 -0.1702816933 0.0292404331 0.1714476198 0.0843042508 -0.0306444373 0.3696167171 0.0014963984 0.0305145122 0.0233406238 -0.3207712770 -0.0109627405 0.0728447139 0.1821598709 -0.9459435344 -0.0355410203 -0.0005309909 -0.0487842001 0.2302015573 0.1822796464 -0.0371572226 -0.0014875631 0.0002928803 -0.1087446511 -0.0637305155 -0.0008469247 0.0501492098 -0.1492598653 -0.0015658123 0.0178206917 0.1126360148 -0.1555264145 -0.0241243578 -0.2639633119 0.0037500791 0.0205165707 -0.0000757314 0.0141099934 -0.2202399373 0.0015806142 -0.0168401375 -0.0268802587 -0.0066993143 -0.0011964292 -0.0010901028 0.2887872756 -0.0992255881 0.0012714087 0.0211193319 0.1344426423 -0.3794188499 0.2764676809 -0.0005990836 -0.0011021403 -0.1119331419 0.0155573813 -0.2609817386 -0.0058979304 -0.0633269474 0.0711708218 0.0007551386 0.0006372374 0.0006786901 0.0013899966 0.1402833015 -0.0582009815 -0.1044414416 0.0481610894 0.0002009748 0.1062326729 -0.0011035955 -0.0382793061 0.0011653971 -0.0618947670 0.0011955646 -0.1015142500 -0.0496304333 -0.2669431865 0.0012301167 0.0152140781 0.0116359359 0.0012444109 -0.1766665131 -0.0042671785 0.0623693094 -0.0005925580 0.2613340616 0.0016562379 0.1032229140 0.0888305008 -0.0009614324 -0.2898044288 0.1869338602 0.0000088792 -0.1397076249 -0.0142459944 0.7889347076 -0.0007469740 0.0007150845 0.0013574705 -0.1087206975 0.1502888650 -0.0038343354 -0.0468460470 -0.0199260116 -0.0293526612 0.0010915919 0.0216201115 -0.0247683600
-0.8945226073 -0.0006275825 -0.1034362316 0.0949454308 -0.0010320442 -0.0023305977 0.0364988074 -0.0336290523 0.1626705676 -0.0010410028 0.0717712715 0.0740059465 0.0105809858 0.1165576279 -0.0005529886 0.0005782780 0.0000555665 -1.6151508093 -0.0444395915 -0.0735423341 0.1316656768 -0.0726388693 0.2463752180 -1.1614594460 -0.0014806379 -0.0101867300 0.0002165626 -0.0029545843 0.0672407374 -0.0251115821 0.1945252120 -0.0280538779 -0.0597000606 0.0192907602 0.0382504985 -0.2258075923 -0.0197744574 -0.0012875072 0.0008754692 -0.0042161690 0.0468340889 0.0004346417 -0.0014095732 -0.0003739742 -0.0358524472 0.0504809432 -0.1246192306 0.1465198845 -0.0004979785 0.3844699860 -0.0015739838 -0.0001451118 0.2264859527 -0.0006913571 0.0372961238 -0.2604056597 0.0924728513 -0.0156243760 0.0017181622 -0.0112040946 0.0378887691 0.0108749503 -0.0012732919 -0.1298967302 0.1202469170 -0.0014837955 -0.0092891715 -0.1308466941 -0.1087270528 -0.0009893951 -0.5448062420 -0.2198799402 0.0016599863 0.0316077545 0.5889403820 -0.0055972957 -1.1658350229 -1.0739046335 0.0717662126 -0.0002097943 -0.0149186514 0.2290088832 -0.0649451166 -0.0249274448 0.0006387549 0.1079691499 0.0011137924 0.0238701049 0.0015797474 0.1136042625 0.1559589654 0.1673868299 0.0007344726 -0.0047896132 0.5346819758 -0.0005227446 0.0095814085 -0.0009563732 0.0004995778 0.0909948349 -0.0020136731 -0.0533501320 -0.0700634643 -1.0896497965 -0.0208252370 0.0772032142 -0.0089547494 0.0051154671 0.0000776510 -0.0924542248 -0.8895781040 0.0011593491 -0.0006545810 -0.0011280990 -0.0000775659 -0.1586855352 -0.0208095610 -0.0040080752 -0.0014840121 -0.0003475255 0.0124490838 -0.0004024002 0.2521568239 -0.0184535589 0.2610281706 -0.0045700930 -0.0089676250 0.4650023282 0.0013111155 0.7433103919 0.1254783422 0.2060530782 -0.0890979990 0.4878954291 -0.0004324509 -0.4599762857 0.0646739900 0.0703043267 -0.1023497134 -0.0018207290 0.0002029020 -0.0016642717 -0.0009601001 -1.0791103840 -0.0488090925 -0.0231427364 -0.0006647512 -0.0308210701 -0.3470978737 0.2398743480 0.0107165305 -0.0090685012 -0.5318809748 -0.0418488048 -0.0024745611 0.1678527743 -0.0153718619 0.3219167590 0.0375263393 -0.4419613779 0.0034874235 -0.0956132486 0.0813750401 -0.0001508491 0.4195294678 0.2091208398 0.0406467728 -0.0181978550 -0.0022010617 0.0009375252 0.1338433325 -0.1474002153 0.0002645815 -0.3200391829 -0.1116291210 -0.0042518824 0.0923812240 -0.2507828474 -0.0092111696 0.2314229608 -0.0091224005 0.0036237144 0.0480554625 -0.0019656420 0.3956105113 -0.0033073490 0.0014546730 0.0364378095 0.1063772961 0.8186284900 -0.0003313489 0.0009758249 0.2142563164 0.0465821587 -0.0006525579 -0.0253644250 0.5409939885 0.2703832388 0.3486177623 0.0009676871 -0.0010123736 -0.0067556980 -0.0422703661 0.0159545019 0.0151197547 -0.0118627241 -0.1128143296 0.0005342580 0.0017169591 0.0007365349 -0.0008645931 0.0036805009 0.0877243355 -0.0284099430 -0.0292860474 0.0006655191 0.0017321429 0.0008844016 -0.0864926949 0.0009525462 0.3748530149 0.0003166273 0.3282754719 -0.3715297580 0.3573779166 0.0007943450 -0.0247490015 -0.0467634238 0.0013504527 -0.0145842396 -1.1320098639 0.0218830407 0.0017477253 0.0236489587 -0.0001619785 -0.0971113443 -0.2617255151 -0.0013456411 0.0042624916 0.1040491909 -0.0004990638 -0.1053183004 -0.0614210144 -0.0115972999 -0.0005998630 0.0016054058 0.0008915405 0.0624151379 -0.0430791974 -0.0008041280 -1.0036196709 0.0717254356 -0.4915077686 0.0013645127 -1.1761939526 -0.8987247348
-0.0704201460 -0.0007302670 0.0553310812 -0.0697354600 -0.0011568107 -0.0026087072 0.1294067502 -0.0058915531 -0.0463264063 -0.0015646832 0.0323347598 -0.5016326904 -0.0189103708 -0.1064691097 0.0815445632 -0.0000210766 0.0014231130 0.0535299964 -0.1723534614 -0.0087045748 -0.0703936219 0.0541700833 0.5429378152 0.7779610157 -0.0006921477 -0.0056787701 0.0001791394 -0.0035456412 -0.3402234316 0.0312915780 -0.9584009647 -0.0177685209 -0.0129367374 0.1044974178 -0.0817213953 0.0435463823 0.0332627222 0.0004129011 0.0018330008 -0.0052463976 0.0628792048 0.0004492427 0.0016204118 0.0006310024 0.0781731978 0.0460030325 -0.0437216088 -0.1344440281 0.0026674718 -0.2897247672 -0.0026404622 -0.0004746727 0.0169206001 -0.0012683817 0.1335017383 -0.0302317068 -0.1301635355 0.1274264902 -0.0031280913 0.0278856531 0.4685271084 0.0708308741 0.0003436061 -0.0101218447 -0.1530784667 -0.0015606465 -0.0111577660 -0.0835074633 -0.0232329592 0.0005550965 -0.3351989090 0.0434910432 -0.0008284203 -0.0169363748 -0.0330951549 0.1944606006 -0.2570309341 -0.3312684894 -0.0293165948 -0.0010029335 -0.0280641392 -0.7005056143 -0.0372903123 -0.0116774058 -0.0012164960 0.0220204834 0.0002344905 0.2729736567 0.0001230082 -0.2980622053 -0.0681935251 0.3647629321 -0.0001185669 -0.0008492213 -0.4439537525 0.0009507037 -0.0735788867 0.0005255094 0.0011251775 -0.3705200255 -0.0007620604 -0.0024868122 0.0429304019 -0.0190813504 0.0678034425 0.0870077908 -0.0024946344 -0.0501020625 0.0003315355 0.0200722814 -0.0152390692 -0.0028832317 0.0003312906 -0.0007243765 -0.0008622648 -0.0195939839 0.4502287507 -0.0022477128 -0.0006057873 0.0041696955 0.1264390498 0.0019877683 -0.8050000668 0.0422535203 -0.2451981753 0.0290945899 -0.4741972685 0.1410281211 0.0012195248 0.1980519295 -0.3823973238 -0.7069728374 -0.3767126799 0.0216310155 -0.0013334973 -0.0394619815 0.0678982139 -0.1259767264 -0.2839308679 0.2162261307 -0.0015528800 -0.0029950403 -0.0008753518 -0.0842748284 0.0870978385 -0.0336624570 0.0008132446 0.0615972802 0.0921953470 0.1149521172 -0.0195078049 0.0393186137 -0.0365210697 0.1642055959 -0.0021269212 -0.1485228986 -0.0285437703 -0.1045965478 -0.0027907367 0.0845360830 0.0239831917 0.0252136253 0.2657461166 -0.0005650783 -0.1765538603 0.1901624054 -0.0573297292 -0.0545195527 -0.0042109326 0.0008485482 0.0441900268 -0.1435787827 0.0011289060 -0.1329124868 -0.1541020274 -0.0039825444 0.1753820926 -0.0775755420 -0.1051569358 -0.1384313554 -0.0589101203 -0.0003870017 -0.1362872273 -0.0026633760 -0.0109392852 0.1093569472 -0.0003440221 0.0555334277 0.0391716473 0.0490827486 0.0003682192 -0.0018106806 -0.0777250081 -0.2080848962 0.0008710081 -0.0056543332 -0.3218216002 0.1050705761 0.1884251088 -0.0008307634 -0.0006902274 -0.1101443917 0.0059748068 -0.0995018482 -0.0204353388 0.1377695054 0.0154372649 0.0017521313 0.0003049277 -0.0010391065 -0.0009353998 0.0198730975 0.1776549518 -0.0639075115 -0.0472518802 -0.0015006077 0.0633789673 0.0014664885 -0.4816482067 0.0009746795 -0.2927658856 0.0010448316 0.0350642800 -0.0007542939 0.5103369951 -0.0001673887 -0.0710453540 0.1962302625 0.0006227147 -0.0043825428 0.4623282850 0.0215275083 0.0007195997 0.1690091789 0.0000725112 -0.0434808023 -0.1091693938 -0.0006968130 -0.0014412790 0.0416291915 -0.0013292379 0.0945362449 0.0211519916 0.2177551240 -0.0019807538 -0.0005055641 -0.0002015870 -0.0723014027 0.0655603558 0.0013751717 -0.1530408263 0.0372836143 0.0191840194 0.0003899615 0.0766403079 0.3195928037
0.0471822768 0.0001181835 0.1085032821 -0.0241311137 0.0014473657 -0.0002457443 -0.0110970074 -0.0284956787 -0.1065649539 -0.0028144130 0.0022675581 0.0084007038 0.0784046426 -0.0153087499 0.0278214775 0.0012138108 -0.0000252145 -0.0582902692 0.0425212495 -0.0364137106 0.1392100900 0.0161678120 -0.0750450939 0.1762789190 -0.0011748098 0.0954594016 -0.0003668579 -0.0019930687 0.0709123686 0.0666803420 -0.0171168242 -0.0163621306 0.1966542006 0.1528076828 0.0420671515 0.0744362995 0.0941611677 -0.0007333955 -0.0005282511 -0.0034501744 0.0654860735 -0.0010048306 -0.0026274798 0.0005692107 0.0368170477 0.1325365454 -0.0491025895 0.0093813194 0.0027285854 -0.1783427149 -0.0024958546 0.0009015315 0.1457662582 -0.0009146151 0.1471200287 0.1289135963 -0.1257463247 -0.0889995992 -0.0028739851 -0.5791628957 -0.0644576848 0.0224297140 0.0010417205 0.0121424897 0.0488644578 0.0013501024 -0.0570223108 0.0258318465 0.1033200398 -0.0008525378 0.1037157252 0.0132234050 0.0006814123 -0.0275185071 0.0953922942 0.1566666663 -0.2395275384 0.0512765944 -0.1235713288 0.0008062641 -0.0049075629 0.0162768606 0.0568431355 0.0739726797 0.0013424746 0.1699843854 0.0016959178 -0.0679118782 -0.0001154666 -0.0048314892 -0.0180453900 -0.0065325033 -0.0004625252 -0.0015142264 -0.0065572066 -0.0002923336 -0.1227236763 0.0006250306 -0.0000184234 -0.1450278014 -0.0012853179 -0.2088509500 0.0943309665 -0.0793832690 0.0173406173 -0.6096589565 0.0721404999 -0.0244174916 -0.0013336641 -0.0090359952 0.0630703494 -0.0025114010 0.0019436466 0.0009530860 0.0010876866 -0.0940977335 0.0571801104 -0.0011698657 0.0007565187 0.0029607420 0.0793435425 0.0024470275 0.0328669883 0.1027267873 -0.0233436301 0.0982451588 0.0707628801 -0.1800037175 0.0002267371 0.0960768387 0.1066799164 -0.0201397389 -0.0596383363 0.0696086213 -0.0019496187 -0.1140984893 -0.0733741745 -0.0999875814 0.1366721988 0.0089407917 -0.0005148869 -0.0000940832 0.0002050977 0.0076677320 0.0118789189 0.1022694185 0.0004987270 0.1063418463 0.0616628416 -0.0554995313 0.0987214595 0.1047325209 -0.0825407654 -0.0171830300 -0.0008722327 0.0485367775 0.0502924137 0.0336417928 0.1253262758 -0.0503143556 -0.0624452271 0.1454591602 -0.0345271975 0.0009607181 0.0675572157 -0.1938213408 -0.0547239259 0.0483584069 -0.0014876976 0.0011847777 0.0749397799 0.0562986694 0.0014723581 -0.0014500329 0.0945252329 -0.0010786258 0.0269948132 0.0297793951 0.0454175770 0.0564997271 0.0386505201 -0.0015963503 0.0261369143 -0.0005539282 0.0716706440 0.0807421580 -0.0006797336 0.1092393845 0.0550655425 -0.0146399159 -0.0011046007 -0.0001935856 0.0390598662 0.0271920469 -0.0007364679 -0.0004045281 -0.0028455399 0.1381909996 -0.0442077406 0.0017135357 -0.0034254645 0.0418288745 0.1376841664 -0.1009658352 0.0296817198 -0.0262500104 0.0462507568 0.0016579111 0.0012472128 0.0018860296 -0.0021361504 -0.1128421873 0.0127739543 -0.0776398182 -0.0915893167 0.0011350674 -0.0028360109 0.0008646192 0.1520651281 0.0018558027 0.0283221416 0.0011764022 0.0260556340 0.0985675603 -0.0188414138 -0.0010783756 0.0539698005 0.0497608148 0.0002901318 -0.0236125942 -0.0028400957 -0.1508554071 0.0016266161 0.1319459826 0.0001821818 -0.0073284665 0.1125815362 -0.0013440514 0.0647556484 0.0294781178 -0.0000956932 0.0438012108 0.0883744285 -0.4310631454 -0.0004423400 0.0013283226 -0.0010097113 -0.0211871434 -0.0372837000 -0.0025044400 0.0566520020 0.0161729157 0.1551735252 0.0014195665 0.0286262985 0.0030558109
-0.0017401726 0.0003934424 -0.0020322043 0.0001061799 0.0009090510 -0.0006798851 -0.0018191306 -0.0010490658 -0.0020491648 0.0009528639 -0.0018206803 -0.0006358718 0.0000773070 -0.0007226598 -0.0012314247 0.0005852722 -0.0005786047 -0.0004894881 -0.0012772871 0.0006266338 -0.0004972163 0.0004319132 -0.0000280129 -0.0011434383 0.0002292575 0.0004077974 -0.0009850310 -0.0013750454 -0.0019363394 -0.0021030540 -0.0017166450 -0.0001981244 0.0000329265 0.0006182719 -0.0011293864 -0.0002352099 -0.0014108457 0.0001511866 0.0001060078 0.0007602628 -0.0012554653 -0.0002063418 -0.0004120472 -0.0004889877 0.0005764257 -0.0015756522 -0.0002607047 -0.0015633353 0.0012147168 -0.0019673642 0.0001536421 0.0004617921 -0.0005981575 0.0012083625 -0.0021764608 -0.0014462530 -0.0015977107 -0.0022536058 0.0008741057 -0.0011015198 -0.0018402747 -0.0008530619 -0.0006931512 -0.0020000094 -0.0003746364 0.0007798111 0.0005255573 -0.0016099577 0.0001172205 -0.0004467305 0.0006172549 -0.0007286122 -0.0014338574 -0.0011757605 -0.0000963758 -0.0006722952 -0.0016350849 -0.0009849771 -0.0000718869 0.0008861723 -0.0021120436 -0.0016826186 -0.0016478276 -0.0013474145 -0.0001040392 -0.0009085504 -0.0008953465 -0.0010809368 -0.0006170081 -0.0012009373 -0.0003979387 -0.0020377578 -0.0005479000 -0.0006398930 -0.0020469967 -0.0000831007 0.0001205839 0.0014577905 0.0005312227 -0.0019682224 0.0000488394 -0.0014411371 -0.0007269838 -0.0001917661 0.0000411623 -0.0023077235 0.0006024716 -0.0010207914 0.0010569178 0.0006143312 -0.0021445346 0.0004720103 0.0001656647 -0.0001899849 -0.0000576531 -0.0007038004 -0.0005648454 -0.0014359257 -0.0008803824 0.0011609083 -0.0018272579 -0.0013419838 0.0000190081 -0.0005572664 -0.0012905486 0.0001394329 -0.0013291221 -0.0005985785 0.0000381863 -0.0009979587 -0.0009259190 -0.0009740955 -0.0004148893 -0.0000741364 -0.0013348038 0.0004838252 -0.0021463006 0.0003660427 -0.0015257653 -0.0012755014 0.0001795119 -0.0014065268 -0.0008729193 -0.0004857728 -0.0021473519 0.0001788147 -0.0011418985 0.0001793528 -0.0003173930 -0.0018725039 -0.0013100315 -0.0001706672 -0.0002506912 -0.0007035539 -0.0007859384 0.0001829346 -0.0006841697 -0.0001264785 -0.0014139256 -0.0014936461 0.0003806136 -0.0000628231 -0.0017927293 0.0006588703 -0.0009995960 0.0000228696 0.0001113358 -0.0013758749 0.0010514006 0.0014103055 0.0001260318 0.0006149540 0.0004093736 -0.0015046453 -0.0004150814 -0.0011626713 -0.0018881925 -0.0016509752 -0.0018808004 0.0002664141 -0.0020577277 0.0012773037 -0.0013634750 0.0015126086 0.0006347924 -0.0001557350 -0.0014429182 -0.0019127511 -0.0011487991 -0.0012301942 0.0006830166 0.0005652664 -0.0005596185 -0.0015778355 0.0011167055 0.0010350074 0.0003891664 -0.0009875498 -0.0022835969 -0.0014857736 -0.0009159949 -0.0021126769 -0.0000378475 -0.0006159679 0.0005143022 -0.0013309367 -0.0007951281 -0.0014149353 0.0004619027 -0.0006506977 -0.0010477967 -0.0014779960 -0.0017993766 -0.0021986356 0.0000503157 0.0014009040 -0.0013709088 -0.0007592029 -0.0006844371 0.0012872971 -0.0010123547 -0.0003181213 -0.0006372663 -0.0006067988 -0.0020535456 0.0000173763 0.0004131536 -0.0003408238 0.0010955099 -0.0003773402 0.0005945079 -0.0020515539 0.0006827262 -0.0008004802 -0.0002996078 -0.0018541943 -0.0016964234 -0.0013637930 -0.0013272678 0.0001390860 0.0007381325 -0.0012249185 -0.0017431080 -0.0009398229 0.0004529579 0.0003582065 0.0002186680 0.0003192182 -0.0011477094 0.0012558392 -0.0008537399 -0.0019046101 -0.0013279925 0.0009744429 -0.0008418417 -0.0007082521
-0.0005339714 0.0001975226 -0.0013176019 -0.0027315682 -0.0000057548 -0.0011306987 -0.0009031611 -0.0015548097 -0.0018208022 -0.0010056550 -0.0017138468 -0.0009601534 -0.0014522399 -0.0006030391 -0.0014241430 -0.0000646747 -0.0003844186 -0.0003730807 -0.0012184030 -0.0023727654 -0.0024461944 -0.0017210075 -0.0024337384 -0.0015252432 -0.0000468650 -0.0026241222 0.0006960472 0.0008375443 -0.0004896815 -0.0013229800 -0.0023024168 -0.0011157353 -0.0019112291 0.0014609139 -0.0006560774 -0.0025696275 -0.0011245389 0.0012125591 0.0008241687 -0.0014831569 -0.0026045039 -0.0008515856 0.0003019221 0.0003154291 -0.0001761995 -0.0014912585 -0.0020703278 -0.0015390773 0.0007747196 -0.0012438181 0.0006866718 0.0004910522 -0.0016992268 0.0011249300 -0.0007651990 -0.0005183897 -0.0003736205 -0.0008777134 0.0004978772 -0.0002961937 -0.0017168656 -0.0027985624 -0.0005833576 -0.0016756258 -0.0016133186 0.0014435895 0.0006986387 -0.0009662132 -0.0020287060 0.0003097146 -0.0004095075 -0.0014227659 0.0003271011 -0.0007582095 -0.0010355782 -0.0027649389 -0.0005834904 -0.0005153719 -0.0031187164 0.0010802035 -0.0007443904 -0.0022715442 -0.0010571324 -0.0012590521 -0.0015100532 -0.0019474436 0.0005627446 -0.0008368511 -0.0010134681 -0.0003343858 -0.0030171375 -0.0011670020 -0.0007360150 -0.0007890751 -0.0026821054 0.0006315723 0.0006236917 -0.0007052090 -0.0013577996 -0.0030658196 -0.0009076434 0.0011758322 -0.0010452358 -0.0017982939 -0.0014546511 -0.0028318474 -0.0003329616 -0.0013813101 -0.0001433768 -0.0027487692 -0.0009814228 0.0004844101 0.0004501971 0.0009766887 0.0010399177 -0.0009720742 -0.0010470372 -0.0002394382 -0.0011319903 -0.0005646069 -0.0028412770 0.0010726954 -0.0006347414 -0.0020212010 -0.0029346321 -0.0026083644 -0.0007788283 -0.0022613632 0.0013862946 -0.0031550166 -0.0030796616 -0.0011411661 -0.0013467140 -0.0010117895 -0.0004747762 -0.0019141228 -0.0022414534 -0.0017734322 -0.0009124227 -0.0013280738 0.0006445621 -0.0013259067 0.0002817505 -0.0014625120 -0.0023836270 -0.0005739504 -0.0011498363 -0.0006296982 -0.0001719389 -0.0031786240 -0.0027765343 -0.0023211332 -0.0024624274 -0.0030630850 0.0007163580 -0.0018079071 -0.0014218258 -0.0025137200 -0.0027673973 -0.0009178583 -0.0019052953 -0.0005908259 -0.0025623471 0.0006444586 -0.0003745499 -0.0024917219 -0.0003671122 -0.0019296437 -0.0010754111 0.0007665689 0.0014652766 -0.0010660825 0.0014599614 -0.0011353813 -0.0006589331 -0.0012921965 -0.0000252881 -0.0005784132 -0.0027076250 -0.0012242770 0.0000201452 -0.0002380961 -0.0011449892 0.0005470037 -0.0015054751 -0.0011774175 0.0009128608 -0.0005660946 -0.0010917250 -0.0003818548 -0.0009995138 0.0005661685 -0.0031240070 -0.0018316433 -0.0012184747 0.0005322825 -0.0030733743 -0.0025857813 -0.0029574230 -0.0014063866 0.0003685082 -0.0003246804 -0.0004084056 -0.0024585105 -0.0016001862 -0.0013163869 -0.0023184498 0.0004270867 0.0004389792 0.0009953526 0.0003096765 -0.0024877028 -0.0011240650 -0.0024947543 -0.0014541242 0.0015144845 0.0006576006 0.0005793344 -0.0027684206 0.0008391824 -0.0005004258 0.0001267706 -0.0024725371 -0.0004215191 -0.0023719759 0.0014852751 -0.0014932401 -0.0013745171 -0.0001401608 -0.0025782015 -0.0029651632 -0.0002730151 0.0005515223 -0.0028390402 -0.0005899763 -0.0008798742 -0.0015151514 0.0010313946 -0.0027348273 -0.0006694158 -0.0010317259 -0.0007950935 -0.0010122635 -0.0018743310 -0.0001135582 0.0000812107 -0.0006757482 -0.0021568753 -0.0020914194 0.0014018647 -0.0013914899 -0.0016735990 -0.0029259189 -0.0014906966 0.0002142117 -0.0004725021
-0.9982311726 -0.0000508241 -0.0169111378 -0.0041286936 -0.0010767570 -0.0018268724 -0.0630080253 -0.0833458379 0.0591845848 0.0020774985 0.0005265896 -0.0726269335 0.0018343518 -0.3782692552 -0.0189074930 -0.0009902732 0.0009749239 -0.4976534545 0.1258977503 -0.0182171706 0.1750332117 0.3109420240 -0.8541738391 -0.5547930002 0.0010902715 -0.0223065205 0.0015869742 -0.0016297578 0.0248018280 -0.1029414982 -0.2250829339 -0.0233276635 -0.1407047659 -0.0235099178 0.0962840244 -0.1662158519 -0.0110387607 -0.0000163926 -0.0002878247 -0.0042295121 0.0021722352 -0.0000047412 0.0035999510 -0.0013297251 -0.2216934115 -0.0032225219 -0.0600292943 -1.1068552732 -0.0002733919 0.0423307493 -0.0001717945 0.0007884275 0.0930538401 0.0003321414 -0.0108181378 -0.1813459247 -0.0302152429 -0.0831480920 -0.0033970701 0.0008040314 0.1125956550 0.0697657093 -0.0010985450 0.0423901901 0.0169872660 0.0011342652 -0.0374939926 0.1790036112 -0.0269705262 -0.0001856348 -0.4619448781 -0.1560133249 0.0009470953 0.0099358782 0.0857622027 0.0381888412 -0.1315854788 0.0822445899 0.0539334901 0.0004891724 -0.0499374755 -0.2056383193 0.2348514795 -0.0050980863 0.0003701488 0.2511454225 0.0005679923 -0.1426840872 -0.0004569556 -0.0903663710 0.2670109570 -0.6365600824 0.0020726628 -0.0030336555 0.2325110137 -0.0005477230 -0.0231414791 0.0012408578 -0.0002788504 0.3746427000 0.0011950923 0.0441571400 -0.0716513693 -1.0453147888 0.0419554189 -0.0079899123 -0.0729133263 0.0118877301 -0.0001134208 -0.1102334112 -0.0464624316 -0.0002407479 0.0000958532 0.0004159980 0.0011098045 0.0241615083 0.2055279166 0.0007094205 0.0010405056 -0.0020633028 0.0261565838 0.0011379963 0.3899714351 -0.0108320974 0.5379343629 -0.0100697521 -0.0784566998 0.0866845846 -0.0000381853 0.1811051220 0.0320666619 0.4233286083 -0.0676593110 0.1177931875 -0.0019024619 -0.0757478476 0.0472370535 -0.0112776943 0.2683698833 -0.0489490367 -0.0013467585 -0.0028778983 0.0009375621 -0.0588137135 -0.0047648232 0.0032806196 0.0003450396 0.0720437765 -0.1011052877 0.2101354897 0.0780549124 -0.0029116846 -0.6444806457 -0.5674905181 -0.0018416294 0.2813929617 -0.0375757329 0.6516615152 0.0385327972 -0.6231876016 -0.0148843434 -0.0714393184 -0.4139498472 -0.0008620398 0.6144508123 0.1356446296 0.0139514720 -0.0121142017 0.0004110451 0.0014603327 0.0024932167 -0.0192004591 -0.0009839631 -1.4990900755 -0.0667737499 -0.0008703096 0.0641606674 0.0253245849 -0.0225345306 -0.0710027441 -0.0072783735 0.0034980099 -0.0122282784 0.0012554694 0.0685486048 0.0398839861 -0.0008405007 -0.0987802818 0.1427026093 0.1669812053 0.0000320515 -0.0007955071 0.0725249648 -0.0014656174 0.0009439627 0.0017188736 0.1653411090 -0.2564759254 0.5154543519 0.0014471213 -0.0030286799 0.0011779435 0.0310020149 -0.0188692901 -0.0070530325 -0.4173194468 -0.0681411549 0.0000916262 -0.0010612822 -0.0009193463 0.0009481665 -0.0493318774 0.2269553393 -0.0136105996 0.0185164567 -0.0007598479 -0.0421857014 0.0000630859 -0.1185969338 0.0007168464 0.3961391747 -0.0008060031 0.0301596262 -0.0004814303 0.6530566812 0.0013135700 -0.0049531409 -0.0346328430 0.0003477293 -0.0210860707 -0.3028684855 0.0451384187 0.0000569777 0.0788352564 -0.0010421831 -0.0728028864 -0.0509160198 0.0014786444 -0.0313915610 -0.0020511365 -0.0010360712 0.5720687509 -0.0236583631 0.1541505307 -0.0013124124 -0.0001931416 0.0005061454 0.2127551138 -0.1280317456 -0.0008469127 -0.1692925096 0.1244595945 0.0071163885 -0.0002235835 -0.1410790682 -0.4367163181
0.0009558634 0.0001201027 -0.0012496377 -0.0003787877 0.0001505192 -0.0009826949 -0.0011008142 -0.0011462776 -0.0017101316 -0.0010701717 0.0002568241 0.0012059192 -0.0001418921 0.0002252895 -0.0010665867 -0.0012288161 -0.0008134342 -0.0008978075 -0.0011192863 0.0008522616 -0.0016391514 -0.0015126030 -0.0003722043 -0.0002142806 -0.0003747627 0.0005320308 0.0008410434 0.0003519974 -0.0015453070 -0.0006249868 -0.0005063969 -0.0007386918 -0.0007173826 0.0003774567 0.0003845481 -0.0013573718 -0.0002645649 -0.0003217991 -0.0005956094 -0.0015519880 0.0002094262 0.0012011436 0.0010576157 -0.0006983966 -0.0017109880 -0.0012625654 -0.0015094337 -0.0002856148 -0.0008943942 0.0008863628 -0.0014025734 -0.0011344382 -0.0013729861 -0.0009287597 -0.0003576805 -0.0015370855 0.0009602605 -0.0016922290 -0.0008702723 0.0001150002 -0.0014473777 -0.0008846214 -0.0007499763 -0.0001544390 0.0003858150 0.0000487500 0.0002448316 -0.0003634259 -0.0003998856 -0.0010004666 0.0011464235 0.0011362061 -0.0007568427 0.0002884502 0.0000735582 0.0003705523 -0.0004413119 0.0009175874 -0.0001265910 -0.0009327342 -0.0010209144 -0.0003675953 0.0011495723 -0.0003856960 -0.0011726498 0.0006101311 -0.0017762136 -0.0010672471 0.0009571129 0.0001526569 0.0005131863 -0.0008018311 0.0001334548 -0.0008311759 -0.0011170686 0.0005222395 0.0004768539 -0.0009296057 -0.0008633840 0.0003518896 -0.0008321279 -0.0011512084 0.0003428007 -0.0016696439 0.0004369911 0.0012205695 -0.0013129537 -0.0016615094 -0.0003858954 0.0007909432 -0.0011101380 0.0011370064 0.0007584623 0.0011566393 0.0006168220 0.0003278052 -0.0004256218 0.0001574708 0.0011787297 0.0001641061 -0.0002647211 0.0007233611 0.0009221301 -0.0008715691 -0.0006538406 0.0002267433 -0.0004252438 0.0002760061 -0.0017643309 -0.0006729825 -0.0013863320 -0.0004601278 -0.0010552916 -0.0007549764 -0.0009261384 -0.0016875012 0.0009333367 -0.0010290456 -0.0002592594 0.0002218091 -0.0012266820 -0.0002995919 -0.0017918092 -0.0017599205 -0.0016948923 -0.0003612715 -0.0001283811 0.0010715014 -0.0006566907 -0.0013665304 0.0009812810 -0.0009654685 -0.0004541353 -0.0015135392 -0.0006413547 -0.0002611575 -0.0017797523 -0.0009281446 0.0005916047 -0.0000726214 0.0002190345 0.0006148100 -0.0010694702 0.0000792199 -0.0004704725 0.0008408626 -0.0002545001 -0.0003987994 0.0009538130 -0.0014877114 -0.0008890173 0.0006742479 -0.0017335232 0.0002692574 -0.0017823240 0.0011265962 -0.0008909508 -0.0012228902 -0.0008503718 0.0005925994 -0.0011523627 -0.0008023658 -0.0004337417 0.0011141214 -0.0015247094 0.0010017984 -0.0016812907 0.0000964827 -0.0014759918 -0.0013219914 -0.0000386662 0.0009329755 0.0005148922 -0.0010119946 -0.0004559868 -0.0005883065 -0.0016668083 -0.0005737144 0.0001009674 0.0004564141 0.0004758978 -0.0007022084 0.0009750914 0.0009127882 0.0011548797 -0.0004891775 0.0002649157 -0.0007072924 0.0011950139 -0.0004459915 -0.0000163038 -0.0013050337 -0.0005014208 -0.0009334788 -0.0016572545 0.0007675045 -0.0017347644 0.0007252787 -0.0005565917 0.0005524498 -0.0002138816 -0.0000714838 0.0003560628 -0.0002416775 -0.0015835824 -0.0001532090 -0.0002826685 -0.0011455724 -0.0002944573 0.0008917447 -0.0011719173 -0.0008913764 0.0000600461 -0.0012295290 -0.0006927834 -0.0007639657 0.0010045132 -0.0005703841 -0.0011767958 0.0002520707 -0.0008230592 -0.0000703983 -0.0009908188 -0.0007712035 -0.0006116868 -0.0015624803 -0.0011332069 -0.0012974964 0.0004871314 -0.0000213668 -0.0002276063 -0.0000699460 -0.0011490557 0.0008795547 0.0008550702 0.0008666676
0.0288698096 0.0000405929 0.0643255338 -0.0206414945 0.0000947559 0.0003139647 -0.1060727760 -0.1768069714 -0.5677450895 0.0021179968 0.0199796148 0.0011980484 0.1051124483 0.1237980127 -0.0199955702 0.0002763742 -0.0003720333 0.0588239357 0.0427495576 -0.1253416240 0.1838628948 -0.1462074816 -0.0240688175 0.0833004639 -0.0012148778 -0.1023051068 -0.0004510554 0.0041875476 0.0291613769 0.0796164125 -0.0084776888 0.0075588236 0.0557788685 0.4931363761 -0.0664945021 -0.0997013450 -0.1042746603 -0.0001597328 -0.0005347047 0.0047995448 0.1007189155 0.0001779692 -0.0017348033 -0.0012893870 0.0480055511 0.0459494479 0.0307979528 0.0410930626 -0.0000910133 -0.3335924745 0.0021076126 -0.0021043809 0.0683114156 -0.0016748504 0.0436588675 0.1498853713 0.2319502234 0.1386851668 0.0037986662 0.2257383466 -0.0671419948 -0.0720605850 -0.0000958984 -0.3303688467 -0.0584888272 -0.0002842954 -0.0187393222 0.0979278460 0.0575910509 -0.0009877394 0.2328518778 0.0164081063 0.0004676284 -0.0524236113 0.1642062664 0.2253394276 -0.0524868667 0.3812749684 -0.0557697602 0.0006852325 0.0680048913 0.0931525230 -0.0444603339 -0.1772343516 -0.0010779771 0.0646088943 -0.0007322314 -1.0066195726 0.0000777340 -0.0927834287 0.1397653073 0.1554428637 -0.0001376998 0.0026493133 0.0011644224 0.0008967858 -0.0133303208 0.0007274164 -0.0000417166 0.0961052850 0.0014940948 -0.0119363787 0.0394623093 -0.0014303211 0.0782409608 -0.1320515275 0.1327589750 -0.0057266084 0.0011554785 0.1214096323 -0.0676938742 0.0023668332 -0.0012488475 -0.0002924330 -0.0003334794 0.0398906879 0.1064242870 0.0023150067 -0.0012580493 0.0002132456 0.3034952283 -0.0001661403 -0.0018474417 -0.1155702695 0.0273396950 -0.0841966048 0.2800103426 0.2843716443 0.0011398133 0.2243327349 0.4151423275 0.0638059303 0.0117577519 -0.0842867419 -0.0016365239 0.0114260241 0.0438705757 0.0035973692 -0.0453403965 0.1899158806 -0.0020932395 0.0017098543 -0.0001537317 0.0389101133 -0.3132220507 -0.0029935148 -0.0005830990 0.0323341191 0.2747516632 0.0186179597 0.1038433984 -0.1029880941 0.1249803379 -0.2921861410 -0.0027108984 -0.0345379636 -0.0718286708 0.1700532585 0.0079219667 0.0228326023 -0.0652975142 0.0367845297 -0.0065974542 -0.0006639817 0.0398307592 -0.0652356595 -0.3690289259 -0.0368756130 0.0003696342 0.0005957311 0.1404437572 0.0024794491 -0.0005453331 -0.1482305229 0.0547853820 0.0030544063 0.1074354723 0.0247251447 -0.0710008591 0.1229848489 -0.2748477459 -0.0017258272 0.0154442443 -0.0018360920 -0.0289159752 0.0487065166 0.0008599328 0.1131691784 0.0999902412 -0.0450088382 -0.0012234633 -0.0003589331 0.1490809917 -0.1212766767 -0.0016773891 0.0129913352 0.0241606627 0.0139731811 -0.2520701289 -0.0017696613 0.0006820607 -0.0052083787 0.0178276189 0.1497475058 -0.0213588569 -0.1824278086 0.0705260932 -0.0008723492 -0.0019814475 -0.0010351166 -0.0001041157 -0.3326868713 0.0465800688 -0.0528161600 -0.4735677242 0.0006889945 0.1007703245 -0.0001849424 -0.2106710523 -0.0006760598 0.0689852834 -0.0000591738 -0.0836509764 0.1493063122 0.6473588943 -0.0008750923 0.1067979708 0.1498846561 -0.0006929901 -0.5426158905 0.0205433778 -0.0005672534 -0.0004262159 0.2224953324 0.0010299972 -0.0170373488 0.0857985690 0.0033189044 0.0953482389 0.0836935043 0.0006769539 0.0612504780 0.1091816649 0.3044916987 0.0022829969 -0.0011856951 -0.0006199512 0.0233359952 0.1735931784 0.0015242881 0.0044306046 -0.2037872076 0.1798167080 0.0014872506 -0.0390781052 -0.0062183714
0.0460710265 -0.0004952926 -0.0254336372 -0.0293091498 0.0017329653 -0.0004634185 -0.0063897665 0.1589277983 0.1187760308 -0.0007686347 0.0177340545 0.0198787991 0.3455784023 -0.0707573965 -1.5327674150 0.0006691635 -0.0016221913 -0.0059922975 0.0311270505 0.2083797455 0.0185633656 -0.0391776524 0.0035243940 0.0467286147 -0.0003317964 0.2111607641 0.0011803850 -0.0033163116 0.0021914614 0.1139113456 0.0020452868 0.0407955162 0.0702842548 -0.0978473872 0.0105042318 0.0863196850 0.2023531944 -0.0018588110 -0.0003308758 -0.0045631323 0.0438658260 0.0013851286 -0.0036849850 0.0007274074 -0.0807264894 0.0452069007 0.0163486376 0.0190705564 0.0020486845 -0.0376825556 -0.0019783897 0.0004861435 0.0719096363 -0.0011673132 0.0001177342 0.0095862187 -0.0175234135 0.0445434265 0.0009483313 0.0845133811 0.0306965020 -0.0073495950 -0.0003200125 0.0103240767 0.0316028632 -0.0006068388 0.1674836427 0.0083171278 0.0353868231 0.0005520742 0.0462673753 -0.0000099925 0.0011720402 0.5208849311 0.0418407135 0.0479667224 0.0407574959 0.0270908829 0.0176838208 0.0004106085 -0.2152993232 0.0279522408 -0.0130845541 0.1562594324 -0.0005756189 -0.0079467772 0.0015119263 0.0863016993 0.0008896742 0.0131919095 0.0702833459 0.0506133735 0.0015557264 -0.0005554145 0.0368139222 -0.0010926599 0.0068389759 0.0012211408 0.0005166775 0.0657586753 -0.0008655956 0.1046708897 0.0138972346 0.0163202025 0.0583962798 0.0073732194 -0.1323856711 -0.0040779724 0.0010189994 -0.2114114910 -0.0093000857 -0.0027211155 -0.0004477533 0.0014839611 -0.0001632960 0.0046441304 0.0832226649 0.0001549886 -0.0008456254 -0.0005217295 -0.0963954255 0.0029272260 -0.0025157493 0.1810215861 0.0053240643 0.1749406904 0.0853135213 -0.0255730357 0.0003571729 0.0355834812 0.0242473688 0.0009238389 0.0362629853 -0.0147292456 0.0006189597 0.0945435315 -0.0377314873 0.0517184548 0.0856620818 0.0646895245 -0.0011866511 -0.0032899969 0.0000134533 0.0278883632 0.1291300654 0.0735424012 -0.0009225307 0.0214211550 0.0017576225 0.0317229889 0.0062738778 0.1622138619 0.0198663156 0.1078904346 -0.0017045981 0.0485745147 0.1827551126 0.0496197976 0.0679133683 0.0511658564 0.0001810174 0.1008874997 0.0054694582 0.0000421324 0.0329447649 0.0616913959 0.0996069014 -0.4498101771 -0.0003737821 0.0002396409 0.0094460109 -0.0290974248 -0.0000822835 0.0189781338 -0.0289030522 -0.0017150632 0.0733135939 -0.0044921017 -0.0036814809 -0.0182691328 0.0246001370 0.0003448559 -0.0076115276 -0.0016194480 0.0035166522 0.0118691241 0.0010536961 -0.1203419194 -0.0229884908 0.0191147923 0.0016049618 0.0012925332 -0.0276287626 0.0774755776 -0.0006393744 -0.0218522046 0.0336049534 0.0516377874 0.0453003906 0.0007406070 -0.0029933085 0.2674026787 0.0523344092 0.0289351493 -0.3108462691 0.0161818378 -0.0368908048 -0.0004596257 0.0013727655 0.0010387176 -0.0011397655 0.0681283176 0.0090150582 0.2351415157 0.1273978055 -0.0008443890 0.1312901676 0.0017937652 0.0446957909 -0.0000183298 0.0035461229 -0.0008933893 -0.0226270724 0.0381949209 0.0075165527 0.0006001718 0.0376172662 0.0541593283 0.0006709440 0.1356214881 0.0372578613 0.5493945479 -0.0010757577 -0.1363191456 0.0006469797 0.0812302008 0.0220598467 0.0010870171 -0.2180186659 -0.0459429733 -0.0025709216 -0.0005060993 -0.0240102336 0.0812525451 0.0002317591 0.0014925805 0.0006625230 0.0062384475 -0.0005641030 -0.0021299494 -0.0000862191 0.0151098464 0.0294441618 0.0014801137 -0.0055096592 0.0680435449
-0.1268003136 0.0000169415 0.1022494212 -0.2741585076 0.0002699083 -0.0004742350 -0.0737484470 -0.0217794590 -0.2133019567 -0.0025359064 0.0023801972 -0.0075445515 0.0289680175 -0.0367569104 0.0361001752 -0.0000662947 -0.0008594505 0.0390399583 -0.1574094594 -0.0750568211 0.0251240358 -0.2047474533 0.0144284638 -0.2462579757 0.0007937927 0.0648954883 0.0006745724 -0.0039979108 -0.1837017238 0.0418820530 -0.0186920948 -0.0210762732 -0.0591358952 0.1903880239 0.1422549039 -0.0974405929 0.0985250846 -0.0000811975 -0.0006182481 -0.0051827533 0.0728655010 0.0013747928 0.0032772962 0.0021285750 -0.0473346449 0.1242976338 0.0525703728 0.0000814623 0.0034187816 -0.2960387170 -0.0019665486 0.0010309493 -0.0032778394 -0.0006826714 0.1586085260 0.0068656364 -0.2228215933 0.0231303293 -0.0025304218 -0.1890276074 0.0674666911 0.2130631506 0.0006392464 0.0492471308 -0.0634134561 -0.0012146091 -0.0427980460 0.0637740791 0.1017068326 0.0004150127 0.0294488706 0.0310555752 -0.0006467745 -0.0728021860 0.0986662209 0.0739529356 -0.1640470475 0.0368677825 0.0368092060 0.0000940686 0.0110250311 -0.0293447580 -0.0408544168 0.0576729588 -0.0001372545 -0.0553943440 0.0012146225 -0.0954223871 -0.0003664891 0.0722439364 -0.0838580653 -0.0248383768 -0.0001522518 -0.0040117232 -0.1152904555 -0.0008930783 -0.0030304454 0.0006487967 0.0008676622 -0.0463354997 -0.0007946972 0.0469980687 0.0717034042 0.1461745054 0.0691299811 0.1833922863 0.0226888712 0.0207240786 0.0004228570 -0.0227041151 0.1623476446 -0.0007910759 0.0017427792 -0.0012211986 -0.0007589134 -0.0921393931 -0.2603952289 -0.0027202670 0.0000705741 -0.0017564356 0.0839937404 0.0008517923 -0.1125786602 0.1010560095 0.0219583828 0.0936131552 0.0749667138 -0.0799634904 0.0005578380 -0.0252993591 -0.1289497465 -0.0900618285 0.0079362057 0.1676743627 -0.0024237412 -0.0518531948 0.0648291856 0.0371597596 0.0589285977 0.2176645547 -0.0012003666 -0.0005741279 -0.0001387058 -0.0125566917 -0.2039838731 0.0959356427 0.0002610010 0.1200420260 0.0210491177 -0.1059908792 0.1792520136 0.1025758907 0.3540201485 0.0164914541 -0.0001781534 0.0071518975 0.0188106392 -0.0868940055 0.1514077187 0.0950441509 -0.1206668541 -0.1866827756 0.0235774200 0.0011023644 -0.2621823251 -0.1003568843 -0.1672540456 0.0248234160 -0.0012060988 -0.0010497995 0.0749355108 0.1063128263 0.0008959472 0.1365569532 -0.1343786716 -0.0012605486 -0.0659981743 0.0307829604 0.0315825380 0.0676005706 0.0879035667 -0.0009638749 -0.1078703180 -0.0017546923 0.1352337897 -0.0950526670 0.0013848254 0.0898729861 -0.0156632923 0.1417536885 0.0016976485 -0.0004753216 0.1692860425 -0.3040802777 -0.0005466493 -0.0094973547 -0.0005984104 -0.2368678749 -0.0901381820 -0.0009423193 -0.0015386358 0.0017759351 0.1347094476 -0.0273861717 0.0091601564 0.0980953500 0.1230176017 0.0010166049 0.0012855107 0.0008157481 -0.0020692886 -0.1173415482 0.0516722538 -0.0866426975 -0.2569769621 0.0003001649 -0.0089910710 -0.0007303782 0.1868451387 0.0009444854 -0.0212025717 -0.0004828146 0.1653069556 0.0967212319 0.1001966000 0.0018264074 0.0280764271 0.0048072655 0.0001849206 -0.1350551248 0.0373239033 0.0367633887 0.0005005128 0.1361568719 0.0016424870 -0.0564931780 -0.0922083855 -0.0013017758 0.0871206969 -0.0379988216 -0.0012403303 -0.0883702710 0.0846052617 -0.5778807998 -0.0000980720 -0.0003558771 0.0000878685 0.0290478319 0.0801710561 0.0010349180 0.0956891850 -0.0153586706 0.0415956900 -0.0003218701 0.1513616145 0.1129373759
-0.0017983125 0.0004128680 -0.0020875947 -0.0023392693 0.0009602878 0.0005985060 -0.0026980820 -0.0017259473 -0.0003463749 -0.0000061309 -0.0028209568 -0.0013647723 -0.0017051640 -0.0019694127 -0.0007488625 0.0012649762 -0.0009086468 -0.0000247043 -0.0020665857 -0.0019399250 0.0002430148 -0.0018482369 -0.0021402906 -0.0006514167 -0.0005933507 -0.0018111276 -0.0014051492 0.0009875104 -0.0019909185 -0.0028117909 -0.0017371692 0.0004071646 -0.0004168148 -0.0027452251 -0.0011803728 -0.0015253719 -0.0008107302 0.0010620084 -0.0001866539 0.0007745056 -0.0025682831 -0.0005630863 -0.0003595430 0.0001449195 -0.0015127846 -0.0032015534 -0.0006218351 0.0000511408 0.0009503838 -0.0018939689 -0.0002479928 -0.0007603130 -0.0003760801 -0.0006029748 -0.0027789867 -0.0019319778 -0.0017740292 -0.0009811335 0.0008796873 -0.0002972195 -0.0027394805 -0.0002282184 0.0004546202 -0.0014589791 -0.0009871793 0.0000972469 -0.0025719486 -0.0021363837 -0.0000707082 -0.0005848456 -0.0019713361 -0.0002932754 -0.0008446303 -0.0009433218 -0.0003984509 -0.0026636908 -0.0016516394 -0.0025080945 -0.0005527278 -0.0012414099 -0.0019392028 -0.0019237112 -0.0025799347 -0.0010479714 -0.0007415155 -0.0018976079 -0.0000066886 -0.0009122065 -0.0013295573 -0.0012085804 -0.0019173393 -0.0001856349 0.0012481202 0.0012084669 -0.0009309931 0.0014323564 -0.0005378724 0.0003133987 0.0003751970 -0.0008888371 -0.0011351308 -0.0024912632 -0.0010037163 -0.0005694403 -0.0010958328 -0.0000948912 -0.0025292006 -0.0010597622 -0.0001218535 -0.0017425364 -0.0013317012 -0.0012115178 0.0006162553 0.0000941647 0.0001671300 -0.0026986587 0.0001181522 -0.0018080089 -0.0015151583 0.0007250069 -0.0028263680 -0.0010053503 -0.0017122213 -0.0029184925 -0.0018076031 -0.0023785774 -0.0022053369 -0.0011596519 -0.0005686592 0.0000116840 -0.0001790955 -0.0009572784 -0.0000727093 -0.0000828321 0.0010409571 -0.0022658738 -0.0022523564 -0.0010658830 -0.0028921368 -0.0005395464 -0.0004749373 -0.0004158909 0.0005651470 -0.0031870059 -0.0027555649 -0.0031538564 -0.0003797939 -0.0010932710 -0.0000470547 -0.0003913460 -0.0019087035 -0.0012264269 -0.0008652229 -0.0030806765 -0.0013711703 -0.0009986421 -0.0022389982 -0.0021949115 -0.0015618664 -0.0006112126 -0.0011980940 -0.0025703216 -0.0002325281 0.0001825267 -0.0000357060 0.0001014859 -0.0017046785 -0.0018785337 0.0000221726 0.0013156574 -0.0002338332 -0.0022643639 -0.0002423302 -0.0020306476 -0.0018037896 -0.0005824169 -0.0006023234 -0.0010367846 -0.0005226437 -0.0012692614 -0.0027390134 0.0008485454 -0.0004194283 -0.0007188109 -0.0010799840 -0.0002721812 0.0005556351 -0.0031280648 -0.0031969659 -0.0025029515 -0.0011841696 0.0009466382 -0.0008822249 -0.0026013725 0.0000766027 -0.0008426816 -0.0001600736 -0.0025522124 -0.0005432668 0.0011768086 -0.0005813421 -0.0016169309 -0.0026688392 -0.0017998420 -0.0011947828 -0.0026230724 -0.0019997624 0.0009140113 -0.0005916852 0.0004173714 -0.0013011545 -0.0013479721 -0.0022955404 -0.0016357239 -0.0020230080 0.0010383873 -0.0027225951 0.0002587650 -0.0010851765 -0.0012869864 -0.0001665568 -0.0007775278 -0.0027083617 -0.0005906334 -0.0014093450 -0.0003970193 -0.0018635181 -0.0022470516 -0.0012085745 -0.0003825673 -0.0003721877 -0.0030339600 0.0003266920 -0.0020400598 0.0007922573 -0.0027668069 -0.0003542464 -0.0010480038 -0.0026829338 -0.0013109724 0.0014884296 -0.0007875043 -0.0018051269 -0.0014076092 -0.0006105767 -0.0014627044 -0.0009656931 -0.0015902793 -0.0012739544 -0.0003252598 -0.0007182157 -0.0007047468 0.0007128788 0.0010403240 -0.0008577782 0.0000774087
-0.0201737601 -0.0023245963 0.0388245545 0.0194518082 0.0003917529 -0.0012583259 0.2034220994 -0.0463219732 -0.0527002737 -0.0021376268 0.0194972623 0.0329226963 0.0601049997 -0.1810773760 -0.4037533998 0.0001008693 0.0001682445 0.0069507356 0.0469577461 -0.0416959673 0.0820911527 0.0215729792 -0.0084513454 0.0383505858 -0.0005468002 -0.0986448526 -0.0007518024 -0.0033602486 0.0480960868 -0.1388977915 0.0419514701 -0.0410222486 -0.0263561197 0.1062165052 0.0071051046 0.0894567892 0.0527677909 -0.0002699350 -0.0007680631 -0.0028502785 -0.2655600905 -0.0008403558 -0.0016926798 -0.0000089366 0.0830853432 0.0994763970 -0.0087809414 0.0356055163 0.0019194763 -0.0110508362 0.0004083353 0.0008994308 -0.0829334483 0.0003022271 0.0563713871 0.0492612161 0.1453487873 0.0308416579 -0.0018326448 -0.1893396825 -0.0153982453 0.1244548708 -0.0006965235 0.0884234011 -0.1634389758 0.0008176606 0.1466317922 0.0159388892 0.0357485414 0.0000968228 -0.0900071040 0.0259769820 0.0004878231 -0.9975005984 0.0088332016 0.0500985570 0.0759356394 0.0130471056 0.0153231695 0.0002028612 0.5293221474 -0.0422438346 0.0192124788 -0.1629865319 0.0001234967 0.2924921811 -0.0008346231 0.0689584315 0.0010827165 0.0234862678 0.0232827514 -0.0093846647 0.0007968311 -0.0013706430 0.0444644950 0.0003347753 -0.3062795103 -0.0012341395 0.0003156242 -0.0106562851 -0.0017161667 -0.5044397116 -0.0344996899 -0.0142963463 0.1249629110 0.0594674982 0.1202287301 0.3530217111 0.0017537895 -0.1086716726 0.0204801001 0.0010552582 0.0012476410 -0.0005607444 0.0004364651 -0.0332840085 0.0636320859 -0.0026078918 0.0010880753 -0.0017521958 -0.1401839703 -0.0002653752 0.0057930280 0.0381415598 0.0772727728 0.0382143408 -0.0913754180 0.0813839883 0.0004507455 0.0526868105 0.0264378376 -0.0181399025 0.0181005206 0.1100859791 -0.0008210941 -0.2300759256 0.0166198071 0.0877824575 0.0212176833 -0.0067406241 -0.0014990217 -0.0008848039 0.0000782197 -0.0201036688 -0.1304429621 -0.0578064434 -0.0008257247 -0.0201362260 -0.0129818022 0.0014611905 -0.0079218820 0.0416170210 -0.0188615341 -0.1418095082 -0.0009672210 0.0072962283 -0.1083472222 -0.0415598266 0.0617927648 0.0244979877 0.1697235852 -0.0141513292 0.0223709922 0.0011330169 -0.0070007062 -0.0903510451 0.0022677635 -0.1411913037 0.0001512851 0.0018590792 -0.0113645913 -0.0042015924 0.0008589784 0.0323781595 -0.0644969046 -0.0017251199 0.2283135802 0.0761516169 -0.3984378576 0.0229339059 0.1284113526 -0.0029995078 0.0401516519 0.0003220688 0.0693942010 0.0133242961 0.0015181253 -0.1099225357 -0.0661799386 -0.0087450482 -0.0008477986 0.0000737220 -0.0872064605 0.0533659384 0.0001381131 0.0291239619 0.0250787754 0.0647000894 -0.0679828674 0.0008794289 -0.0009648845 -0.2466059774 0.0513051003 -0.1597810686 -0.2399326712 0.0727017298 0.0235774573 -0.0011949206 -0.0006171574 -0.0008066600 0.0005344676 -0.3246850073 0.0135098780 0.1076631173 -0.2387904078 -0.0010574292 0.2440393567 -0.0002430693 0.0565370843 -0.0011419361 0.0456752032 -0.0000292924 0.0433081985 0.0078428918 0.0484578945 -0.0011652109 -0.0640203953 -0.0550434627 0.0016190067 0.0726465732 0.0326166488 -1.9091185331 0.0009220405 -0.2360154986 -0.0009076916 -0.0097905975 0.2409466356 -0.0013423820 -0.1537037343 0.2007220984 -0.0006602558 -0.0556456260 -0.0184283517 -0.1645620465 0.0002859428 -0.0010084605 0.0011331594 -0.1087187305 0.1928797811 -0.0022748888 0.0192094818 0.2100895345 -0.0321703963 0.0016335120 0.0368243791 -0.0215561278
-0.0002108471 0.0007511899 -0.0018366266 0.0007655583 -0.0004006614 0.0009576778 -0.0006523099 -0.0000369865 0.0010272500 0.0001250315 -0.0007402610 0.0010929282 -0.0013601081 0.0007092543 -0.0001664230 0.0006722801 -0.0012483377 0.0002634781 0.0005975342 0.0001220876 0.0002541145 -0.0014003655 -0.0015152259 -0.0011305310 0.0012035960 0.0008989227 0.0007955328 0.0011426533 -0.0008638037 0.0006658481 -0.0002286700 0.0006522323 -0.0016433841 -0.0003355447 -0.0015919437 0.0010167576 -0.0006849635 0.0002125643 -0.0004930376 -0.0002085147 -0.0005578185 0.0007846001 0.0010230548 0.0004094327 -0.0000367892 -0.0018086685 0.0005683049 -0.0006248038 -0.0002047841 0.0012432360 0.0008689787 0.0001717994 -0.0003063972 -0.0000113313 -0.0008460383 -0.0006088705 -0.0010756486 0.0010362207 -0.0015755536 0.0002352692 0.0004983137 -0.0016598845 -0.0003564850 -0.0011787117 0.0000420555 -0.0016057761 -0.0011290745 -0.0000358471 -0.0013941251 -0.0010286500 -0.0017966895 0.0004404119 -0.0002203181 0.0007278320 0.0011039227 -0.0014132274 0.0002354937 -0.0011427922 -0.0000717152 -0.0011201525 0.0010564536 0.0006692544 0.0002885236 -0.0017037514 -0.0009087556 -0.0017260812 0.0006796902 -0.0015662659 0.0005954219 -0.0006169764 -0.0006557869 0.0010625406 -0.0015801016 -0.0001136416 -0.0010766918 -0.0006992184 -0.0015142907 0.0001345405 -0.0017879835 -0.0007687962 0.0011868437 -0.0011294364 -0.0005330993 -0.0000299489 -0.0005003128 0.0002541486 -0.0013616669 -0.0016213828 -0.0006250205 -0.0006013236 0.0008457174 0.0006876426 -0.0009878384 -0.0009896772 -0.0013220394 0.0010768141 -0.0015950482 -0.0000697695 -0.0009844005 0.0009770745 0.0001627776 -0.0009578038 0.0010844300 -0.0018287750 -0.0015983323 -0.0010141490 -0.0009275750 -0.0017612190 -0.0007998861 0.0005581522 -0.0001727200 -0.0014848397 -0.0012812800 -0.0003799030 0.0006870584 -0.0014626059 -0.0018223791 0.0003364947 -0.0011908772 -0.0010799380 -0.0007606610 -0.0003547665 0.0006334350 -0.0009575493 -0.0001223589 -0.0014050419 -0.0004203501 -0.0000703222 0.0008191464 0.0000532644 -0.0018022204 -0.0001081708 -0.0009167697 -0.0008614922 0.0004277647 -0.0002453153 0.0007617345 0.0008950364 -0.0007813542 0.0007510228 -0.0017579119 -0.0017400224 -0.0009415051 0.0011008360 0.0002109400 -0.0016303640 0.0000396274 -0.0007294394 0.0003826416 0.0006813102 -0.0002682521 -0.0008298444 -0.0004012719 -0.0014470418 -0.0001110470 0.0003621629 -0.0001702188 -0.0012036004 0.0008823955 -0.0010354869 -0.0006976295 -0.0008160995 -0.0002136038 -0.0002195397 0.0004119528 -0.0018124239 0.0009245664 0.0008082625 -0.0006017685 -0.0011861955 -0.0018016547 0.0000257872 -0.0018443504 -0.0003231374 0.0003474585 -0.0011302315 -0.0006807415 -0.0010869615 0.0001833404 -0.0016211810 -0.0000195298 0.0008923716 -0.0000513381 -0.0013731999 -0.0004096451 -0.0013402493 0.0009729854 -0.0004097771 0.0001286901 -0.0002332261 -0.0002406979 0.0008906822 -0.0006918240 -0.0006997280 0.0006935920 0.0006469750 -0.0010014628 -0.0013698102 -0.0008008898 -0.0010893064 0.0002594432 -0.0011841769 -0.0000882172 -0.0005560162 -0.0008196379 0.0008079002 -0.0013549540 0.0010531680 -0.0017545322 0.0000144096 -0.0011023022 -0.0002837500 -0.0002576055 -0.0014602341 0.0008006961 -0.0018213238 0.0007034878 0.0010891955 0.0011013615 -0.0002043835 0.0005289777 0.0004984859 -0.0001929616 -0.0015842837 0.0000982991 -0.0010481938 0.0004599773 0.0001136767 -0.0009232159 0.0009839385 -0.0016699895 0.0004014051 -0.0002275042 -0.0014582756 -0.0001183707 0.0004706561
0.0568228997 -0.0004019077 0.0262216572 0.0492319465 0.0004058365 -0.0029111973 -0.0941450447 -0.0228384994 0.1135792509 -0.0028792755 0.1580856740 -0.1023582444 -0.0517315343 -0.1112601385 0.1721335351 0.0014352147 -0.0005663126 -0.0332092792 -0.3272466958 -0.0132887885 -0.1373617947 -0.0759840682 0.0551999174 -0.0674880892 0.0004043910 0.0661770701 0.0004761118 -0.0021324281 0.3587552607 0.0693834797 0.0328403637 0.0248567872 -0.0865804181 0.7150672078 -0.1787391305 -0.0212687794 0.0506245568 -0.0010418691 -0.0003644032 -0.0050121169 -0.0406616218 0.0013866776 -0.0030412436 0.0013785518 -0.1557483971 0.0804507583 0.1327163428 0.0696070045 0.0011732007 0.2796682715 -0.0012363729 -0.0017834047 -0.1904254854 -0.0011976715 -0.1382420510 0.1958979666 -0.1231847033 -0.0017929014 -0.0006968635 -0.4116590023 -0.1294357926 -0.3108155727 -0.0008798880 0.2356701046 0.0721627250 0.0013255897 0.0327750556 0.1566655487 -0.0056303628 0.0003317641 0.2077246606 0.0277340468 -0.0007573354 -0.0988307819 -0.2290511131 0.0400511026 0.0701527968 0.1605961025 -0.0696731061 0.0010073505 -0.1669464856 0.0709063485 -0.0033142962 0.1194498166 -0.0010749910 -0.1474710852 0.0013086364 0.0732182413 0.0009500622 0.5433792472 -0.2398674637 0.0002073552 0.0012140720 -0.0055165687 -0.0207619593 -0.0005438781 0.0114332344 0.0014798611 0.0015151125 -0.1997238100 -0.0027573514 -0.1503954232 -0.0449826643 0.1387859732 0.1929610670 0.1333671808 0.0243227649 0.0760828331 0.0017170208 -0.1405550987 -0.0060147541 0.0001580692 -0.0000816075 0.0005275641 -0.0009844539 0.2135108411 -0.3244112134 -0.0003722458 -0.0014869539 -0.0023572007 -0.0252061766 -0.0002793879 0.0578367561 0.0407179147 0.0282801241 0.0397887230 0.0961282477 -0.0687745586 0.0004396775 -0.0537596308 0.2383606732 -0.0625290200 -0.0904321000 -0.3651841879 -0.0014234423 0.2141412497 -0.0566404723 -0.1263807267 0.1162881032 0.0949022323 0.0003779290 -0.0005506641 0.0012029855 -0.0585479960 0.0138503844 0.0485028177 -0.0010340434 -0.0297528282 -0.0837632120 -0.0069484152 -0.2026293874 0.0331898257 -0.0634708032 -0.1822068989 -0.0016776626 0.0082135564 0.0238960292 -0.0389094129 0.0214721281 -0.0362573713 0.1232620776 -1.4329966307 0.0524749495 -0.0010015282 0.0382641628 0.0385092236 0.1044107378 0.0635834709 -0.0011987056 -0.0002314999 -0.1660139412 -0.3410567045 -0.0001970349 0.0333209001 0.2595345974 -0.0029548800 0.0469279848 0.0251687486 0.1211011931 -0.2991920412 0.4018000066 -0.0013700461 -0.0774038807 0.0002499324 -0.5898832083 -0.0856609195 0.0003824551 0.1034073830 0.0469696298 -0.0451617390 0.0007686638 0.0009805227 -0.1435519904 0.2450368255 -0.0008683697 0.0046488382 0.1231165454 -0.3279739916 -0.0768279210 -0.0000348473 -0.0005215676 0.0325921737 -0.0161848869 -0.2507077456 -0.0079641994 -0.1091769710 0.0307606086 -0.0009135587 -0.0004869575 0.0007504494 0.0000714646 0.0393976197 0.0016073709 -0.0845544264 -0.0185528398 0.0017114965 -0.2866581082 0.0003503525 0.1354897171 0.0005220426 0.1863933951 0.0002063809 -0.0030396178 -0.0167235956 -0.2008640617 0.0017904356 0.0868332982 -0.0110263741 -0.0002169094 -0.0035278802 -0.1867295355 0.1576285362 -0.0001027362 -0.0765329823 0.0015819371 -0.4002170265 -0.0008171557 -0.0002567282 0.0788393766 -0.0072796484 -0.0003554596 0.1876042187 -0.0324345864 -0.7615862489 -0.0000056383 0.0013131163 0.0014892984 0.0093978839 0.2261826396 -0.0007222623 0.1239928529 0.1174133494 -0.1962923408 -0.0002572378 0.0021810578 0.1010009572
-0.0006953259 -0.0014520700 -0.0030534239 -0.0027850976 0.0012684284 -0.0003789503 -0.0027923195 -0.0020840536 -0.0031818831 0.0002851695 -0.0004966429 -0.0005244484 -0.0022276503 -0.0029785414 -0.0012234189 0.0005922191 0.0013658819 -0.0021750103 -0.0020134230 -0.0017957526 -0.0013946614 -0.0026614496 -0.0022818046 -0.0011555580 0.0014571452 -0.0026540556 0.0010620191 0.0013514675 -0.0004784373 -0.0024177844 -0.0007241792 -0.0002329447 -0.0013392506 -0.0022838393 -0.0010029041 -0.0027435191 -0.0025333376 -0.0012973470 0.0010853205 0.0014948784 -0.0019833986 0.0012146330 -0.0012555073 -0.0005772346 -0.0004843829 -0.0006686352 -0.0031898140 -0.0005344392 0.0015026911 -0.0024314418 0.0014190882 -0.0013607601 -0.0015855316 -0.0006257633 -0.0003972585 -0.0032361569 -0.0033395274 -0.0029470094 -0.0005633224 -0.0025677911 -0.0006005825 -0.0029314857 0.0010400651 -0.0027287626 -0.0031540412 -0.0004026416 -0.0005904930 -0.0033237308 -0.0004547960 -0.0002572974 -0.0031677880 -0.0032002884 -0.0011719543 -0.0021857617 -0.0005574410 -0.0023744474 -0.0005617535 -0.0007605237 -0.0004374941 0.0010119394 -0.0019698073 -0.0016688129 -0.0030305190 -0.0028931072 -0.0012264024 -0.0012531388 0.0015004858 -0.0029639371 0.0011433726 -0.0033689556 -0.0032516508 -0.0033690643 0.0006349952 -0.0009126407 -0.0004182171 -0.0005988150 -0.0008864811 -0.0005749449 -0.0010050884 -0.0009520534 -0.0011471998 -0.0006461632 -0.0030285744 -0.0011833936 -0.0016962240 -0.0027278871 -0.0033011511 -0.0027597270 0.0004530050 -0.0022853829 -0.0021532222 0.0010715874 -0.0011015333 -0.0010087865 -0.0005629846 -0.0019050213 -0.0017446076 -0.0001496992 0.0005650614 -0.0012370372 -0.0028813286 -0.0009534043 -0.0028625352 -0.0004843126 -0.0027458046 -0.0033282042 -0.0019377364 -0.0021709478 0.0001374116 -0.0032989748 -0.0018732892 -0.0025790129 -0.0023474330 -0.0012329671 0.0008128624 -0.0018244036 -0.0007828387 -0.0012622910 -0.0020760696 -0.0018028353 -0.0005318744 0.0004052290 0.0012161505 -0.0023225287 -0.0004288447 -0.0012526142 0.0008591357 -0.0017905543 -0.0022635416 -0.0029838774 -0.0028647128 -0.0017709028 -0.0015535746 -0.0021271929 0.0013773722 -0.0029096983 -0.0017363979 -0.0017169932 -0.0020560252 -0.0024550706 -0.0009163580 -0.0012419196 -0.0027144242 0.0010549679 -0.0021769891 -0.0026305637 -0.0026146814 -0.0029599981 -0.0013598368 -0.0010329820 -0.0031098854 -0.0023479892 -0.0004204376 -0.0033139356 -0.0005695728 -0.0008616340 -0.0021648582 -0.0032657788 -0.0017984740 -0.0030432860 -0.0017658166 0.0009818051 -0.0005525636 0.0011918225 -0.0007739406 -0.0015259890 -0.0008174788 -0.0028492180 -0.0009570075 -0.0013488889 -0.0003116890 0.0005959692 -0.0023349484 -0.0027575321 -0.0001749418 0.0004868464 -0.0008104602 -0.0024159709 -0.0003816891 -0.0006465372 -0.0005355981 -0.0017424242 -0.0021690268 -0.0014864458 -0.0030752716 -0.0013870626 -0.0017441351 0.0009036994 0.0012588367 0.0010552169 0.0009657270 -0.0027952536 -0.0031202440 -0.0017241661 -0.0008916517 0.0006960299 -0.0034348697 -0.0008977760 -0.0030597760 -0.0005104312 -0.0021985425 0.0009333577 -0.0031009566 -0.0004029283 -0.0024941477 0.0005897596 -0.0033206213 -0.0004326039 0.0014332772 -0.0026476234 -0.0022013478 -0.0008880091 0.0014298211 -0.0031779923 -0.0014027078 -0.0005553714 -0.0018205938 0.0001021313 -0.0033108918 -0.0024668628 0.0012170010 -0.0016783733 -0.0021006980 -0.0019839837 0.0012095879 0.0011963049 0.0010735595 -0.0027837374 -0.0024637445 -0.0000467459 -0.0015780935 -0.0010256126 -0.0029312389 -0.0005042755 -0.0013125940 -0.0004236202
-0.0013951240 -0.0007639370 -0.0011248529 -0.0011224842 0.0005221172 0.0008683578 -0.0000236111 -0.0026215676 -0.0010908507 -0.0010885569 0.0004482284 0.0009294104 -0.0014508340 -0.0017537236 -0.0011713166 -0.0002388355 0.0007729679 -0.0018655718 -0.0003070079 -0.0008944010 -0.0001215184 0.0005300657 -0.0012574346 -0.0008606320 -0.0013859060 -0.0016809511 0.0003264946 -0.0015502784 0.0006135771 -0.0011268018 0.0001414775 -0.0012312675 -0.0018073805 -0.0008377457 -0.0018720785 -0.0006099603 -0.0013550227 -0.0011148034 0.0005810032 0.0009985430 -0.0010727498 -0.0017580857 0.0005736162 -0.0014767493 -0.0016098180 -0.0019297410 -0.0008974608 0.0000960921 -0.0003758058 -0.0014525848 0.0011905024 0.0002215114 -0.0011859792 -0.0010497214 0.0009774554 -0.0002382509 -0.0020770221 -0.0018082954 0.0011466998 -0.0000782158 0.0002714628 -0.0020400821 -0.0013685692 -0.0013102462 -0.0004958960 0.0002458051 -0.0022022408 -0.0020782165 -0.0017693971 0.0009768256 0.0009713474 -0.0014884876 -0.0013485595 -0.0010898084 -0.0000088313 0.0001947246 -0.0008827470 -0.0009772413 0.0002079985 -0.0011117464 -0.0015154992 -0.0006928165 -0.0006747065 0.0007906723 0.0006888290 0.0004220541 0.0008094675 -0.0008977603 -0.0000470708 -0.0005599200 0.0001531117 -0.0007779263 -0.0003502581 0.0005209782 -0.0011786376 -0.0012574015 -0.0006534812 0.0010889207 -0.0001284526 0.0004059025 0.0009892477 0.0009372830 -0.0002927435 -0.0008181095 -0.0001919369 -0.0007235720 0.0002392896 -0.0009665854 0.0013944868 -0.0005647363 -0.0019402455 0.0002245857 0.0001594355 0.0005576539 0.0005745601 -0.0010644431 -0.0013198151 0.0004340246 0.0001061409 -0.0010149420 -0.0010566139 -0.0003393276 -0.0000718919 -0.0008114850 -0.0006004860 -0.0024788284 0.0002629393 -0.0016174123 0.0011350068 -0.0002733560 -0.0015540209 -0.0005653998 0.0008675375 -0.0012862218 -0.0010183926 -0.0010713225 -0.0002103654 -0.0013264517 0.0003970847 -0.0009179512 -0.0013166056 0.0006415989 0.0008690343 -0.0021601713 0.0005662523 0.0002073080 -0.0002360690 -0.0000958473 -0.0012776194 -0.0011447463 -0.0000680672 -0.0031733131 0.0003459570 0.0002830864 -0.0002290385 -0.0014677059 -0.0004047115 -0.0007365582 -0.0017258090 0.0005156245 0.0005786550 -0.0013475760 -0.0013120510 -0.0002978221 -0.0011485853 -0.0010922517 -0.0004280209 -0.0009808157 -0.0007571121 -0.0016053746 0.0004410295 0.0002677350 -0.0003355065 -0.0016851065 -0.0016559969 -0.0011399852 -0.0016025068 -0.0009680489 -0.0018636676 0.0006826549 0.0006176708 -0.0001582412 -0.0012111410 -0.0015947578 -0.0004460504 -0.0012746070 -0.0008163471 0.0011579739 0.0006973526 -0.0018731265 -0.0014217830 0.0002779108 -0.0014897075 -0.0017265806 0.0002397458 -0.0015088940 0.0003160491 0.0005377554 -0.0006000542 0.0004218826 0.0004020337 -0.0006697492 0.0004903632 -0.0001630027 0.0000867367 -0.0011413075 -0.0002792507 0.0012065675 0.0001448799 0.0000576408 -0.0016772036 -0.0028672130 -0.0005596527 0.0010925061 -0.0003228682 0.0007047293 -0.0002921499 0.0011145695 -0.0005315159 0.0003447843 -0.0007988224 -0.0013604939 -0.0008530886 -0.0007729739 -0.0011015483 0.0003991107 -0.0009411040 -0.0031114782 0.0007306502 -0.0014319280 -0.0018559074 -0.0005964311 0.0001370481 -0.0013723330 -0.0015724978 -0.0015915307 -0.0006668546 -0.0014407067 0.0000841849 0.0006548453 -0.0016667233 0.0003650950 -0.0015115403 0.0007114121 -0.0010715964 0.0006639254 -0.0011069658 -0.0009721374 -0.0027145471 -0.0004739270 0.0004686289 -0.0006650436 -0.0020821926 -0.0002594090 -0.0017332822 -0.0005231296
-0.3552193940 0.0019743897 0.0783655718 0.0578899197 0.0002526668 0.0028073424 0.1185863987 0.0429892726 -0.0181735083 0.0022205429 -0.0144996112 -0.0667979494 0.0669981316 -0.0031388758 0.0210481081 0.0009705618 -0.0007110875 -0.1977571398 0.5314828157 0.0842135027 -0.2154288292 0.1836715341 -0.2018030882 -0.3744642138 0.0006211874 0.0747539327 0.0004893756 0.0019241608 0.0322174467 0.0221597403 -0.0203253832 0.0243767370 -0.3476034999 0.1212052777 0.1348222941 0.3468263745 0.0648734942 -0.0011431095 0.0013420717 0.0032363595 -0.0318034478 0.0010443515 0.0022454723 -0.0002647620 0.0746523365 0.1319328398 0.4047058523 -0.0114176348 -0.0001496310 -0.0671243519 0.0018169801 0.0000799140 0.3427443504 0.0003577442 0.1316587478 -0.0146850375 -0.0752831846 0.0300970189 0.0040222369 0.0383050106 -0.0081195803 0.0593525730 0.0003000859 0.2002462745 0.1938950270 -0.0004800006 0.0206495412 -0.1988302171 0.0820641592 -0.0000421460 -0.1414271295 -0.1566437483 0.0013425724 0.0323902853 -0.2218431681 -0.2329229414 -0.2417047024 -0.1084037498 0.3232827187 -0.0000797583 0.0181333013 0.0091087520 0.1421424598 0.0772655755 0.0007766381 -0.2946967483 -0.0009554325 0.1069890410 -0.0009513936 -0.2627886534 0.0642450005 -0.1143817082 0.0005955752 0.0024398926 -0.3115568459 -0.0002024313 -0.0600809976 0.0001998550 -0.0003429210 0.1058095619 0.0023430220 -0.2417671382 0.0821251348 -0.2186122090 0.1170882508 0.4962152243 0.0411594883 0.0442975461 -0.0024144801 0.0953094736 -0.3851055205 0.0035021745 0.0016197334 -0.0006039201 0.0002658904 0.3598047495 -0.0692377388 0.0014122222 0.0005746143 0.0014916958 0.0982514247 -0.0010830972 -0.0794717818 0.0691930875 -0.0269256216 0.0682044923 -0.4787980914 -0.1007289737 0.0011809872 -0.3511647284 -0.0700758919 -0.0104697580 0.0008269026 -0.4124809206 0.0011247372 -0.0810663775 0.4591152370 0.0689571872 0.0672038719 -0.1213328019 -0.0003389258 0.0016967870 -0.0003133094 0.0307858512 -0.0375814550 0.0494120829 0.0007510880 -0.0679552034 -0.2902181149 0.0053712730 -0.1844361871 0.0806761831 -0.2652577162 0.1040735021 -0.0005359685 -0.0584441833 0.0587170050 -0.0588415377 0.0723643526 0.1525815576 -0.0620872527 0.0289737303 -0.0512373857 0.0008679921 -0.1475246549 -0.1731786877 -0.0803136304 0.0748464763 0.0032708603 -0.0004983721 0.0979626849 -0.3938017190 0.0000506057 -0.2264339030 0.2770123780 0.0029938698 0.0099309376 0.1381783038 0.0287483931 -0.3067384064 0.0572583936 -0.0010134603 0.0403391272 -0.0000819441 0.0510704480 0.1438875496 -0.0007813787 0.1138168499 0.2588973045 -0.4352113307 0.0006495027 0.0012032485 -0.1916466504 -0.0506735630 -0.0006313696 0.0174919516 -0.1750589609 -0.5613415837 0.0078346236 0.0000876338 0.0020579924 0.1077352241 0.0541619509 0.0234380551 0.0725318640 -0.1316252053 0.0413907655 0.0013327099 -0.0003941190 -0.0005494423 -0.0002541365 0.0668066293 0.0902477652 -0.0704208910 0.0914157778 -0.0007649444 0.1077705473 0.0004221238 -0.0848567411 -0.0000919638 -0.0738958493 -0.0006424983 -0.4983893633 -0.1370197535 -0.6540527940 0.0000997459 0.2935889363 -0.5782377720 -0.0005004924 0.0543972738 -0.0085177477 -0.0689470917 -0.0000908869 -0.0067304019 0.0015138303 0.1738070846 -0.2410107851 -0.0010574801 0.0323462933 0.2145664841 0.0006742574 -0.1635433137 -0.0199409444 -0.1435619444 0.0011583756 -0.0007969605 0.0007967345 -0.2959249318 0.1619508713 -0.0035897372 -0.2236303091 -0.0446850844 -0.3245684803 -0.0010775679 -0.1198635176 -0.8719390035
0.0008598049 0.0009128307 -0.0001538213 0.0008529061 -0.0010553836 -0.0013848407 0.0000414776 0.0007605774 -0.0011299162 -0.0015113357 0.0010389343 0.0010743779 -0.0001562224 -0.0005363736 -0.0008103606 -0.0017050756 0.0000257505 -0.0018375976 -0.0012056247 -0.0010316670 -0.0015173507 -0.0011045644 -0.0002329710 0.0006758960 0.0004745697 -0.0003776150 -0.0007587681 -0.0016607555 -0.0003568905 0.0007308045 -0.0017335817 -0.0001878437 -0.0007447224 -0.0004026726 -0.0017227610 0.0005556582 -0.0013198892 -0.0003528884 -0.0011399051 -0.0003314194 -0.0002940728 0.0004002001 0.0012197015 -0.0010221653 -0.0006136819 -0.0000853979 -0.0016733601 -0.0006608386 0.0011515311 0.0002851575 0.0001605183 0.0002317870 0.0010742389 -0.0006659583 -0.0015449026 -0.0018353986 0.0007189675 -0.0010978358 -0.0017455320 -0.0004691041 0.0004124243 -0.0009577977 -0.0000711278 -0.0013308786 0.0007427073 0.0010113176 -0.0007771485 -0.0012916788 -0.0008432208 0.0005763873 -0.0015798367 0.0002313306 -0.0000458109 0.0007024278 -0.0004653774 0.0005783137 -0.0008247787 -0.0009717608 -0.0013884733 -0.0006372774 -0.0003947191 -0.0010509947 -0.0007751614 -0.0006953542 0.0000840360 -0.0008714416 -0.0014748237 0.0005515973 -0.0016866821 0.0009128462 0.0003303594 0.0007396720 0.0004171413 0.0006685580 -0.0001144277 -0.0005922853 0.0004964297 0.0008795392 -0.0000010260 -0.0010289837 -0.0007367361 -0.0009064392 -0.0007213003 -0.0007408307 -0.0007969657 -0.0006478271 0.0011451099 -0.0015968888 0.0015119794 -0.0005269302 -0.0014959265 -0.0008602958 -0.0009789665 0.0007997760 0.0007049692 -0.0001037496 0.0006848288 -0.0013360757 0.0015000888 0.0007252466 0.0002870945 0.0009286702 0.0000083003 -0.0015202786 -0.0018827928 -0.0004948342 -0.0011738858 -0.0004319329 0.0000933317 0.0007484089 0.0004261254 -0.0007136192 0.0013059075 0.0007484019 0.0003667602 0.0001787807 -0.0015757815 0.0001664954 -0.0014026697 -0.0016168439 0.0007276513 -0.0007159575 -0.0001387742 0.0002885229 -0.0003614097 0.0000950935 -0.0008380860 -0.0017107921 -0.0006643939 -0.0001326120 -0.0015137891 0.0008690150 -0.0012718145 0.0010701898 0.0006015559 0.0000224424 -0.0002952963 -0.0005048166 0.0001012775 0.0004723179 -0.0009393199 0.0006303458 0.0006085262 -0.0004453277 -0.0000909629 -0.0010719015 -0.0015457871 -0.0006824369 0.0007964963 -0.0001903168 -0.0006383551 -0.0012029315 -0.0001027931 0.0008511783 -0.0011681314 -0.0007646516 0.0006715728 0.0006850643 -0.0003802677 -0.0011143949 0.0010053182 -0.0011866109 -0.0004236928 -0.0009908980 -0.0011249104 0.0008179590 -0.0017967302 -0.0011211351 -0.0016996107 -0.0014013230 -0.0001814833 0.0009772650 -0.0015008816 -0.0001864529 -0.0016632165 -0.0009363565 0.0003230279 -0.0011616020 -0.0017126232 0.0011382757 -0.0007395258 0.0008649683 -0.0006628156 -0.0017430821 -0.0012525439 -0.0006096390 0.0000148950 0.0003025836 -0.0009487784 0.0000512519 0.0004606912 0.0003591366 -0.0016539147 -0.0010191693 0.0004816548 0.0002759673 -0.0002793373 0.0000451753 -0.0002422072 -0.0003400257 -0.0002331733 -0.0016021534 -0.0013010129 -0.0009014662 0.0006538691 -0.0014992967 -0.0018474291 -0.0008083013 -0.0006017857 -0.0012699474 0.0011373550 -0.0011445216 -0.0004801044 0.0007511689 0.0000723680 -0.0001709550 0.0004979959 -0.0005566548 -0.0000300573 -0.0010727918 0.0006381450 -0.0001599213 0.0010303885 -0.0018416132 0.0007033570 -0.0000709813 0.0005936439 -0.0012353034 0.0009169364 -0.0003159271 0.0000568133 0.0001458228 -0.0016590249 -0.0002989120 -0.0015390737 0.0006678219
0.0003650581 0.0003803649 0.0004768615 -0.0006304959 -0.0010807815 0.0009517889 -0.0002036988 -0.0018054132 -0.0020984916 0.0005931088 -0.0015524556 0.0004281923 -0.0017741900 0.0005783648 -0.0015129513 0.0000866204 0.0014370304 -0.0020811243 0.0001939452 -0.0016416812 0.0004742134 0.0002965311 -0.0021377879 -0.0010203515 0.0010124807 -0.0013945057 -0.0011214920 -0.0008850711 -0.0008079937 -0.0016347143 -0.0006204679 0.0004738030 0.0007630310 -0.0011502173 -0.0018433008 -0.0010176540 0.0000147476 -0.0001842439 -0.0011797514 0.0004363210 -0.0018004923 0.0012584920 -0.0011928146 0.0011041032 -0.0013907596 0.0006180227 -0.0006492570 -0.0013869235 -0.0010254239 -0.0003680463 -0.0012051590 0.0013190581 0.0003959442 -0.0007065455 -0.0016372493 -0.0013986279 -0.0019609041 0.0006797021 0.0007017637 -0.0015140093 -0.0007125397 -0.0021029436 -0.0011086643 -0.0021534560 0.0005058728 -0.0007368582 -0.0013222313 -0.0017910065 -0.0000920709 -0.0002035725 -0.0003841527 -0.0004080737 -0.0003773666 -0.0009455030 -0.0017546351 -0.0010943504 -0.0016888266 -0.0017377941 -0.0018526319 0.0001734901 -0.0007824390 -0.0001439969 -0.0002293654 -0.0000434019 -0.0005596029 0.0006515358 -0.0006802891 -0.0011951403 0.0004232748 -0.0022385125 0.0003282490 0.0001853594 0.0000994932 -0.0010746525 0.0002933531 -0.0012814506 -0.0021838404 -0.0006364413 -0.0006131670 -0.0010341733 0.0003035865 -0.0020546978 0.0006990266 -0.0021984985 0.0002021593 0.0001527918 0.0001249221 -0.0022504043 0.0014359190 -0.0007403243 -0.0002403176 -0.0006646959 0.0010132155 -0.0007620550 0.0001809625 -0.0003953149 0.0000233753 0.0006760697 0.0008018122 0.0008949420 -0.0020596236 -0.0004932918 -0.0019960217 -0.0000684691 -0.0000961765 -0.0017696831 -0.0009422651 -0.0004506668 -0.0011552245 -0.0013223379 -0.0005749328 -0.0001777951 -0.0003303803 -0.0014691618 -0.0002484956 0.0002516605 0.0007195105 -0.0005968076 -0.0010333079 -0.0019513341 -0.0014392715 0.0003594737 -0.0002972115 0.0001288750 -0.0011867448 -0.0018872487 -0.0000795596 -0.0019579132 -0.0015268503 -0.0002720887 -0.0015617165 -0.0013585924 -0.0015522500 -0.0009840473 0.0014977569 -0.0003763964 -0.0016252549 -0.0008254870 -0.0015402525 0.0000477723 0.0004125907 -0.0020609228 0.0004668336 0.0010528847 -0.0000461442 -0.0000836609 0.0001127482 -0.0003897109 -0.0009087916 -0.0013608397 -0.0006701367 -0.0020487574 0.0004259695 -0.0014365987 0.0006304607 -0.0012680026 -0.0011886772 -0.0019395639 -0.0006655350 -0.0015596416 -0.0020638076 0.0010081658 -0.0003581749 0.0003129249 -0.0006550378 -0.0004901026 0.0014097019 -0.0005919698 -0.0002930959 -0.0011974905 0.0013402762 0.0001838183 0.0002596031 -0.0019147742 -0.0001608577 0.0002396520 -0.0009394691 0.0002816108 -0.0018335182 -0.0009325806 0.0004303475 -0.0009168541 -0.0013669360 -0.0017318736 0.0004802214 0.0006020832 -0.0007857073 -0.0008682360 -0.0002702216 0.0010838156 -0.0005719829 -0.0000574022 -0.0018304591 -0.0004293203 -0.0020097746 0.0003397439 -0.0007624300 0.0011047780 0.0003048769 0.0011083081 -0.0001309849 -0.0006947101 0.0000666420 0.0005413678 -0.0013709950 -0.0011498675 -0.0000580154 -0.0005040120 0.0013769181 -0.0016952128 -0.0015755986 -0.0013849655 0.0012220712 -0.0012169251 0.0014303459 -0.0015343430 -0.0017142347 -0.0003978539 0.0005162853 -0.0023761552 -0.0007682035 -0.0019121520 0.0004934816 0.0005609707 -0.0007836172 0.0005702169 -0.0007526532 -0.0004571651 0.0001701481 -0.0008837721 -0.0004778904 0.0001680644 -0.0007827918 0.0010706367 -0.0018724845 -0.0021154988
-0.0357790515 -0.0004804732 -0.0092306528 -0.2327782959 -0.0009752648 -0.0022412552 -0.0968584195 -0.0080438545 -0.0472523943 -0.0034376543 -0.2699591219 0.0065577370 0.0559015274 0.2612925172 -0.0124406572 0.0010084719 0.0011376024 -0.0066128206 -0.3114938140 0.0170612056 0.0590613373 -0.3082852066 0.0534351431 -0.2921796143 -0.0005950143 0.0355105102 0.0011036639 -0.0021293103 -0.5526970029 0.0325517394 -0.0555532277 -0.0270694159 -0.0623686835 0.2335335612 0.0884940848 0.0417031273 0.0584527180 -0.0011864093 0.0014962952 -0.0045624655 -0.0987874120 0.0017916897 -0.0010994656 0.0015774108 0.0599467643 0.0675270259 0.0050646169 -0.0189297777 0.0018720522 0.1051709875 0.0006297140 0.0006060679 -0.0206389483 -0.0019609828 0.0725360364 -0.1904831678 -0.3887957633 -0.1426988691 -0.0023096714 0.0571014248 0.0517471060 0.1275521219 -0.0005137736 0.1886717528 -0.2264522165 0.0000883636 -0.1319199800 0.0302320980 0.0239708554 -0.0007301605 0.0477579385 0.0358519033 0.0009663368 -0.0511515550 -0.0968728438 0.1163631901 0.0903053060 0.9924477339 -0.0284938905 -0.0001823252 -0.0793690011 0.2198750079 -0.0240560547 -0.0017754580 0.0002372536 0.1518172771 -0.0007760179 0.1887094378 0.0001450832 0.0629013032 -0.0528707616 -0.3334943652 -0.0007033148 -0.0030893334 0.0219001491 0.0004692393 -0.1989950985 0.0005000770 0.0001627283 -0.1222463921 -0.0009880111 -0.1871415526 0.0699861348 0.0226953756 -0.0259844847 -0.0294245929 0.0642566606 0.1056084260 0.0001975347 0.2046871781 0.0848370045 -0.0009714617 0.0010633353 -0.0003057260 0.0002809960 -0.3951006234 -0.2586058080 -0.0009615356 0.0006880279 -0.0021089893 0.1505105197 0.0016429350 -0.1615683287 0.0626396909 0.0696571618 0.0532097369 1.3242062330 0.2822175622 0.0003697991 -0.3442327082 -0.3554357886 -0.1117010713 -0.0970949829 0.0887912363 -0.0016346162 -0.5365872979 0.0823972076 0.1297449768 0.0068342322 -0.3536308408 0.0012213041 -0.0013471183 -0.0005574245 -0.1074985862 -0.0550262257 0.0128768338 0.0002556099 0.1036095545 -0.3635145724 0.0798293725 -0.1487766355 0.0597027130 0.5877312422 -0.2855292857 0.0002690035 -0.0336725041 0.0047653266 0.0562968254 0.0330386125 -0.2661257386 0.0367292054 -0.1745358706 -0.0460231528 0.0000680578 0.2188655734 -0.3027949631 -0.0367801636 -0.0425431840 -0.0020673580 0.0018212766 -0.1271224320 0.0576145537 0.0008041341 0.1770205498 0.0649702400 -0.0034549059 -0.0949500054 0.1247069091 -0.0361539610 -0.0908563659 0.1327704042 0.0002906743 -0.1153343841 0.0009885775 0.0625328422 -0.0524516627 -0.0007678323 0.5605819821 0.1098712310 0.0620652735 0.0013625014 0.0014992603 -0.2823182046 -0.1502137035 0.0001786070 -0.0144938705 -0.1417718232 -0.1377471983 0.0261717774 0.0014137472 -0.0028567095 -0.0948361978 0.0216825902 0.0000461419 -0.0430517308 0.1170744151 -0.0024258601 -0.0007824629 -0.0007590529 0.0013471551 -0.0008778594 -0.1130559072 0.0297737140 0.1092869043 -0.1976853311 0.0018084502 -0.0506487824 0.0003600105 -0.1442969888 0.0017192394 -0.0533714890 -0.0006250606 0.1087230071 -0.0683941767 0.3266382515 0.0005541110 -0.0209487248 -0.4052609801 -0.0011142585 -0.0478988588 -0.0565042943 0.0382542610 0.0005906593 -0.0678865239 0.0009935845 -0.2814152241 -0.1218568757 -0.0016423960 0.0940003321 0.0062032212 -0.0016714697 -0.1798064262 -0.0318389870 0.0229443461 -0.0014273562 0.0001609760 0.0004117891 -0.0561438389 -0.0376132615 -0.0028951757 -0.1732922494 -0.0961876288 -0.1315512210 0.0015352031 0.0099777868 0.1872596294
-0.3866313398 -0.0019943677 0.0428248607 -0.1132027656 0.0015659719 -0.0021141693 0.0357600637 0.0542050377 -0.0448673554 -0.0026339982 0.1529509872 -0.0450904518 0.0048675155 -0.0616954677 -0.0109870285 0.0008505217 -0.0008700213 -0.0254776664 0.0046675783 0.0433425717 0.0876642540 0.3828651905 -0.2884371877 -0.5700725317 0.0013173806 -0.0039888741 0.0013247917 -0.0033301099 -0.0391136967 -0.0225314312 -0.0482094437 0.0085285846 0.0310861133 -0.0318119489 0.1489081681 -0.0917013660 -0.0090697035 -0.0006354702 0.0013881392 0.0033744317 0.0068750330 -0.0008850301 -0.0011186084 0.0005681044 -0.0068684812 0.0588794760 0.0348392762 -0.0723980516 -0.0022114795 0.0633253530 -0.0032565186 -0.0012570316 0.2618606687 -0.0015878946 0.0093814768 0.4832944870 -0.0876030847 -0.2130288184 0.0050563891 -0.0351791494 0.0141025307 0.0700954124 0.0012939775 0.0390555896 0.0299496595 -0.0014005993 0.0401491523 0.2188133448 0.0128048966 0.0000176211 -0.2220460773 -0.5947710872 -0.0002647225 0.0412027314 -0.0274799094 0.0439508371 0.1383818090 0.0125113577 0.0973480046 0.0002663978 -0.0010140354 0.2022876740 -0.8269135952 0.0372190289 -0.0001507985 0.0422027558 0.0016965176 -0.0429444946 0.0005421915 -0.0157225486 0.4901093841 -0.6190657616 -0.0003391270 0.0050917557 -0.2940854132 0.0000123714 -0.0042012921 -0.0001139468 0.0016912615 0.4792422950 0.0002219328 0.0574182980 -0.0013898448 -0.4104067087 0.0044968892 -0.2456627935 0.0175732952 0.0459107123 -0.0002107119 0.0066114734 -0.2401074767 -0.0009199653 0.0002677977 0.0002286473 -0.0012165466 0.0805857107 0.3825731277 0.0028573116 0.0003410295 -0.0013959786 0.0136318738 -0.0002097859 -0.0305859987 -0.0098230233 0.0580061898 -0.0007164439 -0.4324271679 -0.0388127044 -0.0014699572 -0.2300234586 -0.0596945174 -0.4286485016 -0.2492673099 -0.0005344989 -0.0006069396 -0.0264536031 -0.1573411971 0.2718970180 0.4402818680 0.0537083261 -0.0004895598 -0.0018422203 0.0015206633 0.4265042543 0.0148092331 0.0101764789 0.0009721348 0.0281651486 -0.0691313595 0.0937685370 0.0531104468 -0.0052040820 -0.3345199525 -0.2981872559 0.0003612489 0.2886237502 0.0255005546 0.2687149644 -0.0020862222 0.4494502246 0.0537120774 0.1499192566 -0.1208148152 0.0016159995 -0.1241365969 -0.0600379668 0.0512081757 0.0359376371 0.0021276628 0.0001454845 0.0344232358 0.0222289413 -0.0007749268 0.5055248737 -0.0940637290 0.0039540823 -0.0137026571 -0.0129882004 -0.0372601449 -0.0801280662 -0.0347189195 -0.0012341846 -0.0380017348 -0.0020085895 0.0614050180 0.0472812727 -0.0009034895 -0.0154218636 0.0973366052 -0.1743876040 0.0000359698 0.0007042902 0.0245173704 -0.0853925422 -0.0003375340 0.0129720978 -0.2655126154 -0.3655044138 0.5492967963 -0.0013936501 -0.0016723461 -0.0240072235 -0.0126574207 0.0480806120 -0.0075211087 0.2015658915 0.0630829334 0.0017303874 0.0013963693 -0.0005049350 0.0007252502 0.0088713849 0.3182784617 0.0567189045 -0.0162404943 0.0005706329 0.0197720416 -0.0001339159 -0.2087011337 -0.0001179814 0.1001317203 0.0003586194 -0.1495482326 0.1080410182 -0.1094460636 0.0011825105 0.0460617244 -0.2390420288 0.0002718678 -0.0343262590 0.1268910617 0.0494480208 -0.0015052339 0.0083379373 -0.0001491158 -0.0477618240 -0.0737879127 -0.0011157091 -0.0438865349 0.0261644013 -0.0016512161 0.4175945818 0.0187586416 0.1269621104 -0.0019736148 0.0010781785 -0.0008641568 0.1003072560 0.1074011922 0.0000331699 -0.1332596391 -0.0372728780 -0.1064042151 -0.0003336454 -0.2378502190 -0.6261239052
-0.0009886051 0.0013240937 -0.0004004244 -0.0017189075 -0.0004628848 0.0003985025 -0.0007339984 -0.0008612043 -0.0010262696 -0.0010805124 -0.0011150243 -0.0021589540 -0.0023265639 -0.0001480823 0.0007183648 0.0010202517 -0.0007329129 -0.0018021193 -0.0009199763 -0.0015789341 -0.0011181347 0.0005083436 -0.0018098736 -0.0001053774 0.0012410129 0.0000159246 0.0001346618 -0.0013681976 0.0006463977 -0.0022257548 -0.0022427470 -0.0004508109 -0.0007293830 -0.0012271638 -0.0001668404 -0.0005717500 0.0008915845 -0.0011830366 -0.0008607027 0.0012186777 -0.0003654901 -0.0001028106 -0.0005724799 -0.0012914159 -0.0024883521 -0.0005654237 -0.0000028797 -0.0007024324 -0.0014638079 -0.0006389848 0.0009609904 -0.0006017670 -0.0015347438 0.0008258951 -0.0023378746 -0.0003187499 0.0002416324 -0.0007957855 0.0014713468 -0.0002063509 -0.0020625954 -0.0011374931 0.0011244547 -0.0006119265 -0.0020664409 0.0010437962 -0.0009393510 0.0004263000 -0.0014499594 -0.0009780737 -0.0001272844 -0.0017248131 0.0005324903 -0.0010241758 0.0010713284 -0.0007160641 -0.0010071937 -0.0024633554 -0.0003788014 0.0011485370 -0.0005695372 -0.0013212983 -0.0022121456 0.0003089831 -0.0008174616 -0.0003078454 -0.0012619813 -0.0012970932 0.0005998649 -0.0010969040 -0.0007536500 -0.0016281464 -0.0000704926 0.0003204904 -0.0000824094 -0.0005035079 -0.0012790646 0.0002909555 0.0000824858 -0.0018609150 -0.0008047717 -0.0010685273 -0.0005658419 -0.0006237809 -0.0021408827 -0.0013521430 -0.0001837058 -0.0011239183 -0.0007313732 -0.0024029680 0.0006836671 0.0011152240 -0.0013762166 -0.0003026759 0.0011924715 0.0003026713 -0.0012212758 0.0009472522 -0.0015038449 0.0009931716 -0.0011973152 -0.0004553196 -0.0019204812 -0.0016523033 -0.0010192543 -0.0015253939 0.0013910584 -0.0012521199 0.0006881015 -0.0000705879 0.0002085756 0.0004018403 -0.0003485986 -0.0007134740 0.0000198707 -0.0021766007 -0.0008057223 0.0003136999 0.0005405747 0.0004973836 -0.0004917252 0.0010469280 0.0012812938 0.0012537475 -0.0011883801 -0.0000023369 -0.0005752326 -0.0012362456 0.0008258361 -0.0011160380 -0.0001986627 -0.0017760857 -0.0021628209 -0.0001639980 0.0012818440 0.0003484348 -0.0018486440 -0.0006918260 -0.0024890383 -0.0000194634 -0.0021355380 -0.0011062775 -0.0018060417 -0.0000277709 -0.0024375976 -0.0018391045 -0.0007676019 0.0004173447 -0.0011769754 0.0000794305 0.0010176068 -0.0003534611 0.0013353685 0.0003549534 -0.0007862902 -0.0000414667 -0.0008770123 0.0003840729 -0.0011555440 -0.0001849584 -0.0001259190 -0.0004645372 -0.0001013091 0.0013666603 -0.0010093147 0.0001959900 -0.0005526710 -0.0018756147 -0.0005870554 -0.0009934850 -0.0013919018 0.0006837023 -0.0017411475 -0.0014930009 -0.0009571224 0.0009996684 -0.0017115612 0.0002869060 -0.0004618729 0.0006380735 -0.0000214263 -0.0017170387 -0.0003832561 -0.0016939510 -0.0023189273 -0.0010921896 -0.0019343290 -0.0014322898 -0.0003775931 -0.0004741676 0.0012217673 -0.0004058731 0.0001310767 0.0003998794 -0.0004511349 0.0004923948 -0.0017663535 -0.0004783534 -0.0001764653 0.0002316504 0.0001797472 0.0005791990 -0.0003655509 -0.0012016913 -0.0019385198 -0.0003889685 -0.0015011803 0.0014315645 -0.0001267097 -0.0019872158 -0.0004563570 -0.0011861691 -0.0001665612 0.0003219194 -0.0010324498 0.0003080992 -0.0005922368 0.0007921991 -0.0019650438 -0.0011794843 -0.0007943276 -0.0010661838 -0.0017570215 -0.0018658100 -0.0005307459 0.0015172007 0.0007338372 -0.0006489423 -0.0010235568 -0.0000066102 -0.0001848245 -0.0021904251 -0.0010159786 -0.0009884723 -0.0015875923 0.0001303414
-0.4024178982 -0.0001566751 0.0472294800 -0.2337711155 0.0005063484 -0.0023363992 -0.1476183236 -0.0115055619 -0.0762495995 -0.0019613141 -0.0013100273 0.1986638457 0.0598804653 0.0685699284 0.0786654428 0.0007389642 0.0008294677 -0.2666769922 -0.0562834218 0.0282595940 0.1109539494 -0.0341538154 -0.1802948862 0.7969534397 0.0013224016 0.0292880181 -0.0001043629 -0.0020542049 -0.1906559765 -0.0256111138 0.2020866424 -0.0156618170 0.2254687101 -0.0761754662 0.0684732050 -0.0881124586 0.0546918996 0.0005070160 0.0008202617 -0.0042130454 0.0308435820 -0.0009802391 0.0043168073 0.0011691549 0.1479618698 0.0419063680 -0.0173910838 0.1556648314 0.0026978052 0.0000700247 0.0008970824 -0.0000684452 0.1327536851 -0.0004117459 0.1530025154 0.1307316571 -0.2469311357 0.0913626030 -0.0029103167 0.0052459165 -0.0082077673 0.0814319253 0.0006957422 0.1970098764 -0.0956691280 -0.0002450403 -0.0260717738 -0.0011843177 0.0015802011 0.0004139486 -0.1563685834 0.0628402457 0.0000422774 -0.0166060347 -0.0966067612 0.0831261650 -0.1159883514 -0.2279541939 0.0785449371 0.0016285102 -0.0012667539 -0.3373114467 -0.0425494350 0.0066544181 -0.0014131702 0.0952617675 0.0005987599 -0.0110093281 0.0017385014 0.0912874714 -0.7464305758 0.0002988232 -0.0008814469 -0.0019759468 0.1455924213 0.0013177254 -0.0701259673 0.0012020834 -0.0005104899 -0.6125274897 0.0027272746 0.0744927526 0.0420730263 -0.3088444471 -0.0722791702 0.0382010043 -0.0414807387 -0.0591409616 0.0001260890 0.0973320380 -0.0523138382 -0.0003285105 -0.0008478943 0.0000704889 0.0009439804 -0.3730131984 -0.1232850403 -0.0017903468 -0.0002762438 0.0025302954 0.0616022423 -0.0003746870 0.0957518518 0.0591619983 -0.0659358203 0.0568554364 -0.3955664933 0.0929624885 0.0016271740 0.0044517107 -0.1873414814 -0.0277084950 -0.0672886968 0.0283968989 0.0002268288 -0.1773274988 -0.1303065270 -0.3508034945 -0.0815296248 -0.0383571796 -0.0002442868 0.0032975862 0.0004447684 -0.0242469814 0.0753961354 0.0008187424 0.0015175680 0.0284935217 -0.1257668436 -0.0404001847 0.1406702995 0.0540861636 0.1433570236 -0.0632205307 0.0012190859 0.1447211206 0.0063167517 -0.1748863310 0.0264087152 -0.0742196590 -0.0820469409 -0.0890411586 0.0623396784 -0.0006922697 -0.0781440735 -0.0860081539 0.0291704964 -0.0387468003 0.0000692384 -0.0000360189 -0.0056040301 -0.0288595017 0.0007022229 -0.0355966464 -0.1040041149 -0.0013124050 -0.0703449994 0.0034641162 -0.0794526339 -0.1329130232 0.1647668779 0.0020291838 -0.0573042557 -0.0003152269 -0.0100921765 0.0106968367 0.0003063309 -0.0132033350 0.0812394768 -0.1080454290 0.0001089022 0.0017838940 0.1214783490 0.1094917357 0.0006671131 -0.0136519866 -0.0951049104 0.6450636983 -0.1947348863 0.0010879629 -0.0029349353 -0.1057725623 0.0257473439 -0.2294567078 -0.0149853965 0.0706768781 0.0313927345 0.0003741614 -0.0008502766 0.0004699632 0.0016265308 -0.0388971306 -0.0771804899 -0.1618458927 -0.0593020767 -0.0007655149 0.0598737709 -0.0006017390 0.0927279368 0.0010291600 -0.0477117039 -0.0003970251 -0.1276533008 -0.0382574052 -0.5565320253 0.0018074791 -0.0656150132 -0.3911792040 0.0011732038 0.0444262363 0.0295219570 0.0372634493 0.0016934016 0.1074002162 0.0014585942 0.1297142804 -0.0345454328 -0.0006876685 -0.0028468654 -0.0140376920 -0.0005248977 -0.3111987114 -0.0452983379 0.3422511220 -0.0020860182 0.0009161790 -0.0008982513 0.0015091051 -0.0110815745 0.0013747626 -0.3800649345 0.0065564923 0.0138988281 0.0013566115 -0.0640129298 0.9009416103
0.0008304151 0.0009001634 -0.0008866978 -0.0002960422 0.0010865262 -0.0008642455 0.0003265035 -0.0008701442 -0.0011580477 0.0002963298 -0.0005994298 -0.0000577802 0.0003049941 0.0006761444 -0.0013892800 -0.0005730308 0.0009065808 -0.0002425073 -0.0013431822 -0.0010695627 -0.0014900261 0.0001211051 0.0003753330 -0.0002723433 -0.0017720809 -0.0014952734 -0.0001178087 0.0006087181 0.0007212645 0.0003215057 -0.0013442332 -0.0015455185 -0.0000695237 -0.0003240143 -0.0008533730 -0.0004212437 0.0007725382 0.0004571309 -0.0010645839 -0.0009277221 0.0004638131 -0.0015478634 -0.0003709528 -0.0013721690 -0.0000160345 -0.0010291110 0.0005003540 -0.0014356889 0.0011694964 0.0001047817 0.0010244569 -0.0010669022 0.0001377901 -0.0012320528 0.0008428297 -0.0000673494 -0.0002029009 0.0004347513 0.0007302323 -0.0000277362 -0.0018175980 -0.0001308262 -0.0003379767 -0.0005109189 -0.0009201900 0.0000041064 0.0000482458 -0.0006281544 0.0011507911 -0.0001725508 0.0003451546 0.0008522202 0.0002028272 -0.0005589723 -0.0005708585 -0.0008831759 -0.0016146025 -0.0009751684 -0.0007735887 0.0000397807 -0.0006143744 -0.0015292285 -0.0001553948 0.0002653716 0.0009249917 -0.0010915747 -0.0012856656 -0.0013946929 -0.0014604235 0.0001469637 -0.0010630320 -0.0016140193 0.0009399967 -0.0013360592 -0.0003468347 0.0002477202 -0.0010144803 -0.0000865094 0.0011356175 0.0003591941 0.0002061083 -0.0015016978 -0.0017885631 -0.0000114389 -0.0007570073 -0.0001402214 0.0001922352 0.0008938471 0.0003966323 -0.0000078831 0.0002702131 0.0001217667 0.0000325787 0.0008226471 -0.0009338078 -0.0015541534 0.0006410035 0.0007576728 0.0004737973 -0.0009449486 -0.0000388529 0.0009024630 0.0007672974 -0.0012237249 -0.0004114508 -0.0010582526 -0.0012896034 -0.0006835414 -0.0001438586 -0.0006216492 0.0006413710 -0.0015526669 -0.0016165397 0.0000463758 -0.0003553312 0.0003271434 -0.0018705091 0.0009489012 0.0007215043 0.0005199543 0.0010525220 0.0005102933 0.0001837062 -0.0012910783 0.0010223286 -0.0013121074 0.0003705546 -0.0009894844 -0.0007110799 -0.0013864050 -0.0012967499 0.0010136705 -0.0012855309 0.0008815659 -0.0012103884 -0.0013070423 -0.0009385207 -0.0006981414 0.0008686189 0.0009192968 -0.0012147963 -0.0016515069 0.0008326535 0.0003255314 0.0001394367 -0.0010844595 -0.0015224294 -0.0012711557 -0.0007210786 -0.0005529757 -0.0016086635 -0.0008494643 0.0005706828 0.0004966523 0.0001304737 -0.0000515982 0.0005740230 -0.0018809834 -0.0006366208 0.0006354093 -0.0017112003 -0.0006138814 -0.0005610450 -0.0009593981 -0.0011271173 0.0002101925 -0.0007120385 0.0004297990 0.0002996615 0.0002163082 -0.0012977418 -0.0003161637 0.0010174919 -0.0010872415 0.0003881296 -0.0004037399 -0.0005247975 -0.0003648725 0.0000489831 -0.0006093361 0.0011686541 -0.0018953249 -0.0011100157 0.0008208291 -0.0004882061 0.0005599635 0.0008731648 -0.0010439948 0.0003796651 -0.0002169052 0.0006006105 0.0002413823 0.0004957328 -0.0005319128 -0.0007569777 -0.0007665781 0.0003595162 -0.0007834639 -0.0018718188 0.0006938755 -0.0008940222 -0.0009892043 0.0001327517 -0.0011936049 -0.0001540206 -0.0005363498 0.0000835395 -0.0003413210 0.0004687131 0.0005561548 -0.0006007902 -0.0009299724 -0.0003074185 -0.0001272093 -0.0009965590 0.0001017130 0.0001584346 0.0006936133 0.0009611115 0.0001429020 -0.0000470041 0.0000351344 -0.0013067010 -0.0009456148 0.0005311056 -0.0006887876 -0.0009562052 0.0000334521 -0.0016740848 -0.0001380410 -0.0005556457 -0.0012992164 0.0009525094 0.0011352792 0.0007755070 -0.0013747765
0.0038950539 -0.0015002890 0.1326601207 -0.1812009513 -0.0000191471 -0.0022532952 -0.2726665139 -0.0108420337 -0.1497117579 -0.0011255925 0.0387148447 0.3223668635 -0.0206029583 0.0336310491 0.0077786758 0.0006786496 0.0010427590 0.0798244402 0.2000329792 0.0723799244 0.1482008249 -0.1417602152 0.0719722435 0.2731483281 0.0005424044 0.0191108920 -0.0001933859 -0.0025484338 -0.1130285487 0.0205930732 0.0096353460 -0.0163213089 0.1620782912 0.0073736380 0.1615149826 0.0845540389 0.0718592033 0.0002278254 0.0012166287 -0.0051961727 0.1707572043 0.0008670443 -0.0027871195 -0.0009184028 0.1008068472 0.1057360023 0.1346154511 -0.0134326555 -0.0018101961 -0.2264563441 -0.0011358757 -0.0006134757 0.1355705112 -0.0008305009 0.0335523151 0.1133369878 -0.0463108122 0.0296908058 -0.0018258527 0.2684171498 0.0105930595 0.1623204201 0.0007034889 0.0505910292 -0.2054116428 0.0003715886 0.0713801906 0.0999927968 0.0091000395 0.0003703459 0.0747364461 0.0396408699 -0.0011850356 0.0088853827 -0.0468040146 0.1719246209 0.1447148174 -0.2399162948 0.0704002604 0.0007906276 0.0286090281 -0.0309543777 0.0372807011 -0.0032221621 -0.0007269800 0.2079057246 0.0000807831 -0.1751634628 0.0008062724 0.0842584223 -0.0873984173 0.1404089630 0.0005855035 -0.0043283990 0.0474831164 -0.0005162224 0.0172414128 0.0003240011 0.0001251347 -0.0969402716 -0.0025583815 0.0774995461 0.0596517809 0.0567755103 -0.0790561810 -0.0727526322 -0.0404010490 0.0355212465 -0.0005073971 0.0575298667 0.1581271738 -0.0003298728 0.0011307293 -0.0009554021 0.0014773662 -0.0117449630 0.0700996518 -0.0019559823 -0.0012529177 0.0023569206 0.0151627911 0.0030430555 -0.0612835698 0.0773691162 0.0416564569 0.0742699727 -0.9271068573 -0.1006229594 0.0002191408 0.0141099757 -0.1390424073 -0.1006886363 0.0238919035 0.1573680341 0.0004227275 0.0163778979 0.1242260635 0.0271933228 -0.0655337349 0.1049315259 -0.0000604065 -0.0028375397 -0.0003151516 0.1821827292 0.0586392470 0.0085341614 0.0008267371 0.1337795556 -0.1400450319 0.1567967534 0.1294166148 0.0803669691 0.0787586570 -0.1649002284 0.0037336743 -0.0674516261 -0.0066522481 -0.1879013330 0.0465731882 -0.0372198820 -0.1087047979 0.0151880039 -0.0243117362 -0.0011829416 -0.2518582046 0.1459028721 0.0631120205 0.0483442061 0.0006675608 -0.0005273471 0.0013338506 0.0673021972 0.0000538124 -0.1805794686 0.1939946115 -0.0022821303 -0.0661241338 0.1079236194 -0.0714883283 -0.0306027085 0.0375743769 -0.0024925342 0.0102865156 -0.0002852207 0.1585766226 0.1601776928 0.0010572568 -0.1313864738 0.0276279356 0.1290052831 -0.0011472743 0.0001100842 0.2335871458 -0.4906214476 0.0001771241 -0.0135146463 -0.1279060394 0.1536412090 0.0502171032 -0.0007348324 -0.0034972241 -0.0287472736 0.0694359690 -0.1802288890 -0.0158183482 0.0937771276 0.1498578787 -0.0000432899 -0.0010343052 0.0005849114 0.0004587332 0.0298221968 0.0884483755 -0.2112746239 -0.1433727741 0.0006122399 0.0468775481 0.0003777842 -0.7194725275 0.0005901828 0.0461226664 0.0012334361 0.1020217463 -0.0022276354 0.1596745402 -0.0008773283 0.1076128930 0.0638845265 -0.0018342281 0.0274957083 0.0843413994 -0.0131310308 0.0004409650 0.1411556751 0.0007305797 0.0462279283 0.1218764782 -0.0039029480 -0.0694068000 -0.0158040524 -0.0004290062 0.1067148447 -0.0113338763 0.2693964541 -0.0015002554 0.0009976273 -0.0014943085 0.0604510456 0.1173849925 -0.0000909335 -0.2265172601 0.0029515307 0.1207064688 -0.0004941032 0.1758595854 0.1510171294
-0.0669082925 0.0000824898 -0.1339326203 0.0189699586 0.0002134350 -0.0014450501 -0.1278187782 0.0082563264 -0.0189944338 -0.0022072629 -0.1308128238 0.1254781932 0.0047172052 0.1501903683 -0.0106732463 0.0005520438 0.0004100584 -0.4984131753 -0.1479574442 0.0327074490 -0.1157009155 -0.0927702263 0.6830984354 -0.4526475966 0.0012853143 0.0452730805 0.0010971529 -0.0037498001 -0.0014785537 -0.0378572010 -0.3489063084 -0.0356837884 -0.1244543195 -0.0720850602 -0.0293442681 -0.6081613302 0.0468329675 -0.0015955276 0.0016525363 -0.0031483781 -0.1434865445 0.0018357523 -0.0023604103 0.0000466502 -0.1055793688 -0.0048053921 -0.2683664262 -0.3829281032 0.0029518018 -0.1032708138 -0.0000063097 -0.0001947926 -0.2574565709 0.0003526266 0.0354756080 0.0425390974 -0.0454209596 -0.1155837327 -0.0027978001 -0.0290840678 -0.1449387074 -0.2060181648 -0.0010031302 -0.2008569688 0.0443351343 -0.0014094546 -0.0068965559 -0.0508755334 -0.0455865450 -0.0007649662 -0.3977523446 0.0741642639 -0.0009716859 -0.0060108961 -0.1497481167 -0.1066435054 -0.5103343129 -0.5794771314 -0.1381923705 -0.0003273321 -0.0084290914 0.2174763978 0.3350718319 0.0109499535 -0.0002270527 -0.0265460555 -0.0002673975 -0.1027330533 -0.0007001734 0.2416468263 0.0231523085 0.3513687551 -0.0007491761 -0.0044241846 0.7278707027 -0.0000804888 -0.0124214860 0.0003806062 0.0010690105 0.1251121759 -0.0005237238 -0.1619885564 0.0496916436 -0.0184857585 -0.1232349575 0.3395592868 0.0276748799 0.0128886476 0.0013105818 0.0061211404 0.1588551104 -0.0013570506 0.0017210491 -0.0005095240 -0.0000652457 -0.0605159216 -0.3678516746 -0.0004862189 -0.0008278802 -0.0011558209 -0.0479880981 0.0000691444 0.2021862119 0.0353507511 -0.0381327756 0.0483144484 0.2377706915 0.1146166921 0.0013597292 0.6577305794 0.0087781157 0.3966439366 0.0549915433 0.1330815852 0.0004222917 -0.2091774493 -0.0555363782 0.0165352244 -0.1561959386 -0.1082966775 0.0001192319 -0.0025928782 -0.0004046221 -0.4002356827 -0.0427036546 -0.0072893160 0.0001578479 -0.0269289818 0.1482312530 -0.0123635996 -0.0641938746 0.0523332469 0.2837582529 0.1689172536 -0.0010721392 -0.3086406291 0.0557124130 0.0750053450 0.0262173731 -0.3487176001 -0.0770126879 -0.0214490015 0.1124396697 0.0010553440 0.4021193385 0.0989399701 -0.0345161147 0.0529350638 -0.0015967429 0.0001303211 0.0617981218 -0.0425660834 0.0011957079 -0.2980178595 -0.0699248165 -0.0024121134 0.0269757044 -0.1096648946 -0.0099743307 0.0075955084 -0.0069602467 0.0012460216 -0.2497895211 -0.0007360758 0.0136569096 -0.1446050107 0.0011400783 0.0373711251 0.3822768331 0.0069496739 -0.0001621506 -0.0005454599 -0.0520387515 0.0313815363 0.0008510396 -0.0213841368 0.0962632969 0.8720863461 -0.1276617795 0.0001227708 -0.0020036942 0.0721326619 -0.0646683723 0.0232357401 0.0512147360 -0.1243549213 -0.1122533306 0.0012485171 -0.0004877424 0.0010882351 -0.0004320667 0.0629943460 0.0969464108 0.0048442427 0.0238693710 0.0005465613 -0.0095838122 -0.0005889452 0.2241220325 0.0000285745 0.0033334994 0.0010305826 0.4353887141 -0.4630984068 0.1575499028 0.0007532542 -0.2507691681 0.3669426143 0.0013417387 0.0405554920 -0.6350139380 0.0338203125 -0.0009642741 -0.0466980711 0.0005277011 0.0190516170 -0.1124261692 -0.0012834423 -0.0519951433 0.1340627074 -0.0013456080 -0.1298188418 0.0878168344 -0.2170037627 -0.0016467951 0.0011273054 0.0000411504 -0.1197439581 -0.0205381382 -0.0033538411 0.2497829795 0.0313891806 -0.0670366511 -0.0002793428 -0.0525006838 0.1728715599
-0.0006362722 -0.0002100922 -0.0017948842 -0.0008293537 -0.0011683933 0.0004522194 -0.0021867487 -0.0011274837 0.0009349042 -0.0001780603 -0.0016620193 -0.0007862287 -0.0018664513 -0.0012908099 -0.0019831150 -0.0019124507 -0.0015797474 -0.0010864509 -0.0008791065 -0.0023864815 -0.0003905916 0.0007106473 0.0000515470 -0.0013196545 0.0009160667 -0.0011600667 0.0004490982 0.0003623474 -0.0005006971 -0.0009796300 -0.0011488670 -0.0006248783 -0.0019200378 -0.0009637940 0.0008077318 -0.0016243350 0.0000342401 0.0007035547 -0.0001219769 0.0003641545 -0.0007468156 -0.0011684640 0.0002898170 -0.0007118791 -0.0007661328 -0.0010301184 0.0000819242 0.0012105677 -0.0006409241 -0.0001423836 -0.0010575884 -0.0000048405 -0.0014140353 0.0010480147 0.0002889488 -0.0017298637 -0.0002827695 0.0000584597 0.0003846280 -0.0010299875 0.0005048981 0.0003720105 0.0005798552 0.0006468481 -0.0019060924 0.0003274002 -0.0033941949 0.0004056299 -0.0012502380 0.0009357585 -0.0011413911 0.0001146255 0.0001287620 -0.0016765232 0.0003931406 -0.0000069364 -0.0007851868 -0.0006996646 0.0002385840 -0.0016081381 -0.0003149056 -0.0009804904 -0.0023717876 0.0006812790 0.0014336712 -0.0017016371 -0.0003714439 -0.0002408917 -0.0015889495 0.0003176962 -0.0004611086 -0.0005833966 0.0011263584 0.0003447008 -0.0011668665 0.0006923625 -0.0016650804 0.0004348021 -0.0018294198 -0.0013247960 0.0006231414 -0.0002191293 -0.0029411591 -0.0012939678 -0.0008973187 -0.0006107431 -0.0015712626 0.0006582987 -0.0010128915 -0.0019432866 -0.0002992774 0.0001711083 0.0002259924 -0.0002718049 0.0004182385 -0.0001345960 0.0000184104 0.0011194412 -0.0013825879 0.0006074700 -0.0004597320 -0.0012186082 0.0004965640 -0.0026182055 -0.0009695703 -0.0007690606 -0.0011183349 -0.0006636931 -0.0017794954 -0.0023931209 -0.0000516995 -0.0010326958 -0.0006956268 0.0004295708 -0.0008091618 -0.0011384359 0.0002450393 -0.0009121457 -0.0012667056 -0.0020086369 -0.0002794770 0.0005101801 -0.0008436618 -0.0017572368 -0.0015419290 -0.0017617532 -0.0006132558 -0.0009352114 -0.0013611510 -0.0005297952 -0.0011481172 -0.0014516851 0.0003852902 -0.0012077633 0.0002668701 -0.0016661842 -0.0023735904 0.0010997220 0.0002705781 -0.0016129477 -0.0002559641 0.0007950122 0.0003428158 -0.0002563260 -0.0012483405 -0.0005565794 -0.0005447792 -0.0014225902 -0.0017143466 0.0004467503 -0.0011646879 0.0005838551 -0.0005278551 0.0000056996 0.0002682894 0.0010306642 -0.0017424594 -0.0015501181 -0.0017045269 -0.0005385323 0.0009463380 -0.0007313480 -0.0016853590 0.0000731630 -0.0011561494 -0.0013414585 -0.0016163473 0.0008912026 0.0001547881 -0.0017978887 0.0008082810 -0.0014278289 0.0004240316 -0.0010753996 0.0005133853 -0.0002773223 -0.0001885139 -0.0006621347 -0.0001871471 -0.0006149448 -0.0016814922 -0.0005783220 -0.0009931331 -0.0004355891 -0.0000987094 -0.0006983618 -0.0018908887 -0.0003431342 0.0004220677 -0.0013606302 0.0000499896 -0.0002801111 -0.0014290987 -0.0000504669 0.0010212176 -0.0009195469 -0.0005511879 0.0009147549 -0.0007279012 0.0011587441 -0.0015806047 -0.0015981368 -0.0004195402 -0.0000572810 -0.0016353031 -0.0007709702 -0.0002033233 -0.0028977613 -0.0007159657 -0.0007692053 -0.0003773114 -0.0014209059 -0.0014268506 -0.0028168589 -0.0018079425 -0.0020558657 -0.0002757480 0.0004619707 -0.0000107066 -0.0026368177 -0.0014382121 -0.0015765431 0.0001168575 -0.0009759495 -0.0016717243 -0.0014794053 -0.0013430864 -0.0008444324 -0.0008296880 -0.0015518161 -0.0018440343 -0.0012474501 -0.0020581596 -0.0016233608 -0.0009319249 0.0003721072
0.0000355865 0.0007167805 0.0010959895 0.0006109420 -0.0011722936 -0.0006654430 0.0007386339 -0.0001920360 -0.0005195657 0.0008040749 -0.0009999595 -0.0017686585 0.0010063472 -0.0017380420 0.0005881662 -0.0007083756 0.0010125496 -0.0017813449 -0.0014151514 0.0003916363 -0.0013497650 0.0000565543 -0.0017119824 0.0001463951 -0.0001054249 -0.0016793552 -0.0000071182 -0.0000299480 -0.0010323308 -0.0009169131 0.0008761547 -0.0007588114 0.0012014634 -0.0005936061 -0.0014794944 -0.0005362990 0.0000536950 -0.0011703932 -0.0001704113 -0.0009666855 0.0011143092 0.0004141502 -0.0011482094 -0.0003257307 -0.0000719061 -0.0017342075 0.0004091249 -0.0015515245 -0.0001198827 -0.0005214727 -0.0017791084 -0.0017658925 0.0002450004 0.0003382141 -0.0014863657 -0.0005767082 0.0002789525 0.0003366578 0.0007200085 -0.0012435457 -0.0002278797 -0.0002061819 -0.0008496988 -0.0009487272 -0.0007872888 -0.0006056293 -0.0012932221 -0.0011054891 -0.0014552989 -0.0014697216 0.0002445627 -0.0010300563 -0.0005376209 -0.0015927042 0.0006301269 0.0004977709 -0.0009256999 0.0010193703 -0.0014370657 -0.0009661384 -0.0014674792 -0.0017667382 0.0010150630 -0.0001096935 0.0011280117 -0.0010370880 -0.0004240178 0.0000536998 -0.0008694608 -0.0009862874 0.0009273097 -0.0008643831 0.0000289892 0.0005190591 -0.0000273525 0.0001610184 -0.0002862512 0.0002225887 -0.0005230143 -0.0008502295 0.0005813544 0.0004093922 0.0000450903 -0.0011409736 -0.0014369121 -0.0014992581 -0.0002681213 -0.0013788586 0.0007898182 0.0003057474 -0.0017510294 0.0006827154 -0.0005203444 -0.0016608598 -0.0006876865 0.0011161404 0.0001706776 0.0001550973 -0.0013354257 -0.0009711944 0.0006411737 -0.0016311618 0.0002239520 -0.0016056031 0.0007514935 -0.0000334395 -0.0015531164 -0.0002556201 -0.0012354796 -0.0009575796 -0.0004370766 -0.0006178468 -0.0013185983 -0.0016796596 -0.0000083936 0.0002923078 -0.0013678949 -0.0015950444 -0.0008493612 -0.0001587724 0.0010542432 0.0008232704 -0.0001679969 0.0009333484 -0.0010866288 0.0003427944 0.0010126147 -0.0003951900 -0.0013357257 0.0010288903 0.0010463666 -0.0012012671 0.0006822043 0.0002324163 0.0008394592 -0.0000263489 -0.0008975860 -0.0004051008 0.0001121033 0.0003043604 -0.0001965828 -0.0005894849 0.0005347740 0.0009959136 -0.0002670641 -0.0000119956 -0.0017897871 0.0003632564 -0.0001965369 0.0008220423 -0.0011349351 -0.0018044743 0.0010701994 -0.0006184391 -0.0010534378 0.0003709676 0.0011704700 -0.0012785356 0.0000475439 -0.0016877083 -0.0002933732 -0.0007302089 -0.0006441186 -0.0004941875 -0.0017974856 -0.0012005412 -0.0007953994 -0.0009499150 -0.0000205108 -0.0005467127 0.0012225875 0.0011417137 -0.0002733472 0.0009776456 0.0001232184 0.0004966070 -0.0000499197 -0.0013075169 0.0011602801 -0.0006092048 0.0003072355 -0.0012026104 -0.0005741054 0.0000836507 0.0001416061 0.0009756438 0.0008598294 0.0007872343 -0.0001043411 -0.0016045973 -0.0006379035 -0.0007896121 -0.0008549444 0.0008722894 -0.0009789392 -0.0001721641 -0.0010370880 0.0008625648 -0.0000555017 0.0006871152 -0.0014567984 0.0002126574 -0.0008217772 -0.0005083465 -0.0011289954 0.0008143149 -0.0010859341 -0.0000129984 -0.0015429857 -0.0000574718 0.0009964498 0.0002316950 -0.0016878446 -0.0009707424 0.0006778010 -0.0016358373 -0.0016249287 0.0006904723 -0.0000037358 0.0011534423 -0.0016893201 0.0002349230 -0.0002712657 0.0010356278 -0.0013160582 0.0010071276 0.0008135603 0.0009641854 -0.0004855247 0.0005579663 0.0000423455 0.0000926384 -0.0009982976 -0.0001489162 0.0001112727 -0.0009139428
-0.0020590445 0.0006878705 -0.0022556647 -0.0013781791 -0.0004047419 0.0006410754 -0.0009790761 -0.0004855893 -0.0018977892 0.0012113412 -0.0015757328 -0.0019723168 -0.0010307557 -0.0002280986 -0.0014939201 -0.0006304996 -0.0008661653 -0.0012277073 -0.0012960878 -0.0004214997 -0.0005311106 -0.0001402730 -0.0022056520 -0.0010387345 -0.0001621707 -0.0002251774 -0.0002487221 -0.0006380089 -0.0011968692 -0.0015045292 -0.0023216994 0.0005669889 -0.0017941619 0.0005725612 0.0004775655 -0.0023292161 0.0005150839 0.0014470718 -0.0014640314 -0.0007272038 -0.0007822740 0.0002963637 0.0008290009 0.0014643782 -0.0009222531 -0.0016424782 -0.0011172196 -0.0007469730 0.0008193118 0.0003713311 -0.0011543743 -0.0013978997 0.0002790317 -0.0000856468 -0.0000031845 0.0006607284 0.0003210967 -0.0007931343 -0.0008725513 -0.0008541206 -0.0013577363 -0.0008125883 -0.0002447823 -0.0020670765 0.0000105233 0.0010966196 -0.0015120355 -0.0021147339 -0.0010166439 -0.0000323411 -0.0022057823 -0.0015069203 -0.0015130929 -0.0013848599 -0.0014359966 0.0003372201 -0.0020187225 -0.0018486473 -0.0013911973 -0.0009765672 -0.0003738390 -0.0014586647 0.0002589418 -0.0009509751 -0.0001797065 0.0005875540 -0.0002892537 -0.0009679003 0.0013316863 0.0003899710 -0.0017255468 0.0006239124 0.0001003470 -0.0004490780 -0.0004929370 0.0012225462 0.0002975385 0.0002537861 0.0004750295 -0.0010475968 -0.0012678886 -0.0009188668 0.0001401577 -0.0009570311 -0.0011610693 0.0006418982 0.0004565356 0.0002486311 0.0013974941 -0.0016584853 -0.0002021712 0.0003163018 0.0000104762 0.0001490345 0.0009902893 -0.0003091179 -0.0004075282 0.0001908716 -0.0007223155 -0.0006539538 0.0002540958 0.0002915612 0.0006746009 -0.0005020440 0.0000850267 -0.0020058951 -0.0012184315 -0.0011705213 -0.0004359635 -0.0002980160 -0.0015743567 -0.0002263306 -0.0016550991 -0.0019805741 -0.0003878905 0.0004091224 -0.0010335175 0.0006475427 -0.0016357269 -0.0017798141 -0.0012825901 0.0005734614 -0.0005385565 -0.0009261015 -0.0013064090 -0.0001675108 0.0006013830 -0.0011951806 -0.0021407628 -0.0012568311 -0.0001813619 -0.0006134345 -0.0016270246 0.0001004008 0.0011936151 -0.0002565164 0.0001051190 -0.0018655470 -0.0001678011 0.0002054428 -0.0023251879 -0.0013590690 0.0004687887 -0.0014804042 -0.0009890038 -0.0005854759 0.0001613636 -0.0016076958 0.0014828430 -0.0009923985 -0.0007939500 -0.0011337982 0.0014331354 0.0006938739 0.0000801421 -0.0004179736 -0.0006377872 -0.0023038739 0.0005652856 -0.0010606432 -0.0019527785 0.0010331162 0.0001046092 0.0004457367 -0.0009104084 -0.0015219414 -0.0014207632 -0.0016587410 -0.0011677390 -0.0011980193 0.0004104590 0.0013344404 -0.0022332228 -0.0001984788 -0.0011536813 -0.0008503970 -0.0006548112 0.0001709202 -0.0009511656 -0.0007996518 0.0006077311 -0.0020273400 -0.0013237650 -0.0020868042 0.0002119210 -0.0011031000 -0.0020837202 0.0002587099 -0.0004091690 0.0010615009 0.0011450920 -0.0018205274 -0.0015634440 0.0000524845 -0.0013069939 -0.0012500212 -0.0007506233 -0.0010686080 0.0006147576 -0.0005089474 -0.0015071917 -0.0006003332 0.0005383919 0.0005297238 -0.0014368728 -0.0009214836 -0.0003313312 0.0003362541 0.0014154727 -0.0012632458 0.0004648711 -0.0008645673 0.0010733241 -0.0021709395 -0.0008625955 -0.0012990001 -0.0010923736 -0.0008631526 -0.0009106222 0.0005126093 -0.0007178065 -0.0020280133 0.0003312531 -0.0002499096 0.0010629243 -0.0005025275 0.0011740137 -0.0018196622 0.0008080981 0.0000051508 0.0001276480 0.0005406984 -0.0005589233 -0.0007115398 -0.0003478876 -0.0022593085
-0.0883346871 0.0002771292 0.1011620685 -0.0065206476 -0.0009313496 -0.0027369561 -0.0378647298 -0.0274174660 0.1891915500 -0.0017836918 -0.2101077437 0.0021439444 -0.1013953611 -0.1004822776 -0.1193633229 -0.0005107376 -0.0005090709 0.1929003894 -0.0664055869 0.0153254187 -0.4466817379 0.1849131733 0.0676212013 -0.1956328452 -0.0003578199 0.0317507088 0.0000472614 -0.0041982322 0.0700073466 0.0712741390 0.0030191320 0.0093983477 -0.2811026573 0.3147943318 -0.4966053069 0.0470022000 0.0216763932 -0.0018315975 0.0008814646 -0.0047016130 -0.0827075094 0.0000312907 -0.0027540752 0.0002538201 0.0408950150 0.2599089742 -0.1581477225 0.0642967448 0.0007750667 0.0523216315 0.0002055790 -0.0008570842 -0.2652583718 -0.0002499922 0.0798696876 -0.0343266875 0.0633439645 0.0586618148 -0.0015884499 0.4066290557 0.5453070998 0.0474714302 0.0005643641 -0.2816030383 -0.2226577699 0.0008016431 0.0447683521 -0.0101912227 0.0608810522 -0.0000255573 -0.1544607431 0.0191393849 0.0010482607 -0.0550042763 -0.1344846636 0.3236182928 0.1158345640 -0.1269761473 0.0856551081 0.0002451485 -0.0872255713 -0.0028001040 0.0711764321 -0.0621018894 0.0004462023 -0.1308107525 0.0016489652 0.3541029096 0.0002670155 -0.4740558267 0.0055183214 0.0480807610 -0.0004116285 0.0013543593 -0.0636083335 -0.0014785080 -0.0393589474 0.0016318136 -0.0004394208 -0.1957277656 -0.0028485216 0.0752280578 0.0590613857 0.1735175252 0.2523594201 0.2296845913 0.1783828139 0.0747160986 0.0024406142 -0.0261346512 -0.0458998531 0.0006613756 0.0005222807 -0.0009522359 0.0017114547 0.1627636850 0.0049436819 -0.0026694241 -0.0005428463 -0.0015260045 0.1876895428 0.0001079830 -0.0109523563 0.0410504825 -0.0610395372 0.0372924060 -0.1900689006 0.2784953117 0.0016542933 -0.0429661945 0.1855319589 -0.0069442331 -0.0116981734 -0.1972194165 -0.0018051817 -0.2172545940 0.0599758215 0.0230235290 -0.6376692653 -0.1164533198 -0.0013338748 -0.0009642293 0.0006391785 0.0763227120 0.0453042015 0.0418054312 0.0009436761 -0.0795915872 -0.3227870464 -0.0399369933 -0.1955804080 0.0628366172 0.0587486997 0.4365757108 -0.0004607660 0.0512897372 0.0128018931 -0.1944404244 -0.1237593293 -0.1315021217 -0.1798039973 -0.1413370818 0.0048563466 0.0004560163 -0.2820470631 0.0065199137 0.0376212224 -0.0577975325 0.0012027767 -0.0008524205 -0.0005932827 -0.2408173084 -0.0010419459 0.0295183808 -0.0773082376 -0.0031905663 0.2429443747 -0.0449256785 0.0653092191 -0.1849292219 0.1850262135 -0.0023314336 0.0614766255 -0.0003039046 -0.2132011652 0.0242404509 0.0003224396 0.1450152993 -0.1079200879 -0.0872192830 0.0000504344 0.0010935761 -0.0197416916 -0.1508356333 0.0011706657 0.0174124911 -0.0537538454 0.0827979445 0.0500072204 0.0015558916 -0.0034814100 0.0431901626 0.0128738228 0.0085714431 -0.0440974534 -0.0941820070 0.2575921714 0.0002161881 0.0004109538 0.0009586134 -0.0011802302 -0.0274843425 0.0037296005 0.2111213058 0.0421528146 0.0006479800 -0.0176105238 0.0003227265 0.1986565143 0.0008791809 -0.0118774073 0.0008795903 -0.0623043962 0.0683695674 0.2470892817 -0.0007149965 0.0717840269 -0.0813538656 0.0005899525 -0.0591465905 -0.0772233978 -0.0846025348 -0.0004764970 -0.2098636329 -0.0008978808 -0.0273443293 -0.4733643234 -0.0005941171 0.2117650509 0.3527030051 -0.0004407021 -0.2520764172 0.2637000680 -0.7872326970 0.0010081987 0.0003776186 0.0004040952 0.1879117340 0.3668710887 -0.0010432692 -0.1560030878 -0.0049288552 0.1512934417 0.0010503705 -0.0179395489 -0.0497167371
-0.0004370364 0.0007882197 -0.0006652708 0.0004269954 -0.0007594844 0.0014436010 -0.0004372358 -0.0016963145 0.0007356326 -0.0009445695 0.0004297796 0.0011259504 -0.0004409964 -0.0016105331 0.0011330222 -0.0007552960 0.0004750629 0.0004973481 -0.0016471251 -0.0015046550 0.0005934422 -0.0004778138 -0.0002942978 -0.0016081211 -0.0011283295 0.0001363775 0.0012016417 -0.0008715836 0.0007971411 -0.0004960570 -0.0000240192 -0.0017143002 -0.0007429696 0.0000815632 0.0000727508 0.0010967710 -0.0014687462 -0.0006114140 0.0001226609 0.0001987286 -0.0015613764 -0.0002150455 0.0007057448 -0.0014725407 -0.0001223522 0.0000943269 -0.0000669624 0.0005888680 -0.0011778349 -0.0012076723 0.0011622088 0.0003215186 0.0001477097 -0.0014178556 0.0011066711 -0.0005712049 -0.0011088698 0.0008780330 -0.0001548475 0.0008798646 0.0007650859 0.0009092735 -0.0004217974 -0.0000918097 0.0000784072 -0.0000949272 0.0008121397 0.0003994214 0.0002561664 -0.0011451059 0.0004795403 -0.0013022078 -0.0004041228 -0.0005135561 -0.0006321037 -0.0011538345 -0.0006612792 -0.0002247326 0.0008153638 0.0000614994 -0.0003301954 0.0010443113 -0.0011041188 0.0002427344 -0.0000417593 0.0002522941 -0.0000331280 0.0006211654 -0.0007792572 -0.0001917714 0.0003562203 -0.0005514053 0.0009503171 0.0006460828 -0.0006314313 -0.0003855658 0.0009224361 -0.0004741833 -0.0016019504 -0.0003122169 0.0000884805 -0.0002337109 -0.0013033239 -0.0008841650 -0.0017227802 -0.0016770466 -0.0016583526 -0.0009649881 0.0010030140 -0.0008288643 0.0008425392 -0.0015600723 0.0003140643 -0.0002459874 -0.0002903295 -0.0011046323 -0.0017480438 -0.0013222256 -0.0003653919 -0.0003454540 0.0000310737 -0.0012644775 -0.0002421630 -0.0008237253 -0.0016983827 0.0009388452 0.0002754334 -0.0010613418 -0.0000670331 -0.0007471798 -0.0017294161 0.0000128977 -0.0004147239 0.0009628786 -0.0007233102 -0.0012146641 -0.0004351655 -0.0006659530 -0.0013395249 -0.0011000064 -0.0017171117 0.0005075633 0.0007467428 -0.0017754689 -0.0016652826 -0.0011125976 -0.0010772496 -0.0011306886 0.0004829511 -0.0008559931 -0.0000506531 0.0006017159 0.0000437298 -0.0002762360 0.0004380023 -0.0005674265 -0.0012576305 -0.0004823719 -0.0013994232 -0.0004083532 -0.0011704465 0.0000947970 0.0010153744 -0.0002531486 0.0000799073 -0.0002550337 0.0004090579 -0.0010811337 0.0007163992 0.0000792837 0.0004678524 -0.0007935068 -0.0003596614 0.0002547859 0.0006755053 0.0008772803 -0.0011543175 0.0010723289 -0.0009957704 0.0007098307 -0.0009146433 0.0003674939 -0.0015342213 0.0004173087 -0.0017298214 0.0006738171 -0.0006016818 -0.0017459651 -0.0006100700 0.0007060411 -0.0002881077 0.0005350847 0.0000662602 0.0001464962 0.0009977621 0.0001173903 0.0011646360 0.0007172202 0.0010789082 0.0001622924 0.0011901170 0.0005477961 -0.0010600552 -0.0003641327 -0.0018099998 -0.0016421246 -0.0010907444 -0.0000448096 -0.0013690749 0.0010962270 -0.0008068311 -0.0011060605 0.0003642248 -0.0010766588 -0.0012900891 0.0006607695 -0.0010094276 -0.0008292485 -0.0002731666 -0.0015972193 -0.0017774942 0.0010850738 0.0004118348 0.0007077195 -0.0002192336 -0.0000761460 -0.0016335386 0.0005405968 0.0001406033 0.0008828925 0.0005979174 -0.0011485708 -0.0006182583 0.0009401236 -0.0007300447 -0.0003364862 -0.0017505597 -0.0013334530 -0.0013427421 0.0010156856 0.0006273462 -0.0008456025 -0.0014120057 0.0001181146 0.0001395250 0.0009693901 0.0010027040 -0.0010155138 -0.0011566039 -0.0005964339 0.0011413067 -0.0002702753 -0.0003184857 -0.0010495686 0.0001553542 0.0008918411
0.0007542546 0.0003402742 0.0001807705 -0.0011458957 -0.0012758749 -0.0011202449 0.0008096074 -0.0002419779 0.0001828207 -0.0012185971 -0.0004164664 -0.0015253113 -0.0005618701 -0.0000085130 -0.0005272350 0.0006085209 -0.0014566071 -0.0018172327 -0.0008372788 0.0004660582 -0.0004396853 -0.0013122170 0.0007163577 -0.0012149228 0.0000199703 -0.0010515695 -0.0010687702 -0.0014062432 0.0001235909 0.0004469079 -0.0010869250 -0.0004705673 -0.0003964604 0.0007275320 0.0006126938 0.0003437329 0.0001013469 -0.0007219238 0.0009477952 0.0006124906 -0.0003626915 0.0009081658 -0.0001676699 0.0003400592 0.0007456266 -0.0017238233 -0.0000914897 0.0003615255 -0.0012065744 0.0003496740 0.0008057912 -0.0011087998 -0.0004254573 -0.0007520654 -0.0002409090 -0.0012784094 -0.0007010254 0.0000419615 -0.0013430845 0.0001953487 0.0002513401 -0.0009242335 0.0008716249 0.0008889076 -0.0008557635 0.0011517573 -0.0016117042 -0.0000931967 -0.0011593505 -0.0000495574 0.0010572542 0.0004129354 0.0005245143 0.0007526584 0.0005549748 -0.0013945847 -0.0016157839 -0.0015746488 -0.0007295087 -0.0012258117 0.0001989375 -0.0017473956 0.0005243987 0.0010214712 -0.0010716704 -0.0004757379 0.0009189265 0.0005985642 -0.0006174850 -0.0011596718 0.0006028650 -0.0004013030 -0.0001840121 -0.0013124739 0.0000452060 -0.0008195210 -0.0007592724 -0.0002166142 0.0011102844 0.0007573867 -0.0003523716 -0.0017051438 0.0000298337 -0.0012132042 -0.0007417213 -0.0007868255 0.0010392136 -0.0010196759 -0.0008822118 -0.0014989364 -0.0009595326 -0.0012027352 0.0000763869 0.0010111399 0.0002615338 -0.0001019350 -0.0016995196 -0.0001039195 0.0012699154 -0.0013955639 0.0007059046 -0.0004696329 -0.0017343010 -0.0014404198 0.0008905984 -0.0000531169 0.0007187604 -0.0017666958 -0.0007982960 -0.0012709233 -0.0012535569 0.0000003094 -0.0004314091 -0.0010062489 -0.0013433939 0.0006281048 -0.0005150391 -0.0015600398 0.0004291146 0.0002365705 -0.0009504159 0.0003307764 -0.0019086420 -0.0005189110 -0.0010186895 -0.0012881949 -0.0011514608 0.0002255199 0.0002506744 0.0003701853 -0.0008191220 0.0006260737 -0.0016873078 -0.0002429438 0.0004886143 -0.0006174038 0.0002432122 -0.0014450280 0.0007253649 -0.0018257803 0.0010378800 -0.0004382091 -0.0003201535 -0.0005061938 0.0000672125 0.0002997745 -0.0004423677 -0.0010407820 0.0004453900 -0.0003101648 -0.0012237182 0.0009973926 0.0008438398 -0.0017774920 -0.0007535294 0.0005600713 -0.0011652546 -0.0014917837 0.0006088912 -0.0013989691 -0.0003826832 0.0011617127 0.0008379040 -0.0017115865 0.0008099204 -0.0003241437 -0.0001988193 -0.0006757342 -0.0007503064 -0.0001111891 -0.0017833735 -0.0002970976 -0.0003945115 -0.0015555555 -0.0016477029 0.0010962404 -0.0010994721 0.0008940378 -0.0007757680 0.0007033520 0.0006530397 0.0006672462 -0.0006920302 -0.0003220455 0.0006206215 0.0003510396 -0.0000065020 -0.0011234503 0.0007039853 -0.0003066940 -0.0018343707 0.0009210415 0.0010094362 -0.0011985203 -0.0008206976 -0.0016059934 -0.0017599502 -0.0007077417 -0.0003076865 0.0002732142 -0.0001549997 0.0003167602 -0.0002833220 -0.0003306030 -0.0015820827 0.0001529165 0.0000659677 -0.0006152959 -0.0000220981 0.0009454404 -0.0016097550 -0.0004326594 0.0003195065 -0.0000764571 -0.0017415297 -0.0000240001 0.0000269400 -0.0003201543 0.0011029725 -0.0003619282 -0.0016936898 -0.0007008386 0.0001864651 -0.0011870841 -0.0008233933 0.0008720134 0.0001234602 0.0008942978 -0.0005293276 0.0009512820 -0.0004136031 -0.0002856827 -0.0009948645 -0.0009583958 0.0002848068 -0.0016819059
-0.0003579149 -0.0015952396 0.0011244154 -0.0013564598 -0.0010495649 -0.0013543008 0.0006174541 0.0007055837 -0.0016648454 0.0003878317 -0.0015996237 -0.0008274974 0.0010662264 0.0009709378 0.0012068563 -0.0016844328 0.0002224236 -0.0008920432 0.0002884230 -0.0011099157 -0.0003175343 0.0008895086 -0.0010951239 -0.0005909856 0.0002751725 -0.0009692684 0.0003670018 0.0003578259 -0.0015529587 -0.0009054564 -0.0017950695 0.0012105919 -0.0002430617 -0.0009958020 -0.0013056216 0.0008001972 0.0000388824 -0.0004365334 0.0006622898 0.0010088288 0.0000679209 0.0005056688 0.0002054219 -0.0009839950 -0.0002757679 -0.0003119622 -0.0012146322 -0.0012290240 0.0010411695 -0.0001415605 0.0003139692 0.0011573278 -0.0000900610 0.0009616573 -0.0014386729 -0.0015824862 -0.0017414618 -0.0013131982 -0.0014836247 -0.0014200265 -0.0018339535 0.0007140989 0.0005001927 0.0005836621 -0.0011029673 -0.0009675266 -0.0014343562 -0.0001212276 0.0002507049 0.0010588951 -0.0003088400 0.0003089299 -0.0013868156 -0.0005729779 -0.0002123223 0.0000680599 -0.0007475488 -0.0009662188 0.0005704259 -0.0010952421 -0.0017601813 0.0000222681 -0.0007211785 -0.0014041794 -0.0005007379 0.0002599625 0.0010849732 -0.0006039294 -0.0004295389 0.0004829021 -0.0018289797 -0.0013435021 0.0001089940 -0.0001241000 -0.0011882146 -0.0011881877 -0.0000778281 -0.0010805152 0.0006553296 0.0005327898 0.0000271682 -0.0017794680 -0.0002842459 -0.0002973840 0.0011538978 -0.0015986090 -0.0015509147 -0.0014732318 0.0008963560 -0.0007742710 0.0006892678 -0.0012525157 -0.0017043651 0.0011840878 -0.0006494877 -0.0007516128 -0.0016787127 -0.0007329243 0.0014055632 -0.0016895343 -0.0011768178 -0.0008965375 0.0007136065 -0.0015076959 -0.0007539964 -0.0008478169 -0.0002456338 0.0008664841 0.0006749750 -0.0015482664 -0.0012633244 -0.0011532357 -0.0000079566 -0.0010787110 -0.0009675204 0.0010572569 0.0003878618 0.0001999232 -0.0003521758 0.0003032551 0.0001737510 -0.0002618462 -0.0010408610 0.0010379090 0.0005809352 -0.0011978272 -0.0007313263 0.0007944616 -0.0011308134 -0.0000389983 -0.0010784277 -0.0001389469 -0.0007699563 0.0008555138 -0.0014676015 0.0001895871 -0.0014834160 -0.0015416510 0.0009999271 -0.0010527726 -0.0007409792 0.0005407601 -0.0012020338 -0.0011419010 -0.0016685841 0.0006379618 0.0010727945 0.0009253221 0.0002307141 -0.0001632934 -0.0002523319 -0.0003567879 -0.0013627717 0.0010302881 -0.0015358810 -0.0005094198 -0.0001432349 -0.0002211070 -0.0017187698 -0.0013220707 -0.0004758628 0.0010826732 -0.0011616255 -0.0014633770 -0.0011711420 -0.0014849210 -0.0001130400 -0.0004240464 0.0006593220 0.0008747749 -0.0006859286 -0.0011220399 0.0002746734 -0.0000111423 0.0009218918 0.0007969959 0.0000978765 -0.0008863067 -0.0018000208 0.0010029495 -0.0002028353 0.0004117139 0.0005122146 -0.0014014986 -0.0018487112 0.0005940596 -0.0005983875 -0.0000076099 -0.0001383938 0.0007026261 -0.0009280533 0.0000672399 0.0008504237 0.0009162879 -0.0009966779 0.0003865595 -0.0001122982 0.0003276083 -0.0003269505 -0.0002453072 0.0009855482 -0.0004864933 -0.0008380520 -0.0013713510 -0.0001822983 0.0007222542 -0.0014634591 0.0001520308 0.0005874498 -0.0014964648 0.0002082492 -0.0017711301 0.0009135736 -0.0011630889 0.0006870190 -0.0008124380 -0.0016755573 -0.0001341932 -0.0010299580 -0.0011058130 0.0008510270 -0.0001308350 -0.0012664627 -0.0011344100 -0.0018000311 0.0002178846 -0.0008251369 0.0002038590 0.0011105944 0.0006238763 -0.0010682225 0.0001866485 -0.0007189767 -0.0004323677 0.0005842205 -0.0005889203
-0.3030720353 -0.0003067614 -0.2062246352 0.0686881617 0.0019347405 -0.0030249751 0.0105644623 -0.0435932018 -0.0376506336 -0.0030655474 -0.2487216890 -0.0175865646 0.0234943219 -0.0105340760 -0.2577272058 0.0010421448 -0.0006507989 -0.1667620093 -0.6686854362 0.1056839600 -0.5165206790 -0.1684276164 -0.1108353063 0.2451377511 -0.0001661653 0.0430805422 0.0011905767 -0.0025480895 0.0950405225 0.0613757856 0.0839028209 0.0014809518 -0.0933667421 -0.3055327833 -0.3831337392 -0.3694666624 0.0550059974 0.0005203641 0.0003420640 -0.0025066962 -0.4495060444 0.0001201801 -0.0023542030 0.0012632163 0.1972117871 -0.1158884987 -0.2529210746 -0.1717296839 0.0011376025 0.2499033064 0.0008680476 -0.0011839403 -0.7325406671 -0.0025436159 -0.2764289677 0.0317613520 -0.1183612570 0.1244651824 -0.0009547849 -0.0692554340 0.0064819502 -0.0987258404 -0.0011697538 0.1669669896 -0.1052113846 -0.0011679435 0.0909900591 0.1605419070 -0.0054605491 0.0012842991 0.1292232126 0.0780971646 0.0003031865 -0.0023195960 -0.9059120417 0.0048214397 0.4487732947 0.3009466827 -0.4858976603 -0.0010013570 0.0767106488 -0.1878360808 0.0106450031 0.0250014085 0.0001905131 -0.7364727259 0.0013925089 0.0020104803 0.0006117373 0.0879288688 -0.4865058362 0.0098099532 -0.0009884703 -0.0053434893 -0.4765991569 -0.0002611903 0.0344732292 0.0013186475 0.0003402496 -0.5590975285 -0.0013719902 -0.2029882520 0.1258814335 0.2817368805 -0.1323706806 0.2999243438 0.0671538338 0.0529987104 0.0006242287 -0.1886616945 -0.0358374380 -0.0003088573 0.0007263541 -0.0008663678 0.0009142825 -0.3153518140 -0.1257954091 -0.0032105853 -0.0008179449 0.0000085854 0.1390884519 0.0012200712 0.1792471409 0.0584071875 0.0311588868 0.0491933376 0.3353740573 -0.2523646951 0.0011824897 -0.5649600029 0.1468540579 0.0072230827 0.0399708189 -0.3922836185 -0.0011504786 0.2491512895 -0.3787274659 -0.3594150841 -0.1532792598 -0.4919236600 -0.0016088102 -0.0030288433 0.0010143501 -0.1473816931 0.1024179235 0.0654753298 -0.0004770738 -0.3299703896 -0.2285308540 -0.1652045846 -0.3349225819 0.0525832325 -0.1335690916 0.3696311414 -0.0012561159 0.1527429670 0.0228139218 -0.1064539030 -0.0540984310 -0.0464669541 -0.0305382237 -0.2466313243 0.0026522605 -0.0006025630 -0.0634015203 0.1600588113 0.0665051490 0.1182272360 -0.0012100650 0.0003464125 -1.1565917730 -0.9137099981 0.0016398998 -0.1910247654 -0.3743145168 -0.0029287958 0.0282480642 -1.2292369604 -0.0046326281 0.1167109832 0.1116452515 -0.0024399811 0.0421477109 -0.0009891196 -1.0307512283 -0.5010641813 0.0005420953 0.0243252423 -0.1416592300 -0.0057250159 0.0006730086 0.0000631238 -0.1179565340 0.1438535154 0.0014712071 0.0203216411 -0.3208010793 -0.4316131473 0.1922830343 -0.0000779652 -0.0014335249 0.1053982899 -0.1230761409 -0.0286418498 0.0323843956 0.2995236218 -0.1384307742 -0.0004890905 -0.0003763941 0.0004440054 -0.0016635207 0.1617201716 -0.1340840310 0.1005188748 -0.0050818832 0.0004268877 0.0698582977 0.0013304284 -0.0005167008 -0.0006480890 -0.0689749792 -0.0007799133 -0.3954939842 0.5123704672 -0.7417877913 -0.0002736252 -0.1859671324 0.0883126110 -0.0007386818 0.0356718451 0.0527173392 0.0759516284 -0.0010950812 -0.3572664261 -0.0002341355 0.1008694395 0.0657501146 0.0003303591 0.1045345142 0.2224437743 -0.0006872098 -0.2684983313 0.3106744587 -0.9057343006 -0.0008790205 -0.0001796633 0.0011151006 -0.1727121323 0.0276953541 -0.0017446075 0.3966062367 -0.0053722868 0.2350412756 0.0008512123 0.2431597859 0.3373377919
-0.0011126773 0.0007404606 -0.0087515777 -0.0100530507 0.0009330857 -0.0000227769 0.0005697277 -0.0102717578 -0.0086361161 -0.0013732697 0.0005239806 -0.0077045551 -0.0017861858 -0.0099566756 -0.0081437472 -0.0001017356 -0.0007750844 -0.0069887470 -0.0009268463 -0.0010146033 -0.0010391856 -0.0076315482 -0.0001073353 -0.0013914575 0.0011297357 -0.0092981216 -0.0014661526 -0.0006296430 -0.0006010559 -0.0081051467 -0.0001585729 -0.0005871730 -0.0001429357 0.0002457596 -0.0080953026 -0.0004549503 -0.0100256791 -0.0006584434 -0.0003068261 0.0011489956 0.0003098323 -0.0000444527 0.0006163115 0.0008842936 -0.0012791329 -0.0066626929 -0.0069906539 0.0011425556 -0.0015055595 -0.0082131485 -0.0017167639 -0.0000620230 -0.0015449978 -0.0011274203 -0.0080470573 -0.0073485989 -0.0084680058 -0.0003168793 0.0009237337 -0.0065043620 -0.0085849613 -0.0080603687 -0.0007399180 -0.0018115457 -0.0077321278 0.0002706244 -0.0016355718 -0.0009473411 -0.0103604672 0.0009287198 0.0011035780 -0.0016225579 0.0002875142 -0.0003794495 0.0011245125 -0.0003703801 -0.0072029019 0.0006822218 -0.0073429653 -0.0014504911 0.0007313869 -0.0009099116 0.0010831971 -0.0084492443 -0.0008674660 -0.0011496831 -0.0011802478 -0.0100252731 -0.0002968149 0.0011307498 -0.0004572814 -0.0016498842 -0.0006096360 0.0004135539 -0.0077246949 -0.0012262603 0.0004831365 0.0007188427 0.0005157590 0.0002523650 -0.0014049269 0.0011501407 -0.0094222724 0.0004281893 0.0011324598 -0.0090716146 -0.0077197584 -0.0000309532 0.0013568671 -0.0012207348 0.0000818875 0.0005678387 0.0010043208 0.0006863252 0.0007627637 -0.0006521104 -0.0069717756 -0.0005728900 -0.0000831145 0.0008557616 0.0002779210 -0.0004149244 -0.0005803338 -0.0084037185 -0.0080284085 -0.0087590404 0.0009148267 -0.0014867595 0.0001507814 -0.0003959521 -0.0006794852 0.0002097894 0.0011252952 -0.0039876206 -0.0004497069 -0.0006855518 0.0013413652 -0.0071731750 -0.0002092758 0.0007145831 -0.0015098359 -0.0003408417 0.0008131693 -0.0061042132 0.0005038635 -0.0088953367 -0.0008510601 -0.0040699709 -0.0018088889 -0.0088128541 -0.0012488727 -0.0086613707 -0.0010569671 -0.0005295168 -0.0011416742 -0.0010712891 -0.0100360885 -0.0009561681 0.0001744457 -0.0014547170 -0.0076817730 -0.0011987280 0.0006675123 -0.0014857644 -0.0017088937 -0.0094515653 -0.0090720439 -0.0094632348 0.0006875650 -0.0009767561 -0.0006471977 -0.0001527255 0.0005714212 -0.0011659444 -0.0018005099 -0.0012135311 -0.0011197090 0.0001226611 -0.0076155555 -0.0011109426 0.0007968462 -0.0004694123 -0.0077646221 -0.0016016832 -0.0085336734 -0.0015907795 0.0012028922 -0.0058077830 -0.0078910245 -0.0020266508 -0.0004891585 0.0004108763 -0.0051550493 -0.0079887975 -0.0009592713 -0.0010139543 -0.0085552642 0.0012837687 0.0006004177 -0.0015543834 -0.0004169136 -0.0001521394 -0.0075377622 -0.0084475847 -0.0095699690 -0.0010336954 -0.0088494206 0.0007909650 0.0005044983 0.0002136344 -0.0007547588 -0.0094421869 -0.0007313748 0.0011368826 0.0011987837 -0.0002140738 0.0011241408 -0.0003681460 -0.0013827715 -0.0004343378 -0.0067136199 -0.0004744764 -0.0039304444 -0.0028699089 -0.0001044566 0.0009902118 -0.0037176663 -0.0030646008 0.0005663687 -0.0085078022 -0.0038401433 -0.0013673464 -0.0010118720 -0.0076356702 -0.0002118993 -0.0071756993 -0.0009055753 -0.0016245211 -0.0087333955 -0.0093583744 -0.0015120546 0.0002538965 -0.0079424186 -0.0010946942 0.0003889388 0.0000539134 0.0008916611 -0.0019461716 -0.0005824292 -0.0006376606 -0.0006244255 -0.0083627841 -0.0011875371 -0.0002119922 -0.0070001949 -0.0004551529
-0.0020458261 0.0011595571 -0.0014258474 -0.0016944379 -0.0010832434 -0.0013714519 -0.0023210116 -0.0030794386 0.0010973491 -0.0008890607 -0.0020264382 -0.0029734161 -0.0015860148 -0.0032127250 -0.0025155956 -0.0005332943 0.0010118034 -0.0033623816 -0.0031227935 -0.0044948026 -0.0020731273 -0.0035545647 -0.0040973090 -0.0043477588 0.0009560532 -0.0028650379 -0.0018083496 -0.0013814936 -0.0023809413 -0.0031791960 -0.0038108276 0.0009762020 -0.0029259289 -0.0038439748 -0.0028259095 -0.0029472499 -0.0029655504 -0.0004469196 -0.0018374504 -0.0014299750 -0.0025012172 0.0006972555 -0.0001184804 -0.0004822078 -0.0019603360 -0.0027249923 -0.0032740422 -0.0035154673 0.0000307566 -0.0014280474 -0.0009850331 0.0001365179 -0.0026865224 -0.0011531309 -0.0022999430 -0.0046226177 -0.0026052974 -0.0046954062 -0.0001210752 -0.0039621913 -0.0033393134 -0.0043340288 -0.0005079553 -0.0033816597 -0.0038258086 0.0010369548 -0.0035980449 -0.0024046795 -0.0032809561 -0.0000959674 -0.0045657321 -0.0042983098 -0.0010450613 -0.0029515566 -0.0018838819 -0.0021296106 0.0009358861 -0.0043954956 -0.0029687043 -0.0005882561 0.0038458763 -0.0030438611 -0.0023524710 -0.0041098846 -0.0004886598 -0.0032584462 -0.0011346822 0.0029688154 0.0009364133 -0.0029379337 -0.0034658425 -0.0039458494 0.0009461901 -0.0008825469 -0.0038000646 -0.0000187525 -0.0015754849 0.0008957240 -0.0017735440 -0.0038322140 -0.0005835426 -0.0032921087 -0.0032395942 -0.0029348428 -0.0034165415 0.0014268437 -0.0025329918 0.0036055304 0.0005010560 -0.0032472659 -0.0029231121 -0.0006567844 0.0011738280 -0.0003156200 0.0001588252 -0.0032787491 -0.0019304656 0.0007613963 -0.0003671718 -0.0016944013 -0.0036184338 0.0011787594 -0.0017302487 -0.0023402225 -0.0020692332 -0.0015802063 -0.0022213301 -0.0021488534 0.0008101457 -0.0043907478 0.0027544883 -0.0019855087 -0.0026918522 -0.0018789754 0.0014969771 -0.0047063576 -0.0041736644 -0.0044057872 -0.0047293915 -0.0036255177 -0.0017036234 0.0010363635 -0.0002490514 -0.0024878872 -0.0041071614 -0.0021626838 -0.0008312833 -0.0022136148 -0.0015700761 -0.0045442465 -0.0026687477 -0.0038710162 0.0039892276 -0.0018715387 0.0006598943 -0.0038909961 -0.0018366390 -0.0037894207 -0.0026861152 -0.0040755374 0.0031413913 -0.0017079595 -0.0047230595 0.0008972719 -0.0018296285 -0.0023447452 -0.0031199306 -0.0042349095 -0.0016030271 -0.0006167374 -0.0014175853 -0.0040067360 0.0002733016 -0.0030915178 -0.0019986262 -0.0009026204 -0.0016206123 -0.0022774832 -0.0021666547 -0.0018502150 -0.0026998909 0.0003593349 -0.0042370451 -0.0015308815 -0.0026141601 -0.0037733803 -0.0016074639 -0.0018026914 -0.0019965677 -0.0027303889 -0.0010359401 0.0002070080 -0.0045310385 -0.0017787429 -0.0008263622 0.0007185095 -0.0033774467 -0.0029041616 -0.0017863269 -0.0014648745 -0.0005255243 -0.0035365478 -0.0024476652 -0.0027501734 -0.0039571822 -0.0034958681 -0.0034879246 -0.0009108305 -0.0017176283 0.0001565344 -0.0000551668 -0.0028116233 -0.0041698529 -0.0045097293 -0.0045686825 -0.0002329608 -0.0029109777 -0.0018000546 -0.0022150213 -0.0001089596 -0.0021830478 -0.0002236883 -0.0039756396 -0.0022108904 0.0020102675 -0.0013249889 -0.0024418058 -0.0034386104 0.0002722434 -0.0028423832 -0.0044471305 -0.0031121222 0.0011695886 -0.0041633118 -0.0004768662 -0.0021770704 -0.0040037348 -0.0001178055 -0.0047744084 -0.0031196002 0.0004165878 -0.0035016227 -0.0028163139 -0.0013682285 -0.0003762511 0.0003535142 -0.0011544924 -0.0045346725 -0.0027794631 0.0006063404 -0.0021811069 -0.0028488985 -0.0038884722 -0.0002909023 -0.0043646572 -0.0036560721
0.2799577117 0.0008531324 0.1277093738 -0.2241277695 -0.0008462227 -0.0025271517 -0.2783811688 -0.0191859771 -0.2480740547 -0.0010677543 0.0740118623 -0.0963999256 0.0138316434 0.0195017271 0.1028029397 0.0010780087 0.0002038598 0.1081576496 -0.0417353623 0.0071787760 0.2410291880 -0.1060226336 0.0050696158 0.4607168734 0.0003652257 0.0596146695 0.0014295507 -0.0020803693 -0.0945747271 0.0040480765 -0.0175216440 -0.0172357354 0.2315311283 0.0618826300 0.1901520640 -0.0941998810 0.0998235866 0.0005855738 -0.0002010120 -0.0047438932 0.1565132439 0.0009645536 -0.0022150818 0.0019906736 -0.0182946008 0.1084835157 0.0585530922 0.0540410541 0.0002125454 -0.4300676286 -0.0022026203 -0.0002228336 0.1611284614 0.0002375686 0.1285326779 0.0596639514 -0.1270630658 -0.0140354941 -0.0010305414 0.0708276108 -0.1218629032 0.1530680656 -0.0000040407 0.0526493415 0.1002294272 -0.0012957932 -0.0086691203 0.1228642985 0.0608429201 0.0000131399 0.1667787284 0.0276717711 -0.0009087969 0.0140221342 0.1071131751 0.1952676922 0.2137854844 0.2926678360 -0.0655962303 0.0001896642 0.0208470020 -0.0520274304 0.0600979924 0.0374916196 0.0002812226 0.3372898698 -0.0010767368 -0.2647187412 -0.0008584001 0.0922337845 -0.1984927356 0.0092705581 0.0020452517 -0.0019981228 0.1744867563 -0.0010699140 -0.0545381866 -0.0001783410 0.0006542489 -0.2008333653 -0.0026837396 0.0397403017 0.0438075177 0.1833022833 -0.0072506699 -0.4463865459 -0.0114444084 0.0084451698 -0.0007719984 -0.0522107147 0.1957397610 0.0005213514 0.0003138254 -0.0010642104 0.0018809829 0.0135762710 0.0318952315 -0.0029773500 0.0001798740 -0.0010722202 -0.0241958722 0.0005633308 -0.0380203165 0.1003181562 -0.0458803177 0.0982092544 0.4855362177 0.0733980164 -0.0004272597 0.1741860211 -0.2163866758 -0.0077315341 -0.0226512123 0.1978125125 -0.0017001372 0.1502313465 -0.1207577139 0.0241470709 0.0683382973 0.1755007058 0.0013061432 -0.0028578667 0.0007042423 0.1849655211 0.0111070415 0.0615274645 0.0010571349 0.1586190015 0.1116203368 0.0185883064 0.2294219434 0.1002880409 0.2685818970 -0.1316528916 0.0024991161 -0.0131605212 0.0280547701 0.0053197904 0.1165692657 0.0723502859 -0.1212922335 0.0039931834 -0.0025770708 -0.0002483517 0.2473233044 0.1099020541 -0.0064089866 0.0074774008 -0.0021911317 0.0012119134 0.1111772209 0.1025225371 0.0007290946 -0.0661342964 0.0549549498 -0.0029893266 -0.0980346203 0.0427758060 -0.0139049673 0.0666842684 -0.0408309475 0.0029125414 0.0732142031 -0.0011863231 0.1729510725 0.0233159680 -0.0012124762 -0.1139119342 -0.0213142950 0.1846919060 0.0013081913 0.0012077619 0.2197310776 -0.1806512177 0.0007550077 -0.0134203201 -0.0497728214 0.4842975736 -0.0597245321 0.0013528074 -0.0033622305 -0.0308656357 0.1355359852 -0.1167171299 -0.0024276397 -0.0304595828 0.1022860333 -0.0004959865 0.0000136735 -0.0007516490 0.0001245660 -0.0113234147 0.0071075726 -0.1305536628 -0.1009988636 -0.0012024817 0.0190365408 -0.0004107800 -0.0224395003 -0.0007419038 0.0321909115 -0.0002484772 0.1693951786 0.1206386015 0.4636298716 0.0005532765 0.0333652049 0.2512582839 -0.0011261927 -0.0624381825 0.1216964424 0.0347371958 0.0010417351 0.2011619657 0.0008517985 -0.0957079604 0.2237222642 -0.0018391826 -0.0250121746 -0.0594416223 0.0000512788 -0.0844380409 0.0841100812 0.3793091476 -0.0014485938 0.0002873400 -0.0002704566 0.0974594876 0.0615710244 -0.0019335684 0.1679470837 -0.0253930949 0.2180287093 -0.0003186096 0.2008084506 0.5329219699
-0.0068700919 0.0008240501 -0.0067492239 -0.0039046798 -0.0007559037 -0.0013022089 -0.0040987013 -0.0049546692 -0.0052476632 -0.0014614835 -0.0047982726 -0.0045828884 -0.0051623583 -0.0040403488 -0.0052328645 0.0010443707 0.0011574918 -0.0045759561 -0.0064990316 -0.0054822722 -0.0049928050 -0.0049671517 -0.0046330341 -0.0048042149 0.0012077861 -0.0042910054 -0.0011259611 0.0003466351 -0.0008321045 -0.0055910717 -0.0064065731 -0.0009683500 -0.0038982739 -0.0054329108 -0.0061596124 -0.0053369734 -0.0053586005 0.0011710514 -0.0003014518 0.0004818000 -0.0057572369 -0.0001366905 -0.0007864853 -0.0012674456 -0.0059987474 -0.0047533265 -0.0054516401 -0.0049671801 -0.0015285228 -0.0035276811 -0.0007010909 -0.0015800641 -0.0059400946 -0.0013148463 -0.0065988479 -0.0068847174 0.0053847283 -0.0062100319 0.0009731526 0.0049131210 -0.0048002233 -0.0057486882 0.0011513608 0.0038308513 -0.0046367054 0.0007892482 -0.0053923866 0.0032807146 -0.0044928929 0.0000741758 -0.0053280266 -0.0038409270 -0.0003241846 -0.0065787164 -0.0049142786 0.0004694659 -0.0044384291 -0.0043238518 -0.0048357570 0.0011876872 0.0058860271 -0.0039346712 -0.0042691096 0.0047642961 0.0013242727 -0.0067970948 -0.0002517393 -0.0067318813 0.0005429400 0.0008247905 -0.0067776651 -0.0069583040 -0.0011761737 0.0003865483 -0.0041239313 0.0001066572 -0.0039358516 -0.0006154781 -0.0005653765 -0.0055660135 0.0010450395 -0.0057681515 -0.0035156426 -0.0042985966 -0.0055734999 -0.0038164521 -0.0044986163 0.0058320998 -0.0004548295 -0.0054707672 -0.0059550656 -0.0007997748 -0.0012636846 -0.0011622754 0.0009127902 0.0000866260 -0.0060356166 -0.0003383502 -0.0006893816 -0.0013452860 0.0042304900 -0.0010437830 -0.0060509928 -0.0055371169 0.0045963950 -0.0044966596 -0.0063346247 -0.0048934333 -0.0013864918 -0.0057062190 -0.0060541914 -0.0056915432 -0.0049379282 -0.0064305556 0.0012608337 0.0001744824 -0.0058255391 -0.0060117841 -0.0053916816 -0.0065725041 -0.0002770088 -0.0003476727 0.0010732422 -0.0053374544 -0.0050754305 -0.0059569255 -0.0007809224 -0.0067668604 -0.0061735557 -0.0042689885 -0.0051163482 -0.0051037837 -0.0039171358 -0.0063191112 0.0009474869 -0.0038053549 -0.0066837361 -0.0050122831 0.0025515191 -0.0038017211 -0.0044534476 0.0005075682 -0.0064955028 0.0008207306 -0.0067194207 -0.0060599581 -0.0056147389 -0.0038153352 0.0008864820 -0.0003359827 -0.0057804491 -0.0052398117 0.0002431483 -0.0053190547 0.0005955354 -0.0005619914 -0.0038025198 -0.0000965981 -0.0061131408 -0.0044659278 0.0004508208 -0.0004638667 -0.0057570175 -0.0008077766 -0.0063789315 -0.0064093014 -0.0000408252 -0.0065317932 -0.0041975160 -0.0055230851 -0.0004172603 -0.0017791324 0.0032637939 -0.0052573127 0.0005887169 0.0011613291 -0.0059868060 -0.0046038530 -0.0022090212 0.0005041799 -0.0018255460 -0.0044230474 -0.0049409564 -0.0050431946 -0.0039634458 -0.0044935541 -0.0045723887 0.0001905321 -0.0013500102 0.0010967655 0.0005025056 -0.0057367133 -0.0062384414 -0.0056225634 -0.0045000422 -0.0003257837 -0.0068098060 -0.0013351251 -0.0056226947 0.0008746722 0.0057974770 -0.0007362274 0.0035958434 -0.0051590656 0.0013768798 -0.0010155907 -0.0054649115 -0.0046126372 0.0005524950 -0.0050344625 -0.0048704566 -0.0052496111 -0.0005712185 -0.0051916330 -0.0004305274 -0.0047029536 -0.0052990336 -0.0008939896 -0.0037071463 -0.0043502734 -0.0007532351 0.0015908371 -0.0066572526 0.0012157942 -0.0007375813 -0.0006572746 -0.0016256915 -0.0065469374 -0.0040044207 -0.0001711885 0.0032678910 -0.0065335301 -0.0061818818 0.0003701910 -0.0052761384 -0.0043967227
-0.0009107966 0.0003343164 -0.0036639827 -0.0048751645 -0.0012396838 -0.0000165317 0.0006530217 -0.0053783436 -0.0006463395 -0.0009963118 -0.0011802770 -0.0010125280 -0.0025661022 -0.0035121054 0.0000830834 0.0008492288 -0.0007874220 -0.0035058614 -0.0042254571 -0.0035973946 0.0006401970 -0.0037936389 -0.0013724031 -0.0044470890 0.0006549339 -0.0047196276 -0.0006190540 -0.0009540305 -0.0001714954 -0.0031793951 -0.0012746566 -0.0006876453 -0.0004160889 -0.0008962278 -0.0044902479 -0.0014852987 -0.0026206472 0.0005169676 0.0013628219 0.0002700553 -0.0035424356 -0.0017230668 0.0004382922 0.0002433179 -0.0027727822 -0.0043601273 -0.0031616122 0.0008431223 0.0000363186 0.0005954400 -0.0000690236 0.0002777115 -0.0014256404 0.0004833918 0.0000825265 -0.0039367597 -0.0018443166 -0.0029179698 -0.0009078517 0.0011179615 -0.0038022830 -0.0048257434 -0.0004144515 -0.0001773325 -0.0016852773 -0.0015421343 -0.0054608490 -0.0031632967 -0.0030782123 -0.0002706106 -0.0014850050 -0.0003532385 -0.0006974537 -0.0031321729 0.0004629366 -0.0013756546 -0.0006568615 -0.0003159101 -0.0048167314 0.0002908476 -0.0037351744 0.0002821004 0.0004760661 -0.0015988215 -0.0007456831 -0.0005821765 -0.0004264327 -0.0005536914 -0.0015266150 -0.0035126421 -0.0008850005 -0.0030557509 0.0010147034 0.0011820419 0.0002716471 0.0013855775 -0.0026236374 0.0003223289 0.0003671838 -0.0014815782 -0.0002951641 -0.0032359627 -0.0044301804 -0.0045159538 -0.0027659317 0.0008754148 -0.0017055649 0.0005564207 -0.0008123582 -0.0035563412 -0.0028992700 0.0003707800 -0.0013409763 0.0007926527 0.0005939491 0.0003410689 -0.0038169036 -0.0008302553 -0.0003653498 0.0014080845 -0.0022001681 -0.0009033072 -0.0011747060 -0.0037626245 -0.0010798175 -0.0032082635 -0.0001867080 -0.0007544608 -0.0007466007 0.0013886517 -0.0010025376 -0.0017521373 -0.0009333951 -0.0054619359 -0.0006077711 -0.0007690935 -0.0000643573 -0.0025646575 0.0000408457 -0.0011804466 -0.0017664226 -0.0011733114 -0.0011257351 -0.0029813370 -0.0001493732 -0.0038567050 -0.0017346500 -0.0021238159 0.0003882956 -0.0025578048 -0.0039102752 -0.0039417963 -0.0007627467 -0.0006707433 -0.0006149548 -0.0011481608 -0.0048745573 -0.0005579888 -0.0035040146 0.0007947086 -0.0018416711 -0.0010576978 0.0011507428 0.0005993986 -0.0013088412 0.0000963478 -0.0008766904 -0.0032865133 -0.0004018646 0.0010812251 -0.0035288907 -0.0027118749 -0.0002904075 -0.0012350924 0.0002986853 -0.0013312364 -0.0026386918 -0.0038268715 -0.0022603623 -0.0035372563 0.0007960267 -0.0010864710 0.0004179812 0.0001378260 -0.0044742343 -0.0006126449 -0.0008511943 -0.0010206371 -0.0037510756 -0.0029218423 -0.0003100934 0.0006264240 0.0010967562 -0.0030000571 -0.0000698564 -0.0010577462 -0.0027642131 -0.0023652948 0.0006239397 -0.0001812225 0.0006395355 -0.0021906034 -0.0043396144 -0.0045660157 -0.0049428414 -0.0017562241 -0.0029150883 0.0012040237 0.0001728824 0.0013829706 0.0008667138 -0.0033253329 -0.0035305803 -0.0048539457 0.0005234621 0.0005442678 -0.0037621215 0.0003528161 -0.0030298580 -0.0005556853 -0.0025633171 0.0009017262 -0.0026781028 -0.0029596058 -0.0042640944 0.0008900459 -0.0027901263 -0.0028654102 0.0007765138 -0.0039858231 -0.0026835995 -0.0039851358 -0.0011088888 -0.0001516916 0.0004983517 -0.0021313031 -0.0012289546 0.0007509176 0.0007492169 -0.0038604483 0.0009560903 0.0003617028 -0.0045035654 -0.0001365904 -0.0007451479 -0.0014489144 -0.0001175804 -0.0024987047 -0.0033957022 0.0003338302 -0.0017552895 -0.0054803081 0.0010690439 0.0007302674 -0.0031836559 -0.0005918076
-0.0872516111 -0.0013681782 0.0956983939 -0.9524823427 -0.0007074880 -0.0023791676 -1.4080282450 -0.0262486339 -0.1805014014 -0.0022425093 0.2587403357 0.0178834666 -0.0413570628 0.5666950941 -0.0784355402 0.0016530238 -0.0004860977 -0.1777696162 -0.2549838424 -0.0167365279 -0.2672689855 -0.0627127811 -0.0891882181 0.2855778933 0.0016339190 0.0715221614 -0.0003884922 -0.0016491227 0.4981161654 -0.1757980287 -0.1318941414 -0.0196097251 -0.2391146570 -0.0521187969 0.2556893826 0.3749632239 0.0427882858 0.0003332462 0.0001155171 -0.0048867948 0.0984071046 -0.0006297494 -0.0023581740 0.0008412357 -0.6893359423 0.0996912494 0.2580311596 -0.0995979831 0.0032039694 0.3881698251 0.0000833974 0.0004931111 -0.3136188090 -0.0022813948 0.2092524022 0.0914691538 0.3958823383 -0.0717799142 -0.0016003567 -1.0380561352 -0.2758220434 0.1467286944 0.0005470367 0.2319262028 0.0436638966 0.0002743227 -0.0400064923 -0.0560762808 -0.0522687696 -0.0018464440 0.5443826914 -0.0219639838 0.0007009354 -0.0746955127 0.0023692132 -0.3261058331 0.1661329120 -0.9513432980 0.0872119814 -0.0006635832 0.0923267230 0.2025134414 -0.1253974587 -0.1035595834 -0.0010195139 0.3030532002 -0.0001324188 0.3569579720 0.0010360462 0.2903423011 -0.1019376442 -1.0249494314 0.0009992679 -0.0030778653 -0.2291806638 -0.0005000075 -0.1373175085 -0.0017606362 -0.0005743831 0.2768842280 -0.0007716221 -0.3407697380 -0.0180818774 -0.0840096623 0.1902412325 -0.3058556318 -0.2989937663 -0.0719808564 0.0006381927 0.0652183741 -0.0656249970 0.0005611645 -0.0008983767 -0.0008384624 -0.0010853205 -1.1639914513 -0.2939080298 -0.0007371901 0.0004251338 -0.0023409014 -0.0336984061 0.0006362662 -0.5198598504 0.0473134369 0.0458091721 0.0497287214 -0.3536378145 -0.2189604342 0.0011764144 0.4079512060 0.7497076988 -0.0241015926 -0.2983322740 -0.0131752845 -0.0016607436 0.1500852704 -0.0442551896 0.1007367298 -0.6998975277 -0.2494915575 -0.0012535966 -0.0007259965 -0.0009116232 0.0313587151 -0.1716762483 -0.0915899575 -0.0006508608 0.0050977417 0.1545166671 0.1094956473 0.2726479769 0.0507801361 0.1435972005 0.7442562580 0.0005277330 0.2200043648 0.0439796522 -0.1673567444 -0.0666581541 -0.6103610992 -0.8983749747 0.3695454597 0.1358831078 -0.0010523066 -0.1297013611 -0.0852672383 0.1091693789 -0.1686525047 -0.0006754916 -0.0004002185 -0.0769871026 0.1809248924 0.0011041531 -0.0753812343 -0.0080091096 -0.0029098825 -0.8856241107 0.1329185963 -0.0652602538 0.1493573487 0.3292957246 -0.0019410182 0.0138983689 0.0004631281 0.0440920740 -0.2511873245 0.0001493529 -0.1099704430 0.1313343495 0.0708567947 0.0000735901 0.0001415325 0.0609562062 -0.4409469366 -0.0009072264 -0.0030259944 0.3197639287 -0.2728854716 0.5417986512 0.0003777698 -0.0015612695 -0.0130428588 -0.1243902966 -1.5144571066 -0.0707090572 -0.4379729629 0.0146850282 0.0004608606 -0.0011084172 0.0005293750 -0.0001875830 0.0285943542 0.1514308304 -0.2652757168 -0.2300976813 0.0007236735 0.0596399382 -0.0005972189 -0.5819984674 0.0009522516 0.2601529956 -0.0002306110 0.1042985767 -0.1077004597 -0.2607894540 -0.0000145757 -0.2919783592 -0.7169477940 -0.0007794357 0.0570459850 -0.0401147082 -0.0903415754 0.0014618301 -0.0167252831 0.0007790556 0.0172399748 0.1210198104 -0.0008690885 -0.0326221213 -1.0833261013 -0.0016185101 -0.3614133000 -0.1487575173 -0.3658088446 0.0002037019 -0.0004219749 -0.0006145562 -0.1582753807 -0.2852830291 -0.0020799553 -0.0148029197 -0.1286424547 0.0558761582 0.0009072127 -0.1576536000 -0.0060643083
-0.0107743610 -0.0008347009 -0.0365642272 0.0020077785 -0.0004431030 -0.0008706542 -0.0205137059 0.1347447187 0.1199724078 -0.0030413629 0.0441828147 -0.0107629914 0.1076883301 0.0264790580 0.1202691644 -0.0007910573 -0.0008104298 -0.0079653347 0.0134680243 0.1131635904 -0.0013774306 -0.0275864676 0.0014892468 -0.0105527174 -0.0005119359 0.2154198587 -0.0007896599 -0.0036949739 0.1617277116 0.0505480915 0.0165861528 0.0403446294 0.1367671937 -0.0774822161 -0.0359855928 -0.0246429779 0.1864522099 0.0000958220 0.0010837044 -0.0053252890 0.0329018980 0.0003371967 -0.0017475851 0.0003320610 -0.1008132771 -0.0142872687 -0.0410930738 -0.0331887603 0.0010529432 0.0240171384 0.0004977770 -0.0000694451 0.0212087296 -0.0004774132 0.0370704681 -0.0128360009 0.0826279372 0.0089791371 -0.0005024133 -0.0172902960 0.0361648761 -0.0361361429 0.0012866443 -0.0919857621 0.4000563920 0.0013712728 0.0330735445 0.0022578719 0.0766550452 -0.0016093752 0.0248336848 -0.0333035402 0.0002081018 0.2693335414 0.0504565649 0.0267144386 0.0349776261 0.0063806339 -0.0005171633 0.0012545702 -0.1107605919 -0.0004958040 -0.0270372145 0.1792165637 0.0004570088 -0.0689624548 0.0017291479 0.0770912245 0.0015115590 -0.0297287758 -0.0109605333 0.0037648762 -0.0001544878 -0.0005816537 -0.0447714739 0.0000589568 -0.1781016886 -0.0010225343 -0.0001879078 -0.0250761658 -0.0016626825 0.0567066744 0.0475819297 0.0432575829 -0.1247243434 -0.0163053721 -0.0754860044 0.0500576720 -0.0004759044 -0.0708002895 -0.0220741443 -0.0025741407 -0.0007424686 0.0012358404 -0.0010416737 -0.1470003128 0.0204544012 -0.0000382203 -0.0013811628 -0.0023791206 -0.0949500501 0.0034237893 0.0248096772 0.1787375063 -0.0206281040 0.1686574519 -0.0461384840 0.0357958823 -0.0003867598 0.0019619858 0.0968314037 -0.0142643377 -0.0114838723 -0.0483767204 0.0017665559 -0.0079910727 0.0261455588 0.0205187146 -0.0233347788 0.0414477251 -0.0008042036 -0.0017678647 -0.0009625389 0.0106822615 0.0847567096 0.1189017668 0.0011770925 0.0135145159 0.0297087599 -0.0449698158 0.0105540976 0.1610514820 0.0377325267 -0.0997755527 -0.0003293529 -0.0170849971 0.1741539538 -0.0197082013 0.0987363085 0.0319690891 0.1120044515 0.0708695203 -0.0144097758 0.0009084133 0.0070750634 -0.0075276890 0.1194865182 0.0658874214 0.0015273328 -0.0003881750 0.0164052397 -0.0025252239 -0.0011002511 0.0080315340 0.0209640078 -0.0011804737 -0.1707985550 -0.0502671264 0.1192265451 0.0063176490 0.0297875162 -0.0023665079 -0.0311129037 -0.0023682173 -0.0293312129 0.0219436064 0.0017186725 -0.0133063262 -0.0093068611 -0.0371285751 0.0014736837 -0.0000879444 0.0445895828 -0.0213745367 -0.0011290377 -0.0208610296 -0.0664978027 -0.0032004698 -0.0759571195 -0.0008882288 -0.0021807461 0.1088589057 0.0788478404 -0.0213585719 0.2035700530 -0.0281675458 -0.0436623469 0.0013938072 0.0012447673 0.0011867473 0.0001302315 0.0914042816 -0.0039390670 0.0524918362 0.1064497456 0.0001490036 0.0118325911 0.0004405895 -0.0306766350 -0.0004328788 -0.0199576374 -0.0015753574 -0.0363605991 0.0526967458 0.0358719453 -0.0006189632 -0.0249347128 0.0307579339 0.0018111826 0.1605733037 -0.0047972007 0.3318376243 -0.0001974794 0.1104955003 -0.0009370412 0.0278990828 0.0187096409 0.0010729081 0.1487719715 -0.1076093167 -0.0017154281 -0.0116082020 0.0365853310 0.0696935132 -0.0006010335 -0.0015609054 0.0007827231 -0.0480766334 -0.2889079154 -0.0012914720 0.0080068884 0.0216956753 0.0140589988 0.0000898544 -0.0385990478 -0.0358714648
0.0853271186 0.0004628935 0.1054380983 -0.2097802609 0.0014490171 -0.0022181824 -0.2980583310 -0.0089368513 -0.2122800797 -0.0015261694 -0.0059259972 0.0393557623 0.0170719307 0.0374802686 0.0178384371 0.0014827750 -0.0000057652 0.0820668414 0.0959197730 0.1028843597 0.2720251381 -0.1593725681 -0.0503901914 0.2931302488 0.0013726292 0.0071466290 0.0016732918 -0.0029063518 -0.1103568301 -0.0441833436 0.0310740657 -0.0164166074 0.2263608128 -0.0273537524 0.2319655418 0.0915801525 0.0834350213 0.0006185581 -0.0012674214 -0.0050817779 0.1468162984 0.0002968341 -0.0020154635 -0.0001654443 -0.0182284340 0.0819767267 0.0972086638 -0.0090895342 -0.0001387258 0.0047283326 -0.0025905594 0.0001120326 0.2066221088 0.0001744390 0.0096781384 -0.0356266126 -0.1808475405 0.1853597909 -0.0013644146 0.2591538131 0.0210422762 0.1824267805 0.0017698578 0.1082806140 -0.1333017647 -0.0005533319 0.1029636934 -0.0788661093 -0.0214254428 -0.0019975516 0.0593919419 0.0132379821 0.0012044002 0.0933681056 -0.0947757214 0.1864186227 0.0624798276 0.2462187558 0.0367248319 -0.0006998374 0.0251094978 -0.1196418628 0.1997850686 -0.0534939840 0.0011081175 0.2593633533 -0.0004216934 -0.1786042005 -0.0010225206 0.0680024549 -0.1136055589 0.0484554321 0.0016087830 -0.0033472129 0.1617344618 -0.0004280277 0.0778817907 0.0001806349 -0.0004789003 -0.1676651388 0.0029450981 0.0433260575 0.0509322211 0.2475033849 -0.0331192650 0.0542606451 -0.0630014315 0.0564124025 0.0008296751 0.0182616003 0.1650705785 0.0004299467 -0.0000150617 -0.0002841860 0.0002331964 -0.5310691595 -0.0644132644 0.0006358187 -0.0006532820 -0.0022164749 -0.0465114489 -0.0014216348 0.3200851679 0.0716248825 -0.1950517446 0.0585076548 0.1670523733 0.0991255119 0.0016959992 0.0986739993 -0.2874865830 0.1476670206 0.0300196130 0.2259680927 -0.0004274614 0.1490461379 -0.0853978321 0.0579658598 -0.0190588888 0.2060806006 -0.0011418830 -0.0011439405 0.0008628573 -0.0081969481 0.1562298983 -0.0237617642 -0.0008602219 0.1296410561 -0.1018649042 0.0199650992 0.1793141663 0.0698091388 0.0250839237 -0.1981848925 -0.0026391845 -0.0682283714 -0.0135560939 -0.0083264941 0.0134594329 -0.0527217947 -0.1316165179 -0.0431920364 -0.0796546936 0.0011212612 0.0774132013 0.2495817691 0.1298043132 0.0358084589 -0.0012275284 -0.0011837820 0.0007357899 0.0435505919 -0.0001720022 -0.1199694425 0.0230488516 -0.0039629247 -0.1139702275 -0.0004978780 -0.1180730984 -0.0814073160 -0.0545117222 0.0011918545 -0.0523430407 -0.0020871572 0.1872498244 -0.1229237989 -0.0008216547 -0.1270079613 0.1227661744 0.1980759650 -0.0009685502 0.0004799584 0.2951045930 -0.0322654024 -0.0009166320 -0.0176430568 -0.5459887385 0.4001545608 -0.2533271909 -0.0003498298 -0.0005692568 -0.0076170461 0.0465114117 -0.2049556524 0.0172002912 -0.0919791684 0.1172893271 -0.0008160159 -0.0003073346 0.0002598327 -0.0015621863 0.1601249278 -0.0441464931 -0.2308647037 -0.0420742966 0.0009913694 0.0557768680 0.0005383183 -0.4372606575 0.0001381171 0.0938466191 -0.0003701958 0.1451906860 -0.0522666052 0.5417444110 0.0009559615 0.0100175673 0.2174470723 0.0006907104 0.0547615029 0.0422931574 0.0794801712 0.0008698591 0.1261435598 -0.0005644237 0.0747772530 0.2169170529 0.0003212456 -0.0807446763 -0.0637682602 -0.0017255837 -0.1216804385 -0.0404501148 0.4540035725 -0.0017156490 -0.0011102771 0.0014018000 0.1619805098 0.1068760827 -0.0017990080 -0.1831501126 0.0218013972 0.1661577821 -0.0004787552 0.1846355796 0.1029554233
0.0187264718 -0.0010659687 -0.0141607244 -0.0191022679 0.0007990014 -0.0010437908 -0.0236366820 -0.0170731805 -0.0168768764 -0.0009534163 -0.0057747960 -0.0195611101 -0.0175247956 -0.0197991952 -0.0156514272 -0.0014928775 -0.0013045808 -0.0099167302 -0.0198529009 -0.0167862009 -0.0206077099 -0.0162654296 -0.0241384581 -0.0165532418 0.0012480338 -0.0180207491 -0.0014962062 -0.0012481016 -0.0190769136 -0.0163854938 -0.0246959291 -0.0008383283 -0.0231300015 -0.0172415525 -0.0101576420 -0.0167690888 -0.0182374157 -0.0006506554 -0.0004230732 0.0002428437 -0.0084369704 -0.0000290518 0.0008664621 0.0005442894 -0.0193371568 -0.0114593795 -0.0090579540 -0.0266463049 -0.0014582083 -0.0145084690 -0.0003856444 -0.0016561681 -0.0236017443 0.0008107473 -0.0075516594 -0.0120312581 -0.0197098739 -0.0154078314 -0.0004107256 -0.0157148130 -0.0174168348 -0.0112410858 -0.0008123734 -0.0106495228 -0.0140158096 0.0005259513 -0.0174723938 -0.0105497614 -0.0171609204 0.0005041937 -0.0225086268 -0.0137484930 -0.0015967104 -0.0202393141 -0.0091011273 -0.0182536114 -0.0148660038 0.0118034696 -0.0102731492 -0.0004889203 -0.0175375491 -0.0239753891 -0.0110765481 -0.0183991194 -0.0003142579 -0.0156327542 0.0004347167 -0.0138356378 -0.0016084218 -0.0102411797 -0.0178201869 -0.0202656388 0.0005868708 0.0010619140 -0.0215145573 0.0013578737 -0.0136667928 -0.0006798483 -0.0014977504 -0.0148279732 0.0010983240 -0.0104655558 -0.0164636094 -0.0092614833 -0.0168146323 -0.0178834200 -0.0189024322 -0.0177036673 0.0009246647 -0.0192692243 -0.0095954053 0.0007833629 -0.0003349721 0.0005952918 -0.0008881488 -0.0105736880 -0.0242678132 0.0009697300 0.0009316838 0.0007079653 -0.0181166865 0.0007497193 -0.0206098817 -0.0154201193 -0.0227979328 -0.0183026828 -0.0121654756 -0.0167385340 0.0003332479 -0.0208681673 -0.0135815581 -0.0219040513 -0.0153331067 -0.0103382934 0.0007254581 -0.0116017964 -0.0162148234 -0.0139876753 -0.0144539373 -0.0129346689 -0.0003451493 -0.0003661404 -0.0006712095 -0.0107606780 -0.0131901652 -0.0172846932 0.0007136599 -0.0092818448 -0.0103924777 -0.0246991888 -0.0118787764 -0.0155180404 -0.0181257483 -0.0241915286 -0.0009288742 -0.0134444814 -0.0171341132 -0.0129853925 -0.0162085891 -0.0156567115 -0.0248557311 -0.0167598333 -0.0191267710 0.0001504130 -0.0037922319 -0.0153072653 -0.0175061729 -0.0150282951 -0.0005710379 0.0003131392 -0.0166652892 -0.0095040044 0.0005702820 -0.0143053783 -0.0112196244 -0.0004806370 -0.0195465460 -0.0081986375 -0.0182587150 -0.0085638054 -0.0206464175 -0.0012580680 -0.0183700901 -0.0001243727 -0.0094036460 -0.0101803392 0.0008839439 -0.0132279899 -0.0126080569 -0.0123009076 0.0006586110 -0.0003328695 -0.0073944409 -0.0132681755 0.0001176747 0.0006878442 -0.0193007980 -0.0142921861 -0.0143326074 0.0008743730 0.0009202427 -0.0181633905 -0.0153632388 -0.0170445461 -0.0099983755 -0.0114456369 -0.0107117668 -0.0015088051 0.0001905815 0.0010956000 0.0008148522 -0.0183224548 -0.0144221755 -0.0195190087 -0.0106347492 -0.0008568531 -0.0158145819 -0.0007319112 -0.0008661587 0.0003923942 -0.0099201733 0.0009004806 -0.0105094286 -0.0153495129 -0.0108733671 0.0006477172 -0.0098370155 -0.0160198808 -0.0000331007 -0.0209677573 -0.0198799223 -0.0150811393 -0.0015193096 -0.0077205603 0.0004550922 -0.0160030816 -0.0195988119 0.0000836775 -0.0143492660 -0.0176841691 0.0007879442 -0.0109079648 -0.0161733106 -0.0235754289 0.0003404658 0.0004975990 -0.0000036710 -0.0112996073 -0.0168216098 0.0006261024 -0.0113947662 -0.0187535305 -0.0188940745 -0.0004514216 -0.0119908433 -0.0240346212
-0.3833334744 0.0007332736 0.1292527020 -0.1526821852 0.0017590654 -0.0019912685 0.0127334287 -0.0558685176 -0.2396937907 -0.0013381087 0.0898512527 -0.1322297305 -0.0054069795 -0.0933232233 0.0726995841 0.0003715980 0.0006216886 0.0078199022 -0.1702326536 -0.0278990176 0.1016015783 0.0684327260 -0.0803726017 0.1277690083 -0.0011502898 0.0397385657 -0.0009035233 -0.0025481184 -0.2221928984 0.0066270442 0.0949174762 -0.0165699776 0.1464510560 0.0924357772 0.1553895772 -0.1662693173 0.0772020966 -0.0018558899 0.0010272741 -0.0038652665 0.1607239842 0.0005723764 -0.0029769407 0.0008866595 -0.0543333218 0.1190425083 0.0893758908 -0.0497209541 -0.0017973807 -0.3897989690 0.0008856601 -0.0001375911 0.1083108932 -0.0003886349 0.1750266552 0.0693996325 -0.1618414372 0.2039982080 -0.0012820149 0.0750745982 0.2125733495 0.2048965394 -0.0005070739 -0.0004539924 -0.0266062636 -0.0009269861 -0.0085376613 -0.0446474329 0.0735976249 -0.0007879996 -0.1187480837 0.0205154065 -0.0010070581 0.0175989512 0.0739503801 0.1472157538 -0.0789048523 -0.0394525677 0.1098810062 0.0008732349 0.0451085381 -0.0095678428 0.0084072575 0.0254149660 0.0015559994 -0.0293259919 0.0005194379 0.1467543244 0.0000782350 -0.0279127788 -0.0152742472 0.0426860079 0.0000554700 -0.0056204572 0.0347815417 -0.0002847596 -0.0697621554 -0.0012585615 -0.0009892873 0.1324428171 -0.0011013703 0.0085974177 0.0350103080 0.1303033680 0.0152032450 -0.0925404355 -0.0102806650 0.0122012589 0.0008080500 0.0146411415 0.0996850431 0.0003166609 -0.0002357889 -0.0009018139 -0.0009313379 -0.1754644662 0.0766107291 -0.0023154714 0.0001201585 -0.0022768215 0.0557278469 0.0003430481 0.1462740451 0.0800219849 0.1703429967 0.0761427656 -0.0071174810 -0.0859340653 0.0013313843 0.0427521579 -0.3835538924 0.0310402364 0.0781111121 0.1291293502 -0.0022640931 0.2510456443 -0.2088186741 0.1845232844 -0.2445242703 0.2604754865 -0.0011475697 -0.0015416283 0.0002354778 -0.0546150692 -0.0659865141 0.0558466315 0.0002190463 0.1042821929 0.0260722004 0.0018144441 0.1095186397 0.0821210891 -0.0295452755 -0.3362701237 -0.0005232139 0.0475226566 -0.0019423491 -0.1264272183 0.1180849895 -0.0780822113 -0.1339959204 -0.0187679324 -0.0405961536 0.0002614192 -0.0364922844 0.0214278866 -0.0803572685 0.0158246513 -0.0000453790 0.0001278232 0.0531438179 0.0641636550 0.0002924191 -0.0739762038 -0.1261124462 -0.0013749379 -0.0382710733 0.0718335211 -0.0254263692 0.0583290458 -0.0608866066 0.0021121460 -0.0758494586 -0.0005060915 0.1400328875 -0.0308105946 0.0001196793 0.0845498219 -0.0398304351 0.0965795889 0.0001782758 0.0010999808 0.1509974599 -0.2663016915 0.0005845879 -0.0058309468 0.1216088831 0.0769876838 -0.0536230467 -0.0006758188 -0.0036713982 -0.0275088511 0.1302081496 -0.0904408246 -0.0057873535 0.0067852554 0.1524133831 -0.0000109554 -0.0004248799 -0.0004648279 -0.0022303788 -0.0275347438 0.0641545057 -0.0850217193 -0.0870233029 -0.0006367275 0.0528558157 -0.0009394443 0.1108104959 0.0006157339 0.1326930374 0.0016897710 0.0986464024 0.0710109323 0.3130035400 0.0007024348 0.0117549887 0.0664542913 -0.0004037213 -0.1021169722 -0.1036984622 -0.0007024009 0.0005525631 0.1551955193 0.0013349163 -0.0877292827 0.0805762038 -0.0001579551 0.0310034733 -0.0000438702 -0.0024813553 0.0710627660 0.0583521426 0.0659543425 0.0006091869 0.0015356852 0.0005223884 0.0744598880 0.0949629173 -0.0027310268 0.0795128867 -0.0594597645 0.1368707418 0.0012231703 0.0964036807 -0.1208001822
-0.0260705911 0.0000762285 -0.4068988264 -0.6128429174 0.0008881695 -0.0004073349 0.0260485262 0.1476893723 -0.4897896051 -0.0017507893 -0.8867563009 0.1124552339 0.1501478255 0.1779327244 -0.2170623839 0.0013998238 -0.0019145396 0.0476217717 -0.0564508364 0.0515467562 0.1883563995 -0.2731918395 0.0595065393 0.0564524084 0.0007292992 -0.0589325428 0.0011097371 0.0028517877 0.4823391140 -0.0830745995 -0.0520656072 -0.0218533147 0.2041570842 0.6657477021 0.1656135172 -0.3156159818 -0.0498345569 -0.0013632801 0.0004613853 -0.0049067596 -0.2145696133 0.0014699470 -0.0024572543 -0.0003011674 0.4177781641 -0.3235474527 0.0025710582 -0.0274686553 0.0013189379 0.2903804183 -0.0008190479 0.0002416214 0.1214722395 -0.0001050312 0.2643170059 0.0488490537 0.1523932368 0.0285088550 -0.0020698942 -0.6044420600 -0.5411725640 0.0522933118 -0.0005939786 0.2030283362 -0.1154058427 0.0010908865 0.0240763873 0.0026039614 -0.7657205462 -0.0005467915 -0.0243926104 -0.0110342698 0.0012637846 0.1240157336 0.4170099497 -0.0452285074 0.0308172405 0.0944076478 -0.0697642490 0.0001197713 -0.6401224732 -0.0439209826 0.0453943722 -1.1013151407 0.0009624860 0.6097662449 0.0005448689 -1.0141578913 -0.0004894965 -0.1789130569 -0.1034287289 -0.0249630213 0.0011428505 -0.0061866622 -0.0071091759 0.0010669233 0.3640518785 0.0016311737 0.0008128862 -0.2344019264 -0.0012011195 -0.1565702856 0.0355724059 -0.0751319528 0.1702333689 -0.1797268540 0.0486627519 0.1363621950 0.0011770842 0.0881833136 0.0647447705 -0.0015793834 -0.0009504984 -0.0012097431 -0.0007127402 -0.7359246612 -0.3319549263 -0.0003166081 0.0003043838 -0.0021726459 -0.5976158381 0.0038424877 0.1289729327 -0.0607418232 0.5643050075 -0.0422973335 0.1852942556 0.2094898969 -0.0000815382 0.0934718028 0.0249879416 0.0532568060 0.0671630353 0.1471243650 0.0004549198 0.5542851686 0.0904859528 0.0933126807 0.0929976851 0.1728855968 0.0008527121 -0.0005386286 0.0014145803 0.0629169121 0.1031679064 -1.4080440998 0.0008541584 0.0522994883 -0.0649235323 0.0200366620 -0.2541714013 -0.0922305137 -0.1093427762 -0.2163232863 -0.0006239879 0.0409617163 0.0354873426 -0.0676408559 -0.4212784469 -0.0954395607 0.1312200427 -0.5840054154 -0.0201125350 -0.0010428233 -0.0449263230 0.0910038128 0.1346584409 0.0288088825 0.0030189736 -0.0005611564 -0.2038522214 0.0128190750 -0.0009972719 0.1254587919 -0.0826578140 0.0049741762 -0.3352426589 0.2112693042 -0.4661442339 1.5115456581 -0.4683765769 -0.0024251158 -0.0225122143 -0.0013510013 0.2621017396 -0.0736013278 0.0001664458 -0.1508487612 -0.2343751937 0.0005874027 -0.0001749094 0.0010559092 0.0763003454 0.2368685603 -0.0011821275 -0.0135981990 -1.2471714020 -0.0926125273 -0.1543299109 0.0017512770 -0.0025659096 0.2720671594 -0.2107870728 -0.2025967240 0.0604997762 0.0238622688 -0.2559157908 0.0017372115 -0.0010850696 -0.0008783547 0.0012145055 0.0013455428 -0.0422684886 -0.1082164943 0.1002826542 -0.0002673201 -0.6037049890 0.0015383927 -1.4521874189 0.0014245651 0.0108216563 0.0001779791 -0.0514813401 0.2195061296 0.1342408806 0.0007393569 -0.0309525542 0.0681420043 0.0005140088 0.2080213279 -0.0095441118 -0.0692379698 -0.0004743255 -0.3553503752 0.0000176637 -0.0276073962 0.0770406127 -0.0009790185 -0.7681956887 -0.3081771731 -0.0019197066 -0.1519875228 1.7001413107 -1.3757216930 0.0004332916 0.0010354563 0.0004347124 -0.0430623256 -0.2718535662 -0.0002547357 -0.8913437724 0.1568255126 0.1645661145 0.0009294541 -0.0112626404 0.2189691812
0.0150215207 -0.0019035226 -0.0832563490 0.1416769624 0.0016054219 -0.0001568220 0.2388622761 0.0386360288 -0.1741450280 -0.0021427853 0.1175187305 -0.0904826373 -0.0810908601 0.0154470773 -0.0340240449 -0.0001525847 0.0008942379 -0.1141221300 0.0454401970 0.0770060718 0.0341226570 0.0639439598 -0.0117983697 0.0557767749 0.0009966346 0.0916038677 0.0012891266 -0.0035228655 -0.0767726600 -0.0148932310 -0.0583046377 0.0125695355 0.3644658029 -0.4900929928 -0.0524450690 -0.0669938326 0.1070527136 0.0009045115 0.0010076335 -0.0039560869 -0.0486964583 0.0017624517 -0.0025713439 -0.0000667526 0.0990787968 -0.0750302449 -0.0456306972 -0.0194073208 -0.0005886267 -0.0090386942 -0.0007560035 -0.0005529153 0.0988636166 -0.0001558192 -0.1730685383 0.1742107421 -0.0615897216 0.0244105998 -0.0023709070 -0.0232347157 -0.2511459887 0.1420952529 -0.0008711272 0.0331210196 0.2007562965 -0.0008680554 0.1055831239 0.0336387157 -0.0154647222 0.0005886809 -0.0264751147 0.0434165522 -0.0008007255 0.0365376286 0.0409408249 -0.0616675392 -0.0590977184 0.0723816454 0.1192034408 -0.0004069554 -0.0027568333 -0.1024121270 0.0608115010 -0.0432985537 0.0011496538 0.2189958841 -0.0010657884 -0.3209167123 0.0011262650 0.1673530489 0.1658405066 -0.0219897572 0.0015132084 -0.0006689250 0.0901235938 0.0006363392 -0.2790203691 -0.0011679033 0.0020174135 0.3903621733 0.0008205798 -2.4999659061 -0.0381057188 0.3064933419 -0.3093966544 -0.2983819246 0.0740377679 0.1713121682 0.0002222648 -0.1934419274 -0.0536395237 -0.0005318684 0.0012798201 -0.0008759522 -0.0009892061 -0.1387631446 0.3138718307 -0.0017355290 0.0007546209 -0.0019204800 -0.0020429958 -0.0009873617 0.0779379904 0.0882497951 0.0807951167 0.0887971967 0.0707243308 -0.0603639372 0.0016339128 0.2029676437 0.0780221075 0.0649455190 0.1603538692 0.0122859078 -0.0001751075 -0.0006843293 -0.0509569757 0.2430575341 0.0422210731 0.0089927670 -0.0015075194 -0.0008682932 0.0003096659 0.0524513200 0.3244985640 -0.0816267803 0.0014229594 -0.0209238920 -0.1155992523 0.0497551821 -0.0272272471 0.0838732794 0.1550161093 -0.0782781094 -0.0021701327 -0.0128976516 0.0511827022 0.0726333931 -0.1307750791 0.0863162950 -0.1115178242 -0.5135983825 -0.0383904986 0.0011594559 -0.0046013617 0.3455072641 0.2625586987 0.1550619453 0.0007458545 0.0018212374 -0.1580960155 -0.0796219707 0.0004958078 -0.0076518115 0.1360003501 -0.0031809453 -0.2087180018 -0.1718330681 0.0193940550 -0.0230931174 0.1066684723 0.0002951114 -0.1005629003 0.0011687374 -0.0248768087 0.0239679907 0.0006930118 0.0281357951 -0.0217896216 0.0510790944 -0.0012288241 -0.0006794832 0.2045388371 0.2743825912 0.0017066364 -0.0120087294 -0.0169570949 0.2733766437 0.0030956203 -0.0002387298 -0.0020774405 -0.0208680853 -0.1232071146 -0.0705265850 0.0479023233 0.0894527137 -0.1526001543 0.0015299616 0.0014024146 -0.0004332810 -0.0003377523 0.1884378940 -0.0899419263 0.0772474334 0.0880704150 0.0008936173 0.0566205010 0.0004888384 -0.0715506375 -0.0011588790 0.1451643854 -0.0001587168 -0.1257311106 -0.0096438034 0.4168574512 -0.0003165521 0.0722141936 0.2194487900 -0.0002031676 -0.2901427448 0.1148827001 -0.1396063417 0.0013597837 -0.0905697346 -0.0008559919 -0.2349873632 -0.0223275404 -0.0010023972 -0.0669817179 -0.0112897130 -0.0020790384 0.0800022706 -0.0737494901 0.7137240171 0.0002569778 -0.0007792581 0.0009724033 -0.0993399173 -0.5317819715 -0.0027841162 0.0891745165 0.1214627326 -0.0434215441 0.0004379254 0.0144291995 -0.0144183217
-0.0093683954 -0.0010605464 0.1304303408 -0.0414689444 0.0015647819 -0.0004748172 -0.0289956722 0.2392588109 0.1472892761 -0.0013358714 -0.0030625241 0.0107537229 -0.1321382225 0.0631200224 0.8774915934 0.0012035235 0.0010844736 0.0216994099 -0.0215930995 -0.0789858252 0.0479732566 0.0287086833 0.0210031345 -0.0295251291 -0.0007153504 -0.0818855911 0.0003863580 -0.0022688990 0.2298225015 -0.0042303717 -0.0096102487 0.0189209729 -0.0159400683 -0.1657639891 0.0133621758 0.0274924710 -0.1634750366 -0.0014555603 0.0015420003 -0.0026984534 0.0644120127 0.0008263985 -0.0024897037 0.0011690733 -0.0263696034 0.0410926901 -0.0351388268 -0.0149416849 0.0004707431 -0.0005893076 0.0004714862 -0.0009612456 -0.0106930342 0.0002604479 -0.0266775060 -0.0215498731 -0.0636739880 -0.0092680231 -0.0006329558 0.0380217731 -0.0449164771 0.0052224500 0.0008043699 0.0228601228 -3.4043376446 -0.0011803213 -0.8184639215 -0.0139383534 0.0151658254 -0.0000187939 0.0074020019 0.0212849434 0.0002265266 0.9848135114 0.1221922338 -0.0424215570 -0.0180218145 0.0237430260 0.0030750097 0.0006414724 -0.4008398652 -0.0030329016 0.0046224776 -0.2504707873 -0.0005100026 -0.0001417991 -0.0002799513 0.0575832948 -0.0009160244 0.0173720121 -0.0200608224 -0.0064511877 0.0015682994 -0.0032611550 0.0048881541 0.0006821317 1.3132399321 0.0010229017 0.0005016625 -0.0302982088 -0.0029733088 0.1408599168 0.0779517516 0.0184569657 0.0742634982 0.0187382642 -0.0519603677 -0.8578793406 0.0006670379 1.0842581987 0.0185276642 -0.0000235265 0.0001696814 -0.0007238446 -0.0007534081 -0.0606130958 -0.0497267954 -0.0025185503 -0.0010920340 -0.0012901267 -0.0486525968 0.0005906791 -0.0049452400 -0.1018894091 0.0250883419 -0.1295552254 -0.0534586571 -0.0175640266 -0.0008573840 0.0561341234 -0.0131000765 -0.0063586496 -0.0111424252 -0.0197682735 0.0015534514 -0.3177300394 -0.0012507954 -0.0278168190 0.0023987617 0.0091082454 -0.0011827273 -0.0029643713 0.0008281467 0.0072751716 0.1899564266 -0.0877106562 -0.0004517146 0.0409180336 0.0598618053 0.0028494690 0.0140231047 -0.0718346313 -0.0127614802 0.0041030277 0.0003185858 -0.0283902008 0.1142580211 -0.0356512107 0.0452151895 -0.0363161825 0.0030817820 0.0816370919 0.0132631408 0.0011483970 -0.0066091432 0.0030165350 0.1036959514 0.2632513642 -0.0015161420 0.0014717764 0.0107997274 -0.0314683579 -0.0007891909 -0.0000545469 0.0326124169 -0.0015645074 0.0376700498 -0.0946621448 0.1296345890 0.0223178957 -0.2858648300 -0.0013432612 0.0131604038 -0.0006072469 -0.0103961565 0.0062602493 0.0003518536 0.0713517442 0.0725009590 0.0075868522 -0.0005235266 0.0016894564 -0.0140308719 -0.0043600486 0.0003052822 0.0239947382 0.0058756866 -0.0100021679 -0.0124153495 -0.0006096514 -0.0014706830 -0.5854822993 -0.0541475527 0.0309191532 -0.6347494125 -0.0370321125 0.1108332425 0.0008578406 -0.0003022956 0.0010751621 -0.0023385847 -0.1471148133 0.0021350393 -0.0133556677 -0.3911248744 0.0001073813 0.2755304277 0.0016245298 -0.0774750262 0.0019078958 0.0059059160 0.0011422326 0.0272907652 0.0635107234 -0.0598566122 0.0001361699 -0.0121893501 -0.0091523891 -0.0009723641 0.2077548951 -0.0136177484 1.0235422850 -0.0005205484 -0.0099529624 0.0016782717 0.1510812342 -0.0036533277 -0.0017789440 0.0499649569 -0.0618424788 -0.0003234225 -0.0122531531 0.1424444765 0.0546012931 -0.0009704263 0.0000965840 -0.0008305288 -0.0045515280 0.0267120227 -0.0001331429 0.0224328693 -0.0333750099 0.0251235310 0.0011686952 -0.0022803128 -0.0330679230
-0.0046595540 -0.0005575407 -0.0038243500 -0.0050881957 -0.0018085211 0.0014710001 -0.0071747047 -0.0057707205 -0.0062067732 -0.0016868928 -0.0069614276 -0.0060061179 -0.0065633105 -0.0066064163 -0.0063992837 -0.0004818093 -0.0006129643 -0.0046870667 -0.0057875938 -0.0062650074 -0.0052751238 -0.0041297670 -0.0063442555 -0.0057121427 -0.0014495827 -0.0051127109 -0.0011463444 0.0004534425 -0.0061715087 -0.0042763827 -0.0047065997 0.0007726470 -0.0066199303 -0.0053470060 -0.0056710979 -0.0059417617 -0.0035418007 -0.0005955944 0.0001765217 -0.0010977943 -0.0057561621 -0.0012319863 -0.0006565714 -0.0007826046 -0.0056348308 -0.0054589347 -0.0037394608 -0.0047402191 -0.0015595168 -0.0056372345 0.0005109673 -0.0007723856 -0.0064752195 -0.0009962332 -0.0071574114 -0.0056245625 -0.0059913700 -0.0050193528 0.0002526692 -0.0067109517 -0.0060316008 -0.0041141990 -0.0001305622 -0.0053098234 -0.0057353508 -0.0011847003 -0.0039745942 -0.0050913347 -0.0066836793 0.0006729660 -0.0048361751 -0.0042403443 -0.0016612899 -0.0054887407 -0.0044493233 -0.0042604436 -0.0060862387 -0.0071665375 -0.0055468376 -0.0003688362 -0.0040905918 -0.0043248590 -0.0065999622 -0.0054803086 -0.0008456872 -0.0060991012 0.0006228701 -0.0051792855 0.0011022076 -0.0059937700 -0.0043878909 -0.0065824627 -0.0013080733 -0.0001905651 -0.0051963325 0.0004900362 -0.0039437707 -0.0002819533 -0.0016576769 -0.0045918911 -0.0014139224 -0.0046193115 -0.0065145525 -0.0067363987 -0.0066810274 -0.0070110508 -0.0067732860 -0.0054322118 -0.0005872972 -0.0042021954 -0.0049329726 0.0003158037 0.0005642847 0.0000229335 -0.0007180218 -0.0068680742 -0.0051865131 0.0010008310 0.0008404690 0.0001814462 -0.0067409459 -0.0002249640 -0.0043021180 -0.0060509113 -0.0042955484 -0.0051510227 -0.0051126643 -0.0049044923 -0.0001258189 -0.0072108768 -0.0041960976 -0.0044173193 -0.0058462848 -0.0059882747 0.0000828453 -0.0046216082 -0.0051950403 -0.0055194013 -0.0036732832 -0.0060866913 0.0010799867 -0.0001610437 0.0000576459 -0.0050710742 -0.0053306436 -0.0048485762 -0.0007836563 -0.0043533887 -0.0068003987 -0.0053933826 -0.0045579574 -0.0048903869 -0.0068687182 -0.0066499077 -0.0007961006 -0.0058666435 -0.0056317882 -0.0028176953 -0.0047922209 -0.0056149401 -0.0064795348 -0.0044866623 -0.0059918612 0.0011830744 -0.0060771084 -0.0064378148 -0.0043133534 -0.0061451849 -0.0017321463 0.0001239991 -0.0046040989 -0.0056840954 -0.0013720701 -0.0066613201 -0.0061910758 -0.0009157906 -0.0039546522 -0.0046281777 -0.0049964082 -0.0050228960 -0.0068072150 -0.0010720261 -0.0056457026 0.0005444073 -0.0039875302 -0.0061787590 -0.0013800763 -0.0060005374 -0.0061861458 -0.0041352026 -0.0010738010 0.0005016511 -0.0044338596 -0.0069029084 -0.0011950724 -0.0016797631 -0.0045304582 -0.0055822232 -0.0050936434 0.0004687137 0.0003671295 -0.0067203799 -0.0049018064 -0.0069383234 -0.0053697391 -0.0054579489 -0.0045962390 0.0004800611 -0.0004497138 -0.0014550476 0.0008327642 -0.0047052591 -0.0062025087 -0.0044831573 -0.0064855982 -0.0004813265 -0.0065678889 0.0003063205 -0.0070017269 0.0002841334 -0.0052134800 -0.0005074670 -0.0040360237 -0.0045746444 -0.0068941251 -0.0011228749 -0.0061162990 -0.0055751447 -0.0003596025 -0.0052006836 -0.0061946628 -0.0055777295 -0.0009586813 -0.0064849709 -0.0009804388 -0.0044797114 -0.0055172197 0.0010483775 -0.0054474948 -0.0061931019 0.0007522049 -0.0060523287 -0.0065724491 -0.0058756978 -0.0013793028 -0.0010031669 0.0011562994 -0.0059019807 -0.0046364102 -0.0002547664 -0.0053199874 -0.0061800121 -0.0051315236 0.0002037662 -0.0047096135 -0.0048280559
0.0322297476 -0.0022774683 0.0731276199 0.1519321203 -0.0002257326 -0.0020953033 0.0878008381 0.0406499244 0.0342249833 -0.0022686333 -0.0719811171 -0.0018202205 0.0979209989 -0.0490463823 0.1354046464 0.0010753546 0.0012674126 0.0308044441 0.0479719415 0.0005113674 0.0033252873 0.0641759560 -0.0061576352 0.0659456998 -0.0004000222 0.1829757094 -0.0009962929 -0.0025252069 -0.0724527761 0.1198040918 -0.0185140781 0.0506372936 -0.0799831301 0.1337582618 -0.0035450654 0.1171024069 0.1567488164 -0.0013935035 0.0016280558 -0.0032361643 0.0700923204 0.0009810110 -0.0020835740 0.0005765887 0.0544106402 0.1287557930 -0.0258392841 -0.0257862397 0.0018669607 0.0405772291 0.0000375988 0.0003596514 -0.0331649445 -0.0007318903 0.1195748970 -0.0855363831 0.0933776721 -0.0571467951 -0.0024694267 0.2615210712 0.0836090297 0.0141716246 -0.0005207274 -0.0164171644 0.0857267529 -0.0004060608 -0.0163445119 -0.0392703786 0.1411223859 0.0002452901 -0.0168424696 -0.0575547665 0.0018292761 0.0387959108 0.1149246246 0.0382826850 -0.0829253346 -0.0005893185 0.0299041159 -0.0003563526 0.0955517441 0.0172115248 -0.0371801704 0.1575579047 -0.0009173971 0.0517723784 -0.0009486332 0.0874969736 0.0008801972 -0.0649800152 0.1021690592 -0.0140281366 0.0003961821 -0.0020188263 -0.0096502872 0.0015114308 0.0057102167 -0.0010213037 -0.0003486473 -0.0318795927 -0.0032721194 -0.0089752367 0.1317818612 0.0164235681 0.0828900933 -0.0707246885 0.1166072413 -0.0151185226 0.0014982130 -0.0301757567 0.0225079041 -0.0002712153 0.0017207826 0.0014678881 -0.0010638139 0.0155618219 0.0807937533 -0.0004900091 0.0000645651 0.0006498976 0.0988810211 -0.0006644327 0.0390291773 0.1659180075 0.0419850051 0.1539117098 -0.0248330142 -0.2171265334 0.0013937603 -0.0020986975 0.0175357759 0.0004026759 -0.0517314486 -0.0035358048 0.0015691043 -0.4207122326 -0.0490974113 0.0764342025 0.0565834977 -0.0707719252 -0.0011959026 -0.0012518114 0.0011444680 -0.0267991386 -0.1613867730 0.1539547890 0.0002779436 0.0605293773 0.0703647882 0.0611983351 0.0525206365 0.1633926034 0.0391473398 -0.0296549872 -0.0013013143 -0.0146970442 0.1289190203 0.0624802411 0.1625250280 -0.0001085526 0.0079382835 0.1537508816 -0.0322507992 0.0001580542 0.0879517719 -0.2141507417 -0.0447404161 0.0809948072 0.0005608184 0.0011041366 0.0783184543 0.0621296652 0.0003135549 -0.0036838700 0.0181888472 -0.0012401864 0.1178594157 -0.0431722663 0.0996731073 0.0679056570 -0.0072058677 -0.0023670148 0.0218228847 0.0015109321 0.0104199080 0.0307726804 -0.0006339378 0.0962570384 0.0502038635 -0.0189647079 0.0010268264 0.0009336299 -0.0717738643 0.0473718420 -0.0006874271 0.0027407443 0.0433145463 0.0585263893 0.0177909192 0.0008063053 -0.0022207296 0.0227798428 0.1452245861 0.1441504210 0.1358735561 -0.0511346199 0.0818581358 -0.0005167495 0.0005324653 -0.0002663332 -0.0010190998 -0.0210572630 -0.0277780332 0.0884356201 -0.0196047425 0.0004585809 0.0956768170 -0.0008161368 0.0660280734 0.0006775954 0.0294867009 0.0008538892 0.0356827490 0.1177430302 0.1010553092 0.0010191691 -0.0373446345 -0.0765078217 0.0007502972 0.0347789824 0.0380881652 -0.0481972322 -0.0005132894 0.0968972966 0.0009226172 0.0039029026 0.0329630114 0.0010979398 0.1469089985 0.1061929911 -0.0018673508 -0.0296612773 0.1085898504 -0.0687666833 0.0008801938 -0.0003713707 -0.0008979199 -0.0073105176 -0.0197810754 0.0000266614 0.0314124711 -0.0159075819 0.0147584202 0.0016365824 -0.0276159886 0.0028318511
0.1296277195 -0.0005785917 0.0419261530 0.1110407934 0.0010738437 -0.0011178076 0.0529001802 0.0303412043 0.0541394353 -0.0016543606 -0.1775538474 -0.0116175208 0.1367274225 0.0196196437 -0.0053447811 -0.0007274501 0.0006455826 0.0220618285 0.0186436456 -0.0321994126 -0.0995494500 0.1404374987 -0.0005974403 0.0569215007 0.0016830104 0.1544803828 0.0011231657 -0.0037403058 -0.1366075724 0.1072262153 0.0253541004 0.0225741379 -0.0538250916 0.1131258160 0.0480711944 0.1089507118 0.1290415227 -0.0003149978 0.0017265228 -0.0042338232 -0.0664875805 0.0009720870 -0.0031207150 0.0004535246 0.0287207626 0.1572109312 0.0084215384 0.0259751156 -0.0005411245 -0.0269641522 -0.0003002166 -0.0011355062 -0.1155985221 -0.0019206551 0.1973586679 -0.2707522511 0.0245036036 -0.1089457497 -0.0025884467 -0.0885248929 0.1583439559 0.0816249028 0.0009908424 -0.0145578161 0.3775629699 0.0008463296 -0.0469179153 -0.0989881158 0.1387503594 -0.0010586465 -0.0478375144 -0.0777705908 0.0006566265 -0.0352468751 0.1186579689 0.0265203193 0.0773779079 0.2069391161 0.1101949364 -0.0007157261 -0.0476376750 -0.0011815275 0.0029144315 0.1395966262 -0.0007282821 0.0942310169 0.0005202834 0.1173605695 0.0014252962 -0.1202623472 -0.1351898015 -0.0027816023 -0.0009329388 -0.0036806946 -0.0112795895 0.0012969445 0.0479706079 0.0005658275 0.0018264893 -0.1132896245 -0.0003120557 -0.0124224965 0.1277962476 0.0423506647 0.0940827802 -0.0489882380 0.0581728593 0.0023099447 0.0005525838 -0.0157030895 0.0216271989 0.0003713268 0.0006973239 0.0012689908 -0.0009061249 -0.1131555140 -0.0664702207 -0.0009824408 0.0013351870 -0.0027406339 0.0790972635 0.0017411819 -0.0345281549 0.1433742046 0.0271927658 0.1340312213 0.2693565190 0.0280768778 0.0002843910 -0.0540266223 -0.1645182967 0.0211700201 -0.1409928799 -0.0025054868 -0.0016872769 -0.1684230864 0.0108800158 0.1653491110 0.2037153095 -0.2122067362 -0.0014548312 -0.0013318823 0.0001097816 -0.1045163721 -0.1594348252 0.1301383823 0.0008949489 0.0832038969 0.0938695744 0.0163427945 0.0760359019 0.1432339102 0.0597862042 -0.0451729111 -0.0020584369 -0.0113268709 0.1003283486 0.0525753796 0.1481910050 -0.1369786859 -0.0188314524 -0.2800574005 -0.0537201166 -0.0005830050 -0.1219229549 -0.3168641925 -0.0071392204 0.0749984533 0.0003245416 0.0006697737 0.0902370587 0.0439186357 0.0013155735 0.0078269020 0.0570729189 -0.0016604499 0.0821920186 0.0237452872 0.0693478584 0.0613517016 0.0087947790 0.0027095340 0.1010862291 0.0007266915 0.0467052199 0.0369654745 0.0001734092 0.1271158755 0.0326413251 -0.0317060091 -0.0010603798 0.0012554647 -0.3518525958 0.0099522732 0.0012840279 -0.0106144976 0.1314390600 -0.0699927881 0.0533610657 -0.0002435514 0.0012418577 -0.0385502577 0.1435460150 0.0859160125 0.0568295941 0.0096765598 0.0688502714 0.0000713063 -0.0000530788 0.0016529297 -0.0017313532 -0.0743665323 -0.0072912802 0.0657231584 -0.1342859119 -0.0007726122 -0.0628709495 0.0007386372 0.0984468013 -0.0006121292 0.0154342204 -0.0006855244 0.0529546924 0.1190133542 0.0956694186 -0.0004080059 0.0318713225 -0.1820497364 -0.0000884780 0.0622390099 0.0532024540 0.0330991782 -0.0003581994 0.1260857433 0.0013073633 -0.0480087847 -0.0763038918 0.0007941762 0.1431513280 0.0819223970 -0.0023800454 -0.1468031406 0.0954864100 -0.2403039336 0.0017767865 0.0011039079 -0.0007490678 -0.0400058106 -0.0476609059 -0.0016916423 0.0382670611 0.0541944467 -0.0461815260 0.0017702210 -0.0494322442 0.0727422833
0.0004576925 -0.0013547487 -0.0015553397 -0.0003107147 -0.0013085647 -0.0005930585 -0.0004268053 0.0003427867 -0.0014761676 0.0000963703 0.0003037997 -0.0000635288 -0.0011248125 0.0005031035 0.0005806753 0.0004948892 -0.0005550781 0.0007149723 0.0000635778 0.0005482461 -0.0012903727 -0.0004328655 0.0006807375 0.0010212880 0.0005968382 -0.0013779321 -0.0009305550 -0.0005104014 -0.0004989757 0.0004808745 -0.0012137576 0.0003338457 -0.0005224617 -0.0012644966 0.0004909180 -0.0001250643 0.0003890054 -0.0007571544 -0.0013678935 -0.0004255626 -0.0013756991 0.0008198335 0.0006295586 -0.0001732596 -0.0019802558 -0.0004541070 0.0007742944 -0.0007451679 -0.0008935793 -0.0017374087 0.0007425749 0.0011222162 -0.0017019969 -0.0008948406 0.0011577685 -0.0014727481 0.0002120437 -0.0002611632 -0.0001108818 0.0008056522 -0.0014173290 -0.0003831874 -0.0012248338 -0.0017691538 0.0010174996 -0.0015374043 -0.0006596337 -0.0012623300 -0.0006371062 -0.0007643489 -0.0009720208 -0.0012887006 0.0000591084 -0.0004347791 -0.0014781787 0.0007929504 -0.0017812971 -0.0017747753 -0.0001570625 -0.0003068594 -0.0009668506 -0.0018053446 -0.0009271798 0.0006416646 -0.0005550565 -0.0015706336 0.0011276618 -0.0010072971 -0.0006769937 0.0006832854 -0.0000004898 0.0004483307 -0.0005239627 -0.0008209348 -0.0011697927 -0.0002590861 0.0005580879 -0.0010918191 -0.0008261194 -0.0020187350 -0.0015065265 0.0005423861 -0.0003918738 -0.0012545267 0.0007098998 -0.0001536961 -0.0005461319 0.0000311748 0.0000900900 0.0006433201 -0.0015553277 -0.0000598730 -0.0017015811 0.0005331265 0.0001459484 0.0011816408 -0.0007130042 -0.0006702876 0.0000140686 0.0010558909 0.0004455039 -0.0014241684 -0.0014960772 0.0007909616 -0.0013838330 -0.0003574141 -0.0004888535 -0.0010499540 0.0007831637 -0.0013063133 -0.0004873834 -0.0006581707 0.0005335851 -0.0015405448 0.0001703980 0.0006196342 -0.0017403078 0.0000029606 0.0006740468 -0.0019283780 -0.0002255301 -0.0014125784 -0.0000867090 -0.0015141405 0.0003223979 -0.0004115959 -0.0012308775 -0.0000874243 0.0005080096 -0.0004253053 0.0004243415 -0.0019186850 0.0005976636 -0.0013488634 0.0010956038 -0.0009320775 -0.0009724413 -0.0008182930 -0.0006046836 -0.0017450944 -0.0016148757 -0.0016322148 0.0000453000 0.0009694570 -0.0003198042 -0.0015203971 0.0015241280 -0.0004673561 -0.0003047698 -0.0001197488 0.0003038373 0.0009110968 -0.0015257446 -0.0018090174 -0.0001345972 0.0000869021 -0.0015476914 -0.0005044566 -0.0004212457 -0.0007407314 -0.0005190499 0.0000075931 0.0005035846 0.0011625043 -0.0007691666 -0.0002506142 0.0011105846 0.0006129124 0.0008465942 -0.0004431244 -0.0001021601 0.0010079588 -0.0012465435 -0.0003868082 0.0000164450 -0.0009794217 0.0005804173 0.0014177558 0.0001433825 0.0000801810 0.0003681607 -0.0003653438 0.0000921814 0.0000173943 -0.0017450750 -0.0018018011 0.0008240538 0.0002785117 -0.0016945035 -0.0017203637 0.0008042075 0.0004162432 0.0009622065 -0.0009132664 0.0003516825 0.0005118976 -0.0005190161 0.0008025014 0.0004558861 -0.0004534815 -0.0013258117 -0.0007383128 -0.0005084421 0.0000902138 -0.0002147202 0.0011727674 -0.0017514447 -0.0001039182 -0.0009308661 0.0006166057 -0.0012414268 0.0004711431 0.0009316928 -0.0002084114 0.0008008831 -0.0001620530 -0.0001598456 -0.0000905222 0.0009959780 -0.0013586613 0.0008710464 0.0007117763 -0.0014094468 0.0009179520 -0.0006243862 -0.0005385845 -0.0017504041 -0.0003972425 -0.0012961634 -0.0002067831 -0.0011801283 -0.0012686208 -0.0007380100 -0.0004688020 -0.0015700223 -0.0008677834
-0.0007348020 0.0006885556 -0.0006502299 -0.0010844375 -0.0010805026 -0.0008480964 -0.0012843146 -0.0006597224 0.0004352869 -0.0010442892 -0.0017777348 -0.0003790779 0.0001817093 -0.0002309831 -0.0012417132 -0.0018385086 -0.0012089872 0.0006972426 0.0008159576 -0.0011187618 -0.0009244922 0.0006099318 -0.0010261813 -0.0003229178 -0.0004963428 0.0009943022 0.0009476956 -0.0006910182 -0.0016539760 0.0003965620 0.0008252900 0.0011241146 0.0001731713 0.0002181389 -0.0009842295 0.0003651042 -0.0010622242 0.0007074478 -0.0009721456 0.0007039173 -0.0013559418 0.0004162898 0.0008407310 0.0011044741 0.0010074633 -0.0000658170 -0.0001458519 0.0007470379 0.0003464087 -0.0002269455 0.0003802153 0.0004280714 0.0004956038 -0.0000513637 -0.0018429403 0.0010454933 -0.0003611635 -0.0002166291 -0.0001763232 -0.0018799806 -0.0000399369 -0.0006275140 -0.0006378233 -0.0006300703 -0.0002628945 -0.0014537893 0.0000540095 -0.0014138694 -0.0006057867 -0.0001573985 -0.0011434042 -0.0004448156 0.0005261836 -0.0017355297 -0.0013946126 -0.0017849422 -0.0009515459 0.0003020244 -0.0019796379 -0.0018287320 0.0002676702 0.0004183980 -0.0006614603 0.0009650420 0.0012592544 -0.0007859823 0.0008795789 -0.0007252556 0.0001966556 -0.0019040329 -0.0005574407 0.0007130278 -0.0012115604 0.0007311605 -0.0006688888 0.0004335762 -0.0019695952 -0.0015042329 -0.0015647203 0.0002401150 0.0007681341 -0.0011760461 0.0004913346 -0.0000752306 -0.0012678693 -0.0013801495 -0.0010573711 -0.0015284403 0.0004143070 -0.0004729550 -0.0005864525 -0.0009991404 -0.0006703704 -0.0003251774 -0.0013270602 0.0009779450 0.0005086332 -0.0016884395 -0.0001839798 -0.0017915037 0.0007415461 0.0007426066 -0.0003618535 -0.0003836433 -0.0012843685 -0.0001629092 -0.0003466813 0.0009937598 0.0010081395 0.0010283201 0.0005755954 -0.0009709086 -0.0018633356 -0.0003227979 0.0014530910 -0.0011123971 -0.0005765242 -0.0002724806 -0.0002666206 0.0002771931 -0.0008674227 -0.0000087253 0.0007974540 -0.0000162205 -0.0000195232 -0.0016286607 0.0001046825 0.0008315477 -0.0014388314 -0.0000467468 -0.0018487663 0.0006994134 0.0003629029 -0.0017323974 -0.0012468003 -0.0014624299 -0.0010905159 -0.0017024518 -0.0000593464 -0.0012613762 0.0003491980 -0.0014664481 -0.0013712046 -0.0010081952 -0.0017167613 0.0008623491 0.0008838669 0.0010537073 0.0009615002 -0.0010241068 0.0007600099 -0.0017043604 -0.0012181737 -0.0017512690 0.0001151062 -0.0017177679 0.0007382184 -0.0015151054 -0.0013465913 0.0006089195 -0.0001224322 0.0009221992 0.0001717129 -0.0016245692 -0.0001761335 -0.0006337234 -0.0010003182 0.0007296266 0.0000394403 0.0002992215 -0.0017356926 -0.0002418801 0.0006584196 -0.0014759867 -0.0010470994 -0.0011378222 -0.0009380626 -0.0008929062 -0.0013885454 0.0008549654 0.0006503685 -0.0000768231 0.0000056585 0.0004844861 -0.0010972648 0.0009287747 -0.0000374299 -0.0016461639 0.0006780764 0.0008232497 0.0005176470 -0.0003218120 -0.0017786261 0.0010235083 0.0003809276 -0.0008190370 -0.0019707652 -0.0007772362 0.0006653343 -0.0001731691 -0.0015606184 0.0007116218 -0.0016672228 -0.0000276942 -0.0010803925 -0.0004973258 -0.0004705036 -0.0002783705 -0.0015633957 -0.0016769001 0.0007509026 0.0000574031 -0.0005603690 0.0003521423 -0.0014865521 0.0005312183 -0.0006795730 0.0002208075 -0.0013611723 -0.0014861120 0.0010585323 -0.0013111152 -0.0015082941 -0.0016358651 0.0010193576 0.0011057730 0.0011981133 -0.0010254015 -0.0011323177 -0.0016006539 0.0005235706 0.0006454616 -0.0010687239 -0.0003483741 -0.0011463214 -0.0014140104
0.0002753145 0.0009584920 0.0001340413 -0.0007394108 -0.0002070932 0.0006422568 -0.0005853423 0.0006423612 -0.0004418833 -0.0012719287 -0.0005661618 -0.0013604155 -0.0001175533 -0.0016710288 0.0004393319 0.0011171926 0.0002753568 -0.0015553538 -0.0010479795 -0.0014644541 -0.0005283148 -0.0009140832 0.0008307253 -0.0013826864 -0.0000791371 0.0003709720 0.0003418695 0.0001077973 -0.0017939025 0.0002660423 0.0005440810 -0.0015676010 0.0001424667 -0.0013770318 -0.0000150110 -0.0012738259 -0.0000344339 -0.0012931292 -0.0006564315 0.0003983079 -0.0008075026 -0.0015680635 -0.0004005460 -0.0011477204 -0.0018179703 -0.0000140839 -0.0003383718 -0.0011536032 -0.0016289804 -0.0013761388 -0.0000559322 0.0010707842 0.0006632035 -0.0008607057 -0.0006430512 0.0006386245 -0.0008295618 0.0006065387 0.0004227919 -0.0010759179 -0.0015349203 -0.0016190248 -0.0008740188 -0.0008989772 0.0011830997 -0.0012630421 0.0001806187 -0.0016842978 -0.0014276267 0.0000475619 -0.0015458871 -0.0002386738 -0.0011595739 0.0006326541 -0.0003239974 -0.0012198710 0.0005336484 0.0004666467 -0.0004091914 0.0009431114 0.0004087646 -0.0006338501 0.0000285238 0.0007965829 -0.0008010708 -0.0009046189 0.0012015544 -0.0002262726 -0.0004838493 0.0008685738 0.0009062010 -0.0007136781 -0.0006916213 -0.0013850073 -0.0003045651 0.0015168325 0.0003340989 -0.0016281870 0.0008937309 0.0010333254 -0.0010980630 -0.0004458491 0.0004619201 0.0002490621 -0.0010980190 -0.0013985108 -0.0008509139 -0.0010319176 -0.0012022364 -0.0017576040 -0.0017085291 0.0010348154 0.0006688872 0.0009507753 -0.0001246599 -0.0001338286 -0.0015672065 -0.0010982451 -0.0011733753 0.0006645904 0.0001245929 -0.0000937446 0.0011682768 -0.0000788806 0.0006954516 -0.0017197358 -0.0015643588 -0.0001903395 0.0012194479 0.0007359532 0.0006459421 -0.0013450364 -0.0008608885 0.0010274432 -0.0004471203 -0.0016083665 -0.0001388068 0.0003626072 -0.0010544814 -0.0014681204 -0.0000178205 -0.0002271648 -0.0014078864 -0.0015057313 -0.0012071050 -0.0007786516 -0.0015730490 -0.0009634238 0.0001426455 -0.0013459937 -0.0008593040 -0.0014545385 0.0011866278 0.0008653035 -0.0008801623 0.0009618392 0.0004602231 0.0003510849 0.0001215241 0.0007816096 0.0004921125 -0.0016198667 -0.0004545085 -0.0004081900 -0.0015876477 0.0009828054 0.0014570049 0.0009740200 0.0010954840 -0.0000316368 0.0005065008 -0.0005222724 0.0007898234 -0.0014907317 0.0001258915 0.0000210083 0.0005308142 0.0010789896 0.0004697891 0.0007324552 0.0004457987 -0.0014151231 0.0001260494 -0.0014596956 -0.0015806364 -0.0015652282 0.0007198828 0.0010036166 -0.0006865356 -0.0008770498 -0.0005912630 0.0003302859 -0.0014772622 0.0006234993 -0.0008740873 -0.0005089566 -0.0007479413 0.0009200604 -0.0016881186 -0.0016813927 0.0005731556 -0.0003772214 -0.0003241242 -0.0005295381 -0.0002707219 -0.0009997989 -0.0002879033 -0.0011266141 0.0010136293 0.0003355393 -0.0006656185 0.0002291049 0.0003953382 0.0002764006 0.0006522354 0.0004914878 -0.0006386487 0.0002290062 -0.0006742149 0.0007269417 -0.0009007890 -0.0005295829 0.0005966505 0.0004225342 0.0007217803 -0.0016798031 -0.0014727011 0.0008686324 0.0006369110 0.0010851577 -0.0013236771 -0.0018015386 -0.0000545470 -0.0005319922 0.0005771721 0.0005920617 0.0007095294 -0.0006293257 -0.0014585678 -0.0009495930 -0.0001784268 0.0009741326 -0.0009854977 0.0009329388 -0.0014693228 -0.0003796081 0.0014702488 -0.0008914131 -0.0016545436 0.0010758907 -0.0009409745 0.0000384904 0.0004534997 0.0007351727 0.0010405554 0.0010465325
-0.0028995359 0.0007207982 -0.0023657884 -0.0031130128 -0.0006193441 0.0001991704 -0.0037465813 -0.0013505276 -0.0036832793 0.0009023886 -0.0030722066 -0.0035394924 -0.0014667439 -0.0039830995 -0.0013176316 0.0006791591 -0.0008199870 -0.0015571476 -0.0014489802 -0.0037382119 -0.0018519862 -0.0023440502 -0.0029059313 -0.0022491624 0.0008600822 -0.0016326007 -0.0000293860 -0.0015694913 -0.0016743663 -0.0018443568 -0.0018550250 -0.0012292552 -0.0029100729 -0.0037553939 -0.0017735844 -0.0029286796 -0.0011827982 0.0010550895 -0.0010774792 -0.0010630736 -0.0022355295 0.0001411640 0.0004257972 0.0003976179 -0.0041294005 -0.0024503062 -0.0014576992 -0.0020288047 -0.0013746859 -0.0021181593 0.0000690813 -0.0000079445 -0.0019937672 0.0008056909 -0.0027298704 -0.0025534623 -0.0017807460 -0.0016875423 -0.0009626072 -0.0035141660 -0.0038356674 -0.0011408790 -0.0006233468 -0.0035497637 -0.0024639664 -0.0002278120 -0.0018803166 -0.0022839005 -0.0037081891 0.0008224549 -0.0014785713 -0.0012016993 -0.0008194103 -0.0024031221 -0.0015856797 -0.0027016494 -0.0015800307 -0.0033010435 -0.0035616606 0.0010410892 -0.0025069879 -0.0038262692 -0.0028120452 -0.0041741477 0.0013370996 -0.0040688040 -0.0014397153 -0.0019799531 0.0002876128 -0.0034137534 -0.0037215087 -0.0032618002 -0.0002683532 -0.0006348242 -0.0039935675 -0.0001390162 -0.0038542908 0.0004187099 -0.0011766729 -0.0015612937 0.0002509730 -0.0022515177 -0.0016916061 -0.0026007409 -0.0027696099 -0.0040323506 -0.0017496545 -0.0031271284 0.0014521537 -0.0026897225 -0.0016974201 -0.0001055567 0.0003188655 -0.0010161400 -0.0006834101 -0.0029030158 -0.0040396093 -0.0017271771 0.0013122861 -0.0002944290 -0.0018740022 -0.0003869830 -0.0029741072 -0.0014297904 -0.0039682603 -0.0016955750 -0.0027924539 -0.0022939781 -0.0007152510 -0.0037709458 -0.0039272355 -0.0013399618 -0.0029008149 -0.0019415721 -0.0007370716 -0.0031773725 -0.0027248394 -0.0012390321 -0.0031088213 -0.0023343964 -0.0013560171 -0.0013395488 0.0004550455 -0.0023005879 -0.0011921535 -0.0027558571 -0.0004622975 -0.0028665734 -0.0014471213 -0.0026989256 -0.0013985464 -0.0011638398 -0.0027575118 -0.0031792973 0.0009300367 -0.0037066727 -0.0027140030 -0.0019551085 -0.0037571504 -0.0035139013 -0.0024813018 -0.0028783092 -0.0025661583 -0.0007996687 -0.0036798473 -0.0029258456 -0.0012826072 -0.0027132104 -0.0012600275 0.0000452131 -0.0019644406 -0.0037995933 -0.0002867696 -0.0014319187 -0.0031082768 -0.0000346225 -0.0031163543 -0.0037661283 -0.0023570426 -0.0039735469 -0.0034530829 -0.0017285203 -0.0040240088 -0.0003619138 -0.0020789250 -0.0039175181 -0.0013177671 -0.0030361053 -0.0031084393 -0.0023240189 -0.0014463982 0.0001139275 -0.0021292572 -0.0017539309 0.0011154241 0.0008803097 -0.0016887863 -0.0021258625 -0.0012583109 -0.0014195205 0.0006569339 -0.0025413050 -0.0035560580 -0.0023458113 -0.0040490185 -0.0034682984 -0.0040061837 -0.0012199229 -0.0005510735 -0.0009940061 -0.0005063829 -0.0022642277 -0.0017462405 -0.0013047336 -0.0031809788 0.0005665386 -0.0020987412 -0.0012007916 -0.0037744532 0.0004567895 -0.0020825951 0.0010814277 -0.0034287658 -0.0039387713 -0.0033448741 -0.0002414087 -0.0040796432 -0.0026549259 0.0004409781 -0.0035096444 -0.0032061061 -0.0040673828 -0.0009895617 -0.0023429876 -0.0016110271 -0.0012452045 -0.0027264403 -0.0003315608 -0.0029372633 -0.0028429660 -0.0000231885 -0.0036587254 -0.0024923075 -0.0036687434 -0.0006141208 -0.0000195071 -0.0003910998 -0.0005466611 -0.0008141153 -0.0016712565 -0.0020973433 -0.0034935998 -0.0021529109 0.0002889957 -0.0028972409 -0.0029474294
-0.0004992778 0.0005323631 -0.0004920028 -0.0012792610 -0.0007962589 -0.0013631638 -0.0008443457 -0.0005968443 -0.0013603457 -0.0003106131 -0.0006808081 0.0004591499 -0.0014528758 -0.0007419429 0.0004142326 0.0009888164 -0.0001353857 -0.0013795637 -0.0001573952 0.0001950581 -0.0006180761 -0.0009737409 -0.0003655334 -0.0008717427 -0.0009531842 -0.0011257712 -0.0014763373 -0.0001320004 0.0000620591 -0.0003864757 -0.0005730322 0.0002545363 0.0001196033 -0.0002036731 -0.0002568660 0.0001817791 0.0005955541 0.0013872359 -0.0013001150 -0.0004678147 0.0012205424 0.0005305998 0.0006907961 0.0014606850 0.0005542109 0.0012065446 -0.0016099639 -0.0007853055 -0.0015463249 0.0007620660 -0.0007265287 -0.0006543044 -0.0008762188 -0.0011250034 -0.0008411484 0.0010426559 -0.0003074706 -0.0014366127 -0.0006041176 -0.0016831646 0.0009246158 0.0001437272 -0.0006544542 -0.0015647787 -0.0000781794 0.0010675796 -0.0017232136 -0.0007079570 0.0002831748 -0.0010159606 -0.0008223198 -0.0011477357 -0.0002054793 -0.0003111386 -0.0017100130 -0.0004865221 -0.0015843150 -0.0018097117 -0.0008475081 -0.0009568546 0.0003004201 -0.0008318992 0.0010084703 -0.0011731614 0.0003150540 -0.0015941943 -0.0016341418 -0.0014064967 0.0007381288 -0.0006752767 0.0010258137 -0.0017359467 -0.0003770043 -0.0001070462 -0.0017927948 -0.0015035796 -0.0004689943 -0.0010151649 0.0001938316 -0.0016729147 -0.0008122760 0.0002082832 -0.0007314750 -0.0008595430 0.0001146081 0.0011642051 -0.0009378233 -0.0014466769 0.0004881097 0.0004168306 0.0002828266 -0.0014893535 0.0004732074 -0.0009590465 -0.0001672893 -0.0007742321 -0.0013089675 0.0009305560 -0.0005420670 -0.0011877570 0.0004126378 0.0011641424 0.0002943331 -0.0010661596 -0.0001056426 -0.0017211211 -0.0004579179 0.0011328857 0.0000910261 -0.0009268452 -0.0017687584 0.0000225065 -0.0015876520 0.0009140468 0.0006526484 -0.0001908678 0.0005010515 0.0001089831 0.0008786376 0.0001662034 0.0002503250 0.0009893095 0.0007959928 -0.0001354106 -0.0009152837 -0.0000520235 0.0003831450 -0.0001812695 -0.0002041343 0.0004647245 -0.0004596305 -0.0010956698 0.0011679940 0.0001255291 -0.0006292596 0.0000210719 -0.0010541643 0.0002489087 0.0005377916 0.0007001785 -0.0009161917 0.0010379693 0.0006008883 -0.0017991506 -0.0009187633 -0.0016126137 0.0001250129 -0.0015056981 -0.0010849145 -0.0000895830 0.0001014519 -0.0016361491 0.0002744488 -0.0014296852 0.0000712694 0.0006539220 0.0000789403 0.0004536962 -0.0002089341 -0.0017947856 -0.0008740572 0.0008294345 -0.0005553262 -0.0004992715 0.0010887187 -0.0017695345 -0.0015982247 0.0001690632 -0.0001542139 0.0010665656 0.0003946160 0.0002559150 0.0003048837 0.0012065090 0.0010503947 0.0009445177 -0.0006910377 -0.0002932002 -0.0008851321 0.0004172136 -0.0015933801 -0.0010042476 -0.0005635581 -0.0011121721 -0.0004846668 0.0001859394 -0.0011842124 -0.0000389471 0.0001420157 -0.0010092524 -0.0015095106 -0.0004924340 -0.0004162249 -0.0017671771 0.0000239201 -0.0003641538 -0.0003936822 -0.0002768659 -0.0013267945 0.0002018445 -0.0004874322 -0.0013834381 -0.0006378063 0.0008305487 0.0007953098 -0.0005982356 -0.0006708797 -0.0017269609 0.0007787481 -0.0017398712 -0.0005469701 0.0009403430 0.0008487124 -0.0008184951 0.0005929089 0.0001232213 0.0003292315 0.0000580648 -0.0011885090 -0.0005922400 0.0012119173 0.0009582351 0.0008468249 -0.0006122465 0.0000927111 0.0012241304 0.0002283332 -0.0007261313 -0.0016874771 -0.0004234351 0.0000175299 -0.0017401293 0.0000686749 -0.0015080195 -0.0014618090 -0.0009500052
-0.0003267626 0.0012092489 -0.0003003775 0.0002787321 -0.0001084726 0.0008426215 0.0003208158 -0.0011916513 -0.0015727680 -0.0006625045 -0.0014453776 0.0007238186 -0.0001234181 0.0007541640 -0.0015844333 0.0006889920 0.0007001733 -0.0008792952 0.0009533978 -0.0005436454 -0.0011397228 -0.0014497261 -0.0000611941 0.0005960902 -0.0009768060 0.0009972695 -0.0013595585 -0.0001047058 -0.0000955992 -0.0016221522 0.0002227595 -0.0013783270 0.0011399499 -0.0003129516 -0.0001516001 0.0000141815 -0.0001393943 -0.0010266990 0.0007580464 -0.0000527844 -0.0011146760 -0.0014772224 0.0000431233 -0.0003244198 -0.0019161601 -0.0014365327 0.0003284644 0.0007879137 -0.0004668419 -0.0001114395 0.0007431880 0.0011259917 0.0008129044 -0.0009563838 -0.0008272955 -0.0017576236 0.0011163321 -0.0005743100 -0.0003132855 -0.0010547967 -0.0005748819 -0.0007141241 -0.0012176664 -0.0004581769 -0.0007106435 0.0004816431 0.0001851560 -0.0003304297 0.0004845204 0.0007586363 -0.0015132042 -0.0016050851 -0.0014476569 0.0004378715 -0.0002462672 -0.0005217453 0.0002222644 -0.0016874985 -0.0003046691 0.0003434338 -0.0012869490 0.0001652350 -0.0006958438 -0.0006938229 -0.0015055320 -0.0017235227 -0.0003228255 0.0004435251 -0.0011533758 -0.0013441653 -0.0010073918 -0.0010705717 0.0007433497 -0.0007743905 0.0007991017 0.0004249721 -0.0003450964 0.0004118652 0.0001627271 -0.0005269247 -0.0013591121 -0.0006016108 -0.0009890576 -0.0010557208 -0.0014032897 0.0006127087 0.0002247891 -0.0011368021 -0.0002656340 -0.0015538945 0.0000709444 -0.0005322212 -0.0003978187 0.0005290179 -0.0015999989 0.0005199849 -0.0001655616 -0.0015785825 0.0011117000 -0.0007335588 -0.0016533801 -0.0008230307 0.0008585061 -0.0013585718 0.0002354178 -0.0006417632 -0.0005165630 0.0002917228 -0.0004658717 -0.0001686548 0.0006060934 0.0006603198 -0.0000401677 0.0011825684 -0.0011579302 0.0004353013 -0.0006935852 0.0007727309 0.0001848999 0.0011190454 0.0010626783 0.0000322141 -0.0013037083 0.0003659634 -0.0008114734 -0.0011051921 -0.0016259550 -0.0005005588 -0.0007283096 -0.0011278926 -0.0000891254 -0.0013930729 -0.0013124074 -0.0012407819 -0.0004344196 0.0000953838 -0.0003140596 0.0010144451 -0.0012325924 -0.0018649716 0.0006134295 0.0007419980 -0.0010538027 -0.0006933885 -0.0013309582 -0.0002412609 -0.0007023624 -0.0008146125 0.0005896976 0.0012047613 -0.0001497368 -0.0013073927 -0.0005719887 0.0007167897 -0.0014709971 0.0002041097 -0.0004119096 -0.0001792395 0.0000217267 -0.0014843434 0.0010372497 -0.0011655473 -0.0015291581 -0.0001445649 -0.0015923885 -0.0005684731 -0.0013331479 0.0010136043 -0.0010682619 0.0010025826 0.0005173640 -0.0001528183 0.0010094828 0.0001081040 -0.0002586327 0.0006174715 0.0007796395 -0.0000197537 -0.0010238173 -0.0015754474 -0.0015555073 -0.0015731619 -0.0000067648 -0.0006075337 -0.0012751558 -0.0007766706 0.0010010951 -0.0008264090 -0.0004425096 -0.0005399599 0.0003019789 -0.0005017165 -0.0003921591 -0.0002188987 0.0000799529 -0.0016969506 0.0006692369 0.0007857092 -0.0006012239 -0.0009696512 -0.0014555767 -0.0006309930 -0.0005422871 -0.0007076496 -0.0011372877 0.0005590859 -0.0003721358 -0.0008732902 0.0004632191 0.0009308236 -0.0016930612 0.0004620506 -0.0007408780 -0.0006356074 -0.0005182261 -0.0004025946 0.0005872538 0.0009063926 -0.0018429861 -0.0016077736 -0.0003199566 -0.0003083945 -0.0018366342 0.0002345174 -0.0016458732 0.0003465379 -0.0000641151 0.0002001971 0.0002967852 0.0000560751 -0.0017038196 0.0006381153 0.0002076928 0.0011518070 -0.0013958960 0.0002749725
0.0134708388 -0.0012592654 0.0541509576 0.0891347602 -0.0003394824 -0.0028120864 0.0836179182 0.0192933977 0.0044115148 -0.0032113311 0.1106093600 0.0410345420 0.0435040779 -0.0062420485 0.3042741120 0.0007294845 0.0002926736 -0.0248020291 0.0362391882 -0.3192957938 -0.0391909778 0.0260537695 -0.0102633750 0.0368237793 0.0004523391 0.0544208921 0.0003912409 -0.0004561750 0.1941175759 0.1203772947 0.0097601796 0.0358314030 0.0453305840 0.0115601458 -0.0042061107 0.0129540665 -0.0377427191 -0.0017038278 0.0015145034 -0.0045725117 -0.0216762256 0.0002098866 0.0034720218 -0.0006706205 0.0583272204 -0.0784041360 -0.0325504392 -0.0235364158 0.0009924045 0.0905382931 0.0005088517 0.0010195575 0.1277917773 -0.0013642034 -0.1097293571 0.1049515605 0.0593260303 0.0441203043 -0.0019912708 0.0515006259 0.0062442017 0.0066182995 -0.0001893497 -0.0258797035 -0.7733566165 0.0007230547 -0.6779761910 0.0022137023 0.0627940446 0.0010414404 -0.0234385841 0.0398079716 0.0014080394 -0.5169472694 -0.0271039233 0.0024565002 0.0052824691 0.0240986049 0.0254483856 -0.0004059245 0.0745892450 0.0084155863 0.0381041728 -0.1858042628 -0.0000205302 0.0745461285 0.0002751395 0.0399676673 -0.0001606918 -0.0009925409 0.0344902538 0.0019979603 0.0000646302 0.0018074019 0.0184417497 0.0001116271 0.8629581332 -0.0004785064 0.0015842644 0.0515165515 -0.0023527122 -0.4008590281 0.3842416108 -0.0541908853 -0.0949857533 0.0217207018 0.0642793775 0.1761401892 0.0016479308 0.3917033076 0.0290730055 0.0004319929 0.0003338193 0.0015743015 0.0012582663 -0.1210698411 0.0784428418 -0.0026391218 0.0010040815 -0.0020470012 0.0616660044 0.0012561112 -0.0002450560 0.0414397754 -0.0472506322 0.0016260024 0.0516460948 0.0317428634 -0.0010530605 -0.0404219665 0.1108951494 0.0144961243 0.0819326788 -0.0077982647 -0.0004485874 0.0998614877 0.0080639338 0.0680350512 0.0096950680 -0.0798842534 0.0001109587 -0.0007901576 -0.0000385628 0.0614669025 0.3143901229 0.0729893520 -0.0008005201 0.0199406389 -0.0866089910 -0.0284645222 -0.0087192319 0.0497381426 -0.0518555306 0.0101988371 0.0001185886 0.0065240911 -0.0328594074 -0.0369073637 0.0598525442 0.0317895040 0.1067226455 0.0842866898 0.0069329804 0.0016319315 -0.0206834096 0.2384834886 0.0550351627 0.7321382761 0.0021437686 -0.0003392380 -0.0587855317 -0.1012059525 -0.0009512494 0.0543564186 -0.0350949578 -0.0027748616 -0.0474038199 0.0505705774 0.0493329838 -0.0681671128 0.1089964285 -0.0030298010 0.0067689857 -0.0001829210 -0.0138662392 -0.0124720139 -0.0009605264 0.0305113625 -0.0325183049 -0.0142108174 0.0015267791 -0.0003998678 0.0800624266 0.0815468356 -0.0006059434 0.0197732132 0.0105843460 0.0446192101 0.0320293978 -0.0009698730 -0.0015899867 0.2688606381 -0.0122668026 -0.1614299864 -0.5492213964 0.0163059346 0.0531760901 0.0014397863 -0.0006135891 0.0010576292 0.0000081252 -0.0495913252 -0.0102628935 -0.0428762473 0.0808502510 -0.0000285302 0.1196092889 0.0005139005 -0.0203889403 -0.0001690683 0.0201319326 -0.0004408797 -0.0067206156 -0.0305803604 0.1273265183 -0.0008334080 -0.0030425284 0.0665116161 0.0004888326 0.1346993297 0.0280567594 0.1911572665 0.0010646551 0.1037645191 0.0005833405 -0.1938492209 0.0619266294 -0.0017770100 0.0789750442 0.0013704540 -0.0019046857 -0.0155247934 0.0050476943 0.0687818080 -0.0012839132 -0.0009900144 -0.0010663114 -0.0298059136 -0.0543809682 -0.0026232114 -0.0611541681 0.0516889952 0.0214519911 0.0003203096 0.0188309215 0.0291179921
0.0007387773 -0.0009307257 -0.0001734998 -0.0012810236 -0.0015997216 -0.0007136951 0.0002796209 -0.0001778750 -0.0018648548 -0.0013002289 0.0001307357 -0.0009873727 0.0006053248 -0.0003378422 -0.0003445895 -0.0006572780 0.0008525181 -0.0008208976 -0.0002628093 0.0001057153 0.0000318646 -0.0014727787 -0.0019427586 -0.0012496971 -0.0002819524 0.0009577455 0.0005770051 0.0007788232 0.0006851541 0.0005616952 -0.0011458053 -0.0016745254 -0.0013748362 -0.0001215412 -0.0002166888 0.0002847263 0.0008563672 0.0004269090 0.0005728379 0.0008327254 -0.0001674918 0.0003206894 -0.0012482603 -0.0014357425 -0.0018359495 -0.0017906220 -0.0012472742 0.0006188440 -0.0003677272 -0.0003304369 -0.0005927680 0.0007799805 -0.0016865134 -0.0006922362 0.0010112013 -0.0001669211 0.0008848682 -0.0004094178 -0.0006142391 0.0004625401 -0.0018341101 0.0005787167 0.0011407344 0.0000764493 0.0008550889 -0.0002540968 -0.0005141909 0.0002690324 -0.0014184003 0.0011901127 -0.0012590574 0.0002847075 0.0007254368 -0.0002411449 0.0010092473 -0.0006686065 0.0003064444 0.0001470298 -0.0001606659 -0.0006558290 -0.0003298819 -0.0003976390 -0.0012128688 0.0003417727 -0.0013557689 0.0001746110 -0.0011038976 0.0006189749 -0.0012944354 -0.0004878463 -0.0007715066 0.0008302252 -0.0012112865 0.0000645778 -0.0000688406 0.0002476182 -0.0014103956 -0.0006464429 0.0003679140 -0.0000790754 0.0011787104 0.0002268124 -0.0003735912 -0.0003125866 0.0007211536 0.0002058460 -0.0015416995 0.0004122824 0.0007990425 -0.0008043767 -0.0007757332 -0.0002213744 0.0008238922 0.0004438912 -0.0005795197 -0.0011219849 0.0002862409 0.0007767335 0.0010215977 -0.0011930843 -0.0013238098 0.0009254588 -0.0004934595 -0.0012561650 0.0008481581 -0.0019213831 0.0002999931 -0.0019458227 -0.0013420123 0.0001883422 -0.0001976271 0.0004541542 -0.0015432041 0.0008305339 -0.0014495630 -0.0010917941 0.0002668411 -0.0005605768 -0.0019467520 -0.0011412123 -0.0009021438 -0.0016570133 0.0002994045 -0.0004649376 -0.0003754865 -0.0004490326 0.0009688135 0.0001927744 0.0002067430 -0.0019170785 -0.0008109036 -0.0009315575 0.0007495923 -0.0013852012 -0.0004118135 -0.0019576147 0.0009189081 -0.0012686023 -0.0007643552 -0.0004317676 -0.0000369251 -0.0001503081 -0.0008527547 -0.0004110102 0.0005987293 0.0003372032 -0.0017160248 -0.0018518871 -0.0006932494 -0.0004781823 -0.0004533801 -0.0008642251 -0.0014566907 0.0003755564 -0.0008377018 -0.0011522663 -0.0005331151 -0.0014851921 0.0004809161 0.0005351886 -0.0000291967 -0.0001727156 0.0010182423 -0.0009176102 -0.0003029679 -0.0004519932 -0.0014746977 0.0004508076 -0.0004151289 0.0002190542 -0.0006880582 0.0004678631 0.0002391789 -0.0003254642 -0.0000522188 -0.0003376679 -0.0013460368 -0.0001506617 -0.0003963294 0.0009152006 -0.0000491972 0.0009427994 0.0007097789 -0.0002362546 -0.0013208510 -0.0016613591 -0.0000513645 -0.0007304677 -0.0003338549 0.0002873233 -0.0015301671 0.0006062000 -0.0008565115 -0.0002888622 -0.0015102198 0.0009733614 -0.0017539653 -0.0011777087 -0.0007309068 -0.0018172597 -0.0001293359 -0.0001341289 0.0008529563 0.0008106480 0.0004538934 0.0003246718 0.0004104924 -0.0016775681 -0.0008285740 -0.0000999294 0.0004815444 -0.0003081656 -0.0009013737 -0.0008906763 -0.0015034489 0.0005527180 -0.0019374564 -0.0006559665 -0.0013048607 -0.0013669326 0.0004312674 -0.0017477564 -0.0016723906 -0.0016121583 -0.0015188578 0.0009951858 0.0005346412 -0.0010768278 -0.0003907539 0.0009619666 -0.0019601802 -0.0016166631 0.0005482926 -0.0006418318 0.0002751510 -0.0015504113
-0.0144117270 -0.0001435676 0.1267783493 0.0968809351 0.0006290068 -0.0014797747 0.1039309055 -0.0500091240 0.2916272283 -0.0028639699 0.0051669604 -0.0232266430 -0.0514313988 0.1200940534 0.3766408563 -0.0007902458 0.0012722313 0.0241057873 0.0502733253 -0.1990453601 -0.0345607512 0.0395886414 0.0018345213 0.0501771085 0.0016122237 -0.3569899201 0.0006759945 -0.0037473862 0.1487011760 0.0471320823 0.0075432193 -0.0346612893 -0.0245276541 -0.1295770258 0.0896782503 -0.0759496987 -0.0766258985 -0.0020013016 -0.0007813323 -0.0041516894 0.0337973312 0.0001150814 -0.0027806696 0.0014302649 0.0601468235 0.0480944291 0.0632335395 0.0194643009 0.0029750520 0.0661716908 -0.0014668065 -0.0008390268 0.1335339099 -0.0005262122 -0.1239750311 0.0773846507 0.3016971946 0.0279140268 -0.0011599088 0.0664491355 0.0307169072 0.0707075521 0.0001776171 0.0225108862 -1.7467114925 0.0001759644 -0.2838402689 -0.0316369273 0.0690733865 -0.0004003347 0.0131020760 -0.0162144192 0.0016059434 -0.2597047687 0.0315976962 -0.1049892008 0.0021927464 -0.0293034967 -0.0174288973 0.0013554060 -0.2153544575 0.0027987154 0.0139127336 -0.7868861556 0.0015021375 -0.0282776449 0.0002977341 0.0297630634 -0.0010898568 -0.0040892567 0.0625093579 0.0161684398 -0.0008301788 0.0010823469 -0.0009464929 -0.0014751616 -0.1500827372 0.0015609772 0.0010345228 0.0222683232 -0.0014353979 -0.0223545544 0.1516826004 -0.0143401120 0.0976278782 0.0266902559 0.1756081432 -0.1469100714 0.0002783907 -0.3419546187 0.0474352241 -0.0000781514 0.0002352630 0.0016391489 0.0013718006 0.1929192096 0.0790175349 -0.0012125181 -0.0008061495 -0.0010768977 -0.1911084503 0.0014046509 0.0232407171 -0.0168374069 0.0671310797 -0.0468541794 -0.0299945325 0.0036133416 -0.0012203255 -0.0333502963 -0.0485405698 0.0014476125 0.0137198754 0.0562307797 -0.0007531918 -0.0178180244 -0.0066277874 0.0577277280 0.0640428513 0.0278130975 -0.0016158316 -0.0024980640 -0.0002043028 0.0205061026 0.2332049608 -0.0867916420 -0.0006417974 0.1032374576 0.1179099604 -0.0017346055 -0.0272830576 0.0190462619 0.0467091873 0.0106503926 -0.0004327541 0.0354126655 -0.7415025830 0.0426042192 0.4769833386 0.0302694570 0.2081095725 -0.0422958098 0.0038109031 0.0004012429 0.0193468593 -0.0061990232 0.0032535370 0.3115696907 0.0011084226 0.0007740238 0.0300859921 0.0402187519 -0.0005965505 -0.0098864986 -0.0084963609 -0.0030480251 0.1771242470 -0.0818538144 -0.4104829133 -0.0395285375 0.0237155929 -0.0002836701 0.0222371090 0.0006072269 0.0427217185 -0.0016826553 -0.0003211368 -0.1224664897 -0.0496741012 0.0400538556 0.0010249234 -0.0005349333 -0.0565795489 0.0306508169 0.0015633970 0.0243164003 -0.0048610545 0.0080028065 -0.0579826944 0.0012933750 -0.0033599644 0.1807288677 -0.0011823995 -0.2250034064 -0.6979360580 -0.0118345395 0.1046263948 0.0013173145 -0.0009604681 0.0003364649 -0.0010483708 0.1590644717 -0.0098986812 -0.0450201109 0.1353931874 0.0010727739 -0.1014467329 -0.0002391064 -0.0103735868 0.0008931611 -0.0112290047 0.0014862795 0.0238050912 -0.1209572181 -0.0173752178 0.0018591259 -0.0214297399 -0.0104884561 -0.0000832031 0.6167680025 0.0150940586 0.0315795876 0.0018263586 0.0870213658 -0.0004322325 0.2309140712 0.1453919262 -0.0016633471 0.1661908329 0.1517044306 -0.0001249611 0.0538634434 -0.1138855070 0.0326947905 -0.0022115540 -0.0005259665 0.0012454847 0.0015630607 0.2071127743 -0.0003019869 0.1347372234 -0.0541350469 0.0176693723 0.0008316753 0.0675694272 0.0274067800
0.0004517808 -0.0021236246 0.0317087322 -0.0022535326 0.0005190204 -0.0024288385 -0.0066757021 -0.1216196343 -0.0517938100 -0.0030456821 -0.0666012987 -0.0539259575 -0.6047938466 -0.1715455055 2.3503172398 -0.0009686012 -0.0009374305 -0.0021016866 -0.0304103345 0.1764701903 0.0583798103 -0.0143619543 0.0087538539 -0.0439588428 -0.0003384273 -0.0057843328 -0.0003326329 -0.0040323921 -0.1276188940 -0.1911680847 -0.0189091191 -0.0310051292 -0.0551068299 -0.2172243595 0.0111034913 0.0650197119 0.1128331497 -0.0008326456 0.0015152098 -0.0039605992 0.0505144857 0.0012633426 -0.0029549226 0.0017581510 0.0762764290 -0.0429188907 0.0388396047 0.0158035066 0.0009523219 -0.1097314060 -0.0005914582 -0.0011035972 -0.0131005226 -0.0026250568 0.0034245853 -0.0209910758 -0.0521882363 -0.0109798526 0.0022240616 -0.0123719368 -0.0488481224 0.0562420711 -0.0008366723 0.0719773769 0.1678745598 -0.0015132671 0.4457558990 0.0204025451 -0.3150926232 0.0007685700 -0.0011089813 -0.0012368183 -0.0016855474 -0.1063541770 0.0562122874 -0.0444722772 -0.0100934468 0.0098956097 -0.0251943748 0.0002188629 -0.0511049181 0.0122982198 -0.0324925669 0.1519372463 0.0005150812 -0.1624715179 -0.0002502377 0.1165539995 -0.0003654241 0.0346134417 -0.0420056209 0.0143279471 0.0002641320 0.0053297849 0.0016486512 -0.0010767349 0.3274667859 0.0013541189 0.0019006889 -0.0094351294 -0.0010678063 0.2924873829 -0.6610389948 0.0220984723 0.0457913391 -0.0199385341 -0.2019126415 -0.1712300032 -0.0000473759 0.0806012601 -0.0073290160 0.0016108878 0.0001490060 -0.0004197238 0.0005596748 0.0611847900 -0.0333957374 -0.0000458606 -0.0011043664 -0.0000900226 -0.0611872151 -0.0006852709 -0.0040993067 0.0485058613 0.0338429995 0.0703094080 0.0414465927 -0.0067245313 0.0017036016 0.0149608999 0.0005977503 -0.0095863463 0.0119200479 0.0178897195 -0.0013882022 -0.0084749032 0.0128957806 -0.0065652109 0.0380073078 -0.0334648415 0.0011479778 -0.0007981619 0.0017770269 -0.0507177450 0.1539840996 -0.2914656401 -0.0002131771 -0.0090366798 0.0004504909 0.0294158626 0.0947021469 -0.0139686530 0.0237693451 -0.0204572938 -0.0001813274 -0.0231271572 0.0249831527 -0.0116988271 0.0140992440 -0.0209322218 -0.0623399951 0.0840307549 -0.0097649358 0.0008596047 0.0025791284 0.1088612825 -0.3085423708 -1.1470824480 -0.0001580999 -0.0000238407 0.0329534560 0.1279769242 -0.0003444912 0.0203009006 -0.0175629500 0.0030066373 0.1339857131 -0.1507474333 0.2150141448 0.0261456929 -0.0649661571 0.0001231898 -0.0053173304 0.0009437460 0.0017131020 -0.0203456227 0.0001946408 0.0522441007 0.0753614083 -0.0179111045 0.0008811900 0.0015756154 -0.1407649964 -0.1095754132 0.0009557992 -0.0109628802 0.0358336121 -0.0098967627 -0.0158660132 -0.0006580842 -0.0011802393 0.0807555839 -0.2375371456 0.0439865068 -18.3175849915 0.0348714255 0.1158643290 0.0005050516 0.0012162508 -0.0006820130 -0.0018390784 -0.6907910109 -0.0015157153 0.0419906564 0.0130723165 -0.0006473164 -0.0298052728 -0.0008107874 0.0639502779 0.0003130800 0.0052393521 0.0017129577 0.0038352741 0.0055008596 -0.0544227362 -0.0006800018 0.0147390943 -0.0258709434 0.0012919343 -0.1052506939 -0.0183216780 -0.2854777873 -0.0006703895 -0.1343181431 -0.0009303770 0.3419999480 0.0443381928 -0.0002831375 -0.1349112839 0.0638862103 -0.0001100857 -0.0266739950 -0.0563278422 0.0068590771 -0.0001276640 0.0001312372 0.0005503164 0.0471883230 0.2899799049 -0.0019178158 0.0303603299 0.1221852005 -0.0381679796 0.0000891476 0.0362612866 -0.0240004119
0.0018978039 -0.0026363875 0.0136561040 0.1267614216 0.0018395380 -0.0021356647 0.0955360979 0.0434632376 -0.0918137357 -0.0017761771 0.0204326138 0.0540222637 -0.3120685220 0.2314521968 -1.1116861105 0.0005172708 0.0023286371 0.0176877510 0.0201069675 0.4919981360 -0.0024634080 -0.0549885221 0.0116128111 0.0452869013 -0.0001956539 0.1119163260 -0.0005059770 -0.0031467623 -0.2340280861 -0.0717523769 0.0249397624 -0.0028119325 0.0198409893 0.0348631032 0.0468802936 -0.0983049870 0.2069244385 -0.0004931688 0.0012912641 -0.0035552026 -0.0089148208 0.0002502099 0.0020302660 0.0020262445 0.1612003893 0.0595832579 0.0383151323 -0.0013064910 0.0014264905 0.1162721217 -0.0005317623 -0.0008483203 0.0936526135 -0.0019827373 -0.2153316587 0.1363941133 -0.0232038666 0.1189835370 0.0021509780 0.2472202629 0.0220982768 0.0196666121 0.0016767572 0.1134328097 -0.1319663972 0.0000417657 0.6811737418 0.0232086685 -0.1571727693 0.0017400633 0.0066744536 0.0726659968 0.0008867393 -0.5296818018 -0.1745296121 0.0021925401 -0.0121912053 -0.0304030851 0.0253059026 -0.0008974196 0.3133977354 0.0543749481 0.0553981736 0.0547777228 -0.0008186697 0.0610773861 0.0000875764 -0.1406821460 0.0011223915 -0.0124661988 0.0790777355 0.0666885078 0.0004364279 -0.0020603458 0.0165357366 -0.0000956410 0.6493732333 0.0004120441 0.0002101733 0.0766352415 -0.0006473634 0.1438594013 -0.4541403949 -0.0399126634 0.0598239154 0.0298687648 0.0972144306 0.0147422738 -0.0004646947 0.3590744138 0.0401117690 0.0000383066 -0.0004211175 0.0001165705 0.0011835080 0.0226452183 0.0485554859 -0.0000602651 0.0008475577 0.0037847171 0.0533773080 0.0009894137 0.0089963153 0.1489821672 -0.0114345374 0.1592415273 -0.0218213536 0.0760933831 0.0000333118 -0.0375713110 0.0179888103 0.0064417962 0.1315745860 0.0862259418 0.0012478590 0.2035623491 -0.0037546519 0.0692045167 0.0003907326 0.0755601600 -0.0007578784 -0.0010230310 -0.0000451917 0.0964931324 0.3454596698 -0.1359220147 0.0008542191 0.0112843132 -0.0995278209 -0.0221037604 0.0054336954 0.1049954146 -0.0063122399 0.2417329401 -0.0010985574 0.0484943353 0.1293513328 0.0365662351 -0.0259420983 0.0302776508 -0.1188769490 -0.0374775045 0.0173602682 -0.0010765588 0.0042054630 0.3511400819 -0.3520169258 -0.7386337519 0.0003732848 0.0013028933 -0.1284459829 -0.1242891252 -0.0000803239 0.0499109142 -0.0669051558 -0.0019989281 0.3070497811 0.0540670455 0.1619094312 -0.1604310721 -0.0149064306 -0.0008514580 0.0618035570 -0.0004371503 0.0663529783 -0.0125838816 0.0010800099 -0.0280878022 -0.0781251267 0.0826817527 0.0013681846 0.0014336529 0.1492303461 0.1347936690 0.0001771065 -0.0195451137 -0.0016931397 0.0345973447 0.1014075428 0.0011810578 -0.0017234789 -0.1389580518 -0.1077974215 0.0452134125 0.3539118767 0.0998091921 0.0136872111 -0.0005372885 0.0018151856 -0.0000206012 -0.0013088380 -0.0232700855 0.0704031587 0.0324588642 0.1127347648 0.0014989326 -0.0518679097 -0.0008635979 -0.0635361224 -0.0008642392 0.0107155070 -0.0000438226 -0.0113644050 -0.1657163501 0.1250141710 -0.0008720359 -0.0089855231 0.0774729997 0.0000909364 -0.0191575345 0.0230569728 -0.1419466883 0.0015819479 0.1214385554 0.0000452044 -0.0749394521 -0.0172113758 -0.0008495412 0.0266983844 0.2182937562 -0.0001570771 -0.0884945616 -0.1376415044 0.1390196532 0.0014693998 -0.0012900985 0.0000430789 0.0432205386 0.3818765283 0.0024820680 -0.1156308278 0.1903609633 0.0158743002 0.0013168021 0.0854928493 0.0646616518
0.6480422020 -0.0019875858 -0.0393171608 0.0611166582 -0.0004853243 -0.0003969368 -0.1191031933 -0.0307182632 -0.0173458364 -0.0004714644 -0.0403410792 0.1506413221 -0.0438758209 0.1603720337 -0.0239543263 0.0003191106 0.0004926719 0.1260850728 -0.1238822788 0.1069043353 -0.0415670574 -0.5944227576 -0.2811702490 0.1170388982 -0.0001902392 0.0439394638 -0.0008416847 -0.0043719755 -0.0639211386 0.0330806673 0.7402189970 -0.0178134572 0.0870223865 0.0313988850 -0.2791358829 -0.0914366692 0.0260364003 0.0004382597 0.0015609937 0.0029862965 -0.0356790014 0.0003479824 0.0020936786 0.0016987764 -0.1322782338 0.0091338763 0.1536843479 0.1246657595 0.0005122056 -0.2299286276 -0.0016856164 -0.0001033742 -0.2243207991 -0.0003094710 0.0276991259 -0.1000111103 -0.0248316862 0.2540981770 -0.0012292487 0.0777891725 0.0508193895 -0.2030568272 0.0016633989 -0.0484385528 -0.0118148932 -0.0004717772 -0.0179717429 0.0312713012 -0.1440332383 0.0016778372 -0.0967283919 -1.4797227383 -0.0007257074 0.0049683489 0.0443770066 0.0861886814 0.4500039220 0.0515575595 -0.0776606351 -0.0007155227 0.0144347697 -0.1326148510 0.6650766730 0.0001152834 0.0015128163 0.0733973980 0.0008763423 -0.0268694423 0.0001217890 0.0486728810 -0.7440669537 0.4057376385 0.0013529970 0.0016254011 0.0394791327 -0.0004411871 0.0162259303 0.0009075118 0.0019183441 -0.7172001004 -0.0013727332 -0.0216551255 0.0634751841 0.6140813828 -0.1067796126 0.6442735791 -0.0014331917 0.0215106718 0.0020764517 0.0316646993 0.2767604887 -0.0002550516 -0.0007576765 0.0016280905 -0.0001763757 -0.0754202381 -0.1722760648 -0.0000903996 -0.0014576371 -0.0005497985 0.0954350010 -0.0008482523 -0.2365936786 0.0371139869 -0.3842285573 0.0508105718 0.7023446560 -0.0244948603 0.0000469937 0.3338596523 -0.1936864704 -0.1095804945 -0.2923413217 0.0188827161 -0.0001603611 -0.2866230309 0.0394432768 -0.1887836903 -0.5120871067 -0.0613162592 -0.0008973989 -0.0008811233 0.0016133031 -0.0278575569 0.0271252971 -0.0156652723 -0.0008537207 -0.0105716567 0.2588389218 -0.0077643609 0.0169921350 0.0574115589 0.8709027171 0.3486317694 -0.0008624086 -0.8182451129 0.0358145125 -0.6624495387 -0.0385298952 0.0430740304 0.0693782195 -0.0497596264 0.2521629632 0.0000579794 -0.3744442463 0.2677870989 0.0802907273 0.0622061267 -0.0008073032 0.0000511124 0.0163748730 -0.0431225859 -0.0006603863 0.0497306474 0.1249385551 -0.0015974281 0.0859320685 0.0213179290 -0.0716281608 -0.0614341758 0.0806864575 0.0017170550 -0.6249711514 0.0004742546 0.0314735584 -0.1428549141 -0.0011083526 0.0842264295 -0.0439873561 0.2305144519 0.0003630775 0.0005894247 0.0485981964 0.0238503069 -0.0004071683 -0.0112657687 -0.3818048239 0.9910758734 -0.4853540659 0.0004049764 -0.0028121062 -0.0101907570 -0.0849492475 -0.0601063818 0.0109461183 0.2172067910 -0.0526089892 -0.0001848443 0.0008062835 -0.0009184797 0.0000472325 -0.0162131581 -0.3948449194 -0.0707845390 0.0023834906 0.0000296824 0.0505302362 0.0003807461 -0.7887691855 0.0012185690 -0.2791664004 -0.0007588103 0.4380228221 -0.0929604322 0.1498040259 -0.0006954622 0.0193667579 0.4873516560 -0.0000020982 -0.0582414009 -0.2088672966 0.0087490324 0.0015831258 0.0906959921 0.0007665877 0.0172683019 0.1255479753 0.0011213683 -0.0562752001 0.0022678643 -0.0003816313 -0.8311471343 -0.1456192732 -0.0492673106 0.0006312422 0.0018158478 0.0005318389 -0.2824885845 0.1134848744 -0.0001509500 0.0581848063 -0.0147775039 0.1193986535 -0.0003725353 0.3581540287 0.6290959716
-0.0595776998 -0.0023105510 -0.0168418139 0.0955284014 0.0005571506 -0.0020041391 0.0105801458 0.0470923074 0.0334288552 -0.0013969586 -0.0043975115 0.0220464133 0.1050301045 -0.0143739833 -0.2746697366 0.0007147652 -0.0012107188 -0.0073485989 -0.0455290265 0.0014448229 -0.0624612421 -0.0462446511 -0.0394600667 0.0237165969 -0.0000424963 0.1592971534 -0.0001687885 -0.0021618078 0.0233070385 0.1033074409 0.0126752155 0.0504164994 -0.0458048321 0.0344701931 -0.0204893947 0.0498203821 0.1304941028 0.0000571773 0.0002093241 -0.0034388090 0.0489327535 -0.0006014975 -0.0028717448 -0.0000728983 -0.0180006232 0.0768239796 -0.0493617840 -0.0122336484 0.0006389039 0.0418913960 -0.0018890931 0.0005180822 -0.0512811132 -0.0021221575 0.0743456110 -0.0165750943 0.0491092615 -0.0310389195 -0.0024073347 -0.0534200333 -0.0025313571 0.0034986227 0.0009245209 -0.0274723545 0.1718890965 0.0001766140 -0.0612799153 -0.0308081247 0.0872972384 -0.0008707194 -0.0261757299 -0.0595512651 0.0003476908 0.2056468427 0.0607819296 0.0157424416 -0.0429364778 -0.0426184312 -0.0505502895 0.0015165978 -0.1029261276 -0.0314412303 -0.0060349163 0.1191704050 -0.0013755026 -0.0167141054 -0.0010112188 0.0497927815 -0.0008618526 -0.0114250332 -0.0507604629 -0.0325006209 0.0019275042 -0.0025996978 0.0111074708 0.0000443834 0.0888776258 0.0001811822 -0.0007555041 -0.0058522206 -0.0006507232 0.0253257211 0.1110232845 0.0107313041 -0.0123554664 0.0305690207 -0.0008617434 -0.0359152220 -0.0003249407 -0.0756238699 -0.0062869499 -0.0009733454 -0.0002951063 -0.0009841167 0.0011989891 -0.1400782466 -0.0185084119 -0.0009467219 0.0009392542 -0.0002443368 -0.0161352679 0.0013953125 0.0227539409 0.1366411150 -0.0133416830 0.1263043433 0.0004528865 -0.1707131267 0.0013776692 -0.0449046157 0.0784413144 -0.0027686281 -0.0202063750 -0.0417947955 0.0014111194 -0.0901303515 -0.0198040977 -0.0640526339 0.0176629201 -0.0409613885 0.0001695769 -0.0023345698 0.0004771734 -0.0242799837 -0.0627535880 0.1093891636 -0.0004590198 0.0246083550 0.0108848140 0.0119139561 -0.0547918156 0.1327401251 -0.0326169208 -0.0046461090 -0.0021851105 -0.0201431178 0.1098630652 0.0291717593 0.0999874249 -0.0124122379 0.0516459644 0.0039817248 -0.0259313788 0.0000508349 -0.0048782248 -0.0932117403 0.0407852083 0.1116819680 -0.0007049551 -0.0002779652 0.0197123084 0.0433725677 -0.0010924487 0.0037572333 -0.0731996074 -0.0026145899 -0.0318158306 -0.0591028519 0.0421914160 0.0051766550 -0.0212744046 -0.0029320617 -0.0034776384 -0.0009899342 -0.0275246445 0.0000112539 -0.0001363685 0.0484735221 -0.0077024996 -0.0476556867 0.0005478034 0.0001736199 0.1071516350 0.0594941415 0.0001900318 -0.0223743580 -0.0229811333 -0.0343918316 0.0027029414 0.0011602424 -0.0021047948 -0.0077854395 0.0846478492 0.0167330950 0.0717167556 -0.0499637350 0.0212686621 0.0002268799 0.0001217191 0.0020960299 -0.0023006573 0.0050272760 -0.0111970762 0.0382240452 -0.0168992430 -0.0010297912 0.0885072723 0.0000245174 0.0100764139 0.0000638032 -0.0191603731 -0.0003277651 0.0020459455 0.0567777902 0.0477111861 0.0000521552 -0.0414773375 -0.0441516154 0.0009559527 0.0318693854 -0.0156239914 0.2065295130 0.0010928363 0.0614435077 0.0018222969 -0.0350104831 0.0241947249 -0.0014748814 0.0774202645 0.0144796399 -0.0026412422 -0.0600860789 0.0465784892 0.0705759302 -0.0017411370 0.0011947035 0.0009770863 -0.0403233469 -0.1241874769 -0.0023052266 -0.0138635775 -0.0179400053 -0.0336939916 -0.0009001682 -0.0569511838 -0.0415020138
-0.0010509338 -0.0010769973 -0.0006957714 -0.0007313348 0.0003680916 -0.0005045194 -0.0007129480 -0.0018028116 -0.0002391855 0.0000211260 -0.0001403404 0.0000532023 -0.0010434232 -0.0008945018 0.0010741220 -0.0003658501 0.0009425331 -0.0006782651 0.0002538385 -0.0030460998 -0.0002618998 0.0016952690 0.0009180055 -0.0010604756 -0.0017819711 -0.0002831480 -0.0004708873 0.0009548498 0.0003499929 0.0007914741 -0.0011285841 0.0005233902 -0.0007676552 -0.0017555079 0.0001716947 -0.0014675850 -0.0030713896 -0.0011511169 0.0006551763 0.0005830705 -0.0002791085 0.0004628527 0.0007086773 0.0012827959 -0.0013215158 -0.0013656956 -0.0001986502 -0.0013585122 -0.0017567236 -0.0016041965 0.0005550482 0.0008263612 -0.0005213578 0.0003109432 0.0009641448 -0.0015866875 0.0004930031 -0.0011794503 0.0006233835 0.0000733134 -0.0008809280 -0.0010277287 -0.0008099630 -0.0016948287 0.0010493684 -0.0017895633 -0.0015590925 -0.0006883148 -0.0003924407 -0.0013513109 -0.0005970463 -0.0021626716 -0.0017626723 0.0012173818 -0.0017619863 -0.0014564866 -0.0002767938 0.0009224159 0.0002032798 0.0002337528 -0.0015278381 0.0007647399 -0.0013580936 -0.0015296174 0.0002338441 -0.0006752078 -0.0005690980 -0.0001822788 0.0006695393 -0.0008477587 -0.0007386584 0.0010653669 -0.0006344104 0.0012075616 0.0009474559 -0.0007548212 -0.0016160384 -0.0009464608 -0.0004073171 -0.0014602377 -0.0017407882 -0.0009315443 -0.0011569122 0.0010882012 -0.0001836105 -0.0001126040 -0.0005304504 -0.0012365989 0.0014990073 -0.0005890628 -0.0011464165 -0.0007343988 -0.0015184057 0.0011366918 0.0006145163 -0.0005190070 -0.0013100415 0.0008001722 -0.0004540670 -0.0008474587 -0.0007637945 0.0009536893 -0.0001025839 -0.0000761108 -0.0004443048 -0.0005120724 -0.0009465794 -0.0007968017 0.0001520458 0.0001728997 0.0008050753 -0.0004521792 -0.0023174968 -0.0010425142 -0.0014900638 -0.0003042627 -0.0010008401 0.0003420550 -0.0007888961 0.0009271669 -0.0001706421 -0.0006939825 -0.0013511954 0.0000297042 0.0006847498 -0.0011808011 -0.0017262328 -0.0014137665 -0.0010559193 -0.0003838326 0.0008046231 -0.0000395871 -0.0001983499 -0.0002976394 -0.0009597572 -0.0015971870 -0.0009472638 0.0004930987 0.0000527556 -0.0010009577 0.0003920836 -0.0001414310 -0.0002304440 -0.0000037015 -0.0011669711 -0.0033971961 -0.0007754196 -0.0018466564 -0.0003773747 -0.0000134318 0.0004891210 -0.0000841446 -0.0007360398 0.0007030395 -0.0004900018 0.0008837620 -0.0005886300 -0.0014975590 -0.0011401979 0.0009314044 -0.0012848346 -0.0016775443 -0.0001100612 0.0011896644 -0.0015620785 0.0006577842 0.0012019899 0.0010160434 0.0006864069 -0.0003646796 0.0007751249 0.0002228027 0.0003801129 0.0003162381 -0.0003348657 0.0008007415 -0.0013913019 -0.0000629824 -0.0018982339 -0.0010283951 -0.0015008423 -0.0016447860 0.0003127395 0.0001327829 -0.0012481028 0.0000582712 -0.0014007638 0.0011820289 -0.0000043778 -0.0000751074 -0.0008368363 -0.0002882167 -0.0017307217 -0.0012429710 0.0005324960 -0.0015447069 -0.0005159497 0.0005144794 -0.0001892577 0.0004484419 -0.0011489623 0.0003548725 -0.0006486443 0.0003544629 -0.0012995001 0.0002197425 -0.0016612455 0.0000318222 0.0000045900 -0.0006639386 0.0005804489 -0.0000290071 -0.0010824350 -0.0011436947 -0.0006460433 0.0008663256 -0.0017324729 -0.0001788537 0.0001508414 -0.0008778098 -0.0002888571 -0.0014579890 0.0004132025 -0.0013366131 0.0009818758 -0.0013262236 -0.0004571462 -0.0031442177 -0.0004529362 -0.0004781400 -0.0002505550 0.0002666600 0.0000574190 0.0008739099 0.0003047596 0.0011130107
-0.0004709317 0.0000227870 0.0001553813 -0.0007654439 -0.0016933023 -0.0014168081 -0.0005684522 -0.0001207563 -0.0015216423 -0.0008228137 -0.0010512380 -0.0017495626 -0.0009559790 -0.0000061380 -0.0010748990 0.0007034052 -0.0006965143 -0.0000025430 -0.0017040940 -0.0012093496 -0.0004401274 0.0001278376 0.0000287116 -0.0000820705 -0.0002961493 -0.0015913856 -0.0007990563 0.0000157952 -0.0000647570 0.0007024598 -0.0018152914 -0.0015446205 -0.0010259710 -0.0013421278 -0.0012285872 0.0000305722 0.0000553148 -0.0007523969 -0.0017466615 -0.0005807278 -0.0006525536 0.0001530465 0.0001833934 -0.0012472974 0.0008286901 0.0002176500 -0.0017937248 -0.0011402875 -0.0002043357 -0.0004935238 -0.0010166185 -0.0000858951 -0.0007075414 -0.0003320122 0.0006282204 0.0002423516 -0.0014668352 -0.0003572410 -0.0016432523 -0.0017584480 -0.0009341550 -0.0014024893 0.0009819713 -0.0009805219 0.0002881542 -0.0002491761 0.0006529934 -0.0001155944 -0.0013442409 0.0004941854 0.0009260139 -0.0000946375 -0.0002205108 -0.0003748506 -0.0005907847 -0.0017809547 -0.0005076397 -0.0000585064 -0.0003206950 -0.0010648667 0.0003508173 -0.0004163794 -0.0017248818 -0.0009828924 -0.0003199553 -0.0012668921 -0.0006589619 -0.0006075004 0.0008317549 -0.0014181887 -0.0018617566 -0.0006968857 0.0002333906 -0.0004297026 -0.0017660577 0.0012510912 -0.0012386981 0.0000835526 0.0009364717 -0.0016114906 0.0005085851 -0.0016371415 -0.0012265252 -0.0005654881 -0.0005839199 0.0004778076 0.0005432015 -0.0000952546 0.0008588571 -0.0005441441 -0.0006099293 0.0009038415 0.0005223376 -0.0011387721 -0.0005927373 -0.0010516811 0.0003569269 0.0004557440 0.0011664066 0.0005989586 -0.0000219439 -0.0016826049 -0.0000657207 -0.0007477432 -0.0010632218 0.0002359227 -0.0008711413 0.0005428824 -0.0002548375 0.0002656706 -0.0014414368 0.0001728801 -0.0001505991 -0.0008942610 0.0012526705 -0.0004134634 -0.0015122558 -0.0012010336 -0.0015646187 -0.0004349196 -0.0000769894 0.0010050967 -0.0015205138 -0.0001119764 -0.0009685720 0.0007889254 0.0007427422 -0.0015522781 -0.0011352239 -0.0003803020 -0.0002336207 -0.0017717340 0.0008419430 -0.0002451808 0.0002252275 -0.0000775757 -0.0011432499 -0.0007670944 -0.0018609556 0.0004350035 0.0008611036 -0.0005693740 0.0001442815 0.0004685254 -0.0008436737 -0.0011596563 -0.0007377316 -0.0006101234 0.0000059177 -0.0017090767 -0.0017710112 0.0000633475 0.0011179782 -0.0007817624 -0.0013780013 0.0008900672 -0.0003348559 -0.0000733532 0.0006471445 -0.0012928434 -0.0008034101 -0.0015852405 0.0009689140 -0.0013809782 -0.0002731510 -0.0012179236 -0.0008805253 -0.0002070714 -0.0017064660 -0.0011878579 0.0011947335 -0.0007000811 -0.0010574817 -0.0003525146 0.0011993365 -0.0017756362 0.0000755538 0.0012258315 -0.0014778266 0.0002117376 0.0003199915 0.0010365373 -0.0015906438 0.0007323915 0.0009132263 0.0008277600 0.0000187391 0.0011110336 -0.0004634513 -0.0014963591 -0.0009920850 -0.0015291086 0.0004980931 0.0006143206 -0.0006833569 0.0006277625 0.0006169562 0.0005414617 0.0003359226 -0.0000670316 -0.0008077609 0.0001789436 -0.0004847081 0.0007122086 0.0008803381 -0.0009204134 -0.0005649714 0.0003130362 0.0008392530 -0.0008975591 -0.0009801622 -0.0015221505 -0.0011240731 -0.0008246108 0.0007087356 0.0008255254 0.0000373619 -0.0015679449 0.0011610432 0.0006095779 -0.0010473488 -0.0011942056 0.0009333414 0.0011051045 0.0003260266 -0.0008448508 -0.0016421389 -0.0014356261 -0.0001030774 -0.0000017131 0.0007459311 0.0010575422 0.0006773383 0.0007636977 0.0011035179 -0.0002011741
0.1995595098 -0.0016582472 -0.1837274283 0.0968315229 0.0015798846 0.0000040101 0.0566996671 0.1839556098 -0.3046490252 -0.0026528584 -0.0885808319 -0.1707148552 -0.0100756753 0.0104424544 0.0483151525 -0.0007155175 0.0001895681 0.0175359510 -0.3500190973 0.1452017874 0.0886290297 0.1121143922 -0.0429073945 0.2062752396 -0.0004434414 0.1042174399 0.0004185911 -0.0031067799 0.1722433716 -0.0908100232 -0.2538596988 -0.0268528406 0.1681811363 -0.2843023539 0.1580997407 0.0328713022 0.0905570686 0.0007368986 -0.0001211489 -0.0037344645 -0.1053468660 -0.0002751996 -0.0026275676 -0.0004274232 0.1894733608 -0.1089837924 0.0389724262 0.0103854788 0.0006519365 0.1541418582 -0.0003229475 0.0015562021 0.0450633988 -0.0001471127 -0.2245563269 -0.0170651898 -0.0391555466 -0.0748514310 0.0023439417 -0.2346480489 -0.5515061617 -0.0568009727 -0.0009275104 0.0108988658 0.2248351127 -0.0007352658 0.0133469403 0.0716149583 -0.0430442318 -0.0011944148 0.1001036987 -0.1069110408 0.0005845848 0.1075790450 -0.1458033770 0.0471907593 -0.0984257683 0.2431493700 -0.1725872159 0.0009253619 -0.1103525907 0.0157066118 -0.0414028615 -0.0051437393 0.0008236832 0.1426103413 0.0005098893 -0.4956772923 0.0015202438 0.1682964116 -0.2658354938 -0.1844983995 0.0012544931 0.0053820405 0.1979434639 -0.0012156778 0.0668674633 -0.0001288280 0.0001492875 -0.3916405141 -0.0001900882 -0.2889747322 -0.0129921203 -0.0750468969 0.0758676678 -0.2812312245 -0.0490475111 0.0940788016 -0.0000238561 -0.1788419336 0.0783236548 0.0013879386 0.0002938663 0.0013061092 0.0003197181 -0.9832466841 -0.1413006634 -0.0005099029 0.0003593838 -0.0008920062 -0.0426158644 0.0012350755 -0.2871097028 0.0776028559 -0.1422487348 0.0788186714 0.3635279834 -0.1173893288 -0.0005918629 0.3250291049 -0.2954283357 0.0355348513 0.0264677871 -0.0238784086 -0.0010044641 0.3686084747 -0.1958156824 -0.1071524695 0.2116448432 -0.2406578660 -0.0007066510 -0.0014157586 0.0011815185 -0.0236344393 -0.0284442604 -0.0633019581 0.0000305526 0.0427253097 -0.0703513324 0.0024219963 -0.0239857081 0.0655014142 -0.2451268286 -0.1851077974 0.0008538063 0.0098743439 0.1111629084 0.2922442555 -0.0796363205 -0.4282935560 -0.0072625298 -0.1141649485 -0.0140113058 -0.0002998573 0.1975579560 0.0922981650 0.0567816757 0.1749305129 -0.0002125172 -0.0003452732 -0.2156618834 0.0716657564 0.0008832445 0.0348644629 -0.1742916107 -0.0015696632 0.0522313006 -0.1605291367 -0.0847497657 0.1459817141 0.0879088342 -0.0017701449 -0.1622890383 0.0005129092 0.1229014322 -0.0726070777 -0.0000367636 -0.2097600698 -0.0585262030 -0.0397732295 0.0004538940 0.0012763669 -0.1177424416 0.1137208268 0.0010536551 -0.0186445378 0.1778976470 0.0910274535 -0.2628316879 -0.0001393655 -0.0026280822 0.0478032045 -0.2016366869 -0.1213588044 0.0475152060 0.0104041193 -0.1530201137 -0.0006983645 -0.0001318931 0.0011130261 -0.0012434713 0.1258576363 0.0245047249 0.0335880555 -0.0659789592 -0.0003364487 -0.1484783292 -0.0008978763 0.0110709257 -0.0000711433 -0.2561137974 -0.0010174253 -0.0090615740 -0.0805080160 -0.0035709618 0.0007686722 0.0895169526 0.0574174859 -0.0008130134 0.1056045517 -0.2321406901 -0.1085036248 0.0005676736 -0.1278292537 -0.0007458515 0.1511585116 0.1283327639 0.0000798215 -0.1171802208 -0.1078781039 -0.0000635775 -0.0736531243 0.0721249804 -0.1231258363 -0.0009101297 -0.0002784276 -0.0004196391 -0.0254739504 -0.2983285487 -0.0026621462 0.0029369025 0.0239208601 0.1768737733 0.0005686847 0.0145449480 0.2608553469
-0.0105804838 -0.0019070200 0.0070237592 0.0507125556 -0.0006028157 -0.0011442191 -0.0168985631 -0.0163362995 0.0553556792 -0.0028086728 0.0002289524 0.0400843471 0.2375227213 0.0932413265 0.6366620660 -0.0002186829 -0.0011757964 -0.0122181727 0.0337174982 -0.3660044968 0.0484365262 -0.0106575396 0.0254610684 0.0513482280 0.0000423882 0.0711010024 -0.0002616348 -0.0037880118 -0.0074678408 -0.1048061624 0.0076137017 0.0410460010 0.0507644787 0.1455608904 0.0209361669 -0.0177638624 -0.0549007207 -0.0020095087 -0.0000521066 -0.0031010804 0.0738125443 0.0012854903 -0.0022321679 0.0010941874 -0.0422295406 0.0677863508 0.0096783303 0.0091529489 0.0019785599 0.0612842590 0.0007378048 -0.0006514509 -0.0278029181 -0.0009174744 0.0773565099 0.0384083763 -0.0325298905 0.0256565958 -0.0007430853 0.0826496780 0.0435239486 -0.0128122633 -0.0006624187 0.0370755717 -0.2546878457 0.0001956982 -0.5673818588 0.0224124491 0.0957813933 0.0016565073 -0.0217878725 0.0139239058 0.0016053540 0.4409472346 -0.1014679968 0.0207135230 0.0527475365 0.0530528277 -0.0022005020 -0.0006972768 0.0418210439 0.0232553966 -0.0367173404 -0.2128852755 -0.0010279894 -0.0134813506 0.0015974402 -0.0459557064 0.0003933659 -0.0604020059 0.0439670980 0.0070497072 -0.0003232158 0.0003138626 -0.0145990187 -0.0003398762 0.6548635960 0.0006856652 -0.0005837140 0.0287304837 -0.0003507479 -0.0938381255 0.3783028722 -0.0138292350 -0.0137232095 0.0620845854 0.0686834976 0.3591176569 -0.0002137333 0.1810369194 0.0095062377 0.0007616811 -0.0004475302 0.0002445869 0.0018296185 -0.0501505099 0.0190171115 -0.0032178110 -0.0009071442 -0.0025293278 -0.0361315385 -0.0006719205 0.0047349031 0.0318270512 0.0528050847 -0.0152869429 -0.0490874909 0.0336642638 0.0004361554 0.0163339786 0.0681262836 0.0376792550 0.0305147525 -0.0354060158 -0.0022504102 0.2067793757 0.0175523534 0.0143675571 -0.0160002839 0.1606355309 0.0001539713 -0.0020965904 0.0012768622 -0.0041417540 0.0077378508 0.0767764002 0.0005000636 0.0262620114 0.0000505493 0.0155246090 0.0246020295 0.0553784259 -0.0041704588 0.0511291176 -0.0017996724 -0.0147461072 -0.0272209458 0.0237379838 -0.0070414986 -0.0110308900 0.0161849428 -0.0748325065 0.0175237488 -0.0006853601 -0.0021560765 0.0625170022 0.3979734778 0.5640653372 0.0004713502 -0.0007831215 -0.0785577968 -0.0426413454 0.0016811774 0.0318986960 0.0033063095 -0.0006601336 0.1231296360 0.0184004530 -0.1257030666 -0.0631887093 0.1979355812 -0.0028851232 0.0056472123 0.0015698668 -0.0361787751 -0.0018651050 -0.0004396711 -0.0847364217 -0.0236685891 0.0290888697 0.0016969451 0.0014842108 0.1484058499 0.0328287706 0.0009233756 -0.0347721130 0.0079750670 0.0059624622 -0.0075713028 0.0013339423 -0.0032742191 -0.0302596875 -0.0113478675 -0.0127293877 -0.6096490026 -0.0036379851 0.0059122085 -0.0003825654 -0.0010847597 -0.0010254765 -0.0004524164 0.2810128033 0.0179139040 0.1370574385 -0.0178283881 0.0014915382 -0.1959078759 -0.0001647729 0.0042431834 -0.0011192702 0.0090656262 0.0009609644 -0.0443186648 -0.0430809967 0.0612895377 -0.0010454365 -0.0379667953 -0.0087584406 -0.0002321273 -0.1176819503 0.0081943218 0.1666703969 -0.0006472407 -0.1242712513 0.0003737635 -0.1553306878 0.0068186834 -0.0002561361 0.1433761716 0.0405636504 -0.0003320856 -0.0221306197 0.0206360146 0.0231168605 -0.0012008740 0.0000471360 0.0001069987 -0.0293694548 0.0630830973 -0.0012020107 -0.0306269359 -0.3118079603 -0.0351736508 -0.0001677374 0.0027756596 0.0424298309
-0.0233433098 0.0000773025 -0.0253810063 -0.0245653428 0.0007223175 0.0009338944 -0.0286012497 -0.0263073090 -0.0240774844 -0.0013704875 -0.0271779802 -0.0232351273 -0.0248602070 -0.0259685479 -0.0253939219 -0.0005194012 0.0015095957 -0.0273499843 -0.0246893931 -0.0270567965 -0.0254156739 -0.0257982649 -0.0231671501 -0.0275834501 0.0010926453 -0.0241484400 0.0000116789 0.0005518539 -0.0252387412 -0.0247081388 -0.0240470227 -0.0006226104 -0.0271592699 -0.0249303747 -0.0256178584 -0.0271430667 -0.0262323562 0.0003598836 0.0014882472 0.0004065617 -0.0251910631 -0.0002768839 0.0009863426 0.0014094899 -0.0255067460 -0.0263934322 -0.0279208943 -0.0270251594 -0.0012103119 -0.0233080126 -0.0013202047 0.0001133484 -0.0266682021 -0.0013535615 -0.0245368425 -0.0282190517 -0.0235646199 -0.0250894781 -0.0008451439 -0.0274248142 -0.0253918711 -0.0250725634 -0.0001941905 -0.0271593407 -0.0254046656 -0.0005548265 -0.0260081217 -0.0265419409 -0.0237486493 0.0005903602 -0.0254094023 -0.0257860124 0.0010506163 -0.0289494712 -0.0234393794 -0.0263423789 -0.0279046446 -0.0279728230 -0.0250869021 -0.0015327444 -0.0244537480 -0.0273560937 -0.0257469639 -0.0242441557 -0.0005845264 -0.0247719120 0.0000097261 -0.0238431580 0.0002403381 -0.0253445543 -0.0260670688 -0.0239334200 -0.0010848670 -0.0009836702 -0.0234704949 -0.0006010890 -0.0276529808 -0.0004049037 -0.0008409129 -0.0232367888 -0.0004956212 -0.0275080800 -0.0266505480 -0.0274526831 -0.0259721279 -0.0257033464 -0.0226861108 -0.0276701655 -0.0008715122 -0.0265524499 -0.0265298579 0.0001735943 -0.0012701269 0.0004879747 0.0010810519 -0.0252412185 -0.0232325494 0.0001381512 0.0013549377 0.0006924741 -0.0266992189 0.0004195970 -0.0241128262 -0.0253215618 -0.0235017296 -0.0241347272 -0.0253000483 -0.0267448388 0.0005752885 -0.0275458470 -0.0238663182 -0.0252311006 -0.0253472440 -0.0253421031 0.0009060522 -0.0287060943 -0.0254934914 -0.0260406062 -0.0229636058 -0.0265006032 -0.0014454703 0.0014420489 -0.0013909033 -0.0277105942 -0.0252397992 -0.0262122005 0.0000981472 -0.0247711670 -0.0254865121 -0.0243582167 -0.0264855064 -0.0242718104 -0.0265795309 -0.0265811291 -0.0001487717 -0.0269069206 -0.0236245766 -0.0224825870 -0.0263527501 -0.0253531225 -0.0254805833 -0.0261095334 -0.0268481765 -0.0009212575 -0.0267312396 -0.0285090972 -0.0270067137 -0.0242315717 0.0005873770 -0.0004981004 -0.0237622745 -0.0265798923 -0.0006729249 -0.0267900359 -0.0256175045 0.0013263837 -0.0255649816 -0.0273453817 -0.0259012431 -0.0252392981 -0.0261149313 -0.0005848853 -0.0234937277 -0.0008836553 -0.0266275648 -0.0268173404 -0.0003115438 -0.0237231385 -0.0261640251 -0.0267331619 -0.0009202362 0.0009095049 -0.0267551728 -0.0244533662 0.0011919852 -0.0011174714 -0.0221324116 -0.0261260178 -0.0257385224 -0.0005519788 -0.0010663673 -0.0269039422 -0.0256554727 -0.0219582673 -0.0248686615 -0.0257979725 -0.0256560575 -0.0002876517 0.0011237512 0.0005622302 -0.0009310710 -0.0261965357 -0.0263973195 -0.0267826859 -0.0250274725 -0.0004423835 -0.0258534756 0.0013681500 -0.0229211077 0.0008652576 -0.0239933208 -0.0009376982 -0.0265162196 -0.0245724060 -0.0266426485 -0.0007338230 -0.0273579471 -0.0274552070 0.0006672119 -0.0259165578 -0.0262649227 -0.0260147043 -0.0008678486 -0.0251190849 0.0001954646 -0.0273926612 -0.0275009125 0.0010622907 -0.0248305425 -0.0249593444 -0.0001036922 -0.0282723010 -0.0260950420 -0.0237101577 -0.0011154996 0.0004659656 0.0001715598 -0.0277674180 -0.0277048741 0.0000989121 -0.0241790041 -0.0242417492 -0.0276166052 -0.0000163433 -0.0263653900 -0.0276912060
0.2815181613 0.0000793208 0.0853352845 0.0615188330 -0.0003235860 -0.0002382527 -0.4613816440 0.0447754152 0.3397309184 -0.0018355555 0.1765171587 0.4758943915 -0.0278738234 0.1204094887 0.0263785888 0.0003199742 -0.0008841476 0.0144175300 0.0390929207 -0.1241916642 -0.0131561933 -0.0487084240 -0.0137534495 0.2216957361 0.0001006939 -0.1067366824 0.0010925937 -0.0022003595 -0.0255482029 0.0586002991 0.0470132791 0.0314241610 0.0927052498 0.2072826922 0.0246248692 -0.0936067924 -0.1237998232 -0.0001361644 0.0011827969 -0.0032731765 0.1218758970 0.0013452412 -0.0032624644 0.0014099206 -0.1079554260 0.0576925538 0.0522380471 -0.0475844890 0.0011813275 0.1289825141 -0.0016116519 -0.0006070206 -0.0902640745 0.0001417052 0.1477080584 -0.0439081676 0.6351341009 -0.2373585850 -0.0009327308 0.0742221251 0.0216829497 -0.0867581442 -0.0006372965 -0.0442439392 -0.0900568590 0.0004196083 -0.0371575430 -0.0367890000 0.0239328630 0.0007080091 0.4264101386 0.0432276540 -0.0011117875 -0.0431257673 0.1770898700 0.2438013852 -0.1775430739 0.2233492434 0.0184462462 0.0018405751 -0.0314818993 0.1357347369 -0.0100845704 -0.1009207666 -0.0001049170 0.0788235366 0.0012474464 0.0773601755 0.0011218903 0.0941049159 -0.7036680579 0.2261685133 0.0005407303 0.0049959398 0.0995751023 0.0006030873 -0.0975496694 -0.0004781956 0.0016955148 -0.3846652806 -0.0027678665 0.1271291524 -0.0530465282 0.1921945959 0.0759188607 0.2626047432 0.0226396881 -0.0473553799 0.0014219913 -0.0392155200 0.0014913952 -0.0008177317 -0.0001312931 -0.0001440436 0.0016445514 0.3816025853 0.1855154335 -0.0007547464 -0.0006933645 -0.0002276525 0.1462851018 0.0017556931 -0.0055704769 -0.1343946159 0.1021083444 -0.1125954464 0.3775350153 0.0360028856 0.0005029317 0.1001950949 -0.5544096828 0.0792324096 0.0635449365 -0.0241800379 -0.0016940791 0.2744282782 0.0458414890 -0.2519473732 -0.4099348187 0.1646567881 0.0013074825 -0.0005052777 -0.0003275707 -0.0353437848 -0.1834681779 -0.0054648328 0.0002983498 0.0564735085 0.1635848582 0.3204603493 0.1307161599 -0.1183815449 0.4423056543 0.1753745377 -0.0010738546 0.1292528063 -0.0681883097 -0.7189770937 -0.0085900743 -0.1465827674 0.1395484209 0.1176403612 0.0088851620 0.0012725742 -0.2098327130 -0.0385021195 -0.1014974192 -0.1127547994 -0.0008157748 -0.0004624960 0.1161201894 0.1051008254 -0.0003573038 -0.1017359793 0.0398537219 -0.0024668546 -0.0208760537 0.0659297556 0.0398218296 0.0257507190 0.0757546574 -0.0006634692 -0.1085246578 -0.0001573130 0.0404112972 -0.0427755304 0.0009674848 0.0644567311 0.1562963128 0.0866467431 0.0013352935 -0.0012392283 0.0568243600 -0.1401822269 -0.0004506163 0.0017378794 0.0154677974 0.4847131073 0.1354095787 -0.0001779684 0.0011628425 -0.0048739850 0.0195697565 0.1605483145 -0.0509255789 0.0058199591 0.0747377649 0.0003982919 0.0005148221 0.0015367970 -0.0014839343 -0.1672012210 -0.2164138258 -0.1261739433 -0.0320997685 0.0004065676 -0.0216073133 0.0010976081 0.0449674986 0.0006750495 -0.1249056756 -0.0004331880 0.0012848073 0.2045846581 0.4152200520 0.0001584729 -0.0030209569 0.0239925478 -0.0012340869 -0.2059177607 0.2443239838 0.1040334329 0.0008666190 0.0754873306 -0.0010503373 -0.1028619409 0.1817367673 -0.0022414015 -0.0593897477 -0.0599855445 -0.0013147260 -0.1039938107 0.1255761981 0.1502126902 -0.0011382358 -0.0005200309 0.0016302803 0.0125206606 0.0741014928 0.0003524232 -0.0007658558 0.2255462706 0.1642248333 -0.0003701327 -0.0453074090 0.2062357813
0.0383246206 0.0004001085 -0.0734264702 0.0763727352 -0.0006459842 -0.0029198823 0.0918046907 -0.0022841452 0.0067035696 -0.0012830028 -0.0310345478 0.0296348855 0.0459681116 0.0440239348 -2.1456248760 0.0017846808 -0.0012854568 0.0337413810 -0.0153040094 -0.1792739630 -0.0133710792 -0.0191334412 -0.0190227069 -0.0228778981 0.0013282443 0.0977561176 0.0008331182 -0.0021177307 0.0103940936 0.0092663048 0.0245173611 0.0377221331 -0.0572589971 0.0485436432 -0.0047042021 -0.1405846328 0.0320267268 -0.0001629040 0.0013813742 -0.0047477870 -0.0812048614 0.0015946354 -0.0012534125 0.0014523305 0.0495493636 0.0761105418 0.0031666602 -0.0098231258 0.0011875533 0.0832093284 -0.0009365072 -0.0006579701 -0.0341329128 -0.0001828213 -0.0856032670 0.0194718204 0.0006787420 0.0320718512 -0.0032059581 -0.0418462045 -0.0664822385 -0.0111665893 -0.0000635066 -0.0059164139 0.3953887522 0.0011390774 -0.2449949235 0.0271482915 0.0169330016 0.0009224938 0.0681173727 -0.0153242750 0.0012321535 0.3695881367 -0.0888386965 -0.0580026582 -0.0333714522 -0.0771946386 0.0047201328 0.0000668370 -0.1678630412 -0.0334366970 -0.0032085162 -0.0113317044 0.0014363003 0.2046683878 -0.0009924996 -0.0115771461 0.0000031729 0.0192424934 0.0488823839 0.1128004566 0.0006287455 -0.0019383980 0.0172402877 -0.0004289183 -0.1253636628 0.0004187094 -0.0005589651 0.0274325516 -0.0020919726 0.3245522082 0.2306297868 0.0531240553 0.0036800164 0.0002800255 0.2292817235 -0.1072069034 -0.0002063609 -0.1921660006 0.0097204093 -0.0015612192 -0.0004697845 0.0016074275 0.0004350739 0.2862520814 0.0042045852 -0.0027613437 0.0010266455 -0.0022240642 -0.1039000303 0.0022592305 -0.0155905420 0.0577926189 -0.0286021065 0.0365134776 -0.0103687923 0.0430387370 0.0010209066 -0.0163172763 0.1282805353 -0.0069178799 -0.0005657464 -0.0571795106 -0.0003092893 0.1770559251 -0.0245294310 0.0103429379 -0.0791663527 0.0060351430 0.0014062043 -0.0005659954 0.0008447868 0.0619406626 -0.0371918343 0.0292715803 0.0002659685 -0.0120999441 -0.0390973613 -0.0522641689 -0.0209734850 0.0530053265 0.0174879376 0.0653214455 -0.0010529439 0.0425196961 0.0781171322 -0.0055521531 -0.0028095609 0.0223701596 0.0148815364 -0.0784479156 -0.0168504510 0.0006274958 0.0325312912 -0.0713349730 0.1043729782 0.2714846432 -0.0002436364 -0.0011821174 -0.0423583910 -0.0956895724 0.0006998269 -0.0442677960 -0.0111618787 -0.0010371474 0.0066959746 0.0752965361 -0.1439830214 -0.0628449097 -0.1201315820 -0.0015136638 0.0268977843 0.0000773612 -0.0656802952 -0.0010106069 -0.0003607927 -0.0706881955 -0.1509485096 0.0350895897 0.0006420193 0.0000694955 0.1655552387 0.0698757395 -0.0015860916 -0.0126586733 -0.0406098180 -0.0117807491 0.0128502771 -0.0014494887 -0.0033786451 -0.0506524332 -0.0515802130 0.1793916523 -0.3209242523 -0.0571224689 -0.0387895033 -0.0004346677 -0.0006170322 0.0000267221 -0.0011876303 0.1000953019 0.0959762707 -0.0532470718 0.1588329524 0.0001098571 -0.0880785286 -0.0004857843 -0.0823907331 0.0003496368 -0.0217675921 -0.0024317449 -0.0147254476 -0.0533903502 0.0267457422 0.0000081839 0.0266250204 -0.0239983983 -0.0007901936 0.0185308810 0.0321100913 -0.3221825361 0.0008748165 0.1357168853 -0.0008608117 0.0211268272 0.0029277480 -0.0031482219 -0.0314587206 0.0612790212 -0.0006239522 -0.0356144793 -0.0520969331 -0.0021293182 -0.0018453656 0.0009677128 0.0015108265 0.0864006951 0.0990128890 -0.0024942155 -0.0830499157 -0.1537928134 -0.0534941405 0.0010084367 -0.0209482014 -0.0147350160
-0.0570951328 -0.0010492537 0.0958075076 0.1480677873 -0.0002541664 -0.0016537216 0.0655319765 0.0486187190 -0.2567336261 -0.0025721989 -0.0170356315 -0.0466589145 -0.2135301977 0.1137319729 0.2508471608 0.0001614249 -0.0001987450 0.0287963003 0.0529613756 -0.0571410432 -0.0318277851 -0.0644661486 0.0311579220 -0.1020916849 0.0001074929 0.0418167710 -0.0001049149 -0.0032515640 -0.3974086642 -0.0508393012 0.0355022140 -0.0307889897 -0.1430436820 0.0289785676 -0.0414164029 -0.0888610929 0.0040594134 -0.0001778996 0.0009920741 -0.0045306627 0.1519674957 -0.0006141817 -0.0034136551 -0.0001989577 0.1949688494 0.1806994826 -0.0439005271 0.0069322153 0.0024485190 -0.0167858154 0.0000577539 -0.0007958460 -0.0787359998 -0.0022835170 0.1977318674 0.0489038862 0.4067476094 0.0228652805 -0.0007704498 0.1045258120 0.1164321154 0.0465608016 0.0015150429 -0.1249184757 -0.4181592166 0.0005977500 -0.2085964531 0.0434845984 0.1003184989 -0.0010777222 -0.0186399799 0.0007385900 -0.0006277126 -0.1872396320 -0.0705211908 -0.1160702631 0.0621127523 -0.0881801695 0.0699314177 -0.0003936781 0.0016247598 -0.0036826853 0.0351149887 -0.1191177294 0.0018583740 -0.0842445865 0.0017007341 0.1619316787 -0.0004514128 0.0683040470 0.0496070571 -0.0530778728 -0.0008462610 -0.0047891703 0.0139371073 -0.0008649757 -0.3043741882 -0.0014473037 0.0010657841 0.1405773312 -0.0011601818 -0.0073094605 0.1936259419 0.2145795971 -0.0570420772 -0.3188967407 0.0761953145 -0.1511428356 0.0001566050 0.0950946510 0.0191298015 0.0009370270 -0.0009350097 0.0006075849 0.0000248805 0.2159137577 0.0030804949 -0.0026063602 0.0014566131 -0.0023301770 0.1401448697 0.0013192102 -0.0055726012 0.0498852842 0.0880591050 0.0212457031 -0.0010773208 0.0241316408 -0.0008136885 0.1548414975 -0.0607926846 -0.0021115718 0.1027504578 -0.0216934662 -0.0013859891 -0.0599045642 0.0278241318 0.0934285969 -0.0366665237 -0.0328828804 -0.0015386379 -0.0000072256 0.0015250104 0.0412159376 -0.0354122780 0.0666070431 -0.0005214545 0.0071226754 -0.1794987321 -0.0026500502 -0.0149195278 0.0620032772 0.1608142257 -0.2284357995 -0.0017374266 0.0211128891 0.0133194095 0.0880431682 0.0437842123 0.0937993973 0.0501470864 0.1246914342 0.0328190029 -0.0007002032 0.0273895804 0.0095478678 -0.2212569863 0.1504489630 0.0000009915 0.0006926616 -0.0813063607 -0.1152945682 -0.0006947791 0.0527355671 -0.0025868225 -0.0024652136 0.1114830226 0.0092133321 0.1174748391 -0.0076932968 -0.3002419174 -0.0020371955 -0.0501587316 -0.0005671872 -0.0384522639 0.0330748633 0.0002785145 0.0390853360 -0.0981456637 0.0485875942 0.0001232173 0.0002524407 -0.1183314025 0.1651845574 0.0001435487 0.0214175805 -0.0263591744 0.0595923364 -0.0121835377 -0.0003755739 -0.0018755912 0.2284456789 -0.0136595406 0.2648374438 -0.0312798955 0.0917882472 0.0393338948 0.0002307067 -0.0007737045 0.0005693784 0.0005556596 -0.1262990981 -0.0583549254 0.1729264706 -0.1291257292 0.0015998683 -0.3716539145 0.0005053972 -0.0197877586 0.0012748624 0.0641967952 -0.0000625640 0.0561085604 0.0152889593 0.2234011739 0.0008540421 -0.0194079224 0.0865791887 -0.0011065139 -0.3242611587 0.0021598279 -0.1109115034 0.0010050377 -0.0218661223 -0.0003464009 0.1748449802 0.0305588283 -0.0007882636 0.0690341741 0.0931236893 -0.0004777151 -0.0198109318 0.0087845325 0.0966612026 -0.0011581661 0.0007144462 0.0016602492 0.0319824740 0.0311668850 -0.0018948097 -0.0748363584 -0.0702569783 -0.0219716448 -0.0000282760 0.0002869676 -0.1642190069
0.3356446922 -0.0014006275 0.0605205968 -0.2142351270 -0.0006658075 -0.0011930116 -0.2453130782 -0.0312810354 -0.0428938977 -0.0026415903 -0.0313149430 0.0736657903 0.0401197374 0.0646897778 0.0261381138 -0.0010778204 -0.0003408121 -0.0386439301 0.0455169342 -0.0476827361 0.0353685804 -0.1854380965 -0.1894658208 0.1109998152 0.0003596726 0.0480946675 -0.0008420212 -0.0019966504 0.0296206754 0.0407218002 0.1613068879 -0.0218436271 0.1329698712 0.1650880873 0.0662983283 -0.1010880694 0.0620302968 -0.0016828255 0.0000279462 -0.0026101661 0.0722822770 -0.0006188915 -0.0011393351 0.0014697646 0.0456731394 0.1157309636 0.0030729091 -0.1542506963 0.0008666699 -0.0784228891 0.0010183960 0.0011151010 0.0217476655 -0.0022923045 0.1720012724 0.1040936187 -0.1545277685 -0.0760493428 -0.0021478927 -0.2414484769 -0.0134677486 0.1433897614 -0.0010003131 0.0510753319 0.3309105337 -0.0000693650 -0.0803534463 0.0908040553 0.0792034119 -0.0001942513 0.0466033332 0.2491226494 0.0007113318 -0.0607952774 0.1024891064 0.0380792879 -0.5392153859 0.0231031124 0.0293844268 -0.0002391748 -0.0036178895 0.0593724772 0.0916779414 0.0362367630 -0.0009088472 0.1034726277 0.0003934745 0.0535148978 0.0016555936 0.0170517396 -0.2856143415 0.0394165032 0.0005596724 -0.0031322641 0.0931235701 -0.0018767444 -0.1017876640 0.0001186826 -0.0002354935 -0.1718958616 -0.0025320076 -0.0129104443 0.0569208227 -0.0504818000 0.1059860289 -0.4360473752 0.0470763296 -0.0029655921 -0.0009580478 0.0110216914 0.0682050511 0.0008173939 0.0000620678 -0.0009206355 0.0007011121 -0.0653790906 -0.1004988253 -0.0012919793 -0.0000411396 -0.0014058575 0.0489854701 -0.0000253575 -0.0071180011 0.0673657879 -0.0129074967 0.0647578388 0.5317474604 -0.1204176471 -0.0000477012 0.1680692732 -0.0242297444 0.0342334583 -0.0465039723 0.0755109265 -0.0002978510 -0.0057918183 0.0861609951 0.0379424989 -0.0590424873 0.0772001147 0.0005690656 -0.0020812687 0.0003504255 -0.0494359136 -0.1489965171 0.0649000779 -0.0006600479 0.0899074748 0.0909227207 -0.2709946632 0.1115606874 0.0673668087 0.1146900952 -0.1670963615 0.0001011982 0.1404621601 0.0085097291 0.0333503373 0.0943248793 -0.0957394317 -0.0984113812 -0.2505577207 -0.0740333498 -0.0006526771 0.2195390612 -0.3206157982 -0.1012750641 0.0117850015 0.0011785671 -0.0000898704 0.0460208543 0.0531141087 -0.0000455474 0.1495993286 0.0344581828 -0.0012034938 -0.0123676090 -0.0710589588 0.0355911031 0.0393453129 0.0507967621 -0.0028981450 -0.1521557122 0.0014920121 0.0596878454 0.0181908067 0.0001711716 0.0266639199 -0.0486041047 0.0198084619 0.0012923446 0.0004200549 0.0123892259 -0.0149446419 0.0008978523 -0.0000126032 0.3630452752 0.2252888680 -0.1585462093 0.0000685393 -0.0008972767 -0.0687290132 0.1043394506 -0.1311545223 -0.0760452226 0.0814974234 0.0870935842 -0.0004554285 0.0004309040 -0.0000655770 -0.0020219164 -0.0765193924 -0.0957604945 -0.0578126870 -0.1040025279 0.0005910006 -0.0704291686 -0.0006897621 0.3321504891 -0.0009440772 0.1147584543 0.0012079431 0.0977581292 0.0787785798 0.0927836001 -0.0000882764 0.0052891658 -0.0240460802 -0.0004219986 -0.0362603292 -0.0577145815 0.0522144288 -0.0000378790 0.1368045062 -0.0004342404 -0.0322518088 -0.0016998627 -0.0001777559 0.1056885570 -0.0039442666 -0.0022875194 -0.0533145778 0.0718707666 -0.4042006433 -0.0010919258 0.0001299069 0.0013688941 0.0417862572 0.0197064281 -0.0012010296 0.0499850959 -0.0122955684 0.0831114948 0.0007727193 0.0483015217 0.1603989899
0.1112573370 -0.0007032834 -0.0101977456 0.0153527912 0.0009301416 -0.0003499695 0.0295774546 0.0447007120 0.0158073679 -0.0028428955 -0.0438466184 -0.3448031247 0.0016304137 0.1065712348 0.0090537323 -0.0004786139 0.0007904099 -0.1008663699 0.0943847969 -0.0117816478 -0.1987270117 0.0847218558 0.1307097375 -0.2878869772 -0.0002864851 0.0017499396 0.0011927948 -0.0020490943 0.0630604476 0.0184278935 -0.0374586210 -0.0157761071 0.1787782460 0.0820602253 -0.0454962887 0.1193455756 0.0058589955 -0.0012305685 -0.0002208414 -0.0025478855 -0.0025702324 0.0004564068 -0.0013876179 -0.0000118280 0.1053250879 -0.0142803872 0.0639609247 -0.0102632223 0.0022697262 -0.1080442593 0.0006709321 0.0016979246 -0.0118952235 0.0000703520 -0.0307460781 0.1440418959 0.1034167483 0.1097943410 -0.0030521106 -0.1200915053 -0.0637162179 0.1743784696 0.0004799073 -0.0701819211 0.0776219442 0.0010356029 -0.0360085778 0.1670915037 -0.0123254554 0.0003066779 0.1543964595 0.4957474172 0.0015632780 0.0540453643 0.1397485584 -0.2109244913 -0.0911682174 -0.2460873574 0.1163487658 0.0016856517 -0.0161900483 0.1052725315 0.2157981396 -0.0075115534 -0.0006125926 -0.0213278737 0.0016871843 0.0967551917 0.0010215751 0.0572182685 0.0333293043 -0.1819365621 0.0007810077 -0.0037367996 0.1680981517 -0.0001375909 -0.0750669166 0.0013021356 0.0019822458 -0.1303474009 -0.0013200080 0.0867338926 -0.0184737146 -0.0097078299 0.0026453261 -0.9305801392 -0.0101878410 -0.0000866846 -0.0012602498 0.0735862479 -0.0737314969 -0.0004468532 -0.0008114270 0.0012651188 -0.0003749977 0.5525528789 -0.1122390330 -0.0024745245 -0.0003466927 -0.0004657547 0.0421229228 0.0009211377 0.0939019471 0.0054106172 0.0233904440 -0.0003644145 0.0501261577 0.1058684662 -0.0012032432 0.2256775051 0.1180224121 -0.0322873406 -0.0415279567 -0.0762201771 0.0004743032 0.4980084896 0.1522239000 -0.0912194997 -0.0388486758 0.1162325516 0.0000835007 -0.0001740762 -0.0006661231 0.0242040027 0.0081816437 -0.0065788915 0.0003862906 -0.0006847036 -0.0116929868 -0.1855963916 -0.0714501217 -0.0012527124 0.2904223502 0.0186564587 0.0002088600 -0.1077947691 -0.0132890213 0.1771961898 0.0180603489 -0.0232163686 -0.0501463078 -0.1146291643 0.2892722785 0.0008247797 0.5122466683 -0.0423796996 -0.0361315720 -0.0181550290 -0.0005823097 -0.0001142036 -0.0652336851 0.0388676673 0.0004708885 0.1954362392 0.1108343676 -0.0024680081 -0.0936575085 0.0625018775 -0.0774304345 -0.0370062590 -0.0238975305 -0.0029644226 0.2727705836 -0.0003954296 -0.0421026759 -0.0481343605 -0.0006445496 0.0560223311 -0.0552028529 -0.0435045063 -0.0008860669 0.0008966554 0.0675276518 0.0729819313 -0.0000719838 -0.0020083641 0.3963821530 0.1741538942 0.1908997297 0.0006831919 -0.0033042438 0.0327826962 -0.0205378477 -0.0558047555 -0.0415192582 0.0071951798 0.0165917650 0.0011437179 0.0003664001 -0.0008310060 0.0000104924 0.0223188847 -0.0452912673 -0.0468675196 -0.0688419789 0.0006458843 -0.0123621169 0.0009414870 0.9644146562 -0.0006794471 0.1669736356 -0.0009131710 -0.0035860110 0.0322778113 0.0227191839 -0.0009082414 0.1856864244 0.0739356428 -0.0007874721 0.0212606918 -0.1589449495 -0.0377313159 -0.0007130932 0.0954008773 -0.0011682209 -0.1916372925 0.0413459055 0.0005171879 -0.0241539497 -0.0218055714 -0.0006216641 -0.0095478455 0.0226380210 0.0796777681 0.0004425721 -0.0006639667 0.0008913899 0.0766346827 -0.0196840540 -0.0030162551 -0.1599200517 0.1185540333 0.1043319777 0.0013036495 -0.0134580275 0.0662801340
-0.1583768576 0.0006075393 0.0023911556 0.0182156675 0.0006578598 -0.0012618995 0.0136758573 0.0450094379 -0.0491176918 -0.0022660720 0.0618839599 -0.0865476727 0.0436567441 -0.2641247213 -0.0070832428 0.0010792547 0.0005781935 0.2253197432 0.2450990528 0.0473215394 0.0928270891 0.0441973694 -0.2981113791 0.7266027331 -0.0011772627 0.0346052088 -0.0001938472 -0.0040948037 -0.0143185630 0.0581118166 -1.0021604300 0.0350566842 0.0298150033 -0.0557492040 -0.0181961209 0.3035615087 0.0345951654 -0.0010031915 -0.0006854781 -0.0035654523 0.0608597510 0.0005752791 -0.0008569923 -0.0002176575 0.2436786145 -0.0552417599 -0.0511064604 -0.1832436919 0.0021794667 0.0047803177 0.0004122792 -0.0017079875 0.1327857524 -0.0009044645 -0.0195654016 0.0767866224 -0.1311015189 -0.0250706058 -0.0013657209 0.0408773907 0.0499299318 0.0342644379 -0.0007074196 0.1495722383 -0.0219766684 -0.0003743049 0.0174708348 0.1961368173 0.0423847847 -0.0007344364 0.3591714501 1.6615035534 0.0008520400 -0.0445223935 0.0040627178 -0.0000498736 -0.0403185077 0.4000956416 0.1844350100 -0.0002632095 -0.0298818666 -0.2597331703 -1.0725536346 0.0171754062 0.0004749915 0.1992069036 0.0000726187 -0.0477734320 0.0007162709 -0.0079418262 -0.2767671645 -0.2255689800 -0.0000433871 -0.0011273794 -0.5733928680 -0.0005544444 0.0315911807 -0.0014098843 0.0014918603 -0.2905643284 -0.0008658865 0.0684576556 0.0056878421 -0.3943974972 0.0722817183 -0.1351538450 0.0108595220 0.0180938523 0.0003556235 -0.1395017058 -0.1303638369 -0.0001976003 -0.0002172896 0.0005596711 0.0003458645 -0.0231890790 0.3540646732 -0.0029424657 0.0001794948 0.0001268449 -0.0926050395 0.0002049498 0.0174657237 0.0173444264 0.1022602841 0.0046874182 -0.3356261551 0.0835374892 -0.0001556363 -0.5387449861 0.0685565397 -0.1419100314 -0.1550025493 -0.1372788250 -0.0017921487 -0.1351432353 0.0007967739 -0.0670230985 0.1433889121 0.0583324954 -0.0013470558 -0.0024698831 0.0001763254 0.4415788352 -0.0032924032 0.0196334943 0.0013045406 -0.0250624605 -0.2246599942 -0.5232173204 -0.0043442333 -0.0079416772 -0.7393223047 -0.1028160006 -0.0018291087 0.0323029384 -0.0137653966 0.1793136150 0.0326704681 0.0588509217 0.0950609073 0.0342941694 -0.5588952899 0.0000270570 -0.1493518502 -0.1648978740 0.0020960739 0.0531360134 -0.0017492514 -0.0001939363 -0.1115970910 -0.0477576405 0.0006443852 0.0483340919 -0.0103108138 -0.0029006731 0.0258123707 0.0659992993 0.0237817690 0.3202433884 -0.0239404216 -0.0008902592 0.4893162549 0.0002266323 -0.0911323279 0.0738509446 0.0008522379 0.0961671770 -0.1496882141 0.1256227195 0.0012046756 -0.0000273651 0.0105846990 0.0406200960 -0.0003638683 -0.0153646944 0.1188013032 -1.1650189161 0.0232427251 0.0006800452 -0.0007637365 -0.0202158280 -0.0080494946 0.0257855467 0.0038084388 -0.1877051890 -0.0225663166 0.0016481620 0.0010187043 0.0006543249 -0.0022539939 0.0283866525 0.0444153883 0.0287049524 -0.0455147363 0.0002050739 -0.0368164629 -0.0005526977 -0.3028711081 0.0003602387 -0.0123343896 -0.0006950154 -0.2542968094 0.0769973919 0.1489082575 0.0012980922 0.0848738998 -0.1967689693 0.0012652860 -0.0199909769 0.6367882490 0.0012134941 0.0009227593 0.0121427281 0.0000098338 -0.0084188897 0.0476619378 0.0007954944 0.0236875527 0.0342525356 -0.0010531989 0.0180036370 -0.1357773989 0.1810736656 -0.0015131573 0.0016296689 0.0009067802 0.1397577673 -0.0601069368 -0.0003748447 -0.2825945318 0.1546674371 -0.0772442520 -0.0008293161 0.0609159805 0.0564276762
-0.0390403308 -0.0010967930 0.1221731156 -0.3896903396 0.0014899750 -0.0015039269 -0.2141305208 -0.0402739011 -0.1816183329 -0.0014118217 -0.2260478735 -0.1829112172 0.0096681463 0.0603247322 0.0236731954 0.0013825602 -0.0007865267 0.0885294229 -0.2055386752 -0.0347426310 -0.3229415715 -0.0932163969 0.0891954377 -0.0715805665 -0.0008358681 -0.0033175114 0.0003902719 -0.0042234454 -0.2583696842 0.0508491136 -0.2375399023 -0.0221743025 -0.1390613168 0.1681929678 0.1981346011 0.2377747297 0.0607502200 0.0009406253 0.0016923152 -0.0028569945 0.0907153189 -0.0006661607 -0.0010153549 0.0015731639 -0.0313661732 0.0773444399 0.1378721595 -0.1702712029 0.0006783924 -0.2343193591 0.0008121277 -0.0014473777 -0.1419374794 0.0001213234 0.1944620460 -0.0684860796 -0.3099247515 0.0658244491 -0.0030238014 0.2478270978 0.2805825174 0.2612193227 0.0000227145 0.1688504517 -0.4160959423 0.0006010147 -0.0124043887 0.0059219166 0.0184609368 0.0017179057 -0.0431370065 -0.0997428894 0.0002028876 -0.0794993937 -0.0420718715 0.0160816498 0.2502439022 0.0313796774 0.2294277698 0.0011223970 0.0490107313 -0.0758433715 -0.0799827576 -0.0197672732 -0.0002804230 -0.2955285609 0.0001318154 0.2405708581 -0.0000884236 0.0822006837 -0.0034287397 -0.0835996196 0.0006760645 -0.0025650733 -0.2231457382 0.0004807118 -0.1229706556 0.0013317179 0.0012847364 0.0356887169 -0.0022765773 -0.0355943702 0.0809181705 0.1606157869 0.0368877016 0.9522517323 0.0686045885 0.0130606703 0.0004643966 0.1851568818 0.1515642107 0.0011944796 -0.0005290018 -0.0002876224 -0.0000161105 -0.5559492111 -0.0908160582 -0.0016584888 0.0013988119 -0.0009080882 0.1024375185 -0.0010142544 0.0755603239 0.0657890886 -0.0490370579 0.0459583253 -0.0017288480 0.3124994040 0.0008095792 -0.1137603223 -0.2321328074 -0.1039697304 0.0609417744 0.1443415880 -0.0019377666 -0.0393799432 -0.1918955743 0.2036614269 -0.7534891963 0.0793973953 -0.0002281837 -0.0024274157 0.0011890439 -0.0270777345 -0.1634750962 -0.0059515517 0.0011284233 0.1086826697 -0.0626996085 0.0467738286 0.0197063554 0.0663584471 -0.0440680161 0.0408356972 -0.0005528592 0.0280395113 -0.0414886773 -0.1296572536 0.0645519793 -0.0047167046 -0.1839351803 -0.2308461070 0.0455111936 0.0015547543 -0.1122003496 0.0148497010 -0.2237718552 0.0007408633 0.0005506808 -0.0001882970 -0.0481322967 0.0773898289 -0.0008273454 -0.0478440523 -0.0841391310 -0.0028171574 -0.1483948976 0.0191064514 -0.0406115875 -0.0530608222 0.3076681793 0.0037091565 -0.0423921794 -0.0010842941 0.1198921427 -0.1128827259 -0.0000524021 0.5138462782 -0.0217277985 0.1202687174 -0.0003804617 -0.0012212417 -0.1234312877 -0.5856058598 0.0010339633 -0.0204383321 -0.1492642909 -0.3142217994 -0.0181582309 0.0014651616 -0.0031527318 0.0492291190 0.0428722501 0.0821982697 -0.0410984866 0.0643540993 0.1139815450 -0.0005637552 -0.0000237565 -0.0001521853 0.0010604815 -0.0272566248 0.1187588200 -0.1248836070 -0.2591065168 -0.0002648094 0.0726986229 -0.0005518558 -0.0286873411 0.0000205623 0.0439130738 0.0018389333 0.1107949018 -0.0152961724 0.3414873779 -0.0010124430 -0.1009232625 -0.1077369601 -0.0007385281 -0.0678170323 -0.0105715021 -0.0763279498 -0.0001225688 0.1212346703 0.0001209605 0.0939814076 -0.2331099212 0.0013023771 0.1218361855 -0.0220733378 -0.0019479450 -0.1940175146 -0.0241592731 -0.0853053853 0.0008037855 -0.0001766512 0.0012931684 0.0704768077 0.1240261644 -0.0018477831 -0.2747285664 -0.0473800115 -0.0291046482 -0.0011093937 0.1328642815 -0.1333095580
0.1272255927 -0.0009307468 0.0910565928 0.1562435776 0.0015119436 -0.0013386480 0.1883322150 -0.1098779812 -0.1267472655 -0.0021429365 0.0747785047 0.1117749065 -0.1488811523 0.0651290864 0.1054090932 -0.0002598558 0.0023393801 -0.0036586965 0.0927794278 -0.0538077950 -0.0569247641 -0.0078216819 -0.0535165295 0.0991648287 -0.0000452690 -0.0915722400 0.0003158927 -0.0026442746 -0.1245428100 0.1152650565 -0.0646292791 -0.0303511415 0.0924304128 0.1469061971 0.1459100395 0.0850053653 -0.0117535545 -0.0007253668 0.0000689980 -0.0051418184 -0.0145073570 0.0000013700 -0.0021189344 0.0003555830 0.0291490443 0.1249511093 0.0780155361 0.0013156165 0.0020793187 0.0981213897 0.0000717912 0.0002348013 0.0291651040 -0.0000076508 0.2678074539 -0.0167668592 0.0193293113 0.0236833245 -0.0008647199 0.0209446941 -0.0330825262 0.1102105230 0.0012336881 -0.0318273194 -0.1460285485 0.0002409152 -0.0204689410 0.0064623384 0.0207416266 -0.0014788365 0.0112261521 -0.0452461168 -0.0015093836 -0.0820310637 -0.0914571360 -0.3218611181 0.0296089798 0.2562151849 0.0088027120 0.0014462676 -0.0418992303 0.0597156473 -0.0050176014 -0.1536325812 0.0010477942 -0.1728625745 -0.0002859535 0.1402503550 -0.0010858995 -0.0221725572 0.0653334707 -0.0355048701 0.0010051370 -0.0035266024 0.0517926365 -0.0010790286 -0.0203828271 0.0006476781 0.0014808541 0.1061278507 -0.0020056099 -0.0401755348 0.1369645000 -0.0420314819 0.1906815171 0.2823156416 0.0676148832 -0.0955341309 0.0022955376 0.2078472227 0.1214193329 -0.0006658301 0.0013175305 -0.0003523568 0.0008728298 0.0618314222 0.1178356558 -0.0016578481 -0.0014358999 0.0012045697 0.0433509275 -0.0012914448 0.0246064980 0.0169303603 -0.0559874326 -0.0078638382 -0.4976137578 0.0613556243 -0.0010771261 0.0130182877 0.3114516437 0.0243536346 0.0397583656 0.1236824617 -0.0007227024 -0.0758296996 0.0965982825 -0.0015841264 0.0116437757 -0.1413053125 0.0011695673 -0.0025242369 0.0004564804 0.0637088344 -0.2279894054 -0.0525316969 0.0006812103 0.0743793771 -0.1798675060 -0.0255924184 0.2988789976 0.0320214033 -0.0466545746 0.1125378162 0.0038033607 0.0612092838 -0.1518422663 0.0600739568 -0.0391462483 0.1425222456 0.2799479067 0.2966640294 0.0202104505 0.0015263181 0.0601520464 0.0107498905 -0.0344386809 0.1675376147 0.0003094754 -0.0006632402 -0.1495504230 -0.0122504719 0.0008009390 0.0765001178 -0.0447378419 -0.0027445725 0.1127500460 -0.1551194489 0.2175408006 -0.0636566877 -0.2697689235 0.0037384464 0.0262783114 -0.0004961709 0.1042417660 0.0077062794 0.0003644087 0.1526282281 -0.0103614470 0.1123093516 -0.0005262953 0.0014910431 -0.0082902871 0.0314016342 -0.0017173297 0.0102434354 0.0159067959 -0.0467226095 0.1578596383 0.0001490118 -0.0042422665 -0.0005251967 -0.0121543491 -0.0608736351 -0.1492040902 0.0400097668 0.1448888928 -0.0012056892 -0.0019948280 0.0006974647 -0.0004626983 0.2036655694 0.0265047830 -0.0424355604 0.0447429977 0.0003408573 -0.0787947178 0.0008135489 -0.1021503881 0.0017619618 -0.0570998192 -0.0018961983 0.0935766324 -0.0869787335 0.0320187323 0.0017155311 -0.0257225093 -0.0254018977 -0.0023945742 -0.0324501246 0.0569218844 -0.1234619021 0.0013353002 0.1550631970 0.0010336855 -0.0115264468 0.0145066325 -0.0016825853 0.2220955342 0.1515073925 -0.0027494517 0.1403645128 -0.0509785041 0.0992352292 -0.0002104259 0.0004115511 0.0005658315 0.0749086067 0.1608903855 0.0011470191 -0.0638716146 -0.1016798839 0.0269771926 0.0003081186 0.0843669623 0.1858578473
-0.0137316976 -0.0017495424 0.0000593725 0.0310119353 -0.0006940650 -0.0013527898 0.0261766072 0.1403866112 0.1202125847 -0.0035907223 0.0681953803 -0.0217404664 0.0696071982 0.0455206931 -0.0179559570 0.0007391499 -0.0008501826 -0.0191015545 0.0323688202 0.2054633200 0.0107547622 0.0106167281 0.0124013843 -0.0071514202 -0.0000548367 0.2392250896 -0.0004488076 -0.0043708840 0.1574971974 0.0161396991 -0.0164414030 0.0381136350 -0.0021141851 0.0441561937 -0.0257989857 -0.0217900220 0.2147370279 -0.0000362896 -0.0006208889 -0.0049389545 0.0377755612 0.0002505495 -0.0016245882 -0.0003753377 -0.0255075153 0.0093689850 -0.0313930474 -0.0125815729 0.0014354426 0.0770440027 -0.0021625918 -0.0000751006 0.0383845977 -0.0011827584 0.0220676661 0.0175449699 0.0965453535 -0.0224538222 -0.0008120731 -0.0751136839 0.0597346760 -0.0529075786 0.0006257948 -0.0564425401 0.3757639527 -0.0015652016 0.1518785208 0.0170810763 0.0786410794 -0.0007010704 0.0113668516 -0.0163811613 -0.0004708702 0.0122405998 0.0635257885 0.0299878344 0.0337916799 0.0237655323 -0.0221584775 -0.0006527216 0.1443577260 -0.0204842426 -0.0162697211 0.1981127411 0.0014325439 -0.0266375337 -0.0015471090 0.0835858360 -0.0006782515 -0.0110384598 0.0345626213 -0.0240024850 0.0004177117 -0.0029574186 0.0195415653 0.0002122556 -0.0502788834 -0.0015184114 0.0012400707 0.0182557274 -0.0026852721 -0.0897143334 -0.0219014194 0.0131503949 -0.1071922928 0.0385528505 0.0486864187 0.1603122056 -0.0001209128 0.0107451808 -0.0189848095 -0.0024872499 -0.0000439261 -0.0009888270 -0.0002723170 -0.0053590611 0.0329174995 -0.0029673153 0.0004497090 -0.0025006665 0.0584702492 0.0027095086 -0.0060351845 0.2011446059 0.0300826989 0.1922435015 -0.0412297808 0.0484769195 -0.0004530421 -0.0019431472 0.1260708719 -0.0157616027 0.0158417858 -0.0324593857 0.0021545812 0.0288487710 0.0249708574 0.0078113833 -0.0241069831 0.0627501756 -0.0000254393 -0.0025432874 -0.0009847715 -0.0137052657 0.1292545646 0.1287751496 -0.0003453918 -0.0165539123 0.0471444018 -0.0018228252 0.0379623845 0.1778946072 0.0003955590 -0.0246042982 -0.0024964078 -0.0124493232 0.2080895603 0.0077592768 0.1243036017 0.0052815289 0.1192058176 0.0933158323 0.0163644925 0.0006867237 0.0004782090 0.0025825850 -0.0201496594 -0.1332607120 0.0009986272 -0.0000310804 0.0355731957 -0.0067360275 -0.0002917212 0.0141235087 0.0510824881 -0.0014052673 -0.1224323735 -0.0107778478 0.1602393091 0.0274101626 0.0416493341 -0.0034198679 -0.0189436134 -0.0016791261 -0.0109769097 0.0013992527 -0.0011390581 -0.0038967899 0.0133865150 -0.0295162722 -0.0006384925 0.0004662114 0.0208073109 -0.0029640351 -0.0013824530 -0.0196969472 0.0205153022 0.0071107121 -0.0361543372 -0.0011982562 -0.0014436911 0.0850078613 0.1030081511 0.0522732809 0.2444267273 -0.0183325130 -0.0704972595 0.0012051951 0.0005943492 0.0003234044 -0.0007378067 0.0329260081 -0.0039527765 0.0280467998 0.1055193171 -0.0012602289 -0.0136106266 -0.0013353317 -0.0016124813 0.0006091833 0.0115742637 -0.0011957987 -0.0247949120 0.0653470084 0.0293853339 0.0002473568 -0.0149734179 0.0142907919 0.0002002335 0.1557263732 -0.0157163087 -0.0450483374 -0.0003080576 -0.0171838123 0.0002404192 -0.1020623818 0.0193105321 -0.0031494708 -0.0141520882 -0.0738513470 -0.0015108055 0.0367152542 0.0549407601 0.0448975712 -0.0029027637 -0.0003963085 -0.0002073501 -0.0373145565 -0.2420738190 -0.0022779247 0.0229555331 0.0726248622 0.0184359476 -0.0006324805 -0.0345702060 -0.0089045474
0.0189022087 -0.0004345140 0.0932651162 -0.1507150680 0.0013877513 -0.0026601139 -0.1339167953 -0.0375844762 -0.1205981299 -0.0017468386 0.0430835225 0.0255346689 -0.0347053707 -0.0726003200 0.0363031365 0.0014303240 0.0011939692 -0.0385476872 -0.1313863248 -0.0678987876 0.0523844548 -0.0449697375 -0.0446422435 -0.2524429858 0.0015600629 0.0336866938 0.0008181147 -0.0011879735 -0.1406167001 -0.0146435527 0.0973354131 -0.0193673857 0.0625135899 0.0611079708 0.1318691820 -0.1198837236 0.0682125315 -0.0002066993 0.0016926739 -0.0027938313 0.0280761868 0.0017336665 -0.0034843206 0.0005892334 -0.0518310145 0.1087469682 0.0494051129 0.0592090189 0.0011698154 -0.0802901015 -0.0000430159 -0.0012337693 0.0266075693 -0.0018625865 0.0530195907 0.0306950696 -0.1492365599 0.0119495997 -0.0011539817 -0.0512614250 -0.0839144140 0.1615893543 -0.0002394147 0.0481243469 -0.0327039175 0.0008507903 -0.0170444883 -0.0343896635 0.0679773986 -0.0011544283 0.0509861410 -0.0081859017 -0.0011086303 0.0099069262 0.0668208152 0.0777758956 -0.1427126527 -0.1163515225 -0.0575270839 -0.0008924876 -0.0187124349 -0.0320196971 -0.0519280806 0.0461047888 -0.0006638216 -0.0199996289 -0.0001342006 -0.2038613856 -0.0007652872 0.0574094430 -0.1671660841 -0.0073074591 -0.0005459183 -0.0022089488 0.0907140300 -0.0006874426 0.0707853809 -0.0002872297 0.0020289198 -0.0988294929 -0.0020536128 0.0393159986 0.0510346070 -0.2145895958 -0.0341346972 0.3107849956 0.0253522191 -0.0388478190 0.0002539535 0.0096570458 0.1113347635 -0.0013195003 -0.0004531410 0.0002833362 0.0016423870 -0.1154085919 -0.1612774879 -0.0031177411 0.0010801104 -0.0001627365 0.0922440961 0.0000833230 0.0478232279 0.0745130330 0.2102365941 0.0699263960 -0.1533845216 -0.2405820042 -0.0008951959 0.0523899347 0.1745815724 -0.0325955451 0.0346875265 0.1377538592 -0.0004181221 -0.1196385249 0.2245155871 -0.2031167001 -0.1511104256 0.1188391820 -0.0005977916 -0.0010389938 0.0009903007 -0.0737713650 -0.0594738610 0.0690121651 0.0000385159 0.0883014351 0.0494540818 -0.0274254959 0.1498273909 0.0823354125 0.0802921504 0.2306333482 -0.0000515343 -0.0087611275 -0.0080801463 0.0053740949 0.1305927336 -0.0257034525 0.0344268866 -0.1378551126 -0.0334539153 0.0008627918 -0.0353914239 -0.0254798103 -0.1269695610 0.0487238280 0.0001355774 0.0004713128 0.0710031614 0.0438607484 0.0004615808 -0.1234620214 0.0672312900 -0.0032333632 -0.0721390620 0.0389883667 0.0128217023 0.0156793892 0.1744333506 0.0026932489 0.0246735234 -0.0012549839 0.1357618123 -0.0081546064 0.0005698282 -0.0900518298 0.0402364247 0.0936019346 0.0000928618 0.0004001681 0.2268527150 -0.2413203120 -0.0003254941 -0.0024156112 0.0487446785 -0.0501886457 0.0487098508 0.0014368626 -0.0025707332 0.0027551076 0.1263766140 -0.3378451169 -0.0515898690 0.0311599988 0.1050169691 0.0015043796 -0.0010617148 -0.0009913655 -0.0020887395 -0.0875905454 0.0443953089 -0.1252291948 -0.2505381405 -0.0004054951 -0.0272697695 0.0017147649 -0.0725065097 0.0011788253 -0.1155456826 0.0012685468 0.0658005178 0.0736671612 -0.4229341149 0.0006059675 -0.0065927915 0.0282640886 0.0002301280 -0.1109016389 0.0670908317 0.0728382468 -0.0003841956 0.0507887043 0.0007140918 0.1676995456 0.0207467936 -0.0018440151 0.0395357721 0.0057860012 -0.0026762914 -0.1267536581 0.0543679707 0.1992988288 0.0003074513 -0.0001427791 0.0012176577 0.0440625884 0.0981790647 -0.0025055374 0.0149866845 -0.0066023250 0.0809777305 0.0011333741 0.1224124953 0.2605648935
0.0423458405 0.0001020041 -0.0864010975 0.1077476889 0.0006540863 -0.0006447260 0.1554007828 0.0971948951 -0.1555441916 -0.0026742821 -0.1870290786 -0.0714991242 -0.0742647573 -0.0504662879 -0.0796868056 0.0014744342 -0.0005661824 -0.0384007022 0.1388386339 0.1583367735 0.1545801908 0.1593871117 0.0318860710 0.1670855135 -0.0007781932 -0.0876072049 -0.0000726204 -0.0024030344 0.0200283565 -0.3595374823 -0.0199930556 -0.0214696322 -0.2106505185 -0.3747219443 0.1638393253 0.1015828028 0.0727650225 0.0001774769 0.0015996515 -0.0043291063 -0.1346147954 0.0011159008 -0.0033684000 0.0013686746 0.2387896627 -0.0207994990 0.1743474156 0.0583379082 0.0018486014 -0.3599918783 0.0001322864 -0.0010730526 -0.0480397381 -0.0019412098 0.0790067762 0.0596689470 -0.0203806367 0.0651952550 -0.0015607545 -0.1502114236 0.0364497267 0.2810040414 -0.0004787937 -0.1296305656 0.1505545676 -0.0000588909 0.1866973788 0.0013674904 -0.3130387366 -0.0007484916 -0.0426297188 -0.0686754137 0.0013805530 0.1563287377 0.2417420149 -0.1057580560 0.1443529576 -0.0309852753 0.0671164319 -0.0001349495 -0.2459746897 0.0111786984 0.0306498911 -0.4880009890 -0.0010231190 0.0256438907 0.0004901592 0.0310968738 0.0017171507 -0.2485755831 0.1294487715 0.0130134346 -0.0002735929 -0.0045570033 -0.0479992852 -0.0009802071 0.0549682938 -0.0011455907 -0.0009648065 0.1042215526 -0.0020537379 0.0453501754 -0.0129444245 -0.0553739779 -0.0473318398 0.0025611804 -0.2098422945 0.1266774684 0.0012821299 -0.1167907938 0.0877504423 0.0006413127 -0.0003701603 0.0017917866 -0.0005820071 -0.2804432511 0.1363614947 -0.0032283692 0.0004155022 -0.0003816564 -0.6746500134 0.0010570068 0.0933666974 0.0452183783 0.0939354450 0.0423262119 -0.5263573527 0.1634541452 -0.0002362102 -0.0256400984 0.1124033630 0.0388994217 0.0944500715 0.1355884820 0.0000903156 0.2992183566 0.1004735753 -0.1072842777 -0.0275528468 0.1030750573 0.0011808956 -0.0026888652 -0.0005904473 0.1261081845 0.2389205992 -0.4439158440 -0.0008080695 0.0834125727 0.5783318877 -0.0156427696 -0.0423301458 0.0372186676 0.0297792908 0.0213766843 -0.0016156188 0.0177197196 -0.0107115144 -0.0265975110 0.0543263555 0.0992508754 0.1433432698 -0.0753967762 -0.0508620553 -0.0004071726 -0.1089085340 0.3350715637 0.3065423071 0.1605150402 -0.0005505893 -0.0000971911 0.0311416704 -0.1165821105 -0.0005510818 -0.0619399585 0.0835874826 -0.0007227141 -0.2014533430 0.1051632687 -0.1967322975 -0.1091708466 -0.5353445411 0.0032111641 0.0207996853 0.0008971780 0.1072449684 0.0990885049 0.0009733766 0.1443428546 0.0695819631 0.1448142081 0.0004300244 0.0004194125 0.2408383787 0.1378071457 -0.0001061639 -0.0205934998 0.0633390173 -0.1153369322 0.1175491735 -0.0003652055 -0.0013893995 0.0845023394 -0.1391370744 -0.0606909804 0.1411656737 0.0228785500 -0.0195280872 -0.0003876956 0.0014359757 -0.0011249785 0.0005648190 0.0403819419 0.0221194401 -0.0807854384 -0.0762786493 0.0008512816 -0.1757316291 -0.0004387720 -0.2155378163 -0.0002345654 -0.1829665154 0.0010518890 0.1634207070 0.0258390978 -0.2102594674 -0.0004189891 0.1714503318 0.0984126329 0.0012520037 -0.0662429407 0.1523953378 0.1583219618 -0.0003605197 0.0494097583 0.0000897927 -0.3756048083 -0.1511616558 0.0005967107 -0.4389944375 0.0150164459 -0.0021632593 0.0546534657 -0.0943232700 -0.3203453422 -0.0012471457 0.0000205166 -0.0004200575 0.1183938384 0.0958132595 -0.0030094155 -0.0839241073 0.2956134975 -0.0503548831 -0.0009094685 0.1732108593 0.0717096105
-0.0084925666 -0.0003559907 0.0552044995 0.1242119893 -0.0010248605 -0.0019774267 0.0728285536 0.0175900236 -0.0109281214 -0.0004847373 0.0269249547 -0.0333692245 0.0543561541 -0.0405695997 0.1044363752 -0.0006975043 0.0015993523 0.0259685013 0.0091360016 0.0007716918 0.0281001851 0.0360548608 -0.0176570527 0.0153193586 0.0016596549 0.1504526734 -0.0009147325 -0.0034898901 -0.0993910208 0.0830269605 -0.0278676413 0.0524452552 -0.1145990044 0.1010613963 0.0023290208 0.0792532638 0.1315641254 0.0000475074 0.0005064102 -0.0048292731 0.0584739707 0.0000692115 -0.0013152461 0.0018784142 0.0434342474 0.1085543409 -0.0290280469 -0.0172611661 -0.0000599931 0.0209012385 0.0000537992 0.0002088073 -0.0143692149 -0.0002874395 0.0895423293 -0.0143815605 0.0662662089 -0.0278159864 -0.0027731946 0.2424106151 0.0471919626 0.0234280955 0.0002313330 -0.0325032473 -0.0355042331 0.0004136281 -0.0113377441 -0.0392696820 0.1071307734 0.0001819028 -0.0176155586 -0.0336332507 0.0001632199 0.0136644104 0.0824321434 0.0261753947 -0.0379367173 0.0414511375 0.0307571776 0.0007171325 0.0920815095 -0.0153019177 -0.0396301337 0.1198804528 0.0007018795 0.0163072478 -0.0005249423 0.0426347777 0.0002824799 -0.0666255429 0.0443052016 -0.0049193408 -0.0001407511 -0.0030922394 0.0377038941 -0.0003863396 -0.0041178735 0.0003754003 -0.0001777052 0.0421932116 -0.0010259983 -0.0133705763 0.0991392285 0.0176258702 0.0508912578 -0.0542204529 0.0840850696 0.0006661766 0.0001416953 -0.0261316653 0.0079870913 -0.0009149635 -0.0001713836 0.0003858748 0.0017407387 -0.0603562370 0.0386133045 -0.0003225530 0.0004867426 -0.0020162407 0.0716114789 0.0000182420 0.0049589281 0.1381708086 0.0264507122 0.1293361187 -0.0496784449 -0.1257361770 0.0007194859 -0.0014064497 -0.0425754078 0.0139295459 -0.0350672640 -0.0151775675 -0.0019458346 -0.3109246790 0.0322924182 0.0750129223 0.0110315578 -0.0278438795 0.0005364405 -0.0018843904 -0.0007944055 -0.0363735333 -0.1465018243 0.1183132306 -0.0007940145 0.0446047373 0.0527212359 0.0261881463 0.0228009336 0.1351442188 -0.0020152363 -0.0714164004 -0.0017261353 -0.0056787985 0.1009583473 0.0564879850 0.1283210367 0.0224373229 0.0291718449 -0.0449178927 -0.0078643495 0.0000825167 0.0099844486 -0.1520697922 -0.0424793661 0.0519599393 -0.0008347339 0.0000523496 0.0561852939 0.0415034778 0.0009382656 -0.0067685107 -0.0317755565 -0.0031647941 0.0726569295 -0.0773638636 0.0636951625 0.0348380171 -0.0649734512 -0.0019611113 -0.0168862715 0.0002696783 0.0037088927 -0.0038723969 -0.0003089017 0.0657841861 0.0183198582 -0.0250809249 0.0003995810 -0.0006559316 -0.0369445607 0.0242355298 0.0017591951 0.0130737526 0.0277352389 0.0061352043 -0.0425284691 -0.0006868644 -0.0027015386 -0.0118053360 0.1180520654 0.1039963961 0.1119431108 -0.0360629261 0.0641362295 -0.0001626481 -0.0003834132 -0.0004647914 0.0003576483 -0.0033658470 -0.0254812650 0.0323798805 -0.0102380272 -0.0000920270 0.0827028677 0.0007565842 0.0416277945 0.0017203385 0.0047707767 0.0014388274 0.0358144306 0.0847253278 0.1102985367 0.0002283161 -0.0587572269 -0.0566593781 0.0005104346 -0.0021494543 0.0234379563 -0.0477051027 -0.0007880658 0.0734103769 -0.0007776472 -0.0073177428 0.0414926037 0.0005255982 0.1075867936 0.0788064674 -0.0002637380 -0.0030136341 0.0727936476 0.2736474276 0.0003650645 0.0005280346 -0.0010876739 0.0008519573 -0.0215815846 -0.0027149369 0.0108821439 -0.0549721792 0.0024108603 0.0005242101 -0.0336129591 -0.0020727923
-0.0004193554 0.0010901192 -0.0009291810 -0.0015948132 0.0009491612 0.0008865770 -0.0002011456 -0.0012584246 -0.0002043466 0.0010124899 -0.0001811387 -0.0011431462 -0.0001583803 0.0008519020 0.0010439785 0.0005658544 -0.0000146232 -0.0012036769 0.0004467896 -0.0007361837 -0.0004460735 -0.0004061344 -0.0014290925 0.0001848610 0.0009894373 -0.0012693063 -0.0003282894 0.0008122550 0.0011999116 -0.0016116418 -0.0013377189 -0.0012169826 -0.0004796058 0.0003286035 -0.0001653418 0.0002553679 -0.0013383549 -0.0006383330 0.0003617846 -0.0013249409 0.0012113594 -0.0013038320 0.0007062537 0.0008331307 0.0011115607 -0.0012171792 0.0010319608 -0.0011779772 -0.0007870669 0.0006438924 0.0011893007 -0.0008408973 -0.0015653614 0.0012872578 -0.0014886326 -0.0009726476 -0.0009074162 0.0008430192 0.0003571165 0.0002701044 -0.0015212591 -0.0014188681 0.0005445712 0.0012027688 -0.0012817711 -0.0012817505 0.0003134964 0.0012091814 -0.0017522149 0.0006308741 0.0008950236 0.0006100680 0.0007038167 -0.0004439818 -0.0017311218 0.0007279804 0.0001867006 0.0009868806 -0.0004280870 0.0009645481 0.0005264335 0.0001304834 0.0010953526 -0.0011549897 -0.0010780190 -0.0004627556 -0.0013624876 -0.0002864684 0.0007881058 -0.0009209608 0.0009045043 0.0000918156 0.0005077149 0.0011246569 -0.0018088863 -0.0014521161 -0.0006364903 0.0009953284 0.0004064954 -0.0012139309 -0.0013364855 -0.0009120472 0.0007464904 0.0001745785 -0.0013091265 0.0001041052 0.0005453301 -0.0012354193 -0.0009192633 -0.0015594735 0.0004750635 -0.0017121143 -0.0003313588 -0.0013580611 0.0011898853 -0.0006841133 0.0006468320 -0.0007115760 0.0003359700 -0.0005682152 -0.0015400586 0.0005463050 -0.0008862729 0.0012182235 -0.0004377072 -0.0008645955 -0.0003961173 -0.0012574719 -0.0015795891 -0.0007306723 -0.0003157250 -0.0011201868 -0.0002020607 0.0006068459 -0.0011133032 0.0000876481 0.0002355878 -0.0015133511 0.0007694509 -0.0008715243 0.0010728785 -0.0003368813 -0.0017253883 -0.0005123364 -0.0009335462 0.0007471111 -0.0002474886 -0.0004664290 0.0009472876 -0.0014790779 -0.0007699116 0.0004217337 -0.0014436764 0.0004473451 -0.0001931427 0.0003830958 -0.0009157723 -0.0013097345 0.0007492788 -0.0013152461 -0.0011825061 0.0010830308 0.0007572137 -0.0012068318 -0.0009811867 0.0000794619 0.0002345494 0.0004100042 0.0011390287 -0.0000690153 -0.0011447268 -0.0010924960 0.0008370377 0.0001543916 0.0008972512 -0.0013850158 0.0006874866 -0.0008697875 -0.0009531953 -0.0001453623 0.0007619620 -0.0014557977 -0.0007478008 0.0008219689 -0.0011764088 -0.0005647286 0.0005456677 -0.0009695856 -0.0002139866 -0.0016835636 -0.0017243159 -0.0003959769 -0.0014954748 0.0006673544 -0.0001163953 0.0008330533 -0.0012826117 0.0000129026 -0.0008691061 0.0005957575 -0.0012767311 -0.0013313101 0.0007869024 -0.0004580440 -0.0001779537 0.0002048689 0.0001465432 -0.0010741898 -0.0015446706 -0.0000007222 -0.0001169689 -0.0018076756 -0.0014157160 -0.0009925779 -0.0006697413 -0.0007678800 0.0001074404 0.0004540941 -0.0016219420 -0.0000343161 -0.0015816451 -0.0001562139 0.0007998719 -0.0003469224 -0.0010903196 -0.0001701249 -0.0002185026 0.0008172795 -0.0007474119 0.0003638475 0.0002880585 0.0003480276 -0.0006830936 -0.0000589784 0.0002823848 0.0003871251 -0.0005143196 0.0004869439 -0.0003036004 0.0000508439 -0.0014485697 0.0000457458 -0.0017921138 0.0004724866 0.0003664430 0.0006997085 0.0004743228 0.0007883131 -0.0008507614 -0.0008854715 -0.0015926918 0.0005226603 0.0003490687 0.0003241753 -0.0006449568 0.0001331490
-0.0019074103 -0.0007633895 -0.0013595594 -0.0014217986 -0.0003696776 0.0000595306 0.0004902538 -0.0026933416 -0.0023275232 0.0003464825 -0.0008908967 -0.0017755470 -0.0024399434 -0.0024543449 0.0010350959 -0.0010113817 -0.0004401777 -0.0007181113 -0.0018036951 -0.0019204698 -0.0004798662 -0.0028563733 0.0000578639 -0.0006423939 0.0010647465 -0.0017805536 0.0011823507 0.0002525657 -0.0016695771 -0.0019661896 -0.0020928415 -0.0009055017 -0.0000373645 -0.0012361659 -0.0003522385 -0.0011783754 -0.0016045904 -0.0003898130 -0.0014113174 -0.0004243651 -0.0023616001 0.0005175848 0.0006782100 -0.0000178116 -0.0026109095 0.0001660405 -0.0012947726 -0.0024415264 -0.0006901665 -0.0012190019 -0.0004595405 0.0012274219 0.0005133133 -0.0013925920 -0.0010429941 -0.0023190922 -0.0025013394 -0.0010810986 0.0003388147 -0.0007593539 -0.0024837437 -0.0024982952 0.0006267018 -0.0008044437 -0.0000255928 0.0001816025 -0.0019369646 -0.0000772908 -0.0024004506 0.0011574627 -0.0002023089 -0.0003898338 -0.0014426736 -0.0017799926 -0.0018483370 -0.0008144616 -0.0020384514 -0.0026341798 -0.0016616809 0.0003772842 -0.0023586806 -0.0002343279 -0.0005995741 -0.0023200563 0.0009081360 -0.0012151760 -0.0006148072 -0.0009163113 0.0003223479 -0.0004528392 -0.0018886119 -0.0020487229 0.0012474880 -0.0007514204 -0.0012701839 0.0011301256 -0.0001815977 0.0004887705 0.0001820819 -0.0022711612 -0.0014702992 -0.0023701983 -0.0018609234 -0.0026907476 -0.0023233551 -0.0015383622 -0.0019007643 -0.0002421175 0.0014392749 -0.0020310453 -0.0021170594 -0.0006942338 0.0009838621 0.0005070607 -0.0008135958 -0.0007104820 -0.0000760491 -0.0003462307 -0.0014573120 -0.0006867546 -0.0000948701 -0.0006074086 -0.0018207552 -0.0020879754 -0.0015021602 -0.0020235192 -0.0021853291 -0.0023124865 0.0007360886 -0.0002698401 -0.0024305198 -0.0009821430 0.0002791611 -0.0004069118 -0.0002803332 -0.0023422502 -0.0002262836 -0.0015623893 -0.0022177626 -0.0015401262 0.0006201615 0.0004689323 -0.0000426125 0.0001515502 -0.0017884877 -0.0013455749 0.0012404133 -0.0011742454 -0.0007639626 -0.0010094912 -0.0002903706 -0.0028339890 0.0003699858 -0.0025707914 0.0003183934 -0.0015008987 0.0000591912 -0.0019698192 -0.0014872804 0.0003536597 -0.0018871140 -0.0026562179 -0.0020967913 -0.0013598319 -0.0009907872 -0.0017330390 -0.0006097440 -0.0026180011 0.0010053559 0.0009210363 -0.0004548040 -0.0002441213 0.0009464064 -0.0001880822 -0.0002181443 -0.0007673133 -0.0012246236 -0.0003929072 -0.0008412428 -0.0015276463 -0.0006530340 -0.0006229688 -0.0025808611 -0.0014776547 -0.0011959452 -0.0012838453 0.0004165973 -0.0008469456 -0.0027204598 0.0000246746 -0.0014276179 -0.0001398960 -0.0011625148 -0.0004056204 0.0001099714 0.0004033258 -0.0021476904 -0.0021494008 -0.0017236802 -0.0011670272 -0.0000219926 -0.0007646984 -0.0003517535 -0.0029384720 -0.0003482567 0.0000237633 -0.0014116734 0.0008412001 0.0005478963 0.0008957240 0.0007552468 -0.0022331637 -0.0006077372 -0.0000996419 -0.0019982101 -0.0009537439 -0.0015748122 0.0003430029 -0.0004082855 -0.0014936716 -0.0013568234 -0.0012995000 -0.0011137672 -0.0022655297 -0.0006942590 0.0005595204 0.0004584645 -0.0020960977 -0.0005292584 -0.0026359009 -0.0014166019 -0.0017900310 -0.0014006834 -0.0003802905 -0.0006102696 -0.0021358551 -0.0012616479 0.0001082239 -0.0009720704 0.0005627348 0.0001812546 -0.0023196472 -0.0026516779 0.0000753936 -0.0004099041 -0.0008684159 -0.0001355745 -0.0000039532 0.0000620944 0.0005372909 -0.0013436570 -0.0001186192 -0.0004382101 -0.0002219367 -0.0013453908 -0.0011113220
0.0060303495 -0.0000162195 -0.0064648828 -0.0086856345 -0.0009232124 0.0009991961 0.0067024021 -0.0093014305 -0.0004831708 -0.0014126967 -0.0092818802 0.0066502439 -0.0080707902 -0.0078377528 -0.0063493741 -0.0014755059 0.0002586172 -0.0063728909 -0.0084837899 -0.0079605663 -0.0089427074 -0.0074100480 -0.0071727806 0.0070967665 -0.0016562812 -0.0090780444 -0.0016262810 0.0010987709 -0.0009711385 -0.0090177637 -0.0073250891 0.0007557537 -0.0082321400 -0.0074220328 -0.0090930285 -0.0016354055 -0.0089145722 0.0004647849 -0.0008664147 -0.0004768835 -0.0065475916 -0.0003283150 -0.0009442889 0.0002330224 -0.0071338229 -0.0086877849 -0.0089711444 -0.0064312732 0.0007481087 0.0075078304 0.0000719506 0.0008403575 -0.0082490435 -0.0010066273 -0.0072647873 -0.0081850672 0.0068047219 -0.0084027443 0.0000647166 -0.0088076750 0.0083578788 -0.0073974216 -0.0006881719 -0.0079221278 -0.0064124675 0.0001485945 -0.0088247517 -0.0075321356 -0.0077373027 0.0001478829 -0.0085435845 -0.0077103539 0.0006471239 -0.0080873966 -0.0089305518 -0.0086359512 -0.0072016926 -0.0012535270 -0.0075018140 0.0003606646 -0.0070904642 -0.0086967712 -0.0069645722 -0.0062303361 -0.0011237171 -0.0086514698 -0.0012914510 0.0033825042 -0.0008275642 -0.0068825614 -0.0065231784 -0.0090831434 0.0008997011 0.0004040176 0.0079924641 0.0006089503 -0.0071045472 0.0002818515 0.0009131912 -0.0065908171 0.0003101314 -0.0071786204 -0.0069108019 -0.0092549371 -0.0081660543 0.0087736715 -0.0088977031 -0.0090630669 -0.0011172135 0.0060204240 -0.0063511073 0.0009335007 0.0010155673 -0.0009854741 -0.0006373859 -0.0082869371 -0.0080250632 0.0002488538 -0.0004175765 -0.0006433677 -0.0093315039 -0.0003338365 -0.0077959592 -0.0066467812 0.0086111473 -0.0069822092 0.0007737557 -0.0083080605 0.0009049460 -0.0076175602 -0.0075861369 -0.0083895260 -0.0066278391 -0.0080121057 -0.0000941437 -0.0084399525 0.0054260087 -0.0069426857 -0.0023508440 -0.0088110557 -0.0014238949 -0.0000255197 0.0011404301 -0.0068709250 -0.0060182926 -0.0066896123 0.0009110077 -0.0089333476 0.0000415583 -0.0071949512 -0.0091393162 -0.0064569274 0.0040201372 -0.0065629221 0.0010577957 -0.0081546446 -0.0072640409 0.0057880036 -0.0090264771 -0.0092093591 0.0082404315 -0.0089590633 0.0060872850 -0.0014470827 -0.0077793584 -0.0070982589 -0.0070454553 -0.0077741886 -0.0009047034 -0.0004162468 -0.0069865505 -0.0079545658 -0.0013838384 -0.0074403044 0.0080276728 0.0008257515 -0.0088201305 -0.0071014874 -0.0079577919 -0.0065700952 -0.0020430388 0.0003618034 -0.0075820205 0.0000480155 -0.0086036501 -0.0084352409 0.0009936430 -0.0087412810 -0.0083546303 -0.0071733776 -0.0010983981 -0.0016753962 -0.0082275104 0.0081793275 0.0003933487 -0.0004039634 -0.0086414032 -0.0071404190 -0.0078779021 0.0005790527 -0.0014921220 -0.0077003543 -0.0084119309 -0.0084795747 -0.0084554907 -0.0073882733 -0.0063555478 -0.0004771413 0.0002223254 -0.0012393997 -0.0012294551 -0.0067005754 -0.0069824695 -0.0068142465 -0.0083496971 -0.0004752823 -0.0078721279 -0.0017644975 0.0057710595 0.0003566801 -0.0067011514 0.0010365973 -0.0082037030 -0.0076199113 -0.0068141692 -0.0002158879 -0.0064075338 -0.0084461477 0.0004841666 -0.0079783909 -0.0069507547 -0.0083425539 0.0000875827 -0.0092407707 0.0000632640 -0.0078052683 -0.0080307256 -0.0007538158 -0.0070153954 -0.0069262413 0.0008572466 -0.0082377158 -0.0071768947 0.0052696676 -0.0014251145 -0.0004853473 0.0011998687 -0.0062115151 -0.0063985777 0.0002352536 -0.0091301715 -0.0085450960 -0.0086663691 -0.0005427719 -0.0085159512 0.0083391061
-0.0010097160 -0.0017654363 -0.0010664763 -0.0020606369 0.0010220885 0.0006736025 0.0008200020 0.0003151308 -0.0009115704 0.0002805408 -0.0010643647 -0.0012518740 0.0001353306 -0.0001901500 -0.0002630816 0.0012101618 -0.0000230744 -0.0006709822 -0.0010492157 -0.0007404151 0.0002653699 -0.0012401151 -0.0012443581 -0.0006763476 0.0003433229 -0.0013816669 0.0008331910 -0.0004912842 -0.0003324752 -0.0007300604 -0.0015236371 -0.0002018978 0.0009788987 0.0008081509 -0.0001179693 -0.0017455684 -0.0017862669 -0.0013340550 0.0003837825 -0.0000263978 0.0000382668 -0.0002217282 -0.0002866874 0.0000606233 -0.0010216696 -0.0010160177 0.0010396895 -0.0016323961 0.0000876011 -0.0005672267 0.0010104493 -0.0006870613 -0.0015120357 -0.0003927999 -0.0001621766 -0.0009365830 0.0011664171 -0.0007257112 -0.0015244443 -0.0014849198 -0.0001171043 0.0001224007 -0.0008775044 0.0004114383 -0.0001420181 -0.0004205105 -0.0016331623 0.0004755749 -0.0004296908 0.0005076377 -0.0002322282 -0.0007293862 -0.0001223133 -0.0009545052 0.0011016647 0.0001896146 -0.0007224475 0.0001113430 -0.0005402576 -0.0013893739 0.0008553052 -0.0002022229 0.0003060683 -0.0010948570 0.0012288342 -0.0007366712 -0.0000489742 -0.0014864216 0.0000629947 0.0008998927 0.0000460110 -0.0017140852 -0.0001379562 -0.0017215523 -0.0007983834 -0.0014927562 -0.0010532043 -0.0004953963 -0.0008092005 -0.0018070351 0.0008853585 0.0001983472 -0.0025263578 -0.0007075067 -0.0024967962 -0.0012966832 -0.0024766189 0.0004628747 -0.0004137330 0.0008437473 -0.0018072388 -0.0014641657 0.0002382799 -0.0001284571 0.0002492406 -0.0005953050 -0.0012827413 -0.0007204197 -0.0012701635 0.0003341452 -0.0002549508 -0.0008054018 -0.0007880706 -0.0019085431 -0.0002310530 -0.0016232611 -0.0017875988 -0.0008463761 0.0000623318 -0.0007387768 0.0002803877 -0.0012262015 -0.0001187389 -0.0005653931 0.0002388594 -0.0009122259 -0.0011875228 -0.0005811962 -0.0015017076 -0.0019676937 0.0012007488 0.0014011884 -0.0016285185 0.0008898868 -0.0015552988 0.0011926937 0.0011370749 -0.0013081069 0.0010449904 -0.0003575367 -0.0006428941 -0.0025751032 0.0007499658 -0.0011308728 -0.0004640758 -0.0013501225 -0.0001503859 -0.0014550198 -0.0003127122 0.0009054129 -0.0006215898 -0.0006646877 -0.0006735370 0.0001994184 -0.0001498242 -0.0022453824 0.0003365082 -0.0032946218 -0.0003703783 0.0012850073 -0.0015555024 -0.0015465494 0.0009898612 -0.0019057825 -0.0009878112 -0.0006258315 -0.0033080787 0.0011534018 0.0002787054 0.0008798169 -0.0014586576 0.0000085194 -0.0008913644 0.0004617940 -0.0001502765 0.0001519653 -0.0008026524 -0.0013050580 -0.0004518717 -0.0015129151 0.0002453317 -0.0016560204 -0.0003726062 -0.0009621053 0.0002850676 0.0010927613 0.0009382430 -0.0014775554 0.0005006071 0.0010181122 -0.0008623931 0.0004611328 -0.0012890412 -0.0017560583 -0.0013580506 0.0004015424 -0.0023940245 -0.0015781708 0.0011769695 -0.0014101750 0.0007983741 -0.0006407902 -0.0024913666 -0.0001669840 0.0006785151 -0.0002241061 -0.0009172627 -0.0005591121 -0.0018219280 -0.0017294714 0.0003896490 0.0010303662 -0.0011236076 -0.0002194414 -0.0006591330 -0.0012103481 -0.0000704625 -0.0014091411 -0.0002933508 0.0011916957 -0.0005302830 -0.0017038537 0.0000942414 -0.0018806502 0.0010725691 -0.0002643640 0.0007674200 -0.0010744144 -0.0003445330 -0.0018534347 -0.0017734825 -0.0007682508 -0.0007495394 0.0010016266 0.0010592882 0.0002945760 0.0003184403 0.0000474414 -0.0022713121 0.0009505138 0.0004463989 -0.0003164269 -0.0002040252 -0.0012198037 -0.0011743319 0.0005652111
-0.0031149101 0.0005117758 -0.0015583117 -0.0037736031 -0.0008192541 0.0014466736 0.0006574181 -0.0023505001 0.0010690452 -0.0011294921 -0.0016833213 -0.0010004052 -0.0000494930 -0.0030559122 0.0010037429 -0.0003925712 0.0004458702 0.0007341693 -0.0019688127 -0.0018089635 -0.0016316635 -0.0005878102 -0.0023830521 -0.0015323537 -0.0000220034 -0.0029770220 -0.0006611436 -0.0014353067 -0.0020780417 0.0000650614 -0.0027878128 0.0008326047 -0.0015643090 -0.0019856149 -0.0013857833 -0.0005101517 -0.0029996582 0.0004753484 0.0013923888 0.0012661647 -0.0021948435 -0.0010450156 0.0013801837 0.0015090407 -0.0031443420 -0.0014619044 0.0004365768 -0.0013540081 0.0009699958 -0.0032106843 0.0007299152 0.0012332214 -0.0035174168 -0.0012993226 -0.0008640314 -0.0019842798 0.0003086413 -0.0020641659 -0.0006140686 -0.0011132542 -0.0002492477 0.0000836911 0.0000569440 -0.0000669895 -0.0020201576 -0.0003214033 -0.0038751978 0.0008439647 -0.0014439784 -0.0008131202 -0.0033747824 -0.0017681862 0.0000159911 -0.0003605559 -0.0020015659 -0.0024687368 0.0002619332 -0.0042926734 0.0006115887 0.0009192378 -0.0007804928 0.0006408856 -0.0011867866 -0.0010909768 0.0007183451 0.0003511887 0.0012366999 0.0008324935 0.0008324290 -0.0009012709 -0.0004039579 0.0010734546 -0.0011399944 -0.0009939562 -0.0014504381 -0.0000803877 -0.0024328530 -0.0005843785 -0.0015855260 -0.0024792056 0.0000018964 0.0012360888 -0.0014618910 0.0003004775 -0.0012440048 -0.0006697917 -0.0011588940 -0.0038951142 0.0000187212 -0.0008237914 0.0011037160 0.0014520182 -0.0010742447 0.0000471392 0.0004045106 -0.0020410391 -0.0022511298 -0.0010821410 -0.0010208692 0.0004501292 -0.0026107747 0.0004132862 0.0010416666 -0.0020960036 -0.0007028838 -0.0017718489 -0.0019940655 -0.0015919555 -0.0012066172 -0.0029414494 0.0010894998 -0.0021225153 -0.0030900950 -0.0017250041 0.0011726904 -0.0037994112 -0.0018308464 -0.0012476647 -0.0023541288 -0.0014071427 0.0004733062 0.0010680851 0.0014941152 -0.0032606046 -0.0029959932 -0.0022639192 0.0001446908 -0.0014548631 -0.0023228852 -0.0004983171 -0.0011051915 -0.0021801714 -0.0016333936 -0.0029895694 -0.0005609306 -0.0015156091 -0.0023554557 0.0008782903 -0.0015449411 -0.0003705139 -0.0022406208 -0.0016056675 -0.0020296192 0.0009724331 -0.0004842316 -0.0025670347 -0.0018380872 -0.0006649235 -0.0003812718 0.0000960879 -0.0016048524 0.0003526914 0.0005454601 -0.0026244193 -0.0010609726 0.0001633691 -0.0005401003 -0.0019678667 -0.0036232618 -0.0010996482 -0.0024312360 -0.0013587271 -0.0007378033 0.0006257589 0.0001778920 -0.0014157484 -0.0012129484 -0.0022154583 -0.0014980028 0.0005119159 -0.0009475116 -0.0012710167 -0.0015512545 -0.0024115231 0.0008339714 0.0004094440 -0.0011738287 -0.0024336209 -0.0021941529 -0.0007221411 0.0007274243 -0.0027339638 -0.0013139589 -0.0018234146 -0.0032821815 -0.0003276448 -0.0000278766 -0.0014390642 -0.0004176874 -0.0000713921 -0.0009402567 -0.0012980739 0.0003647352 0.0003148813 -0.0035321407 -0.0013784550 -0.0003822502 0.0003825576 -0.0007346113 -0.0002329810 0.0001805406 0.0004778462 -0.0001806473 -0.0034497152 -0.0009254696 0.0011240082 0.0012572282 -0.0027754118 -0.0001013586 -0.0030601181 -0.0006044279 -0.0031967205 0.0014818916 -0.0006867184 -0.0000740181 -0.0028107581 -0.0023524370 0.0012973489 0.0004851459 -0.0033885231 -0.0007586588 -0.0029075341 -0.0016835808 -0.0016110216 0.0003571006 0.0008327087 -0.0010608314 -0.0027593172 -0.0030073787 -0.0007483475 -0.0014392594 -0.0029736876 -0.0042957896 0.0012259054 -0.0008970716 -0.0017622876
-0.0218866132 -0.0006866183 -0.0302568097 -0.0351534523 -0.0004297423 -0.0008215067 -0.1735650599 0.0127047291 -0.2219257951 -0.0028020006 -0.0497962981 0.0870572031 0.0486770049 0.0156899020 0.1073778942 0.0010012608 0.0015627539 -0.0949051157 -0.1819241196 -0.0138685321 0.0968018398 -0.0491862409 -0.0541505404 0.0082528945 0.0005870368 0.1269495636 -0.0000714875 -0.0038189916 -0.1585726291 -0.0061877598 -0.0303905997 -0.0065299533 0.2975195944 0.1690580249 0.0278523322 -0.0677688494 0.1198726669 -0.0010272175 -0.0008435556 -0.0021991904 0.0345447734 0.0003626099 -0.0014220722 -0.0000637662 -0.0145935370 0.0850876421 -0.1023133546 -0.0227408782 0.0027420106 -0.2775593996 -0.0008087249 0.0020617349 0.0744047910 0.0007018085 0.1283403486 0.0428070948 -0.2547704279 -0.0247807782 -0.0028680752 0.0132641615 -0.1936191022 0.0650196299 0.0003317039 0.1278702617 0.4738487601 -0.0005000036 -0.0925446153 0.0377450250 0.1066577286 -0.0001552017 0.0416542478 0.0819753408 -0.0007320935 -0.1183673590 0.1041514724 0.1123975217 -0.1328621209 0.0931801423 -0.0534117967 -0.0010541651 -0.1294721216 -0.0251196101 0.0187169183 0.1120891869 -0.0000675808 0.3046853244 0.0000406521 -0.2713283300 0.0013121550 -0.0102952067 -0.2171623558 -0.0248991922 0.0013283726 -0.0027634334 0.0911819115 -0.0005134787 -0.3215421438 -0.0007725344 0.0015694789 -0.1419505924 -0.0023452996 -0.3714844584 0.0533678830 -0.1184892654 -0.0439234041 -0.3885414302 0.0163601246 -0.1082869545 0.0000474423 -0.1501536220 0.0207930300 -0.0012733011 0.0005343429 -0.0003042193 -0.0003072892 -0.2817436457 -0.0741096288 -0.0020971322 -0.0013215524 -0.0011122893 0.0863745138 -0.0006561552 0.0964508802 0.1250779480 0.0753064603 0.1234454364 0.2311353832 0.1838883162 -0.0000948349 0.1158457398 -0.0302248467 0.0401527695 0.0004085953 0.0239561591 -0.0022052976 -0.0729232281 -0.0691871494 -0.0931259096 0.0701424703 0.1145842820 -0.0009319961 -0.0019021882 0.0011386465 -0.0617533997 -0.1176076904 0.1155488342 0.0010742943 0.0709171146 0.1138736829 0.0671586841 0.1084772423 0.1191566959 -0.0419187993 -0.3340501189 0.0002363229 -0.0115141599 0.0910458490 0.0137873376 0.1583900154 -0.0234090872 -0.0092227124 -0.1699056625 -0.0623992607 -0.0005406425 0.0403358936 -0.3249305189 0.0459041893 0.0416461229 -0.0022732136 -0.0009473903 0.0854250342 0.0572693944 -0.0004041948 0.0116032176 -0.1160918474 -0.0013429594 -0.0642529652 -0.1021193191 0.0639940649 0.0577306934 0.0933479965 -0.0009535691 0.0321026929 0.0008994333 0.0404673591 0.0368792824 -0.0005193666 0.1235573068 0.0256447662 -0.0673291385 0.0003091535 -0.0004194619 0.0209648386 -0.0929759443 0.0010822398 -0.0040499284 0.0637722611 0.0506406911 -0.2480439544 -0.0005041401 -0.0013423403 -0.0948366597 0.1481570452 -0.1986293942 -0.0197686199 0.0235907082 0.0392204896 0.0008067873 -0.0004641288 0.0006704935 0.0008951962 -0.2203706205 -0.0543056838 -0.1376575679 -0.4760576189 0.0010458987 -0.0925300568 0.0016520985 -0.0937661603 0.0014037309 -0.0020613929 -0.0000932050 0.0236088187 0.0992629752 -0.0051566185 -0.0010226149 -0.0146305030 0.0244609509 0.0019096599 -0.0528312065 -0.0501362495 -0.0024987808 -0.0011324972 -0.0631638244 0.0007519737 -0.0940602869 0.1862062961 -0.0006299691 0.0083651664 -0.0167497341 -0.0014666921 0.0698090941 0.0920588672 -0.3030305207 0.0012207389 0.0003394897 0.0016668416 -0.1731570959 -0.1916711777 -0.0013833619 0.0185949728 0.0476297438 0.0823886767 0.0001063991 -0.0421328768 0.0442586504
-0.0365799069 0.0005567008 -0.0460304730 -0.0307792034 -0.0014748588 -0.0011857690 -0.0313779190 -0.0328809135 -0.0354769155 -0.0001628782 -0.0395877175 -0.0368877314 -0.0445809849 -0.0258148778 -0.0408925749 -0.0014090483 0.0007003703 -0.0404785536 -0.0362368859 -0.0235166643 -0.0182519704 -0.0423186421 -0.0441927314 -0.0467342101 0.0005782843 -0.0355717577 -0.0007118548 0.0006199707 -0.0251119956 -0.0425819047 -0.0302165970 -0.0012974768 -0.0203401819 -0.0396952964 -0.0421975143 -0.0405853093 -0.0353579037 0.0007381423 0.0012469422 0.0002964996 -0.0231623892 0.0013429023 -0.0002389006 -0.0002259532 -0.0211240910 -0.0457390025 -0.0392562933 -0.0312931649 -0.0006041328 -0.0190516300 0.0008286103 0.0008065213 -0.0217213836 0.0001929854 -0.0472464748 -0.0136350384 -0.0239447709 -0.0453814864 -0.0014294304 -0.0185811426 -0.0387975723 -0.0405439138 -0.0009852961 -0.0458832830 -0.0202144310 -0.0013888709 -0.0219624210 -0.0273128338 -0.0417403914 -0.0001733638 -0.0260999240 -0.0313811488 -0.0001375016 -0.0302219726 -0.0466680676 -0.0414494760 -0.0180102568 -0.0113222729 -0.0416137502 0.0011328009 -0.0319099426 -0.0501183122 -0.0283596292 -0.0407566391 -0.0004576672 -0.0433851369 -0.0002602937 -0.0387015194 0.0008957749 -0.0417874791 -0.0107917897 -0.0120845940 0.0012849272 -0.0004985320 -0.0148038492 -0.0000780725 -0.0202942099 0.0014384658 -0.0014426775 -0.0468802713 -0.0008230601 -0.0319546871 -0.0408349112 -0.0486458875 -0.0378541648 -0.0174381025 -0.0374025553 -0.0215024799 0.0014069090 -0.0255545918 -0.0402232036 -0.0007112221 0.0012750390 0.0003537151 0.0007532277 -0.0426824801 -0.0332836360 -0.0013598686 -0.0013891772 -0.0011107489 -0.0262966603 -0.0010914508 -0.0429163091 -0.0339487493 -0.0395369530 -0.0349095799 -0.0109387748 -0.0154148871 -0.0008387202 -0.0189191364 -0.0374734811 -0.0339271501 -0.0392184965 -0.0412857980 -0.0006981806 -0.0189066622 -0.0171420015 -0.0422864184 -0.0129952468 -0.0198243074 -0.0005461438 0.0014567199 0.0012819914 -0.0233891159 -0.0242965408 -0.0395038761 -0.0010229985 -0.0445423424 -0.0335873142 -0.0317451134 -0.0421885811 -0.0359487645 -0.0158280917 -0.0357255228 -0.0000208907 -0.0369482823 -0.0357998870 -0.0317012370 -0.0401556827 -0.0389971174 -0.0251909774 -0.0368202776 -0.0324580222 -0.0010079547 -0.0253354069 -0.0194282569 -0.0161957890 -0.0397860855 -0.0015166843 0.0001204113 -0.0418171398 -0.0469959825 0.0008753259 -0.0422289260 -0.0255440176 -0.0003439620 -0.0394612998 -0.0437310748 -0.0319033042 -0.0467696786 -0.0371628553 -0.0007908071 -0.0352592282 -0.0008245080 -0.0436579548 -0.0331669413 -0.0009804326 -0.0173509903 -0.0444587134 -0.0343905762 0.0004627868 0.0009476588 -0.0246207453 -0.0279122833 -0.0000604063 0.0012369053 -0.0368270390 -0.0476486646 -0.0382040851 -0.0007150681 -0.0013675957 -0.0364081524 -0.0418131724 -0.0185221601 -0.0438809656 -0.0270299818 -0.0396798998 -0.0006007234 0.0010149683 -0.0009992957 -0.0010197717 -0.0206813328 -0.0482769273 -0.0446352586 -0.0271205399 0.0000924382 -0.0362506136 -0.0000036320 -0.0390453897 -0.0015007954 -0.0405594073 0.0005817689 -0.0415687226 -0.0426141471 -0.0284255669 -0.0014546128 -0.0377234258 -0.0213262346 -0.0002209495 -0.0325213373 -0.0286685284 -0.0321150087 -0.0002458348 -0.0447232611 0.0008820491 -0.0364170074 -0.0203645322 0.0000028188 -0.0513442829 -0.0358555913 -0.0002686821 -0.0199856050 -0.0447440259 -0.0150607387 -0.0009302184 0.0005548176 -0.0003658511 -0.0379988439 -0.0347631164 0.0008969228 -0.0490472429 -0.0377983041 -0.0246531554 -0.0011511290 -0.0349372588 0.0042856322
-0.1052684560 0.0019616182 -0.7264823914 0.1333091408 -0.0015145392 0.0021570313 0.0082278941 0.0686507225 0.2158199400 0.0030605830 -0.7579985857 0.1120433807 0.0968966559 -0.0546543375 -0.2032168061 -0.0001324869 0.0042484659 0.0038470172 -0.3559289575 0.0977775976 0.0833414569 -0.2771866620 0.0055912868 -0.0363284796 -0.0012631231 0.1155867204 0.0012074405 0.0024411038 -0.0205930695 0.0516870506 -0.0186013132 -0.0433046669 -0.0104225222 -3.4843785763 0.1414356679 -2.0313680172 0.1162370443 -0.0011414993 0.0001953297 0.0025315010 -0.3190340102 0.0008542333 0.0021643839 0.0001317565 0.3433826268 -0.4968954623 -0.2294612825 -0.0047915494 0.0003281058 0.3784856200 0.0022307415 -0.0001026383 0.1827980578 0.0015433347 -0.1481773704 0.0461684950 -0.0285673235 0.1398022771 -0.0013745845 -0.4432338476 -0.5242304206 -0.0389967859 0.0002999986 0.1763966382 -0.0173768476 0.0003066195 0.0169850551 0.0794150233 -0.7159516811 0.0014287399 0.0403509922 -0.0251054820 -0.0014490201 0.0825886577 -0.2937148511 -0.0728661940 -0.0464979075 -0.0306508616 -0.1784126312 0.0011929885 -0.4591959715 -0.1024005339 -0.0396114029 -0.4710174203 0.0002838242 0.4555671513 -0.0004212468 -0.1367249787 -0.0009205964 0.0733719543 -0.1510203630 0.0940160304 -0.0001916590 -0.0051188441 -0.1001064628 -0.0015111696 0.0761673376 -0.0016868428 0.0000920700 -0.1980569214 0.0031407790 0.1106518283 0.1696816981 -0.0222632345 0.2163671702 0.1156427860 0.0606744252 0.0702033639 0.0004651625 -0.1571143568 0.0211104527 -0.0009181196 -0.0012066042 0.0011851013 -0.0000104890 -1.3108816147 -0.2401058674 -0.0032636877 0.0009589755 0.0029814786 -0.3558710814 0.0004581413 0.1822621971 0.1085907444 -0.0470671430 0.1085961238 -0.0685394704 0.3238682151 -0.0006360883 0.0115175303 0.0956646353 0.0020731604 0.0823135003 0.0716910213 -0.0008681454 0.0409229062 -0.2577108741 -0.0676795393 -0.0718780383 -0.0505990572 -0.0009053380 0.0013635528 0.0014685751 0.0611610375 0.0581705347 -0.8707919717 0.0002398025 0.0111404965 -0.3534764946 0.1046097353 -0.2814855576 0.1191941202 0.0576397628 0.1230589524 0.0020653750 0.0674609095 0.1299725771 -0.1118914112 -0.4629271030 -0.0035089634 -0.2500766814 -0.5239385366 0.0357011631 0.0003514714 -0.0909157395 0.1021577641 0.1249382272 0.1360492408 -0.0000196109 0.0008381145 -0.0824881420 0.1298075914 -0.0006429658 -0.0096761687 -0.1626619101 -0.0032741234 -0.2112689912 0.3172028065 -0.4583181143 0.1988499016 -0.4128925502 0.0019793715 -0.1017554551 0.0009883197 0.0712065622 -0.0756750256 -0.0012270410 0.1809976548 -0.2188856900 0.0893757045 0.0004772796 0.0000316152 -0.0777246505 0.2387433052 -0.0018842920 -0.0211461075 -1.1923935413 -0.0391002558 -0.0743686780 0.0006249688 -0.0031754065 0.2004538029 -1.1459072828 0.0592229813 0.0298350044 0.0587925762 -0.5614463687 -0.0004412048 -0.0012546240 0.0012038919 0.0018074067 -0.1298717707 0.0031364374 0.0058910041 -0.0078575090 -0.0001492742 -0.5293168426 -0.0010832465 -2.1942954063 -0.0013543636 -0.0730723143 -0.0004742176 0.0524197631 0.3123715222 -0.1839048862 0.0013859414 -0.0312752016 0.1837684661 -0.0003378338 0.2191751003 -0.0555727482 -0.0050596143 0.0012507386 -0.3313109577 0.0002804414 -0.2097338438 -0.0553945415 -0.0010488285 -0.4252683818 0.0663025230 -0.0031269242 -0.0603303164 1.1117522717 -0.8062871099 -0.0023844414 -0.0012187464 -0.0001727310 0.0043128054 -0.2740943730 -0.0021395204 0.2258865237 0.1603942066 0.1770947427 -0.0004983105 0.0607865602 0.1464630812
-0.0012538068 -0.0004693885 -0.0017604185 -0.0001960031 -0.0000862259 0.0014282232 -0.0024233416 -0.0007480786 -0.0021594798 -0.0013550182 -0.0012024082 -0.0001956451 -0.0020399170 -0.0004098325 -0.0000278851 0.0011858603 -0.0013860378 -0.0009716950 -0.0001153707 -0.0001054108 0.0003131811 -0.0012540957 -0.0019739121 -0.0006771249 0.0005333974 -0.0011281220 -0.0006891558 -0.0012227518 -0.0011419033 -0.0003746873 -0.0008886083 0.0012127465 -0.0019675423 -0.0016435301 -0.0024565065 -0.0014968680 -0.0004906293 -0.0001731025 -0.0007250893 0.0011469284 -0.0020253472 -0.0008006541 -0.0006745314 -0.0003369944 -0.0001294581 -0.0016278273 -0.0007351120 0.0002999422 -0.0001535556 -0.0010600832 0.0007146742 -0.0012268166 -0.0010078906 -0.0011631667 -0.0013300217 -0.0020423888 0.0001670863 -0.0024638893 -0.0007070937 -0.0006064588 -0.0006245413 -0.0005186313 -0.0000783135 -0.0014621390 -0.0018937566 0.0014998454 -0.0004343649 -0.0015526821 -0.0003463089 -0.0003129761 -0.0003516211 -0.0023631216 0.0003969132 -0.0008440482 0.0010221086 -0.0008003036 -0.0021605289 -0.0020231900 0.0002509411 -0.0006486545 -0.0015884478 -0.0017871308 -0.0006270796 -0.0012382736 -0.0010000860 -0.0020969973 -0.0006007018 -0.0005623762 -0.0007364862 -0.0022703980 -0.0025284686 -0.0003857894 0.0013788221 0.0014828460 -0.0011877996 -0.0009027799 -0.0007299685 0.0001874413 0.0010765727 -0.0003593713 -0.0004409704 -0.0007457912 -0.0021685881 -0.0002689337 0.0000993012 -0.0018371107 -0.0004869320 -0.0021354649 -0.0013070554 -0.0011881877 -0.0019942026 0.0002861408 -0.0014054058 0.0000532755 -0.0009706785 -0.0022805308 -0.0022001280 -0.0004820802 -0.0000329973 0.0011605435 -0.0017679892 0.0014521278 -0.0000563059 -0.0023599749 -0.0015968719 -0.0021500133 -0.0013441939 -0.0005050171 0.0001395210 -0.0007128132 -0.0006120937 -0.0008539750 -0.0004346494 -0.0014265673 0.0002414808 -0.0012736864 -0.0023139250 -0.0000922878 -0.0008409310 0.0000793301 0.0010825181 -0.0001545618 -0.0008542410 0.0005538309 -0.0014985072 -0.0005042700 -0.0005973090 -0.0019892929 -0.0002106379 -0.0010199633 -0.0004218910 -0.0000327424 -0.0000675803 -0.0014336826 -0.0003857978 -0.0004195739 -0.0018312953 0.0002193407 -0.0017713645 -0.0018887778 0.0005092550 -0.0015827504 -0.0017115228 -0.0008554275 -0.0009754680 0.0002319108 -0.0011092013 -0.0018050959 0.0005702079 0.0002038809 -0.0009955897 -0.0015475783 0.0001283977 -0.0007237886 -0.0021791530 -0.0007465763 -0.0007136599 -0.0021374938 -0.0023034792 -0.0006943275 -0.0006368168 0.0005973495 -0.0012859065 -0.0001656320 -0.0004255755 -0.0016555171 0.0000115533 -0.0006614195 -0.0020876587 0.0002810016 0.0005753922 -0.0010990935 -0.0012729167 -0.0014644066 0.0008818896 0.0006511820 -0.0024038507 -0.0015517540 -0.0019458490 -0.0007854978 0.0010285303 -0.0021092356 -0.0017125844 -0.0000338885 -0.0009310260 -0.0008969857 -0.0025369497 -0.0005179552 0.0007135967 0.0004755981 0.0007035397 -0.0003289159 0.0000351144 0.0004541942 -0.0026444197 -0.0009281032 -0.0008389201 0.0005015498 -0.0008963395 -0.0008454956 -0.0006940565 0.0003646498 -0.0009744652 -0.0020093091 -0.0013324344 -0.0012880270 -0.0027435082 -0.0008956922 -0.0008458031 -0.0013747660 -0.0003565233 -0.0001236204 -0.0008444369 -0.0010670015 0.0009082074 -0.0015851506 -0.0014109673 0.0011611377 -0.0014720664 -0.0028563319 0.0013558842 -0.0000677567 0.0002180269 -0.0010178859 0.0009532311 -0.0014304726 -0.0005155623 -0.0006156692 -0.0016864345 -0.0000864972 -0.0011560851 -0.0009200549 -0.0009925043 0.0000957800 0.0004373306 -0.0006835581
-0.0135285081 -0.0015702394 0.0869282037 0.0584480092 -0.0003777546 -0.0014902927 0.1196891144 0.0347795226 0.0143876122 -0.0020474910 0.0598186776 -0.0434438102 0.0919556245 -0.0514693297 0.0703227445 -0.0004893758 -0.0001902732 0.0155514106 0.0226800051 0.0046552988 0.0524247177 0.0163113996 -0.0077324649 0.0110575259 -0.0008066500 0.1414681226 0.0010449609 -0.0036142084 0.1185513288 0.0751093104 0.0223742146 0.0078924764 -0.0048454362 0.1057164669 0.0501664616 0.0415661149 0.1381549388 0.0002992043 -0.0005719087 -0.0040328153 0.0720669106 0.0015364490 -0.0026906077 -0.0006614105 0.0442705639 0.0977547243 0.0107741067 -0.0319277495 -0.0003223973 -0.0205245297 -0.0014490571 0.0002225912 0.0399612822 -0.0007718224 0.1202281639 -0.0274157915 0.0171164293 0.0005913322 -0.0001493822 0.0417267047 0.0104521811 0.0529528745 -0.0001278353 -0.0222018789 0.0976765230 -0.0009741766 -0.0079764798 0.0057116146 0.1049111858 -0.0005504641 0.0150271896 -0.0459909774 -0.0004246100 0.1153541878 0.1001405269 0.0741692036 0.0568069369 0.0505433530 -0.0029882037 0.0005383852 0.0658651516 0.0498862229 -0.0012687262 0.1133830845 -0.0002406534 0.0196193755 0.0016231699 0.0283024348 -0.0001576301 -0.0152353570 0.0356542133 -0.0233658198 0.0003905753 -0.0036137400 -0.0114843911 -0.0013565792 -0.0483859144 0.0008423726 0.0000545433 0.0135659222 -0.0021546960 -0.0226494856 0.1079453826 -0.0333727933 0.0462433659 -0.0710064694 0.0659953132 0.0520274341 -0.0001557042 0.0305231493 0.0565891489 0.0012050280 0.0005865004 -0.0002820384 -0.0003262856 -0.0241921414 0.0553567708 -0.0010204988 -0.0015603167 -0.0023133378 0.0618503131 -0.0002999440 0.0428136252 0.1430147141 0.0006452958 0.1350192726 -0.1039185077 -0.0691638738 -0.0010969528 0.0201910567 0.0780879259 0.0177853741 -0.0250733253 0.0513011143 0.0000604758 -0.0755422041 -0.0035660251 0.0050353333 0.0225075912 0.0787967071 -0.0003242678 -0.0023763948 -0.0003871241 0.0228242632 -0.0752770305 0.1144849658 0.0012863463 0.0599121228 0.0671398565 0.0294477921 0.0693815351 0.1387688071 -0.0665125102 -0.0564701185 -0.0003247389 -0.0228643324 0.1004328281 0.0067259111 0.1288078278 0.1010000035 0.0406127609 0.0936644524 -0.0282249805 0.0004909143 0.0153776454 -0.0443609357 0.0592165031 0.0978698283 -0.0011973132 -0.0004707328 0.0738153234 0.0483906828 0.0001616075 -0.0349050090 0.0217693429 -0.0025589433 0.0230899360 -0.0170079824 0.0427141078 0.0533272550 0.0394507647 -0.0018704835 0.0254637953 0.0014807909 0.0629014671 0.0024511749 -0.0004015038 0.0800636709 0.0337992832 0.0308795925 -0.0010838356 0.0005540223 0.0727905557 0.0068316753 -0.0012313420 -0.0167527758 0.0587400720 0.0232782178 -0.0108533548 -0.0005280967 -0.0033432390 0.0074785058 0.1309083104 0.0746786520 0.1314002723 -0.0251496658 0.0628969371 -0.0009897647 0.0014270205 0.0002914166 -0.0005587572 0.0759440660 0.0221689530 0.0483767949 0.0449008234 0.0000949994 0.0316261500 0.0015468112 0.0020556755 -0.0008618471 0.0151927853 -0.0004953520 0.0474829189 0.0996263772 0.0248045083 0.0013352394 -0.0001033219 0.0171720125 0.0017748390 0.0318697877 0.0044521252 -0.0908937901 0.0013023736 0.1062682569 0.0010991829 0.0387480929 0.0468292311 -0.0003866731 0.0972149372 0.0414838642 -0.0005324447 0.0068232911 0.0799579769 0.0756163895 0.0016012705 0.0008205576 -0.0006728610 0.0145725980 -0.0115202386 -0.0002702869 0.0159294400 -0.0288864672 0.0649510100 -0.0007737064 0.0352096185 -0.0047795810
-0.0002181433 0.0012408657 -0.0014880684 -0.0024208273 -0.0002816077 -0.0005522584 -0.0012239771 -0.0022195100 -0.0026172320 -0.0002779674 -0.0008277418 -0.0024649655 -0.0003633359 -0.0016131500 -0.0003301234 0.0003901536 -0.0007028679 -0.0002669361 -0.0010216775 -0.0016976249 -0.0019241530 -0.0024352181 0.0001133953 -0.0016018741 -0.0012935246 -0.0000557982 0.0011710140 0.0004554820 -0.0022923767 -0.0002503347 -0.0021850443 -0.0005468793 -0.0024236890 -0.0009889711 0.0002094294 -0.0006190230 -0.0008463471 0.0005202910 -0.0013989407 0.0004381493 -0.0026445745 -0.0011678961 -0.0008205458 -0.0013626952 -0.0017358690 0.0001239286 -0.0013461986 0.0001822453 0.0009603393 -0.0008352171 0.0012005006 -0.0009896039 -0.0014687323 0.0000032015 -0.0024681061 -0.0001534725 -0.0025644240 -0.0011866319 -0.0010644193 -0.0010210127 -0.0000856249 -0.0025532497 0.0003905955 -0.0004639118 -0.0008355100 0.0003816620 -0.0005960934 0.0000124576 -0.0006385596 -0.0005268866 -0.0000673008 -0.0006650251 -0.0002470581 -0.0000102484 -0.0020033051 0.0002870584 -0.0011782339 -0.0019682883 -0.0015919952 -0.0001394424 -0.0022512937 -0.0017801276 -0.0009127567 -0.0025481193 0.0004481015 -0.0018552403 -0.0002711339 -0.0008819625 -0.0001717026 -0.0012604069 -0.0009496646 -0.0021561605 -0.0007168661 -0.0005147171 -0.0003605275 -0.0013769233 -0.0016207537 0.0014822936 0.0003449535 -0.0019956273 -0.0005633019 -0.0008197271 -0.0014971793 -0.0010337584 -0.0010855966 0.0000276782 -0.0011925212 -0.0024273670 0.0005577388 -0.0022111374 -0.0002780044 -0.0005316953 0.0010850978 0.0008532579 0.0010746020 -0.0008415075 -0.0005044245 0.0004669960 -0.0014205804 -0.0006201037 -0.0015013337 0.0010566578 -0.0019165729 -0.0007762007 -0.0000757599 -0.0025914591 -0.0005102973 -0.0010925878 -0.0003466387 -0.0023467785 -0.0014915626 -0.0000294627 -0.0013671485 -0.0015186371 0.0013951125 -0.0005607082 -0.0005436460 -0.0016811736 -0.0002883572 -0.0004092179 -0.0000667081 -0.0009172639 -0.0005362704 -0.0020719073 -0.0008063528 -0.0020790573 0.0004284432 -0.0007344448 0.0001082553 -0.0005350331 -0.0019222357 -0.0010269312 -0.0012944262 0.0002633162 0.0010973735 -0.0024156477 -0.0011499977 -0.0020876785 0.0002244858 0.0000345075 -0.0009779548 -0.0025106627 -0.0003562275 -0.0015055273 -0.0021031450 -0.0010716238 -0.0024873710 -0.0008203030 0.0007482384 0.0008088979 -0.0012125664 -0.0014292418 -0.0011754947 -0.0024093506 -0.0003898285 -0.0009803604 -0.0007478892 -0.0024241109 -0.0009452360 0.0002830379 -0.0001875973 -0.0007547099 -0.0009630767 0.0003316111 -0.0006611883 0.0002247636 -0.0004662357 -0.0001285883 -0.0015250319 0.0002016599 0.0013311448 -0.0011048928 -0.0020388374 -0.0023041177 -0.0007359806 -0.0007288402 -0.0009235441 -0.0026030096 -0.0015005156 -0.0009808509 -0.0014905288 -0.0024759024 -0.0018139218 -0.0016107976 -0.0005156155 -0.0001261094 -0.0016707927 -0.0001796114 0.0008855633 0.0013645486 -0.0000356546 -0.0010162389 -0.0015478829 -0.0019926745 -0.0002376697 -0.0001917033 -0.0000326292 0.0014503853 -0.0019506838 -0.0000744210 -0.0006709450 0.0004152157 -0.0025938898 0.0003372748 -0.0024984085 -0.0006894046 -0.0016696606 -0.0013361475 -0.0004228493 -0.0007903764 -0.0016053186 -0.0012988027 0.0014907827 -0.0022889606 -0.0000499728 -0.0010240581 -0.0004115401 -0.0009612183 -0.0019570303 -0.0006737728 -0.0012180842 -0.0015569659 -0.0012188676 -0.0019228790 0.0009113129 0.0003073621 0.0014258988 -0.0021897613 -0.0025755693 -0.0004575918 -0.0006643594 0.0002148698 -0.0021845573 0.0005056413 -0.0000120928 -0.0003699008
-0.0006341296 -0.0000962216 0.0009886322 0.0010130232 -0.0002095532 -0.0007936643 0.0011567738 -0.0012047342 0.0002142592 0.0004606560 0.0002045277 -0.0002771076 -0.0009522339 -0.0014202623 0.0012066964 -0.0007058206 0.0002127678 -0.0002986527 -0.0001303327 -0.0005377929 -0.0000643528 0.0009100897 -0.0008079569 -0.0005105002 0.0004399835 -0.0003654804 -0.0009286093 -0.0008260852 0.0004396242 0.0008550187 -0.0008270938 -0.0008790437 0.0008884224 0.0009794736 -0.0008614982 0.0000334396 0.0013126812 0.0008262103 -0.0000525365 -0.0006873772 0.0001494273 -0.0001574709 -0.0014724887 -0.0002420198 -0.0011323597 -0.0008411731 0.0004542596 -0.0003483999 -0.0008432968 -0.0003720694 -0.0004230037 0.0007932678 -0.0018794294 -0.0007374376 -0.0010550371 -0.0015892762 -0.0015095316 -0.0014611742 0.0004311006 0.0009914465 0.0007491785 -0.0001689973 -0.0005722882 -0.0013378580 0.0002247945 0.0002314418 0.0010661642 -0.0012677694 -0.0015467183 0.0001319679 -0.0015435615 0.0007119219 -0.0006165969 -0.0009016086 0.0014193794 -0.0010189790 -0.0018007237 0.0008071319 -0.0008947644 -0.0009388713 -0.0015450902 -0.0000463557 0.0006252625 0.0002460101 0.0011765283 0.0001061630 -0.0007572804 0.0006513702 0.0005203828 -0.0014513121 -0.0001786905 -0.0007551220 -0.0003884243 -0.0001540018 -0.0013807747 0.0003979847 0.0001421268 0.0002318695 0.0005367364 0.0007310176 0.0006937017 -0.0006274669 0.0001477975 0.0008064815 -0.0006724678 0.0000919003 0.0007597308 -0.0015933801 -0.0002034344 0.0000439313 0.0007420061 -0.0015869543 -0.0015353455 0.0002335022 0.0010330781 0.0003233125 0.0006648087 -0.0014746392 0.0007019165 0.0000152816 -0.0003286479 -0.0016120567 -0.0017319024 -0.0008530718 0.0001690681 -0.0016219218 -0.0014952746 -0.0016909990 -0.0016134346 -0.0002818877 0.0008467337 -0.0014552402 0.0000752334 0.0001990592 0.0006129828 0.0002814117 0.0009037648 -0.0019000190 -0.0001664302 0.0004658262 0.0001435063 -0.0007274511 0.0005270055 -0.0003219220 0.0011752625 0.0010782753 0.0010692384 0.0001871027 0.0010184477 -0.0008532728 0.0006074525 -0.0012366029 -0.0005607790 0.0003882260 -0.0001976702 0.0002450321 -0.0005479754 -0.0015594470 -0.0002929052 -0.0017792725 0.0007632803 -0.0005354782 -0.0010427868 -0.0004013476 -0.0012560723 -0.0002103281 -0.0004178934 -0.0012917584 0.0012204149 -0.0011515542 0.0003981977 -0.0016382377 0.0005293669 -0.0019250029 -0.0017780471 0.0007479721 0.0002145737 -0.0011533337 -0.0003040840 -0.0012921981 0.0006020344 -0.0007153866 0.0006170992 -0.0015677108 -0.0009891582 0.0008306605 -0.0012638512 -0.0015204048 0.0007166739 -0.0017058187 0.0007096690 0.0010135113 -0.0010930629 -0.0008415668 -0.0001705995 -0.0002682790 -0.0001770951 -0.0010035274 0.0009078387 -0.0012295292 -0.0003039651 -0.0011321486 -0.0002833818 -0.0011092795 -0.0012036591 0.0003373125 -0.0008242556 -0.0014305649 -0.0015847165 -0.0000411107 -0.0013124507 -0.0016637691 -0.0008147410 -0.0011857265 0.0008901109 0.0010553251 0.0010742892 -0.0017940752 -0.0002284492 -0.0005704905 0.0010436117 0.0001561841 0.0002879341 -0.0006881841 0.0009529853 0.0006447137 -0.0000800370 0.0001344714 -0.0000018753 -0.0000472865 -0.0017489166 0.0003456977 -0.0002581636 -0.0008449288 0.0011444638 0.0010189441 -0.0006839535 -0.0017970291 0.0002597844 -0.0012898620 -0.0009152212 0.0007612361 -0.0004976251 -0.0003563994 0.0010550884 0.0008401423 0.0011362650 0.0011326945 -0.0005552227 0.0008584033 0.0006736091 0.0004878201 0.0002013930 0.0005926382 -0.0006299691 -0.0007530428
-0.0015932939 0.0005869846 -0.0008154306 0.0014319760 -0.0016865429 0.0008104360 -0.0015680237 -0.0007371164 0.0005456551 -0.0002244668 -0.0000580589 -0.0005187650 0.0002592953 0.0003123781 -0.0013456495 -0.0007744615 -0.0012132174 -0.0002232086 -0.0001508990 0.0011680900 -0.0010761458 0.0009774663 -0.0000448779 0.0005897138 -0.0004444888 -0.0013524310 -0.0008512400 0.0012503056 0.0006391127 -0.0017467157 -0.0010198859 -0.0002852537 -0.0004744057 -0.0002087496 -0.0007761695 -0.0010283984 -0.0013528249 -0.0000999496 -0.0006437929 0.0008541730 -0.0001783602 -0.0002536657 -0.0002317663 -0.0009242938 0.0003140604 -0.0001346835 -0.0016005308 -0.0014897062 0.0004128917 -0.0007222641 -0.0006900403 0.0005097759 0.0006856229 -0.0009636506 0.0008359042 -0.0016855210 0.0007377769 0.0007834717 -0.0003295513 -0.0011505723 -0.0015914381 0.0003197702 0.0014914576 0.0006900366 -0.0005075621 -0.0011866705 -0.0000114145 -0.0014852509 -0.0014057393 -0.0016940583 -0.0001727073 -0.0001867849 0.0011653474 -0.0004881985 -0.0004886946 -0.0011189092 0.0009152095 0.0009328417 0.0004588780 -0.0003513526 0.0010112745 -0.0018244212 0.0006728939 -0.0013772234 0.0009636917 0.0013436042 0.0001189835 0.0005887300 -0.0002503753 -0.0017087120 0.0009899593 -0.0007962440 -0.0005643923 -0.0004607932 0.0010408818 -0.0009514311 0.0009746440 0.0013101462 -0.0009468725 -0.0005964155 0.0004484525 0.0002967228 -0.0003423189 0.0000986205 0.0010920747 -0.0013559405 0.0002271865 0.0001110607 0.0004076578 -0.0013737996 0.0014582869 -0.0006600792 -0.0006486978 -0.0016378416 -0.0016589910 -0.0017625698 -0.0010283177 -0.0015043537 -0.0000465216 0.0007056348 -0.0017244038 -0.0014738960 -0.0007158788 -0.0013521649 -0.0008688010 0.0002457165 -0.0006590906 0.0001427346 0.0003369261 -0.0005410365 0.0014112217 0.0011638628 0.0013981105 0.0010270970 0.0014714673 -0.0007461368 0.0005237750 0.0006131844 -0.0008272874 0.0004694817 -0.0001100123 0.0002803336 -0.0012229133 -0.0006582708 -0.0002803119 0.0004612238 0.0009228968 -0.0000374505 0.0004345523 0.0009946057 0.0009427505 -0.0012823230 -0.0007340920 -0.0012607784 -0.0002955250 -0.0018126849 -0.0010603421 -0.0013047060 -0.0006457192 -0.0000882424 0.0003070589 -0.0014783794 -0.0002934190 0.0004242987 0.0004558912 -0.0008858784 -0.0013654270 -0.0014099029 -0.0002352416 0.0008142384 -0.0012582324 0.0006568092 0.0005355665 -0.0005208288 -0.0011323281 -0.0015967975 -0.0009308723 0.0003020448 0.0009642303 0.0000042137 -0.0003529036 0.0007017420 -0.0011653914 0.0010095531 -0.0012457782 -0.0005508511 0.0010670008 0.0003722011 0.0006753393 -0.0007509814 -0.0003822674 -0.0001128433 -0.0005859811 -0.0017821811 0.0008446871 0.0003827561 0.0000743559 0.0013191613 -0.0007010543 -0.0004257231 -0.0017166429 0.0011173222 -0.0004051582 -0.0013030904 -0.0008775728 -0.0000495058 -0.0005818048 -0.0000415446 -0.0017431222 -0.0013869164 0.0001916495 -0.0005248923 0.0000830088 -0.0013922147 0.0011273213 0.0011878059 0.0007912045 0.0006556317 0.0008934659 0.0009198940 0.0004756535 0.0004168490 0.0000996187 -0.0017562066 0.0004419465 0.0002236895 -0.0012169374 -0.0008837534 0.0008779040 -0.0005184512 -0.0013692798 -0.0012774200 -0.0006941084 0.0006619727 -0.0008804050 0.0005289171 -0.0006359048 -0.0013669560 0.0007311390 0.0012099157 -0.0004260944 -0.0004821268 -0.0014711797 -0.0012087789 0.0005979334 0.0001298455 0.0001095586 0.0009807841 0.0000137734 -0.0006419891 -0.0012444794 0.0008441840 -0.0011245233 0.0007543892 -0.0007884274 0.0004426668
-0.1277902275 -0.0006578591 0.0805308446 0.0169349965 0.0013931353 -0.0015891630 -0.2959182858 0.0803392977 -0.3559233546 -0.0021830972 -0.0631233752 -0.0511485450 -0.1110334471 -0.1131721810 -0.0668544099 -0.0004296430 0.0011557367 0.0520978607 0.0530805327 0.0653145164 0.0680470839 0.2678027153 -0.0205079280 0.0697421432 0.0014699325 -0.0706836730 -0.0000635381 -0.0025385243 0.0162078682 -0.5328741074 -0.0394640267 -0.0222596992 0.0782216713 -0.2802054584 0.0672630370 -0.1402089149 0.0192435142 -0.0020201409 -0.0000583984 -0.0039696181 -0.0127831092 0.0016213063 -0.0016045916 -0.0014115012 -0.1252704710 0.0214336980 0.0097083161 -0.0143633168 0.0003010129 0.1949984729 -0.0002861002 -0.0000184900 0.2552896142 -0.0004736480 0.0883876830 0.1294229031 -0.4094085097 -0.0246244986 -0.0009528925 -0.0775135309 0.4172043502 0.2649669945 0.0013401747 0.0344403237 0.0620955303 0.0009702321 0.0072666123 0.0203824583 0.0470316969 0.0011065020 -0.0380042605 -0.0452877469 -0.0001377565 -0.0048858901 -0.1891479939 -0.0883267000 0.0723356530 0.0496521704 0.1858084947 -0.0001199149 -0.1834229231 -0.0360054374 0.0016449603 -0.1467325389 -0.0003659125 0.1726309657 0.0017692861 0.6147209406 0.0011407057 -0.0456664488 0.0403780192 -0.0973368213 -0.0004210667 -0.0036739893 -0.0246494859 -0.0014597187 -0.0560907833 -0.0011338977 0.0005880172 0.0706533864 -0.0028733762 0.1499208659 -0.0433533676 -0.0569274426 -1.1216002703 -0.0518652685 -0.4195218980 0.1818262637 0.0022998310 -0.3797410429 -0.0364673510 0.0001032829 -0.0010422739 0.0015780309 -0.0002131634 -0.2078948319 0.0139437560 -0.0021909899 0.0008481093 -0.0013060325 -0.3536167145 -0.0009392895 -0.0053221076 -0.0151301976 0.0878759027 -0.0021524027 0.2299868166 0.0732051432 0.0005645021 0.0319913141 -0.1563388258 -0.0266365204 0.0864951089 0.0706705600 -0.0022426187 0.6698998809 0.0489072688 0.0566831306 -0.1302848607 0.3987439871 0.0005404060 -0.0013081226 -0.0002338941 -0.0898849592 0.1303865761 -0.1501586884 0.0000488547 0.0048721740 0.0889044255 0.0088118492 0.0770648196 -0.0540297329 0.0643255636 -0.2123791128 -0.0017469982 -0.0075832014 -0.0558232814 -0.0497375503 0.0945375562 -0.1074989438 -0.2740792334 -0.1694277078 -0.0079927202 0.0007959011 -0.1213738248 -0.0352260098 0.0153903542 -0.0028220178 -0.0001334389 0.0010512095 -0.1022962034 0.1025055125 -0.0010324433 0.0193206184 -0.0286916886 -0.0020585340 -0.2818343639 0.0146950101 -0.2492621690 -0.1561170667 -0.1960469782 -0.0006429736 -0.0924588367 -0.0001823253 0.0356051028 -0.1411760002 -0.0001833686 0.4138337970 -0.1371311992 -0.0571423471 0.0005795961 -0.0005814740 0.0729982033 0.0545472689 -0.0000420926 -0.0204666257 0.0397516713 -0.0566672310 0.0169230178 0.0013978159 -0.0031311929 0.1047475040 0.3261310756 -0.0898391306 -0.1462940872 -0.0105821723 0.0213892087 0.0006665032 -0.0011118050 -0.0006347620 0.0005022609 0.0452386178 -0.1288978457 -0.1122070253 -0.1851756573 0.0002665275 -0.2272932380 0.0000809960 0.0000534540 0.0009976270 0.0750785172 -0.0001855437 -0.0926156119 0.1055216715 0.2244379669 0.0003359246 -0.0395160615 0.0773699284 -0.0008667115 0.0399642549 0.0295240879 0.1534166038 0.0010166138 0.2281599194 -0.0005531244 -0.1854703277 0.1563115865 0.0010615952 -0.3398014605 -0.2616542578 -0.0000518658 -0.1638915241 0.3906537890 -0.5249007344 -0.0003669841 0.0005225405 0.0007920129 -0.0509088971 0.2152232230 -0.0010487386 -0.0053659021 0.1443269551 0.0403304175 -0.0008443712 0.0354924724 -0.0974522829
0.0875250623 0.0004828205 0.0116280690 0.0159324519 0.0010982730 -0.0003162685 -0.1941287667 0.1111462861 0.3616825938 -0.0005163209 -0.0681390613 0.2143677473 0.0153109729 0.1663481295 -0.0099303229 -0.0007600561 -0.0003381231 -0.0225457344 0.7407718897 0.0125785954 0.1467781067 -0.3240632713 0.0664650127 -0.0369511321 0.0003412410 0.0318368636 -0.0004385491 -0.0016087823 -0.4318840802 -0.0459381454 0.0738021359 0.0271330569 -0.0195036121 -0.1329434365 0.1705927253 -0.6821418405 0.0217895731 -0.0009351902 -0.0003311944 -0.0029506874 -0.0615008026 -0.0004419171 -0.0025991667 -0.0001707310 0.2057216614 -0.0660406947 0.1738223732 -0.0280481819 0.0006176027 -0.3491991460 -0.0012878850 0.0010606409 -0.1007062942 -0.0013699414 -0.0885813162 -0.2976337969 0.1499932408 -0.1196637899 -0.0004275507 0.5357981920 -0.1461947560 0.0550385341 0.0013632713 -0.1494273543 -0.2030303329 0.0005859633 -0.0186144803 -0.0328284502 0.0303055979 -0.0004389790 -0.2675886154 -0.0105820186 0.0006541530 -0.0437098332 -0.0839077160 -0.0618607439 0.0238120109 -0.1742954105 0.4647810459 -0.0005066328 0.0208465662 0.2019069493 0.0033248544 0.0236641299 -0.0012829729 0.1779663563 -0.0008651331 -0.3321499228 0.0009386605 -0.4735637307 0.3087900281 -0.0580402724 -0.0003670525 -0.0021922931 0.1547832489 0.0012213184 0.1575915068 0.0017359549 -0.0000186570 0.2493078858 -0.0008475941 -0.0620823987 0.0315852202 0.0638916343 -0.2778129876 0.3327043653 0.0166507550 0.1346866041 0.0023096569 -0.0052773161 -0.0280670542 0.0003471955 0.0011912351 -0.0001001515 -0.0000779479 -0.0763414726 -0.2340422124 -0.0024201444 0.0012428029 -0.0008933359 -0.0858258158 0.0003224271 -0.1751871258 0.0274482369 0.0206941366 0.0267331935 0.2364143133 -0.5090465546 0.0007439248 -0.0614594929 0.0942124873 0.0173298120 0.0340682901 -0.1188490391 0.0002580844 -0.7427902818 0.8025647998 0.1687943786 -0.1299334317 -0.1980121136 0.0002630163 -0.0022905178 0.0018164715 -0.1267736703 0.1350622177 -0.0199746117 0.0006164745 -0.0162751451 0.1416868716 -0.0435033180 0.0520755164 0.0224417970 0.0367997438 0.1237415597 -0.0012789172 -0.1040429920 0.0153760109 0.0875835419 0.0212149117 -0.0305919014 -0.0263594966 -0.0018241458 -0.0085971672 0.0009926956 0.1182937771 0.1126478836 0.1348162591 -0.0016265265 0.0003772633 -0.0009522447 0.0449726693 -0.0381342992 -0.0010676349 0.2807631791 -0.0630093142 0.0001645570 0.0494846851 -0.0905650482 -0.0806739256 0.0284915976 -0.2985224128 -0.0015081489 0.0764508247 -0.0002310574 0.1232311204 -0.0208383389 -0.0003327634 -0.1002430022 -0.0207485929 0.0221488215 0.0000985512 0.0007720782 0.0554512143 -0.4910730124 0.0016966900 0.0253890343 -0.0264313202 0.2095638812 0.0164710321 0.0000368857 -0.0005928430 -0.0510466248 0.1075062156 0.0828109011 -0.0015829402 0.0880992189 0.0570482500 0.0017521976 0.0009417082 0.0009005640 -0.0012056594 -0.0746572614 -0.0008672031 0.1541832983 0.0787973776 -0.0010306573 0.0433044843 -0.0010369399 -1.2006807327 -0.0010713533 0.0437221006 -0.0004242968 -0.1228229031 -0.0684998855 0.6165931821 0.0002536039 -0.0809193701 0.0693321973 0.0016736996 0.0262052119 0.0358787701 0.0084913522 0.0004769605 -0.0030079815 -0.0005860171 0.0593862310 -0.1313867122 -0.0014639944 0.0148211839 0.2442937195 -0.0017679798 -0.1618488729 0.0058296439 0.0658553019 -0.0014942089 -0.0000348815 0.0015672457 0.0138991168 0.0307460744 -0.0024094554 0.1045097560 0.1825579852 -0.1038769335 0.0012066044 0.0743547976 -0.1049430892
-0.0014336439 -0.0011084598 0.0002642894 -0.0010444563 -0.0008997362 -0.0000854045 -0.0002807855 -0.0041091256 -0.0007425009 0.0005077845 -0.0004384159 -0.0013036594 -0.0014729456 -0.0025568102 -0.0009194599 0.0003422568 -0.0008929879 -0.0015112918 0.0008776719 -0.0024315515 -0.0012135886 0.0005038977 -0.0004777031 0.0009572206 0.0002500425 -0.0045416784 -0.0006040863 0.0008655944 0.0011842345 -0.0038907216 0.0001025723 -0.0012257457 -0.0017908574 -0.0010743589 -0.0005623599 0.0002371908 -0.0032922127 -0.0006605244 -0.0006790639 -0.0003002606 -0.0010541405 0.0011605306 -0.0014588201 -0.0002903439 -0.0011880751 -0.0013588291 0.0003203976 -0.0012677582 -0.0011858152 -0.0029799030 0.0003334749 0.0007207895 -0.0027787264 -0.0006187772 -0.0005291632 -0.0018141610 -0.0044381362 -0.0014129085 -0.0008978862 0.0009320895 0.0002213854 -0.0002767651 0.0009883055 0.0001633394 0.0006587282 -0.0001960408 -0.0033916910 0.0000364969 -0.0010715681 0.0006620589 -0.0018757262 -0.0017832724 -0.0007812307 -0.0016026258 -0.0007646466 -0.0006027090 -0.0003779004 -0.0000006710 0.0011445050 -0.0012556694 -0.0014263893 -0.0011611021 0.0003458947 -0.0004385716 -0.0000884379 0.0007110412 -0.0013931256 0.0011172381 -0.0004201117 -0.0007505454 0.0001423049 0.0003389861 0.0003765522 -0.0004607718 -0.0012052694 0.0001438849 0.0006224172 -0.0012696573 -0.0015186475 -0.0011851427 0.0011037881 0.0004158972 -0.0034921956 -0.0010208283 -0.0011950904 -0.0017737481 0.0011957748 -0.0016678550 -0.0002164872 -0.0021916835 0.0011995202 0.0004316413 0.0009363670 0.0008798345 -0.0006087406 -0.0012716629 -0.0003261901 -0.0000695098 -0.0003181104 -0.0005493517 -0.0000256998 0.0005215969 0.0004225190 -0.0049958914 -0.0001496673 -0.0044171577 0.0009980327 -0.0015866047 0.0005180096 -0.0006444093 0.0006507082 -0.0018200029 -0.0018020744 -0.0010679120 0.0004359222 -0.0005545659 -0.0026846738 -0.0010893120 -0.0017183690 -0.0011497425 -0.0014106830 -0.0014236810 -0.0007941623 0.0001646016 -0.0003386684 -0.0024451248 -0.0005401673 -0.0007221223 -0.0004697222 -0.0003441038 0.0008449552 -0.0030337169 -0.0001807503 -0.0013799702 -0.0010517562 -0.0001533615 -0.0040106275 -0.0015733413 -0.0001013130 0.0003421206 -0.0009004780 -0.0006012947 -0.0009325053 0.0000950587 -0.0023246715 -0.0027337079 -0.0004732397 -0.0031381708 -0.0005932675 0.0006386780 -0.0022783391 -0.0017016934 0.0012055194 -0.0017344099 -0.0006108509 0.0011894840 -0.0007274396 0.0006913655 -0.0016634334 0.0000598605 -0.0000598975 0.0007557462 -0.0016977288 0.0007702599 -0.0004152629 -0.0017759375 -0.0011345776 -0.0001658642 -0.0001493632 0.0011593705 0.0003892248 -0.0001352758 -0.0002081272 -0.0029151086 0.0004579870 -0.0008400183 0.0007717485 0.0009738532 0.0006833765 0.0006461520 0.0005995195 -0.0020926804 -0.0009359996 -0.0015679259 -0.0010118017 -0.0009502838 -0.0021158326 -0.0003691573 -0.0003764757 0.0006188268 -0.0002321910 -0.0014239448 0.0010935480 -0.0007749848 -0.0017511345 -0.0001440753 -0.0018291103 -0.0013098860 0.0004531103 -0.0016728197 -0.0005682157 -0.0003312087 -0.0002154925 -0.0005067881 -0.0015018120 -0.0014629186 -0.0018243445 -0.0011059262 0.0011633285 -0.0032088342 -0.0040393262 -0.0005435721 -0.0009304848 -0.0005609396 0.0000998758 -0.0031489197 0.0004668337 -0.0006125413 0.0000897802 -0.0022282100 -0.0002763670 -0.0016967633 -0.0013137674 -0.0018456911 0.0004574753 -0.0008992048 -0.0007110249 -0.0009670538 -0.0019191914 0.0005881878 -0.0010054117 -0.0031258666 -0.0004961335 -0.0011988380 -0.0001654725 -0.0024171232
-0.1790868491 -0.0008641268 0.1057858318 -0.1957932860 0.0008385339 -0.0028945087 -0.1379084885 -0.0498849377 -0.6320120096 -0.0032883980 -0.0297154579 -0.0306620318 0.0106074447 -0.0040256693 0.1036878824 0.0009010502 0.0023911817 -0.0045982683 -0.1017193794 -0.0488945954 0.0378489606 -0.0034193369 0.0136278644 -0.1863461286 -0.0013880446 0.0687031522 0.0011256301 -0.0025572220 -0.2611904144 0.0101375040 -0.0095501142 -0.0202426817 0.0002613491 0.1357847601 0.1420605034 -0.2243083864 0.1010262296 -0.0012326357 0.0004837785 -0.0043117907 0.0627860054 -0.0005843029 -0.0011334248 0.0005371118 0.0311988518 0.1530863345 0.0455486961 -0.0224624630 0.0023580843 0.0018335890 -0.0011891201 -0.0004857994 0.0538197868 -0.0003675563 0.0863331184 0.0631830022 -0.2224139273 0.0375621356 -0.0003709284 -0.1278458685 -0.0223511755 0.2421870083 0.0017629931 0.0874715969 -0.2718827426 -0.0013423006 -0.0104280915 0.0423505753 0.1087102592 -0.0013624919 -0.0722556710 0.0144919278 -0.0014059468 0.0138153974 0.0764484778 0.1328687966 -0.1142239124 -0.2970090508 -0.1180331856 0.0006731876 -0.0315015540 -0.0319513716 -0.0381687470 0.0484695546 0.0015101492 0.0628444031 0.0018979928 -0.2916141450 0.0006225380 -0.0012599687 0.0038647298 0.0244041961 0.0018552248 -0.0039910539 -0.1459162831 -0.0005776664 0.1807196438 -0.0014491151 0.0007544750 0.0168714412 -0.0000879953 0.0208757035 0.0974085256 -0.1491800100 -0.0038741031 0.2104122043 0.0263927691 -0.0862472728 -0.0011112186 -0.0152575281 0.1229878664 -0.0017015309 0.0008883367 -0.0009655144 0.0002887502 -0.0649933144 -0.0232942328 -0.0016507225 0.0011891586 -0.0018877700 0.1517010182 -0.0005717238 0.0072262697 0.1104575396 -0.1446043551 0.1023653895 -0.3536607325 0.0140894083 -0.0004003243 -0.0076103592 -0.3916429281 0.0044480911 0.0682197884 0.1513283551 -0.0025263559 0.0754938722 -0.1461865306 0.0020109694 -0.1425541937 0.2502820790 -0.0002030294 -0.0014544968 0.0001290127 0.0244275685 -0.0585766956 0.0930074453 0.0008675926 0.1247290522 -0.0299034156 -0.0658938363 0.0907216072 0.1127939224 -0.0546095148 -0.0897715464 -0.0015961758 0.0244665276 0.0188080817 -0.2335459590 0.1561681926 0.0102368882 -0.3270338476 0.1191454232 0.0373152718 -0.0003445749 -0.0838442445 -0.0368064307 -0.0268014055 0.0652517825 0.0000859183 -0.0004327275 0.0774607733 0.0843250304 -0.0008710835 -0.0496973842 -0.0939642489 -0.0018642906 -0.0294724554 0.0728663951 0.0008973141 0.0460206643 0.1463492811 -0.0010888742 0.0196150467 -0.0004637530 0.1374507397 -0.1155175865 0.0003976150 -0.0140375411 0.0045747133 0.1134384945 -0.0007998098 0.0012514574 0.1641296297 -0.4836882651 -0.0019065895 -0.0036439297 -0.1701483876 -0.1425159872 -0.0116892401 0.0006000372 -0.0021855044 -0.0732427388 0.1510697305 -0.3837931752 0.0125214849 0.0883110166 0.1498013884 -0.0008658647 0.0013109035 0.0013032289 -0.0004327671 -0.0197626576 0.0947144181 -0.3322876394 -0.2486403137 0.0012280418 -0.0100524575 0.0014468032 -0.0531718731 0.0008690010 0.0064229793 0.0000943266 0.0930195823 0.0960733667 -0.2329412252 0.0017831057 0.0300461445 0.0223474093 -0.0004241448 -0.1932710111 -0.0318865851 0.0255853143 0.0015212535 0.1620236188 0.0013796015 0.0072135841 0.0324906372 -0.0029764122 0.0610961504 0.0225317255 0.0000772666 0.1027615890 0.0969854668 -0.1033831462 -0.0010400743 0.0001651974 0.0011108820 0.0874641910 0.0932972506 -0.0023732928 -0.0156187220 -0.0617319420 0.0595881529 0.0006000978 0.1403880566 -0.1462216377
0.3382458985 -0.0006835748 -0.1588176042 -0.0092337439 -0.0008034253 -0.0029543857 -0.1027363688 0.0454654917 -0.1088382676 -0.0021011161 -0.0373914540 0.0576016568 0.0033211296 0.2006485611 -0.0323677622 0.0008672221 0.0004028432 -0.0223840177 0.0121932141 0.0452169739 0.1252527237 -0.5889477134 -0.0012876132 0.5683127642 0.0005367242 0.0445973538 0.0016712882 -0.0029678284 0.0674528107 -0.0955518633 0.4867591262 -0.0064070616 -0.0466530211 -0.0872348994 -0.0937131122 -0.0955970213 0.0378511921 0.0007739050 -0.0002738919 -0.0046467730 -0.1023503095 -0.0010322615 -0.0011607406 -0.0000693593 -0.0748661533 -0.1142997742 0.0573917106 0.6214925051 0.0004711600 0.2772208750 -0.0006329747 0.0009414192 -0.1673645824 -0.0006884350 -0.0178091433 0.0451684184 -0.0233409330 0.1859935224 -0.0017740350 -0.1492549181 -0.2622725666 -0.0858698040 -0.0005104381 0.2108145505 0.0174383521 0.0008999269 0.0115215071 -0.3513969779 -0.1643711776 -0.0009274858 0.7004634738 0.2164225727 0.0003898231 0.0659125671 0.1107704043 0.0513021871 -0.0499970838 0.4527492821 -0.0789800733 0.0003557661 -0.0164959095 -0.0590310171 -0.1486157626 -0.0230931863 -0.0010769839 -0.0819047689 -0.0001487171 -0.2481323332 -0.0010456542 0.4564110637 -1.0375900269 -0.0928118005 -0.0006230272 0.0009638115 0.0564969629 -0.0014478227 0.0762665719 0.0010890885 0.0014798176 -0.7864058614 -0.0008400765 -0.0180629324 0.0003686053 0.6007673740 -0.1130042076 0.2003014982 0.0226497166 -0.0268646032 0.0011582767 -0.0268681664 0.1047832221 -0.0002726454 0.0009399779 -0.0009455198 0.0006136520 -0.0151904942 -0.1091755331 -0.0016473193 -0.0001680732 -0.0022244931 -0.0817947462 0.0014860564 0.2094178051 0.0519218817 -0.2693668902 0.0452365391 0.8310104012 -0.0300409868 -0.0001221116 -0.3965195119 0.2022829950 0.3463181257 -0.4946239889 0.1011981666 -0.0006713720 -0.0452710502 -0.0403481685 -0.2904085517 -0.5281795263 -0.2298927456 -0.0000778440 -0.0020124475 0.0011897663 0.1697814912 -0.1217088401 -0.0539770313 0.0000491526 -0.0155647397 0.0535257570 -0.2966969013 0.0321537368 0.0565435439 0.3663682044 -0.1609075069 -0.0016518525 0.0511788726 0.0474533178 -0.2016658336 -0.1161712557 -0.2454416454 -0.0541501455 0.0206691381 -0.7130843997 0.0011059073 -0.1326810122 0.0766403228 0.0243019164 0.1033563688 0.0011328780 0.0010857233 -0.0217552260 0.0549885035 0.0001365783 -0.1282675862 0.1757649034 -0.0038731273 -0.0097776884 -0.2494385839 0.0226854049 -0.0232827738 0.0111860177 -0.0017095227 0.5909644961 -0.0000116337 -0.0478098616 0.0960311443 -0.0005700083 -0.0099428147 -0.1598543078 0.0352376886 0.0015356758 0.0004861800 -0.1758685112 0.2970511019 -0.0009143088 -0.0180400964 -0.0191039573 0.1020322293 -0.4195300043 -0.0011806113 -0.0028582243 0.0154471723 -0.1420864165 0.0655074269 -0.0077719134 0.2646173835 -0.1298634112 -0.0006195105 0.0004456464 -0.0004743459 -0.0003925148 0.0572313182 -0.2720385790 0.0820231363 0.0304176789 -0.0003491563 0.0070559056 0.0011541437 0.2357904464 0.0010238590 -0.2262135446 0.0009016624 0.1376020312 0.0934620276 -0.0098978709 -0.0009281914 -0.2663874030 -0.0276005212 0.0016720903 0.0187472906 0.0532891043 -0.0762140006 -0.0006405310 -0.0498698615 -0.0000233701 -0.0554588884 0.0887490213 0.0012520198 -0.0608366132 -0.0134477541 -0.0012757087 -0.5906990767 -0.1072577462 -0.1204288006 -0.0013785036 0.0017571417 0.0011980012 0.0124018332 -0.0798050165 -0.0023837974 0.0071795965 0.0423469767 0.2388354689 0.0016219763 0.0181401838 0.4805406630
-0.0401254818 -0.0014846616 0.1102024317 -0.2163872123 0.0011665694 -0.0007155907 -0.2358236611 -0.0312490351 -0.2507299781 -0.0032246134 0.0505767018 -0.0428147614 -0.0284435619 -0.0747357458 -0.0255737435 -0.0009894229 0.0014892413 0.0516673103 0.2497020066 0.0293551162 0.1781422943 -0.0461034738 -0.0824820995 0.2235660553 0.0003837470 0.0327918492 0.0012764425 -0.0028040740 -0.1856489778 -0.0299621690 0.1130592450 -0.0186188631 0.2137716115 -0.0084114028 0.1926359981 -0.0230152998 0.0890350342 -0.0013236189 0.0018782914 -0.0044415141 0.1507219821 -0.0004213746 -0.0040871487 0.0018781272 -0.0534689389 0.0974263623 0.1136180684 -0.0072141294 0.0015233093 -0.2535793185 -0.0009269200 -0.0004839786 0.1722934246 -0.0006960562 0.1180832908 0.0260173976 -0.1612010598 0.1230492219 -0.0003384180 0.1606023759 -0.0475659035 0.1464445889 -0.0002252355 0.0586797222 -0.0285307076 -0.0015816157 0.0406404659 0.0195615124 0.0365658440 -0.0002487311 0.0744599551 -0.1285353452 0.0003067946 0.0142042441 0.0299512167 0.2019148618 0.0129895043 0.1523528695 0.1534565538 -0.0007885082 0.0124735478 -0.0293784905 0.1335932165 0.0149052711 0.0002833811 0.2091394216 0.0016426893 -0.1789588332 -0.0006215143 0.0673524886 -0.0877574086 -0.0548906066 -0.0008897706 -0.0043490082 0.1700437516 0.0005725536 -0.0608768761 0.0013130439 0.0005718470 -0.0660526082 -0.0003503032 0.0389918908 0.0360371880 -0.0229834951 -0.0505224392 -0.2601042986 -0.0624295883 0.0355949700 -0.0003800303 -0.0105452836 0.1617779732 -0.0014826297 -0.0003922499 -0.0003053338 -0.0004792501 -0.1590880901 -0.0365087539 -0.0029531189 -0.0012582567 -0.0014554653 -0.0249387175 0.0008197026 0.1703366488 0.0844241679 0.0399678238 0.0794888288 0.1513162702 -0.0063183610 0.0011048272 0.1043199226 -0.1919300258 0.0826798230 0.1468427628 0.1886970252 -0.0004890271 0.0796159729 0.2278846353 0.0507478230 0.1147729531 0.1413300931 -0.0004482619 -0.0008202589 0.0003092475 0.0373065732 0.0122976536 0.0352566950 0.0008453041 0.1366140991 0.0219593234 0.0335391536 0.1823935211 0.0852546021 -0.0579987131 -0.2316034585 0.0007946184 -0.0109346183 0.0026021393 0.0595468432 0.0919811949 -0.0618048050 -0.1166547909 -0.0308207925 0.1020683199 -0.0018693437 0.1460836679 0.1130746827 0.0302522890 0.0138899935 -0.0014455661 0.0009204660 0.0800762326 0.0832720920 -0.0002139246 0.0070987102 0.0705746859 -0.0035296828 -0.1179241240 0.0587444156 -0.0476705506 0.0179408994 -0.0469284691 0.0034317102 -0.1149050593 -0.0003169861 0.1700948775 0.0182987228 -0.0012887059 -0.0574511364 -0.0042039412 0.1539898068 -0.0013091014 -0.0001846203 0.1961644292 -0.2258181423 -0.0023901602 -0.0145319458 -0.0976056680 0.2688890398 -0.0947915390 0.0013683192 -0.0015517236 -0.0366966613 0.1171359569 -0.1283057332 0.0019435510 -0.0373849869 0.1266706735 -0.0012196499 -0.0001456188 -0.0016220333 -0.0016779008 0.0276318286 0.0287978556 -0.1498891413 -0.1439869851 0.0004768190 0.0481840037 0.0008614974 -0.2627689242 0.0002017909 0.0509989038 -0.0007292261 0.1158799678 0.0664695278 0.2485236079 -0.0007691862 0.0498743840 0.1606548727 -0.0024583351 -0.0270743184 0.0593995899 0.0153309554 -0.0008259004 0.1727795303 -0.0011699551 0.0046887472 0.1450973302 -0.0018340914 -0.0369942673 -0.0350489765 -0.0027683494 0.0553107597 0.0417678468 0.2920892239 -0.0024805248 -0.0009713792 0.0005606982 0.1277786195 0.1011411771 -0.0035751117 0.0631113276 -0.0232427027 0.1542656273 0.0015081288 0.1783821136 0.1581920981
-0.0329346806 0.0008569110 0.0429719985 0.0526119135 0.0018050191 -0.0020719497 -0.1857419014 -0.0236343667 -0.0981277451 -0.0007673085 -0.0034597060 0.3373093307 -0.0502880998 0.0347414687 -0.1226941496 -0.0009587044 0.0024827993 -0.1161044538 0.0343210846 0.0647827163 0.1808973700 0.3183941841 -0.0280422196 0.3094672561 0.0015634616 -0.0241245460 0.0006708797 -0.0012727990 0.0608179010 -0.0165920202 0.0298713800 -0.0187740605 -0.0656405389 -0.1245636642 0.0662133247 -0.2059042305 0.0291574951 0.0004823623 0.0002959084 -0.0035770484 0.0207206309 0.0005501277 -0.0029742499 0.0010802421 0.1578414440 0.0694097504 0.0111137563 0.0368568487 0.0027820424 0.2516691089 -0.0012958822 0.0020686481 0.1411069334 -0.0013249676 0.0598634854 -0.0358906016 0.1184650287 0.1709515303 -0.0032454357 0.0318887942 -0.3684246540 0.0223919228 -0.0010358548 -0.1215497032 0.2095944583 0.0012961716 0.0617258213 -0.0069361385 -0.0326490365 0.0004677970 0.2009738535 -0.0511603840 0.0001945441 0.1129153892 -0.1065417901 0.1294518113 -0.0218885913 0.3276202381 -0.2390091270 -0.0000566980 -0.0482525416 -0.1841852665 0.0106481947 -0.0497196428 -0.0009923589 -0.5747925639 -0.0010576409 -0.0192909073 -0.0000739193 0.0360404141 -0.3394598365 0.2027817518 0.0012396629 -0.0021016886 -0.0382897928 0.0003657983 0.1774175614 -0.0006744968 0.0015752877 -0.3152374923 -0.0024535032 -0.0458597355 0.0176007021 -0.7162895203 -0.0855446085 0.0315054730 -0.0256037172 -0.0371369943 0.0012734317 -0.0002171900 0.0816076398 -0.0011322816 0.0005383253 -0.0009992153 0.0010464888 -0.0276746619 -0.1474972516 -0.0017072246 0.0010104263 0.0035280418 0.0224094111 -0.0010856511 0.0633177385 0.0362344608 -0.1248625442 0.0304648187 -0.4690394104 -0.0176839177 0.0005661124 0.1263527125 -0.1514823735 0.0770841166 0.0680695102 0.1057990640 -0.0009745440 -0.0216490850 -0.0790816694 -0.0833986327 0.2151851505 0.0523606539 -0.0011822033 -0.0013205548 -0.0000175677 0.1001193598 0.1258548796 -0.0275031719 0.0006917762 0.0751364231 -0.0478685759 -0.0112559842 0.0840431377 0.0497237258 -0.4649050832 0.0532073975 0.0035854839 -0.0732094720 -0.0495283008 -0.0931951106 0.0206752662 0.0467705838 -0.0463782661 0.0227054767 -0.1541386992 -0.0001282966 -0.1259853542 0.0121818352 0.0928942859 0.0153145101 -0.0004998855 -0.0000953589 -0.0244591665 -0.0394726582 0.0016933532 -0.3210470378 0.0899051800 -0.0015395668 -0.1474698931 0.0593248010 -0.0094369911 -0.1264287084 0.0435930043 0.0032160531 0.1681032032 0.0003255946 0.0826813802 0.0860038623 -0.0009590427 -0.5493129492 -0.0663879067 0.0484822653 0.0002086454 -0.0002821484 0.0319595784 0.0442880578 0.0015129832 -0.0104189105 -0.1539144963 -0.0332512483 -0.0095815742 -0.0006279086 -0.0023617547 -0.0530628711 0.0340837948 -0.1219659224 0.0484290384 -0.0558720417 0.0302781183 0.0010458479 0.0011934423 0.0009754199 -0.0002818945 0.1601729691 0.0530833453 -0.2540735304 0.0808161050 -0.0004351212 0.0638649017 0.0010352787 -0.5218943954 -0.0003922539 0.0195145961 -0.0013444351 -0.0055937977 -0.0601359047 -1.6218248606 -0.0001060662 0.0923169926 0.0063443324 -0.0015829570 -0.0194810629 0.1593113691 -0.1390108317 -0.0010810751 0.0078832339 0.0015751026 0.2106546462 0.1034997776 -0.0023847346 -0.1464805156 0.0217559543 -0.0026351521 -0.2687329054 -0.0396942943 -0.0114058442 0.0004524144 0.0009961197 0.0010958029 -0.0173041169 0.0345549285 0.0033274102 -0.2066201717 0.0603100322 0.1215249747 -0.0011054854 0.1220016703 0.2672889531
-0.0722906962 -0.0022568956 0.1197089031 -0.3177806139 -0.0005333954 -0.0006589693 -0.0972891673 -0.0380570889 -0.3115440309 -0.0030900298 0.0092368936 -0.1093488559 -0.0156000359 -0.1625906974 0.0148871811 0.0002846456 -0.0004275169 0.0252587460 -0.0038733466 -0.0151766352 0.2055190355 -0.1976050436 0.0829023793 -0.0967339948 0.0014298426 0.0661927909 0.0003362880 -0.0040953108 -0.1996628493 -0.0252467208 -0.0297877528 -0.0195456482 0.2523139715 0.0410984419 0.1263862699 -0.1438794434 0.0969119743 -0.0012357376 -0.0008765276 -0.0048198653 0.1222185865 0.0002756724 -0.0029711565 0.0011259358 -0.0112766027 0.1175993085 0.0111898165 -0.0513685308 0.0012202488 -0.3592246771 -0.0020476975 0.0000542105 0.1389329135 -0.0022805512 0.1386144012 0.1047608107 -0.1931990981 0.0449810587 -0.0014112283 -0.0142884757 0.0563570857 0.1509647816 -0.0008130744 0.0150346681 0.1808117926 0.0004659521 -0.0302804857 0.0755236819 0.0809025317 0.0005477712 0.0475483537 -0.0045063309 0.0013711137 -0.0009339800 0.0650551245 0.1932087243 -0.2064245641 0.0395395458 -0.0945498869 0.0011942177 0.0046883775 0.1523217410 -0.0613430552 0.0546732694 0.0015848203 0.1333013475 0.0002542754 -0.0228468683 -0.0004479313 0.0130681237 0.2340340018 -0.0059619695 -0.0005600363 -0.0016409958 -0.1319708824 0.0000339318 -0.0602300726 0.0007399899 -0.0003782969 0.1280470788 -0.0009469422 0.0604455210 0.0412100516 -0.0685357898 -0.0779448301 -0.0215351172 -0.0413573794 -0.0738139451 -0.0013449324 -0.1355827153 0.1299201995 -0.0023952792 0.0001947111 0.0007760736 0.0008223066 -0.0273830220 0.1092166081 -0.0015778157 0.0004714576 -0.0015986089 0.0311985463 0.0012306634 -0.0666450411 0.0990362018 -0.0572577715 0.0983210579 0.2176086158 -0.3023425341 -0.0000890348 0.1676933467 -0.3207846880 -0.0434626006 0.0802030414 0.1458140612 0.0002124248 0.1172502935 -0.0627335459 0.1557192206 0.2637290359 0.2009944916 0.0001988886 -0.0021821854 0.0011487438 0.0977644995 -0.0978146568 0.0771320164 -0.0008892336 0.1283891946 0.0604522638 -0.0586486012 0.1601187587 0.1000402048 -0.1355701685 -0.1941105425 0.0001651705 0.0374830291 0.0237003490 0.0535304435 0.1370771080 0.1422081590 -0.1849483252 -0.0016569695 0.0198046155 0.0013084960 -0.0716874674 -0.0794969425 0.0184920561 0.0080118207 -0.0004876019 -0.0003178788 0.0878174454 0.0750467777 -0.0007227626 0.0099110538 -0.0575527884 -0.0026334722 -0.1507670879 0.0775959715 -0.0210035462 0.0398467220 0.0009378566 0.0018059697 -0.0153254261 0.0005381231 0.1257334352 -0.0645552054 -0.0002882386 0.0035198263 -0.0673420206 0.1001870930 0.0006790085 -0.0012772024 0.1865827292 -0.4307893217 -0.0024469241 -0.0087564690 -0.1733823419 -0.0279596690 -0.1306679398 0.0004297484 -0.0023902829 -0.0685105398 0.1510678977 -0.1657436788 -0.0135201458 0.0588432997 0.1264535487 0.0017829459 0.0017319034 -0.0007633565 -0.0015704148 -0.0065296260 0.1110056415 -0.2737430632 -0.2062833905 -0.0000881532 0.0224733036 0.0009948531 -0.3153579831 0.0013856270 -0.0059736688 -0.0010253906 0.1075176671 0.0802784264 0.1888526976 -0.0008004944 -0.0155127849 0.0580663420 -0.0017360125 -0.0803870633 0.0102134189 0.0215887167 0.0004677766 0.1706098616 0.0003189173 -0.0754558519 0.1228107810 -0.0025742005 0.0609961189 -0.0551405437 -0.0013506950 0.1718651205 0.0732041225 -0.3253795207 -0.0024039256 -0.0002272805 0.0007390343 0.0650377497 0.0622944571 -0.0032754077 -0.0044304342 -0.0569419302 0.1731218100 -0.0010149938 0.1402042657 -0.2250742614
-0.0026594356 0.0002942066 -0.0010035135 -0.0013937339 -0.0013451889 0.0000896104 0.0009168789 -0.0000028052 -0.0008501842 0.0004943154 -0.0005815722 -0.0019414529 -0.0009300655 -0.0001500052 -0.0026745927 -0.0001753761 -0.0015818091 -0.0018398862 -0.0010020874 0.0011913826 0.0009019222 0.0013885454 -0.0014874752 -0.0002784316 0.0002437465 -0.0004257321 0.0002478114 -0.0009689758 0.0006557128 -0.0000762827 -0.0014152767 -0.0006601369 0.0005868085 0.0005095422 0.0011803892 0.0000173980 -0.0021580581 -0.0007196420 0.0005078063 0.0000631546 0.0012101029 -0.0003814919 -0.0016721492 -0.0010426383 -0.0011196943 -0.0012524793 -0.0012395566 -0.0024535840 -0.0004513373 -0.0010088740 0.0004962918 0.0014820360 -0.0011606802 0.0008829945 -0.0011548823 -0.0005908392 -0.0002103074 -0.0000501832 -0.0007254642 -0.0012168598 -0.0021463919 -0.0016881514 -0.0008398701 -0.0005567724 -0.0003936523 0.0001921517 -0.0006324397 -0.0005964036 -0.0022845115 -0.0014430156 -0.0000612653 0.0007872218 -0.0010052592 -0.0002133898 -0.0006745937 0.0001338461 -0.0002376528 -0.0012171001 -0.0006836080 0.0006745009 -0.0000242754 -0.0010700887 0.0003140843 -0.0002512532 0.0002634205 -0.0027588988 0.0004359434 -0.0022717970 0.0006869725 -0.0017564319 0.0005572832 -0.0000790086 -0.0003210214 0.0004542524 0.0008581720 0.0008315602 0.0014700199 -0.0014447310 0.0002805007 0.0000650921 0.0010675172 0.0000495705 -0.0031490137 -0.0016285513 -0.0010260193 -0.0008491340 -0.0013970321 0.0010609254 0.0013335970 -0.0008909771 -0.0007163363 -0.0011792668 -0.0002647043 0.0011467049 -0.0011636014 -0.0005981809 0.0005341112 0.0003556499 0.0001326150 0.0007260325 -0.0008646041 -0.0014115579 -0.0002004100 -0.0028228951 -0.0015384996 -0.0013464151 -0.0012973917 -0.0008535422 0.0001844652 -0.0027214657 -0.0003750862 -0.0014102991 -0.0007367411 -0.0002199787 0.0007871903 -0.0023306133 0.0013371350 -0.0030556293 -0.0001942486 -0.0021603482 -0.0017775373 0.0004771440 0.0001830345 -0.0002634355 -0.0010500321 -0.0009419552 -0.0004420868 -0.0022338342 0.0012527916 -0.0017800527 -0.0000672765 -0.0029182404 -0.0027301828 -0.0013623401 -0.0001058257 -0.0003394042 -0.0007403587 -0.0010279451 -0.0027256766 -0.0021416701 0.0006180690 -0.0017090311 0.0003617728 0.0004608337 -0.0020474019 -0.0003817847 -0.0008952112 -0.0015654439 -0.0012214322 0.0012604686 0.0014141429 -0.0003585607 -0.0011639053 -0.0015935224 0.0008835684 -0.0000235450 -0.0009014417 0.0009723935 -0.0010902418 0.0002535544 0.0004226941 -0.0014924869 -0.0006853167 -0.0006908796 -0.0000033554 0.0010956591 -0.0008240830 -0.0010827546 -0.0003980108 0.0006802690 0.0004462264 -0.0013247451 -0.0004110674 -0.0028771413 -0.0016666432 -0.0003512272 -0.0009218158 -0.0017811768 -0.0003168989 0.0008484627 0.0010153484 0.0003094163 -0.0010442244 -0.0002980664 -0.0000612599 -0.0003800583 -0.0019188940 0.0004811359 -0.0013202860 0.0004145881 -0.0014018647 -0.0013203248 -0.0009542338 0.0000730828 -0.0022823205 -0.0001914232 0.0013058962 -0.0002331978 -0.0015749878 -0.0001611883 -0.0009897501 0.0010902506 -0.0009820327 -0.0024455395 -0.0008532287 0.0001726832 -0.0006667371 0.0012026780 -0.0014597893 -0.0020093564 0.0012182918 0.0000944272 -0.0014808549 -0.0002892368 0.0007695897 -0.0031708300 -0.0017347848 -0.0015382869 -0.0005168371 -0.0026453689 0.0010683751 -0.0013974151 -0.0006405104 -0.0003434636 -0.0003475367 -0.0007685114 -0.0004858028 -0.0010588035 -0.0008363887 0.0001859142 0.0002466122 -0.0010145555 0.0006081950 0.0012837846 -0.0012428164 -0.0011884723
-0.0006975149 0.0011875251 -0.0015884117 -0.0014301648 -0.0005427266 0.0013579129 -0.0009557647 -0.0005953857 0.0011219300 -0.0015040737 -0.0000417220 -0.0006051619 0.0010814718 -0.0002103796 0.0009673919 -0.0013762010 -0.0004325029 -0.0015663740 -0.0015714915 -0.0011853199 0.0009946406 0.0008713235 0.0003730741 -0.0005428689 -0.0005410035 -0.0016557763 -0.0009386290 0.0005973347 -0.0012149307 -0.0011476859 -0.0009892259 0.0007794824 0.0002207296 -0.0011344790 0.0008253217 0.0002879291 0.0000148281 -0.0012413828 0.0001028766 0.0008138292 0.0012072416 0.0004743460 -0.0007330772 0.0008381952 0.0008983876 -0.0001053848 -0.0017983875 -0.0000822798 -0.0007739975 0.0003604318 0.0007702494 0.0007912134 -0.0005294663 -0.0005778254 0.0005579888 0.0000374455 0.0007975532 -0.0017975838 0.0000653612 -0.0015684875 0.0001073165 -0.0004910806 -0.0010034756 0.0007464509 0.0007354083 -0.0013848270 0.0007838082 -0.0013413096 -0.0008779986 0.0003405889 -0.0009145427 -0.0012994565 -0.0009542541 -0.0006585656 0.0007319179 -0.0012910299 -0.0007817388 -0.0016712567 -0.0010486539 0.0001640035 -0.0013479586 0.0008807830 0.0005173571 -0.0011452993 0.0004220439 -0.0015215519 0.0000604473 -0.0014033733 -0.0012373502 -0.0008593987 0.0000421036 0.0010771157 0.0007311256 -0.0017526516 -0.0004591374 0.0015042012 0.0010287734 0.0005377153 0.0004027940 -0.0008731445 -0.0006136626 -0.0013590063 -0.0008549390 -0.0009108753 -0.0000119417 0.0007807817 -0.0013116460 0.0002234311 -0.0002794193 0.0001812167 -0.0002120955 0.0000537822 0.0007637034 0.0004452119 0.0005366310 -0.0014496918 -0.0009414975 -0.0015991736 0.0002782895 -0.0004142691 -0.0010256259 -0.0015911702 -0.0004385946 0.0003621166 0.0003288354 0.0011785346 0.0009751045 -0.0013701315 -0.0009315583 0.0008239559 0.0000397874 -0.0015503027 -0.0004943772 -0.0010588218 -0.0010512223 -0.0009774225 -0.0016018078 0.0007665067 0.0009156623 -0.0003368593 -0.0003113651 0.0003429626 -0.0015525996 -0.0003055801 -0.0008721676 -0.0003775146 -0.0005030969 -0.0011741484 -0.0005201243 -0.0002856969 -0.0013919437 -0.0010236662 -0.0014883293 -0.0006442356 -0.0008662915 0.0005083872 -0.0015462274 0.0007391674 -0.0017311701 0.0001354841 0.0003059104 0.0002058860 0.0002986946 0.0009661377 0.0003560822 -0.0013315069 -0.0000774306 -0.0011573900 -0.0002499021 -0.0007295355 0.0005882547 -0.0003365090 0.0001683858 -0.0016991501 0.0008926211 -0.0008943207 -0.0003989797 -0.0003577864 0.0003344117 -0.0001447844 0.0006789732 0.0003227704 -0.0016992802 0.0002689875 -0.0000096606 -0.0012707229 -0.0002261433 -0.0017161954 0.0007963446 0.0006732873 -0.0001776796 0.0005228242 -0.0017976129 0.0007782407 0.0002890546 0.0002759817 -0.0009515818 0.0004126779 0.0011070010 -0.0010456743 0.0001761458 0.0003981394 -0.0010412309 -0.0014891061 -0.0016531242 0.0005622120 -0.0005211274 0.0003995525 0.0006853611 -0.0000517364 -0.0015306310 0.0011379152 -0.0015367691 -0.0014860703 -0.0002401302 0.0002079059 -0.0013284840 0.0001034169 -0.0008061262 0.0011412265 -0.0016115584 -0.0000019891 -0.0012644484 0.0005641634 -0.0014531112 -0.0015756818 -0.0016307476 -0.0017532142 0.0000561810 -0.0005035009 0.0009512134 -0.0004659690 0.0003392502 -0.0016681198 -0.0004642135 -0.0008344732 -0.0005073080 0.0000655965 -0.0016261751 0.0003230013 0.0005633064 -0.0016801732 0.0002781378 -0.0015404138 0.0003680572 0.0008310020 0.0004156985 0.0004239982 -0.0015651063 -0.0005289364 -0.0013816012 -0.0011967493 0.0004147898 -0.0014508113 0.0008052666 -0.0003649370
-0.0013211524 -0.0014457168 -0.0013605828 -0.0023900140 -0.0012197886 0.0013826623 -0.0014202680 -0.0009957799 -0.0026162255 0.0007881908 0.0009737231 -0.0018660135 -0.0009334950 -0.0019884086 -0.0033934766 -0.0015423687 -0.0014652857 -0.0009346246 -0.0011391267 -0.0024493388 -0.0018756298 -0.0001079145 -0.0027089752 -0.0008645114 -0.0001808338 -0.0031557472 -0.0006439179 -0.0007619461 0.0009924338 -0.0011512729 -0.0012857913 0.0000315476 -0.0031225358 -0.0036433097 -0.0020843088 -0.0034618718 -0.0011312944 -0.0008644388 -0.0010072869 -0.0005019263 -0.0003428879 -0.0017589681 -0.0005711674 -0.0003887136 -0.0036898353 -0.0015327382 -0.0018719820 -0.0007506562 0.0005663132 -0.0023013242 0.0005035504 0.0008102829 -0.0003798845 -0.0000117268 -0.0009437306 -0.0031572669 -0.0015937177 -0.0016886001 -0.0004559500 -0.0017015528 -0.0014717991 0.0012346728 -0.0013600497 -0.0004072955 -0.0020555020 0.0007849930 -0.0014277395 -0.0007639558 -0.0039446279 -0.0009754394 -0.0001366269 -0.0007848802 -0.0004456402 -0.0014364906 0.0004096070 -0.0027616927 -0.0030397563 -0.0027566128 -0.0002497970 -0.0015193911 -0.0009950973 -0.0032333871 -0.0011024930 -0.0006865433 0.0003233921 -0.0028953834 -0.0008574621 0.0006978760 0.0004182020 -0.0014834984 -0.0011055466 -0.0017437509 -0.0013866145 -0.0000626761 -0.0010991294 -0.0000723950 -0.0026370529 0.0003624641 -0.0011259465 -0.0005608232 -0.0017880418 -0.0038179888 -0.0027006168 -0.0011166384 -0.0037088832 -0.0026900414 -0.0025076242 -0.0007418430 -0.0008946790 -0.0017325279 0.0008110874 -0.0015850235 -0.0006679642 -0.0008854771 -0.0002211164 -0.0009184369 -0.0023977840 0.0003529222 -0.0008089980 -0.0010750467 -0.0015146608 0.0009523911 -0.0030253429 -0.0009915461 -0.0007961034 -0.0016689255 -0.0011042143 -0.0013630993 0.0005952177 -0.0032592074 -0.0005922467 -0.0024985455 -0.0010580792 -0.0007961145 0.0014901208 0.0012526659 0.0006243947 -0.0015964241 -0.0003052170 -0.0009586632 0.0004198835 -0.0008135173 0.0002345113 -0.0008200473 -0.0012557337 -0.0002456216 0.0000974424 0.0011390554 -0.0020967314 -0.0015211543 -0.0021534686 -0.0027149573 -0.0027638054 -0.0014279598 0.0006735303 -0.0017124189 -0.0028029145 -0.0005977348 -0.0017635364 0.0007769323 -0.0011425501 -0.0009628623 0.0000536588 0.0010553314 0.0003215665 -0.0022365511 -0.0032780468 -0.0016605336 0.0008060911 0.0003421883 -0.0015123116 0.0015125425 -0.0017486116 -0.0010158863 -0.0025461651 0.0006259443 -0.0010781544 0.0011402161 -0.0013785564 -0.0013835594 -0.0001400510 -0.0017673813 -0.0025942044 -0.0006561070 -0.0001869124 -0.0017765170 -0.0004526269 -0.0030383586 -0.0008912357 -0.0014053140 -0.0006685058 0.0007488133 0.0006638731 -0.0027076879 -0.0010935465 0.0014072986 -0.0008990795 -0.0007590135 -0.0010193739 -0.0017225490 -0.0017958127 -0.0008880178 -0.0021489381 -0.0014851202 -0.0028472252 -0.0014808875 -0.0001847602 0.0006352769 0.0002203286 0.0011536032 0.0005814989 -0.0031083149 -0.0028957033 -0.0028974263 -0.0008119746 -0.0005846084 -0.0038800386 -0.0015033790 -0.0013773249 0.0006767817 -0.0019487577 0.0011577837 0.0003560817 -0.0014738831 0.0000829694 0.0007385697 -0.0015934733 -0.0015700194 0.0002206455 -0.0018467302 -0.0021968104 -0.0010936832 -0.0008933984 0.0009498264 -0.0011751971 -0.0036744457 -0.0011439403 0.0005694368 0.0002318639 -0.0023791525 -0.0017758870 -0.0012784225 -0.0020500007 -0.0010070768 -0.0000992465 0.0002777677 -0.0012639926 -0.0018340098 -0.0030697149 0.0009227472 -0.0015144217 -0.0028848923 0.0005608677 -0.0015136814 0.0003206249 -0.0009993891
-0.0051490250 0.0009807327 -0.0042515150 -0.0055870451 0.0005698361 -0.0007074421 -0.0038271188 -0.0027715173 -0.0057540666 -0.0015513543 -0.0061061699 -0.0057343896 -0.0031265430 -0.0050045294 0.0041776472 0.0003479050 0.0001736400 -0.0054214983 -0.0052320268 -0.0036481943 -0.0050353878 -0.0036133728 -0.0057440083 -0.0030550600 -0.0003690508 -0.0037357847 -0.0004705767 -0.0013873071 -0.0057316804 -0.0035554280 -0.0052839452 -0.0003664017 0.0035363934 -0.0051797037 -0.0045715282 -0.0050947978 -0.0025703609 -0.0009046491 0.0009251745 -0.0008048847 -0.0054286337 0.0009016624 0.0001517712 -0.0001345370 -0.0030984334 -0.0042046485 -0.0057485956 -0.0035291393 -0.0003111140 -0.0031171963 -0.0017663512 -0.0002967003 -0.0039208215 0.0013808321 -0.0055680741 -0.0044174786 -0.0030535553 0.0054605557 -0.0016236294 -0.0048078853 -0.0033910458 -0.0054452512 -0.0002962587 -0.0040202462 -0.0041184663 0.0005440888 -0.0049966220 -0.0056356592 -0.0037352601 -0.0009815487 -0.0059282351 -0.0031996656 -0.0012995636 -0.0029563007 -0.0032311706 -0.0056368904 -0.0060152397 -0.0032888530 -0.0053479569 -0.0017469940 -0.0051081018 -0.0033781838 -0.0051449863 -0.0039585219 0.0005640997 -0.0055084168 0.0004976463 -0.0033934086 0.0006681528 -0.0033290337 -0.0051499968 -0.0035518573 -0.0017852000 0.0000581137 -0.0041022771 -0.0004054762 -0.0047552870 -0.0013080230 -0.0008452591 -0.0036830143 -0.0007442438 -0.0057193958 -0.0046951268 -0.0051989211 -0.0036235126 -0.0027008567 -0.0057387301 -0.0055668317 -0.0009291116 -0.0054809274 -0.0057854890 0.0001804904 -0.0016240506 -0.0013532990 -0.0006292373 -0.0051629422 -0.0028087737 0.0010876673 0.0010229447 0.0011698360 -0.0033793973 0.0007788612 -0.0033382170 -0.0036109306 -0.0035636432 -0.0051312586 -0.0033960685 0.0043345611 -0.0013333375 -0.0056366944 -0.0058638011 -0.0053818608 0.0050638844 -0.0042642490 -0.0003811597 0.0031585947 -0.0033898733 -0.0031190109 -0.0037447601 0.0044491971 0.0011846473 -0.0001975799 -0.0015507282 -0.0051649334 -0.0048910473 -0.0050954209 0.0001604765 -0.0056225345 -0.0034991533 -0.0039536166 -0.0060284934 -0.0034311567 -0.0040301522 0.0026570372 -0.0000648580 0.0044727139 -0.0048948335 -0.0040944773 -0.0047367685 -0.0056959656 -0.0054130075 -0.0053842282 0.0041863639 0.0004845077 -0.0032281175 -0.0029702575 -0.0039743818 -0.0058555114 -0.0016774900 -0.0003411312 -0.0041752807 -0.0040035374 -0.0003881395 -0.0032192525 -0.0035034013 -0.0016337461 -0.0050035552 -0.0033323888 -0.0040837256 -0.0043450254 -0.0047617410 -0.0009667523 -0.0053858003 0.0004469243 -0.0047799344 -0.0033872181 -0.0013815197 -0.0058865324 -0.0052069430 -0.0035095480 0.0000010944 -0.0000595057 -0.0036853426 -0.0060070497 0.0000577832 -0.0015695718 -0.0039934218 -0.0039559100 -0.0037011933 -0.0000890638 0.0008362925 -0.0034020876 -0.0053172149 -0.0037371451 -0.0035133041 -0.0033059786 -0.0052830265 0.0011354696 -0.0013287764 -0.0015307602 -0.0008085782 -0.0053085168 -0.0035098370 -0.0040934249 -0.0058009410 0.0008260155 -0.0044223978 -0.0003154546 -0.0040557263 -0.0001242085 -0.0061246692 0.0006157685 -0.0057669529 -0.0044870367 -0.0048405430 0.0004764782 -0.0056197569 -0.0031241847 -0.0003379718 -0.0042277318 -0.0054360982 -0.0032453816 -0.0000686930 -0.0060258000 0.0000253228 -0.0039633494 -0.0033462390 -0.0014458816 -0.0046258927 -0.0042449175 0.0002397689 -0.0051413458 -0.0042700064 0.0037576279 -0.0008289962 0.0012246560 0.0001609511 -0.0054946910 0.0041776309 -0.0007708551 -0.0047984612 -0.0043959189 -0.0045648059 -0.0005887699 -0.0055838269 -0.0054746647
-0.0014465032 0.0003056107 -0.0005102065 0.0001923690 0.0010763459 -0.0003941116 0.0007134635 -0.0012920054 -0.0002366873 0.0002328512 0.0000793149 0.0008879590 0.0005768227 -0.0017898163 0.0010002557 -0.0012342691 -0.0007672471 -0.0005868767 -0.0011642005 0.0005605060 0.0002204688 0.0003097970 -0.0019656648 -0.0015178276 -0.0009768817 -0.0005234240 0.0006068035 0.0009110733 -0.0006277952 -0.0008051500 -0.0006933972 0.0004080512 -0.0019934084 0.0003638539 -0.0019798749 0.0007020714 0.0009925879 -0.0003682711 0.0007538646 -0.0000995295 -0.0004548538 0.0003768616 0.0004411013 0.0009705622 0.0005244609 -0.0001983225 0.0004450241 -0.0000175952 0.0006248023 0.0000225448 0.0003992797 -0.0006209241 0.0008927725 0.0006357221 -0.0018386350 0.0002814211 -0.0019797604 -0.0002510443 0.0010598378 -0.0003428773 0.0009325917 0.0000484425 -0.0005048680 -0.0008251977 -0.0018922592 -0.0003459524 -0.0019459365 -0.0000988461 -0.0009667748 0.0007129262 0.0005127821 0.0000110715 -0.0000513060 -0.0015879746 -0.0010931334 -0.0019974674 -0.0016333665 -0.0004044081 0.0008443889 0.0001941130 0.0006380843 0.0007329653 0.0006735122 -0.0010285805 0.0012143005 -0.0018757642 0.0009886023 0.0000155281 0.0001449834 0.0007548135 -0.0012513752 0.0007349427 -0.0011299067 -0.0008090087 0.0002196898 -0.0009147746 -0.0019262163 -0.0013489267 0.0004718622 0.0002808016 0.0005028651 -0.0010160165 -0.0008894406 0.0005101857 0.0008506202 0.0007475002 -0.0001413179 -0.0001224896 0.0009002595 0.0007773357 -0.0003296774 0.0003173171 -0.0008890251 -0.0003047779 0.0000890909 -0.0000310599 -0.0018831586 -0.0017710055 -0.0007005861 0.0009696026 -0.0016231497 -0.0002759137 -0.0009871895 0.0005173180 -0.0008916309 0.0002019553 -0.0009228748 0.0004387094 0.0005730423 -0.0006931729 0.0008224929 -0.0013276441 -0.0011929949 0.0010275384 -0.0008892863 0.0006003705 0.0002573018 -0.0003369268 0.0001866083 -0.0001503022 -0.0003547408 -0.0015760699 0.0003996818 -0.0007276917 -0.0013079648 -0.0001113618 -0.0003272842 -0.0013192383 -0.0019873625 0.0005339657 -0.0007854794 -0.0007182300 -0.0003879263 -0.0006496898 -0.0001419584 -0.0016341929 -0.0000410384 -0.0018152116 -0.0011162047 0.0002528313 -0.0009711568 -0.0018892562 -0.0017276069 0.0007674410 -0.0006371404 0.0004959045 -0.0015606162 -0.0009831766 -0.0001298734 -0.0003935758 0.0009118533 0.0004235989 -0.0002368622 -0.0018397535 -0.0016553513 -0.0015052792 -0.0007727302 0.0001517289 -0.0005581676 0.0002848878 -0.0008912490 -0.0007786857 0.0001953912 -0.0012660832 0.0002071221 -0.0010457729 -0.0007577385 -0.0002149972 -0.0016857412 0.0006152813 -0.0015176060 0.0005635474 0.0008199127 0.0008654722 -0.0010461251 -0.0011221130 -0.0011924566 0.0009713272 -0.0015332676 -0.0000793475 -0.0007539294 -0.0009567469 0.0004025476 0.0005929246 0.0008291518 -0.0019816183 -0.0011626505 0.0002972583 0.0000035791 0.0000421825 0.0008675711 0.0009017275 -0.0003137797 0.0009599000 -0.0012001928 0.0002066698 -0.0007827594 -0.0002539181 -0.0009486409 -0.0005378728 0.0004718254 -0.0001348340 -0.0011726763 -0.0006305692 0.0006272836 -0.0017850377 0.0006330760 0.0001131499 0.0010403062 0.0008280111 -0.0003266498 -0.0000652706 -0.0000289663 -0.0015337102 0.0005808756 -0.0001280287 -0.0000935906 -0.0004779449 0.0002753997 -0.0002764023 -0.0008844125 -0.0000196259 0.0006785103 0.0008479987 0.0002299260 0.0005149345 -0.0014780958 0.0003771477 -0.0003183689 -0.0018306655 0.0003645813 -0.0006943232 -0.0012963022 -0.0016445415 -0.0011998595 -0.0003564942
0.0064261290 -0.0004411490 -0.0191476978 0.1821144670 0.0003731722 -0.0015955226 -0.1315354109 -0.0800290331 0.0256822221 -0.0022908107 -0.2878960967 -0.0037941947 -0.1505286545 0.0217470732 0.0546743013 0.0011591779 -0.0000048596 -0.0085509205 0.2460244745 -0.0809987858 -0.6530930400 -0.0077710492 -0.0374975204 0.0363396779 0.0016322215 -0.0245342571 0.0004672915 -0.0040400922 -0.0621265210 0.0081939427 -0.0274938941 -0.0303229969 0.6386300921 0.1721291244 0.0204823650 -0.0146888783 0.0073763817 -0.0006413333 0.0016585774 -0.0023193390 -0.2345243394 0.0001864767 -0.0017041055 0.0019418757 -0.0778863728 0.0829204619 0.0681019351 -0.0935817510 0.0026009048 0.0762418732 0.0014113957 -0.0003380307 -0.0939687565 -0.0012853730 0.0036372135 -0.0688185096 0.1184776500 -0.0844991952 -0.0030135985 0.0169107318 0.0974982157 0.0831145570 0.0014663783 -0.1156226471 -0.3063453436 -0.0006173623 -0.0677905530 -0.1059154868 0.0049752188 -0.0003141271 0.1170737371 -0.0523898676 0.0014525307 0.1274142265 -0.0307911541 -0.2521278560 0.1220258400 -0.2683922946 0.0180522427 -0.0008376902 -0.0842200816 -0.1713281870 -0.1425432265 -0.0870781988 0.0016106534 0.2867225707 -0.0006377841 0.0946912616 0.0007391787 -0.0651872382 0.2712067068 -0.0648958683 0.0005606018 -0.0032604046 0.0377111547 -0.0012794213 -0.2663183510 -0.0007126980 0.0006049448 -0.0137934480 -0.0006710113 -0.0198274627 0.0471402258 0.1069625840 0.0137615269 0.1367505938 0.0440243632 -0.0943039209 0.0018702885 0.0683404505 0.0142244054 0.0011767996 0.0008724179 0.0007180352 0.0013955329 -0.0275726765 0.0725552216 -0.0021213198 0.0010459350 -0.0001319500 0.2413066924 0.0013664721 -0.1211633086 0.0308389291 0.1086004451 0.0155770713 0.0116083911 0.3927210867 -0.0000958210 -0.3719397783 -0.2403904349 -0.0538155735 0.0344245397 0.0118077276 -0.0003018506 0.1511784792 0.2331462204 -0.0046053841 -0.3468052149 -0.4937624633 -0.0012101704 -0.0016660240 -0.0008648739 0.0024913640 -0.0248438530 -0.0555589274 0.0017474267 0.0819658488 0.1553288102 0.0839322209 -0.2556979954 0.0389413908 0.0575541481 0.1654148996 -0.0007400369 0.0431499556 -0.0886278525 0.0924637765 0.0008863933 0.0341716073 0.1056437567 -0.3303957880 -0.1176919416 -0.0003884963 -0.0499318168 0.1567056477 -0.0147287166 0.1078136265 -0.0003327302 -0.0004984146 -0.2512198091 0.0685179085 -0.0007282348 0.0164713245 -0.0129100755 -0.0036379620 0.0594129935 -0.1934381276 0.1123242080 -0.0225887932 -0.5725495815 -0.0008188079 -0.0318424776 -0.0008890322 -0.0036979634 0.0655068159 -0.0000289290 0.8338191509 -0.1517085880 0.0125494227 0.0000502269 -0.0006246397 -0.5948578715 0.0209082868 0.0013623140 0.0217363965 0.1502074897 -0.0893180892 0.3089020252 0.0005169213 -0.0013094208 -0.2257369608 -0.0323583595 0.1228366122 -0.0723830909 -0.1445600092 0.0669085383 -0.0008606557 0.0002639407 0.0013690782 -0.0019857087 0.1073654369 -0.1141013056 0.1209275946 0.0017503685 -0.0002259909 0.0172350220 -0.0001192698 0.0185669083 -0.0002605610 0.0135254934 0.0011667451 0.0544454381 -0.1273229420 0.2434939593 -0.0003961076 -0.0721016005 -0.0650451481 0.0005028530 -0.0212437641 0.0139714051 -0.1636143774 0.0013783096 0.1809801012 0.0008899257 -0.3476349711 0.0403078534 -0.0007424323 -0.0342364348 0.1143850982 -0.0022854209 -0.0952269435 -0.0851047859 0.0626688674 0.0011114617 -0.0003441046 -0.0010004216 0.0188926589 0.1149924397 -0.0028223146 0.0886506513 -0.0788601562 -0.0453678407 0.0003495102 -0.0561316721 -0.1082395315
0.3895195127 -0.0015242519 0.1330556720 -0.0582474582 0.0007522564 -0.0002227371 0.1405133903 0.0168044008 -0.1604649872 -0.0010693972 -0.0466087200 0.4005856216 0.0456078127 -0.0855747834 -0.0360768698 0.0013343808 -0.0007962359 -0.0962597951 -0.0155186998 0.0213369541 0.0171334613 -0.1230575368 -0.4831645191 0.3059769869 0.0003396548 -0.0473347977 -0.0007257414 -0.0035041405 -0.1914264858 0.0819383487 0.8672664762 0.0120637435 -0.0442176647 0.2812450826 0.0289440081 -0.4486458600 -0.0360867940 -0.0007510483 0.0004031877 -0.0033330859 -0.0469134487 0.0016173945 -0.0021177870 0.0021644705 0.0101171825 0.0927641988 0.0767527297 0.3553452790 0.0018494714 -0.3405279219 -0.0010333111 -0.0005849348 -0.0796796679 -0.0002496492 0.0132526485 0.1855770350 -0.1280394942 0.0843886212 -0.0022037718 0.0616140887 0.5186660290 0.0663051084 0.0006237015 -0.4650937021 -0.2165809870 -0.0008568826 0.0357393473 0.0799776688 0.0881161764 -0.0002149057 0.4855276048 0.0580183826 0.0003523993 -0.0072648036 -0.0287914034 0.2042767853 -0.1956481189 0.1063652709 -0.0927506015 -0.0002082278 0.0336990878 -0.2883925736 -0.1992277503 -0.1024965867 -0.0003716233 -0.2659752667 0.0008126300 0.4856632054 0.0009578735 -0.2341245860 0.1185369790 -0.5020685792 0.0021422016 -0.0035083215 -0.0476806015 -0.0015833732 0.0394737870 0.0001522979 0.0013554231 -0.0597172752 -0.0027791220 -0.0205689371 0.0079521649 0.2561685741 -0.0338789187 0.5169357657 0.1044295132 0.0640632957 0.0007447526 0.0690668821 -0.1602366716 0.0017098997 0.0017051423 0.0001407119 0.0006401260 0.1764369905 -0.1772898138 -0.0024546827 -0.0001802245 -0.0009266887 0.3176220953 -0.0008471254 -0.0684076697 -0.0513319336 -0.3873600960 -0.0351237878 0.2170971632 0.2712758482 0.0017290835 -0.1074937135 -0.3149255812 -0.0194143485 -0.0224683862 -0.0104063526 -0.0004373961 -0.0136389891 -0.3269115388 -0.0961340740 -0.5162659287 0.1730551720 0.0000925783 -0.0005081777 -0.0003997045 -0.1109123304 -0.0229495559 0.0207821224 0.0015991051 0.0591879822 0.3456011117 -0.1041753665 -0.0598754287 -0.0404955521 0.1534768939 0.3015230894 0.0006735165 0.0687680095 -0.0380264074 0.0063181110 -0.0627662838 0.4337974489 0.0986327007 -0.0426172651 -0.8356370926 0.0001727365 -0.2154202759 -0.0022662226 -0.1274469346 0.0202544946 -0.0015545919 -0.0004658762 0.0830768868 -0.0982962176 0.0015463737 -0.2821787596 0.0166873299 -0.0013089103 0.1149872467 -0.1112484559 -0.0640199706 0.1066720709 -0.1150248498 0.0032856069 0.1745901108 -0.0012436952 0.0989912152 0.0252798796 0.0007224040 0.0780311897 0.2518093586 -0.0676760152 0.0007572392 -0.0006344849 0.0021613638 -0.5660274625 0.0004324335 0.0055214423 -0.4413683414 -0.2067122757 -0.2271196693 0.0012077919 -0.0019590617 0.0022410960 0.0520651415 -0.0253440514 -0.0190091673 -0.0709929615 0.1765193790 0.0017103677 0.0011942183 0.0013449321 -0.0004361566 0.0270348098 -0.2392214835 0.0476726703 0.0607690215 0.0006342431 0.0779742673 -0.0007416584 0.1313715279 -0.0010046628 0.1749569923 0.0004267988 -0.1722365767 -0.0249903779 0.0318602137 0.0000337728 -0.0319982469 0.0674803257 -0.0003564190 -0.0740812868 -0.1241536215 0.0255574379 0.0005223741 -0.0055547692 0.0010462409 0.0964705199 -0.0888793990 0.0004454334 0.1386067867 0.0236601159 -0.0018885139 -0.7654915452 0.0704936087 0.0740371421 -0.0004819946 0.0017651796 -0.0004274860 0.0853239521 0.0986106396 -0.0023693056 0.1171906516 -0.0011928807 0.1668417603 -0.0000001323 0.0001576144 0.0142177530
0.1579333544 -0.0007701538 0.0389453731 -0.1165189072 -0.0005254392 -0.0006237058 -0.0992058367 -0.0311364587 -0.0565410443 -0.0032753767 -0.1634134054 -0.1200599000 0.0319485292 -0.0200566258 -0.0332248174 0.0019465168 -0.0005439410 -0.0318013914 0.1292647272 -0.0226717945 0.1073682830 0.0701356903 -0.1618321538 0.1878666133 -0.0004583790 0.0508380830 -0.0006386741 -0.0035975119 -0.1511773467 0.0522980429 -0.0524246804 -0.0254624095 0.0624356307 0.0978991687 0.1312022656 -0.1670292169 0.0746666342 -0.0015392789 0.0010054962 -0.0024964367 -0.0077606058 0.0000753814 -0.0020847286 -0.0001276794 -0.0279766321 0.0781013817 -0.0243130084 -0.0067532533 0.0023961412 -0.3252453506 -0.0022659102 0.0001753350 0.0730145350 -0.0002151988 0.0866913572 -0.0130613493 -0.1298025250 -0.0084561920 -0.0011540714 0.2169947028 0.0921211764 0.1124978811 -0.0005893544 0.0343681276 0.1947035491 0.0013004439 -0.0302247331 -0.1587231457 0.0526834615 -0.0008785817 -0.0138828037 -0.0728602111 0.0011161702 -0.0050524678 0.0343578383 0.0333573073 0.1549255103 0.0934171677 0.0773711801 -0.0004375736 0.0137656294 -0.1056664437 -0.0179961938 0.0338167176 0.0010966833 -0.0152676543 0.0011087309 -0.0494559854 -0.0002329657 -0.0723965541 0.0030074718 -0.0204256475 0.0017867816 -0.0025578020 -0.0737937838 0.0003501911 -0.0689448267 0.0009830826 -0.0007451425 -0.1732600182 -0.0007546095 0.0946383402 0.0473272055 0.0706730485 0.0451981872 -0.1780194938 0.0065422873 0.0443750545 0.0011817035 0.0290408842 0.0527734719 0.0013806070 -0.0003067954 -0.0001217692 -0.0006907666 -0.3100961745 0.2047687024 -0.0006957195 0.0005900405 -0.0009829693 0.0088950479 0.0000600617 0.0809324980 0.0790151358 -0.0740171745 0.0717385411 0.2609078288 -0.0547852218 0.0000360051 0.0569627322 -0.0954999253 -0.0029577576 -0.0090317810 0.0865782350 -0.0019365591 -0.4069669247 -0.3656090796 0.1509644538 0.0492638871 0.0337129347 -0.0005500853 -0.0002812271 0.0014951801 -0.0824982449 -0.0232510697 0.0570600927 0.0017510303 0.0591239519 0.0253552999 0.0873230472 0.0557737015 0.0793763921 -0.2522861063 -0.0955622569 -0.0012397012 0.0384913757 0.0098859062 0.0122444928 0.0900804251 -0.2710154951 -0.1494014859 -0.1181716621 -0.0263621416 -0.0011173490 0.1031508148 -0.0868396387 -0.0846599936 0.0085047791 0.0002351698 -0.0004560238 0.0241652541 0.0252590794 0.0014093500 -0.0847177655 -0.1074252650 -0.0015631836 0.0097865034 -0.0644340888 -0.0100791026 -0.0075996937 -0.0310480893 -0.0019907393 -0.0761145875 -0.0013170899 0.0808316693 -0.0252740104 0.0006046508 -0.0299416929 -0.0441337600 0.0406413227 0.0016127249 -0.0002092444 -0.0392719321 -0.1565735489 -0.0002130221 -0.0048771705 0.0146662639 0.1982083619 -0.2005895972 0.0006956126 0.0000742933 -0.0675832778 0.0913456008 -0.0393897332 0.0152188325 -0.0290189609 0.0577908941 -0.0006569495 0.0009441291 -0.0003299861 -0.0006849343 -0.0385130793 -0.0231293142 -0.0187836699 -0.0679639727 0.0008785088 0.0051609837 -0.0000419357 0.1191152558 -0.0010096544 0.0924586430 0.0015677594 0.0391929746 0.0431257822 0.3955480456 0.0001153323 -0.1067272127 0.0331234224 -0.0008010354 -0.0311656650 -0.1229169518 -0.0447277799 0.0017640551 0.0454923287 0.0001323500 -0.1215726808 0.0338842236 0.0002752573 0.0833982602 -0.0073394366 0.0002684072 0.0195173863 0.0139523456 -0.7153524756 -0.0014042711 0.0014414031 -0.0001129348 0.0487935059 0.0249319617 -0.0003961568 0.0599293560 0.0004075663 0.0994286388 0.0010039291 0.0289548673 -0.1037981212
-0.0211473033 -0.0001075433 -0.1233609766 -0.1534866393 -0.0006679290 -0.0022104050 -0.1335948706 0.1596491933 0.0075978106 -0.0014983010 0.0732747763 -0.0223045293 -0.0207109321 -0.1378866136 -0.3184285164 0.0012856231 0.0007053875 -0.0402289033 0.0422966965 0.1648892760 0.0302291494 0.0132478653 0.1681394428 -0.0733466819 -0.0009635459 0.1597540379 -0.0000465078 -0.0014569327 0.0792881772 -0.0770398900 -0.2138137221 0.0374392569 0.2022830397 -0.2968142629 0.0712988675 0.0047373464 0.1317043304 -0.0000464255 0.0008930344 -0.0040312791 -0.0130402166 0.0011733173 -0.0034515015 0.0007183351 -0.1812497377 -0.0770242214 0.0828032568 -0.0109121045 -0.0003398333 -0.1070199683 -0.0014167615 -0.0011676049 0.1678413004 -0.0004784146 -0.0822615325 -0.0488086082 -0.0570299923 -0.0525809340 0.0030341530 -0.0123572564 -0.2044540197 -0.0241830386 0.0015845922 -0.0777530670 -0.0819011033 -0.0010896651 0.0735355541 0.0618345551 -0.0388739444 0.0005561919 -0.0790379420 -0.0267920885 0.0009131753 -0.1494303942 -0.0918349922 -0.0526103042 -0.0471116230 0.0614556596 0.0118888868 0.0011485129 -0.2329156697 0.0008276192 0.0332524478 0.0848191604 -0.0014434936 0.1389195323 0.0013944734 -0.1594130844 0.0008362815 0.1000465900 -0.0107195955 -0.0808624625 0.0004886049 -0.0025334847 -0.0284758396 -0.0005136220 -0.1682087034 0.0005349473 -0.0005552830 -0.0043315231 -0.0016473063 -0.2329102010 0.0020866804 -0.0709958673 0.0913565978 -0.0769218877 -0.1203604192 -0.0691728294 0.0014316987 -0.4597757161 0.0442314893 -0.0005403888 -0.0011160611 -0.0005818665 0.0005126454 0.4093502462 0.0337533988 -0.0017852474 0.0001058319 -0.0026345137 -0.0360070281 -0.0008252338 0.0334289894 0.1109102443 0.0362868458 0.1068860367 -0.1288332343 0.0465724207 0.0016004151 0.0069711735 0.0560535565 0.0088183424 0.1371982396 -0.0955600664 -0.0013891142 0.0137825627 0.0899847299 0.1048012823 0.0050790664 0.0721729100 0.0001423352 -0.0016509762 0.0004223140 -0.0796989426 0.0953506008 -0.0100795673 -0.0006874667 0.0307051279 -0.1897091717 0.0287714899 0.0103495764 0.0880987570 0.0891700014 -0.0749350563 -0.0000290908 -0.0987122580 0.1359504163 -0.1019018590 -0.0500764139 -0.0913149863 0.1450281888 -0.1544279307 0.0146081308 0.0011699954 -0.2187109739 0.0067703337 0.1740699261 0.0468903817 0.0015664583 0.0001137781 -0.1207500845 -0.1208525449 -0.0005641270 0.1095626727 0.0671776012 -0.0027016161 0.1104031950 0.2118827254 -0.0400408991 -0.1895996630 -0.0185260791 -0.0018842351 0.1103774235 0.0000414413 -0.0057695778 -0.0396833532 -0.0006193423 0.0137873348 -0.0551367179 0.0764726624 -0.0002196956 0.0017870038 0.0990054011 -0.0873102322 -0.0002870046 -0.0188911073 0.0593694970 0.1054211631 0.1753429323 -0.0005948170 -0.0021387800 0.0318537205 -0.0786118433 -0.1699016243 0.0014259049 0.0784621686 -0.1488421857 -0.0011046379 -0.0001602827 0.0009323386 -0.0010776425 0.0720576867 -0.0983163416 -0.2038319260 -0.0778032988 -0.0004283918 -0.2318748534 0.0001614032 0.1334799081 -0.0000187318 0.0244494006 0.0010514145 -0.0695059821 -0.1213387847 0.1246402636 0.0017002268 0.0412009321 0.0210986584 0.0010528855 0.1419503093 -0.0198499411 0.1080823243 0.0007680782 -0.0043699280 0.0013581528 0.1874665916 0.1075140312 -0.0009059497 -0.0278057531 -0.1420584917 -0.0012755308 0.1901484430 -0.1414789855 -0.0388124250 0.0013994495 -0.0011520400 -0.0011540771 0.1295283884 -0.2592917383 -0.0027101887 0.0822256655 -0.0831353739 -0.0448463373 0.0013001087 0.0063767885 -0.1265892982
0.1916299462 0.0001365947 0.0185425188 0.3552526832 0.0013839441 0.0008981532 0.2211055756 0.1144307181 0.2411391288 -0.0011394162 0.0165908709 -0.0927743241 0.0743633434 0.1376588047 0.0003066674 0.0002936837 -0.0009324566 -0.0239985976 0.1572140008 0.1080535054 -0.3268721998 0.0892325118 0.0994228497 -0.1546050608 0.0009306264 0.1463273466 -0.0011258681 -0.0032480967 0.0170737114 0.1413233727 -0.0563837811 0.0215619002 -0.3621864319 0.0082498537 -0.2320647985 0.3623864651 0.0872621536 0.0014444885 0.0003689560 0.0046395254 -0.0350916833 0.0009631804 -0.0018569486 -0.0017865367 0.2640987933 0.1290196031 0.1713668704 0.0779241920 -0.0015089526 0.0101104761 0.0015888476 -0.0020564552 -0.3497649729 0.0008093402 -0.0311581269 -0.1985874921 0.2595907152 -0.0415387377 -0.0005000476 -0.2473465800 -0.0086131897 0.0190889239 0.0006445829 -0.4239342213 0.0695807114 -0.0013742839 0.0798725337 0.1681559980 0.1280035079 0.0012535171 -0.0605023168 0.0605034083 0.0006774956 0.1057266220 -0.1655257791 -0.1486937851 0.0195238255 -0.1283265501 -0.0071305353 0.0004560745 0.0421279408 -0.0110068377 -0.0642190576 0.0903060213 -0.0011363353 -0.2129814178 0.0017033686 0.1290372163 -0.0010166174 -0.4014708996 0.0114925690 0.1439083517 -0.0001927098 0.0041065533 -0.1170266718 -0.0000777913 0.0819655433 -0.0011800202 -0.0000005122 0.0865896195 -0.0025206599 0.0416560024 0.1827705503 0.1928928643 -0.0645334572 -0.1828631759 0.1602664888 0.0010292308 -0.0017869209 0.0911599398 -0.1750318855 0.0009473329 0.0012272764 -0.0003613106 -0.0000160177 0.7459305525 0.0018846694 0.0031425862 -0.0014408835 -0.0021654475 0.2152677327 -0.0017485576 -0.0761522055 0.1053245440 -0.0856259540 0.0877090394 -0.4185404778 -0.3905971050 -0.0000012662 -0.2561807930 0.6518385410 -0.0511636175 0.1229948699 -0.4265322387 -0.0000637255 -0.4004383683 0.1257132143 -0.0853758156 -0.1878454089 -0.1428206265 -0.0000709319 -0.0024230629 0.0017896923 0.1248043478 -0.1140141338 0.0721806809 0.0001416185 -0.1581827849 -0.2293975502 0.2114095986 -0.3304215968 0.1099480838 0.2652325630 0.2306993306 -0.0029495705 -0.1123068333 0.1199092194 -0.0226869341 0.0541471355 0.0056546135 0.0490861051 -0.2713216543 0.0741491988 -0.0001515123 -0.0011972353 -0.3531147540 -0.0710212290 0.1331119537 0.0000135378 -0.0002964013 -0.0894124657 -0.4243964553 0.0005186651 0.2996357083 0.1921809018 0.0028366689 0.3245025277 0.1311949641 0.1207296401 -0.2065739781 -0.2335810363 -0.0008063068 -0.1078271419 -0.0009791208 -0.1482982635 0.0715046749 -0.0005423879 0.1789510399 -0.0203541704 -0.1902294904 0.0001326463 0.0008695200 -0.0528450124 -0.0025104920 -0.0009036611 0.0201154500 -0.3438098133 -0.0861309543 0.4860433042 0.0016788358 0.0038518161 0.1337360740 0.0342510119 0.2970667481 0.0313778147 -0.2767298222 0.0913034678 -0.0001151619 0.0016282940 0.0014074402 -0.0004167747 0.0164719634 -0.0485864803 0.1868042797 0.0205846317 0.0009934719 0.0220722351 0.0003071840 0.1009926721 0.0016778702 -0.1077532545 0.0005123954 -0.2055863440 -0.0147855934 -0.2707972527 0.0008207046 -0.0503313616 -0.1497836411 0.0003651752 0.0833695158 -0.0209667813 -0.1449493021 -0.0001229686 -0.0192301702 -0.0005286491 -0.0675192922 -0.3115063012 0.0016200106 0.1670196205 0.3740220964 0.0021657711 -0.0937811807 -0.0726141781 -0.1519150287 0.0012962564 0.0001287746 0.0001744746 -0.0356990248 0.2651436925 -0.0007203693 0.1240320653 0.0464577265 -0.2332282811 -0.0011687805 -0.0792776272 -0.2574135065
-0.0020552620 0.0011075365 -0.0044570356 -0.0019148919 -0.0005100017 0.0006266608 -0.0015607962 -0.0041100001 -0.0024623256 0.0003338914 -0.0026425922 0.0009935610 -0.0016183605 -0.0029112117 -0.0030477028 0.0000339786 -0.0007268383 -0.0038694856 -0.0021030013 -0.0041149091 -0.0037572086 -0.0021986342 -0.0024129571 0.0005237999 -0.0014245536 -0.0026519299 -0.0005137459 -0.0010739256 -0.0000012639 -0.0018220285 -0.0018200377 0.0007680547 -0.0044242875 -0.0038859455 -0.0023169646 -0.0022783205 -0.0018965689 -0.0004947499 -0.0015069114 -0.0002726432 -0.0019770181 -0.0016363554 -0.0015060022 0.0005619372 -0.0042329910 -0.0021007124 -0.0032959601 -0.0033364270 0.0011057688 -0.0018661809 0.0006338103 0.0006664605 -0.0034642941 0.0011755187 -0.0041072634 -0.0018626550 -0.0038043573 -0.0039099380 0.0004111406 -0.0042819353 -0.0030265993 -0.0037600147 -0.0008506788 -0.0038855064 -0.0029540837 0.0002125390 -0.0016044935 0.0008760103 -0.0025254998 0.0008150346 -0.0029655532 -0.0035234492 0.0005051870 -0.0021592372 -0.0039134142 -0.0025381120 -0.0026509652 -0.0015994853 -0.0045584729 -0.0001916564 -0.0034445804 -0.0017173591 -0.0026777582 -0.0048880735 0.0013023240 -0.0016336401 0.0001538938 -0.0019781126 -0.0000598917 -0.0009294517 -0.0021901990 -0.0028139406 -0.0015160544 -0.0009749031 -0.0020727294 -0.0014474647 -0.0042194705 -0.0002652414 -0.0018008320 -0.0038861849 -0.0002575787 -0.0023467427 -0.0033623651 -0.0032851868 -0.0036293294 -0.0033593113 -0.0030117799 -0.0029673334 0.0003697224 -0.0022679961 -0.0026270086 -0.0008461767 0.0005408716 0.0009275229 0.0002818229 -0.0028963932 -0.0044581308 -0.0000738635 -0.0012935083 0.0009946135 -0.0036079148 0.0001734219 -0.0035481388 -0.0020284541 -0.0018353194 -0.0039367508 -0.0040166886 -0.0041351565 -0.0006110765 -0.0032739667 0.0006984316 -0.0035242038 -0.0023201997 -0.0025012011 -0.0014011370 -0.0015656598 -0.0027975435 -0.0046192668 -0.0027683938 -0.0033515524 0.0008694516 0.0003537567 0.0011380016 -0.0030532826 0.0032704561 -0.0029252663 -0.0013296410 -0.0045465832 -0.0019035076 -0.0026060867 -0.0042011007 -0.0032315059 -0.0026390844 -0.0039155274 0.0008466925 -0.0021222273 -0.0018197922 -0.0036720547 -0.0019075521 0.0023327100 -0.0040840725 -0.0027604350 -0.0016043350 -0.0007217378 -0.0006828393 -0.0035207360 -0.0039514764 -0.0043913084 0.0011705448 0.0004220958 -0.0031785467 -0.0028239966 0.0011718657 -0.0046054819 0.0000737241 -0.0015460852 -0.0024882921 -0.0007910402 -0.0020199735 -0.0019418165 -0.0008592908 0.0006193594 -0.0023981556 0.0004784012 -0.0018802490 -0.0024448703 0.0009791544 -0.0044945143 -0.0036832923 -0.0017025325 0.0010275041 0.0008433547 -0.0042206822 -0.0036641399 -0.0014576056 -0.0015011650 -0.0039522243 -0.0033427328 -0.0032403346 -0.0002596471 0.0011250068 -0.0041478546 -0.0018634211 -0.0031326390 -0.0040881066 -0.0038816284 -0.0026812817 0.0000173997 -0.0004880000 0.0009771952 -0.0011310671 -0.0017096750 -0.0023821141 -0.0025788392 0.0003504420 -0.0017644966 -0.0033068741 -0.0016102875 -0.0040008095 -0.0004696458 -0.0035378654 -0.0000369340 -0.0029484793 -0.0047109453 -0.0029588786 -0.0002691374 -0.0040896940 -0.0018255754 0.0007284374 -0.0017770508 -0.0021643187 -0.0030031877 0.0005089209 -0.0027086292 0.0008798159 -0.0024063319 -0.0022763582 0.0011096203 -0.0018146865 -0.0020046250 -0.0017331541 0.0005335011 -0.0029847319 -0.0016721047 -0.0016989285 0.0003026491 -0.0006411614 -0.0021846804 -0.0037831776 -0.0005536138 -0.0039613619 -0.0027778805 -0.0025524178 0.0000950186 -0.0035477658 -0.0018867473
-0.0018927170 0.0012897026 -0.0021395027 -0.0032184445 0.0003783534 -0.0011762286 -0.0024247803 -0.0015100619 -0.0029671611 0.0000821438 -0.0026649726 -0.0011381712 -0.0009283276 -0.0018305393 0.0009387037 -0.0008068332 -0.0001997771 -0.0016966627 -0.0029209212 -0.0018731526 -0.0008289307 -0.0006020811 -0.0008876683 -0.0023852387 -0.0005440535 -0.0022870626 0.0004326764 -0.0000291595 -0.0011483438 -0.0013268719 -0.0004854506 0.0004949251 -0.0017471234 -0.0014784540 -0.0022817960 -0.0019337907 -0.0010765942 0.0003843606 -0.0003904780 -0.0009614741 -0.0032766375 -0.0002249473 -0.0000649703 -0.0003133004 -0.0020972516 -0.0007473461 -0.0014992254 -0.0008613796 -0.0000929677 -0.0007683514 -0.0006234369 0.0004926203 -0.0015558372 0.0010939001 -0.0017885390 -0.0011200232 -0.0025087516 -0.0009925305 0.0014982775 -0.0032473875 -0.0017799841 -0.0020135036 0.0009118180 -0.0007451911 -0.0008750715 -0.0000798983 -0.0012002196 -0.0007222841 -0.0018703088 0.0013432252 -0.0023735729 -0.0016508171 0.0014214198 -0.0021583145 -0.0005897746 -0.0018195143 -0.0024213076 -0.0028814625 -0.0014292727 0.0005186718 -0.0004786339 -0.0025635136 -0.0026626964 -0.0005082013 0.0012033671 -0.0032471628 -0.0001614178 -0.0008633421 -0.0000390741 -0.0002526397 -0.0005361435 -0.0022094760 -0.0009114916 -0.0003635765 -0.0011267622 0.0013846884 -0.0010400136 -0.0006107601 0.0009260969 -0.0022790479 -0.0007286951 -0.0018306634 -0.0015008614 -0.0011482044 -0.0024141106 -0.0012233641 -0.0015703714 -0.0019207150 0.0003252148 -0.0026140520 -0.0017240806 0.0007159307 -0.0009624184 -0.0001124752 -0.0003151213 -0.0021469397 -0.0015335076 0.0010337619 0.0009503444 0.0006855387 -0.0014976013 -0.0013451620 -0.0003292939 -0.0032413309 -0.0002351219 -0.0020081247 -0.0027492980 -0.0026336152 -0.0011509985 -0.0007274083 -0.0013281709 -0.0017647992 -0.0028736875 -0.0025821112 -0.0009650193 -0.0010465861 -0.0030752944 -0.0020758661 -0.0026884126 -0.0009716539 -0.0014042822 0.0006543128 0.0003961640 -0.0012806033 -0.0025097381 -0.0031458430 0.0013141040 0.0005852171 -0.0018025399 -0.0011615233 -0.0021890884 -0.0033111358 -0.0012654760 -0.0010865300 0.0010124106 -0.0009815381 -0.0003690432 -0.0031617524 -0.0022113007 -0.0008690864 -0.0013080582 -0.0015335662 -0.0019577008 -0.0003599609 -0.0026618703 0.0007744426 -0.0005191294 -0.0028194853 -0.0008946946 0.0001568995 -0.0005912316 -0.0006435834 -0.0005297264 -0.0021988316 -0.0021390559 -0.0013100108 -0.0021289783 0.0000529597 -0.0028571566 -0.0020416621 -0.0020326574 -0.0013607568 -0.0021662479 0.0007218582 -0.0027591886 -0.0020068793 0.0001466736 -0.0006430814 -0.0010390177 -0.0010810660 -0.0012599827 0.0009318013 -0.0018525909 -0.0026809622 0.0006100558 0.0000028170 -0.0018242097 -0.0026581909 -0.0030029102 0.0003215556 0.0003468381 -0.0029835522 -0.0006858117 -0.0026286796 -0.0004921661 -0.0028676398 -0.0020507537 -0.0002071627 -0.0008004211 -0.0000547288 -0.0001027185 -0.0027648306 -0.0031116663 -0.0027973014 -0.0032054912 0.0014314232 -0.0013405342 -0.0007952475 -0.0023175876 -0.0003377660 -0.0010000889 0.0012255865 -0.0011385211 -0.0009766280 -0.0016988246 0.0003470598 -0.0008783102 -0.0010025844 0.0006769922 -0.0030544663 -0.0024735504 -0.0026619697 -0.0012494890 -0.0014677799 0.0003151914 -0.0021814599 -0.0030680289 -0.0013390929 -0.0019300013 -0.0025194266 0.0013648854 -0.0001312749 -0.0017028244 -0.0018191909 0.0001862083 -0.0007498582 -0.0012786575 -0.0023543341 -0.0018432492 0.0014564354 -0.0015231660 -0.0014213816 0.0000869697 0.0000192153 -0.0014678295 -0.0027023661
0.0048061893 -0.0009403835 0.0487344638 0.0693977103 0.0005166866 -0.0012021604 0.1040980294 -0.0830218866 -0.5504933596 -0.0019981414 -0.0234851837 0.0778376013 -0.0165193249 0.1726212800 0.1387313008 -0.0003071270 0.0014441336 -0.0000976421 -0.0030467540 -0.0149396854 -0.0075618848 -0.0115789836 -0.0111324210 0.0096161589 -0.0006807118 0.0809890404 0.0006084116 -0.0013905070 -0.6744552255 -0.0345472470 -0.0133089330 -0.0451550558 -0.3000982404 0.1368132979 0.0514551960 -0.0594355203 0.0694249496 -0.0014808055 0.0012024116 -0.0045392099 0.0755281597 0.0011437593 -0.0021827086 -0.0007494328 0.1958053857 0.1940601319 -0.0199089069 0.0319419093 0.0009543297 0.2593825758 -0.0006280878 -0.0011847456 -0.1107016057 -0.0015782375 0.1295173019 -0.1001370847 0.0456377193 -0.0134917945 -0.0003237997 0.1521098614 -0.0102546243 0.0532503799 0.0017406838 0.1220527887 -0.1279246956 0.0000664358 -0.0851609111 0.0005182596 0.0978577733 -0.0006127992 0.0397182442 0.0472938269 -0.0008935299 0.2119565606 -0.0210391693 -0.0446972027 0.0142866317 -0.1091509163 0.0070948564 -0.0002671372 0.0097825900 0.0835440829 0.1031082720 -0.0690107048 -0.0011453218 0.0217862055 0.0001349739 -0.0843278021 -0.0002414254 0.0317366198 -0.0031858434 0.0674448237 0.0004781959 0.0030444749 0.0338124819 -0.0010567633 0.0785415173 0.0007154398 0.0015986729 -0.0282670651 -0.0020681825 -0.2036527395 0.2003936172 -0.0159241855 0.0356526896 -0.1125998721 0.1922323555 -0.2087925971 0.0023183739 0.1445423067 0.0676140562 0.0002114089 -0.0003194745 -0.0007197335 0.0015304264 -0.0504679456 -0.0294155981 -0.0006133582 0.0011128562 -0.0002717409 0.2274214029 -0.0001644585 -0.0565912984 0.0999049842 -0.0267330147 0.0793189630 0.0254265089 0.0943542048 0.0017230561 -0.1087362021 -0.2261674404 0.0158686806 -0.0014805574 0.0437347293 0.0007152095 -0.5554240346 -0.0351549760 -0.1673505306 -0.0641661063 -0.1693567932 -0.0003768055 -0.0005252706 0.0017696490 -0.0220571943 -0.2560890317 0.0493995808 -0.0005270606 0.0708954558 -0.1619885862 0.0042035957 0.1685360372 0.1063565686 -0.0947986990 0.2856880724 -0.0016201007 0.0059547224 0.0295474567 -0.0935146734 0.0756325200 -0.0090161525 -0.3229691386 -0.0967253447 -0.0404520370 -0.0008751643 -0.0075730076 -0.1094289869 -0.2393207550 0.0189566892 -0.0006656864 0.0002201083 -0.0253368914 0.0106534744 0.0017682411 -0.0276678000 -0.1215317175 -0.0010427556 0.2836036682 0.0321970880 -0.0061536673 0.0191302337 -0.1292072833 -0.0007977677 0.0014744902 -0.0006873593 0.0555092134 0.0064465692 0.0002275298 0.3447761536 -0.0074541802 0.0476947464 0.0004546291 0.0012097018 -0.1201029792 0.1424412727 0.0011975573 0.0244051106 -0.0895178616 0.0366764665 0.2045933008 -0.0004757100 0.0004782558 0.0568763912 0.0496277399 0.0882383436 0.0132546136 0.1177290156 0.1019078791 0.0005550038 0.0009085318 0.0007581625 -0.0009818816 -0.0341503099 0.0647840723 0.1902721971 -0.4718550742 0.0008305355 -0.0482391119 0.0002016698 -0.0573534966 0.0014016990 -0.0160126239 -0.0011543568 0.0583086051 0.0044212490 -0.1516244411 0.0005646067 0.0369209573 -0.0553616174 -0.0003364373 -0.4789482653 0.0538584776 -0.0268076975 -0.0007203177 0.1484371722 -0.0000889692 0.1399908066 -0.2561047673 -0.0019940371 0.1326379180 0.2486801893 -0.0019033952 -0.0193090402 0.0306648985 0.1746101677 -0.0002430218 0.0003894386 0.0011719398 0.0440996327 0.1742896587 -0.0021005017 -0.0302071087 -0.2600716352 -0.0420806780 0.0018130600 0.0225356985 0.0634360760
-0.2843450308 -0.0009233289 0.1503192335 0.0564759783 0.0010067665 -0.0010975878 -0.3702013791 -0.1156522408 -0.2110702693 -0.0013270393 0.1162486523 0.1337523609 -0.0051990785 -0.0823231414 0.0504092537 0.0011906413 0.0002454172 0.0253425557 -0.0061817509 0.0631185099 0.0421562046 0.0048090406 -0.0051491135 -0.0242984630 0.0005368518 -0.0517999008 0.0010948958 -0.0031523532 -0.1917921156 -0.0754217058 0.1088673919 -0.0318679623 0.1328879893 0.1567253172 -0.0794444829 0.2051605433 -0.0473333448 -0.0015324907 0.0012054251 -0.0025386796 0.1640267819 -0.0009916127 -0.0010838266 0.0006858503 0.0810538679 0.1234117523 -0.0564670078 -0.0384905413 0.0011891118 -2.7654953003 -0.0008260759 -0.0009702150 -0.0356813110 -0.0010604580 -0.0869708061 -0.0184161160 0.5496606827 0.0945646688 -0.0009174457 0.0992080793 0.7233875990 -0.0324461088 -0.0007527243 -0.1150552630 -0.1487135142 0.0010413062 0.0396283381 0.0872015357 0.0368813835 -0.0011763274 0.0929108858 0.1012246013 0.0007033247 -0.0625803024 0.0907991454 0.1806342751 0.1535616666 0.0579672307 0.0781062245 0.0017291219 -0.0563209988 -0.1077690423 0.0416030213 -0.1746959388 -0.0003323715 0.2662226558 0.0012214740 -0.2095357627 -0.0001846346 0.0372855440 0.2891370356 -0.1172729731 -0.0008529615 -0.0051380829 -0.1401988417 -0.0013935837 0.0225887764 -0.0011197949 -0.0004623240 0.1819371134 -0.0028981257 0.0376771986 -0.0183290746 -0.0343587995 -0.3847678304 0.1973608881 -0.1406093836 0.1873208433 -0.0014178375 -0.3069763482 -0.0561970547 0.0003136291 -0.0004528572 -0.0004038346 -0.0007085175 0.1175342575 0.1372081637 -0.0009632394 -0.0013174083 -0.0018409236 0.0752047077 0.0016368511 0.2368923724 -0.0466955267 0.0949263275 -0.0168610886 0.4687620997 0.3452208638 0.0006182425 0.1904757172 -0.7209287882 -0.0221622791 0.0875358358 -0.0097280433 -0.0008862643 0.3235602677 0.0432284139 0.2962549031 0.1041151434 0.0905147344 0.0006263716 -0.0009731613 0.0001247405 0.0004000778 0.2184562981 -0.0603063814 -0.0003218338 0.1049656942 0.2580209374 0.0806988254 0.1279159486 -0.0333812572 0.3080157936 -0.0946838185 0.0003779970 -0.0342061408 -0.0606845729 0.2845374048 -0.0091296472 0.0938099176 -0.8468230367 0.4249449670 0.0541617125 0.0002403216 -0.0275186319 0.1787694991 0.0906644389 -0.1229944825 0.0016450875 0.0004072639 0.0667864531 -0.0373439752 0.0007222666 0.0144944256 -0.3092756867 -0.0000008587 0.4287437499 0.1693603843 -0.1039111167 0.0886675194 -0.4592983127 -0.0006323194 -0.0945447534 0.0010257714 -0.0085622203 0.0199472792 -0.0000815960 -0.0776472464 0.1448458135 0.0684484020 -0.0012024813 -0.0005595696 0.1471930146 -1.5223417282 0.0006121728 0.0236731134 0.0140116215 0.4316054583 0.0530898944 0.0010011340 0.0025888558 -0.0524644330 0.1041913554 0.0517177768 -0.0208249949 0.0667893887 0.0481559895 0.0001429395 -0.0000633844 0.0002823939 -0.0011305340 -0.0215754732 -0.0913691670 0.0266621970 -0.2204248905 0.0000344887 0.0055450913 0.0008579311 -0.2200147659 0.0017800736 -0.0049816528 -0.0005437724 -0.0986010209 0.0345882289 0.4369966686 0.0003028574 -0.1184983999 0.0822258368 -0.0002463966 -0.2295496315 0.1359659582 0.0357308313 -0.0000057851 0.1156943887 0.0005907263 -0.0612652190 0.1172229350 -0.0010573628 -0.0560071729 0.2889462411 -0.0006639451 0.1014252305 0.1760571450 0.3043043017 0.0001221417 0.0018560519 -0.0005849308 -0.0038578988 0.0666458458 -0.0012494702 0.0856008157 0.0151825091 0.0506406128 -0.0004374488 0.0160672404 0.0898282304
-0.0979080498 -0.0010005803 -0.1946493983 0.2388400137 0.0011908641 -0.0024779546 0.2060456127 -0.0730356202 -0.0973829105 -0.0028577498 -0.0046180766 -0.0837002844 -0.1532261819 0.1533051729 -0.0901972950 -0.0006623674 -0.0011753071 -0.2316453010 -0.0313817896 -0.0425433777 0.0478521474 -0.2196982801 0.0404998995 0.0134937223 -0.0007013638 -0.0094334483 -0.0004327816 -0.0033071386 0.4035590291 -0.0367401615 0.0193667188 -0.0025113511 0.0252411272 -0.4656202793 0.3637667894 -0.1490842402 -0.0226408821 -0.0019387548 0.0002961332 -0.0050166789 -0.0324310921 -0.0008663485 -0.0027086528 0.0004278144 0.0609688833 -0.2632244527 -0.2525569201 -0.0155443158 -0.0006315771 0.3663393259 -0.0028252632 -0.0002504210 0.0312352441 -0.0017688556 -0.3329536617 0.0302218385 0.0367245749 0.0342330560 0.0035235216 -0.3388846517 -0.5767836571 -0.4980902672 0.0016374392 -0.2509411871 0.3879490793 0.0004249186 0.0679783523 0.1402603537 0.0090864683 -0.0005786009 -0.0107643353 0.0140527189 0.0016755792 0.0312024616 0.1695143729 -0.0543072820 0.1039778143 0.2409585863 -0.1314402074 0.0009794453 0.0833174214 -0.0967706814 -0.0143009126 -0.0429313406 0.0015567639 -0.0573980771 0.0011527668 -0.0747198462 0.0018053935 0.2962527275 -0.1114578322 -0.0204182528 -0.0003746582 -0.0050103213 -0.1419804841 0.0015394717 0.0886978209 0.0006501038 0.0016446118 0.0303779654 0.0006898181 -1.2974832058 -0.0775430799 -0.0773582533 0.7037103772 0.1084117815 -0.1004799008 0.0068599014 0.0006870164 -0.3486912847 -0.0001949881 -0.0009615177 0.0009524999 0.0016453586 0.0017217069 0.2470544726 0.0289756488 0.0039644218 0.0011663351 -0.0025934912 -0.1348127127 0.0012835531 0.1608012468 -0.0395978726 -0.1587767899 -0.0413137749 0.2097994089 -0.0064322762 0.0006861393 0.0344375744 0.1068149656 -0.1791543365 0.0115018729 0.0943119973 -0.0015530050 0.3827361763 -0.1006443501 -0.2033247799 0.2551013827 -0.0233946629 0.0004567102 -0.0028662093 -0.0000140084 -0.0727881864 0.0943316668 -0.1284491271 -0.0002072361 0.2191333175 -0.0304719657 -0.0016314803 -0.1237736791 -0.0675851703 -0.0929777771 -0.2975226939 0.0000120094 -0.0703975335 -0.0423087552 0.0076369531 0.0341578238 0.1765888929 0.1728802919 -0.0345943309 0.0188829619 0.0002699694 0.0156816896 0.0190303065 0.1557691991 0.1057749540 0.0020100761 -0.0004092467 0.1596753150 -0.0434006155 -0.0004893679 0.0266208630 -0.1024740934 0.0028996584 -0.0929996073 -0.2071243078 0.1003524736 -0.0912636071 -0.0188929886 -0.0010817086 -0.0457052365 0.0010157264 -0.0366346166 0.0403453372 0.0015712201 -0.2368756384 -0.0255814306 -0.1293553859 -0.0004548297 -0.0011634915 -0.0110748019 0.6275048256 0.0013457626 0.0225242656 0.0058386154 -0.0672173351 0.0329215452 -0.0007706967 -0.0026696112 0.1775983125 0.1390339732 0.0570142716 0.0366275348 0.0204754099 -0.4239690006 -0.0001612703 0.0012623077 0.0004536967 0.0005760146 0.0884124264 -0.1434493810 0.0010958050 0.1513973325 -0.0005981192 -0.0694013014 0.0002240131 0.1259990782 0.0002099754 -0.0453290381 -0.0009267245 -0.2302988023 0.0011685623 -0.8268808126 -0.0006647901 0.0941006914 -0.0787161961 0.0012273071 0.0150195630 -0.0766886845 -0.0101980828 0.0013197355 0.0127271172 0.0006526060 -0.0237573627 -0.0427755304 -0.0007286735 -0.1251491308 -0.1577766985 -0.0006216562 0.0419800356 -0.0673765093 -0.4325511456 -0.0020239672 -0.0004039013 0.0007882768 0.0009515043 -0.7082674503 -0.0030892247 0.1176095307 -0.0862611905 0.0894065201 -0.0005366454 -0.0000528833 0.1988727003
-0.0028969550 -0.0003819087 -0.0030088543 -0.0025861033 0.0011223286 -0.0004737860 -0.0036836145 -0.0032436082 -0.0044831666 -0.0012789719 -0.0004200703 -0.0024280772 -0.0043208129 -0.0029980580 -0.0046231383 -0.0004749633 -0.0014252098 -0.0018479312 -0.0025989318 -0.0028110633 -0.0043017431 -0.0033094648 -0.0031013056 -0.0018635991 0.0006625717 -0.0038390621 0.0005712944 -0.0001038755 -0.0013095000 -0.0034708283 -0.0032906416 -0.0009869240 -0.0024695226 -0.0010695597 -0.0014051218 -0.0018494020 -0.0030031479 0.0013998909 0.0001667299 0.0009606960 -0.0044941511 0.0007081102 -0.0014389089 0.0003914177 -0.0037490791 -0.0043648044 -0.0007944619 -0.0037902812 -0.0011660696 -0.0020083012 0.0011699565 -0.0013079674 -0.0030147824 -0.0006950422 -0.0040936330 -0.0040320768 -0.0034611779 -0.0040976866 -0.0017174124 -0.0020821143 -0.0019538847 -0.0023600839 -0.0014797256 -0.0037780770 -0.0009728645 0.0006866703 -0.0043048742 -0.0026325565 -0.0041441983 -0.0001337267 -0.0025322842 -0.0013856996 0.0004412617 -0.0022882447 -0.0032531524 0.0008836106 -0.0014623007 -0.0037645982 -0.0020727492 -0.0004923676 -0.0018152121 -0.0014968701 -0.0031150798 -0.0026623304 0.0000490332 -0.0020397475 0.0005136213 -0.0039286208 -0.0012004767 0.0006543625 -0.0042114677 -0.0022845673 0.0007618495 0.0005134537 -0.0031840424 0.0009109777 -0.0003928384 -0.0001714150 0.0008968228 -0.0022523510 -0.0015075629 -0.0032920565 -0.0017217010 -0.0023179632 -0.0044636950 -0.0041897413 -0.0045988322 -0.0041828896 -0.0001591941 -0.0019899483 -0.0038332799 -0.0013772115 -0.0004162207 -0.0007558155 -0.0017787807 -0.0007266007 -0.0037614729 0.0001921364 0.0004890279 -0.0008457609 -0.0030616610 -0.0017879687 -0.0025261347 -0.0035922322 -0.0024604129 -0.0043582493 -0.0028891938 -0.0032891824 -0.0000602218 -0.0040482441 -0.0014412220 -0.0024520617 -0.0015777344 -0.0043640002 0.0012360883 0.0007956700 -0.0022502895 -0.0044122981 -0.0021357220 -0.0040360866 -0.0015195486 -0.0000232436 -0.0009225492 -0.0036788415 -0.0008136710 -0.0034209385 -0.0005319916 -0.0034059249 -0.0020758375 -0.0045516510 -0.0034059270 -0.0018213998 -0.0028118687 -0.0009728632 -0.0013929376 -0.0012578822 -0.0033371712 -0.0034661985 -0.0009237680 -0.0003764764 -0.0027859381 -0.0000954955 -0.0019198603 0.0005836267 -0.0027576208 -0.0016684330 -0.0025010866 -0.0020875838 0.0004772052 0.0013901853 -0.0023903982 -0.0046962430 -0.0015451129 -0.0032937701 -0.0012429637 -0.0004643397 -0.0018423224 -0.0004029931 0.0001795626 -0.0017948430 -0.0017661353 -0.0013098926 -0.0047260234 0.0000445360 -0.0029702373 -0.0006621811 0.0004142915 -0.0009416254 -0.0046488293 -0.0045949593 -0.0006392106 -0.0001430972 -0.0024595058 -0.0032116859 0.0010508262 -0.0004534199 -0.0034394038 -0.0034912736 -0.0003910417 -0.0008826773 -0.0001517609 -0.0001189627 -0.0020810475 -0.0021191326 -0.0044657937 -0.0037507706 -0.0031663503 -0.0008290894 0.0008099981 0.0003255755 0.0001777391 -0.0017546341 -0.0041450728 0.0004766225 -0.0032163931 0.0008633388 -0.0006058309 -0.0016373185 -0.0023668937 0.0004779383 -0.0015228390 0.0011315108 -0.0044388841 -0.0042641321 -0.0027041626 0.0000593177 -0.0025588127 -0.0030075749 -0.0011564605 -0.0021543175 -0.0034706467 -0.0012546272 -0.0012052070 -0.0037051302 -0.0004968407 -0.0027569919 -0.0042751594 0.0011672450 -0.0045309123 -0.0017544286 0.0007410487 -0.0035115515 -0.0047017341 -0.0020313077 -0.0007388894 0.0006233005 -0.0002151928 -0.0039363331 -0.0019295654 -0.0008925916 -0.0006056802 -0.0037868253 -0.0035950099 -0.0006512735 -0.0023839916 -0.0019741673
-0.0029216374 0.0014221354 -0.0015746844 -0.0027746500 0.0002413583 0.0008353685 -0.0011303092 -0.0006348237 -0.0023388057 -0.0002817035 -0.0028166655 -0.0021379648 -0.0015052203 -0.0013988913 0.0011281524 0.0004868750 0.0009842013 -0.0017679315 -0.0014525226 -0.0029410697 -0.0022407994 0.0008393506 -0.0005811726 -0.0010617103 -0.0008125928 -0.0016407407 0.0003999674 -0.0009840911 -0.0002765995 -0.0016233117 -0.0027526878 -0.0005240458 -0.0026330049 -0.0014822141 -0.0001130500 -0.0030653705 -0.0020302644 0.0011929136 0.0001192960 0.0010588149 -0.0021591831 -0.0002436562 0.0010877422 0.0009102342 -0.0010060809 -0.0008126514 -0.0029351844 -0.0009050952 -0.0002538340 -0.0006680411 0.0000668758 -0.0005374594 -0.0008119401 -0.0011117556 -0.0007619829 -0.0029148902 -0.0003293777 -0.0019634122 0.0013716617 -0.0005692599 -0.0011786690 -0.0025066175 -0.0001904207 0.0012319693 -0.0008386756 0.0002741834 -0.0002920177 0.0007179937 -0.0022619858 -0.0000521048 -0.0024390854 -0.0019830794 -0.0003275668 -0.0013069513 -0.0009127039 -0.0027156556 -0.0002227518 -0.0003539294 -0.0003829341 -0.0007644407 -0.0019901455 -0.0028458210 -0.0021010987 -0.0012886064 0.0003555189 -0.0012360502 0.0013849483 -0.0004432549 -0.0007066534 -0.0028058093 -0.0024474007 -0.0004793750 -0.0001208815 0.0007431941 -0.0021940286 0.0008234453 -0.0019909753 -0.0012580045 -0.0003014198 -0.0014901530 -0.0009477671 -0.0019026997 -0.0004169182 -0.0020513725 -0.0016477345 -0.0017740125 -0.0019998974 -0.0008948186 -0.0007586104 -0.0011188742 0.0009744159 0.0000023945 -0.0008922943 -0.0001080589 0.0001394124 -0.0027455001 -0.0024580895 -0.0007742985 -0.0010013229 0.0014166869 -0.0002989989 0.0008183620 -0.0022920864 -0.0028703718 -0.0019284656 -0.0021150659 -0.0002570777 -0.0025738955 0.0004535141 -0.0021676004 -0.0027347067 -0.0007411434 -0.0023111638 -0.0003699142 -0.0013325682 -0.0012949024 -0.0017463772 -0.0001060782 -0.0017035524 -0.0003860026 0.0014622015 -0.0003882815 -0.0004560546 -0.0009140465 -0.0008652424 -0.0006847343 -0.0010904851 -0.0026155750 -0.0010361879 -0.0010109225 -0.0022062061 -0.0020125010 -0.0001663960 -0.0012870610 0.0007523695 -0.0001163732 -0.0028900274 -0.0015578028 -0.0027819630 -0.0004329688 -0.0018071391 -0.0012169583 -0.0029885729 -0.0002346488 -0.0004903342 -0.0004657435 -0.0003135088 -0.0012614297 0.0003136450 -0.0011927891 -0.0013683429 -0.0004314885 -0.0005722191 -0.0016522064 -0.0013689585 0.0006700003 -0.0019961745 -0.0027952089 -0.0025936528 -0.0003097281 -0.0008979416 -0.0000048459 -0.0003306946 -0.0007452224 -0.0003036268 -0.0024307081 -0.0006758620 -0.0007626959 -0.0015662492 -0.0023491778 -0.0011541736 -0.0013692812 -0.0009076619 -0.0013023377 -0.0006936988 -0.0002887412 -0.0012369223 -0.0021152142 -0.0010686202 0.0001856411 0.0014731729 -0.0022871413 -0.0008680715 -0.0008123979 -0.0011833531 0.0004486234 -0.0024405532 0.0010539236 -0.0000652566 0.0000552603 0.0003694613 -0.0018549699 -0.0021255361 -0.0015193360 -0.0026005749 0.0013403135 -0.0019807103 -0.0005932967 -0.0015204125 0.0014369971 0.0012072861 0.0003645882 -0.0021787202 -0.0001874586 -0.0029193673 0.0013146061 -0.0006981557 -0.0022579567 0.0010966782 -0.0015015688 -0.0013101558 -0.0009092169 -0.0007776933 -0.0022411968 0.0000489723 -0.0026947630 -0.0029549596 -0.0011509352 -0.0019847800 -0.0013458909 0.0011395795 -0.0029450112 -0.0003992371 -0.0013297474 0.0013152818 -0.0009613146 0.0001707841 -0.0009818686 -0.0008533596 0.0004745495 -0.0026035053 -0.0007714053 -0.0022508248 -0.0010366973 -0.0015648101 -0.0019765883
-0.0001828178 -0.0015060629 -0.0070085949 -0.0072324849 -0.0008802820 0.0001234279 0.0002685359 -0.0094905384 -0.0058056996 0.0000375467 0.0006509008 -0.0048454572 -0.0016621683 -0.0093709938 -0.0001417438 0.0006802948 -0.0015346418 -0.0003261046 -0.0019527413 -0.0093754241 0.0006064683 -0.0076604178 -0.0014091399 -0.0015661764 -0.0011537226 -0.0120150289 -0.0003848856 -0.0003719994 0.0005324229 -0.0024202724 -0.0017801299 -0.0003427330 0.0008215301 -0.0005382752 -0.0046915985 -0.0003231979 -0.0101441182 -0.0007639071 0.0006794230 0.0009879775 -0.0007306705 -0.0017713686 0.0009920688 -0.0013889696 -0.0044674533 -0.0067657395 -0.0009011652 -0.0064053549 -0.0015138902 -0.0095154317 0.0008061342 -0.0007857849 0.0002655807 -0.0001143564 -0.0000676701 -0.0001208003 -0.0093604550 -0.0011230824 -0.0011961581 -0.0031153727 -0.0094576823 -0.0059524667 -0.0004362889 0.0006788040 -0.0004731416 0.0010585746 -0.0092079947 0.0004052304 -0.0080607124 0.0003247278 -0.0007233546 -0.0012684832 -0.0003920292 0.0002535095 0.0007919185 0.0003793736 -0.0008900430 -0.0014786308 -0.0017382968 0.0003058537 -0.0072222506 -0.0012270230 -0.0036860758 -0.0087823663 0.0014343340 -0.0014021262 0.0007016961 -0.0067606121 -0.0000330895 -0.0017668922 0.0010449400 0.0010619896 -0.0011446896 -0.0011759900 0.0009175900 0.0010712750 0.0000964107 -0.0017859496 0.0005527470 -0.0001718845 0.0008067397 -0.0012156396 -0.0083404640 -0.0016674577 -0.0007502395 -0.0090798670 -0.0113663040 -0.0097593721 -0.0012861467 -0.0073529105 -0.0014424038 0.0007500269 0.0005509976 -0.0015449271 0.0000659101 0.0010015405 -0.0014503185 0.0009638783 0.0012022743 -0.0004978844 -0.0034519434 -0.0012203965 0.0000371052 -0.0104744369 -0.0014961411 -0.0105692353 -0.0016829248 0.0005234269 -0.0013128619 -0.0013883212 -0.0007289836 -0.0009296727 -0.0014594505 -0.0062751202 -0.0011788770 -0.0007294632 -0.0011037745 -0.0051759845 -0.0013404241 -0.0009018303 0.0003744304 -0.0001376446 -0.0014523007 -0.0004855965 -0.0027429785 -0.0093296943 0.0007785580 -0.0001088609 -0.0008084030 -0.0088162581 -0.0001245867 -0.0105287274 -0.0046645822 -0.0005464953 0.0012332238 -0.0008433831 -0.0101672253 -0.0017666593 -0.0046747052 -0.0017712978 -0.0068847095 0.0004717257 -0.0037088722 -0.0014430175 -0.0011371780 -0.0045360448 -0.0018571748 -0.0024636886 -0.0006737953 -0.0008255519 -0.0002870863 0.0001134143 -0.0011369683 -0.0011541019 -0.0002937354 0.0004565190 -0.0069683618 -0.0016374551 0.0004378689 -0.0011715812 -0.0005477219 -0.0014359354 0.0002596248 -0.0002451248 -0.0023501716 0.0007049775 -0.0015016353 -0.0005104812 -0.0014091216 -0.0047628367 -0.0013734874 -0.0003348255 0.0008675411 -0.0090186009 -0.0002251906 0.0011353802 -0.0004946178 -0.0008752569 -0.0017463709 -0.0008377879 0.0006494241 -0.0010786563 -0.0069611855 -0.0008034515 -0.0017021792 0.0002057884 0.0007118250 0.0000653777 -0.0017710822 -0.0003564485 0.0009568243 -0.0057492633 -0.0018272116 -0.0008089421 -0.0004521484 0.0000157920 -0.0010017564 0.0009469224 -0.0009216359 -0.0004577596 -0.0051681572 0.0011105401 -0.0012497309 -0.0030290096 -0.0002570141 -0.0014822274 0.0004461371 -0.0040298444 0.0007177412 -0.0088352133 -0.0062539340 -0.0002443782 0.0001956660 -0.0017087078 0.0003852957 -0.0020992395 -0.0004670847 -0.0007184925 -0.0060150879 -0.0088160690 0.0005832636 -0.0003067576 -0.0031462533 -0.0024070772 0.0003516476 0.0011939463 0.0006935263 -0.0030865383 -0.0009805078 0.0005106459 0.0004531546 -0.0073769232 -0.0002853100 -0.0003941571 -0.0026469622 -0.0067317635
0.0033044873 0.0024600946 -0.2248611748 0.3195892274 0.0016686617 -0.0017330340 0.1667282134 -0.0235174447 0.1229995713 0.0019548251 0.0208661463 0.0404019579 -0.1199774817 -0.0183040220 0.0319168977 0.0000714244 -0.0007999481 -0.1329457462 -0.1072334722 0.0235360097 0.0054509477 0.1869055480 -0.3454837203 0.2897296548 0.0012007934 -0.0080777071 0.0013959020 -0.0016920046 0.0940588191 -0.0264180917 0.0890254080 -0.0150103187 -0.0584304482 -0.1010756046 -0.0246592667 -0.0472832546 -0.0104476754 0.0008012404 0.0012069463 -0.0026961097 -0.1813350767 0.0012985236 0.0033790069 0.0020896008 0.2805540264 -0.2810048163 -0.0473852716 -0.2293974012 0.0030097170 0.0562294163 -0.0016314934 -0.0000009407 -0.2054984123 -0.0003544085 -0.3608545661 0.1065154895 0.1877280921 0.1675727516 -0.0018473663 0.0248729866 -0.0749087781 -0.4866656363 0.0001374967 -0.2787993550 0.1810745001 -0.0010383235 0.0447002687 -0.4633781910 -0.1646153629 -0.0010078183 -0.0207480509 -0.0415289029 0.0012806762 0.0972172171 0.1963980943 -0.2998347282 0.2710514069 0.0917289928 -0.1609057784 -0.0002029084 0.0028897622 -0.1845557690 -0.1460602582 -0.0255864691 0.0012819457 0.0040632905 -0.0002846683 0.0535725318 0.0006898019 0.1046700552 0.1677178293 -0.4274876416 -0.0004915060 -0.0020474915 -0.0350849852 0.0013418611 0.0861011520 0.0001003932 0.0003586343 0.2037570179 0.0021610814 -0.2037275583 -0.0865264907 -0.3554919064 0.1018741876 -0.0626654923 -0.0510539599 0.0989393592 0.0019372990 -0.2170489877 0.0394096598 -0.0014344878 0.0005502407 -0.0006043659 -0.0003906904 0.4002805948 -0.0584904365 -0.0012316699 0.0006573378 0.0027811343 -0.2182152420 0.0031687713 -0.1171734184 -0.0135509474 -0.1271380037 -0.0114587052 0.1043115854 -0.0500015840 0.0009024880 -0.1724368632 0.3139697313 0.0940454230 0.0408825651 -0.1192457899 -0.0000316667 0.1574787199 -0.1861281395 0.0756011382 0.0480871312 -0.3111896813 -0.0010076148 -0.0002643682 0.0004381039 0.2953437567 0.0709708184 -0.0649867654 -0.0005595927 0.0704552755 0.4115039408 -0.1511163116 -0.4690974653 -0.0089929262 -0.2020664960 -0.1472094059 -0.0003932216 0.0050244038 -0.0194251966 -0.0448275730 -0.1108209416 0.2717528343 0.0510344617 0.0805425942 -0.0094521632 0.0013375634 -0.0598135628 0.0494024754 0.1697836071 0.0780419931 0.0011335057 0.0008472606 -0.2101845443 0.0212124679 0.0003694291 -0.1839517355 0.1074782908 -0.0037736788 0.2536303401 -0.0374899171 0.0072095394 0.2462636232 -0.1905825585 -0.0023990336 0.2476406395 -0.0012753120 0.0004110672 0.2872326672 0.0009876395 -0.2171525955 -0.3520452082 -0.0587184094 0.0000861737 0.0010523377 -0.1401070058 0.1348985583 -0.0003413813 -0.0146464808 0.0452793874 -0.3074506521 0.2121655047 -0.0001355943 -0.0012332064 0.1212543026 -0.1031037197 0.2348200977 0.0244909618 -0.2469580770 -0.3334988654 0.0008068772 -0.0007886759 0.0016300438 0.0005116742 0.0208815578 0.0725458264 0.2521059811 0.3160268366 -0.0000941440 -0.0020193469 0.0004195909 0.2412949800 0.0011289854 -0.3803300560 -0.0000067977 -0.1730530113 0.2826501131 -1.0197973251 0.0003789918 0.0248871576 0.1608349085 0.0001185495 -0.0099404287 0.0152177168 -0.0826766640 0.0010925143 -0.2129285336 -0.0011134709 0.0582469068 -0.0649535358 -0.0008861994 -0.0313316919 0.1121587083 -0.0005248835 0.0835365281 0.0990490094 -0.0782082155 -0.0014761681 0.0009219422 -0.0000488606 -0.4435029626 -0.2621971667 -0.0024129024 0.2377025932 -0.0231741462 0.0926879570 -0.0011828775 0.0088339048 0.3725488186
-0.0040946333 -0.0007039868 0.0444922522 0.1509943455 -0.0003647572 -0.0010005202 0.0447418243 0.0216875691 0.0495887958 -0.0031666749 0.0103867110 -0.0175863188 0.0138114095 -0.0042951102 0.0258966330 0.0010051142 0.0003635013 0.0189784747 0.1175240353 -0.0014674229 -0.0425648317 0.0765485391 0.0341954753 0.0463580266 -0.0005385135 0.1241491213 0.0004063080 -0.0034439033 -0.2334389687 0.0416664742 0.0474031828 0.0586242341 -0.2046356946 0.0388761461 -0.0869503766 0.1126479656 0.1066662967 -0.0003576313 0.0017744908 -0.0030034501 0.0550265275 0.0001695593 -0.0028502573 0.0008518406 0.0679161847 0.0797193497 -0.0372418128 -0.0337793007 0.0028194098 -0.2405660152 -0.0022838716 -0.0004102388 -0.0441629216 -0.0007533259 0.0619971231 -0.0913752168 0.0330345146 -0.1259379536 -0.0014871203 -0.1475210935 0.1274525523 -0.0145613123 0.0004272260 -0.1162333861 0.2048705369 -0.0011299128 0.0358202457 -0.0521704964 0.0840922520 0.0006487474 -0.0956333205 -0.0182399023 -0.0003190890 0.0198180843 0.0716117993 0.0004490593 0.1249724478 -0.1743292511 0.0381660052 -0.0000123934 0.0105033889 0.0349133611 -0.0327898227 0.1041556224 0.0000609820 -0.0372817516 -0.0009085257 0.1118274033 -0.0008344023 -0.2484479845 0.0836105868 0.1200713888 -0.0008400018 -0.0030663514 -0.0849933103 0.0002435871 -0.0154168392 -0.0010184381 -0.0004863618 0.0973904505 -0.0007557675 0.1960732490 0.0819306076 0.0050630681 -0.0063776704 -0.0897946134 0.0315117650 0.1058523506 -0.0002500412 -0.0237010047 -0.0654736757 -0.0013895875 -0.0005617058 0.0004325472 -0.0010305775 -0.0958604515 0.0374614969 -0.0000940617 -0.0006598726 -0.0021379443 0.0781599134 0.0001265134 -0.0175455734 0.1154604182 0.0243681297 0.1079745293 -0.1796731949 -0.1826478839 -0.0001122902 -0.0372502506 -0.1054540947 -0.0382261574 -0.0531740040 -0.0991187617 -0.0000534487 0.0138680581 0.0361256674 0.0901872963 -0.1794470400 0.0154040661 -0.0015336622 -0.0010858313 0.0019786295 -0.0757967457 -0.1190812141 0.0873536244 -0.0002200734 -0.0111782104 0.0338994525 0.0375223719 0.0130170435 0.1111703292 0.0083111757 0.5199999809 -0.0008817197 0.0139670307 0.0745970681 -0.0209953673 0.1176531762 0.0639775619 -0.0610685423 -0.0020624215 0.0166336633 0.0009754800 -0.0617598593 -0.1979087889 -0.0142140770 0.0520308353 0.0033042792 -0.0013478911 0.0437924303 -0.0692764074 0.0006053547 0.0277264211 -0.0381732509 0.0022862989 0.2128606141 0.0125416201 0.0659025237 -0.0059365071 -0.0776379630 -0.0005632010 -0.0261757672 0.0015299018 -0.0361498892 0.0712060481 0.0007180976 -0.0246336572 -0.0350004025 -0.0736351684 -0.0005616353 -0.0009358262 -0.0106271692 -0.0592237413 0.0015273129 0.0224025156 0.0819550827 -0.0090671023 0.2483253628 -0.0001039358 0.0016746953 -0.0209504031 0.1107120588 0.1125124842 -0.0172082949 -0.0116941370 0.0456681028 -0.0002238193 0.0010474746 -0.0003598371 -0.0015947651 -0.0420873947 -0.0267214496 0.0464887209 -0.0639320463 0.0012643702 -0.0089985756 0.0004313695 0.0511781238 -0.0006135417 -0.0675970986 0.0015315308 -0.0713267773 0.0721725747 -0.0380526334 -0.0005572399 -0.0526275672 -0.1201301888 -0.0004237443 0.0121409157 0.0524754822 0.1094340980 -0.0010784379 0.0556765199 0.0015635575 -0.0365684442 -0.0598798953 -0.0014104981 0.1275507659 0.1423974931 -0.0019028276 -0.0323614478 0.0307112765 0.2041694224 -0.0005339215 -0.0005045383 0.0013075481 -0.0574919321 0.0382211767 -0.0008982390 0.0289686956 0.0418596342 -0.0169055220 -0.0006731608 -0.0731929168 -0.0796812400
-0.0038226759 -0.0014481810 -0.0002380768 -0.0022490830 -0.0005095368 -0.0005859045 -0.0029975246 -0.0051658829 -0.0039976826 -0.0009623003 -0.0025340521 -0.0028620232 -0.0060327468 -0.0034178440 0.0011014729 -0.0005066805 -0.0015105568 0.0013371621 -0.0043496285 -0.0035108789 -0.0052644196 -0.0032501230 -0.0048244051 -0.0059680049 0.0015040395 -0.0031659345 -0.0011298878 0.0011429747 -0.0050865603 -0.0041911383 -0.0056115855 -0.0009024531 -0.0016386609 -0.0014554837 -0.0003868632 0.0060889255 -0.0032386750 -0.0001901234 0.0000024718 0.0006404783 -0.0048794402 0.0006771334 -0.0005471154 -0.0000372494 -0.0029797100 0.0005063647 -0.0009789258 -0.0069237710 0.0009193759 -0.0045037325 -0.0011913333 0.0006824171 -0.0061597335 -0.0008357959 -0.0031748980 -0.0047056912 -0.0026283017 -0.0048850421 -0.0008775090 -0.0060232314 -0.0030313795 -0.0044228453 -0.0004542671 -0.0011244691 -0.0026634149 0.0002050198 -0.0052460795 0.0024963578 -0.0033190153 0.0011371672 -0.0051637534 -0.0027801688 -0.0002582223 -0.0037469931 0.0059994599 -0.0019357769 -0.0057040160 -0.0022773677 -0.0011532352 0.0008923245 0.0000375708 -0.0004778431 -0.0073459083 -0.0028548797 -0.0005530998 0.0006323964 -0.0000985784 -0.0033333739 0.0002110220 0.0016175960 -0.0032239784 -0.0001083025 0.0003855031 0.0002293088 -0.0027854841 -0.0011294165 -0.0050127548 0.0012291537 -0.0006119704 -0.0023120353 -0.0010739978 -0.0001962284 -0.0049761757 -0.0016168025 -0.0039964812 -0.0031685880 -0.0010771527 -0.0062846765 0.0006677119 -0.0047639916 0.0018863085 -0.0007700208 0.0003121399 0.0007967945 0.0007872856 -0.0004593287 -0.0059141624 -0.0002823918 -0.0006654045 0.0015056862 -0.0035305836 -0.0017684909 -0.0062650004 -0.0044036857 -0.0043723746 -0.0044757263 -0.0033389521 -0.0035534068 -0.0001993254 -0.0049795024 0.0069578476 -0.0051238644 -0.0060136588 -0.0002399114 -0.0007880961 -0.0007595788 -0.0031337372 -0.0024758962 -0.0048864358 -0.0015694754 -0.0016417424 0.0012439004 0.0007425878 -0.0023381726 -0.0042497381 -0.0030265490 0.0009123810 -0.0017016988 0.0035987727 -0.0065454505 0.0018662944 -0.0036769756 -0.0058086901 0.0030730651 0.0003749139 -0.0005086952 -0.0034386877 -0.0053804670 -0.0046531991 -0.0024745055 -0.0049879444 -0.0007322019 -0.0049433750 -0.0013955431 -0.0040730410 -0.0032054973 -0.0037401356 -0.0033659069 0.0013870037 -0.0001543492 -0.0051758001 0.0032023403 0.0000502502 -0.0030252247 0.0006348737 0.0007488602 -0.0011722838 0.0008458471 -0.0023868228 0.0002430535 -0.0023131720 0.0014716452 -0.0051979683 -0.0004595385 -0.0009983801 -0.0005002389 -0.0008824384 0.0027087349 -0.0031545779 -0.0014875642 0.0000428769 0.0011397164 -0.0063496828 -0.0051621813 -0.0006986621 -0.0011124464 0.0002184692 -0.0040700575 0.0014524440 0.0006398677 0.0003242304 -0.0052863713 -0.0046879076 -0.0047998512 -0.0042363014 -0.0028809388 -0.0000389581 -0.0005829257 -0.0011532739 0.0006988001 -0.0005876794 -0.0054175975 0.0003392005 -0.0048541883 -0.0039926823 -0.0010056105 -0.0054486226 0.0007512866 -0.0053153234 0.0009358134 0.0010079109 -0.0011166286 0.0024635368 0.0018023975 0.0002307250 0.0010153092 -0.0016743578 -0.0040074959 -0.0000163881 -0.0042735264 -0.0047485693 -0.0036881487 0.0000380370 -0.0008611881 0.0010359816 -0.0037845720 -0.0052136094 0.0008747266 -0.0039397832 -0.0026482341 0.0004401622 -0.0045514586 -0.0041636317 -0.0042518377 0.0001980106 -0.0000921413 0.0003292734 0.0004072485 0.0007819507 -0.0000122355 0.0000628066 -0.0032286958 -0.0063914517 -0.0000095568 -0.0013141639 0.0000821998
-0.0159487352 -0.0003130632 -0.0007285227 0.1121144295 0.0016931940 -0.0019651367 0.0480259359 -0.1354898512 0.0994880646 -0.0033732455 0.0536722839 -0.0186855346 0.2076258361 -0.1697739959 3.4183773994 0.0003820565 0.0012417983 -0.0124050509 -0.0042358600 -0.0138829099 0.0036299080 -0.0522226430 -0.0182570256 0.0007605359 0.0009697932 0.0547113121 0.0008995067 -0.0015046393 0.3310258389 0.3055855632 -0.0131179560 0.0204188991 0.1858020574 -0.1618867815 0.0235882662 -0.0262464155 -0.0000867813 0.0001613165 -0.0009791097 -0.0041421670 0.0271642208 0.0014164599 -0.0022406024 0.0009996550 0.0717922971 -0.1176475212 0.0175692737 0.0066689970 0.0006497575 0.0481132641 0.0000892917 -0.0004840425 -0.0079906257 0.0005622595 0.1262149662 0.0159978326 -0.0469422229 0.0224979073 0.0032871233 -0.1095204279 -0.0660845712 0.0170077085 0.0007153218 -0.0016671754 0.0301847160 -0.0010031536 0.1079838052 0.0556852892 0.0349699222 -0.0008953155 -0.0034326797 0.0221663117 -0.0001252776 0.5071668029 -0.0926130712 -0.0092332773 -0.0002544335 0.0126730958 0.0287861656 0.0003095259 0.2624103427 0.0060750362 0.0594935864 0.0120330900 -0.0000878429 0.0297596175 -0.0000870466 -0.0293611158 0.0007584957 -0.0426069573 -0.0456319749 -0.0128338905 -0.0010010673 0.0065355538 -0.0195230264 0.0008618186 -0.2933912873 -0.0002545091 -0.0009490775 -0.0241404641 -0.0024241689 0.1861905158 -0.2152296752 -0.0102114137 0.0278828144 -0.0209058207 0.4517706931 0.1677916646 0.0012630933 -0.0641891882 0.0028198624 -0.0007675965 0.0007733792 0.0017028429 0.0005094371 -0.2430057675 -0.0047457516 -0.0025829743 0.0007404227 -0.0006992304 0.0570832305 -0.0002901402 0.0317136534 0.0055456390 -0.0529462993 -0.0070864116 0.0443087593 0.0510602444 0.0005526117 0.0110074813 0.0697690099 0.0258342829 0.0252277553 -0.0736828521 -0.0000097976 0.2555562258 -0.0123157231 0.0614344329 -0.0444923826 0.0756023973 0.0007128986 -0.0029118520 0.0009933142 0.0162747651 -0.1075187102 0.1467713118 -0.0005522119 -0.1069922075 -0.0329367630 -0.0061146477 -0.0903187245 -0.0273681283 -0.0060919728 0.0231892522 -0.0012957762 0.0245045703 0.0220165886 -0.0463453345 0.0558009036 -0.0381417088 0.1557145417 -0.0787499100 -0.0290864427 0.0009302860 -0.0373010896 -0.0086717745 0.1165889949 -1.2580977678 0.0004366839 0.0006517462 0.0016739055 -0.0456145890 0.0009309902 0.0058668004 0.0009901397 -0.0024642688 -0.1043964848 0.2625879049 -0.0912744701 -0.0571089350 0.0751958936 -0.0003972005 -0.0260254145 -0.0008404896 -0.0605454668 -0.0732564256 0.0009517172 -0.1020981073 -0.0120045524 0.1099876985 0.0004034158 0.0011075357 0.0829854533 -0.0674416050 -0.0012849938 0.0224794988 -0.0170838591 -0.0181057993 0.0199858434 0.0003377822 -0.0018198099 0.0552464612 -0.0585294366 -0.1391247660 -0.0039112275 0.0239903200 -0.2081586868 -0.0011279114 0.0004597473 0.0002040058 0.0002535546 -0.1461200863 0.0335444547 0.0920959637 0.0869942978 0.0010678557 -0.0697976723 0.0016822278 0.0073109381 -0.0006654791 0.0401119292 0.0010483282 -0.0220901947 -0.0349066854 0.0072448393 0.0014883607 0.0535756089 0.0677705035 0.0006870774 -0.0974434242 0.0323697776 -0.1218911931 0.0013558418 -0.3089018762 0.0003307879 0.0437923521 0.0391749591 -0.0003507030 -0.2969886065 -0.0680866912 -0.0012655237 0.0069947490 0.0059025800 -0.2295625508 0.0017005914 0.0005493813 0.0004221830 0.0692838356 -0.3622738421 -0.0017157207 -0.0681688115 -0.0205067303 -0.0788302049 0.0005497522 -0.0235849209 -0.0050438284
-0.0030736611 -0.0010549078 -0.0022749079 -0.0015636540 -0.0008421506 -0.0011684368 -0.0033241315 -0.0031650092 -0.0032538315 -0.0013031216 -0.0022968897 -0.0031776028 -0.0032950656 -0.0010040363 -0.0038764584 0.0004992422 -0.0007497143 -0.0009353108 -0.0037862004 -0.0017451269 -0.0028664826 -0.0032899657 -0.0010971146 -0.0038362620 -0.0014748606 -0.0009500052 0.0004688937 0.0009622381 -0.0022377346 -0.0007896156 -0.0035953829 -0.0007504826 -0.0029294239 -0.0025226937 -0.0015285490 -0.0032517223 -0.0009800096 -0.0013506375 -0.0008481366 0.0003214051 -0.0026084962 -0.0009236388 0.0000592125 -0.0014403851 -0.0034520817 -0.0009638537 -0.0034341023 -0.0028704528 -0.0006780565 -0.0016142546 -0.0010914226 0.0004809945 -0.0012134238 0.0005522149 -0.0031501600 -0.0013879262 -0.0010314494 -0.0026448816 -0.0006895119 -0.0009543691 -0.0018834812 -0.0012461027 0.0008719842 -0.0030722087 -0.0013420583 0.0000162179 -0.0021521586 -0.0029917061 -0.0004051916 0.0004207748 -0.0019521725 -0.0024609563 0.0011687552 -0.0011070495 -0.0030546393 -0.0020425662 -0.0031916441 -0.0015958427 -0.0030114981 -0.0004968838 -0.0011258436 -0.0015724788 -0.0034826004 -0.0031500345 -0.0005602057 -0.0029433530 0.0005976954 -0.0031535900 0.0000355059 -0.0027477022 -0.0027417687 -0.0016958691 -0.0010052925 -0.0008586210 -0.0032824264 -0.0003070363 -0.0008720687 0.0009862240 0.0007879078 -0.0024637564 0.0010144546 -0.0026848889 -0.0016202644 -0.0017194306 -0.0030393600 -0.0020076446 -0.0017722094 -0.0026964350 0.0008867037 -0.0033574244 -0.0025460278 0.0001708371 0.0011731607 -0.0003927428 -0.0015369364 -0.0032569424 -0.0027652043 -0.0009280430 -0.0002864318 -0.0006670387 -0.0009569551 -0.0006358203 -0.0027644671 -0.0024422109 -0.0024419953 -0.0028813626 -0.0016632347 -0.0019255120 0.0004153133 -0.0024563265 -0.0023444286 -0.0034865343 -0.0025632833 -0.0033556507 0.0015157053 -0.0009257493 -0.0030772637 -0.0023066674 -0.0036991569 -0.0029099064 -0.0013994137 -0.0008612444 0.0003187173 -0.0008949468 -0.0011806246 -0.0013055068 -0.0009057005 -0.0009980160 -0.0013681488 -0.0016300887 -0.0020299114 -0.0027364399 -0.0022269983 -0.0031279859 0.0008338697 -0.0014166264 -0.0026875958 -0.0016221682 -0.0029764613 -0.0011756165 -0.0031717168 -0.0024054016 -0.0020889451 0.0001963935 -0.0014108169 -0.0026071228 -0.0025766478 -0.0006787828 -0.0008522891 0.0005270400 -0.0017669691 -0.0013001851 -0.0015280345 -0.0033404056 -0.0006645871 0.0003748511 -0.0008185218 -0.0020415243 -0.0026564412 -0.0031109010 -0.0038756260 -0.0010880104 -0.0005374782 -0.0002243242 -0.0019238107 -0.0025583468 -0.0016148947 -0.0011187042 -0.0018120930 -0.0012634342 -0.0002331885 0.0008942382 -0.0010648540 -0.0018937689 0.0009590691 -0.0001521279 -0.0012154402 -0.0030809082 -0.0024039682 0.0005764764 0.0011021249 -0.0027942068 -0.0022925183 -0.0024671322 -0.0027133164 -0.0019180931 -0.0029671714 -0.0011199341 -0.0008312823 -0.0002744225 0.0011374315 -0.0015883284 -0.0011590385 -0.0030721675 -0.0014276607 0.0001446158 -0.0010352811 0.0002913949 -0.0034082618 -0.0008285140 -0.0005462969 -0.0017691645 -0.0018864397 -0.0026289162 -0.0009492554 0.0008661657 -0.0039168466 -0.0028020344 0.0011902876 -0.0033144536 -0.0015676079 -0.0024822298 -0.0001896851 -0.0022553406 0.0001780118 -0.0014238167 -0.0007842573 0.0010235664 -0.0022065828 -0.0031604876 0.0011025151 -0.0028426386 -0.0024204089 -0.0029934945 -0.0008496172 0.0004996181 0.0003594020 -0.0033928177 -0.0019301955 -0.0009252963 -0.0019308309 -0.0036219331 -0.0018074655 -0.0012960091 -0.0032073800 -0.0013610952
-0.0030258766 0.0006477516 -0.0035240564 -0.0029523489 0.0000529495 0.0003336951 -0.0019712849 -0.0015965234 -0.0030976254 0.0001042579 -0.0028874325 -0.0013040442 -0.0016471335 -0.0005920149 -0.0024547582 -0.0004307369 -0.0005503871 -0.0025238134 -0.0026977200 -0.0004508159 -0.0027064423 -0.0031181860 -0.0025463852 -0.0026158856 -0.0009562978 -0.0006963807 0.0011654706 0.0004634150 -0.0023780819 -0.0013367193 -0.0032108128 -0.0000318212 -0.0014611656 -0.0029592034 -0.0011872614 -0.0027786817 -0.0013168434 0.0008465073 -0.0005051271 0.0006861811 -0.0004758543 0.0010300931 0.0015157339 0.0002609456 -0.0032455656 -0.0024456929 -0.0006752876 -0.0032139674 0.0009957789 -0.0030253839 0.0009529080 -0.0004227480 -0.0012585678 0.0009864268 -0.0010463541 -0.0032264651 -0.0004790266 -0.0025687977 0.0014794408 -0.0022773386 -0.0030324727 -0.0020108705 -0.0013462165 -0.0023650401 -0.0030830409 -0.0001294552 -0.0031462009 -0.0026725696 -0.0022667572 -0.0014437200 -0.0031090130 -0.0030316229 -0.0004986348 -0.0021009336 -0.0027535227 -0.0028064777 -0.0033750199 -0.0033291206 -0.0031543856 -0.0009547510 -0.0005456688 -0.0023974723 -0.0006830806 -0.0015383255 0.0012645534 -0.0021500301 -0.0013055295 -0.0007056482 -0.0015167408 -0.0014040107 -0.0032536380 -0.0013050963 -0.0005543620 0.0012198711 -0.0033835142 -0.0013408936 -0.0020540969 0.0004098728 -0.0013875919 -0.0032900902 -0.0011948806 -0.0021408524 -0.0032745174 -0.0010334691 -0.0032801200 -0.0008895632 -0.0026320715 -0.0007857304 -0.0007150098 -0.0008246151 -0.0013130079 -0.0012453069 0.0002198556 0.0007461452 -0.0001931729 -0.0012338781 -0.0021706987 0.0013469120 0.0010622265 -0.0006430219 -0.0010234984 0.0009526584 -0.0022550360 -0.0008092843 -0.0022979523 -0.0018195184 -0.0012686711 -0.0030471196 0.0000534056 -0.0026602708 -0.0033552721 -0.0022632037 -0.0015851521 -0.0020539993 0.0003070620 -0.0029544057 -0.0033672242 -0.0024327305 -0.0007861157 -0.0015177891 -0.0010297864 0.0008349600 0.0012652336 -0.0026021248 -0.0030279791 -0.0028580097 0.0003474902 -0.0016049121 -0.0021112985 -0.0007556800 -0.0026715130 -0.0023791948 -0.0029842602 -0.0008757714 -0.0009748433 -0.0023451203 -0.0024268096 -0.0017982469 -0.0030877343 -0.0012195727 -0.0029880137 -0.0013955204 -0.0004497604 0.0012990752 -0.0032996302 -0.0009258787 -0.0018041705 -0.0027745168 0.0003039929 -0.0013350515 -0.0008243475 -0.0034711231 -0.0010706779 -0.0027951645 -0.0025992086 0.0001722849 -0.0025843265 -0.0027090204 -0.0018650040 -0.0009073935 -0.0026947604 -0.0007676738 -0.0006125589 0.0013191458 -0.0006588495 -0.0013071458 -0.0001859175 -0.0027148696 -0.0009697519 -0.0020497784 -0.0014221517 0.0005826305 -0.0008594202 -0.0031945286 -0.0002303603 -0.0012036925 -0.0010361751 -0.0022268144 -0.0015799295 0.0010514255 0.0000139706 -0.0020638704 -0.0007805313 -0.0026358983 -0.0021339962 -0.0033234979 -0.0018241771 0.0014536562 -0.0000036995 0.0012466398 0.0011546933 -0.0015371160 -0.0015937121 -0.0004453483 -0.0034511252 -0.0014566877 -0.0013689683 0.0009912623 -0.0028960472 0.0009827960 -0.0021835091 0.0014225332 -0.0030449471 -0.0023543341 -0.0032984763 -0.0012967113 -0.0028084714 -0.0013821343 0.0012543286 -0.0026289257 -0.0005730996 -0.0005231008 0.0008146034 -0.0015874343 -0.0000592423 -0.0028608770 -0.0010582702 -0.0002755154 -0.0015661845 -0.0031813637 0.0000049527 -0.0019126766 -0.0034627779 -0.0027057668 -0.0003274587 0.0005523404 -0.0004284975 -0.0032302313 -0.0009560823 -0.0000718958 -0.0026712713 -0.0011442543 -0.0019221009 0.0006196593 -0.0029852150 -0.0029505584
0.0004131611 -0.0004224429 -0.0018406778 0.0004919717 0.0003895640 -0.0003246900 -0.0000174940 -0.0005739449 -0.0002126760 -0.0003942926 0.0010316720 -0.0009818445 -0.0015565824 0.0004817610 -0.0010032691 -0.0004429442 -0.0003140770 0.0008911116 -0.0015415227 -0.0015653395 -0.0014295363 0.0000831866 -0.0006361429 0.0002709671 -0.0004923505 -0.0009443855 0.0007452884 -0.0016741967 0.0004364276 0.0008713870 -0.0007647321 -0.0015251588 -0.0008071807 -0.0014750564 -0.0015104699 0.0004136154 0.0012216952 -0.0008199015 -0.0006954357 0.0007082063 -0.0014216225 -0.0001239814 0.0002650609 0.0009461988 0.0009434000 0.0008575078 -0.0009185610 0.0003719593 -0.0016544174 -0.0002512761 -0.0003527649 0.0006563093 0.0001883226 0.0010623357 0.0001773398 0.0002210729 -0.0010829774 -0.0014125763 -0.0007165393 0.0000401701 -0.0011538489 -0.0018511571 0.0011540280 -0.0008330399 0.0009826447 0.0000180225 -0.0001349664 0.0002853065 -0.0017887424 -0.0003635641 -0.0002818063 0.0008746696 -0.0007979599 0.0001800860 -0.0018395243 0.0007164546 0.0002669477 0.0003424021 0.0009535068 0.0002588355 -0.0007440789 -0.0016281826 -0.0012233686 -0.0000169993 -0.0011305971 -0.0012718891 0.0001496112 0.0001684715 -0.0017362930 -0.0009404095 0.0008826052 -0.0002207239 0.0003855726 -0.0013743169 -0.0012236653 0.0010817758 0.0000344950 -0.0015814202 0.0010733446 0.0010677287 -0.0005871021 0.0010144641 -0.0012239851 -0.0010504418 -0.0008085849 0.0006813164 0.0009286826 -0.0005637701 0.0005942591 -0.0015239585 0.0011004719 -0.0000076085 -0.0004557925 0.0010191404 0.0008800554 0.0005677360 -0.0014495634 -0.0009791139 -0.0004647731 -0.0005887246 -0.0009888415 -0.0014295334 -0.0006248938 -0.0009080258 -0.0014940144 0.0010185941 -0.0007106098 -0.0002634779 0.0000739391 -0.0014846576 -0.0016152293 -0.0007864608 -0.0013173962 0.0004530808 -0.0012275776 -0.0005501672 0.0010731277 0.0004914392 0.0010311157 -0.0016705735 -0.0017237896 -0.0005905323 -0.0001041505 -0.0002687636 -0.0003629061 -0.0001281317 -0.0012990731 -0.0000568913 -0.0014333043 0.0000279788 0.0007607010 -0.0010344118 -0.0006993569 -0.0000402408 0.0009449694 0.0008352241 0.0002421902 -0.0005299348 -0.0002891659 -0.0017305157 0.0008619648 0.0010621881 0.0008403505 -0.0017079570 -0.0014476278 -0.0010445374 0.0003114080 0.0006762231 -0.0009596758 -0.0003049927 0.0002883277 0.0000574788 0.0011784604 -0.0000415478 -0.0012179094 0.0009857488 0.0003578248 -0.0005837982 -0.0015786671 0.0004312707 0.0001548716 0.0003314409 -0.0013587471 0.0000042651 0.0000620114 -0.0013954936 -0.0012600932 -0.0005287506 0.0007470229 0.0007609701 -0.0012227033 -0.0002477609 -0.0014950937 -0.0015715539 0.0001005786 -0.0012966008 0.0004646282 0.0001512683 -0.0006029847 0.0001388657 -0.0002993823 0.0010637162 0.0002032179 -0.0018683644 0.0006652704 -0.0002229823 0.0002943384 -0.0015718443 0.0002426956 -0.0013535535 -0.0001928843 0.0008527284 -0.0011851093 -0.0013513181 0.0009078358 0.0005838702 -0.0000179836 -0.0009594499 -0.0013187643 -0.0016304759 -0.0013756078 -0.0010865709 0.0001658714 0.0001608089 -0.0009159144 -0.0005419542 0.0007945485 0.0008225113 -0.0003814306 -0.0013252500 0.0002371253 0.0004350752 -0.0001342924 -0.0001589634 0.0003701055 0.0007262959 0.0004468367 -0.0018295456 -0.0007106364 -0.0011117270 -0.0003263286 -0.0013000763 0.0006317294 -0.0005477107 0.0007482049 -0.0005825593 -0.0009470467 -0.0013621849 0.0006555972 0.0000680678 -0.0012225945 -0.0017540946 -0.0012173280 0.0008163594 -0.0005666532 0.0009402132
0.0005716630 0.0003156994 -0.0014640341 -0.0018558156 -0.0002922793 0.0006318846 0.0000729524 -0.0004521062 -0.0005390138 0.0006499636 0.0004575750 -0.0008751766 -0.0010254316 0.0002902032 0.0002668191 -0.0013287546 -0.0014800633 0.0005016383 -0.0014636645 0.0001188961 0.0007498101 -0.0013718558 0.0001169230 -0.0017351578 -0.0005437397 -0.0012518432 -0.0010044614 0.0008992694 0.0000554726 0.0010275269 -0.0000924697 -0.0009048463 -0.0000716289 0.0007147333 -0.0011244067 0.0001522087 -0.0003063596 -0.0006744359 -0.0018324009 -0.0002616007 0.0001242565 0.0000319793 -0.0005728588 -0.0004082907 -0.0002202668 -0.0008265470 -0.0016835551 -0.0013178812 -0.0013343405 -0.0005156978 -0.0004369769 0.0010124148 -0.0005155398 -0.0011122783 -0.0004924651 -0.0003318319 0.0006089960 0.0007216638 -0.0009453367 -0.0004618582 -0.0000966624 0.0009418082 0.0006360183 -0.0008361198 0.0010117801 -0.0008707229 -0.0008652405 -0.0002166756 -0.0011748233 0.0005684303 -0.0004611074 -0.0007534178 -0.0011901788 -0.0007417530 -0.0004292605 -0.0014422372 0.0003679977 -0.0001660720 0.0003788338 0.0011115459 -0.0006486823 0.0004701749 -0.0020178042 -0.0007945070 0.0007549025 -0.0013117272 -0.0003040034 -0.0007435491 0.0005440288 0.0003663284 0.0004751066 -0.0009317240 -0.0010984817 0.0004189248 0.0007516937 -0.0004638339 -0.0011284592 -0.0009714239 -0.0016969763 0.0002373819 -0.0009888090 -0.0006103466 0.0002055750 -0.0010223573 -0.0005094228 -0.0017242049 -0.0002969362 -0.0009877705 0.0000311652 0.0005263361 0.0001442490 -0.0015340829 -0.0000186855 0.0004409017 0.0004475311 0.0009966139 -0.0002723804 0.0010238765 0.0011562132 -0.0002933770 0.0002785214 -0.0016139307 0.0002181274 -0.0006409354 0.0006003932 -0.0009303904 0.0003812757 0.0000027485 -0.0003061288 -0.0007759152 -0.0017614507 -0.0001280368 0.0008098292 0.0009597657 -0.0001762539 -0.0001391458 -0.0015497514 -0.0002990920 -0.0009843606 -0.0015587347 -0.0011259746 -0.0006292098 0.0003410876 -0.0018866124 -0.0017623157 0.0007864646 -0.0010625770 -0.0018998327 -0.0010026181 -0.0019280616 0.0010230247 -0.0017645116 -0.0005083043 0.0004217992 0.0001755915 -0.0009079214 -0.0018521763 0.0003626984 -0.0013170410 -0.0002372789 -0.0015423858 -0.0012416868 0.0007005634 -0.0007116544 0.0010088036 -0.0015324219 -0.0017413434 0.0005859754 0.0005585563 0.0009734289 0.0003028235 0.0009351773 0.0002481643 -0.0000457037 -0.0019438252 -0.0009538445 0.0002337074 -0.0019532824 -0.0001493127 0.0001406362 -0.0016609570 -0.0008165791 -0.0001913543 -0.0016397942 0.0004703364 0.0001049288 0.0001712828 0.0000953552 0.0001879058 -0.0003777979 -0.0017103471 -0.0000504892 -0.0015241590 0.0000525683 0.0009220418 -0.0004780603 -0.0009505445 -0.0009674623 -0.0009395946 0.0003473325 -0.0010690828 0.0009658099 0.0004828155 0.0006157695 -0.0017966519 -0.0001669235 -0.0002996818 -0.0003625597 -0.0000472517 -0.0011782863 0.0007222538 -0.0004573479 -0.0012026427 -0.0013671820 -0.0005993733 -0.0018045740 -0.0002166004 0.0008316784 -0.0017830676 0.0000122518 -0.0010876185 0.0000650355 -0.0008315870 -0.0006954406 -0.0006060156 0.0011203141 0.0008903324 -0.0001293862 0.0002361530 -0.0016675142 -0.0000218366 0.0004857097 0.0003477882 0.0005757982 0.0005563750 -0.0007461190 -0.0015665368 -0.0003736560 -0.0006137661 -0.0007967539 0.0004897050 0.0006257115 -0.0018343603 0.0001508330 0.0006317727 0.0011015183 0.0006415766 0.0009446259 0.0002572154 -0.0008100507 -0.0010267571 0.0007193159 -0.0011381198 0.0006575827 0.0006330844 -0.0010541212
0.0412185416 0.0000318982 -0.0257217288 -0.0614339560 0.0013122351 -0.0001707340 -0.0971785560 0.1062957272 0.0950404033 -0.0030808970 0.0422974080 0.0253270641 0.0571921617 -0.0324611515 0.6296368241 -0.0008758282 0.0001064236 0.0113762021 -0.0012734914 0.2180863917 -0.0260140002 -0.0367090143 -0.0402792469 -0.0547523089 0.0006224650 0.1873026192 -0.0008255840 -0.0026616764 0.1265467554 -0.0104534440 0.0088946670 0.0375924855 -0.0950552896 -0.3727037013 -0.0119373994 -0.0090492126 0.1694056541 -0.0007459656 0.0012925890 -0.0042128908 0.0806700885 -0.0000807366 -0.0024951261 0.0001825872 -0.0663280413 -0.0569830425 0.0060324837 0.0084981285 0.0001203568 0.0032392433 -0.0026703747 0.0000490074 0.0183865894 0.0000044785 0.1357241422 0.0213723220 0.0145125836 -0.0129674627 -0.0014027386 -0.0704415515 -0.0873963013 -0.0781698227 -0.0005289682 0.0169349629 0.3358137012 -0.0004742622 0.2083696127 0.0074497638 -0.0074713267 -0.0005216300 -0.0235331934 -0.0037060338 0.0018715118 -0.4587912560 -0.0106697185 -0.1186833084 -0.0342241190 -0.0026827450 -0.0418037027 0.0011115138 -0.0283106547 -0.0075038173 -0.0061955480 0.1501744092 0.0001068135 0.1811852455 -0.0008597282 0.0210844018 -0.0010005026 0.0512458757 -0.0187963694 0.0243593603 0.0017630607 0.0003225462 -0.0406517200 -0.0009376482 0.4705023468 0.0005105853 0.0004316476 -0.0125871077 -0.0026090723 -0.0792584941 -0.1361943483 -0.0060242144 -0.0127790784 0.0536818504 -0.0885646716 -0.1044525430 0.0014720841 -0.2637629211 -0.0298327878 -0.0003785988 0.0011286368 0.0014198816 0.0007492610 0.2089105397 -0.0260054320 -0.0027700532 0.0013534445 -0.0012071340 -0.1727671474 -0.0002140054 -0.0012313076 0.1503957361 -0.0770822689 0.1442032158 0.0472996347 0.0029293827 -0.0006470020 -0.0338241905 0.1172711328 0.0139381699 0.0151756862 -0.0869783089 -0.0009782702 0.0143066822 0.0446534194 -0.0023853048 -0.0205193739 -0.0306512471 -0.0010113949 -0.0011179559 0.0005848670 -0.0047117332 0.1322792470 0.0336998478 0.0000513586 -0.0239889082 -0.0199269690 -0.0434739701 0.0597902462 0.1247121841 -0.0187175721 -0.0932869315 -0.0010122900 -0.0176165011 0.1602145582 -0.0562498905 -0.0088143637 0.0095948754 0.0796123371 -0.0389192663 -0.0037595681 0.0009209012 0.0258710627 0.0017636191 -0.0288255308 -0.1757668555 0.0002471276 -0.0000790585 -0.0234504901 -0.0836751908 -0.0007262869 0.0045657177 0.0105084926 -0.0005914340 -0.0441518389 -0.0296401121 0.1319683939 -0.0536863804 -0.0521943606 -0.0032425346 -0.0303987488 -0.0001097292 -0.0414833575 -0.0339715593 0.0005051423 -0.0900620818 -0.0946554840 -0.0003467482 0.0010741883 -0.0001194342 0.0720349103 -0.0010856229 0.0008750521 -0.0204934105 0.0167167671 -0.0205359906 -0.1208118796 -0.0005215254 -0.0025974016 0.0340174660 -0.0008170722 0.0017538005 -0.0477150604 -0.0029878900 -0.0502656959 -0.0009789373 0.0011772864 0.0005557772 0.0006583668 -0.0650162324 0.0209415574 -0.0430040173 0.0183413792 0.0007079985 0.1166095212 -0.0010703928 0.0292199850 -0.0010598035 -0.0195636321 0.0010627733 -0.0420621596 -0.0139576700 -0.0089351237 -0.0002734288 -0.0105417147 -0.0080344211 -0.0009479469 0.1723497063 -0.0050453320 -0.0919457376 0.0001984899 -0.0427934378 0.0006027246 0.0717533678 0.0079827178 -0.0001595907 0.0894880295 -0.0939947292 -0.0023518628 -0.0037674806 -0.0451453365 -0.0645985603 -0.0009832546 0.0005198981 0.0011175653 0.0198867414 -0.1657534391 -0.0005881049 -0.0160175543 0.0453727841 -0.0439004004 0.0013937382 -0.0336189605 0.0307501182
0.0083901398 -0.0017617431 -0.0298087560 0.0030756046 0.0007464873 -0.0016871806 0.0081069227 0.1484311968 0.0982751027 -0.0033387758 0.0222528744 0.0239746682 0.1754388064 -0.0304365680 -1.0140349865 0.0004196911 -0.0006648769 -0.0066041700 -0.0121006053 0.2763606310 0.0030446930 0.0259469599 0.0163089838 0.0032449425 0.0013826126 0.1979463696 0.0002837426 -0.0025917049 0.0711601824 0.0468270406 -0.0307197999 0.0393552519 0.0432649739 -0.0608549155 0.0292150173 -0.0223349053 0.1948371679 -0.0004143069 0.0002078570 -0.0026363721 -0.0037712927 -0.0001554428 -0.0024145220 0.0007527685 -0.0680752173 0.0060497285 0.0164505616 -0.0159442909 -0.0002253972 0.0139526762 -0.0007637456 0.0003550572 0.0628311634 -0.0023257302 0.0359743387 0.0045143310 -0.0018788022 0.0207535326 0.0003242383 0.0214940533 -0.0117392261 -0.0284845438 -0.0007933813 -0.0384300202 -0.1987153143 0.0015082915 0.2434841394 0.0232936572 -0.0216622651 0.0003136933 0.0192117989 -0.0420276038 0.0013512073 0.1549996883 -0.0412432998 -0.0319707692 0.0203513168 0.0089178272 -0.0440758616 0.0011194735 -0.0518001430 -0.0148151796 -0.0205520410 0.1277479231 -0.0014190199 -0.0079338448 0.0014607854 0.0064060432 0.0015108035 0.0215420146 0.0290335063 0.0392318368 0.0006175642 0.0001190459 -0.0277630426 -0.0002891580 0.1145918816 -0.0002157902 -0.0006317330 0.0346375108 0.0029938335 0.0822852552 -0.0448783524 0.0256512016 0.0241223089 0.0678929314 -0.0140374582 0.0809157416 0.0018685380 0.0749594197 -0.0136850579 0.0006271399 -0.0009288201 -0.0000667463 -0.0006456763 -0.0111475727 0.0167755708 -0.0020828985 -0.0008201404 -0.0012740447 -0.1300912350 0.0004244646 -0.0261554159 0.1657027006 0.0411263667 0.1599652320 0.0462200195 0.0779794604 0.0013381061 -0.0136183212 0.0923793167 0.0078361286 0.0489385501 -0.0318482146 0.0000341117 0.1360583901 -0.0149455303 -0.0150677124 -0.0860387832 0.0613063909 0.0005260918 -0.0027186570 0.0004932088 -0.0187041610 0.2194778174 0.0292020272 0.0000830559 -0.0040403772 -0.0540282950 -0.0112812966 0.0166841894 0.1380226165 -0.0056640399 0.0739031881 0.0007792776 0.0044497810 0.1889012158 -0.0423570238 -0.0178600736 -0.0032559885 0.0519912429 -0.0241901763 -0.0225093756 0.0008732394 -0.0387879275 0.1200615317 -0.0290077440 -0.2896353006 -0.0003923160 -0.0004284896 -0.0307968482 -0.0522427112 0.0002982426 0.0197881311 -0.0185393728 -0.0024889030 0.0447320342 -0.0292017069 0.0221493859 -0.0583176687 -0.0439060777 0.0034646522 -0.0266012326 -0.0013858593 -0.0004833751 0.0040060384 -0.0006604362 -0.1583631039 -0.0146371843 0.0322821327 -0.0000305548 0.0006293438 0.0177681707 0.0548395626 0.0004785270 -0.0190582201 0.0692658573 0.0319765769 -0.0394105688 -0.0008234775 -0.0024538611 0.1271187365 -0.0033460171 -0.0140392985 0.1172987744 0.0235307030 -0.0676966384 0.0015005528 -0.0008320447 -0.0005562562 0.0005049664 0.0617571995 -0.0015546907 0.0542148910 0.0973717049 -0.0006723113 0.0473834313 0.0015605361 0.0731677860 0.0014973681 0.0458278842 0.0010018609 -0.0211235955 -0.0341534317 0.0128418691 0.0000391182 0.0141194900 0.0213203132 -0.0000900525 0.1539582312 0.0164339636 0.2656533718 0.0008362550 0.0635896400 0.0014634852 0.0578876622 -0.0078932894 0.0005282258 0.0266005211 -0.0659084544 -0.0007738543 -0.0100129880 -0.0568931960 -0.0008738752 0.0005535668 0.0010205928 0.0008752623 -0.0038010711 -0.0923277736 -0.0020802689 -0.0041548107 0.0439261273 -0.0144077269 0.0016991796 -0.0204482377 0.0426420346
-0.0208539423 -0.0001573140 -0.0167665463 0.0272088461 0.0013233572 -0.0001768018 0.0353917480 0.1299655586 0.1122680008 -0.0018463474 0.0580648780 0.0074971737 0.0814020187 0.0415344797 -0.0581882223 -0.0009415537 -0.0012141857 -0.0272866227 0.0290082470 0.1993454695 0.0176418871 -0.0312124044 -0.0185012817 0.0069753230 -0.0001322470 0.2238056213 0.0008651446 -0.0019389478 0.1318332404 0.0164891426 -0.0219325386 0.0365241282 0.0094683403 0.0257918872 -0.0200140066 -0.0528215356 0.2047158331 0.0002512131 -0.0002634388 -0.0038757999 0.0228310358 0.0001279155 -0.0012743545 0.0005447154 -0.0337549560 -0.0041073994 -0.0272453222 -0.0052612182 0.0019111639 0.0684511662 -0.0022874470 -0.0002250914 0.0392301828 -0.0009886209 0.0122594163 0.0351196118 0.0775377452 0.0089208931 0.0001683964 0.0364438035 0.0557137541 -0.0445820019 0.0008158053 -0.0729760230 0.3870891333 0.0011212572 0.1472622752 -0.0159313194 0.0581677854 -0.0012865259 0.0125364978 -0.0204022024 0.0009886872 0.0810508579 0.0525526665 0.0176235605 0.0580200404 0.0282795466 -0.0271759499 0.0003024986 0.0838381127 -0.0033814241 -0.0309506338 0.1826267689 0.0016826923 -0.0258325227 -0.0011857146 0.0704009980 0.0017668768 -0.0415810496 0.0687543750 -0.0175572932 0.0011677291 -0.0014156537 -0.0087417020 -0.0006551542 0.0787660107 0.0008837170 0.0019802242 0.0402019955 -0.0017716889 -0.1057602540 -0.0196256433 -0.0060250750 -0.0829719231 0.0614211559 0.0002362263 0.1172892749 -0.0003394542 -0.0050275675 -0.0112912133 -0.0007368528 0.0017276729 0.0002989648 -0.0011906385 -0.0037920161 0.0554543063 -0.0021713232 0.0002969766 -0.0015890994 0.0473949723 0.0026932030 -0.0167841539 0.1907855570 0.0152547620 0.1819010675 -0.0387886129 0.0468745083 0.0010028203 0.0058482373 0.1254784316 -0.0190769322 0.0290704370 -0.0237232372 0.0019194011 0.0263415016 -0.0006148834 0.0215999112 -0.0391391888 0.0649274662 0.0008172044 -0.0004950780 -0.0005875402 -0.0162386671 0.1273358166 0.1090843305 0.0015051262 -0.0200332515 0.0387149006 -0.0135584222 0.0207556654 0.1671575010 0.0022139801 0.0507134385 -0.0019389378 0.0044688429 0.1930408776 -0.0180671737 0.1128832772 0.0188493226 0.0992690995 0.0836972222 0.0266202893 0.0013893767 -0.0020384635 0.0421693623 0.0130793042 -0.0928767622 -0.0006203335 0.0000691260 0.0231461581 -0.0155620193 -0.0005335396 -0.0029756185 0.0384843163 -0.0033138867 -0.0878349394 -0.0522352457 0.1356018931 0.0100440504 0.0306292716 -0.0017546418 -0.0275635105 -0.0015332893 -0.0118122678 -0.0042034066 -0.0004411413 0.0225680061 -0.0046736123 -0.0169187598 0.0005382709 -0.0008033784 0.0247818101 -0.0154445572 -0.0007803210 -0.0192370284 0.0216623396 0.0079740798 0.0442585908 0.0002542744 -0.0029645278 0.0866364911 0.0839395151 0.0091810618 0.2256021649 -0.0100189103 -0.0566082485 0.0014981339 -0.0004582923 0.0004732813 -0.0001015946 0.0576629974 -0.0450684503 0.0727865919 0.0979800150 0.0008456518 0.0561352670 0.0009563268 -0.0357009284 0.0000540873 -0.0089802546 0.0017792950 -0.0217809267 0.0488950238 0.0297664125 0.0008126678 -0.0261467770 0.0238459967 0.0015886406 0.1516866684 0.0012011244 0.0507521927 -0.0001100809 -0.0076982901 -0.0001059739 -0.0790343657 0.0257935673 -0.0017836033 -0.0361777507 -0.0661261976 -0.0006511331 0.0356670506 0.0369149595 0.0430853777 -0.0013881157 0.0015822296 0.0011169367 -0.0378300436 -0.1836012751 -0.0010659938 0.0095226932 0.0640277043 0.0207819119 -0.0006928905 -0.0259265304 0.0030261721
0.3643008471 -0.0004031615 0.0343020745 0.0414293744 0.0015894554 -0.0024237027 0.1286732405 -0.0180579852 0.1439605802 -0.0021239764 0.0689125881 -0.1300811917 0.0575386025 0.0766537637 0.0210594945 0.0002768457 -0.0030673668 0.1302434504 -0.0026173152 0.0021732040 -0.1846477389 -0.5169486403 -0.1201699376 0.2506920099 0.0009972088 0.0204091463 -0.0009724444 -0.0014967226 -0.1700115502 0.1489136219 -0.2093350738 -0.0248780753 -0.1223162934 0.0257472917 -0.1691157818 -0.1853449196 0.0413940586 -0.0015987612 -0.0002023735 -0.0027896899 -0.0144984862 0.0015097468 0.0034456928 -0.0003810091 0.2688848674 0.0291309170 0.0264612436 0.2175149471 0.0029671041 -0.0954001024 -0.0005544103 -0.0000916586 -0.3079669774 -0.0013350070 -0.0093895830 -0.1003290415 -0.0306617264 0.2347831577 -0.0040018372 -0.1062811092 0.0996427760 0.0713286474 0.0001775858 -0.3151978552 -0.0205826964 0.0012711782 0.0072260415 -0.0965071321 -0.0085787531 0.0007612425 0.2755233943 0.2267317623 -0.0003066011 -0.0308263842 0.0705400780 -0.0495055355 -0.0267743021 -0.0231737625 -0.1280744523 0.0017549333 0.0361181721 -0.4168095589 0.0410468020 -0.0072434731 0.0010510918 -0.4002201557 -0.0005118476 0.2777028978 0.0014903257 -0.3909331262 -0.4512825012 0.2968654037 0.0015931912 -0.0026150031 -0.2750167549 0.0018760500 -0.0157225300 0.0005666460 0.0014860810 -0.5480533242 -0.0002865980 0.0063173031 0.0411495008 0.1288169771 -0.0131156286 -0.2072830945 0.1357219070 0.1287517399 0.0010437374 0.0771618411 0.0238282550 -0.0024107513 -0.0011912817 -0.0010950206 -0.0008232361 0.2322333604 -0.0052920333 -0.0010990823 -0.0009205845 0.0038398674 0.0586516187 0.0019964559 -0.6998237967 0.0438628048 -0.9118512869 0.0287528075 -0.0760323107 -0.4034249783 0.0007252230 -0.2373850942 0.1039000005 -0.6247418523 0.1070331931 -0.0373212174 0.0014218042 0.2029139400 0.0376222767 -0.4053796828 -0.4395302236 -0.0519330315 -0.0010683440 -0.0029360582 0.0015363148 -0.1929311454 -0.0472094230 0.0031482715 0.0012194344 -0.0204039682 0.0749581233 -0.8297224045 -0.1165449023 0.0314094126 0.0729227960 0.4089053571 0.0002246851 0.1603889614 -0.0095033897 -0.5556776524 0.0326706246 0.2239083946 0.0425496586 -0.0808757395 0.2480866611 0.0000897539 -0.1618190557 -0.2722886801 -0.0329787582 0.0011067881 0.0003805921 0.0010400363 -0.0205116346 -0.2395086437 -0.0003361650 -0.0360667147 -0.0724606216 -0.0014401518 0.2061203271 -0.1731218547 -0.0255266130 -0.1872210950 -0.3025028110 -0.0025811228 -0.0590553023 -0.0003645511 -0.1137965322 -0.0240704063 0.0015470550 0.1597080678 -0.3525858521 0.0526378267 -0.0000766755 0.0005227218 0.1216727868 0.0089751752 -0.0003014520 -0.0194882676 -0.4467946887 0.0304824822 -0.3291902840 0.0002395233 -0.0025445239 0.0253168773 0.0470422581 0.1242794022 -0.0209661704 0.1209594235 0.0600185059 0.0013545031 -0.0007553266 -0.0013902859 0.0003071678 -0.0686211213 -0.2744177878 0.1821122020 -0.0044378056 -0.0013999323 0.0358251333 -0.0008681390 0.5517284870 -0.0005789917 -0.8309480548 -0.0004846850 0.0080837635 0.1185414344 0.3343861401 -0.0005434932 0.0230210759 0.0038003372 0.0019099481 0.0513000526 0.0098688286 0.0744947791 -0.0011467140 0.0316636004 0.0021254553 -0.0221817940 -0.1820678115 -0.0037038110 0.1134093478 0.0817809701 0.0001541261 -0.3422978222 -0.0296106841 -0.1274630427 -0.0000294852 -0.0005928737 -0.0002812318 -0.2526830435 0.0412914343 -0.0011663159 -0.0574096441 0.0531038232 0.1243168637 0.0001209807 0.1158342883 0.3364911675
-0.0009754233 -0.0012500100 0.0003650092 0.0002664951 0.0007657416 0.0002647894 0.0001090513 0.0001335461 -0.0012003562 0.0007406843 0.0011708309 -0.0007812096 0.0006542980 -0.0010140496 -0.0005405360 0.0007269854 0.0007136120 -0.0012748323 0.0006800554 -0.0003896278 0.0007148354 -0.0008717775 -0.0007898575 -0.0007128007 -0.0004364514 0.0002296491 0.0007764869 -0.0014256693 -0.0004731295 -0.0016793994 -0.0015707676 -0.0000897563 -0.0004381200 -0.0014553439 -0.0003291508 -0.0009107728 -0.0009273457 0.0011085059 -0.0001599700 0.0010619400 -0.0015289113 0.0004029186 0.0009558517 -0.0008128480 -0.0001812207 -0.0016434917 -0.0007856702 0.0010043854 -0.0016925316 -0.0002829377 -0.0015323728 0.0008304457 -0.0000334099 0.0000501891 -0.0008604352 -0.0015735567 -0.0015650116 0.0001169635 -0.0016268013 -0.0004718265 -0.0011047185 0.0002723775 -0.0012594549 -0.0009431028 -0.0018183311 0.0004331628 -0.0004967032 -0.0005004080 0.0012142695 0.0009705496 0.0000660822 -0.0001339072 0.0006019219 -0.0013514498 -0.0010215724 -0.0010986277 0.0009889783 -0.0016414371 -0.0012845851 0.0005849041 -0.0000138423 0.0006175048 -0.0014107175 -0.0003889657 0.0001245872 -0.0007658429 0.0005954321 -0.0013158985 0.0010939925 0.0004716392 0.0006364681 -0.0011771434 -0.0016847955 -0.0017826245 -0.0002773879 0.0003954085 0.0000568603 -0.0009480981 0.0008152574 -0.0005952379 0.0011492006 -0.0009381126 -0.0003782038 -0.0017010624 -0.0005603878 -0.0012412146 0.0003257067 0.0001469902 -0.0003401507 -0.0000798571 -0.0003574921 -0.0002592804 -0.0009136276 0.0011869341 0.0000776102 -0.0000937656 -0.0017891896 0.0005580031 0.0014494491 -0.0008188902 -0.0001840873 -0.0007794239 -0.0010887859 0.0009188075 0.0006092603 -0.0008710354 0.0008334313 0.0003759004 0.0010987774 -0.0005010381 -0.0012470389 0.0009167535 -0.0016533858 0.0004736189 0.0007241639 -0.0001638824 -0.0010427312 0.0007503848 -0.0001561732 -0.0003485444 0.0002558989 -0.0015940205 -0.0000799935 -0.0008811562 0.0004380564 -0.0003095979 0.0004749575 -0.0003228494 -0.0005693968 -0.0005707156 -0.0009853998 -0.0006665764 0.0003761862 -0.0011178056 -0.0004643807 0.0003765168 -0.0010479162 0.0011320745 0.0007778672 -0.0001355861 0.0002067813 -0.0008077966 0.0001450600 0.0004055509 0.0005146277 -0.0018794356 -0.0010409959 0.0011842016 0.0002411307 -0.0001004292 -0.0011885645 -0.0011350138 0.0008420168 -0.0010558459 -0.0018300116 0.0000664921 0.0000342983 -0.0006413296 -0.0010266318 0.0000029405 -0.0006249296 -0.0001014865 -0.0000461685 0.0001690438 0.0002052342 -0.0017709261 0.0005860352 -0.0004445813 0.0002031224 0.0007813062 -0.0000673483 0.0002711831 0.0006739291 -0.0003528733 -0.0003634801 0.0002752733 0.0007711872 -0.0011915598 0.0009274265 0.0000846492 0.0011010908 -0.0011949285 0.0003081428 0.0007144058 -0.0017556216 -0.0015417456 -0.0009665246 0.0005527806 -0.0002268635 -0.0000710971 -0.0011366099 0.0004550775 0.0007168277 0.0001837212 -0.0016698218 -0.0014648268 -0.0005699216 -0.0004180117 0.0010975318 -0.0001535222 0.0010043735 -0.0017774793 -0.0010274207 0.0011751860 -0.0011832908 -0.0000346405 0.0006642510 -0.0011349274 -0.0003186447 -0.0013467063 -0.0009736769 -0.0009775233 0.0005981277 -0.0006721303 0.0008947034 -0.0013198418 -0.0012740531 -0.0011914631 0.0006291132 -0.0009703935 0.0004234859 0.0003715280 0.0010092150 0.0003988946 0.0003159248 -0.0007932397 -0.0002722593 0.0002355685 0.0006508802 -0.0013063974 -0.0012302413 -0.0010703921 -0.0017363686 -0.0014552952 -0.0000120715 -0.0011828152
0.0195313338 -0.0002158699 0.0118417703 0.2036969066 -0.0000580621 -0.0006373456 0.3080208898 -0.0224272106 0.1334339380 -0.0025653408 0.1078705415 0.0170168877 -0.1352886707 -0.0722026229 -0.1392993033 0.0000608794 0.0020618823 -0.0088447202 0.0732149035 -0.0438026264 0.0734688342 0.2685281932 -0.1828761548 0.4388861060 -0.0006281986 -0.0472708680 0.0001604933 -0.0028526783 0.0800986066 -0.2284111381 0.0308713913 0.0055955253 -0.1137224585 -0.9601194263 0.0457155704 0.0689542666 -0.0054485113 -0.0001827651 -0.0008609048 -0.0044807047 0.0341419131 -0.0005856006 -0.0015927658 0.0016382029 0.0704747066 -0.1057113111 0.0441040285 0.0338412188 0.0032051699 -0.0020244420 0.0000311771 0.0003015051 -0.1312275678 -0.0025799340 -0.3523434103 -0.0898890942 -0.0076916530 0.0157108437 -0.0017313029 -0.1044879705 0.1321238726 -0.0674011782 -0.0012915604 -0.0110847363 0.1247909069 -0.0012689859 0.0906739831 -0.1736268848 -0.1117585376 0.0006446571 -0.3974585533 -0.1503441036 0.0000553574 -0.0223376304 0.2099851519 -0.1447481960 0.0501869693 0.2661200464 0.0343766063 -0.0009254336 0.1498314589 -0.1788807064 -0.1735868007 -0.0584329851 0.0006983767 0.4639088213 0.0016773386 -0.1378146410 -0.0013734951 -0.0638873279 0.1847149879 0.0161749236 -0.0005156519 -0.0058400505 0.0961374864 -0.0008988372 0.1415144950 -0.0003984254 -0.0007088869 -0.0256021358 -0.0014422452 0.1376815885 -0.1539547145 -0.2751586735 -0.1240593866 0.0511818342 -0.2000419647 0.0881309733 0.0022668482 -0.0709351599 -0.1496803164 -0.0016859203 0.0005037266 -0.0009370064 -0.0001607436 0.1585699618 0.0296214558 -0.0029472637 0.0003817824 -0.0001694563 -0.3539107144 0.0035094735 -0.0299764983 -0.0075113643 0.0401909612 -0.0166606959 -0.3597824872 -0.1009735391 0.0000122444 -0.1215014383 0.0643115789 0.0160385203 -0.0136410324 0.0163279437 -0.0023200023 0.0643642619 -0.0176974852 -0.1411501765 0.2238400578 0.1326309294 -0.0005726056 -0.0022113193 0.0010308657 0.1460456699 0.0726200044 -0.0848492682 0.0017753957 -0.0092565939 0.2989038229 -0.0097620813 0.1211769134 -0.0100619737 0.0692089424 -0.0083140293 0.0007146866 -0.0444436260 -0.0625916421 -0.0047582798 -0.0592358559 -0.0423635133 -0.0199644361 -0.0321538299 -0.1821660250 -0.0002896060 0.0789155662 0.1473393440 0.0738648698 0.0817758441 -0.0012820251 0.0016513303 0.1631101072 -0.1697999984 0.0008770172 -0.1507609338 -0.0980697796 -0.0024214138 0.0640983060 -0.0621565878 -0.0565786399 -0.0148032559 -0.4138628542 -0.0010577695 0.1891503930 0.0001728878 0.0225816034 -0.0712388828 0.0013111484 -0.2873856425 -0.0278299656 0.0767222568 0.0009221276 -0.0004175039 -0.0053774845 0.2282460183 -0.0023430898 -0.0104227941 0.0178769156 0.2978318334 0.1824622154 -0.0013801656 -0.0027568263 0.0704793856 0.0264202524 0.1334360540 0.0491679274 -0.1598964781 -0.1042808369 -0.0000437964 -0.0021543084 0.0008282767 -0.0000426714 0.0585673153 -0.0545839332 0.2395202070 0.2597928941 -0.0003022627 0.0583758950 0.0004749997 -0.2897475064 0.0001305145 -0.0683686137 -0.0023362131 -0.0896816254 0.2143514603 -0.2733003795 -0.0013996748 -0.0918061137 -0.0275862720 -0.0004280573 -0.0523302034 0.0947013348 0.0577821843 -0.0001669603 0.2573267519 -0.0006274554 0.1587927639 -0.0666730851 -0.0005769902 -0.2853036523 -0.0089577707 -0.0014043893 0.2550892830 0.0456550531 0.2326286435 -0.0016545833 0.0012942984 -0.0008770961 -0.0309933387 0.1323044002 -0.0023003805 -0.0344646797 -0.0352966823 -0.0610823222 0.0003174761 -0.0559149720 0.4731853306
-0.0484919995 -0.0017930075 0.1461268365 0.0286644511 -0.0000387672 -0.0014534980 -0.0241417550 -0.0653033704 -0.1813051254 -0.0008423929 0.0316117629 0.0645257831 0.0098784594 -0.0849542543 0.1157199219 0.0006290463 0.0021204338 0.0241278820 0.0795409083 -0.0922419280 0.0357793197 -0.0010702438 0.0187820215 0.0503961965 0.0008324386 0.0465882011 0.0003841484 -0.0018670454 -0.1180340871 0.0412673913 0.0590433255 -0.0285355244 -0.1505517215 0.1636259705 0.1072655395 -0.1022721529 0.0784446448 -0.0019574333 0.0003672669 -0.0027799767 0.0918929726 0.0014003362 -0.0028979776 0.0016788315 0.1145872325 0.1664309800 0.0482966080 0.0167584401 0.0007132969 -0.2150328606 0.0001495439 -0.0006781397 -0.0275749043 -0.0017148895 0.1850652248 -0.0250151139 -0.1242472529 0.0276221503 -0.0003825229 0.0219917186 -0.0335787609 0.1347340941 0.0012532461 0.0336992815 -0.0056414376 -0.0014494549 0.0174692608 0.0017651073 0.1125797406 0.0006310458 -0.0327897444 0.0101434775 -0.0007863323 -0.0889142454 0.0793226808 0.0403636023 -0.0874945447 -0.0997961536 -0.0276927613 0.0016024667 0.0875814110 0.0653604344 0.0078813760 0.0193693358 -0.0004090108 0.0230750497 0.0012544862 -0.2174963504 -0.0011448626 -0.0226156730 0.1117897704 0.0005154308 -0.0009027620 -0.0045928718 -0.0609850474 0.0002436991 0.0344494283 -0.0007040402 0.0003481886 -0.0401294008 -0.0029146781 -0.0189296436 0.1404068619 -0.0027092863 0.1761547327 0.2603419721 0.1291085035 -0.0227516573 -0.0004863100 0.1661586016 0.0756157041 -0.0011374609 0.0011494210 -0.0001987396 0.0014194211 -0.0427351147 0.1426439881 -0.0029122108 -0.0004227611 -0.0003150751 0.1319757998 0.0004720001 0.0156943351 0.0929276273 -0.0937713832 0.0830705762 -0.0695499852 -0.0897691473 0.0015266951 -0.0435480699 -0.1111834049 0.0199148655 0.0415504575 0.1192417368 -0.0011765048 -0.2403294146 -0.0963261351 -0.1300538480 -0.1601373106 0.1560880095 -0.0000903922 -0.0015536100 -0.0004593529 0.0090184826 -0.1250254214 0.0850473046 0.0004103639 0.0804974362 0.0027753641 0.0285382979 0.1457614899 0.1010246351 -0.1501500607 0.0830629766 0.0002739892 0.0327511579 -0.0044347164 -0.0841885880 0.1162465736 -0.0475707054 -0.2537012100 0.2040190846 -0.0202466641 0.0011229550 0.0345824659 -0.0474016704 -0.1631291211 0.1147608012 -0.0013661406 0.0002558895 0.0690358803 0.0652701780 -0.0003380617 0.0035686120 -0.1180905253 -0.0031450586 0.1768844277 -0.0200004186 0.0402637422 0.0546485372 0.0816566721 -0.0021858402 0.0396276712 0.0014022210 0.1034633219 -0.0299746133 -0.0007937381 -0.0464786328 0.0077011157 0.0711029470 0.0016652630 0.0000578310 0.1716828644 -0.1180240512 0.0010402637 0.0148789641 -0.0486043692 0.0927829295 0.0213884190 -0.0000285335 0.0016949981 -0.0149417594 0.1306511015 0.0315824635 0.0015633447 0.0678680018 0.1213038936 -0.0005999598 -0.0006537265 0.0012970166 0.0001373602 -0.0478193648 0.0370781310 -0.1429259479 -0.1269267052 0.0013137279 -0.0125479791 0.0002376791 -0.1180976704 -0.0007236847 -0.0055928226 0.0006255744 0.0801351815 0.0873196423 -0.0857586637 -0.0000634459 0.0059843701 0.0048663924 -0.0011407911 -0.1675280482 -0.0663595125 -0.0660923794 -0.0006284845 0.1652294099 -0.0003588485 0.0109349545 -0.0838752612 -0.0004269432 0.1490633339 0.1496530324 -0.0006337492 -0.0096329292 0.0707154721 -0.0330329537 -0.0009377360 0.0002257544 0.0003005016 0.0601328686 0.1623842120 -0.0002192649 -0.0109160226 -0.0524755679 0.0272772163 0.0017165763 0.0727127567 -0.0924356431
-0.0030828209 -0.0003391575 -0.0009982080 -0.0035749129 -0.0017696387 0.0001106451 -0.0019436501 -0.0009106181 -0.0010850863 -0.0018039430 -0.0034317879 -0.0003967740 -0.0017490359 -0.0017343507 0.0011585482 0.0001184929 0.0010676655 0.0010820865 -0.0005865145 -0.0019750390 -0.0022032890 -0.0016720109 -0.0020283407 -0.0013754582 0.0007065545 -0.0007474986 0.0006402964 0.0010345132 -0.0028333170 -0.0035683557 -0.0007168250 -0.0011668043 -0.0018840678 0.0004489176 -0.0022634417 -0.0014873041 -0.0007101998 0.0014562607 0.0004073775 0.0009663868 -0.0011471998 -0.0011618236 -0.0008052919 0.0000234012 -0.0011693536 -0.0003838400 -0.0006070777 -0.0032820236 -0.0016549729 -0.0011245165 -0.0013930644 -0.0012784926 0.0003955671 -0.0002387599 -0.0014767972 -0.0029543305 -0.0029513540 0.0003562176 -0.0017462645 -0.0022378559 -0.0022797650 -0.0027540170 -0.0009434998 -0.0007900380 -0.0027363456 -0.0000398248 -0.0009689459 -0.0030068085 -0.0008305373 -0.0015142112 -0.0000222796 -0.0029560353 -0.0013195574 -0.0006836858 0.0010259984 -0.0002247490 -0.0020438661 -0.0008986159 -0.0019857883 0.0011571958 -0.0022471757 0.0009810019 -0.0026222335 -0.0007160407 0.0003238959 -0.0009799405 -0.0015637672 0.0007313913 -0.0011095864 -0.0009202458 -0.0031932860 -0.0009317111 -0.0009375888 0.0011463261 -0.0015706685 0.0011772978 -0.0002645341 0.0005542438 -0.0007589731 -0.0032471467 -0.0006599391 -0.0015418424 -0.0000207074 0.0002612240 -0.0003441605 -0.0021362989 0.0002478297 -0.0027557451 -0.0011021650 -0.0026450418 -0.0009125222 -0.0017197907 0.0010677620 0.0008794785 0.0014734463 0.0004951186 -0.0022044030 0.0007932904 -0.0006475532 -0.0011547607 -0.0034670283 -0.0003900320 -0.0024215565 -0.0011275600 -0.0034469159 -0.0013825827 -0.0035057373 -0.0025620540 -0.0015970110 0.0010911918 -0.0017438262 -0.0014506207 -0.0014966842 -0.0012071613 0.0009960225 -0.0009908901 -0.0015154724 -0.0025059932 -0.0022389842 -0.0021899778 0.0004140761 -0.0000347050 -0.0006943596 -0.0006478317 -0.0018579218 -0.0006986056 -0.0017247631 0.0003197302 0.0012051197 0.0003908480 -0.0010581765 -0.0010073803 -0.0029307844 -0.0008365878 -0.0002041157 -0.0019712173 -0.0008518146 -0.0007793087 -0.0026670669 -0.0019232825 -0.0008448813 -0.0028820254 -0.0029213685 -0.0005626192 -0.0028755877 -0.0023873416 -0.0012318196 -0.0028188319 0.0009983566 -0.0008719348 -0.0003511053 -0.0020254704 0.0007378488 -0.0018331994 -0.0008385529 -0.0004206612 -0.0017770717 0.0002074170 -0.0015441303 -0.0004680652 -0.0003338626 -0.0008698508 -0.0008582990 -0.0017194736 0.0005156148 -0.0016412840 -0.0001580673 -0.0020427734 -0.0004794972 -0.0008479821 -0.0002249673 -0.0005871578 -0.0016476233 -0.0023620552 -0.0012123844 -0.0007825790 -0.0019498903 0.0008011132 -0.0001174356 0.0010665912 -0.0013597993 -0.0034670928 -0.0015378337 -0.0033101242 -0.0020553849 -0.0007110513 -0.0015683426 -0.0005358280 0.0010046265 0.0008677887 -0.0014911911 -0.0025373630 -0.0005492390 -0.0030130236 -0.0007770828 -0.0009927147 -0.0029335781 -0.0011746822 -0.0008014455 -0.0014391450 -0.0031411552 0.0002245856 -0.0010132217 -0.0015325770 -0.0005233969 -0.0015479584 0.0008960164 -0.0008659320 0.0011114776 -0.0018553932 -0.0033670175 -0.0015872499 -0.0014401613 -0.0020398630 0.0009617644 -0.0010022589 -0.0005694204 -0.0006328116 -0.0027414544 0.0004380456 -0.0014077632 -0.0015533412 -0.0005335192 -0.0006850777 0.0001835819 0.0004867983 -0.0001513066 -0.0019364336 -0.0022742716 -0.0010315112 -0.0009485786 -0.0024230957 -0.0004823727 -0.0003146241 -0.0011810629 -0.0004394838
-1.0170654058 -0.0017302377 -0.0224613342 0.0151182367 -0.0006495604 -0.0017746491 0.0683089867 -0.0567756742 -0.0671436638 -0.0024657443 -0.0235310383 -0.0810441747 0.0728440583 0.0650963932 -0.0087784659 0.0013916963 0.0032066042 -0.6354750395 0.2718878090 0.0173493680 -0.1967693567 0.5513316989 0.0030108085 -1.6832051277 0.0014342924 -0.0282157138 -0.0001612324 -0.0022244572 0.0245018397 -0.0271998476 0.5434156060 -0.0016325362 -0.1383201480 -0.0315875895 0.0302464720 0.1739957780 -0.0150050744 -0.0009067490 0.0018223054 -0.0041978741 -0.0929411799 -0.0008721279 -0.0014290798 0.0016693894 0.1088276580 0.0117057385 -0.0197265763 -0.9974204898 0.0025234704 -0.1104865074 -0.0018262403 -0.0000843380 0.1749687493 -0.0015626575 0.1449686438 0.5116370916 -0.0341150239 0.0047032558 -0.0035425327 -0.1436915249 -0.0413831398 -0.0226507429 -0.0003305695 -0.0420280583 0.0522365831 -0.0009461379 -0.0350784808 0.7102051973 -0.0626829192 0.0010302380 -0.7439280748 -0.1770521104 0.0002760489 -0.0447685607 -0.0690394416 -0.0747899637 0.3789185286 -0.7488368154 0.1231580302 -0.0010020429 -0.0130832791 0.8781691194 -0.0605191290 0.0240935124 -0.0007925554 -0.0805525631 -0.0013812380 0.0498584323 -0.0006261045 -0.0770093501 0.8188176751 -0.3123022020 0.0022132872 -0.0037193412 0.1316380203 -0.0020582338 -0.0465925820 0.0011937157 -0.0008610592 0.9790381193 0.0000417682 0.1317115724 0.0376535170 -0.7496300340 -0.0210125986 0.0926819518 0.0205784515 -0.0543568544 -0.0000374895 0.0972671658 0.0824359506 -0.0008593721 0.0011559422 0.0000914397 -0.0000319434 0.2113994658 0.2574493587 -0.0019839909 0.0009974716 0.0026546768 -0.0222384371 -0.0007364211 -0.1613782495 -0.0091431458 -0.0322352536 -0.0081748934 -1.0255107880 -0.2866187692 0.0002980836 -0.0780376568 0.0860847309 -0.1243216693 0.1105199680 -0.0720355287 -0.0019391613 -0.0074153040 0.1593412608 0.5578337312 0.7106513977 -0.1223903596 0.0004565287 -0.0030236733 -0.0003374952 0.3548377454 -0.0711507201 0.0398611091 0.0005493689 -0.0635195896 -0.0326640643 0.0439582951 0.0021540343 -0.0010445276 -0.0937366709 -0.0822978318 0.0009771818 -0.0602536760 -0.0280959699 0.2366428822 -0.0073569920 0.3636776209 -0.0327461138 0.1036696807 -0.4089410007 0.0003483410 -0.1199100688 -0.2981313467 -0.0811975002 -0.0546761155 -0.0023451906 -0.0000249878 0.0629251227 0.0258591045 0.0004284032 0.3228095770 0.0203031432 -0.0018419505 -0.1366897672 -0.1393232644 -0.0047517042 0.1220800430 -0.0430779122 -0.0010759742 -0.1055544168 0.0008811179 -0.1603094339 0.1030369028 -0.0009529539 -0.0062210052 0.2850014567 -0.2713851929 -0.0000968298 0.0009397259 0.0162618030 -0.0153625365 0.0003598629 -0.0224576369 -0.1511697322 0.2376292050 0.4339592755 -0.0015497914 -0.0041957051 -0.0322202891 -0.0050594816 0.0508359335 0.0020473478 -0.3606426716 0.0413464643 0.0011926804 -0.0006338791 0.0000385016 -0.0018514360 0.0122202439 0.3780186474 0.0059197536 0.0403693430 -0.0001763879 -0.0182951279 0.0017455298 -0.1428733617 -0.0009280118 -0.0942092687 -0.0002953845 -0.0188596640 -0.0403298736 -0.7649158835 0.0003387596 0.0589494407 -0.4845833480 -0.0011686910 0.0969995633 -0.2776092589 0.0549472980 -0.0007959780 -0.1499151438 0.0010045132 -0.0742262155 -0.1342342794 -0.0031779762 0.0427683517 -0.0433570556 -0.0018057355 0.6815117598 -0.1378057301 -0.1408739537 -0.0015102387 -0.0006811221 0.0009951608 -0.1486593187 0.0160170719 0.0019468579 0.1477747858 0.0065212855 0.1182679385 0.0001214244 -0.2405236363 -1.6780540943
0.1875998974 -0.0012248368 -0.0320285037 0.0193832070 0.0005928411 -0.0030014659 0.0408844166 0.0911884829 0.0787374526 -0.0019720246 0.2077635378 0.1468644589 0.0272487886 0.0329177640 0.0455673523 0.0017535122 0.0009252554 0.1653642058 -1.6010934114 0.0031477490 0.2444571853 -0.1713417768 -0.1033875346 0.1617784500 0.0008200309 0.0101986434 0.0012584920 -0.0024919035 0.0263477992 0.0651043206 0.0195155982 -0.0017749150 0.0690014213 -0.4144316614 0.3814558685 -0.3491323292 0.0900317729 0.0007648622 0.0009010388 -0.0038938136 0.0215206873 0.0004409086 -0.0012277779 -0.0004992611 -0.1085451469 0.0224453378 -1.5991066694 -0.0484132133 0.0034531911 0.1540357769 -0.0022600975 0.0009279039 -1.1526253223 -0.0012421032 0.0255929530 0.1403635740 -0.0447014906 -0.0908207893 -0.0014598412 0.0382675827 0.0384539180 -0.1656796038 -0.0003877924 0.0368525274 0.0008372125 0.0011856124 0.0236715470 -0.0048807217 -0.0700562969 0.0010104338 -0.0497364402 -0.0664980486 0.0002438870 0.0317189135 -0.5300021768 0.2572782040 0.0758043155 0.1436269134 -1.8199536800 0.0008026141 -0.0066136126 -0.0016880819 0.0577867292 0.0056343996 0.0017717615 0.0095269224 0.0015618037 -0.0833953246 0.0002143387 0.1710027158 0.0094985925 -0.0540303774 -0.0010341366 -0.0010679456 -0.0810997263 -0.0013844240 0.0064059170 0.0006228247 -0.0001014050 0.0976502001 -0.0025603310 -0.0726732463 0.0574226864 -0.0543879271 -0.0620426647 0.3969929218 0.0961202309 -0.0247590877 0.0010152272 0.1353936046 0.3341162205 -0.0022391602 -0.0007573960 0.0001402360 -0.0005455580 0.3638031185 0.4213446081 -0.0027950055 -0.0002003831 0.0042447653 0.0440391488 0.0007005124 -0.1349577904 0.0710514933 -0.1013278291 0.0760688558 0.1247597709 -1.1547486782 -0.0008545261 -0.1169636175 0.1907830089 -0.0575345941 0.0312198345 0.4677980840 0.0021878700 -0.1670114696 -1.7218092680 -0.0322747901 0.1239539757 -0.4420321286 -0.0015798183 -0.0025605436 -0.0006613272 0.1655677706 -0.0020217227 -0.0893160477 -0.0001726947 -0.2154132426 0.2214729786 -0.0908124745 -0.0031882040 0.0652376115 0.0390167944 -0.0369728580 0.0004456494 -0.1254006922 -0.0029847524 -0.0063850340 0.0321561247 0.2651603520 0.0486590676 -0.0354292542 -0.0682489052 -0.0006963900 -0.1783927828 -0.0596383624 0.0228471030 0.0551585928 -0.0015386454 0.0018659924 -1.4231400490 0.9618871212 0.0010293281 0.1655151844 -1.8012566566 -0.0018655991 0.1233884618 0.9953399897 -0.0301926751 0.3707393408 -0.0499368571 -0.0022248493 0.1290399730 -0.0006695146 -0.8563114405 -1.2069861889 -0.0005674452 -0.0236719456 -0.0585156828 -0.4150691926 0.0002956183 0.0016402958 -0.1760440320 0.0767103881 -0.0008451770 -0.0243861340 -0.4250527620 -0.0485515594 -0.0950449556 0.0011583166 -0.0033997358 -0.0091802115 -0.1209173054 0.0253944937 0.0197811928 0.1072039902 -0.0261885542 0.0002571687 -0.0002566501 0.0013800202 -0.0009981249 -0.0217977744 0.0306202527 0.0055657225 0.0000503609 0.0010375762 0.0420618467 0.0009195616 -0.3979427814 0.0004516943 -0.2968999445 -0.0002694075 -0.5126683116 -0.1195724905 -0.1632516384 -0.0008027399 -1.0008401871 -0.1115579456 -0.0007615227 0.0535373539 0.1240376383 -0.0898851082 -0.0004473550 -0.0053234887 -0.0010679241 0.0292661116 0.1018400788 -0.0011452732 -0.0051752846 0.1309296489 0.0002000988 -0.1592679769 0.2039223313 -0.3103342056 0.0001264639 0.0009630052 0.0014246299 -0.2243963629 0.0423313007 -0.0017830927 -0.0174328666 0.0749267340 0.2416277528 -0.0009562498 0.2625797987 0.3866431415
-0.0006755099 -0.0002068169 -0.0008200127 -0.0008018092 -0.0007832263 -0.0009345250 -0.0017299635 -0.0004905160 -0.0008469000 0.0004479186 0.0010912683 0.0012122437 -0.0022474634 -0.0019530982 -0.0016866262 -0.0012192333 0.0007427512 -0.0005161676 0.0000302199 -0.0014529941 -0.0010437734 -0.0010486842 -0.0011949380 0.0011425451 0.0001731341 -0.0017789210 0.0007994637 0.0006879846 0.0002121146 0.0001043573 -0.0004479388 -0.0003167477 -0.0013492458 -0.0010529193 0.0001201193 -0.0016357319 -0.0007900106 0.0001800963 -0.0009953175 -0.0011679535 -0.0009658724 0.0012254593 -0.0008183505 -0.0011731301 -0.0013901819 -0.0015570294 -0.0007401413 0.0000566171 -0.0001721316 -0.0018287665 -0.0008785379 -0.0016415877 -0.0012070140 0.0012224095 0.0002558389 -0.0016409191 -0.0011514047 -0.0010766779 -0.0001576227 -0.0017636914 -0.0013444752 0.0000269060 0.0001750008 0.0000445446 -0.0013115543 -0.0001033438 -0.0014587113 -0.0017270749 -0.0007434353 0.0005069542 0.0000858561 0.0007486272 -0.0017972179 -0.0008429047 -0.0013615878 -0.0011512241 -0.0018264753 -0.0007408377 -0.0015600668 0.0001237220 -0.0012212452 -0.0006549719 0.0002642168 -0.0004240167 0.0006642445 0.0004681492 -0.0012699818 0.0000956492 0.0011301454 -0.0019241777 -0.0000549796 0.0004174376 -0.0002594268 -0.0003647269 -0.0017155439 0.0014554306 -0.0004198940 0.0004283686 -0.0006240655 -0.0017389228 -0.0006872267 0.0003222293 -0.0015734938 -0.0004086163 -0.0006105706 0.0006158063 -0.0005923208 -0.0006889558 -0.0008291909 -0.0011039079 -0.0006483173 -0.0005329469 -0.0008849502 0.0007608993 -0.0008002819 -0.0004763101 -0.0001166034 -0.0013706482 0.0013971064 -0.0012371003 -0.0008747595 -0.0007231119 -0.0015610522 -0.0005393501 -0.0006305122 -0.0003611945 -0.0012792242 0.0001446924 0.0004106885 -0.0010716856 0.0002450202 -0.0009320021 -0.0010357233 -0.0006622880 -0.0005403804 0.0011737000 -0.0012216039 -0.0011191338 0.0002828277 0.0008520722 -0.0003576995 0.0011772419 -0.0003391631 0.0008610625 -0.0008034475 -0.0026650089 -0.0008287420 -0.0009825028 -0.0015248754 -0.0010328082 0.0007774020 -0.0015674497 -0.0009937835 0.0004476738 -0.0009482356 -0.0006653977 -0.0022192865 -0.0011742809 -0.0013765524 -0.0013703342 -0.0023464572 -0.0013965197 -0.0001511914 -0.0015752665 -0.0016614884 -0.0011031518 0.0004602857 -0.0016314511 0.0001448303 0.0001272807 -0.0010396594 0.0007586755 0.0011836643 0.0005844473 0.0007876081 -0.0009786274 0.0010536666 0.0010900383 -0.0008359143 -0.0016281082 0.0001346768 0.0000082124 -0.0011520127 0.0006052814 0.0001752013 0.0007356991 0.0003283235 -0.0004388733 -0.0001264136 -0.0016878485 -0.0008402380 -0.0001992547 0.0003823091 0.0009728139 0.0000120446 -0.0010838563 -0.0002368101 0.0004869716 -0.0010468818 -0.0002919101 -0.0015597342 0.0009602136 -0.0016670860 -0.0019986271 -0.0021275487 0.0004100971 -0.0004252111 -0.0010104956 -0.0009635034 -0.0009892718 0.0000929856 -0.0018468623 -0.0011609795 0.0003071449 -0.0014207002 0.0006632083 -0.0002293338 -0.0015205382 -0.0006350938 0.0009620061 -0.0001621108 0.0002482422 -0.0005003299 -0.0002096864 -0.0007020459 0.0006947214 0.0006064444 -0.0003958330 0.0001163866 -0.0003097146 0.0006744960 -0.0007967088 0.0001302046 -0.0014255865 0.0011966645 -0.0002722041 -0.0017734166 0.0007599497 -0.0007015975 0.0001804925 -0.0010058678 -0.0001517096 -0.0006369324 -0.0006555058 -0.0009066372 0.0009855342 0.0009293276 -0.0009178207 -0.0005431423 0.0001374990 0.0001344436 -0.0024705159 -0.0008013258 0.0004061673 -0.0008701830 0.0005960376
0.0005647576 -0.0002921793 -0.0014711370 0.0010145595 0.0006753115 0.0006894519 0.0006031221 0.0009981365 0.0009143690 -0.0005401432 -0.0009490997 -0.0001856912 -0.0013459047 0.0007127392 -0.0011463260 -0.0013835586 0.0005706322 -0.0000614781 -0.0011981899 -0.0017146454 0.0005308351 -0.0018740498 -0.0008221222 -0.0016805663 -0.0005063298 -0.0016048180 0.0010412022 -0.0014332267 0.0006130593 -0.0005578631 -0.0014298195 0.0008135440 0.0009857472 -0.0003895907 0.0008333182 -0.0010401846 0.0012289592 -0.0001477167 0.0010484419 0.0006896722 0.0003903391 -0.0008580052 -0.0014483717 -0.0007936454 -0.0003969719 0.0011675326 -0.0012529580 0.0006542179 -0.0006345770 -0.0011703991 -0.0014715844 0.0013005614 -0.0006080290 0.0000294876 0.0001072933 0.0006663292 -0.0012081427 -0.0016758412 -0.0014064122 0.0010881744 -0.0014982910 0.0006909254 0.0001571710 -0.0004563807 -0.0013641820 -0.0015927450 -0.0013596051 0.0008104136 0.0005453140 -0.0012745565 0.0001608742 0.0004931242 0.0006118941 0.0000898377 -0.0003392632 -0.0011922258 -0.0012548574 -0.0006832333 0.0005900106 -0.0008085837 0.0009636443 -0.0007109475 -0.0002955649 -0.0016152067 0.0012416457 0.0004509187 -0.0001217726 0.0011407193 0.0003472825 -0.0008850832 0.0000431090 0.0011337860 -0.0001006219 0.0011923873 -0.0011161704 0.0011009196 -0.0006017511 -0.0014504271 -0.0008344600 -0.0005101345 -0.0010584372 0.0008977918 -0.0009334239 -0.0000455341 0.0011163629 -0.0000462649 -0.0004566109 -0.0005440410 0.0014931358 -0.0009586182 0.0004480750 0.0007769436 -0.0001689283 -0.0016653488 -0.0001508166 0.0009119071 0.0009090198 0.0001714656 0.0012028768 0.0008723027 -0.0017133285 -0.0006631836 -0.0007325448 -0.0018020851 -0.0001757004 -0.0016950223 -0.0008409383 -0.0011710676 -0.0011570266 -0.0011626172 0.0003841820 -0.0012933572 -0.0007830025 0.0007012053 0.0013746659 -0.0016167167 0.0008884510 0.0003978114 -0.0017487920 -0.0017535973 -0.0004914033 -0.0011272677 0.0007901627 -0.0016952492 0.0002083751 -0.0004184397 -0.0016236977 -0.0017855690 -0.0007749991 0.0002422378 -0.0003559779 -0.0004121239 -0.0011503795 0.0003907662 0.0000222049 -0.0006578988 0.0007910465 -0.0011690289 0.0002783562 -0.0009552449 0.0008834127 -0.0014879286 0.0002083733 -0.0006972668 -0.0011443760 -0.0014875560 0.0011004154 -0.0006651850 0.0000281176 0.0008361714 0.0001644375 -0.0001927570 -0.0004872520 -0.0006493972 -0.0006696954 0.0007587103 -0.0001357979 -0.0017661848 -0.0002848239 -0.0003206136 -0.0001439429 -0.0007600873 -0.0004479360 -0.0010314453 0.0012134864 -0.0001814603 -0.0013428729 0.0001273669 -0.0010282506 0.0006526282 -0.0013871449 0.0003522146 -0.0012818852 -0.0012682169 0.0000332028 0.0001120890 -0.0006497516 -0.0007369286 0.0005163830 -0.0011765384 -0.0017899997 0.0000340388 -0.0015230190 -0.0012859061 -0.0000231935 0.0004831461 -0.0001460877 0.0009049727 0.0003766732 0.0001066297 -0.0012729758 0.0006818213 -0.0003270549 -0.0012068321 -0.0003920620 -0.0000762563 -0.0003046140 0.0000870468 -0.0004709373 0.0010587267 0.0004399295 -0.0010181542 0.0007960037 0.0009177296 -0.0004751441 0.0009762819 0.0010367709 0.0003634602 -0.0005962797 0.0002728314 -0.0001396526 0.0002126517 0.0006727466 -0.0002344010 -0.0011880717 -0.0004407924 -0.0004106910 0.0007570931 -0.0014953275 -0.0009813335 0.0003467561 -0.0002359651 -0.0000111435 -0.0007782372 0.0000903777 0.0002567242 0.0009113940 -0.0003151030 0.0000891310 0.0002090967 -0.0007347818 0.0003300478 -0.0009135428 0.0000440596 -0.0008469740 -0.0016957803
-0.0453611426 -0.0004161284 -0.0370526128 0.0729524419 -0.0000894029 -0.0004904878 0.0964222401 0.0252885967 -0.0143814599 -0.0008209841 -0.2065878212 -0.0012987293 0.1377842724 0.0359565318 0.0590752661 0.0005675769 -0.0007149838 0.0375656523 -0.0790794864 -0.0411731750 -0.0452946462 0.0218085889 0.0269449949 -0.0087785423 0.0003975788 0.1445007026 0.0013108690 -0.0013923530 -0.0415164009 0.0552693419 0.0055213482 0.0501827151 -0.0865445361 0.0115819676 -0.0004937727 -0.0102997608 0.1204742491 -0.0016723804 -0.0010363291 -0.0050128307 -0.0159174968 -0.0003305905 -0.0024680144 0.0012366301 -0.0711968169 0.0681986064 -0.0353985913 0.0243087467 0.0015734305 0.0136111407 0.0008990394 -0.0009560633 -0.0974642336 0.0007100914 0.0300512016 0.0174724143 0.0295848902 -0.0731152296 -0.0006825847 -0.2234849334 -0.0055806832 0.0463327020 0.0008512848 -0.0051623024 0.2564779520 -0.0001455488 -0.0572025180 -0.0384121314 0.0734812170 -0.0002983836 -0.0421457589 0.0169230830 0.0010787938 0.0408876203 0.0449036621 -0.0237465482 -0.0896914378 0.1620720774 0.0573345572 -0.0006387949 -0.0463443324 -0.0110940645 0.0586625747 0.1219828650 -0.0001846060 0.0875793621 0.0008557645 0.0696887001 -0.0012063106 -0.1105011776 -0.0157108493 0.0306563880 -0.0007778112 -0.0006601692 -0.0494795442 0.0004524840 0.1340155005 0.0010396808 -0.0000129413 -0.0995703712 -0.0034977247 0.1923771799 0.1031688601 0.0024800920 0.0545611046 -0.1816395521 0.0135578541 -0.0632734224 0.0023796191 -0.2363271117 -0.0184546039 -0.0001066719 0.0018800917 0.0001758732 -0.0000696227 -0.0526835471 -0.0651463270 -0.0026068529 0.0006978373 -0.0023498901 0.0008828070 0.0005619767 -0.0763634518 0.1236315370 0.0166541561 0.1141672805 0.0692126453 0.0760967210 0.0014492285 0.0130037069 -0.1969211102 0.0419149883 -0.0805515498 -0.0781977624 -0.0000770651 0.3243250847 0.0002302274 -0.0341689661 0.0530890971 -0.0737873241 -0.0000930891 -0.0027416430 0.0008022935 -0.0498918444 -0.1548075527 0.0911229551 0.0005396761 0.0052175894 0.0529951677 -0.0173814967 -0.0603544675 0.1152783558 -0.0425458699 -0.0689023659 -0.0013281909 -0.0190292783 0.0961097106 0.0254091229 0.1115362868 -0.0991058275 -0.0006714000 -0.3072936833 -0.0073150373 -0.0006794988 -0.0341578797 -0.3621293306 0.0071231197 0.0876228809 0.0009167782 -0.0006844246 0.0045788665 0.0390380919 -0.0006327077 0.0185728930 0.0011653304 -0.0015890184 0.0059711235 -0.0267094150 -0.0066371462 -0.0139430296 -0.0956078619 -0.0009240436 -0.0006082844 -0.0008671531 -0.0353428125 -0.0079104090 -0.0008634416 0.0691616088 -0.0524616614 -0.0530466773 0.0015212458 0.0000454293 -0.1136814058 0.0165653601 0.0017502903 -0.0237844083 0.0362868533 -0.0880356506 0.0088045616 0.0012350603 -0.0008797781 -0.0170761216 0.0719909444 -0.0393371135 0.0968272015 -0.0377303436 0.0236435719 -0.0009454419 0.0011966643 -0.0000673014 0.0003363547 -0.1223629266 -0.0019795485 0.0742682442 -0.2260927558 0.0015345358 -0.0408924408 -0.0005230497 0.0182016417 0.0017266305 0.0365031473 0.0002662191 0.0337315090 0.0374112129 0.0181741826 0.0011554180 -0.0071967053 -0.0956308097 -0.0002260329 0.0716940090 -0.0013239359 0.2746430337 0.0000190421 -0.1001252830 0.0005032636 0.0487060659 0.0627147034 0.0003540551 -0.0633058548 -0.0162051823 -0.0022118399 -0.0372823887 0.0243673213 -0.4149602354 -0.0006384287 0.0009760786 0.0007999222 -0.0005799078 -0.0541963317 -0.0000224362 -0.0168377031 -0.0113103706 -0.0624075755 0.0016975476 -0.0791271254 -0.0052935258
-0.0003901039 0.0000649545 -0.0007871488 -0.0010450667 0.0005186953 -0.0008097119 -0.0018967713 -0.0004602939 0.0004326375 -0.0002821463 -0.0025062645 -0.0018894564 -0.0011111987 -0.0008774634 -0.0016803737 0.0001422271 -0.0009713984 -0.0015741204 0.0008694520 -0.0031776843 -0.0010677228 -0.0004591205 -0.0001009349 0.0005908344 -0.0003964247 -0.0006120802 -0.0009829799 0.0000913856 -0.0004741666 -0.0001534088 -0.0012022486 0.0002262316 -0.0013347053 -0.0006136084 -0.0012693957 0.0001282046 -0.0022142925 -0.0002597354 0.0000106802 -0.0009285572 0.0010375091 0.0011653118 0.0011880760 -0.0006695807 -0.0006123272 0.0005352680 0.0002141983 -0.0012221232 -0.0001344195 -0.0012621076 -0.0006409654 -0.0014944103 -0.0009678231 -0.0013772656 0.0000840436 -0.0009763460 -0.0030538025 -0.0012564613 -0.0011594750 0.0006031055 -0.0002078061 0.0005327081 -0.0013380436 0.0008326113 -0.0021263496 -0.0005592260 -0.0002693735 -0.0014736482 -0.0011651970 0.0011113511 -0.0021140883 -0.0009082670 0.0008777680 -0.0002308035 -0.0000276552 -0.0005453835 -0.0019021260 -0.0004379825 -0.0003506709 0.0003856941 -0.0017561689 -0.0009070890 -0.0004616983 -0.0005675610 -0.0003000675 -0.0017637919 -0.0017913653 -0.0011252238 0.0004017157 -0.0007615507 -0.0013088918 -0.0007661021 -0.0009957033 0.0009354764 -0.0002762165 -0.0003777318 -0.0023108644 -0.0001197107 -0.0012982542 -0.0019994166 0.0011323649 -0.0003259442 0.0010574600 0.0009982894 0.0010003400 0.0002252706 0.0007918797 -0.0021425262 -0.0005801049 -0.0009433358 -0.0006053202 0.0005503267 0.0006822238 0.0005588477 -0.0008593268 -0.0009536130 -0.0007663653 -0.0009988900 -0.0000273309 -0.0011591738 -0.0016134572 0.0005519009 -0.0008670628 -0.0018872217 -0.0011315792 -0.0018810880 -0.0005798270 -0.0009572750 -0.0007637234 -0.0006357532 0.0004457936 0.0003215840 0.0001166986 -0.0000686448 -0.0013503728 -0.0005004486 0.0002039781 0.0008387574 -0.0008476276 0.0007515387 -0.0012958377 -0.0006447178 0.0007914902 -0.0022712280 -0.0009813415 -0.0006502358 0.0010199239 -0.0015461943 -0.0007872329 0.0006613475 -0.0008696523 -0.0003354033 -0.0026872337 -0.0001162839 -0.0011080595 -0.0010765619 0.0002507674 -0.0016263133 0.0011565409 -0.0008842539 0.0000530309 -0.0007129521 -0.0016270808 -0.0001184751 -0.0004919490 -0.0032071467 -0.0008364748 -0.0015307080 -0.0011843937 -0.0005663656 -0.0014126136 0.0008428909 -0.0003766459 0.0000454998 0.0002564450 -0.0015430687 -0.0009538727 0.0006868380 -0.0023745517 0.0004229515 0.0000835775 -0.0004388060 -0.0009971594 -0.0012605111 -0.0010552016 0.0005702202 -0.0013193854 -0.0009517245 -0.0008853813 -0.0004556501 -0.0008407318 -0.0002010207 -0.0014954563 -0.0010427008 -0.0010670329 0.0003593221 -0.0006068490 -0.0003061023 -0.0012097349 -0.0006971513 0.0000199873 -0.0015045593 -0.0016695377 0.0001458747 -0.0011651393 -0.0001665759 -0.0015868588 0.0004556224 0.0000053409 -0.0005296193 -0.0015333549 -0.0018375154 0.0004582640 -0.0019662816 -0.0013153543 -0.0017733593 -0.0012109777 0.0002209139 -0.0011736029 0.0003793761 -0.0000995199 -0.0011280399 -0.0016736601 -0.0008069578 -0.0009183094 -0.0011261327 -0.0001348048 -0.0009972632 -0.0004390279 -0.0000225999 -0.0001550922 -0.0016782314 0.0003079889 -0.0014327086 -0.0005874805 -0.0009254895 0.0000138331 -0.0015267549 -0.0013668725 -0.0028275279 0.0008773039 -0.0003863313 0.0012126422 -0.0006220179 -0.0001123438 0.0001746462 0.0014259485 -0.0010240298 -0.0020972856 -0.0000020312 -0.0013749368 -0.0004255295 -0.0021974165 0.0010871011 0.0010583019 -0.0019253189
-0.0130795855 0.0008186109 -0.0153093319 -0.0070801741 -0.0016108357 -0.0014473114 -0.0184541065 -0.0103632426 -0.0102044176 0.0011069232 -0.0134798307 -0.0094460389 -0.0174654908 -0.0093926815 -0.0224082060 -0.0003488980 -0.0015164595 -0.0162157286 -0.0130614527 -0.0091496920 -0.0030009733 -0.0072555267 -0.0095147910 -0.0146855358 0.0002179669 -0.0093627842 0.0011505380 -0.0009187304 -0.0158716645 -0.0139053958 0.0060488149 0.0003695630 -0.0184198860 -0.0124064097 -0.0193836614 -0.0083247023 -0.0085156709 -0.0000135992 0.0010147485 -0.0007853637 -0.0145453457 0.0001113286 0.0003549898 -0.0001124343 -0.0016444972 -0.0163933374 -0.0176451802 -0.0138973817 0.0002724900 -0.0085173221 0.0010651370 0.0001181811 -0.0088211801 -0.0007635609 -0.0226559099 -0.0112151010 -0.0106837992 -0.0173501428 -0.0017316059 -0.0168337654 -0.0082725110 -0.0174682457 -0.0002595771 -0.0179557614 -0.0056072427 -0.0009631708 -0.0100026587 -0.0145693440 -0.0127200466 0.0002986462 -0.0096185990 -0.0181273278 0.0003607417 -0.0144767938 -0.0090838820 -0.0097129131 -0.0124278199 -0.0036237154 -0.0154389767 0.0007888000 -0.0100010773 -0.0109690223 -0.0128594376 -0.0075305942 -0.0010571023 -0.0211876743 0.0006249688 -0.0081074908 -0.0014331960 -0.0194860846 -0.0092736986 -0.0078741116 0.0005524981 0.0008857340 -0.0093087275 -0.0003110337 -0.0061496403 -0.0008191136 -0.0018022299 -0.0157405902 -0.0007797391 -0.0138079012 -0.0181908477 -0.0171456635 -0.0141616091 -0.0126163857 -0.0120691434 -0.0140846232 0.0009176768 -0.0100769848 -0.0176589321 0.0004936958 0.0005710222 0.0007519895 -0.0010928012 -0.0125315255 -0.0056531061 -0.0006284560 0.0009987123 -0.0010075505 -0.0064837895 -0.0016054950 -0.0100095887 -0.0109477136 0.0000990311 -0.0103329057 -0.0102205155 -0.0122180535 0.0004257720 -0.0063305558 -0.0250305254 -0.0112513676 -0.0168853030 -0.0181787256 0.0001798006 -0.0127899367 -0.0105599975 -0.0148101021 -0.0062918747 -0.0039527859 0.0003969352 0.0013396819 0.0003259519 -0.0103741894 -0.0110197775 -0.0117440596 -0.0009646748 -0.0197231397 -0.0062832027 -0.0032314656 -0.0053258883 -0.0119522177 -0.0081799747 -0.0048298193 0.0010251463 -0.0200616606 -0.0087599894 -0.0103938570 -0.0063880458 -0.0100606643 -0.0100071430 -0.0132359499 -0.0175973698 -0.0010862603 -0.0095756315 -0.0143361688 -0.0209547020 -0.0236805473 -0.0004620347 -0.0012164856 -0.0094921812 -0.0169139169 0.0001385753 -0.0167396814 -0.0186569039 0.0010687358 -0.0133099034 -0.0128758522 -0.0030760989 -0.0096711824 -0.0101351580 -0.0000287262 -0.0125661297 -0.0013521462 -0.0167184602 -0.0125357350 -0.0016045495 -0.0113943070 -0.0106518250 -0.0174326934 0.0004653280 -0.0016517986 -0.0138293840 -0.0080457097 -0.0012104708 0.0005675558 -0.0018111994 -0.0134370793 -0.0203812718 -0.0000819088 0.0002426453 -0.0116597349 -0.0107402839 -0.0061047263 -0.0224553980 -0.0127300564 -0.0171314981 0.0012231220 0.0003293840 0.0004813370 -0.0016054746 -0.0186794866 -0.0191141311 -0.0067354590 -0.0118192285 0.0009248622 -0.0087239556 -0.0003269086 -0.0099571496 -0.0002528366 -0.0165578239 0.0000100958 -0.0196454152 -0.0094556669 -0.0180609059 -0.0017113725 -0.0142936790 -0.0107040145 0.0003440631 -0.0107915727 -0.0122512514 -0.0110699115 -0.0001071755 -0.0284474250 -0.0003846961 -0.0096322177 -0.0047690906 0.0006079706 -0.0229152758 -0.0133403009 0.0004843675 -0.0197446942 -0.0110328682 -0.0111448271 0.0003867840 -0.0007719268 0.0001756966 -0.0167046040 -0.0163712054 -0.0015913716 -0.0122329257 -0.0096223503 -0.0068650735 -0.0009454026 -0.0142847123 -0.0105700921
-0.0055732224 -0.0006228969 0.1401426494 -0.1714606285 0.0007043286 -0.0013354162 0.0094753224 -0.0747877136 -0.4698877931 -0.0025170469 -0.0786198676 -0.1021583378 -0.0482170321 -0.0934036598 -0.1054246500 0.0001539691 0.0000108626 -0.0763104409 -0.0909075364 0.0851873904 0.3628951013 -0.0119415978 0.0489340015 0.0286977235 0.0004541904 -0.0051715486 -0.0005810928 -0.0017126424 -0.0116829462 -0.1492798924 0.0098694423 -0.0217804089 0.5064023137 -0.0408715494 0.0827417374 0.0477089174 0.0409367867 -0.0019492703 -0.0005321706 -0.0051587434 0.1409326494 -0.0000269387 -0.0020224557 0.0004473587 -0.0250200741 0.0934809744 0.0078008147 0.0212712232 0.0008503600 -0.0933853537 -0.0001107165 0.0019070606 0.1522527337 -0.0017892406 0.0891528800 -0.0218593683 -0.3253030181 -0.0219145045 -0.0010056205 -0.3854113817 0.3274798095 0.0927187875 0.0009210719 -0.0355338193 0.0828194842 -0.0007019981 0.0058188722 -0.0254805386 -0.0256488435 -0.0000731364 0.0564266853 -0.0485654473 0.0014095132 0.0302008595 -0.0652635917 0.3732263744 -0.2760482430 0.4263795614 -0.0435033143 -0.0009327040 -0.1170885414 0.1560279578 -0.0727919042 -0.0407127850 -0.0006221542 0.1298833191 0.0008821532 -0.4314826131 -0.0011080819 0.0053207395 -0.0590425208 -0.0502405465 -0.0002042560 -0.0036233000 -0.0268744249 0.0005112726 -0.0526648685 0.0010084746 0.0016249550 -0.0253795143 -0.0026979595 0.2393932790 -0.0355980657 -0.1884364635 -0.2385999262 -0.3696477115 -0.1672648937 -0.1005467921 0.0005928580 0.1128799468 0.1202348396 0.0010777127 0.0008135129 -0.0010406602 -0.0001725765 -0.4406980276 0.0435502268 -0.0008639376 -0.0002725366 0.0005856116 -0.0932943970 0.0012637689 -0.0549005084 0.0375415124 -0.0489421003 0.0399800017 0.2625106871 -0.4833930433 0.0008395337 0.1176015660 -0.1701117456 -0.0082443571 -0.0497602969 0.1353980303 -0.0015667961 -0.1866164953 -0.0909976512 0.0928558186 0.4241273105 0.0111075146 0.0003913461 -0.0018023635 0.0011327234 0.0418027453 0.1112303883 -0.0568810292 0.0008826373 0.1950901598 -0.0330310687 -0.0843360871 0.0835817233 0.0388190411 -0.1036507636 -0.1805966347 -0.0007864685 0.0263977461 -0.0263456125 -0.0044966196 0.0150623871 -0.0135576846 0.3575557768 -0.3038832545 0.0082614925 0.0010877410 -0.1589161605 0.0617728904 0.0749512017 -0.0520613641 -0.0023405799 0.0002099034 0.0245622043 -0.0841718540 0.0018422521 0.1650898159 -0.0662260428 -0.0016735904 -0.1405823231 0.2040907741 -0.0696438774 -0.0275374763 0.1796498597 -0.0028261626 0.1130246371 -0.0003736482 0.1022417247 -0.0397681892 -0.0002852296 0.1119878963 0.0170347113 0.0588277094 0.0002182229 -0.0006607300 -0.0232128669 0.0136364726 -0.0010952656 -0.0063162073 -0.0423142761 -0.0808852538 -0.1154192090 0.0001425831 -0.0015758140 -0.1191661954 0.0683079734 -0.3721815050 0.0035671520 0.1209869683 0.0834009424 -0.0000038441 0.0015780536 0.0010115525 -0.0009630772 0.1544325799 0.0631364211 -0.0970342830 -0.0482400358 -0.0010519449 -0.0343912393 -0.0011050986 0.1946909130 0.0006704780 -0.0461746641 0.0004971549 0.0229843482 -0.0435699895 0.2629278600 -0.0010078573 0.0078365579 -0.0432120971 0.0006108328 0.1306757182 0.0979383066 -0.0959183946 0.0003153138 0.0637755021 -0.0009025980 0.2461560369 0.0016839665 -0.0015702358 -0.1225134954 0.0110314880 -0.0022522544 0.2739051282 0.0066471719 -0.0745520890 0.0003332691 -0.0002654412 0.0007397796 0.0532423630 0.0806577280 -0.0003256220 -0.1248915270 -0.0533517487 0.1503263116 0.0008214870 0.1241347566 0.0211988967
-0.0053746519 0.0003730461 0.1697203666 0.2205199450 0.0005441705 0.0018349035 0.0563028567 -0.1952705532 -0.5555568337 0.0038766770 0.0534512252 -0.0302959755 0.4172142148 -0.0666918457 -0.1462767571 0.0009092169 0.0030190190 0.0482030436 0.0511624925 -0.1343347728 0.0007308734 0.0071831741 -0.0176040418 0.0149352495 0.0005862030 -0.1541681439 -0.0011032029 0.0030147347 -0.4046842456 0.5376117229 -0.0218408816 -0.0191331338 -0.4733292460 0.3081763387 0.0695752352 0.0804989114 -0.0736985207 0.0009572338 -0.0002733217 0.0036786930 0.1244665757 -0.0011581145 0.0017476655 0.0010593482 0.2803644240 0.1843798906 0.0294279996 0.0026809508 -0.0003336541 0.0412771367 0.0037485200 0.0000809345 -0.1713304967 -0.0025251494 0.4135669768 -0.0837718546 0.2506963015 -0.0583252087 -0.0049838671 0.0642020106 0.0265870951 0.0589653738 0.0001928308 0.0092092343 -0.7158183455 -0.0013909922 0.0026806688 -0.0277192201 0.1207444295 -0.0011799602 -0.0458978079 -0.0005677025 0.0020497194 0.4185223877 0.2046593130 -0.0157620441 0.0581270233 -0.0305333603 0.0603259988 0.0009452192 -0.3727068305 -0.0153934956 0.0378293768 -0.0851630569 0.0007592466 0.1215913743 0.0010372109 0.0494624823 -0.0007543669 0.0195711181 0.0553184934 -0.0209643934 -0.0010884977 -0.0059350422 0.0032259293 -0.0018492099 0.6022455692 -0.0005818478 0.0003912443 -0.0107595362 -0.0024512471 -0.1867387593 -0.0611917153 0.1135087684 0.4101206064 0.0283809043 -0.3026275039 -1.6942150593 0.0010780479 0.2052273452 0.0636581555 0.0035743359 -0.0006516846 -0.0007766579 0.0007975541 0.1189167053 0.0288814958 0.0028764892 0.0004290481 0.0016916720 0.3551371694 0.0020769360 -0.0275337920 -0.0827493891 0.0450446084 -0.0561733544 -0.0184440650 0.0193578396 -0.0002210608 -0.0169081632 -0.0715234503 0.0000209606 -0.0688115060 0.1147893518 -0.0014162202 -1.1007597446 0.0238670930 0.0139042074 0.0273365714 -0.2839283645 0.0004208518 0.0015360459 0.0004916046 -0.0427240580 -0.8908685446 -0.0045523648 -0.0007236706 0.0247721262 -0.0490486845 0.0120755453 0.1724096537 -0.0446903370 0.0102652377 -0.0786394626 0.0024151716 -0.0055963919 -0.2414253950 0.0459046774 0.1517471224 0.0185459871 -0.0254065730 0.0135559449 0.0046555237 -0.0007539027 0.0087628597 -0.5656421781 -0.5839594007 -0.0624450110 -0.0019286567 0.0006545043 0.1136803478 0.1230986118 0.0000407982 0.0111577474 -0.0773686469 -0.0003796897 0.2387490571 0.0146931522 -0.1452207714 0.1330095083 -0.2346939445 0.0011337769 -0.0143458880 -0.0012728568 0.0640065968 -0.0137105472 -0.0014961258 0.2470967472 -0.0103185987 0.0518769585 0.0004684713 -0.0014056690 -0.1787737310 0.1091963127 0.0017195119 -0.0307817683 0.0059121782 0.0476694144 -0.0300662853 -0.0000837419 0.0032947166 -0.3376317322 0.0662353635 0.2365723252 -0.0753269419 0.0433479212 0.2413208783 -0.0014067416 0.0013001112 -0.0005829848 0.0012488164 -0.6879140139 -0.0238374472 0.2889323533 -0.6306126118 -0.0013224143 0.7568373680 0.0003653076 -0.0028143791 0.0013900417 0.0161350854 -0.0000278666 0.1185760275 0.1139436439 0.0585877337 -0.0002051826 -0.0799588412 -0.0872897953 -0.0010834960 -0.4772610962 0.0177713297 0.3631168604 -0.0009732639 0.1189688072 0.0002182535 0.0621924140 -0.0310372673 0.0035515809 0.3431826532 0.3763676882 0.0012719254 -0.0709160492 0.1264422983 0.0625747368 0.0013048218 -0.0004992755 -0.0012720169 -0.0173132103 0.0504423082 0.0021643555 0.0305971019 -0.6147878170 -0.0752514303 0.0004227439 0.0425110571 -0.0226249937
