3cb2cd9e
3f7ffff2
3c8af170
3f7b96cd
3d2a930c
bd8813a1
3f7f6f1c
3f3ee8b9
bf3ee8b9
3f3f1b84
3f3f0dd2
399ef570
bbfce597
3cba6b17
3b28b08b
bb90231b
3b8733a3
3c57b963
bcd3178c
bcdf7001
bceaf941
32a09cc4
bf5f11f1
38c79d33
bed760ff
3abe2d14
39d143c1
bc85676b
3f409ac6
3c85676b
bf409ac6
bc858ae9
3f40b612
bc858157
3f40c033
be369ad7
bde21571
3d633a97
3c3f143b
3e26850c
3e299959
3e2eba8e
3e430182
3e4228da
3ddad25b
3d8b30a7
3c8cae29
3effffdd
3cc504ab
bd001057
3effff6f
c8d14c7f
bc046a67
48d14c8a
48d14c7f
3c046a67
c8d14c8a
c8d1842f
bc047d2b
48d1843a
c8d1752b
bc048422
48d17536
c2d14efe
3a9b6ebc
452d307a
c650e6ff
c40d2673
c47483ac
c4d67480
4412254d
45290f4b
45095132
44906e61
3a2ab756
3fc73512
3c22a9c3
3b32fc6f
bd6e929b
402e29ed
bd59d833
4047b59d
3d6e929b
c02e29ed
3d59d833
c047b59d
bd6ed216
402e429c
bd5a1229
4047edae
bd6ec0f8
402e4bc4
bd5a0289
4047dc6d
bf2e93f7
3f0d66ec
bf020118
bd3df122
3f175514
3f390cd3
3f303ed5
bb58324c
3be8664e
bdef507e
bd9aa2e4
ba2ceff8
3ff4a6d2
3e024ff4
c1289bb7
bc6efa5b
c12ea055
bc6aabe1
41b09617
41289bb7
3c6efa5b
412ea055
3c6aabe1
c1b09617
c128c891
bc6f1c3a
c12ececc
bc6aedc3
41b0c514
c128bc78
bc6f28c9
c12ec244
bc6ad97c
41b0c074
bce554cc
bb1202da
be99d253
bea11e9f
bd6e1da1
3e23cdeb
bd8bb788
bf1aa8a4
3f3bee12
3f15e4eb
3f0727ee
baa55535
b9c9b49d
3bdf2bd4
c03d07cc
3bf0bca2
c09d1d60
3b08e30b
4049fc70
bbdf2bd4
403d07cc
bbf0bca2
409d1d60
bb08e30b
c049fc70
3bdf673c
c03d2298
3bf0fcb2
c09d497c
3b090778
404a3f43
3bdf5735
c03d2c88
3bf0eb6f
c09d3be8
3b0903e3
404a2ce8
3f459fa1
bf88303e
3ee8b508
3d70bbf8
bf2c39f2
bf59c622
bf420ebd
3eba0af0
3e698519
3e775505
3e016c19
3d885e39
3f520fe2
bc0db6fe
3f586a16
bc16853c
bfd3df81
3a8eb936
3f5d31c0
bf520fe2
3c0db6fe
bf586a16
3c16853c
3fd3df81
ba8eb936
bf5d31c0
3f5247c3
bc0dcb13
3f58a3aa
bc16af7d
bfd417e1
3a8ee86d
3f5d6c9c
3f5238b1
bc0dd288
3f589423
bc16a27c
bfd41255
3a8edb76
3f5d66d4
3b8c33fb
bac8e269
3e19ae02
3d2b390a
3bb8ddb2
bca6f871
ba75f3bc
3ce52f98
bd8fb909
bd39297e
3d2a25a1
c91aa9bc
c53e9ee3
c91b4439
c54a7766
4158792a
43bffe8f
c7a63503
499a4eaf
491aa9bc
453e9ee3
491b4439
454a7766
c158792a
c3bffe8f
47a63503
c9051d33
c91ad2e1
c53eb9e9
c91b6d88
c54ab041
4158792a
43c03e14
c7a6613d
499a4eaf
c91ac7c9
c53ec3ed
c91b6265
c54a9ec1
4158a873
43c02ca1
c7a65ce4
499a8cd3
43d6736e
c4071b43
c539f62a
c6a09465
c58d9034
46078a29
c5980535
c6a84dd1
47206afd
4728c62d
47184014
3f44f2cd
bf42911a
bf44f2cd
3f44f2cd
3f451912
3cb2cd9e
3f7ffff2
3c8af170
3f7b96cd
3d2a930c
bd8813a1
3f7f6f1c
3f3ee8b9
bf3ee8b9
3f3f1b84
3f3f0dd2
399ef570
bbfce597
3cba6b17
3b28b08b
bb90231b
3b8733a3
3c57b963
bcd3178c
bcdf7001
bceaf941
32a09cc4
bf5f11f1
38c79d33
bed760ff
3abe2d14
39d143c1
bc85676b
3f409ac6
3c85676b
bf409ac6
bc858ae9
3f40b612
bc858157
3f40c033
be369ad7
bde21571
3d633a97
3c3f143b
3e26850c
3e299959
3e2eba8e
3e430182
3e4228da
3ddad25b
3d8b30a7
3c8cae29
3effffdd
3cc504ab
bd001057
3effff6f
c8d14c7f
bc046a67
48d14c8a
48d14c7f
3c046a67
c8d14c8a
c8d1842f
bc047d2b
48d1843a
c8d1752b
bc048422
48d17536
c2d14efe
3a9b6ebc
452d307a
c650e6ff
c40d2673
c47483ac
c4d67480
4412254d
45290f4b
45095132
44906e61
3a2ab756
3fc73512
3c22a9c3
3b32fc6f
bd6e929b
402e29ed
bd59d833
4047b59d
3d6e929b
c02e29ed
3d59d833
c047b59d
bd6ed216
402e429c
bd5a1229
4047edae
bd6ec0f8
402e4bc4
bd5a0289
4047e588
bf2e93f7
3f0d66ec
bf020118
bd3df122
3f175514
3f390cd3
3f303ed5
bb58324c
3be8664e
bdef507e
bd9aa2e4
ba2ceff8
3ff4a6d2
3e024ff4
c1289bb7
bc6efa5b
c12ea055
bc6aabe1
41b09617
41289bb7
3c6efa5b
412ea055
3c6aabe1
c1b09617
c128c891
bc6f1c3a
c12ececc
bc6aedc3
41b0c514
c128bc78
bc6f28c9
c12ec244
bc6ae430
41b0c074
bce554cc
bb1202da
be99d253
bea11e9f
bd6e1da1
3e23cdeb
bd8bb788
bf1aa8a4
3f3bee12
3f15e4eb
3f0727ee
baa55535
b9c9b49d
3bdf2bd4
c03d07cc
3bf0bca2
c09d1d60
3b08e30b
4049fc70
bbdf2bd4
403d07cc
bbf0bca2
409d1d60
bb08e30b
c049fc70
3bdf673c
c03d2298
3bf0fcb2
c09d497c
3b090778
404a3f43
3bdf5735
c03d2c88
3bf0eb6f
c09d4312
3b0903e3
404a2ce8
3f459fa1
bf88303e
3ee8b508
3d70bbf8
bf2c39f2
bf59c622
bf420ebd
3eba0af0
3e698519
3e775505
3e016c19
3d885e39
3f520fe2
bc0db6fe
3f586a16
bc16853c
bfd3df81
3a8eb936
3f5d31c0
bf520fe2
3c0db6fe
bf586a16
3c16853c
3fd3df81
ba8eb936
bf5d31c0
3f5247c3
bc0dcb13
3f58a3aa
bc16af7d
bfd417e1
3a8ee86d
3f5d7249
3f5238b1
bc0dd288
3f589423
bc16a958
bfd41255
3a8edb76
3f5d9081
3b8c33fb
bac8e269
3e19ae02
3d2b390a
3bb8ddb3
bca6f871
ba75f3a3
3ce52f98
bd8fb909
bd39297e
3d2a25a1
c91aa9bc
c53e9ee3
c91b4439
c54a7766
4158792a
43bffe8f
c7a63503
49051d33
491aa9bc
453e9ee3
491b4439
454a7766
c158792a
c3bffe8f
47a63503
c9051d33
c91ad2e1
c53eb9e9
c91b6d88
c54ab041
4158792a
43c03e14
c7a66580
499a4eaf
c91ac7c9
c53ec3ed
c91b6265
c54aa7fd
4158a873
43c02ca1
c7a67c35
499a6cab
43d6736e
c4071b43
c539f62a
c6a09465
c58d9034
46078a29
c5980535
c6a84dd1
47206afd
4728c62d
47184014
3f44f2cd
bf42911a
bf44f2cd
3f44f2cd
3f451912
3cb2cd9e
3f7ffff2
3c8af170
3f7b96cd
3d2a930c
bd8813a1
3f7f6f1c
3f3ee8b9
bf3ee8b9
3f3f1b84
3f3f0dd2
399ef570
bbfce597
3cba6b17
3b28b08b
bb90231b
3b8733a3
3c57b963
bcd3178c
bcdf7001
bceaf941
32a09cc4
bf5f11f1
38c79d33
bed760ff
3abe2d14
39d143c1
bc85676b
3f409ac6
3c85676b
bf409ac6
bc858ae9
3f40b612
bc858157
3f40c033
be369ad7
bde21571
3d633a97
3c3f143b
3e26850c
3e299959
3e2eba8e
3e430182
3e4228da
3ddad25b
3d8b30a7
3c8cae29
3effffdd
3cc504ab
bd001057
3effff6f
c8d14c7f
bc046a67
48d14c8a
48d14c7f
3c046a67
c8d14c8a
c8d1842f
bc047d2b
48d1843a
c8d1752b
bc048422
48d17ec3
c2d14efe
3a9b6ebc
452d307a
c650e6ff
c40d2673
c47483ac
c4d67480
4412254d
45290f4b
45095132
44906e61
3a2ab756
3fc73512
3c22a9c3
3b32fc6f
bd6e929b
402e29ed
bd59d833
4047b59d
3d6e929b
c02e29ed
3d59d833
c047b59d
bd6ed216
402e429c
bd5a1229
4047edae
bd6ec0f8
402e4bc4
bd5a0c7a
4047e588
bf2e93f7
3f0d66ec
bf020118
bd3df122
3f175514
3f390cd3
3f303ed5
bb58324c
3be8664e
bdef507e
bd9aa2e4
ba2ceff8
3ff4a6d2
3e024ff4
c1289bb7
bc6efa5b
c12ea055
bc6aabe1
41b09617
41289bb7
3c6efa5b
412ea055
3c6aabe1
c1b09617
c128c891
bc6f1c3a
c12ececc
bc6aedc3
41b0c514
c128bc78
bc6f28c9
c12eca3c
bc6ae430
41b0c074
bce554cc
bb1202da
be99d253
bea11e9f
bd6e1da1
3e23cdeb
bd8bb788
bf1aa8a4
3f3bee12
3f15e4eb
3f0727ee
baa55535
b9c9b49d
3bdf2bd4
c03d07cc
3bf0bca2
c09d1d60
3b08e30b
4049fc70
bbdf2bd4
403d07cc
bbf0bca2
409d1d60
bb08e30b
c049fc70
3bdf673c
c03d2298
3bf0fcb2
c09d497c
3b090778
404a3f43
3bdf5735
c03d2c88
3bf0f665
c09d4312
3b0903e3
404a4dc7
3f459fa1
bf88303e
3ee8b508
3d70bbf8
bf2c39f2
bf59c622
bf420ebd
3eba0af0
3e698519
3e775505
3e016c19
3d885e39
3f520fe2
bc0db6fe
3f586a16
bc16853c
bfd3df81
3a8eb936
3f5d31c0
bf520fe2
3c0db6fe
bf586a16
3c16853c
3fd3df81
ba8eb936
bf5d31c0
3f5247c3
bc0dcb13
3f58a3aa
bc16af7d
bfd417e1
3a8ee86d
3f5d6c9c
3f5238b1
bc0dd288
3f589e04
bc16a958
bfd41255
3a8ef2af
3f5d5cbf
3b8c33fb
bac8e269
3e19ae02
3d2b390a
3bb8ddb2
bca6f871
ba75f3bc
3ce52f98
bd8fb909
bd39297e
3d2a25a1
c91aa9bc
c53e9ee3
c91b4439
c54a7766
4158792a
43bffe8f
c7a63503
49051d33
491aa9bc
453e9ee3
491b4439
454a7766
c158792a
c3bffe8f
47a63503
c9051d33
c91ad2e1
c53eb9e9
c91b6d88
c54ab041
4158792a
43c03e14
c7a6613d
499a4eaf
c91ac7c9
c53ec3ed
c91b697a
c54aa7fd
4158a873
43c04be1
c7a65551
499a6cab
43d6736e
c4071b43
c539f62a
c6a09465
c58d9034
46078a29
c5980535
c6a84dd1
47206afd
4728c62d
47184014
3f44f2cd
bf42911a
bf44f2cd
3f44f2cd
3f451912
3cb2cd9e
3f7ffff2
3c8af170
3f7b96cd
3d2a930c
bd8813a1
3f7f6f1c
3f3ee8b9
bf3ee8b9
3f3f1b84
3f3f0dd2
399ef570
bbfce597
3cba6b17
3b28b08b
bb90231b
3b8733a3
3c57b963
bcd3178c
bcdf7001
bceaf941
32a09cc4
bf5f11f1
38c79d33
bed760ff
3abe2d14
39d143c1
bc85676b
3f409ac6
3c85676b
bf409ac6
bc858ae9
3f40b612
bc858157
3f40c8fc
be369ad7
bde21571
3d633a97
3c3f143b
3e26850c
3e299959
3e2eba8e
3e430182
3e4228da
3ddad25b
3d8b30a7
3c8cae29
3effffdd
3cc504ab
bd001057
3effff6f
c8d14c7f
bc046a67
48d14c8a
48d14c7f
3c046a67
c8d14c8a
c8d1842f
bc047d2b
48d1843a
c8d1752b
bc048a2c
48d17ec3
c2d14efe
3a9b6ebc
452d307a
c650e6ff
c40d2673
c47483ac
c4d67480
4412254d
45290f4b
45095132
44906e61
3a2ab756
3fc73512
3c22a9c3
3b32fc6f
bd6e929b
402e29ed
bd59d833
4047b59d
3d6e929b
c02e29ed
3d59d833
c047b59d
bd6ed216
402e429c
bd5a1229
4047edae
bd6ec0f8
402e53b6
bd5a0c7a
4047e588
bf2e93f7
3f0d66ec
bf020118
bd3df122
3f175514
3f390cd3
3f303ed5
bb58324c
3be8664e
bdef507e
bd9aa2e4
ba2ceff8
3ff4a6d2
3e024ff4
c1289bb7
bc6efa5b
c12ea055
bc6aabe1
41b09617
41289bb7
3c6efa5b
412ea055
3c6aabe1
c1b09617
c128c891
bc6f1c3a
c12ececc
bc6aedc3
41b0c514
c128bc78
bc6f33b1
c12eca3c
bc6ae430
41b0dd33
bce554cc
bb1202da
be99d253
bea11e9f
bd6e1da1
3e23cdeb
bd8bb788
bf1aa8a4
3f3bee12
3f15e4eb
3f0727ee
baa55535
b9c9b49d
3bdf2bd4
c03d07cc
3bf0bca2
c09d1d60
3b08e30b
4049fc70
bbdf2bd4
403d07cc
bbf0bca2
409d1d60
bb08e30b
c049fc70
3bdf673c
c03d2298
3bf0fcb2
c09d497c
3b090778
404a3f43
3bdf5735
c03d3527
3bf0f665
c09d4312
3b091a2a
404a23b1
3f459fa1
bf88303e
3ee8b508
3d70bbf8
bf2c39f2
bf59c622
bf420ebd
3eba0af0
3e698519
3e775505
3e016c19
3d885e39
3f520fe2
bc0db6fe
3f586a16
bc16853c
bfd3df81
3a8eb936
3f5d31c0
bf520fe2
3c0db6fe
bf586a16
3c16853c
3fd3df81
ba8eb936
bf5d31c0
3f5247c3
bc0dcb13
3f58a3aa
bc16af7d
bfd417e1
3a8ee86d
3f5d6c9c
3f5238b1
bc0dd8fe
3f589e04
bc16a958
bfd434d2
3a8ed4f2
3f5d5cbf
3b8c33fb
bac8e269
3e19ae02
3d2b390a
3bb8ddb2
bca6f871
ba75f3bc
3ce52f98
bd8fb909
bd39297e
3d2a25a1
c91aa9bc
c53e9ee3
c91b4439
c54a7766
4158792a
43bffe8f
c7a63503
49051d33
491aa9bc
453e9ee3
491b4439
454a7766
c158792a
c3bffe8f
47a63503
c9051d33
c91ad2e1
c53eb9e9
c91b6d88
c54ab041
4158792a
43c03e14
c7a6613d
499a4eaf
c91ac7c9
c53ecca0
c91b697a
c54aa7fd
4158a873
43c023df
c7a65551
499a6cab
43d6736e
c4071b43
c539f62a
c6a09465
c58d9034
46078a29
c5980535
c6a84dd1
47206afd
4728c62d
47184014
3f44f2cd
bf42911a
bf44f2cd
3f44f2cd
3f451912
3cb2cd9e
3f7ffff2
3c8af170
3f7b96cd
3d2a930c
bd8813a1
3f7f6f1c
3f3ee8b9
bf3ee8b9
3f3f1b84
3f3f1688
399ef570
bbfce597
3cba6b17
3b28b08b
bb90231b
3b8733a3
3c57b963
bcd3178c
bcdf7001
bceaf941
32a09cc4
bf5f11f1
38c79d33
bed760ff
3abe2d14
39d143c1
bc85676b
3f409ac6
3c85676b
bf409ac6
bc858ae9
3f40b612
bc85876e
3f40c8fc
be369ad7
bde21571
3d633a97
3c3f143b
3e26850c
3e299959
3e2eba8e
3e430182
3e4228da
3ddad25b
3d8b30a7
3c8cae29
3effffdd
3cc504ab
bd001057
3effff6f
c8d14c7f
bc046a67
48d14c8a
48d14c7f
3c046a67
c8d14c8a
c8d1842f
bc047d2b
48d1843a
c8d17eb8
bc048a2c
48d17ec3
c2d14efe
3a9b6ebc
452d307a
c650e6ff
c40d2673
c47483ac
c4d67480
4412254d
45290f4b
45095132
44906e61
3a2ab756
3fc73512
3c22a9c3
3b32fc6f
bd6e929b
402e29ed
bd59d833
4047b59d
3d6e929b
c02e29ed
3d59d833
c047b59d
bd6ed216
402e429c
bd5a1229
4047edae
bd6ecbdc
402e53b6
bd5a0c7a
4048060a
bf2e93f7
3f0d66ec
bf020118
bd3df122
3f175514
3f390cd3
3f303ed5
bb58324c
3be8664e
bdef507e
bd9aa2e4
ba2ceff8
3ff4a6d2
3e024ff4
c1289bb7
bc6efa5b
c12ea055
bc6aabe1
41b09617
41289bb7
3c6efa5b
412ea055
3c6aabe1
c1b09617
c128c891
bc6f1c3a
c12ececc
bc6aedc3
41b0c514
c128c42a
bc6f33b1
c12eca3c
bc6b0a64
41b0b867
bce554cc
bb1202da
be99d253
bea11e9f
bd6e1da1
3e23cdeb
bd8bb788
bf1aa8a4
3f3bee12
3f15e4eb
3f0727ee
baa55535
b9c9b49d
3bdf2bd4
c03d07cc
3bf0bca2
c09d1d60
3b08e30b
4049fc70
bbdf2bd4
403d07cc
bbf0bca2
409d1d60
bb08e30b
c049fc70
3bdf673c
c03d2298
3bf0fcb2
c09d497c
3b090778
404a3f43
3bdf6153
c03d3527
3bf0f665
c09d5ca6
3b08fda5
404a23b1
3f459fa1
bf88303e
3ee8b508
3d70bbf8
bf2c39f2
bf59c622
bf420ebd
3eba0af0
3e698519
3e775505
3e016c19
3d885e39
3f520fe2
bc0db6fe
3f586a16
bc16853c
bfd3df81
3a8eb936
3f5d31c0
bf520fe2
3c0db6fe
bf586a16
3c16853c
3fd3df81
ba8eb936
bf5d31c0
3f5247c3
bc0dcb13
3f58a3aa
bc16af7d
bfd417e1
3a8ee86d
3f5d6c9c
3f524247
bc0dd8fe
3f589e04
bc16c1d9
bfd408ab
3a8ed4f2
3f5d5cbf
3b8c33fb
bac8e269
3e19ae02
3d2b390a
3bb8ddb2
bca6f871
ba75f3bc
3ce52f98
bd8fb909
bd39297e
3d2a25a1
c91aa9bc
c53e9ee3
c91b4439
c54a7766
4158792a
43bffe8f
c7a63503
49051d33
491aa9bc
453e9ee3
491b4439
454a7766
c158792a
c3bffe8f
47a63503
c9057242
c91ad2e1
c53eb9e9
c91b6d88
c54ab041
4158792a
43c03e14
c7a6613d
499a4eaf
c91aced7
c53ecca0
c91b697a
c54ac8f2
415849e2
43c023df
c7a65551
499a6cab
43d6736e
c4071b43
c539f62a
c6a09465
c58d9034
46078a29
c5980535
c6a84dd1
47206afd
4728c62d
47184014
3f44f2cb
bf430d6b
bf4579a2
3f4579a2
3f45a905
3cb2cd9e
3f7ffff2
3c8af170
3f7b96cd
3d2a930c
bd8813a1
3f7f6f1c
3f3ee8b9
bf3ee8b9
3f3f1b84
3f3f1688
399ef570
bbfce597
3cba6b17
3b28b08b
bb90231b
3b8733a3
3c57b963
bcd3178c
bcdf7001
bceaf941
32a09cc4
bf5f11f1
38c79d33
bed760ff
3abe2d14
39d143c1
bc85676b
3f409ac6
3c85676b
bf409ac6
bc858ae9
3f40b612
bc85876e
3f40c8fc
be369ad7
bde21571
3d633a97
3c3f143b
3e26850c
3e299959
3e2eba8e
3e430182
3e4228da
3ddad25b
3d8b30a7
3c8cae29
3effffdd
3cc504ab
bd001057
3effff6f
c8d14c7f
bc046a67
48d14c8a
48d14c7f
3c046a67
c8d14c8a
c8d1842f
bc047d2b
48d1843a
c8d17eb8
bc048a2c
48d1a0d3
c2d14efe
3a9b6ebc
452d307a
c650e6ff
c40d2673
c47483ac
c4d67480
4412254d
45290f4b
45095132
44906e61
3a2ab756
3fc73512
3c22a9c3
3b32fc6f
bd6e929b
402e29ed
bd59d833
4047b59d
3d6e929b
c02e29ed
3d59d833
c047b59d
bd6ed216
402e429c
bd5a1229
4047edae
bd6ecbdc
402e53b6
bd5a2fee
4047dc6d
bf2e93f7
3f0d66ec
bf020118
bd3df122
3f175514
3f390cd3
3f303ed5
bb58324c
3be8664e
bdef507e
bd9aa2e4
ba2ceff8
3ff4a6d2
3e024ff4
c1289bb7
bc6efa5b
c12ea055
bc6aabe1
41b09617
41289bb7
3c6efa5b
412ea055
3c6aabe1
c1b09617
c128c891
bc6f1c3a
c12ececc
bc6aedc3
41b0c514
c128c42a
bc6f33b1
c12ee6a8
bc6ad97c
41b0b867
bce554cc
bb1202da
be99d253
bea11e9f
bd6e1da1
3e23cdeb
bd8bb788
bf1aa8a4
3f3bee12
3f15e4eb
3f0727ee
baa55535
b9c9b49d
3bdf2bd4
c03d07cc
3bf0bca2
c09d1d60
3b08e30b
4049fc70
bbdf2bd4
403d07cc
bbf0bca2
409d1d60
bb08e30b
c049fc70
3bdf673c
c03d2298
3bf0fcb2
c09d497c
3b090778
404a3f43
3bdf6153
c03d3527
3bf11d96
c09d3be8
3b08fda5
404a23b1
3f459fa1
bf88303e
3ee8b508
3d70bbf8
bf2c39f2
bf59c622
bf420ebd
3eba0af0
3e698519
3e775505
3e016c19
3d885e39
3f520fe2
bc0db6fe
3f586a16
bc16853c
bfd3df81
3a8eb936
3f5d31c0
bf520fe2
3c0db6fe
bf586a16
3c16853c
3fd3df81
ba8eb936
bf5d31c0
3f5247c3
bc0dcb13
3f58a3aa
bc16af7d
bfd417e1
3a8ee86d
3f5d6c9c
3f524247
bc0dd8fe
3f58c13c
bc16a27c
bfd408ab
3a8ed4f2
3f5d5cbf
3b8c33fb
bac8e269
3e19ae02
3d2b390a
3bb8ddb2
bca6f871
ba75f3bc
3ce52f98
bd8fb909
bd39297e
3d2a25a1
c91aa9bc
c53e9ee3
c91b4439
c54a7766
4158792a
43bffe8f
c7a63503
49057242
491aa9bc
453e9ee3
491b4439
454a7766
c158792a
c3bffe8f
47a63503
c9057242
c91ad2e1
c53eb9e9
c91b6d88
c54ab041
4158792a
43c03e14
c7a6613d
499a4eaf
c91aced7
c53ecca0
c91b82c0
c54a9ec1
415849e2
43c023df
c7a65551
499a73b6
43d6736e
c4071b43
c539f62a
c6a09465
c58d9034
46078a29
c5980535
c6a84dd1
47206afd
4728c62d
47184014
3f4579a2
bf430d6b
bf4579a2
3f4579a2
3f45a905
3cb2cd9e
3f7ffff2
3c8af170
3f7b96cd
3d2a930c
bd8813a1
3f7f6f1c
3f3ee8b9
bf3ee8b9
3f3f1b84
3f3f1688
399ef570
bbfce597
3cba6b17
3b28b08b
bb90231b
3b8733a3
3c57b963
bcd3178c
bcdf7001
bceaf941
32a09cc4
bf5f11f1
38c79d33
bed760ff
3abe2d14
39d143c1
bc85676b
3f409ac6
3c85676b
bf409ac6
bc858ae9
3f40b612
bc85876e
3f40e854
be369ad7
bde21571
3d633a97
3c3f143b
3e26850c
3e299959
3e2eba8e
3e430182
3e4228da
3ddad25b
3d8b30a7
3c8cae29
3effffdd
3cc504ab
bd001057
3effff6f
c8d14c7f
bc046a67
48d14c8a
48d14c7f
3c046a67
c8d14c8a
c8d1842f
bc047d2b
48d1843a
c8d17eb8
bc049fb9
48d17536
c2d14efe
3a9b6ebc
452d307a
c650e6ff
c40d2673
c47483ac
c4d67480
4412254d
45290f4b
45095132
44906e61
3a2ab756
3fc73512
3c22a9c3
3b32fc6f
bd6e929b
402e29ed
bd59d833
4047b59d
3d6e929b
c02e29ed
3d59d833
c047b59d
bd6ed216
402e429c
bd5a1229
4047edae
bd6ecbdc
402e700e
bd5a0289
4047dc6d
bf2e93f7
3f0d66ec
bf020118
bd3df122
3f175514
3f390cd3
3f303ed5
bb58324c
3be8664e
bdef507e
bd9aa2e4
ba2ceff8
3ff4a6d2
3e024ff4
c1289bb7
bc6efa5b
c12ea055
bc6aabe1
41b09617
41289bb7
3c6efa5b
412ea055
3c6aabe1
c1b09617
c128c891
bc6f1c3a
c12ececc
bc6aedc3
41b0c514
c128c42a
bc6f5a95
c12ec244
bc6ad97c
41b0b867
bce554cc
bb1202da
be99d253
bea11e9f
bd6e1da1
3e23cdeb
bd8bb788
bf1aa8a4
3f3bee12
3f15e4eb
3f0727ee
baa55535
b9c9b49d
3bdf2bd4
c03d07cc
3bf0bca2
c09d1d60
3b08e30b
4049fc70
bbdf2bd4
403d07cc
bbf0bca2
409d1d60
bb08e30b
c049fc70
3bdf673c
c03d2298
3bf0fcb2
c09d497c
3b090778
404a3f43
3bdf6153
c03d53ea
3bf0eb6f
c09d3be8
3b08fda5
404a23b1
3f459fa1
bf88303e
3ee8b508
3d70bbf8
bf2c39f2
bf59c622
bf420ebd
3eba0af0
3e698519
3e775505
3e016c19
3d885e39
3f520fe2
bc0db6fe
3f586a16
bc16853c
bfd3df81
3a8eb936
3f5d31c0
bf520fe2
3c0db6fe
bf586a16
3c16853c
3fd3df81
ba8eb936
bf5d31c0
3f5247c3
bc0dcb13
3f58a3aa
bc16af7d
bfd417e1
3a8ee86d
3f5d6c9c
3f524247
bc0df00e
3f589423
bc16a27c
bfd408ab
3a8ed4f2
3f5d66d4
3b8c33fb
bac8e269
3e19ae02
3d2b390a
3bb8ddb2
bca6f871
ba75f3bc
3ce52f98
bd8fb909
bd39297e
3d2a25a1
c91aa9bc
c53e9ee3
c91b4439
c54a7766
4158792a
43bffe8f
c7a63503
49057242
491aa9bc
453e9ee3
491b4439
454a7766
c158792a
c3bffe8f
47a63503
c9057242
c91ad2e1
c53eb9e9
c91b6d88
c54ab041
4158792a
43c03e14
c7a6613d
499a4eaf
c91aced7
c53eeba6
c91b6265
c54a9ec1
415849e2
43c023df
c7a65ce4
499a73b6
43d6736e
c4071b43
c539f62a
c6a09465
c58d9034
46078a29
c5980535
c6a84dd1
47206afd
4728c62d
47184014
3f4579a2
bf430d6b
bf4579a1
3f4579a2
3f45a905
3cb2cd9e
3f7ffff2
3c8af170
3f7b96cd
3d2a930c
bd8813a1
3f7f6f1c
3f3ee8b9
bf3ee8b9
3f3f1b84
3f3f359a
399ef570
bbfce597
3cba6b17
3b28b08b
bb90231b
3b8733a3
3c57b963
bcd3178c
bcdf7001
bceaf941
32a09cc4
bf5f11f1
38c79d33
bed760ff
3abe2d14
39d143c1
bc85676b
3f409ac6
3c85676b
bf409ac6
bc858ae9
3f40b612
bc859d24
3f40c033
be369ad7
bde21571
3d633a97
3c3f143b
3e26850c
3e299959
3e2eba8e
3e430182
3e4228da
3ddad25b
3d8b30a7
3c8cae29
3effffdd
3cc504ab
bd001057
3effff6f
c8d14c7f
bc046a67
48d14c8a
48d14c7f
3c046a67
c8d14c8a
c8d1842f
bc047d2b
48d1843a
c8d1a0c8
bc048422
48d17536
c2d14efe
3a9b6ebc
452d307a
c650e6ff
c40d2673
c47483ac
c4d67480
4412254d
45290f4b
45095132
44906e61
3a2ab756
3fc73512
3c22a9c3
3b32fc6f
bd6e929b
402e29ed
bd59d833
4047b59d
3d6e929b
c02e29ed
3d59d833
c047b59d
bd6ed216
402e429c
bd5a1229
4047edae
bd6ef2b0
402e4bc4
bd5a0289
4047dc6d
bf2e93f7
3f0d66ec
bf020118
bd3df122
3f175514
3f390cd3
3f303ed5
bb58324c
3be8664e
bdef507e
bd9aa2e4
ba2ceff8
3ff4a6d2
3e024ff4
c1289bb7
bc6efa5b
c12ea055
bc6aabe1
41b09617
41289bb7
3c6efa5b
412ea055
3c6aabe1
c1b09617
c128c891
bc6f1c3a
c12ececc
bc6aedc3
41b0c514
c128df9a
bc6f28c9
c12ec244
bc6ad97c
41b0b867
bce554cc
bb1202da
be99d253
bea11e9f
bd6e1da1
3e23cdeb
bd8bb788
bf1aa8a4
3f3bee12
3f15e4eb
3f0727ee
baa55535
b9c9b49d
3bdf2bd4
c03d07cc
3bf0bca2
c09d1d60
3b08e30b
4049fc70
bbdf2bd4
403d07cc
bbf0bca2
409d1d60
bb08e30b
c049fc70
3bdf673c
c03d2298
3bf0fcb2
c09d497c
3b090778
404a3f43
3bdf85b7
c03d2c88
3bf0eb6f
c09d3be8
3b08fda5
404a2ce8
3f459fa1
bf88303e
3ee8b508
3d70bbf8
bf2c39f2
bf59c622
bf420ebd
3eba0af0
3e698519
3e775505
3e016c19
3d885e39
3f520fe2
bc0db6fe
3f586a16
bc16853c
bfd3df81
3a8eb936
3f5d31c0
bf520fe2
3c0db6fe
bf586a16
3c16853c
3fd3df81
ba8eb936
bf5d31c0
3f5247c3
bc0dcb13
3f58a3aa
bc16af7d
bfd417e1
3a8ee86d
3f5d6c9c
3f526476
bc0dd288
3f589423
bc16a27c
bfd408ab
3a8edb76
3f5d66d4
3b8c33fb
bac8e269
3e19ae02
3d2b390a
3bb8ddb2
bca6f871
ba75f3bc
3ce52f98
bd8fb909
bd39297e
3d2a25a1
c91aa9bc
c53e9ee3
c91b4439
c54a7766
4158792a
43bffe8f
c7a63503
49057242
491aa9bc
453e9ee3
491b4439
454a7766
c158792a
c3bffe8f
47a63503
c907cc3d
c91ad2e1
c53eb9e9
c91b6d88
c54ab041
4158792a
43c03e14
c7a6613d
499a4eaf
c91ae803
c53ec3ed
c91b6265
c54a9ec1
415849e2
43c02ca1
c7a65ce4
499a73b6
43d6736e
c4071b43
c539f62a
c6a09465
c58d9034
46078a29
c5980535
c6a84dd1
47206afd
4728c62d
47184014
3f4579a3
bf467d50
bf43263f
3f491522
3f49661b
3cb2cd9e
3f7ffff2
3c8af170
3f7b96cd
3d2a930c
bd8813a1
3f7f6f1c
3f3ee8b9
bf3ee8b9
3f3f1b84
3f3f0dd2
399ef570
bbfce597
3cba6b17
3b28b08b
bb90231b
3b8733a3
3c57b963
bcd3178c
bcdf7001
bceaf941
32a09cc4
bf5f11f1
38c79d33
bed760ff
3abe2d14
39d143c1
bc85676b
3f409ac6
3c85676b
bf409ac6
bc858ae9
3f40b612
bc858157
3f40c033
be369ad7
bde21571
3d633a97
3c3f143b
3e26850c
3e299959
3e2eba8e
3e430182
3e4228da
3ddad25b
3d8b30a7
3c8cae29
3effffdd
3cc504ab
bd001057
3effff6f
c8d14c7f
bc046a67
48d14c8a
48d14c7f
3c046a67
c8d14c8a
c8d1842f
bc047d2b
48d1843a
c8d1752b
bc048422
48d17536
c2d14efe
3a9b6ebc
452d307a
c650e6ff
c40d2673
c47483ac
c4d67480
4412254d
45290f4b
45095132
44906e61
3a2ab756
3fc73512
3c22a9c3
3b32fc6f
bd6e929b
402e29ed
bd59d833
4047b59d
3d6e929b
c02e29ed
3d59d833
c047b59d
bd6ed216
402e429c
bd5a1229
4047edae
bd6ec0f8
402e4bc4
bd5a0289
4047dc6d
bf2e93f7
3f0d66ec
bf020118
bd3df122
3f175514
3f390cd3
3f303ed5
bb58324c
3be8664e
bdef507e
bd9aa2e4
ba2ceff8
3ff4a6d2
3e024ff4
c1289bb7
bc6efa5b
c12ea055
bc6aabe1
41b09617
41289bb7
3c6efa5b
412ea055
3c6aabe1
c1b09617
c128c891
bc6f1c3a
c12ececc
bc6aedc3
41b0c514
c128bc78
bc6f28c9
c12ec244
bc6ad97c
41b0c074
bce554cc
bb1202da
be99d253
bea11e9f
bd6e1da1
3e23cdeb
bd8bb788
bf1aa8a4
3f3bee12
3f15e4eb
3f0727ee
baa55535
b9c9b49d
3bdf2bd4
c03d07cc
3bf0bca2
c09d1d60
3b08e30b
4049fc70
bbdf2bd4
403d07cc
bbf0bca2
409d1d60
bb08e30b
c049fc70
3bdf673c
c03d2298
3bf0fcb2
c09d497c
3b090778
404a3f43
3bdf5735
c03d2c88
3bf0eb6f
c09d3be8
3b0903e3
404a2ce8
3f459fa1
bf88303e
3ee8b508
3d70bbf8
bf2c39f2
bf59c622
bf420ebd
3eba0af0
3e698519
3e775505
3e016c19
3d885e39
3f520fe2
bc0db6fe
3f586a16
bc16853c
bfd3df81
3a8eb936
3f5d31c0
bf520fe2
3c0db6fe
bf586a16
3c16853c
3fd3df81
ba8eb936
bf5d31c0
3f5247c3
bc0dcb13
3f58a3aa
bc16af7d
bfd417e1
3a8ee86d
3f5d6c9c
3f5238b1
bc0dd288
3f589423
bc16a27c
bfd41255
3a8edb76
3f5d66d4
3b8c33fb
bac8e269
3e19ae02
3d2b390a
3bb8ddb2
bca6f871
ba75f3bc
3ce52f98
bd8fb909
bd39297e
3d2a25a1
c91aa9bc
c53e9ee3
c91b4439
c54a7766
4158792a
43bffe8f
c7a63503
4907cc3d
491aa9bc
453e9ee3
491b4439
454a7766
c158792a
c3bffe8f
47a63503
c903ee40
c91ad2e1
c53eb9e9
c91b6d88
c54ab041
4158792a
43c03e14
c7a6613d
499a4eaf
c91ac7c9
c53ec3ed
c91b6265
c54a9ec1
4158a873
43c02ca1
c7a65ce4
499a8cd3
43d6736e
c4071b43
c539f62a
c6a09465
c58d9034
46078a29
c5980535
c6a84dd1
47206afd
4728c62d
47184014
3f43263f
bf40d649
bf43263f
3f43263f
3cb2cd9e
3f7ffff2
3c8af170
3f7b96cd
3d2a930c
bd8813a1
3f7f6f1c
3f3ee8b9
bf3ee8b9
3f3f1b84
399ef570
bbfce597
3cba6b17
3b28b08b
bb90231b
3b8733a3
3c57b963
bcd3178c
bcdf7001
bceaf941
32a09cc4
bf5f11f1
38c79d33
bed760ff
3abe2d14
39d143c1
bc85676b
3f409ac6
3c85676b
bf409ac6
bc858ae9
3f40b612
be369ad7
bde21571
3d633a97
3c3f143b
3e26850c
3e299959
3e2eba8e
3e430182
3e4228da
3ddad25b
3d8b30a7
3c8cae29
3effffdd
3cc504ab
bd001057
3effff6f
c8d14c7f
bc046a67
48d14c8a
48d14c7f
3c046a67
c8d14c8a
c8d1842f
bc047d2b
48d1843a
c2d14efe
3a9b6ebc
452d307a
c650e6ff
c40d2673
c47483ac
c4d67480
4412254d
45290f4b
45095132
44906e61
3a2ab756
3fc73512
3c22a9c3
3b32fc6f
bd6e929b
402e29ed
bd59d833
4047b59d
3d6e929b
c02e29ed
3d59d833
c047b59d
bd6ed216
402e429c
bd5a1229
4047edae
bf2e93f7
3f0d66ec
bf020118
bd3df122
3f175514
3f390cd3
3f303ed5
bb58324c
3be8664e
bdef507e
bd9aa2e4
ba2ceff8
3ff4a6d2
3e024ff4
c1289bb7
bc6efa5b
c12ea055
bc6aabe1
41b09617
41289bb7
3c6efa5b
412ea055
3c6aabe1
c1b09617
c128c891
bc6f1c3a
c12ececc
bc6aedc3
41b0c514
bce554cc
bb1202da
be99d253
bea11e9f
bd6e1da1
3e23cdeb
bd8bb788
bf1aa8a4
3f3bee12
3f15e4eb
3f0727ee
baa55535
b9c9b49d
3bdf2bd4
c03d07cc
3bf0bca2
c09d1d60
3b08e30b
4049fc70
bbdf2bd4
403d07cc
bbf0bca2
409d1d60
bb08e30b
c049fc70
3bdf673c
c03d2298
3bf0fcb2
c09d497c
3b090778
404a3f43
3f459fa1
bf88303e
3ee8b508
3d70bbf8
bf2c39f2
bf59c622
bf420ebd
3eba0af0
3e698519
3e775505
3e016c19
3d885e39
3f520fe2
bc0db6fe
3f586a16
bc16853c
bfd3df81
3a8eb936
3f5d31c0
bf520fe2
3c0db6fe
bf586a16
3c16853c
3fd3df81
ba8eb936
bf5d31c0
3f5247c3
bc0dcb13
3f58a3aa
bc16af7d
bfd417e1
3a8ee86d
3f5d6c9c
3b8c33fb
bac8e269
3e19ae02
3d2b390a
3bb8ddb2
bca6f871
ba75f3bc
3ce52f98
bd8fb909
bd39297e
3d2a25a1
c91aa9bc
c53e9ee3
c91b4439
c54a7766
4158792a
43bffe8f
c7a63503
4903ee40
491aa9bc
453e9ee3
491b4439
454a7766
c158792a
c3bffe8f
47a63503
c903ee40
c91ad2e1
c53eb9e9
c91b6d88
c54ab041
4158792a
43c03e14
c7a6613d
499a4eaf
43d6736e
c4071b43
c539f62a
c6a09465
c58d9034
46078a29
c5980535
c6a84dd1
47206afd
4728c62d
47184014
3f43263f
bf40d649
bf43263f
3f43263f
3c9f8323
3f7ffff2
3c8115e1
3f7f4c9b
3d548d35
bcd74b72
3f7fe940
3e970631
3f3e6a96
328365b8
bf55d96d
3761ab08
be04de1a
3a06332b
39e4e375
bbbc46b1
3e887605
bc6d6286
3f4027a6
3c784a4c
3efffffb
3cd9579d
bc5012de
3effff7e
c825926a
bb1984c5
48259273
c8d0c236
bbd82c99
48d0c241
389951ae
3fdd05ed
3b3681fa
3b1ba347
bc86e0e9
3f3c8717
bc7257ab
3f6ad6e5
bd2a0f33
4004bc5c
bd18c6d8
401ebf8a
b8ee4a74
409969d5
3e01285e
c1d6a41d
bb6dfcba
c1d7d291
bb72f740
425ca219
c2875036
bc278ef9
c2880ee2
bc243dd4
430a47d4
b9847e99
b9815bf6
3b9012c7
c08cf301
bacc86df
c0c0ed99
39e23e73
4095ea79
3c35a6da
c1467993
bb80efce
c1826aaf
3a8dcc0d
411762e8
3cd75381
3f4f3acd
ba60db23
3f50494d
ba6ecc05
bfd3cd9d
38e1a662
3f5c75ab
4002a41c
bb1e5032
40034ea4
bb216c66
c084bf15
3963dcfc
3f5cb055
c7e63b37
c40daea2
c7e661e2
c4167d79
c1dfea19
428ec98c
c67703d2
47c41942
c8912444
c4c781c7
c8913ca6
c4cb755d
c28c53aa
43103015
c677458d
4910b5d8
3f43263f
3f43263f
bf7ff2c2
bf0f9522
4011cf28
c011cf28
3ce19c12
bf55949c
4010c9e1
3e832972
bedc6b4a
3ec87b37
3f8f3d2c
c00d6254
c011063f
c0110452
bf7ff2c2
bda1ffd7
4011cf28
c011cf28
c010ea0b
bf9f3b1a
3f55f5ac
3e2d0ac7
4010d896
4010f079
4010f3f2
401105e3
40110009
3f9df32a
3f3e5d8f
bf7ff2c2
bf0f9522
4011cf28
c011cf28
3c343eb0
bea0558a
bd4d3fac
3e2237c6
bf18d7ad
3dddce43
3f9a4d92
bfe7205d
bff9668c
c006da84
bf7ff2c2
bd8da2f8
4011cf28
c011cf28
bdca746b
4010ad91
c0107b68
be84e9ff
3c133d3f
3eb626a8
3e4c539c
bfdd8dea
bfdbf57c
bf9e3dd1
bf409cf3
bf7d3396
be4bc9b4
3ff303f2
bff303f2
bce40a60
bf16a2ad
ba50b2cb
3bb7d9ef
3c6c7bab
3c4247e2
be5b0ecc
3d830e18
be123d7f
be81e70b
bf7d3396
bd2d5264
3ff303f2
bff303f2
3cb75065
ae4147bb
bf5ab23a
bd706cfb
bd555cb3
bc3e8115
3d29176f
3d17b79b
be1be96a
be4d53ff
be291840
bf7d3396
bd0c94d8
3ff303f2
bff303f2
baab8fd2
3f38e674
3db8b02d
3c8bd18e
bce62dd8
bc9d175b
bda72df5
bd727772
3af1b071
3eb1896c
bd1ba72e
bd9d8ef1
bf7fe58a
bf0f864b
bf0f8db8
4011c016
39f14e2d
c011c7a0
3ce184c0
bf557e88
4010baea
3e831be3
bedc5481
3ec8667d
3f8f2e5e
c00d53b7
c010f741
c010f555
3ce1906b
bf558994
4010c267
3e8322ac
bedc5fe7
3ec870dc
3f8f35c6
c00d5b06
c010fec1
c010fcd5
bf7fe58a
bda1ef18
bda1f779
4011c016
39f14e2d
c011c7a0
c010db10
bf9f2aa4
3f55df8e
3e2cf8e4
4010c99d
4010e17e
4010e4f6
4010f6e6
4010f10c
3f9de2d7
3f3e49e1
c010e28f
bf9f32e1
3f55ea9e
3e2d01d7
4010d11b
4010e8fd
4010ec75
4010fe66
4010f88c
3f9deb02
3f3e53ba
bf7fe58a
bf0f864b
bf0f8db8
4011c016
39f14e2d
c011c7a0
3c342c0e
bea044f7
bd4d2a75
3e222701
bf18c7e0
3dddb756
3f9a3d9e
bfe70878
bff94cc4
c006cc93
3c343560
bea04d42
bd4d3512
3e222f65
bf18cfc8
3dddc2ce
3f9a4599
bfe7146c
bff959aa
c006d38d
bf7fe58a
bd8d9454
bd8d9ba7
4011c016
39f14e2d
c011c7a0
bdca5f7e
40109e9c
c0106c79
be84dc42
3c132e06
3eb613d5
3e4c3e7d
bfdd7703
bfdbdec0
bf9e2d75
bf40890a
bdca69f6
4010a618
c01073f2
be84e322
3c1335a4
3eb61d40
3e4c490e
bfdd8279
bfdbea20
bf9e35a5
bf409300
bf7fe589
be4dea59
be4df4fd
3ff58d6c
39cb2bcf
bff84434
bce66bd5
bf183543
ba52e08e
3bb9c54b
3c6ef3b0
3c444f1e
be5d5840
3d846c5a
be13c456
be834238
bce677c0
bf183d26
ba52eb76
3bb9cee6
3c6f000d
3c445945
be5d63b4
3d847332
be13cbf9
be834904
bf7fe589
bd2f219c
bd2f2aaa
3ff58d6c
39cb2bcf
bff84434
3cb93a51
ae434c4a
bf5cfab6
bd72ef89
bd5796ed
bc407e39
3d2adb59
3d194d14
be1d8a19
be4f78c0
be2adc2b
3cb943e2
ae435665
bf5d0622
bd72fc1e
bd57a216
bc40882e
3d2ae431
3d195502
be1d9241
be4f837c
be2ae501
bf7fe589
bd0e0c8f
bd0e13e8
3ff58d6c
39cb2bcf
bff84434
baad5a56
3f3ad49d
3dba9dc5
3c8d473c
bce89503
bc9ebb32
bda8ecc2
bd74ff75
3af43660
3eb363e7
baad634d
3f3ade48
3dbaa76e
3c8d4e8a
bce8a10c
bc9ec367
bda8f57e
bd750c21
3af44303
3eb36d2d
bd1ba72e
bd9d8ef1
bf7fd854
bf0f700d
bf0f7778
bf0f864e
4011a97f
39f128c8
3a710b10
c011c019
3ce161cc
bf555d72
4010a47c
3e830792
bedc325c
3ec8476f
3f8f182e
c00d3dd0
c010e0ca
c010dedd
3ce16d75
bf55687c
4010abf7
3e830e59
bedc3dc0
3ec851cc
3f8f1f94
c00d451f
c010e849
c010e65d
3ce184c5
bf557e8d
4010baed
3e831be6
bedc5486
3ec86683
3f8f2e61
c00d53ba
c010f745
c010f558
bf7fd854
bda1d600
bda1de5f
bda1ef1c
4011a97f
39f128c8
3a710b10
c011c019
c010c49d
bf9f11fa
3f55be69
3e2cde15
4010b32c
4010cb0a
4010ce81
4010e06e
4010da96
3f9dca5f
3f3e2c64
c010cc1b
bf9f1a34
3f55c978
3e2ce707
4010baa9
4010d287
4010d600
4010e7ee
4010e215
3f9dd288
3f3e363b
c010db13
bf9f2aa8
3f55df93
3e2cf8e8
4010c9a0
4010e181
4010e4f9
4010f6e9
4010f110
3f9de2da
3f3e49e6
bf7fd854
bf0f700d
bf0f7778
bf0f864e
4011a97f
39f128c8
3a710b10
c011c019
3c341022
bea02c20
bd4d0aa9
3e220de0
bf18b032
3ddd94fa
3f9a25b6
bfe6e4aa
bff92622
c006b7af
3c341972
bea0346b
bd4d1544
3e221642
bf18b819
3ddda070
3f9a2db1
bfe6f09c
bff93306
c006bea8
3c342c12
bea044fb
bd4d2a7a
3e222705
bf18c7e4
3dddb75b
3f9a3da2
bfe7087e
bff94cca
c006cc96
bf7fd854
bd8d7e63
bd8d85b5
bd8d9457
4011a97f
39f128c8
3a710b10
c011c019
bdca4021
40108832
c0105617
be84c7ab
3c131737
3eb5f79d
3e4c1ed6
bfdd54b1
bfdbbcad
bf9e14f2
bf406b34
bdca4a97
40108fad
c0105d8f
be84ce89
3c131ed4
3eb60107
3e4c2966
bfdd6025
bfdbc80b
bf9e1d20
bf407528
bdca5f82
40109ea0
c0106c7c
be84dc45
3c132e0a
3eb613d9
3e4c3e82
bfdd7709
bfdbdec5
bf9e2d7a
bf40890f
bf7fd857
be4dca72
be4dd515
be4dea5e
3ff56762
39cb0c56
3a4d4810
bff83767
bce64822
bf181dae
ba52bfe3
3bb9a883
3c6eceac
3c4430b4
be5d35f6
3d8457d6
be13ad72
be832de2
bce6540d
bf182591
ba52cac9
3bb9b21d
3c6edb06
3c443ada
be5d4167
3d845eae
be13b514
be8334ad
bce66bde
bf18354c
ba52e096
3bb9c551
3c6ef3ba
3c444f25
be5d5849
3d846c5e
be13c45b
be83423f
bf7fd857
bd2f067a
bd2f0f88
bd2f21a2
3ff56762
39cb0c56
3a4d4810
bff83767
3cb91d9f
ae432e08
bf5cd87a
bd72c9e6
bd577587
bc406067
3d2ac0e0
3d193555
be1d71b1
be4f589c
be2ac1b3
3cb9272f
ae433822
bf5ce3e4
bd72d679
bd5780af
bc406a5a
3d2ac9b8
3d193d41
be1d79d8
be4f6356
be2aca87
3cb93a55
ae434c53
bf5cfabc
bd72ef97
bd5796f8
bc407e40
3d2adb62
3d194d1a
be1d8a21
be4f78c9
be2adc31
bf7fd857
bd0df68e
bd0dfde5
bd0e0c94
3ff56762
39cb0c56
3a4d4810
bff83767
baad3f7b
3f3ab7ac
3dba80dc
3c8d3159
bce870fb
bc9ea29a
bda8d296
bd74d980
3af4108b
3eb3481d
baad4870
3f3ac155
3dba8a83
3c8d38a7
bce87d03
bc9eaacf
bda8db51
bd74e62a
3af41d2c
3eb35162
baad5a5c
3f3ad4a5
3dba9dce
3c8d4741
bce8950e
bc9ebb38
bda8ecc8
bd74ff7e
3af4366b
3eb363ed
bd1ba72e
bd9d8ef1
bf7fcb24
bf0f526f
bf0f59d9
bf0f68ac
bf0f7ee8
40118b6c
39f0f6fd
3a70d94b
3ab4a836
c011b896
3ce13343
bf553163
4010869e
3e82ec84
bedc04e5
3ec81e14
3f8efaa2
c00d20a6
c010c2e0
c010c0f4
3ce13eea
bf553c6c
40108e18
3e82f349
bedc1047
3ec82870
3f8f0207
c00d27f3
c010ca5d
c010c872
3ce15635
bf555278
40109d0b
3e8300d4
bedc2709
3ec83d22
3f8f10d1
c00d368c
c010d956
c010d76a
3ce17926
bf55738c
4010b377
3e831524
bedc492b
3ec85c2e
3f8f2700
c00d4c71
c010efcc
c010ede0
bf7fcb24
bda1b496
bda1bcf2
bda1cdac
bda1e6c3
40118b6c
39f0f6fd
3a70d94b
3ab4a836
c011b896
c010a6b9
bf9ef122
3f559247
3e2cba63
4010954c
4010ad25
4010b09b
4010c285
4010bcad
3f9da9cb
3f3e051f
c010ae35
bf9ef95b
3f559d54
3e2cc354
40109cc7
4010b4a1
4010b818
4010ca02
4010c42a
3f9db1f2
3f3e0ef4
c010bd2a
bf9f09cc
3f55b36a
3e2cd532
4010abbb
4010c397
4010c70f
4010d8fb
4010d322
3f9dc240
3f3e229b
c010d39c
bf9f2274
3f55d48d
3e2ceffe
4010c22a
4010da0a
4010dd82
4010ef71
4010e997
3f9ddab7
3f3e4017
bf7fcb24
bf0f526f
bf0f59d9
bf0f68ac
bf0f7ee8
40118b6c
39f0f6fd
3a70d94b
3ab4a836
c011b896
3c33eaf5
bea00b0f
bd4ce052
3e21ec6a
bf1890ab
3ddd673a
3f9a05e2
bfe6b4fe
bff8f2b1
c0069bde
3c33f443
bea01356
bd4ceaec
3e21f4cb
bf189891
3ddd72ad
3f9a0ddb
bfe6c0ed
bff8ff92
c006a2d5
3c3406df
bea023e4
bd4d001d
3e22058a
bf18a858
3ddd8993
3f9a1dc9
bfe6d8ca
bff91950
c006b0c1
3c3422c9
bea03cb9
bd4d1fe7
3e221ea9
bf18c004
3dddabee
3f9a35af
bfe6fc96
bff93ff1
c006c5a4
bf7fcb24
bd8d612c
bd8d687d
bd8d771c
bd8d8d0b
40118b6c
39f0f6fd
3a70d94b
3ab4a836
c011b896
bdca165f
40106a5b
c010384a
be84ac40
3c12f8d7
3eb5d20b
3e4bf4b1
bfdd26fe
bfdb8f4e
bf9df44e
bf404379
bdca20d2
401071d4
c0103fc1
be84b31e
3c130073
3eb5db73
3e4bff3e
bfdd326f
bfdb9aab
bf9dfc7a
bf404d6c
bdca35b9
401080c3
c0104eaa
be84c0d6
3c130fa6
3eb5ee40
3e4c1456
bfdd494e
bfdbb160
bf9e0cd1
bf40614e
bdca5514
4010972c
c010650b
be84d56c
3c132674
3eb60a76
3e4c33fb
bfdd6b9f
bfdbd370
bf9e2553
bf407f22
bf7fcb2a
be4d9ff8
be4daa9a
be4dbfde
be4ddfc3
3ff534bb
39cae26d
3a4d1db1
3a99c948
bff82a9e
bce6189b
bf17fe49
ba529464
3bb98231
3c6e9d61
3c440836
be5d084e
3d843c86
be138ef7
be8312ce
bce62483
bf18062a
ba529f48
3bb98bc8
3c6ea9ba
3c441259
be5d13bd
3d84435c
be139697
be831998
bce63c4f
bf1815e2
ba52b510
3bb99ef9
3c6ec268
3c4426a0
be5d2a9a
3d845109
be13a5db
be832728
bce66000
bf182d75
ba52d5ba
3bb9bbc0
3c6ee76b
3c444508
be5d4ce3
3d84658c
be13bcbe
be833b7d
bf7fcb2a
bd2ee25a
bd2eeb65
bd2efd7c
bd2f189d
3ff534bb
39cae26d
3a4d1db1
3a99c948
bff82a9e
3cb8f769
ae4305bf
bf5caae6
bd7297ca
bd57490f
bc4038b2
3d2a9da2
3d1915b6
be1d5132
be4f2dd0
be2a9e74
3cb900f8
ae430fd7
bf5cb64d
bd72a45a
bd575434
bc4042a3
3d2aa678
3d191da1
be1d5957
be4f3888
be2aa747
3cb9141a
ae432404
bf5ccd20
bd72bd73
bd576a79
bc405685
3d2ab81e
3d192d76
be1d699d
be4f4df7
be2ab8ed
3cb930cb
ae434244
bf5cef5b
bd72e314
bd578bdd
bc407456
3d2ad295
3d194535
be1d8204
be4f6e19
be2ad364
bf7fcb2a
bd0dd941
bd0de097
bd0def43
bd0e0543
3ff534bb
39cae26d
3a4d1db1
3a99c948
bff82a9e
baad1bb8
3f3a9122
3dba5a5d
3c8d1435
bce84101
bc9e81dc
bda8afbf
bd74a6f7
3af3de2b
3eb3231c
baad24ac
3f3a9ac9
3dba6403
3c8d1b81
bce84d06
bc9e8a0f
bda8b877
bd74b39f
3af3eaca
3eb32c5f
baad3694
3f3aae15
3dba774a
3c8d2a18
bce8650c
bc9e9a74
bda8c9ea
bd74cced
3af40404
3eb33ee6
baad516e
3f3acb06
3dba9432
3c8d3ffa
bce88913
bc9eb30b
bda8e415
bd74f2df
3af429d7
3eb35aaf
bd1ba72e
bd9d8ef1
bf7fbdf8
bf0f2d77
bf0f34df
bf0f43ae
bf0f59e5
bf0f7785
401165e1
39f0b8d6
3a709b2b
3ab4799d
3af0a962
c011b115
3ce0f92d
bf54fa66
40106157
3e82cabf
bedbcc24
3ec7ea76
3f8ed5c1
c00cfc3f
c0109d89
c0109b9e
3ce104d1
bf55056b
401068cf
3e82d183
bedbd784
3ec7f4ce
3f8edd24
c00d038a
c010a504
c010a319
3ce11c15
bf551b72
401077be
3e82df0a
bedbee3f
3ec8097c
3f8eebea
c00d121f
c010b3fa
c010b20e
3ce13efe
bf553c7d
40108e25
3e82f355
bedc105a
3ec82880
3f8f0214
c00d27ff
c010ca6a
c010c87e
3ce16d89
bf55688e
4010ac04
3e830e64
bedc3dd3
3ec851dd
3f8f1fa1
c00d452b
c010e856
c010e669
bf7fbdf8
bda18ae1
bda1933a
bda1a3f0
bda1bd01
bda1de6d
401165e1
39f0b8d6
3a709b2b
3ab4799d
3af0a962
c011b115
c0108169
bf9ec822
3f555b31
3e2c8dd6
40107001
401087d3
40108b49
40109d2e
40109758
3f9d8121
3f3dd41c
c01088e3
bf9ed05a
3f55663b
3e2c96c3
4010777a
40108f4d
401092c4
4010a4aa
40109ed3
3f9d8945
3f3dddee
c01097d5
bf9ee0c6
3f557c4c
3e2ca89d
4010866b
40109e41
4010a1b7
4010b39e
4010adc7
3f9d998f
3f3df191
c010ae41
bf9ef968
3f559d66
3e2cc363
40109cd3
4010b4ad
4010b824
4010ca0e
4010c437
3f9db200
3f3e0f04
c010cc27
bf9f1a42
3f55c98a
3e2ce716
4010bab6
4010d294
4010d60c
4010e7fa
4010e221
3f9dd296
3f3e364b
bf7fbdf8
bf0f2d77
bf0f34df
bf0f43ae
bf0f59e5
bf0f7785
401165e1
39f0b8d6
3a709b2b
3ab4799d
3af0a962
c011b115
3c33bc8c
be9fe1c7
bd4cab7a
3e21c2a6
bf186951
3ddd2e1e
3f99de28
bfe6797c
bff8b27a
c0067926
3c33c5d8
be9fea0d
bd4cb611
3e21cb05
bf187135
3ddd398f
3f99e61e
bfe68569
bff8bf58
c006801b
3c33d86f
be9ffa96
bd4ccb3d
3e21dbc0
bf1880f8
3ddd506f
3f99f608
bfe69d40
bff8d910
c0068e03
3c33f452
bea01364
bd4ceafe
3e21f4d9
bf18989e
3ddd72c1
3f9a0de8
bfe6c101
bff8ffa6
c006a2e1
3c341982
bea03478
bd4d1557
3e221650
bf18b826
3ddda083
3f9a2dbe
bfe6f0b1
bff9331b
c006beb3
bf7fbdf8
bd8d3cb5
bd8d4404
bd8d529f
bd8d6889
bd8d85c1
401165e1
39f0b8d6
3a709b2b
3ab4799d
3af0a962
c011b115
bdc9e23f
4010451b
c0101317
be848a08
3c12d2ef
3eb5a325
3e4bc015
bfdcedf3
bfdb56ad
bf9dcb90
bf4011e2
bdc9ecaf
40104c92
c0101a8c
be8490e3
3c12da89
3eb5ac8a
3e4bcaa0
bfdcf962
bfdb6206
bf9dd3bb
bf401bd1
bdca0190
40105b7e
c0102971
be849e98
3c12e9b8
3eb5bf53
3e4bdfb2
bfdd103a
bfdb78b4
bf9de40d
bf402faf
bdca20e3
401071e0
c0103fcc
be84b329
3c130080
3eb5db82
3e4bff50
bfdd3282
bfdb9abc
bf9dfc88
bf404d7b
bdca4aa9
40108fb9
c0105d9b
be84ce95
3c131ee0
3eb60116
3e4c2977
bfdd6038
bfdbc81e
bf9e1d2e
bf407539
bf7fbe03
be4d6af8
be4d7596
be4d8ad5
be4daab2
be4dd52d
3ff4f587
39caae22
3a4ce8d2
3a99a1a4
3accd5e5
bff81ddc
bce5dd4c
bf17d71b
ba525e1d
3bb95260
3c6e5fe1
3c43d5af
be5ccf55
3d841a70
be1368ef
be82f105
bce5e930
bf17defa
ba5268fd
3bb95bf5
3c6e6c35
3c43dfcf
be5cdac0
3d842145
be13708d
be82f7ce
bce600f7
bf17eeaf
ba527ec0
3bb96f21
3c6e84de
3c43f411
be5cf198
3d842eee
be137fcd
be83055a
bce6249f
bf18063c
ba529f62
3bb98be0
3c6ea9d7
3c441272
be5d13d8
3d84436c
be1396aa
be8319a9
bce65428
bf1825a3
ba52cae3
3bb9b233
3c6edb23
3c443af1
be5d4182
3d845ebe
be13b526
be8334be
bf7fbe03
bd2eb546
bd2ebe4f
bd2ed061
bd2eeb7b
bd2f0f9d
3ff4f587
39caae22
3a4ce8d2
3a99a1a4
3accd5e5
bff81ddc
3cb8c7bd
ae42d37a
bf5c7205
bd725942
bd571191
bc400726
3d2a71a8
3d18ee40
be1d28a6
be4ef86a
be2a727a
3cb8d149
ae42dd8f
bf5c7d68
bd7265cf
bd571cb3
bc401114
3d2a7a7c
3d18f62a
be1d30c9
be4f031f
be2a7b4a
3cb8e465
ae42f1b7
bf5c9437
bd727ee1
bd5732f2
bc4024f1
3d2a8c1c
3d1905fa
be1d4109
be4f1887
be2a8cec
3cb9010e
ae430ff0
bf5cb668
bd72a479
bd57544e
bc4042bb
3d2aa68d
3d191db3
be1d596a
be4f38a1
be2aa75c
3cb92745
ae43383a
bf5ce3ff
bd72d697
bd5780c8
bc406a71
3d2ac9cd
3d193d54
be1d79eb
be4f636f
be2aca9c
bf7fbe03
bd0db4b1
bd0dbc04
bd0dcaad
bd0de0a7
bd0dfdf6
3ff4f587
39caae22
3a4ce8d2
3a99a1a4
3accd5e5
bff81ddc
baacef1a
3f3a610b
3dba2a54
3c8cefd8
bce80523
bc9e5901
bda88444
bd7467e8
3af39f4f
3eb2f4ef
baacf80b
3f3a6ab0
3dba33f8
3c8cf722
bce81126
bc9e6132
bda88cfa
bd74748c
3af3abeb
3eb2fe2f
baad09ee
3f3a7df7
3dba473a
3c8d05b5
bce82925
bc9e7193
bda89e68
bd748dd3
3af3c51e
3eb310b2
baad24c2
3f3a9ae0
3dba641a
3c8d1b92
bce84d23
bc9e8a23
bda8b88c
bd74b3bc
3af3eae7
3eb32c75
baad4885
3f3ac16b
3dba8a9a
3c8d38b7
bce87d1e
bc9eaae2
bda8db66
bd74e648
3af41d4a
3eb35177
bd1c0aa4
bd9dfad2
bf7fb0d3
bf0f012f
bf0f0894
bf0f175f
bf0f2d90
bf0f4b26
bf0f7025
401138e9
39f06e63
3a7050c1
3ab441cb
3af05ef4
3b164919
c011a998
3ce0b399
bf54b888
401034af
3e82a24b
bedb882a
3ec7aca1
3f8ea994
c00cd0a5
c01070cf
c0106ee4
3ce0bf39
bf54c389
40103c25
3e82a90d
bedb9385
3ec7b6f7
3f8eb0f5
c00cd7ee
c0107848
c010765d
3ce0d676
bf54d989
40104b10
3e82b690
bedbaa3a
3ec7cb9e
3f8ebfb6
c00ce67e
c0108739
c010854e
3ce0f954
bf54fa8b
40106170
3e82cad4
bedbcc49
3ec7ea98
3f8ed5d9
c00cfc57
c0109da2
c0109bb7
3ce127d1
bf55268e
40107f45
3e82e5dc
bedbf9b5
3ec813e9
3f8ef35d
c00d1979
c010bb84
c010b999
3ce161f3
bf555d96
4010a494
3e8307a8
bedc3281
3ec84791
3f8f1846
c00d3de8
c010e0e3
c010def7
bf7fb0d3
bda158ea
bda16142
bda171f2
bda18afb
bda1ac5d
bda1d61b
401138e9
39f06e63
3a7050c1
3ab441cb
3af05ef4
3b164919
c011a998
c01054b8
bf9e9707
3f551935
3e2c5878
40104355
40105b20
40105e95
40107074
40106aa0
3f9d506b
3f3d9965
c0105c30
bf9e9f3c
3f55243b
3e2c6163
40104acc
40106297
4010660d
401077ee
40107219
3f9d588c
3f3da335
c0106b1c
bf9eafa3
3f553a45
3e2c7337
401059b7
40107187
401074fc
401086dd
40108108
3f9d68d1
3f3db6d2
c0108182
bf9ec83d
3f555b55
3e2c8df4
40107019
401087ec
40108b62
40109d47
40109770
3f9d813b
3f3dd43c
c0109f5f
bf9ee90d
3f55876c
3e2cb19c
40108df3
4010a5ca
4010a940
4010bb29
4010b552
3f9da1c6
3f3dfb77
c010c4b6
bf9f1215
3f55be8d
3e2cde33
4010b345
4010cb23
4010ce9a
4010e087
4010daaf
3f9dca79
3f3e2c84
bf7fb0d3
bf0f012f
bf0f0894
bf0f175f
bf0f2d90
bf0f4b26
bf0f7025
401138e9
39f06e63
3a7050c1
3ab441cb
3af05ef4
3b164919
c011a998
3c3384f6
be9fb054
bd4c6c2d
3e21909f
bf183a2d
3ddce9b6
3f99ae92
bfe63234
bff8658f
c0064f8f
3c338e3f
be9fb898
bd4c76c1
3e2198fb
bf18420f
3ddcf523
3f99b686
bfe63e1d
bff87269
c0065681
3c33a0d0
be9fc91b
bd4c8be6
3e21a9b0
bf1851cd
3ddd0bfc
3f99c66a
bfe655ec
bff88c19
c0066466
3c33bcaa
be9fe1e2
bd4cab9e
3e21c2c1
bf18696c
3ddd2e43
3f99de43
bfe679a3
bff8b2a4
c006793d
3c33e1cf
bea002ec
bd4cd5ea
3e21e42f
bf1888ea
3ddd5bf8
3f99fe0f
bfe6a943
bff8e608
c0069507
3c341041
bea02c3c
bd4d0acc
3e220dfc
bf18b04d
3ddd951f
3f9a25d1
bfe6e4d2
bff9264c
c006b7c6
bf7fb0d3
bd8d1106
bd8d1853
bd8d26ea
bd8d3ccc
bd8d59fc
bd8d7e7b
401138e9
39f06e63
3a7050c1
3ab441cb
3af05ef4
3b164919
c011a998
bdc9a3ce
4010187c
c00fe688
be84610a
3c12a585
3eb56af8
3e4b8111
bfdca99f
bfdb12d7
bf9d9ac2
bf3fd67a
bdc9ae3c
40101ff2
c00fedfa
be8467e3
3c12ad1e
3eb5745a
3e4b8b98
bfdcb50a
bfdb1e2d
bf9da2eb
bf3fe067
bdc9c316
40102ed8
c00ffcdb
be847594
3c12bc48
3eb5871d
3e4ba0a4
bfdccbdb
bfdb34d4
bf9db338
bf3ff43f
bdc9e25f
40104534
c010132f
be848a1e
3c12d309
3eb5a344
3e4bc039
bfdcee18
bfdb56d1
bf9dcbac
bf401202
bdca0c17
40106304
c01030f5
be84a582
3c12f160
3eb5c8cc
3e4bea52
bfdd1bc0
bfdb8425
bf9dec47
bf4039b3
bdca4043
4010884b
c0105630
be84c7c2
3c131751
3eb5f7bc
3e4c1ef9
bfdd54d7
bfdbbcd2
bf9e150d
bf406b54
bf7fb0e3
be4d2b7d
be4d3617
be4d4b50
be4d6b23
be4d9591
be4dca9d
3ff4a9d3
39ca6f80
3a4ca97f
3a997229
3acc9698
3affc606
bff81120
bce59643
bf17a82f
ba521d19
3bb9191a
3c6e1636
3c43992a
be5c8b18
3d83f19d
be133b61
be82c88e
bce5a224
bf17b00b
ba5227f7
3bb922ad
3c6e2287
3c43a346
be5c967f
3d83f86f
be1342fd
be82cf55
bce5b9e2
bf17bfbb
ba523db3
3bb935d3
3c6e3b27
3c43b783
be5cad50
3d840614
be135238
be82dcdc
bce5dd80
bf17d740
ba525e4b
3bb95289
3c6e6016
3c43d5d9
be5ccf85
3d841a8c
be13690d
be82f125
bce60cfa
bf17f69e
ba5289be
3bb978d0
3c6e9153
3c43fe4d
be5cfd22
3d8435d6
be138780
be830c31
bce64856
bf181dd4
ba52c011
3bb9a8ac
3c6ecee1
3c4430df
be5d3627
3d8457f2
be13ad91
be832e02
bf7fb0e3
bd2e7f49
bd2e884f
bd2e9a5b
bd2eb56d
bd2ed983
bd2f06a0
3ff4a9d3
39ca6f80
3a4ca97f
3a997229
3acc9698
3affc606
bff81120
3cb88ea2
ae429745
bf5c2de5
bd720e5e
bd56cf1a
bc3fcbce
3d2a3cfc
3d18befd
be1cf815
be4eb873
be2a3dcd
3cb8982b
ae42a157
bf5c3945
bd721ae6
bd56da39
bc3fd5b9
3d2a45cc
3d18c6e5
be1d0035
be4ec325
be2a469b
3cb8ab42
ae42b578
bf5c500c
bd7233f1
bd56f071
bc3fe990
3d2a5767
3d18d6af
be1d1070
be4ed887
be2a5837
3cb8c7e2
ae42d3a7
bf5c7232
bd72597d
bd5711c2
bc400751
3d2a71d0
3d18ee61
be1d28ca
be4ef897
be2a729f
3cb8ee0d
ae42fbe5
bf5c9fbc
bd728b8b
bd573e2e
bc402efa
3d2a9505
3d190df9
be1d4940
be4f2358
be2a95d4
3cb91dc5
ae432e35
bf5cd8a9
bd72ca20
bd5775b9
bc406091
3d2ac109
3d193576
be1d71d6
be4f58ca
be2ac1d8
bf7fb0e3
bd0d88e6
bd0d9037
bd0d9edb
bd0db4cf
bd0dd214
bd0df6ac
3ff4a9d3
39ca6f80
3a4ca97f
3a997229
3acc9698
3affc606
bff81120
baacb9a8
3f3a2772
3db9f0cc
3c8cc44a
bce7bd6f
bc9e2812
bda85030
bd741c60
3af35405
3eb2bda2
baacc296
3f3a3114
3db9fa6c
3c8ccb91
bce7c96e
bc9e3040
bda858e3
bd742900
3af3609d
3eb2c6de
baacd475
3f3a4455
3dba0da9
3c8cda21
bce7e166
bc9e409c
bda86a4c
bd744240
3af379c8
3eb2d95b
baacef41
3f3a6135
3dba2a81
3c8ceff6
bce80559
bc9e5924
bda88469
bd74681c
3af39f86
3eb2f516
baad12f8
3f3a87b5
3dba50f4
3c8d0d13
bce83545
bc9e79d9
bda8a737
bd749a99
3af3d1d8
3eb31a0c
baad3fa0
3f3ab7d6
3dba8107
3c8d3178
bce87130
bc9ea2be
bda8d2bb
bd74d9b6
3af410c2
3eb34843
bd1c0aa4
bd9dfad2
bf7fa3b8
bf0ecda3
bf0ed505
bf0ee3cb
bf0ef9f3
bf0f177f
bf0f3c71
bf0f68cb
40110490
39f017b8
3a6ffa21
3ab400d2
3af0084e
3b1612ed
3b342a85
c011a221
3ce06299
bf546bda
401000b4
3e827335
bedb3907
3ec764a7
3f8e7627
c00c9de3
c0103cbe
c0103ad4
3ce06e35
bf5476d8
40100827
3e8279f4
bedb445f
3ec76ef9
3f8e7d85
c00ca529
c0104434
c010424a
3ce0856b
bf548cd0
4010170d
3e828772
bedb5b0c
3ec78399
3f8e8c41
c00cb3b4
c0105320
c0105136
3ce0a83b
bf54adc5
40102d64
3e829baf
bedb7d0f
3ec7a288
3f8ea25c
c00cc985
c0106981
c0106796
3ce0d6a8
bf54d9b9
40104b2f
3e82b6ac
bedbaa6a
3ec7cbca
3f8ebfd6
c00ce69d
c0108758
c010856d
3ce110b5
bf5510ad
40107071
3e82d86c
bedbe322
3ec7ff60
3f8ee4b1
c00d0afe
c010acaa
c010aabe
3ce15666
bf5552a7
40109d2b
3e8300f1
bedc2739
3ec83d4e
3f8f10f1
c00d36ab
c010d976
c010d78a
bf7fa3b8
bda11ec1
bda12716
bda137bf
bda150c0
bda17217
bda19bc5
bda1cdd0
40110490
39f017b8
3a6ffa21
3ab400d2
3af0084e
3b1612ed
3b342a85
c011a221
c01020b1
bf9e5ddc
3f54cc64
3e2c1a58
40100f55
40102717
40102a8b
40103c63
40103691
3f9d17b6
3f3d550e
c0102826
bf9e660e
3f54d767
3e2c2340
401016c9
40102e8c
40103200
401043da
40103e07
3f9d1fd5
3f3d5ed9
c010370e
bf9e766f
3f54ed69
3e2c350e
401025af
40103d76
401040ea
401052c5
40104cf2
3f9d3013
3f3d7270
c0104d6b
bf9e8f01
3f550e6d
3e2c4fc1
40103c08
401053d2
40105747
40106926
40106352
3f9d4875
3f3d8fcf
c0106b3d
bf9eafc5
3f553a74
3e2c735c
401059d7
401071a6
4010751b
401086fd
40108129
3f9d68f4
3f3db6fb
c0109086
bf9ed8be
3f557181
3e2c9fe4
40107f1d
401096f1
40109a68
4010ac4e
4010a677
3f9d9199
3f3de7f8
c010bd4a
bf9f09ee
3f55b399
3e2cd557
4010abdb
4010c3b7
4010c72f
4010d91b
4010d342
3f9dc263
3f3e22c5
bf7fa3b8
bf0ecda3
bf0ed505
bf0ee3cb
bf0ef9f3
bf0f177f
bf0f3c71
bf0f68cb
40110490
39f017b8
3a6ffa21
3ab400d2
3af0084e
3b1612ed
3b342a85
c011a221
3c334440
be9f76c5
bd4c227d
3e215662
bf18034e
3ddc9a15
3f99772d
bfe5df3a
bff80c05
c0061f25
3c334d85
be9f7f04
bd4c2d0c
3e215ebb
bf180b2d
3ddca57d
3f997f1d
bfe5eb1f
bff818da
c0062615
3c336010
be9f8f83
bd4c422b
3e216f6a
bf181ae5
3ddcbc4f
3f998efc
bfe602e5
bff83281
c00633f4
3c337be0
be9fa840
bd4c61d7
3e218872
bf18327b
3ddcde89
3f99a6cd
bfe6268f
bff858fe
c00648c4
3c33a0f8
be9fc93e
bd4c8c14
3e21a9d3
bf1851ee
3ddd0c2d
3f99c68d
bfe6561e
bff88c50
c0066484
3c33cf58
be9ff280
bd4cc0e3
3e21d391
bf187943
3ddd453f
3f99ee41
bfe69198
bff8cc7c
c0068737
3c340706
bea02407
bd4d004a
3e2205ae
bf18a87a
3ddd89c4
3f9a1deb
bfe6d8fd
bff91987
c006b0df
bf7fa3b8
bd8cde2d
bd8ce577
bd8cf408
bd8d09e3
bd8d2709
bd8d4b7a
bd8d773b
40110490
39f017b8
3a6ffa21
3ab400d2
3af0084e
3b1612ed
3b342a85
c011a221
bdc95b1f
400fe48b
c00fb2a9
be843152
3c1270a9
3eb52993
3e4b37b6
bfdc5a14
bfdac3df
bf9d61f3
bf3f9153
bdc96589
400febfe
c00fba18
be843829
3c12783f
3eb532f2
3e4b4239
bfdc657b
bfdacf31
bf9d6a17
bf3f9b3c
bdc97a5b
400ffadf
c00fc8f4
be8445d5
3c128763
3eb545ad
3e4b573e
bfdc7c44
bfdae5d0
bf9d7a5f
bf3faf0e
bdc9999a
40101133
c00fdf40
be845a58
3c129e1d
3eb561cb
3e4b76c7
bfdc9e75
bfdb07c0
bf9d92ca
bf3fccc6
bdc9c343
40102ef8
c00ffcfc
be8475b1
3c12bc68
3eb58744
3e4ba0d2
bfdccc0b
bfdb3504
bf9db359
bf3ff468
bdc9f75b
40105432
c0102228
be8497e5
3c12e24b
3eb5b624
3e4bd564
bfdd050f
bfdb6d9d
bf9ddc11
bf4025f8
bdca35e5
401080e3
c0104eca
be84c0f4
3c130fc7
3eb5ee68
3e4c1483
bfdd497f
bfdbb18f
bf9e0cf4
bf406178
bf7fa3cb
be4ce196
be4cec2d
be4d015f
be4d2126
be4d4b85
be4d807e
be4dc013
3ff451b4
39ca2695
3a4c5fc8
3a993ae4
3acc4ce8
3aff69e6
3b194aea
bff8046c
bce54391
bf17718f
ba51d16c
3bb8d66f
3c6dc075
3c4352b7
be5c3ba8
3d83c217
be130659
be829973
bce54f6e
bf177969
ba51dc45
3bb8dffe
3c6dccc1
3c435ccf
be5c470b
3d83c8e6
be130df2
be82a037
bce56723
bf178913
ba51f1f9
3bb8f31d
3c6de559
3c437104
be5c5dd4
3d83d686
be131d28
be82adba
bce58ab4
bf17a08f
ba521285
3bb90fc9
3c6e0a3a
3c438f50
be5c7ffd
3d83eaf8
be1333f5
be82c1fb
bce5ba1e
bf17bfe1
ba523de9
3bb93602
3c6e3b66
3c43b7b5
be5cad8a
3d840637
be13525c
be82dcfe
bce5f564
bf17e70a
ba527429
3bb965cc
3c6e78dd
3c43ea35
be5ce67a
3d842847
be137860
be82fec2
bce63c8b
bf181609
ba52b546
3bb99f2a
3c6ec2a6
3c4426d3
be5d2ad3
3d84512b
be13a601
be83274a
bf7fa3cb
bd2e406e
bd2e4972
bd2e5b77
bd2e7680
bd2e9a89
bd2ec796
bd2efdaa
3ff451b4
39ca2695
3a4c5fc8
3a993ae4
3acc4ce8
3aff69e6
3b194aea
bff8046c
3cb84c28
ae42512e
bf5bde97
bd71b72f
bd5681bb
bc3f86b9
3d29ffaa
3d1887f9
be1cbf8b
be4e6dfe
be2a007c
3cb855af
ae425b3d
bf5be9f2
bd71c3b2
bd568cd6
bc3f90a0
3d2a0878
3d188fde
be1cc7a8
be4e78ac
be2a0946
3cb868be
ae426f56
bf5c00b2
bd71dcb4
bd56a306
bc3fa471
3d2a1a0d
3d189fa3
be1cd7de
be4e8e06
be2a1adc
3cb88554
ae428d7b
bf5c22cc
bd720232
bd56c44b
bc3fc226
3d2a346c
3d18b74c
be1cf02f
be4eae0b
be2a353a
3cb8ab72
ae42b5aa
bf5c5045
bd72342f
bd56f0a8
bc3fe9c2
3d2a5794
3d18d6d8
be1d1099
be4ed8bd
be2a5863
3cb8db17
ae42e7e8
bf5c891d
bd7272ae
bd57281e
bc401b47
3d2a8388
3d18fe48
be1d3921
be4f0e1c
be2a8457
3cb9144a
ae432436
bf5ccd59
bd72bdb2
bd576ab0
bc4056b7
3d2ab84a
3d192d9e
be1d69c6
be4f4e2c
be2ab919
bf7fa3cb
bd0d55ec
bd0d5d3a
bd0d6bd9
bd0d81c5
bd0d9eff
bd0dc38b
bd0def67
3ff451b4
39ca2695
3a4c5fc8
3a993ae4
3acc4ce8
3aff69e6
3b194aea
bff8046c
baac7b72
3f39e465
3db9add3
3c8c9196
bce769f7
bc9def1b
bda81390
bd73c473
3af2fc61
3eb27d41
baac845c
3f39ee04
3db9b770
3c8c98db
bce775f2
bc9df746
bda81c40
bd73d10f
3af308f4
3eb2867a
baac9635
3f3a013f
3db9caa5
3c8ca765
bce78de1
bc9e079c
bda82da3
bd73ea46
3af32216
3eb298f0
baacb0f7
3f3a1e13
3db9e773
3c8cbd32
bce7b1c7
bc9e201b
bda847b6
bd741014
3af347c7
3eb2b4a0
baacd4a2
3f3a4485
3dba0dd9
3c8cda45
bce7e1a2
bc9e40c4
bda86a78
bd74427f
3af37a07
3eb2d98a
baad0139
3f3a7495
3dba3dda
3c8cfe9d
bce81d77
bc9e699a
bda895ed
bd748186
3af3b8da
3eb307b0
baad36c1
3f3aae46
3dba777a
3c8d2a3d
bce86549
bc9e9a9e
bda8ca16
bd74cd2c
3af40443
3eb33f15
bd1c0aa4
bd9dfad0
bf7f96a7
bf0e92de
bf0e9a3e
bf0ea8fe
bf0ebf1d
bf0edc9c
bf0f017f
bf0f2dc7
bf0f6176
4010c8e2
39efb4eb
3a6f975f
3ab3b6be
3aefa586
3b15d52b
3b33e061
3b51f228
c0119aaf
3ce00643
bf54146f
400fc572
3e823d86
bedaded0
3ec7129a
3f8e3b87
c00c6405
c0100163
c00fff7a
3ce011da
bf541f68
400fcce2
3e824443
bedaea23
3ec71ce6
3f8e42e2
c00c6b48
c01008d6
c01006ed
3ce02906
bf543558
400fdbc0
3e8251bb
bedb00c7
3ec7317e
3f8e5198
c00c79cd
c01017bb
c01015d2
3ce04bc8
bf54563f
400ff20f
3e8265ef
bedb22bc
3ec75061
3f8e67a9
c00c8f95
c0102e13
c0102c29
3ce07a21
bf548220
40100fcd
3e8280e1
bedb5004
3ec77992
3f8e8517
c00caca1
c0104bde
c01049f4
3ce0b416
bf54b8ff
40103500
3e82a294
bedb88a4
3ec7ad13
3f8ea9e3
c00cd0f3
c0107120
c0106f35
3ce0f9ab
bf54fadd
401061a7
3e82cb07
bedbcc9f
3ec7eae7
3f8ed610
c00cfc8e
c0109dda
c0109bef
3ce14ae1
bf5547bf
401095c6
3e82fa3e
bedc1bf7
3ec83311
3f8f09a0
c00d2f73
c010d20e
c010d022
bf7f96a7
bda0dc73
bda0e4c4
bda0f567
bda10e5e
bda12fa6
bda15943
bda18b39
bda1c58a
4010c8e2
39efb4eb
3a6f975f
3ab3b6be
3aefa586
3b15d52b
3b33e061
3b51f228
c0119aaf
c00fe561
bf9e1cb0
3f5474d2
3e2bd385
400fd40c
400febc5
400fef37
40100108
400ffb38
3f9cd711
3f3d0724
c00fecd3
bf9e24e0
3f547fd0
3e2bdc69
400fdb7d
400ff336
400ff6a9
4010087c
401002ab
3f9cdf2c
3f3d10ec
c00ffbb4
bf9e3539
3f5495c9
3e2bee30
400fea5d
4010021a
4010058d
40101760
4010118f
3f9cef64
3f3d2479
c0101208
bf9e4dc1
3f54b6bf
3e2c08d7
401000ad
4010186d
40101be1
40102db8
401027e6
3f9d07bb
3f3d41cd
c0102fcf
bf9e6e77
3f54e2b5
3e2c2c65
40101e70
40103635
401039a8
40104b83
401045b1
3f9d282d
3f3d68e9
c0105508
bf9e975f
3f5519ab
3e2c58da
401043a6
40105b71
40105ee6
401070c5
40106af0
3f9d50c1
3f3d99d1
c01081ba
bf9ec87c
3f555ba7
3e2c8e38
40107052
40108824
40108b9a
40109d7f
401097a9
3f9d8177
3f3dd486
c010b5e4
bf9f01cd
3f55a8ac
3e2ccc81
4010a476
4010bc50
4010bfc8
4010d1b3
4010cbdb
3f9dba53
3f3e190d
bf7f96a7
bf0e92de
bf0e9a3e
bf0ea8fe
bf0ebf1d
bf0edc9c
bf0f017f
bf0f2dc7
bf0f6176
4010c8e2
39efb4eb
3a6f975f
3ab3b6be
3aefa586
3b15d52b
3b33e061
3b51f228
c0119aaf
3c32fa7a
be9f3525
bd4bce7b
3e2113fd
bf17c4c0
3ddc3f4c
3f993805
bfe580a1
bff7a5f1
c005e7f3
3c3303bb
be9f3d62
bd4bd907
3e211c53
bf17cc9b
3ddc4ab0
3f993ff1
bfe58c81
bff7b2c1
c005eee0
3c33163e
be9f4dd8
bd4bee1c
3e212cfa
bf17dc4d
3ddc6179
3f994fca
bfe5a43c
bff7cc5d
c005fcb9
3c333203
be9f668d
bd4c0dbb
3e2145f8
bf17f3da
3ddc83a4
3f996792
bfe5c7d9
bff7f2cb
c0061181
3c33570c
be9f877c
bd4c37e7
3e21674c
bf18133f
3ddcb136
3f998745
bfe5f754
bff82608
c0062d35
3c338559
be9fb0ad
bd4c6ca0
3e2190f9
bf183a84
3ddcea30
3f99aee8
bfe632b5
bff86619
c0064fda
3c33bcf0
be9fe220
bd4cabed
3e21c301
bf1869a7
3ddd2e9a
3f99de7f
bfe679fc
bff8b304
c0067971
3c33fdd2
bea01bd7
bd4cf5cf
3e21fd65
bf18a0ac
3ddd7e71
3f9a160a
bfe6cd2f
bff90ccb
c006a9fc
bf7f96a7
bd8ca434
bd8cab7c
bd8cba07
bd8ccfd9
bd8cecf2
bd8d1155
bd8d3d03
bd8d7000
4010c8e2
39efb4eb
3a6f975f
3ab3b6be
3aefa586
3b15d52b
3b33e061
3b51f228
c0119aaf
bdc90842
400fa954
c00f7786
be83faeb
3c123466
3eb4df05
3e4ae414
bfdbff66
bfda69d7
bf9d212f
bf3f427d
bdc912a8
400fb0c4
c00f7ef2
be8401c0
3c123bf8
3eb4e860
3e4aee93
bfdc0ac8
bfda7525
bf9d294f
bf3f4c62
bdc92772
400fbf9f
c00f8dc8
be840f66
3c124b16
3eb4fb14
3e4b0390
bfdc2187
bfda8bbb
bf9d3990
bf3f602c
bdc946a4
400fd5e9
c00fa40b
be8423e0
3c1261c6
3eb51727
3e4b230b
bfdc43ab
bfdaad9d
bf9d51f2
bf3f7dd8
bdc9703b
400ff3a2
c00fc1ba
be843f2f
3c128005
3eb53c91
3e4b4d05
bfdc712f
bfdadacf
bf9d7273
bf3fa56a
bdc9a43e
401018cd
c00fe6d8
be846154
3c12a5d9
3eb56b5d
3e4b8183
bfdcaa1b
bfdb1351
bf9d9b1a
bf3fd6e4
bdc9e2ae
4010456b
c0101367
be848a52
3c12d342
3eb5a38a
3e4bc087
bfdcee6e
bfdb5726
bf9dcbe9
bf40124c
bdca2b8f
40107980
c010476a
be84ba2a
3c130842
3eb5e51b
3e4c0a14
bfdd3e2f
bfdba654
bf9e04df
bf4057a2
bf7f96bf
be4c8d59
be4c97ec
be4cad15
be4ccccf
be4cf71c
be4d2bff
be4d6b7b
be4db593
3ff3ed40
39c9d377
3a4c0bc1
3a98fbe4
3acbf8e8
3aff00e3
3b190be3
3b32a0bf
bff7f7c3
bce4e54e
bf17334a
ba517b28
3bb88a6f
3c6d5eb4
3c430268
be5be11b
3d838beb
be12c9e5
be8263c0
bce4f125
bf173b21
ba5185fc
3bb893fb
3c6d6afb
3c430c7b
be5bec79
3d8392b7
be12d17b
be826a82
bce508d2
bf174ac5
ba519ba7
3bb8a712
3c6d8388
3c4320a9
be5c033a
3d83a051
be12e0ab
be8277ff
bce52c53
bf176238
ba51bc26
3bb8c3b2
3c6da85b
3c433ee8
be5c2554
3d83b4bb
be12f76f
be828c37
bce55baa
bf17817d
ba51e777
3bb8e9dc
3c6dd972
3c43673d
be5c52ce
3d83cfef
be1315ca
be82a730
bce596d8
bf17a895
ba521da1
3bb91992
3c6e16d0
3c4399a8
be5c8ba7
3d83f1f1
be133bbe
be82c8e6
bce5dde1
bf17d781
ba525ea4
3bb952d7
3c6e607b
3c43d62d
be5ccfe4
3d841ac5
be13694d
be82f15d
bce630ca
bf180e46
ba52aa85
3bb995b0
3c6eb676
3c441cd0
be5d1f89
3d844a6a
be139e78
be832098
bf7f96bf
bd2df8ca
bd2e01c9
bd2e13c8
bd2e2ec5
bd2e52bf
bd2e7fb9
bd2eb5b7
bd2ef4bb
3ff3ed40
39c9d377
3a4c0bc1
3a98fbe4
3acbf8e8
3aff00e3
3b190be3
3b32a0bf
bff7f7c3
3cb80062
ae420149
bf5b8430
bd7153cd
bd562988
bc3f37fa
3d29b9c4
3d184942
be1c7f19
be4e191e
be29ba96
3cb809e4
ae420b54
bf5b8f87
bd71604b
bd56349f
bc3f41dd
3d29c28f
3d185124
be1c8732
be4e23c8
be29c35d
3cb81cec
ae421f65
bf5ba63d
bd717943
bd564ac7
bc3f55a5
3d29d41d
3d1860e2
be1c9761
be4e3919
be29d4eb
3cb83976
ae423d7d
bf5bc849
bd719eb2
bd566bfe
bc3f734e
3d29ee71
3d187881
be1cafa7
be4e5910
be29ef3e
3cb85f84
ae42659c
bf5bf5b0
bd71d099
bd569848
bc3f9ada
3d2a118b
3d189801
be1cd005
be4e83b0
be2a1259
3cb88f16
ae4297c5
bf5c2e70
bd720efe
bd56cfa7
bc3fcc4a
3d2a3d6c
3d18bf60
be1cf87c
be4eb8fb
be2a3e3b
3cb8c831
ae42d3fa
bf5c7290
bd7259e3
bd57121e
bc4007a2
3d2a7219
3d18eea3
be1d290d
be4ef8f0
be2a72e7
3cb90ad7
ae431a40
bf5cc214
bd72b14d
bd575fb1
bc404ce6
3d2aaf93
3d1925cc
be1d61bd
be4f4397
be2ab062
bf7f96bf
bd0d1bcf
bd0d231b
bd0d31b4
bd0d4796
bd0d64c4
bd0d8942
bd0db50c
bd0de829
3ff3ed40
39c9d377
3a4c0bc1
3a98fbe4
3acbf8e8
3aff00e3
3b190be3
3b32a0bf
bff7f7c3
baac3487
3f3997f7
3db9617b
3c8c57ca
bce70ad1
bc9dae2c
bda7ce75
bd736039
3af29879
3eb233dd
baac3d6e
3f39a192
3db96b13
3c8c5f0c
bce716c7
bc9db653
bda7d722
bd736cd0
3af2a507
3eb23d13
baac4f3f
3f39b4c4
3db97e41
3c8c6d90
bce72ead
bc9dc6a3
bda7e87e
bd7385fc
3af2be1f
3eb24f81
baac69f6
3f39d18d
3db99b04
3c8c8355
bce75284
bc9ddf17
bda80286
bd73abbb
3af2e3c0
3eb26b27
baac8d92
3f39f7ef
3db9c159
3c8ca05b
bce7824c
bc9dffb3
bda82539
bd73de11
3af315eb
3eb29001
baacba17
3f3a27eb
3db9f147
3c8cc4a5
bce7be07
bc9e2878
bda8509c
bd741cfe
3af354a5
3eb2be14
baacef89
3f3a6185
3dba2acf
3c8cf033
bce805bc
bc9e5968
bda884b0
bd746885
3af39fef
3eb2f561
baad2dea
3f3aa4be
3dba6df6
3c8d2308
bce8596c
bc9e9285
bda8c178
bd74c0ad
3af3f7ce
3eb335ee
bd1eca8e
bd9c1e81
bf7f89a3
bf0e50f3
bf0e584f
bf0e6708
bf0e7d1d
bf0e9a8e
bf0ebf60
bf0eeb94
bf0f1f2c
bf0f5a29
401085f1
39ef4617
3a6f2898
3ab363a7
3aef36b9
3b158fe4
3b338d37
3b519117
3b6fa00c
c0119345
3cdf9eaf
bf53b261
400f82f9
3e82014e
beda799e
3ec6b68f
3f8df9c4
c00c231c
c00fbece
c00fbce6
3cdfaa40
bf53bd54
400f8a65
3e820808
beda84ec
3ec6c0d7
3f8e011b
c00c2a5b
c00fc63e
c00fc455
3cdfc161
bf53d33a
400f993d
3e82157a
beda9b85
3ec6d565
3f8e0fcb
c00c38da
c00fd51c
c00fd333
3cdfe414
bf53f412
400faf81
3e8229a4
bedabd6b
3ec6f439
3f8e25d2
c00c4e98
c00feb6a
c00fe981
3ce01258
bf541fdf
400fcd32
3e82448b
bedaea9d
3ec71d58
3f8e4332
c00c6b96
c0100927
c010073e
3ce04c32
bf5456a5
400ff254
3e82662e
bedb2324
3ec750c1
3f8e67ed
c00c8fd8
c0102e58
c0102c6e
3ce091a6
bf549865
40101ee6
3e828e8e
bedb66ff
3ec78e78
3f8e9406
c00cbb5e
c0105afd
c0105912
3ce0e2b8
bf54e523
401052ed
3e82bdaf
bedbb633
3ec7d681
3f8ec77e
c00cee2b
c0108f19
c0108d2e
3ce13f69
bf553ce3
40108e69
3e82f393
bedc10c2
3ec828e0
3f8f0258
c00d2842
c010caaf
c010c8c3
bf7f89a3
bda09213
bda09a61
bda0aafc
bda0c3e6
bda0e51f
bda10ea9
bda14088
bda17abe
bda1bd4d
401085f1
39ef4617
3a6f2898
3ab363a7
3aef36b9
3b158fe4
3b338d37
3b519117
3b6fa00c
c0119345
c00fa2d9
bf9dd396
3f541296
3e2b8413
400f918c
400fa93a
400facaa
400fbe73
400fb8a6
3f9c8e8d
3f3cafbe
c00faa48
bf9ddbc1
3f541d90
3e2b8cf4
400f98fa
400fb0a8
400fb41a
400fc5e4
400fc016
3f9c96a4
3f3cb981
c00fb922
bf9dec12
3f54337e
3e2b9eb2
400fa7d3
400fbf85
400fc2f6
400fd4c1
400fcef3
3f9ca6d4
3f3ccd05
c00fcf6c
bf9e048f
3f545465
3e2bb94d
400fbe19
400fd5ce
400fd940
400feb0f
400fe540
3f9cbf20
3f3cea4c
c00fed25
bf9e2538
3f548048
3e2bdcca
400fdbce
400ff387
400ff6f9
401008cc
401002fd
3f9cdf84
3f3d1157
c010124d
bf9e4e0d
3f54b724
3e2c092b
401000f2
401018b2
40101c25
40102dfd
4010282b
3f9d0805
3f3d4227
c0103eea
bf9e7f12
3f54f902
3e2c3e70
40102d8a
40104551
401048c5
40105aa1
401054ce
3f9d38a4
3f3d7cc2
c01072fc
bf9eb848
3f5545e3
3e2c7c9d
40106195
40107965
40107cdb
40108ebd
401088e9
3f9d7166
3f3dc129
c010ae86
bf9ef9b4
3f559dcb
3e2cc3b5
40109d18
4010b4f2
4010b869
4010ca53
4010c47b
3f9db24b
3f3e0f5f
bf7f89a3
bf0e50f3
bf0e584f
bf0e6708
bf0e7d1d
bf0e9a8e
bf0ebf60
bf0eeb94
bf0f1f2c
bf0f5a29
401085f1
39ef4617
3a6f2898
3ab363a7
3aef36b9
3b158fe4
3b338d37
3b519117
3b6fa00c
c0119345
3c32a7ba
be9eeb89
bd4b7040
3e20c983
bf177e95
3ddbd977
3f98f12e
bfe51685
bff73371
c005aa0a
3c32b0f7
be9ef3c2
bd4b7ac7
3e20d1d5
bf17866c
3ddbe4d7
3f98f916
bfe5225f
bff7403b
c005b0f4
3c32c372
be9f0431
bd4b8fd3
3e20e275
bf179616
3ddbfb93
3f9908e8
bfe53a10
bff759cb
c005bec7
3c32df29
be9f1cda
bd4baf62
3e20fb67
bf17ad99
3ddc1db0
3f9920a4
bfe55d9b
bff78027
c005d385
3c330421
be9f3dba
bd4bd97b
3e211cac
bf17ccef
3ddc4b2c
3f99404a
bfe58d01
bff7b34c
c005ef2c
3c333258
be9f66d8
bd4c0e1c
3e214646
bf17f422
3ddc840c
3f9967d9
bfe5c846
bff7f340
c00611c1
3c3369d5
be9f9834
bd4c4d4c
3e217836
bf18232f
3ddcc856
3f99975a
bfe60f6c
bff84008
c0063b44
3c33aa9a
be9fd1d0
bd4c970c
3e21b280
bf185a1a
3ddd1808
3f99cecc
bfe66279
bff899a5
c0066bb9
3c33f4a8
bea013b0
bd4ceb5f
3e21f525
bf1898e6
3ddd732a
3f9a0e31
bfe6c16f
bff9001d
c006a321
bf7f89a3
bd8c632e
bd8c6a72
bd8c78f6
bd8c8ebe
bd8cabca
bd8cd01c
bd8cfbb6
bd8d2e9b
bd8d68cc
401085f1
39ef4617
3a6f2898
3ab363a7
3aef36b9
3b158fe4
3b338d37
3b519117
3b6fa00c
c0119345
bdc8ab4f
400f66e8
c00f3531
be83bde6
3c11f0cd
3eb48b65
3e4a8645
bfdb99af
bfda04dc
bf9cd888
bf3eea0f
bdc8b5b1
400f6e54
c00f3c9a
be83c4b7
3c11f85b
3eb494bb
3e4a90bf
bfdba50c
bfda1025
bf9ce0a5
bf3ef3f0
bdc8ca71
400f7d28
c00f4b69
be83d257
3c120773
3eb4a766
3e4aa5b3
bfdbbbc1
bfda26af
bf9cf0df
bf3f07b1
bdc8e994
400f9369
c00f61a2
be83e6c8
3c121e18
3eb4c36c
3e4ac51f
bfdbddd4
bfda4882
bf9d0935
bf3f254f
bdc91319
400fb114
c00f7f43
be84020a
3c123c4a
3eb4e8c6
3e4aef06
bfdc0b43
bfda759f
bf9d29a8
bf3f4ccf
bdc94703
400fd62d
c00fa44f
be84241f
3c12620c
3eb5177c
3e4b236b
bfdc4414
bfdaae06
bf9d523c
bf3f7e32
bdc98556
401002b7
c00fd0ca
be844d0a
3c128f5f
3eb54f8e
3e4b6253
bfdc8848
bfdaf1bd
bf9d82f3
bf3fb97e
bdc9ce16
401036b3
c01004b4
be847ccc
3c12c447
3eb59102
3e4babbe
bfdcd7e5
bfdb40c6
bf9dbbd0
bf3ffeb4
bdca2144
40107225
c0104011
be84b368
3c1300c6
3eb5dbd8
3e4bffb0
bfdd32eb
bfdb9b25
bf9dfcd3
bf404dd7
bf8127b1
be4c2eda
be4c3968
be4c4e87
be4c6e33
be4c986c
be4ccd37
be4d0c95
be4d568b
be4dab1a
3ff37c90
39c9763b
3a4bad7e
3a98b537
3acb9aae
3afe8b15
3b18c52f
3b324e3b
3b4bdcc7
bff54204
bce47b90
bf16ed71
ba511a62
3bb8352f
3c6cf10c
3c42a852
be5b7b87
3d834f26
be128615
be822783
bce48761
bf16f544
ba512530
3bb83eb6
3c6cfd4d
3c42b260
be5b86e0
3d8355ef
be128da8
be822e43
bce49f03
bf1704e1
ba513ad2
3bb851c4
3c6d15cf
3c42c685
be5b9d97
3d836382
be129cd1
be823bba
bce4c274
bf171c49
ba515b42
3bb86e58
3c6d3a91
3c42e4b6
be5bbfa1
3d8377e2
be12b38a
be824fe8
bce4f1b5
bf173b7f
ba51867f
3bb89470
3c6d6b91
3c430cf8
be5bed06
3d83930b
be12d1d7
be826ad5
bce52cc8
bf176285
ba51bc90
3bb8c40f
3c6da8d2
3c433f4b
be5c25c5
3d83b4fc
be12f7ba
be828c7b
bce573b0
bf17915c
ba51fd76
3bb8fd3a
3c6df25c
3c437bb5
be5c69e2
3d83ddbd
be132533
be82b4df
bce5c674
bf17c807
ba524933
3bb93ff5
3c6e4830
3c43c237
be5cb962
3d840d4d
be135a46
be82e404
bce62513
bf180689
ba529fcc
3bb98c3e
3c6eaa50
3c4412d5
be5d1448
3d8443af
be1396f4
be8319eb
bf8127b1
bd2da86b
bd2db166
bd2dc35d
bd2dde4e
bd2e0236
bd2e2f1b
bd2e6501
bd2ea3e9
bd2eebd4
3ff37c90
39c9763b
3a4bad7e
3a98b537
3acb9aae
3afe8b15
3b18c52f
3b324e3b
3b4bdcc7
bff54204
3cb7ab62
ae41a7aa
bf5b1ec8
bd70e451
bd55c698
bc3edfa4
3d296b5c
3d1802e8
be1c36ce
be4db9e9
be296c2d
3cb7b4df
ae41b1b0
bf5b2a19
bd70f0c9
bd55d1ab
bc3ee982
3d297422
3d180ac6
be1c3ee2
be4dc48d
be2974f0
3cb7c7df
ae41c5b8
bf5b40c4
bd7109b6
bd55e7c7
bc3efd41
3d2985a9
3d181a7d
be1c4f0a
be4dd9d4
be298677
3cb7e45b
ae41e3c1
bf5b62c2
bd712f13
bd5608f0
bc3f1adc
3d299ff0
3d183212
be1c6745
be4df9bd
be29a0bd
3cb80a57
ae420bce
bf5b9012
bd7160e3
bd563525
bc3f4257
3d29c2fa
3d185183
be1c8794
be4e2449
be29c3c7
3cb839d3
ae423de0
bf5bc8b9
bd719f2c
bd566c6b
bc3f73b0
3d29eec7
3d1878d0
be1caff8
be4e597b
be29ef96
3cb872d4
ae4279f9
bf5c0cb9
bd71e9ee
bd56aec4
bc3faeec
3d2a235c
3d18a7fc
be1ce072
be4e9953
be2a2429
3cb8b55c
ae42c01f
bf5c5c19
bd724130
bd56fc33
bc3ff410
3d2a60ba
3d18df0c
be1d1908
be4ee3d7
be2a6188
3cb9016c
ae431052
bf5cb6d8
bd72a4f3
bd5754bb
bc40431c
3d2aa6e3
3d191e01
be1d59ba
be4f390a
be2aa7b2
bf8127b1
bd0cdaa0
bd0ce1e8
bd0cf079
bd0d0652
bd0d2373
bd0d47df
bd0d7395
bd0da69a
bd0de0f0
3ff37c90
39c9763b
3a4bad7e
3a98b537
3acb9aae
3afe8b15
3b18c52f
3b324e3b
3b4bdcc7
bff54204
baabe4fa
3f39423b
3db90bd7
3c8c16f4
bce6a015
bc9d6554
bda780f0
bd72efcb
3af22868
3eb1e18b
baabeddd
3f394bd1
3db9156b
3c8c1e34
bce6ac06
bc9d6d77
bda78999
bd72fc5c
3af234ef
3eb1eabc
baabffa5
3f395efb
3db92891
3c8c2cb1
bce6c3e1
bc9d7dc0
bda79aed
bd73157c
3af24dfc
3eb1fd21
baac1a50
3f397bb5
3db94545
3c8c426b
bce6e7a7
bc9d9629
bda7b4e8
bd733b2a
3af2738b
3eb218ba
baac3ddc
3f39a206
3db96b89
3c8c5f64
bce71758
bc9db6b5
bda7d78c
bd736d69
3af2a5a0
3eb23d84
baac6a4c
3f39d1ec
3db99b61
3c8c839e
bce752f9
bc9ddf68
bda802db
bd73ac38
3af2e43c
3eb26b81
baac9fa5
3f3a0b6b
3db9d4ce
3c8caf17
bce79a8c
bc9e1041
bda836d6
bd73f79d
3af32f63
3eb2a2b6
baacdde9
3f3a4e86
3dba17d6
3c8ce1d5
bce7ee15
bc9e4944
bda87383
bd744f9c
3af3871a
3eb2e324
baad2519
3f3a9b3e
3dba6478
3c8d1bd9
bce84d98
bc9e8a73
bda8b8e2
bd74b438
3af3eb63
3eb32ccf
bd1a44ef
bd9c1e81
c38a6ad2
c38a71fa
c38a804c
c38a95c6
c38ab26a
c38ad63a
c38b0137
c38b3365
c38b6cc5
c38bad59
448c9056
3e68b7f5
3ee89b45
3f2e7984
3f68a902
3f9176f3
3faea1f0
3fcbd34e
3fe90f73
40032a0f
41597e56
c3cde5a7
448b9477
42fce30b
c3547d5b
434144e5
440a1607
c4884c44
c48bcea7
c48bcccd
41598996
c3cdf04f
448b9bae
42fcf020
c3548859
43414ee5
440a1d2a
c4885350
c48bd5e3
c48bd408
4159a015
c3ce059b
448baa1e
42fd0a46
c3549e54
434162e3
440a2b73
c4886169
c48be459
c48be27e
4159c1d4
c3ce258c
448bbfc6
42fd3181
c354bf4c
434180de
440a40e0
c488768f
c48bfa0b
c48bf82e
4159eed4
c3ce5025
448bdca7
42fd65d5
c354eb41
4341a8dd
440a5d72
c48892c2
c48c16f7
c48c151b
415a2718
c3ce856b
448c00c4
42fda744
c355223c
4341dade
440a812c
c488b605
c48c3b23
c48c3947
415a6aa5
c3cec55f
448c2c1d
42fdf5ce
c355643b
434216e4
440aac0f
c488e05a
c48c668f
c48c64b2
415ab97e
c3cf1002
448c5eb7
42fe517b
c355b144
43425cf3
440ade1e
c48911c3
c48c993e
c48c9760
415b13a6
c3cf655b
448c9893
42feba4e
c3560957
4342ad11
440b175b
c4894a43
c48cd331
c48cd153
415b791f
c3cfc56b
448cd9b2
42ff304b
c3566c7b
4343073d
440b57c8
c48989da
c48d146c
c48d128d
c21c2bec
c21c3400
c21c4426
c21c5c62
c21c7cb1
c21ca517
c21cd599
c21d0e37
c21d4ef3
c21d97d1
448c9056
3e68b7f5
3ee89b45
3f2e7984
3f68a902
3f9176f3
3faea1f0
3fcbd34e
3fe90f73
40032a0f
c48bb377
c41980ad
43ce433a
42a6d128
448ba2a3
448bb9ab
448bbd03
448bce4f
448bc8ab
4418448c
43b78467
c48bbab2
c419889f
43ce4de6
42a6d9ca
448ba9dd
448bc0e4
448bc43e
448bd58c
448bcfe7
44184c6a
43b78de5
c48bc924
c419987f
43ce633c
42a6eb0c
448bb84e
448bcf59
448bd2b2
448be401
448bde5b
44185c29
43b7a0e0
c48bded1
c419b050
43ce833b
42a704ed
448bcdf7
448be506
448be860
448bf9b2
448bf40c
441873cb
43b7bd5a
c48bfbb9
c419d012
43ceadea
42a72771
448beadc
448c01ef
448c0549
448c169f
448c10f8
4418934c
43b7e352
c48c1fdd
c419f7ca
43cee346
42a7529b
448c0efc
448c2615
448c2970
448c3aca
448c3521
4418bab0
43b812cc
c48c4b41
c41a2777
43cf2355
42a7866a
448c3a5b
448c517c
448c54d8
448c6636
448c608c
4418e9f9
43b84bcb
c48c7de6
c41a5f1b
43cf6e1c
42a7c2e3
448c6cf9
448c8422
448c877f
448c98e5
448c9339
4419212e
43b88e54
c48cb7ce
c41a9ebd
43cfc39b
42a80808
448ca6db
448cbe0d
448cc16c
448cd2d8
448ccd2a
4419604c
43b8da65
c48cf8fc
c41ae65b
43d023d7
42a855dd
448ce801
448cff3e
448d029e
448d1413
448d0e62
4419a757
43b93004
c38a6ad2
c38a71fa
c38a804c
c38a95c6
c38ab26a
c38ad63a
c38b0137
c38b3365
c38b6cc5
c38bad59
448c9056
3e68b7f5
3ee89b45
3f2e7984
3f68a902
3f9176f3
3faea1f0
3fcbd34e
3fe90f73
40032a0f
40adc2bd
c31a90f5
c1c5dd71
429c61d6
c3935814
4255d390
4414c087
c45ecfd3
c4706db6
c4820098
40adcbb9
c31a98f4
c1c5e7af
429c69ee
c3935fb5
4255dea0
4414c838
c45edb59
c4707a26
c4820751
40adddb2
c31aa8f1
c1c5fc28
429c7a19
c3936ef2
4255f4bd
4414d79a
c45ef265
c4709303
c48214c2
40adf8a7
c31ac0ed
c1c61ada
429c925d
c39385cf
425615ea
4414eeb1
c45f14f6
c470b852
c48228f0
40ae1c9b
c31ae0e6
c1c643cc
429cb2b9
c393a44a
42564228
44150d78
c45f4310
c470ea11
c48243d5
40ae498f
c31b08e4
c1c676fa
429cdb2f
c393ca6a
42567979
441533f3
c45f7cb5
c4712844
c4826577
40ae7f87
c31b38e4
c1c6b470
429d0bc0
c393f82d
4256bbe3
44156226
c45fc1e8
c47172f1
c4828dd7
40aebe86
c31b70ed
c1c6fc2b
429d4472
c3942d97
42570967
44159813
c46012ae
c471ca19
c482bcf8
40af068b
c31bb0ff
c1c74e2e
429d8544
c3946aab
42576209
4415d5bc
c4606f0a
c4722dc3
c482f2db
40af579e
c31bf91d
c1c7aa7f
429dce3a
c394af69
4257c5cd
44161b23
c460d6ff
c4729df0
c4832f83
c2088a94
c20891a5
c2089fc3
c208b4f3
c208d134
c208f486
c2091eef
c209506e
c2098907
c209c8bc
448c9056
3e68b7f5
3ee89b45
3f2e7984
3f68a902
3f9176f3
3faea1f0
3fcbd34e
3fe90f73
40032a0f
c2432bed
448b7929
c48b48d0
c30021ef
408df140
432f9927
42c4f9e1
c4559586
c4540bcb
c4188c81
c3b9af17
c2433605
448b8062
c48b5005
c3002891
408df89a
432fa23c
42c50410
c455a095
c45416c5
c4189464
c3b9b8b3
c2434a35
448b8ece
c48b5e6c
c30035d1
408e0748
432fb465
42c51871
c455b6aa
c4542cb1
c418a42d
c3b9cbe9
c243687d
448ba472
c48b7409
c30049b2
408e1d4e
432fcfa6
42c53701
c455d7ce
c4544d97
c418bbd8
c3b9e8b8
c24390de
448bc14d
c48b90da
c3006435
408e3aad
432ff3f9
42c55fc2
c45603fe
c4547977
c418db67
c3ba0f23
c243c35d
448be563
c48bb4e2
c300855b
408e5f65
43302168
42c592b8
c4563b41
c454b053
c41902de
c3ba3f2c
c243fffb
448c10b5
c48be025
c300ad27
408e8b7b
433057f1
42c5cfe6
c4567d96
c454f230
c4193240
c3ba78d8
c24446bc
448c4344
c48c12a3
c300db9a
408ebef0
4330979a
42c6174e
c456cb05
c4553f0e
c419698e
c3babc28
c24497a3
448c7d14
c48c4c60
c30110b7
408ef9c6
4330e063
42c668f4
c457238d
c45596f3
c419a8ca
c3bb0920
c244f2b2
448cbe27
c48c8d5c
c3014c80
408f3c00
43313251
42c6c4db
c4578734
c455f9e2
c419eff6
c3bb5fc2
c2c4946a
c2c49e94
c2c4b2e9
c2c4d167
c2c4fa0e
c2c52ce1
c2c569e3
c2c5b118
c2c60282
c2c65e2a
446a6b74
3e41f5bc
3ec417df
3f13057b
3f4405c2
3f751092
3f9314db
3fabaa7a
3fc44566
3fda992f
c15bf97b
c3914ead
bec9510b
4031592a
40e41e54
40bb68b0
c2d34f3e
41fcd6ce
c28d114c
c2fa9d8d
c15c04dc
c3915636
bec95b73
40316257
40e42a20
40bb725e
c2d35a2b
41fce3dd
c28d1897
c2faaa8c
c15c1b9c
c391653e
bec97045
403174b0
40e441b9
40bb85c3
c2d37009
41fcfe03
c28d272f
c2fac478
c15c3dbb
c3917bc6
bec98f81
40319033
40e4651b
40bba2d4
c2d390cf
41fd253d
c28d3d10
c2faeb54
c15c6b3a
c39199d4
bec9b922
4031b4e0
40e49448
40bbc997
c2d3bc83
41fd5989
c28d5a3c
c2fb1f2d
c15ca41a
c391bf66
bec9ed2f
4031e2b9
40e4cf42
40bbfa0a
c2d3f325
41fd9ae5
c28d7eb6
c2fb5ff7
c15ce85e
c391ec7d
beca2baa
403219c3
40e5160f
40bc3434
c2d434b9
41fde95e
c28daa7e
c2fbadbd
c15d380d
c3922120
beca7495
40325a01
40e568b0
40bc7816
c2d48144
41fe44f4
c28ddd96
c2fc0886
c15d9325
c3925d4e
becac7f5
4032a373
40e5c729
40bcc5b3
c2d4d8c6
41feadaa
c28e1802
c2fc704f
c15df9b5
c392a10a
becb25d1
4032f623
40e63184
40bd1d13
c2d53b4a
41ff238d
c28e59c9
c2fce524
c1a730f9
c1a7399e
c1a74ae9
c1a764da
c1a7876b
c1a7b2a5
c1a7e688
c1a82319
c1a86856
c1a8b64a
446a6b74
3e41f5bc
3ec417df
3f13057b
3f4405c2
3f751092
3f9314db
3fabaa7a
3fc44566
3fda992f
4130d47f
b2ba7196
c3d2f5f3
c1e7ebf0
c1cdd0b6
c0b7c415
41a31c51
419259cf
c29665a5
c2c610c3
c2a31d1b
4130dda2
b2ba7b3d
c3d300d9
c1e7f7f2
c1cddb5f
c0b7cd94
41a324c4
41926163
c2966d6d
c2c61b01
c2a3258a
4130efed
b2ba8e86
c3d316ab
c1e80ff1
c1cdf0a9
c0b7e097
41a335a3
41927084
c2967cfa
c2c62f7e
c2a33669
41310b5a
b2baab71
c3d33765
c1e833ea
c1ce1095
c0b7fd18
41a34ef0
41928738
c296944e
c2c64e36
c2a34fb5
41312feb
b2bad200
c3d36305
c1e863df
c1ce3b25
c0b8231a
41a370ac
4192a57d
c296b369
c2c6772d
c2a37172
41315da2
b2bb0235
c3d3998f
c1e89fd6
c1ce705c
c0b8529d
41a39ad7
4192cb54
c296da4c
c2c6aa63
c2a39b9e
41319484
b2bb3c10
c3d3db08
c1e8e7cf
c1ceb03c
c0b88ba3
41a3cd77
4192f8be
c29708f8
c2c6e7dc
c2a3ce3d
4131d492
b2bb7f9a
c3d42773
c1e93bd1
c1cefac9
c0b8ce34
41a4088c
41932dc1
c2973f72
c2c72f9a
c2a40952
41321dcd
b2bbccd1
c3d47ed0
c1e99bde
c1cf5005
c0b91a50
41a44c18
41936a5e
c2977dbc
c2c781a0
c2a44ce0
41327042
b2bc23bc
c3d4e12e
c1ea07fc
c1cfaff9
c0b96ffd
41a49823
4193ae9a
c297c3da
c2c7ddf9
c2a498ee
c1879be4
c187a2e6
c187b0ed
c187c5f5
c187e201
c1880512
c1882f27
c1886046
c188986f
c188d7aa
446a6b74
3e41f5bc
3ec417df
3f13057b
3f4405c2
3f751092
3f9314db
3fabaa7a
3fc44566
3fda992f
bf257e56
43b25c31
423227d4
4106df81
c15e0994
c11788e7
c2214428
c1e9e3ec
3f6923f5
432b41d6
bf2586e4
43b2656c
4232310d
4106e67d
c15e1512
c11790bd
c2214c7f
c1e9f006
3f693006
432b4ab0
bf259804
43b277df
4232437c
4106f46f
c15e2c09
c117a06b
c2215d2d
c1ea0836
3f694824
432b5c66
bf25b1b0
43b29387
42325f1e
4107095a
c15e4e7b
c117b7eb
c2217631
c1ea2c7d
3f696c4d
432b76f8
bf25d3e9
43b2b86c
423283f6
4107253f
c15e7c65
c117d741
c221978a
c1ea5cdd
3f699c84
432b9a62
bf25feb2
43b2e689
4232b206
4107481f
c15eb5cd
c117fe6f
c221c13c
c1ea9955
3f69d8cb
432bc6a9
bf26320e
43b31de3
4232e950
410771fa
c15efab7
c1182d77
c221f348
c1eae1eb
3f6a2127
432bfbd0
bf266e01
43b35e7f
423329d9
4107a2d5
c15f4b23
c118645a
c2222db2
c1eb36a3
3f6a7599
432c39d7
bf26b28b
43b3a85c
423373a0
4107dab0
c15fa718
c118a31d
c222707c
c1eb9781
3f6ad626
432c80c4
bf26ffb4
43b3fb84
4233c6af
41081991
c1600e9d
c118e9c4
c222bbad
c1ec048d
3f6b42d7
432cd09f
bd1a44ef
bd9c1e81
3b0615a5
be17e9f6
3b0e6ac1
b7d5e559
b9870d1e
3d69d6a4
bf5917a7
bf7fffff
bb0615a5
3e17e9f6
bb0e6ac1
37d5e559
39870d1e
bd69d6a4
3ebb46a1
3f80220d
3b0628a9
be181261
3b0e92be
b7d60a01
b98739cc
3d6a14dc
bf5917a7
3f8018df
3b062fb4
be18077c
3b0e866e
b7d61707
b9872d86
3d6a0ebe
bf596f13
b91a72b3
39be1217
bae18b42
3d01f10f
3b78ccfb
bb93b39b
3bb65a22
3c5ff16b
bcff6b5f
bd02cbf3
bce2e601
432cfb08
3f956815
3a22e345
beb0d3df
413987a8
c32c4314
b7768ffc
bf7ffb4c
c32cfb08
bf956815
ba22e345
3eb0d3df
c13987a8
42949a4d
37768ffc
3f800fcb
432d290f
3f959208
3a238f31
beb10e60
4139b908
c32c4314
80000000
3f801684
432d1ca5
3f95851f
3a2314b5
beb0fe4d
4139b42e
c32c8872
be695c16
3e5646c6
3f61f86b
3dcd3cad
3f22235c
bf9c4cff
3eedb7da
40427345
c0a1b456
c0aef3f1
c0a2e3a1
b9e27eb5
b86550f4
3a6c7d18
3d89493d
bf7ee3a6
3381badc
b49e3e47
bf800000
39e27eb5
386550f4
ba6c7d18
bd89493d
3edbe1ad
b468db9a
349e6e47
3f80220f
b9e2be20
b8658212
3a6ccb55
3d896dc6
bf7ee3a6
b427fe2c
349e6e47
3f8018e1
b9e2aab8
b8658701
3a6cb5d5
3d896a2d
bf7f4a49
391d98a7
b90a3179
3bc16a94
3a2cdaab
3b1bd136
bc0d3e92
3aa14d96
3c911925
bcef23d7
bd008d43
bcf01674
bbd1233e
bf3dff5e
b60b469e
3ca87916
38e6a27e
ba0caab7
38b9b37d
bf7fe3b6
3bd1233e
3f3dff5e
360b469e
bc11b6b7
b99f7e8b
3a0cad48
b7b9b37d
3f8015c5
bbd15adf
bf3e3e36
b6e8205c
3ca87916
b94babd7
3a0cdbb5
38d0e9ed
3f800ab4
bbd15565
bf3e2cf6
b739b37d
3ca84aa9
bc790801
3e9c0952
bdfb125a
bca8ae5c
3c03136a
3d28be45
3c8d2f9a
be68611a
be4701da
be04e9ec
bd9b4ae9
3a14ced6
31a6407a
bf78d38a
3380127e
b509fd03
332062ca
34437623
bf7ffe21
ba14ced6
b1a6407a
3ed6a6bd
b48064a5
350a1d4f
343a4cd3
b4429945
3f80211f
3a150013
b1487b7d
bf78d38a
b3bd2d17
350a3a8f
340f4549
b443f0d6
3f801dc6
3a14f289
b2325ae5
bf7937bc
ba977ca7
b40cb04b
bca92a61
b817d51f
3959f90b
3a11d07e
39f9ed27
bc1bc4f1
3b37b30b
bbd5a919
bc4733ba
b753c1d9
bd292fa4
38ad1d8b
b9d2ba03
3918d4f7
3a3a5dea
b511ff4f
bf7fc12f
3753c1d9
3c920cc5
b9a94953
39d2de2b
b90d2c85
ba3a9165
35126645
3f800ae7
b7728562
bd292fa4
b96246c2
39d34384
378becd6
ba3a5dea
35126645
3f7ffe96
b77e2e4b
bd2a38b6
3b8c7d66
b9907cdd
be0f7f90
bc2b7194
bc16dc39
bb063a4b
3bff81e8
3c02ff46
bd001fe5
bd2ed09c
bd178fb5
bbce0e6e
30d4e4a2
b80eb60f
311a84d7
b7c113dc
ad4a54c2
b64d3c36
bf7fcc7c
3ace1010
3bc15f02
b678f423
bb4e0c34
35cd4077
b44e3fd2
371a8836
3f800670
bbce0e6e
b9cad24e
37aeedae
3bce0c2e
37cdfc1f
af390b06
36cdee51
3f800ce0
bc1a8a45
b9a39944
36787e87
3e15c78c
3ca0df47
3b76b03d
bbd074f2
bb8f0f75
bcac4027
bc798827
38cbaa6d
3dc3c8a3
b6ce569d
b99399ff
bd553878
396607b5
3a7d359e
394ae554
bc853abc
bed32b5a
3c5c52af
39fda42b
3e1fe7e5
b8c3c30b
ba7c6076
b93213b3
3bd545bb
3f800000
3d8611cc
39fdbb80
3d556764
b9e315b0
ba7c6061
b9562bef
3b55638a
3f72c57c
b9019714
b9020766
3a8ab109
3be9b2f1
39fb7ccc
3aa54fd5
b884ea20
3aa81514
3acdc6d9
bb92c0a5
3af27ab3
bf7cac1b
bf7fc3e2
3f7fc3e2
3f7ff596
3b0611c4
be17e593
3b0e66a2
b7d5df2d
b9870937
3d69cfe4
bebb4138
bf7ff139
bb0611c6
3e17e592
bb0e66a3
37d5df2b
39870937
bd69cfe2
3ebb4137
38ebceb5
38eb79b7
38eb30e1
38eaf434
38eac3b0
38ea9f50
38ea870f
38ea7aee
b3dc3208
a9afe0ca
325c3661
af5c032b
2c5be69c
2ddce596
b1dc31c6
335c3221
3f801e5a
3b0624c8
be180dfc
3b0e8ea0
b7d603d1
b98735e4
3d6a1419
bf591161
b3dc31e0
a927c671
325c3365
af5c03be
2c5be3b9
2ddce534
b1dc31ee
335c31ce
3f80152c
3b062bd3
be180317
3b0e88d0
b7d610d7
b987299e
3d6a340b
bf593b8f
b9f048a8
355e304a
35456624
352ca388
3513ec27
34f670de
34c51478
3493c6be
3445007b
33c51322
b6b9e55f
ae6efd15
392ffbb7
b9ee9a69
b858260c
38b59e76
b8a530c2
b96c0cb2
39e8fdfc
39eefe31
39eefabf
b9203ab6
39be0c99
bacb8f72
3d0010f6
3b7566c5
bb90da2e
3bb3c14c
3c5c3c74
bcfbc1b6
bd00eb0d
bcdf2543
b6b942c4
392f620d
b9edc9c2
b85768a9
38b4ffa2
b8a4a063
b96b3e40
39e83268
39ee2ce9
39ee29bf
b6b8fffd
392f22d3
b9ed740c
b8571b03
38b4be62
b8a4650a
b96ae974
39e7deb6
39edd70f
39edd3e4
b6b8c6c4
392eeca7
b9ed2a9b
b856d87c
38b4867a
b8a43233
b96aa0cc
39e796ff
39ed8d7b
39ed8a56
b6b89719
392ebf89
b9eced6e
b856a111
38b457ea
b8a407d8
b96a6445
39e75b40
39ed5036
39ed4d11
b6b870fa
392e9b74
b9ecbc80
b85674be
38b432ac
b8a3e5f8
b96a33e0
39e72b79
39ed1f35
39ed1c0f
b6b85467
392e8063
b9ec97d1
b8565383
38b416c0
b8a3cc92
b96a0f93
39e707a7
39ecfa77
39ecf752
b6b8415a
392e6e5b
b9ec7f5d
b8563d5c
38b40423
b8a3bba4
b969f762
39e6efc7
39ece1f7
39ecded2
b6b837d2
392e6555
b9ec7322
b8563247
38b3fad3
b8a3b32c
b969eb4a
39e6e3d5
39ecd5b7
39ecd293
4314817b
3f8045eb
3a0bc008
be97d003
411f4b88
c27f2de5
bcee3e32
bf37a501
c3148179
bf8045ea
ba0bbede
3e97d006
c11f4b8b
427f2ddf
bc6d6fb4
3e1048f0
bc6d1a20
3e1014ee
bc6cd0c9
3e0fe85d
bc6c93b1
3e0fc33d
bc6c62d7
3e0fa58d
bc6c3e37
3e0f8f4b
bc6c25cb
3e0f8074
bc6c1994
3e0f7909
37614a1e
b881111d
b75bd165
b349fa58
b293f2f7
b37b3842
3625c683
379c401b
3c6f2c56
3f5be545
4314a8fb
3f8069ee
3a0c5277
be98023f
411f7a05
c313e742
377083ea
b881110c
b6b0419d
b3a5b70f
b293ab75
b3a396af
361d11c7
37dc5243
3c6ec27f
3f5bf0d0
43149e54
3f8064b2
3a0be94f
be97f474
411f8fc9
c31403fe
3d71f191
c0824f3e
b8dfb935
3bf0fe14
b8c6c338
3bd61ad7
b8add4d3
3bbb3fcd
b894f1bc
3ba070f1
b87824ab
3b85a60e
b84670fc
3b55c245
b814cc11
3b20485d
b7c65cda
3ad5ac95
b7466fa3
3a55c0ca
40818873
400e4e17
bfc1fc1c
be793bae
c0813c96
c081e3c7
c0813849
c080add2
c0836b78
c010eb95
bfb1a65a
40761359
40198ba0
bf4145fd
be203573
c05f33c8
c0a3342d
c06874c1
bfb3e0ec
c1070303
c0de8b87
c0b8306d
4081173d
400dd1b3
bfc1529c
be7861f2
c080cba4
c0817244
c080c75b
c0803d58
c082f899
c0106ce7
bfb10b0f
4080e8b4
400d9e94
bfc10ceb
be780868
c0809d35
c0814399
c08098ed
c0800f1e
c082c964
c01038d9
bfb0cb3d
4080c0d6
400d72c6
bfc0d137
be77bbb2
c080756e
c0811b9f
c0807126
c07fcf05
c082a0f0
c0100c3d
bfb09490
40809f9e
400d4e4a
bfc09f79
be777bcb
c080544b
c080fa51
c0805005
c07f8d06
c0827f3d
c00fe713
bfb06703
40808510
400d311c
bfc077b1
be7748b0
c08039ca
c080dfaf
c0803586
c07f5841
c082644a
c00fc95b
bfb04295
40807125
400d1b39
bfc059de
be77225c
c08025ed
c080cbb6
c08021a8
c07f30b0
c0825017
c00fb314
bfb02745
408063df
400d0ca5
bfc045fd
be7708d1
c08018ad
c080be66
c0801469
c07f164f
c082429f
c00fa43a
bfb01510
40805d3b
400d055a
bfc03c0b
be76fc0a
c080120e
c080b7bd
c0800dca
c07f091e
c0823be2
c00f9ccd
bfb00bf4
396af669
b84eede1
3a2700a0
3d894023
bedbd407
39296ab5
ba8a550c
bf7fe89d
b96af695
384eede5
ba2700a5
bd894020
3edbd408
38a8e571
ba09ecd7
393ac62d
38a8a890
ba09bb20
393a82db
38a87466
ba099086
393a492a
38a848f1
ba096d09
393a191b
38a82631
ba0950a7
3939f2ae
38a80c23
ba093b61
3939d5de
38a7fac4
ba092d31
3939c2a9
38a7f214
ba09261a
3939b90d
b39d138f
3476cc31
338ac434
af57d2fe
ad671871
2f67b81a
b22f4243
32cbaab6
b8aa4415
3a0a9806
3f801c35
396b38c0
b84f1910
3a2737e5
3d896829
bf7ed3d6
b39b483f
3476cc12
32e6b425
aef499ea
ad693b06
2f96a09e
b22b7976
b21abc55
b8aa117f
3a0a9f4e
3f801305
396b2f0b
b84f1e93
3a2728b9
3d897ae9
bf7f055a
b9ac1a39
3c7921af
ba3e51d6
351f244f
b7e65ebe
35affcb7
350d62e6
b7ccaae8
359c5a2c
34f74dc9
b7b2fee6
3588bd9a
34d3e5dc
b7995e8a
356a53da
34b0832e
b77f83f4
3543324c
348d2868
b74c563c
351c197c
3453b046
b71937bf
34ea1897
340d1a16
b6cc4181
349c09a7
338d2772
b64c54d2
341c186d
bc77b9cc
bc080855
3bbdff27
3a56665f
3c760e0e
3c7bc797
3c762dfa
3c6eda86
3c833244
3c1675de
3bc354eb
bc770358
bc07efde
3c3e522d
3ac01efb
3c8f3ca9
3be0e6e7
3c8607f3
3d0414a9
bc5842db
bcb61af6
bcbf5e4f
bc76e147
bc07916e
3bbd5923
3a55ab04
3c753704
3c7aeb8d
3c7556d1
3c6e09bb
3c82bf98
3c15f258
3bc2aa2c
bc768847
bc07608f
3bbd14e0
3a555dfb
3c74de9e
3c7a9118
3c74fe60
3c6db3ec
3c829078
3c15bc4e
3bc26400
bc763c0a
bc0736b0
3bbcda65
3a551bfe
3c7492e1
3c7a439a
3c74b297
3c6d6a68
3c826815
3c158dfd
3bc227e2
bc75fc83
bc0713cf
3bbca9ae
3a54e505
3c7453c9
3c7a030a
3c74737a
3c6d2d27
3c824670
3c156768
3bc1f5cc
bc75c9b8
bc06f7ea
3bbc82b6
3a54b910
3c742155
3c79cf6a
3c7440ff
3c6cfc2e
3c822b89
3c15488c
3bc1cdbe
bc75a3a3
bc06e2fe
3bbc6582
3a549818
3c73fb83
3c79a8b4
3c741b26
3c6cd776
3c82175f
3c15316b
3bc1afb5
bc758a3e
bc06d50e
3bbc5208
3a54821e
3c73e24a
3c798ee5
3c7401e9
3c6cbefa
3c8209ed
3c152200
3bc19bb1
bc757d8b
bc06ce15
3bbc484c
3a547720
3c73d5ae
3c7981fe
3c73f54d
3c6cb2bc
3c820332
3c151a4a
3bc191ad
3a92e325
bed4430f
3a05e397
bb9b2a46
bbf7c602
bf269538
bbfa95d1
bef91ab3
ba92e586
3ed44311
ba0680c8
3b9d972e
bb773478
bea617b5
bb773448
3e830b17
bb76db5d
bea5dbd6
bb76db2f
3e82dbdb
bb768f06
bea5a889
bb768ed3
3e82b362
bb764f64
bea57dcb
bb764f38
3e8291aa
bb761c84
bea55b9f
bb761c5c
3e8276b4
bb75f666
bea54201
bb75f63a
3e82627c
bb75dcf7
bea530eb
bb75dcce
3e825502
bb75d047
bea52861
bb75d016
3e824e45
362deb73
39146ddd
37acf703
b919145d
33992ccd
34457816
b494d91e
b8bfed14
3b73677b
3ea6e5d7
3b7f6fa1
3f3e634a
3a930ca2
bed4894a
3a0680c8
bc35c885
b5b1198e
39146dc2
36cc63db
b918eee8
3399386d
345cda38
340f7170
b8e1115c
3b753f2b
3ea6eea1
3b80c30a
3f3e5b86
3a9308c3
bed475fe
3a067110
bc376914
3c7be5d1
41160144
3c7be59e
c1075d93
b7e8ed85
bc8ab55c
b7e8ed5d
3c7a57cc
b7cef0a6
bc767721
b7cef080
3c5e697f
b7b4fbad
bc578cf8
b7b4fb8b
3c4283b2
b79b1279
bc38b0d7
b79b125b
3c26aa8e
b7812d20
bc19d946
b7812d01
3c0ad58e
b74e9b05
bbf6112b
b74e9ae2
3bde0d7c
b71aeb40
bbb88220
b71aeb23
3ba68069
b6ce8611
bb75f835
b6ce85ed
3b5df6fb
b64e99a0
baf60f77
b64e997b
3ade0bfb
c10f34ff
c1583909
413d0a14
3fd65103
4114867f
40ffb912
4109529f
417c4a76
417ad79f
411a3f2e
40ba6300
c1105a62
c154f8a0
413b500a
3fd47985
4115751c
4101428e
410a7a5f
417a793c
41794ffe
41190f7a
40b9014d
c10eb7d3
c1577bfd
413c64da
3fd595af
411404b1
40fed99c
4108da9c
417b6de9
4179fc57
4119b853
40b9c00d
c10e8462
c1572e4f
413c20f0
3fd548b1
4113cf55
40fe7db8
4108a946
417b134a
4179a23c
411980eb
40b97d17
c10e584e
c156ebc1
413be6c1
3fd506ba
4113a19d
40fe2f06
41087eff
417ac5a2
41795506
41195171
40b943ba
c10e3395
c156b451
413bb647
3fd4cfc5
41137b88
40fded74
41085bca
417a84f0
417914b3
411929e2
40b913ee
c10e1639
c15687fa
413b8f83
3fd4a3d4
41135d14
40fdb904
41083fa3
417a5134
4178e144
41190a41
40b8edb5
c10e0033
c15666ba
413b7274
3fd482e0
41134640
40fd91b3
41082a85
417a2a69
4178bab6
4118f28a
40b8d10d
c10df187
c1565092
413b5f14
3fd46cea
41133705
40fd777b
41081c72
417a108d
4178a100
4118e2bd
40b8bdf3
c10dea2f
c156457e
413b5565
3fd461ed
41132f69
40fd6a61
41081569
417a03a0
41789423
4118dad6
40b8b464
39f95088
b76fa1a6
be8f36aa
39627792
ba1b54fc
396560f2
b89d2dc1
beabba30
b9f9510b
377523a6
3e8f369f
38e1f50f
b99ae050
38e3fe78
b81caf78
3ea9b331
38e1a39e
b99aa87c
38e3ac4b
b81c76fe
3ea97612
38e15dd3
b99a78a5
38e365e0
b81c4699
3ea941b1
38e123af
b99a50cc
38e32b35
b81c1e49
3ea9160e
38e0f533
b99a30ed
38e2fc4d
b81bfe0b
3ea8f327
38e0d257
b99a1909
38e2d921
b81be5df
3ea8d8fa
38e0bb19
b99a091c
38e2c1af
b81bd5c2
3ea8c785
38e0af7a
b99a0125
38e2b5f5
b81bcdb3
3ea8becc
b4ba82be
3400f292
b63f5e81
32c40ecb
b7a00ce5
315f21be
b40c1672
3357795f
b8e31c24
399b9fe3
b8e67d2d
381d981d
3f2b0718
39f9a387
b77585eb
bf2603be
b5affe8f
3400f1a0
b57d520b
32fa8151
b7a00ce5
3187b4b4
b3966b91
3584d8c5
b8e2dca2
399ba810
b8e6a06e
381d9179
3f2b02a0
39f98ce0
b775a687
bf262400
b9e63f24
3c0bdfff
b9e85273
3aa1da77
c04b0ed2
3554e847
b7815761
3556d394
b615aa23
3bbba590
353d2739
b765d243
353edbb5
b604f76a
3ba87d4b
35256d63
b748fe8c
3526eb1f
b5e8938a
3b935cfa
350dbe51
b72c37ec
350f0567
b5c74767
3b7c8945
34ec2582
b70f758e
34ee466f
b5a60034
3b526545
34bcd8f7
b6e5732e
34be8cbe
b584c068
3b284ab5
348d9a78
b6ac0c5c
348ee13b
b5471502
3afc6cab
343cc5ce
b6655be7
343e796a
b504b2f3
3aa85d24
33bcd7af
b5e57197
33be8b73
b484bf81
3a268028
3d1b8a87
bb6133dc
3f7c47b6
3ab70ad7
ba7e78f9
bc79bcbf
bc396dbf
3ebaad20
bdc9f120
3e794631
3edabd03
3d17d023
bb62e5d8
3f784be4
3ab374cd
ba49415c
bc7216ad
bc32c3f2
3eb71f89
bdc59a24
3e746867
3ed633bc
3d1b02d9
bb606f17
3f7b6b9e
3ab66f83
ba7d9d89
bc78e2f3
bc38cc25
3eba0a3e
bdc940e6
3e786ca1
3ed9fe2b
3d1acb07
bb601e2b
3f7b110e
3ab62dcb
ba7d42c9
bc788955
bc3889a2
3eb9c738
bdc8f86c
3e781328
3ed9afa3
3d1a9b32
bb5fd8dc
3f7ac376
3ab5f57b
ba7cf50f
bc783c8c
bc3850a2
3eb98dce
bdc8ba54
3e77c67b
3ed96c5f
3d1a7358
bb5f9f1d
3f7a82d0
3ab5c693
ba7cb429
bc77fc94
bc382122
3eb95df7
bdc88691
3e778699
3ed93451
3d1a5376
bb5f70f2
3f7a4f18
3ab5a10e
ba7c8020
bc77c967
bc37fb23
3eb937b4
bdc85d2d
3e775383
3ed90778
3d1a3b8e
bb5f4e4c
3f7a2851
3ab584e9
ba7c5915
bc77a306
bc37dea1
3eb91b04
bdc83e24
3e772d2f
3ed8e5da
3d1a2b9a
bb5f373b
3f7a0e73
3ab57224
ba7c3ee6
bc778969
bc37cb9e
3eb907dd
bdc8296f
3e7713a1
3ed8cf6c
3d1a23a2
bb5f2bae
3f7a0180
3ab568c0
ba7c31e1
bc777c98
bc37c21c
3eb8fe4b
bdc81f16
3e7706dc
3ed8c432
3b9afea9
bd2ad8a4
bd90c700
bca649d1
bd90a153
3f1c38ef
bbe3f1e7
beacfc0c
bb9b4e5e
3d2b07d4
bd104a27
bc25cea3
bd104a4f
3e9bbdcb
bb635b20
3ea8de52
bd101624
bc2592a2
bd10164c
3e9b85a8
bb63093e
3ea8a180
bd0fe994
bc255f6c
bd0fe9bb
3e9b558e
bb62c311
3ea86d61
bd0fc473
bc2534a9
bd0fc49b
3e9b2d7c
bb62889b
3ea841f4
bd0fa6c3
bc2512b3
bd0fa6eb
3e9b0d70
bb6259d8
3ea81f39
bd0f9081
bc24f92f
bd0f90aa
3e9af569
bb6236c7
3ea8052e
bd0f81ab
bc24e7f0
bd0f81d2
3e9ae564
bb621f63
3ea7f3ce
bd0f7a3e
bc24df50
bd0f7a66
3e9add62
bb6213b4
3ea7eb1f
380018f7
368794b5
b7cc8d24
b935b271
34b1991f
b9dbf7a8
36daf575
b90c8af5
3d111eeb
3c269798
3d10d624
be9c9fcd
3b6467c9
3f2b488a
3b9b86b3
bdc626a9
37c35285
36879103
b735d951
b93592d9
34b1a880
b9dbe928
36ea3279
b9059c62
3d1106b9
3c269f56
3d11145f
be9c9971
3b6461ca
3f2b3902
3b9bc7f5
bdc67861
3e13075b
3e95bef9
3e130783
c120e0d1
3d08060f
c16d94bc
b987f4d3
ba0a783f
b987f4fa
3c94c34a
b87b6673
3cdb8cb7
b9719349
b9f60a38
b971938c
3c842a52
b861bbf1
3cc522a6
b9534625
b9d72dcb
b953465f
3c672ccf
b8456e24
3cac6ad2
b93506bf
b9b85f46
b93506f2
3c461407
b8292b03
3c93bc55
b916cbd5
b9999555
b916cbfe
3c250029
b80cf063
3c762a87
b8f12f56
b975a4ae
b8f12f9a
3c03f3a5
b7e1782b
3c44e773
b8b4d8f7
b93830d2
b8b4d929
3bc5e1f0
b7a917da
3c13ab97
b87116e0
b8f58bdf
b8711721
3b83e646
b76190de
3bc4fd06
b7f12db4
b875a2ec
b7f12df6
3b03f2c1
b6df11d3
3b42ceef
bce1026e
c1222fa4
41855b4c
3fe208de
3f2f3c55
bfa06149
bf618c70
40f90f24
410d05c9
40dd454f
408daebe
bcbe9cac
c1236840
4184ed23
3fe201a9
3f2dde2b
bfa198ec
bf60f4c2
40fb0f2b
410d7ff0
40dd80ca
408d9a36
bce03909
c121a1d2
4184e6b2
3fe1433c
3f2ea30e
bf9fd509
bf60c72e
40f83565
410c8a7a
40dc83c5
408d32cf
bcdfea69
c121678d
4184b6cc
3fe0f20e
3f2e642c
bf9f9b75
bf60762d
40f7dbf2
410c57d1
40dc344f
408cffeb
bcdfa5d1
c12135a1
41848dc4
3fe0ac7d
3f2e2e43
bf9f6a06
bf6030ca
40f78f46
410c2c6a
40dbf036
408cd451
bcdf6ca8
c1210c0c
41846b93
3fe0728b
3f2e016b
bf9f40ee
bf5ff6fa
40f74f69
410c0841
40dbb778
408cafff
bcdf3d84
c120eac9
4184503c
3fe04433
3f2ddd77
bf9f200f
bf5fc8b0
40f71c57
410beb58
40db8a1d
408c92f0
bcdf19cf
c120d1db
41843bbd
3fe02172
3f2dc294
bf9f0760
bf5fa5f8
40f6f609
410bd5ab
40db6816
408c7d28
bcdf05c4
c120c13b
41842e11
3fe00a48
3f2db089
bf9ef6f1
bf5f8ede
40f6dc80
410bc737
40db516c
408c6ea3
bcdef8ec
c120b8ec
4184273c
3fdffeb1
3f2da78f
bf9eeeb6
bf5f834b
40f6cfc1
410bbffb
40db4617
408c675f
c023a635
c0be568b
bbaef921
c0be4323
bb5c129b
396dfebf
bb3c38f2
bf19a784
4023872e
c03df49a
bb2d7345
c03df4a0
bada2ac6
38e82597
babbac6c
3e4bed5e
c03db022
bb2d2be4
c03db028
bad9dc22
38e7d1fc
babb68d4
3e4ba3ea
c03d7576
bb2cf792
c03d757b
bad998c1
38e78a54
babb2ee7
3e4b64fa
c03d4496
bb2ccbf5
c03d449c
bad9609d
38e74ea3
babafea3
3e4b308c
c03d1d80
bb2cb368
c03d1d86
bad933b9
38e71ee4
babad80a
3e4b0699
c03d0033
bb2c8ee6
c03d0039
bad91211
38e6fb15
bababb19
3e4ae725
c03ceca9
bb2c87cc
c03cecaf
bad8fba1
38e6e333
babaa7c9
3e4ad22b
c03ce2e4
bb2c74bd
c03ce2ea
bad8f068
38e6d745
baba9e23
3e4ac7ae
3b359fd6
366f18b2
39e501e5
37397f5c
b6a312c6
34a71191
b8ef9d3a
3b6c3418
403ec937
3b2f99af
403e6227
3add97ec
b8f3922f
3abce15f
3f4d0249
c0bd7f40
3b46a5e7
366e9253
b8ac07e0
371d18c0
b6a31337
3417e91e
b908c9aa
3b5b79b9
403e9fde
3b3009c8
403e76d3
3addbf8d
b8f3c531
3abcaa86
3f4d16f5
c0bddc4d
41418fb7
3d9caa35
41418fbe
3d615ce3
ba8ae3d5
3d8404d8
c130dc98
bcb2fc19
b910de84
bcb2fc21
b8d0642f
3600594f
b8f3ffa2
3ca3704f
bc9f03f1
b900b1e7
bc9f03f6
b8b9241a
35e67da9
b8db1694
3c92c0b8
bc8b11db
b8e11d7a
bc8b11df
b8a1eb1a
35c9972c
b8bf9e17
3c805a1f
bc6e51a0
b8c0ded4
bc6e51a8
b88abca4
35acbb96
b8a42ffa
3c5bf4f2
bc468570
b8a09f50
bc468578
b867233f
358fe8af
b888ca1d
3c3740b1
bc1ec227
b880732d
bc1ec22d
b838d784
35663876
b85ad4c9
3c1294a5
bbee1559
b840a9a0
bbee1562
b80a998f
352ca806
b8241d60
3bdbdc09
bb9eb20c
b800758a
bb9eb212
b7b8c4c7
34e651ad
b7daecc3
3b92a4b6
bb1ec113
b7807357
bb1ec119
b738d642
3463c52a
b7588086
3b11054a
3e09e5d8
3c52153e
c125a755
4133821a
400b4c78
c0a6abdb
40364911
414dab18
c1a78e5e
c1b313ef
c1c9e7ea
3e0a764d
3c53d83c
c12429f1
4134dbc2
400c56c8
c0a7d9de
40371e2f
414ec759
c1a8d805
c1b45eaf
c1cab112
3e096939
3c51831b
c125168f
4132e510
400ad2df
c0a61a26
4035a9e1
414cf767
c1a6fc26
c1b27745
c1c93730
3e093639
3c5136b6
c124db0b
4132a494
400aa080
c0a5de4f
40356824
414cada6
c1a6bfff
c1b236f7
c1c8eeaa
3e09135f
3c50f557
c124a815
41326d54
400a7581
c0a5ab0b
40353012
414c6e58
c1a68c6f
c1b1ffd6
c1c8b07f
3e08ebfe
3c50bf02
c1247d99
41323f4c
400a5238
c0a58031
40350158
414c3995
c1a66176
c1b1d1e7
c1c87cb9
3e08c540
3c50bceb
c1245ba0
41321a7b
400a3556
c0a55e11
4034dbf7
414c0f5b
c1a63f12
c1b1ad33
c1c85359
3e08b8ff
3c5049b0
c1244235
4131fee1
400a1fd8
c0a54483
4034bfee
414befaa
c1a62545
c1b191aa
c1c8344c
3e08ad62
3c505d60
c1243138
4131ec7e
400a1167
c0a5335f
4034ad90
414bdaab
c1a61424
c1b17f4b
c1c81f95
3e08a268
3c50528d
c12428bf
4131e349
400a0aac
c0a52aa4
4034a394
414bd037
c1a60b83
c1b1761a
c1c8153f
396f85d1
4008a486
3b4bc583
400896e5
3afe0f85
3eb33195
3adc169b
3dc2dba2
bf7f8367
3f884a8a
3acbfe7d
3f884a8d
3a7d3bce
3e32bbbf
3a5b0078
3d425ecc
3f88196a
3acbb09f
3f88196e
3a7ce087
3e327b60
3a5ab198
3d4218c9
3f87ef52
3acb8411
3f87ef55
3a7c9253
3e324435
3a5a6dfe
3d41dccd
3f87cc40
3acb4019
3f87cc43
3a7c512c
3e321640
3a5a35ae
3d41aad4
3f87b035
3acb1d75
3f87b039
3a7c1d0f
3e31f17c
3a5a08a2
3d4182d9
3f879b30
3acafcad
3f879b32
3a7bf5fe
3e31d5ea
3a59e6dd
3d4164de
3f878d2b
3acae8e5
3f878d2e
3a7bdbf2
3e31c387
3a59d054
3d4150df
3f878628
3acad6fb
3f87862b
3a7bceec
3e31ba58
3a59c511
3d4146e0
b98e3839
35566289
3b34cdcc
b6939fff
b73d893b
b654e325
3809d144
3a1b6983
b81484ba
bf890938
bacabacb
bf88a6f5
ba7d59e7
be338d88
ba5cdc68
bd439c51
40141628
b9ae8565
36961e94
3afe7334
b5ded203
b73c9297
b68abf68
b7b96363
bab1b32c
b8149fb5
bf88fe1a
bacaafb7
bf88dac2
ba7e2c18
be3388d5
ba5cec20
bd440674
40142339
c08ae0e0
bd3847cc
c08ae0e4
bd02cb03
bfd5ddf4
bd1a0e8c
c02892bd
3c006b7a
38aa567c
3c006b7c
3871e2fb
3b45a2af
388e5d57
3b9bc77d
3be42f17
389752b7
3be42f1e
3856e635
3b31755a
387fa919
3b8be016
3bc78ff7
38845f74
3bc78ffb
383bf1a6
3b1b3524
385f9ab0
3b74ac7e
3baafdce
3862ddda
3baafdd4
38210954
3b04fd55
383f985e
3b51a610
3b8e6fe3
383cebbb
3b8e6fe7
38062501
3add9866
381f9faf
3b2eaa29
3b63d0b0
38171b8e
3b63d0b8
37d68d4e
3ab14013
37ff5c53
3b0bb615
3b2ad291
37e2a03c
3b2ad293
37a0e09a
3a84ee44
37bf82a9
3ad18e53
3ae3b996
3797109d
3ae3b998
37567791
3a31537d
377f784e
3a8bc564
3a63cf24
37171bdd
3a63cf2c
36d68bda
39af5d1d
36fca488
3a0a3970
bac05f7d
bbe96de4
3fdde9c6
c08ac8f4
bf5cb6c8
3ff7940c
bf7bff6e
c084ba6d
40f4fef7
41025f2a
4101250f
bac0f5eb
bbeb308d
3fdf0dce
c08b95b3
bf5dfb7a
3ff90991
bf7d8bcb
c085aa6a
40f6b426
41035160
41022471
babc54c8
bbe8c10f
3fdd2804
c08a5005
bf5bf64e
3ff6bcb7
bf7b2467
c08446f3
40f42904
4101eda0
4100b472
babc71cf
bbe85b10
3fdcd80b
c08a1e2f
bf5ba65f
3ff663ec
bf7ac8f9
c0841752
40f3d101
4101beca
4100860f
babe3cee
bbe80ca1
3fdc93a3
c089f378
bf5b6284
3ff617a8
bf7a7b72
c083ee5d
40f38584
410196ad
41005e4e
babe6509
bbe7d5ae
3fdc5aef
c089cfe2
bf5b2a68
3ff5d795
bf7a3b29
c083cc66
40f346af
4101753f
41003d34
babe3a0a
bbe7a26f
3fdc2d40
c089b36b
bf5afc6a
3ff5a4d7
bf7a081e
c083b111
40f3147f
41015a82
410022b8
bac06f44
bbe78401
3fdc0b5a
c0899e16
bf5ada7a
3ff57f1d
bf79e065
c0839cd7
40f2eed3
41014678
41000ed9
babc896a
bbe741c5
3fdbf484
c0898fdc
bf5ac4ee
3ff5651a
bf79c691
c0838f2d
40f2d5b8
4101391f
410001a1
babe17f4
bbe7682b
3fdbe92d
c08988c1
bf5ab933
3ff55936
bf79b9ed
c0838844
40f2c91f
41013261
40fff600
bc4a1838
b796b06a
bc4a0410
b73be0be
bb048388
b722c161
ba1018f7
bf787860
bf7d0183
bbc99322
b716da8c
bbc99327
b6bb442f
ba842c64
b6a1f3b1
b98fbca6
bbc94a7a
b716a0f7
bbc94a80
b6bb00af
ba83fcca
b6a1b95e
b98f88e0
bbc90c38
b7168004
bbc90c3d
b6bac6da
ba83d3fd
b6a18760
b98f5c84
bbc8d85a
b7164dc1
bbc8d85d
b6ba96ac
ba83b201
b6a15dbb
b98f378f
bbc8aedf
b7163423
bbc8aee5
b6ba7023
ba8396d2
b6a13c6b
b98f19fe
bbc88fc9
b7161be5
bbc88fcc
b6ba533f
ba83826e
b6a12372
b98f03d3
bbc87b0d
b7160d44
bbc87b12
b6ba3ffc
ba8374d6
b6a112c8
b98ef50a
bbc870ae
b7160005
bbc870b3
b6ba365a
ba836e0b
b6a10a74
b98eeda4
35d257c9
b19e89a7
b785b45d
32da5663
338c2977
329d6e23
b44bd504
b665dacc
ba6d987d
3bcaad24
3715eb2c
3bca1bd1
36bb5a70
3a84c786
36a353a6
3990a774
bc5b0524
3f7d0183
36010ef3
b2de06db
b73c2a77
3224c696
338b7314
32cd353a
3409183c
370368bc
ba6dc939
3bca9cb4
3715e2fc
3bca686e
36bbf5e0
3a84c40d
36a35f46
3990f5f2
bc5b1879
3f7d32ae
3ccd66b9
39884685
3ccd66bf
39417166
3c1e279c
3963d9a3
3c7951e4
b83deeda
b4fbee05
b83deedd
b4b2e011
b79226c9
b4d28eae
b7e665cb
b828bdfa
b4dfce96
b828be00
b49eeb07
b7833b05
b4bd0fa1
b7cee02e
b8139391
b4c3c791
b8139394
b48afc0f
b7658d57
b4a55afc
b7b4efb5
b7fce57c
b4a7c497
b7fce585
b46e2c4a
b744b112
b48daf49
b79b0908
b7d2aa1d
b48bb4ff
b7d2aa23
b446665f
b723deac
b46c156b
b7812a23
b7a8782b
b45f7d01
b7a87831
b41ea948
b70313a0
b43cd6db
b74ea20e
b77ca589
b4279707
b77ca58c
b3edf00e
b6c49aca
b40d9f3b
b71af779
b7286715
b3df6cd2
b7286717
b39e9935
b68321fb
b3bceb8c
b6ceb8b3
b6a87706
b35f7d75
b6a8770b
b31ea835
b601ae79
b33ad451
b64c6f17
370e4288
382c9efb
bc241ad9
3ccd4357
3ba337d3
bc371591
3bba5a39
3cc44e1d
bd352cb2
bd40d1e3
bd3f0153
370eb1c7
382dec3e
bc24f2ce
3cce722b
3ba427f1
bc3829c9
3bbb7f56
3cc5b10e
bd366ffe
bd423820
bd407b09
370b455e
382c1f2b
bc238b90
3ccc907c
3ba2a97d
bc367654
3bb9b841
3cc3a353
bd348e7b
bd4029f7
bd3e5ac6
370b5ad6
382bd3bf
bc23506c
3ccc46c8
3ba26e61
bc3634ab
3bb974a4
3cc35ce1
bd344d65
bd3fe4b2
bd3e162b
370cae5a
382b99bf
bc231dd6
3ccc079a
3ba23c33
bc35fc44
3bb93b4f
3cc3204f
bd341592
bd3fa95d
bd3ddb5f
370ccc03
382b711c
bc22f3e7
3ccbd2f9
3ba212b5
bc35cce2
3bb90bc6
3cc2ee13
bd33e71c
bd3f77ec
bd3daa6b
370cac37
382b4b36
bc22d21f
3ccba8e0
3ba1f0b2
bc35a75d
3bb8e606
3cc2c5a6
bd33c1fe
bd3f5061
bd3d833f
370e4e34
382b34b5
bc22b90e
3ccb8951
3ba1d799
bc358b76
3bb8c8a6
3cc2a7bc
bd33a622
bd3f32bd
bd3d65da
370b6c4a
382b03bb
bc22a82b
3ccb7448
3ba1c7aa
bc35783a
3bb8b58c
3cc29387
bd339392
bd3f1f01
bd3d524d
370c9302
382b2020
bc229fc8
3ccb69c4
3ba1befe
bc356f6f
3bb8ac34
3cc2894e
bd338a41
bd3f1508
bd3d4880
3b060c80
be1818d7
3b0e617c
b8405131
b9870938
3d69c901
bebb3b4d
b2618fda
bf7fe8be
bb060e05
3e17c4c3
bb0e626d
3780ab76
398702cd
bd69c836
3ebb3b47
38f74f9d
b2ffbe85
b8df9539
b29ce209
b72a1c7d
b2884364
3484731f
38f7031e
b2ffb82d
b8df5011
b29cb188
b729e7e9
b2881945
34844a31
38f6c368
b2ff3d46
b8df1675
b29c891c
b729bc1c
b287f62d
34842816
38f69070
b2ff3a88
b8dee864
b29c68c7
b7299912
b287da1b
34840cc8
38f66a3d
b2fefab3
b8dec5d6
b29c5087
b7297ecb
b287c513
3483f854
38f650c5
b2fefa2d
b8deaed1
b29c4062
b7296d45
b287b70a
3483eabb
38f64409
b2febc97
b8dea34d
b29c384e
b7296484
b287b004
3483e3e0
b340ae20
ae21b1db
b4177526
2f4d75e3
30215ca7
2f1f9a37
b22c787d
3398d5b3
310cb08b
b8f838a6
32fdaccb
38e0762c
32a08bed
372b217d
3289cda1
b48a99de
34dded7a
32618fda
3f801a49
3b062087
be180929
3b0e8a1a
b7d5fd08
b987319a
3d6a06ac
bf590a7f
b32072f3
af89c321
b3d99d1a
2c0be9a2
30207193
2f5a5a19
b1f38529
3441f83a
310cca15
b8f820a8
32ff02fe
38e0b6cd
32a1adff
372b1d03
3289d642
b488f6d1
34c90b81
3261bbb0
3f80111c
3b062792
be180536
3b0e844a
b7d60a0d
b9873b4f
3d69f5e7
bf5934ab
b9fbe0f1
35679ed6
39e425ff
35224936
38cbd63b
353ffa94
b76610b1
b35aa441
b0d5ef5a
b552f796
b0961089
b43c5dd6
b0b16896
32d49abc
354f5221
b0be0179
b53b6df1
b0855265
b42922c2
b09f4be6
32bee632
353550ea
b0a64caf
b523eb76
b06932ae
b413edb2
b08b52a8
32a6f68b
351b5b81
b08e855e
b50c73a5
b047cfc2
b3fd8148
b06ec1ec
328f0fe7
350169f1
b06d219b
b4e9fe9c
b02671cb
b3d333e4
b046ea87
326e60f9
34cefc59
b03dbc76
b4bb2067
b0051b3d
b3a8effa
b01f1c0b
323eacca
349b3433
b00e54e2
b48c501e
afc79d39
b37d648e
afeea6db
320effb2
344ee75b
afbdd86b
b43b0d6a
af850dc1
b329027c
af9f2d7b
31bec1b2
33cefaf8
af3dc262
b3bb1f22
af051a55
b2a723ab
af1d6a83
313ca556
b6c92e37
340a7788
38a82088
b9ff8323
b7beeadd
b7b33ba0
b87c8d1e
b7837fa9
390311d8
38ce668f
387b222a
b6cade7f
340bccb5
38a9b327
ba00bb0a
b7c0e1c6
b7b2d734
b87ebff8
b7882fab
3904eaa2
38d1cf3f
388071f7
b920b0bc
39be17e0
bad6f971
3cffd5e5
3b773fa8
bb945bd5
3bb45662
3c5fa072
bcfe54c8
bd025c39
bce25935
b6c8a370
340a1981
38a805e0
b9fec1e6
b7bedcba
b7b0ef44
b87bfec5
b78699a2
39035e3d
38cf4db9
387dbd1f
b6c859ea
3409e1bf
38a7d1f4
b9fe731b
b7bea1c6
b7b0b873
b87bb0ca
b786717b
390335af
38cf0d68
387d6eb4
b6c826e6
3409c711
38a7a67c
b9fe3177
b7be6edf
b7b08824
b87b6f8e
b7864e0f
390313dc
38ced838
387d2d49
b6c802cb
3409ccca
38a78412
b9fdfcf7
b7be4990
b7b0640f
b87b3b04
b78634be
3902f8be
38cead76
387cf8aa
b6c7d687
34096fac
38a769c4
b9fdd5a3
b7be2c41
b7b04a3b
b87b1509
b7861d6a
3902e48f
38ce8d6c
387cd1da
b6c7cf2e
340939c4
38a7589d
b9fdbb63
b7be16e0
b7b03560
b87afac5
b7860fb5
3902d6f2
38ce77f3
387cb79f
b6c7c0b5
3409928d
38a74fde
b9fdae42
b7be0d09
b7b02e86
b87aee27
b78609e7
3902d05c
38ce6dd1
387caa8f
43047c6d
3f82af6e
3b14859a
be86858c
410e1ab0
c263a56a
34e962e9
bd3bfd26
bf261ef1
c3047445
bf54a397
39db4766
3e87ddda
c10e1bf9
4263a568
bc7988f0
3def1459
3c2d647e
3d81804c
3a69d86c
3a64a383
b8d6d353
bc793bc2
3deeca64
3c2d2edb
3d81583f
3a699025
3a645cd6
b8d690ed
bc78fb78
3dee8ccb
3c2d022e
3d8136e1
3a6953ee
3a6421f7
b8d6599e
bc78c80b
3dee5b88
3c2cde74
3d811c32
3a6923c3
3a63f2e0
b8d62d5a
bc78a182
3dee3698
3c2cc3a8
3d810830
3a68ffa2
3a63cf90
b8d60c2c
bc7887cd
3dee1dfd
3c2cb1ce
3d80fada
3a68e78d
3a63b800
b8d5f60f
bc787af2
3dee11aa
3c2ca8e0
3d80f42e
3a68db85
3a63ac3b
b8d5eafd
36601cd6
367ffe10
36829461
b817b7e4
b3380580
b593673d
35b170cf
b74dd264
b39191e8
3c7a7f96
bdefd5b4
bc2e323a
bd826b2d
ba6b3e9f
ba66a3b6
38dd52bc
b7c3eeab
b4e962e9
3cfb3c59
3f442811
43049a3b
3f6519ba
39fa196c
be87982e
410e415e
c303f1ec
362ebc2f
36803b91
36440963
b8179cce
b33773fa
b5941412
35a8f6b1
b785ce4c
b391ac55
3c7a7209
bdefe24d
bc2e1b94
bd8265e2
ba6b3878
ba669018
38dceb73
b856d8a3
b4e99043
3cfb0d24
3f44325d
430496c5
3f651062
39f95dc7
be87a1e9
410e372d
c3040b8f
3d7e3278
c057c28e
bd30eee4
c005f60d
bc0c1a71
bd210fff
3bba9379
b6d987d6
ba9c4f83
38a39bd9
3b77bee6
37817858
3894d6ad
b72c6a70
b8d12f63
3bb1a2b4
38915adb
3b5c1ac6
3768811f
3885a4b0
b71ad03b
b8b6f251
3b9b5ab6
387e3ed4
3b407f12
374b5a01
3869c5c5
b70766e7
b89cc125
3b851cd0
3859d87d
3b24efe6
372e3de4
38484ed1
b6e809c6
b88293dc
3b5dc477
3835778b
3b0964d1
37112a83
3826e1f0
b6c1516e
b850d8d6
3b315933
38111eb8
3adbbfb7
36e83b51
38057c8e
b69aa1bb
b81c997d
3b04fb26
37d9a164
3aa4c631
36ae2a25
37c8381f
b667ef7f
b7d0c3a9
3ab14734
37910fff
3a5ba973
366854c2
37858b2e
b61ab2ad
b750d773
3a3157f0
37111dbc
39dbbe3a
35e5c28c
370410d6
b598fc72
405c42d1
be71cbf6
3f57d43e
3d5718ce
c05689bd
c06b696b
c061bc7b
bfe0abb7
bfe603e3
bf35cc24
bed9bc75
405e266c
be6f8e72
3f583fde
3d568ec0
c0583be6
c06d429a
c0639465
bfe32c1c
bfe88e75
bf382652
bedcaf20
4050cd83
bd9194c0
3fc1b788
3e04b9ac
c0373808
c09376f7
c04aa93f
3f121a13
c0b56837
c09cc9a9
c08a68f0
405ba99e
be6c8fe7
3f5618a6
3d544748
c055f752
c06abddc
c0611c39
bfe081fd
bfe5d897
bf35f507
bed9f4f2
405b65ae
be6c46b1
3f55d66c
3d5405a3
c055b527
c06a753e
c060d69d
bfe03c90
bfe59184
bf35bcbf
bed9b186
405b2d13
be6c09b1
3f559f42
3d53cee0
c0557e04
c06a38c3
c0609c9b
bfe002bc
bfe55649
bf358de1
bed97959
405affd3
be6bd8fc
3f557322
3d53a329
c05551ee
c06a0867
c0606e3b
bfdfd476
bfe526ea
bf356858
bed94c7a
405adde2
be6bb479
3f555219
3d538277
c05530df
c069e421
c0604b6e
bfdfb1cc
bfe5036b
bf354c40
bed92ad5
405ac741
be6b9c13
3f553c05
3d536c90
c0551ad6
c069cbfa
c0603444
bfdf9aa8
bfe4ebbe
bf35397f
bed91462
405abbf3
be6b8ff9
3f553105
3d5361b0
c0550fcf
c069bfde
c06028a8
bfdf8f1c
bfe4dfeb
bf353021
bed9091f
391824b8
b8b7ba47
39fcc31c
3d89478f
bedbdf24
b2ceb98b
b97a7577
baa22ca6
bf7fe945
ba55e5c3
37d83ea6
ba00d441
bd89464c
3edbdf1d
b8a6a1c8
b9d7b171
38f1fa02
b969aba3
b7ac59a3
b6501406
35528b9b
b8a66e3d
b9d76eba
38f1af28
b969635f
b7ac245f
b64fd3b5
35524a89
b8a6434d
b9d73724
38f170d7
b9692728
b7abf7fe
b64f9e21
35521451
b8a620f5
b9d70ab4
38f13ef5
b968f704
b7abd47e
b64f7346
3551e8f3
b8a60737
b9d6e95f
38f1199b
b968d2e8
b7abb9df
b64f5324
3551c868
b8a5f60e
b9d6d32d
38f100af
b968bad9
b7aba81d
b64f3db2
3551b2c2
b8a5ed77
b9d6c80d
38f0f434
b968aecf
b7ab9f40
b64f32fb
3551a7e1
338c84a7
b2675e27
b48d315e
34093249
3094720d
318bcd34
b24b03ea
34319a6c
3180f0ba
38a82e7d
39d85fa7
b8f3075a
396b5375
37ad61d4
3651e5b0
b559bcd4
3557d465
32ceb98b
39271742
3a587858
3f801a78
3a1b9174
b842930f
3a002e3d
3d896b3d
bf7ee0ad
33b64d36
b26e19a7
b4561225
3408bb82
309397ed
318f7892
b1e8dfd6
34c2858f
31810821
38a80b82
39d86b07
b8f2aa26
396b4a12
37ad5d4b
3651d57c
b5566318
354198ea
32cee1b7
392712d7
3a5883b1
3f801720
3a1b8b16
b84298e8
3a003771
3d896163
bf7f1236
39aa5646
3c42a7a0
b9f63251
3bf1b7cd
394e8503
3912942e
b836dbd4
b59c1249
368ce984
b50cf028
b75f83c8
b4bed880
b4877444
33a8fb08
b50baffb
b7a04270
354ad956
b74693bf
b4ab5c9f
b473402d
3397ba9d
b4f45511
b78c2867
353167ba
b72dab4d
b495e01b
b454c01a
3384b448
b4d15a0d
b7702ef2
351801a6
b714ce2b
b4806bb4
b4364b88
33636a43
b4ae6437
b7481312
34fd3eae
b6f7e970
b455fb7e
b417e024
333d7766
b48b7632
b7200021
34ca8568
b6c64196
b42b292d
b3f2f720
33178d05
b4512521
b6eff236
3497db37
b694a88a
b4005d27
b3b636e2
32e35085
b40b680b
b69fefe5
344a70e5
b6462d81
b3ab3bec
b37311bf
32979da4
b38b753a
b61ffefd
33ca8412
b5c6403f
b32956ce
b2f0611c
3215f021
bc46b25a
3a5a2bdf
bb4e2ddd
39c08068
3c41d979
3c5565d3
3c4cb920
3bc813c8
3bce9852
3b2298c4
3ac572f9
bc4866a4
3a582698
bb4e99b5
39c2522e
3c436116
3c5713e3
3c4e6420
3bca49ea
3bd0ec54
3b24cc64
3ac84f11
bc4767e0
3a6565a3
3b2e6cb4
3a85b6ef
3c6b8f51
3b970973
3c640297
3cc2f66a
bcbb75e9
bcecf7ae
bce3d4d4
bc462830
3a5572fb
bb4c8b1f
39c04a0f
3c41547e
3c54cb71
3c4c26c9
3bc7ea77
3bce7d1d
3b22d656
3ac5d5eb
bc45eae5
3a5530e8
bb4c4bdd
39c00e9a
3c4118b3
3c54899e
3c4be7a9
3bc7aca3
3bce3d42
3b22a3f5
3ac598b8
bc45b7d6
3a54f9db
bb4c172b
39bfdd15
3c40e6e4
3c5452cb
3c4bb30e
3bc77927
3bce0810
3b227a01
3ac565b7
bc458f03
3a54cde9
bb4bed03
39bfb571
3c40bf0f
3c5426f2
3c4b8900
3bc74ff1
3bcddd7f
3b22586e
3ac53cff
bc457065
3a54acf9
bb4bcd76
39bf97b4
3c40a12e
3c540611
3c4b696d
3bc73119
3bcdbd9b
3b223f48
3ac51e76
bc455bfc
3a5496e4
bb4bb85b
39bf83ea
3c408d47
3c53f02d
3c4b546d
3bc71c7a
3bcda855
3b222e7f
3ac50a11
bc4551c9
3a548c18
bb4baddb
39bf79fd
3c40834f
3c53e534
3c4b49e6
3bc7122d
3bcd9db7
3b222622
3ac4ffda
3b1026ae
bf0c1113
b9875644
3ad4bf74
35e0a5bb
3b928334
bedebe03
3b8e1c91
bf0dd586
b6898a1d
3ea70ffc
39ef11c6
baca5e4f
3ac0b9ff
be144700
3ac0ba99
3e17ec2f
3a3f3db2
bd962ba2
388c7053
3ac07e6d
be141922
3ac07ef3
3e17bd2f
3a3f0293
bd95fd38
388c44e2
3ac04ca1
be13f2ee
3ac04d57
3e17960b
3a3ed161
bd95d68e
388c20be
3ac024f9
be13d462
3ac025cf
3e1776be
3a3ea9f9
bd95b79e
388c03d1
3ac00756
be13bd79
3ac007e2
3e175f43
3a3e8c75
bd95a06d
388bee1f
3abff356
be13ae38
3abff3e9
3e174f9f
3a3e78b7
bd9590f3
388bdfa1
3abfe934
be13a690
3abfea10
3e1747d0
3a3e6ee0
bd958938
388bd870
360cdefb
b8b1fe34
36fc41b4
38840569
b3cc49bc
38c3acf2
35caf13b
3862258f
b48c1e81
bab99f51
3e143417
bac7dbcf
be182914
ba4066aa
3d977967
b8863cb2
b836c6bc
b5e0a5bb
bb45b639
3e9494ce
bb3c12c6
3f3410cb
3a40c902
beccec20
b9cdb18d
3b6a7067
36878427
b8b1ef6b
37293305
3883e887
b3cb5dc8
38c39137
3565954f
384d02dc
b48c37f0
babc4e42
3e143bcb
bacd15e0
be1822c3
ba4061a0
3d976ba6
b8845880
38e8d6ee
b5e0d162
bb439fa0
3e949ca7
bb3d115a
3f340971
3a40c401
beccfad5
b9cc03f4
3b632acf
bbc55337
4085793d
bbc553f8
c09c9abc
bbe527de
4053928b
bb73f13c
380256ad
3c46d2a8
380256bc
bc086f69
3753c392
bbc383db
36e16d98
37218fe3
bbdc56f0
37219079
3c011b37
373e24f5
bbaf8df1
36ca69d2
370d4c14
bbc0b3ad
370d4c8f
3be1d316
37264d8c
bb998ad7
36b108a5
36f222dd
bba51cef
36f223bd
3bc17e63
370e7f22
bb83900c
3697b0f6
36c9b393
bb898a56
36c9b41d
3ba12e83
36ed6fc5
bb5b37be
367cc1da
36a14d17
bb5bfbbd
36a14db2
3b80e5d3
36bdebdf
bb2f5939
364a2d1a
3671e5a7
bb24f32f
3671e668
3b414d79
368e6efd
bb038125
36179fc8
36213cd8
badbe565
36213d30
3b00d8c4
363e00b0
baaf6c70
35ca4333
35a14c13
ba5bfa1e
35a14c90
3a80e4f0
35bbe665
ba2d7b72
3548064a
c0793927
c0e444b0
409ca9e9
3f423fae
408108c7
40575298
40727651
40fda112
40f2b4b3
409278d1
402ceb79
c07c09e2
c0e6df9b
409e3e97
3f443eec
40826629
4059aa98
407519ae
41003aad
40f56f41
40942b9b
402f0618
c07e9eb1
c0dee211
409a4693
3f3f9b30
40835d46
405d95c9
4077d4c7
40fb1408
40f0c1f0
4090d64f
402b1100
c079397a
c0e40e78
409caed7
3f4230eb
408108fc
40575cf3
407272a7
40fd733a
40f29315
40926748
402cdb7d
c078ec68
c0e3c7ed
409c7e5e
3f41f4db
4080e115
40571a4d
407227ba
40fd24d5
40f24813
40923a02
402ca603
c078ac2f
c0e38d2d
409c5601
3f41c2d2
4080bfd2
4056e2cb
4071e93b
40fce38e
40f20990
40921447
402c7976
c07878d6
c0e35e2e
409c35b5
3f419acf
4080a53c
4056b677
4071b74d
40fcaf52
40f1d794
4091f61b
402c55db
c0785256
c0e33aef
409c1d80
3f417cca
4080914e
4056952b
407191c6
40fc882c
40f1b21b
4091df80
402c3b2a
c07838a7
c0e32375
409c0d62
3f4168ce
40808403
40567f07
407178de
40fc6e10
40f1991e
4091d06a
402c295b
c0782bd8
c0e317b5
409c054b
3f415ecb
40807d5b
405673e9
40716c5c
40fc6104
40f18ca2
4091c8de
402c2073
39f1b4f6
3cc36731
bed58cf1
b7eca66e
becc8e39
baa32cc4
becc8062
ba569210
be30d3e2
ba0b3321
bd2aa10f
3ed56a28
be07f1d6
b9d93ea6
be07f1af
b98e9104
3e8cd57b
b7c23db1
bbc1e07d
be07c7ca
b9d904ab
be07c7a1
b98e64ec
3e8ca9f2
b7c201a4
bbc1a491
be07a4c2
b9d8c4f5
be07a49a
b98e4030
3e8c85ae
b7c1cfa2
bbc172a5
be0788be
b9d89bda
be078898
b98e22d0
3e8c68ad
b7c1a7a0
bbc14ab6
be0773c0
b9d879a2
be077397
b98e0cc8
3e8c52ed
b7c189a0
bbc12cc3
be0765c0
b9d863de
be076598
b98dfe1b
3e8c446a
b7c175a0
bbc118cc
be075ebe
b9d854f4
be075e96
b98df6c3
3e8c3d2b
b7c16b9f
bbc10ed0
380e046c
b426269d
b9b5161b
3523643c
b641a574
349dada9
b68ae018
b89b087d
36939b0d
3e08e17b
39d8f866
3e087efa
398f2a8b
be8d6f5d
37c501fc
3bc362e8
3a15c4f2
37eca66e
3e88a114
3a59b0c8
3e88934d
3a0f5812
3ee5af46
3a054b0f
3d128333
bf77648c
382d6e9b
b524d283
b97e9985
348fb53d
b64220bd
34de5b8c
363801ee
393209db
3693b5d8
3e08d65d
39d8f8f6
3e08b2c6
398f5bdb
be8d6bab
37c57f62
3bc3cd02
3a353d40
37ecd46c
3e88974b
3a59bc31
3e888fb9
3a0f5237
3ee5a945
3a0554a0
3d1278b2
bf7794a1
3f0ab88e
3c442f38
3f0ab866
3c136c40
c0287b3c
3a88d4d2
3ea861d7
ba806989
b5f4ed3c
ba806988
b759e831
39fd623b
b5fce490
ba1b9a4d
ba63ecbc
b7a16741
ba63ec79
b7724f90
3b8c06ba
b5e3130c
ba0bb783
ba4755ef
b78d2c66
ba4755b4
b753eace
3b74f016
b5c69a40
b9f46582
ba2acc14
b771ef8e
ba2acbe2
b73593d7
3b51dffa
b5aa2c20
b9d1693d
ba0e4677
b7498101
ba0e464e
b7174161
3b2eda67
b58dc69f
b9ae777f
b9e38e6f
b7212832
b9e38e2f
b6f1eb53
3b0bdcae
b562ceda
b98b8d8d
b9aaa0e3
b6f1b041
b9aaa0af
b6b565ee
3ad1c834
b52a18dc
b9515188
b963775d
b6a11a0a
b9637714
b671d2d0
3a8bec00
b4e2e7b9
b90b9cd9
b8e38ce3
b62127bb
b8e38ca3
b5f1e9ae
3a0a5f94
b46064df
b88a1157
3d106f3f
3b1cad10
3f29c0c8
3f0aef9e
3dd8722f
be830f69
3de50c4d
3f572810
bf8640e4
bf4d73b6
bf209c02
3d118ada
3b1d5c77
3f2af7e6
3f0bbcb7
3dd9b432
be83d6a9
3de67112
3f58cd46
bf87348a
bf4edbcd
bf21b3f2
3d0dbad8
3b1e9c5a
3f277cda
3f0cad29
3ddb99fe
be846cd9
3de8a418
3f57cb47
bf87da12
bf520c87
bf257e12
3d0fe711
3b1b701a
3f29469c
3f0a44ca
3dd76a9f
be826fee
3de3ee7b
3f563fef
bf859f81
bf4c615f
bf1fb089
3d0fbca0
3b1b3e61
3f291256
3f0a1a09
3dd72814
be82478f
3de3a804
3f55fd97
bf857624
bf4c222c
bf1f7f1c
3d0f97ec
3b1b178a
3f28e6b5
3f09f668
3dd6f10d
be8225a8
3de36d9d
3f55c678
bf8553b6
bf4bed82
bf1f55fb
3d0f7a43
3b1af6af
3f28c3e1
3f09d9e9
3dd6c3ee
be820acc
3de33f48
3f559a37
bf853834
bf4bc35f
bf1f3511
3d0f6659
3b1ae007
3f28a9ad
3f09c48e
3dd6a2a6
be81f6d1
3de31b14
3f55794c
bf85238f
bf4ba3cf
bf1f1c5c
3d0f53b7
3b1ac573
3f289843
3f09b64f
3dd68d89
be81e911
3de3039c
3f55632c
bf8515cd
bf4b8ecc
bf1f0bf3
3d0f4de2
3b1aca0e
3f288f85
3f09af32
3dd68207
be81e2bf
3de2f827
3f555806
bf850ee6
bf4b8427
bf1f03b8
3aa3cea6
bc947019
3588fc8c
bcab0554
3e2ce0f7
bcab0f4f
3eda8448
babfcc10
be7b716e
bb0ebb3b
3c94caf8
bbe30931
3d653059
bbe30a1c
3e11715a
b9ffdd40
3e806519
b9a068ee
bbe2c301
3d64e96e
bbe2c3e8
3e11445c
b9ff8e14
3e803d6a
b9a0375c
bbe28897
3d64ae5e
bbe2896e
3e111ee1
b9ff4c26
3e801c5a
b9a00e0f
bbe259c3
3d647f27
bbe25a8e
3e1100eb
b9ff1775
3e8001e9
b99fed03
bbe236b0
3d645bc0
bbe23792
3e10ea6f
b9feeff9
3e7fdc26
b99fd43c
bbe21f5b
3d644423
bbe2203a
3e10db77
b9fed5b1
3e7fc1af
b99fc3bb
bbe213af
3d643868
bbe2147f
3e10d3fe
b9fec87c
3e7fb479
b99fbb71
b7163bfc
b8c77e54
b6465686
38c39ad4
b42a6416
33713aaf
355b4a76
385c4231
b42ae294
3be4bc09
bd688991
3be0d6bf
be117be4
39fe83e8
be80ec31
39a0f3c7
b883ac34
b588fc8c
3c645574
bde72112
3c64da84
be91da37
3a7fbf63
3efea043
3af53352
bd2c72c2
b6f782cd
b8c77542
369bf368
38c372dd
b42a1fbe
331ed13d
34b6c54d
386706b3
b42b0194
3be429df
bd68960d
3bde94b8
be1175d5
39fe7d70
be80e084
39a176e3
390739ba
b589172c
3c64901f
bde72d09
3c6490b5
be91d44f
3a7fb8ae
3efeb28b
3af58276
bd2d158d
3ce649e1
bfd07c07
3ce64aad
c095cd61
3b97aebe
c13487b7
3c8b50ec
38f72db2
3c49e336
38f72db6
bc416daa
382b0163
bb1639e5
b800be1b
b83e531b
3b2a495c
b83e53c6
3bf73304
b6fe658a
3c96191f
b7e732ad
b82673a8
3b14ed6b
b8267442
3bd83151
b6de7fb3
3c834724
b7ca357a
b80e9efe
3aff363b
b80e9f8a
3bb93da3
b6bea5e0
3c60f887
b7ad433b
b7ed9bd8
3ad497d1
b7ed9cb9
3b9a4e95
b69ed59b
3c3b6e18
b79059b0
b7be0457
3aaa02fb
b7be0509
3b76cccc
b67e1926
3c15ec0e
b766ed3a
b78e7ae3
3a7ef5a3
b78e7b76
3b390ed0
b63e904a
3be0df0d
b72d2f9d
b73df10f
3a29f1cf
b73df1d2
3af6b3cf
b5fe34f0
3b95fc79
b6e7068d
b6be031d
39aa01e2
b6be03cc
3a76cb19
b57b6484
3b145385
b6647810
3fd83c5f
c0705bcd
4111bea3
3f4a1f4d
bfa92c23
c012cf1b
c011300c
3fdf363f
4031087d
4033078d
3ff8dd8e
3fd88617
c073c754
4113086b
3f4c46b2
bfa8e18e
c013465a
c0119f7f
3fe3e844
4033efac
40357cb0
3ffc3dc3
3fda83b2
c075a5e5
41119237
3f4ace74
bfab10e9
c0144c51
c0120a79
3fe689f5
4033325d
4034156e
3ff97ba5
3fd6149d
c070d053
4111947a
3f4a235a
bfa717b3
c011b439
c01008f5
3fe14336
4031d9e7
403353f4
3ff91fc0
3fd5d26a
c07085d8
41116776
3f49e4d8
bfa6e3fc
c0118732
c00fdc58
3fe0fd75
4031a2eb
40331c83
3ff8d2b6
3fd59b3d
c07047c9
411141f8
3f49b0c9
bfa6b8f9
c01161aa
c00fb743
3fe0c380
4031751d
4032ee50
3ff8928e
3fd56f24
c070162c
411123fb
3f498724
bfa69692
c0114396
c00f9992
3fe09518
4031507a
4032c960
3ff85f3b
3fd54e08
c06ff0f5
41110d7e
3f4967e9
bfa67cb8
c0112d1f
c00f835a
3fe07247
403134fd
4032adb5
3ff838c0
3fd53804
c06fd825
4110fe80
3f495318
bfa66b7d
c0111e16
c00f747d
3fe05b17
403122a4
40329b36
3ff81f19
3fd52cf5
c06fcbc1
4110f6fe
3f4948ae
bfa662ef
c0111699
c00f6d11
3fe04f82
40311982
403291f2
3ff81249
bd3a72ee
3a04f44d
bea9bb28
3ac40af6
bea62b08
3a9530fd
3f01863e
39f5226e
be33d071
3d40b23d
bde26acd
3a05021a
bde26bb6
39c24292
3e2c0ac2
39209c45
3e8c5f74
bde22496
3a052722
bde22555
39c20964
3e2bd598
39206b3a
3e8c3412
bde1ea44
3a04c525
bde1eb70
39c1a714
3e2ba94f
3920421c
3e8c0fee
bde1bbb0
3a04bff2
bde1bc6c
39c1c958
3e2b85db
3920224b
3e8bf304
bde198fe
3a0463ec
bde19a41
39c16b9e
3e2b6b48
3920090f
3e8bdd56
bde181be
3a048c49
bde182e8
39c16709
3e2b598f
391ff92e
3e8bcedf
bde17613
3a045dd0
bde176a7
39c164bf
3e2b50b7
391fefd9
3e8bc7a5
ba9b27d6
36200d1a
3bc82b47
b73a4376
b7b15ebe
b6ac058e
38cc2e52
3a19e6f1
b8a5dae5
3dcdf0d7
b9fb967a
3de71812
b9c5fcc8
be2d70e1
b9259139
be8d3594
bc143290
ba04f44d
3e6325a5
ba846a85
3e5c4a1a
ba48fbbf
bead1617
b9a4e2f6
3ee6daed
bddd48f2
bab450ea
3732919d
3b8f7b4b
b69a5065
b7b049af
b6f36cfe
b7befeb0
bb74fc62
b8a5f8fe
3dd02d93
b9fffaaf
3dd3e500
b9c9dff3
be2d6c50
b9269617
be8d601a
bbf82c6b
ba050e23
3e624f4e
ba826313
3e5f0652
ba4a5cd5
bead1193
b9a41506
3ee6e6c6
bddedddd
3ed9fad4
bc72096e
3ed9fafa
bc492aeb
bfce9010
bbe3771e
c1737483
3cca5963
3869f324
3cca5962
38265282
3bc8d158
384ad02a
3b8a03f4
ba3dcee4
37c5b39f
ba3dcf38
37a53075
3b2b0e35
373bc33a
3cca5193
ba25ffc0
37ad1b6e
ba26004e
3790555a
3b159b84
372439a6
3cb0f35f
ba0e3b99
37942cdf
ba0e3c0b
37777b1b
3b0030f0
370cb64c
3c979ec2
b9ecf60f
377675e1
b9ecf6e5
374e2179
3ad59995
36ea770e
3c7ca381
b9bd801f
3745a2ce
b9bd808e
37249e86
3aaadada
36bb8cb3
3c4a14d4
b98e1730
37144e85
b98e1851
36f7415b
3a802268
368ca609
3c178d97
b93d6d33
36c548ca
b93d6e02
36a4c620
3a2aed92
363ba04b
3bca2afb
b8bd7f97
36454c1d
b8bd7fc5
3624c9b5
39a90958
35b98e68
3b47ee43
3d672a66
bb8807c2
c0afc62f
be9dbf17
bda0f556
3b8d91cd
3e6274c6
3fa1efc2
beab8966
bf2e8164
c0585dc7
3d6a2d04
bb885506
c0b16832
be929862
bd98c6c5
bbd89f1d
3e69c66c
3fa67699
bec3425a
bf3bd70d
c05d7161
3d6a8a91
bb8aa484
c0ada9a3
be893b94
bd91d676
bc55bd73
3e66de13
3fa4fc48
becc7dcb
bf3d3771
c0590f93
3d67d858
bb879808
c0afa75e
be90f4be
bd96fd77
bbda714c
3e67680b
3fa48962
bec12f38
bf39b9fb
c05abdf0
3d675171
bb8742b5
c0af7104
be90c7f6
bd96c394
bbdad1a2
3e671ee7
3fa4584e
bec0f37a
bf397ea1
c05a7a40
3d670637
bb86aecc
c0af4399
be90a2f8
bd96bd46
bbdb4b72
3e66dc68
3fa42bd7
bec0c35f
bf394e5d
c05a41b9
3d66dff8
bb86def7
c0af1f8c
be90855c
bd96927d
bbd9ba30
3e66a08d
3fa40c43
bec0998a
bf3929da
c05a14c5
3d66b13e
bb86a4da
c0af042c
be906e89
bd96701c
bbda373e
3e66977c
3fa3efe5
bec07e40
bf390ca8
c059f33e
3d66abd8
bb85cfb6
c0aef240
be905f8e
bd966c17
bbdad95e
3e666ed1
3fa3e0c8
bec06ab3
bf38f8d6
c059dc33
3d66b160
bb8702fb
c0aee930
be9058a3
bd9663ef
bbda0ae1
3e666287
3fa3d917
bec061aa
bf38f191
c059d111
3c22c910
3fb64f6b
3b6335e1
3fb4d101
3b2f4f68
3e189c3d
3a9f2f12
3e0695c1
bf83b9c9
3ef5e862
3aab3b8f
3ef5e7f9
3a79e71c
3d5bf858
39e254b7
3d35dce0
3ef59c94
3aa7ee64
3ef59b3d
3a792155
3d5bb19b
39e20c89
3d35a4c1
3ef55db7
3aaa7eb5
3ef55dbb
3a79a67c
3d5b78c7
39e1d817
3d3575d9
3ef52a04
3aa85abd
3ef52940
3a78adf2
3d5b4c6e
39e1a117
3d355055
3ef5051d
3aaa57da
3ef50558
3a78fc2f
3d5b2b2d
39e17d3a
3d35343c
3ef4ec40
3aa95034
3ef4ec17
3a7a9b77
3d5b1500
39e16134
3d35219a
3ef4e015
3aab0175
3ef4deb5
3a77e640
3d5b0885
39e164a2
3d35183b
3cb074b7
b752402c
bd76f9c3
391c64e8
39b65a9d
38633507
bab4a4f4
3bd4719d
b794ce47
beac697b
bac84d91
bef4afb5
ba733b37
bd284fe8
b9c81a91
bd289b03
3deff5da
bbb1b517
bf76941b
baffa694
bf6fb351
bac47ce2
bdc3481e
ba4fe800
bdb0b851
40176ca0
3cc7c534
b8c9a2cf
bd36a60a
38a26b48
39b5ab55
389d87d4
b9655369
3d4a399d
b7958af6
beaf727d
babea56e
bec6ab95
ba25ef7c
bd284f98
b9b91697
bd22b61a
3daf7ed5
bbb1d6d0
bf71e784
bb03c16b
bf7b16f5
badf32ee
bdc34230
ba4fa705
bdb6e4f0
40178b2a
bfcfd50e
bd136650
bfcfd20d
bcfcabb5
becbe1ee
bc969f96
c01dce99
beaa9d78
ba873e3f
beaa9d7c
ba2cc7a3
bdecd906
ba887768
3b13bead
3b4e2719
3880d6ce
3b4e258d
38556ec1
3a5ab2e4
38044d5e
3b830f2d
3b344a89
38604ca7
3b3449ff
383a69b2
3a3f4650
37e7604e
3b65409a
3b1a7a45
384026f3
3b1a797d
381e9981
3a23e53d
37c64606
3b446f2f
3b00aed2
3820339c
3b00ae10
3804dc9a
3a088b2b
37a52cac
3b23a7c5
3acdd0b8
37fe2785
3acdcf90
37d4bbba
39da710f
3784217e
3b02e7a7
3a9a5157
37be74d9
3a9a52e0
379eee5f
39a3d2bb
37463131
3ac458f0
3a4dbcb9
377bc55d
3a4dbcbf
3754ebb5
395a8904
37042ea0
3a82f61a
39cdd1f7
36fb53b5
39cdd01d
36d4c0bc
38d81a65
3682b375
3a01831b
3c921065
bc2dca50
3ce79c3d
bfd8a211
beb5703c
3f39a309
bebf412e
bfc29737
403a6f58
4041fa00
402dfe83
3c783407
bc305593
3e6fb9bd
c001d4ca
bed6ad8e
3f60a072
bee67dd6
bfedec31
40613157
406b9ecd
4059774e
3c62f6e1
bc302e5f
3e71bff9
c0029e77
bed8018b
3f62bd19
bee90766
bff03ab0
40636511
406dcbb8
405bbdda
3c685ce5
bc2cee9b
3e6f0369
c0009b18
bed4d533
3f5eb128
bee50200
bfeba0b6
405f0f6c
4069399a
405753e4
3c6fe87a
bc2e1bfd
3e6e94aa
c0007378
bed4f55f
3f5e6d1a
bee486e3
bfeb5ca5
405ec23d
4068ec26
405711bf
3c697b56
bc311e5d
3e6e35e5
c0005182
bed4439d
3f5e6c8b
bee443e8
bfeb0b85
405e924b
4068b02d
4056d836
3c6c213e
bc2fce01
3e6e0bb7
c0003688
bed3d70b
3f5e0a4b
bee40c03
bfeaf4fd
405e638e
40688441
4056ad26
3c734ee1
bc2dde6c
3e6d95a7
c000243e
bed42aab
3f5de561
bee4717d
bfeab95a
405e3f49
40685ce5
40568c02
3c6a956e
bc3311d3
3e6ddab1
c0001691
bed3d45d
3f5df0b4
bee3fdf6
bfeaade6
405e27fc
40684367
4056738c
3c67b82f
bc2ca57c
3e6d7d69
c0000f3d
bed4203d
3f5dd875
bee3ef01
bfeaaf16
405e1e11
406842d9
40566854
bd09cffd
b8b0b28b
bd0950f1
b887e0f8
bb643d50
b7e9cd9f
bb4f980c
bf71afa4
bf7a5d91
bc3863c1
b7f8edf8
bc3863a7
b7ba448f
ba9d74ee
b7203eac
ba8b0304
bc382acf
b7f68f76
bc382a64
b7b9e1fc
ba9d4354
b7200c65
ba8ad815
bc37fb78
b7f82400
bc37fb81
b7b9f45c
ba9d1aba
b71fe51f
ba8ab443
bc37d51f
b7f69744
bc37d4e8
b7b98c41
ba9cfa9e
b71fc148
ba8a979d
bc37b902
b7f7da53
bc37b91f
b7b99619
ba9ce28a
b71fa838
ba8a8223
bc37a62c
b7f71b9e
bc37a627
b7ba194d
ba9cd27d
b71f961e
ba8a73da
bc379cd8
b7f83780
bc379c6a
b7b92847
ba9cc9fe
b71f92fc
ba8a6cb0
b96d2ae3
34080aed
3a220e91
b5cf9609
b672c5f5
b5146364
3770d932
b8995568
ba684a85
3c2043ef
380627ed
3c38596a
37b8698e
3a8c8bb7
37182693
3a8706b2
bc6a6ec9
bc3a72dd
3cb920f3
385ba36f
3cb6cf33
3828b9a0
3b158e11
379aa669
3b0993ce
bd50ca9a
3f7a5d91
b98626b0
358437ea
39f0156e
b558c00a
b671dfa1
b54e06b0
36269087
ba06764f
ba687a1f
3c213edd
3802e7de
3c290331
379e51e8
3a8c896c
3713150c
3a852568
bc650b5e
bc3a973b
3cb78432
385e4456
3cbaa699
3831d379
3b1589e0
379a9263
3b0ba42a
bd50f31f
3f7a8e38
3d2d9a88
3a5c09bf
3d2d998f
3a3ea2fe
3c288d53
39dbc0e8
3d71429c
3b636fe8
372dd7f4
3b636fec
36da6692
3a9e3830
373370ff
b86e103f
b89a939c
b5ba0bf4
b89a9320
b59ea814
b79c8ceb
b53b5650
b8c85b6e
b8872fc4
b5a25d9c
b8872f9c
b58aab3d
b788eba0
b523d4a0
b8af3c2e
b867a9ce
b58b1c30
b867a955
b56cde64
b76aa446
b50c6270
b8962664
b840fa7f
b567d2aa
b840fa05
b545d252
b7437c3f
b4e9e885
b87a3060
b81a5349
b538b433
b81a52ef
b51e4629
b71c5ddd
b4bb1b45
b8481f28
b7e76df5
b50a7646
b7e76f09
b4ecf7a9
b6ea89bd
b48c5315
b8161563
b79a43ef
b4b7daf5
b79a43f8
b49e4ecf
b69c6f01
b43b2ed6
b7c83528
b71a5322
b437bc1f
b71a528b
b41e4814
b61ab2a4
b3b9195d
b745fdfe
b9b48fc1
39881f26
bb327670
3d33e2ee
3c1517bc
bc9b56d4
3c1eac20
3d2345b6
bd9b7bc5
bda20446
bd936190
b9a66fe9
39899bca
bba0757e
3d430910
3c20d474
bca90ceb
3c2c7fbe
3d3296bc
bda93748
bdb0c714
bda2bbcf
b99fd2b0
398a30cd
bba1929c
3d4433ca
3c21cc97
bcaa5394
3c2df2b2
3d34129b
bdaa9f38
bdb23ab3
bda43390
b9a03989
39878591
bb9f6dfa
3d41145d
3c1f4732
bca76814
3c2af77c
3d30a81f
bda767e3
bdaecdf5
bda0e684
b9a29c92
3987d309
bb9f2ffe
3d40d8c2
3c1f3738
bca73484
3c2ab0da
3d3072fa
bda7314b
bdae961b
bda0b4e7
b9a0535e
3988c3ed
bb9efc19
3d40a673
3c1ee4d1
bca71c72
3c2a8256
3d303ea3
bda70964
bdae691d
bda08ac3
b9a12add
398842b2
bb9edd37
3d407e57
3c1ead96
bca6e83d
3c2a5c9a
3d3022ed
bda6e6a8
bdae467b
bda06a0c
b9a38036
39878e04
bb9ea993
3d406194
3c1ebc89
bca6cd9c
3c2a6feb
3d2ffff8
bda6cc2b
bdae2a5a
bda05135
b9a09966
398943b5
bb9eb8b5
3d404d66
3c1e96bb
bca6c7bc
3c2a3f53
3d2ff207
bda6bad1
bdae17de
bda03fe5
b99f948a
39871a7e
bb9e9501
3d4042fd
3c1eabec
bca6bb1f
3c2a358d
3d2fed5c
bda6b2b6
bdae12b1
bda0378d
3b0602cc
be1857a9
3b0e5711
b840227b
b986fdf3
3d69b8c7
bebb2de0
b319c5ad
bf7fd2d8
bb060443
3e17aab4
bb0e582c
379d1d57
3986fa57
bd69b757
3ebb2dd7
39342869
b2b9a260
b92c6881
b28b5f67
b6e268b2
b1e5fe38
34b41fd0
3933f9f2
b2b9670f
b92c3c09
b28b46d0
b6e22e53
b1e5c391
34b3f167
3933d4c7
b2b95524
b92c1876
b28b1e5c
b6e1ffa2
b1e59324
34b3cc3c
3933b8e9
b2b94fc3
b92bfdcc
b28b0ffc
b6e1dc9f
b1e56f92
34b3b063
3933a653
b2b9476a
b92bec06
b28b1962
b6e1c546
b1e55759
34b39ddb
39339d09
b2b92498
b92be321
b28aed1a
b6e1b999
b1e54d20
34b39488
b35e239f
ae2e3f23
b40464d3
2f167bfc
2f573c9d
2f008b0c
b2250657
33932ff3
315770d9
b934eb18
32b78bf1
392d49b5
328e8fa5
36e3cc09
31e9e617
b4bd7460
34dbf104
32f6942c
b9b4eb58
333a312c
39ad5bac
330ef0cf
3763b415
32684626
b53adead
350d142c
3319c5ad
3f801118
3b0616e7
be17fe40
3b0e7fdf
b7d5edac
b98727e6
3d69f5e0
bf58faeb
b341ceba
af7b6039
b3bd37b2
ade79f35
2f53fd66
2f34820f
b1f04ffb
34318d27
31579a1a
b934dbe0
32b7f88c
392d5071
328c76fe
36e3c620
31e8cd8d
b4bc5698
34d8f095
32f6c3bc
b9b4e20c
333a7d0c
39ad6216
3310af6f
3763ae20
32685107
b5393878
3514815f
3319e38f
3f8007eb
3b06240f
be17fa4d
3b0e7a10
b7d61119
b9871579
3d69e51c
bf592515
ba377cca
3527ffa6
3a2ffd65
35103cf7
3887ac9d
34a20462
b79c8051
3201cb6d
b00b672f
b52a4ff7
affbafc2
b35c2a20
af456039
32a089ae
345ddce2
b08a2bf6
b590b462
b06d5356
b3e161f4
b006994f
3301f68c
35843e14
b071f47f
b57d1ba6
b04f88a2
b3c51f71
afeb703f
32e355c6
35629e8c
b04f695d
b558defd
b031b28b
b3a8e799
afc9bccf
32c2cab9
353cc684
b02c509b
b534a7b6
b0141ad7
b38cb836
afa81275
32a2497d
3516f6f2
b009d6ea
b5107885
afece94e
b3611e52
af867062
3281cf82
34e26535
afcee2c9
b4d8a824
afb1931d
b328d474
af49a61f
3242b4ab
3496e7a2
af89f1e5
b49069df
af6cd766
b2e136f9
af067f00
3201ddb7
3416f5ed
af09bb08
b410778b
aeece73c
b25eb8e7
ae85017b
31806dd7
b6e4088f
344d505a
390f1530
ba3a5209
b803a3c8
b830fc43
b8b6b336
36ace035
391cd789
38f5b500
388484c4
b6e600d0
344f60df
39103138
ba3bb94f
b804d140
b831a7e6
b8b83588
36a3717d
391ebd3c
38f91039
38870479
b6e7e6e2
34515976
39114f26
ba3d1305
b8060837
b83201ad
b8b9b195
369582a7
3920cc9c
38fcd04d
3889fd9a
b9217cd2
39be1286
bacf89a8
3cfdefc8
3b769ca0
bb94fe26
3bb367d4
3c5fe614
bcfe0def
bd023ea3
bce240b7
b6e38116
344c8e6f
390ef1d2
ba39c432
b803b0f9
b82ed5a9
b8b652a6
36923967
391da048
38f7b19f
3887190e
b6e34203
344cc341
390eccdf
ba399448
b8038f62
b82ea803
b8b62370
36920f1d
391d7763
38f771f6
3886f63e
b6e31d55
344ca923
390eaf89
ba396df8
b80376a4
b82e82c1
b8b5fd6b
3691ee69
391d56d9
38f73ea5
3886da0a
b6e2ec1c
344bec98
390e994e
ba39513c
b80360cc
b82e68d8
b8b5e0fe
3691dcb5
391d3ea4
38f71878
3886c577
b6e2e1eb
344c2ebf
390e8a80
ba393e12
b80352c2
b82e55b4
b8b5ce9b
3691d1c9
391d2e47
38f6fed7
3886b795
b6e2cd09
344c0014
390e8334
ba39347e
b8034ace
b82e4e21
b8b5c57f
3691c954
391d265b
38f6f245
3886b0ac
42ffa430
3f8cd968
3b19d22d
be9dc48f
410918c0
c25ba169
b56f6ac9
bda630f4
bf26d5db
c2ff8125
bf4883b0
3932fd32
3e7339e8
c1091b3c
425ba172
bca5af35
3db213c3
3c8bc135
3da1cafc
3a2476de
bc9010f7
b91d6285
bca58478
3db1e5d2
3c8b9d2a
3da1a13f
3a244c73
bc8febd3
b91d39f3
bca56249
3db1c117
3c8b8053
3da17fdf
3a242a8c
bc8fce1d
b91d197d
bca548a9
3db1a58c
3c8b6ab6
3da166d7
3a241119
bc8fb7d6
b91d0127
bca53792
3db19330
3c8b5c4d
3da1562b
3a240026
bc8fa8f8
b91cf0ec
bca52f07
3db18a02
3c8b5518
3da14dd2
3a23f7ab
bc8fa18d
b91ce8d0
35916e22
37a355b2
b56fcb30
b7e34e27
b2605da8
3762aed8
33d35f04
b7023b36
33bc7324
3ca64a4f
bdb2215c
bc8c6a11
bda2ee3c
ba257aea
3c913ac2
391ec2ff
b770229c
354797b8
3d26615c
be3248f0
bd0c728e
be22cfdf
baa56883
3d111537
399f27fa
b824c3aa
356f6ac9
3d79b86a
3f3d3a08
42ffcde2
3f5d014e
39f0d2c8
be82cc05
41093f1b
c2fe992f
3583673f
37a34827
b610cb89
b7e32d85
b261ea7d
3762ac49
3474b610
b6e933d5
33bc96b7
3ca64693
bdb22abb
bc8c5b01
bda2e794
ba257693
3c912d9c
391f28ed
b7cf3810
3547be45
3d2660e3
be325248
bd0c7bef
be22c93e
baa56430
3d111fa4
399f55db
b88212ea
356f9958
3d799644
3f3d4c97
42ffc736
3f5cf84b
39f0b915
be82ba31
41093545
c2fecaa8
3da8c40c
c0204f89
bd8ea924
c0276ebb
bbc51e6f
3f4b0e14
3c08be7b
b6877d83
bb4ae4d9
388cd606
3b2bc138
36aa79bc
ba50f5f8
b70c5027
b8005c3c
bb442be9
38ea989f
3b89a921
3723b7fe
baa89f3e
b7631cb2
b8f33ca6
3b67b5bc
38cd2b95
3b70c986
370f30d7
ba937aab
b746a2a9
b8d069c9
3b468958
38afcbe4
3b4e506f
36f562c9
ba7cbc24
b72a335e
b8ad9c15
3b2561e0
3892708f
3b2bdc7b
36cc7037
ba528fa9
b70dcca2
b88ad623
3b0441c7
386a3791
3b09702e
36a386db
ba286c9c
b6e2d881
b850350d
3ac6571b
382f9f6f
3ace1c44
367546fd
b9fc9f83
b6aa2019
b80ac80e
3a84345e
37ea1fd3
3a896241
362398c6
b9a87f10
b662f15c
b78ad533
3a0440d5
376a35fc
3a096f3f
35a1c946
b926a1af
b5e06e77
40273cb7
bf9d338f
3fa685cf
3e2fa84c
c021049c
c039a64c
c02c3e24
bef7fbbc
bf1b3fef
bd2f53bf
bd1ac658
4028cf88
bf9e1ec6
3fa73fa0
3e30771e
c0226dd9
c03b3f5c
c02dca70
befcc258
bf1de649
bd3d7517
bd23e0fe
402a5ff3
bf9ed6f1
3fa7cd7e
3e311480
c023d58a
c03cd33a
c02f5371
bf010fd8
bf20d59e
bd4eda78
bd2ef878
401c9810
bf87e673
3ff8b372
3e7bf57d
c0033714
c073747c
c016615a
3fe00a43
c08b3eac
c082e2d3
c0737076
40272a86
bf9b8014
3fa50dd7
3e2df790
c020fa3f
c0397c0a
c02c24c1
befd0fba
bf1db0fb
bd4b163e
bd2b88dc
4026ff64
bf9b57f6
3fa4e342
3e2dcaa7
c020d0bb
c0394c31
c02bf858
befcce6b
bf1d884c
bd4ae22e
bd2b5c95
4026dcea
bf9b37e1
3fa4c132
3e2da6c8
c020af86
c03925ee
c02bd4d7
befc9a38
bf1d67cb
bd4ab7fc
bd2b3944
4026c30e
bf9b1fd2
3fa4a7ae
3e2d8bdd
c020969b
c039093a
c02bba37
befc7318
bf1d4f5a
bd4a98c1
bd2b1ee2
4026b1d2
bf9b0fcc
3fa496ab
3e2d79ee
c0208605
c038f61e
c02ba87a
befc5900
bf1d3f18
bd4a83c4
bd2b0d39
4026a934
bf9b07c8
3fa48e29
3e2d70f5
c0207db6
c038ec8a
c02b9f94
befc4bf7
bf1d36fb
bd4a790d
bd2b045c
b90afa67
b8b5439b
3a259a30
3d894883
bedbdf70
b375b7ed
ba0d17ce
ba9e484b
bf7fd695
ba7d7b07
3806018a
b9cae209
bd894636
3edbdf5f
b90c8e19
b99e0f20
39255032
b98f9a07
b763c549
387fa9ae
35911e13
b90c69d6
b99de657
3925258e
b98f74fb
b7638a94
387f67c5
3590f8a9
b90c4cd3
b99dc5bd
39250372
b98f575c
b7635b9b
387f330b
3590dabe
b90c3719
b99dad4b
3924e9e1
b98f4124
b7633863
387f0b82
3590c44b
b90c289b
b99d9cff
3924d8d5
b98f3258
b76320e3
387ef120
3590b555
b90c215c
b99d94d8
3924d04e
b98f2aef
b763152a
387ee3f6
3590add5
3382cde3
b3910598
b46550dd
33ca3739
2fa84b0e
b34888bd
b1e60c8a
3419598d
31ab91ff
390db1c6
399e1afc
b925eaee
39909c86
37652bfb
b880dd12
b595274c
354afd0e
3344cd72
398d9fd4
3a1e3e1a
b9a5d073
3a1081a3
37e51349
b900bbb9
b615a80d
356b16cb
3375b7ed
39d3fb07
3a6d923a
3f801282
3a35cad6
b83f2b6c
39eb2eda
3d896b4f
bf7ee0fc
33a40ce7
b391aa21
b428d2bc
33c973d9
2fa5b50e
b3483109
b14adb60
34a16158
31abb2db
390d983c
399e234b
b925dcfc
3990969d
37652606
b880d164
b593fcad
3533c999
3344f368
398d89de
3a1e4662
b9a5bc2d
3a107bc7
37e50d4d
b900c4f8
b6157eca
35779762
3375e7ae
39d3f0e4
3a6da98b
3f800f2a
3a35c368
b83f492c
39eb0ecc
3d896175
bf7f1281
3a0fba24
3c0e4a31
ba28230e
3c149b72
39087e72
bb342c34
b87c2c10
b5781e8e
37340c75
b4c53614
b7187114
b3e4e94a
36396cd7
3381ec57
b5c07477
372e1170
b4ab6d97
b7745d91
b462bcfd
36959eb7
33d168e9
b54e585b
b74da9ad
3572b126
b755b6d5
b4464ef7
3682dc16
33b72718
b530cd97
b73037f0
354ff23e
b7371e00
b429eba9
36604110
339cef33
b513473b
b712ca90
352d3885
b71889b8
b40d90e4
363ad53e
3382bf2d
b4eb8eea
b6eac776
350a8683
b6f3f879
b3e278f1
361571c9
33512a09
b4b0a0de
b6b00b57
34cfbda9
b6b6efb2
b3a9d867
35e027a9
331cdd6e
b46b7709
b66aafaa
348a787c
b673dfc2
b36291bb
35958229
32d140f5
b3eb8d55
b5eac5c9
340a8594
b5f3f6d1
b2e00fd5
3513da93
324ef029
bc145e32
3b8b85b8
bb9b569c
3983beed
3c0f72d2
3c26027a
3c1a8ec3
3ad3274a
3b02f8f0
3889f85e
38cd28a6
bc15c39d
3b8c567d
bb9c059b
39852e1a
3c10b3fe
3c2770da
3c1bf130
3ad73e9e
3b0554af
38a3b088
38deea29
bc1726ec
3b8cf9f5
bb9c8bb8
3986a3d8
3c11f38c
3c28dad6
3c1d504e
3adbd598
3b07f803
38c41f1a
38f511b1
bc15c9ae
3b8cbf48
3a8c2d66
3a6f16ea
3c39d5ce
3ae6db2f
3c32902d
3c9e615b
bcde7c82
bd0050e8
bcef4ae1
bc144e2c
3b8a033b
bb99fb40
39844d8c
3c0f6810
3c25de26
3c1a7544
3ad78604
3b05511a
38c100d5
38f079b9
bc1427e8
3b89dfa0
bb99d387
39842b75
3c0f4313
3c25b35b
3c1a4d6d
3ad74e5d
3b052eb3
38c0cf2e
38f03b82
bc140952
3b89c326
bb99b3c1
39841018
3c0f257b
3c259122
3c1a2d92
3ad721ed
3b051335
38c0a70f
38f00a0a
bc13f261
3b89adcb
bb999bf3
3983fbb4
3c0f0f4a
3c257778
3c1a15ae
3ad700ab
3b04fe8b
38c08989
38efe53c
bc13e318
3b899f92
bb998c15
3983ee09
3c0f0086
3c256662
3c1a05c3
3ad6ea6e
3b04f0ca
38c07588
38efcc66
bc13db71
3b899876
bb998424
3983e737
3c0ef920
3c255dd3
3c19fdc7
3ad6df44
3b04e9f2
38c06b38
38efc01d
bab7da3d
bf2c1053
b93b10f1
3bb0a5cf
368a7375
3bdb0e02
be80f866
3bd696f2
bf0ca0fc
3a2af88c
3ea713a0
3a58f604
bbb36d60
3ad8e8c1
bd81f7ad
3ad8e884
3de6eea0
b9441bde
bdb05fe4
392762b7
3ad8b11c
bd81d618
3ad8b093
3de6b301
b943e8fb
bdb0326b
39273790
3ad88419
bd81bb55
3ad883d9
3de68361
b943c0b9
bdb00e0c
39271508
3ad862e6
bd81a73e
3ad86261
3de65fa8
b943a206
bdaff2c4
3926fb26
3ad84cac
bd8199d5
3ad84c1d
3de647d9
b9438e2d
bdafe091
3926e9e2
3ad84118
bd819323
3ad84096
3de63be8
b94383e8
bdafd77a
3926e143
36d72cc7
b91bb176
b6d560fe
38e4510f
b3944361
38896734
361c33dc
38ae42bb
b4c9c27f
bacd5833
3d7d31db
bae7aaf7
bde58af4
39453b7a
3db1cbeb
b9242a22
38b72fe5
b660e0b7
bb503a48
3dff2b3c
bb5f6094
be662c3e
39c530b0
3e319e5f
b9a7a3c3
38fd99a4
b68a7375
bba7a1dd
3e40fc34
bba02a2b
3f29b75a
ba5c4922
bed37f1a
ba2ee5f8
3c4e2c57
37217462
b91baae1
3696895b
38e41758
b3937091
388949dd
35d24608
38b733aa
b4c9e8f3
bad1a0ea
3d7d3f0a
baea53a5
bde58194
39453601
3db1bbb7
b924b5c4
3917527a
b6610c21
bb537084
3dff386a
bb5b2b82
be6622c0
39c52b76
3e31ab19
b9a83dc4
396cdd63
b68a8e60
bba60e48
3e410f54
bba29d25
3f29b06e
ba5c6734
bed3623c
ba2e787f
3c4e186f
bbdc188f
3fe4daea
bbdc1806
c06c8195
3aeb08d0
4078973a
bc116f6b
b734bca2
3ca4bb8e
b734bde7
bc5bfabc
b5bfd44a
bb7e659d
371743af
b74de406
3cc90bcf
b74de566
bc7e3801
b64337eb
bbce6ff1
37718b1e
371f3896
bb291c5c
371f3808
3babd76c
b62abdea
bbb48d87
375341dd
37086cc2
bb10e658
37086c79
3b933d4a
b6124c9b
bb9ab4e5
37350404
36e349b7
baf167aa
36e348b4
3b754d92
b5f3c59f
bb80e40b
3716cf45
36b5c2d9
bac10d59
36b5c2b6
3b442b8a
b5c2fd50
bb4e31f2
36f1429a
36884a6c
ba90c189
368849ec
3b131814
b5923c13
bb1aa361
36b4ef88
3635b059
ba40f9d1
3635b017
3ac417aa
b54312c5
bace4887
36715d11
35b5c196
b9c10bd6
35b5c17e
3a442a28
b4c0e9fe
ba4c0019
35eeb150
bfc9142a
c09492eb
40246fb2
3eda7212
3fd3aa88
3f96fc05
3fc4b6e7
4094f4d4
408882b9
4024d78f
3fbd12e4
bfcd3a93
c096bc6e
40270371
3eddb300
3fd7d352
3f9a6f3a
3fc8aaac
40973c7b
408aae45
402785c3
3fc052fe
bfd1f586
c0990d00
4029e83a
3ee14b14
3fdc93e4
3f9e6e09
3fcd2cb5
4099b777
408d0f03
402a7563
3fc3e430
bfd546ac
c0907c2c
40225920
3ed7bb6c
3fded881
3fa4a7f4
3fd0c243
4093972b
4087c93d
40233b29
3fbb6505
bfce1401
c095e1ca
40272d57
3edd66bd
3fd8ccd2
3f9bb112
3fc984a1
4096ae57
408a4bf5
402707dc
3fbfc837
bfcddec4
c095bb1f
4027022f
3edd2da7
3fd894ef
3f9b88ea
3fc950a0
40968779
408a2845
4026dcc5
3fbf96bc
bfcdb446
c0959c35
4026dfb6
3edcfff2
3fd86839
3f9b68be
3fc92720
40966862
408a0bc4
4026ba4f
3fbf6f30
bfcd9463
c0958507
4026c5d2
3edcddbd
3fd84697
3f9b5099
3fc907fc
40965118
4089f656
4026a07b
3fbf5184
bfcd7f29
c0957595
4026b499
3edcc6e5
3fd83044
3f9b40ac
3fc8f33c
4096418e
4089e811
40268f44
3fbf3dbe
bfcd7499
c0956dd9
4026abf2
3edcbb7f
3fd82513
3f9b3892
3fc8e8ba
409639c6
4089e0f5
4026869d
3fbf33e0
39ff8cfd
3c2846cb
bed63260
b84cad8d
beb6491c
baa70b85
beb64b0e
ba8cf517
be888380
b9ac7cdd
bd358da7
3ed61a3b
bdb5a735
b9a72428
bdb5a71f
b98c6e53
3e3b70a4
3825a087
bc0b0e62
bdb57857
b9a6f82b
bdb57842
b98c4a39
3e3b4054
382575b3
bc0aea88
bdb552d9
b9a6d432
bdb552c9
b98c2d8c
3e3b19ac
3825539e
bc0acddc
bdb536c5
b9a6bc7f
bdb536b3
b98c1754
3e3afcb2
38253a0c
bc0ab85a
bdb5240b
b9a6ab28
bdb523f7
b98c0b1f
3e3ae95c
382528ff
bc0aaa03
bdb51aaa
b9a6a2cd
bdb51a99
b98c00e4
3e3adfb0
38252044
bc0aa2d7
b6f313c1
b44fd97e
b949bc09
349303a1
3686b845
3405af3b
b59c79e1
b89b4580
368e1e09
3db6cb06
39a67c9f
3db6880c
398d4d8f
be3bc852
b82689ca
3c0c0b37
39897c9d
3823a37b
3e36ca7f
3a26a431
3e36c42d
3a0d3b9f
bebbe03e
b8a67a67
3c8bbdc9
39b47ab9
384cad8d
3e88f5a2
3a7a8f59
3e88f7a1
3a53d87e
3ee69621
39c17745
3d12e659
bf7830aa
b6b13fb0
b4eee83a
b90a54c1
33d8d835
36869683
344e0261
3637938d
38810d83
368e3946
3db6b9ec
39a6793d
3db6b140
398d22af
be3bc36a
b8267eba
3c0c3713
39cd32e8
3823c30a
3e36b5c8
3a26a51e
3e36cecb
3a0d5afc
bebbdb56
b8a695d4
3c8bbb08
39ba60fa
384cd555
3e88ebd4
3a7aa7f1
3e88f409
3a53cfda
3ee6b596
39c15ce8
3d12dbd0
bf7860e2
3eb96768
3c167940
3eb96752
3c1162f5
bfdfb4c8
bae9789d
3ef1a36a
b99b8329
373e9a8a
b99b838b
b72ef168
bad82f3e
360669a3
b9f7f894
ba18bccc
37339e2d
ba18bd0a
b7890bb1
bac390cf
3641db76
ba48a9c6
ba055711
b75981bd
ba055702
b75100cb
3b2331d0
36298d01
ba2f80b4
b9e4800a
b73a5eab
b9e47ff0
b7331293
3b0bd54f
3611478c
ba166126
b9be579e
b71b38c2
b9be5789
b7152cdc
3ae8ff9f
35f212ec
b9fa924a
b99837b1
b6f84786
b99837a4
b6ee964d
3aba5f1e
35c1a149
b9c86d82
b9644638
b6ba2cd7
b9644623
b6b2e684
3a8bc579
35913714
b996501f
b9182844
b67829b8
b9182831
b66e8092
3a3a7392
3541b69d
b948837b
b89836ad
b5f83d51
b898369d
b5ee962a
39b8634b
34bf91d5
b8c64b73
3cb3577f
3b7866d8
3f08c1bc
3ebfbd2a
3d97ec61
be31386c
3d96ceb5
3f0c67ee
bf358c15
bf099f12
bec00a38
3cb4e4b3
3b799c63
3f09d5ce
3ec1087c
3d98f75d
be327131
3d97e153
3f0da134
bf3702c7
bf0ab1a5
bec1821d
3cb66898
3b7a8837
3f0ae8e4
3ec22d23
3d99e4d4
be3387be
3d98d4bf
3f0ec719
bf385815
bf0ba1c0
bec2ba8c
3cae220e
3b7c78a6
3f06c588
3ec370fd
3d9b5514
be342264
3d9ab067
3f0d54f1
bf38ff91
bf0e58dd
bec9fef6
3cb2f63a
3b753aca
3f08a61f
3ebec6be
3d9734a4
be305753
3d960af0
3f0becc0
bf34aecc
bf08c80b
bebe924d
3cb2cae1
3b750029
3f0882dd
3ebe9583
3d970d5d
be3029dc
3d95e499
3f0bc8af
bf348045
bf08a4c3
bebe6127
3cb2a4d1
3b74ccb4
3f0866ba
3ebe6e24
3d96ece5
be300537
3d95c663
3f0babc9
bf345b06
bf088889
bebe39d4
3cb28a78
3b74a231
3f085192
3ebe50aa
3d96d664
be2fea0d
3d95aee8
3f0b9641
bf343f0f
bf08735e
bebe1c43
3cb274cf
3b7487ba
3f084376
3ebe3cfa
3d96c720
be2fd7a6
3d959f24
3f0b87c9
bf342c69
bf08654a
bebe08b2
3cb26df9
3b747ebb
3f083c71
3ebe3325
3d96bfd6
be2fcf15
3d959793
3f0b8088
bf342316
bf085e38
bebdfed6
3a060d87
bc9390cb
b59c7f79
bc8a7cc3
3df5e7fe
bc8cc282
3e70c47b
ba4a2da1
bea7f647
bb0a261b
3c92fa0e
bb8c101d
3cf12045
bb8c1025
3d72bf9b
b94e7f1a
3e2be10b
b9d2d55e
bb8bebf1
3cf0e23d
bb8bec01
3d7280db
b94e49b8
3e2bb4b9
b9d29f04
bb8bcf1e
3cf0b064
bb8bcf23
3d724ed8
b94e1f3c
3e2b9147
b9d2738e
bb8bb95d
3cf08afb
bb8bb95e
3d72295c
b94dff13
3e2b76b4
b9d252f4
bb8baad4
3cf07222
bb8baaeb
3d721047
b94dea6c
3e2b64fa
b9d23d33
bb8ba3b4
3cf065b5
bb8ba3d2
3d7203af
b94ddf09
3e2b5c1f
b9d23255
b782a661
b8fa48e9
b7293178
39443935
b48bef49
393e1d24
b6108782
3903a54c
33b0c66f
3b8b5e2e
bcfe016e
3b875b13
bd6bfb0f
39428648
be2b7fcd
39d16c85
39109578
356b4d8a
3c0b791f
bd7aeeab
3c098f78
bdee0d3c
39c59233
beabda8b
3a528248
392c628b
359c7f79
3c4dc626
bdb9a768
3c53f9f3
be343442
3a16a5f3
3efe5571
3adff14b
bd2abe24
b720aaac
b8fa4a3e
b61d0730
39440d94
b48bfdf0
393e0bb0
b62fc91d
3910864d
33b0e932
3b8ab8d2
bcfe0ed2
3b85ae92
bd6bf16d
39428172
be2b7049
39d09ae2
3966d30c
356b7abc
3c0ada54
bd7afc15
3c0a60e4
bdee033d
39c58ccb
beabe6e6
3a523573
3998cb61
359c9dd4
3c4e3bcb
bdb9b93e
3c529630
be342cf1
3a16ba7c
3efe32d6
3ae04332
bd2b21e0
3c8bfd1e
bf62bd9e
3c8bfd2b
bff43fa6
3ae83e8f
c0f0ab9e
3cb72ec6
391cf3d9
3c80bada
391cf3f6
bcb5aa04
38589e50
bc6c0d38
b7bba783
39324454
3ca3def1
3932447b
bcddf027
387ebe31
bc7ecbf6
b8181ec8
b7cd9f32
3a9cdf95
b7cd9f55
3b34a259
b633c910
3c2ff36c
b8050be4
b7b02f1e
3a8669e9
b7b02f05
3b1ac5ff
b61a0ca7
3c16c372
b7e4006f
b792c30d
3a5fef72
b792c349
3b00ed67
b6005771
3bfb3610
b7bdf482
b76abbc3
3a33154e
b76abb8c
3ace3548
b5cd514f
3bc8f089
b797f11c
b7300258
3a064833
b730027e
3a9a9eeb
b599fb55
3b96b260
b763e69a
b6eaa3fc
39b30313
b6eaa406
3a4e2055
b54d68a5
3b490699
b71801be
b66aba32
39331436
b66ab9fe
39ce33b9
b4cb21df
3ac6cd0b
b6965322
3f5fec28
bfb470c7
409e60f2
3ecdc651
bf2d809e
bf91f7d7
bf9a9445
3ee06543
3f90bf1b
3fa8bcf7
3f775c4b
3f5dfd0f
bfba0781
40a091e7
3ed18522
bf2abcfb
bf9188a1
bf9a1790
3ef2e7d9
3f964318
3fad0c15
3f7d235e
3f5afa3f
bfc0962e
40a2fd9b
3ed5c270
bf26d834
bf90a362
bf9919d4
3f04d80d
3f9cd95b
3fb20905
3f81deda
3f5d91e8
bfc21935
409f6510
3ed1b16c
bf2a3a22
bf91ccc4
bf991713
3f07d1f3
3f99f4f0
3fade3f4
3f7c532f
3f56b8ef
bfbcb5a2
40a05d4a
3ed216b8
bf23cece
bf8e0754
bf96439c
3f027b73
3f99e3d2
3fae830a
3f7e5a34
3f5681b3
bfbc84e4
40a033ed
3ed1e092
bf23a48c
bf8de2a9
bf961cdd
3f0259ca
3f99bc20
3fae560e
3f7e189b
3f565557
bfbc5dfe
40a012e2
3ed1b536
bf2382b2
bf8dc575
bf95fdcf
3f023eda
3f999c76
3fae3208
3f7de43d
3f563430
bfbc40d3
409ffa0d
3ed194c4
bf236984
bf8daf8d
bf95e688
3f022ae2
3f998484
3fae171b
3f7dbcdc
3f561e17
bfbc2d6b
409fe987
3ed17f11
bf23589e
bf8da0c0
bf95d712
3f021d65
3f997490
3fae0511
3f7da29f
3f5612cd
bfbc23ac
409fe13c
3ed17441
bf235025
bf8d998e
bf95cf6b
3f021682
3f996cc2
3fadfbfb
3f7d9592
bc601997
3a23abbb
be08c959
3a32a1cd
be0f6e85
3a1f20fe
3e4d1acf
38af782f
be879a77
3cae52bc
bd1a281e
39370a39
bd1a26c5
391a9683
3d4c0a20
37abef82
3e3bc150
bd1a00bc
3936f81c
bd19ff36
391a2119
3d4bd58c
37abb81a
3e3b90ea
bd19e121
39363569
bd19df6a
391a0b2d
3d4bab7b
37ab43b7
3e3b6a34
bd19c8bb
39362c58
bd19c760
3919fa40
3d4b8be8
37abf9e8
3e3b4d27
bd19b821
39378ca7
bd19b77a
391a4a91
3d4b76dc
37ab0c11
3e3b39ca
bd19b02f
39356e41
bd19af5a
3919e933
3d4b6c70
37ab48ef
3e3b301e
bad703ac
b3d3982d
3b060ec8
b70d4117
b61b5093
b592292a
38b2ffba
bab188a8
b85e2216
3cdab354
b932e0be
3d0266fe
b921ce8b
bd4e4189
b7b9703f
be3c0832
bbf1878a
ba01e787
3d6a5f1d
b9b02fe8
3d809947
b99ba18a
bdce0065
b83badee
bebc0f4b
bbe29a38
ba23abbb
3dc47d0d
ba091797
3dcf187b
b9f4e16e
be1a3181
b882dbb0
3ee602f2
bd47bf98
baef062d
36445f11
3ad6b55c
b6b1f653
b6182533
b5f0c25a
384b2e43
bb39365f
b85e4cbd
3ce3d24f
b9365ea0
3cf29358
b91ee28b
bd4e3c41
b7b21fe8
be3c2192
bb9d5ba8
ba020091
3d6e85c9
b9b2494a
3d6a15f3
b99e2ae3
bdcdfb07
b83933b4
bebc11ce
bb86ce86
ba23cb8d
3dc0d637
ba059a20
3dd78993
b9f6fe80
be1a468a
b88670c3
3ee62514
bd579633
3ddc3240
bba4e294
3ddc2f35
bba097dc
bef5aca6
ba79a1e1
c1227003
3ca0a891
3732499b
3ca0a892
3718b7f4
3a981cf4
37146352
bc143814
3cd6354e
37ab0749
3cd63551
378b2993
3b11d75d
378d6606
bc00213a
b9624ff1
36ef5022
b9624d36
36e5bfce
3a31a5a3
35af9a1f
3c6cf73b
b941eb30
36cce644
b941e5fe
36c512d1
3a18376b
3597c5b6
3c4b0b47
b9218840
36aa7945
b921879a
36a46bf1
39fda21b
3579dd20
3c292985
b9012d51
3686ae62
b9012b6c
3683c85f
39cae075
3548cb74
3c074f54
b8c1b90e
364ab639
b8c1b540
3644f10e
3998261e
35178716
3bcaf447
b8812077
3607b541
b8811f1d
36036620
394af68f
34c83441
3b875e2f
b8012c11
3587b8bd
b8012a5a
3583c842
38c8b790
34480454
3b05de9a
3cac8bad
bb0907f1
c070e920
bec13d64
bda00b09
3dbd0e04
3df0ec98
3f1955ab
3de08794
be30c23b
bfff87a7
3cb09ab5
bb0a5757
c0737739
beb9277d
bd9a25cb
3dacb16d
3dfbe7b7
3f1fe2cd
3d9c3136
be57ac53
c0038382
3cb56193
bb0b6845
c0763856
beadb255
bd9189ec
3d964672
3e04e921
3f282869
3d004b32
be85a8b9
c00813ac
3cb3fafa
bb0ca315
c06e339b
bea4a6a2
bd8ab52d
3d8a1f55
3e01470a
3f2400a8
3c8469cb
be869b5f
c00304a1
3cb19ea2
bb08d1a4
c0723b2e
beaa731e
bd8edb75
3d93016a
3e02ad26
3f24f0b6
3cf21d74
be83858a
c0054497
3cb19901
bb08abee
c071fc8a
beaa47ad
bd8eb2cc
3d92edab
3e02864c
3f24c69e
3cf2179e
be836352
c0052236
3cb1a79d
bb088c39
c071cac9
beaa239c
bd8e86af
3d92d4b3
3e026963
3f24a58d
3cf1d2ae
be83480d
c005068d
3cb157fb
bb07659b
c071a507
beaa09b1
bd8e7443
3d92c231
3e025107
3f248afd
3cf191fb
be83346d
c004f21c
3cb1769d
bb07af59
c0718bf7
bea9f80e
bd8e74fd
3d929f32
3e02484d
3f247953
3cf182ee
be832680
c004e463
3cb162ea
bb080291
c0717fcc
bea9ef6a
bd8e7de5
3d928e1f
3e0243e1
3f247132
3cf167a7
be831ffb
c004dd8e
3cd870d9
3f9b4a77
3b6d44d0
3faac955
3b65d6ef
3da63f43
3a0fb149
3df3107f
bf855fe8
3ecdd999
3a4c5980
3ecdd9fb
3a6cd5c5
3d08ec88
3938b16f
3cd8fbf9
3ecda749
3a511cac
3ecda4d9
3a6dd27f
3d08ca53
3935d55e
3cd8c3ff
3ecd7cac
3a4ecedf
3ecd7a10
3a6e289b
3d08aea1
393632f7
3cd89742
3ecd5c23
3a4de9d7
3ecd5a26
3a6bb729
3d0898e4
3937956f
3cd875c0
3ecd4545
3a485173
3ecd4500
3a6f03c5
3d088d86
3937c2fe
3cd85f6a
3ecd3b56
3a4f6214
3ecd3a71
3a6db24d
3d0880f4
39348a6d
3cd85440
3ccc64b3
b778f7fe
bd90be30
39364f01
39d461c8
3885bee0
bad21719
3bece1dc
37059155
be2c3ddd
ba855282
be8b7eb9
ba657c25
3a11dd49
b84b9e89
bcdf5497
3e1d7188
bbc403af
becd9929
baff85fe
bf00d771
bac8a8cd
bc5fb26c
b93a630a
bd7785d0
3e2527c6
bc9e9145
bf57df64
bb2587fa
bf62aff0
bb1df47e
bd439768
b9c57fc2
bdd18dff
40140e84
3ce77c89
b8ec81b5
bd55eaf5
38bcd419
39d39475
38b93e2d
b97eca44
3d6b7e34
37043695
be3a0b77
ba824a48
be651662
ba5e0bbc
3a11a533
b8619808
bcd5f383
3e115b39
bbc42a71
bedec4eb
bb020d7a
bedd7dab
baaba59b
bc5fb4ff
b925c510
bd660336
3e4a0086
bc9eafc6
bf5132f0
bb24c915
bf749374
bb1df379
bd43b340
b9bc5987
bdce00c7
401ad94e
bf38fa93
bca34109
bf38f054
bce25f2b
bb19e327
bba22ac7
bfbc4ad5
bec678aa
ba9f64bb
bec678ad
ba4f5934
be09a84f
baa0fbdf
3a318b3a
bf06fa0d
bad8530c
bf06fa0e
ba8b94cc
be3d63d2
badce169
3aaffe1b
3b171ab6
3802c4cf
3b171810
382da741
39ee6c88
373c2cce
3b08eda7
3b017b86
37e2fe9c
3b0174ed
38173e3e
39cc4bd3
3720eadb
3aeaa734
3ad7b54a
37be9ae4
3ad7b366
37fc8610
39aa3031
3706300a
3ac37f54
3aac8038
379d607b
3aac7b45
37c7fdb9
3988235d
36d69d09
3a9c5ff1
3a8158dd
3763b5f4
3a8154e9
3799325c
394c3aea
36a1556b
3a6a8ccb
3a2c6db4
3719e606
3a2c6cd9
3746c011
3908393f
3655cbee
3a1c70fb
39ac7dd9
36996214
39ac7ab0
36c7ffe5
3886b2cd
35d1f341
399ab5c6
3c275979
bc8acacc
be30fffa
bf45209f
be28ac37
3ea5fcfb
be2a96f4
bf2c5b0d
3fa90138
3fabaa4e
3f8f8354
3be581c8
bc8cbc0f
3d850b9a
bf938295
be738d4c
3eff435c
be826663
bf879ce0
4000b46e
40051d73
3ff280fa
3afa549d
bc8e18ee
3ec66c68
bfd64d9f
bead2edb
3f3c24fc
bebf7a81
bfcb203b
403c8818
40457986
403c9118
3ae58428
bc9047c0
3ec6ac19
bfd72e01
beadc8a9
3f3e0700
bec1bae6
bfcccccd
403e5900
40474d8e
403e3c9c
3b0e8d01
bc8bfc5c
3ec71a1b
bfd39e87
beaa7f87
3f3a723d
bebe0cc6
bfc890d4
403a7992
40431615
403a6c30
3b36fbc7
bc8cd72d
3ec6ce35
bfd3685e
beaab48c
3f3a8390
bebdeed5
bfc86b6d
403a4453
4042e48c
403a3966
3b2174f9
bc8c4c37
3ec6c185
bfd341cb
beaaa382
3f3a3519
bebda094
bfc847b2
403a204e
4042ba6f
403a11aa
3b403766
bc8c8475
3ec67e96
bfd31ce3
beaa94ce
3f39fb3a
bebd7780
bfc821c0
403a017d
40429e5f
4039f8b7
3ad6e1a1
bc8d5da1
3ec6633a
bfd3079b
beaa5ef3
3f3a1271
bebd68f5
bfc80670
4039ed0e
4042879e
4039e465
3b27511c
bc8c9995
3ec67252
bfd2fac4
beaa63b1
3f39f3f5
bebdb677
bfc80201
4039e743
404282d4
4039dd28
bd879e7f
b95ee6e5
bd8bcc48
b94b5a8b
bb77c7f1
b7f66ea2
bbef87fe
bf68ad94
bf77f4e2
bc9629dc
b8591c0c
bc9629eb
b84edb93
ba9e70ef
b70a2d86
bae8434f
bc960400
b85b3304
bc96037a
b84f1fc6
ba9e48a8
b70947d9
bae80765
bc95e4cf
b859c111
bc95e41d
b84efbf4
ba9e2899
b7094e18
bae7d77c
bc95cd91
b85a160d
bc95cd34
b84e4619
ba9e1002
b709a6a2
bae7b392
bc95bdb0
b8581d8b
bc95bdc0
b84f72f6
ba9e0169
b709a8c0
bae79bac
bc95b639
b85aa7f6
bc95b5e9
b84e9a89
ba9df5b8
b708bd6e
bae78fb2
ba2de51e
34d06faa
3af3cadf
b69a33d3
b7341c9a
b5e1131f
38321e53
b95042e5
ba6101f9
3c50e422
38759192
3c8354a6
384c510f
39f9f748
36b78eec
3ae67491
bc87fb9a
bc32d2ed
3cf27b2f
38dacd07
3cff15fc
38bc6d18
3ab0f6ab
3754b7e5
3b6fd94f
bd56025b
bcabcb2a
3d469887
39228002
3d492f05
39141250
3b28a224
37b22472
3bbb77c7
bde00369
3f77f4e2
ba44e19b
36471f48
3ab4464e
b6200602
b7336f99
b61be6d8
36e0b115
bac76f6f
ba612ff9
3c55c424
3870b5a4
3c69929c
383d8600
39f9f801
36b0e570
3ae1f880
bc83aae1
bc32f5cd
3cf5d277
38dd675d
3cf881fb
38b88997
3ab0f2b2
374e9c2c
3b6cd61d
bd58d096
bcabec93
3d44a810
39224fd5
3d4e44c6
39140f49
3b28b97b
37af7a47
3bba660a
bde3ff63
3f782512
3d6185f9
3abcae4f
3d618269
3acfcc19
3b9b8b28
39a119c9
3dc99cbb
3c2844e3
38055e02
3c2844e5
37aa92da
3b69cbdc
3808205d
b86db8fb
3c18cc1f
37eb9d77
3c18cc21
3793c2af
3b572bc0
37f9068e
b8e415b6
b8dc742a
b60d9378
b8dc72b9
b6195b64
b789f21a
b50d2f70
b91291d3
b8bce5db
b5f36f12
b8bce20c
b603eb2e
b76c6674
b4f1c8f7
b8fb2d06
b89d59c1
b5cb3ed0
b89d5924
b5dc2f06
b744f0d7
b4c97ded
b8d14330
b87baa9f
b5a39cc6
b87ba7b5
b5af8f86
b71d88fa
b4a129e2
b8a762a2
b83cb461
b572f506
b83cb2d7
b58478a2
b6ec4f46
b471f5da
b87b10a0
b7fb90cc
b5223318
b7fb9098
b52f3423
b69d9e35
b420f793
b82774fe
b77ba918
b4a20108
b77ba6f9
b4af90d1
b61bdbf8
b39ec15d
b7a59a94
ba3c6282
3a4f4ab6
3be7de51
3d6dd345
3c4a619a
bcc96a92
3c504136
3d53a5ec
bdcc3774
bdd16840
bdb50c10
ba270606
3a51aba0
3a4cd9ea
3d8c3c70
3c6b2e57
bcf02ee9
3c776b11
3d7eb6d2
bdf2c698
bdfab415
bde01e34
ba0c78fc
3a533fc8
bba24f19
3d9fe0a3
3c84c1f2
bd09faf8
3c8dd9fa
3d9358a9
be0b2747
be106cac
be03f3e1
ba0df1c5
3a559337
bba26fd5
3da0c0aa
3c857868
bd0afa5f
3c8f0549
3d947202
be0c41f9
be119667
be05083f
ba0e083e
3a4f9428
bba45dd2
3d9d6be9
3c82a721
bd07f3b2
3c8bcfec
3d90d13c
be08da02
be0df158
be01ad6b
ba0fc55d
3a507641
bba40cf1
3d9d4328
3c828d27
bd07eca2
3c8bb02c
3d90acac
be08b6cf
be0dccfa
be018ade
ba0e9aab
3a4fdb5b
bba40d42
3d9d23f9
3c826c76
bd07bc91
3c8b86f6
3d90949c
be089b28
be0dafd4
be016ff6
ba11e4fa
3a4f9902
bba3b07e
3d9d0af3
3c826eca
bd079edf
3c8b842c
3d907887
be08851e
be0d99ee
be015d06
ba0a68e5
3a50e36b
bba3b658
3d9cfab9
3c824ca9
bd07a273
3c8b6823
3d9069c4
be08769b
be0d8a4e
be014efa
ba0e3030
3a4f649b
bba3b00c
3d9cf1d5
3c825821
bd079384
3c8b796f
3d906622
be0870e4
be0d865a
be0148f1
3b05f581
be18afb2
3b0e48cb
b82ee77f
b986eec5
3d69a16e
bebb1b35
b397440f
bf7fb5be
bb05f6c5
3e178c9e
bb0e49ea
37b3c182
3986ed85
bd69a01a
3ebb92b8
396d0956
b27fe530
b96817ce
b261b255
b687a5be
b0fe2b87
3486725d
396cd861
b27fc516
b967e7e1
b2616cc0
b68789c0
b0fe0184
34865699
396cb3ac
b27fd260
b967c3ec
b26139aa
b68774bc
b0fe0667
348641c8
396c9b34
b27f7eda
b967abfa
b26196eb
b68766c3
b0fdf225
348633f2
396c8efa
b27f9da0
b9679ffe
b26112b0
b6875fba
b0fd8d11
34862cf7
b37a07a6
ae2f5de9
b3e9448c
2eccac71
abe303db
2edd985b
b21e2503
338c1db0
31906e92
b96e0431
327be02a
39696248
326739c2
368849f5
3103049a
b48fdcb0
34d2eae9
333c038a
b9ee00bb
32ff9f39
39e97590
32e611a7
37084edc
3180515d
b50cb455
35101bd4
338b3569
ba327a71
33436748
3a2f0478
332dc022
374c7386
31be5464
b54ce257
355d1feb
3397440f
3f80044f
3b060985
be17ef14
3b0e71a6
b7d5d852
b9871a69
3d69de86
bf58e543
b36140d3
af64eca5
b3a58089
ae62e48a
ac954ccd
2f1d27ef
b1ec22a2
3422c337
31908ae3
b96df04f
327bfb86
39695ec1
3261846d
36884678
3100b239
b48ee1db
34d58527
333c27ea
b9edf0b1
33005f15
39e97545
32e8eedd
37084b48
317f561c
b50b9d6e
350f14ba
338b5063
ba326e72
3343306f
3a2f0412
332d8d9a
374c8f6d
31be583f
b54cb9e0
353ab950
33976174
3f8000f9
3b0616ab
be17eb22
3b0e8301
b7d5bdd2
b98707fe
3d69cdc4
bf590f69
ba716514
34e779e0
3a6cee58
34e91247
38225ae0
33b1d6c8
b769aa3d
336e0a0a
ab6071f1
b50468d3
ae4ef0b7
322b47c4
2f97fb26
32154959
340db501
af8a457e
b581b1c5
af98e011
b253cc55
2f6faa80
3289134a
34caf6c0
b026f7e8
b5aa8960
b027f95f
b36c70d6
af025255
32a9db3f
35953bcb
b00f47c7
b5921f0a
b00fe699
b34a9822
aedf4c86
32918a9a
3578a010
afed8ca8
b57370aa
afefff04
b328c990
aeba0d0e
32728285
3546d3a9
afbe6117
b542ae21
afbfd91a
b307029e
ae94d18f
3241fab4
3515160c
af8ebd2d
b511fa16
af8ff4a5
b2ca8133
ae5f4309
32117a1a
34c6bf7f
af3e8337
b4c29a64
af3fbdc5
b287116a
ae14d3da
31c20fe9
3446d253
aebdd61b
b442acd1
aebfd80c
b20592be
ad9313ee
313fea32
b7025e77
3451d9cc
394cddb7
ba75199e
b828f3d2
b881b71c
b8f004d9
37babef3
393b10fc
3912c9b7
38976f27
b7037f21
34541edc
394e5799
ba76efc6
b82a58de
b88275a4
b8f1f30d
37ba6d63
393d10dd
39148073
3899b818
b7049caf
34564f6e
394fdd8e
ba78c062
b82bd6d6
b882fab1
b8f3e6cb
37b8562d
393f60bd
39169004
389cc709
b705b56f
3457c031
39515b65
ba7a7fcc
b82d5213
b8836ce1
b8f5cc51
37b5e4f4
3941b0f9
3918a624
389ff1b9
b9227381
39be0025
bac7bc49
3cfc00ad
3b75ee23
bb95927a
3bb27098
3c6015d5
bcfdb708
bd021920
bce215f3
b702281c
3451dd01
394ca016
ba7464b0
b8291a36
b880290f
b8ef8f40
37b09f15
393c563c
391450e2
389b3c17
b70212d2
3451b99e
394c75fb
ba74323c
b828fa75
b8800d79
b8ef5d5e
37b07a08
393c2f44
39143223
389b1ba2
b701f722
3450d0ac
394c5636
ba740c64
b828de29
b87ff458
b8ef3806
37b05ff0
393c1261
39141b39
389b03de
b701eda2
34514a5f
394c4104
ba73f329
b828cc5f
b87fd90b
b8ef1fd5
37b04e9c
393bfecc
39140be9
389af3f5
b701e43d
3450f971
394c3680
ba73e68e
b828c1f7
b87fcd7b
b8ef1386
37b045a5
393bf545
3914044b
389aebf7
42fd9259
3f927dc7
3b0787a8
beb187fd
4107fc28
c259d9cc
b694436f
be03c590
bf2a6828
c2fd55ed
bf487b91
b8510298
3e6b29ba
c107feb4
425a6505
bcd2526a
3d89123d
3cc0b137
3d937875
39d2e970
bcbf1d10
b9023dee
bcd226f7
3d88f5f0
3cc0896d
3d935a02
39d2bde8
bcbef59d
b902230a
bcd20668
3d88e0b7
3cc06b95
3d93432c
39d29d43
bcbed808
b9020ee0
bcd1f0b2
3d88d293
3cc057b2
3d9333f4
39d28779
bcbec44a
b902016d
bcd1e5da
3d88cb7c
3cc04dbf
3d932c58
39d27c96
bcbeba6e
b901fab9
b507f4fa
37cfeab7
b68066fb
b7930e29
b1f9326a
3757f2e2
b5284954
b64c57e1
349bbab3
3cd2fe44
bd8861e0
bcc1afab
bd9482ca
b9d4424e
3cc09ed5
39015670
36ced499
3643a72d
3d53176b
be088d36
bd41b806
be147109
ba542f16
3d407eac
3981b08f
b7d1d4aa
368b0ba2
3d9e4ba8
be4d23d5
bd91440e
be5e88fa
ba9f1139
3d90462a
39c4c76f
b80c70ff
3694436f
3dd31df1
3f3ba973
42fda565
3f5b2cda
39ee3be3
be81b49f
41082263
c2fc8904
b4562872
37cfce01
b6a594c8
b793009c
b20032bc
37580445
b4d8d2b5
3501df0a
349bd90c
3cd2f917
bd88690c
bcc1a8ad
bd947cb6
b9d43cb4
3cc08d64
3902128f
b5a0f467
3643cd01
3d530d24
be089463
bd41b5dd
be146afc
ba542987
3d408c7c
3981c4ba
b82c819c
368b269a
3d9e44f5
be4d37f5
bd91438e
be5e7fe9
ba9f26ec
3d903281
39c4701a
b826d3b2
3694603f
3dd312a7
3f3bbbdd
42fd9ec8
3f5b478c
39ee92c0
be81a2f1
410818a1
c2fcba16
3dd62a75
bff58cf9
bdc4bfab
c018a506
bb7cd7e8
3f86b723
3be2605f
365c0e7f
bb71553b
3885681c
3acbf7d2
362f8ee2
ba373b4e
b6996c01
b725c60d
bbb9e31f
38e88ba5
3b36c56e
368077aa
baa482a1
b70a5345
b8420710
bb8b5b30
390d95fb
3b5bb184
36b7d0c6
bac3d695
b7248b42
b9046a23
3b18f934
38f2a171
3b3c3d89
369d8093
baa7cdc9
b70cfd4e
b8dc9ac8
3afedb1d
38ca1cf0
3b1cce3d
36833845
ba8bcd71
b6eaecdb
b8b06b27
3acbcf3d
38a1a17b
3afacbde
3651ebbf
ba5fa6b8
b6bbe99e
b88448a6
3a98d288
38726418
3abc0df1
361d6ebc
ba27baca
b68ced56
b8305944
3a4bba9e
38219117
3a7ab274
35d202cc
b9dfbf3a
b63bfe37
b7b069f7
39cbcdca
37a1a063
39faca28
354fafc9
b95d4550
b5b9e9a5
40017e3b
bfa8d85c
3f951790
3e50196c
bff82bf9
c011f406
c0051b40
bd992180
be5ffadc
3dfacf78
3d67de20
4002cb5a
bfa9f771
3f95cc57
3e513c91
bffa82d2
c0134b43
c0066325
bda457fa
be66e29a
3df74f86
3d630cfe
4004386c
bfaac9aa
3f96486a
3e52141b
bffd1ab5
c014c061
c007ca65
bdb59b08
be70cbfd
3df03ca2
3d59e450
40058ec6
bfaba100
3f96c600
3e52ed19
bfff85b7
c0161d9e
c0091aab
bdc50767
be79bccc
3dea1a54
3d51e5aa
3feefc94
bf9316e4
3fe63a64
3e8e3cf5
bfbe2690
c04bd7a2
bfdff065
40088224
c07c5018
c07969ec
c06ba2ec
40020be7
bfa68bb1
3f93576c
3e4dc1a8
bff954e3
c0126ba5
c005a320
bdc0467a
be732b8d
3de2f302
3d4b08bc
4001f10b
bfa6694a
3f9338fd
3e4d972d
bff92166
c0124d6c
c0058788
bdc01ed8
be72f963
3de2c420
3d4adedc
4001dce9
bfa64f7e
3f93222f
3e4d7751
bff8fac5
c01236bd
c00572d4
bdc000f0
be72d3ab
3de2a0f0
3d4abf54
4001cf7d
bfa63e51
3f9312fc
3e4d6216
bff8e10d
c01227a0
c005650b
bdbfed70
be72ba96
3de28982
3d4aaa49
4001c8c5
bfa635b8
3f930b5f
3e4d5777
bff8d42b
c0122010
c0055e24
bdbfe373
be72adf3
3de27dd7
3d4a9fd1
b995141b
b8a4294c
3a47f8d2
3d8948f1
bedbe014
b3e4d1d7
ba752f9a
ba976625
bf7fbdc9
ba7caf82
381bd3c9
b9bbe527
bd8946b3
3edc6c7e
b9435ab6
b9727495
39538503
b9826beb
b7099ba2
38a8ff58
3562f20a
b9433258
b9724286
39535954
b98250fd
b7097f3a
38a8dc75
3562c333
b943141c
b9721cfb
39533895
b9823ccb
b70969ee
38a8c24d
3562a00f
b942fff6
b97203f4
395322c2
b9822f57
b7095bbb
38a8b0d7
356288a3
b942f5dd
b971f76e
395317d3
b982289b
b709549d
38a8a820
35627ce5
335db213
b3b7ed4b
b435140f
33825256
aedd7db0
b33e7a65
b162dfeb
340057a4
31d0aca8
3944ecff
39713c44
b9542ad4
39835772
370a3986
b8aa547f
b569053c
352a3d5a
338a1476
39c4e611
39f188d9
b9d4136d
3a0347c8
378a3f55
b92a3804
b5e964cb
355c7be7
33d09f43
3a138e66
3a356d8a
ba1f1960
3a44cefc
37cf603e
b97f281b
b62c3a1f
35af771b
33e4d1d7
3a4479c9
3a7241de
3f80078a
3a3b9d65
b83e6a4d
39e67c0e
3d896bad
bf7ee1b3
3388fa10
b3b8699d
b4028a18
3381b7c6
aee54100
b33e41a2
b0152cc2
34828468
31d0d5b2
3944d040
397148ec
b9542006
3983520e
370a35f4
b8aa450e
b567270f
351583f0
338a2f2f
39c4d42e
39f1958a
b9d40c6f
3a034272
378a3bb8
b92a443b
b5e9876c
35535727
33d0c7af
3a137f8d
3a357f57
ba1f17d5
3a44c6f8
37cf7c85
b97f055f
b62c9202
359fc97f
33e4fe4c
3a4474b2
3a7259a0
3f800432
3a3bb43f
b83e5618
39e65ca3
3d8961d3
bf7f133a
3a47c33a
3bd92b28
ba571661
3c06ff58
38a4a9ca
bb6e4070
b84537e4
b535d265
37556aa4
b4585288
b6b45f73
32c70341
3622129f
33012556
b5ac26f3
37a4616e
b4b1396e
b721a20e
b223d5d1
36917f4a
3369eee9
b5d96646
37767369
b44be440
b7424b77
b3efdbac
36ad2ce6
338f5bb6
b575fb8e
b7074ab7
35852b29
b7267a5e
b3cd85bc
3694629c
3375ac52
b54ce7c3
b6e165ea
355ddc5d
b70aad6c
b3ab3a17
36773f9e
334cad79
b523dd1d
b6b44080
35316c56
b6ddcd4b
b388f628
3645c513
3323b7d4
b4f5bd54
b6872881
3505097a
b6a65048
b34d6e76
361451d0
32f5907d
b4a3cc7f
b6342e43
34b15a59
b65db6d1
b3090527
35c5dabe
32a3c9c7
b423dc00
b5b43f37
34316b25
b5ddcbc9
b28780f4
3543aa31
3221f9c4
bbe4d1a2
3b955263
bb8d1988
39e56c8c
3bdcffb9
3c029101
3beffe9d
394b91ce
3a18c8d3
ba12b5da
b9884127
bbe71e6e
3b965047
bb8dc7e8
39e795c2
3bdf13a8
3c03c3ff
3bf24ad9
395e7876
3a1ea8f2
ba115194
b9861b6b
bbe9a3c8
3b970a35
bb8e4216
39e9ee05
3be1607c
3c0511da
3bf4cda4
397bc1ef
3a27592c
ba0e2f0f
b981b8aa
bbec00fc
3b97c8a7
bb8ebc0e
39ec0373
3be3854d
3c064ac3
3bf7272e
398ad62f
3a2f41ba
ba0b6329
b97b6082
bbe8c879
3b9623eb
3ac5bb8e
3a916ffa
3c1971ae
b9c01275
3c109659
3c93023a
bce9d9dd
bd02d1b5
bcf22606
bbe5cca4
3b9349cf
bb8b7c78
39e649c0
3bde0213
3c02fc84
3bf0e703
39879b66
3a2abc5f
ba072df9
b9734347
bbe59d30
3b932b63
bb8b5fa9
39e61a23
3bddd433
3c02e179
3bf0b548
39877f91
3a2a9912
ba071207
b9731118
bbe5799c
3b931491
bb8b4a12
39e5f683
3bddb1d3
3c02cd30
3bf08ff7
39876aaa
3a2a7e9e
ba06fd15
b972eb5a
bbe561e6
3b930561
bb8b3baf
39e5dec4
3bdd9af1
3c02bfad
3bf0771a
39875ce7
3a2a6cfb
ba06ef1b
b972d225
bbe55604
3b92fdc8
bb8b3479
39e5d2d9
3bdd8f7b
3c02b8e8
3bf06aaa
398755a6
3a2a6422
ba06e82c
b972c58e
bb812323
bf364cf4
b8bfdce6
3bec4923
36948e8f
3bd2f8d6
be0ccf24
3bd50792
bf0b141d
3ad7b993
3eb5b3f3
3a5d349f
bbefbcde
3aa9fdb2
bcec4e90
3aa9f90a
3dbc5463
b9f01c5e
bd91c475
39206e0c
3aa9d9ca
bcec1dc5
3aa9d5b4
3dbc2d83
b9efead0
bd91a660
39204ce9
3aa9c072
bcebf937
3aa9bb04
3dbc1069
b9efc5a8
bd918fc9
3920340f
3aa9aea9
bcebe0dd
3aa9a9a4
3dbbfcf0
b9efaccd
bd9180bf
39202382
3aa9a614
bcebd47b
3aa9a103
3dbbf335
b9efa05b
bd917937
39201b44
36f7e691
b9383de5
b777ba83
3908d1d6
b3afa2ae
381f10f2
362cf45f
38c5391e
b4c2fd85
ba9a770f
3ccf5cf2
baba93cc
bdb894ef
39f0d7a3
3d92e7ed
b91d12ad
390cab0e
b6681bd6
bb2043a2
3d53b67c
bb33f6c2
be39440e
3a70e636
3e12d079
b99e887b
399524d0
b6947f44
bb7372bc
3da2d7ff
bb82aefa
be8b915d
3ab4c34a
3e5c13fd
b9f14194
397c58e1
b6948e8f
bbab293b
3dde9abf
bba89b56
3f22d26d
bb0a0cc6
beda76a2
ba347642
3c8aec67
3739d072
b9383876
350be1e9
3908ae31
b3aef529
381edb2c
35f4cc5d
38da19f2
b4c32338
ba9f6fb2
3ccf67c8
babba520
bdb88d84
39f0d129
3d92da88
b91e6ad7
39232654
b6684898
bb22055c
3d53c184
bb32eb84
be393c78
3a70e003
3e12db05
b99f79d9
39c1ed1d
b6949c21
bb76c0d0
3da2e7ca
bb8019e2
be8b8b9f
3ab4dbe9
3e5bf5e9
b9f20325
39a6e14e
b694ab6e
bbaad904
3ddeb0e5
bba86cd3
3f22e648
bb0a02dd
beda58d1
ba3424dc
3c8a553d
bba97d4f
3f3d1e98
bba977e2
c03e5cd5
3b8f7a5a
404d7e35
bc0b6df7
b7d8ebd9
3cc0a2f8
b7d8ed37
bc81610f
35b61684
bb07068b
36c39841
b802451e
3d1a2b9d
b802461c
bccccff9
36a7d671
bb767191
372d63b9
b853e352
3d063482
b853e45f
bcaad747
b6d14363
bb955ef8
374aaeb1
36d60b80
ba83dc55
36d6061e
3b706555
b6b34e9e
bb7ffa25
372dab21
36b24da1
ba5bae72
36b24822
3b484050
b69562cb
bb554325
3710b03a
368e96ea
ba2fae58
368e927c
3b202458
b66efb84
bb2a95b9
36e777b1
3655d590
ba03bb26
3655cf62
3af0287f
b6333a44
baffdd22
36ad9772
360e884f
b9af9d22
360e844a
3aa0141f
b5ef15cb
baaaa868
3667910e
358e9601
b92facf5
358e91b6
3a20231b
b56c7061
ba28c4e9
35e5010c
bf1141f1
c056b297
3fe2c27e
3e93f953
3f220bf3
3e815d64
3f0aebab
40434f4d
402eba45
3fd79464
3f73b042
bf1843b5
c05a8570
3fe78f24
3e96ecd5
3f293d6d
3e8d0ed5
3f11a113
40474b3d
4032874d
3fdc4954
3f795c20
bf22d191
c05f7128
3fee4f75
3e9afcff
3f341330
3e9f4cef
3f1bc3e1
404ca4eb
4037b416
3fe2a9df
3f808856
bf2c445c
c063f5b6
3ff4653b
3e9ea6b9
3f3dc27a
3eaf8bf4
3f24d3f5
40518431
403c68fb
3fe87957
3f840c66
bf314d01
c052402c
3fe585e5
3e94edef
3f40e68d
3ec5b21f
3f2a5e43
40448f41
40314b4c
3fd9758c
3f768304
bf282348
c05d684a
3fef10b0
3e9ae827
3f39890e
3eabed1a
3f210764
404bd16c
40375802
3fe20aa4
3f803c21
bf28007d
c05d3a98
3feedf5e
3e9ac826
3f3962c0
3eabc9f0
3f20e633
404ba752
40373225
3fe1dbf7
3f8021a8
bf27e65d
c05d184e
3feeba42
3e9ab02e
3f3945ce
3eabaf0b
3f20cd14
404b87cc
403715b7
3fe1b8fe
3f800dc8
bf27d516
c05d0177
3feea19b
3e9aa02f
3f3932ce
3eab9d3f
3f20bc81
404b72d0
403702d0
3fe1a1a7
3f80008f
bf27cc47
c05cf605
3fee9544
3e9a9833
3f392919
3eab9455
3f20b431
404b683b
4036f955
3fe195f3
3f7ff3e8
3a0abf03
3b84abab
bed64996
b87a1496
be998952
ba9cefcf
be999313
ba9326c8
bec39fe2
b9802d79
bd208a5a
3ed6b90f
bd74ec60
b97beeae
bd74ec9e
b96a55c1
3dfd7759
386e03cd
bbe57c30
bd74b9c8
b97bb551
bd74ba05
b96a263e
3dfd4305
386dd288
bbe54cd2
bd7493db
b97b90f2
bd74941e
b969ff45
3dfd1bc8
386daba4
bbe5294c
bd747a98
b97b742d
bd747ad4
b969ee0e
3dfd019e
386d939b
bbe51198
bd746df6
b97b6a97
bd746e33
b969dbf5
3dfcf488
386d89de
bbe505bf
b7919a0f
b4491505
b89e065e
33db0270
36ef90a6
32eb7b14
344c925c
b846bbc9
36542c23
3d761dfd
39792a3c
3d760ba9
396c755d
bdfc27c4
b86fd8d3
3be72016
38a90c28
3811eaeb
3df63913
39f97d8f
3df64b74
39ec25a6
be7c71e5
b8efa8ce
3c66d077
390722d5
386242ca
3e38a287
3a3bb5af
3e38a5b6
3a311fa8
bebda0a2
b933ab17
3cad382e
39d1e50c
387a1496
3e76091d
3a7af84e
3e761c9b
3a6beb73
3f01a97f
399e2999
3d03f683
bf784a20
b794659f
b4985a1d
b8517e98
3337085c
36ef83ab
3367c5af
35ebb95b
36c1475c
36545634
3d760bf7
39792609
3d761eaa
396c27f4
bdfc212d
b86fc973
3be7574e
392a8c6b
38120729
3df6288a
39f98890
3df64eba
39ec39fe
be7c6b4e
b8efd02c
3c66be32
38b1ec69
38626ea0
3e389264
3a3bc114
3e38a9ca
3a311a61
bebdba85
b9339391
3cad22f6
39aef21f
387a4531
3e7602b8
3a7b10eb
3e76162d
3a6c0830
3f01a034
399e140c
3d03ed0b
bf787a5f
3e79b1b9
3be0f743
3e79b1ed
3bf322e3
bf96352c
bb27da27
3ec76f5c
3815ab3e
379cf4bc
3815a6a3
b718bfaa
bb2a0834
361c8849
b9868be4
b8d633eb
37f149d9
b8d637d2
b784673b
bb8651eb
36754aec
b9f2a19c
b9b48712
37b9e1f6
b9b487f4
b78ebb68
bb515c31
3673e4ea
ba10f66a
b99a32f5
b70c976a
b99a3317
b7158eab
3abd47bf
3650fa20
b9f86c19
b98072ea
b6ea3263
b9807309
b6f92d7c
3a9db1f9
362e1c31
b9cef7d7
b94d713c
b6bb4e21
b94d716b
b6c74298
3a7c4680
360b4414
b9a58cda
b91a0bef
b68c70a3
b91a0c15
b6956bb4
3a3d3253
35d0e22f
b9784ff7
b8cd5c64
b63b36af
b8cd5c99
b6472e6b
39fc6229
358b5418
b9259f02
b84d6fd9
b5bb4519
b84d7009
b5c74248
3979972a
3509c927
b8a3c9cd
3c638614
3b6cd974
3ec55269
3e82d1df
3d523c30
bdeeee27
3d4b64d1
3ebb1773
bef5be15
beb993ac
be75d1f7
3c65bce4
3b6dc82c
3ec70e0f
3e83d2d7
3d53e310
bdf0cc00
3d4d0dc5
3ebcef63
bef7f50a
bebb2f64
be77eb4f
3c682442
3b6df50e
3ec905c8
3e84c13f
3d55730e
bdf289d7
3d4e99ef
3ebece1f
befa112b
bebc99d4
be799304
3c6a5735
3b6e3daf
3ecae61a
3e858fd5
3d56cf4b
bdf40cb1
3d4fee25
3ec07f29
befbf0c3
bebdd202
be7ae2ca
3c5901ae
3b701e49
3ec1c66c
3e866a2e
3d590fe6
bdf48149
3d532ad1
3ebd043d
befc643e
bec29b15
be847b38
3c642da8
3b67239f
3ec654bf
3e824db3
3d519523
bdee02e4
3d4aa4bb
3ebb1ba1
bef4ed0e
beb85f53
be735513
3c63fd7a
3b66f266
3ec62bd6
3e8232c9
3d516807
bdedd115
3d4a7ba2
3ebaf4f6
bef4ba89
beb83942
be7322cf
3c63dac5
3b66ca08
3ec60d21
3e821e9f
3d5148f7
bdedac33
3d4a5c08
3ebad81c
bef4948e
beb81cb6
be72fd0a
3c63c334
3b66b412
3ec5f8a0
3e82112a
3d5133b4
bded9387
3d4a468e
3ebac4bd
bef47b41
beb809ad
be72e403
3c63b77c
3b66a963
3ec5ee6b
3e820a70
3d5129f1
bded87ba
3d4a3ce3
3ebabb0c
bef46e9c
beb80032
be72d771
39441af5
bc93aeeb
b6410f8a
bc622811
3d864fa1
bc617d27
3e00fd86
b9c41e02
bed64ac1
bae93152
3c939c49
bb3a0fb7
3c451b4f
bb3a1104
3cd96c9b
b8b2c1b3
3def3362
b9a585e8
bb39e9ce
3c44f2c0
bb39ea87
3cd93fd6
b8b29cd6
3def01fa
b9a563c1
bb39cc78
3c44d43a
bb39ce27
3cd91ea5
b8b280d9
3deedcfd
b9a54a24
bb39b940
3c44bfc3
bb39bb06
3cd907da
b8b26e9c
3deec449
b9a53908
bb39afb2
3c44b58e
bb39b112
3cd8fca9
b8b264c3
3deeb7f4
b9a5307d
b79e8726
b90a971d
b6d75952
396e9631
b4b1a667
398bda22
b6583305
3926bfaf
340bcf8d
3b31de86
bc723eaa
3b29f9bc
bcbbe1b9
3879c6f9
bdeb6cb1
39a31924
395d9ae8
35d27d99
3bb03e56
bcebc43d
3bab90bb
bd4083aa
39045a96
be6c474a
3a241bfb
39be5a5f
362c265a
3c059443
bd2ac17b
3c0431b2
bd9493e3
395528e2
beb1e7ff
3a777222
398a9c4e
36410f8a
3c323609
bd5b6b60
3c33b900
bdcbcaed
39978a86
3f0940e0
3ac0b937
bd2a5237
b73aab54
b90a976c
b4eab94a
396e61fb
b4b1b539
398bce0a
b680904e
3932fa15
340bebac
3b3086a4
bc724ab2
3b27206d
bcbbda5f
3879bfc2
bdeb5765
39a16224
397e3f80
35d2a65a
3baf7339
bcebd0cf
3bac1387
bd407b72
390457c2
be6c5844
3a23667b
39fae50f
362c47a6
3c04f482
bd2ad2c2
3c06621c
bd948d99
39554655
beb1cfd4
3a76b624
39c4acf1
36413522
3c3212bf
bd5b7fe2
3c34422b
bdcbe38f
39977ffe
3f092e35
3ac12e86
bd2b0388
3c3204a6
bed6071b
3c3206bd
bf450e0e
3a161214
c0a59917
3c8fd812
3940c0cd
3c8f8e01
3940c0ee
bcda563a
3885e350
bca3ddb6
b73e57f7
3992adaa
3ce73772
3992adc3
bd2ed449
38cede20
bd02315d
b7ac365c
3970181e
3cccdbfc
39701840
bd185a8d
38abd067
bcd42962
b7d11e0b
b76a4826
39dbf991
b76a48f9
3a8ac49f
b5857c87
3bd20690
b7b32ea0
b74327e3
39b73db9
b74329ad
3a67302c
b55e6cc9
3baefa97
b7954837
b71c114f
399289b6
b71c12d6
3a38e211
b531ea2c
3b8bf66d
b76ed0f0
b6ea0cd4
395bc170
b6ea0dac
3a0aa166
b5056db4
3b51eedd
b7331a55
b69c01e0
391279cf
b69c02f1
39b8cf57
b4b1fe75
3b0c05c4
b6eeeb24
b61c107b
389288f0
b61c11c2
3938dff5
b430068c
3a8a7928
b66c4648
3ec6af8e
bf09126a
403c1641
3e698af3
be8c6534
bf025bc4
bf17e401
3da04910
3f0f6580
3f37b6e3
3f0cd364
3ebfe640
bf138c2b
40400f2b
3e708e28
be845093
beffec78
bf1556f7
3dee4473
3f1a9158
3f3ff1fb
3f123998
3eb3e251
bf23afbe
4045a570
3e7abff9
be6d2895
bef6e4e6
bf107330
3e35bcab
3f2bd8cb
3f4c37f7
3f1a1fa5
3ea94ac9
bf32234e
404aadec
3e81f2e0
be54dcce
beeefa0f
bf0c2c4d
3e6d7840
3f3b4f51
3f5741b3
3f2141c2
3eacac9f
bf3395b6
4042d80f
3e7acac8
be5fa8f1
bef18dde
bf0b1b08
3e774ed6
3f34a5b6
3f4df28d
3f1912f7
3ea434b5
bf2da8f9
404642e2
3e7debc0
be4e7558
bee89d79
bf085a7c
3e69cdef
3f36de91
3f51a06e
3f1cc5be
3ea412c5
bf2d8547
40461a02
3e7db757
be4e4a9c
bee86d31
bf083e4f
3e699d38
3f36b8a3
3f517509
3f1ca579
3ea3f9c9
bf2d6a23
4045fb40
3e7d9011
be4e2bd4
bee8493c
bf082949
3e697a05
3f369c27
3f5154af
3f1c8d26
3ea3e8cd
bf2d5863
4045e6cd
3e7d75cf
be4e156e
bee83133
bf081b45
3e6962e1
3f368969
3f513eee
3f1c7cf7
3ea3e063
bf2d4f4b
4045dc94
3e7d68b4
be4e0ba9
bee8254d
bf081440
3e695543
3f367ff6
3f513413
3f1c74e6
bc903428
3a6af8c7
bdad4b8f
3985a028
bda82f06
397a176a
3dadba66
36f8f197
bec3e82d
3cc2a9bc
bcc151bf
385d5f5d
bcc148da
386b352d
3c8b0688
35deeb37
3dfd248b
bcc12cb9
38607df3
bcc11fd0
386974de
3c8ae9e1
35e3bc4f
3dfcf04b
bcc10b87
38620ae3
bcc1036d
386af254
3c8ad435
35cdaeb6
3dfcc917
bcc0f634
386063d5
bcc0f085
386c7e6f
3c8ac602
35e9c72e
3dfcaef3
bcc0eff4
385ec556
bcc0e573
386ad6a8
3c8abeab
35d13dfd
3dfca1e5
bae52978
b5b6a0e8
b939d4e7
b6d70ba3
36f56c43
358efe6a
38989a2e
bb12c7dc
b810cc60
3be33930
b884d098
3c17778d
b882186a
bc899a19
b4a82532
bdfb5233
bbb7819c
b9e560c4
3c76b564
b8ecc3ab
3ca50f63
b8ea275c
bd0a4881
b56beb17
be7bf863
bbedd529
ba4a248c
3cf73184
b9356214
3d26064b
b950ca73
bd506dba
b6639bfc
bebd9fe4
bc4183ef
ba6af8c7
3d6a90f6
b9686ae9
3d709dfb
b94e11a5
bd8b14b3
b69fb242
3f01c301
bd5498f6
bafac3f7
b5a4db31
38fa0084
b6b04615
36f57dad
3598ce48
38a9dfe0
bb0cbe42
b810e9f7
3c008493
b88669c1
3c1ef7d9
b87f3388
bc8996c7
34eb0035
bdfb4a26
bb0f0531
b9e58d47
3c78758b
b90006ca
3c973b84
b8e3c359
bd0a44c2
b5a544d3
be7bf6c1
bbb5da2c
ba4a4b9e
3d00a976
b940a3bb
3d2256f5
b94587d5
bd5089f8
35980c7d
bebda79e
bbbeefa3
ba6b266d
3d5eaa86
b966d9aa
3d81f398
b942d028
bd8b0abb
b6cefc04
3f01d65b
bd5a9e11
3cbcee82
bac48237
3cbcd7ce
baf12ba3
be2408ae
b871c0d0
c0d97a51
3c7ecb0e
b75672a1
3c7ecb1e
b708bbef
bac0ebc6
b7644a89
bc777b65
3ce0603d
b7500cb4
3ce0604c
b702490b
bac3610e
b76dd41e
bcc186b8
3cf644b3
37193073
3cf644bb
36c361a7
3a6811fd
36dac70a
bc94526a
b8f3686e
35f78c16
b8f359e8
36146910
394fa3a4
33cde544
3c09041d
b8cac32a
35ce3c7b
b8caba44
35f9f566
392cfd88
338ea43a
3be44df3
b8a226de
35a4f866
b8a22064
35c982db
390a5f55
33820cd8
3bb69df5
b8732ddb
35729ab2
b8731b4f
3595e856
38cf8c3d
335d107b
3b88f499
b8221795
352824b0
b8220f7f
3544a1ba
388a6e89
32e7633a
3b36b1f8
b7a2273c
34a4f3bd
b7a22190
34c7e73c
3808e639
3267a593
3ab4ac39
3c13ad7b
ba82dc53
c022f35f
be99c031
bd713f6e
3db2960a
3d9165ac
3eaad3c3
3e29b31c
bd173ce0
bfa1c57f
3c1a285c
ba85447a
c024ed27
be9381eb
bd6812b6
3da5de47
3d99e007
3eb4e921
3e0f7906
bd87643b
bfa77ebb
3c23cf86
ba8427c4
c0277cee
be879301
bd564d0f
3d8e6b9d
3da7cedc
3ec56ac6
3dbfe4c3
bdf030bd
bfb05291
3c2ce4f4
ba8648a8
c02a10ec
be742c43
bd41fe62
3d689ca3
3db6fc04
3ed7447a
3d2c8b66
be326081
bfb9cbe8
3c28b53d
ba868a06
c021a7c6
be616008
bd33c5c7
3d503da6
3daf4585
3ece0ff5
3cdd3752
be3333a4
bfaf0b46
3c2895e7
ba82e935
c02644c4
be6d16ee
bd3c9803
3d60f45f
3db30f8d
3ed1de5b
3d1e8bb6
be2fb434
bfb49bd3
3c296a98
ba839a2f
c0262272
be6ce3c0
bd3c51e0
3d60da0a
3db2cb8b
3ed1b23d
3d1e6538
be2f8caa
bfb47609
3c286ec6
ba81e8b0
c0260888
be6cbea1
bd3c4dd5
3d60b65b
3db2ad77
3ed194af
3d1e3c34
be2f7205
bfb459f7
3c287243
ba83763d
c025f739
be6ca95b
bd3c315d
3d606f6f
3db2a202
3ed17bcc
3d1e3c30
be2f62de
bfb447f4
3c28409a
ba82a1f5
c025eed3
be6c9ae7
bd3c49ca
3d607917
3db2a90f
3ed16e94
3d1e2b52
be2f582b
bfb43e8a
3d0f8b6c
3f88ecf7
3b57a9d1
3f8a7168
3b61a3c9
3d900794
3935d071
3dc4284d
bf734d7c
3eb11406
39f29977
3eb10a1d
3a260b31
3d0b8aa4
389429e8
3c8e3dc7
3eb0f271
39f611d9
3eb0e43b
3a2629e3
3d0b6e02
388e6f31
3c8e2069
3eb0d375
39f3ca82
3eb0ccc4
3a23a57d
3d0b5791
388d4607
3c8e0a5f
3eb0bebd
39f120cc
3eb0bb77
3a2490f1
3d0b486f
38884834
3c8dfbd7
3eb0b9d3
39ed3e66
3eb0aff4
3a255ee8
3d0b423a
3890e340
3c8df468
3c81365c
b72001f0
bd38b769
38e7a8fb
3987317b
382b6a7e
ba853cab
3b912113
3800ea88
bd548ba3
ba0db459
bdd3916b
ba1c492b
3c3a06f1
3889d5ac
bc9b207c
3dd1360c
bb64544b
bded2914
baa143f1
be319c08
baa2da33
3c5c800c
3895b61a
bd24b239
3dbd9da9
bc6173e1
be992b47
badb0963
bedc6212
bab17d94
bacab2ae
371a616a
bd66b56a
3e07c81a
bce587d2
bf3c5687
bb12fb2b
bf44d6c0
bb262b0f
bd1488d4
b8b19a23
bd91ca2a
4004fae9
3c926258
b896fcee
bd0869fb
386f6c52
3986ae80
386d1fea
b91b9e27
3d15800b
3800c99d
bd7e132a
ba1259aa
bdb036a4
ba2c65f7
3c3a0ba6
3866010a
bc963bd9
3dcea896
bb648244
bdfeb2b9
ba9a70ae
be1a200a
ba92d985
3c5c6676
389f9d89
bd1def15
3db5c72a
bc619fcd
bea2a309
bae9e37c
bed8fe60
baa4d488
bacb8d4c
b6d63c80
bd614c6e
3d4b4048
bce5b432
bf3a24db
bb1471e3
bf4dc966
bb2dc3cb
bd147f1c
b8f1812f
bda3ff36
40056290
be309854
bc1d8877
be307636
bc964963
3dd3ad84
3a6def4e
bf7609b5
be7bd885
ba4ccbc5
be7bd88d
ba06d239
bdaf0a97
ba4f44e9
ba34eda6
beedfc0f
bac1900a
beedfc1a
ba7ca10f
be2725b4
bac51af5
ba6807c5
bf0652ba
bad9360a
bf0652bf
ba8cc8eb
be3c8696
badcfd9a
3806238e
3adef6ca
3785ce13
3adee872
37d3a797
39d06378
366a4eb5
3a99fade
3ab9b800
37603c21
3ab9af39
37ac5c03
39ada1a9
36584d88
3a8048f8
3a948750
37333b5a
3a948218
378fb5a7
398ae123
3628fd7d
3a4d398f
3a5ebebe
370a4f1c
3a5eacfd
3754ee8b
39504e14
35fb3771
3a19e97b
3a147995
36b04f9f
3a14720e
370e7b88
390af165
35a343bb
39cd4fe5
39948864
3633e116
39948209
368d89ad
38896d54
352fb99f
394b0a96
3bd6d4f3
bc53aa54
be981565
be591669
bd48f353
3da49820
bd1dab84
be11aeb1
3eaed1ed
3ea16b9d
3e1373a0
3b88eea1
bc582938
be175f72
bee7cc03
bdc478de
3e437e2b
bdc18f5d
bec50aea
3f46b105
3f4795f6
3f213ac6
394aceb7
bc5cc8f2
3e0a47fd
bf6831f7
be3b516f
3ecbf756
be4b6ca8
bf581c1d
3fcbe433
3fd41376
3fc60fc2
bb779cb6
bc5d3a70
3eeac818
bfb60ee9
be9053d6
3f228d73
bea3487f
bfaf4176
4021739a
4029f456
402603ec
bb7a86e2
bc63d0ad
3eec114f
bfb6e252
be91194b
3f23c2a5
bea4e24d
bfb0a8bb
40231b29
402b64ca
40279edc
bb613029
bc574c1c
3eeb6a87
bfb438ef
be8e507d
3f20f9a9
bea1fdf1
bfad2f0a
401fcd9f
402815ce
4024488c
bb917a27
bc56457b
3eeb36ef
bfb41a23
be8eb7c3
3f20ce83
bea15c98
bfad0c53
401faa8d
4027f091
40242401
bb7346f6
bc5d48dd
3eeb2514
bfb3fcd6
be8e51d0
3f20bd67
bea161c8
bfacee62
401f94c9
4027d763
40240bb1
bb89f670
bc561b0d
3eeaef1c
bfb3e42e
be8e4abc
3f20db27
bea17e77
bfacd80d
401f83bb
4027c719
4023fc92
bb66e000
bc56e0c4
3eeaeffa
bfb3dfc2
be8debac
3f208731
bea16483
bfaccaf0
401f7ceb
4027be5b
4023f506
bddc0973
b9c9a611
bde0a03c
b9c85da8
bb8e8fc5
b744a527
bc46cafe
bf5f123f
bf767694
bcd486dd
b8966528
bcd4813f
b89ef967
baca5fd8
b6810881
bb195c06
bcd45be7
b89603b0
bcd4547d
b89ee7e4
baca36cb
b67e227a
bb193c5b
bcd439a4
b895f23b
bcd43561
b89e1299
baca16be
b67ecc1a
bb19249d
bcd42266
b894bcdf
bcd41fd7
b89ecd19
baca02f7
b67b3a3f
bb1914d5
bcd41949
b8959594
bcd413e2
b89e8a55
bac9f5e4
b67e447b
bb190ce8
ba840592
3520b11e
3b3af50f
b6eb5314
b789861a
b62d2094
3887b0bd
b9990f7c
ba58385d
3c601376
38a6ed52
3c93c75a
389bf34e
b97163b1
b6075423
3b1af545
bc964925
bc2a56b0
3d015251
391dc477
3d0ceb4f
3915892e
39112b20
b57c9465
3ba14f96
bd56682f
bca2461b
3d5e27bc
3966d29b
3d6d4838
395a3191
3aa35972
364bfa00
3bf63969
bddd794e
bcf1b24e
3da7977c
399d1fe1
3dad350e
399d65f3
3b380707
36f892d0
3c1dc112
be398368
3f767694
ba958566
3698bba3
3b0a27a5
b6739368
b789017d
b66fa2fd
3724a065
bb1818d7
ba58647a
3c68a937
38a57ae7
3c827667
3897e316
b9715de2
b602c96a
3b17e105
bc91f1cd
bc2a77e6
3d03c10b
391dbeec
3d078ce7
3910a1af
39114a45
b5bc93c4
3b9e9581
bd58be06
bca265a8
3d5e1359
39697bca
3d71878b
3957c2d8
3aa374d9
36505c8c
3bf42cf7
bddd4cd9
bcf1e127
3da72c42
399d7320
3daedeef
399ee2ef
3b37fa32
37085eff
3c2126d0
be39c44a
3f76b1b7
3d6cba56
3afae654
3d6cb0da
3b1d4238
baf6ff42
37946998
3e050406
3c803c7b
384eecac
3c803c7e
38046d32
3bb24444
38516ea8
b76c2623
3ca30f22
3882cc64
3ca30f28
3825801d
3be56c6d
3886a379
b84190f9
3c48e02b
381d05b3
3c48e038
37bf4d7b
3b8dc468
3825e3b7
b8e08bb9
b905cdb6
b626f91f
b905c84f
b64a9a47
b7971e0c
b45a2bc2
b92603cc
b8dee95e
b60b6fb0
b8dee405
b62837ff
b77bcd75
b43dd3d1
b90a4fe1
b8b24412
b5e00844
b8b23f89
b6076345
b74969ec
b4165113
b8dd4438
b885ab1f
b5a7916d
b885a628
b5cb57a2
b7170f7f
b3e11184
b8a5f107
b8323257
b55e1d71
b8322e40
b586f883
b6c98496
b393aa26
b85d5c73
b7b243bb
b4de9bee
b7b23f26
b506fa2d
b6474a55
b3169af7
b7dae960
ba90f245
3aaf7034
3c9d85c7
3d7ea7b7
3c5ea206
bcd2d208
3c5cef73
3d5c012c
bdd8ca1f
bddb02c8
bdb25f8a
ba7f628d
3ab1ba9a
3c1f34b0
3d9f7010
3c8825e5
bd06b15b
3c8c1a6a
3d8e63e9
be0968bc
be0c8adb
bdf3211e
ba4e0593
3ab3a054
bb1d65b4
3dc83d8f
3ca78af1
bd2be4ec
3cb1a5a8
3db7c15b
be2e3053
be34076a
be22c83d
ba379bcb
3ab5171a
bc238237
3de1f812
3cbb5dea
bd43b0dc
3cca013b
3dd22712
be45b2ab
be4d4025
be3d0d42
ba3d3e28
3ab743b4
bc24bd62
3de3438d
3cbc8252
bd44f016
3ccb6d4f
3dd3b5fb
be474d03
be4ed1d7
be3eaf98
ba39a006
3ab06ea9
bc26d362
3dddda62
3cb7b041
bd402404
3cc63d12
3dcdb529
be419d45
be48ded5
be3915fb
ba32407e
3aafeb90
bc26bf15
3dddb03c
3cb7b6ea
bd3fe56c
3cc5d80f
3dcd90ab
be417510
be48b487
be38eea0
ba39db81
3ab11941
bc26930e
3ddd8cb7
3cb791f6
bd3fc251
3cc5d6ed
3dcd6a29
be41575e
be4895ce
be38d378
ba2f8e4d
3ab0591a
bc267663
3ddd7389
3cb76e06
bd3fd0dc
3cc5c686
3dcd536d
be4142ca
be488084
be38c067
ba376dbb
3aafc490
bc267896
3ddd692d
3cb754f1
bd3fa2bf
3cc5cd11
3dcd4aec
be413a9f
be48795c
be38b7d5
3b05e47a
be191ff7
3b0e369c
b820a485
b986dc99
3d698362
bebb7ac5
b3f5f4cf
bf7f9169
bb05e589
3e176a85
bb0e37a2
37c011a9
3986dc77
bd69823f
3ebb7ab1
39931d15
b22f8dce
b991576e
b229a621
b62c11c7
af3234fb
343f1e7a
39930647
b22fa636
b99140e8
b229531d
b62bf70f
af338f18
343f00d9
3992f717
b22f3391
b99131e6
b229e6d1
b62be55d
af319ad7
343eed33
3992ef7e
b22f52be
b9912a62
b2294f4d
b62bdc64
af31822c
343ee335
b3861e70
ae2b7008
b3d321ab
2e8b8426
aed61417
2ec8c4f3
b2195b70
3387b6c1
31b1ff4a
b993ad23
322b50c1
39922857
322eb793
362c0e34
2f456b9e
b451351f
34cd6834
33760287
ba13ab7e
32aee499
3a12326b
32ad078d
36ac3345
2fa18814
b4ca8229
35174086
33c58828
ba5d7caa
330726f3
3a5b3cfe
3301fa84
370144f1
2fe38dca
b510c76a
356c5ac5
33ebdf36
ba93a6bd
33359349
3a921bf0
332f8aae
372c76d6
30332e11
b5421637
35a8aad5
33f5f4cf
3f7fe7d3
3b05f859
be17db9e
3b0e5f67
b7d5bcee
b987091a
3d69c091
bf58c97a
b375d968
af540768
b394ee2c
ae9665c8
aedb5d80
2f0ecda6
b1e951db
3418a898
31b2229c
b993a0da
322b30ed
39922372
3228a36e
362c09da
2f22ff0a
b44f5a98
34d1cf1a
33763239
ba13a0f7
32b0051f
3a123091
32af86d6
36ac2ec4
2f9092a7
b4c8cf50
35140498
33c5ae73
ba5d6d20
33074689
3a5b3c8e
33017734
37015699
2fe99081
b5111469
3553468e
33ec0d00
ba93a392
333618a6
3a921940
332fe7a6
372c6a7a
303b3903
b53fccf5
35a6b695
33f62fd4
3f7fe127
3b06057e
be17f059
3b0e531c
b7d5a271
b986f6b2
3d69afd1
bf58fd7f
ba95c76b
349e5cd9
3a94594d
34aeb689
37ccfa44
31c8819f
b72608f3
339c017d
2f8406ed
b4cd4430
2f613afd
3328ee4b
30015068
316f112a
3402ca07
2f82cfb6
b553dc00
2f533527
33475e67
302c230e
31f1276c
34593370
ad098a91
b59c756d
aeca069b
32775ffa
2fd08603
32318cac
34f81799
afc4ff57
b5b727fa
afd87603
b3009975
ad1a411c
324f0eb5
359a6e3c
afa2b036
b5989205
afb46e4f
b2d647b7
ad051c07
322c8172
3576ff70
af82a40d
b57405c6
af907d21
b2ab6632
acd3398e
3209fbf7
353934c7
af440c09
b536f9a6
af58d80a
b2808aeb
ac9e665e
31cef735
34f6e65f
af02bf77
b4f3ed08
af105452
b22b7900
ac4fb5f0
318a0b0e
3476fdbb
ae81f3c7
b4740421
ae905ff7
b1a99336
abd13c17
310883fe
b717180d
342def61
3983c5f3
ba980f10
b84faff5
b8a7c2d9
b914ebb2
38140baa
395e7f2d
392edabe
38b18b4b
b718645c
34301ba8
3984b2b8
ba9932cc
b85154d6
b8a8dd35
b9161b0c
3814a380
3960b2cb
3930b3e1
38b3d0cf
b719af31
3432456e
3985a441
ba9a54b8
b85310cf
b8a9c476
b9174dac
38146d2c
39632fd9
3932dd2c
38b6c783
b71b0484
34335846
39869aa7
ba9b738f
b854e3ff
b8aa7e28
b918816a
38138aa9
3965e78c
39354916
38ba542f
b71c4131
3434f178
398789f5
ba9c898f
b856a35a
b8ab34c7
b919ac42
3812ba36
396889b0
3937a28d
38bdc0c2
b923ac97
39bde37b
bac04ada
3cfa0803
3b7532d1
bb961606
3bb17211
3c602e33
bcfd4e72
bd01ebc3
bce1dd8f
b716fc43
342e86ed
3983a1a7
ba97a906
b84ffcb3
b8a5c2f9
b914adfe
380d4ffa
39604aab
3930f1fd
38b69695
b716de27
342dd19e
39838d2f
ba979187
b84fda51
b8a5a9ff
b91496be
380d3ab7
3960283f
3930d69f
38b67a9c
b716d150
342e15f1
39837f91
ba9781dc
b84fc461
b8a598ac
b91487a4
380d2c8c
396010e6
3930c452
38b667d1
b716c8d6
342dbe9d
398378ca
ba977a06
b84fb818
b8a590a9
b9148002
380d253c
3960058d
3930bb34
38b65e59
4300b0b2
3f950056
3aed4151
beba9d51
410a06e3
c25dac50
b7214305
be44588a
bf311a3d
c30081ee
bf4f0db7
b944ec0a
3e70e40d
c10a0933
425dac4d
bd02a1f4
3d5383d0
3cf89231
3d71af43
398d68bf
bcafcd1e
b8c55deb
bd028db5
3d53630c
3cf86bac
3d7189d0
398d52d6
bcafb1e1
b8c53f55
bd028038
3d534d36
3cf851fe
3d7170d6
398d4437
bcaf9fb4
b8c52af1
bd02797a
3d534247
3cf84524
3d71645c
398d3cea
bcaf96a1
b8c520c4
b5a3561e
37e75cf1
b6f165c6
b736c00a
b0427f79
371cf410
b595ed5f
3447a47c
350ad6af
3d030001
bd506778
bcf9e751
bd735b66
b98df93c
3cb128e5
38c050d0
37baa75f
36b6e1ec
3d830c6e
bdd0c21c
bd79ed77
bdf34745
ba0df7c5
3d31131b
394115df
b6361209
370a413e
3dc48c4a
be1ceb0d
bdbb6c7c
be3662d7
ba54fc45
3d84bdc9
3993986e
37809788
371d3de6
3e030b38
be51c169
bdf9e5c5
be730fcc
ba8dfd70
3db0e388
39c45452
380c82dd
37214305
3e23d50a
3f3e7032
4300abe7
3f5e6a2b
39f0fb2f
be839c9a
410a2d8c
c30029c0
b51fb52b
37e7328f
b701cb27
b736c5d3
b08c87b5
371d17d0
b558ff87
36da2200
350af1f6
3d02fbd8
bd50726a
bcf9dff2
bd735172
b98df575
3cb118dc
38c1e0bb
377c0f1f
36b70555
3d83040a
bdd0cd15
bd79e7ef
bdf33d58
ba0df40d
3d311fcf
394115cc
b787e109
370a5c10
3dc480e4
be1cfa70
bdbb6ba2
be365b66
ba55195b
3d84abb1
399330bc
3755fcb5
371d5c6e
3e030950
be51d5fe
bdf9dec6
be732d65
ba8df33e
3db0cb6d
39c3e7c8
37b6054e
372169b7
3e23cf50
3f3e82e1
4300bd77
3f5e56f8
39f15369
be838aaa
410a23a5
c3004880
3e04f8fa
bfbbacc4
bdfdc7c7
bffa28fb
bb291fee
3f77dca2
3bab892a
36913d8a
bb81d31f
38671263
3a64b9e4
342633f6
b9f45756
b628a00d
b679c74c
bbe17562
38cd5cdd
3ad74b36
b5a7b9cd
ba63aba4
b69dc6a0
b793407d
bbfbe730
390da2e9
3b0f573f
3567b6f6
ba935cee
b6caee7c
b8645abf
bbace8b4
391c9f33
3b1a6001
36535eb4
ba9a7bd6
b6d5d373
b9092143
3ac4cb10
39027796
3b009872
36301942
ba80b482
b6b2251a
b8db53b0
3a9d605d
38d0ab9f
3acdad46
360cdbb0
ba4de5e6
b68e7eb9
b8a4752e
3a6c02e1
389c7797
3a9a38f7
35d346c6
ba1a6a59
b655bb3c
b85b3d70
3a1d507a
38509676
3a4d986f
358ceb33
b9cdfc73
b60e8e5b
b7db522f
399d5f46
37d0aa36
39cdabde
350b5bed
b94bb4de
b58cfa7c
3fc6f74d
bf91bebf
3f6f7167
3e5d1bf4
bfbe0cdc
bfe15fc3
bfcbb16a
3d32f99c
bdb76082
3e1083a5
3d8e28a9
3fc91c76
bf92b7d1
3f70913c
3e5e65b0
bfbffca6
bfe397e5
bfcdcd40
3d21d585
bdc267e3
3e0f24b3
3d8c3faa
3fcba084
bf9362b2
3f71433e
3e5f5fd0
bfc24beb
bfe62c7d
bfd04743
3d024741
bdd4a597
3e0bb690
3d87d613
3fce3ff3
bf93eba8
3f71c415
3e6036b9
bfc4b6ee
bfe8da7f
bfd2dc18
3cbaeb00
bde9838a
3e077f25
3d82771f
3fd092d5
bf949832
3f727411
3e612c8c
bfc6d589
bfeb3afe
bfd52437
3c830b82
bdf9d9b2
3e04808b
3d7d29a6
3fb4109c
bf764044
3fc9ba70
3e95df9a
bf848903
c02c2663
bfa22979
40119a3b
c078426f
c07c6c55
c06e9db0
3fc995ab
bf8eec97
3f6b647d
3e5a1c7e
bfc0b581
bfe3dbe0
bfce4737
3c719674
bdf251ad
3dfe7650
3d7263e5
3fc9766d
bf8ed672
3f6b4001
3e59fab2
bfc0979e
bfe3b88f
bfce2741
3c7172ae
bdf22c26
3dfe4ecb
3d723e3c
3fc9619d
bf8ec7b1
3f6b27b7
3e59e42c
bfc083bb
bfe3a100
bfce11f3
3c715594
bdf21303
3dfe349b
3d72250f
3fc95734
bf8ec04e
3f6b1b8b
3e59d8e6
bfc079c4
bfe3953d
bfce0748
3c714b43
bdf20693
3dfe2799
3d721880
b9b9d250
b8975987
3a59791e
3d894915
bedc6d01
b4307f4e
baba8996
ba8c7ad7
bf7f9e9d
ba66f59f
38296436
b9c75692
bd894718
3edc6ce2
b977b3f5
b93c4e2f
3981b314
b95728e0
b6b18675
389c7e60
35271d35
b9778d95
b93c3104
39819ef6
b9570787
b6b16af3
389c6620
35270351
b9777400
b93c1d8f
39819193
b956f14f
b6b158a1
389c55f4
3526f20c
b9776732
b93c13d6
39818adf
b956e631
b6b14f6d
389c4de0
3526e960
3347f79e
b3ce03be
b41662c3
33230504
af9f3b6d
b30b4ba9
b0a0e112
33e2d3db
31efdef0
3979b267
393988e9
b982021d
3958a5fc
36b17952
b89db401
b52b7918
35176847
33a95b0a
39f9afd1
39b9d986
ba01f853
39d89422
3731a096
b91da090
b5abb3bb
35552544
340b5910
3a3b28f4
3a0bb2f0
ba42fc2e
3a225ea1
37855b7a
b96c5365
b5fb942c
35a6a917
3428c55e
3a796072
3a3abd0c
ba81fe8c
3a5862d7
37b1ebf2
b99d7635
b6296ae8
36030aa9
34307f4e
3a9bb2c1
3a69f98d
3f7ff2de
3a315213
b83fc0af
39eecd26
3d896bf4
bf7ee224
3373adc9
b3ce66db
b3d4e94f
332203bc
afa0c48c
b30b29bb
3084da0a
345ed37a
31f00ec0
397992a7
3939929c
b981fbeb
39589d15
36b174c1
b89da5b6
b529af7b
35040726
33a97be3
39f99cef
39b9e348
ba01f63c
39d88b4f
37319bf7
b91dabe0
b5abf8bf
3545cf97
340b7412
3a3b18eb
3a0bc0a7
ba42f77a
3a2257ff
37856dab
b96c3334
b5fc9a05
359d259b
3428e623
3a79575d
3a3acf5f
ba81fa37
3a587d36
37b1df30
b99d60c2
b628b7fd
360391a1
3430a9a8
3a9bae54
3a6a1081
3f800ae7
3a3142bf
b83fac61
39eeac9d
3d89621a
bf7f1f50
3a7d48b9
3ba714e6
ba83d3bb
3bdeb471
38536fce
bb5ca3e9
b811360d
b50a3f30
376724cc
b401709f
b64b946f
33b1c80f
35d9a182
3277576d
b58ca3cc
37c8b409
b48a82e2
b6bfa268
33ebc0bc
364ac0c7
32eca250
b5d7c611
37e03ce9
b4e25bd3
b6ff339b
32cc1d1a
368333a0
3324578e
b5e72846
3799ea09
b414bf1e
b7096eac
b384ad52
36898472
33350ce7
b58202f6
b6af32fa
3588267e
b6e4f6d7
b35d1317
366523cc
3316d6a5
b54ff113
b68c1b87
3559c29a
b6b71a91
b330d579
363748f7
32f14e63
b51bebb3
b6521d21
35234874
b6894bec
b3049e51
360974df
32b4f862
b4cfdc00
b60c0d62
34d9ac88
b6370803
b2b0e8d4
35b75d0d
327168d9
b44fefb2
b58c1a8e
3459c117
b5b7194f
b22ef3a7
3535558d
31eebce5
bbb0d199
3b81bf4a
bb6b810d
3a344b27
3bab2547
3bcc3843
3bbb1a4b
b9663e72
38a21d89
ba310800
b9adab01
bbb2b9e2
3b829d07
bb6ca69f
3a35de7a
3bace204
3bce39bd
3bbd05db
b957d6c5
38c5fd17
ba3022fd
b9ac31bd
bbb4f6ad
3b83352a
bb6d6722
3a37936e
3baef331
3bd08e52
3bbf4479
b93ce2c0
3902518e
ba2d4400
b9a836fc
bbb74bed
3b83af1a
bb6df768
3a393e4c
3bb11c75
3bd2faa7
3bc19a10
b91d9526
3926fe48
ba2985ea
b9a305d4
bbb95d02
3b8448b8
bb6eb08a
3a3abc19
3bb301ad
3bd521a3
3bc3ab18
b9062169
39439420
ba26df62
b99f2eda
bbb5c85a
3b81cd59
3b124b7b
3ab432d4
3c0109e2
bb07be80
3bed585c
3c8fe5fc
bcedb882
bd0337ba
bcf2a339
bbb326fd
3b7e78e1
bb67bdf8
3a34f093
3bad7dbd
3bce73b4
3bbd5d8d
b8fdcc89
393f2d66
ba205add
b99888cc
bbb30b39
3b7e5173
bb679a10
3a34d490
3bad62db
3bce53b8
3bbd4038
b8fda50c
393f1004
ba2041fb
b998711d
bbb2f8bc
3b7e372b
bb678226
3a34c1df
3bad50f8
3bce3e60
3bbd2ca4
b8fd8954
393efbf4
ba203172
b998614a
bbb2ef79
3b7e2a09
bb677629
3a34b887
3bad4804
3bce33b8
3bbd22dd
b8fd7e06
393ef271
ba202940
b9985966
bba6c1ae
bf396ffa
b7492c74
3bfb6a96
35d98193
3bb46294
bda2e1e8
3bb9f6c5
bf10505a
3b2379b0
3ec87639
3a41c587
bc01d714
3a7c961e
bc807ea3
3a7c7cf8
3d979ac2
b9e2f59a
bd626657
38ffcb90
3a7c7018
bc806ad9
3a7c541b
3d97834e
b9e2d290
bd624342
38ffa3dc
3a7c5539
bc805dc2
3a7c3c2d
3d9773b2
b9e2baf8
bd622bdc
38ff8982
3a7c4990
bc80571c
3a7c2eb1
3d976bcc
b9e2af35
bd62202f
38ff7c46
36cf1b68
b9460d34
b7893c9e
3916188e
b3f95a01
37b15f42
36336160
38d0bdba
b4a56b7a
ba58efb0
3c2137c9
ba8dd54f
bd90d428
39e15921
3d6412a5
b8fa200e
3930c828
b6336d8b
bae6ee2e
3caa4b2d
bb091e03
be118c00
3a61b3f1
3de3fb29
b9799b56
39c0256f
b63745df
bb2b414e
3d08abd6
bb48b49a
be5bb092
3aa9b49e
3e2aea3c
b9bd1d25
39b79cf2
b6013b24
bb651c28
3d44043b
bb80c899
be938224
3ae2aea0
3e63c57e
b9f5ee86
396c9e65
b5d98193
bb96880f
3d82cdd3
bb99b829
3f237579
bb40114c
bee5148d
ba209d4c
3c97caf6
3727542e
b9460771
34f919ea
3915f22b
b3f8a2f3
37b0f995
35fc086a
38e7da26
b4a58ab3
ba635ac2
3c214064
ba8f75da
bd90ce6c
39e15342
3d63fdc8
b8fba639
3935268b
b633902d
bae8d1bf
3caa53f1
bb0925d2
be118611
3a61ae30
3de40b91
b97c04cb
39e732e6
b6376983
bb2d6c0d
3d08b8e1
bb44eff3
be5ba79d
3aa9cbdf
3e2ad2e5
b9bdc3bc
39c881cb
b6015426
bb65cbad
3d44177d
bb7e22e3
be939432
3ae29e5e
3e63a662
b9f4a86a
39a15c4d
b5d9b613
bb964189
3d82dab7
bb995054
3f23675a
bb40038a
bee4f548
ba209d4c
3c970847
bb764505
3e96948f
bb762909
c015895a
3b864516
401f8fe7
bbde540b
b74fa18f
3cce3d6f
b74fa5bd
bc8c6326
37460b83
ba850519
3663f5a5
b73ecc89
3d352a2d
b73ed3de
bcf60701
37cad735
bb01f999
36d20235
b88578c8
3d50256b
b88579ef
bd0c4ff3
37177174
bb332881
370434d3
b89f2c37
3d1cc17c
b89f2d4c
bccd9fbf
b6a99f69
bb46f260
370a9036
368492d3
b9ef1b03
36848571
3b2154b9
b68d515a
bb25bfa8
36e6e1f2
36540add
b9bf36c7
3653f38b
3b010471
b662133e
bb049458
36b8add2
361eff7e
b98f618f
361eee82
3ac17b64
b6298c33
bac6dbd7
368a8085
35d3f441
b93f2512
35d3dfb8
3a80f749
b5e22c16
ba84a2e3
3638c217
35540965
b8bf35b8
3553f22d
3a010345
b55fab62
ba032b19
35b6b6a1
be257c04
c01ea642
3fa64f63
3e53f495
3e5ae466
bdb0198a
3e10907b
40072e98
3fee4ed8
3f95d0bf
3f27fa84
be3faf73
c02217f0
3faae024
3e597c4a
3e76131c
bd83be55
3e29bc16
400ace7f
3ff542d3
3f9a1dfd
3f2d26a2
be6ced8e
c0270a8c
3fb20cff
3e620747
3e926816
bcd147eb
3e55534e
40104afd
3ffff07a
3fa0ad5e
3f351003
be908abe
c02c85ba
3fba29c4
3e6b978f
3ead4dd6
3c9f7b80
3e83c9f7
401670a8
4005fb4c
3fa80f33
3f3dfcb8
bea4aa54
c031061a
3fc0987f
3e7332a8
3ec20d24
3d5c6e8d
3e972312
401b63c0
400acd63
3fae004f
3f452d30
bead8d3a
c01eef99
3fb1b04e
3e5f775e
3ec74823
3dc32b9f
3ea10864
400e0c15
3ffebb48
3f9ea20f
3f333322
bea0cf18
c02aa5c5
3fbb709b
3e6c1d5e
3ebda0de
3d6139f3
3e93d044
4016291f
40063532
3fa80f21
3f3e29f5
bea0b5cf
c02a8b57
3fbb5391
3e6bf8e7
3ebd82d3
3d6117d4
3e93b994
401611e4
4006205e
3fa7f51e
3f3e0c79
bea0a5a5
c02a79bb
3fbb400d
3e6be06f
3ebd7013
3d60fbd1
3e93aa21
40160275
40061284
3fa7e3ba
3f3df8ea
bea09d57
c02a70e3
3fbb3667
3e6bd452
3ebd6608
3d60f333
3e93a25c
4015fa99
40060b98
3fa7daf7
3f3def1f
3a104079
3aee7803
bed6c383
b8a0ca62
be820863
ba8eb359
be821461
ba8c4928
bef366fc
b971f873
bd09ef4b
3ed6a0c3
bd2d2d52
b94013d4
bd2d2dc0
b939d0a5
3db489f7
385e753a
bbad4c6d
bd2d1272
b93ff76c
bd2d12ef
b939afc0
3db46dfb
385e520a
bbad3195
bd2d008d
b93fdf2b
bd2d0110
b939a34a
3db45b52
385e3cf2
bbad1fab
bd2cf7a6
b93fd714
bd2cf81f
b939958e
3db451fd
385e307a
bbad16b6
b7dc5006
b4409439
363367e3
b2c71bed
3711f6d2
b3066534
359ed18f
b8075c40
361540d0
3d2d1cd8
393b13c1
3d2d536f
393c4e22
bdb0f771
b860a02f
3bae8d49
b8504a86
37f47f9b
3dad427c
39bb805a
3dad6a58
39bc0375
be314e59
b8e05fe6
3c2e6a52
b626d679
38630c59
3e020cfd
3a0d3444
3e022746
3a0ce3d5
be855ac1
b92821f8
3c82e7d3
39464a43
38954ac0
3e2d90ad
3a3d2640
3e2daa2d
3a3bb7f4
beb2630a
b95ffa1c
3cae54f4
3a0bea40
38a0ca62
3e58f621
3a6d78ed
3e590e10
3a6a567d
3f106fcc
39950194
3ce8c06d
bf782e03
b7ede7c4
b438b656
36a8c463
b1abeb19
3711f750
b3092e56
35a0c476
b80f447f
36155f8c
3d2d1961
393b13da
3d2d4181
393c1e2a
bdb0f2cd
b8608975
3baead06
3651b766
37f4af26
3dad3cec
39bb8763
3dad6012
39bbfe43
be3149b9
b8e082fe
3c2e553c
b82b9819
3863385d
3e0203d1
3a0d45ab
3e022c55
3a0cd7c3
be856cf6
b9280c4c
3c82d643
393ceb99
389567b7
3e2d8c5f
3a3d39c4
3e2daa1a
3a3bd36e
beb25640
b95fd36e
3cae561b
3a0c04cd
38a0f0f7
3e58f079
3a6d9039
3e592bb0
3a6a423b
3f106572
3994ed4c
3ce8afbd
bf786991
3e2fa1ef
3ba8b936
3e2fa26b
3bc18522
bf52daad
bb1d122a
3e969c3d
3991f596
37bf8d89
3991f4ed
b70738bb
bb48417e
361c4785
b90f582f
39b25194
3825491f
39b25065
b7783e52
bbb16b3c
367cfe42
b986d8bd
39057a88
3837bdbe
390577c7
b79aaf0b
bbc9a7bf
36813247
b9b0d16a
b95b6721
37ffb929
b95b6954
b78b1e70
bb906490
36437d9c
b9bbc026
b935ca4a
b6b2b46c
b935cac8
b6c5b9d2
3a60d3e1
3622db5a
b99c6bb1
b91160e5
b68eeceb
b911614c
b69e2303
3a33d5f4
3602446c
b97a3c87
b8da049f
b65655b1
b8da052d
b66d286f
3a06dea5
35c3630c
b93baae4
b8915222
b60ed9f5
b8915293
b61e10ea
39b3e9b0
358254ea
b8fa57f5
b8115feb
b58ee5f8
b8116052
b59e2079
3931ebe2
3500e073
b87792bb
3c199148
3b47ccb9
3e8e4a71
3e38fa8f
3d160580
bda7c486
3d0fc5f2
3e82f13a
bead38f8
be82a98f
be29737b
3c1b48c5
3b485138
3e8facbd
3e3aa747
3d176aad
bda95056
3d112e10
3e8470d1
beaf0773
be83fbd7
be2b365e
3c1d5514
3b47d0ef
3e9164e8
3e3c636d
3d18e3dd
bdaaeb91
3d12a6d4
3e861f05
beb0ebfe
be8544f1
be2ccabe
3c1f6653
3b46df03
3e93470e
3e3de8ba
3d1a3628
bdac558b
3d13f1c7
3e87be21
beb2a1da
be8652ee
be2ddda6
3c213344
3b4684c7
3e94f8c0
3e3f17a5
3d1b412f
bdad6f50
3d14ec18
3e89159b
beb40511
be87210e
be2e850e
3c0f614d
3b481a97
3e8b663d
3e404fc0
3d1d1f3d
bdad71d5
3d17d788
3e853c2f
beb3f2c8
be8b8415
be3c3818
3c1bccfb
3b3ecd65
3e90b962
3e39261b
3d166e8f
bda7f591
3d10175d
3e842fb7
bead9bb2
be8227cf
be27c27a
3c1bb2dc
3b3eb262
3e90a2f5
3e390970
3d1657ce
bda7db85
3d100125
3e841b4c
bead80bf
be8213a1
be27a871
3c1ba587
3b3e9ae4
3e909402
3e38f641
3d164878
bda7ca70
3d0ff21c
3e840d97
bead6ece
be82062f
be27972f
3c1b9a8a
3b3e91b5
3e908c83
3e38ecbc
3d1640fd
bda7c196
3d0feb1b
3e8406be
bead65d7
be81ff7e
be278e83
391a9cd8
bc983d57
b667c28a
bc42e45d
3d053324
bc3dfcd8
3d954dd8
b967c9aa
befd5ddc
bac88700
3c95e5ea
bb08a2ab
3b6c0680
bb08a8d4
3c6f096c
b869a8b7
3daf0486
b970aa7e
bb088cf8
3b6be169
bb0893af
3c6ee4fc
b86984de
3daee967
b9708543
bb087efd
3b6bc639
bb08856b
3c6ecccf
b8696afb
3daed75a
b9706c52
bb08781d
3b6bb929
bb087e80
3c6ebf9c
b8695e7a
3daece46
b9705fe9
b7ab7223
b910bd3b
b675d594
39811471
b4c46f14
39a32dcf
b67893d4
3937b910
33fecce1
3af01070
bc02059f
3ae13630
bc0d7a8b
37465160
bda7d828
396a4882
3986f26e
35cd757d
3b6af1f9
bc76d5dd
3b608724
bc972858
3803c2d2
be28c501
39ec797a
39f27d0b
36346ff3
3bb69f69
bcac0d27
3bad7f70
bcf525c3
38850d9f
be7eb2f5
3a333de0
39f409a3
365d8d65
3bfcbfa8
bcd12c70
3beee165
bd3190a2
38e53b5d
beaaf5ef
3a74d7f4
3942df4a
3667c28a
3c203f6e
bced0171
3c1c36b5
bd6f0f14
392d811e
3f14c52b
3aab3d7a
bd2c369d
b7466c22
b910bd0a
35986dd7
3980f875
b4c47b4f
39a31fe9
b693b209
3942e7b0
33ff01d0
3aed5a6e
bc020af4
3adb6262
bc0d765b
37464b2e
bda7c901
39669961
3988dd5b
35cd9cde
3b69d145
bc76e359
3b61108f
bc9721b5
3803c260
be28d11a
39eab065
3a160d89
36349312
3bb5ce4a
bcac1f08
3bb011d1
bcf51b86
388522dd
be7e905b
3a3299ea
3a09da2b
365db882
3bfcaceb
bcd14100
3bf1802c
bd31a705
38e52c8a
beaadeb7
3a74a536
3986d850
3667f9f1
3c208053
bced18ed
3c1c803a
bd6efab7
392d74ba
3f14b0f0
3aab7aef
bd2cdba0
3bef09ee
be61ce4b
3bef183e
be99d217
38f7bb03
c06cd1bb
3c5121ed
395381b1
3c964f48
395381bf
bceb60fd
3892b38d
bcbb5166
b6b8ab75
39b173c4
3d048aa1
39b173cf
bd4edbc5
38f93787
bd2563c7
b72ed08d
39c481f2
3d193b31
39c481ef
bd6dd0a3
390a4dbe
bd3b9346
b76ee3f9
398fc149
3ce95baa
398fc13b
bd334386
38cc2732
bd07e02c
b7825e38
b70f6df2
38db9605
b70f74f4
39fe5deb
b5117d45
3b8021b3
b7593a24
b6e566c3
38af99a9
b6e5728b
39cb6c4b
b4e8bef1
3b4cfafd
b72dc193
b6ac0346
3883a987
b6ac0bc9
39988840
b4ae8cbf
3b19ba49
b7024f74
b6654fcc
382f824b
b6655a3f
394b56a9
b468d9f0
3acd117d
b6add4a4
b5e563d6
37af986f
b5e56f8b
38cb6742
b3e64456
3a4acc9a
b62be82e
3e41419e
be35dd47
3ff10102
3e0f509c
bdf0400a
be7cdfb9
bea62a92
bd67474b
3e94da41
3ed7778a
3eacb910
3e31372d
be5eec7a
3ff87927
3e160ed9
bdcbac3c
be70b6ad
be9fadb8
bc8d1bcd
3eab4e27
3ee77e07
3eb71523
3e138821
be932873
40023077
3e211fbf
bd897412
be5999f5
be932414
3d57b82c
3ed213af
3f01319e
3ec82d6e
3de16697
bebc755e
4008ee9b
3e2dbecd
bcf0a094
be3e5779
be844fb2
3e09215e
3efee104
3f10a363
3edbc11c
3dac4811
bedc68ec
400e3fb2
3e379fe3
ba004050
be29ad36
be724021
3e4912ea
3f10cd7f
3f1cb682
3eeb273d
3db65508
bede476d
400618e5
3e2e13f7
bc1f4f4e
be2ce475
be6be691
3e52b76f
3f09db72
3f12fbca
3eda1d23
3da188b7
bed72ca1
400a7d13
3e32a0b7
3afc4465
be227bcc
be684b1d
3e47e5f2
3f0d3364
3f1808b9
3ee382a5
3da17202
bed70b36
400a679b
3e32852e
3afb2f36
be226276
be6826d5
3e47c87a
3f0d1d54
3f17f133
3ee35f60
3da15fde
bed6f55c
400a5934
3e32729d
3afc336d
be2252dc
be680f18
3e47b4f2
3f0d0eec
3f17e167
3ee34802
3da15791
bed6e9f6
400a5211
3e326975
3afbe2c6
be224983
be6803aa
3e47a840
3f0d07aa
3f17d962
3ee33c43
bcd88363
3aba6f01
bdb07cef
38537281
bd8d436d
38a8114c
3d299e05
b58150d9
bef49acd
3d0585f3
bccbb8be
36d2d14e
bccbc54a
37548b78
3bed1b4b
b3fcc0db
3db3ecb9
bccb9467
36e105b4
bccb9e3e
37546c0c
3becf615
b3e5ec1c
3db3d0d7
bccb8578
36e0da2d
bccb8e68
3769fa01
3becde38
b3d70151
3db3be3d
bccb7d8d
36c3ff3b
bccb867e
3762b9c0
3becd119
b3cf486b
3db3b4f3
badfc606
b609f9b4
bad3139d
b69e1d35
3768bea9
36221411
387b7d43
bb2f24db
b7b9184e
3a1fcba7
b7c1bc87
3aacb1ab
b7a1082d
bbc88448
367917e0
bdafa6e1
bb825aae
b9cea732
3aacd6ce
b80c52fc
3bc22dbc
b7ea0ca0
bc4e9d96
36fd5afc
be309b4b
bbe5cba5
ba6af929
3c172f36
b84734dc
3c79c00f
b831c1a4
bca0e33e
36d67809
be84f3f3
bbf2b934
baa992ca
3cf69dcc
b8836b0e
3cd2eb51
b85eefa7
bcdcc2d5
3596b3af
beb1af2d
bcb09b49
baba6f01
3d7421f5
b870f934
3d31c692
b8a40c59
bd0c19ae
36128d51
3f10ff40
bd920da2
baf26efd
b67fd2df
ba657de5
b6a493ad
376848a1
3648926f
38cb7208
bacdc7f6
b7b941af
3aac91fe
b7ba88ce
3b4c517c
b7a48a3d
bbc87f8d
36992421
bdaf7dc8
b87f50af
b9cecfd2
3a8f1c42
b82922be
3bcbe48c
b7a93a1a
bc4e9865
36d28c21
be3098ad
bbd162d7
ba6b269f
3c255dce
b86eddda
3c58754f
b80db584
bca0f94d
370794d4
be84f98b
bb928e02
baa9b3b4
3d065836
b88e4056
3cdf2b01
b88c5261
bcdcb2fe
3697968b
beb1e7b6
bc8ae09a
baba9bbf
3d6c927b
b8377354
3d4025df
b8a06d8b
bd0c0fa3
b6094ed2
3f10f815
bd91f0bd
bb73da29
b8df2320
bb722c03
b9cbd96b
bd6fcd44
3898ded4
c0984331
3c437217
b8082667
3c43721e
b78d65fe
bb5cbdd5
b7f0202c
bc951318
3cc0716c
b84d3623
3cc0716e
b7ca674c
bba5bb85
b8326e92
bd0307fa
3d1280c1
b7eee381
3d1280bd
b71d6523
bb2f6078
b7aefaf4
bd132952
3d0a20f5
b4315a14
3d0a20ef
36eb1b7d
39d908ec
36be6fc9
bccf1e06
b8d5d9b0
341e5101
b8d5e554
34dfdcad
3893a257
b139fc15
3ba266d3
b8ab054a
340a1bb1
b8ab0b8b
34c172a7
386c2e38
3162473d
3b81e706
b8803ee4
33ebde48
b880460e
34911046
383120eb
321e135e
3b42d7d4
b82aec15
33a6c6a8
b82afb54
3441618e
37ec48fb
b1b2afa3
3b01f530
b7aaf44f
3311419b
b7ab0390
33b30a38
3769ab89
312db8ce
3a8084d5
3b88784f
b9b2b3ba
bfe51832
be6b2116
bd32eede
3d92896f
3d3f87ca
3e548fbd
3e1cc199
3be31489
bf5a963a
3b939119
b9bb5a19
bfe8360f
be61d3bc
bd2c3824
3d88e588
3d4c60bc
3e642b73
3e0903d9
bc77170f
bf635980
3ba652a7
b9b31b4d
bfecac12
be4dbea5
bd1d95ec
3d69ed64
3d641298
3e805756
3dc0e936
bd6ef558
bf725685
3bbe7ede
b9ad8085
bff23aac
be2d6867
bd0561f0
3d2b978b
3d838a95
3e9514c6
3d074eab
bdffccb9
bf83e0e9
3bd3122d
b9b09b55
bff749fd
be0e35d8
bcdc912b
3ce0a16a
3d94451d
3ea888fd
bccf91a8
be412ac5
bf8dfa52
3bcad779
b9b7f22d
bfe5fa50
bdf5a6b4
bcbedaa8
3cadfdcf
3d8c5c99
3e9efa3a
bd27571d
be41f8e2
bf82de76
3bcecec9
b9afe119
bff06004
be07dd30
bcd26cb0
3cd174f1
3d909db7
3ea3cf04
bceb06ee
be3ebc73
bf893d69
3bcd053e
b9ac39bf
bff03a8c
be07c7a5
bcd23056
3cd18b65
3d906bfa
3ea3bafc
bceaf887
be3e9f64
bf892817
3bcd06ee
b9afc77f
bff02190
be07bc94
bcd1d816
3cd14da2
3d906c6b
3ea3a5a7
bceabb9a
be3e8daa
bf891a9a
3bcd7b80
b9ac293d
bff01514
be07b5b4
bcd26731
3cd14b7a
3d906ca1
3ea39a73
bcead396
be3e82c5
bf89131b
3d2560dc
3f9ae7a8
3b461a94
3f757fcb
3b13a154
3da22d4c
39167f1d
3da0c2e4
bf683cce
3eb29fe9
39e7b560
3eb2ad2f
3a177077
3d20a086
3887b390
3c4fb531
3eb28112
39e501ae
3eb287a3
3a16bb55
3d20875e
3881ece1
3c4f94d1
3eb27169
39e4430f
3eb27b1f
3a154020
3d207489
3883ffd4
3c4f7f91
3eb26968
39eb2991
3eb2745d
3a17faab
3d206df2
3884e742
3c4f744e
3c065ab1
b6b48848
bcc41ed4
3874cb44
390efe59
37ba3259
ba0b8a6c
3b0bf6f5
38460c73
bbc1c421
b9cf88af
bcdbf6e0
ba062e6a
3c5f0d4b
3898b7e6
bc62c8a9
3d64d3c6
babddfc4
bbbabc70
ba7c3508
bd07f7b2
ba94757e
3cb782b3
38e7b83c
bce85ea1
3d3a364a
bbf1fc53
bdd77a98
baa11c99
be116cce
bac452f7
3ca647be
39078bf4
bd0ea16a
3d2ea63d
bc99db34
bec7a632
bad587b0
bec39a72
bafa7d9d
b8ef7eec
391058f8
bd6137b9
3e189589
bd08d9ea
bf55c7b8
bb15e3ae
bf26a3ab
bad7fd3d
bd23bfd3
b8cbffcd
bd93e4e9
40070594
3c185080
b8217922
bc90a3ac
37fcff22
390e737d
37fff201
b894e39e
3c9ceff2
384615db
bc4226be
b9dc8b29
bcbf9641
ba16ff88
3c5f13ed
38892968
bc5e7277
3d6da575
babe070a
bba2ad65
ba757542
bcf7fb53
ba8e2ea1
3cb780b4
38e484af
bce4ef8c
3d03d14d
bbf22bea
bdea2fb5
ba9e014d
bded2969
bac53292
3ca659cd
38f55173
bd116fad
3bdb0019
bc99f8e9
bed067f6
bac55173
be90d333
bb0294e7
b8f723d9
39009361
bd419240
3e040cfb
bd08fad1
bf592dca
bb152b06
bf259c7a
bae0adde
bd23b68a
b87d5e60
bd98c75e
40073b43
3cbb6909
bc0238b2
3cb75652
bc80abb9
3e0237ca
3b07a003
bf31c601
be040e8b
b9ccfdbe
be040e89
b9a74cc0
bd38af72
b9ebec8d
bae0e24f
be98d939
ba6e8502
be98d93c
ba39f171
bdd79158
ba86b217
bb385a8b
befe42e3
bac52236
befe42dd
ba952c39
be32cefe
bada9a1e
bb2631a6
bf04abf7
bacc2094
bf04abf1
ba9830e6
be3a5612
bae0c846
ba935a59
3abb7ec0
375f7fe6
3abb8ab2
37a30cdb
39c80abc
3640acc2
3a3b7a48
3a95f1cc
372a4216
3a95f9ce
3781130c
39a000d7
361ba83b
3a15f5af
3a60e286
3701b9bc
3a60f4ac
373f7c26
396ffc1b
35e170f5
39e0edf4
3a15dec3
36ab67e5
3a15ebf9
3700cb51
392012e4
35a43a10
3996061e
3995e4ab
363132ef
3995f0f8
36812732
389e47a3
3517bfbf
39145cba
3c06c8ac
bc38a897
be9b51ee
bc242b75
bc29bc3e
bc250eae
3b622722
3d2bbbf8
bc25e086
bd438e66
be3d1fbb
3bdb3d2a
bc38e7a8
be68044f
be0aaaea
bd0d2477
3d451a13
bcd643a7
bdac5498
3e5da640
3e46c7bf
3d8a6dda
3ba22693
bc3f4e65
bd3e4de7
bed9e61f
bdb88cb1
3e392206
bdbe746a
bec1205d
3f3d3e55
3f413bc5
3f274f4c
3910467e
bc4581de
3e840657
bf695751
be3bd975
3ece35f5
be522f57
bf5e4a4e
3fce9545
3fd8a476
3fd16481
bb909496
bc4c13f2
3f13acfe
bfb644b3
be8fdb3e
3f231d71
bea5feec
bfb1728c
40224b4c
402bdf0f
402adeef
bb8b1bbb
bc44f486
3f14d261
bfb77c97
be90e96e
3f2457e5
bea78218
bfb334de
4023cfe3
402d2f62
402cce80
bb9db65b
bc441aff
3f142555
bfb43458
be8eab20
3f21bd62
bea4128f
bfafa0a0
40208c8f
4029c990
402940b3
bb8f6175
bc45dffe
3f140a16
bfb41a82
be8e4aec
3f217e20
bea3e478
bfaf824d
40207925
4029af90
402928c8
bb976abc
bc45160e
3f13f21f
bfb406e6
be8e563f
3f2180c3
bea3dd34
bfaf6dad
4020668d
40299e2b
402917d8
bb91bac6
bc4383ed
3f13e5e9
bfb3fa59
be8db78c
3f214f88
bea3d76b
bfaf6305
402061ef
4029948b
40290dca
be2476a7
ba178d96
be1fa8f8
ba1581b4
bbba59aa
3745c21b
bc8d28cd
bf536a6a
bf73e88d
bd0c5b58
b8bda018
bd0c59d3
b8d1b1e1
bb0f60a2
b49c40ad
bb36fe6d
bd0c4443
b8bd4132
bd0c42c9
b8d0bbaa
bb0f49f6
b4753bec
bb36e20d
bd0c35be
b8bc0426
bd0c35c4
b8d11923
bb0f3ab4
b45e227f
bb36cf38
bd0c2fa4
b8bd90a4
bd0c2e95
b8d1703e
bb0f32ca
b48d0ba0
bb36c5b2
ba9a4498
353fda45
3b5cb151
b70a4a6d
b7a1d991
b64d8820
389f1aed
b9acd011
ba4dc791
3c5a6954
38cad155
3c93d3e1
38cb5d5c
ba74af74
b716fb40
3b3a680c
bc9b3708
bc213213
3cf9e3a5
3946fe4a
3d0afced
394858d7
ba98e88c
b76c97c2
3bc11f36
bd50bf6d
bc988712
3d60ebd3
398f730c
3d735772
3990787c
b9d27af1
b7858a05
3c0f72f8
bdd4cb92
bce17137
3db65472
39c24303
3dbb3d2d
39cab7e1
3aa9674b
b78f3e18
3c3d0a79
be346361
bd17a79f
3e00bc1e
39fb8a8a
3dfb9dcf
39f67015
3b657072
b7436bca
3c6f9b21
be889dd4
3f73e88d
baaec604
36b4796e
3b22f98d
b68edd62
b7a13d1e
b68e0523
37393cd2
bb328b26
ba4df17e
3c653205
38cadcb8
3c82908e
38cb2b82
ba74ae99
b71282a2
3b36ff23
bc97a4b3
bc215180
3cfe5a17
394641dd
3d058e7e
39424b5f
ba98e19f
b7734b27
3bbe2798
bd517d57
bc98a4ba
3d61db7c
39906473
3d7477d5
398f6585
b9d27c29
b7822bb0
3c0ec86f
bdd2a2ae
bce19ce9
3db6dfdd
39c0d101
3db745ad
39cd5375
3aa95f34
b786087c
3c3cd527
be34146f
bd17cc25
3e01196b
39fb7375
3dfb7d89
39f74f0b
3b656116
b7540058
3c709cab
be88c349
3f742314
3d6155b6
3b18be00
3d615748
3b4c1700
bc0bc661
b98c645f
3e1e488a
3c96747a
3875060e
3c96747d
38216920
3bd18962
387aa83b
389d005e
3cdd3862
38b37b72
3cdd386a
386c9fce
3c1bde3e
38bad94c
38dd9310
3ccdbcd7
38a405ed
3ccdbcdd
385a987b
3c111465
38ae4a3c
384d6062
3c6456f5
382cb5f9
3c645703
37ec54a1
3ba1762d
38439c59
b883e9a2
b9135489
b63127d5
b91353ab
b65eb915
b7b28be1
b2743b6c
b9252bfb
b8eba532
b60d3b6d
b8eba2e4
b632a61d
b78ed056
b2372bb3
b9041e2f
b8b0b289
b5d3db57
b8b0b0a9
b605dff1
b75636c5
b1d52fef
b8c62abc
b86b8bfa
b58c71ad
b86b8c59
b5b22eca
b70ee265
b1c8c681
b8842ca4
b7eb9f2d
b50d504d
b7eb9eaf
b532456c
b68d4b68
b1427d03
b802b629
bac96f0e
3aeea5a8
3d01a1e5
3d7844d4
3c60e31f
bcc77a58
3c55edd5
3d4ea691
bdd1043c
bdcfb537
bd9c93a2
bab3ffb5
3af115f0
3ca89cb2
3da19f5c
3c8d6d87
bd06056e
3c8db7d6
3d8d1930
be0a6037
be0c0f87
bde80e54
ba96e539
3af4699c
3b8b2fe7
3dd886ae
3cb7ab0b
bd3819c1
3cc042ea
3dc4acc6
be3bd902
be4126b8
be2b6dd4
ba7762f7
3af74118
bc36814e
3e05fdc3
3cdf4a2d
bd675d56
3cf05f59
3df9088d
be6a7ca5
be73290f
be5fa2d5
ba5d577c
3afae3ea
bca2439a
3e14dab2
3cf61839
bd814ca2
3d0617bb
3e0ba5f3
be82d118
be881f1b
be7de2e3
ba665696
3afa97b2
bca34de7
3e15e78c
3cf7b899
bd8237c7
3d071add
3e0cc840
be83d777
be89307a
be801398
ba4da25e
3af0f1d8
bca4e319
3e11b757
3cf0e21d
bd7d3084
3d02f9d2
3e08502d
be7f4226
be84be46
be77c583
ba57ea6f
3af26e13
bca4bd30
3e11a0a9
3cf09453
bd7cf394
3d02ef2b
3e083730
be7f1d3e
be84a9f5
be77a18c
ba4c5880
3af188b8
bca49f2f
3e119051
3cf0768d
bd7d027b
3d02e599
3e0827e0
be7f0171
be849c01
be778839
ba551039
3af0a1b3
bca497d6
3e118899
3cf0199c
bd7cc12b
3d02e759
3e082181
be7ef797
be84967d
be777bcb
3b05cfc6
be19a7fe
3b0e2099
b816a094
b986c743
3d695ef3
bebb5da4
b4383755
bf7f6612
bb05d0a5
3e17447f
bb0e2175
37c6bd52
3986c789
bd695df5
3ebb5d84
39af9705
b1f1b70e
b9ae35ab
b1f6f4c0
b5eb7793
2f9a2fc4
340f6da1
39af84e3
b1f099e9
b9ae23ad
b1f847f5
b5eb5f60
2f9ae268
340f5edc
39af7bcf
b1f164bc
b9ae1aab
b1f738a4
b5eb530c
2f9a87b2
340f5758
b38d885c
ae242196
b3bf35c2
2e27a6c6
af312606
2eb6fa7e
b2152130
338471b6
31cfb211
b9b0342d
31e7a039
39af1dbd
3200274c
35e7be65
afb00b11
b420800c
34c7fc66
3394af42
ba303366
326fbae0
3a2f281c
327d14e6
36682cbb
b03e3ea1
b499b1f2
351ec167
33fabe4e
ba84243a
32bb5db4
3a835929
32bce978
36ae9464
b090344a
b4d92882
358078c3
341ff45d
bab02bc0
32fd958a
3aaf1967
3300d3d8
36e96e7f
b0b3737a
b5111d9d
35b31662
343355a9
badc33b2
33202016
3adac8be
331e0d59
37124164
b0c40348
b531fdde
35f1c583
34383755
3f7fc000
3b05e380
be17c3fc
3b0e493f
b7d59baa
b986f417
3d699c31
bf58a7be
b3835a09
af43f13e
b3861c66
aeb53158
af3391b5
2f025c39
b1e6faf1
340fe95c
31cfdb94
b9b0258b
31e76746
39af167b
31f45b17
35e7b899
afbf7cc4
b41eb594
34cc93b3
3394cc20
ba3026ba
32721458
3a2f252f
3280d4bf
366826a6
b048b8dd
b49836a4
351c0758
33faeef7
ba841abd
32bb9c4b
3a835839
32bbbce7
36aeac44
b08d2f23
b4d9f07a
356e3a2f
34201367
bab02760
32fda43a
3aaf1338
33019d6b
36e95dcd
b0ac2e67
b5101d6b
35b38df2
343380b2
badc2fe1
331fd05b
3adae651
331e1bc4
371236ec
b0c7c712
b531b592
35f0b81a
3438638a
3f7fb955
3b060669
be17b91d
3b0e3cf6
b7d58132
b986e1b1
3d699616
bf58dbba
bab2b88f
345762a5
3ab1b7f7
347cae6f
378a0f11
b28afd44
b6f8eea0
33ad11a4
2fd1124f
b4968581
2fda8e68
337ddb5c
3028a93c
301c3284
341acb16
302b522d
b51b6cfb
302b65d4
33d016ad
308bdc66
30e63338
34627ef2
303fc8bf
b56afeb5
30211df6
33db1b6a
3095f613
317b10f2
34a00bd7
2fe5b183
b59ad135
2fa85a25
33896f21
3052ca49
31cdf287
34f4932e
af5fa1b4
b5b6fc32
af83ca38
b292b43b
2d5f396e
320189b4
35937e55
af33a8d2
b5925587
af532a6b
b26ab143
2d335519
31cf3aee
355d309e
af06fbda
b55b737d
af1e6a27
b2300293
2d077f41
319b6a23
35136f5e
aeb3fa7d
b51246b1
aed2c803
b1eacb07
2cb3b39e
314f519b
34937d50
ae3263d1
b4925488
ae52e121
b16831cb
2c31a9b9
30cd0653
b72e2933
34055de4
399fd7fc
bab56d82
b876df2b
b8cbd554
b931bb17
3841a4e9
398232e2
394cd507
38cead38
b72fa487
34072a3d
39a0f37c
bab6c9f1
b878c70c
b8cd45d4
b93322f9
3842dfe0
39836b6f
394ed9ae
38d100ef
b731217b
34095808
39a20fa6
bab8242a
b87abba5
b8ce936a
b9348c3d
38438e8d
3984bb78
3951110d
38d3c5e8
b732a936
340a39b1
39a32e18
bab97bd0
b87cc2f9
b8cfbd33
b935f5ed
3843b516
39862214
39537b10
38d6fc34
b7342356
340bcd6d
39a44f31
babad044
b87ed0a8
b8d0c7e3
b9375f6d
38436648
39879c36
395610ce
38da939a
b7359b60
340d281a
39a57000
babc1f4c
b8806f5d
b8d1c494
b938c480
3842fb13
3989190e
3958b163
38de4c33
b925070e
39bdc0fb
bab92735
3cf80a51
3b746f5a
bb968ea4
3bb06f7c
3c603858
bcfcdaab
bd01b950
bce19cda
b72e1ec6
34065456
399fa655
bab5011f
b8772fb0
b8c9ac63
b93178d8
383a4320
39832e1c
394f14f1
38d40f55
b72e0e76
34069786
399f95d3
bab4ee6b
b8771569
b8c99784
b93166ca
383a3048
39832073
394eff83
38d3f983
b72e05e9
34061b0d
399f8d9b
bab4e510
b8770802
b8c98d5b
b9315da8
383a2696
398319ca
394ef4cf
38d3ee7c
4303fb14
3f95fa6f
3ad4d6dc
bebdc767
410d8e55
c26356f0
b77b2b6f
be8b0bef
bf38d7b4
c303b78c
bf57cba2
b98f95e8
3e7b3890
c10d905a
426356da
bd1ea402
3d24c63f
3d19eae9
3d3fbf7a
394ae138
bc9227ff
b894bd57
bd1e93a0
3d24b53a
3d19db02
3d3faba7
394acc33
bc9218e0
b894adf3
bd1e8b6d
3d24acb6
3d19d30c
3d3fa1bf
394ac1bb
bc921153
b894a649
b5a1cda9
37f41eac
b7367da2
b6dae539
322b4be8
36de7d8e
b5c3cfd5
3629e56a
3547c9c5
3d1f0d6c
bd1fae29
bd1aaec9
bd40fc95
b9489cdd
3c9342cb
388d4eb6
382ba8ae
370633dc
3d9f1a07
bda00aa7
bd9ab312
bdc0f1e5
b9c8cfea
3d133416
390df908
37c1c85b
374fb286
3dee9ef8
bdf0cc3a
bde80ae5
be10aba4
ba16eba7
3d5cb84b
395bd87c
38825188
37712889
3e1f170b
be212171
be1ab000
be40d41d
ba49b47a
3d93149e
39927408
38dc4801
377b1fec
3e46de04
be4a3711
be4150f2
be70f000
ba7c9b11
3db7c24f
39b7fe53
38e464b3
377b2b6f
3e6ea9e9
3f43415d
4303e43a
3f64096a
39f61bb1
be86ecc7
410db5bd
c3037068
b4a6a61a
37f3e71c
b732660b
b6db2b61
32242daa
36dee1b6
b58f44c7
37449646
3547f12e
3d1f0703
bd1fb689
bd1aaa11
bd40f4b0
b948976a
3c933578
388f32d7
38005d1d
37064dd7
3d9f0ed7
bda01311
bd9aae47
bdc0ea05
b9c8caaa
3d133ea6
390de458
372da2ef
374fdacd
3dee8f40
bdf0e3d5
bde808bf
be10a5bd
ba170049
3d5c9a36
395ad5e2
38776e5b
3771575f
3e1f13d9
be213141
be1aac38
be40eb97
ba49a5fd
3d930091
39922fe8
38cccad5
377b5c30
3e46db77
be4a4ae7
be4166f5
be70db35
ba7c88f1
3db7a942
39b7e3de
38dbefcb
377b67b5
3e6ea11b
3f437448
4303dac6
3f63f5bc
39f67639
be86da63
410db209
c3038ff2
3e2171ad
bf8fdb15
be1d0c1a
bfc6663a
baef0137
3f4e0e9d
3b8140ea
b488d021
bb862bb2
382c16e8
39ea8201
b6716232
b9a01879
b5c2e606
b74e83b2
bbf57b44
3893a4b6
3a660a01
b71ec6fa
ba170cca
b6381d17
b7a472c2
bc1b263e
38db7603
3aa471c1
b7238be2
ba49075c
b66fbf51
b7e034b4
bc17e10f
39120faf
3ac68f72
b68ea1e0
ba5f88c2
b68770e0
b861de6e
bbc771a2
3921abc2
3acc2c8d
35fccd40
ba56221b
b68655ba
b905419c
3a755912
390149fe
3aa34768
35ca3619
ba2b4812
b656e779
b8c7d6c8
3a37f819
38c1e3ae
3a74dcd2
3597a6a4
ba007454
b6212b74
b8853418
39f54037
38813ce2
3a2336db
354a4c7b
b9ab5ad7
b5d6ff11
b80540b0
3975577c
3801491c
39a34649
34c80f36
b929755f
b5549df4
3f98f278
bf6c9fc6
3f3a1173
3e69f846
bf919b24
bfad497d
bf9b9e1d
3d9315c5
bd369188
3df9866e
3d7a14b5
3f9abb09
bf6e25ba
3f3ae635
3e6b629f
bf933984
bfaf218a
bf9d5de2
3d8b66be
bd4a3ab4
3df6bfea
3d765992
3f9cf2ab
bf6f147c
3f3b5466
3e6c7c39
bf954726
bfb16743
bf9f8c5e
3d781d80
bd6d2fa8
3defb63d
3d6d7666
3f9f6c38
bf6fa0c4
3f3b7e6d
3e6d6222
bf9796d3
bfb3ed93
bfa1fc58
3d4fef0a
bd8cd6a1
3de5f88f
3d614a23
3fa1e17c
bf701f2c
3f3b9c82
3e6e4123
bf99e243
bfb66eb6
bfa467a2
3d2769da
bda34d5d
3ddc058b
3d54cf1f
3fa3f1b8
bf710876
3f3c017d
3e6f5398
bf9bc89f
bfb88a63
bfa66dbb
3d0b4eff
bdb386de
3dd5751d
3d4c699a
3f87304e
bf3d13b6
3fb0bfa4
3e9e0a68
bf30712c
c0147226
bf653f9c
40165c82
c07c4d4b
c0825cac
c0759813
3f9d5257
bf65c5b4
3f355451
3e663230
bf9601ed
bfb19190
bf9ff88e
3d00a786
bdae0298
3dca9ba1
3d412bc3
3f9d4215
bf65adf4
3f354199
3e661a67
bf95f26d
bfb17f30
bf9fe805
3d0099b6
bdadf09d
3dca86b0
3d4117ad
3f9d39f2
bf65a212
3f353836
3e660e7f
bf95eaaa
bfb17607
bf9fdfc3
3d0093a6
bdade7bd
3dca7c6d
3d410d9a
b9ca0cdd
b88f2b8d
3a61b153
3d894921
bedc6d44
b47bb5b5
bb032245
ba802a33
bf7f7942
ba4a245b
38327ef2
b9dc4078
bd89475d
3edc6d16
b9954188
b9146433
3999dfe9
b92cadfb
b67749b7
38839cea
34fd3560
b9953219
b91454db
3999d001
b92c9c25
b677302d
38838f4f
34fd1b30
b9952a64
b9144d35
3999c80b
b92c9335
b6772352
38838881
34fd0e06
3337f61c
b3dbe28e
b4007c21
32c591d9
afdc994a
b2c7906a
2f7fbc8a
33cfd9b3
32058c45
39966967
390fcd7d
b99a2468
392dcb85
36744117
b8849ba7
b501a0df
35075893
33c399d9
3a1668ea
399020b5
ba1a1b50
39adc1f4
36f4b00b
b9048e5c
b581c670
3550263b
34290d6b
3a618702
39d8dae4
ba672e51
3a0248be
3737f8f4
b946c1e0
b5bd4603
35a630a6
345aa773
3a964c2d
3a111c08
ba9a202f
3a2da73a
3775e2e2
b9847204
b5ffd32f
35ff7749
34756083
3abbc57d
3a361bf6
bac0ae85
3a58fa5b
3799f6d3
b9a57960
b6200569
363af72e
347bb5b5
3ae124e4
3a5b54ac
3f7fd07f
3a1f1ed7
b8421dab
39fd808e
3d896c25
bf7ee260
335de700
b3dc33f9
b3b2da69
32c3d704
afddd9da
b2c76c73
3104bbce
3444d84b
3205a716
3996580f
390fd4fd
b99a1c51
392dc45e
36743ad2
b8848fa2
b4fff71b
34ee20e7
33c3bfd9
3a165e2c
39902848
ba1a19a2
39adbade
36f4a9b1
b90497e1
b5821596
353fe20d
34292e36
3a61753f
39d8f02e
ba6728af
3a02436b
37381213
b946a6cf
b5be5112
35a0d992
345ad1df
3a9647d5
3a112a42
ba9a1ebd
3a2dbc67
3775d145
b9845ff7
b5ff5ac3
3600e7b3
34759b64
3abbbfa4
3a362dcf
bac0c70c
3a58e7a8
3799ebc8
b9a562d2
b61f7a35
36350729
347bf21a
3ae11e9a
3a5b8dd3
3f7fbe28
3a1f1115
b8420931
39fd5e02
3d89688d
bf7f1f8c
3a98911b
3b818d92
ba9c5159
3bb2ab5e
38118383
bb398dbf
b7dbe87e
b4d087b6
3771a64b
b3a26290
b5d31442
33fdb030
35904ee7
31d518d7
b5561113
37dd0fb0
b4375e61
b64f135b
34534546
36082236
3256dbc4
b5b216de
380bb681
b4ceeefc
b6940dae
342e2b50
36351f5a
32a77934
b5e585fe
3808c41f
b4f2c09e
b6b2cae6
339cc405
364958f6
32d5ddc8
b5e9feb7
37b397f7
b4337f05
b6b7deba
b31a119b
3640d370
32e4afaf
b57abf20
b65cf42b
358140b9
b6930aae
b2f67960
361a3cf7
32b6ec1d
b53c045a
b625ad7e
3541d5cb
b65c8328
b2b8d889
35e75857
32892f3c
b4faa5b6
b5dcddc7
3501339e
b612fbc9
b2769458
359a4ddf
3237002c
b47abd73
b55cf2bb
34813fd1
b59309ac
b1f3d9cf
351898b4
31b4f9ad
bb8958cd
3b5516f5
bb42178a
3a767f4b
3b858389
3ba04d92
3b9322d1
b9abbc8d
b90dffb2
ba2caceb
b9ac0364
bb8af32e
3b567623
bb4304c0
3a789440
3b86fd02
3ba1ff83
3b94c3b2
b9a54061
b8fd46b0
ba2be374
b9aabc64
bb8cf19c
3b574d2e
bb43932f
3a7ad408
3b88da39
3ba414dc
3b96c7a4
b997fc2c
b8c22061
ba291157
b9a6eac4
bb8f2b7b
3b57cb8c
bb43e034
3a7d1ca2
3b8af250
3ba6658f
3b9905b9
b9869dbe
b868ed97
ba24dc34
b9a1433d
bb916181
3b583d6a
bb441fbf
3a7f4f96
3b8d063f
3ba8b218
3b9b3efa
b96a5f71
b79519ad
ba2075c4
b99b47a8
bb933c8e
3b590f85
bb449e99
3a80a554
3b8ebf36
3baaa2b4
3b9d1d0e
b9528ed8
371946fd
ba1d9f4a
b99738e9
bb8f6440
3b531f58
3b3cbee6
3ad7caf6
3bdd9910
bb5d51fa
3bc68a0e
3c8f5ac1
bcef232e
bd030eb0
bcf27efb
bb8d4a0c
3b4eeb76
bb3da5cc
3a7797f4
3b8973ac
3ba42ff6
3b9702eb
b9455652
37571ddd
ba15f0a9
b98f4850
bb8d3b73
3b4ed610
bb3d9236
3a777e54
3b89657c
3ba41ef8
3b96f34a
b94541a5
3757056f
ba15e123
b98f396d
bb8d3422
3b4ecb5f
bb3d8864
3a777187
3b895e63
3ba41682
3b96eb80
b9453867
375700de
ba15d984
b98f3200
bbb5aa4b
bf3a127b
b80a8021
3c0a8021
368b1396
3ba7a191
bd58a3fa
3bb34300
bf185bcb
3b4a89fe
3eda4423
3a34e7c3
bc0ba6a9
3a4fd557
bc394e0f
3a4fa1bb
3d75c6f2
b9b7258e
bd2f4e8d
38c78297
3a4fc246
bc393b31
3a4f8cb1
3d75ad7e
b9b7127b
bd2f3c77
38c76dfa
3a4fb789
bc3931bb
3a4f8280
3d75a0ba
b9b708ff
bd2f3362
38c7639a
36d9ecdb
b94b22c4
b7aca018
391bf705
b3f958fc
372760c2
362e2323
38d52b8b
b48337cd
ba189b1c
3b33681b
ba5e0675
bd611519
39b70ab2
3d30691d
b8c2d295
393a1beb
b60f1fa9
baa7fdf0
3bd810d0
bad42a54
bde28a35
3a3763d5
3db0608a
b93f7bdd
39d6096d
b613bac2
baf3f25b
3c47452a
bb1d03b7
be2b551b
3a89f586
3e044224
b9907964
39d8b4b0
b60e90b7
bb270bac
3ca34c55
bb4bee40
be66c478
3ab837ed
3e304cc2
b9c13005
39b26e34
b65f9ce4
bb58cd56
3cf54dd7
bb7584ee
be91cd36
3ae62806
3e5c4c68
b9f24ac3
3a17a72c
b68b1396
bb8f94df
3d2a6005
bb96fde9
3f27e9c5
bb61ae34
bef080d0
ba1ccc9a
3ca34398
372f9ebb
b94b1e35
b6124c7f
391bce74
b3f8c954
3726a5f8
35f90aad
38f28631
b48350ae
ba235b27
3b3370d8
ba61a27d
bd610c4a
39b7060a
3d3058f9
b8c4942d
3944f640
b60f3adb
baa8e3d3
3bd81b67
bad6faaa
bde28106
3a375f2b
3db06d34
b94225a6
39f69c98
b613d7f9
baf7007d
3c475714
bb1a2c26
be2b4e1a
3a8a0866
3e04300f
b990baab
39d7f094
b60eaca8
bb27a36e
3ca35c97
bb495b0f
be66e0bf
3ab82aae
3e3034ae
b9bfef73
39cc90d8
b65fd2f7
bb59b370
3cf564d1
bb795980
be91c092
3ae61772
3e5c2e55
b9f375b7
3a124c0f
b68b34fe
bb90dada
3d2a8d12
bb95e567
3f27db3a
bb619e04
bef06001
ba1d3ccd
3ca31984
bb34b22e
3db82c1f
bb347d5e
bfe8b750
3b5a245b
3ff6e909
bbad65e5
b7bd8024
3cd32d9b
b7bd8313
bc90da18
3742188d
b9b02b70
360b6e2c
b8165707
3d4237bf
b8165997
bd053dee
37c289e1
ba45d6fd
36836ce5
b9075e61
3d780269
b9075f37
bd2a1080
b4ab55ed
baa40b02
36a95072
b945ede6
3d77b67a
b945eecd
bd295692
b7bc2264
bae2df55
36bb010c
b8bfe4e5
3d2c4cb3
b8bfe694
bce801c4
b664366d
bb006bc3
36b4303a
362e939d
b989f778
362e673c
3ad14936
b6368af6
bacd7184
36902127
3602e98f
b94ee76f
3602c639
3a9cedaa
b608e67b
ba9a130f
36582ed5
35ae8118
b909e9e8
35ae5544
3a5133de
b5b69f15
ba4d880e
36103104
352e91f8
b889f811
352e65b3
39d14776
b53499e4
b9cb41bc
358e986d
3c47d221
bfed2fda
3f770111
3e1ae352
3ceabdb6
be51ee93
bce925fd
3fc0ae61
3fa7d2d8
3f561993
3eee831d
bc4d0d01
bff37028
3f7fa83e
3e201066
3d5ebab4
be3c29c6
bb98bc18
3fc75f71
3fae4878
3f5e1346
3ef819d0
bd6ed49a
bffd2057
3f871a96
3e28a549
3dd05bec
be1289c8
3d21f126
3fd24e78
3fb8fba1
3f6b3049
3f03f5ee
bdeff4a8
c004793e
3f9037c6
3e3341a2
3e26605e
bdb933b6
3dc54da2
3fdfdb91
3fc654fd
3f7b887e
3f0dd9fe
be34b299
c00a6abd
3f9965f7
3e3dde77
3e64fc89
bd18f16d
3e1d34d1
3fed7bb8
3fd3c7e5
3f860293
3f17d92e
be5fcb70
c00eeffd
3fa02128
3e45bef8
3e88b8fb
b8f51d7e
3e46b210
3ff79f3a
3fddb891
3f8c1f6b
3f1f406e
be70e384
bff93147
3f911bc6
3e31c696
3e8da1b0
3d282140
3e59d112
3fdc7e7b
3fc6796d
3f790e74
3f0d03e2
be5ca023
c008e938
3f9b3aba
3e3f20f3
3e866590
3ba1c647
3e4471cf
3fee0e33
3fd55b91
3f86a62f
3f18ccca
be5c8962
c008db19
3f9b2aa6
3e3f0d22
3e86582a
3ba1a026
3e445d19
3fedf5ae
3fd5459b
3f869845
3f18bd13
be5c7d6b
c008d3fa
3f9b229e
3e3f0351
3e8650fe
3ba1b9c9
3e4453bb
3fede929
3fd53aa1
3f86912e
3f18b533
3a133ecf
3a821307
bed6b626
b8e50958
be604d31
ba809059
be6023f2
ba80df24
bf0bdaad
b9814ab2
bceed4b0
3ed67f1c
bd009d0f
b9161e1e
bd009dfd
b91209dc
3d877c4d
383beb67
bb8352b3
bd008fca
b91609bc
bd0090c0
b911ff78
3d876e4c
383bd8d2
bb83451c
bd008933
b9160790
bd008a21
b911f7af
3d87674c
383bcd22
bb833e52
b811b50d
b437a8fb
386be7b5
b4020cc3
37202eda
b39b8c7d
3603c5e7
b7d046b7
35c87b86
3cfd8934
390e3a14
3cfe548e
3914f1d7
bd8157bb
b83e7a53
3b84481b
b91c63ed
37cae655
3d7dd6d6
398ec54a
3d7e4925
3994badb
be01b56c
b8be29ee
3c043dde
b8ce30b1
385f78f6
3dbedde2
39d7315b
3dbf2b4c
39dead5a
be43669b
b90e6e5c
3c46657a
38576abe
38ac7582
3dff7267
3a10708f
3dffa4df
3a1451be
be82f6b4
b93db165
3c842aaa
399a82fb
38d7c294
3e20119d
3a35eebc
3e1ffa85
3a38dd9d
bea4a477
b96ca318
3ca53321
3a387fef
38e50958
3e405403
3a5bb258
3e402a86
3a5d732a
3f1cf68e
3998fdfd
3cce31ba
bf780719
b820948d
b3c5593e
3834d513
b34d5deb
3720342a
b3c5025e
3576cb26
b8875fd7
35c8a711
3cfd9a15
390e4097
3cfe0aa1
3914e02e
bd815459
b83e5dae
3b84589b
b8f0152a
37cb0e03
3d7dd4b3
398ec76d
3d7e27ae
3994a704
be01b208
b8be45e4
3c0428b5
b8f5845d
385fa45e
3dbed5b8
39d74dc2
3dbf29a6
39de96e8
be438146
b90e587b
3c464c90
38b6fc6e
38ac96ec
3dff72a5
3a107748
3dff7086
3a14705b
be82ed4e
b93d8c36
3c84204f
39a21a74
38d7f661
3e2011d7
3a35fe74
3e200de3
3a38d262
bea498a9
b96c8bfd
3ca52c97
3a38427e
38e5404e
3e404efe
3a5beb9c
3e401cc2
3a5d6001
3f1ceb4f
3998e927
3cce2c56
bf78429f
3e00945a
3b801b25
3e00955d
3b98f9b0
bf1a2057
bb051039
3e643530
39f509b9
37d1e168
39f50903
b6ebec68
bb58454a
36284e60
b899ca33
3a425c52
383ef9f9
3a425bad
b7602194
bbc8d6ae
368fc11b
b9148526
3a3d8be5
386fb53e
3a3d8b09
b796a017
bbff9a66
36a0f347
b94d144c
39bc5a40
386848dd
39bc587c
b7a396d7
bbfdde01
36806cdd
b96e3ddc
b9084d16
38182a55
b9084fd6
b7855363
bbac781d
3609a705
b96d35c4
b8d81158
b65f88c2
b8d812e4
b678c1f7
3a070a2a
35dc35f5
b93dbd81
b8a20397
b6279e50
b8a204c0
b63a85bf
39ca8c8e
35a52792
b90e4c37
b857fb5b
b5df6b5f
b857fd0a
b5f8a443
39871903
355c4e3b
b8bdd24d
b7d80fba
b55f8532
b7d81151
b578bc78
39059a3b
34d9dc8b
b83bb883
3bdb0ec1
3b23b262
3e52cc3a
3e07c420
3cdd73de
bd7545b6
3cd34719
3e3f2839
be7df0e6
be3f7746
bdf5a6d2
3bddee21
3b23db63
3e550e73
3e094261
3cdff26d
bd780666
3cd5d538
3e41c068
be808c0f
be41d06d
bdf8f00c
3be19fc8
3b22e428
3e580bb7
3e0b0717
3ce2f0fb
bd7b496d
3cd8e567
3e44fd02
be826850
be447514
bdfc8ce0
3be5baec
3b212899
3e5b912c
3e0cc820
3ce5f7c0
bd7e888f
3cdbf8c3
3e486def
be844734
be46f055
bdffaa62
3be9b33a
3b1f6299
3e5f4339
3e0e2dee
3ce87359
bd808fcf
3cde644a
3e4b7fd9
be85d43b
be48bf82
be00b16a
3becd1c9
3b1e70e5
3e626f82
3e0f1805
3cea1df0
bd8168a7
3cdfe9cf
3e4dc456
be86e8d6
be49d377
be00efa2
3bc8ac63
3b1fb914
3e4ec93d
3e100307
3ced61af
bd812367
3ce54ecc
3e45980b
be8682e6
be52181e
be0e5b1e
3be34cc7
3b16d7e5
3e5ab209
3e09b766
3ce1590d
bd78f2b6
3cd7220b
3e44e93a
be8119ff
be40d1e2
bdf5bb33
3be33e77
3b16c37a
3e5a9b74
3e09a91b
3ce1424e
bd78da05
3cd70bd2
3e44d4c8
be810ca6
be40bdf4
bdf5a1f3
3be32a22
3b16b9fa
3e5a9022
3e09a207
3ce13461
bd78cbc8
3cd70170
3e44ca88
be810601
be40b408
bdf59533
3893ec6c
bc9349ce
373ea68f
bc20300e
3c55a09b
bc1a9622
3d495d58
b91cde70
bf0e3b6f
baa51789
3c92e9f3
baccdbd4
ba621170
baccf2b5
3c30b19c
b832387e
3d8674a8
b9307186
baccc64b
ba620463
baccdc53
3c309f38
b83224f6
3d8666c7
b9305f40
baccbbde
ba61fc14
baccd1b9
3c30959a
b8321ce1
3d865fd0
b930562d
b791c651
b9102f3c
b75161c1
3984569a
b4abd998
39af2b5f
b68d6f47
393f635c
340ad8c8
3aa8e9ef
bbae7158
3a995799
bb0993c9
b64d35ef
bd76e05f
39288b68
3998c948
3556224b
3b22da45
bc2177ce
3b1780c9
bbb08b3e
b4744d69
bdf8c9f6
39aada63
3a0b44e9
b50ea1e8
3b8146fa
bc57b979
3b689bff
bc2a74c1
3741e412
be3c34fb
3a02e667
3a1c0131
b68f67bd
3bb0cca6
bc7415a6
3ba1e429
bc909886
380a6c25
be7d7e50
3a300a46
39ec78ef
b719cdc5
3be15650
bc75dd1a
3bd5819a
bcdea94c
3886cd94
bea02737
3a5dbdb1
3a10d840
b73ea68f
3c067e4b
bc63ea75
3c03a79f
bd1d5413
38e0d0a0
3f1f413a
3a8ea490
bd28874e
b704deaa
b91032c9
b6c485ad
39843861
b4ac047c
39af1d1d
b69f1192
3951a581
340af1ed
3aa5f419
bbae78cd
3a93ded8
bb0995f0
b64d1335
bd76ca12
39247d96
3998ad63
35564b5b
3b21fd65
bc218164
3b172a2a
bbb0841b
b4729d3d
bdf8dbd2
39a90255
3a2423f9
b50ec134
3b809b41
bc57d07f
3b6c0b5c
bc2a6d44
3742000b
be3c1b69
3a0280ea
3a1e512d
b68f837f
3bb09e6f
bc742d01
3ba3ea89
bc90aba8
380a6091
be7d5be6
3a304b41
3a0379e2
b719f2ca
3be21d18
bc75f80e
3bd519fb
bcde94ea
3886c46a
bea0116e
3a5c76a6
3a11d6ef
b73ed448
3c0557d1
bc6420d9
3c041096
bd1d47a7
38e0bfbe
3f1f2b8c
3a8e8a25
bd28d51f
3ba7d407
be14d602
3ba7e836
bdafa8b7
b7ce3e41
c02ec4c9
3c1938d2
391e7cfb
3c95dfc3
391e7cfa
bcf0efa4
385c22fb
bcc7040f
b610e4c6
397f0f0e
3d0a7a48
397f0f06
bd5db51d
38b356d8
bd3863cb
b68dcd64
398a6731
3d321058
398a6729
bd8da7d6
38c2d72b
bd6a0200
b6da4413
398d8c5f
3d33777e
398d8c50
bd8d9b0a
38c7713f
bd673895
b7101784
39a17249
3cfc95b3
39a17228
bd4530c5
38e3c70e
bd1cbbf2
b71f5b0d
b6ac13fe
b7a86a44
b6ac25ea
39967570
b4b1a1a5
3b1d91d5
b6feee85
b681079c
b77c9281
b681154d
3961a141
b48538c8
3aec57de
b6bf305b
b62c01fe
b72861c6
b62c1427
39166593
b431b759
3a9da323
b67f0a7d
b5ac10b9
b6a8794a
b5ac224c
389672aa
b3afc19a
3a1be47c
b5fc37f7
3dedc5b9
bbb93651
3fa171f7
3db5e930
bd8ceffe
be130f75
be576cd3
be02ff53
3e04daf7
3e7c9cef
3e5746e1
3dcc997b
bd376ec9
3fa887c9
3dc2bece
bd4f54c7
be063793
be49ae57
bdb62444
3e30fe24
3e8dd328
3e6b3226
3d8d408a
bdf03443
3fb4ae83
3dd93ffe
bc8641ce
bddaa5f5
be2ea788
bc805c72
3e80f47e
3ea9a910
3e873a89
3ceae2cf
be57c1b3
3fc3f6de
3df5b5cc
3ce54bd5
bd997b29
be0b2ac1
3da200bb
3eb4faf6
3ecd3b15
3e9db223
bc49a642
be9c4134
3fd35389
3e09331e
3d95966a
bd2e24a2
bdce0a75
3e334fef
3ee99bbd
3ef12c99
3eb4649c
bd29c6fe
bebecf08
3fde7b96
3e13b07c
3dd75ed7
bca0590a
bd9af30c
3e79633d
3f079d9b
3f0581c7
3ec4c071
bd1967f3
bec07e2a
3fcddc3d
3e09ed9a
3dc5e4b9
bcb23015
bd8c0f01
3e81bc07
3f00a27a
3ef7410c
3eb370b2
bd33d16d
bebb6eb6
3fd7e8e8
3e0f5c61
3dd7b8ef
bc80ed71
bd8da7a5
3e7905f7
3f047666
3f016d12
3ebe0060
bd33bd51
bebb5bb7
3fd7d299
3e0f4d83
3dd7a534
bc80e25a
bd8d996f
3e78ed05
3f046916
3f015fab
3ebdecd1
bd33b173
bebb5166
3fd7c767
3e0f461d
3dd7995c
bc80d502
bd8d9111
3e78ddd5
3f046242
3f0158ba
3ebde2fd
bc98ca13
3b27523e
bd938817
b7a014bc
bd8a1197
b677059a
3ccb9f21
372cc8c0
bf0c64b4
3d0744da
bce4d4d4
b7346c0b
bce4df8d
36b7814f
3b952a08
3643e25c
3d86ff11
bce4c700
b748108f
bce4c305
36c718da
3b951aca
363c4b10
3d86f11d
bce4b5cc
b73c4d96
bce4b9a7
36a7abc5
3b95127e
3644443e
3d86ea1d
bacb25cc
b62be9bc
bb3809b2
b63a96b9
37a6014a
366e41ce
3838bc69
bb3cccdf
b7430a28
baee48ac
b70830ee
bb1633a2
b7280ee4
bad9dd62
36bc7913
bd800914
bb09de3e
b9bc4dcf
bb80230c
b7035d0c
36a5f7ac
b7422dc8
bb7f027e
3725f729
be012abe
bbc87485
ba877c22
ba4573fb
b5c5f03c
3b2658ab
361e778c
bbe7bd02
37070a34
be425964
bb8d549f
baebc9d7
3bfd4bf4
b63070cb
3c0a63d8
b7816dc3
bc36c28e
369ca214
be823e1f
bc4e8c8f
bb1b3f90
3ca513b4
b70e7489
3ceb6fbe
b7b792a1
bc8118eb
b5fdd82a
bea3f84b
bc6daa76
bb27523e
3d4de60c
b7a772f5
3d1ae62f
37687316
bca67aa9
b6a17a92
3f1d65ff
bd95e7f3
bad9ccd7
b6c6b374
bae1f0c3
b68caeab
37a59073
36986161
38dbe2ac
ba743449
b7433f55
baae99ae
b7044821
398a12d7
b74f38fa
bad9d59c
36d3e183
bd7f9577
3b0d1988
b9bc731c
bb8ae320
b7806c26
3ab75d8d
b614eb65
bb7efc73
371a4d48
be0127f3
bbd6083b
ba87967c
b982f02d
b706a3ed
3a18b8d2
36ccf550
bbe7df79
370ea254
be426a60
bb6e7d87
baebf78a
3c15d689
b54c7c2e
3c34f6d7
b7ef68c0
bc36b638
368c404a
be82516b
bc2d8dce
bb1b64d4
3cbf838c
b641d367
3cb6f894
b81a7981
bc810fec
356eef4a
bea42449
bc6f20f4
bb277a65
3d407bca
37825b16
3d326ee6
3748f32d
bca66ebc
b70eaefe
3f1d6dd8
bd91ec5a
bc55d7c8
3a0f0b3f
bc55efd9
b763bfc7
bc8484dd
38cf4787
c05e5762
3bff00da
b841fc7b
3bff00f2
b7f88cd1
bba99265
b83e5906
bca34d71
3c8146aa
b8a8689d
3c8146a5
b85688b1
bc144550
b8a64b16
bd16d188
3ce780f2
b89ef453
3ce780f8
b84aa193
bc0cda78
b89d02bc
bd3e52fa
3d1c2d9c
b832579a
3d1c2d9c
b7eea3d6
bba2de91
b834bc99
bd3a7060
3d168627
36471684
3d16862c
35ef5ea3
397bb5e2
364f87dd
bcf82fb1
b8c03495
b4966288
b8c03779
341dff15
3814ac7a
340630f4
3b430c2e
b89029b6
b4481a88
b89021d4
33f4c0d2
37df00bd
33a9f146
3b124723
b8401ad9
b406ba12
b840239c
33b56ba4
3794bd7a
336cb298
3ac3218f
b7c024f4
b38aa001
b7c026dd
330e4c41
3713175d
32f4d803
3a40f847
3af28356
b9b597a0
bfa7a8d8
be35fdb4
bd077d26
3d6cb2c7
3d05f23e
3e0db592
3e0679c7
3cb820ef
bf1b5f9e
3b0b2870
b9b60e25
bfaa1752
be307890
bd03a321
3d609997
3d0e7c17
3e18a84c
3df41947
3c096bcd
bf21854d
3b301678
b9b2158f
bfadb34f
be23e98e
bcf5e75d
3d469cef
3d1ea51e
3e2d1f79
3dbe6252
bca4e0ec
bf2c303d
3b5dcb2b
b9b98863
bfb29a3e
be0b3a5d
bcd189f4
3d161495
3d3a8a0c
3e4f13cf
3d38fc4c
bd9361ee
bf3d8b6c
3b89ad0b
b9b91b97
bfb8452d
bdd0fda1
bc9de681
3ca6e760
3d5fa270
3e7b3a5a
bca64ff9
be1241d6
bf53f204
3ba1cd21
b9c0e60c
bfbd5a07
bd8cbed8
bc54f757
3b8fa571
3d81ba5f
3e927457
bdac0817
be590e16
bf69412e
3b986941
b9bddc3d
bfabbbf1
bd4a20d1
bc19f9db
bae75dd7
3d739021
3e88a832
bdcbec6d
be59da98
bf528b30
3b9c00d1
b9bb7c7d
bfb71a0e
bd80eac4
bc439a71
3b341dd1
3d7cd42c
3e8e4ea5
bdb2c830
be56f0b2
bf60b642
3b9c4011
b9c73360
bfb70754
bd80d636
bc42dcbf
3b370195
3d7cc4d9
3e8e3ae2
bdb2a8dc
be56de01
bf60a0f2
3b9c0207
b9bb69db
bfb6fcfe
bd80cee2
bc42dbd5
3b34092a
3d7ce463
3e8e3092
bdb2a936
be56d05c
bf609413
3d4463f8
3f8c5e4e
3ae2d6a7
3f8657c7
3b1c02c7
3dd0712c
39049917
3d9638f3
bf69c7c6
3ed0ebc7
3a17eb78
3ed0f85e
39b56975
3d4b9ff8
38a55766
3c0af124
3ed0dcbb
3a1dcb78
3ed0dc2c
39b41a44
3d4b8a8f
38a9e214
3c0ae2d6
3ed0c9f7
3a175894
3ed0d158
39ba1cd8
3d4b8289
389c5e59
3c0adaf2
3b4df7fb
b5b37fe6
bc1eb158
37ba5009
3863a9d7
3713a834
b95a10b3
3a2935a6
387d93f5
3c2e40eb
b9d04e41
3bd4f575
b980113f
3c60bb92
386f2b27
bc1488ef
3cc33fdb
b852c12f
3d038c28
ba76ff31
3cbf38c8
ba265919
3cd1668c
38d1789b
bc93e030
3c895e88
bb25a2a1
bc38d877
baa2a476
bb44847f
ba761796
3d024ec3
392061b0
bca5251f
3a1cffb1
bc1b34d7
bdc86970
bac66e0a
bdcd32cd
ba7ace18
3cd028dc
390e34fc
bd086636
3cb6dbb9
bcb85844
be8e65eb
bae530ea
bee55227
bad0f6de
bad2ec5d
395a3e82
bd2aa444
3b526c39
bd2208ed
bf39fc2f
ba82849f
bf15cc16
bb162cc5
bd556210
b8911a29
bd635ea1
400524ca
3b69ee79
b7768cb5
bbe947b5
37376e1a
3862c9c7
374c22bf
b7aef11a
3bf6b3bb
387dbad8
3bff52a4
b9df7bce
3b8614b7
b9a8afc3
3c60b9ab
385bcd40
bc134ef0
3cdaa7a4
b8531a5f
3d12f3e4
ba675d1d
3c950ad8
ba27e316
3cd16354
38d1be4f
bc950ebd
3b753c76
bb25c3be
bc6a463d
ba9c827b
3cbad841
ba813549
3d0266a1
39175930
bcaf2b04
bc065231
bc1b52b5
bdcb67a7
bacb38ee
bdc799df
ba5b30bf
3cd0215b
3933eccd
bcfa735c
3cbc99b4
bcb88501
be9c5008
baf8f421
bea5254c
baa39697
bad33891
39382ce7
bd047780
bc0cc442
bd222fdb
bf3ed8a8
bac22edc
bf2b0d47
bb067d07
bd554cf2
b6956ea2
bd78905a
400831e0
3da2006e
bc25dd3a
3da22207
bc0a5a17
3e04cd6a
3b016ae7
bee97b04
bd4f1e81
b998470a
bd4f1e81
b837d537
bc9213be
b92bc17c
bb06b3dd
be1e6d28
ba3c5524
be1e6d19
b95d25f3
bd602b80
ba034f74
bb6b6171
beb1c02c
bab1fff3
beb1c02b
ba1b1882
bdfa3166
ba922034
bb81bc36
bf0fc169
bb02c438
bf0fc167
ba890906
be49d4e7
baeb0117
bb48aa01
bf201303
bb07dc38
bf201304
baa252ae
be60700c
bb030094
ba9e1c02
3aaf7840
3763f0a1
3aaf7c75
3713e40e
39caf6a0
3633670e
39c8bf43
3a839dda
37294995
3a839743
36e4465c
399837b4
360dc257
39968d4b
3a2f6527
36e4f30f
3a2f6904
3692d2ed
394b0ea7
35babceb
3948d5a0
39af6c70
3666b068
39af7089
3616b579
38c8cf25
3541feee
38c69bde
3c2d8ec8
bb23c15d
be802570
3d6305fb
3925cf11
bd2334ae
3c3d23ae
3da7509e
be002e6e
be21cd28
be81b986
3c2459a1
bb232ec0
be62ec23
3bcf4219
bc19a9de
bc8b12e4
3a214fdf
3d05d35b
bd18ba24
bd83c574
be202040
3c18d9ae
bb155194
be04f7dd
be12cfbd
bd1b1f2d
3d4f3af6
bd0cc710
bdf30260
3e6dba63
3e65e16c
3e147bca
3bdd88b4
bb1076cf
3da58347
bef6dee8
bdd43932
3e52c2b8
bde7ecf5
beebaf5e
3f575d92
3f607f52
3f540244
3b15bae7
bb1935c6
3ed95595
bf8414e3
be5619ba
3ee9c485
be76838b
bf823166
3fea2346
3ff8126d
3ff808af
bb80ae05
bb15b807
3f4f629b
bfd2a7f1
bea7487e
3f3d06a3
bec3d3af
bfd1fd67
403bde6b
40483fbd
404b8d1e
bb744c5e
bb1ff8a3
3f503e7f
bfd3ae67
bea832cc
3f3e2d94
bec5460d
bfd33b95
403d4b7b
404981da
404d3f82
bb7ef5f9
bb145c3b
3f4f69e3
bfd0cef4
bea5cb38
3f3b8f59
bec240e5
bfd0208d
403a615f
4046586e
404a1f02
bb78e78c
baf51106
3f4f4522
bfd0c5c9
bea5ea87
3f3b6b32
bec25f1f
bfd00922
403a4aa7
40464597
404a0c0c
bb6a1f53
bb076f08
3f4f3a55
bfd0b67d
bea58db6
3f3b7750
bec2383c
bfcffdcc
403a4427
40463857
4049febd
be5bbf06
ba459a20
be55f31b
ba4fc78f
bc002585
381c9e6c
bcba7d2a
bf4777ce
bf723eb4
bd31a1e5
b8ea0aeb
bd31a63a
b8f56ecd
bb4867dd
35fc3c09
bb4da2d6
bd3190e5
b8ea1b8f
bd3193dc
b8f5a17d
bb485292
35f7080e
bb4d8da6
bd31871b
b8ea323e
bd318aba
b8f694f0
bb4848cc
36036f59
bb4d82e1
ba9c3dc4
3540da83
3b628157
b70cba6a
b7a5834c
b653b228
38a1e090
b9a6ec1a
ba4321d0
3c4cd645
38ec8abb
3c8be9cf
38ea6c77
bacf8c1a
b771b076
3b5129eb
bc980814
bc187cd9
3ce8430f
396d0be2
3d025879
396ba628
bb20d567
b7cf5f44
3bd7959b
bd4745f0
bc8fbe92
3d581e0f
39a9e327
3d68a145
39ab0f46
bb122e0d
b806dba7
3c1d612e
bdc95c19
bcd3323e
3db33069
39e36bd2
3db7fb57
39e99303
ba4f59e7
b81b5ecd
3c52a02e
be2b416d
bd0d0138
3e02338a
3a1148d0
3e040eb0
3a1181f8
3adcb516
b81fa0aa
3c854867
be814a21
bd32b328
3e307e37
3a275482
3e28242c
3a32f538
3b9c324a
b812cc19
3c9ee10b
beb7af49
3f723eb5
bab11603
36b89a8a
3b271f55
b690a003
b7a4e2d9
b69223a6
37320da2
bb35eba9
ba43498a
3c5841bc
38ee355f
3c780c4f
38ee97dd
bacf8a29
b76b6805
3b4dc708
bc95684a
bc189a92
3cebac01
396ab6a3
3cfb7e8b
39660b48
bb20d04b
b7d2923e
3bd4e693
bd468b3b
bc8fda84
3d595345
39aa24d3
3d66e702
39aab0ce
bb124153
b80446ea
3c1d49c8
bdc6d6f3
bcd35b2f
3db3c601
39e291f5
3db40eaf
39ea648d
ba4f499f
b81aff07
3c513e49
be2afd99
bd0d232c
3e0346f2
3a124c23
3e009819
3a0f811d
3adca9ca
b81fe806
3c83babb
be814436
bd32ddfc
3e31025a
3a2adc1a
3e2a58ff
3a313a84
3b9c25dd
b819e8f5
3c9ffda7
beb87c77
3f7278d6
3d4f8421
3b363197
3d4f904c
3b6cf361
bc7123e9
ba0336cd
3e30eb93
3c99376c
38859f4e
3c99376d
38209c82
3bd5f207
3881339e
3952697b
3cf2bc4d
38d4a1bc
3cf2bc4d
387cdf41
3c2b7762
38cf7d63
39af409b
3d06e854
38ea4160
3d06e855
388bc289
3c3e98ed
38e68570
39ab3a4c
3ce5c295
38c410c0
3ce5c298
386ab37a
3c2248e7
38c3e843
394a6303
3c869b5e
38606540
3c869b5d
3800a1da
3bbe3ddd
3863a34f
b6712412
b9153472
b62ebc7f
b91536d0
b65125db
b7c7bf1d
339b421a
b9148e17
b8dfc751
b602e19d
b8dfc69b
b61d1886
b795ce32
33640efd
b8ded240
b895246c
b5ae1959
b89527f9
b5d096b2
b747d80a
33132aad
b8949e60
b8152f19
b52f1cbe
b815324d
b5511651
b6c59fb5
328a01ae
b812f93c
bb03dbf7
3b073a6b
3d2defe2
3d6a6d06
3c5de956
bcb59ab9
3c4acc59
3d3c6da8
bdc2b7db
bdbe3e2a
bd82fc29
baf1ebda
3b088dd3
3d003db6
3d9b58c8
3c8c7990
bcfb66dc
3c88a676
3d849585
be03c80d
be03e75e
bdcf8c49
bad48b90
3b09f5cd
3c5d82e7
3dd769e9
3cbaa790
bd34634f
3cc00e1d
3dc15530
be39e27d
be3df294
be244a9d
bab2830b
3b0b646a
bbd540b9
3e0d3c81
3cee70a5
bd71ea8c
3cfead34
3e02acc6
be76841c
be7eee65
be6820b6
ba9745ee
3b0d8ec6
bcc236b2
3e2a36dd
3d0d785e
bd936fa1
3d1a53fc
3e2012f8
be957f19
be9b9b7d
be9162e9
ba867843
3b0d8529
bd0b1f25
3e3be046
3d1b07c2
bda398d4
3d2aad1c
3e320e10
bea57ada
beacc669
bea34bd1
ba83d919
3b0ee84a
bd0bdfe4
3e3d1c58
3d1c2fc8
bda4a309
3d2bb9ba
3e335455
bea6bbda
beae1448
bea49c41
ba7c5c00
3b08c216
bd0cb378
3e37624a
3d173f10
bd9fbb69
3d26576e
3e2d522e
bea111c9
bea81080
be9f0186
ba720921
3b07a479
bd0c9838
3e3750c1
3d17374d
bd9fbad5
3d2654b1
3e2d3eb9
bea0ffbb
bea7ff3f
be9ef19f
ba7bd82a
3b078d06
bd0c9193
3e374622
3d16f764
bd9f9e6d
3d264dd4
3e2d364e
bea0f9a6
bea7f731
be9ee8fa
3b05b781
be1a4702
3b0e06c7
b80f877b
b986ae95
3d69344e
bebb3b81
b475f688
bf7f33ea
bb05b82f
3e171aa4
bb0e077b
37ca9771
3986aef1
bd693365
3ebe87ee
39cbcea7
b1a63584
b9ca98c8
b1b125b5
b5ab796a
2fb2f7fd
33e88543
39cbc41e
b1a6a9ce
b9ca8e4c
b1b041a7
b5ab706a
2fb4dc5b
33e87921
b38e5c30
ae23ce38
b3bca33b
2e146463
af3a4cf0
2eb5a712
b2140864
33834406
31ea3d59
b9cc62d1
319a8309
39cb8a84
31b71f98
35a49ec8
afde2593
b4049def
34cbc545
33aa5303
ba4c631c
32235ec5
3a4b9587
32349ce6
3625102d
b06bb4b4
b47be413
3529877e
3412ce36
ba9948a3
3281c183
3a98ac8c
3286497d
367898f8
b0b36412
b4b0474e
358cf8d9
34413c92
bacc5cd9
32b0d925
3acb8b56
32b8d16b
36a6928d
b0dfb72d
b4eadd21
35c6069a
3461a995
baff73ab
32e0bdc9
3afe5c78
32e1cdc3
36d15539
b0fc4eda
b50ea489
360a5913
347261ae
bb194250
3304415a
3b1890be
3307aebc
36fc550b
b10f8f19
b530d240
3635cf92
3475f68a
3f7f9153
3b05cb11
be17a84a
3b0e2f48
b7d574af
b986db76
3d69718f
bf588034
b38459a4
af41ef1f
b384295c
aebb3af1
af3cb0ec
2f013aa4
b1e5949a
340e6058
31ea6c54
b9cc5217
319a77aa
39cb8167
31abd692
35a49abd
afecb4e9
b402c835
34d02102
33aa741b
ba4c5476
32256314
3a4b91e8
32395985
36250bd6
b0785dea
b478f826
35277102
3412eab3
ba993d92
3281dd55
3a98aae0
32853379
3678baf6
b0af38d5
b4b1023f
358486c1
3441620e
bacc579c
32b0d631
3acb83bd
32ba1701
36a686a7
b0da236b
b4e9c437
35c714bc
3461dfc7
baff6e29
32e0f591
3afe7be7
32e008c6
36d14644
b0fe58da
b50fef9e
360a5ad4
34729bd9
bb193eaf
33056224
3b1886b6
33074381
36fc42ea
b112ce56
b53011b0
3635dfdd
3476318f
3f7fb436
3b05d217
be179d6c
3b0e2300
b7d55a3b
b986cf38
3d696b75
bf58b427
bacf4fd6
3411cebe
3ace8d89
3431886a
374428d6
b2aadbe7
b6c94988
33380c20
2fd69048
b4706439
2fef358e
33830fd3
3024f18f
b0d000ab
33b7c57b
304b578d
b4f13900
3050e5c4
33efa943
30964488
b11a6e7b
341c7e0a
3090cb10
b530bba7
3078a6b7
341af357
30c06c1b
b0d08d85
345233a1
30909e0c
b56c2f82
3061d7e2
34141884
30baedc8
3013ea44
3458eedc
3014afdc
b59a0037
2fb90779
3392a0a0
30470255
315dc817
34c03ef4
aef82595
b5aa3f67
af164f77
b22afa94
2d529781
31a80b76
35806b5c
aeba902a
b57f5033
aee1de31
b2003a33
2d1dea0a
317c0dd7
352b326d
ae78f85b
b52a2e25
ae95d33f
b1ab0d67
2cd191b2
31281dd3
34ab429c
adf57e77
b4aa3e3a
ae1615a8
b12928c3
2c4d8989
30a6418c
b7464bb6
33c13422
39baf3e5
bad2717b
b88eee93
b8ee91ce
b94e3245
386a6cea
39959100
396b6e27
38ecd8ac
b747fa39
33c45633
39bc404e
bad40766
b8900864
b8f04af3
b94fd4f3
386c1060
3996f3f2
396db6ba
38ef6d96
b749acc6
33c84b96
39bd8c6d
bad59be2
b891271f
b8f1e8c3
b95178ff
386d4498
39986968
397026a3
38f2598b
b74b6bdb
33c98604
39bed84f
bad72e17
b8924c17
b8f36ec1
b9531c73
386e1c29
3999ed16
3972b62e
38f58c84
b74d1fb5
33ccbd40
39c02644
bad8be62
b8937410
b8f4d951
b954c092
386e885b
399b8316
39756d13
38f91562
b74eda94
33cebaa2
39c17c03
bada4e49
b894a78f
b8f61ee8
b956680d
386e6750
399d35cb
3978641c
38fd2c24
b7508914
33d093bf
39c2cf78
badbd8ed
b895d820
b8f76112
b9580a3a
386e556e
399ee020
397b4f71
3900989c
b9266f45
39bd99cb
bab234df
3cf60a1d
3b73a54b
bb96fdaa
3baf6a0e
3c60371a
bcfc5da6
bd018263
bce15456
b7467212
33c4d6d7
39bad0e1
bad21556
b88f3485
b8ec2dc0
b94e068c
3861d3ad
3996d25f
396e37fb
38f347e9
b7466998
33c40033
39bac742
bad20a7a
b88f2d1c
b8ec21de
b94dfbf8
3861c7e9
3996caae
396e2bb4
38f33b56
430783bd
3f96446a
3ac39643
bebe527c
41115891
c2696cc8
b7a2be65
bebc58bf
bf401e22
c307273f
bf604cfb
b9ac7864
3e82e385
c1115a52
426d89a3
bd3c1621
3d0304e2
3d3893cd
3d180f61
391bcf29
bc6cf309
b860bce1
bd3c0c6a
3d02fe1c
3d388a40
3d18078a
391bc732
bc6ce6cc
b860b157
b57394fb
37f8e26b
b76e704a
b667bc30
32b41ff3
36a740ed
b5e3507b
369331aa
3580f820
3d3c8ed1
bcf77574
bd395363
bd18e075
b91322e3
3c6eb935
384e839a
386ada1e
372fada5
3dbc9bb1
bd782e38
bdb955bd
bd98dc38
b9938d2c
3ceea3a3
38cffc0e
383d38f1
378a3029
3e0d6f8a
bdbae1f2
be0b02a4
bde542f2
b9de889c
3d32eaf2
392428d8
38d6e8c2
37a25649
3e3c95f4
bdfa7039
be395817
be18d08a
ba156a73
3d6e7648
395a86cc
392e235b
37a8d57b
3e6bbaa9
be1d6c3a
be67a8d5
be3ef952
ba3c23e4
3d94f912
398951f7
395bbb74
37a5c54d
3e8d6fe1
be3e0561
be8af5bf
be651a30
ba63371a
3db2af70
39a63840
3993e48a
37a2be64
3ea4ff2b
3f486bae
430756c1
3f6a1093
39fb7425
be8a79a3
411180c8
c306f512
3467d9bd
37f89fac
b75d27fe
b668abfa
32afd93a
36a7b934
b5a56f11
378723d4
3581119e
3d3c85cd
bcf78260
bd39502b
bd18da3d
b9131eb2
3c6ea39d
38526491
3843b5bb
372fcfac
3dbc8e09
bd783b46
bdb95069
bd98d5f7
b993894c
3ceeb4c1
38cfdf0e
38064212
378a4af3
3e0d65a9
bdbaf443
be0b00cb
bde5399c
b9dea707
3d32d28f
39232168
38ce2c5e
37a275cc
3e3c91a1
bdfa88ce
be39540e
be18e324
ba155fb7
3d6e55c7
395a5eb4
392ade2c
37a8fdfc
3e6bb607
be1d7bac
be67c444
be3ee8d6
ba3c1667
3d94e4c3
398975bd
39522e22
37a5ed18
3e8d6b7b
be3e36f0
be8aecf5
be65066a
ba6326c3
3db29716
39a61ce4
3993ad39
37a2e571
3ea512bf
3f487633
43074d0e
3f69fc5f
39fbd13d
be8a6d12
41117cfb
c3071573
3e3f62bb
bf5f0a25
be3c1e93
bf9d2dcd
baaf5438
3f27071d
3b4343a6
b6bba739
bb86f72d
37d7b723
3923c9ba
b6f9aeb9
b965c20a
b583533d
b7cc9903
bbfe10ff
3821073f
39b0bd05
b798e82e
b9d8d716
b5f43ff9
b81b8b64
bc2a5984
38705463
3a1013c1
b7c8aa77
ba10a957
b61837ef
b81bb630
bc3c88af
38bae921
3a4ae701
b7b00f8e
ba2255e9
b62af020
b81f0aef
bc2be440
38fca450
3a79dab8
b7554934
ba1fdee9
b630da67
b83451c1
bbdba2b7
391b1afe
3a818930
359b5bde
ba0ae5c0
b6226b95
b8ed06ff
3a12573e
38e89aeb
3a424271
356906d6
b9d055d4
b5f39e1f
b89dfdda
39c31671
389b0b45
3a017c0e
351b6d2d
b98af4f8
b5a27d6b
b81e0cc8
3943291a
381b19eb
3981884b
3499b4a8
b9096b49
b520b10c
3f6da228
bf3e22a0
3f0fdbb7
3e7ac70c
bf614585
bf864655
bf6fa699
3d9703bb
bce7acb0
3dc65bc2
3d495d13
3f70a513
bf3f4b87
3f107566
3e7c5826
bf64049a
bf87d3c3
bf729829
3d8fbffc
bd0611eb
3dc36f6b
3d4594c0
3f74964d
bf3fe527
3f10b159
3e7d991e
bf67b1fb
bf89d7b9
bf76780c
3d80b685
bd27bc5f
3dbc4b5c
3d3cbb98
3f793760
bf400f7b
3f10a2db
3e7e9cae
bf6c0f34
bf8c32b3
bf7b0768
3d57a0aa
bd551229
3db1ed2d
3d3000fc
3f7e25ca
bf3fff93
3f106acc
3e7f82b2
bf70b98c
bf8eb39d
bf7fe341
3d284580
bd840d14
3da5ec74
3d213d53
3f816c06
bf4003e7
3f103c94
3e803a63
bf752778
bf9115c9
bf8240f8
3cf83752
bd9c0d44
3d9aa977
3d134d9b
3f834caa
bf408932
3f10624e
3e80d5d1
bf78a44e
bf92ff4f
bf841791
3cbdc8d3
bdaca61d
3d936323
3d0a1dbf
3f4cc6b2
bf0c07e3
3f9d7477
3ea8736a
beddf6fa
c0038013
bf1f0437
40199ca8
c0815dca
c086f712
c07d4825
3f7a4cf8
bf35dee3
3f0a51bd
3e761c86
bf6df7cf
bf8c8d9a
bf7c4dd4
3ca611fa
bda75171
3d89ac75
3d0001cd
3f7a400c
bf35d57d
3f0a4a97
3e760fc9
bf6deb7c
bf8c8659
bf7c40d9
3ca60a68
bda748c1
3d89a574
3cfff643
b9d0d02f
b889e57b
3a6586d7
3d89491f
bedc6d72
b4abf54a
bb2eb3e0
ba6904a6
bf7f4e06
ba2da947
38390b20
b9f2473d
bd89478d
3ee04f89
b9ae12fd
b8eef43f
39b1ec6d
b90aa981
b6381289
38580f49
34c78d32
b9ae09fc
b8eee7eb
39b1e33b
b90aa257
b63808f3
38580422
34c782d3
332f3c6f
b3e2ff7d
b3e75a4a
32541c21
affb6953
b297b72e
30971e3a
33c28abe
32115df9
39af4ab8
38e1a830
b9b22171
390b6819
36310014
b859ada5
b4cb9446
34fcca4e
33d92ebc
3a2f4a89
3962508c
ba321a2d
398b644c
36b17f0b
b8d999de
b54c0419
35514625
34410a85
3a836eea
39aa6b22
ba85958f
39d10fe0
3705b14c
b9232503
b5946f14
35ab32b9
348227f5
3aaf357d
39e46025
bab21e5b
3a0b59bd
37332215
b959707f
b5c8fff8
36038995
349a727a
3adaedbf
3a0f8dfa
badea9d4
3a2e25ca
376104e9
b987d6ec
b5faae33
3643f5f0
34a84d3f
3b034b76
3a2d47f1
bb05a16f
3a50ea9e
378796c6
b9a2eeb6
b618c657
3679e8a5
34abf54c
3b191659
3a4b3fdc
3f7fa839
3a0b2262
b844b5de
3a06d285
3d896c46
bf7ee27d
335196f5
b3e34681
b39eec4d
3251001a
affc7f2c
b297a642
312edd28
34347bf4
32117b4e
39af37e4
38e1b3e5
b9b21592
390b6263
3630fb8c
b85999e9
b4c84504
34d9ea56
33d958f7
3a2f3e1e
39625c6f
ba3217b2
398b5e9b
36b17a6d
b8d9a980
b54cabf2
35423a32
34412ffc
3a8364fd
39aa7bdd
ba85929c
39d1075a
3705c38b
b9230ecc
b59575c8
35a7bc96
34824134
3aaf30e0
39e47688
bab21d3e
3a0b6aba
37331540
b95952de
b5c91131
360438bc
349a9792
3adae8de
3a0f9c0f
badecb5e
3a2e16c2
3760f4cd
b987c468
b5fb1e52
3640165c
34a875a3
3b034873
3a2d7526
bb0596c2
3a50d89b
37878d0a
b9a2d881
b61855de
3675b0ec
34ac1e8f
3b192c3b
3a4b4a8a
3f7f95e6
3a0b1658
b844a136
3a06c648
3d8968af
bf7f1fa9
3ab1ccc1
3b4b6456
bab4a8e9
3b8f5464
37d2eb90
bb184d8d
b7ad1712
b4a1248c
3776242e
b39472f6
b5152032
3411f60e
3551ca0d
3098c913
b51e2aaf
37e7ac72
b4073972
b5a0f6b3
34883df1
35c5f962
3141db9e
b58404d4
381b558d
b49a28ab
b6034633
349812d3
36040ae9
31de30b7
b5b26b54
382bea3c
b4d58378
b638ed83
348839ea
361425ee
3239cf37
b5d45018
381cbd19
b4ddc4ee
b663c82b
3425bc3b
3611db11
327fe82e
b5e1da00
37c844af
b4931298
b66c3eba
b2b78a6b
35fd4de4
329037c7
b55b5e78
b60572f7
35603853
b63124b6
b289a5f1
35bdf7df
325850c1
b51238aa
b5b1e6d1
3515746d
b5ec26ca
b2379e8a
357d69a7
32104795
b4924685
b531f7d5
3495828a
b56c3d19
b1b59660
34fa9bb1
318eaecc
bb57c29e
3b2d6136
bb2211ef
3a9aa968
3b531073
3b7ec768
3b6afffc
b9b5c6eb
b98209b2
ba2262a6
b9a3056e
bb5a7fb5
3b2e6ff7
bb22d3d1
3a9bf0c5
3b559bf2
3b80d850
3b6dcf9e
b9af9fe1
b97658bd
ba21a0dd
b9a1d373
bb5e1627
3b2efc17
bb233e7d
3a9d50e5
3b58ffff
3b82b98e
3b71778f
b9a27bcd
b95a2f3f
ba1edac7
b99e24af
bb624d1d
3b2f22b7
bb236238
3a9ebe0b
3b5d036c
3b84eb23
3b75be2e
b990245a
b932d3d1
ba1a789e
b9986632
bb66ca9b
3b2f1445
bb235ddd
3aa02cf3
3b614c91
3b873fd5
3b7a497f
b976b7b3
b905ed73
ba15400d
b9918c9f
bb6b1152
3b2f183c
bb2360b6
3aa18da2
3b655e35
3b8978aa
3b7e9c61
b9502071
b8b73309
ba1051a0
b98afb2b
bb6e7c3c
3b2f91cc
bb23af23
3aa2ca2a
3b6893f5
3b8b4330
3b810968
b9371905
b87b56f9
ba0d3807
b9869be9
bb6669d2
3b290e4b
3b5de7f5
3afa3618
3bc2fb04
bb8e3cf9
3baa4878
3c8f9847
bcefb02a
bd02cb1a
bcf23a70
bb63516a
3b25d80f
bb1cd59d
3a9b973e
3b5e958f
3b85270c
3b76710e
b92774d8
b854356b
ba04d63f
b97bd412
bb6345aa
3b25cf81
bb1ccd81
3a9b8f31
3b5e8a0c
3b85202f
3b766460
b9276d19
b8542a07
ba04cf73
b97bc6fa
bbbb988c
bf399bdb
37b91d0c
3c04fe12
b734c7d2
3b834ec1
bd2dcf80
3b92ef0e
bf208670
3b62eeaf
3ee94f2e
3a123d59
bc0aa95c
3a0f68be
bc2d7059
3a0f12e6
3d4bd112
b9989511
bd099f37
38960b60
3a0f6563
bc2d6770
3a0f0b61
3d4bc667
b9988d48
bd099816
3896038e
368e65cb
b9494cbe
b7850f15
391b3d62
b422e1ef
3560b45b
36322d29
38d06e93
b4774cd2
b9dac6c6
ba86da5c
ba2f34fe
bd2f4592
398d4000
3d0a1c60
b89141b2
392cefda
b5d0cc70
ba7aef77
ba7b9506
baa97ffc
bdb0b37f
3a0df1f6
3d8a1fd1
b90cc1a3
39d8b0eb
b3c38f03
baadd66f
3a59b8bd
baf7e510
be05f30a
3a56bbeb
3dcf36bf
b9563c9b
39de7b89
36455d30
baeca011
3ba24472
bb1f1695
be34ffaf
3a9076a2
3e0a2867
b99240d1
39c78255
36ca15f3
bb182e0e
3c3faf2e
bb3bbfc9
be65b0f3
3ab62136
3e2cb3d9
b9b5d442
39f0ce2f
371af089
bb40e079
3cab6101
bb669e3d
be8bf887
3adc6720
3e4f3983
b9e02bf7
39c2bece
3734c7f3
bb672385
3d02811f
bb7cae0d
3f2d757d
bb7644bb
befad7b9
b9ff74e3
3c9decc8
37043f92
b9494678
35ae337c
391b16b8
b4227eed
35557698
35f689d0
38e6ae0d
b47779a7
b9ef3d06
ba86e6f1
ba2e940f
bd2f3ea8
398d3c3b
3d0a0fc1
b89214e2
39289dc8
b5d0f306
ba7baf85
ba7ba2cb
baac4e57
bdb0ac63
3a0dee53
3d8a29be
b9105aa2
39f8cc4b
b3c38f79
baafc59d
3a59ba03
baf4adc5
be05ed87
3a56d933
3dcf1a69
b95738d1
39dabcf2
3645837c
baed372b
3ba25357
bb1ea4da
be3515be
3a906c40
3e0a1587
b9920497
39d59f1c
36ca4687
bb184f9b
3c3fc09f
bb3f9a36
be659d16
3ab6142a
3e2c9c4a
b9b7956e
39f4dd8f
371b15b2
bb3b1279
3cab8e17
bb65dab6
be8bec87
3adc5731
3e4f1d31
b9de3507
39a960aa
3734f349
bb61bd6a
3d028876
bb7bc11b
3f2d6678
bb76331c
befac0f2
ba02286d
3c9d764f
bb0901cc
bc984bfe
bb08a9fb
bfb57d1c
3b28671a
3fc1625d
bb827b05
3708770c
3cd116b4
37086fd8
bc8f88f9
37c917dc
396f957a
35f4a475
381c1a9b
3d45938a
381c174f
bd07d11a
385eacb2
399ce4c3
366247a9
b6ae7c0e
3d855853
b6ae9fa1
bd37ada9
385788bc
38e32d2d
3688a604
b8402dcb
3d950db5
b84032ed
bd4db7b1
3830f5e3
b9af51e3
368aab45
b7dea5d3
3d8a1712
b7deafeb
bd3eb915
38353cc2
ba674cbd
367f037f
b8d513b0
3d372570
b8d515fb
bcfb63cd
b6182443
baa1585a
3658e079
35b4bb7e
b941bbd4
35b44e81
3a82306f
b5e4335f
ba720148
3622a633
3570ed43
b90120e0
3570578d
3a2d8e30
b5983513
ba216a0f
35d8f856
34f1028d
b8812fd1
34f06fd9
39ad9e61
b51685f5
b99fa0c2
35569181
3dc83f15
bfb2c5b4
3f378fe0
3de3d42b
bd871785
be7e1c6a
bde1cd7c
3f8afe04
3f6f025d
3f1a767c
3eaad8be
3d979a0d
bfb870d8
3f3fa3b3
3ded82a1
bd28d42d
be68eeae
bdb2d58e
3f912aa1
3f7af56a
3f21cf93
3eb3aa5b
3ce6d1aa
bfc1b859
3f4dda15
3dfe6719
3bcbbd92
be3ef4a0
bd300bc8
3f9bcd22
3f87e487
3f2e8532
3ec2f680
bd0cab2a
bfcdbc72
3f60bb7f
3e0a516e
3d90e466
be055022
3c8f245e
3fa9cccd
3f95ad2d
3f3f526d
3ed73cb3
bdd6996d
bfdb120f
3f75e174
3e16b1cb
3e12d170
bd887669
3daf34b4
3fb96857
3fa51598
3f521bbf
3eedf1df
be2ec7a9
bfe7ad74
3f84e663
3e225d7f
3e585b9b
bbefbb5d
3e18c26f
3fc81c24
3fb396a4
3f63cfef
3f01acb7
be5c6d09
bff0c97d
3f8bdfd2
3e2a7953
3e83b3a8
3d04c9c6
3e44b9fe
3fd27d56
3fbdcfaf
3f705c05
3f0947d8
be6d8e28
bfcbc5c7
3f797379
3e16591d
3e8899d3
3d972c79
3e57e9c8
3fb71cd4
3fa657f9
3f50df57
3eedba8a
be5b5788
bfe580a7
3f873e39
3e244aff
3e825db8
3d1f876a
3e447ca5
3fc9ae95
3fb62006
3f663975
3f034e69
be5b4ca2
bfe574b6
3f87370f
3e24427e
3e8256bb
3d1f815f
3e4473c9
3fc9a3f9
3fb61699
3f662d63
3f0347a7
3a14ddf5
3a34548b
bed6a527
b927a9ef
be44fd2b
ba6812f7
be44bcc9
ba69dea0
bf199c1d
b98e4d38
bcd1b595
3eda176c
bcc829e3
b8f28cb5
bcc82cbd
b8e6edf5
3d552e10
381a6831
bb4b3515
bcc81f82
b8f27cc7
bcc82265
b8e6eae7
3d552306
381a6641
bb4b2a90
b8280bff
b42f99ac
38bba260
b4465fcc
3728a6e0
b3d43865
36247097
b7aa45ab
356bd0f3
3cbf7957
38dbcba5
3cc075e5
38ed7c6f
bd43184c
b81d9cba
3b4ca89c
b961164a
379f8c14
3d3fbe7d
395d1c15
3d404466
396d4d05
bdc3db98
b89d3ff9
3bccae94
b92a2824
384f4795
3d908493
39a6b79f
3d90d419
39b18062
be13c85b
b8eb77d9
3c195dff
b7f347d7
38b7090a
3dc1ff56
39e03f2b
3dc23289
39ec475e
be469295
b91cad35
3c4c7d72
392d668e
3902c814
3df3df7e
3a0da7e8
3df40c3f
3a13408d
be7a671b
b943652b
3c7fac6a
3a20ee98
391eb164
3e131b8b
3a2b5ce2
3e12bd96
3a306668
be979877
b969e1dd
3c994d3c
3a984ad2
3927a9f0
3e2c231b
3a49db6e
3e2be253
3a4d3845
3f271cc9
39a1d1f6
3cb87d58
bf77d15e
b83ab8af
b32b126d
388bf9cc
b3a5c4fd
3728af30
b40b4441
35493e62
b8af188a
356c08e1
3cbf9ad2
38dbec76
3cc01de6
38eda11a
bd431339
b81d7b49
3b4cb67c
b94a5e64
379fab84
3d3fbdd0
395d096c
3d402245
396d1c76
bdc3d676
b89d5780
3bcc87e9
b9266d98
384f6fee
3d908299
39a6c8a9
3d90c1ac
39b1739d
be13dc83
b8eb4b44
3c195082
37f2dcce
38b72c75
3dc20233
39e049ea
3dc1f888
39ec6c89
be468456
b91c9787
3c4c5ce1
393d1ac9
3902e78b
3df3f2ae
3a0dbff1
3df3daba
3a131d72
be7a5528
b9434b29
3c7f7777
3a247502
391ed77e
3e131e85
3a2baf9d
3e12cca7
3a3043a4
be978d98
b969d68c
3c995647
3a90dd2a
3927d22b
3e2c3aa2
3a49e610
3e2bd5fb
3a4d2681
3f2710cf
39a1c348
3cb87882
bf780cd8
3dc21c01
3b45b4ca
3dc21ef4
3b73d6c0
bee88158
badbf3d9
3e3073a8
3a194a4d
37da5ab8
3a1949ee
b6cd7c1d
bb619b09
3635c60d
b8163b41
3a8775c2
384cf4ac
3a877569
b7472f0e
bbd696eb
36a41f29
b895bfda
3aa63ce7
3888f52a
3aa63c6b
b78b55e7
bc0fb70c
36cc75a0
b8daf79e
3a93e89e
38965922
3a93e815
b7a552f0
bc1f7f48
36c1b1cf
b909ab57
3a2755bb
38877dcd
3a2754b5
b7a6f51e
bc12a383
3686ad4a
b9192655
b8aab066
3829879b
b8aab694
b7806cdb
bbc0cd85
35b50d57
b912dc2a
b87c3f6a
b60775bc
b87c429c
b6138368
399f6a29
3587c5eb
b8dc4744
b828228c
b5b49031
b8282516
b5c49da5
3954a7dc
35351c4d
b892ec3e
b7a83234
b534a9f5
b7a834ac
b544b51c
38d24d43
34b3148a
b8114c02
3ba297b3
3b05fc17
3e207f5b
3dcd5492
3ca80c68
bd38fa3c
3c9fd020
3e0ffbf7
be3fdfdc
be109aa6
bdb80cd5
3ba51d63
3b05e591
3e226782
3dd00da3
3caa5237
bd3b7d56
3ca22a75
3e124c7a
be42b3ac
be12bd42
bdbb2871
3ba8923e
3b049f9a
3e250d5b
3dd3ad61
3cad5d7f
bd3ed356
3ca5591b
3e15786a
be466b59
be157aa4
bdbf3185
3bacb5a6
3b0269fb
3e284869
3dd7c94f
3cb0dc98
bd42a051
3ca90425
3e192e78
be4aa2d3
be187f57
bdc3941d
3bb10cc1
3aff8e6a
3e2be614
3ddba40c
3cb43054
bd462fcb
3cac73d8
3e1ce380
be4ea669
be1b31f6
bdc72e23
3bb50240
3afa836f
3e2f87c5
3dde8989
3cb6c2e9
bd48de2b
3caeffa2
3e2002b5
be51c62f
be1d088b
bdc918a8
3bb7f0c7
3af7df27
3e32944a
3ddfffc5
3cb82826
bd4a37e9
3cb03618
3e22023f
be538894
be1dc10a
bdc9039d
3b9360e9
3af9ff4e
3e1ea0fe
3de1725a
3cbb1960
bd4952a1
3cb5512d
3e198716
be525101
be25b199
bde377fb
3baf6e5c
3ae9580a
3e2b89d9
3dd63fe2
3cb02d34
bd414c92
3ca83cb0
3e19f995
be48fdf9
be1595ea
bdbe0e26
3baf59a2
3ae94f1c
3e2b80f0
3dd634ba
3cb01f86
bd41414f
3ca8340c
3e19f19b
be48f3bc
be158e2b
bdbe042a
39063f39
bc966668
373fa891
bc17b6b1
39b48d29
bc110fbb
3d24e527
b9280076
bf1a5a07
ba98401f
3c97fe83
bab572b5
bb71a535
bab5929b
3c28cdd0
b86357b8
3d585fcd
b908f24d
bab56797
bb71996a
bab58a92
3c28c479
b8634d29
3d58547d
b908eb50
b7943d77
b9091815
b7302244
39829ca4
b4adc514
39b3d73a
b692e3d8
393e445c
340222ba
3a7529f7
bb91cd5b
3a5a64eb
3ab58c84
b787fe9d
bd39d594
3900504a
39988699
3543300b
3ae85d18
bc0594ed
3ad212f1
3ad3017d
b7dda454
bdbbc102
398282a4
3a0e8264
b51b12bf
3b3ecf08
bc2ef09b
3b2242f9
38e91be0
b7e3178c
be0e72b2
39c97823
3a261272
b6897ea9
3b82dab3
bc3ddf19
3b683662
bb745c00
b786d6a7
be409569
3a058c9c
3a1606ac
b70f2fe2
3ba92b97
bc2ea8cb
3b9c585f
bc276072
37185284
be747d9d
3a2953e4
3a08e892
b7390541
3bd0b770
bc029a07
3bc4ee70
bc9d64c3
3857c105
be950b84
3a4ba4f3
39d177a5
b73fa87e
3c00279e
bb843b51
3bf5d017
bcf59d62
38de83fe
3f2818f1
3a87b335
bd2cded3
b70a0d9e
b9091b7b
b6a95031
39827f01
b4adeefa
39b3c8c5
b6a4847b
394f3dc5
340239c6
3a6fafcc
bb91d412
3a5307ac
3ab57907
b787f97f
bd39c4ae
38f8e04c
39903061
35435578
3ae70207
bc059ca2
3ad1c79b
3ad2f1bc
b7dd9c23
bdbbce74
39803c09
3a268f58
b51b2acf
3b3dd275
bc2f02b1
3b23f5a5
38e94df5
b7e33c66
be0e5f5b
39c877d4
3a2506e0
b6899923
3b82c802
bc3df291
3b695c0e
bb7477ba
b786d106
be407b41
3a05a3a7
3a1eee00
b70f5266
3ba977fd
bc2ebb5e
3b9c784b
bc2750cc
37184a54
be745c4e
3a2874d2
3a0dc4eb
b739319b
3bd485c0
bc02bb50
3bc3310f
bc9d58c6
3857af1b
be94f73c
3a4cda9e
39b310d1
b73fd694
3c009ac4
bb843ff2
3bf9a798
bcf58af2
38de7214
3f2809b5
3a868672
bd2d2c20
3b72ce36
bdf6ef89
3b730f96
3cee620a
b91d29a2
c00414b7
3bed55e3
3921efba
3c8e8e8d
3921efaf
bced9c4e
3860f2b4
bccb1769
3514eee9
3988a7d8
3d078fc8
3988a7c9
bd60ac7b
38c0146c
bd4156d3
355f8d7e
39a7b22e
3d38baee
39a7b220
bd97c2b4
38eb908d
bd81c24e
b3504aa7
39cc2bba
3d5103f4
39cc2b9d
bda9cf2a
390f1e3f
bd8fe755
b6106b61
39f4f4d8
3d44663a
39f4f4b8
bd9d7fd6
392b8676
bd83daa3
b6981e8c
39ae4c68
3d044ef0
39ae4c30
bd5127f5
38f468a7
bd2b73df
b6c5f1ff
b664a740
b886f7e4
b664d1ae
3957a474
b4aa0254
3abe3ee8
b6947389
b6186a32
b833e9e0
b6188538
390fbb89
b462cb6a
3a7dc832
b64607b9
b5987614
b7b40178
b5989279
388fc7d3
b3e04915
39faf94e
b5c3d6b3
3dc132ff
3dc22694
3f5b3b7b
3d6339d2
bd7f4db3
bdd5f38a
be2559c4
be372eeb
3c89a1b4
3e05146c
3dff6bab
3da16ad3
3d6b7a75
3f688d4e
3d7b79cb
bd381e2e
bdbd543e
be181685
be10f1c6
3d6c8d9a
3e225cb0
3e126637
3d4661a3
bc6bc927
3f803f5d
3d93f48b
bc39a06b
bd8c9c70
bdfb04ff
bd8d2a50
3e0b029b
3e5925e6
3e34fc76
3bd4cdbe
bde6ab87
3f90387b
3db1cc5f
3d0ecd1b
bd122e7c
bdb119f6
3cfb4878
3e77e484
3e91b2e0
3e63ba6d
bd2984d5
be652c22
3fa216bf
3dd3635c
3db320a2
3b0830d4
bd38bdd3
3e132c73
3eb984ff
3ebb8ed8
3e8c2bf2
bdb1cc57
bea82416
3fb2d558
3df32786
3e0c9736
3d1b73f8
bbbd3338
3e803131
3ef373be
3ee2e4c5
3ea4dd2b
bdf18d7e
beccb87b
3fbe699f
3e0489ac
3e2f9066
3d800af0
3cac5da3
3ea570a8
3f0d962c
3efe0069
3eb5f589
bdea9201
bece9290
3fada265
3df56f24
3e274e84
3d79734e
3ced9a40
3eaada72
3f06ae76
3eea2f41
3ea48ddd
bdf30911
beca1e1c
3fb88378
3e00a5a0
3e2e5d01
3d83f906
3cd0b057
3ea52e16
3f0aa44f
3ef69117
3eafcbf6
bdf2fd72
beca130a
3fb879b6
3e009ede
3e2e53e5
3d83f31d
3cd0ab10
3ea524a9
3f0a9d08
3ef6840a
3eafc2ec
bd0fbf90
3b7a6edd
bdc1c616
b9347517
bdcf56f8
b8d2d047
3c9cdca1
37cc4ddd
bf1a2e33
3d51af9c
bd08b051
b7727234
bd089c84
b70a1923
3b8a117b
36d51a6b
3d5346bd
bd08aa32
b765faaa
bd089983
b701c414
3b8a09af
36ccd1b9
3d533bc1
bac02e32
b63af2d0
bb620f22
b5f2896d
37bf67b6
3689f106
38151989
bb442897
b604a410
bb2ddd59
b50e17b9
bb72c1fc
36884973
3a40bf17
36cc1404
bd3f5c8e
ba86ff91
b997028d
bbb86140
3615da5f
bb070c37
37565bab
3a533aba
3730eda4
bdc1cc50
bbb720dd
ba85e428
bba1e551
37b73c5f
bb3092ee
385b50c5
b9a8d4d1
37016873
be119b76
bb2fb68f
bb03c9da
bb146032
37f4a7ee
3abbabed
38261e26
bb3874e8
36915973
be43ddab
bc02cfe3
bb42f786
3be4aee9
37db33ca
3c7efd54
384e54e5
bbd3f8e7
b63bb6f9
be77a352
bc80f1f6
bb6d9ada
3cff950b
38433043
3d163871
387c6112
bc2fc281
b6e22151
be960c6e
bcffd394
bb7a6edd
3d7780ea
39001c2d
3d963aeb
38a23c59
bc74ebb4
b782fc07
3f279f6f
bded8689
baccb226
b6eb0519
bb0eb9f1
b681e774
37beda16
36b2b25c
38e4bcfc
ba1ad013
b60501fe
bb1775d7
b50e6f71
ba54847d
b571919d
3a40c293
36e0ce84
bd3ec804
3b6139a5
b99720cb
bbc210cd
b65826f5
b9317a37
37be6b71
3a53350e
3728aa0a
bdc1cc19
bbdfaabf
ba85fe36
bb97afbe
378d9c51
bb8c01f5
385b51f8
b9a90bc8
37014291
be11b63e
bb4f0611
bb03e363
bac0c107
3802a4c1
3b540eaa
38114e8c
bb386b19
3690f8c0
be43df64
bbf056a6
bb432671
3c041343
37db22f9
3c78b81e
38460afd
bbd3ec0c
b55e24c7
be779818
bc841724
bb6dd3d9
3cf47ef6
3808d280
3cef9d5a
386bc3b9
bc2fb47e
b6c15fa8
be9601a3
bcfb5184
bb7aaaf7
3d7be642
390658c8
3d963b79
38a24517
bc74daae
b782c83b
3f27b015
bdf1a4bc
bc816584
3a69cdb7
bc8203e2
39f82f69
3bd8c937
38bae4c0
c0267884
3bb6722c
b87b985f
3bb67260
b7f83e49
bbc7ba61
b855f1e5
bcaaa572
3c321521
b8ea4d28
3c321533
b8664e9a
bc3b6f90
b8c8e069
bd21e33d
3cabffd8
b9069f4f
3cabfff6
b88004b5
bc55be8c
b8e2e5e6
bd5806cf
3d06065f
b8e65c66
3d06066a
b853323a
bc35b5c9
b8beb582
bd6dcc67
3d2d5a7d
b880c53c
3d2d5a91
b7b563ac
bbbe10b5
b83bec03
bd57d5aa
3d1fc37c
b69d0260
3d1fc386
370c0111
39395d72
36c73400
bd0a4c0b
b8ac3fda
b48647f6
b8ac29f9
b420bb81
37ce7f9d
342f333d
3ae50667
b865a305
b42abb7c
b865795b
b3d38a95
3789bc74
33fce76e
3a98c1c7
b7e5a8e7
b3aede52
b7e589a5
b3643041
370834ef
337738bd
3a171090
3a08519b
b7b53a49
bf7bd9d4
be0e4493
bccfc02f
3d3f2cdd
3cc2d5bf
3dc35fbd
3de0a837
3cda4fdd
bee3fa91
3a4b4386
b820c47e
bf7fdb9e
be0ab8f8
bccad35e
3d36e6ad
3ccf1c0d
3dd423a1
3dcf6e4c
3c893ccd
beed5609
3aacdc67
b78ea17f
bf82f7eb
be02e01f
bcc0dfc5
3d258069
3ce5f069
3df2bdde
3daaf814
bb216e6d
befd20da
3b04915f
37d1d0bf
bf873aec
bde2eea4
bca80053
3d02532e
3d07fdc9
3e1400bd
3d466449
bd25533a
bf0c10c6
3b3d2c7f
36c56b11
bf8c9d1b
bda92f42
bc7b6cb9
3c936fcc
3d27cd8a
3e3b2570
bbef23e2
bdcdcaca
bf1fb7ea
3b7d0ae1
37d3de4f
bf929a3b
bd375a60
bc081e56
b9a6e67e
3d50c2a5
3e6bcbe7
bda4ca13
be3785ac
bf382e39
3b960ff9
38005f82
bf97bd99
bc0e95e2
bad476a7
bc8de6de
3d76fb25
3e8beb6b
be187468
be815800
bf4e79b4
3b8bbb03
37cbd5bf
bf85f41b
3c3264be
3b0c4cc7
bcc311eb
3d66ba35
3e82549e
be2916fd
be82513a
bf37cfbd
3b910ecf
374d5444
bf921582
bb7d2fe1
ba2f9d74
bc993c80
3d7078ba
3e88071a
be1a9448
be802b4d
bf469b75
3b9151d0
38385fa6
bf920ce7
bb7ca27d
ba2740bf
bc99a0de
3d70aac2
3e87fd0e
be1a8fcb
be8024e2
bf4690ba
3d3fa8d9
3f922367
3b2f7b46
3f8e6127
3b057af4
3de19e22
38ca7358
3d0ad475
bf77af06
3ecfaf05
39e8fac7
3ecfa176
39a09a39
3d5436a3
38ba0a2c
3c023862
3ecfa6a6
39e1d830
3ecf9ccf
39a0e9b4
3d542d20
38b8301f
3c023190
39518ae5
b471624f
bad719ed
36278ec1
37085d74
35f7ea96
b7b1652f
b9a02017
38740efa
3c1717d2
b98366f3
3c437988
b93da72f
3c2f0818
383139dc
bbfd1d9a
3b925360
3a210f1a
3cd5f8fa
ba1302d4
3cde8b1c
b9eac776
3cad1d1d
38aa30ee
bc7a2ce5
3af1b7d9
39cafc71
3c83904d
ba49731a
3d0edc04
ba3b2461
3cf4c5bd
38f622bd
bc9cf5f6
bc24aa4f
bb0c9670
3cc55b2e
ba5ed9c9
3ca8a886
ba32cc7e
3d06ef43
391a527f
bceb7c7e
bcb32b9b
bc144f2b
bd8b7735
ba6578d9
be0d4d6d
ba9afb00
3cc1e987
3968bc03
bd02279a
3b8e8b46
bcb29a79
bea2e16f
bab18ae1
bef987bd
bad0314c
bbbf35d9
38d81040
bd51d1ad
bd4bc9f6
bd1ded0d
bf25ae2b
bb082699
bf20fe45
baf488ba
bd6f2f51
b726bf78
bd056b2e
40043f62
397bdd8b
b6226273
ba981134
3560e102
3707ca19
36227726
373ffc10
3a5ffeb3
38744042
3c0d6244
b989fba1
3c1387f7
b964e29f
3c2f025b
381c9da0
bbfd333b
3bdb2180
3a212bf9
3cef9f64
ba0c1c20
3cb41311
b9e8ccb0
3cad1944
38987ad9
bc7e4d6d
bbbb7f27
39cb1658
3c854841
ba40cdc4
3d4c4f5c
ba415b14
3cf4f07a
39094110
bca428b9
bbe4219d
bb0cb1a5
3ce7154f
ba6d803e
bbe2c73a
ba2a570e
3d06e7a5
3925683b
bceafd1e
bc772ed6
bc14737e
bd75ed37
ba5d3e4b
be1c3bab
ba938d27
3cc1e0db
394dd439
bd01c705
3ba1f3e0
bcb2c527
bea66a48
ba6d4d47
bedb69bb
bab4649b
bbbf47e4
38cb6894
bd51ec09
bbc97f8a
bd1e12de
bf34b4f4
bb053a1f
bf4014d3
bafe8ca5
bd6f1d0f
37dd3ed1
bd05a729
4004cd1f
3d618e77
bbe46a2c
3d637014
bbd757c4
3dd033a6
3aeed498
bed1ec56
bbb50596
b8b02420
bbb506d0
b71223a2
bb218b41
b833bf02
bb408729
bd3b9291
b988b779
bd3b92ae
b8c3e373
bc8bc2a1
b94c1be1
bbb21b29
be1e779a
ba2244be
be1e77b8
b9ada550
bd635238
ba129265
bbe19bfe
beac31f6
ba998bb2
beac3201
ba3d2830
bdf3f32c
ba95b183
bbe35e74
bf0ca769
bae7cc06
bf0ca773
ba9d0fe1
be462654
baeed352
bbb21f61
bf1cda6d
baf9982f
bf1cda74
baaee417
be5c60e8
bb035839
bb347ed7
3a82da45
37017f9d
3a82d6f8
36c44331
399eb100
362a1f03
398d294b
3a2e7b56
36acaa7d
3a2e62f1
3688ad48
3953b28e
35d995b8
393c4e40
39ae7d88
362d1ecc
39ae7205
36050502
38d158aa
3555dc5d
38ba37a1
3be2594e
bb2e28b4
be59684a
3d0aad03
b981110f
bcd4b22d
3c1a12ae
3d780385
bdaad6ec
bde2d1f8
be477d3d
3bdee0c0
bb245bbc
be58536b
3cec1341
babde718
bcc1e7c4
3c0db1c8
3d647c15
bd97f99d
bdcf7e2c
be3ea055
3be29805
bb106379
be3ed302
bc7c2ea6
bc204f79
bb6948e1
bb0cf2ac
3c400327
3baa23c0
bc871e76
bdcac178
3bb37967
bb2cc6a6
bdc2eb80
be2a6cfb
bd208b80
3d84f189
bd184e20
be0eb824
3e8d6c0d
3e8bfbbd
3e50229d
3b4b15bb
bb1e3e78
3dde3bef
befd1c60
bdd125cf
3e5c0a1e
bde67851
bef1298d
3f5d8333
3f67b1f7
3f5d2f28
bafedfb1
bb368b2b
3ee3a251
bf83dd46
be52049f
3eebe195
be723cb0
bf81cc6c
3feaaef7
3ff8d5db
3ff99089
bbeefaae
bb4aab8b
3f522ddb
bfd1332d
bea47250
3f3cea93
bec0d643
bfcfe1c5
403b0da1
4046fa03
404adc57
bbecb26f
bb50da4e
3f542da2
bfd1e63b
bea4c676
3f3dc239
bec1e5d0
bfd156d9
403c4234
40484b12
404c8ee2
bbe8296b
bb4290fc
3f52a20c
bfcf7050
bea2c79b
3f3b55fe
bebf5a25
bfce46e5
40395224
4045587d
404971e0
bbf52b1b
bb48ea48
3f52a399
bfcf6463
bea2a719
3f3b44ed
bebf6bec
bfce3c56
4039493c
40454e0f
40496835
be8c18e9
ba80e343
be88f98a
ba84c3a4
bc28b1e9
388577f3
bce1a49b
bf3e0c69
bf6dec30
bd52d6e8
b907d6b8
bd52db40
b909857a
bb7e59db
36472091
bb62750f
bd52cbed
b9078155
bd52d1a7
b909fc2e
bb7e4dde
36502e35
bb626931
ba92a6d2
3536810a
3b59185e
b7054786
b79dd9b9
b64c5cb0
38990c72
b9908266
ba37e950
3c3faa5c
3902a9ef
3c82988f
3900f3ce
bb0b4c9d
b79aeae1
3b63c9f7
bc8fe972
bc0fa57e
3cd7d0f2
3983c47d
3cf23f3c
3982b3a3
bb6a35d6
b80a49ae
3be9e0fa
bd3b7d92
bc8738cd
3d4bb870
39bd4538
3d5938ec
39bf31a6
bb8152f4
b83b3090
3c29c264
bdbccc5a
bcc6109d
3da8a6e7
39faf9b9
3dad57fc
3a0036b7
bb4647bc
b861374d
3c649d37
be206c44
bd038ff8
3dfa4635
3a1eaa60
3e00bf15
3a22167d
ba536d69
b87cb43d
3c8fa604
be7335cb
bd259ebc
3e2f7aef
3a3a0ae8
3e2c3109
3a47bff6
3b24cac1
b8729dae
3cae55c2
beabfc84
bd4ab8cc
3e6149aa
3a5ee8cf
3e5b4b1f
3a685de5
3bd26171
b87e7b64
3cc6f276
beea51a0
3f7527fc
baa65521
36b079d5
3b1ff6f8
b688038a
b79d4019
b68ccdf9
3718c4be
bb2c65ed
ba380ec0
3c4aa23e
3903cc30
3c68507e
3903f964
bb0b4a7f
b796e3fa
3b608f5e
bc8e1dea
bc0fc17e
3cda5beb
398252d5
3ceaa267
397ff795
bb6a2f01
b80adb2a
3be7924e
bd39f5bd
bc875315
3d4cd3ae
39bd1390
3d560261
39bf2bde
bb816541
b83a3bd8
3c2a0fce
bdba96cb
bcc63702
3da8f874
39faf3c4
3dab1e47
3a006394
bb463a0a
b8620021
3c634996
be205c49
bd03afa5
3dfbd9e3
3a1f6852
3dfbc4f6
3a1fcedb
ba535a0a
b87a20ea
3c8e2a40
be732e34
bd25c66e
3e3028db
3a3a4b50
3e2cb7c0
3a44a783
3b24be45
b8789c9d
3caf61f6
bead54ba
bd4ae96e
3e62faa1
3a5ea2a6
3e5e84a2
3a68d23e
3bd25229
b881349a
3cc6ed0c
beea9fc1
3f758ab6
3d405ef4
3b4da1e0
3d406faf
3b832451
bca308bb
ba344226
3e40de8b
3c9114ea
3887c4df
3c9114ec
3817bb3e
3bcb90df
387b05cc
39c54a62
3cedc5d1
38e0a831
3cedc5d1
387785b5
3c28d606
38d0fb46
3a2ebe97
3d0f2f21
39060a15
3d0f2f24
38951c04
3c4b5138
38fb9b4b
3a492af9
3d0fb706
3903e977
3d0fb708
38953764
3c4be8b7
38fb5eec
3a2fef6f
3cf39066
38d848c4
3cf3906a
387aa153
3c2c8a85
38d3049f
39db310e
3c81a7a4
38584c26
3c81a7a1
380454ab
3bb7e7fb
38617bfa
38f5dc01
b904da50
b617ca6a
b904dc0d
b62f67fe
b7be3504
33aec9ae
b8f57b42
b8b1193b
b5ca012e
b8b11b29
b5e9aacf
b77dbdc2
336c346c
b8a3bb96
b83123c7
b54b02b2
b8312812
b569c0cc
b6faebf7
32e3a56f
b821eb89
bb1bf878
3b137e4d
3d53bc6d
3d5ebc6c
3c5acdc8
bca6c8de
3c40b0d9
3d2cdfed
bdb6912d
bdaf667b
bd5a6af6
bb11e88d
3b1489b3
3d290a12
3d937c6f
3c897379
bce8d49e
3c81a72b
3d7575eb
bdf7c181
bdf5045f
bdb58123
bb04de55
3b154a17
3cc4d4c7
3dce4f3b
3cb6b470
bd29ec9d
3cb80cff
3db622fd
be30d4e3
be334d5e
be15de28
bae62e6f
3b174461
3b43aeb9
3e0ab134
3cedb8ca
bd6aff8a
3cfa6318
3dfe0dc2
be7102db
be781056
be5d8f91
bac5f293
3b18ca25
bc9609ba
3e2eaad1
3d1285a7
bd9659b6
3d1e99a3
3e2376b4
be99002b
be9ee098
be9314db
baa656d8
3b1943f4
bd15bbaf
3e4d8fd7
3d2a4b28
bdb2a0d3
3d3b34c6
3e42d19d
beb4ec4a
bebcd9ff
beb2564b
ba929fc8
3b1b0eb0
bd3e2a37
3e5edbd0
3d37d02f
bdc26587
3d4b2934
3e544965
bec4a324
becd9ec8
bec3d193
ba9820c8
3b1da5ba
bd3f8501
3e60393f
3d38ca47
bdc39376
3d4c7c79
3e55e5f2
bec62040
becf363c
bec5758c
ba86fbd7
3b13260a
bd4029df
3e58f9ca
3d32ac51
bdbd7031
3d45b51c
3e4e34ea
bebed5bc
bec78812
bebe40e7
ba8a38b6
3b133754
bd4025f6
3e58ed3a
3d32690c
bdbd51c0
3d45b207
3e4e2ad0
bebece1c
bec77e4b
bebe36d2
3b059bc5
be1afc2b
3b0de952
b80a67a3
b986928c
3d6903be
bebe6080
b49ad6b8
bf7efb48
bb059c50
3e16ed2c
bb0de9e0
37ccde78
398692e2
bd6902d8
3eb8f460
39e792e6
b1677626
b9e6770e
b17497d2
b5844cbd
2f8af3c5
33c9a6b1
b38cecbd
ae268a3f
b3bfaf5b
2e2045a5
af2eb692
2eba0585
b213dab2
3382b84a
3200b087
b9e80bcf
31486063
39e7592a
317e2483
3573179f
afcadaaf
b3e8f474
34d1fb99
33bcbc1e
ba680d3b
31db0619
3a6764f2
31fa8ceb
35f3ea91
b058d372
b45c0ae3
353440ad
3424b09f
baae0913
32326a07
3aad8915
3239921c
3637eeef
b0a5ec39
b499145a
3599036e
345cd5e5
bae809cf
327495fe
3ae75e26
3280b626
367714cd
b0ce9b71
b4cb5079
35d9eaf3
34846cd1
bb110710
329c4d0c
3b109472
329cea71
369bcea1
b0ea8905
b4f61dca
3619cbf3
34935ca6
bb2e0632
32b5485b
3b2d7496
32be91ce
36bca83e
b0f777fa
b5172967
364f8296
349b210f
bb4b068b
32d6b3ee
3b4a50ec
32dd4356
36ddd0eb
b10a94dc
b53302d3
367e0a57
349f8bdc
3f7f5c19
3b05af33
be1788b3
3b0e11aa
b7d54839
b986bf5f
3d6940f0
bf58531c
b382cfee
af44ac51
b386630e
aeb89742
af3122c1
2f03f07d
b1e44c7f
340f264b
3200ca61
b9e7f922
31487672
39e74e66
316894f8
357311db
afd78dd4
b3e52092
34d5f69a
33bce0cf
ba67fcb0
31de9210
3a6760bf
32021128
35f3e423
b065e8f9
b45909d5
3532cd72
3424d09b
baadfc83
32324ac5
3aad86a8
323787b3
36380813
b0a282dc
b499afe7
3590b273
345d00b9
bae803d7
3274e241
3ae755db
3281ec50
3677032b
b0c9c2af
b4ca8690
35daec6c
34848ca2
bb1103c3
329c9faa
3b10a61c
329a2749
369bc380
b0ea2a7b
b4f9c3ac
3619f7ee
34938002
bb2e01d9
32b5bd99
3b2d68b3
32bbd9cd
36bc9ab3
b0ffd131
b5160433
364c9565
349b4647
bb4b212a
32d5a86d
3b4a43f1
32deb104
36ddc105
b10bbd3b
b532af4a
367cf898
349fcc1b
3f7f49cd
3b05b638
be177dd8
3b0e0566
b7d55534
b986b324
3d693ad8
bf58aa39
baeb5f7e
33c2527f
3aeac32f
33f09151
3710d818
b29ed659
b6adc2cc
b224690f
2fd33438
b4437eff
2fd345f4
3374d2dc
300f9d8c
b16f501b
aef4385d
305e5828
b4ba21bd
30468e33
33f35464
308dc77c
b1ce9246
33680e16
30b66492
b4fb292e
30878fa6
343408f6
30cf916a
b1e37e54
33eedc18
30e186cc
b51df12c
309a0944
345398ba
30f56f4e
b1b39f18
33d0549c
30c6d62b
b552261c
307630ae
34327698
30d06aa5
b1183ae6
33a5e40a
304fde15
b584682a
30005d94
33bd8655
30683536
30a95f29
3436bb6b
ae820fc8
b5913ef0
ae9c7232
b1c5e80d
2cee675d
315aa2d5
35428f5a
ae2da9ba
b541a0ea
ae4f5136
b1840058
2c9f767e
3111d3c0
34c2a1c6
ada9dc09
b4c1b337
adcf98e2
b1028a57
2c1b97a0
3090369e
b75ebe28
3384916c
39d539dd
baeeec41
b8a22174
b9081936
b96a21bb
38882499
39a8e72a
3984f9f6
39058faa
b760a121
3386e383
39d6b6f3
baf0bb1b
b8a361f6
b909172d
b96bff0c
38891f93
39aa77e7
398643d8
390702af
b7628b52
3389da72
39d833f0
baf289b2
b8a4a742
b90a09f7
b96dde5d
3889eb1c
39ac1911
39879edb
39089ace
b76481a1
338ae058
39d9ae72
baf4564e
b8a5efa5
b90af6a9
b96fbc25
388a9e83
39adc006
3989002c
390a4143
b7666e65
338d30e6
39db2737
baf620d8
b8a7368d
b90bdcf8
b97198fa
388b391f
39af6dcc
398a6830
390bf65d
b76863ed
338eb043
39dca5d2
baf7ebc9
b8a88752
b90cb4e8
b97378f9
388b9aa0
39b13336
398be9fd
390de3fc
b76a58e2
33905699
39de2c8c
baf9b737
b8a9e2b5
b90d7c8f
b9755cc8
388bbd5a
39b30f8d
398d8707
39100c4f
b76c38a2
33912296
39dfb42d
bafb7f5e
b8ab3ac5
b90e42eb
b9773def
388be201
39b4eb9f
398f2417
3912396d
b927da27
39bd6e82
baab7047
3cf40ada
3b72d727
bb97652a
3bae63cb
3c602db2
bcfbda61
bd01484d
bce1063d
b75f2a69
338740c0
39d53030
baeeb33b
b8a28a6d
b906e215
b96a1bcc
38837c54
39aa6764
39869709
3909250c
430aca32
3f963e86
3ab617a6
bebdc73a
4114dbda
c273472c
b7ddb1b0
bef5aecb
bf466589
c30a50cd
bf67bdc4
b9c15704
3e878f5e
c114dd5b
426c596c
bd5a3b6e
3cd5c5b9
3d576d92
3cf40a7f
38f69dfe
bc402a9e
b82b9503
b5549860
37f71072
b788a1fe
b586b3cc
32e28f09
368b0bd6
b5f69d9d
36c7e257
359b0a4a
3d5a9819
bcc27beb
bd582a5d
bcf4ca07
b8de96c3
3c41a9c2
38173bb5
388b0df1
3756754a
3ddaa524
bd4330e0
bdd82e78
bd74cbdb
b95fa574
3cc197ae
3898943a
388533fd
37ac554f
3e23f6a3
bd93220e
be222617
bdb79b63
b9a93b2d
3d112483
38f72ce0
390f563a
37d03348
3e5a9ffe
bdc57450
be5832bf
bdf4d237
b9e446dc
3d4171a3
3924347b
39658d6c
37dfdd23
3e88a3c9
bdf8b3e5
be871e1b
be1903e8
ba106525
3d71b1ee
394ea601
3999ed23
37e3086a
3ea3f834
be1674e1
bea21f30
be379c41
ba2f25eb
3d90f2ef
39792b24
39c47e8b
37e1d237
3ebf4b58
be30fcfa
bebd1d1e
be56303a
ba4e0ca6
3da907a3
39947be7
39e050e5
37e46f2f
3edaa233
3f4d3120
430a8315
3f6fa1b1
3a0009f0
be8dbfd9
411504ce
c30a37dc
350301f7
37f6c6fd
b7772e06
b5891f6b
32ddd959
368b8f1c
b5b35993
37a1a5be
359b290d
3d5a8c8f
bcc28609
bd5825b2
bcf4c017
b8de9049
3c41983e
381b90b3
386ae361
37569ed3
3dda950a
bd433b23
bdd827a9
bd74c1d6
b95f9f84
3cc1a590
3898acf6
385489ec
37ac76b9
3e23eae0
bd933079
be2223b8
bdb793e7
b9a95258
3d1110b9
38f48e7a
390aa258
37d05baf
3e5a9aae
bdc587b2
be582e95
bdf4f003
b9e43678
3d415745
3924103e
3964a4ff
37e012dc
3e88a0cf
bdf8cc51
be872f60
be18f6b2
ba105ac9
3d7190fd
394ebca5
39942237
37e33ee7
3ea3f39f
be169c1c
bea21452
be378c67
ba2f1957
3d90df2c
39792e50
39c21e0b
37e20869
3ebf64a1
be310647
bebd0fb0
be561dbd
ba4dfde1
3da8f84d
39942c79
39e3e3e2
37e4cb2a
3eda913e
3f4d3be7
430a7927
3f6f8d02
39ff4f80
be8db2fb
411500ea
c30a6f84
3e5ddc47
bf2f61dd
be5b6625
bf7bb524
ba84a594
3f077f87
3b151334
b6c0d666
bb84c832
377b46b4
b8a526b5
b71eb189
b9413711
b54d3495
b7cbf5d8
bbfe72db
3791551d
b8e15fec
b7bcbabd
b9b5d35b
b5ba71dd
b80ac417
bc309882
37f86536
b85c028a
b7f9e1aa
b9f153e6
b5db98b4
b7b56b08
bc5008ca
3882e99b
38c6ebe5
b7e0d16f
ba064c4a
b5ef633e
b6cdcdb4
bc564928
38d0d29d
39a0c1f6
b79805cf
ba02c4a9
b5f6cf82
369d2891
bc3b25f3
390aeaf6
3a063e9a
b6bd52b7
b9e089c2
b5e82b93
b7aff545
bbeada47
3907c4e4
3a1bea30
353874b8
b9a8fe95
b5ba089d
b8b759cd
399f2f9d
38b4febb
39cfd9fb
34f60f91
b9616f2a
b5782a0f
b8376b26
391f3ec9
38350fd5
394fed9d
347355f9
b8def07e
b4f56af6
3f3b3b55
bf19fe33
3edf4711
3e879698
bf30815b
bf529647
bf3a8822
3d8d55af
bcb8285c
3d985c70
3d1cdaeb
3f3dcfc5
bf1ae26c
3ee0278f
3e8876ea
bf32dde7
bf553d0b
bf3d0ae4
3d867989
bcda2a71
3d955e1b
3d1915ea
3f415833
bf1b424f
3ee062b2
3e89317e
bf362dfe
bf58d7dd
bf408247
3d7002a7
bd0d290d
3d8e514a
3d107603
3f45a8f3
bf1b303f
3ee00aa6
3e89cca2
bf3a460a
bf5d3a62
bf44c1fe
3d465731
bd39ea1e
3d83cf36
3d03af42
3f4a7c32
bf1acc4e
3edf4189
3e8a53c1
bf3edffe
bf621ea3
bf49836d
3d1416f3
bd6f77d3
3d6da827
3ce7afa2
3f4f6ed9
bf1a488e
3ede43bd
3e8ad4f3
bf4398dd
bf6720f1
bf4e62ea
3cbe8732
bd93f1c5
3d51e995
3cc5a586
3f53fc34
bf19edf9
3edd70ae
3e8b6336
bf47ec75
bf6bbcb4
bf52dbee
3c4094a7
bdad6dfe
3d38eaac
3ca6bc24
3f577ab1
bf1a21fd
3edd5615
3e8c14d4
bf4b3133
bf6f4801
bf56458f
3b8cdf60
bdbe8f31
3d28fe3f
3c92cf26
3f1d7664
becaaecc
3f8ef990
3eb4e3fa
be7d0d2b
bfef1579
bed780a0
401c16b6
c084b71a
c08b3fb2
c082396f
3f4c2013
bf1038c6
3ed28ea9
3e84df9c
bf41648f
bf6376a4
bf4b7002
3ad1e0a9
bdb86abc
3d192e08
3c825e3f
b9d2f08a
b8865387
3a673bd9
3d894920
bee04fe4
b4d85ffd
bb5fbc1a
ba54981f
bf7f1d2f
ba143fcb
383dfb0d
ba033085
bd8947a7
3ed9ec4b
b9c64543
b8c53d86
39c9aca6
b8e12a18
b610569d
38314b45
34a486ac
332ecf35
b3e40042
b3dfe1d2
317c1f14
affe4691
b27ee651
30d58726
33b7cea7
321bc3f7
39c77e00
38b370ff
b9c9bcb3
38e1daa9
36051720
b832ad10
b4a6fb73
34f731a7
33eac327
3a477e05
393417d8
ba49b567
3961dc7e
3685973a
b8b29c47
b5278338
3555904d
345377b4
3a9596f1
3987c0ed
ba974ad2
39a967d5
36c99979
b905e8fc
b57385a8
35b261e6
3491a8a3
3ac76d05
39b62ef7
bac9bc38
39e1e287
3707695b
b932792c
b5a516a0
360a0e66
34b24d1d
3af93795
39e57808
bafc2ebe
3a0d2e0a
372aafd6
b95efd7e
b5cdd485
364d81ba
34ca5626
3b157c57
3a0ad212
bb175787
3a296893
374e90df
b985bb2f
b5f92e4c
368a0c50
34d7f112
3b2e531f
3a234cf4
bb309284
3a459f17
3772bdb1
b99bf2c7
b6126299
36adb4fc
34def412
3b472445
3a3c09dd
3f7f7a4c
39f075c0
b84729fe
3a0e74dd
3d896c59
bf7ee281
334f67dc
b3e443f5
b398e224
31705b44
afff4e3e
b27ed415
31491e05
342c0f10
321be371
39c76989
38b37a41
b9c9ae19
38e1d16d
360513c1
b8329cda
b4a3cc41
34d5b5d6
33eaf0db
3a476fdc
39342149
ba49b257
3961d347
368593be
b8b2a91b
b52838aa
354754a4
3453a0c7
3a958bda
3987ce3f
ba9747b0
39a960eb
36c9b4f9
b905d6c1
b57538d3
35af2e38
3491c4e2
3ac767df
39b640d4
bac9ba2b
39e1fe11
37075faa
b93260d9
b5a54b1a
360a2e1b
34b277fa
3af93265
39e58e90
bafc5507
3a0d21d9
372aa39e
b95edf1a
b5cea89a
364a63b3
34ca86b2
3b1578f7
3a0af643
bb174c5c
3a2959f0
374e820f
b985a8f4
b5f80cc5
3685d65a
34d824e2
3b2e6c4c
3a23558b
bb3085cf
3a458e0d
3772ac46
b99be4a0
b611e3aa
36a6b3c1
34df4ddc
3b471674
3a3c13b3
3f7f67ff
39f060e3
b8472fb7
3a0e67ee
3d8968c0
bf7f4927
3aca587a
3b21d1e1
bacc9b98
3b683cc6
379e9d0d
bafa0637
b78e4c16
b487224f
37750464
b3dbe184
3498ce6f
3413bf8b
35328574
b173280f
b4f7605b
37eac2f4
b42c9f7d
34d0be3c
34937853
35a7ff88
b1d2790d
b547678b
3822ee9a
b49c4b69
344cf10c
34baad12
35def4b0
b1c68f63
b583e9b6
383ff072
b4ca87f0
b4b673e5
34cb743f
35f82a93
b1550214
b5a0a878
3845b52c
b4e9bcac
b59412f2
34b8082c
35f1a538
30dedb38
b5ccb67e
382caabb
b5224068
b5f79573
343647b5
35cf5b1a
31ffeb86
b5cec3df
37d8ac5e
b4f511d1
b60fdad6
b257ea29
359bea51
32326241
b5269477
b592e01a
35297085
b5bfc635
b210032c
354ffcad
31edf5a2
b4a6a436
b512ee18
34a9808f
b53fd851
b18e6b33
34cdaf6b
316b536a
bb2ba9f1
3b0e1448
bb0a4ddf
3ab82228
3b295a09
3b4d99f0
3b3f08ba
b9b3b39c
b9a956ef
ba19994b
b99b0bfc
bb2e0912
3b0ee6dd
bb0af328
3ab9a0f6
3b2b93db
3b502388
3b417f4f
b9ade5bf
b9a33152
ba18e49b
b999efdc
bb31495c
3b0f3f5d
bb0b4aea
3abb398b
3b2eadbc
3b538f51
3b44d6ce
b9a1297d
b995efc7
ba163c05
b9966f00
bb35429e
3b0f2ebb
bb0b5cb6
3abce460
3b327f60
3b57b4e9
3b48e62d
b98eaa91
b9829f45
ba11e0ac
b990cba0
bb39b444
3b0ed293
bb0b397b
3abe9ae3
3b36c89a
3b5c52ac
3b4d6ca1
b97085b5
b9565212
ba0c559c
b989a940
bb3e42fa
3b0e590c
bb0afd16
3ac0517d
3b3b2e1e
3b610c47
3b520e73
b9415e5f
b924a479
ba065ad5
b981ef15
bb427434
3b0e057e
bb0ad1af
3ac1f205
3b3f357e
3b656878
3b5650c4
b917a951
b8ef4bda
ba00e9d8
b97575da
bb45ab86
3b0e3582
bb0afa1f
3ac36da9
3b4242f9
3b68c918
3b599868
b8fa6c5a
b8b426d7
b9fb1f9b
b96c1bbd
bb3d529c
3b075aab
3b76bdb1
3b0d8cec
3bafb520
bba54050
3b95eac0
3c900ef0
bcefe595
bd028ba3
bcf1f75b
bb3b41fc
3b05108d
bb0443ef
3ab987d4
3b38dfaa
3b5d43e5
3b4e89f4
b8d98970
b8969079
b9e93eb3
b9598e9c
bbbb3bc2
bf3892d0
b6e6a6c8
3c099c2c
b6df88d8
3b74fb95
bd263d4c
3b87bf7e
bf27c900
3b73269a
3ef55974
3a0781fc
bc07fd00
3a088d28
bc3ba6d4
3a0819b6
3d2df4b9
b96e4320
bcdc2723
386864fb
367604c3
b941440d
b77ac876
39148f27
b42594eb
b7087b0a
362d3714
38c52556
b452a13e
b99c71c0
bb5bd9c2
ba0d6430
bd0956dc
395c0455
3cdb8f47
b85faff7
3927bdfe
b596fce5
ba3c2700
bbb988d2
ba8659dd
bd8ab16b
39dd8a4c
3d5bae0e
b8d46d2c
39d57134
35430b1f
ba7a7827
bbce7b77
bac71b56
bdd2c478
3a2822b7
3da4dd1e
b92325bf
39e006a1
3684990a
baab8e35
bb96ec83
bafe3dc4
be0edd29
3a62f932
3ddbf90b
b963516a
39cf05d2
36da5d6c
badf581a
b9016470
bb1963b2
be3613fe
3a8f5b5f
3e09939a
b98c3994
39c8dad7
3702127c
bb0f1018
3beebb51
bb3a55da
be5f2068
3aad689e
3e252eff
b9abdbfa
39c416ea
36f6bc2f
bb2a922c
3c8df748
bb4d86f8
be84ebe7
3acb40c9
3e40c8a6
b9ca9467
39c2673d
36e6545f
bb5cf3ad
3ceec5b7
bb6d60fb
3f32db09
bb81281a
bf01b927
b9f3ddac
3c9fa772
36ec20de
b9413dd5
35d3711a
39146a6d
b4253292
b7091d16
35f067e6
38d9e695
b452c6cd
b9afed1b
bb5be8a3
ba0c693c
bd09516f
395bfeba
3cdb7b3f
b86232eb
3923b514
b5971539
ba3be09a
bbb9932c
ba8af6df
bd8aabdb
39dd846d
3d5bbdd7
b8dd644e
39f24a4a
3543352b
ba7ccf5e
bbce9164
bac44acb
bdd2bbf4
3a2839c8
3da4c693
b922f49f
39d5c371
3684b36c
baabbe42
bb96fc98
baffc8ff
be0eee92
3a62e901
3ddbdb05
b96338dc
39d7781e
36da9253
badf5538
b9016c20
bb1b3085
be360432
3a8f511d
3e0980d0
b98cd81c
39d6769e
370231c4
bb0b91d7
3beef98c
bb3a1480
be5f0d37
3aad5c1e
3e251874
b9aaac36
39b94a46
36f6f749
bb2c6e5f
3c8dff0d
bb4f284e
be84e07a
3acb322f
3e40b724
b9cafb93
39bd7f76
36e6b179
bb59c797
3ceed0fb
bb6988de
3f32cb98
bb8124bd
bf01ad63
b9f4d3b3
3c9eeeec
bad064f8
bdb0175f
bacf7a3c
bf8e6d5a
3b033156
3f99d0cd
bb4a42ce
3753c187
3cc8a043
3753b9c1
bc88f34d
37dd292c
3a52bb5d
35d5ed4d
38390108
3d4105f0
3838fd78
bd040c6d
38725c63
3ab733a9
364585c8
b7555333
3d86d775
b755673c
bd391c96
3861014b
3ad04b4e
366c3718
b8cd7340
3da0435d
b8cd7628
bd5cf0d6
380b2708
3aace534
366dd0e9
b925c1e7
3da6f6cd
b925c365
bd674033
375bb082
3a2c0297
365ff7b9
b95a036c
3d9404f1
b95a04d3
bd4de0eb
b76b4307
b92e38e2
363e8ddf
b8e0c254
3d3ea8a4
b8e0c496
bd04ac8a
b5b2351e
ba419b22
35fbf7fd
35656a99
b90bbd0b
3564a706
3a1428ab
b56db97c
ba0121fe
35a80f63
34e58396
b88bcba7
34e4bf88
399436b5
b4eb17ff
b97f6830
3526332f
3e176ec5
bf874de2
3f077f98
3da708cf
bdfc2754
be881cb9
be20eaa1
3f48110a
3f29094e
3eddb7af
3e72c366
3e008e39
bf8c6488
3f0edff3
3dafe29d
bdcc7d86
be7c1b65
be0ac7ad
3f534fa3
3f33f09e
3eeb1486
3e816423
3da649af
bf95121e
3f1c4925
3dbfe097
bd5d1d1b
be53463c
bdbd90af
3f676ec4
3f47a9ca
3f0189a5
3e8fd166
3c96e6d2
bfa0c5cc
3f2ed0a4
3dd5ba82
3c309ef6
be1919ec
bd0227ba
3f817ec5
3f62d5af
3f120d61
3ea3bc89
bd68d91a
bfae8d31
3f44e583
3def8151
3db4e429
bda65e34
3d28286e
3f91cf20
3f819061
3f25b189
3ebb7c85
be0b2e7f
bfbcff38
3f5c2877
3e053d57
3e2dcb9a
bc1bfec9
3df09b1b
3fa2e9f5
3f928716
3f3a5b2e
3ed48405
be53b203
bfca2274
3f713dda
3e115fab
3e786bfc
3d5f7d50
3e3e4f0e
3fb2601e
3fa1e128
3f4d19e4
3eeb44d2
be81b989
bfd35137
3f7f9164
3e19ae02
3e94c7bd
3dc54cd5
3e6c5178
3fbcf7a8
3fac57e0
3f59ece6
3efad434
be8a750c
bfae179b
3f6106be
3e056a86
3e99d0eb
3e0d857c
3e7fe069
3fa17550
3f94c173
3f3a4112
3ed5c531
be81892f
bfc8bf29
3f76c9f7
3e13def6
3e93cf1e
3dd31588
3e6cc0e2
3fb4c59f
3fa52f8c
3f507240
3eefa306
3a16636f
3a365581
beda699d
b964adfa
be30236e
ba5370aa
be2fcf74
ba53cf60
bf241d4a
b99ca482
bcbb0f9d
3ed3bd8c
bca284db
b8ca53df
bca2889c
b8b8f8bb
3d2f0920
37fd94e9
bb20e18f
b83013b5
b424e769
38e2db32
b46de7f2
372dc14d
b3f760fa
3633c0c8
b789984c
34ab62e0
3c93d69d
38ac1398
3c94e7af
38c00b5d
bd167613
b802e6c8
3b21e069
b983f884
375ff3ed
3d1411e9
392d80a6
3d149e52
39401383
bd973dfe
b88281b4
3ba1f6a5
b954a986
38310c65
3d5fce1b
3982e091
3d605ade
398f98df
bde4b447
b8c34de5
3bf26153
b8aaa45c
38b067b8
3d96a1ec
39b05198
3d96d6d6
39beecbd
be1a153c
b901dcbf
3c21ba86
38cfe9f3
390bc62f
3dbe1d89
39df6284
3dbe82e6
39ee1fcd
be42fc68
b921e8ea
3c4a2e0b
3a073f3a
393c81d6
3de69ac2
3a07a539
3de640f9
3a0eabb9
be6d17c4
b9416443
3c72c699
3a9841ef
395daa74
3e0780da
3a20c63c
3e072ef6
3a25d349
be8c2155
b9612685
3c8d5953
3ae578a6
396ba1d6
3e1bfb2a
3a3a3d77
3e1ba6b1
3a3ce5a9
3f2f3d00
39acb6a6
3ca71ecf
bf77a74e
b84473ce
b1ac5578
38a78df8
b3cd319b
372dcb47
b423d908
35228aa5
b8c29659
34ab97d7
3c940182
38ac4122
3c948b77
38c06336
bd16722a
b802be22
3b21e1d7
b97bc110
376020a4
3d14103e
392d5e2f
3d147fc3
393fdaca
bd973a06
b8828f77
3ba1d4e3
b93e2e76
38312f08
3d5fd078
3982e731
3d601a4d
398f938b
bde4d375
b8c32ed9
3bf25a0b
b796beda
38b089d6
3d96a346
39b0619d
3d96af00
39bf0491
be1a0a30
b901d009
3c2198c6
38deb620
390be7e1
3dbe2eef
39df8ab3
3dbe48f9
39edcc11
be42ee70
b921c972
3c49f619
3a0b1d4e
393caf10
3de6a981
3a07ca67
3de64286
3a0e74f8
be6d06c4
b9415f8f
3c72de66
3a879fe0
395ddf9d
3e07a8e9
3a20ca2a
3e075281
3a25cc52
be8c1749
b9611feb
3c8d556f
3ae4911d
396c00ba
3e1bf003
3a3a4733
3e1b9b95
3a3cd54c
3f2f386b
39aca6f5
3ca71a6a
bf780b0b
3d95c6f5
3b1a8f25
3d95cab0
3b452bbf
beb35690
bab676ba
3e0b7ee4
3a27ca0b
37d96366
3a27c9b0
b6a988de
bb6710b0
3643a65e
b706f142
3a9cfd26
385027b1
3a9cfccc
b726eec9
bbdef9db
36b7be60
b79c784b
3ad65aca
38907932
3ad65a4d
b7700132
bc19aa89
36f65589
b80e1fa3
3ae77396
38a9836e
3ae772fe
b796427f
bc34094e
37040dde
b85daafa
3ac8a92f
38ad4644
3ac8a897
b7a7e196
bc38cad7
36e73aa7
b89749f1
3a4cc4ab
38945258
3a4cc38f
b7a53929
bc22719d
3687aaa4
b8b192a6
b851ef5b
3835283a
b851fba4
b776e155
bbcfed20
355ef15b
b8ae6e82
b8088ab6
b596af42
b8088d98
b59d78b9
392ea3e3
3514b6e8
b868aff5
b7889700
b516c812
b7889a23
b51d8797
38acb544
34930bc0
b7e61cbc
3b7828d9
3ade7472
3df9fabe
3d9ebb97
3c8230d4
bd0eb637
3c76c507
3dddbb6d
be1438b0
bddf460a
bd8ce3cb
3b7cbd40
3addfafb
3dfd504b
3da13703
3c844269
bd1101a4
3c7b128a
3de1e7a7
be16c575
bde3250d
bd8fc58a
3b81ab7d
3adb2598
3e01126b
3da4d140
3c87431d
bd145395
3c80b8ab
3de80ea4
be1a69c5
bde89cbe
bd93f460
3b85e13b
3ad66d01
3e04152f
3da950d0
3c8b0c16
bd187d4a
3c84c2a8
3defccc1
be1eef4a
bdef5b02
bd993031
3b8a8914
3ad04295
3e078c25
3dae1a98
3c8f17af
bd1cea55
3c890fee
3df844e6
be23c2c4
bdf6626b
bd9e86f4
3b8f387c
3ac98003
3e0b3ce2
3db272da
3c92d160
bd20f087
3c8cf541
3e00307a
be2831ef
bdfc82b5
bda2e7d6
3b9344b8
3ac3b073
3e0ee6ee
3db552c7
3c956633
bd239a18
3c8f8070
3e034f60
be2b4503
be0003ba
bda4ba0f
3b95ff93
3ac084b7
3e11dfc5
3db687e4
3c9692b1
bd24b8a4
3c908307
3e0524f7
be2cc2ec
be007eef
bda44761
3b628817
3ac1fd40
3dfb7c9a
3db7bdc2
3c99568b
bd239be0
3c957073
3df8eb52
be2b44d5
be083a2f
bdbe76ca
3b8e47a1
3ab2ddf6
3e0b710e
3dada4f2
3c8f44f8
bd1c98b4
3c893b3d
3dfb9a90
be2321c4
bdf21683
bd9a4aaf
38c965d2
bc97f2b2
380633ac
bc06c5d0
bc12c1f8
bc01802d
3d2072eb
b916d9c0
bf23b90d
ba8765e4
3c92f914
ba94f2b1
bbbbf151
ba951a37
3c383fea
b8503557
3d35c57e
b8d9a400
b78d665e
b8f79f14
b7326a9c
39793d68
b4a40100
39b30ff2
b697e10e
3936f25e
34322050
3a35b78c
bb8aed12
3a1f279a
3b6851b3
b79d295d
bd0e1f30
38c69651
399740cb
35964568
3aa992d4
bbffef0b
3a969da4
3bc45453
b805e1c1
bd900142
394aef8b
3a0c2013
b4d3a909
3b0f83b9
bc28d082
3ae62f48
3bde395b
b819ec4b
bddb39ea
399e8803
3a2a67b6
b6b21ec7
3b44dea1
bc389bad
3b29a872
3babf803
b8075a19
be14d063
39cf56ee
3a26d99a
b75d589e
3b7f3250
bc29f94c
3b62c18e
3a741079
b7959433
be3de8c4
3a04833f
3a059f2b
b7ba3303
3b9e0226
bbf562af
3b915f6a
bbcf1549
36f46981
be68fef9
3a1ec3cd
39dc3f02
b7f8f5fd
3bc6a4c7
bb35520a
3bb8cca6
bc84f18f
3839823d
be8af28c
3a3ef727
395d6e02
b80a4832
3be4dca1
3b533de4
3be0c075
bce50032
38c5cbe3
3f2f4ff1
3a720a12
bd2bd635
b6ff9ade
b8f7a77e
b6c9cbd8
3979048c
b4a43129
39b301ef
b6a6fcad
3947fc9c
343240c3
3a30c93b
bb8af375
3a182c59
3b6843c9
b79d21a2
bd0e1248
38be6a56
398d98a3
35966541
3aa8b5ca
bbfffeda
3a94b87f
3bc44b06
b805de8e
bd900b8d
3945e4a8
3a21af7d
b4d3cdbd
3b0ecf07
bc28e16b
3ae9108a
3bde2d7f
b81a0117
bddb1c29
399dd692
3a23b2b8
b6b24012
3b44f64b
bc38af4a
3b28b625
3bac0d95
b807507f
be14bc27
39cf5b60
3a2e341c
b75d8dfa
3b7f25f8
bc2a09d8
3b6485c3
3a742696
b7958656
be3dcef1
3a0475a3
3a0ea12d
b7ba5f99
3ba02a54
bbf5a25f
3b905f06
bbcf03d4
36f43ed8
be68df3c
3a1f36c0
39d97167
b7f931b8
3bc3f4b0
bb355607
3bb81537
bc84e7b1
383975fa
be8ae5f3
3a3e68cb
39860905
b80a7fde
3be60c06
3b533dfa
3bdf9663
bce4ecb9
38c5c4f4
3f2f400a
3a7369e7
bd2c9050
3b34c0ee
bdec0e2f
3b350ecd
3dceb39e
b936af6b
bfcaef23
3bbbb97c
3914421f
3c80c37c
39144212
bce296c8
384f5776
bcc96d14
3638b9c0
396dd9de
3cf9f7a0
396dd9bc
bd5a2b56
38a87f2c
bd4317d5
36aa3cd1
39831ecd
3d30f98a
39831eb6
bd988fc1
38b9f08e
bd8762aa
36c2a235
398f20c5
3d55f676
398f20a5
bdb58b32
38ca4819
bd9f7aa6
36985c93
39995df9
3d635a97
39995ddc
bdbd6554
38d7c966
bda454aa
3606cd90
39aaae11
3d4de850
39aaadec
bda828a4
38eefd80
bd8fc6c4
b5a65167
39b83e19
3d07928c
39b83def
bd58f150
3900c8d0
bd35e542
b66bf8ac
b5fa4579
b88bf471
b5fa872d
391cebe7
b44fbc4b
3a553d1d
b61d63d0
b57a5c44
b80c02e5
b57aa167
389cfaf9
b3cd74d9
39d2e1a1
b59ba5e6
3dbb82bf
3e2714bb
3f12633e
3d02adf4
bd8f81e4
bdb93e4c
be0f0acb
be6102ea
bd8cc46f
3d38b808
3d8059b1
3d9efca0
3e03d651
3f1eae64
3d18fc93
bd5ef02a
bda36021
be0331af
be3de80b
bcffb339
3d920017
3da28147
3d4baf3e
3d77d4e8
3f358591
3d4313d7
bcbff441
bd6e5b19
bdd5e727
bdefafc8
3d2d6fcb
3df98ffa
3de3dd02
3c1e6e5f
bd1515fa
3f55329c
3d7daeff
3caacc7b
bcdd75f7
bd8fc864
bca04a91
3e1621f5
3e45cc93
3e1fed30
bd20a672
be1cdff3
3f7ade35
3da1d0ad
3d98fd70
3c376a66
bce7046f
3dc9602b
3e8b741f
3e8ec8e7
3e572672
bdbbb181
be8dad1c
3f912c67
3dc6a329
3e07734a
3d568f2d
3c8b68e8
3e64cba8
3ecfa40d
3ebd2804
3e88bb45
be0efe2e
bec6cabc
3fa2eab0
3de7f5dd
3e3d4ed8
3db8cb84
3d6fbcee
3eac7395
3f06aa9b
3ee70c4b
3ea310d7
be301274
beecdaaa
3faecf2e
3dfe93c7
3e6184ac
3decf2cd
3db10457
3ed33b65
3f1b40e6
3f0187d0
3eb4b01a
be2d0636
beef0a52
3f9df8ba
3deae676
3e59a8a2
3dea6fd1
3dc25040
3ed90f15
3f147eeb
3eef59a5
3ea35147
be2f9e4f
beea6306
3fa962ef
3df75ae3
3e5f65c1
3dee5da5
3db72b14
3ed29895
3f185757
3efc0365
3eaee1b3
bccf7bf7
3bc9c655
bda9d5b5
b905255a
bdd6d138
b8d99ee7
3cb31b3d
3819fd8d
bf24f188
3d3c0ca5
bcf9502f
b694128a
bcf8f8a7
b6e20600
3bc4776f
3737591d
3d2db11c
bab9383d
b644ab12
bb7c6fa1
b59ffefd
37cdda82
36959e8a
37fd3f33
bb48baa1
3725e4c4
bb3d79e2
b50521df
bb88794c
372cb0ce
3b34e529
37103c7b
bd1301e7
b975dbca
b930a050
bbbfa2f5
b5900115
bb20805d
378ee684
3b9d57e5
377ef2e5
bd958654
bba5cc71
ba68f1ad
bbe5f19f
37ba7508
bb99bd22
3886ecc3
3bb2e952
37773a42
bde01831
bada27d9
bb0606e4
bbea129f
38285ff2
badc1fac
3881a679
3b8cc7cf
375c26bb
be1773c9
bbb21055
bb61fb73
bb4bb59b
38428b07
3b679085
388e6511
3a9586d1
3713fc62
be4033e2
bc79aad1
bb9e9dfa
3bfd19dc
3899aed7
3c86c384
3868ac00
bb7a75f2
b6c01c90
be6aa1bd
bd061866
bbc0d3d6
3d0e4abf
38bde8ce
3d6149cf
38a52e75
bc21d6fd
b7b147ff
be8aaa6f
bd074fda
bbcfe8c7
3d5c5179
38bcb50f
3d91ccc3
38c94cf7
bc821d34
b7ce487a
3f300654
bde11ad0
bac46345
b700f9f3
bb2168be
b676094a
37cd3aca
36c315eb
38ea3cf7
b9c5039a
3725f4eb
bb2d511e
b54b98cd
ba9bb139
35bfd6e0
3b34e2af
371032dd
bd125f2d
3b90b504
b930c4db
bbc47c4e
b69e5021
b9e82d91
37eac1c8
3b9d542b
3771e105
bd958f77
bbe87055
ba691f53
bbde2866
37ad559a
bbb3c9a9
38805e99
3bb30199
376e5b20
bde06b23
bb2fa059
bb0620cf
bbd6cf73
3823fe30
baef0532
387a88a6
3b8cbce1
3764bc07
be1762e4
bbb05e3a
bb6231fb
bb392dba
38356640
3bab5628
38995b70
3a9578a8
37253f3d
be3ffcdc
bc805d0c
bb9ec3fe
3bd1e7ca
38a03744
3c509746
388e9c22
bb7a62eb
b652421b
be6ab1ea
bcf1694c
bbc1021d
3cdd91f5
38b529a1
3d3fb30f
388af4c3
bc21cbba
b7b15fc7
be8ac141
bd0953a4
bbd03c7f
3d59a876
38d28f86
3d962c86
38d89ae4
bc821a13
b7d6c7d4
3f300655
bddca90e
bc80a16e
3a7efa16
bc821107
3a1e2b18
3cd40764
393ef211
c0002353
3b88bd67
b88ec9a6
3b88bd9c
b7fa2a91
bbd8af92
b8639499
bcaf2279
3bd7bf04
b90c7bbb
3bd7bf44
b87d801b
bc59404c
b8e5b774
bd28e97d
3c3c28ad
b937145c
3c3c28e7
b8a982f7
bc8f2f71
b917b5d9
bd68c5b9
3c8ec359
b9444214
3c8ec37a
b8bf7fab
bc9c56e7
b926f906
bd87e637
3cc7997f
b92e2dc1
3cc799aa
b8b2c68a
bc8d7413
b9182e82
bd8a985f
3d0c9ca7
b8ce8c93
3d0c9cbc
b85c1b8d
bc2ae4e0
b8b79933
bd6fb6f4
3d280cb7
b50f8d32
3d280cd0
36a33953
39452015
36a0db34
bd157873
b8516168
b351eb01
b8511fc3
b3c70c65
37c4081e
34603eae
3a7b3774
b7d1841a
b2da9519
b7d14043
b3588519
3741dae2
33d8b288
39f86ec2
b9890022
38cf9d0d
bf43195e
bde230c6
bca27d95
3d1bdf87
3c932daa
3d8a252d
3dbb84b6
3cd25435
bead5460
b81a27a9
38a12018
bf468b73
bddd6ed6
bc9f5662
3d15f228
3c9cd289
3d97a6f8
3daf0760
3c9698e9
beb4d0a4
3a02325d
38fcbc6d
bf4bb274
bdd6078d
bc9bdfb8
3d0c13c4
3cab14aa
3dad5395
3d99a607
3becc0ec
bebfe85f
3a9659d4
39193bec
bf52a20d
bdc6224d
bc91ac7e
3cf4659a
3cc337ed
3dcf6e2d
3d68049a
bc4f781a
bed10f97
3b00c15e
391bec53
bf5b2c11
bdab73c2
bc7ed983
3cbb326b
3ce69df7
3dff6398
3ce40564
bd332e1d
bee8ecf9
3b3ce92c
392c7234
bf64f32a
bd82e255
bc454d28
3c4fe5e8
3d0bac0a
3e1f1052
bc5cf02e
bdb42990
bf040ea7
3b776fae
392e9c2e
bf6fc146
bd0aa732
bbd7fe63
bb017312
3d2d8c38
3e4804c9
bd94f22f
be1b296a
bf187a38
3b933c21
392cf344
bf7a35d2
3b8dee9a
3a25bf75
bca4ee4b
3d555ab4
3e76895c
be144fd8
be6ae56c
bf2fd7d8
3b89f54a
39292456
bf5646bf
3cc34c21
3b8cff15
bcd8d36d
3d44a923
3e62a856
be24cd1e
be6bd5f2
bf18c42c
3b90682a
3934b644
bf6fd365
3c0d6922
3abc59b6
bcae1ead
3d4f5b8f
3e6ed815
be15fb1d
be67ec2f
bf286a3a
3d39cd83
3f8198c8
3ad50c31
3f891a83
3b07a605
3def9293
3866c288
3d4d9f16
bf5e4885
3ed06136
39da774c
3ed0418f
39a86090
3d5d9782
38ea6ecb
3bdcf33e
ba68b07c
349e10c7
3aba5bef
b6a2923a
b71ee5c8
b5345f16
384bbd6a
ba242b9b
3851792a
3b81ff28
b951ebdf
3bf88970
b94c0672
3bf11ad3
37c59d2f
bbc63df0
bb58e722
3a4a4eee
3c37ddbe
b9dd1f5e
3c7a9b2d
b9e0b6f4
3c774730
3852831a
bc44d77b
bb48dbe0
3ac5df2d
3c71d90b
ba22ba84
3cf66b5a
ba3bad31
3cbcbc36
389ed4a9
bc897c3b
bbfeb196
3ac9f6b5
3d4984ee
ba462a7a
3d41fdee
ba49cbb2
3cf40242
38c64c38
bcbf4911
bccb4ea4
ba0a30fb
3cab2311
ba567e55
3c43bfab
ba960d4a
3d01fa34
390b43c8
bcd008cd
3bf20bf3
bbdcdc6c
bd68e17a
bac6ae65
be60e88a
ba93a7a8
3cb79f90
394c2f7d
bcff9586
3d23342c
bca0272c
becfa796
baddb371
bee48282
bad6bea5
bc046494
3903a757
bd098fdf
3dd50870
bd1b2678
bf2a1828
ba9d33cb
bf376994
bac6a12c
bd80e556
3796e33e
bd520a79
4004adb9
ba81ea65
361df917
3a90b53d
b6406f3f
b71e5c35
b59bf358
37baa4de
bad79880
3851a5eb
3b8a69f8
b95ec992
3bc36a54
b95c32f0
3bf118c2
37d911d7
bbc6e56c
bb01acd7
3a4a76c6
3c520507
b9dced37
3c484edb
b9df2a12
3c774119
3832a117
bc47ebb8
bbc2e48e
3ac6057c
3c81a53c
ba2252da
3d107e41
ba36fddc
3cbcdbc5
38aca1e8
bc8cfedd
bb04bebe
3aca1e4f
3d5a9fe9
ba4d1964
3ca6a264
ba4cb131
3cf3f2d5
38f6b32e
bcc629cd
bc990b08
ba0a5754
3d186449
ba4942bd
bd2f524a
ba9e824b
3d01f18d
390298d1
bce87ed2
3c41d9be
bbdd117e
bd4460ad
bab6f6ea
be436c3e
baaa43c5
3cb79270
3921f016
bced117a
3c79ff06
bca04d99
beb285f0
baeac458
beeb7427
bab2a699
bc04613c
39418aa2
bd0784d0
bd0921a5
bd1b64f0
bf24b719
ba8f3858
bf37c13b
badb6c7f
bd80dffb
38123503
bd723166
4006a18a
3ca3b8ca
bbc43f62
3cac4858
bbd37163
3d9002a1
3a9bc464
beab0ecd
3c396f95
b7893883
3c396f47
348291be
3b5d058e
b6e96398
bb455b5b
3bff5592
b895d66a
3bff547c
b7eacf23
3added8a
b86dccb9
bbbb2003
bcfc158a
b9694c2f
bcfc162e
b902dd62
bc470753
b95a333d
bbf99b77
be0532a2
ba0f6584
be0532b7
b9af85ec
bd40a744
ba0c2a65
bc08e792
be9e08be
ba9028d4
be9e08d0
ba387bf6
bde008fc
ba8fd748
bbf85a23
bf1323a3
bafbe6e9
bf1323ad
ba9fe609
be4eea8c
bafa31b9
bba85cd0
bf26219d
bb0950dc
bf2621a5
bab1805b
be68ff21
bb09da59
bb09f029
3a2f01c2
36a2fc05
3a2eea87
3695c6d3
395d136b
3605d834
391fc982
39af22ce
3624d742
39af09b9
36125d5a
38daa8eb
357f4f8e
389e040b
3bbf8c6b
bb62bb2f
be1ec9a5
3b778317
bba98111
bc339cdd
3ad82602
3cdb4cec
bcc94997
bd323cec
bde13554
3bc468b2
bb5f93fd
be28003d
3c6f6e03
bb409de0
bc86644f
3b8b44ca
3d1cc074
bd360556
bd855d96
be08e772
3bcea514
bb60e1ec
be2fd96b
3cb74bcb
bac1b5e7
bca24cf0
3bc06b54
3d3eefe7
bd6eed86
bda45bb2
be1ab483
3bba7f46
bb61f87e
be2022cc
bc03a46a
bc04e0c3
bbd4951d
ba5b1142
3c8f95bf
bb99cd0a
bcbeed48
bdbf3a03
3babca72
bb5c7d9a
bda49ff0
be09baa7
bd03ebfd
3d51e21d
bcf8c998
bde0ca89
3e632654
3e6061df
3e237958
3b337052
bb6b0311
3dd974f4
bede8cbb
bdb84bd8
3e414fde
bdcc0182
bed37988
3f43acc6
3f4ccb65
3f443dfc
bafb0173
bb7e9f09
3eead6a5
bf7ecc52
be4ad681
3ee4d58c
be6bcd24
bf7bd370
3fe37e57
3ff1aa27
3ff3e7c5
bbf796b9
bb838ba5
3f5c0e13
bfd164f5
bea415bb
3f3d55f8
bec1a35d
bfd0cd9c
403b692e
4047d175
404cd91c
bbf9c1ef
bb896f0c
3f5cbd6d
bfd207a3
bea47833
3f3e4153
bec29472
bfd1e047
403caea4
40492846
404e1825
bc01bd8a
bb861b32
3f5bd02b
bfcf9efb
bea29449
3f3bc071
bec00197
bfced35b
4039c4c9
404614e0
404b0d0a
beab0837
ba9d9cd0
bea8c2e5
baa4c8c9
bc558a0a
38be8cd9
bd0a432f
bf2e45a6
bf6f6e6c
bd7111ba
b91870fa
bd711698
b9198bbb
bb98c79e
3650a422
bb79eaa0
ba866626
352dad5d
3b4d47c5
b6f82e22
b7944173
b643f9a8
388dd1e7
b966a20a
ba2e67fb
3c36fe91
390d17f3
3c779646
390d38cf
bb28e676
b7b5eb42
3b768f42
bc87862a
bc083df0
3ccd2f46
398e767f
3ce53a4b
398f6e4e
bb9421ca
b8263cec
3bfc9646
bd30f74a
bc803926
3d41ac8c
39cd9623
3d4cde74
39d35fa3
bbb27d90
b865a3d5
3c3791a3
bdb24195
bcbb9fb7
3d9ea7b0
3a07fb5f
3da3244b
3a0c7e37
bba78cfb
b88cd75d
3c779423
be17248c
bcf8ac89
3dedab4e
3a2af8d1
3df4e7ae
3a329acb
bb607bae
b8a2aa1e
3c9adf41
be663bf8
bd1be1ee
3e289488
3a4ca829
3e299af1
3a59c745
b9d61a6a
b8a79204
3cbc1cb6
bea32378
bd3da4cd
3e60a451
3a73f71b
3e5be09b
3a7f9a05
3b71f877
b8afc980
3cd6ea50
bedef38c
bd66e791
3e8dc893
3a8a98be
3e8b7075
3a91088c
3c094777
b8b68323
3cf71f1d
bf120cad
3f6f6e6c
ba989939
36a6c5d0
3b16f690
b67b22ef
b793b069
b686845e
36ef9907
bb204f04
ba2e8b7c
3c413d43
390e7ea8
3c5c833d
3910905d
bb28e3b9
b7b2953a
3b7373de
bc8669bd
bc08587d
3ccf45ee
398d1bde
3cde83fd
398cc4d3
bb941d9a
b825f52e
3bfa8fad
bd2f26cb
bc805212
3d429a95
39cd656d
3d495191
39d32099
bbb2971e
b86562bc
3c380d6f
bdb07130
bcbbc417
3d9ebb68
3a0826dc
3da26caf
3a0cbe2f
bba7816a
b88e6ba2
3c76a87a
be173ddb
bcf8e867
3dee51bf
3a2b5af7
3df2451a
3a30da4c
bb606ad9
b8a10246
3c9a10ff
be665109
bd1c074b
3e290175
3a4c1e73
3e29652a
3a57f270
b9d6103a
b8a84fe3
3cbca4d6
bea41c1d
bd3dd24b
3e60d901
3a745fef
3e5f5935
3a7e3d6c
3b71e760
b8b4bc19
3cd6cdf0
bedd78e2
bd674480
3e8d7aa2
3a8a4320
3e8b6930
3a917ff3
3c094376
b8b75157
3cf8b4a8
bf12758d
3d376a9f
3b61da9e
3d3776a5
3b8fd21a
bcc67abe
ba5c0c71
3e516eba
3c86c041
38867b87
3c86c044
38143c93
3bbe8d7c
3875447b
3a1f7e3f
3cdf14da
38e23c75
3cdf14dc
38763016
3c1fcdcd
38cf9150
3a9225b7
3d0a59b5
390b6c29
3d0a59b9
3899cc42
3c464956
39012bfb
3ab5cd6a
3d14dc24
3912ede7
3d14dc24
38a5d93f
3c552525
390a5846
3ab6984f
3d1234ec
390ae8b5
3d1234f1
38a2896a
3c50cb1e
390601fb
3a960cec
3cee8df6
38d7d446
3cee8df4
388442d4
3c29e711
38d79aa9
3a3d8ace
3c8196b8
3860a372
3c8196b8
38093c1d
3bb83f21
3866414e
397ed1d4
b8ca8516
b5e34020
b8ca8719
b60270f2
b7986fe4
3372c031
b8b4bb3f
b84a959e
b56464f0
b84a9980
b5824f8c
b716c02f
32f2289b
b832baf0
bb303f90
3b2228a6
3d7612cc
3d591f5f
3c5b958a
bc9de2a1
3c3b4110
3d22dd4d
bdaff0ce
bda6751a
bd3ac7fa
bb27551b
3b233a18
3d4f198d
3d8e2bf9
3c87e7ea
bcdb2ecf
3c792fa9
3d663dc6
bdec8f7f
bde72614
bda05fc5
bb1c1d55
3b241546
3d0dcf74
3dc56b06
3cb27ad3
bd1fcf03
3cafb48f
3daaccb5
be27fc38
be28de4e
be07868f
bb0b0383
3b26184b
3c6ebe22
3e051458
3ce7eb20
bd5ea079
3cefc3e4
3df02800
be65fd6e
be6b45cc
be4c99ee
baf7c762
3b2783fa
bbeb9890
3e2a49ca
3d1096a8
bd9141ae
3d1a7106
3e1dada4
be948ef2
be999d17
be8bb8ca
bad37d17
3b286f73
bcebd150
3e4f1749
3d2cf3ee
bdb2ea52
3d3c7afe
3e42ed3f
beb5cc3d
bebd44f8
beb0d9b5
bab34d0b
3b2abcf3
bd3ed59b
3e6d9efe
3d44b5de
bdced9a0
3d58c4c2
3e61cfbe
bed17144
bedada4a
becfb08f
baa7608a
3b2d8789
bd67d295
3e7f0cb9
3d51fe2f
bddeafb9
3d68ebc2
3e739b13
bee155ca
beebe1da
bee17d68
baa51808
3b2e3ffe
bd693e7f
3e806188
3d5369e9
bde0422e
3d6aa75c
3e7584bc
bee31bf9
beedd83b
bee36b30
ba969f1a
3b22ab8b
bd69e5ed
3e77b5b8
3d4b84ce
bdd86e75
3d621982
3e6be261
beda060d
bee4341c
beda5ec9
3b057ccd
be1bc631
3b0dc86a
b8068ef7
b9867349
3d68cd88
beb8c9ab
b4baa1ed
bf7ebc87
bb057d33
3e16bc5d
bb0dc8d5
37ce47d6
3986738e
bd68cca1
3eb8c957
b38a2a35
ae28f46e
b3c5925b
2e3a9542
af18ef39
2ec09404
b214159d
33828c26
320ae158
ba01820a
30ee4cb8
3a013520
312a3223
3538d0cf
afa24eb8
b3d48f8e
34d95bfa
33ccad48
ba81833f
318a2c4d
3a813b6e
31a78c30
35b98977
b0317a1d
b4480f5b
353e5256
3433d3f2
bac24524
31ebac32
3ac1d744
31f797a0
360c1123
b0895c51
b48a48f9
35a3bb05
34738434
bb018364
32235311
3b013954
322d9bf2
363c8c38
b0a96f5b
b4b77432
35ec4bbd
34941590
bb21e697
325272c0
3b2182fe
3252e7ba
366e93e0
b0becd9e
b4ddda04
3627579e
34a80ec8
bb424756
3270d2e9
3b41c8de
32809f18
36911629
b0bedd18
b507f8a4
366389c7
34b577e0
bb62a990
329064ec
3b620b03
3295bbdb
36ab8300
b0cfacac
b523737a
368b2028
34bf66a8
bb8184be
32a254ab
3b8126eb
32a95c92
36c6398a
b0e35aed
b53a08a9
36a885b0
34baa1ed
3f7f20ad
3b059018
be176571
3b0df09b
b7d51698
b986a004
3d690aa9
bf5820c6
b37f9baf
af495a23
b38abc90
aeb2446c
af1b6bae
2f083e64
b1e2f940
34111cc6
320afd45
ba0177c6
30ef1c6f
3a012ee5
31152811
3538cc89
afaf2972
b3d08da8
34dd1343
33ccd514
ba817a09
318da0be
3a813908
31b134aa
35b9848f
b03eb6da
b444fb76
353d0b3f
3433f6e0
bac23721
31eb42c7
3ac1d438
31f2ff68
360c243e
b0867340
b48ad79a
359b4424
3473b36f
bb018012
3223ca8c
3b0134eb
32304dec
363c7ec7
b0a6ac07
b4b6accf
35ed23f6
34943928
bb21e2dc
3253041d
3b219704
324c89a5
366e82d8
b0bcf2ae
b4e18502
3627803c
34a8371c
bb42426f
327076b8
3b41bb51
327b973d
36910bbc
b0c5f25b
b506d172
366002ae
34b5a368
bb62c7c0
328fc53a
3b61fd07
3295ddc1
36ab76b8
b0d88d14
b523350a
368d714a
34bfb3bd
bb817b75
32a25f2a
3b811daa
32aae70d
36c63459
b0e65d29
b539bf3d
36a75b04
bb035dd7
337458cc
3b031c5e
339a7d13
36dc40d1
b284d44e
b69c452b
b3953b70
2faf7149
b41eecc2
2fb7a4fe
3356fea5
2fedabef
b1b37682
b3e84220
3049818e
b48f4fde
3035a481
33e29d42
3079eb56
b220e609
b3b69447
30b71574
b4aeab04
30866d07
3435e951
30c815de
b240f1f8
b33131c7
30fc8a4e
b4c4671e
30aaeac3
346d388f
3103fb7e
b236b1f5
b383d747
3105084b
b4fde6e1
30a84bcc
346fe401
31064f85
b2065a73
b3fd7e09
30d37afa
b5268d86
3089b210
343fe14e
30db5137
b181d892
b4555b6f
3045e0e2
b555f9f7
2ffa12c6
33b2018c
305178bd
af7b4627
b3e494e6
adec4ce5
b5587d1e
ae0b6461
b154cd40
2c2f1434
310402ce
34d97d71
ad64532b
b4d89197
ad8b60fa
b0d27280
2baaee04
30828cd9
b77703b8
332dd110
39eea8d1
bb05588d
b8b4e0bb
b9185f2b
b982aec7
389a06ad
39bbec2a
3993f9d2
39147a0a
b7791b16
333151f7
39f055bd
bb065be1
b8b647f3
b9197c83
b983ba41
389b2489
39bdabc6
39956a99
3916191b
b77b3c88
33365464
39f20405
bb075fe8
b8b7b535
b91a8f79
b984c78c
389c132a
39bf7d35
3996edc5
3917decd
b77d69c8
33379d5e
39f3afca
bb08637f
b8b924d4
b91b9f20
b985d461
389cf2c0
39c151f0
39987422
3919ab44
b77f90b8
333b22d4
39f55811
bb096651
b8ba90e4
b91cad37
b986e07e
389dcb95
39c326e7
3999f99d
391b754b
b780e066
333d6d24
39f7036d
bb0a6980
b8bc03b9
b91db2c5
b987edc2
389e80c0
39c50b0e
399b8f3c
391d626b
b781faa4
3340d206
39f8b663
bb0b6d94
b8bd8100
b91eaa14
b988fd4c
389efbce
39c70504
399d3e2c
391f84bc
b7830f41
33420302
39fa7442
bb0c72e6
b8bf089b
b91f919a
b98a101f
389f3492
39c91dff
399f0db5
3921ede5
b7842222
33436a13
39fc31b7
bb0d76af
b8c08b10
b9207d4b
b98b2129
389f88a8
39cb2adf
39a0d322
392444a4
b9294046
39bd3f95
baa4d3cc
3cf20ee5
3b720598
bb97c49d
3bad5dbc
3c601c3b
bcfb515e
bd010b2a
bce0b25d
430da79e
3f961325
3aac06d1
bebccd8a
4117ee79
c2713a59
b809176f
bf1b335d
bf4ba189
c30d0da5
bf6dfd5b
b9cf1e61
3e8b7dcb
c117efbf
42713a07
b52ff42f
37efae65
b796b728
35a22605
330278ee
3680f03b
b601a261
36fb01ca
35b2defd
3d78823f
bc9af611
bd76ad63
bcc6b1de
b8aaf500
3c1eaf10
37dc1ef3
389ea94c
377a7231
3df88f40
bd1ba40f
bdf6b0af
bd46bd2c
b92c31f6
3c9e9db9
385e13e0
38acccbe
37ccb2cf
3e3a667d
bd6ae4ed
be39095f
bd95199e
b982dc14
3cedd2a6
38b9a151
393179e6
37fcc1e6
3e788b8a
bd9dd9f6
be76b7f6
bdc6dfa3
b9b18227
3d1e7854
38f62028
398d2bf7
380b2c4f
3e9b573a
bdc735ae
be9a32d4
bdf8afde
b9e1f108
3d45fa90
391b6c6e
39c2f239
380ff9f5
3eba69b2
bdf19edd
beb909c3
be154396
ba09e874
3d6d707c
393ac884
39f3dbe5
380fb625
3ed97b7d
be0e89db
bed7db87
be2e3040
ba236259
3d8a6e07
395f418b
3a0e53fd
380f5f68
3ef890e8
be24b78d
bef6aac2
be471b58
ba3d2f9c
3d9e2045
39819ede
3a24ed4c
3809176f
3f0bd4ab
3f515857
430d4292
3f7479ca
3a01dace
be9097d1
4118180e
c30d120c
354b60ac
37ef5fe6
b785b137
359f3efa
32ffe95f
3681798a
b5bc375c
37b91e26
35b30293
3d78741d
bc9afe1e
bd76a549
bcc6a9cb
b8aaefcb
3c1ea0ae
37e56428
38878836
377aa2c0
3df87ccf
bd1bac3f
bdf6a983
bd46b50b
b92c2d54
3c9ea919
385e14d8
388f5fda
37ccda83
3e3a58f5
bd6afbea
be39063a
bd95138b
b982edff
3cedb237
38b6ccf2
392d802e
37fcf2f6
3e788561
bd9de976
be76b3d9
bdc6f7d9
b9b17565
3d1e62bb
38f5f533
398db099
380b4db8
3e9b53c0
bdc7493e
be9a47a2
bdf89a68
b9e1e0d0
3d45df95
391b41e0
39bd12d6
38101c83
3eba64e3
bdf1ddde
beb8fcea
be1536b4
ba09de8e
3d6d501d
393b1717
39ef458e
380fd8a3
3ed99902
be0e9156
bed7cc6a
be2e2136
ba2356a6
3d8a6177
395eee13
3a0d04b8
380f9925
3ef87f72
be24c031
bef69832
be470a29
ba3d2aa6
3d9e11ef
39819a51
3a238e03
3e7c3579
bf0bd0f0
be7a5699
bf4c5833
ba4bcf28
3ede075f
3ae46ceb
b6a0e7b4
bb8005f9
36a1f321
b99c65cf
b7397285
b93f13c2
b5321c5c
b7b4e99c
bbf85930
b60d82d8
ba0ab5c3
b7d73bc3
b9b41a3c
b59e678b
b7e0f23a
bc305232
3630c184
ba27aca2
b8101a63
b9ef7d43
b5af88ec
b71efcf4
bc57c2f9
37fe25c8
ba1d40f0
b808f67d
ba0568fa
b5b4794b
373b1228
bc6d0fcb
3881245a
b9d90bf7
b7ddfa14
ba018df8
b5b0814f
37b0056e
bc69da9c
38ad1e08
b9061155
b7a5e72c
b9db7986
b59de925
37a3e766
bc46ba18
38c2c21f
392d308a
b7468621
b99e09fb
b57d5489
3756e389
bbf66d31
38cec1d5
39a979df
34cd884e
b938823f
b53e24d1
b850b28d
390572d0
384ed560
392989e3
344b41a9
b8b67784
b4bc0a1d
3f159805
befcd591
3eadf875
3e92fad9
bf0c005b
bf271764
bf129ede
3d81b3d5
bcabc3cd
3d6420e5
3cef3150
3f17d3e1
befe4129
3eaea49e
3e93f610
bf0e0cea
bf296143
bf14c87d
3d76bb28
bccb128f
3d5e498e
3ce7fe85
3f1b0184
befec19b
3eaec803
3e94cf3d
bf110a62
bf2c9e57
bf17e527
3d5ba12d
bd037001
3d50e850
3cd7cf04
3f1f02e3
befe6852
3eae6615
3e958a5a
bf14dacf
bf30afa6
bf1bd60a
3d33a2c9
bd2e29d5
3d3ca105
3cbf5d29
3f23a6db
befd5708
3ead89f6
3e962f2b
bf194cdd
bf3563a3
bf2068ff
3d016cd6
bd63558f
3d2291e7
3c9fc86f
3f28a655
befbc862
3eac50ce
3e96c644
bf1e19c9
bf3a71f5
bf25562a
3c91f810
bd8f83b2
3d04c0e3
3c76f3af
3f2da026
befa192f
3eaaf220
3e975ae2
bf22e147
bf3f788c
bf2a3c51
3b7ff36e
bdadba0d
3ccc9c0f
3c2c8687
3f321583
bef8d3a2
3ea9c89c
3e97fe2f
bf272462
bf43f812
bf2e9c91
bc06a885
bdc85257
3c972aae
3bd5d6fc
3f356523
bef8baba
3ea95c4b
3e98c9cd
bf2a41db
bf47500f
bf31d5fd
bc8300be
bdda04e6
3c69af62
3b8076ca
3ef6854b
be8ee178
3f8415bb
3ec2ad4e
bde31400
bfde235f
be8c5cd2
401e0712
c087d2c2
c08efee5
c0855caf
b9d29d67
b883d67f
3a67d432
3d89491b
bed9ecae
b50466dd
bb8af1e7
ba434a59
bf7ee71d
b9fcfc25
3841c4da
ba0be398
bd8947b5
3ed9ec3c
3330f73d
b3df8010
b3e06e7e
b194fd68
aff44276
b26e9c44
30f30165
33ad7917
3224b2de
39def159
38907727
b9e0c36c
38b93c86
35cd4d8a
b813ee83
b48d72ab
34f51c16
33f92bdd
3a5ef1db
39111943
ba60bd1f
39394738
364e42f8
b893de3f
b50df3e6
3558188f
3461d09e
3aa72eb0
395afc79
baa89180
398b0088
369be5b7
b8ddb533
b54db15b
35b813d4
349d2e87
3adee302
39932956
bae0c778
39b96784
36d1f5d3
b913bb62
b58bc298
360feaa9
34c3a8bf
3b0b475a
39b9b82d
bb0c7f23
39e7d80a
3704cbf1
b9389041
b5ae879f
3654e990
34e3a2d5
3b271a4d
39e1420f
bb289fff
3a0b2798
37217686
b95d5990
b5d2b13d
369269ac
34fbaec5
3b42e67a
3a04e2d8
bb44c015
3a226424
373ed2a3
b9810ca1
b5f9748a
36b715e4
3506f956
3b5eadb1
3a199007
bb60e398
3a399f2f
375c89d0
b993692b
b60e07fc
36e7f943
350466dd
3b7a6994
3a2e82b9
3f7f4715
39ced5d9
b8495878
3a153edf
3d896c60
bf7ee273
335093c4
b3dfc3c3
b3992ca2
b19aaea1
aff5498b
b26e8ce8
3158fea4
3426d083
3224d42c
39dedb4b
38907e98
b9e0b31f
38b934f0
35cd4863
b813e10e
b48a5229
34d4efcb
33f95c5f
3a5ee201
391120de
ba60b903
39393fab
364e3d96
b893e8e0
b50e9164
354b6fa1
3461fc7d
3aa72266
395b11f3
baa88e21
398afada
369bfaf0
b8dd9705
b54f3d7c
35b4141d
349d4d00
3adedd3e
399337c6
bae0c414
39b97e22
36d1e6c9
b913a742
b58bfc0d
360f6f04
34c3d7cc
3b0b4459
39b9ca6a
bb0c93bd
39e7c406
3704c26f
b9387717
b5af3e09
3651d260
34e3d973
3b271654
39e17cc2
bb289420
3a0b1b92
37216af3
b95d3b62
b5d1b28c
368e3554
34fbeb28
3b430182
3a04e9d6
bb44b090
3a22561e
373ec4f3
b98100ed
b5f8abf5
36b6d454
35072fb0
3b5e9d12
3a19980f
bb60d371
3a398f26
375c840e
b9935bd1
b60dcb73
36e3f540
3ae2222d
3b02595b
bae3f809
3b3e80e6
3774b36c
bacefbf8
b7712a6c
b46c3505
376eb2e4
b423474c
3591e76a
340dc714
35325a21
b208e9cc
b4caf664
37e785c5
b48138d2
36016958
34937ea0
35a81eb9
b27cbdd5
b51c5d32
38246030
b4c91edc
361c7196
34c79983
35df9031
b29846d1
b5412eb5
3849258a
b4eba1bd
3612c25e
34f14ff2
35f924e9
b2946e43
b55a003e
385d01a0
b4f4e1d1
35cab044
35020b21
35f2064f
b263f08d
b58c8682
385a03c1
b524635d
34fb1999
34d43209
35cd000a
b1d1629b
b5b01c5b
3839437b
b5554428
b5212f03
345aad21
359387d5
30941d25
b5b0fe7c
37e5b988
b53f6f6f
b59dff61
b1ecb631
352c0142
31cab67f
b4ba6d1f
b4f8d2ed
34bd0c55
b51e0e4d
b16a17dc
34aa19f2
3148781e
bb0a3af4
3aebb49b
baf18d4e
3ad3cbed
3b09dc17
3b287a76
3b1e0bd9
b9af9ae9
b9c801a1
ba13901b
b9959852
bb0c4d88
3aed0799
baf2b8cf
3ad57d65
3b0bd2bd
3b2ab702
3b203a77
b9aa48c6
b9c2a303
ba12f775
b994a0f8
bb0f4191
3aed7f66
baf362c6
3ad74776
3b0ea960
3b2dd767
3b234afb
b99e54c4
b9b67906
ba108849
b99169b6
bb12fb1f
3aed2c3c
baf38d85
3ad925e9
3b124418
3b31bf10
3b2720a3
b98c77b3
b9a4271e
ba0c6771
b98c15fe
bb174c3e
3aec2d90
baf346a4
3adb1682
3b167578
3b363e7a
3b2b8d29
b96bb83d
b98cf0b0
ba06eacf
b985157a
bb1bf2c0
3aeab9fb
baf2a9d6
3add1343
3b1afba0
3b3b11ab
3b304ddb
b938a6a8
b9656cc3
ba009293
b97a09ff
bb2093f6
3ae9280c
baf1e63f
3adf0b75
3b1f7c2a
3b3fdeb4
3b350754
b9053acf
b930032d
b9f401cd
b9692b48
bb24b9bf
3ae7f89d
baf14e70
3ae0eca8
3b2380a4
3b442f66
3b3942fa
b8b1ab2c
b900f31d
b9e863bf
b959e745
bb27cda4
3ae7e161
baf16513
3ae2a6ee
3b26736e
3b476c25
3b3c6bb1
b8740af0
b8c50655
b9e13f3d
b95000dd
bb1f41f4
3ad9c7a8
3b848ae5
3b1d4822
3ba1b835
bbb60841
3b873d98
3c90901f
bceff6f8
bd0257b3
bcf1bf04
bbb93183
bf373c86
365cd3b3
3c035cca
b76fc611
3b558f6e
bd32372a
3b623fc1
bf2deaec
3b7badda
3efeb86e
39e007ea
bc02ced4
36488a76
b933bb5c
b75afaac
3908a981
b4242c1b
b7949ceb
3626b723
38b30087
b44b97cc
b95ec09e
bba23299
b9dff3b4
bcd8cf31
392a47c8
3cb0f59c
b82d6ae2
39169c51
b58abdce
ba0d1a75
bc124ff2
ba55ac83
bd5b481e
39abea88
3d312e0e
b89e9f19
39be3e5a
3571eade
ba327688
bc39f039
ba9fd7c7
bda6f953
3a030ab6
3d85128e
b8f4c486
39ca2b18
368e4fc8
ba77a60a
bc3ce810
bacb29ad
bde309c7
3a31c208
3db1b91a
b92ece8b
39b580cb
36ed5673
baa1b627
bc126ae3
baf7a411
be11421b
3a61a4f6
3dde8b32
b958172b
398a8ebd
37148fc6
bacdc78d
bb54746f
bb117f4c
be32ebf2
3a891f89
3e05c056
b9833d21
39a475d4
37319c82
baf6d119
3bb6dee2
bb22b344
be568c09
3aa1dc11
3e1c4576
b99b44f2
39a7329a
37609fdb
bb1e9626
3c8c726f
bb332a73
be7be9f3
3abb2585
3e32cbcd
b9b83a4a
392b85c4
376fc611
bb41ef9e
3cfa061f
bb481fda
3f37aaac
bb8448bc
bf052612
b9cd0db8
3c994c1b
36c75a4c
b933b51e
36164ea0
3908881b
b423c91e
b794e2d7
35e8b798
38c4be32
b44bbc0b
b9814be4
bba23bf8
b9e29de7
bcd8c6db
392a437e
3cb0e592
b8304111
39131fc2
b58ad5a6
ba0c4211
bc1257e3
ba5e61fa
bd5b3f48
39abe5e3
3d313ac0
b8a793bc
39dcaf08
35721a50
ba33df59
bc3a03a4
ba9e3800
bda6f28f
3a031cb1
3d85005f
b8f3c92c
39ba8935
368e6b6e
ba77d94d
bc3cfb0e
bacd5435
bde3255b
3a31b560
3db1a0d4
b92f20ee
39b8e61b
36ed8fb1
baa2067f
bc1278de
baf7fec3
be113580
3a6194d5
3dde6cca
b9577cd6
3998f71e
3714b367
baca6013
bb54ad3e
bb11b6c0
be32dc83
3a8915b3
3e05ae19
b982d55d
39a4f7a6
3731c731
bafaef72
3bb6e8be
bb237a67
be567998
3aa1d074
3e1c374b
b99b2f02
39b5ca39
3760fa3b
bb201621
3c8c76d3
bb3b57de
be7bd455
3abb209b
3e32bb9c
b9b82b14
39655981
ba9f2e75
be07d225
ba9e20d5
bf61279e
3acb24d1
3f7832be
bb1bf8fd
37983e9e
3cba7ba3
37983ac7
bc7b7bf5
37edf2d6
3abc8d8e
35b9dd0a
385c59eb
3d35c8e3
385c565e
bcf5e279
3880ba56
3b2c73a0
362bf608
b6026f34
3d821473
b602becf
bd30c5e1
3879cae9
3b58e198
364a597e
b8b062f4
3da0d663
b8b065ef
bd5be51e
38346fed
3b5bdc16
3643642a
b9197f7c
3db2f043
b9198106
bd765e00
37e1679c
3b34fbd2
36322f95
b901bc75
3db30f44
b901bde7
bd78679b
3806961b
3adcab68
360fc27c
b88cbe80
3d9aa4a2
b88cc0f7
bd5825f5
3823d728
39eed6f4
35c2bff6
b8e788bc
3d43c147
b8e78a8b
bd09a020
b54960e2
b9d2da18
35818beb
34b5eb13
b89ebe2d
34b50a0e
398228d1
b4c72678
b95084ab
35001cc9
3e39c3f0
bf4cd9e0
3ec5850f
3d7216cd
be25fe65
be8c9400
be40976a
3f0dc676
3ee96f6d
3e9c34cf
3e28710d
3e24de75
bf55d39f
3ed2992d
3d80efb5
be103b4b
be83529e
be2c526c
3f17ce10
3efce363
3ea81464
3e36a5df
3df4edbd
bf659dd8
3eeaf988
3d8f94c8
bdc8c866
be6057b2
be032709
3f2a4868
3f108bdb
3ebe058d
3e50fd5b
3d7333f4
bf7b8cbc
3f06d142
3da4284e
bd133eb2
be2853d2
bd8eac63
3f4454b7
3f2a378a
3edd1fa0
3e767388
bc819f22
bf8b38e7
3f1c5a08
3dbd72c8
3d29e108
bdc471ff
3b52d4f7
3f64738a
3f49ffb0
3f01d498
3e927fb3
bdcd2cab
bf9a399b
3f349420
3dd9b111
3e0354b7
bc9c8958
3dadd591
3f842ae4
3f6d972c
3f177051
3eaca504
be3dbcd3
bfa96d57
3f4d3915
3df660eb
3e5cfa2e
3d6ebdc9
3e2b36d7
3f9651b2
3f88cdcd
3f2d545b
3ec72635
be84ed86
bfb6edea
3f630c4a
3e07e913
3e95a02d
3e00ad52
3e74c1d5
3fa658f8
3f98b02e
3f40abc7
3ede9207
be9da270
bfc02d53
3f71aac5
3e105c49
3eaf04a0
3e2d16cb
3e922e75
3fb11cc7
3fa35906
3f4db8f6
3eee6bf2
bea69c1e
bf9ad288
3f52e49e
3df806a6
3eb43fe7
3e5886d8
3e9c3928
3f958bb8
3f8bb29f
3f2dedd6
3ec93259
3a177720
3a4d03b1
bed4304a
b9944c4f
be1fd349
ba4249e0
be1f8c83
ba4064c1
bf2c2f7a
b9aa1d02
bca92b62
3ed3898a
b82dc7da
b416c0a0
38f8b706
b48211e8
37304735
b4084f9f
3637afbb
b74d0f2b
b463284c
3c67a856
38883b31
3c69d9fd
389da9d1
bceb6e80
b7db7490
3b02af8f
b98dbe05
36f64ed6
3ce812cf
3909af47
3ce927cb
391dde04
bd6d0266
b85aa0e2
3b82d3a1
b970aa42
38092c39
3d2fe36a
394fcb67
3d30599d
396c04e9
bdb3a199
b8a377fa
3bc38280
b904d14a
389c15be
3d6d5d85
398c3000
3d6dc7ea
399cb59d
bdf2d622
b8d92f56
3c0292cc
38541394
3906fd70
3d967560
39b213c3
3d96ed27
39c3a6fd
be1a4775
b9075080
3c232cd2
39d4a3c3
39450c97
3db7867b
39d96979
3db7ad24
39ea58b6
be3c81b1
b92168c1
3c44199c
3a852a8f
397d144d
3dd95665
3a018b0e
3dd8bf51
3a083a7d
be6012c2
b93b979c
3c6425ed
3ac6ef58
399379f5
3dfb8767
3a16b27e
3dfaf3d2
3a1ae7c6
be8263db
b955b6f8
3c826de0
3b142c52
39944c4f
3e0ed5b6
3a2c990e
3e0e8e6e
3a2dc8f6
3f35b6d5
39b76294
3c990c45
bf776a7e
b84275da
32ba1cbf
38b67522
b3e62809
37305217
b43461db
34f2d8e4
b8c92cc0
b4632fdc
3c6807a8
38887646
3c691a15
389e2455
bceb6868
b7db28c9
3b02a7e9
b98c17cf
36f6812b
3ce80e1b
39098707
3ce8f03b
391d9eb0
bd6cfc2a
b85aa8ab
3b82b659
b94db70a
3809472a
3d2fe8b7
394fcf7b
3d300982
396bf963
bdb3ba11
b8a3627d
3bc3896e
b88965a3
389c33e6
3d6d5ad3
398c434a
3d6da7c2
399cc930
bdf2c4ba
b8d931af
3c0275b4
384a5b2e
39071e09
3d967bff
39b22f49
3d96d219
39c35c92
be1a3c68
b9072f81
3c2305b8
39d99629
39453be1
3db791ae
39d9879e
3db79b11
39ea0730
be3c742c
b9215a71
3c442752
3a6e3d4e
397d50ff
3dd97bb4
3a0196eb
3dd92644
3a081c02
be6002b4
b93bae79
3c641d24
3ae102a4
3993b559
3dfb6525
3a16af0f
3dfae241
3a1aea20
be826074
b955aa40
3c82832f
3b1199ba
3d6a8d7c
3af4505d
3d6a9562
3b21da2a
be8c54e2
ba98c2bb
3de12439
3a2bcec9
37d18345
3a2bce70
b67b6cbc
bb69815c
3655a742
379aa779
3aa57e59
384b52fa
3aa57dff
b6fc7d05
bbe39b6f
36cd155d
380718d8
3aee1e33
3890aa78
3aee1db7
b73afc0d
bc1fdae6
370eebaf
38157c00
3b0cc7e0
38b0e215
3b0cc793
b77603d9
bc417242
372444f8
37e5c873
3b101a21
38c1d12d
3b1019d2
b793b8c3
bc520a5a
37235120
370ece1e
3ae8a264
38bd44ff
3ae8a1c0
b7a3cdd1
bc4da7a9
3702c110
b783c8fd
3a6dfefe
389dd73d
3a6dfde5
b7a16a79
bc2ec927
368c92d3
b81f2dcc
b7f0bc57
383d8c8c
b7f0d368
b76eee5c
bbdb6f59
34f4a5dd
b83c5fe9
b7667750
b501eae7
b7667e0d
b5001393
389373cb
3471f412
b7ba4a34
3b4072cb
3abbcd69
3dc604a0
3d792cd4
3c4cb3bf
bcdf94fc
3c4120a9
3dad2561
bde8716d
bdaef09f
bd5a65de
3b44b12a
3abb3a45
3dc903db
3d7db00c
3c5071ca
bce3c2e4
3c4508fd
3db0ec55
bded0bd8
bdb26da1
bd5fa41f
3b4b14a9
3ab87497
3dcd89f4
3d8251ed
3c5632e8
bcea2ffd
3c4b2e25
3db6cd6a
bdf40546
bdb7af96
bd67ce05
3b53a600
3ab3d483
3dd34bb0
3d86ede0
3c5de772
bcf2bc4d
3c537086
3dbe91d2
bdfd3210
bdbea068
bd72d8d5
3b5d69a2
3aad7c88
3dda0a63
3d8c3b2b
3c66bca8
bcfc8f18
3c5cf86d
3dc798a2
be03dd70
bdc68b9d
bd7f6fcf
3b67e8a4
3aa60a25
3de1670e
3d91a97e
3c6fdda1
bd0351aa
3c66bbf8
3dd10b6e
be094844
bdce8aab
bd85fcb9
3b71e4f6
3a9e9061
3de91165
3d9648b9
3c77d011
bd079c98
3c6f0eef
3dd99a71
be0df700
bdd502f7
bd8ab53f
3b7a09f7
3a982c81
3df07300
3d993172
3c7cf669
bd0a4e24
3c743b49
3ddff47d
be110e08
bdd888c4
bd8c9668
3b7f7c2f
3a944d01
3df65125
3d9a3f4c
3c7f1b9f
bd0b4a91
3c760733
3de36976
be125f78
bdd930d8
bd8be334
3b35a59a
3a959cc2
3dcdd699
3d9b47f1
3c8225c8
bd0a0247
3c7f9282
3dd1c049
be10b000
bde85571
bda5d7be
39006c46
bc93fe2b
382c01fc
bbffaa3b
bc852ce6
bc005001
3d2d7b1d
b9331588
bf2af05c
ba82b695
3c960005
b78a3861
b8d26952
b70e2d40
396601b8
b49bf1d4
39adf2bb
b6998ba1
392a0ffa
345cc083
3a078cbc
bb89a5eb
39f11c7a
3ba471a0
b7bf7301
bcdb67a9
389e1f36
398d255d
35d85320
3a79b6d4
bc006337
3a5cc814
3c13ee8a
b828eaf2
bd5f0685
39234e27
39fb6c12
34c120f6
3adb15e6
bc2ccd6a
3aa62699
3c3c777c
b85122ed
bdaa5fc9
39810e21
3a1e14e0
b69fc077
3b169810
bc43145d
3afe9f2b
3c40dad0
b8569af2
bde85e82
39a68fd3
3a1eb0b4
b763f8df
3b44d0e6
bc3d380d
3b29eb64
3c18450f
b836b1bc
be151c88
39d5963a
39e69522
b7d0b372
3b774db0
bc16f1da
3b5edb89
3b752755
b7e38c5f
be382e2d
3a005114
39d0d535
b8138693
3b9b8340
bb9de30f
3b8fc112
bba185f4
36264ffb
be5d667a
3a1ad009
39898599
b82cf5e7
3bb697ce
3abd1f2a
3bb75a0f
bc85ed90
3850d550
be824206
3a303ea5
b94e2697
b82c01fc
3bdc1b29
3c1320fc
3bdca829
bcf28f3d
38e7e39d
3f3518aa
3a6efdd9
bd2eff66
b702975f
b8d271f6
b6b81618
3965cd98
b49c2250
39ade582
b6a6a343
393944e7
345ce9d9
3a0385da
bb89ab47
39e02cf8
3ba467f6
b7bf6968
bcdb53cf
3895e658
3982d4b8
35d87db8
3a788256
bc006b00
3a591bc2
3c13e86b
b828e71b
bd5f166f
391e4638
3a127b6e
34c13b7c
3ada094b
bc2cdef2
3aa79440
3c3c6f77
b8513ea0
bdaa489a
398078e9
3a15a41d
b69fded3
3b16cdf3
bc4328a6
3afa44ec
3c40f2dd
b8568a7e
bde83ee9
39a66486
3a24a8a0
b764300f
3b4452d1
bc3d49f3
3b2bb6e1
3c183984
b836a261
be150842
39d658d4
39f8627e
b7d0e571
3b7965b8
bc1719f9
3b5dd8fd
3b75133b
b7e37beb
be381518
3a0053c4
39d9aa7f
b813a9e9
3b99d0f3
bb9de9df
3b8e6fa8
bba17a16
362658c2
be5d525a
3a1aab8e
39920ca6
b82d3b95
3bb691cd
3abceb17
3bb17c1f
bc85e2f0
3850cf48
be823630
3a30d181
b89ee388
3b085559
bdebd4bf
3b08a09d
3e1a3c1b
b95fb743
bf9d6d14
3b999476
390ed9ec
3c5ada74
390ed9e7
bcd10356
38488021
bcc3264c
36a3350e
395d52c7
3cd810d4
395d52b6
bd4bee21
389d8b6d
bd3f48c3
371a402e
396a97f2
3d1d9e31
396a97e0
bd9219d9
38a769c4
bd87b833
374285c2
397cf412
3d47b5bc
397cf3f0
bdb4e862
38b3cb4e
bda5ecba
373f6593
397f9039
3d648060
397f9027
bdc9992e
38b4961c
bdb61a99
371aafaa
39be0eca
3d6ba009
39be0ec7
bdca17ff
39051926
bdb371c2
36ae9c85
39fcd0f3
3d51d056
39fcd0f8
bdaedc6a
39306867
bd986580
357638e4
39bfa644
3d08d655
39bfa639
bd5dc4c1
39057b5f
bd3d5253
b601d77f
b56bb3bf
b831c049
b56bf483
38b25cf1
b3f9aaa4
39b83485
b58067b0
3dbf6f75
3e5981f7
3eb9a7a7
3c6e6729
bda3205d
bdacedf0
be02b2c0
be808e65
be089737
bc94464e
3c8717d7
3da78ecb
3e3a3a1a
3ecfcb4e
3c9f119c
bd881072
bd9b1349
bdf1e242
be6257bd
bdcdb783
3ba43c6b
3cff8f97
3d6d3c25
3df561f5
3ef9f8e5
3cec0ada
bd226a92
bd6c4001
bdc90153
be2382e4
bd0c60cb
3d500b2a
3d76358f
3cb834f5
3ceef156
3f1b0d6a
3d2d0ee4
b935675b
bcfb8cf8
bd8bdbf8
bd8ec4ab
3d7f3e55
3df025e0
3dd0f49f
bcbb840a
bdadb5b2
3f4047e9
3d7177fc
3d4d6578
3b86b303
bcf3ed34
3d340838
3e3c5dcf
3e4d71c2
3e1e41c8
bd9a365e
be5ae354
3f69e463
3d9f20f7
3ddd33de
3d36f0b6
3c756830
3e3150af
3ea4d067
3e96fad9
3e5b0285
be04f620
beb0b33e
3f89ed13
3dc64a98
3e2c1208
3db27ecc
3d7d6165
3e9c7656
3eece47c
3ec80987
3e8c5324
be374e2a
beec14b1
3f9c4eb1
3de91b39
3e634d20
3e00aece
3dd5b061
3ed8b1ed
3f164fbc
3ef34774
3ea76f15
be58fdf3
bf0996ee
3fa86d0c
3e001805
3e84155f
3e1b2a38
3e07f3dc
3f003bca
3f2b606e
3f07f4ab
3eb96c1b
be564f17
bf0ae088
3f979473
3dec9869
3e80503a
3e1a32de
3e10fabf
3f035c8d
3f24c8cb
3efc5ae1
3ea820fa
bcff7fae
3bfdae9d
bdf03dee
b95fe053
bdfe2197
b93b354f
3cd3eb0b
38527af8
bf2d4a32
3d83d088
bab69ccc
b6478d8c
bb82cbce
b585d8c1
37cfdff4
3698984a
37ed1bd5
bb4a3206
37ae3a48
bb55aba1
367a6d64
bb98327d
378ed679
3b8a9ac1
371646ee
bce41175
3905c7c6
b8267866
bbd62337
369c145d
bb517867
37df6447
3bfd7939
378ab94d
bd6929de
bb979651
ba3193ab
bc0e772e
380c6aed
bbd0cf88
38a814d8
3c20bac3
3786f97a
bdae52f7
ba157f83
baef8def
bc227123
38722eae
bb54ba5a
38b326be
3c2240ea
37804545
bdecd4a4
bb55c039
bb5bdec4
bc02f3e5
3895d0b8
ba82fd12
38c49af9
3bfaf27c
37576277
be16e930
bc5fe309
bba5c3d2
bb0c7330
38cbd563
3c000869
38b7418e
3b44810f
b695ff4d
be396181
bcee0374
bbd8de59
3c7b8880
38ccfa69
3d1d4379
38e11f06
bb6c93a9
b7ab6667
be5be3e8
bd0703d2
bbfd1c14
3d10aba8
390d386a
3d6fc1c3
39028438
bc356107
b7dde7e7
be808168
bd79d6e7
bbfdae9d
3dabe947
39438706
3db21826
39321b55
bc976a7b
b81c9fb5
3f36eb0c
be1b3a26
bac14c0e
b704d410
bb27e811
b6729169
37cf39f5
36c7b324
38ec019a
b99cf615
37ae5497
bb48c55c
361fbeaf
bad1e22a
36e3452a
3b8a98a3
37175fb0
bce2bd8f
3b9e28a4
b826a029
bbd9512f
356c3188
ba8e4562
381f3b8d
3bfd72f9
377edb80
bd6947f6
bbe797a6
ba31b69a
bc0b12f7
38035e68
bbe101b2
38a6f3ef
3c20d1a3
37802247
bdaeb3bc
baf003cf
baefbc66
bc1ae03d
3862551f
bba1e871
38b7aae1
3c223596
37900c26
bdecaadb
bb6c66dc
bb5c13da
bc0209fa
388f04a1
3a064b7f
38d235c4
3bfae05f
374e1ff3
be16b2bd
bc64e3f8
bba5eb91
bb3addb1
38d722ca
3bc46c9c
38cde9a4
3b4474b9
b5efbde1
be397525
bcd6caf4
bbd9125d
3c377d4b
38bd21c2
3cf5c3c8
38e124fe
bb6c85b0
b7995c2e
be5c012e
bd1cf72e
bbfd81fc
3d12a838
390790e1
3d5f88ee
38f2eddd
bc355c83
b7c76248
be808ff9
bd650044
bc89f3dc
3a919004
bc8b8274
3a52ab1c
3d235dc5
3963babb
bfc7516e
3b70ddfc
b8968cf3
3b70de65
b7e2fd5d
bbdaa5b6
b85eec45
bcb03551
3ba743f9
b9170592
3ba7444d
b870173e
bc610eb9
b8e7f50a
bd2bd9f4
3c05fa80
b94dddc7
3c05fac0
b8ab42be
bc9bf6ca
b921a085
bd71d076
3c42402e
b96cc0a2
3c424072
b8d3fc05
bcb7d68e
b940b9d7
bd924568
3c889b41
b96e65dd
3c889b67
b8e4f292
bcbd5fd1
b949060a
bd9e8f19
3ce28de3
b93c8388
3ce28e0e
b8bd0c6a
bc986a32
b9228eeb
bd9a17b6
3d35d9d9
b8add89b
3d35d9f4
b8143e92
bc07562b
b8899aee
bd80dfca
3d2e0076
b60970ad
3d2e0085
36f6271f
3958e5fb
36d0a807
bd1d6fc6
b7f2a133
321b4d1d
b7f24faa
b3937ace
376f6a90
3413e481
39d3d5b4
ba76566a
396dbcf7
bf18c381
bdb9388c
bc820b44
3d040f79
3c5c5ea8
3d3a992c
3da42420
3cde3391
be839124
ba3dcaf8
395281d6
bf1bdccc
bdb532b0
bc7ea14e
3cfdd39b
3c6d36c2
3d52c11f
3d994178
3caa28c7
be8a2c8f
b952d66e
398d9186
bf208fc9
bdb069a9
bc7c0338
3cef0e1e
3c81f50f
3d776f4b
3d88fe09
3c4b2143
be93722c
39df6e2d
3998ea92
bf26dc74
bda7190c
bc720d0e
3cd76ba0
3c93c5eb
3d96fbdf
3d5e5c53
ba9e8121
bea10934
3aa43466
39a853d8
bf2e9bcf
bd97c410
bc5f17ec
3cb2607b
3caca1f0
3dbbef3f
3d10695a
bcb1b69a
beb339fb
3b0e8a8b
39b6a11d
bf37917f
bd7e5eae
bc3ef082
3c777559
3ccf3d16
3dec406d
3bf835c7
bd51736b
becaec55
3b4f8945
39b786b5
bf4229fd
bd20e3db
bbfb33af
3b68c295
3d0349c4
3e196560
bd2208ca
bdcff806
beedb61e
3b88b057
39b9805b
bf4e9a10
3a54f051
b947b7d0
bc8187d6
3d2e5b7d
3e4d03e1
bdef5530
be3d0447
bf1077f5
3ba1a709
39bcfc14
bf5930c1
3d24b13c
3bea6e94
bd0d64b1
3d574cdf
3e7cbfa6
be441b1a
be879718
bf286e3a
3b98b57b
39c2d01d
bf351cb0
3d77f24f
3c354a6a
bd28390e
3d476e79
3e693a2d
be558438
be88abb5
bf1180c1
3d28d0b2
3f793506
3ae6d36f
3f8df667
3abf3b1e
3de5f9f9
391f2a37
3d46b566
bf6fa448
ba6594e4
33ec9714
3ab77316
b69b144c
b71a5d91
b524d7c3
3848ed6e
ba223d70
381ff050
ba20a9ff
b916080f
3aec9178
b93c9cb6
3b8ff459
37d809eb
bb9432c4
bb7bae03
3a21d942
ba67b94f
b98a74b6
3b47f753
b9b3420e
3c15cb19
3850b73e
bc152fa4
bb2c5d82
3ab8c251
3b7c087d
b9d89cb4
3c466d77
ba168e82
3c6df6ff
38b703a0
bc611e8f
baf67bad
3b15707e
3cf04600
ba100336
3cf5f336
ba3d3bab
3ca85684
38cb611a
bc95d93f
bc3fb051
3b312933
3d026e3a
ba20c2fc
3d45ea8a
ba6efa8e
3cd6b74c
38e86953
bcace847
3c06fccc
3ab942ac
3d2cdeaa
ba97278c
bd2811a8
ba6996b9
3ce94e91
396b0af8
bcb5a513
3d59e56c
bb89c0a0
bda41b89
ba9a8228
be5aafee
ba9a213d
3ca2c88b
395a1b8f
bd10d1e3
3d41b1e0
bc89879b
be875121
baf36525
bf01df99
bacb8b68
bc11d3e8
394bbc58
bd3ac988
3d1c7ba3
bd072506
bf27edeb
ba84822e
bf33a343
bac244fd
bd79ced8
b83d0490
bd2cb838
4009013e
ba802c52
360effd9
3a8e7d1e
b6337348
b719d611
b593618d
37b87da0
bad48a95
38201491
b94a6f04
b90d3700
3ab53e33
b93dd485
3b8ff0ef
37dd3334
bb94573a
bb4bb07d
3a21f9d9
b9aa7966
b98d19f6
3b0b05dc
b9bed304
3c15c79d
38358d76
bc168830
bb3db9ed
3ab8e502
3b9de384
b9dda767
3c413dba
ba19b3b0
3c6e155d
38a14dae
bc62cc1f
3afe2f03
3b158dce
3d016789
ba117fe0
3c81defb
ba3b5326
3ca849b4
38d4eec0
bc9bc3b4
bc0d3f05
3b31541e
3d356301
ba14acfc
3bc69381
ba8478c3
3cd6a89b
390e026c
bcc1b588
3c410dc6
3ab97225
3d53081d
ba963389
bd0e6b89
ba89d7e3
3ce93990
3955199b
bca5fa11
3c9d5280
bb89e142
bd7d3d86
ba973dcf
be264de4
ba9f054d
3ca2b7b1
3952d987
bd10ed71
3d71f78a
bc89bed1
be8362b1
bac4abee
bf091dcb
ba92749e
bc11d633
38d7c1f9
bd2bb963
3cf7c31d
bb966265
bb8c370e
bb4528ca
bbc27183
3d2c385b
3a7c59d0
be830aab
3c36c292
370e86ee
3c36c235
b7930ca3
3b569bd0
b72c5b5e
bb424eea
3ca75fde
374185ec
3ca75f53
b80edf73
3bc530dc
b7bbf839
bbbc04ad
3caf85b8
b76654bc
3caf8528
b872f6e0
3bc27339
b85a1b1c
bc026d52
bbd397c5
b90441c6
bbd39aac
b9032c9c
bb85c19b
b9268aca
bc1918e5
bdbb7aab
b9d4991a
bdbb7ad8
b9996892
bd0ac137
b9e15dca
bc1c6526
be97afaa
ba8c1739
be97afbb
ba31b29a
bdd782cf
ba8a7727
bc06a6aa
bf0bf708
baee9b7c
bf0bf716
ba9ac247
be451f6f
baef3b49
bbc1497e
bf1eb30b
bb02fc45
bf1eb312
baab3619
be5ec6f9
bb0422d5
bb30ff07
39a031bb
360499f3
39a00588
3603c271
38cf932a
356b290e
38825c60
3b807ad3
bb6bfac2
bdd65090
bc83f730
bbe8352b
3a284461
bb2afb98
3b3a4560
3c85da26
3b92cf22
bd3714a6
3b8f3da7
bb69bf80
bde73628
bbb5bd94
bba5f492
bb9478dc
b9745cf8
3c661bac
bb44de54
bc871f47
bd8a65b7
3b936a4a
bb6ef283
be031b5f
3c608b2b
baabb52b
bc5a34b7
3b869334
3d0da97b
bd1e09c8
bd6065c5
bddf6d0e
3b92d539
bb6b7489
be13bdd4
3d0c6ecc
3b08fe77
bcc01a79
3c175389
3d67a82d
bd9be33c
bdc3239f
be1d2b8a
3b9a5409
bb7a388c
be137b1f
3ce6f647
3a8db32e
bca5464a
3c02927a
3d52351d
bd865449
bdada420
be134a81
3b86c237
bb81c49f
bdbc0ffe
bd7874dd
bc849505
3ca3581f
bc503747
bd18bae7
3dc1e248
3db08def
3d0a5095
3b09628f
bb85592b
3db3b721
beb270a6
bd92e3d6
3e1c190c
bda30ca9
bea93caf
3f1d4005
3f254e0f
3f1e3e8c
bb31d30c
bb878948
3ed7ab22
bf625240
be32d476
3ecba265
be50a6b5
bf5f21fe
3fca0ff8
3fd710bb
3fd98779
bc02d255
bb934a89
3f4d9b26
bfbf0f50
be95329b
3f2d7263
beb054dc
bfbeb63d
402b9f6b
40371982
403be199
bc0b838f
bb96904c
3f4f0f41
bfc01b11
be960790
3f2e62f0
beb1bcb2
bfbfe631
402cb36f
40385c36
403d8f83
bec70e01
bab994f3
bec687ff
bac0accb
bc7b5d70
38ebabdb
bd2200ae
bf217899
bf6e3d5a
ba71570f
3523becc
3b3fa126
b6e363c5
b78932e8
b639fd1d
388122ea
b927717d
ba22972c
3c2dd571
391289d3
3c695bfe
39152637
bb3d7274
b7caa9d9
3b800e08
bc7add0c
bbfe0731
3cc26d1e
39939f75
3cd7df58
39970c53
bbaa4e0a
b83b9a38
3c03163d
bd2442aa
bc6f116d
3d365555
39d6138c
3d3ff00d
39dfa066
bbd72bbd
b883c0b1
3c3f2630
bda5ca58
bcaee120
3d93e2aa
3a0dc7f7
3d97ee74
3a1482a7
bbddd825
b8a2dde3
3c80eabe
be0c5876
bce7a4a5
3ddda3cd
3a31dfe4
3de38149
3a3c8e46
bbbaacce
b8bdff9c
3ca12bd8
be564f20
bd10fbe6
3e1d01fe
3a57b023
3e1fda7b
3a646173
bb584eb0
b8cd9c36
3cc34348
be984acc
bd2fce52
3e54174f
3a7fc93e
3e529998
3a865f78
39bbf067
b8d9d16e
3ce1a662
becfdcb7
bd54f7f5
3e87a347
3a931291
3e883904
3a994858
3ba4963d
b8e4be2a
3d025ca4
bf07fa7d
bd73425f
3ea77fb2
3aa3f83e
3ea5ed53
3aad5241
3c2716c5
b8e5f5aa
3d1167eb
bf2caed6
3f6e3d5a
ba8932ef
369ba01e
3b0c979f
b663b8aa
b788abc4
b67e343b
36a858e1
bb129c89
ba22b848
3c372e79
3913a829
3c4fd0b7
39186552
bb3d6f1c
b7c7abbb
3b7d1e4f
bc79d76c
bbfe38b5
3cc445a6
399271e3
3cd1a046
3994c64a
bbaa4950
b83aaa97
3c022de6
bd227200
bc6f3fe5
3d37193c
39d60884
3d3cae15
39df8ab8
bbd74a21
b8831b25
3c3fab11
bda4415a
bcaf0306
3d93d73c
3a0dfcf7
3d97f784
3a14b324
bbddc897
b8a49553
3c809e26
be0c81b8
bce7dc66
3ddda822
3a31f7a2
3de303fe
3a3b7fef
bbba9f25
b8bd9deb
3ca0e20e
be567753
bd111ea7
3e1d30fb
3a5725c6
3e1f8742
3a639c32
bb583f01
b8cd5335
3cc36727
be98cf5d
bd2ff87f
3e53e4d5
3a800542
3e54b60c
3a85d8f8
39bbecad
b8de1efd
3ce18f8e
bece989a
bd554db0
3e8742cd
3a91b18a
3e888ce0
3a98685a
3ba49172
b8e11cb2
3d02c1bf
bf08536e
3d2e9e5e
3b6d3d29
3d2e98d4
3b9803e3
bcdf29e4
ba795988
3e5a3fbc
3c761e6b
3883e7b6
3c761e6f
381066bf
3bafa08f
386dc5a3
3a5ec62f
3ccb73ea
38dff236
3ccb73ee
3871b83f
3c134ffe
38cab510
3ad05f81
3cfcf7ad
390bdfe3
3cfcf7b6
38986fba
3c377756
38fecc79
3b07543a
3d0ac347
39178e6f
3d0ac348
38a82e80
3c493a01
390bb8f9
3b11e559
3d102208
3917b573
3d10220e
38ada8e9
3c5056d5
390ebcdb
3b06f908
3d09ee6d
390a2967
3d09ee6f
38a35053
3c466924
3904eb8c
3ad39868
3cdc4d00
38d31864
3cdc4d06
387c2e5c
3c1dab7e
38cdc6c4
3a81dcab
3c61b36b
384f4f13
3c61b36c
37f6ba91
3ba10d60
384ddbf7
39bfc582
b8598cad
b575817e
b8598c94
b58b3d83
b726a671
32ef89d4
b83e693d
bb3bf041
3b2c401b
3d859c5b
3d52302e
3c591c7b
bc956e30
3c34d13f
3d199f38
bda8ef05
bd9dde34
bd21ce18
bb34be02
3b2d51af
3d684a55
3d87dc59
3c848264
bccd670e
3c6d8492
3d571f98
bde060c3
bdd8fe03
bd8decfc
bb2b3d2f
3b2e4289
3d2dcf5f
3dba5bec
3cab7f90
bd1489d3
3ca57d81
3d9e4d7a
be1d902c
be1d2243
bdf2a439
bb1c362e
3b301240
3cc81a15
3df9524e
3cdca7e0
bd4def7b
3ce01629
3ddda42b
be564d48
be59e049
be38511d
bb0f9baa
3b31b782
3b93b668
3e1f631b
3d091655
bd869fed
3d104612
3e11cfce
be8a710d
be8e7616
be7dde20
bafe19a2
3b32c01c
bc866149
3e43a4d2
3d251b23
bda7b621
3d31cef4
3e3663d4
beab2787
beb188ab
bea35d39
badc99c7
3b350883
bd16256f
3e66a529
3d405d4d
bdc7ba91
3d523f62
3e59c2a5
becacc33
bed36dcc
bec6a07f
bac56987
3b37b90e
bd599f6a
3e818e90
3d563108
bde1a51d
3d6ca100
3e769edf
bee49715
beef1242
bee37295
bab531e8
3b38f92e
bd7d2e86
3e89568f
3d6245da
bdefecca
3d7b25cc
3e8345a0
bef2e239
befe6c99
bef35a06
bab73309
3b3b19fc
bd7f03be
3e8a4950
3d63a89e
bdf17e8c
3d7d027c
3e844e62
bef4c566
bf003df2
bef57cc1
3a9b7c0d
bf018b68
3aa5267c
b8fcf6ba
b91cb059
3d079fdf
be5743da
b6574041
b50610ae
afaa15b7
b54a786c
2fd4e83a
b07e0304
30464562
b3930470
35011580
33929d86
bb8d6b2b
31ddc627
3b8d2774
324f5d88
368e65ca
b0e97e9e
b5487a0e
365e984b
3558c426
bc0d6cd0
3293d4cc
3c0d2e20
32ca38f6
370f001f
b1845c4e
b5bc839a
36c58faf
35bf41c9
bc5424af
330bae98
3c53c405
33155e14
3758181c
b1d33e1b
b601a627
372b93e7
36023b0b
bc8d6ee6
334665ab
3c8d2d38
33565aa4
3791b394
b1fe214e
b62c1994
377a4cce
361f9e79
bcb0ce7d
33819dca
3cb07540
33809dd7
37b8e861
b20b9ba1
b6504100
37b1a307
36372988
bcd42c95
3391c05a
3cd3bae7
339d4a4d
37e1d713
b204814c
b67faae5
37f1ffd0
3648ec23
bcf78ca4
33b1b23a
3cf6fdd2
33b78aa9
3806374c
b20a558f
b69a51c0
3814b63f
36583f5c
bd0d7635
33c79937
3d0d21d2
33cd28bd
381c1cb7
b214d06c
b6ae9fd1
38357e6d
3656e5e5
bd1f2945
33dc07e0
3d1ec1e3
33ebc46f
38324974
b21894c8
b6c6d942
385e0931
36574041
401a6ceb
3b5af6b1
bf9572ee
3b5f4cc1
b93f9950
b99e3c46
3d07bd1a
bf9ed5ad
b4f70e64
b0ccd1d4
b50e65e5
b02a53a6
b0818ab2
308be60f
b35f6cfc
3591fdc8
3392bb06
bb8d601a
31de04d2
3b8d2072
3225fc3a
368e629f
b10155e0
b5445001
36623119
3558ee4e
bc0d62c4
329aacbc
3c0d2b73
32de8738
370efc58
b19153ea
b5b96bb8
36c42cc8
35bf66f2
bc541568
330b553b
3c53c076
3310c7d7
3758358e
b1cc2328
b602353d
37230135
3602544a
bc8d6b46
33477236
3c8d2895
335bfa2f
3791a933
b1fb3fd6
b62b42fe
377b0305
361fc4d9
bcb0ca69
3381eef5
3cb08b7c
337438e0
37b8db36
b20ac8da
b653a4d3
37b1bcf6
3637557b
bcd42739
3390cfd8
3cd3abf9
33981831
37e1c6d9
b20a7957
b67d8e76
37eeb45d
36491c54
bcf7ade1
33b06a84
3cf6ee68
33b753de
38062db2
b2161dee
b69a1b4f
3817ea05
36589670
bd0d6c28
33c35f24
3d0d17da
33cc5daf
381c189f
b210b7e3
b6ae610f
38344ceb
bc8f7319
3483999b
3c8f3afd
34ad0449
3829b52f
b3cba886
b8121e00
b58a3fab
31014852
b574c875
3114ea1a
34b45ad4
31356e41
b385fb50
b5ec5cfe
31a50332
b5cead74
319987a3
3547e6aa
31cb5a61
b3f6e55b
b601694e
32268b1b
b5d8c19e
31f0a5e6
35aaa45a
32301d67
b41c87a4
b5f54cd0
3279811b
b5c1f714
32247bb8
35ee0288
327b9e73
b4239ec1
b60e791c
32915710
b5e37092
32337bd4
3604811f
328dacab
b41189c1
b62fe266
328be9f9
b61249ae
32306a73
35fe1e8a
328a9a54
b3dae027
b672d493
324e3308
b657545e
31fe6d23
35b83e38
324af33c
b386f593
b690d316
31c39947
b685bb43
316a9e0a
352c19c6
31c06160
b2c5102a
b679c3be
ae8dfc61
b66cd04d
aeaa2cde
b22ec115
2beeec64
31f73dc2
b9064c7e
3449a18e
3b8285f6
bc919c21
ba45724d
baa6b4c0
bb0eb57b
3a29a3b6
3b4cc699
3b2142ac
3aa1ae8f
b9076fda
344e601d
3b83719a
bc92b834
ba46fbf6
baa7edb0
bb0fda86
3a2adf87
3b4eb01d
3b22d655
3aa37555
b90898f3
3456d610
3b845ee5
bc93d5e3
ba488d76
baa91c7c
bb110256
3a2be9ec
3b50ae04
3b247ed8
3aa566e5
b909c81c
34575bf1
3b854b7a
bc94f3e6
ba4a21ec
baaa4911
bb122a70
3a2ce776
3b52afda
3b262add
3aa75ec0
b90af5b4
345d4747
3b863641
bc9611b5
ba4bb2a9
baab76eb
bb135221
3a2de6e0
3b54af91
3b27d308
3aa94cd3
b90c2823
34600bdc
3b8721d3
bc973036
ba4d4826
baaca090
bb147adb
3a2ed283
3b56b8a9
3b2984a6
3aab4ec9
b90d5e85
346614d1
3b880fd2
bc984fc3
ba4ee4f4
baadc1c7
bb15a55a
3a2f99a2
3b58cf39
3b2b45f3
3aad707f
b90e90ad
346715e8
3b89034b
bc997151
ba508cc0
baaed449
bb16d3d2
3a301f0a
3b5b057b
3b2d27da
3aafd78b
b90fc6f7
3468eebf
3b89fc00
bc9a945c
ba523d81
baafdbde
bb18054b
3a307803
3b5d5003
3b2f216c
3ab271f4
b910f5b6
346aab4e
3b8af476
bc9bb63e
ba53ea4b
bab0eaa2
bb1934e5
3a30f160
3b5f8d2b
3b310e30
3ab4f2cb
420b1657
3f9de47f
3c0781a7
bf2a135d
40152d78
c16cf797
b920ac37
b722a483
388f942f
b87f4b41
370dd353
338e75e3
3723db80
b6ce2a04
380089c4
36a403b7
3dcc6da5
bd1d9238
bdcaf48a
bd4e1dea
b8bb815d
3ca612e0
38110d5e
398bb2ed
386a7211
3e4c7c59
bd9e614d
be4af463
bdce3806
b93e471f
3d25fbf9
3896a76b
39b6045d
38c54db9
3e99571d
bdef48f6
be98401e
be1ac486
b9928c20
3d78d6bd
390d3260
3a2f6407
38fd2536
3ecc7818
be210abb
becb01fd
be4e8764
b9c9f925
3da5c8c4
393aeea0
3a876a77
3911aab5
3eff93a6
be4ba201
befdc92f
be81334e
ba025eca
3dcf1406
396f93b4
3abe4f10
391d8fb6
3f195a95
be77972c
bf184ca6
be9b2fe9
ba20fd0f
3df84d4e
398e9c2e
3af2cec9
392394ad
3f32ead6
be927f3e
bf31af2d
beb53651
ba40b14f
3e10bb74
39aa0d79
3b10f186
3927e74b
3f4c805b
bea9e5c2
bf4b0f82
becf4212
ba614b93
3e254a92
39c75b23
3b2b4431
3921e48e
3f6614b2
bec1e3b4
bf647050
bee94e78
ba8121f3
3e39d6af
39e53836
3b4928fc
3920ac37
40210249
3fcee5bf
42aa5ee6
3ffbcf9f
3c930eef
bf6f6afa
40155d18
c2aeda18
b6aea57f
388f5624
b85618c5
370c7ffd
338a7fb1
3724a047
b696e450
38a75da4
36a4247b
3dcc63fe
bd1d9a62
bdcaf1e4
bd4e1598
b8bb79e3
3ca603db
381d4599
397dd42b
386a9f8d
3e4c6ca6
bd9e69a1
be4aed94
bdce2f8c
b93e41c1
3d2607de
38973303
39a46c5e
38c57406
3e994bc7
bdef605f
be983d5b
be1abe38
b992a04b
3d78b4ca
390951ec
3a2a3c0d
38fd5657
3ecc72ff
be211a8d
becb0122
be4ea087
b9c9ea7b
3da5b22b
393b02d0
3a87c0b6
3911cdb1
3eff8dda
be4bb601
befdeec7
be812829
ba025560
3dcef7d0
396db57d
3aba247d
391db586
3f1956e0
be77d7be
bf1841e5
be9b2286
ba20f17f
3df82b73
398f8ae6
3aedc3a6
3923bbf0
3f3303c2
be9286ee
bf31a17e
beb526ac
ba40a384
3e10ae50
39a9f620
3b107b56
39282aec
3f4c71e6
bea9eeb1
bf4b0003
becf3032
ba6145a9
3e253b94
39c74c43
3b299bb8
3ecf8848
bf8e3f3e
becdf816
bfd4071f
ba5fb64d
3f685460
3b369b68
b7bb5d2b
bc18bae5
b7d239e0
baab71f1
b7cfafad
ba0390a8
b62b3b93
b890ba98
bc95789e
b89b6dd2
bb1e4df1
b870d891
ba79c720
b6986481
b89b9ec1
bcd7b439
b8aac86b
bb4eaf65
b89912f8
baa80c6f
b6accaf1
b729501e
bd076d89
b79eabab
bb5f2522
b880850d
babe7fe7
b6acc3ce
386212bc
bd1aee38
38389dd5
bb4d0142
b83f5c1e
babd6801
b69b46c4
389d5ac3
bd2345f1
38880487
bb1bf90f
b8274290
baa54d59
b674633e
38adbaf1
bd1cb8d5
3899e769
baaeaa6e
b80909ad
ba75933e
b62b0f38
38d96bea
bd02d7fc
38c96d3d
b9955bd6
b7654fc1
ba0e28f4
b5ce14bb
38b3bcca
bca10645
38aa6680
39b14a7a
3481ebec
b93e70d6
b5157780
3f985217
bf84b6ab
3f3bc921
3efabf0f
bf8f1296
bfab8867
bf96fd03
3e20e117
bb373c24
3e1175f9
3d997983
3f9ac5b5
bf8577a4
3f3c9c7c
3efc5cbc
bf91562b
bfae0f4a
bf9962d9
3e19cf87
bc345129
3e0e7123
3d95c9cc
3f9e5fcf
bf85bbc3
3f3cef76
3efdaf6b
bf94be8a
bfb1c01d
bf9cf19d
3e0a6248
bcdef3fe
3e07314b
3d8d1986
3fa3072e
bf8584f6
3f3cb89e
3efebe12
bf9932af
bfb6808c
bfa18f03
3de644fd
bd50eb67
3df7ada9
3d7f089a
3fa89169
bf84da5c
3f3bf019
3eff966e
bf9e87e5
bfbc2539
bfa70f02
3daa22ac
bda7231e
3dd9586a
3d5a7312
3faebf78
bf83cd22
3f3a9cc0
3f002149
bfa47fd1
bfc26d2a
bfad319c
3d46e698
bdf0b94d
3db4e164
3d2e3e58
3fb53918
bf827daf
3f38dd34
3f00679b
bfaac3a4
bfc8fd94
bfb39e25
3c36cafb
be202d8f
3d8cdc16
3cfb44a4
3fbb8855
bf8122b5
3f36f0b4
3f00ac6c
bfb0dd4f
bfcf5f0a
bfb9ddd5
bcd32811
be479041
3d49ec55
3c9a2906
3fc112f8
bf8010a2
3f3545d5
3f010781
bfb6330b
bfd4f79b
bfbf566b
bd6ba55d
be69bd05
3d04b41e
3c0af28c
3fc515d4
bf7f813b
3f348a5d
3f01967d
bfba016d
bfd904f1
bfc34574
bd9f6a11
be8015f1
3cb15c6c
3af23665
b9eb6b3d
b99785a0
3ab8e7db
3d8947bc
bed9e07a
b6dfbd7f
3386b955
b4410c3a
b5d05ead
b2b7b0bd
b143362b
b2d172d2
b3813a45
358378b0
34145e39
3b3af9db
38d36de8
bb3c2bff
390a498c
3721e8de
b85ed2f8
b5e0f210
36e11d3f
35dc257c
3bbafdac
395483a5
bbbc212a
398a5b9f
37a2a7d0
b8deb3a6
b65ea4ec
37372eba
3642e49a
3c0c365c
39a08bfb
bc0d1fea
39cfae4d
37f5df50
b926ef3d
b69724a1
37a32be5
3684afef
3c3aeea8
39d81aa8
bc3c32d1
3a0a9191
3825aa66
b95e6ef5
b6ced475
37fcfffc
36a25e14
3c699d71
3a08a182
bc6b4ac5
3a2d5efb
3851f839
b98aeb19
b6ffff15
3836bbb6
36bac32a
3c8c25a2
3a261fba
bc8d37a7
3a503dee
38801b99
b9a69254
b71b6caf
3877158e
36ce0f58
3ca377b3
3a449736
bca4ca60
3a732a5b
3898333f
b9c22f26
b7384a7f
3898a443
36df38af
3cbac713
3a63fdf8
bcbc5dc3
3a8b0ebe
38b109a0
b9ddc45c
b74ef284
38bdebd0
36def8cb
3cd20eda
3a821782
bcd3fce8
3a9c88d4
38ca3ce1
b9f95510
b76e90df
38e44e8c
36dfbd7f
3d92f12a
3b4e18f9
401cc005
3b1b6bdc
b9ed7c6f
3ae9d004
3d896406
c020c2ef
343310b5
b4438335
b599a71c
b2ca95cb
b145ab31
b2cd0af9
b3019132
3610b7fa
34147c1b
3b3ae8d2
38d3785e
bb3c1dc5
390a436a
3721e515
b85ebe92
b5d6ddeb
36cb35d4
35dc504c
3bbaf00d
39548eb5
bbbc1c7b
398a563f
37a2a397
b8dec3df
b65ef49c
372bf08f
36430a77
3c0c2c02
39a09bdb
bc0d1cd0
39cfa5a6
37f600b8
b926d8a1
b699a209
379e6333
3684c9a7
3c3ae9dc
39d82fc7
bc3c3190
3a0aa2ab
38259e8e
b95e50b9
b6cf050f
37fcc71d
36a2851f
3c699830
3a08aee8
bc6b6e65
3a2d4fe4
3851e936
b98ad827
b700f6e4
38345773
36baeff7
3c8c2232
3a264adc
bc8d2def
3a502bd7
3880126a
b9a67b9f
b71a4432
3872082c
36ce40c6
3ca38e40
3a44a199
bca4bc3a
3a731552
38982857
b9c21dad
b737a9ac
3899ddee
36df9290
3cbab8ce
3a640972
bcbc4f36
3a8b0291
38b104ff
b9ddb031
b74e8ba3
38bb8faf
3c3db27c
3b3ee425
bc3ed843
3b8e4080
38c0fb0b
bb1bdc39
b8ac4f6e
b605f090
37ccebf0
b60b33ae
36667007
355cb936
35b15b0d
b414da72
b66d931e
38488e13
b6776d15
36d4ced5
35e94213
36287324
b48ab38d
b6a0cd8b
3890b816
b6a7c86a
370af0c8
362d3a24
3662cfd8
b4aede4c
b6a00de3
38b5bc6c
b6a89272
3716137e
36724444
3680c75e
b4b9b6f4
b6905048
38cfebf9
b699daf7
3709f8a8
3694e2c0
36804dd4
b4aa4fe6
b6a50df5
38db1e71
b6aee059
36d2224c
36946f67
36604b68
b482808d
b6e35f32
38d25116
b6ec7f86
366ba046
366453fc
3626acff
b41edb27
b711f389
38af9210
b715a1f3
354acfdc
35dfbcf6
35c0a542
b352e083
b708e0b6
385807ff
b70b06d7
b56de6b5
b2c696bb
34ff7f65
3291ae5f
bb467f7c
3b32113e
bb9f4e6f
3c3d2460
3b633c76
3b91f66c
3b98c19e
ba73fe8e
bb0ea003
bb08d31a
ba890e40
bb49bdcb
3b331444
bba03ab1
3c3e904a
3b668435
3b93ed48
3b9ac1e4
ba7108e3
bb0e39b3
bb091657
ba88fc70
bb4e87d2
3b336fee
bba0f79c
3c3ffbb7
3b6b4f38
3b96b22c
3b9d8671
ba68f250
bb0c4299
bb087005
ba87ad89
bb54bc34
3b33269e
bba1826a
3c41676f
3b717d60
3b9a3312
3ba0fe5c
ba5c00f2
bb08d3e7
bb06f091
ba853397
bb5c20d9
3b324222
bba1e040
3c42d85f
3b78dab8
3b9e4ca1
3ba50e7d
ba4a7f83
bb043d10
bb04d26f
ba81ffd7
bb6461e5
3b30d91b
bba2145c
3c444fa1
3b808a14
3ba2d147
3ba98d1e
ba354c73
bafd98a0
bb024457
ba7ca2e3
bb6d085e
3b2f1749
bba22134
3c45c6f9
3b84d881
3ba7891d
3bae3c3f
ba1e4dd5
baf1912f
bafeab2e
ba743590
bb757626
3b2d45f6
bba2148c
3c4736ee
3b890829
3bac2898
3bb2c997
ba0814e9
bae540f1
baf85cf5
ba6ad2ba
bb7cdc51
3b2bd633
bba210f3
3c489b49
3b8cb182
3bb047d6
3bb6cd87
b9ebc47b
bada429a
baf27afd
ba6175d0
bb8119e6
3b2b6b17
bba25b59
3c49f8ae
3b8f5488
3bb35c3e
3bb9ca42
b9d6ced7
bad34e07
baeec815
ba5ac7c2
bc84e79e
bf3a499b
b8af3525
3c4f8c99
b82e8064
370cda49
b9d6869d
b801f670
399ca139
b4cb6f82
b89aa470
36d8f22a
394aec00
b4f9b2ff
b9ec5ba2
bc3e4503
ba8130cc
bd4a0c30
39c3d443
3d329f08
b8c4e706
39a5e7e1
b6247c4e
ba9ac704
bcab5f0d
baedcd9f
bdccdcbe
3a45ffa1
3db30d4b
b932ae48
3a5e5519
3640183c
babf24d6
bcd8e4ac
bb32a7b5
be1c872c
3a97621a
3e06a78c
b98b411e
3a6b2298
374dda5f
bb0582db
bcd9a2ae
bb647419
be55d3bc
3ace2c2c
3e341ff7
b9cb46d3
3a56cc7c
37abc375
bb2f86b6
bca14693
bb8dcf89
be89a01b
3b0361ed
3e61f822
b9fae9b7
3a074df1
37d48f0c
bb5e4461
bb998178
bba56144
beaac4b4
3b2036f2
3e881524
ba168893
3a481a1d
3800102c
bb8a25d5
3c9c349c
bbbf37c3
bece90e5
3b3dd576
3e9f51d8
ba3238b1
3a59f6e6
382123ce
bbb150cc
3d52b09d
bbd80a38
bef50466
3b5c3af3
3eb6a3a1
ba509313
3a266887
382d0714
bbcf0438
3dbae227
bbf74914
bf0ee615
3b7ac629
3ecdfad8
ba6ef5d6
391c8038
382e8064
bc9d0cc2
3ec3e4d4
bcad7ea2
3f790e2e
bcf52078
bf10fd4d
ba8c5125
3d9b9f02
37783713
b9d67ecb
36cb70c8
399c7ad3
b4caf218
b89aca2a
369ca8d8
395f222a
b4f9dfdc
ba0b9921
bc3e4fb3
ba7b6305
bd4a04a7
39c3cf6b
3d328ed1
b8c52946
399544db
b62496fa
ba991b9a
bcab68b4
baf84a2e
bdccd4c9
3a45fa14
3db31a27
b93bd930
3a7ef2f0
36403c20
babfe01e
bcd8fadd
bb30daaf
be1c80e1
3a9776dd
3e06952d
b98a5e50
3a5a39c3
374e0262
bb05728b
bcd9b8cc
bb699995
be55eda2
3ace1d74
3e34075e
b9cc2bf3
3a5fe567
37abed81
bb2fb700
bca155df
bb8d4970
be89942b
3b03588c
3e61d945
b9f8c963
3a20e2e0
37d4c250
bb5ce9e1
bb99abe0
bba5df35
beaab5e4
3b202b71
3e880294
ba16a32d
3a4f3db1
38002e83
bb8c3321
3c9c3c04
bbbf9513
bece7f13
3b3dc7d9
3e9f4368
ba31ae6a
3a6b728d
3821645d
bbb2ed34
3d52b9bc
bbde99dc
bef4ef46
3b5c352f
3eb69323
ba5034e5
3a43fa1e
bb305f5b
be9f1d15
bb2d1eb6
bfd24c18
3b69a8ae
3ffaf6bd
bbb40f0f
3815d265
3d5e92e6
3815cd75
bd0fcd3d
389ea4fe
3bb75fd6
35c47749
3908aa81
3ddb30f4
3908a83b
bd8e3cae
3932102e
3c2c0241
362ab080
b67646ac
3e1fb7c7
b6770f7e
bdd0b5a3
3937d8c0
3c629a83
36147952
b97fb5b1
3e4b279b
b97fb98e
be05e9a9
390abe31
3c7867ea
35a181a6
b9f3cb88
3e6bff7d
b9f3cd90
be1d2c36
38aa0968
3c6a2ed2
354cc914
b9cbfc02
3e7cfd67
b9cbfdfc
be2a63ab
38f09ca2
3c3afad0
35371c4f
b9b82a8e
3e774932
b9b82c4d
be287eb2
38ea4579
3bea826a
358f0908
b9fa0c30
3e5251e8
b9fa0d84
be10fa5d
37c674c9
3b2ea7d2
35d93c6f
b9abda5b
3e03d0d2
b9abdb15
bdb7c4fa
b570c4c9
b9d80ff0
3594a527
3ece78bb
bfbaecf0
3f213c6d
3dce201d
bebd3c37
bf138590
bed256ee
3f796c44
3f471ca7
3f054b2b
3e8c62bc
3eb56245
bfc4e861
3f2fb0a0
3ddfd45e
bea33922
bf0842b3
beb9e54b
3f8824a5
3f5d4bf0
3f12b7b9
3e9c6acd
3e8211e4
bfd702b1
3f4b531a
3e00c71e
be5cac71
bee1c841
be87e7eb
3f9dbcd8
3f83c956
3f2c26a7
3ebae4fc
3dd88c99
bff0cfb8
3f739ccf
3e1908ff
bd80f99f
be9c51b9
bdf815ef
3fbce45b
3fa275b3
3f51135d
3ee74bdc
bdad808b
c008bbbc
3f93aded
3e37c542
3e07d57c
be05f75c
3d82f8ae
3fe47de9
3fc99f8e
3f8025a1
3f102149
be9d8af0
c01bc49b
3fb22eda
3e5ba0ed
3eb917ab
3d9685ea
3e8f8aeb
400958e0
3ff7756f
3f9bd4c9
3f319b04
bf0c695d
c0305f03
3fd37812
3e8157cf
3f1bd1fd
3e96741e
3f0389f4
4022551d
401486f3
3fb9d2ec
3f55e48f
bf492f5e
c044d8aa
3ff4b9d3
3e94c7f5
3f5a2f51
3f02be03
3f3e636b
403b161d
402d1c89
3fd79d7d
3f79f7d7
bf7d8aff
c056c856
4008efa3
3ea5a7ed
3f87f2ca
3f3270e5
3f710018
4050a017
40428993
3ff1a9d5
3f8ccb30
bf8fb6bd
c062e7c0
40129ac9
3eb0d9b6
3f994d77
3f51101d
3f88d506
405ef436
4050c2fd
4001834e
3f9759c1
3a89ad07
3a77407d
bed42046
b9b57981
b8277166
b4ab74df
39031646
b4425ef9
3730708e
b4353e52
36340dfa
b6f03d24
b52c9979
3c36eb42
38c21d18
3c3923c3
38de5ff1
bcb9891c
b80a4f98
3ad64264
b99158c4
36182fa0
3cb75156
3944a987
3cb85bdc
395e5062
bd3b1c37
b889b04a
3b56a836
b97fdafa
37c9e0d3
3d0b5d89
39954404
3d0bc32e
39a611d1
bd8e36cb
b8cdb988
3ba02fdf
b92b9aaf
3885f5a4
3d3c9703
39cab926
3d3cfcf1
39dc2891
bdc0fe23
b9087543
3bd62c5a
37014258
38f99fd0
3d70364b
3a01b62b
3d711c93
3a0912a1
bdf66531
b929c42d
3c05cb99
39a2da09
3940a55a
3d934cb4
3a20079c
3d93ca85
3a238aa1
be175fe8
b94a6131
3c20dee1
3a5e2338
39833ee1
3dafc980
3a4077ad
3daf90b1
3a3d7ffb
be3514df
b96ab8f4
3c3b4571
3aaf40ba
39a3ed7f
3dccdac1
3a629e5a
3dccfd3a
3a56b003
be543d72
b9857535
3c5667dd
3b0ce859
39b0e91a
3dea7c36
3a8310dc
3dea1069
3a6f8ee6
be749b77
b9956040
3c70d3b8
3b548652
39b57981
3ea6549f
3b52a07f
3ea63dc3
3b3242ac
3fe9f3de
3ac2a901
3c8d99c8
c01be597
b83b9fb6
b42061a9
38bf3757
b3334688
37307bf9
b463c29b
348d7950
b8c7dad0
b52cb2cd
3c374eda
38c25a00
3c3858e9
38deea6d
bcb9844f
b80a26f3
3ad624e7
b993d4bf
361851e3
3cb74cc2
39448448
3cb824ec
395e11e1
bd3b1744
b889ae07
3b567460
b9557b10
37ca08cb
3d0b6449
39954b75
3d0b6d74
39a60d29
bd8e4a26
b8cd96ab
3ba03fc6
b8dd2f93
38860f7b
3d3c905c
39cad5ff
3d3cff7d
39dc40f3
bdc0f04f
b90877a0
3bd5fc7f
b53961b4
38f9dc21
3d702e4f
3a01c314
3d712643
3a08f27e
bdf6538c
b929a66e
3c05b668
39a4bead
3940d38d
3d9351b0
3a201ec5
3d93b195
3a236d28
be17550d
b94a43cf
3c20e128
3a4dd183
39835e58
3dafd937
3a4085fb
3dafe181
3a3d5cb2
be3507e7
b96acf01
3c3b3dfd
3acc2557
39a42f7f
3dccb2a4
3a6278dc
3dcd0783
3a568425
be5437e6
b9855ab2
3c56857b
3b0a58de
3d391aaf
3b2ed2b7
3d3922af
3b641baf
be5d397c
bac04d0a
3db884d1
3a2b5199
385043e1
3a2b5144
b734d645
bb691bc1
36be1051
3840f685
3aa726b1
38cc51e3
3aa7265c
b7b68b22
bbe4f7de
373640a9
38b3d0f1
3af5eaa4
39141902
3af5ea2e
b8099531
bc231517
377c05f4
38e7667a
3b177d55
393aca49
3b177d0a
b837aca1
bc49d1bb
3792181d
38f47394
3b2724bd
3956c08c
3b27246c
b8618319
bc62f97c
37958452
38d87d64
3b20b241
396343aa
3b20b1eb
b880ad1d
bc6b398f
37850c73
389a5333
3af5452f
395a7702
3af5448f
b886f6d8
bc5f04d4
373f2210
3810c0c9
3a650a18
3935c893
3a65090a
b8779614
bc39515c
36b2acdb
b5acdc53
b794be3a
38de1a52
b794d2a4
b8272cf5
bbe1fc50
34946563
b7999934
3a897b85
3b02e52e
3d9d00ce
3d4502de
3c35e026
bca51b2a
3c2d613d
3d8852b3
bdb779ce
bd8a5a53
bd2a4854
3a8cb2c7
3b019b55
3d9fc3a3
3d49232c
3c39d729
bca8a33c
3c31835b
3d8bd3cd
bdbb956e
bd8d77dd
bd2efe02
3a913960
3afbbf20
3da41e80
3d4fc706
3c404217
bcae4a8f
3c3852ad
3d9188bd
bdc20ed9
bd925dc6
bd36a6f4
3a978fa7
3aefbc68
3da9cd93
3d58e28a
3c492a83
bcb60f7d
3c41c1dc
3d995201
bdcadb36
bd991175
bd416ad5
3a9e2090
3adf7457
3db09b9f
3d63cdeb
3c53d48a
bcbf5ae3
3c4d287e
3da2b695
bdd55a9e
bda10edb
bd4e53cc
3aa529af
3acbb7a5
3db8332f
3d6fbea5
3c5fa7f8
bcc979fc
3c59b950
3dad17a7
bde0d32c
bda9bcf6
bd5c5a8e
3aab6093
3ab614b8
3dc042ef
3d7b612e
3c6b7dc0
bcd34491
3c6631ca
3db77f24
bdec06b7
bdb200fa
bd697091
3aafe2d4
3aa076bd
3dc877b0
3d8261eb
3c75765e
bcdaf26a
3c70923e
3dc0960c
bdf5282b
bdb83d1b
bd728169
3ab28b7b
3a8da90b
3dd0417d
3d851abe
3c7c1d0f
bcdf258f
3c7720ef
3dc70db9
bdfaaecd
bdbb27b4
bd751ae8
3ab39be5
3a8228e1
3dd62d3f
3d860c1e
3c7f338e
bce0486b
3c79e22a
3dca88d2
bdfcdaf0
bdbb6cc7
bd732af2
39a8a58d
bc993201
3957df3f
b829644c
b81cdf2b
b7caa55f
39b14da0
b4fed8e2
3a09d7b5
b757994b
39796a29
3514083d
3a999083
bd82805e
3aa3e481
bd867a2f
b8613f83
bb347c4f
393e6ed9
39ee0372
360ed4a1
3b150708
be024dc0
3b198632
be08140a
b8cc851d
bbe1d730
39c2e866
3a341d42
b6f18c48
3b7912bc
be4301a5
3b641e90
be4f614e
b9061f47
bc504764
3a1b5f2c
3a745882
b7f20018
3babfb9d
be8190c1
3ba7a521
be8d21de
b915c00c
bcabb642
3a4b80f2
3a79bc1c
b8804b7c
3be06565
bea133ef
3bd89bb7
beb4d9f3
b911ee2a
bd042929
3a81f25b
3a1c91ee
b8d5844f
3c0da012
bec04436
3c098434
bedf35ef
b8f5e950
bd40d827
3a9cea2f
39ddf7a5
b917352a
3c2e8ec1
bede9e93
3c2ba08e
bf063393
b88fd0b4
bd8664c3
3abc6648
390938fe
b93f8a84
3c51f814
befc2ce1
3c5266f6
bf1e2ff2
378c61b9
bdb3ca14
3ad7885d
ba457c85
b9512453
3c8030fa
bf0c7a7e
3c80a54e
bf375e88
3917d019
bde793cc
3afd2530
bad90718
b957df3f
3d3d7fa3
bfd98eb1
3d3e467e
c00d5ad9
3a4dfd65
3fde3e76
3b21c54a
bdec9037
b7d9a069
b81d3492
b7db0869
39b12618
b4ffa101
3a09d060
b751d658
398ef628
35142141
3a99c8aa
bd8286e0
3a9b5a1b
bd867514
b861331f
bb346bbf
3939251b
39d5937f
360eedd2
3b146770
be0254c1
3b18b4a0
be080e99
b8cc817a
bbe1e5cc
39c04122
3a4d4c67
b6f1bdb5
3b787005
be4314c4
3b646f13
be4f58df
b9063194
bc502aed
3a1a819a
3a6843bb
b7f22e2a
3bac4aff
be819d8b
3ba454c5
be8d3310
b915b4ae
bcab9eec
3a4b1604
3a856104
b8806a6e
3be0005f
bea143bb
3bd98c9c
beb4ca4b
b911e275
bd04174b
3a8275c9
3a299893
b8d5b74d
3c0dee79
bec07661
3c098a5b
bedf229d
b8f5d794
bd40be5a
3a9c9f14
39ee4e36
b917596c
3c2e0ff0
bedeaa49
3c2a20e1
bf0627f9
b88fc5ca
bd865870
3abc36c3
38a074d9
b93fd7a2
3c52706e
befc3a51
3c4f1a91
bf1e2242
378c5e16
bdb3b9a4
3ad7ad10
ba193dcd
3ba73e5e
bfea82e7
3ba6335f
c00bb858
ba04507b
be2eabd6
3c3d13bb
39845cf7
3b9938e4
39845d26
bd23116d
38b9028b
bd192157
37536727
39bea1b9
3c245e51
39bea218
bda04b5c
3907328e
bd9753b6
37cbacb4
39dc8018
3c86fa4c
39dc809f
bde8e0ff
391c981d
bdd9f4f9
380797ec
3a03f93b
3cc4c01d
3a03f98a
be137d51
393a9729
be08780f
38122967
3a04cbd9
3d035bc8
3a04cc31
be2a7b58
393aceb9
be1b96d5
38083045
3a41e66c
3d20ed3e
3a41e6ce
be35bf64
3987714d
be23513e
37d2e292
3a846ab7
3d31db6c
3a846ae4
be309e7f
39b86f72
be1c1483
377ec10c
3a9a4ac7
3d28dceb
3a9a4aee
be1556f8
39d69aca
be01b4fb
3698c572
3a90b7be
3ce9262e
3a90b7d6
bdba2178
39c73716
bd9d2bce
b61ed98c
3ff4f3b6
bf953566
3fc8eca7
3dfd2e2b
bfe95597
c00a7707
c000fa4d
be262f1f
be2f264e
3e4db147
3e054aa6
3ff68cd9
bf9bf892
3fd1b48b
3e05f7b7
bfea6390
c00b9f31
c001f951
be047ed8
be0aaa31
3e6bbe61
3e185b0f
3ff7a000
bfa80a5a
3fe1b773
3e1385b3
bfeaa5e3
c00ccfe3
c002e47a
bd7ee794
bd7fbf87
3e9306c0
3e3d5828
3ff80534
bfb92a2b
3ff87abc
3e26e22a
bfe9fa6e
c00defb2
c003a4af
3d1cd80d
3d3fb899
3ebdc13c
3e739383
3ff79273
bfcecfc6
400a8e9e
3e3f6a1f
bfe84091
c00ee0aa
c0041e3a
3e2de7d3
3e41eec1
3ef4bb53
3e9ca36a
3ff62cea
bfe8102d
401b1db4
3e5bf21b
bfe56c80
c00f859d
c0043a7f
3ea78caa
3eb823e7
3f1ad644
3ec5c78c
3ff3e1e9
c001b811
402cdbe8
3e7afd58
bfe19d75
c00fd192
c003f0e1
3f006ebb
3f0c0d7c
3f3e3637
3ef277c2
3ff102e4
c00f5ac4
403e49ed
3e8d04c6
bfdd417c
c00fce61
c0035692
3f2dac48
3f3c4754
3f617646
3f0f6af5
3fee453d
c01b577f
404d5b4c
3e9ab3b2
bfd93309
c00fac79
c002acd6
3f55be0a
3f66a25b
3f802112
3f22b8ec
3fece11f
c0237f4e
4057588f
3ea3fde2
bfd6dda4
c00fcff7
c0026fa4
3f707579
3f8144d8
3f8a5207
3f2f735b
bd1b9809
3c1776bf
bab38bd5
b64a7faa
bb834cd4
b57ab4d8
37cb741b
36950f8d
37e3aa73
bb4899f8
380471ec
bb70ce47
37e849b4
bba97e4b
383237db
3bb32f32
36cb532d
bcb19170
39bdacb6
38cdf378
bbf21678
385eaa7c
bb8a60ec
38a16f12
3c27a03a
3736af60
bd36a37a
bb869cb8
b9dcd165
bc2811d3
38e09979
bc055f84
39224598
3c5e8433
37184a87
bd883ba4
3a28f5ce
bac279b5
bc44f3b2
3924e052
bb9dc5b2
3944ec4b
3c748c31
36dea638
bdba2301
ba8c816b
bb43f5d2
bc38f055
3952f280
bb71a7c8
39660c99
3c624169
358b506d
bdee5b21
bc376ad4
bb9d39d4
bbf744c5
397df98b
3b13deb7
3980012d
3c234640
b7674c5f
be134c9f
bcbe012a
bbda68d3
3b79f74a
398953ee
3cbf2114
3993ee6d
3b68e6da
b802f37a
be2fdb9c
bcfa82ec
bc08e85f
3cb55faf
399f77e5
3d1a9777
39aca2d6
bb99fe4b
b8340f0c
be4f631f
bd68a9c8
bc13a304
3d825701
39ccfbf6
3da492f9
39cd8318
bc6243c6
b88c80ec
be6e8dfb
bdbbe98a
bc1776bf
3e867079
3a9b5b06
3e946b2a
3aa0b720
bd6a9899
b9328f07
3f3c2582
befbfd3b
babde9b0
b705fa35
bb28d022
b67072b1
37cacd44
36c4578c
38ea2a41
b98a4e03
38048825
bb65d71b
37dfdf3c
bb0b079f
38048691
3bb32c34
36ce2373
bcb03808
3ba47b2a
38ce183f
bbf44267
384e7942
bb061805
38b5bb8b
3c279c3d
371ae4a0
bd36c92b
bbdd935d
b9dcfdad
bc24cfdf
38dc914c
bc0b996f
391ff2f7
3c5ea39b
36ff98c8
bd88a2d9
ba3dc790
bac29f1d
bc3f01b1
392247d7
bbfd4845
3946f771
3c747b1c
3708ae7c
bdb9fb60
badcb6e1
bb44253f
bc36b03f
39515f42
bb49626d
396af951
3c623109
361cb861
bdee0a6d
bc39d0ba
bb9d5f79
bbf9299a
3981ebd7
3acceb68
3982c106
3c233af3
b759b423
be1358db
bcb156f2
bbda9d21
3b031026
39874e1b
3c8cdf3f
3996ae0c
3b68d344
b7eecd0d
be2fef42
bd14ff05
bc091f7a
3cbee2da
39a70670
3d0a3659
39b0b049
bb99fa48
b83cd8b6
be4f7b70
bd5a12b1
bc965c25
3aeb91e8
bc9a0eb8
3ad5ed5b
3d53bf36
38c483af
bf9bb0ab
3b60964f
b887b962
3b6096ac
b7b925d2
bbd520ec
b83eed5a
bcae83ff
3b93ee5b
b90a3ced
3b93eeab
b84b2aee
bc5e5edd
b8cb8689
bd2b9096
3be2f960
b940450c
3be2f9c9
b8964e1c
bc9df276
b911a3fc
bd74f2d5
3c1cc3da
b9648a16
3c1cc41f
b8c45b1b
bcc1c9ac
b9353cd6
bd97b2d2
3c4dde3f
b9753514
3c4dde84
b8e6942b
bcd64bb4
b94b8afd
bdaab7ba
3ca8ef26
b95f5bf5
3ca8ef53
b8dea174
bcc964c9
b93f4460
bdb091bc
3d117bca
b91c0938
3d117bdd
b89636bd
bc90c1f8
b9032590
bda603eb
3d40df8d
b886bd87
3d40df9d
b7d6f73c
bc07ae12
b84d39b3
bd87a078
3d32714c
371cf40a
3d327154
375b60ae
39767548
3785e677
bd219138
bb09ca0d
3a2d84c1
bef0dd52
bd9b25f0
bc4ac07c
3cec80b7
3c2c306a
3ce5078b
3d953c98
3cf1e71a
be45d460
baf9d312
3a29c8e4
bef68836
bd975d62
bc453e31
3ce2d9f8
3c3bb6bc
3d08e766
3d8b21e1
3cc1b38d
be51e98a
bab9cdcb
3a3ba41b
beff5bf5
bd938cb0
bc437feb
3cd63e5a
3c4fc6ce
3d2a6602
3d79c6ec
3c8626d5
be62adf9
ba60e8db
3a452b38
bf05a494
bd8c93a4
bc3d7371
3cc30881
3c6f37e7
3d5b495a
3d4f1a09
3ba8bbc6
be7ade2b
b82dd6b0
3a4e5f2d
bf0d06e1
bd81d68b
bc30dfdc
3ca6e2bb
3c8c6851
3d8df705
3d119b6c
bc343d66
be8d3529
3a5c98d5
3a57084b
bf1590c1
bd63992c
bc1dbf25
3c7f1ef8
3ca7c14c
3db69812
3c787e38
bd055e08
bea0e203
3af16ec3
3a573db3
bf1f996d
bd23fd78
bbe6cbae
3bed8a03
3cd256f8
3df03646
bc9ee2b2
bd8e1476
bebd00f4
3b3e5f6e
3a5b8075
bf2ba827
bc1bcf39
babfc0d0
bc012602
3d0c3490
3e23e63f
bda50736
be0a1be1
bee80780
3b812901
3a5dd08a
bf389d20
3d079cdd
3bd17b38
bce81b2e
3d39d25f
3e5a4152
be265115
be63e7db
bf0eff0e
3b9a3ab0
3a624721
bf4353f3
3d975c38
3c6798b9
bd436d5a
3d6453c2
3e85d264
be758f21
be9c671b
bf27b202
3d636a1d
ba55c174
33913f10
3a54f783
b65f4684
b6d4f4df
35324b50
382bc42f
ba435990
38499cdc
bb86bcd9
b997ddb8
bacb0eb8
b9bdda7e
3b937a93
388c71a9
bb9d229e
bb46f995
3a36ba8c
bc152770
ba12363b
bb5577d3
ba384625
3c17a53a
390b0a70
bc208093
baa2af88
3acb60c9
bbd98a86
ba5e4d04
3aa852eb
ba8b1b5e
3c6fec15
394fed31
bc797d48
3b43a208
3b32e777
3c167807
ba9774d6
3c844fc6
babf1999
3cad8616
39845d57
bca45804
baa11e47
3b871e7f
3caf1250
bab8fac0
3d508914
baeb4734
3ced6770
399cc887
bcc91631
3c4b9c1e
3ba2668a
3d7ab5dc
bb0074df
3ce38480
bb05b699
3d167621
39d8a45e
bcd18fd2
3d6b3fc1
3b410445
3d24e9bf
bb0f0fc5
bdce3802
bb2036ea
3d1f9f66
39efd41b
bd2ffb30
3ce4c1f5
bbb5b199
bde1bb59
bb3cc11c
be7add11
bb4e7826
3cd057b0
39ef0f30
bd412835
3d002b29
bcb96bda
bf00c3d2
bb789a4f
bf2d8369
bb7b2930
bc8684c1
39f6402c
bd7f00bb
3e54f8c0
bd38105b
c017cdb0
bc3e50c1
c03a0af0
bc3eaf22
be6233fc
39c3d76e
bd77ae26
40b96d44
ba6d0f7d
35acf7cc
3a309c3c
b603c539
b6d44f40
34ce8f6a
37e03acd
baaebfa2
3849c991
bb7310be
b994e507
ba8ba948
b9bab8aa
3b9377b9
388e3c0e
bb9ca5e1
bb164773
3a36dea7
bc157327
ba124b4f
bb4368cf
ba333934
3c17a677
3905eb88
bc210423
ba32e5bf
3acb8aef
bbba90fb
ba62214a
ba761941
ba8e3815
3c70070f
3946d352
bc7925f1
3bb054c5
3b330817
3c37f98c
ba95ed20
3c15f8c8
babc317b
3cad77b2
397b56a3
bca901a7
395491c4
3b87405d
3cf35171
bab95a10
3ca6c8dc
baf73a14
3ced59ec
399fd0c6
bcd96bee
3c77cb52
3ba28d99
3d8eb827
bb056a31
3cca1f11
bb0d747d
3d166a0c
39db52a9
bcc53e80
3ccb14ff
3b41315e
3d26e3ae
bb0f29ca
bcff95ac
bb261019
3d1f90f9
39d25225
bd30e8a6
3dc154f3
bbb5fa52
bdf8f0c4
bb42fbc5
be78d56a
bb4af2d2
3cd04f65
39e34af5
bd31230d
3c95c937
bcaa5053
bc09ecbd
bc70ad66
bc430979
3d30329e
3b37703a
be8c33c6
3c17edc2
b7e6f0ab
3c17ed78
b8988823
3b1dfc18
b8903b84
bb85db67
3cb31a7d
b838bf76
3cb319ef
b909f353
3bc76b5a
b90051e7
bc034068
3d1aa973
b84c28f9
3d1aa95a
b9309920
3c3424ad
b91f6339
bc3a90d0
3d289c98
b8bab55e
3d289c37
b95ad4f9
3c3fbac3
b9532217
bc646c69
3b844386
b9829b80
3b84431c
b99e7517
bac8f89c
b9b8656e
bc7ab0f8
be16f683
ba466258
be16f6a4
ba1bed6f
bd5f0867
ba59838b
bc75d703
bedb3af4
bad26428
bedb3af9
ba97e7b1
be1c15eb
bade67b6
bc587a8e
bf43db9b
bb2a2503
bf43dba1
baec16d3
be8a1390
bb30d283
bc1ac018
bf4c320f
bb2a9a81
bf4c3214
bae8e64c
be8de279
bb2e3743
bb8d3e38
3c003c15
bbe87fef
bdcde33c
bd063267
bc67307d
3b07699d
bc28f8ba
bc289ac1
3d2d4e73
3d008ed8
bca7f4eb
3c0c7954
bbf0f8a5
bddd298d
bcc794c8
bc4b9d06
bb0fb4f7
bc0e6611
ba81a560
3cd8eaf7
3c69bc21
bd228c43
3c0df80d
bbf6b77f
bdfeb7e8
bb692c37
bc1149f1
bc3f5d6b
bb713380
3cabec34
bc39c287
bcd75d4d
bdac08c7
3c1833d5
bbfd75a6
be1b4c05
3d055b1c
baf3eeee
bcec62b3
3b9d0b84
3d720a70
bd9de1b2
bdc6c2ec
be24b253
3c2091cf
bc01ef82
be3a82fa
3d93ac2b
3bb09ab4
bd416c46
3c66cfb4
3dcecbb7
be18d0d2
be33a432
be7b5d5d
3c297660
bc067191
be42f44a
3d9ca581
3bb8dcd3
bd4ba6ca
3c6d8c53
3ddb0336
be209ac1
be3cdf6b
be83cd41
3c1c1230
bc09d37c
bdd5cf9d
bd885546
bcb4fe9d
3c7dd0c3
bc978bd7
bd1b7f61
3dccc213
3dbf23ef
3cf93394
3bc9daba
bc0db1c3
3e1c5d8e
bef7df25
bdd2ac81
3e53c853
bdecce02
beeb2131
3f5a5fc4
3f66be2d
3f5f2ff7
b82780c1
bc16cbf1
3f1edbf9
bf9dd115
be7c2d10
3f0c9ef2
be93fd5f
bf9bab7a
400cdbcf
40161664
4018a220
bbdeae52
bc1b9ce6
3f8e6578
c0012977
becb7cc7
3f68dd62
bef0d132
c000e510
40677be1
407762c0
407ebdb4
ba569c55
3513a5b6
3b337407
b6d158e3
b77e0411
b6376283
3869e382
b8c539b0
ba1718cf
3c25f20f
392cf803
3c5c89d4
3935638a
bb4fd388
b80335e1
3b837531
bc67694d
bbec07f4
3cb937f7
39adde72
3ccbc6cb
39b70b2f
bbbe3170
b87734d2
3c069645
bd17ef2e
bc5e1b8a
3d2c0e02
39fe4596
3d342b5d
3a07f3fe
bbf84cea
b8b0011a
3c44f088
bd99d383
bca27aa8
3d8a33dd
3a290865
3d8d7fa8
3a354214
bc07d08f
b8dc8e93
3c84d4cd
be020912
bcd737fe
3dce4d9f
3a5415fd
3dd22f10
3a657356
bc006949
b901e99b
3ca638d3
be46cd23
bd06a210
3e11207f
3a81696d
3e1483f0
3a8a8687
bbc96d4c
b9112597
3cc8d322
be8db754
bd22e9b1
3e44c2d5
3a98f829
3e46a90d
3aa3255f
bb4e1914
b91c55e0
3ceb3f15
bec0d067
bd447115
3e7f4e14
3ab14abe
3e81c990
3abb9a95
3a994ab2
b92533a2
3d07d993
befc1a78
bd5ece8e
3ea1def2
3ac8339d
3ea27e54
3ad514bf
3bd94995
b9293f2a
3d18d17b
bf210d68
bd81429d
3f7794d2
3b9ef600
3f7a389e
3ba061c6
3d032890
b9a9270f
3d29d9d1
bffd0a93
3f6d5004
ba747477
3690b8ea
3b034275
b650508e
b77d0794
b67747cb
3633ed66
bb059956
ba173796
3c2e6cd4
392de1cb
3c441463
3938608f
bb4fcfaf
b801e6ab
3b81ff86
bc67a5fe
bbec35f7
3cbaf06c
39accf30
3cc5b8f9
39b4a0e7
bbbe2c75
b875c86d
3c05c3a3
bd162e08
bc5e46b8
3d2ca975
39fe71ed
3d3161c3
3a0810d6
bbf86f7c
b8aee8a8
3c457320
bd987ce1
bca29a26
3d8a0d40
3a292bb4
3d8df1a1
3a354e25
bc07c6e5
b8dd8390
3c84a878
be023682
bcd76bcd
3dcde7ce
3a54358e
3dd337b6
3a6503d8
bc00601e
b901e0e0
3ca654e4
be470304
bd06c255
3e1116e0
3a816a17
3e144c3c
3a8a85d2
bbc95e88
b91121d8
3cc8a9de
be8dcdfc
bd2310c6
3e4496ad
3a991aae
3e46fbd7
3aa2ebbb
bb4e0801
b91ceee1
3ceb3725
bec06bff
bd44c028
3e7edeb4
3ab04bb5
3e821738
3aba9938
3a9945f3
b922e8af
3d07d603
befc9bfe
3d274f1a
3b8f21e8
3d26d2c3
3bb94342
bcf53ffe
baa5bc64
3e60c74e
3c5ffb3b
388b4a81
3c5ffb42
3824ca94
3ba1b812
3880e52d
3a94971c
3cb7ff94
38f04d5b
3cb7ff9d
388dc81d
3c071c9c
38e03be3
3b0d1cb7
3ce29b07
39188b43
3ce29b0e
38b6ef9f
3c2716aa
390f85b9
3b3cf097
3cf8806c
3929578e
3cf88071
38cfacfa
3c378f30
39216d72
3b559cef
3d04c15c
39308e3d
3d04c162
38ded974
3c437c15
392b7571
3b54ad64
3d0d8583
39313eda
3d0d8588
38e582ae
3c4eb18e
392f4e20
3b3b5045
3d0ea6c8
3925ba26
3d0ea6cb
38dbf125
3c4e586c
3926f506
3b0ea846
3cfac6f0
3906f1d8
3cfac6f5
38b7a936
3c33badb
390aa1a9
3aaee331
3c986a31
3899c6c7
3c986a35
3858aa8f
3bd68772
38a042b7
3a0804ad
bb6ed517
3b533eae
3d8cf4ac
3d4c2527
3c60ce38
bc882c71
3c3a5fff
3d11e41b
bda2e751
bd96b688
bd0d6159
bb6a51e6
3b5524c5
3d7ad415
3d822925
3c865e1e
bcbb0a01
3c6e646e
3d49d444
bdd57448
bdcc94a6
bd7c2100
bb633acf
3b56d631
3d471c13
3daff1cd
3ca9fbc3
bd06f4a2
3ca19e7c
3d92c267
be13d09d
be125352
bdd8e80b
bb583c59
3b5981f2
3d069ac0
3de88214
3cd660cd
bd3a4daa
3cd65b2e
3dcb6e36
be46b93d
be48cdb3
be24b6c0
bb4fc3fe
3b5c17c4
3c7dbcbc
3e1371b2
3d03630c
bd72f5b8
3d082dea
3e050109
be7ed924
be8271db
be62c825
bb43e58f
3b5e4c49
bb578bba
3e34e411
3d1d6f9b
bd97e116
3d273de5
3e269b7d
be9d9200
bea2bf80
be92cf6c
bb35d9ed
3b619bbf
bcc1b9ed
3e58b54a
3d39782f
bdb88829
3d487da0
3e4ab42c
bebde473
bec56536
beb6bc35
bb2888d2
3b65514f
bd365b6c
3e7d0926
3d558827
bdd99132
3d6a42a8
3e6f6138
bedeba87
bee8971c
bedb5103
bb19b662
3b68214c
bd8169ef
3e8eb1fc
3d6e9607
bdf71f71
3d843155
3e8816b8
befc162f
bf0408c9
befc0bf1
bb11cd45
3b6b3289
bd996bb7
3e98fdb9
3d7e74b0
be04e703
3d8dc5d5
3e929608
bf076618
bf0e1793
bf088926
b9bcdba6
bd349e8d
3a0a024a
b7049072
b58f1a53
3bba7f24
bdbb3c8f
b6e989ad
3d9c53fa
376d1c98
bc10eef0
3720dd01
ba9a28fb
b6298f54
38e783f6
bd36d505
393f812d
3d8df371
3701061c
bc990740
36e8e08d
badf2462
b694c3d4
3a1fc916
bd31610c
3a16a0f3
3d835d79
377ccf93
bcbab38e
376e68e9
badb3385
b69494c3
3a94dad3
bd291f89
3a5cac50
3d7ebb3f
37ecf7c4
bcc3702a
380208fc
baaf84b4
b695ca15
3aa96d7a
bd1f0229
3a795108
3d792c49
382fbf10
bccea2a8
382182ca
ba68f21d
b670297c
3adcaa34
bd1547d7
3a7a6bd8
3d75060a
38495973
bcd8da74
384a8802
b9ddd5e8
b66d4c32
3afdb431
bd0b3850
3a6ec7ca
3d6f254f
386824a0
bcdb7d41
386b0d54
37477d21
b68d314e
3b10bb26
bd029c31
3a6451c1
3d69ad07
38828634
bcdfc8e8
3886278b
39d7c9c7
b6a770d3
3b2113ff
bcf69ebe
3a51bdb2
3d63b405
38903f62
bce40f10
38973564
3a4e44bf
b6ca09e5
3b325593
bce7e0ae
3a4a3ed0
3e0b8ddd
395e21bc
bd9303d3
3962bbe0
3b3cef23
b772772c
3b4302cd
bd893274
3a472473
3db6277d
b93adc20
bc1db0ea
3a0bfc18
b70370f9
b5e9b3c2
3bb9b64e
bdbed017
b6e9983b
3d9d5fd4
3750326f
bc42a05c
3670e7e8
ba9a22fd
b6424d79
385b8b99
bd32cf8e
393fa686
3d8e653e
371203b2
bc9c80aa
36d5b783
badf1d35
b6a289fa
3a19bf8f
bd3361e5
3a16be1f
3d82fb49
37845757
bcb36926
37601973
badb4ebd
b695a24c
3a8ff190
bd2bc71f
3a5cd719
3d7ec792
37e985bc
bcc4f97e
380800af
baaf775e
b689b7d0
3aaf341a
bd1ecee0
3a798ce2
3d79bf11
383103e7
bcd14913
381fd049
ba68e038
b678d454
3adbacb8
bd1559c9
3a7aa7f8
3d75238b
384d6f85
bcd79ac5
3847c5ec
b9ddc743
b6769f46
3aff4695
bd0bcfd1
3a6f0118
3d6f5d18
3867f475
bcdb3694
386b449a
37475f4f
b68d06f5
3b10b78f
bd02f598
3a64adb4
3d69a6c0
3882fc10
bcdfe826
38867091
39d7c412
b6a8ca4f
3b210530
bcf6d15f
bd5eb7d9
38a9020c
bd4fea0b
396a8ec7
bc33e167
b8e0ae74
3c96ebdc
3c91cb66
38502de5
3c91cabd
38023c6a
3bc2cd8e
384a7307
b9efcf7d
3c843ecb
382ccc18
3c843d9e
37c8c99c
3bae04dd
3822d763
ba337a49
3c1b912b
37a1cc35
3c1b8e1e
3709bdfb
3b40884f
37820a32
ba458aac
3b8f4957
3667dd1a
3b8f4274
b63e64a8
3a970440
b584feed
ba3e2a52
3ab862e0
b696fda4
3ab84600
b70f3e95
3927792b
b71d022f
ba254e58
b87136ba
b6fdcdad
b874aab3
b726ef4a
b9942ba9
b746d9cc
ba018f94
b9e683ff
b6ea0a89
b9e6e478
b70e9868
b9b01bda
b72c9f6a
b9b33901
b9c4850e
b6a27158
b9c4ce94
b6c2bb71
b9761c39
b6eb710a
b94bf2eb
b947ea1a
b61ef7a6
b9483c89
b63b83bd
b8db0a9b
b65f7912
b897e382
ba4c74de
39a36aa9
3d13aa93
bd49f286
bc1264bf
3cb6937d
bc3b73c9
bd4e3fcd
3db1953e
3dc3ff0c
3dccf821
ba31a88b
393d2144
3cd03dc0
bd0482ef
bbc032cf
3c774573
bbf60592
bd0d9155
3d6fb3a5
3d7ff18b
3d8bf329
ba00fa98
393c21b4
3c7f6a2d
bc8ae369
bb3f3c3b
3c03281a
bb80ec8d
bc9a7b3f
3cfbc9a6
3d060c05
3d17dbf0
b9d67869
393b7ef9
3c1f6fa3
bc023da6
ba9cabe9
3b7ac70c
baecf4ef
bc1d9dc9
3c6bf1d5
3c797828
3c9920c7
b9c81471
393b8174
3be43acf
bb7a7395
b9d22d2c
3afac383
ba5ed6c1
bbaf3f96
3be0da5d
3bec557f
3c26a785
b9c02b3e
3936ac5a
3bc5f422
bb232559
b9314e4f
3aa554df
ba0e84e4
bb819fb0
3b92f75d
3b99319a
3bf40e3e
b9b438ef
392fc29a
3bc568eb
bb297755
b9454aba
3aadcc62
ba19f52a
bb83101c
3b989193
3b9fc369
3bf9e511
b9c24a27
3931117f
3bcdf91f
bb48d2cc
b98de7ac
3aca166f
ba31367a
bb92274e
3bb3d6ff
3bbd5b79
3c0be4f1
b9adacfd
393295df
3bd5a5b8
bb63a2b2
b9bdc03a
3add3572
ba4caeaa
bb9ee191
3bcb9140
3bd6e746
3c192230
b9b94a17
39285c3e
3bdab0bd
bb729ac2
b9d302cf
3aed2280
ba57eca8
bba5eeb2
3bd83827
3be43dcd
3c20b4a4
b990fe55
36971ba3
3500f504
359398c7
b3bdb8f7
b97d3139
31228130
3835f394
3a57b8e0
b7c31d9a
37aba2c0
35770733
378d75a9
b6d30f39
b8418a5a
b3486949
383ef8bf
3a2c6a2f
b7a2fb5a
3808be9a
359b0ca3
3803f472
b69cf7cf
b83c8cb7
b425683a
384a0cb9
3a04b497
b78f0917
38176bcf
35a04e49
383abf80
b6500c5f
b83e0df9
b479f4d6
38501176
39c23081
b77bf070
37fb1092
35921330
386b15dc
b5c5e468
b84251cb
b493becb
38551509
398320c7
b752d5a2
376fe9a7
356c3215
388ae313
333096f7
b842d770
b49ab773
3859373a
3916eac2
b735c500
b7239c48
35231ed4
389e0812
35cd0a7e
b84816ef
b49b0a85
385f962d
384f7fc1
b709fc43
b82aa5cb
34971a65
38afa964
364912ee
b84af4b4
b49b79e2
38630290
b817a0b5
b6d13aa8
b8a0dced
b3a43481
38c06ad2
36946761
b84f60f0
b4944cef
386947c3
b8f35360
b68bbe63
b8f3301e
b4f7bf8a
38d0d2bd
36c530f7
b8549af0
b4933e95
3916327c
ba0e8ef8
b6b34b0a
b9dde3e7
b6108b8b
39632346
36f6503c
b9078177
b492533f
b9d35b6d
3a829c2b
39816f3c
36685a31
350170fd
35bb094b
b72915dd
b91c2501
31228f33
3833d53e
3a57c426
b7bc3bdc
37ab9bb0
35770020
378d674b
b6d28364
b84047f1
b3489009
383e3ff9
3a2c7324
b7a21c11
3808b959
359b0849
3803fe08
b69d885e
b83a0a78
b425883b
3849d023
3a04c17f
b78fa49d
38176624
35a0638a
383aa500
b64fd95f
b83d6bf6
b47a2535
3850047b
39c2439f
b7796963
37fb2c9f
35920877
386af505
b5c6f033
b841ff88
b493e238
3855027b
39832d93
b754b38d
376fd8f3
356c20b6
388ad017
330d2257
b8432b3c
b49adc89
38599886
39171250
b7360ec0
b723931c
35231302
389df273
35cdb569
b8487c8f
b49b2fb9
385f68c0
384f8b1d
b70bd1df
b82a989e
34970ebd
38af9995
36488928
b84b8afb
b49bb888
3862f00f
b817ab9c
b6d7edca
b8a0cf43
b3a432b2
38c05987
36946635
b84f7c18
378bc721
bba2b238
37a19031
3a0ec39b
368ab050
3a32ddab
38c0ea67
b6941b47
397b6d20
b6941d44
b9349480
b5fe1e19
b828f4aa
b58e2fc8
b67740f3
39c620a7
b6774809
b98c955c
b5fb74a9
b87aa7ca
b5e618d9
b60b599c
39e568cc
b60b62e3
b9a0a841
b5bbf749
b8854c9d
b6062386
b57709d9
39e64222
b57733fe
b99f01f6
b58498f4
b871984e
b605ed5a
b3d042c3
39d1b7c5
b3d19f4a
b98eb206
b526ec8b
b8422c13
b5eeeddb
b41e046f
39af32a3
b41eab0f
b96abf8e
b50ace1f
b80a8d2d
b5bf44e0
332313f2
3984a52a
3320d007
b92edfbf
b4a66df8
b7aa3516
b5867d37
b466ad16
392d9831
b4671afe
b8e0fccd
b48abb12
b7247449
b51b0a64
b4407a6e
38a5fadb
b440b810
b85330e2
b40b27a4
b636fd93
b46b23b5
3b9974da
3b4b8ae7
bb28727c
b9dd8c3d
bb9afec0
bb982655
bb983e1c
bba64de9
bba9e341
bb416710
baea4aa4
3b9337f0
3b39ce49
bb1781ee
b9c8bf9a
bb946a08
bb926ec4
bb9232ee
bb9bd7c4
bb9f26dd
bb33c355
bad9c292
3b888c8a
3b1cad5b
baf87ee2
b9ac976b
bb894aa9
bb889b21
bb87f10d
bb8a74ee
bb8d4f6b
bb1da874
babe91b9
3b77c5a9
3af53c56
bab9a0c7
b98ab41e
bb783d23
bb79eea9
bb777d7a
bb6be52f
bb70f783
bb040570
ba9f424d
3b5e1a57
3ab0b9db
ba762309
b9505bf2
bb5d90da
bb625a16
bb5ebc17
bb4272a2
bb47203c
bad4bcba
ba800e02
3b46aaf8
3a64c7ee
ba0563e1
b9110c38
bb453960
bb4cd505
bb481b87
bb1ca41a
bb2121eb
baa647d3
ba47c750
3b332f83
39f9c0f5
b920de1e
b8b932de
bb30faa4
bb3aee88
bb35476d
bafa546b
bb01873c
ba7f5288
ba18f3ff
3b24a8b0
3939c3f0
38ebd0c6
b8542dc9
bb21dc89
bb2d981c
bb2739d5
bacaff69
bad3ab24
ba45720b
b9ebd9e2
3b1b8891
b797f1b4
39955117
b7dd95f4
bb18503e
bb253a0d
bb1e64fc
baac904a
bab52b06
ba200ec6
b9be848b
3b17ca8c
b8e9d6f7
39c078fe
b77d2189
bb144f27
bb21d603
bb1ac652
ba9ec417
baa75cb3
ba0ee90f
b9a9b8cd
ba6c4c16
3991f938
39850a40
bc249cbc
bd999545
38104796
3d4c33c9
3980cd56
3cd3d6f2
39004203
3bbe58d1
384db32e
b97a6451
be32193f
ba493d5a
3d9f5eea
39b523c0
3d8fd872
397d1a88
3c0af64d
383b0739
3afcc6b2
be383d78
bb2426d5
3dc8c954
39cbea45
3db7e729
39a6bc41
3c0d0f6b
37f9f99f
3b8357e2
be40d4a4
bb758a7c
3dd6ab0e
39d5a288
3dc5aff2
39b700be
3bedac6d
376108b0
3bf55197
be4c303d
bb8dcc68
3ddf9a16
39de2011
3dd68755
39da4cef
3baaa4f1
b710f4ea
3c2182b7
be571cbc
bb9206cc
3de63868
39f75f5a
3de62be9
39f7669b
3b3fc70b
b7f35ecb
3c50175a
be63412a
bb8f07df
3df09a6c
3a072117
3df065d4
3a0bf9ad
3a253024
b84876f4
3c7c8a13
be6d00b4
bb8c29af
3df9eb2f
3a12edb6
3df9cf86
3a1bb567
bad34de3
b88ba489
3c948884
be7679ae
bb8329ea
3e02add3
3a1f789d
3e025881
3a2aea1d
bb79c2d7
b8b32f3e
3caa9144
be7fda4a
bb7fcba1
3eaba299
3af1302b
3eab58f7
3afb5b9b
bc75d45d
b95c68b0
3cc06a12
bf272d20
bb7cbe00
bd5f9949
ba2a614a
bebe8b31
b9d2b6cb
3991d081
398b61bd
bc5c999b
3c825c89
381052a6
3d4327c3
39848620
3d208d6a
391a5df9
3bbe51dd
3854a80e
381a3b0b
be35dfa2
ba4964a2
3d9d35be
39b29208
3d93cf79
39808422
3c0af1f1
3841d868
3b048ec0
be367bf5
bb24469c
3dca457f
39ca2c9a
3db002c9
39a8b881
3c0d213c
37fb3994
3b87f7a9
be3e4712
bb75ba17
3dd69d5f
39d69976
3dc77f7c
39b3c2f1
3bed9a8c
374912ba
3beee7cc
be4c98f8
bb8dee6f
3dde6c8e
39ddad14
3dd94828
39db1c9a
3baa9806
b706c6fc
3c21edc3
be576785
bb9229d6
3de5af1e
39f5eb39
3de4a25b
39f8ea0a
3b3fba20
b7edda25
3c4f3e8e
be62d19a
bb8f2a31
3df028a4
3a072c79
3def57e8
3a0bd571
3a252493
b84804eb
3c7c7daf
be6d3e93
bb8c6221
3df9d30c
3a12e536
3df9b430
3a1b9699
bad3488f
b88b6cc6
3c948474
be76c7df
3e64ba8f
3af1324c
3e64c9fa
3b2db1b1
3d549f20
b8cfa067
3e2951f2
bd9a7640
b9623234
bd9a7647
b93fd688
bcd81559
b9817a18
baabc10d
bd8b7d8e
b941928d
bd8b7d93
b93f7033
bcc700a6
b97385a6
bb1851fb
bd21b98f
b8c6894a
bd21b99b
b907423f
bc6b61d6
b9171213
bb3c0fc6
bc90a7bf
b7f79c3f
bc90a7e2
b8af2a31
bbdc9dc6
b89df21e
bb420301
bbac2a99
367014ad
bbac2af7
b85ac916
bb18e3c1
b80e7b41
bb30bd94
3a1e11b2
37928980
3a1e0efc
b80a9bd7
b9419e49
b75300d6
bb0fc468
3b10b7b5
379b3782
3b10b731
b7b38651
3a02793e
b6822acc
bacbfb11
3ad4ffdd
3759e8c8
3ad4ff5c
b7665ce7
39d930bb
b5f3be3a
ba6c6841
3a3000ec
36d690fa
3a300041
b6e99511
3939a013
b5946f53
b9b3c1d7
3aa2f9bc
3ad4b338
bd8b1c3b
3e623a4d
3d3105bd
bdcc6d85
3d4a6fc3
3e56fed3
bec7556d
bed1e105
becee2e5
39b6950c
3acdd11d
bcb82f0b
3e1c21d3
3cf88553
bd8a86b5
3d07e828
3e11e099
be8940ec
be8ecfb0
be85c837
b9d65177
3ac7e543
3c961ca8
3db2d0d3
3c925aac
bd1a8303
3c9469fb
3d9cde9c
be1a6ad0
be1ce2fd
be04c869
ba3dea4d
3abfb345
3d2b46d6
3d4b597e
3c2eb505
bca67065
3c18281c
3d1e58fe
bda982f1
bda460b7
bd5bae88
ba506c3a
3ab6e945
3d557aad
3d0632b7
3bf3121e
bc4de7a3
3bb2253f
3cb341a3
bd55f851
bd4399d5
bca0dca5
ba5618a4
3ab1ba1e
3d60b606
3ce21317
3bd5ff06
bc2590b2
3b8d44d9
3c8c1627
bd317abd
bd1c58ba
bc20d79c
ba67ff6c
3aaefd7e
3d5e1adb
3ce70eb5
3bd9cd79
bc2c75c4
3b967685
3c933773
bd36e17b
bd221a6a
bc3c2c26
ba46ca3b
3aaa0109
3d57f9bc
3cf9b3b5
3be7522b
bc3e2805
3ba564db
3ca8050b
bd47ddc3
bd3449bb
bc840768
ba73a04c
3aa6d87d
3d545e3f
3d03f192
3bf48a34
bc48aed5
3bb4448f
3cb6b4d2
bd54d8ff
bd4200b7
bc9ff667
ba5dc510
3aac9c4c
3d53ab1c
3d077305
3bfa3b65
bc509807
3bb97de3
3cbd4b08
bd5afbaa
bd483095
bcac1d71
b33935c6
b5ca2c1b
b7ec9c1c
35625cc7
b30c43ef
38a3dec4
386f0b0b
392df09b
3a6284c1
b6b36b2d
b7f3170f
34234134
b92321bc
355ba86b
385473b7
38d939e7
38fdaf91
3a416e18
b701fbdd
b85fc552
35fcfa2a
b91e6775
362e3ec4
37fea0a9
3911da6c
38d5155f
3a2311e3
b7001a93
b89b66fe
367a3fb6
b9151b37
36804659
37d021ac
392a02ff
38c8034c
3a07c9a3
b6ce313f
b8bea1c8
3683f8b9
b90907a9
3691cfe2
37b7b702
393552b4
38b7713b
39df0ae9
b689f532
b8d9dd16
36aeced7
b8fc3cf7
36936ccc
37acad9b
3935256a
38a8dbcf
39b3f3c5
b606727e
b8ee18cd
36c5caba
b8e3b3fb
368dad11
378cffae
392b9c55
38a14574
398d565d
b28d6353
b8fcb876
36df53b0
b8ceb8c4
36889c24
376b71c8
391b26dc
38983ed8
39541ee9
35f4737c
b903a87d
36f70bf8
b8bc1cb9
367cdf43
3728f67e
39064824
388f31af
3911d745
366f088d
b907be3a
37075d6f
b8a93390
36751f97
378376d8
399cc6cd
3927ab16
395c2f35
375cf45e
b98c8780
3712f405
b93f82d0
3671c477
39a4e118
36202056
ba5b0427
3a8282b6
b33aa58e
b62c96a4
b83f9933
396575d9
b30c4d4d
38a973e6
386f0f30
391fb268
3a6279d7
b6b36447
b7f302ce
b3d98f45
b91ee63a
355bd338
38594a83
38d94878
38f99c04
3a416605
b701f7b7
b85fd77c
35f22b5b
b921493f
362e6075
37f8decd
3911e9ed
38dd154e
3a230af4
b7002a81
b89b5152
366f5f07
b9182659
36805f3f
37d0d701
392a131c
38c601a7
3a07daa8
b6ce2199
b8be867c
368a840f
b908e2bf
3691f2de
37bcfd88
393564ff
38b4d69c
39def746
b689eaa8
b8d9bf9f
36adf8a7
b8fc4522
36939030
37ace2c8
39355580
38aa2a87
39b3e40b
b6066979
b8edf88b
36c760e3
b8e4ca21
368dcf0f
378e7f3c
392ba52c
38a18a17
398d4a68
b28d73fd
b8fca1b6
36dfa325
b8cf594d
3688d32b
376bbff7
391b3005
38988850
39540cd5
35f46d3a
b9039cb3
36f6cd36
b8bc5ce1
b9717cdc
3ac6910c
b97429c3
bb8db1ed
b850f6c3
ba96dcec
38600f48
38a78823
b94de9bc
38a78845
3957513d
37e15078
38bfe1b6
b5d44d13
38973023
b9a05afa
3897305b
39a8d933
37c9368e
39172ea1
b61bbda9
3830f221
b9b7414a
3830f2bf
39c277e1
37600e30
392cc68f
b628c0dc
37a0f18a
b9b55165
37a0f2f0
39c20a66
36b2e887
392aa6cd
b620dd59
36c04579
b9a29d6f
36c04af6
39af8f42
3554097f
39185013
b60ae55c
b4f7fd45
b9859ffd
b4f7a91f
39918c43
b5965fc3
38f7f4eb
b5d8903d
b60ffc15
b946ca1a
b60ff2fc
395a6e10
b5bdf8d0
38b576d5
b5952829
b5d63016
b8ff3342
b5d62291
390d65d2
b57b63e0
3862f1ed
b52942e7
b555363b
b86eccf2
b55526f1
38856201
b4defcbc
37c99874
b47b08b6
bab08fd1
bb9dc44c
3bad0820
39ccb05e
3ac1ca87
3a80e2ff
3a8d1fe9
3b8cf1a1
3ba5fa12
3b691201
3b1c66c1
ba99673f
bb9528b0
3ba262a5
39e46ac6
3aaba840
3a4e3c64
3a72d8c1
3b861d76
3b9654d1
3b520ee4
3b094b56
ba689d1f
bb86b337
3b91e13d
39e98014
3a868761
3a0486d5
3a3172d0
3b6f9f10
3b814462
3b33e0a9
3ae601c1
ba13034a
bb6b6c9f
3b7ed97f
39da47ed
3a354264
39514e40
39c74141
3b4b85bc
3b56142f
3b15a9ce
3abc84ca
b976dbd5
bb49480b
3b5ac732
39bf80d6
39b94fbc
b8c6c8ac
38a5d725
3b25ddc1
3b2c1fc1
3af45444
3a98bafd
38759c21
bb2a5c34
3b3aa44e
39a18b69
384110cf
b9ba73e0
b94cccd2
3b030b36
3b077cff
3ac55ef3
3a76a2c6
399e73f1
bb10d3a0
3b205992
398628bd
b95b934e
ba1536af
b9de4c86
3acbd512
3ad39925
3a9fdcb9
3a48c01a
39fe84e8
bafbc185
3b0cf0bd
3961afeb
b9d28927
ba3f39c2
ba1c632d
3aa01eb7
3aa7c07c
3a84669a
3a278d68
3a1ecf72
bae3e40e
3b00b60a
39466f1e
ba0a3436
ba5aef34
ba3a27e6
3a842bc2
3a8bd172
3a660afe
3a12a36f
3a2e6616
bad9b1fc
3af6d863
393a46ba
ba1a4ffd
ba68ddd6
ba49022e
3a6f10f1
3a7e762e
3a56ae28
3a097dd9
b49098c1
3720e9de
36da798a
b420818e
b9569e12
348ff4e9
b8315648
b48af985
3a57de4b
b4708492
3732082d
b90a14db
366d88d1
b9878861
b41812da
b9338ade
b50796b5
3a2d55f9
b45769c0
371d96f7
b8dacddc
373f73a8
b9921ccb
b49524cd
b94617ef
b5194d3f
3a06ac34
b41258b7
371186e7
b88a99f3
378e6a56
b97adb2b
b499f298
b91ccce8
b4f05eed
39c57c35
b3998b9c
35caaf18
b78481aa
37a39e82
b9478670
b491ca6d
b8f91b01
b50851f0
39812e3b
32571332
b51cbe72
38063e45
37a78885
b9108803
b4d069a4
b8b51dcc
b50e67c6
38fc89cb
33b0e77d
b6a281c1
38b24050
37a3252a
b8c6b05d
b5000fba
b834ca13
b51fb1b1
b642d1ec
34170d30
b70d9bc5
39058778
379f0dcd
b8520838
b51719c3
353625b9
b530d81b
b902b81f
3451ee92
b74b52da
39307a31
379448bf
b734346a
b5303217
382c0cdd
b5419b6f
b980c1e4
34854e68
b7832976
395ab75b
37904a86
3899b0b2
b60b7e01
395274c1
b60e7578
ba706ad4
35223ef6
b79ff363
3a23e4f2
378e7b36
386238b7
353c9ef9
39386b3c
b4db1e58
3a83732e
b4afea1e
36c8b4dd
b8e44f58
b4208d0e
b94c3723
347d4ed7
b8d77925
b4c83976
3a57d8b8
b478b99c
371d313a
b8f29c83
366db72b
b9850dca
b3fe6ac7
b93c9f3a
b50bf447
3a2d517f
b45f65a9
37168211
b8ece163
373f98b9
b993e582
b48ca9c1
b9338ad1
b51dfe6c
3a06beaf
b4132935
37068541
b8a45c67
378e85f2
b97ac6da
b49e1d37
b9210405
b4e0f438
39c56e1e
b38b64fb
36213a13
b776daf8
37a3c5c8
b944e0e4
b48f8412
b9028cac
b50a17f0
39812508
3226fba3
b53b75dc
3807fbc2
37a7b0bc
b90f5a94
b4c8beac
b8ae3e2c
b511dc90
38fc7783
33aabb92
b69b2203
38acb316
37a34c51
b8c420ea
b5002eb4
b82cbd13
b51f1b93
b642c3d7
3416cc87
b70d7a44
39057bd7
379f4ddd
b85180b2
b516a1ab
353ff737
b5306137
b902b4b4
3451543a
b74b7d05
393067ca
ba3be153
b6f1db6d
ba3c8239
b6097c9b
badce2c2
3538a3a2
b98ef965
39b269bd
35a297d3
39b269c9
350e6934
3911ca37
35825ea4
36cfbb43
399fdfdd
35a03ee0
399fdff0
34be2005
3913da75
355a2e93
373663a1
3935d0ab
355efdab
3935d0d9
33129313
38d2f8a5
34c7b342
375f6473
389ad700
350d5106
389ad774
b43c2f67
3889ab68
3379f26c
3764ce91
3795c3fc
34b28eae
3795c595
b4904169
382ef53f
b3dea648
374ef5c0
b6ff9caa
345d34af
b6ff96b1
b492117d
37d77aaa
b427e4e3
37271172
b7625ad1
34092ae5
b7625850
b46e332d
377e2737
b417e60d
36eaff50
b71d4079
33a5f335
b71d3ec0
b41c77c8
370857b4
b3c857b7
36869ca4
b682fb17
331618ab
b682f91f
b3912792
3644f5d3
b3328cab
35c8cb83
3797e898
35e9d169
3a472a96
ba379cea
b91726e3
39a2114c
b933c60f
ba0e44c3
3a9f116d
3abc8998
3aca0646
37afd0ae
35d8d613
3a110448
b9c87950
b8abcc1f
392720dd
b8ca8dc1
b964c7b4
3a24e45f
3a562907
3a67d670
37c72d7b
35a663c8
39bf3abb
b8b91e4c
b7d37349
37d08498
b7ecb6d8
38a2b68a
38d32e71
39822f1a
39974b9e
37cc74f2
355fa6a8
3985587e
38a69e0a
36f65028
b85a5812
3741e453
39802dc3
b952a3ed
b8a3ae37
b85bab47
37c8728f
34edbbd0
3955f5f2
391fb33b
37b72bf6
b8b210d7
37eff663
39a507ac
b9adb183
b9668357
b9534230
37c3535c
b1aee9fa
39462689
39349a21
37d6eba9
b8c50352
380ba661
39ada88f
b9bef75c
b9872eb6
b97c9a75
37c155b1
b4e70e2f
3947a24a
392f1626
37d1598b
b8bdb609
3805273a
39a9b36f
b9b90c20
b981cd3f
b970a7fb
37b99ee9
b52c7527
394ea5ea
39230602
37c1f468
b8b1b028
37f85237
39a2d8e9
b9addf17
b96c9787
b9586a1b
37bedbbe
b54d8cae
39541ffa
391affcc
37b43a0c
b8ab698f
37e81905
399ee297
b9a68f0f
b95d1791
b947f420
37bbe738
b58ddf8a
39577553
391845fb
37b04b32
b8a7f3d2
37e45c37
399e282e
b9a4758e
b9582b04
b942216c
3378b7a6
37503bc4
b305bfef
b89a8ac5
38300d01
b79746b6
37015881
b6a8e470
3a5b255e
3528c124
39143c12
35334f88
b8c64888
38a6cac6
b860f1a6
37ba36e7
b6f5bb26
3a318143
b5ae0780
3918f3ab
3613f08d
b8e5ab54
38ed28d7
b88ea177
3839a792
b6f8bfb7
3a094e8f
b655ee98
39207545
365f36b5
b8ecb099
39156292
b89672d6
389ce03f
b6d0dec8
39c57162
b6d2aa80
392af3d4
368237ef
b8efbc7c
39304ccd
b8a18d1b
38ee1836
b695527f
3976e464
b70ce1d3
3934baf4
368797f0
b8f0f5ad
3948291c
b8ab8e19
392741f5
b626f35c
38d11b4d
b7371061
39404041
3686708d
b8f69629
395dfe57
b8b1b8ee
395d8939
b50b994a
b804ca93
b75fdc28
3949c39a
36856082
b8facfd8
3972bbe1
b8b750c9
398c1221
35bb4e44
b927a42c
b783f615
39533154
367c38c9
b900e559
39838fae
b8be5d0b
39aaa95f
365b9d75
b9960d51
b798607b
395c637f
367793c2
b9a66336
3a478f73
b978c121
3a883d93
37579f30
ba59bea4
b7ac1f31
3a10aee8
3675210d
37953aab
35a6010b
3910cad0
b6241aaf
b491fc27
3a82ddf2
b659a5f0
38ab81e4
b305ca9c
b896503d
38300e9a
b7f7274f
3700f9e6
b6a8de4f
3a5b116e
34da37cb
39175326
3533728b
b8c431ae
38a6d666
b86845ec
37ba272e
b6f5b377
3a318de7
b5b77295
3916f9f4
36140d32
b8e6e2f1
38ed4200
b887e05b
38399c24
b6f8df18
3a093be2
b65dbfe0
391e2296
365f61fd
b8eca409
391570cf
b8984402
389cf6a9
b6d0cf12
39c556b9
b6cd0ab7
392b3f80
36825730
b8eec0f6
39305e75
b8a3f9c9
38ee0269
b695473a
3976c298
b70d2ca5
3934fe34
3687b87a
b8f0a400
39485dd9
b8aa2462
39273318
b626e80e
38d0fe9a
b73660e5
393fe671
368690d3
b8f60d02
395e09e3
b8b0c99b
395d7678
b50b8f40
b804beda
b75fb198
394a01c5
3685963c
b8fad154
3972c917
b8b6d10f
398c060a
35bb4998
b9279500
b783fe7a
39535bbe
b93eabf4
3a96aec2
b94029bf
39b868de
b83ba862
bbec06d1
b91b9055
3888747d
b89d90bb
38887490
391d4738
37bfc91a
390fd5dd
35bd34e4
3874fbb8
b8e71387
3874fbf6
39755277
37b0300e
39671495
36243b3d
380c4b3f
b8f4ba4a
380c4b96
398c15e0
374f944b
39868ad9
36480739
37729871
b8db6fb8
37729a0a
398a0230
36c03013
398733a4
364c9b0f
3673e8ed
b8ac781b
3673ef23
39750c08
35fa62f7
3974ed34
36393f73
b5949199
b86b124e
b59485b0
39459217
33b8be25
39498959
3615e91e
b61bb74b
b8028bdc
b61bb22b
390e47ff
b501b25e
39143e28
35d3d9fd
b5d5148d
b73fa308
b5d50cfb
38ad3cb3
b4c6d7ce
38b8becf
3574a05c
b534c2da
b406a215
b534ba3c
3814a346
b4326293
38215154
34b91301
baa2ab4b
b992b46c
3b533a99
389d7a88
3aaa143c
3aad8667
3a8148e2
3a15c313
3ae55bc3
3ac28735
3a9a22f2
ba9acb55
b8c2510a
3b42ba50
38e7888c
3aa2bbcb
3aa445a3
3a78ffb0
39ed0116
3abe7f86
3aa377cb
3a801512
ba8e9c59
39502d02
3b299ae3
3904d8c8
3a965ef3
3a98570b
3a683e4f
3971bdd1
3a8afc5c
3a76385a
3a41ebe1
ba81a7e7
3a0ab936
3b0dea28
38ed8caf
3a885561
3a8d932a
3a552b89
b84d424d
3a307451
3a2a68df
3a0bc8fc
ba6c538a
3a5f7a94
3ae6907e
38ad6dbc
3a7695c2
3a8554ce
3a43db2c
b9af79bf
39ad2f34
39d2f8c9
39c069a0
ba5ab846
3a951231
3ab8190a
38465e2d
3a61b804
3a7fecad
3a36c92a
ba1a8044
38519f89
39553029
397b3f68
ba4f6053
3ab2fc13
3a93318d
3780150b
3a53894f
3a7ac06b
3a2edb71
ba4f6beb
b928e35b
38644a99
391a847c
ba4a0529
3ac88753
3a723a6a
b7150d4d
3a4bfad2
3a7a12b3
3a2bd232
ba746742
b99efb66
b8416c3f
38b50f4f
ba493b79
3ad5f1be
3a5363eb
b7c41469
3a49d009
3a7c4b0e
3a2c6206
ba850189
b9c95f16
b8da00f6
3858d49a
ba4b0a15
3adc8297
3a473d32
b7f6b7e9
3a4aed7b
3a7f909f
3a2e9927
ba89b815
b9da5bee
b9055abe
3820de20
388074e4
3563937c
3bf478cb
b79f6d9c
3a195da1
b7856535
391ae472
b57ccef4
3a3b6618
bc2d3816
b7aae5e2
3c05d5b4
b732de86
3ae946fb
b70df85a
395e10c2
b52e251d
3a3ba541
bc2fbdde
b888fd7c
3c0e0e17
b6871f9c
3b18610a
b61286d1
395d3bc2
b539c6a9
3a3b369d
bc3368d5
b8cadc16
3c10683b
35e805ea
3b25cf85
3642d3a8
3935fd32
b5677ca9
3a450d98
bc3814b9
b8e7d212
3c11b024
36f16d3a
3b35a331
3715db09
38fc9ac5
b5aa9350
3a479d17
bc3c92c0
b8ebe6d5
3c12689f
375ef3f9
3b4483ee
37754a5d
3884f0a0
b5e629da
3a4dd90c
bc41661a
b8e42696
3c13ea58
379fee7e
3b4db41b
37aba05e
3703b6c7
b612d9b1
3a535356
bc456442
b8dd0903
3c1537cd
37cf81ba
3b57496b
37dbf66f
b83cb471
b636eeee
3a59297f
bc490885
b8cd1677
3c16dbbb
37feb7d1
3b617b98
3805e0c6
b8c9167e
b65d4ae7
3a5eb2b3
bc4cab98
b8c6f654
3cc0141d
38d3ffa4
3c14df13
38d50e89
b9bf973a
b7036e69
3a644885
bd035eeb
b8c4474b
3bab7a41
b7a1f140
bc860793
b759329c
372ac14f
34f92487
3838f99a
3b94cc7f
3563a383
3bf27973
b79dddcc
3a743bef
b77f93d1
391adea6
b571338f
3a3d4f49
bc2f0da4
b7ab0738
3c055b21
b734f618
3aefc194
b70c917b
395e09b7
b5224f92
3a3c41e8
bc2f0e0f
b8891800
3c0e5580
b68a094f
3b11c4cb
b60be556
395d5785
b5389579
3a3c3329
bc326873
b8cb0369
3c105f5f
35ee4566
3b27443d
3637fc62
3935ef79
b571c9b4
3a43ac5d
bc3858a7
b8e809b3
3c116aad
36f0872b
3b37fd69
37168c2f
38fc8795
b5a86db0
3a47c282
bc3cc8f2
b8ec1f72
3c124ed2
375d9697
3b434daa
37767cad
3884e7c7
b5e3d75c
3a4d791f
bc4156d4
b8e45d55
3c13e9c7
379fff70
3b4d2180
37ab7edb
3703aebe
b612bb52
3a534c8c
bc4587b9
b8dd6207
3c152a1b
37cf6cd9
3b574b1a
37dbc923
b83cafb8
b636a3a3
3a59261b
bc495a72
3bbd57aa
3960c593
3bc5965f
395d85b9
3aa9b103
378ea0c9
3a99cb4f
bb02ca9e
b71446c7
bb02cb01
b6a6e65c
ba32daf1
b709f685
37078a87
baecbfe2
b72768ae
baecc137
b6ac9f5d
ba224b7a
b716f8c3
36f3d0ea
ba8a3e95
b71074d2
ba8a4053
b682e78d
b9b9f9d8
b6f5858f
3681559d
b9faff0c
b6ef04ff
b9fb070e
b63d0b1a
b9210d83
b6bf7677
35908f61
b91b89ce
b6c57762
b91b9a38
b60857c3
b826b08d
b6956c51
b53d9bef
373ca033
b69e0f9c
373ba52b
b5c82ce9
3761ef95
b666c273
b5d937c9
38621ae8
b67080f3
3861e447
b59230b0
37d5a8c1
b62c2ecf
b5dbd4c5
38326e48
b622d2de
3832450c
b543d578
379ca496
b5e6f3e7
b59a4a0d
37a440e2
b5a27939
37a41282
b4c3fbf7
3709c5ac
b562ee69
b50c18a3
b912100f
38c97a1f
bb446124
3bb7793c
3aa65cec
bb1bb97e
3ac4de15
3bb7f87f
bc2614ed
bc2bd23f
bc31e63b
b91ac820
38be1166
baea5487
3b815d48
3a78482d
bad34f11
3a8f00da
3b84d57d
bbe9a7f1
bbf7b7eb
bbf9a0b0
b92c7a01
38c1a0e8
ba367d2c
3b118709
3a20ba69
ba57b095
3a343239
3b169beb
bb83dd4b
bb8a9539
bb872857
b930dc48
38c52cf7
b86b170e
3a9f4f7e
39da5869
b9be68a8
39e9f3ac
3aa6f2bd
bb10f8c6
bb15b97e
bb08e768
b92e3f3f
38c89364
3977d0d5
3a46e87e
39a9d00d
b9265cb3
39b03db0
3a53ad7f
bab6205b
bab86ac8
ba985fd5
b92a89cd
38cd03e3
39aa9a77
3a20ec14
399a54de
b8c638e1
399cbd9b
3a2d752b
ba95b45c
ba955f1e
ba66ea31
b928bb6f
38d1bb94
39a72118
3a23f67f
399993a7
b8e246bd
399db242
3a301c37
ba99aa9f
ba99772a
ba6f8736
b9227473
38d47399
399564a2
3a326908
399d4f60
b910025d
39a1ca14
3a3ee771
baa74a2b
baa7f131
ba8694a4
b92592fd
38d6dbe0
398890ff
3a3df400
39a1e8ef
b923440a
39a70e88
3a4a5057
bab24d32
bab390ad
ba927ad8
b923089a
38dbc277
3982d8e0
3a43ce10
39a426b2
b9315526
39a93b44
3a50093c
bab7cc9b
bab9350d
ba9876f3
b284562e
bd38346f
b9ab8b4f
bd599ca6
390eb38c
b85d262f
38f25e96
bc7051dd
3dcf7394
3824624d
bd3dd4ed
b993c0e9
bd6129e9
389e42b0
b7a77297
38ae91b5
bc59a383
3dcfcb03
38cbead3
bd41c3bb
b97c2ee4
bd648d17
37cc972a
3896aa65
3860d6fd
bc42c2dd
3dd0bc24
38faa3d3
bd42bf08
b9588fcc
bd6545e3
b7946551
392e9342
37dff51a
bc2df227
3dd1646f
38dfeaec
bd43164b
b93d9604
bd65fa4a
b862fe31
396ea905
362fcdd7
bc18e777
3dd205a2
389bc6c6
bd42bca9
b92be7df
bd66ac53
b8ae4cab
397bccc9
b7a2c83c
bc04e70c
3dd22b1e
381751aa
bd42af1c
b91ff013
bd6505b0
b8e01848
3954fc75
b826bfed
bbe21373
3dd2ad9a
36608445
bd42aaed
b918c95c
bd651493
b9046f4e
3908571e
b875fded
bbbb6de1
3dd26300
b79f49e4
bd421f54
b914257a
bd643df4
b916063c
380dc506
b8a15cc1
bb9462de
3dd23461
b8037a88
bdf44122
b9ccfc06
be0f88ef
b9e0cee3
b93fc0c8
b948e407
bb5bfd37
3e848947
b81239a6
3bb7892a
b85546d8
bca80e99
37fa57d9
371d98f6
374df2a6
b9186a16
bc1b98bb
b27f3fff
bd37a099
b9abcefb
bd5b88a5
390d39a6
b85d0e21
38f23179
bc708036
3dd07f71
38248215
bd3d9db7
b993c807
bd615556
389ed81e
b7a75973
38ae5d57
bc59aa77
3dcfb4e2
38cc123c
bd41cf85
b97c483c
bd63e0c2
37cbaa72
3896c7e9
3860b8d2
bc42e81f
3dd0a576
38fad479
bd42a2da
b958c4a5
bd654d11
b792fb6f
392e8752
37e0b2b7
bc2dc5e0
3dd1a2c4
38e02078
bd42e022
b93d88f6
bd66648e
b86338b1
396e980b
362ed5b9
bc18e4c4
3dd23762
389bec47
bd42d13b
b92babc8
bd669d18
b8ae4f42
397bba97
b7a2d2ad
bc04d77b
3dd269fd
38177616
bd42ff43
b92009af
bd65641a
b8e00681
3954ebb3
b8268ec6
bbe210e7
3dd2b263
3660e011
bd42913b
b9189216
bd652c8e
b90439f2
390853ab
b87610b4
bbbb7106
3dd2d659
bc323388
3ac58d9e
bc2c5b69
bb05d5eb
ba15c6e4
bac462a3
3d9cc252
3b714edc
b9037a0c
3b714e52
3914b7b7
3a654ec0
389704c1
ba8ba704
3b60c9c0
b9542268
3b60c8db
3963d85d
3a137750
38dec025
badf3ed4
3b0f8bfa
b977b192
3b0f8acb
398109f0
38086f57
38f314ad
bb00f4c8
3a98cfaa
b977c668
3a98cd05
397e9ea0
b9a63731
38e94a04
bb000456
3a03bef3
b95f2df5
3a03b95b
396459b2
b9f36688
38cc3ed7
bae36615
38c890cd
b937860a
38c865f2
393bd574
b9f8411e
38a3ae1a
bab55c51
374c8b76
b907bd89
374b615e
390c18ab
b9b63e73
386dba60
ba7ded9e
b88bb10c
b8acefcb
b88bcda2
38b3ddea
b969be59
3812a4f9
ba11c291
b8a87b24
b820017f
b8a88b2b
3827c21b
b8d4a7fd
377f07f4
b95b5039
bad73cad
bb39e77d
3d1b0bda
bbd3bf1f
398b4c13
3b9d3739
baee4a7d
bc3557e7
3ca01075
3cb580b4
3d111a80
babc2932
bb2736f3
3d09f368
bb9901d4
39d5e417
3b7cbc96
bac21fa7
bc17b590
3c84536e
3c955b16
3cfad4e9
ba9cac23
bb137428
3cfe5cf2
bac20ad9
3a57431d
3b0f6661
ba6aa9cd
bbc9e5eb
3c221033
3c3fff11
3cc29342
ba77f2cf
baf8d2f5
3cedea6e
3a031447
3a7f6e80
3a887fe0
ba1e7af1
bb8d134a
3bbb7db3
3bf4601b
3c9d750f
ba394540
bacaa57c
3ce27ed6
3ac55bed
3a7790d2
39b6df83
ba0f1583
bb618489
3b589dd3
3ba6b653
3c887252
ba015e7f
baa0fb39
3cdb1d0c
3af8ddb9
3a554c34
b83ef899
ba2055f1
bb51570c
3b07fa73
3b81d9f8
3c7cb226
b9a68444
ba7d808b
3cd6ed53
3afbbe24
3a2a6536
b96236fc
ba422748
bb58d089
3ad30589
3b6df2a5
3c76bd54
b94f0324
ba4a4969
3cd49d6b
3af76825
3a098f48
b9aa4ed8
ba5dbe32
bb62a095
3ab1c5f4
3b6415ff
3c74872f
b8e8b78f
ba29f297
3cd424f4
3aec767b
39e0b077
b9c1f0dc
ba7571fd
bb6ea156
3aad438d
3b67512e
3c7658b0
b8a55310
ba1bf43b
3cd513ca
3ae36245
39c796f7
b9c190bc
ba81585e
bb7806bb
3ab3cca2
3b6e1507
3c79ca48
ba883c6e
b68b05a0
ba83c676
b693c660
b7cc33c6
34d5491e
b8fc0a2a
3b0c10fd
3a6f8b30
bb06760c
b70b269d
bb0508e5
b713ab27
b83681d3
355dc32d
b97a270f
3b886ffd
3a5ea37a
bb4509b4
b75255e9
bb438b11
b75e7d21
b8672f49
35abc63b
b9bc9ec2
3bc62f07
3a5087b5
bb7fca64
b78c2271
bb7ec7b7
b793d7b6
b8757fbd
35eb4380
b9fb30e6
3c002fa5
3a45424c
bb9bd31d
b7ae9873
bb9b6387
b7b868ef
b863e88c
3616e7f9
ba1cbd7a
3c1bcfd8
3a3b70bb
bbb63ec3
b7d16c8a
bbb6726a
b7dc93e8
b836bdf2
363a47bd
ba3bcdcb
3c363231
3a336b36
bbcfd343
b7f35d4c
bbd070d3
b8008150
b7e7f710
365d80fa
ba5b4296
3c4f5076
3a30374c
bbe898ce
b80ac25a
bbe9046d
b812c686
b70705f6
36809439
ba7a3917
3c67b3be
3a26494a
bc006b0f
b81be5c2
bc00c23b
b824dadf
3768e85c
3692d35c
ba8cbd60
3c7f8d73
3a23195b
bcb0f0c8
b8f316d2
bcb13b67
b8f7294b
38c1fdcc
3726bdab
ba9c45f3
3d300eef
3a2171c3
b6eb2038
3372a660
37f045b8
b283d4ea
b41fbe7d
b32df5d6
34e6b7f4
b7af780b
3a820bdd
ba878e7d
b68ae8b6
ba85db87
b693504e
b7cc2fd3
34d655cb
b8fd2418
3b0c4123
3a6fb9bd
bb063c8a
b70b6461
bb058dc2
b7145216
b8367cac
355dd281
b97a9cf5
3b889bed
3a5ecebc
bb44e70d
b7525e91
bb43a9cc
b75e7f9e
b8674eea
35ac0138
b9bc8444
3bc68709
3a50b042
bb7fbcc1
b78c35c7
bb7efa94
b793d7e9
b8756e3c
35eafb45
b9fb30fe
3c004c51
3a457196
bb9bbc40
b7ae975f
bb9bb73b
b7b893dd
b863d7ed
3616d992
ba1cce15
3c1bf805
3a3b9db5
bbb62b7d
b7d1962a
bbb652ff
b7dcbc2d
b836b116
3639ec9d
ba3bb23e
3c36456f
3a339641
bbcfe56d
b7f364d6
bbd00fa0
b8007f07
b7e7e608
365cfeb3
ba5b3d88
3c4fa2d1
3a307e43
bbe8969e
b80ae4e5
bbe8e38b
b812c81f
b7070288
3680afc7
ba7a1ee7
3c6809be
bb8a27d1
b900b4ae
bb8a288b
b9185b97
b9705d4e
379f3091
bbda3b48
390bdebc
351bd646
390bdec4
34aaaf93
38461333
3506da6d
36f4e653
3952ea77
357abc5f
3952ea81
3504ec7e
3897bdb6
3555a2ae
37672a1e
3963e1b2
35915018
3963e1c1
35166aa0
38a4d6a8
3571bc5a
37990f71
3952e0f5
359120ba
3952e103
35130fb9
3899669f
356b9b10
37aaed5c
39358f30
3585cc14
39358f44
3504f5bd
38849794
35541c38
37a87673
390df832
356008d3
390df83f
34dc9376
384ff888
352de4fb
37940a1a
38cbc23a
352bd59f
38cbc255
34a4c5a5
381520aa
35012c0f
3762dd08
38816bf2
34e5783e
38816c01
345615ac
37bc3fb9
34a6aae8
370f3467
37fdb8f8
34637025
37fdb919
33d14977
3733ff3f
341ee7f3
367374a2
38881da9
b8a1d39e
b9824548
bb90472c
ba793622
3af2f6ae
ba82346e
bb8315b8
3bf98d1f
3c001f41
3be288ca
388b9c81
b8a36636
b9acf5fb
bb8d1d67
ba74853b
3aed0d9b
ba7e9b4c
bb7ff3a2
3bf415ac
3bfa602b
3bdc230a
388fa1ce
b8a513ce
b9ec30c5
bb87c239
ba6c750e
3ae33113
ba74bd9b
bb75477f
3beab2f6
3bf04454
3bd156a9
3893fd16
b8a69eed
ba1849ce
bb81d5e8
ba636d56
3ad83c16
ba69b0d1
bb697333
3be03f25
3be508fc
3bc56239
38974ee6
b8a834ed
ba37e90e
bb78b92c
ba5b2a93
3ace24be
ba5f86c6
bb5e89f5
3bd69b99
3bdaace0
3bba5b41
389a8e72
b8aa0870
ba533e9d
bb6f740f
ba542afa
3ac594a2
ba56f72c
bb5552da
3bce7dd3
3bd1ee6d
3bb102f9
389da39d
b8ab9aad
ba68df90
bb688336
ba4edd7d
3abf2780
ba5095c9
bb4e7618
3bc873d2
3bcb6e67
3baa005d
389f61eb
b8acff2a
ba78e38a
bb63f98d
ba4b90da
3abaf059
ba4c6069
bb49f8eb
3bc48bad
3bc7351f
3ba5566b
38a1c27f
b8aeb6e8
ba81dacd
bb61a51c
ba49ed85
3ab8aca5
ba4a327d
bb47ae66
3bc29cba
3bc51532
3ba2dd86
38a2f876
b8b042c2
ba850041
bb614f0f
ba49ebdb
3ab84a8b
ba49e252
bb4760d4
3bc278be
3bc4e187
3ba25b9a
b76cf7d8
bf79c566
b5624357
baa317cc
b59cf6b5
394c29ac
bab92ef0
b9356805
3ffa8639
b6bc974f
bff9ab4f
b64b4fea
bb1a8d6c
b610353d
39bda7cf
bb5e1f31
b9743077
403baa02
b6ca8e60
c03b25cf
b67cc0f9
bb596c28
b622bad0
39d68c54
bb8274bb
b981c378
4079f49a
b6bb7816
c0796279
b67efaf5
bb870579
b61fef4f
3a09fa5f
bb94324e
b97d0de9
409c14eb
b699e7c2
c09bc411
b635b7f9
bb9cfec9
b60e9e40
3a1f9df1
bba49200
b970392b
40bb2734
b63c2cce
c0bace95
b5b1054f
bbafb394
b5d3983e
3a3734e5
bbb544d2
b964bdbf
40da32a0
b5487f9a
c0d9d26e
344a1f88
bbc034ac
b56e9c6c
3a4d9492
bbc52b6b
b96091f6
40f938ec
35bc7147
c0f8d0fb
35f70ddd
bbcf68a8
b3ccf152
3a6420e1
bbd52932
b954be88
410c1dcd
367b97b1
c10be619
366dc5ae
bbddfced
3548328c
3a7b32aa
bbe3f213
b9518f4b
41c4014e
378f48e4
c1c3b672
377210c7
bc93fe28
365d01bf
3a8909a6
bc996f1e
b94fc402
3ac1b196
360cdef2
3a2a5605
360f05ce
b67b5f56
b5ddc9ec
39014bb1
bac957d4
b7a0c459
3f7b2dd6
b73a1e96
bf79ad96
b6798eb1
baa314d0
b56436dc
39783353
baf122c1
b9358b1e
3ffa75e6
b6cdb537
bff9a9b8
b683ed4f
bb1a8949
b60c57e1
39b79147
bb58605c
b9745fd7
403b9d5e
b6cd51dd
c03b2388
b67793a5
bb5989a7
b620513b
39d97b0d
bb795001
b981dcb2
4079ee26
b6bad357
c0795c10
b683e2ca
bb86fbd7
b6219c54
3a08606c
bb944870
b97d4a92
409c10d4
b699a0ab
c09bd96a
b6399d82
bb9cf387
b60ddd00
3a1f41bf
bba48607
b97072cd
40bb2250
b63bec36
c0bac12c
b5b6560e
bbafa6ff
b5d44c34
3a373ea3
bbb56ced
b964f4a0
40da5071
b54cfe07
c0d9c2b8
344b2393
bbc026e6
b56fd68a
3a4d865c
bbc51a67
b960ec63
40f92717
35c03ac1
c0f8bf2f
35fc9ded
bbcf6342
b3d33cc0
3a642b88
bbd55d06
407e80c8
b6ab8b77
c07d70f2
35110573
bc41274c
b821ecb1
3ba535c6
bc40380b
37227c77
3b7d1472
3705d3ac
3a9ac3f7
3736f4a3
b7c3312d
bc0f1507
374ebc49
3ba6eb0d
37274f26
3ac24784
37670688
b814c944
bbd7b6d9
3755cada
3bb3a501
372d5110
3ac493db
376da5af
b82fb0d7
bbab9150
373a54b4
3ba651e4
371a0ee3
3aa6c576
37500a16
b82f71a0
bb8b558f
3712482d
3b8d5264
36fb4224
3a7bceb6
3725f1a4
b81d059f
bb5f6456
36d3b260
3b60112e
36be9982
3a2a1189
36f57bcc
b7fd3c1b
bb2966e0
368ce04c
3b24f195
368645bb
39c989a1
36a8796b
b7b4a8a5
bae45063
3625b04e
3ad7b4e4
3628bbdd
39428557
364e920c
b7559098
ba6534f1
35941616
3a552187
35a13343
3871ce45
35bfdeeb
b6a7af0a
3cee832b
364a217c
bf6804b1
40812846
3e2feee3
3e928318
3efd7c18
be10555f
bf37c9f4
bf1153d9
be948309
3cef5206
369b28d5
bf68c573
4081c254
3e30324c
3e9442cb
3efe8f2b
be158721
bf374448
bf1084c6
be91de61
3cf057a8
36b19cdd
bf69da9f
40827367
3e30e0e8
3e959350
3effed3e
be18b29a
bf37b428
bf10b7a2
be914988
3cf19a43
3722094a
bf6b28fb
408335af
3e31da16
3e969f21
3f00bf21
be1a8839
bf38c0d1
bf118ea6
be91fee7
3cf2ee11
37539e4e
bf6c8e85
4084029d
3e32ef2c
3e9796de
3f01949c
be1be0fd
bf3a0d38
bf12a490
be932c9c
3cf47070
376483dd
bf6dfdf2
4084d752
3e34129a
3e988f34
3f0271c0
be1d1e76
bf3b7011
bf13cd98
be9477d0
3cf617a3
37826be1
bf6f72e6
4085b2d0
3e354124
3e999011
3f035506
be1e6133
bf3cda69
bf14f9b7
be95bed3
3cf7b756
37a93150
bf70ed41
408694f5
3e3671f0
3e9a9c36
3f043e8e
be1fb1dc
bf3e4b01
bf162780
be96ff79
3cf991a9
37ad7294
bf726fa1
40877df7
3e37ab72
3e9baf37
3f052e9f
be2107ff
bf3fc39b
bf175a32
be984024
3cfb67f6
37b166c8
bf73fc56
40886e0d
3e38ee96
3e9ccab4
3f06258e
be225de9
bf414883
bf18961e
be998a93
b91a7fc2
3c7a6726
b6ed4436
bbe7c6db
b6f4f4b1
ba57a283
b84fa528
3ab9f15a
3d1674a8
ba93dc41
3cf848a1
b792bb4c
bc699601
37b4a00c
ba7b0a09
b8b4e338
3b18a365
3d4a5c77
baf3f416
3d383280
b7d2b252
bcb0b92e
37ed6157
baa3f086
b8ecb830
3b4f5ca9
3d74fa64
bb2a27cf
3d7243ae
b7df8d48
bcee215d
38462ec2
bad6861a
b90bc14e
3b85328a
3d8c5fbd
bb56fbcd
3d950520
b7c722be
bd16a742
38876d9c
bb06c3cc
b91ca123
3ba2c12b
3d9bdce5
bb768f72
3dafb665
b79b85c6
bd3734c4
38b60d9c
bb1c5ec3
b928e0fe
3bc07f26
3da9cc1f
bb8d9ad9
3dc942b8
b72aafd3
bd58bb96
38ece674
bb369aba
b933fa1f
3bdef303
3db6d66d
bb9f4f7e
3de1cef1
350a097d
bd7b2944
390801fa
bb526bdc
b9332dcc
3bfe787d
3dc37664
bbaf3942
3df997b8
3759b734
bd8f2a4d
392574c5
bb6c7258
b934dd32
3cb37cba
3e925a0b
bc72f073
3eb84c8f
388c2763
be225b57
39361f5f
bc26110f
b934835e
3775544b
3a53349d
39062400
386b6391
348d57b2
382d3de3
b78d9d89
b9f940f0
b688ad82
39b81c65
3cacf3b2
38dc1f99
3c7a53f8
b6ed5935
bbe7aa95
b850bb2d
baa9b622
b84fcd7b
3aba6528
3d167c2e
ba958ec3
3cf83e7c
b792bb6c
bc69a64a
37bbed24
ba6e7e3b
b8b50658
3b18dfac
3d4a702a
baf3c3c1
3d382afc
b7d2cb07
bcb0a0d7
3801610c
baa39218
b8ece61a
3b4f6ab9
3d751275
bb287534
3d72611c
b7df7d33
bcee00d9
383edad3
bad6f30f
b90be2e2
3b852cf2
3d8c6d71
bb53ff1d
3d94f855
b7c71679
bd1692ba
388a786c
bb04f8a8
b91cc6b2
3ba24e52
3d9c058e
bb778370
3dafa73f
b79b7a7b
bd371bd5
38b3f53e
bb19e13c
b9290983
3bbfa66a
3da9d509
bb8e3f46
3dc93154
b72aa7ab
bd58a7e5
38eb67f2
bb35a7e4
b9344297
3bdf0f0c
3db6e007
bba0162a
3de1bb85
350a1626
bd7b126a
39085506
bb5119dc
3b5273b9
3f0fb5d0
bb33aa34
3eff979a
b8940243
bea42672
3a5fb3d6
b8b7dfe2
bddb2be6
b89f54d9
bbcd20e5
b7e5696b
bb40b9dc
b5656449
3890e530
bdaed051
38a6a889
bc3de383
37de1fde
bbb866c0
33402ca4
3926bcb7
bd86bffe
39303b96
bc7edbce
38709e50
bbff254d
35807b73
38f72884
bd477eda
3903b1bc
bc931abf
3832dac6
bc18d803
3604709a
388179b0
bd0c39a6
388ef4e5
bc9991ae
37bf270b
bc267d93
362e2e35
38ae7c5f
bcb776bc
38b93b87
bc93183e
37fc5062
bc27124c
362c5efd
3881be3d
bc57144a
3889c5f3
bc80316b
37bc60e4
bc18f47b
36179a6a
38464ff3
bbd00658
3850f9f3
bc429a6e
378fae73
bbf43d9d
35c9f53a
380939e4
bb02437f
380e89b4
bbda700c
374351b3
bb8ea78a
352ea290
bf15619a
3e413ca0
be145a9b
bb0512ce
3f119b82
3f2361a6
3f186d16
3e314719
3e539a37
3d87bc0b
3d3bb014
bef6c2a0
3e786988
be35c82f
bc17cc59
3eef174c
3f093722
3efc9121
3d958441
3ddbcd70
3c52e857
3c635d2b
becd196d
3e8f59eb
be48dae4
bc671264
3ec58296
3ee82133
3ed28340
bb264518
3d04942c
bcd95127
bc1f228f
beacf63d
3e9b2d78
be4fbf0b
bc8aa57a
3ea593d3
3ec71da2
3eb1deff
bd6651de
bcaa396b
bd5b17ca
bcd38e75
be95339c
3ea11a58
be4d14ed
bc95455d
3e8e1ad1
3eae5c0f
3e998898
bdbbb351
bd62dee6
bd8f22f8
bd1159b1
be84943a
3ea29e42
be43ba90
bc96a90b
3e7ba187
3e9cb8fb
3e885087
bde65050
bd99e7a6
bd9fb0b6
bd2424a8
be73b902
3ea138a5
be36a58c
bc916517
3e66d6de
3e910565
3e7a0202
bdfa4f75
bdabde94
bda42ffe
bd287a54
be679bfe
3e9e600b
be28b30d
bc890185
3e5b4cf2
3e8a2217
3e6cdc4b
bdff2d01
bdaeb4df
bda11639
bd23b166
be6270c4
3e9b823b
be1cc39e
bc808171
3e5681ff
3e86ed36
3e66e09e
bdfc1065
bda9cec2
bd9af286
bd1b68af
be61d801
3e9a069f
be15c4a8
bc760f8c
3e560d63
3e8653af
3e65cdc2
bdf80b63
bda475c9
bd964645
bd153271
b922ce7d
bd590dec
b8829c79
3c2734c3
bcd27e93
bc060fc9
bf675612
39589ed9
3f983660
b6900d06
bdd08580
b8894fa9
3c6a2722
be12117f
bc3f6df8
bfb3456d
38d073bb
3fe13988
b82b0e66
be143b18
b8a09968
3c87a809
be31647f
bc513233
bff4b4a4
37d72df2
4013e41d
b88ccc35
be398927
b89cdf27
3cb94c07
be4e2dcd
bc4ed002
c01b1ff4
b6546f08
4037a3cd
b7ec3ff8
be58f5ed
b8896f26
3cda5d70
be68eeef
bc454e79
c03bcc25
37794140
405b38b4
37828ee1
be73d5f7
b830fd6a
3d001bdf
be827219
bc3bc05c
c05c652b
387f794c
407eb614
38896bd2
be85cc2b
b74a30ff
3d12169a
be8f7138
bc37b8f3
c07cf8f5
38e48f8e
409117fc
38f8ec7e
be90becd
37c12c6f
3d243d81
be9c3ac3
bc2d6a3f
c08ec676
393a0cfb
40a2d293
39328b33
be9b3dae
38800799
3d36647c
bea88db8
bc2a63a0
c14858e1
3a2b1e98
41636525
3a20eb08
bf4f5af2
39548649
3d488b89
bf643ac2
bc28cae1
3ce18cd0
38715724
3cc68984
390c236c
b8d09c9b
b844eb5b
3b392e18
bd8496d4
ba5c091b
becf8a01
b8e2bb71
3f1e70fb
b93de923
bd59097c
b82ed036
3c449943
bd834d9a
bc0629b8
bf66b298
393b7c88
3f97459a
b851dcb8
bdd07ff2
b88201e9
3c60a6bc
be0d48e6
bc3f9317
bfb2e215
38c755ef
3fdffc56
b8152893
be144f46
b89d9a3c
3c8a157c
be274657
bc515ada
bff4a57a
37df6b6f
4013dd3a
b89d50a2
be397bf3
b8a0e1b3
3cb63bd0
be4e664e
bc4f0199
c01b1e0a
b65011b1
4037c035
b7f5b349
be58e659
b887e479
3cd9ff4c
be692650
bc457dd3
c03bc7ca
3765db7a
405b25e1
378052a5
be73c47c
b830864b
3d00180f
be8297df
bc3bed6a
c05c837e
387f595b
407ea717
388903a8
be85c296
b74c74b6
3d121223
be8f8b73
bc3802ec
c07ce650
38e514a9
40910ceb
38f9fcc1
be90bb07
37c020ce
3d2445c3
be9c7783
bfdbaa56
bb3a5cb7
4028e95d
39a8b3f0
bf00c368
bab746ee
3e83cee6
be5a0d90
39de0a06
be62cfb4
39416197
3d1c4713
39b2d762
ba823f62
bdd70908
3a2d1a28
bde69145
3987de85
3d66f8c7
3a057de6
bae2fcc1
bd0c029b
3a461821
bd271e2c
3997f401
3d7f4be3
3a16ce22
bb0ce710
bbaa99b3
3a3a0396
bc31f890
3988233e
3d61f5c7
3a0a4997
bb103212
3b670731
3a1c45b2
ba99be8b
395b2c78
3d2f2d71
39e3962e
bb02f33e
3b5aebf0
39f09781
b9d43f23
3921c785
3cf08803
39abf695
bad4fec7
3aa0803b
39a9a5ec
bace5242
38dd7e28
3c904741
39700a11
ba985d33
b991f15b
3951fcab
bb0c07ec
3888f316
3c0cf17c
39155500
ba33ccd4
b9f84cf0
38c343dd
bab76821
3802ad53
3b325844
388c57d7
b98d1c97
3b1344fd
3ae8c963
3f04d28d
bfdfe0cf
bc362a02
bec17e07
be36705f
3f18c6a7
bee9b151
bf041461
bf1f403b
bb3a8d19
3ad87705
3f1e982a
bffc00fa
bd4e2e62
be90208e
be676aec
3ec0af0f
bd95b2b8
bdf2dc9e
be5b41b7
bbc07020
3ad6b00f
3f28cc54
c0058546
bd8eea46
be6dd5d9
be7fe5eb
3e8579e9
3df38088
3da06a7e
bc5cecb3
bc09cef0
3ab1acb3
3f2973b3
c008a4b7
bd9b4069
be5ca8df
be845478
3e5f7e76
3e405e1e
3e128d62
3d4a15e1
bc25df17
3aa502db
3f26dff6
c009f99d
bd9da8c8
be598d89
be8565e0
3e538f7b
3e52923b
3e1e78cf
3d6b8d00
bc36ed15
3a9a28e5
3f241ead
c00ac7f7
bd9c31e5
be5a4dfd
be85dd2f
3e520035
3e541a0c
3e1a84ca
3d4c959d
bc4affe9
3a90212c
3f227591
c00b9651
bd9b76af
be5be847
be863b4e
3e528410
3e5420df
3e16e6f7
3d3189a0
bc5481a1
3a7185c6
3f21de9b
c00c8700
bd9c51c7
be5cdf47
be870804
3e51e5dd
3e56eb0f
3e16d161
3d2a402d
bc613308
3a844d9f
3f225313
c00d8cf2
bd9d16df
be5d7946
be87c715
3e51d915
3e5aba64
3e19ac05
3d2fda4f
bc66b55a
3a75bab4
3f23435a
c00e98fe
bd9e8271
be5e632f
be88fa86
3e5202f1
3e5ec552
3e1cba3d
3d37a2d0
b809ce48
bc48e7b2
b8689aa9
b9d3ed38
b859f0b2
b9ffa3e3
3cf28d3b
39dffde3
3d649788
b880d48e
bcc910a9
373adba8
b9be537e
b8baca61
ba26ec7f
3d356c29
3a3ba815
3da17443
b8af8f54
bd16f558
376cb924
ba40e977
b8f6585e
ba3cc476
3d71037b
3a6ea075
3dcc51b9
b8ce3144
bd499f3d
3826cfa1
ba8c9434
b912275b
ba406c07
3d960be8
3a9ed219
3df39f6a
b8de560a
bd7ca9d5
3854707a
bab336f5
b922a686
ba48e524
3db36c7a
3ac98887
3e0c00d0
b8df7900
bd981d25
388d8dff
baeb2553
b92e65c1
ba40260e
3dd0c5e6
3af4bab6
3e1d05ab
b8d65c21
bdb23874
38b93bf2
bb1262c3
b93a44b9
ba3a556b
3dee3c10
3b12fd79
3e2d22db
b8c79412
bdccaf98
38cbf0ba
bb31eb77
b93a6717
ba23e7f6
3e05f426
3b2d2ad0
3e3c9c73
b8b69aa3
bde77ef0
390045db
bb4f5ab5
b93d05b7
bac19d44
3ed18c21
3bf6c41e
3f0991c0
b94d4090
be8261f1
390d669b
bc149992
b93cef30
37f840b2
37030902
38c7992a
3a5b5af2
b49c8713
36e84c4a
b7823602
38735726
b69794de
b9196100
3c72db8e
b99448ba
3cf8087f
b809d1c4
bc48d919
b815fe5a
38ed79ea
b85a1b11
b9fcc387
3cf29a62
39df22c5
3d648e39
b880d191
bcc91ee1
375e0ec3
b9ca0dcf
b8baeea6
ba251f3d
3d357de3
3a3cd206
3da16dcd
b8afa602
bd16e0de
378dda49
ba379e02
b8f68823
ba3cbb12
3d711b7d
3a80b439
3dcc6a84
b8ce2291
bd4983a3
38256b0e
ba9090f7
b9124a7b
ba4008c9
3d961a93
3aa3ab2a
3df38a75
b8de460f
bd7c875e
385223d9
bab2f1b2
b922cd8c
ba4989a6
3db39b5c
3ac9c5a9
3e0bf4b8
b8df6988
bd980871
388d96b5
bae7934c
b92e8f97
ba46c70e
3dd0d0cf
3af34052
3e1cf81a
b8d64d03
bdb22843
38b46ba0
bb110e65
b93a8fbc
ba38bb40
3dee4880
3b104655
3e2d13f5
b8c78ee2
bdcc9d00
38ce0a74
bb30de29
ba10c375
3eda2c08
3a45d596
3f70f682
b9a22bdb
bf0cd9da
3a1611a3
b710d56e
ba57a397
b73c3442
bdc70fb0
381da4cd
ba24123d
35cff66b
389d361b
bb374817
38986823
bda9379c
387d64ab
bac9e13f
3694c170
3909148f
bb6fe4b6
3906fc30
bd8e1ccc
3899e3c1
bb3475cb
36d9c2f3
390748ee
bb5e05a3
39057eb7
bd6bfe8e
388c12d7
bb88e2bb
3704bf95
391c27a1
bb0e3cc4
391aab34
bd415140
388f2513
bbb7c79d
3707ff82
38d6cb4c
b9c8963b
38d46d20
bd1aff0c
384583d0
bbdd44f7
36f2d33d
386512cb
3abd97b8
38618960
bcee56aa
37dbc48a
bbed1718
36bb6188
37a1d27d
3b2deb45
379d20a4
bca6ce8a
372f82f7
bbd8b65e
3664a052
3798e2e3
3b2151e3
37968c74
bc331fbf
36fefa55
bb8e2410
35b312f1
bef1119a
3f339858
bf07512d
bd7278e0
3ee25b4f
3f12e876
3efcf2ef
be9aa7e1
be7828d0
be636463
bdfdf230
bef07f63
3f1cc326
bedf512c
bd4746ca
3ee37704
3f0ff39d
3efa2da5
be6d81b2
be30395b
be2ff2cb
bdbf3b07
beef3a02
3f099968
beb71f97
bd22898e
3ee39ce0
3f0d073e
3ef702ba
be320ff2
bde98441
be051b01
bd8afdb0
beedc94f
3ef37439
be95426b
bd039773
3ee35a30
3f0a615e
3ef3f15a
be014071
bd87b65c
bdc36095
bd3fa0c5
beecb8b7
3ed94d0e
be717ef3
bcd347fb
3ee3439e
3f083dec
3ef17dd5
bdb1ccbb
bcd9d276
bd885d67
bceeed33
beec7ebd
3ec3d90f
be418ace
bca77067
3ee3d1fd
3f06ce17
3ef013ad
bd5c2af9
3be10de4
bd2d95ae
bc6aeafd
beed6083
3eb26bcb
be198135
bc82fefb
3ee54f7a
3f0630c8
3eeff0b4
bcd3670e
3d117163
bcb306ca
badc2561
beef6061
3ea4c0bc
bdf2494b
bc4b285f
3ee7befc
3f0661a7
3ef11cd1
bb22751b
3d74a5d4
bb9bf52d
3c1286b5
bef22da4
3e9b0a91
bdc26186
bc1f8bfb
3eead028
3f0739a2
3ef34826
3c7f796e
3da163e6
3c09c885
3c8cd21a
bef518fa
3e9611f6
bda775d7
bc068ec5
3eedc6b4
3f086504
3ef5cd84
3cd91ccf
3db97c20
3c8505cf
3cb576f4
b76d51ba
bb8b92b8
bc2ad611
ba637b29
bdc9aa8e
370fcb22
bdbda6d3
b7ccc789
3e6f97a1
b79400bd
bc12d2f1
bcbaa11c
ba478f08
be12673d
b7c87189
be0810f4
b84cf6e2
3ea2f653
b79fdce9
bc68967e
bccb1a58
b97036fe
be393ffc
b83376a9
be2c52f7
b86f37ca
3ec65a21
b792d79b
bc9a8dbc
bcc6c27f
39dafe48
be5b03b7
b84f5a34
be49f295
b882de65
3ee3ddf8
b75459d8
bcc16c25
bcaebe03
3a8272e1
be772e49
b8869e24
be655491
b87981af
3efd220c
b65dfb9e
bce7f0cf
bc8b52f5
3aba342f
be88be5e
b8808a4c
be7cffe2
b8849559
3f09c10d
36a1bb6b
bd082b21
bc64cafc
3adf9769
be94a239
b8866e57
be880ac4
b88f70af
3f140d6d
3761a8bc
bd1b7805
bc267d5b
3ae867a8
bea0433c
b88a2029
be91d3f6
b8906d2c
3f1de515
37c1529b
bd2f2f41
bbb41eff
3aed4a20
bf584910
b93a4e6e
bf432217
b94738e2
3fd1d963
388b8d29
bd4284bb
bb5723d9
3aed48e2
3b0ce5f6
377dcacc
3be219ed
3752442c
3a38da57
b73970c2
39cb688a
bc29a916
b8f22c99
bd39e0a1
b7907685
bd3708c3
b80128d3
3e053520
b74284b8
bb873214
bc6c27d6
ba63a6d9
bdc83048
3685d448
bdc1b255
b812bda0
3e6f917c
b7922e22
bc150f83
bcb54daa
ba47b594
be11e98f
b7c7b70a
be0936ee
b84dafc8
3ea30c67
b79c2b1a
bc67fa35
bcbc42d9
b97066d0
be391c9c
b8359f10
be2d0ee5
b86bf59e
3ec64bec
b7947b5f
bc9aedb1
bcc5a93c
39db33bc
be5a947e
b849f09a
be4b642d
b88b711f
3ee3cda8
b752a632
bcc1f76b
bcadfa01
3a829230
be76db0b
b883fad0
be64d3ea
b8862801
3efd0ff9
b68408b0
bce77088
bc9348b2
3aba60d4
be88ac4b
b8802ca8
be7b76c8
b8864af1
3f09b72c
368649df
bd0828b5
bc565ee2
3adff179
be94ae4d
b88aff49
be87ecca
b890a1f3
3f14098d
37661f0f
bd1b48f7
bc2a5f86
be472a67
ba7bd01d
be35b3ff
b9ceffe5
3f9cfc2e
b9aa93f0
be8bb0f6
bb9d0619
38ea6913
bb9e1c88
385e3691
be70bdeb
38c9387e
3a41d35f
3c843fba
393157b2
3c84020c
389e6d6d
be4140e8
391303cf
3ab7c7fc
3ccabdb5
3940614e
3cca87e0
38a3f721
be16011d
391ad869
3af25492
3cc4f68b
392e11c0
3cc4c88e
388aed17
bde2b86a
39073925
3b066d1b
3ca0f505
390e497e
3ca0ced9
38525e50
bda3f84d
38d4c7ea
3b02f0b1
3c588370
38cd3360
3c58468f
380b3161
bd5f5532
38936b6c
3ae279ef
3bf32199
38849472
3bf2c6a1
379bf08b
bd09a0e1
3833ad9b
3aa939ca
3b5bfb19
38134a14
3b5b8257
3712444c
bc8d9feb
37bc4241
3a4daf9b
3aa1a370
3779e811
3aa12b16
366833c8
bbbddbef
371c5c76
39a46dfc
bca4325a
38fc463a
bec6b2ca
be4f6ffb
bd0af6cb
3dc3c615
bd04d2f4
bea1fcfd
3ec1b612
3e810fff
3e12f776
bc8b2aa6
38cf37c1
bea16589
be559f60
bd12144c
3dc65476
bd0fcdea
be986435
3ec3e964
3e9013ad
3e3e64a4
bc698dea
38ae0d70
be88c8b4
be4721f0
bd08d4b8
3db6aad8
bd068934
be869ec5
3eb3df34
3e8965d5
3e3a8adb
bc451fe2
3838dbfe
be7190b4
be2fe6c0
bcf057d1
3d9f3f43
bce84d54
be64ee56
3e9c97cc
3e717f95
3e1fc90a
bc29004b
37cf2049
be5c1ed7
be191ff2
bccfaac0
3d88bbe3
bcc2dc81
be410a18
3e865539
3e4e7b3a
3e015fff
bc13d080
b72eed83
be4dd9dd
be068bfe
bcb45d70
3d6d2e23
bca47135
be24fa25
3e68cea8
3e3139dc
3dce5ce5
bc060ff6
b7e76945
be443d50
bdf47c91
bca1f585
3d550f7a
bc9028d9
be12585e
3e510b03
3e1dff1e
3dabe6ba
bbfd045f
b82ea06b
be3e5ca7
bde763f2
bc98c584
3d48321f
bc8559d0
be08098f
3e444244
3e13e5df
3d99e9e4
bbf5e2e4
b84767b5
be3b9384
bde23837
bc94c73b
3d42e199
bc807952
be039d31
3e3f2299
3e100c24
3d92fdeb
bbf5ee14
b87e46c6
be3b771e
bde15587
bc94637c
3d421344
bc7f4ff6
be02be85
3e3e4d3f
3e0f6324
3d91236a
365b8ef9
b8589835
3673bf6e
b90d3076
bc60dfba
382983cc
bcc5c099
b7d1fdcf
3cbc9ab3
365f37c3
b889a5da
3711527c
b94da391
bcaa9aa4
38323970
bd138e1b
b8076ad1
3d02c80c
34845665
b852ca96
3769a4d3
b9595b19
bce69c14
3819a040
bd434f30
b816ba99
3d23ede5
b5e4a23e
b80654ab
379c8e8b
b96db792
bd1265ff
382d9981
bd71eb2d
b81a4352
3d429e86
b6a47c7e
380844e0
37bc9cba
b974d33a
bd32b1c5
38582738
bd8fa005
b81567ba
3d5f9ea8
b70b32c7
38b7d996
37d3cbc5
b978acfd
bd543a29
3876977b
bda5a311
b80c9eac
3d7b9531
b73af80e
390b87d1
37e625a4
b971b668
bd76ef62
38a8dffd
bdbb0939
b8030d88
3d8b83c3
b74c9994
3967258d
37e7f0f3
b9829bd8
bd8d50c0
38bbedfc
bdcfee27
b7f0df3e
3d992b0f
b7862f97
39a4c19f
37ec398f
ba261a67
be607110
398d410b
be9a4c68
b88996b3
3e284814
b7a442d4
3a745ea8
37ec576f
373780b8
37bd0d88
381cf462
b79523ff
b473e213
3a584ff9
b5b05a82
38b5d180
3440f51a
b869d0b3
bbdeb551
b848058b
bc463e90
b76a3e95
3c560e33
b5a3249d
35736bf7
3673ef08
b9081cae
bc60eb29
37e3ee9b
bcc5b8ae
b7d1f7f8
3cbca846
364e4f27
b8aa5634
37116ec0
b94afc8c
bcaaab58
382818df
bd138823
b8077d6f
3d02b638
34c1685c
b8601a58
3769d20a
b95c059e
bce6b292
37e7a43d
bd436727
b816af4d
3d23d783
b5a54a6f
b81d1884
379cb42e
b968ee5c
bd127459
3824edb6
bd71d64f
b81a374c
3d428410
b6a69a71
37f12fcd
37bcc9f9
b9737d09
bd32e05a
384f951e
bd8f93a0
b8155d07
3d5f8033
b7057b4a
38a4daa4
37d3fe9f
b973e55e
bd544542
388e669d
bda594c8
b80c9448
3d7b7e59
b72ea0ef
39034e11
37e68255
b97055fb
bd76fc44
38bfa504
bdbaf919
b8030a32
3d8b7715
b74bbf1c
3960a758
b9974959
be49a326
b934e817
becb5896
b9087ab3
3f02f73e
b92630e5
380452b3
bb431e2d
38035339
3afb955f
37d133b3
bd6fead3
35f6840c
38927e61
bb9e45a6
38920d1b
3b9f1a2a
3818c731
bd44602c
365d200c
38943e71
bbd1229f
3893dbcc
3bed851f
3810ee7e
bd1956b9
368c421e
38674f96
bbf81eea
3866a74d
3c13711a
37e2bd01
bce487ee
369546a3
382123c2
bc086f7a
38209807
3c244a82
37a125fe
bc9fb736
368a74c4
3774e586
bc0bf97f
3773286d
3c27e0d1
3718fbd9
bc4af604
36659c33
b5c0f178
bc042352
b5cb5489
3c1c4af4
36061f76
bbdc2c6b
3624e449
3646435c
bbdaca42
3642d0b1
3bfdcc5a
361c683f
bb2d80f4
35c00e80
b5c2e0fe
bb865c21
b5c64f3e
3b9872a5
b361b938
b9b2ae69
3517e5b1
3e603766
be92b980
3dba9b6a
3c6e292d
be5854e2
be858598
be60ba30
3dece660
3d814549
3d624660
3cbacc9b
3e644f36
be924a07
3deb7905
3c836227
be5b56e5
be87bb6c
be66a843
3de3b23d
3d82d976
3d726d14
3cd86a72
3e6a4f37
be8fd476
3e05a52d
3c8980c8
be6086c4
be8ab431
be6dfca1
3dd28fba
3d746caf
3d731fb6
3ce120c6
3e71f0be
be8baf49
3e0dddd9
3c89d769
be679b08
be8e5284
be767f6c
3dbac843
3d51dd99
3d668550
3cd7e547
3e7ade79
be864372
3e0f8fd0
3c8550bc
be703233
be927367
be7fe9fc
3d9df887
3d21b19d
3d4f4fba
3cc02391
3e8256ed
be800bf9
3e0c1f29
3c7a25b6
be79d745
be96ed8b
be84f0a6
3d7c17c3
3cd07b1b
3d306a7c
3c9da80c
3e876c87
be732bd5
3e051c8e
3c64eb9b
be81fb9e
be9b8a64
be89fb28
3d3a8cd9
3c2a2fbc
3d0d6734
3c6a195d
3e8c59d2
be6716c8
3df8b9e9
3c4e5015
be86ea4f
bea00203
be8ec868
3cf9d9f8
bb8a7888
3cd4cb62
3c16f004
3e90aa6b
be5d7a3c
3de81027
3c3a9472
be8b3b80
bea3f3f6
be92f16e
3c94a463
bc87b076
3c989bc1
3b9c487a
3e93c7d4
be585459
3ddd5e80
3c2e56e6
be8e4eac
bea6dc84
be95edad
3c2e0fe7
bcc70b3d
3c664545
3b00445a
bc935359
ba9778a3
3cc812d5
b5cd8987
3c2e987a
b6d48939
bc0cb8e3
36d0fcf9
3c49f7e2
bcda471c
bb044bf7
3d090b9e
37951261
3c6fc9bf
36787b15
bc563762
3619d38c
3c7f4f52
bd0f1a7e
bb31ab8a
3d31c7a1
38193b71
3c8482fb
380dba34
bc90c990
b63ffa72
3c9a58e4
bd31623a
bb548fd8
3d5b5661
3856d4c8
3ca42a80
3874463f
bcb73d09
b705a0b3
3cb04df3
bd4bb491
bb6cfe62
3d825174
38992611
3cbff125
38af1263
bcde50e5
b75acace
3cc3ab13
bd7b205e
bb7d7681
3d95cc0f
38cf87ac
3cfcb84a
38e2f9bb
bd030993
b79125d1
3cd63877
bd8c5e83
bb85bdc6
3da8597e
3901dbe3
3d0878b7
390e0ede
bd1714d1
b7a3990a
3ce6b94b
bda0f4f0
bb83800f
3dbd80fe
391dbc52
3d1bf40a
39278439
bd2b4210
b7bdbb13
3cf829be
bdb4a37f
bb83a6d8
3e83bd2f
39fd2c5c
3dd76445
3a02b7dd
bdefd5f1
b8598e69
3d0428f4
be7baee1
bb83115d
baafca73
b6b69016
b9449b25
36a76c2f
378b66f1
35dd5174
3a28c60f
bc6d43ba
b8d05336
3c86ab49
b7420dad
3c2a962a
b7c84667
bb8aa016
3715f9be
3bd5d1f5
3b82e3ba
ba979618
3cc751ef
358bac78
3c22d0c2
b71c3a15
bc0cb541
36f93802
3c4a9880
bcd0bfd2
bb0465a8
3d08847a
37935251
3c73f1b2
36e99a68
bc5654d8
363ee341
3c80587d
bd0d10a8
bb31ce04
3d317575
3819ab0a
3c94f920
38028ed0
bc90bf70
b63bab94
3c9a1e4b
bd2f5d8d
bb54c2eb
3d5b45a7
385fb0a2
3ca776f5
38759d33
bcb7300d
b70655bc
3cb02cfc
bd4c3a08
bb6d3741
3d8100df
389f9f89
3cbd31cb
38b37cd3
bcde40f4
b75865b1
3cc39f75
bd77c03a
bb7db350
3d94a1cf
38ceec4f
3cf0f0c2
38e2ac08
bd030035
b78d01eb
3cd63ef7
bd8e66da
bb85f3a3
3da88616
3904270e
3d075f01
390f2b41
bd1710de
b7a5e89d
3ce68c94
bda026ba
3cc7766f
39fdc3fc
3adca646
3a45b23d
bd25ea3f
b9566c8a
3e9853a4
3bf86b9c
3686ddb2
3bf9e45d
b68cfbc6
ba876aad
367702ed
bd460904
3b92aba4
369faca0
3b93f986
b6b0c6af
ba9fa05d
362a8b86
bd2460f7
3b296d53
3701c692
3b2bb3b6
b686edf1
ba8f8b81
3690ce65
bd02e331
3aa76f94
372b47c4
3aab52ba
b5b2de90
ba6dab89
36ea8332
bcc88aa0
399e69e1
37403508
39ab534c
35c47408
ba42be99
371afcf4
bc92113e
ba672397
372e6ac6
ba61fef6
361606c8
ba4eec18
37125733
bc467703
b9f2deac
374e3232
b9eb2f53
369eba8c
b9cf910c
3739a808
bbf2b3d9
ba28cb5f
372870e3
ba263eae
368eda97
b9a3623f
37180762
bb777031
ba1edf1c
36bec118
ba1d9a20
3621f365
b96d0483
36a78326
baa6c8f3
39262aa1
39f208ab
3dedff15
3d1c6663
3bc2bb3e
bc16c838
3ac9718e
3b94b3b1
bd12bd53
bcb79c53
3d0c0f54
39a49a0e
39ebcb10
3dc2e569
3d3266b6
3be27258
bc44c19d
3b74f564
3c70ed52
bd447154
bd167137
3c30f0fe
39e8712e
39e97d6c
3da1a704
3d3f6a62
3bf3dae1
bc5f4200
3babfdbb
3caf8966
bd639dbb
bd3bf152
bba7f24e
3a080f42
39dc1230
3d8809a7
3d45002a
3bfcb73b
bc6cd261
3bc898f5
3cd2d754
bd748b65
bd514696
bc815e8b
3a065ea4
39e4099c
3d6a858a
3d46f3a0
3c0072e5
bc728551
3bdcd323
3ce936aa
bd7cebca
bd5c6345
bcbacbc5
3a13b08c
39e61b24
3d50e7c9
3d460929
3bfe121b
bc7092ef
3be594ed
3cf3f542
bd7f0ff9
bd6049c0
bcda8d05
3a2c752c
39e6aa11
3d42551d
3d41b3c6
3bf8358c
bc6860cf
3be58bf9
3cf45bab
bd793175
bd5b5c85
bcdf2036
3a2519da
39f57ded
3d39a2b0
3d3fdf25
3bf75570
bc657ce3
3be71408
3cf54313
bd77785a
bd59f8d6
bce53620
3a09d4c2
39ec96c5
3d36b496
3d3dd4d8
3bf3a84d
bc60eb85
3be53a20
3cf3818c
bd74240a
bd56abbc
bce2a2cc
3a234136
39dd24d5
3d37473a
3d3c9a91
3befced0
bc5f1622
3be4c608
3cf12a2c
bd71c8b4
bd53fff5
bcdcee1a
3c3187e2
bdc38b6a
ba286dfa
be66c1fb
b8b7bf89
bc533dee
b7441be3
bccde0b3
3ebc52e2
3c432a33
bdc9368e
ba372afa
be95415f
b99d6584
bc6df5f2
b7c60241
bcd5c1ab
3ecb93f3
3c5049f6
bdac4c9c
ba46a2bf
beaf2581
b9e9da62
bc67ab2c
b7fb510a
bce9eb4a
3edbdd0c
3c5384fb
bd87cd88
ba4bffb2
bec9149c
ba23ff8c
bc507489
b7d8e85e
bcf4b870
3eeb7ec4
3c4f0402
bd3c69f7
ba688919
bee28a90
ba4d0860
bc3241b8
b7aafb8c
bd0259d0
3efb17b4
3c47404b
bce25882
ba810fa7
bef987f7
ba76f378
bc12965b
b77b009a
bd09fafe
3f0489df
3c42a29d
bc081650
ba8de2be
bf0830c1
ba8f8bf6
bbe6cefa
b6fc53b2
bd11c7f4
3f0b1ec2
3c365468
3c2773e6
ba9c125c
bf13b636
baa2e9ef
bba9e178
353d0dac
bd196849
3f11a2dd
3c31f44f
3d945418
bb70cc49
bfc8a8b1
bb75f805
bc095b7a
379b24c4
bd210be3
3fbfd28f
3c2fe03a
bd07e46f
b9808f40
bddc8097
b960b5b8
b8d7a3c9
39185253
bbcc8f18
3e2ac177
3ad23018
bcc7a44d
ba0187ee
bd77995d
b9785108
bc047d49
b6e55cbb
bc7c1e6c
3e568f3e
3c31aa64
bdc0336a
ba27ba85
be6a26e4
b8cbac33
bc53375a
b7625845
bccf68ed
3ebb7d5f
3c43501a
bdca7e09
ba3642e8
be934034
b99f9d79
bc6e14b4
b7c5f24a
bcd7042b
3eca96c8
3c50726d
bdac15cd
ba4749fb
beafb97f
b9e629a0
bc679a25
b7ed0425
bce82af9
3edc3ba6
3c53b7b9
bd862aa9
ba4ba612
beca1c3e
ba24aa2f
bc506526
b7de644e
bcf50e5a
3eebc666
3c4f35b7
bd3b484f
ba6788c4
bee207b4
ba4e10f9
bc32352e
b7b214fd
bd020ac4
3efae9f2
3c477018
bce06dcd
ba811c7f
bef92fd8
ba76cba3
bc128beb
b77d8c07
bd09f6b7
3f04a787
3c42f104
bc07d8a0
ba8ddb7c
bf08298a
ba8f6e0b
bbe6c8ef
b7003bca
bd11bfcf
3f0b56ef
be2afdde
bb0f0c6d
bedb26b4
bbebae02
bd9a3e9b
bab6161a
bdcad37c
3d9cf480
38b2a25b
3d9e01e2
39a01b5f
3cf2382f
39b8f9da
ba8a58e1
3da3febc
36b60ff3
3da4ed8d
39db4d70
3cf7b46a
39d608a1
ba8a0f7f
3d516831
b8f23a93
3d53090b
39d34277
3c9f4b3b
39ad1683
ba5d2b2a
3cd2ecb3
b9437080
3cd5b51d
39b87eeb
3c24b735
398000a9
ba1fe9bf
3c245f47
b94fb130
3c28fe8f
39972261
3b88b8e0
39369589
b9d1c063
3accffa7
b93b0435
3aea7818
396ade51
3a75b65f
38fb20b8
b96edd32
baace8db
b90eb1da
ba96e258
39296d5e
b98766ee
38a5d3f5
b8e8ef95
babaf675
b8b4fe1e
baac5657
38d5b07b
b9d888f6
3844a70c
b829f2f9
ba3846f7
b821cb87
ba29b6d5
3845849c
b966897c
37a9f80d
b6ac5031
ba3f770f
bbc0e443
3de5e2c7
be266ab1
bd544350
3e12262f
bd53e140
be970404
3f01cb8f
3f0bdfd5
3f0ee659
b98636c7
bbb86481
3d80949e
bdb09757
bd1aeb92
3ddbb40b
bd0930de
be5e994c
3ebf417b
3eca43d2
3ecfccc7
3a2482b5
bba5d6ba
3c3b2a92
bc3ec03e
bcc142aa
3d9617cf
bc8dd22f
be145c98
3e75c14b
3e82fc22
3e82a412
3ac27469
bba040c8
bcaa6edc
3d1a8b9e
bc7b7930
3d4db262
bbb8c376
bdc3d7fb
3e1abd25
3e24dc8f
3e1f7f59
3b3e6f4a
bb913e76
bd1a7e4e
3d80f42a
bc33c279
3d22beb6
ba9219a0
bd92a076
3dd9981f
3de8140c
3dd843f4
3b3c37f8
bb868877
bd38e359
3d9602b8
bc19bd97
3d0f1a6e
3a805ddf
bd81164c
3db76f4a
3dc200cd
3db04130
3b3a443d
bb6aa96a
bd40aaca
3d9a3f9f
bc103e4c
3d0e6e56
3b0de171
bd80a0d1
3db0b154
3dbcd99f
3daaa9b8
3b634eea
bb66ed20
bd3fb1bf
3d98b5f1
bc21fb6d
3d104221
3a2385d7
bd82a982
3db7acd9
3dc2ccaa
3db10e7d
3b614750
bb6c6e60
bd3f4865
3d96ff84
bc136e92
3d15681a
3a4ac178
bd85c54e
3dbd688f
3dc8466c
3db7fa8c
3b836c2c
bb51d061
bd3cfd54
3d96c2c8
bc220a89
3d14abdd
3a5a99e2
bd8b22b1
3dc0482d
3dcd59a9
3dbb7982
bc97e82f
b8a1b60c
bc4c6a68
b8c2b4df
bad3e0df
370703ab
bb0985f9
3d02e5cf
3c287297
bcf5fe3b
b903c983
bca738bf
b912b138
bb23dba4
3748fee3
bb638bb4
3d5efa00
3c1b5283
bd2cc101
b9370a1c
bceea9e9
b946a2aa
bb57b0bc
378806da
bb97d2f3
3d9a60fc
3c11b685
bd5d29a3
b9699805
bd176349
b97638de
bb812d79
37aab5f5
bbc1de0b
3dc31bbb
3c09ff9b
bd85c11f
b98c45d0
bd365094
b9931f0d
bb91d7bb
37d3a2c5
bbea1823
3de9a629
3c040030
bd9bebcc
b9a3160a
bd549aa8
b9ab0b30
bb9ea117
37fe0fb4
bc09b615
3e075356
3c01b068
bdb188d0
b9ba1408
bd70ba9f
b9c32710
bba8ab74
3814bf12
bc1df294
3e194b94
3bf4e0bc
bdc691ea
b9d0d554
bd8643ad
b9db178a
bbb11ab5
382b359f
bc32759a
3e2add6f
3bf04021
be8a41b7
baa2c0f1
be39fa51
baa42aa0
bc677927
38c3ccec
bc46d751
3eed7322
3bedd4f3
3a9d0434
36609b8b
3ab06164
36cbb779
36759255
b60c6aee
390ba24f
bb4c59cf
3a62c910
bc0066c0
b833c75c
bbc2972b
b84452e6
ba44afe6
368e34b4
ba6730a2
3c24bb0c
3c395552
bc97f04c
b8a3fec5
bc4d9fc2
b8c4e1c9
bad3db82
370a70c4
bb0a1202
3d041ba9
3c289354
bcf4e3e4
b9042ea6
bcab79ac
b9124486
bb23f276
374a0fa6
bb623d59
3d611b73
3c1b70b6
bd2cb422
b936f9df
bcee674a
b9475329
bb57a18b
378685a7
bb989661
3d9a791f
3c11d974
bd5d3ae0
b969a8dd
bd17653a
b976608c
bb812439
37ab2eb8
bbc1ee10
3dc34b34
3c0a20bb
bd85bd00
b98c8866
bd3667f3
b9932020
bb91cd43
37d39381
bbea11bf
3de9d218
3c041fe0
bd9c044f
b9a31995
bd542b85
b9ab0eb6
bb9e95b6
37fd52ad
bc09b370
3e078e36
3c01e4a3
bdb187e4
b9ba4bf8
bd70918d
b9c32ee8
bba8a710
3814f5b3
bc1dddeb
3e1984d6
bd092f9a
baaf349d
bc9947ea
bac2257b
bbec6084
39474c63
bd8ccad2
bc0c8f7a
b707291b
bc0d08f8
b74e1923
ba856f86
b7053e95
b8202649
bba83f88
366637cc
bba916fd
b7112389
b92b0dda
b586d25e
b7943af5
baa2369f
3779da78
baa526d3
b6307b5c
3a663260
370916d3
36c8c8c0
3a70e492
37a7da57
3a6bdea3
354a2cc3
3aaeff5e
374f10f3
3804bc41
3ae82c31
37aa0e5f
3ae6162a
361471ea
3ab2e925
37577d20
38557806
3aeab24b
3793fb7e
3ae9088e
36171eb2
3a950bed
37383cbd
3878b656
3ab8bbb3
3763e8a3
3ab77d82
35d8ed6c
3a53a36e
37076186
3867b0c6
3a6ac936
37164d27
3a6922ae
35678527
39f87a48
36a6e5f9
382bb1a2
39de4bd8
3693973e
39dca6d3
34a8eabc
39522add
36164bf7
37aa69b0
3a8beee5
ba428bcb
bc061b6c
bd1377f4
bbe6b71b
3c2de5a5
bbf43eba
bcba5dde
3d4874b0
3d4bba66
3d1fbca4
3a78f38f
ba471421
bb6916bf
bd36df40
bc0e34d2
3c6ee471
bc1a6ade
bd01a718
3d84435c
3d87f2b2
3d65d6f5
3a62d68f
ba4be532
ba731ebd
bd4c9efe
bc1ea8ba
3c8b7ca4
bc2dc752
bd183baf
3d97eb96
3d9c94bc
3d8851e8
3a575fd6
ba50827f
ba16b967
bd5309f6
bc22f2b8
3c916d8a
bc337883
bd1f274b
3d9dd8f5
3da29958
3d8e4636
3a504ca4
ba5557a5
babbde93
bd50ebf5
bc21225c
3c8f3b99
bc30c4fe
bd1d376c
3d9c1137
3da062ad
3d8bb4b5
3a52595c
ba59ab67
bb33082c
bd4b756f
bc1c87ed
3c8a2fc5
bc2b75eb
bd17bc37
3d972637
3d9aeee7
3d85baee
3a51f131
ba5e2523
bb822853
bd45d262
bc18115a
3c84ab94
bc2616b2
bd120066
3d921837
3d955d8e
3d7f4be1
3a531e67
ba61a664
bba21ee4
bd41a630
bc14be09
3c80a1db
bc21e284
bd0dc201
3d8e4c43
3d9134ca
3d7629b6
3a512a59
ba63c762
bbb5f1d6
bd3f7674
bc132a78
3c7cc1ff
bc1f9f1b
bd0b681f
3d8c46cf
3d8effa8
3d711b61
3a516946
ba67371f
bbc02b9f
bd3f258f
bc12d00d
3c7bb353
bc1f64bc
bd0ad58e
3d8bf6fe
3d8e96a3
3d6fd88f
375aabd5
bf0c5d89
36ebda5f
bd5ac489
b792f1ad
3c0c2355
bd4e0e7a
bbf979d2
3f7fd397
382bfaa3
bf515e79
b908afa9
bd9dea49
b7b54b20
3be80c5d
bd96af62
bc072154
3fa7ea89
b7f5ebf3
bf8e388f
b91bd47e
bdc72d91
b79b645a
3c30a8be
bdbadd70
bc03bb4c
3fcfd5fb
b882c92c
bfb2e82c
b903e1f6
bde9d13d
b733461d
3c5706ca
bddbd9d5
bbf82fd6
3ff7e2b7
b890a105
bfd7b3bd
b8d0981c
be03a68d
36d0968b
3c81b7e5
bdfe259e
bbea1bdc
400ffbb0
b8589d86
bffc7392
b8968471
be10a50e
37e02b14
3c96755b
be0f4ab8
bbe41bab
4024086f
b80d0ceb
c0108c0d
b83496e6
be1c9cc3
38528638
3cab9f32
be1f454a
bbd70f3b
40380d81
b5cfd012
c022de97
b785fcc4
be281840
389e3bbf
3cc0b84c
be2e7696
bbd35293
410084c3
387c09a4
c0e438cf
382d2db8
bee0adba
3956ca41
3cd5e8a5
beef6713
bbd15e31
bbf78d48
37168b30
3c04aa57
38220638
b6199922
b6feb5b8
b932ed36
bc846d2b
b9e8965f
3e9248e3
3955220d
be755f7a
b7a1857d
bcdc4d26
b7efedcd
3bb64c86
bd1e5d6d
bba48f14
3f3561ef
3899da17
bf0a05dd
b891dae1
bd5abe36
b7910ce3
3c13c36f
bd7c1567
bbf9aa25
3f801dff
38203583
bf530bb5
b905313d
bd9dffed
b7ac7154
3beeb96e
bd87fb36
bc073b97
3fa7ecec
b7f24586
bf8e434a
b920f7ca
bdc71f7d
b7a5ec68
3c2c7ac8
bdbafe00
bc03dae7
3fcfcb02
b8821f7b
bfb30665
b90577d7
bde9c07b
b72bb70e
3c5650f4
bddc0064
bbf86b71
3ff7db70
b8916113
bfd7a4d0
b8d2e6ad
be039d17
36cdcefa
3c81cc9d
bdfed333
bbea540f
40101003
b858c0af
bffc544d
b896fe3e
be109ab0
37de6d10
3c966fd6
be0f43d2
bbe47789
4023fce1
b80d1d12
c0108264
b832df85
be1c98aa
385216cb
3cabb443
be1f89ca
3fa37b38
bb1ee188
bf6c2ed1
39eaa6f1
be8326dd
ba254b15
3e18628f
3db25fc9
397616a4
be271491
3644bd25
3b861731
38c978d7
b90f7a39
bd935783
39f8a32d
bd8a94e4
38ddbbdf
3cdb0b8c
3998a140
ba3ca004
bcb26263
3a121469
bc93cee9
390a19bb
3d0ad8e1
39b7befd
ba89e4a0
bb2cf361
3a0a6e5e
3a106497
38f3697c
3cfe436a
39aa5182
ba94d694
3b192c45
39ea0e26
3ba367c7
38ba03f3
3cc673eb
398bd55b
ba8a7c55
3ab1efdd
39b4b0c2
3b6362ca
387ecc77
3c86f2d4
3951752b
ba63d4d9
b9e3d48c
397f48a1
3a95e54a
38213295
3c1eec67
3910d7fb
ba245d64
baa91751
391e23b1
b97de1bd
37bde9ef
3b977875
38b36a85
b9c391ea
ba712e21
38930d32
b9d0b230
37366768
3aba7134
38295337
b91ac9cb
3c8d3174
3ae2936f
be52e112
3fa5ce87
3d9f0154
bbc3b967
3e2e0272
3e228a28
bf060068
beed20cc
beb68eca
3c8b0532
3ac9bdad
be5e467a
3fb285e7
3d9d28f3
3ca9c504
3e373a6a
3ded4f1e
bef61544
bed3b5ea
be96b079
3c7976ca
3ac0638f
be456496
3fab4c7b
3d857b36
3d588aa9
3e29c73b
3d33b45d
beb9e16c
be9541f0
be2bf1d5
3c62cca8
3a9a1ce0
be46e4c2
3fa9abf2
3d80667f
3d816c7e
3e270a3d
3ca6ce1c
bea7d4c1
be842fec
be0ae95f
3c5554e8
3a85b95c
be519805
3faa9705
3d81c15a
3d845039
3e28cded
3c8952f1
bea761f9
be856fbf
be0e2515
3c4c654f
3a62efce
be5ca288
3fac180c
3d857c0d
3d838854
3e2b2cc8
3c96955d
beab3891
be8ac583
be19d854
3c424f69
3a495448
be649750
3fad808d
3d883bc7
3d82bad2
3e2d6ec9
3ca048c1
beae6033
be8ea3db
be2230e0
3c3f6981
3a21fa60
be69a926
3faeb1c4
3d894516
3d83db04
3e2ecd8e
3c9c74c5
beafbfce
be908da5
be259b89
3c38bf02
3a1cdd07
be6c3332
3fafcae3
3d8a9d4b
3d861a01
3e3069a4
3c95a8ee
beb072d7
be912999
be2645c7
3c37db30
3a1af4d7
be6dcef6
3fb0eb4d
3d8b2e8a
3d87d2d2
3e316af6
3c8e95ac
beb1214d
be91b2ac
be267fa0
ba5b2868
3d606902
377efb1f
bcd4557e
367afa38
ba9bed96
b90beefa
3a8aa97a
3db54f4f
ba6f658f
3da6d937
37f57588
bd20c40f
375fdc5d
bae586b3
b9421b1e
3ae93b18
3dddb6da
bab78e56
3ddbdcc4
38457cbb
bd58c05d
382f29cf
bb1eb558
b96df2a9
3b2ae6eb
3dff8530
baeaa884
3e077824
388b4dd9
bd8931bb
389936b5
bb541f4a
b98867d5
3b6022ea
3e0e5672
baf425c8
3e1ffa54
38b2e79e
bda6e8e4
38edee3f
bb797e4a
b994d2c3
3b8b159e
3e1b6387
bb0a6407
3e377cd5
38e24ed3
bdc58770
39266433
bb93bb5f
b99f656a
3ba76951
3e278c2d
bb173be0
3e4e1dc4
390cae4d
bde4fba6
394302b2
bbabdefc
b99eeb11
3bc5d898
3e3347c5
bb1f11f4
3e641138
392bf689
be028f89
39762774
bbc3276f
b9a06c74
3c8ea1d1
3f0653dc
bbd7e50a
3f288ee3
3a00e967
be94190c
39883e07
bc8a0cfa
b9a01ba8
b8039577
3a19eebb
38e62bbf
3894a3d8
b438f68b
38afa37f
b782c6c7
b9994d71
b6c19ed5
398f4e00
3d0ab0c2
b7909e57
3ce197c0
36333b8b
bc524c19
b7d01087
b9ed5643
b896ed8c
39383bfd
3d840b3a
ba46d866
3d605c82
377f0815
bcd464d8
b6c0c2eb
bab14ccb
b90c0a21
3a8ad248
3db560f9
ba6a2ea8
3da6d271
37f59fc6
bd20ae10
37acd053
bae88557
b94240be
3ae9557c
3dddcc56
bab0a858
3ddbf7c0
38456e42
bd58a2cf
382a21bb
bb20b997
b96e2bd6
3b2aa4ae
3dff9e3f
badde91c
3e076c90
388b42fa
bd891f0a
38a02cb6
bb525634
b988888f
3b5e5625
3e0e7b78
bafa1382
3e1feca3
38b2db83
bda6d231
38e5e910
bb746f6a
b994f677
3b895ad7
3e1b6b9d
bb0d4354
3e376d07
38e23e36
bdc57570
39245422
bb92ec85
b99fa59a
3ba7b157
3e2794f6
bb1a199c
3e4e0c03
390caa9d
bde4e6d1
3943620d
bbaa3537
3b0cd796
3f70d1e2
bb09a780
3f66d49c
37f82c2d
bf1537b8
3ab36add
39cba3ec
bd9f7f73
39d60154
bc028d56
38b81f8a
bbc591b1
b5138eae
39332b67
be261ca1
393ade16
bc9253c1
37912b4a
bc312241
35ea4b9d
394f7be0
be00d1a7
39563437
bcd09afa
381374ea
bc707679
366c502e
38f4fade
bdbffcfe
39003c30
bcf854b6
37777020
bc8ee15b
36a5e55a
38401d52
bd88057a
38533588
bd041a5c
b64116e1
bc9af66d
36bd4a7f
390e3199
bd33cf1a
39120025
bd002dad
3811ac34
bc9b1110
36aec1ba
38ffaa2c
bcd5f8f4
3902ad8d
bce1814b
38137072
bc8da917
36954f31
38e31826
bc543094
38e6dfe1
bcac5b17
380fb948
bc61ca68
364444a8
3895dc0e
bb8bfa07
3897be49
bc427d4a
37c6821d
bc03a89e
35ab471a
bf7b2655
3ec30ea6
be92789a
bc4fffc4
3f744c3b
3f8a342d
3f803d82
3e74fdcd
3e9a8492
3da6f226
3d75fa0e
bf696078
3ed6915a
be9ccb63
bc8c1093
3f626aef
3f813293
3f6e894a
3e2e74f0
3e6e7f69
3d35aaf7
3d1a1a0f
bf41e480
3efccbb1
beb0db37
bcdb0722
3f3af693
3f5a6772
3f46b6c3
3cc60620
3db3cde0
bd05322f
bc09c9d4
bf233381
3f0ab145
beb983ea
bd060e8a
3f1c6d6b
3f3b00dc
3f2794b0
bda7178d
bc885f6e
bdb02fc1
bd252837
bf0c5a68
3f115f7e
beb91552
bd12c40f
3f05d0f5
3f235335
3f103b44
be1c8017
bdb05048
bdf4e752
bd75f6cf
bef87cfd
3f13ca19
beb229a5
bd167104
3eebf53c
3f125958
3eff27f0
be48d993
be025131
be0c93d3
bd8fa676
bee379ba
3f134f4e
bea77587
bd135d79
3ed77f94
3f06fd94
3ee91836
be5f4942
be16cbaf
be1312e6
bd966faf
bed76429
3f1147e5
be9b9c89
bd0ce33d
3ecbe87d
3f0036fb
3edc143d
be66b00c
be1c52c6
be11fa56
bd9426b6
bed20527
3f0f061b
be914739
bd05d8b1
3ec6dfc1
3ef9f9c9
3ed5fbac
be65b878
be19bd54
be0d7ef1
bd8dfc14
bed12f46
3f0dd926
be8b295f
bd01401d
3ec626f4
3ef8979c
3ed4b6a0
be62e878
be15bee3
be09c4e8
bd88fa0e
ba2550cf
be13df7b
b8cf4364
3c88d56a
bc7732c7
bc88d3ec
befa311d
b9826787
3f5dc5a4
ba0353fd
be52d05d
b923bd17
3c920d34
bdcf21e1
bc927e17
bf32d007
b9c025d0
3f8f5f50
ba0f07d5
be83d46a
b916d10e
3cceacb2
be0db52b
bc8d513f
bf6893ce
b9dd5451
3fb1af6e
ba02aa40
be99d3ce
b8f58fd1
3cf39d45
be304eb0
bc843451
bf8eae1c
b9cfa742
3fd39c68
b9dfd83a
beac72a9
b88f3669
3d0f522c
be5438c7
bc789c9c
bfa8fc9a
b9bb28a5
3ff599d9
b9ba62a2
bebccce2
b73576c7
3d234ae1
be76b9fb
bc722288
bfc32690
b98fa37b
400be7f5
b99033c0
becbd374
3861af0f
3d37be8c
be8c587f
bc647455
bfdd6c96
b94ad8d3
401cf095
b95684f4
beda38bc
3900ee7a
3d4c34d3
be9c8397
bc60a67a
c09bff5b
b98ecf71
40db19a8
b9b0d8fd
bf9184f0
39cd355f
3d60c313
bf5a0336
bc5ea11b
3c7b1646
3862490a
3cbbdc04
37c44c4d
b8fb1467
b8370675
3af4dd04
bd05d782
ba87f7a9
bde2eec7
b88ddd95
3ea0b0b2
37bce546
bd9818d9
b841c43d
3bb2ea1c
bdb19109
bc388a89
be9047e2
b99eacab
3f11d413
ba3d4839
be13db36
b8d22433
3ca3d088
bd22a143
bc88ee71
bef7f14e
b9855e61
3f59fccd
ba018d23
be52ed20
b9211645
3c95ae40
bdad945c
bc929a94
bf32ba7b
b9bfed68
3f8f35c0
ba119dc1
be83cb04
b9196c71
3cca318c
be0dc080
bc8d7320
bf688dac
b9dce0a6
3fb1ac29
ba03ae0f
be99c8c4
b8f39f27
3cf2b7d6
be305b0e
bc84540a
bf8ea883
b9cfada2
3fd390bc
b9e195c5
beac6653
b88ff690
3d0f7ae4
be5521ec
bc78d84a
bfa908e5
b9bb41fe
3ff5a9d9
b9ba7e69
bebcbf58
b73e4c65
3d2346bf
be768c81
bc728414
bfc3173d
b98f9c2d
400bda35
b98fa13c
becbce23
3860b65f
3d37daea
be8c9838
bf146a5e
bb857e84
3f91ef68
399be790
bf34a0ae
bafe99e8
3e919f92
bdbdbfe0
3a1715b3
3debe6f2
39a3174f
3d1d614f
3a0b8b12
b9a42df7
be139195
3a84f583
be17024a
3a00631c
3da92656
3a6a612a
ba632c02
bd0c5aac
3a9bafbf
bd185d27
3a0623a0
3dc135b8
3a7ff7ba
baaa3a9d
3b6a4729
3a91ea82
3a8c1350
39e2e58c
3daa027a
3a62e4fb
bab5fae1
3c2fdc5d
3a7385d5
3c0dc0f4
39acfb7d
3d82129d
3a3522a1
baa8392d
3bc0bdca
3a39f992
3b8a5bf1
39725f83
3d2f25ea
3a04ecb5
ba89cb0d
3a00ee59
3a01b89e
ba443284
391f837a
3ccd9389
39b501ed
ba481328
bb054dfe
399f61fb
bb3b4713
38bf9aef
3c44813f
395d3154
b9f24742
bad129fb
3912dec0
bb037830
3836972a
3b73871a
38ce4755
b945fcde
3c531d13
3b09ae44
3ec3ae8d
bf1630f6
3c2d77e1
be4f8557
bd67971f
3ec40b6d
bec15fe6
beb252d8
beaa6b92
3c35bb0e
3b1bec5a
3ec7b977
bf2f6478
3c196974
be5d5dd5
bd87fe4c
3ecbdede
bec4f883
beba53fb
beb75c9f
3bc21285
3af54121
3ee20785
bf5469a2
bc838d01
be18992a
bdc6dfd7
3e781f61
bdfb4f5f
bdcc1271
bdb18427
3b6ac798
3aefefa5
3edc903d
bf5ebcfd
bcabb9fa
be0885f7
bdd44fc4
3e4b18c5
bd7053fc
bd26104a
bd0f1378
3aa0ac25
3ae2d7b9
3ed0173e
bf5f8a30
bc9c2f3f
be08cfe0
bdd174d4
3e4762ac
bd774320
bd536c86
bd4e7e89
ba7d7f0c
3ab1d193
3ec4802b
bf5e95c0
bc8afbba
be0c3e25
bdcc7a58
3e4c7dfa
bd9a97d4
bd987b7f
bda035d1
baf3ddab
3aa4c92a
3ebd5760
bf5ebb5e
bc720f43
be0e8958
bdc9474a
3e4f1c2c
bda9b3ee
bdb3b332
bdc1529f
bb3666c4
3ab50237
3eba9304
bf6039a5
bc70dda3
be0e7cc7
bdc8e38b
3e4de1f7
bda874db
bdb7a9d8
bdc99916
bb4b3087
3aa3c17b
3eba48b5
bf6256bd
bc761d57
be0e6859
bdca51f9
3e4bed8f
bd9e9179
bdb1c600
bdc4ae2f
bb5ec56e
3a83fb2b
3ebb505e
bf6458c2
bc82c556
be0e8d20
bdccaa77
3e4bf40b
bd9aa1a1
bdacded2
bdc0b394
b9529c4a
bd2ddb45
36a20ab7
b76e2a89
b925d9d6
ba2afb23
3d98e9b9
3a072c2b
3e0aae5e
b990559c
bd82aa52
36017086
ba63d1d0
b95aae20
ba28bb12
3dcc53a4
3a4ee88a
3e305a75
b9ae6ceb
bdaea6a0
38591987
bac4ece6
b9823268
ba0b95f9
3dffb83d
3a9ef06c
3e52ccbd
b9c4f1a9
bddaff00
3896b570
bb03c0ee
b9913c6b
b9fae983
3e19922b
3ae333df
3e729d69
b9d3fa9b
be03e86d
38df55e3
bb352262
b99bcd05
b99ecde9
3e335e7f
3b14af9a
3e8829a0
b9ddac00
be1a9b0b
39189832
bb69843c
b9a63030
b9261383
3e4d568e
3b38c7ad
3e96359b
b9e4106a
be319e23
3930aeb0
bb900e7c
b9a5f1fd
38df94e1
3e678886
3b6061aa
3ea3b032
b9e8d8a3
be48ee0b
39641024
bbab6e3e
b9a7ff8a
3a3dd1b4
3f357fb6
3c21f01f
3f6ed72d
ba94271e
bee2609e
397f83c4
bc7675d5
b9a7d5de
37f6e620
b7c749aa
393611a7
3a221b56
b51a2b64
3807eb2e
b6dcdb49
b8562d80
b70ac0cc
b91bb48c
3cca878b
39286409
3d47ccd7
b8e2c35e
bcad5cbf
b76c5990
b90367bf
b8c34143
ba06e1ac
3d4b2a81
b9158159
3dc22fef
b9529640
bd2de877
b79e5744
39eeb5f8
b925fa10
ba2881bd
3d98f8ca
3a04b682
3e0aa8df
b99068b9
bd829894
36a835ca
ba55620b
b95ad880
ba28eae9
3dcc680a
3a6b1270
3e306fa2
b9ae60a9
bdae8ede
3857ac23
bac8f796
b98251af
ba0b82d2
3dffd119
3aa81813
3e52baa6
b9c4e3f0
bddae12f
389b5d21
bb02221e
b9915f3b
b9fd3bb5
3e19ba49
3ae08467
3e72886c
b9d3eb91
be03d677
38dc0d00
bb3359ab
b99bf268
b9b5fd33
3e3367da
3b12505b
3e881ddc
b9dd9c5b
be1a8d04
3915d5aa
bb6769da
b9a6731c
b91aa596
3e4d613b
3b3336c3
3e9628a8
b9e40a82
be318dfb
3930d27a
bb8ec716
b9b0b244
3f367dd5
3a5eed77
3fc84686
ba85d6b7
bf739b6b
3aa85070
393441a5
3b61001c
39dae714
bd92c240
39112778
bb25817d
36838aeb
38921891
3b9a8e55
388cde98
be19e795
39373e64
bb7ffb5b
370c182a
39013b26
3ab11d37
38fde6e7
be01081a
392be4b3
bbbc659d
37341209
390a1c5f
38c87ec0
39082978
bdd5a815
39127edb
bc0273e3
374fd1f3
394a2a5e
3a33c34a
39488c0a
bdae5a57
390f1769
bc276d68
374de30d
391835b8
3b23cd94
3916eb75
bd8b2c07
38cdefea
bc44f9b2
37325fe2
38bcd331
3b973c55
38bae5a4
bd5501ba
387f3c9d
bc5082b4
3706b2b0
38340a1c
3bbff448
38317ad4
bd1467f4
37fd147d
bc3d5d8a
36a2b25f
381a4f09
3b9e8b92
3819089c
bc9eb989
3796537e
bbf7921e
35fc9eda
bf499ee6
3f94ec2a
bf5c2b77
bdc537dc
3f3d8ede
3f7566c1
3f533255
beff00b6
beca7dcc
beb9c63f
be4e42c8
bf4b6060
3f8cfe80
bf4afd9b
bdb5034d
3f3fd140
3f754435
3f54237e
bee3970b
beaf11a8
bea6c9eb
be3746ed
bf4c96f3
3f75cebc
bf2570ac
bd924671
3f42552f
3f725635
3f539fed
bea8d228
be6836c1
be7a3b85
be0474cf
bf4d37d0
3f57d63f
bf05d694
bd6a3f2f
3f440b67
3f6f78ba
3f52c4f2
be7118a5
be072efb
be35434c
bdb4b390
bf4dc3e0
3f3f3fd8
bed6c0fd
bd39b0a4
3f457a01
3f6d1dae
3f520c44
be21d9a0
bd5caa9d
bdf85e69
bd5d9a89
bf4eab9c
3f2b35fb
beaa954e
bd110211
3f4717e0
3f6ba5e5
3f51e137
bdc06c8e
3c3690b3
bd998d18
bcd2ab1f
bf503b0a
3f1b1496
be86074e
bcdee6a9
3f493378
3f6b4eb4
3f52875a
bd265d0c
3d86c3fd
bd14d2e2
baf692d0
bf5280eb
3f0e8a9f
be517f93
bca91aa8
3f4bddd7
3f6c2238
3f541059
3b4dbe78
3de3a31d
bb98b625
3c918e83
bf55456f
3f05b4c1
be2686fe
bc818771
3f4edd75
3f6de7b8
3f5644b6
3d1581c8
3e15bd95
3c9ed2c4
3d065571
bf57f774
3f0133ae
be0e8533
bc5603d9
3f519ba2
3f701623
3f589e1e
3d671670
3e2b9b05
3d0967e2
3d2af9cf
b8599a42
bc0d1549
bd11cba1
bbbb119b
be2b0b09
b8935bec
bdfd8956
b92dd80c
3eca98ef
b89354f2
bc84f38c
bd7611b2
bbb0d32e
be6505a6
b907b383
be287ffc
b9457414
3ef8ef7c
b890acdf
bcab0473
bd8fd4b5
bb8ee30d
be8bf789
b9204c51
be446c48
b93b884f
3f0fe665
b87ab04a
bcd949e6
bd9b77a0
bb54b173
bea0e921
b92d5789
be5de152
b92073cc
3f20a84a
b81f40de
bd028259
bda40094
bb1af4fc
beb45037
b919bca8
be71fc42
b90ec19e
3f2f9793
b781cfae
bd1a384e
bdaf05f8
baf0a2a3
bec5c450
b9052551
be7ef968
b8fad50c
3f3d65a8
37220e66
bd307e61
bdb77ad4
bac34a87
bed6e6e0
b8dacd02
be866969
b8cf1125
3f4a9dad
381cb8d7
bd4762e2
bdbc75fe
bab2ce3b
bf91fa8c
b95862ed
bf30c7c9
b959c413
40070281
390bc943
bd5db558
be75e9a7
baadee1f
3ba5c682
37e3a03e
3c4eb7d8
37dd52b4
39999c93
b7b451e7
3a52682a
bca68184
b9da22aa
bd3c6403
b767df82
bcf475ad
b8074ff5
3e17640f
b801f228
bb8969dc
bd1e7ab8
bb89b65f
bdca129e
b832b20a
bdb9cc45
b9454a89
3e921ef9
b858b8dd
bc03db60
bd289faf
bbbb35d2
be291a1e
b8970b1a
be04dcd7
b92bc0ca
3ecab454
b89088f2
bc836969
bd5849dd
bbb0f59c
be64be31
b90827da
be29c843
b947c05d
3ef8ddb6
b892fc4e
bcacedf8
bd8f7f4f
bb8f0539
be8bb144
b91e2ca7
be468cae
b942afa7
3f0fdc0a
b878bb13
bcda4b75
bd9b3cb0
bb54e47e
bea0af87
b92bc4ec
be5d3bbb
b927e1b7
3f209ccf
b82323bc
bd022022
bda73ab0
bb1b1a34
beb42dae
b919815b
be6f8fff
b9102329
3f2f8afc
b78cd1f1
bd1a3611
bdac5043
baf103a5
bec5d623
b9087bce
be7ebaaa
b8fc1113
3f3d60b6
3727d54a
bd303271
bdb86f77
be5b6e16
bb19e6fe
be0c5e1d
b96e74d9
3fb3a806
ba8d7219
bea07f71
bca46b21
3995f1ed
bc492030
38f4d39b
bdc6b855
3978f432
3a145954
bcb86e99
3a01ca54
bcb9a262
394a17f7
be835351
39d5a4a7
3aa95ced
3cb6ea4d
3a158e12
3cb5dd83
39624b73
be437cee
39eda5dd
3aed08ec
3d0a8d78
3a0b7b99
3d0a1a8d
39456def
be104ea8
39d528f9
3b0a7987
3cfc0537
39e84dd4
3cfb464c
391844a5
bdce918c
39ab01a1
3b0bfdc4
3caa5e16
39adf3ca
3ca9c5da
38d04439
bd8ccfe2
39765cb3
3af923b1
3c36615c
396c416b
3c357da9
387cf502
bd2ed81d
3920868f
3abdb473
3b932459
390c23a9
3b91f602
3806eb4e
bcb5fc59
38b85281
3a6981dd
3aba6632
387c3063
3ab80b58
376add53
bbf6ce6f
3823bf92
39bc5594
bcadbeab
3a78b57d
bee9f31c
be6683ca
bd0d6ae2
3db71a2c
bd0a4f32
bea5fc13
3ebe27d7
3e6441ab
3dc12405
bca982ef
3a7709b4
bed7714a
be7c3706
bd1b2026
3dc5e75c
bd1ce4ab
beaa21ec
3ecd2a9a
3e867cf1
3e0ef76c
bc94364f
3a4f54fb
beaa943b
be89faa8
bd2e89cf
3dda5617
bd36aecb
bea90338
3edf8187
3ea7669b
3e613ea0
bc7e9a87
3a305d68
be936a33
be8008e1
bd1eadb4
3dc51597
bd265eee
be93c5f9
3eca1f42
3e9b4628
3e510710
bc5f24a1
3a1c1389
be86a166
be602543
bd062de4
3da60a25
bd0a7d9f
be7619a5
3eab059b
3e81f980
3e243757
bc48db74
39e79b13
be7e8ceb
be4319a5
bcdfb105
3d8a80b8
bce2cba2
be4c5aa1
3e8f2dcf
3e53e3d7
3deedc41
bc393533
39c9bbc4
be74aae1
be2fa7da
bcbf86fc
3d6f8574
bcbfc694
be30601b
3e791e4a
3e33d22b
3db30f26
bc314ec4
39bf5736
be6e1f24
be25cded
bcb13783
3d5ca94d
bcadf7bd
be216788
3e65d34d
3e23b93b
3d953b7b
bc2e6ba1
39a7986b
be6ab014
be226950
bcaacadb
3d556306
bca5e691
be1b528e
3e5eec0a
3e1e40ef
3d8b50b6
bc2f55e9
39875d03
be6a644c
be2223dc
bcab80ce
3d5467f3
bca570e5
be1a2a25
3e5ddbf5
3e1d94fe
3d89281c
36454358
b94c6911
35eaf842
b9348bcd
bd0dce3e
b90603aa
bd7a5a0a
b88ce2bb
3d663188
b638e44e
b8e72036
36e670c8
b911c21c
bd4106c0
b94dfc5e
bda67384
b8a3cd72
3d90ff55
b5c911ff
b8fac09d
375274bb
b8f29c9f
bd76a8d4
b94df63d
bdcf0240
b8aecfdb
3dac7710
b6d2c293
b8973002
379470cb
b89525ef
bd976901
b93e1bc8
bdf6ab35
b8b05255
3dc63c42
b724b30e
b78da429
37b594c9
b73ce275
bdb4be61
b94d1393
be0eac03
b8ac8140
3ddeef2d
b73c43ee
371d6aa4
37cd9c19
388cbbb7
bdd33be3
b93975d6
be2186f7
b8a6d395
3df711e6
b738f1c9
38d64fff
37d3f375
38dd644a
bdf2acbc
b92a8ed1
be33f8f6
b89f9015
3e078216
b76781a4
39623a21
37dab541
39e02a55
bec14e87
b9bbf838
bf05cd6e
b93e4852
3e94c1ce
b7970ccb
3a29cb78
37db991c
37298817
3869dad9
3850566f
33151b92
b47479be
3a26aa1c
b5cb21dc
3803a7e9
b491cfa3
b8791f22
bc36e732
378a4dd5
bca6c7d4
b7e2ec30
3caa64f9
b3cd8532
b8904503
b597871d
b89c1d08
bcb99737
b834213b
bd26dfce
b850dd47
3d23e789
36edf4fa
b90f5951
35eb26eb
b92df128
bd0ddc0b
b90ff392
bd7a4ffe
b88cf65b
3d661234
b5dba5e6
b8e6d4b3
36e69cfb
b916f6cf
bd411974
b94bb576
bda687cb
b8a3c179
3d90eb88
b5ddd4d8
b917a617
3752a768
b8e1768c
bd76c10f
b944a7c3
bdcef060
b8aec2b9
3dac5f9e
b6d0ab38
b895bb4a
37949454
b891f0ec
bd979081
b94b986c
bdf695dd
b8b04576
3dc62146
b716a694
b81b18dd
37b5c06b
b6cc1f89
bdb4c7ce
b93d7d2c
be0e9fb5
b8ac74b3
3ddedaf7
b734a52b
b65c2685
37cdeee3
38936ea7
bdd346ea
b929491e
be217905
b8a6cf47
3df6fb71
b72fee60
38c3e942
b95872e2
bea6250d
b9bc7a72
bf2b8cfd
b98570e0
3f60156c
b9358fa6
38402c63
bbf366ca
38ad4970
b9418006
381fae94
bd3872ae
36623bf4
38850bdf
bc569ced
38857614
3abfff26
3858a0b3
bdbeff2c
36c93325
38e1691a
bc79ff0d
38e1c5ba
3be1ba50
3881600c
bd962858
37011116
38d581d9
bc8983d2
38d5d110
3c363d5f
3864da8c
bd61db69
370b3b3e
38afa5fa
bc8fbb96
38afe7ac
3c654c58
38362205
bd1ffc07
37023d05
3830936c
bc8e1d40
3830fc0d
3c7b3c9a
37cdf376
bccfbf7e
36da3dce
37075411
bc8270b4
37088c5f
3c7496ce
371665ab
bc6a8a19
369ebad2
373e89c3
bc53494f
373f58ed
3c4cbc88
36f0c814
bbcb3ce7
363b34cd
35d03181
bbff0655
35d369da
3bfb53c7
35de0709
baab4ea4
3594d75a
3eb94a08
bef9ba0c
3e1acd2c
3cccee94
beb2b7d2
bedd673f
beb97dc5
3e501658
3de77ceb
3dc47924
3d22eeab
3ebe54d6
befa13d5
3e2de586
3cd5d87c
beb73570
bee2c4c8
bebf3d52
3e49b040
3de1d4bb
3dc7aa6f
3d2a422e
3ec5f75d
bef7fcf3
3e53109d
3ce5f431
bebdefb0
beeac4d5
bec85ae5
3e3b35ce
3dd5c588
3dccf900
3d38a003
3ecec07c
bef2807e
3e69330d
3ceb3832
bec61107
bef38e6c
bed22c01
3e269a67
3db97808
3dc5888b
3d35b021
3ed8639a
beea5c94
3e7251a9
3ce70d08
becf4507
befce4d7
bedc71d3
3e0d4d93
3d904f43
3db3bcca
3d248ca0
3ee28369
bee07436
3e70f6dd
3cdb8015
bed92380
bf033f36
bee6de06
3de21c2b
3d3c77f6
3d9a58a5
3d08cbd7
3eeca7c8
bed5cdd1
3e68142b
3ccaf473
bee328ef
bf07fcf9
bef10d5a
3da7d6f5
3c9fc81c
3d79530a
3ccd755d
3ef6388f
becba2db
3e5b0b6d
3cb8781a
beecae60
bf0c6ccb
befa7b85
3d61e974
bbcf8f94
3d3cf99f
3c864b91
3efe6930
bec3704c
3e4dcec6
3ca7edb3
bef4d713
bf103b03
bf013986
3d07a817
bce72420
3d08a6b8
3c0e8485
3f021858
bebf062a
3e450d59
3c9d8b36
befa86db
bf12f458
bf040395
3ca17595
bd2bcb41
3ccfcad3
3b786771
bcbe268a
bb4de798
3c8e54f2
361be11b
3d18e418
374c90e3
bc62619c
b64fae11
3cd85c45
bd2bc40d
bb92fb62
3ce54738
38078de2
3d396a0f
386da4e6
bca3bfa2
b70d08da
3d06d8ae
bd6766d9
bbb5fbea
3d20afbd
386b4ad2
3d6c42be
38b84885
bcdba682
b767cccc
3d1d1c37
bd89d6a3
bbcf392e
3d4eec13
38c0b462
3d8de563
38ff1dc5
bd0bd60f
b7a47397
3d30aef9
bdb4cde6
bbe0a218
3d78b3a0
390c5e9b
3db6740d
3921f209
bd2b84b3
b7c9bb12
3d43737f
bdce63ad
bbeeff30
3d8f8b55
3936201c
3dcb0529
394a59d2
bd4c2324
b7cdc4a5
3d542df2
bdf3a160
bbec0907
3da805f4
3965a736
3de8f265
396c8b5e
bd6d545d
b7e1c893
3d65d465
be0b8e54
bbecd14d
3e6ec9de
3a392f8f
3ea2d2f9
3a388e69
be298f07
b877e5ad
3d763408
bec56f54
bbebe8ac
bb1151bb
b73674e5
bb482ffa
b64e1416
37c8dc61
36bbdbc3
39ac4108
bbdb1b61
b8e50922
3bdfb393
366ecbf8
3c5f8899
35630032
bb81f9ef
368a20cc
3c33ea8d
bc06d7d4
bacf4be0
3c8c52eb
371ae573
3c6f605c
37f84b95
bc0a45d9
b6ca845f
3c9890ff
bce9c72b
bb4e0f9c
3c8bbc97
36071900
3d1c2fc3
379a70a2
bc628057
b608fcba
3cd9a05f
bd28f02c
bb9317df
3ce42176
38080e2e
3d498bd1
3858dc7d
bca3b426
b7098fd9
3d06ac9a
bd6347bf
bbb627aa
3d20b9c0
387cdaa3
3d6f5667
38b9782d
bcdb9702
b769826e
3d1cfc0a
bd8a4a63
bbcf6ae1
3d49ce30
38cda7d5
3d8c8ed4
3903d24c
bd0bcbf5
b7a24521
3d30a600
bdb17265
bbe0d7fc
3d73e20d
390bbf15
3db0a128
3921a5f0
bd2b787d
b7c1aaff
3d437a16
bdd255eb
bbef5f6d
3d8fee2e
393a9e90
3dc9eacd
394c91ea
bd4c1dca
b7d2560e
3d5402c7
bdf1e7fc
3c0e5976
3a7395b3
3c9bb709
3a5eca8d
bd1c546f
b9020f9d
3f09acf1
3c2d6346
b75f9a56
3c3dd2c4
354d333b
bb961af6
b6cb4316
bd1e2cd5
3c5b8444
b804ee3f
3c5b2fc8
b651eb89
bc0c3481
b79b8fca
bda25399
3bf15c17
b809e0e5
3bf0c8ec
364f158e
bbfaa2c4
b7637a29
bd81a0fc
3b70134c
b7eb5b04
3b6f17eb
373804dd
bbcdbaff
b6976ff1
bd4726be
3aa136db
b7ae3278
3a9f95c5
3790639b
bb9f3e8e
368ebe51
bd116c78
bab06741
b7821ab0
bab1b3c2
3795d5aa
bb8024ec
36f4c1df
bcc61062
ba262d45
b64d6270
ba281d08
37aca45e
bb11e522
37816c45
bc72c403
ba90c0c6
35ea15e0
ba916594
3789106b
bab16263
376dd2f3
bbf80bc7
ba93d1f3
362854dd
ba9423f9
3712c7a6
ba360156
3709ea2c
bb278c9d
ba0ed883
39c3b96e
3e57405b
3d09d038
3c02b39a
bc60de72
bb1c1fbf
bb8e67a8
bd298ba4
bcae66f7
3d9e7521
b9b0ccc4
39bc62d5
3e458603
3d2e6c76
3c1dd712
bc98737a
39df7291
3c1a4ef9
bd7730e2
bd2dc033
3d4b108b
394e554e
39d70bf9
3e2406bb
3d55ed51
3c38f626
bcc1f643
3b857220
3ce0516a
bda90f90
bd891283
3c3c113e
39f808c7
39e2a575
3e0b5b14
3d6809ff
3c47bdc6
bcd886bf
3bcb49f1
3d1ecade
bdc1c605
bda56829
bc58ee15
3a2e3e27
39ecd2ae
3df32b1c
3d6f38a2
3c4bdfb7
bce209b6
3bf3e5aa
3d3aa210
bdce0d1b
bdb39a16
bce95939
3a6c3e9a
39f96915
3ddb2a41
3d6ed2aa
3c4b48cd
bce40d7c
3c05306e
3d49475c
bdd23da7
bdb90b81
bd168acc
3a84eaa6
3a05a848
3dcdb464
3d66ad40
3c452794
bcddadba
3c05ac80
3d4ae61b
bdcdb9e2
bdb4e27d
bd1ca44b
3a7a46ec
3a10cb75
3dc5a74a
3d6304c2
3c418895
bcdbabfc
3c05b9f5
3d4e1cdc
bdcc84d7
bdb405e4
bd2373aa
3a7e6821
3a109652
3dc2fdda
3d5e97ba
3c3e6717
bcd85a92
3c04d387
3d4cda5e
bdc99bc8
bdb11044
bd214359
3a847939
3a15c6e8
3dc3e0ee
3d5b5632
3c3c1000
bcd666fb
3c02afcb
3d4ac337
bdc76aa9
bdae5899
bd1bb21f
3cf6d0ca
bda3cb61
ba5a3c29
be1240f5
b818a640
bd1b9332
b8fceda9
bcb6e726
3e88a035
3ce86d4c
bdb5d5c0
ba624de9
be4b30f4
b99539dd
bd3c07c2
b910040e
bcc34bc3
3ea9b375
3cdd202a
bdc27a48
ba6cec99
be804d04
ba05f2bc
bd552439
b9161ec1
bccfeb59
3ec94056
3cd299b4
bdc94cee
ba82047d
be9a9271
ba405aeb
bd691ec9
b913dca9
bcde0a78
3ee719c4
3cc95e88
bdcfba17
ba8c3b93
beb30c55
ba764fc5
bd79e04a
b90da6da
bcecdf9f
3f01be72
3cc53467
bdd3d1a1
ba982eff
becb1bf3
ba94d766
bd8464e1
b902b7ef
bcfbb072
3f0f436c
3cb98baf
bdd6ff8a
baa723b0
bee2fdea
baaae685
bd8b6571
b8ebe6a5
bd0542a5
3f1c8e03
3cb5a0fd
be897d6f
bb803783
bf9debcd
bb83f8c7
be3722ce
b9522780
bd0cb86f
3fd60af5
3cb3ac14
bc6d4ff6
b9185a11
bd8498b4
b8cec289
b85108fc
38b0018a
bb5ae178
3db953b9
3b14f856
bd8024f9
ba054afd
bdee89bf
b9c74e0e
bc709652
b87380ef
bbff46ad
3e69b39d
3cc108bd
bcb07a39
ba6f1ef6
bd3f11d0
b88bdd74
bce2d54f
b8ba3ad8
bc8f311f
3e608e76
3cf700c3
bda306d7
ba5a36e0
be12d1ab
b81aa727
bd1ba83f
b8fbf69a
bcb6de65
3e8977f0
3ce89a78
bdb5888c
ba6299a6
be4bb425
b994a600
bd3bfa5d
b90fa83f
bcc34560
3ea9f26f
3cdd552d
bdc1b331
ba6cba4a
be80d5b6
ba067bf8
bd5514e8
b9162122
bcd0352e
3ec97835
3cd2cc3e
bdc9214e
ba81dbdd
be9a5d8a
ba40ec99
bd690e11
b9143952
bcddb0c3
3ee71a1b
3cc98ed1
bdcfc9a8
ba8c4619
beb2d070
ba764a24
bd79ce6a
b90dd99e
bcecdac6
3f01e489
3cc583d4
bdd3cb49
ba983ebc
becb12c7
ba94c693
bd84616f
b902a76b
bcfb9103
3f0f804f
bd8e7a1f
39d5229b
be633340
bc247ef2
be0e6f35
bb0889b0
bd9ff59d
bc00266c
b8f1bbba
bd1f2656
39b32ef8
3c7e45a7
399edb87
bb1995e8
3c7f5bd0
b980ee66
3c824453
3a221896
3cd25d20
3a061945
bb82606b
3ca2a17a
b9b5cc21
3ca4e3d3
3a3153ea
3cba42a8
3a01b518
bb83a736
3c7e1239
b9cb18b9
3c80f7a8
3a28d10d
3c8dc2b5
39e02675
bb6ee4c6
3c273c80
b9c25b96
3c2a727a
3a12c0b3
3c45e539
39b43755
bb460ba7
3bb38d70
b9a6b207
3bb8ad3e
39eaff5f
3bf92c6e
398656d6
bb14e0b4
3b33734e
b97ad72d
3b3b1cfa
39ab1a13
3b8f81ad
3938112a
bac5e291
3a99a514
b91fca9c
3aa3d4ea
39577116
3b0b5829
38dac5f9
ba57d791
39dbc490
b8934bf5
39f0126c
38c7dccb
3a3b1778
383d41d8
b99854f8
3a17a5d2
bc1d4127
3da2d54e
bd8ad6c1
bcc5466c
3d8f07cd
bcbfbf89
be021263
3e7f7855
3e8e52fa
3e910892
38f6f491
bc1c8466
3da7c21d
bd9b617d
bce63f84
3da9f445
bce312a5
be1f7786
3e96b617
3ea5aa0c
3ea8bb6a
3a3dc8d0
bc090b5f
3d7f6486
bd70f9f0
bcd47b2c
3d96789f
bcbbf44b
be0c72e1
3e8732e0
3e91d266
3e93293f
3a1f843a
bbf788c4
3d302029
bd2f3531
bcb94495
3d8a9265
bca22bcb
bdff7f3b
3e6c5a90
3e80887f
3e81488b
3afe18b2
bbdc3db3
3ce2f053
bce7662b
bc9fa394
3d77f6fe
bc90ef0b
bde8988a
3e52e462
3e63c313
3e62ac6a
3b0ff6d6
bbbaed9f
3c8ca752
bc9a63b5
bc9925c5
3d65f015
bc77bab0
bdd9bf23
3e41809a
3e50b598
3e4e25ad
3b154d64
bbac3a5e
3c2f851d
bc627801
bca7b020
3d5b1969
bc5fa12d
bdd12a7e
3e387921
3e471b9d
3e433aca
3b287abd
bba8c8a0
3bdfe9de
bc3928b3
bc993081
3d562a21
bc647083
bdce72de
3e344f3c
3e42df6b
3e3ea8ea
3b0f0461
bb9e9b93
3b9e0d2a
bc287e75
bc9777fd
3d5a4520
bc643c25
bdce9259
3e335839
3e41fb4c
3e3d41e4
3b516632
bb929773
3b8f380d
bc24011c
bc927559
3d5972c0
bc6b92bd
bdcff724
3e349258
3e42451e
3e3e0e57
bd0b3692
b932f8cf
bcaa26ab
b969b34a
bbef07b7
36ad3a5d
bb98588d
3d89cf56
3c841221
bd5f95ba
b98510b9
bd0e5a1b
b99ae04a
bc21ecfd
36fc167d
bbcb69d5
3dd1f1aa
3c75a44c
bd99906a
b9af3ab5
bd3f0868
b9b9caa1
bc4730f6
3718ce08
bc06716f
3e0b3cd6
3c67d4ee
bdc1bc0d
b9d1fe93
bd6e4387
b9d9be35
bc66be58
3754b58d
bc2417c7
3e2b559b
3c5d9d72
bde7836e
b9f418f8
bd8f0978
b9f98c9b
bc80b55e
378df91f
bc4326c2
3e4a6e39
3c59d54b
be063618
ba0ab163
bda4ff48
ba0d002d
bc8c5223
37b399ef
bc615afa
3e68a6dd
3c4dc517
be180418
ba1ae36f
bdba857c
ba1d8ab6
bc96f433
37dc1ff7
bc80112c
3e8318ef
3c49f233
bed5d5b3
baf04696
be8264f8
baeae79f
bd49d74c
388449be
bc8f5a74
3f37cb7a
3c47ee63
3b330f7a
3719cbee
3b7878ab
376e0f23
37353ac0
b6be45bf
39ae3bbd
bc01ad1c
3a2800c0
bba43d9e
b84001c9
38daf150
b864eb99
bb0a5376
366a48ec
ba860de6
bb271f42
3c0dd31b
bc8f754c
b8ccfce1
bc4a9327
b9264a90
bb95e30d
36b9211a
bb14d242
3cefc6d0
3c91b2d8
bd0976ec
b9344e3c
bcb8cc6c
b96830dc
bbef293d
36b3bc1d
bb962c75
3d8d1ef2
3c842bd0
bd5f83ac
b984da63
bd0da263
b99c15b6
bc21e19d
36e8afcd
bbce18e7
3dd1fc19
3c75df2b
bd99d222
b9af589c
bd3e3e5b
b9b9d880
bc4722c1
371c8444
bc067833
3e0b5bf4
3c680c93
bdc1cabd
b9d2aecf
bd6ee40b
b9d98e63
bc66adc0
37564d55
bc2430d4
3e2b899c
3c5dd2a3
bde7b9c1
b9f41b15
bd8ec202
b9f9a020
bc80ac23
378cc718
bc4323d8
3e4ad0e1
3c5a2d0e
be063715
ba0ae55b
bda4e188
ba0d0c5c
bc8c4e7b
37b494a3
bc6134fd
3e68fe62
bcfd54a3
bb0e0f83
bb3cc0de
bae8b11c
bca655d7
38ebeede
bdce99d6
bc92a6c4
b746c681
bc8943e5
b83b02d7
bb4f0734
b7a3035c
b973e02b
bcb6d791
37322967
bcb74177
b87a11b0
bb1c040b
b7087e73
b9cc7680
bc12a30f
38553b69
bc135c09
b8329634
3a9f1fa3
3790f281
b9c25518
ba891244
3890d1e6
ba8e039b
b800a8e9
3b437ca6
37f2ce62
b9a1288a
3b25644d
3892da3b
3b2356b7
b7bfe3fe
3b5ab25c
37fc67ed
b96c42ff
3b5d79aa
3880742b
3b5bd67d
b7979215
3b3b579f
37d1549a
b916655a
3b3abf29
3846547f
3b3985ba
b77049e0
3b04c92c
3791c671
b89c19f2
3aece447
380378db
3aeb43fb
b72f48a3
3a97cf4c
37254504
b7d79907
3a5a7b61
37823fa7
3a58dc6e
b6bf32f8
39f3e3e7
3684b3e7
b5837e2c
3b12b743
ba22abe6
bc9ee5a1
bd108c0b
bbdecd27
3bb481b4
bbe10558
bc2fec55
3d0ab563
3d0c03a6
3c8f0f65
3b028a08
ba2a6efa
bc1dff8d
bd590b91
bc24b36b
3c597978
bc30c0fa
bce614dd
3d845f66
3d8907d8
3d524464
3ad366d8
ba45bf2c
3b151261
bd99c03a
bc68a783
3cc16b13
bc815fbf
bd518f89
3dd69c7b
3de0323f
3dc3c0cc
3abdcfce
ba5a878d
3bce885f
bdac992b
bc81e1c4
3ce39bf9
bc9204eb
bd78a009
3df932a3
3e02089d
3de7dcb1
3aa91fc4
ba6eeb00
3bc21a1b
bdaff73a
bc8416f7
3ce9d8d3
bc93dca9
bd7fcb66
3dff967e
3e05014c
3ded7c5a
3aa252f0
ba82db96
3b6d1231
bdac5e59
bc809227
3ce39b83
bc903f66
bd78a513
3df926ad
3e013df3
3de4e67f
3a9dc89f
ba8a14b4
3a890359
bda6f0a9
bc763f12
3cd95113
bc8ac2c8
bd6dbe5b
3def7d3d
3df79ab8
3dd8f2ed
3a9ccf3a
ba8ec5dd
ba8543dd
bda27f49
bc7020cb
3cd106aa
bc85ffe2
bd64b84d
3de781e1
3deebb21
3dcf2f7d
3a9a0f78
ba936ac5
bb147811
bda01176
bc6c3b52
3ccbd8f8
bc834441
bd5f766c
3de3158d
3de9ce04
3dc9af91
3a96163d
ba9917ff
bb3a956f
bd9f8fa8
bc6bf08c
3cca75b9
bc82c173
bd5de7ec
3de2007b
3de8aac7
3dc817d1
b986cc8c
beae03e2
3882ef8d
bdc58632
b8bdf9ea
3c76e717
bda2b14a
bc786fb9
3f45e3cd
b8f052f6
bef74731
b89db33d
bdffabba
b8d24188
3c8c4a2a
be127d5c
bc7ceb71
3f7a5c0c
b925f5ac
bf235e36
b8742837
be192a88
b8c79017
3ca5e68f
be351096
bc74bcdc
3f975010
b8feb78f
bf4b96ae
b82a5c46
be2f4587
b8972427
3cc7c507
be590fda
bc69760a
3fb1c360
b8a2622c
bf74c7d3
b7027cc9
be430159
b821c17a
3ce737b6
be79a89d
bc637788
3fcc2550
b75ea175
bf8ee60b
38020ee3
be5541c1
357bf7dd
3d03be4c
be8c62ce
bc557407
3fe68a5a
38775352
bfa35f21
3888f5fc
be66c4b2
383b9d2a
3d13b52d
be9b8abe
bc50dbaf
40a1d2a1
39bfa0c8
c0677edd
3995b206
bf1b4b9d
393fc01a
3d23bd82
bf57405d
bc4e9f33
bc5ea95e
37664391
3c3ec1dd
37b7e8ea
3781737a
b737d8b2
b9f1493a
bc66f86f
ba32fda0
3e112396
3944e2c5
bd8a982a
b69d4b74
bd03cd9d
b828da26
3b967969
bd17a577
bc01b36b
3e974ef0
391b0cbe
be48e175
b99da10b
bd846e7a
b8838d2a
3bb09c9f
bcd64b7a
bc541bb6
3f14cda2
b98b2d55
beaa4555
b78594cb
bdc5a13d
b8df0f5a
3c853960
bdc087c0
bc789ffc
3f45e252
b8eb3b45
bef6f9f7
b8b76fd3
bdff996e
b8d8789a
3c8848f0
be12f8d4
bc7d280f
3f7a22b0
b927301e
bf231a3e
b8716799
be191f8b
b8c51080
3ca5d7ba
be354e7d
bc74f791
3f974aa0
b9042ea0
bf4bb45c
b8207a64
be2f3906
b895b817
3cc75d6d
be58d573
bc69ae1c
3fb1d6c7
b8a20c35
bf74b7ac
b70855fc
be42f364
b8225682
3ce72be1
be799e6b
bc63d31c
3fcc0f71
b767819d
bf8ed602
3801a427
be553c24
35866005
3d03c9be
be8ca284
3f1a2fbf
bb0e4f11
be845036
b9d08654
be9d2059
baaf9f96
3e60db3f
3e1cdbc5
39ab40a5
bdfe927e
38a30c98
bb2232d5
39538403
3962a415
3e36f89c
3a2037fd
be35bfe7
39498681
3bef584e
39e20f55
38893dec
bd8ef17a
3a451953
bd8a4c38
39b1e954
3d031cf2
3a21aa54
b9e92d6d
bcc9a7dd
3a3a6e89
bcb9c596
39b6f1ad
3d0f38bf
3a1e5049
ba2fe0d3
bba33957
3a1d2e1e
bb5cdb65
39a4d99f
3cf7d3c8
3a096f82
ba3fda06
3a96790f
39f313e6
3b1f6dec
3985f774
3cb6b7cd
39d9351d
ba2f3ee9
3ab63707
39aa92e0
3b1a07c4
3945b7d5
3c6515a4
399c30ca
ba07a589
3985b626
39515128
3a6a074f
38ff56c2
3be6663a
3945238d
b9aa536b
b946fddb
38c0bdf3
390629e1
3876c42d
3b16ed2d
38b94a12
b90ed913
3c52b2ce
3a1827be
bbc4a54f
3f1d2872
3d46f939
bd5c1e7f
3dad8481
3e3aeaf9
becbc5ad
beb5c492
be8eef7b
3c5d7841
3a0c84a7
bd332b93
3f460abc
3d6d58de
bd4d221f
3dd9de11
3e466aaf
bee6c5de
beced0bc
bea30e4f
3c6641d0
39963f1e
bdb2890d
3f75bae8
3d885f4c
bd14f7e9
3e056ad0
3e4094fa
bef7f272
bedd3b70
beaa92ab
3c464f3b
39856af6
bd83bb38
3f66ee2d
3d642df3
bbb5dfe5
3def738b
3df10ff9
bebcb194
bea02464
be583514
3c2d7509
397e44d3
bd81b43c
3f620bce
3d5768ca
3bc772b5
3de88980
3dba2573
bea7875a
be8bfd9d
be2f8bd3
3c1b8abb
393718c0
bd923177
3f6262b1
3d57d625
3c17e477
3de93f57
3dac9c1b
bea45cf1
be8a31d1
be2d017a
3c0f216c
39533bbf
bda3c95b
3f645050
3d5d3434
3c122451
3ded498d
3dada095
bea6d512
be8de715
be3552f4
3c0a094b
3963288a
bdb065df
3f664b74
3d60a9eb
3c0c9531
3df0929b
3dafc17b
bea980d7
be91636a
be3c967c
3c0238e7
3987f0d6
bdb6e91f
3f67f82f
3d63cee2
3c0e0932
3df3a033
3db16fb0
beab40d5
be936867
be404fef
3c0241fc
394a4007
bdb99c11
3f699e79
3d64ba14
3c0f30dc
3df505fd
3db2741e
beac8f82
be949ded
be42476a
ba8bc8c2
3dc8051f
b9360177
bd4045f5
b759febb
ba8ae114
b96c3ced
3a1bec1b
3e08708c
ba988e90
3e0469d3
b94ef1c4
bd81f9c2
34565c12
bad19b66
b990bd50
3aa9c1eb
3e1e41e3
baba48f7
3e23dce6
b957ffdc
bda4f3ab
37ea7876
bb2e58e1
b9a5c652
3b03f114
3e30c2bb
baacaca0
3e4238f1
b9580cb1
bdc922a2
388f2911
bb55f3cb
b9b51c16
3b32f63c
3e410cce
baaf26c0
3e5f7aef
b94d6b1b
bdee83ad
38f3b074
bb86df1b
b9c27e7e
3b66e6c9
3e5001c4
baaa4cd1
3e7bbd22
b93b2bac
be0a7dd7
39163831
bba4c85e
b9c268f9
3b8f88d2
3e5e4b46
ba95a2c6
3e8b9b91
b922e114
be1e2ab1
394f7326
bbc0c51e
b9c48959
3c558806
3f26535f
bb33bf03
3f4ec815
b9a8bd1b
beb3a29d
3967643e
bc8c3611
b9c43a94
b80388c2
39c1d59e
38a69209
38158c75
b4a4c227
3903ad4b
b72d915c
b936bfc6
b6e226f0
388f6aa6
3d1d05c2
b8d81179
3d060e07
b8965628
bc7a30b3
b71699e2
b9a29439
b8b2046c
387c5870
3d98e4e1
b9aa56fb
3d85c829
b908f0af
bcfd3900
b73fe3c2
ba3a8ac2
b9280e63
b8ada969
3ddc0c2f
ba8fb583
3dc7fbe0
b93619b1
bd402b14
b70b202c
ba9c53f3
b96c6ab6
3a1cbea6
3e087dd5
ba902c84
3e047a01
b94ee403
bd81e810
b6612d73
bade44e2
b990e019
3aa9a4c0
3e1e5154
baa990e8
3e23cee4
b957f164
bda4dd44
380a8681
bb28fea9
b9a5ee13
3b01a066
3e30f0de
bab0ee11
3e42284d
b957fd2c
bdc90747
38896469
bb4f5d0e
b9b54784
3b2e9728
3e4116dc
bab4d1e6
3e5f6797
b94d5cc5
bdee6df7
38ef710e
bb862c10
b9c2ccd0
3b67aa2e
3e500cbf
bab1c395
3e7ba776
b93b26af
be0a713f
39186134
bba30c97
3a643eb5
3f8a7fae
bae0ba86
3f899313
ba3174bb
bf321e06
3aa0e37e
39c940fb
bd4869c5
399e61ac
bb7e41e7
38f43988
bc14289f
366076bd
39f6e5a0
bdd719a7
398819e5
bc279cdb
39211aac
bc88c7f8
36ef6e1e
39c4226a
be332e5a
39c66bf4
bcb16cfc
393faf39
bcacb654
373a7cc6
399d3acd
be06e250
399f2f81
bcf30e86
39185574
bcc59a5d
3764f9d8
39244264
bdc18eb4
39278281
bd0aefbd
38b1c82d
bcd14100
37700254
39644534
bd822971
3966dcf6
bd0cb60a
38cb53e7
bccdd50a
375637ad
392b92c9
bd1ef67e
392d8305
bcfe7609
3893ad74
bcb98213
372accec
3910d202
bca4a3ce
39121bb1
bcc61297
38680ce9
bc922b39
36d77985
38c0a54f
bbec932c
38c1edd9
bc623ef3
38100602
bc28c918
363414d4
bf90ad4f
3ef38356
beb575e4
bca1ae5d
3f8c9439
3f9fbe97
3f93d099
3e7b9231
3ea4b0a1
3d9db704
3d74e587
bf8ba708
3f00bc1e
bebbf973
bcb7a82c
3f87775f
3f9aaabc
3f8eb6a1
3e4f3bf7
3e8ed1bd
3d5bc4b5
3d3b9a11
bf7ed69f
3f0dff44
bec8211b
bce762f5
3f766759
3f8e48e7
3f82557e
3ddc544a
3e3dda42
3b7f271e
3c83a16e
bf543d3d
3f223ef0
bedab33e
bd1b7eb3
3f4be793
3f7157ad
3f599cb5
bd48daac
3cf962c6
bd9ed066
bd05a9b5
bf3426ad
3f2e9ebc
bee0806b
bd32a848
3f2c08a8
3f506c4c
3f38f69c
be220cf5
bd9d02bc
be06c06c
bd847ecf
bf1d342a
3f34cef6
bedcd0f0
bd3d0f24
3f156137
3f388efb
3f216678
be69d46c
be139966
be272c0e
bdaa3832
bf0def75
3f3699e9
bed32997
bd3db4e6
3f066a4e
3f2858f8
3f1184f4
be892259
be398d4a
be369e61
bdbb9781
bf04da7b
3f35c450
bec6fe85
bd38e999
3efb38f6
3f1e7078
3f07e31d
be9231fd
be49421c
be3a6f6a
bdbefd21
bf0083b9
3f340999
bebbc926
bd32447f
3ef2ee3f
3f197c09
3f031d95
be946fa5
be4bab0c
be3829cf
bdbb4c94
beff01ff
3f331ba9
beb50174
bd2d9ce7
3ef1091d
3f1829d0
3f01d7a8
be9416b2
be497afd
be352cf0
bdb70eff
ba4adbb1
be2065f6
b908b443
3c56f6f2
bd5b5db4
bcb5d33b
bea3e804
b99624b2
3f4327bb
b9fa5838
be4fb900
b91d096b
3cc46d75
be461790
bcbc0618
bee8ecbe
b9c1895b
3f77adee
b9cf250f
be78ec7e
b9174b66
3ceb147d
be783fe7
bcb59ec5
bf16a845
b99f377d
3f95a127
b9a6a6d5
be8e5792
b8e3abe6
3d10ef9f
be96cb2f
bcac2319
bf3771b7
b9545b64
3fae80e3
b963d364
be9e357c
b86ec2d3
3d29b1f3
beaebd24
bca6c771
bf584750
b8db1cfb
3fc7bcd6
b8e2f333
beacd23f
367b7895
3d438287
bec587bd
bc9c05e8
bf78d5f7
3796e665
3fe0f8d3
375d3a8f
bebad00e
3892d022
3d5cda5f
bedb92f0
bc987f4e
c03121dc
39ec30c6
409da712
39c49f10
bf7b31aa
3991f94c
3d766ff2
bf985eff
bc96d50a
3c15bd6b
380eece1
3c5a2cc2
b7dfe48b
b7a4dc51
b7e3e353
3a8a13e3
bc0ea9bd
ba733837
bd11fb1b
b8e8860b
3e1f47c8
38600081
bd58856f
b86f65da
3bc79a1a
bd6329a6
bc31bffa
bda58dde
35ee2f7c
3ead27ac
3920aef1
bdd7fb04
b9089346
3cacadbe
bd88ceb3
bc95e761
be54113d
ba1920f9
3f041d9c
ba4b8a37
be207c5f
b906038a
3c6cdbf5
bdcc101f
bcb5f688
bea3c8d4
b993d42e
3f435529
ba036ede
be4faa39
b9233d28
3cbc5e4f
be46d97b
bcbc3325
bee99249
b9c27085
3f785ef3
b9cf4618
be78daa7
b914d00b
3ceab579
be78893e
bcb5ca59
bf16afb5
b9a38815
3f956749
b9a5145c
be8e4d53
b8e177d4
3d10a442
be96aaf0
bcac4c64
bf379911
b954114c
3fae87ea
b964e799
be9e2a33
b870c96b
3d29a518
beae8414
bca70a99
bf584772
b8de9e75
3fc7b7bf
b8e32494
beaccdb7
3683f78f
3d43a423
bec5e9bf
be5d79dc
bab35a71
3ef856ad
3a00cabf
bf00e8b8
bb0daac3
3eb2010d
bd58ad6d
39c2943f
3e637eb0
398efa28
3b2b14ec
39cdf598
3a3abbe0
bdceeb4d
3a381b76
3e7ea271
39faa9fe
3c6be68b
3a3bb367
3a8c1be0
bdff648e
3a70e33a
be01c1db
3a152332
3d40d5fd
3a6eda55
382c0fee
bd15e20e
3a81f853
bd1cee62
3a1100ce
3d69dd4d
3a70e2d7
ba2a901d
ba0d88b0
3a6995db
bb01113d
39f75cd7
3d50e559
3a511ee1
ba7a877a
3c095a29
3a3ada62
3bed5abe
39bd4109
3d1b18ef
3a22b8e4
ba7f835d
3bd0ee2f
3a066902
3bb505ef
3982cd68
3cc1da15
39e4bfe2
ba5125b9
3b1bca0e
39a6e569
3aed6793
392005c4
3c411324
398d04df
ba07a11e
39d97a87
391a3f20
390b4bee
38966dfa
3b7b5885
3902b757
b967e9af
3c068b3f
3ae35563
3e99f190
be555380
3c1d8cda
bdc5d1e7
bcb7d087
3e42fadd
be515552
be2758ba
bdd36938
3c1278ce
3ad204cf
3e9489b3
be88d2aa
3c9c7725
be1544a1
bca67119
3e917222
beaab85b
be9becc3
be849fc8
3bfa3a6d
3aeead53
3e95092a
bebf7e2c
3cd7b1a6
be44d1d3
bcd60fbe
3ebc4cbc
beddf9bd
bed7d67d
bec991a4
3b826ef3
3af18c03
3eaec5af
beffa7e4
3b8b1079
be09c17f
bd55c2a3
3e71fdaa
be592e13
be45719d
be2376aa
3a9a0866
3ad37f08
3eafa595
bf09a7cd
baa80f72
bdf22426
bd714fe3
3e47f46a
be172f3b
be057353
bdc9c913
b86b5358
3ad8d88b
3ea89f64
bf0b04fe
ba11ce64
bdee8908
bd6ea597
3e4366ae
be13f6c4
be081863
bdd4d316
bab39af8
3ada211a
3ea1481e
bf0a0222
3b2c4072
bdf4ed5c
bd64fdf6
3e49216c
be218995
be1aeb69
be002729
bb090bb3
3afbf0c1
3e9cfe01
bf097d06
3b893c79
bdfbfd7a
bd60b693
3e4eb45c
be2cb3a3
be29216b
be1068aa
bb014553
3ae03246
3e9b5ce9
bf09f232
3b6442a9
bdfeac0e
bd5e381e
3e515433
be30e702
be2f5f35
be1763a0
bb22241b
3af029c8
3e9b8da4
bf0acf00
3b837de3
bdffc136
bd5d870a
3e534311
be32ce7d
be31b90b
be19e114
b9b35050
bd9683e6
3593521c
b93f93c8
b98290b2
ba04b70a
3de3e01e
3987501b
3e4c29d6
b9d8596b
bdc9a4fb
389b6e9d
baa07b25
b9992ffd
b9c4c29d
3e0fe81d
3a42e369
3e74e1a3
b9f37f3a
bdfd5170
38b76f36
baedfbb1
b9aa15c3
b9ac0534
3e2e4084
3ab66374
3e8d2436
ba02c8bf
be18d0ea
38f4e3c2
bb34e7ca
b9b65789
b90f0edb
3e4cf2f2
3b068767
3e9e8765
ba08dfc3
be3355f9
391d0556
bb725e30
b9c2be2d
366087b6
3e6c0236
3b3328d8
3eaeeb11
ba0d4be6
be4e3ca7
3927bb60
bb9a3409
b9c2b5dc
3994c862
3e85b6a4
3b61305d
3ebe9d15
ba10f5fa
be697eb6
39573ad7
bbb8c674
b9c534d5
3a992c83
3f527be4
3c281290
3f8b0dcc
bab964c4
bf039e8c
396c6cd0
bc86dca7
b9c50281
380d49d9
b89607fd
39354ad1
39c658ae
b4f39a1b
389924c2
352031db
b89be807
b727f112
b8cbba36
3cdd2c1b
391071ee
3d5cae77
b906c5b8
bcc6bf72
34daab62
b9a04fab
b8f07336
b9f6a816
3d5eea8d
b781fb92
3dd95131
b9809ea6
bd47c154
37e9ed70
38bfdec5
b94a3d25
b92e6c74
3da8f464
b8a5979f
3e1f5274
b9b368f8
bd967041
b7767654
b82f74db
b982aa0e
ba052f44
3de3f6cf
39d0bd35
3e4c42a9
b9d84a4c
bdc98996
38a03e1f
baab975a
b99954cb
b9c34ecb
3e0ff616
3a56563a
3e74ccb3
b9f36e12
bdfd2eff
38bf294b
baf08c40
b9aa3e8a
b9ac3668
3e2e6e30
3ab93e6e
3e8d17fb
ba02bf77
be18bc25
38f03eee
bb3208d6
b9b6834d
b941973c
3e4cfdaa
3b059e50
3e9e79ad
ba08d620
be3345ae
3916d0a2
bb71d783
b9c30c99
378ec82a
3e6c0e7f
3b2e1841
3eaedbfc
ba0d482b
be4e29e9
392b2f28
bb999fc5
ba0dd54c
3f47f6ee
39ebe49a
3fdfc6af
ba9f95f4
bf8c0c33
3a3a60b3
390aad39
3c2031dd
3a0e51d0
bd32f61b
38dfbb5d
bbb25bf7
373e6bd7
391aad23
3c8d069c
3a22ae63
bdc2a448
394abdbd
bc1cadd9
37b7e8a2
398a45d1
3ca11d8a
3988cf36
be25235b
3981adaf
bc2de46a
37e79d18
3936d22b
3c656b34
39345121
be07d6c2
393fdbed
bc477524
3802d50b
395f2eb7
3c34bf4f
395d19ac
bddbe159
392da28a
bc642dda
37fc5e7c
3907477b
3c254bf3
39059e28
bdaddd4d
38e39d97
bc7b0643
37d58eab
3883f11b
3c253a7e
38817524
bd83be68
388152a8
bc7fb257
379c2ef1
37bf7bb9
3c1d0297
37b8e040
bd35d630
37f032ab
bc632fce
3738273c
381efa47
3be0fac4
381d547d
bcc0d6b4
37a9b9fc
bc12adb0
368c83d9
bf5d7359
3fa775f4
bf73e903
bddd1b7c
3f5015e7
3f872ec5
3f67df09
bf129a5b
bee881fb
bed1d890
be68515c
bf614cdf
3fa2ce68
bf690b89
bdd2887a
3f542561
3f88930e
3f6b333e
bf08e151
bed4cfc2
bec4f306
be58b6a4
bf667fda
3f970e95
bf4fea75
bdba7ce5
3f5a188a
3f89e487
3f6f4278
bee6629a
bea92c30
bea76964
be34cf59
bf6b9f9b
3f8299e7
bf257560
bd921811
3f60a577
3f8a360e
3f727a5d
be9fb16b
be4461ad
be6cbb58
bdf21682
bf6fa7ad
3f63e164
bf023d7a
bd61e8bd
3f65d3d0
3f8a60f2
3f74e360
be4ca13e
bda11638
be1c495f
bd8fae62
bf733bf9
3f491233
beca8b81
bd2b705a
3f6a5307
3f8aaab5
3f771a7f
bddf18c8
3c5d4cdd
bdb561e2
bcfd2de5
bf76d74e
3f33d4c7
be9b6c54
bcfefd0c
3f6ea08e
3f8b487d
3f79931b
bd10baee
3db5f0e8
bd14d03d
3aa8b534
bf7aafd5
3f239a6a
be6ca265
bcba1043
3f72f6d8
3f8c4f7e
3f7c8119
3cbe3b2e
3e19069a
3bb01fdc
3cde5bf0
bf7ea381
3f1858aa
be3711b4
bc88428e
3f7734ac
3f8dac7e
3f7fc571
3d887ff3
3e47a746
3d148d62
3d3e2cdc
bf81111e
3f12a57e
be197ed6
bc588258
3f7ac27d
3f8f1aec
3f816cf0
3dbc772d
3e635ebf
3d5da4d8
3d6c40dc
b908c0dc
bc520695
bd927bf6
bc3b07f1
be21c399
b93180f7
bde952bb
b960a968
3edc4175
b916dd3a
bc7b1a50
bdf08158
bc3078c6
be5032db
b95ad8f8
be0a8b01
b93a3fb0
3f0188b6
b9169cce
bca38996
be0c8da9
bc1c2406
be75a2e7
b948ef7a
be1eda7b
b9078d25
3f12711b
b8ffd7e4
bcc1e4fe
be207e6e
bc08e1c9
be8af5bc
b9108260
be3040f5
b8aa5c8f
3f21ac51
b8c67c67
bce595f3
be33992d
bbfa57da
be993a7e
b8a9c092
be39df10
b805063a
3f2fdeaf
b88210e9
bd02ea4a
be44c0ac
bbe25fe0
bea6dc16
b785ebc7
be440a2f
37cb1d46
3f3d86f3
b7d309a9
bd13d287
be53ca7e
bbd9ee76
bf62f8da
39334bbd
bf005c7e
39677e39
3ffe322d
37e2813d
bd241f14
bf0f7ce3
bbd6b78a
3b8d87ff
37dfc713
3c51c32a
37bfec1a
35f48275
b7bbea6c
3a48d576
bca118b0
ba1ed8a9
bce81f05
b6b0dea0
bc6ac5bd
b76153bb
3deb4d53
b86081c3
bb3205d2
bd325f49
bbd9f06d
bd79762a
b794ca00
bd6cad09
b9266782
3e6b741d
b8cd7ed0
bb8ed99c
bd3f7a33
bc291e65
bdd8dcf7
b954dabe
bdbfa106
b977e9ab
3eae57bb
b909a579
bc474cf0
bd999b53
bc3b2c4c
be217674
b9303fb8
bdead38f
b96b017f
3edc3199
b919f3c0
bc81dc36
bdf0b196
bc30a30b
be502b91
b9597558
be0baa21
b940f153
3f017f6f
b9154da3
bca48d90
be0c8af4
bc1c497c
be754e65
b94a8105
be1ecc32
b90d39f4
3f1266a4
b90060d2
bcc166af
be21d7c1
bc0902a8
be8ae110
b91026df
be2ddc91
b8ae0138
3f21a0c1
b8c96a54
bce5983e
be321fa2
bbfabca9
be995b90
b8b19c31
be398e92
b8086ab0
3f2fda19
b8811888
bd029529
be456937
be12aff4
bb16e94b
bdad2ffc
3931d2ca
3f8c2a87
bb0373bd
be660f7b
bc4e3f33
39bb6cb1
bb3f44f7
39237782
3875edb1
39a1c6fc
38c51091
bcb37853
3a292c9a
bc9112f2
39906c3b
bd44114c
3a13478c
398f4fd5
bca0ba15
3a4d787b
bca19ff0
39aeb02f
be4476fe
3a348aa8
3a1869e7
3ca12262
3a4a000a
3ca05db0
39a8967f
be0b0b4f
3a2c1f8c
3a6119f3
3cef86ba
3a2d5d2a
3ceee37a
398d3076
bdc13587
3a105ae1
3a836edb
3cbf2382
3a0571bd
3cbea15a
39512c10
bd819480
39d8dd96
3a811941
3c5ffaa3
39b9be55
3c5f3822
390a1019
bd202d97
3992d788
3a51ed7c
3bbdb64b
39611e1c
3bbcb3b0
389ef931
bca78221
392ddedd
3a079049
3af0da6c
38ce2fe9
3aeed6ad
380dfed9
bbe446dd
389c12ab
3963590e
bc8000bf
3ab6e137
beb8b5cd
be1b0f2c
bcbc4dd7
3d704c51
bcb3a2e3
be6c7dd7
3e7d745b
3e05b0c4
3d055002
bc86232f
3ab13709
beb771bf
be28d758
bcc889f9
3d80187c
bcc387e6
be7634cf
3e8742a9
3e16067d
3d447095
bc8b1914
3aa1190b
beabc8e2
be3f7aa0
bce4b693
3d948cdf
bce818ab
be83cc61
3e9a73bf
3e41a160
3dc1340c
bc7a8354
3a92124b
be8a0d14
be5488b0
bd009680
3da65d22
bd081609
be842532
3eaa5782
3e78245e
3e21d30d
bc648cb8
3a831171
be756fab
be428f84
bce27bec
3d945af3
bcee98fd
be65aee9
3e97d9d5
3e5f6b6a
3e0f57be
bc528d39
3a63e327
be686bc3
be271ae8
bcb6741a
3d7642af
bcbcc3a8
be3df086
3e7ad66d
3e317f0c
3dc89d2c
bc479a9f
3a57bd97
be61edfa
be11090f
bc8ff5c0
3d4cbb44
bc92839e
be1fa9b2
3e510420
3e0be65c
3d808321
bc415942
3a5cc77c
be5dfa3a
be0483b6
bc78c114
3d351101
bc772025
be0e3880
3e390409
3decd25f
3d2e0a16
bc3f9823
3a4a744d
be5be0de
bdff5bf0
bc6a1205
3d2be012
bc5f0e99
be06c531
3e2f9064
3ddbfce5
3d0dcd04
bc4127d3
3a40a3f8
be5bf6e5
bdfd6b08
bc67f6b9
3d2a0e74
bc5b310b
be050092
3e2d6f9b
3dd83521
3d049a85
b7142f80
b9ae93c3
b803ea0c
b916cdce
bd514adc
b9227dc4
bdbbe884
b9199c64
3db16b9e
3708e8ec
b9e4a362
b8008384
b8b74c15
bd87771c
b8c9715f
bdeb6ae1
b929b43d
3dd33bf2
36d6c4dc
ba05dbb0
b7e9cfd9
b66bc78f
bda84c17
b798e2c4
be0d3058
b930daec
3df28237
372789b2
ba176ab6
b7d38c72
38fd0b18
bdcb07f6
37beca8b
be244562
b9326201
3e080fe4
378d4f10
ba311b75
b7ca22aa
398dc907
bdef73a6
3908f790
be3ae7a6
b9313456
3e166756
37bd2ba2
ba322c56
b7bb2c76
39c9899a
be0a9aef
397383d7
be512033
b92dfdb7
3e248dc0
37f49edd
ba313259
b7b48167
3aac6505
bede34ed
3a5b71c4
bf1c0683
b9d4f4a9
3eb4370a
37f64612
bafb8738
b7b1eee2
37123e6d
38b934f7
387a6343
381fd49d
b478864e
39ea43b0
b61a8207
b77e728d
b5d34d9a
b889f6a6
bc407e06
38237d62
bcb92962
b843af1f
3cc48f43
b6047f58
b902f13d
b78fc998
b915e67a
bcc4b076
b8d24ba1
bd39f815
b8b7dad9
3d401cae
36438425
b93002c1
b7e5aadd
b932fd60
bd17cb02
b90dea31
bd8c3375
b8fef036
3d8bf761
b6bc6577
b987f1ca
b80403b4
b91dc59c
bd515f38
b9092ed9
bdbbff55
b919916d
3db15364
36e33d4c
b9f0afdd
b800a25e
b8a040ab
bd878488
b8bf5572
bdeb5672
b929a7bf
3dd31f31
36e8d341
ba0371a6
b7ea07e6
b6442337
bda877ed
b7e7785a
be0d242c
b930ce43
3df26134
3732a379
ba196970
b7d3bf2c
38fb5d71
bdcb129f
3858df44
be24373c
b932555e
3e08038e
37954e3d
ba34847b
b7ca7401
3990fc6d
bdef8033
390f5bc7
be3ad77e
b9312fb0
3e1659a8
37c39246
ba344c7c
b936b118
beafbab0
b9a83dc8
bf3f178a
b9e73035
3f848968
38cc4d1a
3882709a
bc40caf3
3917c098
bb96fdee
3853ebc9
bd0146b7
366d7347
388d5d3e
bcb1cc29
38c19a0c
bbebb0dc
38916291
bd87f11d
36de1372
38dafce0
bce4c7b4
38db1c31
bbb8ed82
38b1e617
bdd8c26e
370fa2d1
3923db00
bce91840
3923e854
3b1365a5
38c1a56b
bda51a34
372372de
39210e20
bce5913a
39211925
3c073312
38ab2c32
bd6e3d46
371eafb2
38c2ea31
bcd858a5
38c2fba2
3c46b137
38593035
bd1f306f
3708d84d
38211554
bcbed9c0
38212f5a
3c5f0d75
37d550cc
bcbce3fa
36cd14d2
38139f31
bc95879b
3813b042
3c4ae708
379b8584
bc357634
3676738f
37575600
bc2f8c11
37577793
3c035bbf
36ddbd7c
bb53a614
35c8ed29
3ec57982
bf0da288
3e179d02
3ce0a045
bebea275
beed8a30
bec4a7a2
3e7ba7ef
3e0e6b74
3de1d125
3d382c28
3eccffe8
bf0e7b8f
3e275746
3ce7e78a
bec59c40
bef5a442
beccbd74
3e74f82e
3e09a826
3de254f9
3d3acc24
3ed97b69
bf0e9800
3e45c67e
3cf44ae2
bed13594
bf01780f
beda6e38
3e65630a
3dff2177
3de22a93
3d3ff6cd
3ee8f515
bf0d6eb1
3e727689
3d02dbb5
bedf8060
bf09a0d4
beebc0b9
3e4d59d4
3de1fbba
3de1acbc
3d487167
3ef8ca51
bf0a2bfa
3e85eedc
3d04e2cb
beee7d0a
bf11b57f
befcd651
3e2ef503
3db31488
3dd24d63
3d3c72e7
3f04434d
bf056714
3e8aa1bb
3d016a6d
befda7ba
bf198745
bf06a73c
3e0c7bf0
3d6f5f9b
3db7c5c6
3d20dc59
3f0bc9fa
beffa2c6
3e894eea
3cf3dccf
bf062fd2
bf20db5a
bf0e589a
3dd142cc
3cd883b2
3d969054
3cf733ca
3f129c45
bef4729a
3e84358f
3ce0dd83
bf0ce9d1
bf276658
bf152ea8
3d8d70f7
bba5c1c5
3d674bea
3ca5f2ca
3f183e9a
beeb2abd
3e7bcdeb
3ccee3d5
bf127ca1
bf2cc511
bf1abdfd
3d2b4819
bd0262ee
3d299b4f
3c387c49
3f1c1225
bee618cc
3e72cbd5
3cc34242
bf163d21
bf306fcf
bf1e7a1d
3ccee265
bd474068
3d0294e6
3bb276e5
bc46d913
bbb7d536
3c9118cb
b7ba9c26
3cd539ec
37bf00d9
bc9b5d52
b72ecab5
3d3528d4
bcdffa0f
bbe4bd21
3cf78708
342627d3
3d22299c
383c1d5a
bcd9def4
b788f1d7
3d539ad8
bd21abd3
bc02a8f9
3d35b7b5
37fd997e
3d557dc2
389d6305
bd0f9231
b7b45057
3d6def28
bd87f8fb
bc0e850f
3d687dd0
38a028b4
3d9ff783
38d31738
bd351b68
b7d86590
3d83728a
bda74e7a
bc18bb17
3d8c6e9f
38ebbab2
3db9bda8
390c9712
bd5c6fe0
b7c8f36b
3d8e8256
bdd7fc95
bc17bb1d
3dabcedb
39296d81
3de09f8a
392a9599
bd82723e
b7d1a910
3d9a3c26
be02d4df
bc18cbd8
3e7aab4f
3a0ab397
3ea20cd1
3a082102
be3d0494
b85be142
3da5101b
bec0a5f7
bc186255
bada8839
b73c5721
bb779acc
b686eae6
37ef6164
36ccca98
39421668
bb456d1e
b8f5a447
3b2f96b3
b6949561
3be97a3d
b60621ba
bb4f0b77
354ddeb3
3c546501
bb3e6832
bae81f11
3b3f91b0
b74811be
3c6c3f6a
371c7840
bbe84f65
b635c578
3cc56417
bca29958
bb77aa7b
3c9b898f
b7b7b42c
3c0c8de4
37dd79ed
bc4ac4fa
369da0a2
3d0b4550
bc16a0a4
bbb7f8de
3c901af0
b7bd695a
3d0027a6
37878c6a
bc9b528e
b728c7c1
3d34d40e
bcd2b8aa
bbe4f41e
3cf97ad2
36e5b84d
3d23e2a2
3839391b
bcd9cf7a
b78a8dd9
3d534d1b
bd228e9a
bc02c851
3d2eb941
382929c6
3d52b72c
38a5feb2
bd0f87bd
b7b3beb4
3d6dff39
bd83bad1
bc0ea73d
3d61ed02
389e3c42
3d985cbf
38d225f1
bd350e98
b7ce44a2
3d8377a4
bdaca170
bc18f89c
3d8cfc15
38f86ae0
3db82711
39100838
bd5c6a24
b7cfcbdc
3d8e67fa
bdd554f5
ba83dfe3
3a50b39e
3bbb7f55
3a0be10c
bcfa8bf6
b953aa16
3f2b5143
3b99382d
b7b5cd12
3bfd1d04
363243b2
bbe697b4
b6ecff34
bce9a880
3c09f9ed
b8215c9b
3c6a5e8c
36dabd1c
bc51fc78
b740f1bc
bd721736
3cab4333
b7b7738f
3cab1231
37fbee31
bc4ec80c
37845deb
bdbc960c
3c66d581
b78ee98f
3c6681a9
3829a94c
bc2372ec
37dd6d89
bd90b49a
3bf1f91f
b76817f0
3bf16db0
3834326d
bc02b9f6
37f91792
bd53106d
3a037297
b7731afd
39ffef3f
381a37b9
bbde67c6
37c874a6
bd0f8624
b9bc051f
b5b617e2
b9c138e0
381495ec
bb8b1ccf
37f04482
bcafa9dc
baeb50cc
3653f07e
baec2e66
37dc25cb
bb2dcec6
37c0eb4a
bc333a85
baf1ccca
367eb8a7
baf23b3e
3764a1d7
baa91533
3755678f
bb71be58
ba520628
38bb8541
3e86ea5c
3cfaa439
3be76ee2
bc2b2397
bbc60e8f
bcb82062
bccdae5f
ba19590b
3dfa8060
ba1cbf2c
38a15824
3e81fe9b
3d0bcbc5
3c017958
bc5a52cc
bb991029
bc66f925
bd111569
bc430c30
3ddac2f4
b923d4d1
3921f98b
3e6dc83e
3d227582
3c163869
bc93caae
bb07eb63
3abbc6c0
bd5dbcb2
bd024806
3d9e8b43
39db7ba3
39410291
3e450a55
3d66043d
3c4880c6
bcd7ad7d
3b5826c5
3ce54942
bdb61f4b
bd8ef0fb
3cbb8cc0
3a75c3b8
398163e0
3e27121a
3d88e11f
3c69780e
bd02b865
3be4949e
3d3f7e59
bde752a4
bdc48140
bc7e62ea
3aa6ef3e
39931ee5
3e12fc53
3d937d5e
3c78c64d
bd0e8f69
3c15d9ce
3d6bf16b
be008aeb
bde0f7a6
bd1b568d
3abbfa9e
39b21354
3e083926
3d924c2b
3c7648ca
bd0e7c4c
3c1f4125
3d78b8dd
be019483
bde3a3b0
bd3641d4
3abe2a6c
39c57d5b
3e024d44
3d909988
3c73f75d
bd0e0aa7
3c20a27b
3d7fa046
be0190e7
bde4190e
bd4396c5
3ac09e26
39cae151
3e00a198
3d8ceae2
3c6e2613
bd0aa883
3c1db1a5
3d7d07dd
bdfe0c26
bddea33b
bd3e102f
3ac187ae
39e56030
3e016415
3d89f7c8
3c6a78c5
bd08301b
3c19fd38
3d78da38
bdf9bf05
bdd9a950
bd33d1a7
3d3aa04a
be292596
ba643be5
be541741
b9c8d4ee
bd7b98c9
b978d3ba
bcbbc7cf
3edda9c4
3d2f2b38
be487fcd
ba8bd682
be86705a
ba33d8be
bd9377b1
b986efc9
bce83177
3f074b78
3d259dbb
be65fc92
baa3846b
bea23e82
ba7f36f3
bda5b7ea
b98bffaa
bd09e17d
3f1e59d3
3d1e09d7
be80e8aa
babc27a3
bebd5fc8
baa202c6
bdb58063
b98cd6ba
bd2019ec
3f348918
3d1af16c
be8e5541
bad4496b
bed7ca9a
bac5ed7c
bdc3af6d
b98b15b0
bd3612a2
3f49f5a2
3d1213ff
be9b2403
baee0325
bef1e9b1
bae6e2d1
bdd0fd3f
b985d515
bd4c3c0b
3f5ee1ef
3d0f37b6
bf537b0a
bbb96036
bfa8886b
bbb2dbbf
be8af8b7
ba041f0d
bd625b16
4019a4fb
3d0dbf94
bbaffb48
b8a7ae6c
bd128856
b825b3ed
b765fb66
38381bcf
bad7cb45
3d39d7fd
3b13dc85
bd2d89fb
b9f9f4ce
bd89b8a6
b9dc93c0
bc8b0a2c
b8a10404
bc0416c6
3e0ed362
3cd505be
bd750ea1
ba70d236
bd8059fd
b9e6dba9
bd08fa74
b8fd39b3
bcb34f0e
3e009502
3d2be41f
bdc0412d
ba52551a
bd0d43d8
b957a909
bd47ac4f
b983e996
bc4e1364
3e9e3cbf
3d3ac490
be292391
ba643e10
be53cdbd
b9c9bb06
bd7b86ec
b979207f
bcbc3957
3eddd91d
3d2f553b
be48874b
ba8bd8fa
be8679a4
ba33fd6d
bd936d18
b986c800
bce83b1a
3f076c02
3d25c582
be660679
baa3b5e7
bea23f51
ba7f328c
bda5ac02
b98bed31
bd09dad6
3f1e7f56
3d1e2fc9
be8106ae
babc2dd9
bebd3d51
baa20353
bdb57361
b98ce6ae
bd201621
3f34c4d7
3d1b2fd5
be8e5469
bad476f7
bed7b2ba
bac5f176
bdc3aa4e
b98aeb8d
bd360269
3f4a4642
bd896e21
bbb8bac4
bde6d651
bc433e99
be256b79
bb4b821c
be910cc1
bcf7f3b2
b844f8da
bd7b23e6
393f1994
3b9c1f84
398d4ce9
bb0d6e03
bcfcc0c5
b88d391b
bd6fd44b
39c374dc
3c3efa60
3a07f1da
bb68bbc5
38de11d9
380ebf8b
398945a0
3a140831
3cc72be5
3a3c0c8f
bb494336
3ba14ff6
b745159e
3ba5af47
3a0c26f6
3ca79364
3a227d7d
bb12af95
3bda4c27
b7e5d803
3bddef13
39f3390f
3c83b148
3a049635
bac68bee
3bceab3e
b7d5dacf
3bd19236
39c1d8cc
3c3e2d52
39c9ea8f
ba72f7a4
3ba65eab
b76de88e
3ba88a37
398bb978
3bf7a977
398cbdb6
b9ffa835
3b5b9ef6
b54e7fa9
3b5e81ae
392ba9ec
3b877a54
39295562
b94c17ca
3ad55391
36c01bce
3ad83403
3898c627
3acd08a0
3892db97
b81d3a75
3bd9f7b5
bc0dd1e6
bbe10b84
bd9e1773
bcc3719a
3d17e664
bcabec48
bd750ac4
3e260045
3e38b201
3e133d77
3bc93146
bc0a2beb
3c235ab7
bddaebec
bd01955b
3d7860ca
bcf8dcaa
bdde6316
3e79ae9a
3e88658a
3e6e1723
3bc9a8f1
bc000dab
3cbad9c0
be0cc90d
bd20fa8a
3da623d6
bd1c11cc
be1fb226
3ea2f5d0
3eb1a6d7
3ea0c431
3bb6089f
bbf2f445
3c797c4c
be0c60e8
bd238027
3da768d1
bd19b112
be2045f2
3ea5abd9
3eae5b0f
3e9f7981
3bb0a358
bbe3ab2b
3b8d8745
be0b2777
bd2084b9
3da91c52
bd19f540
be24f3a7
3ea3ac44
3eadf5f3
3e9cd7ed
3ba04b27
bbcec3a6
bba924e9
be05b416
bd1c1e20
3da21048
bd11eb12
be218204
3e9ee5cc
3ea84ec8
3e9669b4
3ba1811b
bbc306ce
bc50c35b
be00828c
bd1d8f02
3d9f75eb
bd0dd699
be1d894a
3e9a6a8f
3ea3388d
3e908047
3b9eece1
bbc5086c
bc9681a7
bdf8da0e
bd1885d0
3d9c1b8f
bd07ba0a
be1a3628
3e973e08
3e9f57ff
3e8c328b
3ba79816
bbbc3155
bcb3313b
bdf40e95
bd12863d
3d9a3711
bd098523
be18b6d2
3e9545ce
3e9d5c8b
3e89ca7c
3ba4c45c
bbbb10d1
bcbfae97
bdf2aba6
bd1041e3
3d99bf0f
bd066f9c
be18d99e
3e95443e
3e9d0001
3e894cd5
bd27ff10
b97d801d
bcbacb15
b99d3239
bc3fd7bd
b7cfa0be
bbb9903f
3da7f01f
3c97490a
bd8624f6
b9ad4890
bd13dba5
b9b168f2
bc79858d
b80d6d42
bbfeb720
3dfb0be9
3c8d7648
bdb7c918
b9cbb038
bd492907
b9ca3ec3
bc96c035
b825a29d
bc1b2ddd
3e23d39d
3c86c59d
bde4f142
b9ea79da
bd823b34
b9e2017a
bcada671
b8367aa5
bc394849
3e49b568
3c8475c9
be08cf97
ba03e898
bd9de05f
b9fa834d
bcc21a7f
b845e491
bc564a67
3e6e9bed
3c7a7d6e
be1de6ef
ba11b20c
bdb863bd
ba0a55df
bcd51750
b85493f8
bc74378d
3e89479e
3c7607dc
bee164f1
badf7d93
be83ddd5
bacc3ff9
bd90ec19
b8e2950a
bc890037
3f43a29b
3c73a3d8
3b564c97
37782ce5
3bce8dc8
379687f4
37859957
b7161613
39f4075f
bc3c00da
39b93cf1
3a2ab0a2
b7902a7a
3be81500
b7e2b764
bb0b3dae
b665eafa
ba2b823f
bc762832
3ba95571
bbf14f32
b8429e87
bb84e860
b90f94f9
bb9c9e9b
b7393974
ba858ad3
3c677055
3c3ed15d
bca000ca
b9362d4d
bc9ea283
b97927a0
bc040d4d
b7778072
bb9329ae
3d344b77
3ca5a027
bd2810dc
b97c353d
bcb570c6
b99fe0fc
bc3fca63
b7d9b9fd
bbbedc5a
3da7afb0
3c976d4e
bd86fb1c
b9adab6a
bd105be6
b9b10251
bc7973dd
b80b4747
bbfe3f4b
3dfb2d05
3c8d9838
bdb8122a
b9cd3c91
bd4b3542
b9c9455c
bc96b552
b823cebc
bc1bb12b
3e2456ad
3c86e5f3
bde56c42
b9ea7273
bd82606a
b9e23005
bcad99fd
b836ddb7
bc394879
3e4a2029
3c84ab21
be08d6a5
ba042ffb
bd9db51e
b9fac283
bcc21568
b844f6d3
bc562413
3e6efa5b
bc73ee51
bb0265f9
3c61a5a4
ba7a7da9
bca82cfc
b964be62
bdbf017a
bc8e66a3
b7206b18
bc6d0b3a
b892bd4f
bb9d95a5
b7f27c5e
ba00778a
bcdfe5d7
372c2a5f
bcd45c33
b8ebce15
bbc05c33
b7e7297c
ba747733
bcda9a90
382df7bf
bcdb0325
b8fb2c29
bb6a419d
b69017cd
baa492ee
bc16a5f5
38b44ff0
bc1758ee
b8be534d
3a9da13d
37c870d5
ba974683
3969a9f3
38cfcb7c
39448287
b88fe00c
3b586851
380d329c
ba7bb40b
3b846ae3
38c3dc34
3b837dcd
b85e4ca9
3b6c4f53
3801bedf
ba3ce242
3b8e9a6d
389e65b8
3b8de938
b82a89b6
3b3ba11e
37b67849
b9f6e734
3b442912
385815bb
3b433d8e
b7f1db35
3ae2c453
373e7d8c
b981e9b7
3ab72475
37dad468
3ab639b0
b78250af
3a3ad928
3676d3ee
b8abefcd
3b1ad65a
38d333b3
bcce32ac
bc9ee6ea
bb6c1755
bad89523
bb53ad60
3bac1dc1
3b906e1e
3b6acb6d
bc4fdc70
3b0c9c50
38200be0
bc7e09b0
bd157a92
bbd9d238
3bac0356
bbe00ad7
bc27c012
3d04a69b
3d091df8
3c95fd74
3adbe9b3
b908582a
b99abb61
bd81afa6
bc3e037a
3c8eff6f
bc535ed7
bd180233
3da445cd
3dac41d0
3d91ab92
3aae1053
b98dcb01
3c609d57
bdb7c5f6
bc86e034
3cf25113
bc9abe1c
bd83aecc
3e02f13d
3e0a6a36
3dfc42d0
3a876759
b9ddbe23
3c91e836
bdcb4076
bc952f99
3d0aa36b
bcaaa642
bd96f612
3e14d6be
3e1ca152
3e10d96e
3a7cd2c9
ba16c177
3c87682a
bdcca8f6
bc9540a6
3d0ca1c9
bcab9948
bd983a88
3e1614bf
3e1d82a7
3e113df9
3a645fc3
ba32197e
3c59d06f
bdc63e69
bc8de56a
3d065c37
bca4830c
bd91a2b6
3e1064e0
3e1704ed
3e0a084c
3a64a3f3
ba3f70c3
3c2732f6
bdbf15bf
bc88d333
3cff44bb
bc9d7c50
bd8a55b1
3e09f865
3e0ff20c
3e024a03
3a5883d4
ba52aa5b
3c0667f0
bdba907e
bc862d2b
3cf66ce2
bc97fc0f
bd8574f8
3e05e921
3e0b6f3c
3dfabde8
3a525abb
ba615dd6
3bef9f47
bdb91c53
bc85591f
3cf356be
bc96e541
bd83a17c
3e048722
3e0a0140
3df74a38
b9c60624
bea1ca81
b8042c43
bdd204e9
b8ea4d40
3cb51d0a
bdd2594e
bca6d219
3f3defcd
b9a28b9e
bed81984
b95f6b0e
be04cadc
b9099619
3c8663c7
be0e71b2
bca75041
3f6d4293
b98ffe8c
bf0e79c5
b9628eba
be1dbcd0
b8df1e45
3cb09a0a
be440727
bc9ee53d
3f8fa4e1
b97a8511
bf34e331
b9386861
be33f417
b88168a0
3cd2bdfa
be706a71
bc9813b8
3fa8a0f8
b93e0700
bf59e5c2
b91123e4
be48400a
b712ac6f
3cf8c0ee
be8c48a8
bc8c65bf
3fc2087f
b8e8cdba
bf7ea065
b8caa287
be5b872a
3857a1ce
3d0e3ccd
be9fedb0
bc88167c
408a37ae
b8a2e4ad
c03718a1
b915da40
bf154abb
397095ad
3d208d96
bf6259a0
bc86433a
bc6b82ce
36031e1f
3bbf4e4e
36e83003
3856e133
b641e589
ba437801
bb885327
ba1c9db6
3d832bee
38aaa955
bc92176c
b576ae01
bcba83a0
b8002e3e
3b7a75d9
bc7187ff
bbf0cf29
3e097126
3913633b
bd899d26
b8b8e1f1
bd41531a
b864a355
3c0ba630
bc685413
bc591a67
3e97f15f
382a3f33
be24a333
b930e391
bd97bd5a
b8ade4e7
3bbb9ca1
bd27fb06
bc928871
3f15624b
b9abb248
be90a70b
b90474cc
bdd1f6a0
b914d3fd
3cb3922b
be109252
bca6fa1e
3f3d2c7e
b9a507af
bed54df2
b95b8bc7
be04c187
b9057cfc
3c86a4e8
be0eda9d
bca77864
3f6d062a
b99993b4
bf0f5886
b957b16e
be1db17b
b8d979e6
3caede14
be424b88
bc9f0b5d
3f8fa198
b979c075
bf34d901
b93ad79e
be33e735
b882a989
3cd2aaed
be6f4145
bc9850f9
3fa8921c
b942417f
bf59ca59
b91331e0
be483ad7
b70700df
3cf922da
be8ca2cf
3e874ac7
bb209994
bd4e7518
ba0b6e42
be5f25ec
ba8d554d
3e7a1ea8
3e17bdfe
398a31e1
bdcb7fd3
3881635a
bc781db2
392db2ba
3a77788f
3e7604cc
3a04b64c
be356b9b
390bcc1f
bcbaf7ac
39b283ad
3ac9e65f
3e5b07da
3a34b64d
be47767c
397484f8
bc7ad69e
3a079620
3ab6258e
bda90af6
3a521398
bda56130
39bddfce
3c50b6ca
3a2fb116
3a47db42
bc4e2b52
3a516863
bc35cef7
39d11bfc
3cd758ef
3a3663c8
39828acb
3c4db1b1
3a30eb17
3c612145
39b7ab67
3cd0c3c4
3a1c5485
b829f75c
3c698683
3a019f7a
3c780e81
3989c3c4
3c93b8d8
39e719e2
b916a862
3c07bd5a
39a14315
3c11659a
392f72c4
3c1dded0
3991617a
b90b6705
3b4e91ea
39148697
3b61d340
38a6a096
3b5ec158
3906f271
b8959855
3c0e6770
3a495906
3d90efea
3e8c90fd
3ccddd5b
bd364647
3d15742c
3deb72c5
be6e9015
be502fff
be120a27
3c208aad
3a394dac
3d135ea0
3eda2df3
3d105fa8
bd3e40ea
3d6d1c07
3e0d27ca
be998cb5
be884aed
be4a04c6
3c3dfb9b
3a0aad4a
bca08b41
3f2bbdf2
3d4f94d7
bd38860d
3dbb63c4
3e29b2bf
bec97c86
beb4e307
be89ab9e
3c55cc79
39bd5b0c
bd8811ab
3f647d21
3d7f2492
bd0c0e58
3df66943
3e2f242b
bee5d4fd
becd6cfd
be9a7157
3c31187c
398c62fa
bcf85a21
3f526fc0
3d481905
3b192185
3dd5a4ea
3db93d42
be9f4852
be832815
be1b045e
3c1cdf2f
39766131
bd07d876
3f508e73
3d44131d
3c199130
3dd346e0
3d9ab6a8
be953c4d
be7367a8
be083312
3c0c9dca
397b0c83
bd450533
3f551912
3d527cc4
3b8b6d1e
3ddcea59
3db33b98
bea1c3ef
be883996
be2749f9
3c08d409
3967d93f
bd7c4350
3f5a20d4
3d60de0e
baf9f42a
3de6306e
3dcfb89f
beafec6d
be97f73d
be482698
3c0303f4
398e846e
bd8e4d77
3f5dd6a4
3d690a5b
bbad5755
3decad90
3de1cb35
beb8ce75
bea1b5e0
be5bfb84
3c02ba1e
3973d2ea
bd94f294
3f6043b0
3d6e297f
bbdf0120
3df007c8
3dea104a
bebd2a6d
bea6392c
be64e292
ba50b57d
3dfe7953
b9a87b29
bd765c13
b772e020
ba8e3f77
b9933baa
39ca6edc
3e2102fd
ba5b1216
3e1ea726
b9bb28ae
bd9d2115
37559ad3
bb144d5d
b9a977f9
3a7ace8b
3e349057
ba0f8522
3e3d55da
b9c507cc
bdc08131
38613440
bb3bc820
b9b8d2c2
3ac8a84f
3e453700
ba1bdd4f
3e5b2bb7
b9c5a7a3
bde540a3
38c26660
bb75dbfa
b9c648b8
3b12217d
3e540e23
b9dc78e1
3e782d88
b9c06d14
be059c39
38f1312b
bb992e67
b9c66115
3b42f8a0
3e61ed9a
b91ee0b4
3e8a40e8
b9b72a35
be19139e
392bf524
bbb43551
b9c8c183
3c173b03
3f287e55
b7ffbc78
3f4d8f8c
ba56e7b9
beae4f40
393c6133
bc847918
b9c8859f
b7afe8c0
3945e1ec
381e2ac7
b7a07e83
b4624dcc
39211030
b6ae8c7e
b8a084b2
b6d047e2
b87689a5
3d139a49
b9096f9b
3cfd4136
b8cc524d
bc6a3e95
35ec024b
b9530e72
b8a6a35e
b9134640
3d918ce1
b9a1fa9e
3d7db8d9
b943c0ce
bcedd7c6
36833204
ba092811
b920a5b2
b8c9b54f
3dd58408
b9e07072
3dbea638
b98a7754
bd3526ce
b7a50da0
ba1ed051
b969c660
ba00c3fe
3e094551
ba3d98ce
3dfe98b7
b9a86fef
bd763a20
b7b8c41b
babf13da
b9935f06
39c90da1
3e2112bb
ba3991a9
3e1e9956
b9bb1b70
bd9d0ba2
379c17d0
bb0eca44
b9a9a0a3
3a6fa3f4
3e34bf56
ba2346e3
3e3d45a5
b9c4f929
bdc066f5
385129f8
bb352ac2
b9b8ff1d
3abf6665
3e45413d
ba26b314
3e5b18cb
b9c599b8
bde52bcf
38c10a24
bb72d505
b9c69891
3b12e83e
3e541959
ba00536e
3e781830
b9c0680c
be05900b
38f27d8e
bb96ca41
37d12411
3f835c48
ba9aec4a
3f82656c
ba7255d4
bf279752
3a5fffac
397b7191
bccbd0a0
38d0d6a9
3b20af7e
389cf527
bc34df84
36ce909e
39c5e0f9
bd6753fb
38966f7c
3b26b10d
38f4cd3d
bcaac29b
373ba9be
3a124796
bdcf5fa4
39847534
bb0e6b73
394707b8
bce1bdb4
376e72bb
39c076aa
be292f06
39c1c8df
bc6a8a9b
3959e8e0
bcf3ff71
378d78b1
399ca89b
bdf71535
399dc1e0
bcb6ebf7
392b2aac
bcf899ac
3794c66c
39befedb
bdaa10c8
39bfdf61
bcd514c1
39302030
bced85e4
37864f1f
3978e77c
bd56bad6
397a3741
bcd0407b
38e359f1
bcd10bfc
3757bb4a
39364385
bcea3505
393722c4
bca9f66e
389b5621
bca16158
37081556
38dcf2cc
bc37eac9
38ddd156
bc480410
382c845a
bc36fd45
36645985
bf8933f2
3ee69dda
beacdeae
bca0c4e2
3f854d2a
3f977e21
3f8c2f4f
3e6f1841
3e9c72d7
3d9614b4
3d68c909
bf8735cb
3ef0f4ad
beb182ff
bcaea84a
3f8331d2
3f958b6b
3f8a2310
3e55f7c9
3e908756
3d75bff5
3d49047e
bf813026
3f021f96
beb9fa53
bccc64ec
3f7a2b1f
3f8f8fde
3f84065b
3e1c3397
3e69694f
3cf8720e
3d018306
bf6acaff
3f10e8b5
bec70af3
bcfe0919
3f628118
3f83ba9c
3f702ec3
3d602769
3e078c1e
bcab8e9b
3a98109f
bf429ac3
3f25ad8a
bed980f3
bd265082
3f3a6460
3f5ed984
3f478d07
bdc98b86
bc9515c9
bdcda089
bd3d21e7
bf2544a6
3f3263d4
bedf83bb
bd3ccbdb
3f1d3f5d
3f40e4b6
3f29b112
be4fa2a6
bdf55b24
be1ba6e3
bd9cfc2e
bf113501
3f3902d5
bedcf2b1
bd4630e0
3f096ce2
3f2c1c71
3f1516a0
be89122e
be3aae5e
be3a52b1
bdc0d7b1
bf04c1af
3f3b8b1b
bed5a4a0
bd47972e
3efa6910
3f1efbb7
3f082032
be9b455b
be5c8b4c
be48b67e
bdd10493
befc9738
3f3bef48
becd7771
bd44dda3
3eedd365
3f1800a1
3f0142cf
bea343ac
be6a5d55
be4d12f8
bdd556fe
bef88675
3f3c0d05
bec82e1d
bd4228d1
3ee9dcc8
3f15b64b
3efdf795
bea5baa2
be6dbef9
be4d556d
bdd50603
b99f7106
be11eb9d
b949978e
3c945761
bda06829
bcc48f03
be85dcbe
b94d2be2
3f2b7d21
b835b1b3
be38b8ec
b961ae59
3cd27076
be288779
bcc99ec7
bec12188
b91f9dc8
3f5adc91
b88efe03
be5c00fb
b96280f2
3cfba70d
be6bcf54
bcc19b18
bef5204b
b8fbe029
3f824942
b7b9e9ab
be7bbd8d
b943967e
3d0e0eee
be9107df
bcb9ed33
bf151a62
b8804614
3f97a12b
3722eba3
be8c721d
b91646ce
3d20804a
bea95214
bcab8b32
bf2e66e4
36e32288
3fad39e4
38417132
be9a4f44
b8bdacb0
3d31791f
bec16977
bca60765
bffb58cc
396a1bc0
4075e954
394c8b28
bf5242f6
b897ca71
3d42e928
bf8904c2
bca3b36f
3ba952a7
36984948
b85009cb
b81454d5
386823c9
b6cdcc70
399a512e
3bff7d5b
ba1140f1
bc20f196
b92f599c
3d36b407
b861faf5
bd0159d1
b8a3deaf
3b6eeda5
bc49f4b5
bbec0bca
bcaa96d4
b99c20ee
3dfabc04
b82ce838
bd863702
b9107ffe
3c08ca2b
bd1a5d64
bc6569a2
bd414d35
b9c47944
3eaf4801
b6d682a0
bdd31a85
b925ff28
3c91628a
bdeb7254
bca5abe1
be205d8f
b9f7b3f2
3ef5bc8e
b9905c0e
be11e19b
b9369b65
3cadf9bb
bdf10203
bcc4be32
be87e07d
b954c1be
3f2dba3d
b81210ba
be38ac27
b95c95bf
3cd378c2
be2936e1
bcc9cf2e
bec1af4c
b93aaf89
3f59b525
b8545efa
be5bf160
b95e131f
3cf8e7b8
be689f91
bcc1c99f
bef5e324
b8f94a44
3f82160d
b7d27e00
be7bab65
b943e4d1
3d0e06f6
be907b5d
bcba3804
bf15341d
b88a31f1
3f97a0b9
36d7bfbe
be8c6e6d
b91542ea
3d20a9e0
bea9c031
bd6d8e64
baa5c181
3dd104e3
bb11b532
be9ab02a
bb437dba
3e6981a3
bd3c318a
38ffd847
3e29f77d
3947f14a
bcb2a12a
39744bc1
3a8ec825
bdad033d
39904cc9
3e8df44d
39ca6cdc
bd07f9af
39fb5b1d
3affe1d6
bdc81d3d
3a063fc1
3e87a824
3a1b2cf7
bc98e99f
3a492ae6
3b107002
bdfc7ec2
3a3069f5
bdff6494
3a33626c
3c722c25
3a72ae27
3adae1c7
bceea650
3a44c8fb
bcf849dd
3a360dcc
3d05b677
3a79dfa1
3aa324cc
3c279ffa
3a314720
3c18407b
3a1c8f67
3d077a61
3a584c1d
3a5b07c3
3c8cbc51
3a070041
3c86fd21
39ea643d
3cc6c8c2
3a21a49b
3a06ba7b
3c3ce679
39ac897f
3c35434d
399523d6
3c5c45a2
39ccd9e0
398bbff5
3ba0faa3
39226ef7
3b995db8
390c50c5
3ba09585
393d9e9b
38b18434
3bb2c6cc
bad220ec
3e43eb8f
bd4651a2
39dfe6a5
bcc1bd65
bc3c1ea0
3d4c0d60
bd285dea
bbbaa15a
3d3e48d6
3bd1e4d8
bac2b0f7
3e456ac5
bdc92d55
3bd2e4f6
bd71551e
bc4459a6
3df20175
be05578f
bdcf403d
bd6fa8e9
3bee49e9
bab365b6
3e4a229e
be411c92
3c8683b5
bdeddf1f
bc4d53af
3e6a11fd
be8ad1e4
be81e676
be6a2f23
3be08ebb
ba7b9763
3e50a60d
be9554d8
3cd05591
be2c6f11
bc858f64
3ea746cb
bec7e58b
bec61c61
bec20c29
3b78e574
ba1e8836
3e8732a4
bed45711
3b3cbfc6
bde41172
bd302034
3e4d975f
be31f3c5
be22801e
be1295bf
3b0a798d
b9b90ca0
3e8a5935
bee4a5d0
badf04a3
bdc9d128
bd47c0a2
3e2ba4ec
bdfaa226
bddf1f1b
bdba4ca1
3a9fd1cb
b91c1c16
3e8339fc
bee1642e
3aa2aefa
bdd231c0
bd3d58b9
3e34291d
be0efd22
be05e963
bdecce99
39d7fbd6
b8eb3fc9
3e77c76f
beda81b3
3b8fc782
bde229d5
bd2ce9b2
3e44dbe9
be2de635
be28f641
be1c00f6
398b9de2
38149070
3e6ecdd2
bed65b85
3bea0e07
bded2cb0
bd20f8c5
3e50b432
be430f8b
be40cc6a
be3556e9
39a12f54
3931999c
3e6c1d5f
bed575f0
3c095015
bdf2c8ed
bd1d45fa
3e56c6c8
be4d0aa4
be4bdf35
be410ea5
b9932b85
bdbe96b9
372dc1f6
ba473fb9
b98d78b0
ba07d3f7
3e03d066
3a336744
3e6b1013
b9a5c41b
bdf053f4
384f563b
bac42ec2
b99bc37d
ba077120
3e2187eb
3a985866
3e87ef45
b9ad20f7
be117296
38966f37
bb183293
b9a599ef
b9a43d01
3e40029c
3ad52c68
3e98e7cd
b9ad3b05
be2b2712
38dc1ee7
bb504f51
b9b05b75
b92c9a2f
3e5f1dc6
3b10f704
3ea8cdc1
b9a983b2
be4544fa
38f06cc6
bb884838
b9b09cd7
39130fca
3e7ebb0e
3b36ed0b
3eb7f7d7
b9a4bbf1
be5fc0d4
3925779d
bba45a0f
b9b36552
3a62dceb
3f49bb2a
3c08c3a3
3f8632bb
ba476104
befca1d9
393a24ce
bc70cf34
b9b36b63
37f3e919
b8deeebb
38d031fa
393580e0
b45e0446
38e7154c
3667de3e
b7e0f9a3
b70abebc
b8bc8388
3cc3d742
3688af12
3d49f60a
b8a9aaac
bcba205c
378ba8dd
b95e054f
b8ccad60
b9a9a686
3d465e93
b9446564
3dc87e1a
b9253596
bd3b8338
382f0354
b7e1b650
b9327761
b9807378
3d97668b
b98526df
3e14ab9d
b96ce570
bd8d97eb
38126586
b9906b33
b96e0447
b955f559
3dce31a5
b64d4e5e
3e42ad85
b99321c0
bdbe7d2f
b65e67ee
ba204c52
b98d9aaa
ba066b62
3e03dd46
3a4267e6
3e6afbe3
b9a5b871
bdf0331b
38476b72
bac0b6c2
b99be8de
ba052ce4
3e21b20f
3a9538ba
3e87e375
b9ad14ea
be115ed0
38954533
bb18553d
b9a5c1ad
b9bb539e
3e400cb6
3ad495ac
3e98da8f
b9ad2ef2
be2b1777
38d30f9c
bb511256
b9b0a273
b9207074
3e5f2968
3b0aea94
3ea8bf35
b9a97f3a
be4532f5
38f5f290
bb862911
ba1d6928
3f31b263
38c173bc
3fce40ce
ba494f0e
bf83a161
3a3a3982
3639b312
3c6af139
394f2e56
bca28a10
3821af46
bc04251f
3764293f
b6a76df5
3cdae482
398df287
bd3f5d97
38aadea8
bc74bcd0
37ceb070
391f0330
3d0f0de2
39a7e472
bdb30c6f
3906e3c2
bc9ab84b
37f56e52
39a5520e
3d14c7e9
39a46c1d
be17e434
3943131b
bc969fc7
37f1925a
39dd34f3
3ce284aa
39dc75e8
bdf36720
3955cc6b
bc95c62e
37de2d0d
398dc3cc
3cb27fc1
398d2b6e
bdbe0b07
390c1d80
bc945d16
37b90454
390a44f6
3c911132
39096120
bd8df2ef
3893d18f
bc8c9efc
37867c7e
37c47c0f
3c648fae
37bfc12d
bd410554
37aed3dc
bc6e65c8
371de4b2
37d1700b
3c0ef33f
37cf149b
bcc9cc06
375a0c81
bc156167
367076af
bf45996c
3f9c25ef
bf60f00b
bdcea303
3f395a1c
3f72ae01
3f4f05b0
bf0ddbf8
bee26ea5
bec74e71
be5c9950
bf4aaee3
3f9a1700
bf5b379d
bdc8e4b5
3f3e6ebc
3f77646d
3f53d1fc
bf07a290
bed53daa
bebf4cc2
be52b3d9
bf52aaac
3f93b984
bf4cb2e1
bdba8bd6
3f46b63c
3f7e3777
3f5b28ac
bef1fd24
beb6fa80
beabf816
be3aec96
bf5c5a51
3f878b95
bf328cf8
bda0c30c
3f51204b
3f82c456
3f63b39d
bec069a2
be847d4f
be8ac277
be1247bb
bf65c8a9
3f66d3bd
bf08b65c
bd7027e9
3f5be7a6
3f856800
3f6b4de0
be6be3c5
bde5ae91
be301e88
bda8cec4
bf6d670c
3f46cc95
becdb06e
bd2dfcf4
3f64956c
3f8788fd
3f7169d1
bdea20f1
3ba09b12
bdbe0cee
bd0ba1f4
bf73dd6e
3f2de5c6
be97c8b3
bcf3d11e
3f6bd801
3f897497
3f76a332
bcbc9346
3dc835e4
bcf52c36
3b92a0fd
bf79961f
3f1b4834
be5cb4c8
bca49258
3f721d40
3f8b5732
3f7b60ad
3d40cede
3e2de1d5
3c994a32
3d0d5672
bf7e9e86
3f0ea4bb
be224a76
bc5a71be
3f7777fd
3f8d33ac
3f7fb044
3dc6ed7e
3e63516a
3d5bc8f4
3d666c75
bf814a8d
3f08517c
be02ae2c
bc1dd6a3
3f7b813e
3f8ed995
3f819c65
3e00778b
3e810944
3d962250
3d8c852c
b9573615
bc25ec35
bdd70073
bc7191a7
be08ea5d
b9835f55
bdcd68f2
b90ea444
3ed7abaf
b96a39eb
bc723e73
be0ec47e
bc66a856
be2c0d48
b962e386
bdf1c150
b8d9dfde
3efac7b2
b95e84af
bc8d2029
be317bc9
bc52f7fa
be45770f
b926ec2a
be100472
b84a61b1
3f0d73ed
b943b7f2
bca8b8cf
be4ed735
bc447dc5
be5c4462
b8be008d
be1f1c41
367bafa4
3f1ca133
b9203e39
bcbffeb5
be68eaad
bc326868
be6fb88a
b754b320
be2d98ae
388512fe
3f2b5a69
b8eb89b0
bcd9a933
be809625
bc2b93cc
bf22da40
39687ee3
bee8b696
39aca4bf
3fe8d0a8
b9140efe
bcf212e2
bf31b155
bc28eb5f
3b234a93
3785f530
3c053d4b
376b7f7d
b91b15e9
b782e10e
39fac95c
bc4e3da8
ba139e2e
bc8b3a39
b7ff18a3
bc22f44f
b7da64a0
3d9ebf04
b8920af4
bb057f3e
bcfac330
bbd5d5ab
bd140c54
b885451c
bd2163bd
b9109c5a
3e245c31
b905a5a3
bb5b65ca
bd1fd27d
bc3447d5
bd70cc28
b96d55ee
bd4f67f8
b9373a20
3e807dfc
b93a59aa
bc10f952
bd8f831a
bc623109
bdb8822f
b9868cf0
bda58d45
b956ce6e
3eafcb8f
b95c11c7
bc25d955
bdf0e8f3
bc71cb8f
be0a579e
b9841566
bdc908b4
b9110422
3ed79c47
b9675f94
bc731ff2
be0ef7c8
bc66dfaf
be2c4431
b96d86e0
bdf51738
b8d605eb
3efab5bf
b95d4e67
bc8dad72
be3161fc
bc532aa0
be45d39b
b92632b7
be0e8b62
b85547ca
3f0d69c4
b945078b
bca8bfce
be4d2ecf
bc44cce2
be5c9fbf
b8c86ed6
be1ebe44
35f199f8
3f1c9d0a
b91f668f
bcbf515c
be69a1e6
bdb29fe2
bb109303
bd6d2f04
b9a74d0e
3f3dd8a9
bb31b2a1
be236568
bbbbf9cd
39aa8c91
bb43af57
3929c784
3d4c7461
399ee103
b9efbfc5
bc3d59ac
3a1ecdd9
bc66653b
399e7ca8
3d8c2435
3a168d72
ba5bf311
bc76b1a9
3a4e7441
bc956d44
39d4574f
3c9d7f95
3a48436b
ba8c05a3
bcca0c9f
3a57a07b
bcca5614
39dfead0
be0c54e6
3a5328ed
ba3733ba
3c803d1d
3a49205f
3c80002c
39d380a2
bdb6a372
3a4190c6
b9b9896a
3cc926a5
3a24290d
3cc8f639
39ab56ff
bd671e15
3a1b36ce
b8c4f06f
3c9aefc4
39ed5226
3c9acba9
3972d121
bd095ea0
39dc0e0c
38619bee
3c229002
399356b2
3c22600f
3912ddc6
bc8cda39
3985f7a0
38caab90
3b74c372
39090e30
3b7463e6
388552d5
bbbbe3a5
38f245b5
3880cc6e
bc1fe411
3a5e34f2
be7fba44
bdbed956
bc79a71b
3d18d9b9
bc648efc
be1bb540
3e2291c9
3da29d9a
3c406ef4
bc3495d6
3a5ac73f
be878ac5
bdcbce59
bc820365
3d24b93b
bc6d8b63
be2711d4
3e2de2ca
3dacf37a
3c5c99ac
bc54dd5c
3a46f6f9
be904942
bde3c910
bc8f79cf
3d43f988
bc839473
be3dad16
3e49ce83
3dd53cb3
3cf43546
bc6ae6ad
3a3ea6bb
be90c4c8
be019849
bca02648
3d67e25e
bc98c84e
be5232ce
3e6a576f
3e0949eb
3d6eb7bd
bc61bbdb
3a34ba73
be6c6c6d
be1b08ed
bcc38b47
3d8b3c6b
bcc639f8
be5d7088
3e8a26d4
3e447166
3dff6609
bc566934
3a2c9b36
be5ac4c2
be0d2c9b
bcaa83ee
3d7d1aed
bcaaf705
be44b7fa
3e77c20e
3e2f6809
3ddcd279
bc4f4fee
3a2fcbea
be57979f
bdebd040
bc819596
3d5256ac
bc79de2b
be25bf82
3e4be0b1
3e06c870
3d8d21bc
bc4a99da
3a31107c
be586b98
bdc8145b
bc4a9ba7
3d315e82
bc35bc08
be0f5f8b
3e2a8c2f
3dcd978d
3d1a576a
bc499172
3a2f5d5a
be59bf77
bdb5b508
bc2cac12
3d212359
bc0d5ea6
be03ff70
3e19ac46
3dac676e
3caee339
bc4aa405
3a2bd37d
be5b4fa9
bdaf7329
bc21dbf6
3d1bbca3
bc00e080
be00685a
3e14128a
3da0e35c
3c783fe3
36ee4619
ba21d756
b8b52a06
b91cf78b
bd6f0fe4
b8f7a2bb
bddb976a
b95ab41a
3ddb5d21
373de6dd
ba555871
b8be2058
b800b66a
bd973c9f
38658a65
be04fa90
b9652acc
3dfbf3fa
37a9a25b
ba83d653
b8c09f7e
3935d256
bdb973cb
390c471e
be1c125b
b96644d7
3e0d2366
38133429
baab76eb
b8c5d1f5
39d53a5c
bdddd048
39af1a71
be32ece1
b962795a
3e1ba010
383ae770
bac7b6f4
b8c0f831
3a2290ff
be01e958
3a03571c
be497d4d
b95b7cdd
3e29cb8b
387a8c7d
bad6ad67
b8c0a3f3
3b0c09bd
bed241e6
3add2f5b
bf172323
ba042ab7
3eb9777c
38833477
bb9c6e39
b8bfb49a
36a7e8cf
38df4399
386e85a7
3894c401
b475329f
39917316
b65cbc26
b81d7b23
b6331883
b89ba39e
bc208d5e
373c6751
bca82af8
b87689fd
3cc1f2ff
b6a51f65
b90fbd6e
b8040551
b93dc53b
bca5903c
b90e188e
bd29920f
b8e8dd36
3d3f4b8e
b4fecd42
b9544c24
b869c581
b952a12c
bd015cab
b91d1a49
bd80875b
b92236ec
3d8ce7c9
b70e9455
b9af6caf
b89cc980
b973cd79
bd353e94
b8d82334
bdad9a57
b943e27d
3db7519e
36d0ab1d
ba276ee0
b8b55582
b911e873
bd6f2778
b8992244
bddb8438
b95aa489
3ddb3f6e
3738ddb8
ba527e04
b8be4df5
b808e9fe
bd97641c
379abb22
be04ef1d
b9651aa5
3dfbd1a1
37a6f27c
ba85dcbb
b8c0cdb2
3929e679
bdb97d81
392980c0
be1c04df
b9663448
3e0d169e
3810abca
baadbb1e
b8c62198
39da3fcb
bddddbec
39a8d38c
be32dd68
b962736b
3e1b91ea
384299d6
bac777d2
b918e8d7
be9388ff
b9d52af9
bf2e29ec
ba11d6a9
3f84a743
39868aae
38a0cd9e
bc6848ff
3937a9ad
bc099949
38770008
bc9fdc48
367650b9
38bb07ad
bcdbb3f2
3910e45c
bc764621
38afe6e1
bd2c2174
36f1c359
39221d4b
bd14b30b
3931640c
bc93efae
38e30611
bd8e12cd
37220d62
3922c321
bd275d3e
3922e3ae
bc7ec42c
38d5997f
bdd541c2
3741d6d6
3965a8fb
bd1dca3e
3965c409
bbb26c07
38eacdf5
bd9ccb4b
3747c9a9
39374117
bd0f0d54
393756b5
3b094a00
38b3998d
bd576868
37327c8d
38b6047e
bcf3beb7
38b624c2
3bde1811
383f9056
bd058935
37096eba
387f8844
bcb911be
387fb31f
3c078d94
37f5c726
bc8ac877
36a902db
37f33e0f
bc5340be
37f36895
3bca6c07
37575989
bbc0fc7d
360c6f3e
3ea7fcf7
bf04882f
3dd1c8f0
3cc46fd1
bea2811e
becc3824
bea5a68c
3e802392
3e136056
3dd55408
3d286be1
3eb0a671
bf05eb48
3deb6128
3ccaa556
beaaaaa9
bed5a2ae
beaebff4
3e7a6340
3e0e1b64
3dd4971e
3d285878
3ebfd178
bf073992
3e0eb613
3cd5163d
beb90368
bee5ff8c
bebee2b9
3e6c40ab
3e02dd21
3dd201d9
3d2846cd
3ed3d66c
bf07fa36
3e33d507
3ce40d36
becbe8a8
befb7a50
bed466e5
3e562d86
3de4a4aa
3dcdde27
3d28d16a
3eea11be
bf0773e4
3e64cb4a
3cf6b5ee
bee0c586
bf098f6d
beecabb1
3e389bfd
3dbbc024
3dc94b60
3d2c2dbf
3eff3aee
bf04acb5
3e801f0f
3cfb2d71
bef4f36f
bf1484f8
bf01969e
3e15e1f2
3d82fa09
3db5f69e
3d1aee2d
3f095838
bf0071f1
3e855502
3cf473a5
bf03e1b4
bf1e5f18
bf0bb5bb
3de21d29
3d033daf
3d9914d8
3cf8035e
3f11d759
bef76458
3e84a244
3ce6b63d
bf0c2cee
bf26cf01
bf14607d
3d9ba630
371de2ff
3d70fc85
3cadfdab
3f189b26
beef0576
3e80f148
3cd7ae97
bf12d029
bf2d70c9
bf1b29ac
3d42ad5b
bce163c6
3d353ba9
3c4f433e
3f1d0246
beea528c
3e7b3357
3ccd54bd
bf171ba6
bf31be99
bf1f8435
3cf77d1b
bd37d9c1
3d0e9a19
3be3bfec
bd06140e
bbbfed86
3c8c122b
37642db0
3d16d541
37833656
bc81cf9a
36d2f858
3d7dc0c2
bd16623c
bbeffd0c
3d02e343
38141622
3d49ea9c
38420920
bcc1d300
35ff46a3
3d8feca3
bd849e3c
bc0a7f6c
3d347180
389be85d
3da27c81
3897b097
bd0625d1
b62f2223
3da048d4
bda05f03
bc19595b
3d61d545
38dca6d9
3dbb5624
38de1c6f
bd2e9576
b4ad0b02
3daeb710
bdd32132
bc1aede4
3d90f702
391d3498
3de54cb0
390ae20e
bd58e1c3
b5d14ca7
3dbe087b
be014eea
bc1d36ed
3e580a37
39eec693
3ea5a66b
39e1908d
be22cb90
b6fbabb8
3dcc28eb
bebf7123
bc1d1c31
bac89731
b72148b0
bb66eb67
b6c3fe8b
37b520be
36b94cb3
385a54dc
b871297c
b85cd120
3a612805
b6ee5b5a
3b27736b
3622d779
ba737309
366b2f90
3c674c4c
3ae998ab
ba78ccdf
3ac04f99
b787bc21
3c0f58ea
37e40dfd
bb223753
36e24f96
3cdbf87e
bc48b414
bb1a7e6e
3bcd90af
b6991559
3c5588ca
389128a4
bbab93d5
36822380
3d26952a
bc60e46e
bb86517c
3c8bfdde
379ec999
3ca7a159
36a82112
bc1d387e
3758179f
3d542bb8
bd1281b4
bbc01bc5
3c8f335e
37b941c0
3d18f432
37816a92
bc81c660
36c21776
3d7d6fc6
bd1782d2
bbf03698
3cf3c285
384c7d12
3d46a2f9
3859b40d
bcc1c4d9
3604a5b9
3d8ff657
bd7dedf4
bc0aa0a5
3d2bce5a
389953eb
3d9842ad
3896e1bf
bd061c65
b579d310
3da04f92
bda77c46
bc199720
3d636622
38ed85d2
3db945c7
38e6fe9a
bd2e90f4
b5bbc7b9
3dae9134
bdcf853a
ba586d8a
3a37f273
bb17f58a
3a17e203
bc171360
37b4eaa9
3f41e5a7
3ba2ef0b
b7f8292f
3c15b962
37560907
bbba443e
b6ca9ecd
bc98aeff
3c0f6cd9
b87c7885
3c92f45c
37a7887f
bc3e3804
b7913d3b
bd20d52e
3c85b3d4
b8997c44
3ccc3b99
37e67bd3
bc7d0dcb
b7a9023d
bd807f26
3c9d6ea4
b8aa3000
3c9d3724
3784add1
bc9341c5
b804c288
bdb9fa7b
3bf6e7f4
b88c5856
3bf62f86
37694ff9
bc774916
b7d139bf
bd87ffda
ba9881f2
b85dfdd5
ba9acf3e
373c1635
bc48c3d7
b7a16938
bd39736b
baaa6cf9
b7beac7c
baac2527
379ee966
bbf7e95b
362891fb
bce38f18
bb1f57b1
b6e7e38c
bb1fea18
378e6b4a
bb9025b5
371c0747
bc68bf25
bb175bd5
34a5639e
bb17a4b6
37231406
bb00a32e
36f9b59e
bb9d5558
ba96c126
391eb4b8
3e952c20
3d0feec7
3bee6a40
bc1ea7ae
bbeaacfa
bd06d5df
bcac4246
3b933aee
3e1222c7
ba7a8317
3917813c
3e91e200
3d21493f
3c089351
bc54ef59
bbbf4ec0
bcc7ee5d
bd06c261
bc0588bd
3e02b975
b9e6d81a
396fb997
3e8a34e3
3d3cf44a
3c253f67
bc9bc66d
bb54d040
bc0093c3
bd632103
bd015b2b
3dc8a49b
393d884d
39a5ae98
3e796dc3
3d72c317
3c577a22
bce62cab
3a968dc1
3c8fd7e1
bdb84784
bd8be9dc
3d4d1684
3a72d88e
39c0884c
3e53d52c
3d974d57
3c80773f
bd1211a6
3bc6cd29
3d30229a
bdfabf8f
bdd3cd0b
390fc482
3ab850b6
39d258de
3e3c99dd
3da0af26
3c875cef
bd1e66f8
3c0655b9
3d628df4
be0a6b39
bdef1e51
bcc6fa71
3ad925e0
39e3c5b7
3e30c4d0
3d9b610a
3c822935
bd1ac7e2
3c0a0227
3d6c8955
be085e75
bdeac10d
bcea5982
3ae81754
39f64d81
3e2a373b
3d97529d
3c7e0fb4
bd18880a
3c092e6a
3d721029
be06a8c7
bde75dae
bcfb60ce
3aee5d36
39fd8abc
3e286916
3d92095e
3c7680e2
bd13fe0f
3c03a900
3d6e1243
be02f741
bddf20aa
bce7d973
3af229c8
3a072bc0
3e297d7b
3d8e1ea3
3c7154e1
bd10e3df
3bfbab1c
3d685957
be000616
bdd869eb
bccbf85e
3d387ff0
be139278
ba7a961c
be6784a0
ba205de5
bd9a606e
b9c88378
bcae3e6b
3ee3a774
3d2e6274
be37d155
ba95ff13
be8d89f0
ba56bfe0
bdb2788a
b9d8b30e
bcd7a202
3f0a1101
3d2655dc
be5a5802
baaa0f3f
bea635da
ba870d5e
bdc7d8e2
b9e5dc2f
bd0119a5
3f217557
3d22fd69
be7bbe79
babed021
bebe49c9
baa23682
bddb78b6
b9f1cfd5
bd163485
3f37f3cb
3d1996bb
be8de651
bad58245
bed5f325
babac13b
bdee285c
b9faeff2
bd2b7728
3f4df111
3d1687a8
bf46d88b
bba41869
bf956573
bb8f76b0
bea0976e
ba829933
bd40bd78
400f9e79
3d14f812
39e614a2
b7c077d1
bc264bcc
343535c1
378d1a44
372b2810
b99db9f0
3c154559
3abd4e4c
bc6c2b22
b9a56319
bc952fcc
b989d1b7
bc703098
b8c9945c
bba781d0
3d4d1d42
3c91f2c8
bcc30627
ba275479
bcadb4b2
b9e2406f
bcf4a71b
b9409bde
bc4a07ff
3d95cbd4
3d03e372
bd9c4756
ba178096
bdc9261e
ba35edb0
bd3b2cbd
b98ee727
bc4a0937
3e3e30fb
3d2e997d
bd6136bf
ba2c5917
bde62300
ba0af746
bd7cddfc
b9baa472
bc83ff29
3eddcc4f
3d38ac25
be1388ec
ba7a807f
be67b065
ba20a233
bd9a5562
b9c84ebd
bcae636a
3ee3df6d
3d2e8c4b
be37e29d
ba961843
be8d8db5
ba56d252
bdb26bbe
b9d89ec2
bcd787a0
3f0a3121
3d267dbd
be5aa2f4
baaa1567
bea61ae9
ba871288
bdc7ca9a
b9e5e778
bd0116fb
3f21aa70
3d233f10
be7bc490
babef7f6
bebe33dc
baa23916
bddb72fe
b9f19eeb
bd162309
3f383f00
bcc74535
bbe68b3b
bc48d1e2
bc02a737
be0f6512
bb876336
be855f96
bce581d0
38631e3e
bd3bc19d
371d1a04
bb9fe18b
393e7686
bb1fffb2
bd3b10b2
391811cf
bd92c8fa
3832de71
bbba9d29
39c461e1
bb8fd255
bd7d4d21
399635c2
bdb654e7
38ce0c5a
bb06ead8
3a0cec89
bba83683
3bf46e75
3a11e0ff
3bf6f672
399313f4
3cbafb99
3a4fd621
bba56cdd
3c0df681
39edccd0
3c0f03f7
39726fd2
3c92e20b
3a2489cc
bb6d32f7
3bf0bb2f
39bbccf5
3bf26903
3933cf93
3c51cad2
39f4426e
bb1cb8fa
3bb57f79
398ea774
3bb6c095
38e7c2aa
3c075044
39a656e5
bab7eb37
3b602bf3
39443e79
3b61d666
386f84f5
3b91c5ff
39440578
ba2febc7
3ace3c9b
38cc549b
3acfe492
379f27d7
3ad80ef3
38a6b1d7
b952dcdb
3c16f694
bb82dd7d
bd1c7885
bd134e9e
bc5974bc
3b25132a
bc28f7b4
3bea38f6
3d14dbf0
3d3dbdb5
3bf77e83
3c08e6c6
bb831c69
bcac14c2
bd8184f2
bc9e2df4
3ca963f3
bc900b14
bcf798db
3dce80d9
3debaac8
3da138c8
3c022b4c
bb7edbf7
3b9c1d46
bddca390
bcf051d2
3d4243ff
bcef67d2
bdb798aa
3e4e6b56
3e646768
3e43262f
3bc19294
bb85427b
3d1efed1
be2d5ed6
bd3370eb
3dac6883
bd345494
be2c3cd2
3eab4738
3ebadb4f
3ead7e1e
3bb429d3
bb866ed9
3cd39ace
be247086
bd28a366
3da6ada4
bd2a9429
be2636ac
3ea7b4d9
3eb1c9ec
3ea2c507
3ba07d68
bb819c70
3c762eb8
be1f9444
bd232269
3da273c6
bd21a101
be22e2ed
3ea21044
3ead46ff
3e9d5f45
3b93ac6b
bb860a9d
3bd545c4
be1990e6
bd1ed33d
3d9ed0b9
bd1b02b7
be1da900
3e9d14c7
3ea75a15
3e967714
3b951ac8
bb87a1a8
397fcdab
be15539a
bd1734f8
3d9c415a
bd1395df
be19bde3
3e99bf76
3ea33d6b
3e91b11c
3b89fb3c
bb8cae17
bb42536d
be13014b
bd15553d
3d99eb28
bd11d9df
be17dacb
3e97f70c
3ea14537
3e8f483f
3b802b0e
bb8f2cf5
bb8fc441
be126afc
bd15161e
3d9a8f6e
bd112ad5
be17a27f
3e97f7c4
3ea1157d
3e8ee2ef
bd39feb9
b990fed8
bcbb8bf8
b987a56b
bc6666fe
b8ab188a
bbdddb5e
3dc01d16
3ca1711c
bd93cebd
b9a4baae
bd161b6b
b99a2297
bc956055
b8d2fc0c
bc05fb65
3e09ca5e
3c988c92
bdc2c7de
b9bf9018
bd629454
b9a6a5c3
bcb4c346
b8f13f2f
bc1fd3d4
3e34b134
3c95c590
bdf2e569
b9d67415
bd96a8e4
b9b57610
bcd12519
b906ea56
bc388a45
3e5ed3cc
3c8ddc74
be0f2aa8
b9eb0d31
bdb98235
b9c7719b
bceb74bc
b914f37f
bc52b6f4
3e83ba6e
3c8b93d2
becfb2b1
bab32db8
be896208
ba92c820
bda34ffb
b9a3cddc
bc6cfa14
3f3fb6a8
3c8a4e12
3b38049e
37806bac
3bd8754d
378b4573
37933164
b717746d
39ea9518
bc3a37df
391ad14f
3b75c903
3690aa08
3c11b71d
b650dd23
bab88841
b74240cd
b9d82564
bc9b01d8
3b25c29c
b9a7ca3a
b68998a8
b9e232b2
b8c2c5af
bb5f403c
b7e49ce0
b9b41f1a
3b8368d7
3bd7da15
bb85f8de
b9134d1a
bbbe501b
b92bf07d
bbcc586b
b822dd85
bb7b383f
3c8ccba0
3c5340ee
bcbffc97
b964402f
bc429b51
b98075b1
bc213dc2
b879a83d
bb936c71
3d1e523b
3cb017f0
bd3e3626
b992164a
bca7a616
b985d5a4
bc665732
b8a9157a
bbdbab95
3dbff5ce
3ca197dc
bd94aa06
b9a828dd
bd1b4087
b9971cc5
bc955585
b8d06db6
bc078ab7
3e0b165e
3c98b12e
bdc3dbb7
b9bf73c1
bd659d98
b9a6f923
bcb4b644
b8f0f64a
bc1fd677
3e350744
3c9601e1
bdf2f6ca
b9d72f76
bd967520
b9b60bc7
bcd11fa5
b906803b
bc388495
3e5f369c
bb4f240a
babdd887
3c8d2397
b9367a05
bc60f311
ba184fcd
bd9ca638
bc489f6c
b770c1d7
bc2d4af1
b89d1974
bbb0c168
b817619b
ba2fb813
bcb04a92
b6f971ef
bcb561e4
b906788b
bc0102fa
b843ca12
baac0ce7
bcd6b58a
36845466
bce4293d
b91f2bd3
bbf69361
b80ec801
baf53d24
bcf079fa
37b31405
bcf0b0c1
b91d1370
bbbc067f
b795cef6
bb027d74
bc093382
3895f141
bc098e80
b8dbe038
39be82b7
37a060df
bae1335e
3b374ff2
38be5f4d
3b362e3b
b89b6e40
3b521e2f
3807ca40
baafacef
3bc816c1
38af4781
3bc7aa8e
b85fe019
3b64e70c
37eb0a98
ba6e2887
3ba2e3fe
387f442d
3ba29c2a
b81c29b9
3b1f2613
37860df7
ba025bc7
3b209e3d
3806282f
3b2056bc
b7ab943d
3a8d7780
36ac2f54
b936ea5f
3af2e444
3a1680c3
bcd549bc
bbe803b9
bab0173f
bb8ee53e
ba2b7f30
3c38b6e7
bc24232c
bc3e00d5
bcd01b5d
3ae629b0
3a0611f4
bc9958fc
bc9c42a9
bb6af991
3a002439
bb507aec
3a039b28
3c1f27a8
3c1ebf0e
bb55014e
3ab8acd0
39aa71e1
bbb91267
bd244a2f
bbf9e2f3
3c2da468
bc02eaff
bcad5c26
3d47a6cf
3d51bd7f
3d24f638
3a9c6693
39439d17
3c17c4cb
bd86a9e0
bc4b32ac
3cb9f394
bc64cac6
bd447484
3dc573a6
3dd1c42e
3dbdb26e
3a379626
3753f1a1
3ccfe3cc
bdc24a93
bc934ef0
3d136e8b
bca77522
bd9df03d
3e183e12
3e221c96
3e1a304e
3a1316e8
b92af58b
3cee13bf
bdd4a2fe
bca04d17
3d24faa9
bcb83afd
bdb057a8
3e28e179
3e33197f
3e2b6ca6
39e6c018
b9924d93
3cd85f15
bdd0e7a8
bc9ac019
3d210d86
bcb34f7e
bdac380c
3e25985e
3e2f1e84
3e26b916
39e38154
b9bbeb52
3cb60b61
bdc65c2b
bc93a855
3d171822
bca973a0
bda1869b
3e1c301b
3e24da63
3e1b9960
39d9d7ec
b9df7f51
3c9b79db
bdbdfcd0
bc8e0d89
3d0f71fc
bca02589
bd98d24f
3e14ca18
3e1cc1bd
3e12ea3d
39e15e9d
b9fe9e10
3c8f440f
bdba77c8
bc8b53d7
3d0bf7f0
bc9d2c5c
bd9503d5
3e11a8bd
3e19790e
3e0f3f7f
b9be2c37
be854698
38ab0e1e
bdad4e9f
b8e12cb7
3c9b1a96
be15ce31
bca784c1
3f33edca
b91e3644
beb8bbd7
b8c81c9d
bddb842a
b8e0e47f
3cacd471
be56862e
bca66980
3f64c1ca
b90c292e
befc892f
b863ab57
be03884a
b8a7b174
3ccb1bb6
be82ae57
bca331f8
3f8a0154
b8a42b68
bf20fc13
b780c21d
be1800d5
b8384b2a
3ce9f620
be97d9b7
bc97dd9e
3fa24847
b7846845
bf431849
37a17074
be2b9bfe
b510737e
3d03b00c
beada40c
bc9337d2
406ad79d
392420c7
c0100814
391889fd
beeefd35
38c0967e
3d1245f4
bf75765f
bc91254e
bc271dae
b6a98bf8
3a70f8f4
b58f374e
387576ff
361f53de
ba2ccb39
3afb7903
b9d2f094
3c777528
3738a86c
3ae05632
35cce186
bc36f573
b7ea6490
3b245dc6
397aec0d
bbab2449
3d0595ad
3897aeed
bbd6d928
37ae5516
bcc762ef
b85cf0b0
3be7afac
bbacb49b
bc2623b8
3df23d39
387733e0
bd375b81
b84779be
bd2817a3
b8a432be
3bf20472
bd0664db
bc741245
3e813609
b850caa0
be03b6d5
b98884c6
bd7bf1ca
b8b8fa7e
3ba250fd
bd191e8a
bc999406
3f147926
b9ac9694
be5c26a4
37b4e01a
bdad42c5
b8fc57da
3ca78585
be308090
bca7acf6
3f3390ad
b9357def
bebab092
b8992da5
bddb744b
b8d7b89d
3ca9c800
be523817
bca69172
3f648edb
b90b4d9e
befe1dfc
b86788ed
be037edf
b8a53d9b
3ccb143c
be82f580
bca373ba
3f89ee9f
b8a73413
bf20e58d
b7987cbe
be17fcd6
b8358bfa
3ce98220
be9802d3
3d6e9b04
bae1a161
3ce9e177
b99977ea
bddc3053
ba8edd0d
3e408143
3dc8fa2b
3920c9cb
bd80d699
3802f9a6
bc97184e
38b9ee09
3aa09879
3e3e74cc
39a02582
bdfbe916
3882f5d6
bd08c684
393f8813
3b0fff91
3e82a4af
39f490eb
be29a8c3
38fd3c75
bd15a472
39a43fde
3b220f23
3e674099
3a20fd02
be252905
395de05f
bcc8271c
39f64948
3b0741e9
bd671252
3a379bbe
bd615f3c
39b1c4ef
3b957eb5
3a206210
3ab342d2
bc58ca69
3a24057d
bc469851
39a9d8ed
3c48f79e
3a130c11
3a6453c5
3b94d04f
39ff7f9c
3bb009e7
398a6ab2
3c4730b6
39e96886
3a0375d2
3bf2ef57
39a80cc4
3c028440
393c16d1
3c04eff9
399bdd63
397f72d4
3b8999c4
3920748d
3b92a000
38b83c10
3b5ca696
3915417d
38984df8
3b8ca803
3a201568
3da3488c
3d87a5d0
3c02f7e3
bcc5571c
3be0125e
3d3ce2bf
bdb89bb9
bd9865e5
bd137afa
3ba974df
3a1defa8
3d728aaf
3e29a98b
3c7185bb
bcd59cb5
3caa383e
3d81fe75
be0bbe49
bdf05fa1
bd95c32b
3be85c48
39f6da3d
3ca1476f
3eb511c2
3ce17479
bcedf681
3d417ba4
3dc095e8
be61b4b5
be47fb9f
be0e8f76
3c1a6369
39a954d4
bd1f379d
3f1cfe7c
3d39ab7c
bd0b00b1
3daba644
3e0c1830
beadbfa9
be9cdfef
be71a00a
3c36fe24
390bc069
bdbc95ef
3f58694d
3d776bee
bd0c20ca
3ded4f78
3e2aebad
bede5f64
bec9bb08
be9ea530
3c1fac6f
396ba8b4
bd87ca9e
3f4ce3dc
3d53af3e
bc1a0451
3dd88ec8
3de8f101
beafd4bc
be97e98d
be569189
3c0c361e
393228e5
bd8214dd
3f4ad462
3d4ddfb3
bb222c63
3dd595fb
3dcb7fbb
bea475ae
be8d7dc1
be3fbcbf
3c06cd07
38ef7947
bd8f8dd8
3f4d8315
3d554802
bb913156
3ddaaaa4
3dd5806f
beaa0add
be93e940
be4cf0ab
3c012724
393be329
bd9db9fe
3f50c56f
3d5cfad5
bbf4bf14
3de086b1
3de5ebeb
beb2253c
be9caf40
be5ec962
3c015b9b
392a7cd6
bda579b5
3f5358fc
3d6371bb
bc1a772d
3de4584e
3df073fd
beb76bbe
bea23519
be69bdba
ba67863a
3e083bca
b9dc287a
bd8382d8
b751ed11
bac53d77
b99ba1f8
39cb38c4
3e272459
ba0346b9
3e2449a7
b9f05303
bda2450b
379ab8e0
bb087913
b9aa8a1a
3a5c4180
3e374cb2
ba2bca94
3e3fff1f
b9f7d493
bdc281b7
384ea37c
bb3bdf3a
b9b6e51c
3ac10f5d
3e451317
ba07a9d3
3e5b3e93
b9f6fcb8
bde405c0
38813f9c
bb71d250
b9b6d248
3b0c35af
3e5181f5
b9a3a8ba
3e760e2d
b9f05c97
be0342f5
38d17bc5
bb905f4b
b9b8dd83
3be43fa3
3f1bcba3
ba011284
3f380e2b
ba90739a
be9611fd
38d8c690
bc5a9758
b9b89ce9
b73e1744
386d6ad7
37521496
b887d2f1
b3ce024b
3929e337
b56e5df0
b7a876d1
b6a9ce8e
b8d7b2c8
3cf9df2f
b91cb134
3cd354cc
b8cc443b
bc3ff2d8
36b77f1f
b8b98785
b888a1d8
b930c1b2
3d78c4bc
b98f94d3
3d54a06e
b9489bc2
bcc3a963
366759d1
b9bebf67
b905d4e5
b9811e3c
3db90ddd
b9f4a8c8
3da0b35e
b993115d
bd15ae13
b781c307
ba05490f
b94902a2
b90b8f95
3df2c650
b9dac8d0
3dd8485a
b9bc7720
bd4c9130
b6c5b42a
ba3104e0
b983a7cf
b9abab19
3e135acc
ba09239d
3e083025
b9dc18af
bd8370b1
b7139c19
bab1fa77
b99bc747
39b01a3f
3e274fe9
ba1a622d
3e243ba0
b9f04195
bda22eeb
373032ee
bafa4207
b9aab30b
3a494726
3e375635
ba369c0b
3e3feeae
b9f7c2b5
bdc27007
38514585
bb38b404
b9b72ec8
3ac269b2
3e451d8a
ba197d56
3e5b2bcc
b9f6f631
bde3f104
3889f27b
bb6d3808
b9bf3005
3f5fe4b9
ba40ef30
3f5a7227
ba72e1ed
bf0a28d7
396f357e
3902b9de
bbf0c94a
b8b42e0a
3bfc98ba
38059fc9
bc3e7354
36d31208
3960e39c
bca71d0b
b947d9db
3c5cbe39
3849f774
bcb696df
373af05f
39beb658
bd3766c0
b8e2fb69
3c7a792b
38c84929
bcf8bf7e
376cd673
3a09690c
bdaff5a5
39750bc4
3c34ab65
393d0485
bd0e1bfe
37833202
39cd7b5a
be1873f8
39ce7595
bad5e92f
395c9c78
bd0b1a84
378af115
3a066457
bdd74333
3a06c83a
bc21584d
39711ce9
bd00cbbc
3782af45
39b7bf6c
bd8c77fc
39b854e2
bc5e127c
3921c5a8
bcdcc6f5
375b602f
39863531
bd206515
3986989e
bc53f132
38de8475
bca6746d
370f3dc1
391412de
bc86c329
391475f9
bc0804df
386560f2
bc38ad9a
3679b52e
bf69a036
3ebcfc20
be9000c6
bc83221c
3f630b78
3f80caa5
3f6eaee8
3e57a92a
3e8a65fd
3d8ccbc9
3d543768
bf69d0fd
3ec4b3c9
be93a3ea
bc8bcc84
3f62fc4f
3f81024a
3f6ed19b
3e4be57d
3e855b73
3d7f8c81
3d45f845
bf66c4b5
3ed30ede
be9a47c1
bc9e72ba
3f5fadda
3f7f6002
3f6bb26b
3e2e0562
3e6fa33f
3d400549
3d220bc7
bf5d862c
3ee94237
bea4a82f
bcbe8796
3f563340
3f769285
3f62576a
3deb337c
3e3a8bd1
3c90b8cf
3cb94d78
bf49b212
3f047eea
beb3bf42
bcf17503
3f4237ff
3f63074c
3f4e5326
3cb23d76
3dbc9188
bd023f0d
bbd95b2e
bf258804
3f1a151d
bec87cd0
bd204dc5
3f1e0de7
3f3ecc24
3f29d705
be00248a
bd54abb4
bddf3df9
bd576361
bf0c0c2a
3f27aeca
bed19bb8
bd36d6c8
3f04abed
3f2505c0
3f0ffb22
be64ef02
be179af5
be2326f9
bda8f6ab
bef72a17
3f2f5879
bed3006f
bd41f5b9
3ee8abe8
3f143299
3efe4642
be914af5
be52e761
be40fa79
bdcbfa27
bee4e705
3f331a8c
bed0a829
bd45a8bb
3ed69e3c
3f0ac078
3eeb60f6
bea199e5
be719257
be4f9841
bddcdaa8
bede14cf
3f34e172
bece5b0b
bd463b68
3ecfd774
3f0730bd
3ee42c75
bea83d74
be7d6f98
be550793
bde2e4ed
b9acafd0
be04c0a6
b93a52b5
3cb21073
be433601
bcc7bf10
be891d92
b86cf03e
3f37e7b0
b92e979d
be2b0949
b95f3315
3cdb6789
be641e3e
bcd294a1
bec5fa8b
b8c9cff9
3f6ae477
b8fce872
be4ff89e
b947ba3d
3d0089b2
be901833
bcd0f654
bf054405
b891879a
3f8d52ae
b8991b4c
be72c0ab
b9285e6d
3d12faaf
bea95067
bcc0e7d0
bf247ecb
b84962e1
3fa63f20
b848a4fa
be89eb72
b8e97ea8
3d23f3ae
bec5abdf
bcb9101b
bff6c73e
b709fbe6
40712fe7
b8102abc
bf40ef5d
b8ef18f3
3d344641
bf8d0164
bcb5be5d
3b3fb610
b6e3154c
bba640f0
b818d29d
389e60c0
36289a63
b83c9723
3c60e23f
b9771513
ba0e696a
b91f12e8
3a70eda8
b8941f7a
bc8be454
b885132f
3b45a593
3c084a98
bb67d0b8
3b577241
b9a61d58
3d147539
b8440575
bd1857e4
b8e9e4c9
3b8be7e8
bc9aecdb
bc04b87c
bc80e4e3
b9b9115f
3e172fa0
37c33924
bd803728
b920390b
3c494664
bd446fcf
bc636155
bd5fc4a4
b9904dc1
3ea07383
385a0018
bdc0078a
b95755b0
3c9a28a5
be02bd4d
bca3fe09
be1bfa83
b9fcad0a
3ed35f07
b94b7151
be04b776
b9560305
3ccf8a03
be082e21
bcc7eefd
be8b2afd
b8e709cb
3f352e39
b8deb212
be2afcd1
b9537a5e
3cd387a7
be58423a
bcd2c72c
bec82268
b8c4f683
3f6839fb
b8ff8c36
be4fe990
b94384b9
3d0087dc
be911609
bcd14a73
bf0521b6
b897dbfe
3f8d5a75
b8aa68d2
be72ba5a
b9267977
3d124178
bea95815
3bb20a8d
bab5390b
bd1d91d5
bb3fba9d
be2838f0
bb2bf3ad
3e526ba6
bd153abf
b79dbaf7
3e05fcaa
3928765e
bce5ea47
391abe7b
3ad9648f
bd9302f2
b6083529
3e824424
39adde9d
bd4d8860
39a3ba68
3b4b7a1e
bdcff1c1
38e097c0
3eb05b0a
3a0782df
bd6494ea
3a071ea8
3b870935
be077032
3988d5a4
3e891a63
3a2aa744
bd34759b
3a352393
3b8b1184
be1cf44e
39c171f6
be1e5d07
3a2ab449
bc74b258
3a45161d
3b577cd2
bd2c8a00
3a0e1bba
bd3109bb
3a265402
3c4744bb
3a51fa6f
3b0e4d77
3c11d34a
3a099095
3c045bdb
3a0913c3
3ca32adc
3a347729
3aabb0a2
3ca57bc4
39ca7269
3ca1022f
39ba6cb7
3c818826
39fa8a71
3a321964
3c46b7f0
394b7a4b
3c4240f9
3933efd2
3bebe5eb
397189bd
396f4310
3b382a91
bb11feec
3e0b2cb8
3c873e19
bac0f802
3b4ebfb8
bbac6a32
bbe16a77
3c6c88da
3d288e7b
3db92346
3b76c06e
bb0f1efa
3e104495
bcb8ccc2
3b42dd68
bccb35bf
bbbe6795
3d422602
bd62285c
bd046347
3c29a08d
3b99c70c
badfe9fe
3e18855c
bdcb1cc3
3c56764a
bda13012
bbbe687c
3e1ca859
be43d41a
be344691
be18093b
3bd4ed93
ba90f516
3e219479
be5452bf
3cd2ea16
be1a5cde
bbfba131
3e961516
bebd3b1a
bebca71b
beb84723
3bd55f35
ba61fb4c
3e3d5592
beb0e5ad
3cf13a41
be49d565
bc918d1b
3ec12e85
beea89d3
beef7d13
bef285bb
3b67593a
b99e8355
3e8a622c
beff010e
3ad489bf
be0363c9
bd510641
3e630555
be42b029
be395959
be34a929
3b1cf21a
b8ca3af0
3e93c686
bf0acb6b
bba56561
bde05998
bd75a771
3e3920a9
bdf12761
bddc8eaf
bdcae466
3a988aa4
37cb5aa2
3e8f5301
bf097084
bb4424ed
bde818ea
bd6cfeac
3e41d3f7
be08f277
be01afad
bdf48894
3a92c404
39a765b3
3e88b982
bf058ff5
3add9140
bdfb13f3
bd5a5e7c
3e56594c
be2d8b60
be29806f
be246bb7
3a7afeaf
39c132f7
3e85623a
bf03709a
3b634813
be03a604
bd4e4a70
3e63ae6d
be4449f2
be425001
be3e7105
b93c1dd6
bdce8538
363fb727
bac2342c
b95ffc2c
b95f2e0e
3e0781d0
39df64c3
3e6f598c
b9404b8b
bdfb4738
384dd7a2
bae87786
b97b3fd5
b88f103d
3e235f16
3a68408e
3e87324b
b93fa5ad
be1484f6
38951dd1
bb22a399
b989c417
b8295f80
3e40335c
3aad8e1e
3e959755
b93b2d68
be2bd8e0
38932c1c
bb53f9b0
b98bccd4
39334696
3e5db926
3aef316c
3ea33aee
b935151e
be438bb7
38da2987
bb828790
b98eb6f1
3a353f7d
3f3114d4
3bb5a487
3f6e53c7
b9d92296
bedd5d05
38ef29ae
bc3cf6f4
b98ee5e2
374c0cce
b8fe3e2a
384405be
37cd8f0a
b43904f9
390c6cfd
369401b2
37a209e9
b6a99dda
b8954c0e
3c9c6cb9
b8650752
3d27cb7b
b85c5d44
bc9d846d
37924d48
b8dc9d1e
b87cf431
b9373ef3
3d1f46fc
b95b1650
3da7aeb0
b8d41d2e
bd1f1f3e
3805938a
b841918b
b8e061cb
b911d4e0
3d74e7f4
b9962014
3dfafb8e
b913ffe5
bd710be4
37f7b8aa
b9634b91
b919f5cd
b942d5ee
3da86109
b88df768
3e266dc1
b9306e79
bda2c6bd
3697a4c7
b9aef560
b93ee42d
b8fa03e8
3dd9f0eb
b8a6c51e
3e4d2c67
b93c10cf
bdce696d
b712face
bab27638
b96031eb
b9532784
3e07a533
39e8489a
3e6f44a8
b9403f40
bdfb2510
38480aa2
bae91efa
b97b7c12
b8ed5ed8
3e2367a2
3a545c76
3e872682
b93f9899
be14777f
38868775
bb1f50df
b989fb8f
b7d8da45
3e403d3e
3aa019e7
3e958a7b
b93b28ba
be2bc93a
3893ca46
bb5121ba
ba14dc93
3f0e781f
b8b5f596
3fac5db6
ba028edd
bf5fbaa7
399ca816
3824610c
3c853eba
38c7f65a
bb2b1297
38175ecd
bc1f2d75
373820f1
38d13139
3cfea4e0
396d5edb
bc360808
38af6575
bc975f30
37a3629b
395c7e13
3d2f53c1
39c95636
bd001f4c
38ff61cb
bcca9cda
37c1d11c
3990e4d6
3d4a7b8b
3a11dc76
bd8cb494
391fc62e
bcdf2847
37ba63ea
38dd942f
3d46808c
38db1cb4
be03ad4b
3892ca63
bcc8991d
37ab0b32
388168a6
3d1633f3
387ee146
bdcb46ce
383c42c8
bcb3e5e4
37910c2f
387094be
3ce08c67
386da1ff
bd958b2b
3812164c
bc9c8421
375470e8
37b94a3a
3c9ec7f6
37b55ec2
bd47bf0b
3781eb93
bc782968
36f9f660
38082bf6
3c328e70
3807318f
bcccdfc9
37699df7
bc140cab
363c43a0
bf1f2ead
3f842296
bf3c8ab5
bdaf7ecc
3f1500dd
3f44d873
3f26ed23
bef94d58
bec8836d
beac3374
be3ec74c
bf24a1fd
3f83e71b
bf3a8fed
bdad0e35
3f1a5373
3f4a6492
3f2c45ad
bef24a16
bec0a9e6
bea81310
be398f9e
bf2dd157
3f818b02
bf340a36
bda5b1a5
3f238131
3f536813
3f353053
bee0630e
beada16f
be9d0e35
be2be0ee
bf39d917
3f778bc0
bf268eb2
bd972c0d
3f2fc274
3f5ea65a
3f40abc0
bec07e64
be8c897e
be88de01
be13097f
bf473e9b
3f61741c
bf0e9776
bd7d0702
3f3dc45e
3f6a2699
3f4d12ff
be8e56c9
be32a46e
be507a11
bdd63550
bf53d37c
3f3c11ce
becf443e
bd30bb30
3f4b8906
3f73205c
3f57fa56
be0a2c7b
bcede490
bddb2988
bd39e6ec
bf5dd10c
3f1f5a33
be925be4
bceaec1f
3f566a1a
3f7a5336
3f60a07d
bcc7a063
3dabc680
bd02b1d0
3a53c4c9
bf65ce45
3f0a50b7
be497173
bc925ca1
3f5f0358
3f802076
3f679395
3d6de323
3e2c97f4
3cc74897
3d117309
bf6c0e6e
3ef8b5dc
be0aea70
bc2bd60f
3f659e20
3f8291b7
3f6d16b6
3deb4685
3e68e083
3d817acd
3d7448a9
bf706f1b
3eeaf34a
bdd4010f
bbd6f549
3f6a162f
3f84699d
3f7109ec
3e1551c6
3e851687
3dacad49
3d952d07
b98915eb
bc3620cc
be0390a4
bc80e1a9
be0000cd
b95b523d
bdab05e0
b8da7fe8
3ed5c83d
b98d5c62
bc58402f
be2b0cdc
bc79f3cc
be1c65b3
b936d803
bdda33cf
b8522bfc
3efab5ef
b983af0a
bc81c75f
be4df5d1
bc6e5a29
be3acdc0
b8eb787a
be01f376
b46f4efd
3f0efc7b
b96a71db
bc946b87
be6c2d76
bc590666
be528fe7
b83c34ae
be13ad1a
38590a60
3f203a9c
b94367ce
bca9c750
be85527a
bc4fdbac
bf13830d
38ecfdb4
becbc5cb
3991907e
3fde1528
b99a899f
bcbea992
bf3aac14
bc4c3778
3ab7165b
36d2ba93
3b6bf3f9
36dd7719
b95c7b1c
b71223e4
397f6784
bbc7ca5a
b9db2e31
bc304268
b86ca7a5
bbec5271
b825dc6e
3d404966
b89d18c9
baf013ed
bc876e1a
bba5c99f
bcb40cca
b8ec78d9
bcc57398
b8f7afbb
3dd00274
b91159f7
bb5ce49e
bcdf9b94
bc14b51d
bd18cada
b96f2ce4
bcf54b92
b9202198
3e2d3c9b
b94ee9fe
bbe5ee1a
bd56bad8
bc4ae138
bd628dce
b9826b03
bd43537d
b93ab760
3e803bc3
b97e7d9e
bc080d88
bda99fd2
bc72b7c2
bda6622f
b9ad97bd
bd9f5a55
b8dc2963
3eadbdc5
b98acf60
bc298c29
bdfd5a42
bc810097
be015518
b972a5a5
bdb38373
b8b4dc3c
3ed5b903
b98b451d
bc5d6247
be27a02a
bc7a2fd4
be1de0fa
b935acb0
bdddce90
b85cf6d3
3efaa3fe
b983a0bf
bc81cd7f
be4d302c
bc6eba20
be3b0cda
b8f58491
be018be4
b6883a36
3f0ef8c4
b969350a
bc9443bb
be6ca04a
bd55a946
bb0e1364
bd16f54f
ba66796c
3ee722db
bb4658e6
be001268
bbb42def
398300ac
bb18cb5f
39164a92
3d908deb
39856658
ba76c2e5
bc33318d
39fa95d1
bc0b6e9d
399108c8
3dfbc70b
3a01bc62
bae98d6a
bc7d609a
3a2c09b3
bc35243c
39cded95
3e075102
3a3562bc
bb1bb7c0
bcdd1c45
3a43bc13
bca3f532
39f0d063
3d8d46f9
3a5112f8
bb1f5062
bce086e5
3a3e38bc
bce0d025
39f094da
bdc91603
3a4f10fe
baf50fc6
3c1dab63
3a2c194c
3c1d36ce
39d3cb57
bd6da1ae
3a342b77
baae0575
3c9b073f
3a063958
3c9adba3
39a0dddb
bd016f07
3a086794
ba5592ee
3c6b4616
39affb7d
3c6b0c4a
394ccc01
bc727ab4
39ae25aa
b9cf12a8
3bdb6a12
3928bcfd
3bdb3053
38bdfc35
bb92abe0
3920e167
b8fa8ffa
bba7651d
398e07e8
be25a905
bd699655
bc28b6c5
3cb7ac77
bc13a821
bdbc9bbc
3dc82133
3d48419a
3b31ec81
bbd71e0e
398e1d7a
be3b5212
bd80e7f3
bc32179b
3ccdf71f
bc1b1f89
bdd62c79
3dddb8b4
3d52801d
3a3bb6ed
bc14b825
3993e388
be5ed950
bd97b3ac
bc425bfe
3cff711b
bc297468
be03f347
3e06758d
3d7a2448
3b59a3b5
bc426dd6
39aa4812
be8206f1
bdb7e6f8
bc5acefd
3d1f3bee
bc46ffb1
be214753
3e24db52
3d9c9433
3c2bf0fb
bc6856d1
39a45054
be8801fe
bdef003e
bc8b5a2e
3d4ff5c3
bc882805
be421539
3e540e92
3ded5935
3d3d514f
bc666dcc
39dfd12e
be660398
be141da7
bcb30386
3d82a26b
bcb94a4e
be5581a9
3e8204ff
3e342478
3de6f219
bc63a6af
39f08daf
be5b6e93
be0beb20
bca0a8d8
3d76ba39
bca619fe
be45eb1c
3e73383d
3e2776f1
3dd1bfe7
bc60ffa5
39f5bc20
be5d6018
bdf43053
bc83058a
3d5668eb
bc82dd10
be2fdd9a
3e522989
3e0760d6
3d9130fc
bc609d08
3a082141
be61f818
bdd9ae11
bc596618
3d3e955c
bc4db900
be20717d
3e39b48e
3ddd2d70
3d3c6cfc
bc61facb
3a05f75e
be659b0d
bdcdb8d0
bc45cbd2
3d3427e8
bc352f58
be1a2c89
3e2f24ac
3dc6a0f9
3d0bd439
36abd3fa
ba6d940f
b914c464
b8ddd17a
bd71eab7
386758b8
bde3195d
b97f96c3
3df2d54c
37b5918b
baaa239a
b91ca363
39179f81
bd979481
38f53a33
be06c537
b97c93b9
3e084e0f
38243bed
bae52d49
b9246636
39dd7841
bdb8b897
39c52664
be1c0e2c
b97239ce
3e164c9f
3850e590
bb0b36c5
b9226b52
3a3a50c5
bddbbf68
3a248b15
be313df2
b9631289
3e23d66a
3896756e
bb1cf214
b9234672
3b24f127
beb40988
3b07558d
bf05e531
ba032f8b
3eb2c160
389e8607
bbe74fdf
b922c8d1
365ac96d
38e3cc9d
3844cce3
38b8b028
b4659526
390d611f
b6773175
b84b1c14
b655946a
b8afc70d
bbea7db9
b7b87008
bc8a65fc
b88ad41b
3cb08fd7
b7055923
b901c611
b8226aed
b95c3853
bc74a79d
b93603d5
bd0c19a6
b9039d92
3d2f65d1
b6d93a19
b954cc0a
b8958c60
b97ecc4f
bcc21f6d
b97a8c27
bd558168
b937ee52
3d824a80
b7768ef5
b9b075cb
b8d392a2
b98affde
bd0a9312
b9452ce3
bd913656
b95e6305
3dab7092
b6049475
ba0d481e
b9041623
b97bf3dc
bd3aca26
b91044cf
bdb94413
b975f7f4
3dd21156
36da779a
ba625404
b914e813
b8e88cba
bd7229d4
b680e1f4
bde305e4
b97f845d
3df2b44b
37ad0920
baa47c6a
b91cc8f9
38faabb8
bd979c7f
39115169
be06b99c
b97c81d3
3e0841b5
38232d5d
bae79818
b924a863
39e48473
bdb8c23f
39b30789
be1c00b1
b9723396
3e163efa
3859cf3d
bb09ff0e
b9172d90
be594cd9
b9eb1974
bf0fd499
ba2464ac
3f743a40
3987c7ef
387f413f
bc6ce847
391ce269
bc29a84c
38831557
bc19dac2
36571654
3880a435
bce39615
38d8241f
bc9e70c9
38c11f48
bcaf0685
36ddb847
390f525a
bd1ea1be
39172634
bcd11f66
3902517f
bd1b743b
371c73fd
394d748e
bd3bfe90
397253ee
bce0860c
39101ccb
bd7c0563
37445942
39897ab1
bd433269
39898cc6
bcbf5c55
3906f821
bdc10d26
37569862
3985388b
bd2c7a6a
39854700
bc3e508b
38f02fb3
bd87afa5
37472457
391c2322
bd0f62f9
391c38b9
bb478445
388edf6d
bd2decc7
371e1180
38d6495c
bcd4b143
38d66614
3b0401ec
38390dee
bcbe8cbd
36c6aa83
38632817
bc6d6ff4
38634499
3b504496
37b5e8be
bc11bb10
3626a467
3e7c6c41
bee21943
3d4cbad6
3c98dd85
be74f599
be9bd3ce
be75319d
3e6fc92d
3e0bfdde
3db7cbfb
3d0b3a19
3e86c69c
bee56c0b
3d735ee7
3c9db877
be82a1a0
bea5326f
be837981
3e6b28ef
3e0716a3
3db68cbc
3d09b57a
3e964e61
bee99891
3da0315c
3ca5de65
be91769c
beb61491
be93bb0d
3e5fa27d
3df906df
3db31ec3
3d06debb
3eab9268
beede09c
3dda4ec4
3cb1f937
bea5c062
becd1ec9
beaa228b
3e4d620e
3dd968be
3dadaf04
3d031187
3ec48f0b
bef12199
3e145473
3cc1ee3f
bebd804e
bee8124f
bec4b207
3e34bbd8
3db15cde
3da7134c
3cffc8ca
3ede5b60
bef1da2b
3e45e35d
3cd5de5c
bed5da53
bf01d9d0
bee08773
3e164dab
3d843945
3da0c54f
3d0003a0
3ef5705f
beee268a
3e61544d
3cdb5f48
beebed45
bf0dee0b
bef8ecd5
3de94e48
3d16c4e2
3d8d9af1
3cdbf9c5
3f0484ef
bee80551
3e6c2049
3cd66988
befede0e
bf17f8af
bf06a021
3da73c17
3bfbd228
3d67cdb5
3ca43bde
3f0c17d9
bee1c422
3e6c8411
3cccff15
bf06ccd9
bf1f9a0c
bf0e57da
3d5f7e49
bc933267
3d34d680
3c531f51
3f10d55a
bede0ab1
3e6987ac
3cc56355
bf0b6677
bf2455f5
bf13182a
3d1b8864
bd0cd4fd
3d1278bd
3c010ad0
bcd2af22
bbd848bb
3cd9ccd3
b7ec4982
3cd8eff4
3592e234
bc8b803b
3702308c
3da12e96
bd34686f
bc0078ad
3d237c2b
3744dd8c
3d59c106
37750745
bcce5f50
3631ad0b
3db55653
bd618714
bc110ba8
3d59f9b3
381e0496
3d781ae5
381f8606
bd0c8a61
36bcd70c
3dc76496
bda3341e
bc147f4a
3d935cc3
38a68df9
3d9f143d
38759ea1
bd344c97
369b45c8
3dda6f77
bdd0dd5b
bc17e484
3e620d43
397ae01c
3e6927b1
395be397
be0a76e4
36d2c3cc
3dec1ef4
be9f18ca
bc182a34
ba8a597f
b6d891b0
bb21a559
b67bfe77
378819e3
367ec518
b797ca03
3a6edeca
b82ee470
3a106576
b6c93e56
b71f987d
b654626b
b8f45bcf
35ec6df4
3c6e0926
3b24dd35
ba411d6e
3ad96773
b761bf95
3b50ab8c
371ffa9f
ba405d45
368e0db5
3ce79662
bbde8509
baf2e5bc
3ba1d8b9
b61d416d
3ab0f053
380de13f
bb1b84a7
35cbc8cb
3d2fa977
bc05f0ba
bb5b8105
3bcf6f49
3707e1af
3c03dc94
37dc900d
bbb3b1b1
3645c676
3d665195
bc573671
bba52d09
3cb7aeae
b7adb099
3c7472ae
b6aff6cd
bc29a34f
37892edd
3d8a7004
bc561aab
bbd87c98
3cc5a23d
b744cfd7
3cd24b79
36b1ba62
bc8b75b5
36fcd4d3
3da14b1e
bd28fba5
bc009786
3d19c12a
372bdf3e
3d448654
3766c247
bcce5131
368d628c
3db55d9d
bd70a9fc
bc11460a
3d5b9443
3843240c
3d734f74
38354fbf
bd0c86c6
3692eab5
3dc74438
bd9ee9e2
3b206dab
39e50453
bb572064
392981a1
bab755e0
376e77c8
3f4b767a
3b6dbad9
b7aabcb6
3b1a8d2b
371dce3b
bb97a4cb
b675ac0d
bc1898da
3bcb3d31
b836b9ff
3bbc2c2e
37767625
bc20bbb4
b7507dc4
bca7ba32
3c2da967
b872f6de
3c2b7681
37a95b24
bc6838a8
b7942cab
bd0e5f6c
3c7f8af1
b87a9390
3c95433d
37b8665d
bc8a1d8c
b790d3da
bd5ce68a
3c9b6c65
b86d3a2f
3c9b76a7
37b1c2f6
bc8d5980
b76fbea2
bda2b8b2
3ba8d6ea
b856e439
3ba8f7aa
3786a37d
bc6a6ab0
b773aebd
bd5e8eaf
3abdbf0f
b7cf83ba
3abe220c
37b40b18
bc179a68
3670a964
bd08eecc
bb0c768c
b7304d03
bb0c55a1
3790a97b
bbb9b4b8
37022bfa
bc8c70ab
bb325e04
b5f1d860
bb324d64
3720f78b
bb288896
36d30c4f
bbbe62ff
ba7c2c67
b89ef2bd
3e9ac73a
3d24bb0b
3bf92492
bc333e2a
bbf034ab
bd0c8f02
bcc7565c
3ac45e2a
3e1598fe
ba53a862
b85b9e00
3e99ede2
3d32ed55
3c0537bd
bc4970aa
bbd8b20c
bcfb036e
bcf3e305
bb8038c3
3e0fcfec
b9f8b008
b612e435
3e96fd2a
3d490bb7
3c136198
bc73fee8
bbabec6a
bcbb1d32
bd261c63
bc6c6ffb
3e02e5f6
359a3733
38719166
3e90ddbc
3d6e20c7
3c2c95b1
bc9eda52
bb3277db
bc19a7bd
bd70d3b0
bd071d97
3dd5b77b
3a1d11bb
38ee4941
3e85e535
3d9177c1
3c575ae5
bcda3f7e
3a8d1e6a
3c43b30d
bdb3b315
bd81d435
3d861f58
3aab4ae8
392f0913
3e6a7f9d
3db0ab37
3c81e1c4
bd0ce749
3bc1ca11
3d1648ea
bdf61cb1
bdc8f73c
3c906ecd
3adfdfa8
3958251f
3e58f8b6
3db686c5
3c8519d9
bd14a862
3bf5b712
3d3c18f4
be042fc4
bddafe17
3954bac6
3afb3933
3962c448
3e4f9e90
3db78078
3c85b053
bd1736eb
3c04b00e
3d4e6636
be0747e8
bde1b35a
bbfd5fc5
3b03e642
39874874
3e4d29da
3db2cf64
3c81e491
bd131321
3c0012aa
3d4c7426
be040f75
bdda498f
bbc63d5d
3b025476
39938f52
3e4e7b1a
3dae3361
3c7de99e
bd0f2539
3bf2709f
3d4544a7
be006324
bdd1edaf
baeb0c78
3d2fd496
be353176
ba5471f1
be4e8da8
ba5d101a
bdafcfe7
ba171517
bce1efe0
3eff8414
3d264f18
be673ec2
ba85fe2c
be804868
ba6dc051
bdce4abb
ba27afe5
bcfdcef7
3f1730c8
3d24a310
be8d61b2
ba9c5bdc
be96e397
ba822469
bde95d51
ba35ddda
bd0ac492
3f2eb386
3d1d1586
bea2d20d
bab35625
beab70ab
ba8cd921
be01268a
ba433d39
bd185c2f
3f4561f5
3d1b2c82
bf680773
bb8b266d
bf6ecf9b
bb4e4547
beb0c6f7
bad1ae9e
bd25acda
400abeea
3d19eeed
3b2cadf3
361426d8
3a272dc9
374b457d
3816a29f
b66078bb
3972fc0c
bb9b7024
3a673f9b
bb3ba229
b981d416
3a52e2c6
b8d95746
bc2b5a55
b8fccab6
bb0c53e0
3c1b00f4
3c3c87a1
bc149da0
b9f9e30a
bb9616bd
b9758f52
bcb58c42
b97c4fcb
bb9f9465
3d262bef
3cb8960a
bd1ddd82
ba2edd1d
bd10fd55
b9cfd6a3
bd12b958
b9b5b187
bbd21e6c
3ddd88c9
3d087e80
bd4db869
ba741636
bd91d0a9
b98266d3
bd53c9f8
b9e97fe5
bc13bb7c
3e322bae
3d2ab502
bdca853b
ba46e203
bdccf05d
ba79c828
bd8d9645
ba020da9
bc85e83e
3ed16684
3d2ffec1
be36be93
ba5bc30f
be53c06b
ba57a1ad
bdafc326
ba15cd82
bce4edb8
3f00e6f5
3d2676fe
be6904e4
ba85d80d
be811fab
ba6e9780
bdce3bec
ba27b334
bcfdd802
3f17af04
3d24e55c
be8d8f0c
ba9d368b
be969f8c
ba82b2b5
bde95737
ba3570c2
bd0a9a79
3f2ef577
bc16a404
bbe8be0c
3c82c45a
bb4d69f5
bdcd8116
bbae181d
be18fd3d
bcc729b2
b7d38169
bccb9b54
b73181b3
bc3a6a98
38d82dcd
bad726ec
bd36428f
b63e01be
bd3ca372
b6f7df44
bc97f40c
3972118d
bb4a0130
bd8ca0ee
389b9ad5
bd929b94
b6b335f3
bcb15b85
39b8f8d4
bb8346e0
bd80a065
3983bd55
bd8490d9
37e4e818
bc69332f
3a0383ca
bb903754
bcd24379
3a10bba4
bcd268e0
388cea84
3be23e17
3a2c1631
bb8ff3e9
3c91ef5f
3a221d5e
3c91d143
3860817c
3c8bbf12
3a1610af
bb5fd2fb
3cd8c142
3a0d9cab
3cd8aabc
37771317
3c823ba5
39da71e3
bb16ba67
3c9ba335
39c9d966
3c9b9433
b79dee5e
3c249440
39817347
baa38cb6
3c0f5dce
3950203f
3c0f4e91
b7ceee3f
3b88e057
38d79d9a
b9e41d96
3c0e295e
3a777726
bcb26d23
bc870589
bc092146
bc05ad55
bbe67f4a
3c89bdc2
bbdae6a1
3aa0bb88
bca62be2
3c0b0861
3a56013e
bbda23ca
bd25a903
bc5118bc
3b4b8fcd
bc48ddc0
bbdec972
3d147616
3d43490c
3ce5a477
3c038e1a
3a6f90cd
3ca78547
bdac4291
bcadb040
3cbe7c6b
bcbd9bd7
bd511b1c
3decbc6b
3e088a79
3df050b0
3bed2089
3a493be9
3d7876f7
be1b7684
bd0d212c
3d628ca6
bd1d0ca5
bdf7679f
3e752523
3e8891e8
3e83265d
3bcae35e
3a44787f
3dc432d8
be5b1de5
bd3bfe90
3dacad1d
bd546010
be3e1066
3eb4aa1a
3ec68a6f
3ec3a0ee
3ba4460f
39bd6fa1
3dd5a2cc
be747c9a
bd4e582f
3dc8691d
bd6b2f5d
be5805cf
3ed0acd2
3edfb356
3edcd93d
3b8d49b4
3907f8eb
3db5d71b
be66a80e
bd412026
3dbaca42
bd5927d0
be4aafd6
3ec1960b
3ed19d64
3eccf138
3b84f92a
b7c59fac
3d8f8259
be4df87e
bd2be371
3da609c1
bd3f51e1
be31dc43
3eabe53f
3eb9d2e5
3eb3792f
3b817d9c
b9b83674
3d6c5897
be3cc2b8
bd1d7bb8
3d9621de
bd2f8d13
be2049dc
3e9c8ba6
3ea93259
3ea1c4a8
3b762325
ba24416b
3d56ad19
be3566fc
bd1673e8
3d90664d
bd2904cb
be18be89
3e96390f
3ea24a46
3e9a50c6
bd433a9c
b9776a7f
bcae325a
b9508efc
bc6dc471
b9075065
bbc06825
3dbd4e41
3cabb0b1
bd8fbde1
b992f1ac
bd286449
b95db1a9
bc9bede9
b91d5167
bbe7f3a6
3e0ed9d0
3ca6e87b
bdc34b5a
b9a37f2b
bd83118a
b96e6ad2
bcbf0a89
b93307b5
bc096a9d
3e3e2415
3c9d9b59
bdf08803
b9b267f5
bdad8201
b985534b
bce00fe9
b9480003
bc1fb659
3e6abf21
3c9b10e4
beb45633
ba883a33
be871e52
ba46783f
bda043f4
b9de34e8
bc373743
3f308458
3c99b07a
3b0807ad
375ceb92
3bbbb754
375cce0a
378414c7
b6fc7206
39c06a10
bc1bf9a3
37dedb79
3b8fbb16
3793eb63
3c07a3f6
36ed5913
ba0da9d2
b76e309d
b9b2f703
bc91fd66
3a65df58
3b238b0b
37bcf190
3aa19b26
b87ab3bc
bad370e8
b805a0fe
b949773f
bac6d114
3b4e5ed6
3b6ca9b3
b8c11bc6
3ad3d732
b8e651d7
bb6579fc
b844ca89
bb561e1e
3ae9032f
3bf280ab
bc2efbad
b9183938
ba939309
b94cdf61
bbcdd9cb
b89662b2
bb803e94
3c5116b3
3c63de88
bcb33070
b97af27f
bc4f234f
b9143eee
bc24907a
b8d3d70e
bb9d4ab1
3d41db3a
3cb9283b
bd467be2
b9804f21
bcbd675d
b9448aca
bc6db2e1
b9052623
bbc6147f
3dc240f4
3cabd9e7
bd91a2bb
b992cf3f
bd31c2a9
b95ddfdb
bc9be2ad
b91c5c8e
bbe7ef4b
3e0e74f5
3ca72bb8
bdc32331
b9a3bc83
bd82f55a
b9702190
bcbf057f
b9329213
bc0a0d67
3e3ea690
3ac57e7d
ba6886d1
3c7ac5f3
39235ba2
bbb1fc96
ba3793b6
bd8002da
bbead03a
b78fe15d
bbd201ee
b89350d7
bb9feac6
b82f8bd7
ba5a3a12
bc5e2f9d
b7ab073a
bc7b55cc
b90221fc
bbfe6ed2
b8861e06
bad7608b
bc95557e
b7cede6e
bcadc60f
b9208317
bc0da2b0
b88742bb
bb1ba50f
bcef8e61
b80829fa
bcff2757
b92c6c54
bc1903ba
b885f15a
bb306556
bcdc42e9
b7873843
bcdc5607
b90fb545
bbdac15c
b81ddfe3
bb290c78
bbe7bd38
38127e07
bbe7f9c3
b8bceb7f
ba265d87
356ee668
bb0479f3
3b4ab0f1
3867b6ac
3b4a567d
b86e0b69
3b101dcf
378f5130
bab51468
3bad95c8
38512ab0
3bad77e2
b813e4fd
3b1ea266
377fa472
ba4863a6
3b4e7c5b
37f23594
3b4e5eaf
b79e4023
3aa7e0da
36c8f0b9
b98ef8ee
3a9a4c6b
3a185928
bccb3159
bae4594f
b97f371e
bb8d71aa
3a0b6bcf
3c393cbe
bc52b120
bc76141a
bcdaf131
3a971ad7
3a0c0204
bca5231b
bc0f5144
bad90fed
bac6d7c8
ba79967f
3ba97c35
baae53da
bb1e9720
bc5ec1dd
3a7b7a50
39bf058d
bc366bf3
bcb40a9c
bb8c5b0a
3bac8d70
bb81d1e9
bc119042
3cc822b2
3cce15ce
3c7c86c4
3a70a03b
3983c50f
3898c7e4
bd2298d4
bbfc4719
3c660a0d
bc07c437
bce4f46a
3d711a88
3d7fabbe
3d5ac8a7
3a09da8d
3899da47
3c8c6265
bd8c5160
bc5c4808
3ce2bc17
bc744ac3
bd6b00b4
3de5630e
3df4d9be
3de6fbe0
3987b465
b865669e
3d037266
bdc3366a
bc976ae0
3d240138
bcac4d23
bdad30f2
3e2384b2
3e2eebdf
3e29b494
38cd85c3
b9319e7c
3d10dd5e
bdd2d0a1
bca0f71a
3d322c75
bcb9d4fc
bdbc56e9
3e321976
3e3d7bbf
3e3893f0
388f3da4
b987c4c9
3d072db0
bdce3773
bc9e9287
3d2d85a2
bcb5b3ae
bdb7b659
3e2e1ba6
3e390c3e
3e3391bc
388d4878
b99b5ea2
3cf23222
bdc5600a
bc9883d0
3d2581de
bcabca32
bdae888b
3e264554
3e308cb7
3e2a6e22
38d12727
b9b46b5e
3ce2d921
bdc07f5c
bc94f741
3d20c325
bca75714
bda9808b
3e2204bf
3e2c138f
3e258cd2
b99789f0
be861472
b894a33c
bdb6b032
b90f3f70
3caa182c
be0fca63
bcb7f83c
3f39d5cc
b9640891
bebb90f5
b8fed242
bded9ee9
b904f1b7
3c9a2a35
be41bd39
bcbab092
3f6ab1fb
b9460898
bf050be8
b8c4bb8e
be11294e
b8e2c572
3cb80e31
be6da17a
bcad543b
3f8f48f5
b92e8ed6
bf2a184a
b8c9fd52
be2a39bb
b8a4b754
3cd42843
be910f19
bca61aec
4054ff0d
b9bca694
c0022a9a
b988bc6a
bef3b3a7
b8b6e199
3cedac24
bf541c93
bca2f732
bbe53a32
b70db5dd
bafd4b8f
b6c6f41d
387be86e
36a796fc
ba139cba
3bb238e5
b972ba72
bba01fd1
b8620776
3be9e70a
b7c8d78e
bbac8eb0
b7fa2128
3af00b38
3c144fb5
bb5442ee
bbedeb5d
b80e721e
3c8af202
37676315
bc4f52e1
b87233c7
3bb8f56b
395a728e
bbe2d6cc
3d0b65ba
b8231bab
3c09eb6a
b89181f8
bcc5562a
b8afe9c1
3c03d2db
bcafefe2
bc399a04
3de41ed8
b88714a4
bd29b191
b909ccf6
bd26f3f6
b8ce8bf2
3c12c857
bcfd32ba
bc83dfe9
3e8c7752
b89409ff
be134715
b8d916c6
bd80dcb9
b8eac553
3c265bdb
bd4b767b
bca638df
3f0cc9d0
b92a22e6
be83fe71
37f020f3
bdb6a2e0
b90f6ed8
3c9e0e7c
be13c58b
bcb82455
3f38c0c4
b9622e51
bec22bda
b8fe3af0
bded8dc8
b8fe2b10
3c9a30a7
be454b54
bcbafbbd
3f6acf2c
b9465acc
bf04ee0a
b8d659a3
be11256c
b8df4c28
3cb5edb5
be6d3d74
bca22b4f
bb059526
3d4cf277
ba86af8b
bd523a46
baa4a61c
3e1fa1f7
3d7d2bcd
38919577
bd123b59
372b45a9
bca0ab07
3847e93d
3ae6cb37
3e03b01b
39168b3b
bd9ea9d9
375f07af
bd1e534e
38bfcb8c
3b5adb08
3e55ff6d
39825f4b
be013390
380678f6
bd4ef7e5
392c9a02
3b8d6948
3e881d44
39c1b836
be30fb7d
38a60242
bd56059c
398ce3e6
3b93bf55
3e5ffddb
3a0169e7
be390296
392e3745
bd1f6a49
39d300c7
3b8069c8
bd887b4e
3a1e5489
bd860dc3
3994bd4f
bbc0c788
3a0d97b0
3b29669a
bb2b6053
3a1607c3
bae26b08
399d407f
3c256a8e
3a0ae185
3ac98916
3c8e3bf1
39dd62e4
3c9311a5
3972c3ab
3c42b68f
39cfda32
3a4df40d
3c45ac6f
395ecef7
3c4a7f7d
38f7d479
3bcb7f49
394f7fe7
3989b9c4
3b386a59
38c83159
3d9c89df
bc6096b7
39c364cd
bc6b6fe2
bbaa6566
3c6ad29a
bce5e818
bc9bc3e2
3c0f1f28
3b6751ab
38884c92
3d8718fe
3d47ba0f
3b9ab6ec
bc888ab9
3b70610d
3ce5bb65
bd777c7e
bd468730
bc88d8b6
3baa5c65
3820a636
3d30d2b1
3e3666ec
3c680325
bcac6e29
3cb48359
3d609c42
be0006fb
bddc747f
bd89608c
3bfbfb8a
b8b43188
3ab5badd
3ec796ef
3cee1f58
bce40f2a
3d549700
3dc68bee
be6c3654
be51e4f7
be1b2a70
3c2c184e
b99c613e
bd5f425d
3f292217
3d420536
bd07a529
3db7a7d8
3e121d77
beb598f9
bea35c7d
be7f6c7f
3c4a9b13
b9951e7c
bdc64b4b
3f62fbca
3d75f674
bcdc57ba
3df5668d
3e233836
bedb2752
bec3c1e1
be97c099
3c3142c8
b9ab4755
bd802d76
3f54ce6b
3d49ca03
3b256987
3ddb31e5
3dc814eb
bea2cff7
be883de1
be32d376
3c2645aa
b9e48a00
bd8443a5
3f559528
3d4ca206
3b86ca21
3ddd36f4
3dc1a8b3
bea193ca
be874d61
be308afb
3c22817b
b9ad8188
bd9e9338
3f5b5e4c
3d5c7dfd
bb578f20
3de7a7e0
3de5d7a7
beb290fc
be9971f7
be561598
3c22ecc4
b9d2f302
bdaffcb8
3f5ffe95
3d68f72a
bc0d599e
3def6a00
3e0021ef
bebeee50
bea68e4a
be70ded0
ba546591
3e077679
b9aef844
bd80e6fa
b7acbe6b
baf34e5b
b983284e
39e0140e
3e23f323
ba445bf4
3e206cbb
b9b06ca2
bd9bc843
37bc46c2
bb20a434
b995439f
3a859269
3e318fc2
ba1eebbb
3e396947
b9afdb27
bdb7f7f1
37f9fecd
bb51aa2f
b99ab97b
3ac935ec
3e3d5d65
b9e370f5
3e5247c8
b9acd588
bdd522dd
387a186f
bb724fe9
b99f0c42
3ba716d3
3f0d03c4
ba82f8a1
3f1eb230
ba523b5f
be74ef1d
386dc78d
bc3a2ba7
b99f7ea9
b7175232
b80cfa86
b507773d
b8c7106d
b3f4f135
39225d2c
3602075b
37ad91bf
b661d96a
b8f602eb
3cc6f6c1
b935c123
3ca6ae05
b8a9397f
bc13f48a
36fb7f92
b74a015e
b835cb9f
b931b837
3d47e545
b97d6929
3d2883b1
b92568d5
bc977377
36eb3be0
b9812e44
b8b2a895
b991fe9c
3d96a74b
b9c57793
3d803175
b96eb58b
bce8cbf5
b6db772a
b9bb2c57
b907d695
b94a24bd
3dc93de2
b9c44ee2
3dae05ca
b99518e4
bd200046
b5408a79
ba053e12
b9366041
b891818a
3dfa2d55
b9f09eab
3ddd85cf
b9a80d04
bd4f05fc
b81bb74b
ba49f05b
b9606b11
b9a42e2c
3e136570
ba17cea4
3e076a79
b9aeeb50
bd80d516
b80ec1d4
badc07f0
b98347c6
39bda743
3e23fb98
ba4c348a
3e205f09
b9b05fc0
bd9bba21
37d09a30
bb2040b7
b9957fb3
3a87d020
3e31993e
ba2ac046
3e39595e
b9afd64a
bdb7e734
3804cb80
bb4e1502
ba1edf32
3f336f4b
ba0220de
3f2d0750
ba491444
bed65c76
b9174a8f
38cc0358
3b971106
b8d6cc35
3c36f118
380d5537
bc35ccd9
36bd8fda
396f3346
3b993786
b8e9590e
3caa6e14
389463f5
bcb021dd
37218e91
39d6f66f
bb8f868d
3750700e
3cdffe5c
390233c0
bcf4bfb0
3741d3d7
3a29c7db
bcde6a02
39a4adce
3cee9044
39502023
bd10b1d2
37401afc
3a39e4e4
bd8b96ab
39fa4466
3cc75739
39650c66
bd16a349
3724b67c
3943177f
be06d297
3944566e
3c335bfb
38d3a980
bd079f95
372633df
384600b9
bdb51bed
3849bb63
3b01d76a
382466db
bce305bb
371a6df0
38c3336f
bd5637ef
38c470ea
bb2b709b
383adb71
bca786a3
36d36183
38b4ff3f
bcbc3f04
38b59d66
bb4db612
380f4918
bc362315
36435f04
bf3b1a1e
3e9368c3
be65202b
bc4fba80
3f35d790
3f4e19e0
3f3f2ba5
3e33361c
3e6314ee
3d6e560b
3d309a90
bf3dfa73
3e992806
be6b3d30
bc59462d
3f387ab5
3f5151d6
3f420c12
3e309671
3e620f07
3d66aa21
3d2d4abd
bf41067c
3ea3d2f6
be768175
bc6d7aaf
3f3b3a47
3f54f73e
3f451ee0
3e265a98
3e5a56c9
3d4d8821
3d2012f7
bf41e104
3eb46d67
be8413e1
bc88fe14
3f3bc172
3f56961c
3f4603d9
3e0db45f
3e44aec9
3d13efb2
3cff00c5
bf3cf934
3ecc70d6
be90f95c
bca790f0
3f368c25
3f527669
3f4123b3
3db8e018
3e163bf9
3c0e8940
3c761368
bf2d8a74
3eedb1bc
bea2eb50
bcda0c47
3f26e115
3f43ab63
3f31ac7d
3b9921d6
3d828336
bd1e1f5b
bc56d435
bf0da9db
3f0d1890
bebad02b
bd161394
3f06e161
3f241b01
3f119d8a
be0a3a68
bd949e23
bde78ba9
bd6ac389
bef0b262
3f1b4008
bec7668b
bd2f5681
3ee30e96
3f0ee392
3ef822dc
be67ba14
be248f7e
be2428c4
bdae5740
bed7f10f
3f234ca3
becc9da9
bd3c592f
3eca4b35
3f027f64
3edef57a
be8eb954
be57e77b
be3f3cf3
bdce0e9a
becdd11b
3f272cbd
bece2b0a
bd41811d
3ec01f04
3efaddfa
3ed49371
be9a9472
be6e216f
be4af532
bddba75a
b9cd8687
bdf1d5f8
b9111d1d
3ca85fc8
bea09ddf
bcc1eeac
be79ba2e
b98807eb
3f46cc79
b8f56135
be207900
b9346478
3d05a340
be9fabb1
bcd81c24
bec03cd4
b91b6d94
3f79f64a
b86616fc
be48ef7f
b91a9991
3d1423ab
beba6d71
bcd342e3
bf0040fe
b86d829d
3f97d2a7
b8455c62
be70da52
b8eb6cf0
3d25df6f
bedce6a4
bccf08ec
bfcb1db2
3644da0c
405fa9d8
b80648b8
bf2f7bf4
b919ee06
3d339f11
bf9d8ea7
bccc43eb
3a622f9f
b71eacb9
bbb012fb
b7da9f15
389df175
36aa1165
b940d5df
3c44c4c7
b896d20a
3b7fc3a8
b89db420
bc894c52
b86b891f
bbe71f9a
b82bcfca
3b1bea06
3c59ec7e
babd008c
3c57709b
b944b7f4
bc174521
b841149d
bc8b7402
b886caa4
3b22666e
bbdb262a
bb866170
3bce1606
b8f2fe11
3cca8201
38a31d99
bd046d2f
b8d96da3
3c007cbf
bc242c7b
bc066715
bba07ea7
b8dfbcd2
3e07b850
382f4db1
bd5ee0e0
b9136a5d
3c351235
bd405e19
bc5b73fb
bd26f906
b8bd9ef0
3ea8fd62
b92e2e58
bdaaab6a
b91acf64
3c4a0714
be2064ba
bc9bb042
be196b62
b9781c66
3ef1b59b
b9c5e9bd
bdf1c49d
b9161483
3cbf7c05
be7553cb
bcc21d24
be7fcb38
b9880c10
3f40cef7
b8dffe36
be206daf
b9277a62
3d05c11f
bea58248
bcd87348
bebefc5f
b9092f36
3f79c2ea
b87aeb81
be48ea2e
b91ad50b
3d11788e
beb99247
3cfbea81
39c00c55
bdaaf35a
bb16655d
bd8cb870
bab8b83d
3e289aa2
bc979380
b6a6f46e
3d9e69a5
38ac3fd9
bcdcf4fb
3896255e
3adafc4e
bd1bf207
36dd0a64
3e2da59f
393d8f95
bd50d407
39285a82
3b4e26ff
bd7322a4
38ac8503
3e8e1339
399e2090
bd85db82
399620aa
3b8bd2ca
bd9ddd36
396ac20e
3eb66aa3
39dd7352
bd85d6c2
39eb5fcc
3b95b26a
bdeea543
39a83126
3e8c0a54
39f7da4a
bd6380b9
3a0e6f7e
3b84ab56
be333e14
39893034
be3467f8
39d5cec0
bd18e644
39fa3342
3b3fc0b8
bd8d6c33
39b9ddd2
bd8f2a50
39dac368
bc13276d
3a084478
3af40b54
bc193c1d
39adb8d5
bc228240
39b1454f
3b9b7bef
39e55f70
3a81dab9
3b984708
39440c31
3b8f06cc
393ad0a7
3b902859
3973adfa
39b34cf9
3a1c6db0
bb1b4870
3db2324d
3d250afe
b9e3e949
3c5b02f8
b9a9fa76
bcd956e5
3cfe877e
3d43c068
3db1f145
3a99aa11
bb141507
3dbd351c
3ca7908c
3b338926
bb6ae550
b82cbe77
3c026868
bc5493a2
3b28e044
3d1e0f38
3b147d6c
bafdcec5
3dcd0093
bca70ab8
3c230eb5
bd2b238a
3a709687
3dade1da
bde8fc16
bdcfa422
bd980c7e
3b67128a
bafa4d35
3dd86b6a
bdae8f7f
3cb6f864
bdd52cdf
3b65522d
3e573cc2
be8edc6f
be8d4c5e
be866518
3baf6666
babd1acf
3dda83ed
be2ddbad
3d1f5891
be3baa96
3be50e0e
3ebd47ad
befb804c
bf00ad5f
bf024493
3bba5e89
babb7e81
3e05708c
be958d55
3d3ad522
be70c259
39501c0b
3eef1879
bf19cfab
bf1ee110
bf244361
3b49ab7f
ba83eb33
3e6f1848
beeeb4bb
3c598de9
be20543e
bd1d17f3
3e962057
be96a198
be962a11
be9aa4bb
3abbdb7a
ba5c18fd
3e8be2a0
bf0918df
3ad76220
be01a610
bd5c6c22
3e6812f6
be35e9fa
be2ec21b
be2f16d7
3ab054c8
ba2de271
3e8e9d10
bf0c6451
39db1ef8
bdfabddf
bd64d67d
3e5f65e5
be26149a
be1df90e
be1e4ac3
3a5fc2c4
b9e11da8
3e8db123
bf0c535a
3abba160
be003860
bd61ba91
3e6593b4
be2fdf93
be28af32
be2956ac
b984b9ce
bdcf9b9f
b7d54cfb
ba86e594
b939771a
b9082c7c
3e0552b7
3a216b3a
3e66b412
b997db00
bdf702e1
37e8d0a6
bac7c2c4
b94df88d
b9841fbd
3e1f4e7e
3a6dc3c5
3e807531
b9a5273c
be0fb80d
37fe2fda
bb0c64b2
b94ff9de
b8c340b2
3e3a3a2a
3a9f788a
3e8cc225
b9aef0d5
be2452fa
3866bcae
bb3422cf
b953a3b7
b8ee8f91
3f16571e
3b7b6e8e
3f4e2730
ba64f54a
bebabffc
3888c4e6
bc0495ca
b953bb05
3621cd38
b90115a2
369db4e4
b89b5b97
b33b1cfc
3917db46
369cf8dc
385cedb3
b620b255
b86fe32f
3c6eb98f
b892481f
3d047d27
b8391305
bc7e66fc
379db977
b782bdf2
b7f6be97
b8857cfa
3cf47b44
b915b791
3d85454f
b8b90549
bd00e285
37ecbe03
b85440bc
b865ea2a
b8b80b1f
3d3d71d6
b9569009
3dc94403
b9092ea4
bd43e805
380dae0b
b91f0ba4
b8aa9ef2
b8e5581a
3d83943d
b92c1fab
3e0714af
b9341565
bd84dcc1
379b5a38
b9406800
b8e9ca59
b93b2ad7
3dac6a07
b8b0a3f3
3e292207
b95d27aa
bda95b86
370a044d
ba278037
b919b93e
b8d72e13
3dd9b051
b8f32a09
3e49f967
b984b081
bdcf801b
b8397085
ba81127d
b939a397
b949160e
3e0559ca
3a1bc254
3e66a010
b997d08c
bdf6ec56
37d0bd23
bac28fb0
b94e4b8a
b97b94e6
3e1f569b
3a459c6e
3e806a14
b9a52352
be0faaf6
37f9903d
bb080d8a
ba03804e
3eda5529
b8d9497a
3f88e2d3
b9dc442c
bf35827e
390f0d40
37fccb62
3c86df84
b573ce92
3c103bae
346979bd
bc2b3dad
372a5c2d
38b9e42a
3d02a9e2
38de8f73
3c53f8c4
3778faef
bca54c64
37966669
38c3d0fa
3d38cf50
3945a535
3bfdde70
377159b5
bce3fd23
37b69b45
38567b84
3d5fe9e6
3991068a
bc3a8769
378ae726
bd04df3f
37af469c
b9013f78
3d70536e
3892db5a
bd488098
b7d4ef40
bd06596a
379095f3
384d6f74
3d60134b
384a4496
bddf89dd
38628aa6
bce1878a
374f572e
3974a9c9
3d222bbb
3974120f
bda2953f
38db5816
bcb6aae0
370ca80e
391e6513
3cd8ba90
391e0029
bd55a018
3887e846
bc874696
36a53505
38b5444a
3c62dbe8
38b4dfa7
bcd6b028
380eafa9
bc182759
35f7a7b4
bef5033b
3f540ad4
bf1577fa
bd8ce4d5
3ee4f65a
3f1865b1
3f00862a
bece10fc
bea67e67
be8c3570
be1b4c25
beffa9cf
3f55f3f5
bf15febf
bd8cca13
3eef3809
3f1e1e9d
3f05dda3
becb078f
bea2919e
be8ad02c
be195a87
bf09313d
3f56c2a0
bf15091c
bd8a9286
3f00c4db
3f27f8a1
3f0f369e
bec1c20f
be9803f1
be85d4e1
be12f073
bf15f44b
3f54651b
bf10a2f6
bd84a2eb
3f0d6809
3f350f0c
3f1bd65b
beafb1bd
be845bb4
be76a186
be05affd
bf250b1f
3f4bce10
bf05eea2
bd711294
3f1c929c
3f43e78b
3f2a875f
be9132a5
be4832a6
be5104d8
bddc907c
bf34dbaa
3f39060f
bee259ae
bd469d3f
3f2cd260
3f52665a
3f397ea4
be43c206
bdcb4b20
be138df2
bd90621c
bf4319b6
3f17536b
be9c0164
bd00e085
3f3c171c
3f5d9113
3f464028
bd6552e7
3d1e7a6d
bd5c2943
bc75ca4d
bf4deba5
3efdd067
be508062
bc99ce60
3f47a03b
3f661f42
3f4ff568
3d313271
3e0f30c7
3c4a2ea7
3cd1543e
bf55c1fa
3ede024c
be0b6798
bc293cda
3f4fe177
3f6c7985
3f5705fa
3de08c46
3e54ee40
3d683ee9
3d589d42
bf5ab594
3ece98f9
bdd03545
bbc42bda
3f54f425
3f70afd7
3f5b8a73
3e13e478
3e79ead5
3da3a768
3d89d218
b9a08b70
bc32cc54
be1baecb
bc85109f
bdea6d66
b967f2bd
bda70cc5
b8b709a7
3eda4a70
b9a135de
bc4b4944
be38c21d
bc85d623
be1d014e
b92d5630
bde7a9eb
b8064271
3f021b32
b998dba6
bc6870b2
be58deef
bc778e4e
be3aaf35
b8e8fbc8
be0d1b33
3708dd66
3f16b52c
b98aed53
bc845499
be7df9c7
bc6ceed3
bf08d486
b901bb3c
becf08b8
3910c209
3fd667e7
b9f79871
bc9642a5
bf34e1a0
bc686472
3a1d1f1f
b4e9073d
39bc64f2
35d7f2e2
b9632747
b65fa1c7
389c078e
bac33f5e
b98a6baf
bbce1bbd
b8a220b3
bba089e9
b82d8b62
3cc11dc9
b89d4fb6
bacf4eec
bbb83c06
bb5c4afa
bc42be58
b91be115
bc4ac3ed
b8bc1bda
3d615346
b912eb2e
bb505240
bc84fc02
bbd31f7f
bcb5421b
b972438f
bc805921
b8ef649e
3dce5fe5
b954d887
bbae91cc
bd08d307
bc1c0137
bd0401a0
b98ab9d6
bce8696e
b8f76cd1
3e28d62a
b985ed56
bbd98ce3
bd69fc5d
bc4ce75f
bd43a1e9
b99f080e
bd500aa6
b919e6f1
3e7d559c
b9948d9e
bc15108c
bdb05ec2
bc75e443
bdad5945
b9780d00
bd9df6bf
b9057638
3eae7c62
b99e6677
bc3612cf
be0ceeae
bc85308c
bdf14bf1
b9669b0b
bdb8b1c9
b8b812a4
3eda3ac2
b99f5fea
bc4b3ae4
be3aee0e
bc860c0c
be1cab02
b92e6a7a
bde71ef1
b81f7999
3f0217d0
b998244d
bc6af7d7
be5898dc
bcdb948e
bb0bb710
bca16725
ba8978c5
3e6a4c24
bb4a597d
bdc21997
bba9fef0
392e572b
bb33061d
38e9fc85
3d94af89
39455a4e
baa5b4b6
bc23d024
39ac1099
bbce3075
39665323
3e0c009a
39c42548
bb1e8e7c
bc6b8dda
39fb944c
bc0cb05b
39a89cee
3e356144
3a0ea228
bb571eb3
bcbc005b
3a1d02f8
bc883ff4
39cfec3d
3e32b338
3a2fd032
bb71deba
bd04fc12
3a2ac036
bd0a4a1c
39dbcb87
3dd0dd55
3a3ce169
bb6857cd
bd0f558f
3a2615a0
bd0f6b4d
39cb3811
bd90cbec
3a337942
bb33f98c
3bad3a52
3a122f4b
3bacb836
39ad781c
bd0f2943
3a16e31e
baf25299
3c7fb2c8
39d15ca4
3c7f878e
39704cb0
bc627b6f
39d072d8
ba828b62
3c1e965c
395277a4
3c1e80cd
38e77263
bb59f283
3948228a
b9b4db0e
bac480a7
3907fdd8
bdbdf663
bcfc1ccb
bbd7caed
3c3549c4
bbb283ab
bd3f661c
3d51edcb
3cd4fa82
bb443135
bb3cae07
390eed30
bde9f4a6
bd144494
bbeb635e
3c60f35a
bbc05e16
bd724ec8
3d7bea64
3ce7614f
bbac9526
bbafcf0c
39646104
be1d3dba
bd3ddd5e
bc02eb81
3c994060
bbda2427
bda9c168
3da70269
3d09dfc4
bc02d39e
bc0d3752
397d13ed
be511617
bd79988b
bc18bc6b
3cd234aa
bc03be5a
bdea656f
3ddfc59b
3d2d3138
bc250be0
bc47562e
39929e87
be801e00
bdabb45f
bc457a0f
3d15a491
bc35cafb
be1e0d58
3e1b78d1
3d88580f
3b877b10
bc75b99c
39bbb53a
be8978dd
bdee0c8e
bc8db50d
3d5b04ab
bc8b0aa6
be4d9697
3e5c9f66
3df89abf
3d5dacda
bc7c2371
39d8130d
be6e351c
be1b1ff1
bcbfb1bb
3d8f2ed5
bcc83b4c
be6b2d9d
3e8db869
3e4528de
3e058799
bc7dfbb6
39d485a5
be689bdb
be16e36e
bcb50901
3d8bc0a1
bcbd3bb8
be633641
3e897389
3e3ee608
3e007c0b
bc7dbb4a
39f5ad86
be6e71f0
be08b4cb
bc9cb988
3d7e5823
bc9f9251
be53074b
3e78cdb2
3e245722
3dc9b934
bc80151a
39ef1551
be742845
be0004fb
bc8dafb1
3d6f1a68
bc8e0f99
be4a2599
3e69661d
3e13b3e1
3da62c96
b59da53c
baa3c8eb
b9401ffb
b74ed7b3
bd682f42
3849a4cc
bdde02c8
b990db8e
3dff6a96
37afc36f
bae3ca50
b94ed7c5
394ed7dd
bd90b7ce
398a5e93
be020c1d
b98ce21a
3e0d8c19
3803cadb
bb0e7315
b94d0d4a
3a02706b
bdaf67f2
39faf7a4
be153711
b9842b03
3e1ac914
3875ce7d
bb26e8e5
b94de61c
3b00701a
be91d680
3ae0b13b
bee35c0d
ba178c03
3ea940ff
3877363d
bbfb2ad5
b94d2a10
3610646d
38d12fc7
381592ff
38bfb94d
b44c16fd
37963083
b66d3b37
b85d28c2
b647463f
b8b94617
bb9d6c70
b83d4b94
bc59d90d
b894b58c
3c99b9d7
b72ba17a
b8cdcf95
b8197bd7
b9665619
bc26b7ca
b93f5135
bcdd57b0
b90da198
3d19c503
b7462198
b93a0fd2
b89015b1
b98fd477
bc86d40e
b98e0784
bd297d83
b946e6e4
3d6649a9
b79cff0a
b9952c00
b8d258f6
b9997a9e
bcc4de2f
b982ef19
bd680fc2
b9724346
3d991d6e
b736391b
b9f7728c
b90a2e94
b9922726
bd07f366
b989b2c4
bd953ef4
b987482e
3dbe2ca0
b7258b38
ba43ba03
b9296f0b
b97aef82
bd34b82a
b94d2cad
bdb8b012
b98ed428
3de161ee
b6a3b217
ba944f05
b9404e12
b8895924
bd683b8c
381e8e10
bdddefd7
b990d145
3dff536e
37a181de
bae57f12
b94f2b11
3961b729
bd90bf78
3960a425
be0200d7
b98cde6a
3e0d7f4b
380e08ad
bb0ca18c
b91df608
be13766e
b9e3463f
bee32394
ba303c0c
3f56ed21
3943af81
3827ede8
bc598160
39015ab7
bc2f8578
3881415d
ba9011dd
35ce9aa4
37ce7835
bcd3258b
3895fe0c
bca742b2
38c35874
bb8db3a6
366ea70f
38a09330
bd160074
38b2bbb6
bce5e1e5
3902aad9
bc404443
36b51989
390965d3
bd3766db
39274203
bd0541ba
3911b04e
bcd04d14
36f0aabf
393441dc
bd489284
391c6e62
bd05a749
38fe87fb
bd4260b1
3709fc0f
39621ab8
bd432e48
396238f4
bcdd72da
38d79645
bda37119
3705d5bf
3989b71e
bd1fb49a
3989c26b
bc69e4e6
38e42d15
bd56c236
36df8493
396916ef
bce93b1e
396925fa
bbabe832
38b57b31
bcf3c0bf
3696b924
38f80971
bc80326d
38f81858
b9b38805
38389e00
bc45090a
360b4df7
3e306294
beb91ccc
3c1999eb
3c61c1ad
be2be455
be5e9ee1
be27b7f7
3e5701c9
3dff139d
3d98d81d
3cde7a8d
3e3fcab3
bebc9097
3c7fccf6
3c687574
be3aac94
be6f915b
be378265
3e53c8c6
3df6bda1
3d9754fe
3cd987fa
3e5c6d86
bec177b8
3ce85387
3c7376f7
be56399c
be876eb0
be5515e2
3e4b3bf0
3de47dff
3d9388a5
3cd02278
3e824ad3
bec74183
3d44cff5
3c821d29
be7cd61e
be9d508f
be7ec4f6
3e3d6006
3dc8dcd1
3d8d980a
3cc2ecd0
3e9ab389
becd1326
3d9a5cd0
3c8da1e2
be95d2f2
beb7d6ee
be98e176
3e2a5b21
3da54266
3d862dbb
3cb47416
3eb54fe7
bed1cfe4
3de3cc7c
3c9c9ea2
beaf3a17
bed4a37e
beb4f4a9
3e1288ae
3d78e123
3d7d9c5f
3caa33a1
3ecf2605
bed41ac7
3e206567
3cafb9db
bec7af8b
bef07313
bed0acec
3dedce4e
3d24acd0
3d729405
3caa1b2a
3ee4aa8f
bed25938
3e392486
3cb5ef98
bedc43f8
bf039186
bee75416
3db4ffdc
3c84d5b0
3d525be6
3c8ad691
3ef4ee93
becee7ac
3e428596
3cb423be
beebf136
bf0bfc1f
bef8248b
3d83d495
bbc6d4f9
3d2bb25f
3c3f285a
3efeca8d
becc7f72
3e43d234
3cb043ca
bef57357
bf110433
bf01137c
3d4a5a5d
bca9c517
3d0f6b1d
3bf8969e
bd13e95e
bbb3efcd
3cd4f16d
b76279ac
3d3d9f0e
b70810f6
bc86e9ad
b62e0204
3dc4d80d
bd1cda9a
bbd7a021
3d032387
36a883e9
3d4d35bd
3724f944
bcc42eca
b4d7d9e4
3ddac3d8
bd6dbc36
bbe2690b
3d3b41e0
381f2468
3d861a95
37c7a918
bd03333b
b65c74e6
3df19cf7
bd9a54ba
bbea538d
3e10743d
38d29658
3e4649a3
38c29774
bdcf25ab
b7619386
3e037c64
be6c5db6
bbeb853c
b9cacde5
b6266fee
ba8dbc9e
b615c8fb
3708bfd2
35ce6e15
b85128c2
3ab5d2c7
b732e337
b870baed
b6e1e764
ba831e2b
b5d7f003
3976f1d3
b59c3762
3c68406c
3b12fc60
b975a838
3a4361e2
b76b965b
3a52d6ef
3695d486
39407dd1
b51d5bf2
3ce67765
bacc4a9d
ba38e5dc
3ab1c584
b6e8f2c6
b9bd79ae
37a9c0e5
ba004676
b679a01e
3d2f6fcb
bb0525c7
bac49dba
3b032ef2
b6b9a5fa
3b298ccb
37d5ea14
bb0eaef7
b59e2d04
3d68d871
bb6f7eee
bb2c817e
3be5b4b7
355e440f
3c67850e
379d0820
bbab9fc4
b633bba4
3d905cf4
bc9c4704
bb854654
3cabb296
b80154c6
3c97beff
b7d74480
bc23b486
36dc71c6
3daa3956
bcdbad38
bbb41af9
3cbd0b27
b77ad82a
3d254fac
b72557ef
bc86e02a
b5874cb6
3dc4df04
bd2c3ddd
bbd7f6e7
3d04861d
3764c88d
3d4814ae
377a2764
bcc429c8
b5d066e3
3ddaa721
bd63f7c3
3b253014
388f8bdf
bb11ea46
b815b876
3b08f11f
b818b46e
3f496535
3a9b67a2
b747814e
3aad3522
371b257a
bb2f648c
3569d71b
ba74a7e9
3aea2311
b7e07f0a
3b59b693
3774912e
bbc4838f
b64844c1
bb6563a1
3b15b4e4
b82cbc70
3bb28ce8
377bc473
bc202aa0
b73b8976
bc17e4b9
3b972039
b85012d1
3c306e36
3733dc6c
bc587c75
b79c73d2
bca34643
3bf2084c
b872a31b
3c479b48
3473e4ad
bc8506b1
b7fa613a
bd17c92e
3c3453f5
b860c9d3
3c342c73
b6e169ce
bc8612e0
b801b4b8
bd7e9375
3bf3aa02
b799ee50
3bf36ef6
37233937
bc1fd54a
b53cc91c
bd1d4621
3aa6febb
b6b9e738
3aa66215
3725e4c0
bbbf3f85
36b4dfb8
bca1e833
bac4f6bc
35096630
bac544f5
36c4d6d0
bb2bd799
36a38449
bbdc4788
ba2164f9
b782f65d
3e98986b
3d2380fe
3bede68e
bc3bb874
bbf6c22a
bd0b1fe7
bccd6aa6
38b4d399
3e126bf2
ba11561d
b7fc1499
3e999433
3d293d52
3bf7820a
bc46d67a
bbf0b6b9
bd05c8e5
bce18754
bb04e3e9
3e11896d
b9c7d9f3
37cf4897
3e9a5030
3d30c972
3c022708
bc5cac3d
bbe5565a
bcf18a94
bd049835
bbce22d2
3e0e0458
b91331e1
389f48c7
3e9a5599
3d39194e
3c0a6985
bc7befd7
bbd1d1c3
bcc77282
bd208aa3
bc4d59e8
3e07859c
397d2bcc
38a03745
3e980024
3d48419d
3c1c7e92
bc9c2525
bba620a4
bc6b6a85
bd568719
bcd1cc55
3deff4cd
3a30ee29
390f0db3
3e92274e
3d600d12
3c31cc6c
bcc03915
bb467fe9
ba6de33c
bd8de711
bd2e886e
3dc225a8
3a9bc080
391cbaf6
3e86e11a
3d80d4d7
3c49409c
bce4449e
b91c4360
3c71889f
bdb4a718
bd800148
3d8631af
3ac69143
39273537
3e800013
3d8d1c95
3c5b966a
bcfea946
3aef2293
3cd05e5c
bdcfde1b
bd9caafc
3d3ae18c
3ad92965
3949ad9b
3e7b337a
3d8e9302
3c5ce4f8
bd017f3a
3b12c6f8
3ce857f7
bdd50608
bda1710c
3d274fc2
3adba2c7
394c1ffe
3e7bd3ac
3d8c0bcf
3c5a097b
bcfed5ae
3b0535a4
3ce31a2c
bdd1884a
bd9d2f9a
3d303126
3d2c3239
be65a51b
baac695a
bdf22030
ba666887
bde25766
ba53143e
bc96c0c2
3f07263f
3d260d37
be9c90f8
bab6a99c
be2848fd
ba77f857
be075cd0
ba6481d7
bcb17988
3f20c330
3d1f47c9
bebad55d
babfcf7b
be48ceb0
ba877475
be1bac07
ba7483c2
bcd0e810
3f36e915
3d1f1f13
bf8936a5
bb8afd2d
bf0ee296
bb47d730
bedb22da
bb025627
bcf3370e
40024b61
3d1e8b6f
3b4bb6d0
37401f96
3ba38117
378924a1
385f32ab
b7064a56
39e51b5e
bc2865dd
39f971d0
3b8a15da
b9040450
3bde80cc
b8a6f70b
bbe8701b
b9048eb4
bb10292b
bc265754
3bd98aa9
3ae990a8
b98e0088
baeefbc9
b9668db8
bc837be8
b9898006
bb93ba17
3c98f70d
3c68416b
bc32d210
b9ef9737
bc72f729
b9cc6fb9
bce6cc25
b9c9282f
bc0e39ca
3d673e8d
3cbe51b2
bce9a130
ba27fa3d
bcf53b68
b9fd9fba
bd354501
ba028fe0
bc3ef972
3dc9e464
3d06e930
bdb29128
ba42f2f5
bd5e8ca4
ba1d8618
bd83e45b
ba232769
bc4d47a1
3e56ca45
3d27a215
be061a49
ba83a5c5
be36fbad
ba54f95b
bdb2604a
ba43716f
bc87a28d
3ec969d1
3d2c5ba1
be6cb976
baac096a
be09f927
ba671bb7
bde24736
ba516fbc
bc96b9e3
3f069463
3d265022
be9c5af3
bab765a2
be27923d
ba7b5e80
be07593f
ba63a124
bcb392ab
3f2147cf
3ba6e2b4
bb9b5a3a
3c84110a
bb286ac9
bd8c79f9
bbbded0d
be339eae
bc9b4240
37f3466c
bc5d61d7
b8c212bc
bc8c63e5
37eba082
bb282d63
bd18967a
38c0b845
bcde2301
b91ff494
bcf75d80
38c609d3
bba1a12c
bd767fac
3939525c
bd26116b
b9327886
bd1cf2e8
394a57d9
bbdcc7ee
bda067a8
399cef29
bd33b50b
b8feec21
bd1deccc
39ae8fbc
bbf902eb
bd99d2ab
3a00f696
bcd6addf
36f31a19
bcc87e5d
3a0bdcec
bbf34aee
bd5b3713
3a2050f3
bd5ba9d1
38ed86ad
bbd5aa4f
3a2a326c
bbce4e6d
3cc45a92
3a2b2fb8
3cc3aed1
39401b36
3c830d08
3a24f066
bb859eda
3d1d8ba7
3a04faf0
3d1d5277
3915e3d8
3c8ebdf1
39eb566f
bb0b4949
3cb6b765
398c4cbe
3cb67e5e
38839bbc
3c14de0c
395c4392
ba3b5cab
3bc0b010
b8ced999
bd3c2995
bb68a3ed
bb9c1182
bc05ccc5
bb123333
3cc1abb2
bc89cdf4
bc6fe91e
bd3054fb
3bc5334d
b97d303c
bd064afb
bcb55689
bbfd39c9
bac65e87
bbc84205
3c1d21d2
3c3cf940
3c8a06d1
bc29e249
3bc22eb0
b9e324d2
bc044a9c
bd70fe52
bc6555bd
3c5672c2
bc678857
bca01bd3
3d8d4e9e
3da3dec1
3d63763d
3ba97d86
ba4b2ec3
3ceb66d2
bdf29bd3
bcc12100
3d0fce5a
bcd6528d
bd8734c0
3e231597
3e3727f2
3e21228b
3b8ef0a9
ba631df8
3d94ec50
be492b72
bd11cc74
3d7d1ba7
bd29f288
bdfc5d42
3e8a3c2f
3e98f339
3e9006af
3b60ae10
baa2d471
3ddf2898
be8b3e98
bd3b0056
3daa262f
bd649fa1
be2eb007
3ebb5e79
3eccb06a
3ec4d238
3b13688b
babbf075
3e0bb9f6
bea63154
bd62e256
3de0010d
bd8aa180
be67b33a
3eef4f1f
3f010533
3efbe074
3ae2b849
bac3dec0
3df37b68
be9c6539
bd4f406b
3dcc36a8
bd7da108
be518688
3edad5e4
3eecc4f9
3ee4c5ed
3ad5ce5b
baf87218
3dc159fe
be8a9f99
bd335614
3daba474
bd5aae67
be2cc770
3eba7bfa
3eca0a42
3ebfee6d
3abda0f9
bafcfb44
3da4e0a0
be8096f3
bd2353ba
3d98d543
bd46de34
be17abb0
3ea838ed
3eb66869
3eab055f
bd2381e3
b95229a0
bd0154ce
b90e2c0d
bc6adaf0
b921262c
bba05231
3dc773e2
3cbd0751
bd82d2c2
b96ad626
bd73ebae
b91321a1
bc9d6175
b93ba309
bbc34e7f
3e18d6e2
3cb0a877
bdaf908a
b981c928
bdadf55e
b92be7ec
bcc49d99
b955b06e
bbe25cc8
3e49d845
3cad168a
be8b9d22
ba4daea0
be8fc055
ba021a44
bd933212
b9f18611
bc03fe2f
3f1f0ede
3cab6378
3ab3782d
372cecc1
3b93923e
372027ec
374e2b31
b6bd56fa
398f1820
bbedd4cc
b7ec3c63
3b70a194
37973fc3
3bdf6289
3744b377
38c7e3e8
b7644d6b
b97ba6d8
bc6f1b1c
3858e960
3b2ba7e1
37e71a6e
3afa0d1f
b810430f
b96c108d
b7f5752f
b82b9097
bb697681
3aa14b5c
3bc266e5
b88494e6
3b9fc561
b889fd17
ba9ef1a0
b8390482
bb207fe6
bba03d02
3b825817
bb311c43
b8d15372
3b88e437
b90cca5d
bb43f026
b890524c
bb42fd7a
ba0629ae
3c0d2898
bb87a7f2
b93a2d25
bbaf0784
b8b752a7
bbbd6cdc
b8c99fbb
bb7b13f2
3c90dce4
3c7b0db2
bcb9f453
b934c3fa
bc40e6ae
b8f5e9c4
bc1e2a11
b9016c3c
bb8d41fa
3d4ad195
3cc60531
bd2815d3
b9523e03
bd121fbe
b90c9d8a
bc6aca19
b91ef187
bba03044
3dc3bcc1
3cbd5370
bd8216ab
b9681f20
bd746924
b9145b7a
bc9d5d37
b93b80f5
bbc6d6b2
3e19936a
3ade5786
ba16feae
3c47cdb6
39a03826
3a348424
ba2a30ab
bd3aca90
bb4c5539
b7bab857
bb60e35f
b878b0ba
bb7a556a
b8388b17
ba56154e
bbc7ddc8
b8127e44
bc1d56fc
b8e12733
bbd0c2f6
b89a8d0a
bad48e0e
bc0436a1
b84d9b01
bc6a553f
b90fe839
bbfab626
b8b342a4
bb1b47cd
bc9b6709
b89267cf
bcdc7c30
b9264299
bc1f402e
b8d05b9c
bb366e4b
bcd4fbf8
b8a29095
bd0ba163
b922730d
bc29698d
b8c9439f
bb394962
bcd324ac
b8409d65
bcd30a34
b9067607
bbfae57d
b88e32df
bb20f37e
bc03eec3
368865e1
bc03c715
b8a81740
bb0327dd
b7d71068
bae1537d
3a869e7f
37dcf46d
3a87721c
b83c3067
3a49bc1c
b662474b
ba7f7cda
3b05ddfc
37aefaba
3b0612fd
b7b74e6f
3a5d2331
b335b06f
b9badf34
3a46b3cf
3a17b759
bca3d840
ba3c3585
3864071b
bb5f2d9c
3a2671d9
3c0af6ab
bc2f51e1
bc526f5d
bcb1c4f3
3a486c76
3a100422
bc9000b6
bb76452e
ba3b0403
bb092547
b77fe575
3bbc2855
bbafa718
bbe04d17
bc7ca7cf
3a346ea5
39dd60e6
bc4cff8c
bc1e9db4
bb087909
3adbfdc3
bac0b13a
bae06207
3c0b1b44
3c05a26e
3a022427
3a542475
39ac5305
bbcdb2cc
bc8e6c84
bb80b3ab
3bdb2f13
bb75e8ec
bc47abfd
3ce12792
3cee349b
3cb26c48
3a23f1b2
393239e5
3bd40982
bd13221d
bc066eab
3c8cfaf8
bc0a45df
bd0c332e
3d89584a
3d9387b9
3d88961d
39d95ec6
38816fea
3cbcf36e
bd7ba24e
bc601d89
3cff2a63
bc71489f
bd83ad8f
3df3d717
3e03953d
3e007bcc
38ed1c0b
b8324eb4
3d1a778c
bdb24889
bc965411
3d2f5c82
bca832ec
bdb7ba10
3e295ab9
3e35b18f
3e347276
b60ca7c8
b917590b
3d2cc29b
bdc3506c
bca49e27
3d3ef404
bcb8b128
bdc97343
3e394e13
3e46770a
3e45da7d
b5c45a4d
b91ef176
3d2979a7
bdc2e71e
bca4f1fd
3d3edad4
bcb6d2e6
bdc8f80b
3e3931a5
3e4654d1
3e456f56
379eab31
b953b7f7
3d24fb78
bdc03790
bca304d2
3d3c4ad6
bcb4844c
bdc65a1b
3e370565
3e441d0f
3e430250
b9f1e80d
be7848f9
b93cc9ff
bdca31a0
b9317a0c
3cbb54ab
be2b9177
bcb2c6d6
3f426bcb
b989d0a3
bec32bbf
b956e4db
be074a02
b93a1d54
3c9fda04
be3fd90b
bcb3f44d
3f798287
b9837f06
bf07f8c3
b96efc09
be2956b4
b92c168b
3cba896b
be7fc5d9
bcb0cc7a
403f1c77
ba4f60da
bfe0148f
ba1d0b63
befe19c7
b999669e
3cc9d1fe
bf3fb64e
bcae3938
bb89a494
b701cfae
bb300b6c
b7084427
385fe852
36a2d649
b9d3197c
3bc472ee
b8680b8b
bc517e6c
b8b0a99f
3bcb8c8c
b7eb40d0
baaa957c
b7e093df
3a313d5b
3c40389e
ba83ae45
bcc384f9
b8db45c9
3ca8290f
3790b6da
bb94587d
b85df0e6
3b31df3a
3b99a584
bb32533f
bc3350cd
b8ded853
3cd2328f
b8458a3d
bc3ced28
b89d5469
3ba61326
bb9b94d6
bbb094a5
3cfc89a1
b8d9bff8
3bf33b27
b7ff9e99
bcc31cbc
b8b6e355
3bd7aec9
bc672f83
bc143a6b
3df4c695
b8f1c670
bd659ddb
b8eb0440
bd2ddade
b8d34313
3bebbebb
bce4506b
bc5d7130
3e994a78
b91633fa
be1e7260
b973af97
bd8ac5ea
b90450f5
3c1c3df7
bdaaafab
bc952341
3f027338
b9e5d5c0
be8199b7
b927b096
bdca2374
b9217ef6
3cc77eee
be4dc520
bcb30ecc
3f432439
b9790971
bec3bacc
b95ebf2e
be074650
b93a991c
3c985a89
be3cb0d8
bd537297
bb05fff6
3d233d1c
ba926aee
bc5bfb63
ba92e2d9
3da8ba4f
3d0af79c
b71bbaae
bc430361
37b8653e
bc92054d
37ffd6cd
3aba6b36
3da36d81
b6ce2673
bcf4cfe9
3819747f
bd147b1d
387097a2
3b361215
3e1b7902
382992f3
bd766485
386d2a74
bd509692
38dd2c46
3b79d843
3e71b25e
38f059eb
bddf578e
38b39880
bd791625
3932cb5e
3b8e756c
3e91f71d
394a7405
be330aa0
38e3ed2e
bd833d7c
39740b45
3b8ca128
3e66c911
39932e17
be4fb53a
391ba6d8
bd5ba9f4
399e6a1c
3b6dc6a4
bdcdd7ee
39b55ce9
bdcbe826
3955d737
bcc20b2d
39bd4ee0
3b1d7aa2
bc7d68d3
39c72165
bc7318ac
396ad059
3a43470e
39c6a4d4
3aa55883
3bb4c499
396c876f
3bbf0fb3
39072e75
3b8646ca
39621e73
39e3d2cf
3aeed1ba
b74da785
3d4be231
bd46ba2d
bb90c7fb
bb8bee8a
bc25a9d4
bbfa0344
3c6b34d7
3c951a7e
3cff3bac
3b1ed335
3808d6e7
3d398d5d
bc6f6d89
baccb64d
bbfba29f
bba212df
3b94eb15
bc1ba898
bb6e6570
3c3a573a
3b7caccb
392492a2
3d05cfa9
3d858ab8
3bb2b43b
bc7bcc29
3be3cb7d
3d030fea
bd843cb1
bd618731
bd0faec2
3bc46330
38dc292e
3b234a6d
3e5f19b9
3c94585f
bcec3b13
3cf4a998
3da51e45
be2ae2ff
be1b2a94
bdfca056
3c17814c
39261fc1
bd47224c
3ee9b569
3d1888a1
bd39b3df
3d858aec
3e155894
be9fcffa
be9439d2
be7f41ec
3c4dd705
3932c56c
bddccb69
3f3f08d0
3d6b0ade
bd5d11b6
3dd97a20
3e4dd20e
bee85a9f
bed7576d
beb9d0fe
3c745bd6
393b05c4
be148fbd
3f7b2a30
3d8d5ff3
bd31f851
3e0b31ca
3e58c2cc
bf03f470
bef05c5d
bec94e4f
3c5a5ba1
38fd4fb9
bdb2c0dd
3f646351
3d5402c3
3a34f921
3debe217
3dedb786
beb2549a
be93b970
be500c2a
3c52b8cc
3927539c
bda4db91
3f61e075
3d4c6a4b
3c01fc3a
3de7dcf1
3dcfc03c
bea5bbd1
be871ab9
be35541a
3c4f6c68
3903b128
bdae5238
3f64e86c
3d53c1e8
3bb4950f
3decd141
3ddd580d
beac7a04
be8e2c8f
be4300ad
ba2d3a3e
3e03ede7
ba059b0b
bd736acf
b86cd775
ba779621
b971b879
392424a7
3e1ec8f7
ba77040b
3e1ade30
ba166c0e
bd90e620
b862af9a
bac1da47
b97dca20
3a01f3cf
3e2bb846
ba67f44b
3e3211bf
ba241435
bda90ebc
b7d6510c
baf7637d
b982173b
3b071147
3f0132a7
bb20172f
3f07f25b
badc0824
be436865
b81b61b1
bbccdb25
b9823c41
b6bfe8af
b8c3637c
b6f84e70
b8ed8a95
b0b8b211
3910a400
3685b14c
3837aa6c
b5fda3cc
b8dff822
3c971285
b8ea7b38
3c8068b7
b89ae866
bbdf13b2
37348cc7
3689d2bb
b7caafad
b903ce41
3d195639
b94a069c
3d0290d9
b91ba403
bc653dfc
371331b0
b914d291
b8486d09
b9836e67
3d6a76cb
b966ba9f
3d482a35
b96a5c98
bcb0f1cd
35e67fc7
b979f606
b89deaec
b954662e
3d9fa19b
b9970428
3d8934a7
b99c3b76
bcf485d4
36d435f0
b9b8836e
b8e1e0dc
b95d53e9
3dcb5558
b9d7cfdf
3db0bf70
b9c20259
bd1f30ba
b799c8fd
b9f277dd
b9172280
b90b6eed
3df6eda6
ba3060ab
3ddb174b
b9e5c8de
bd478dee
b819ac3d
baa3f7a9
b9458235
b9af4520
3e0f80f4
ba2cdf64
3e03e268
ba0591b0
bd7353be
b8869982
ba81431d
b97219c3
393accda
3e1ed19a
ba78a52a
3e1ad0f6
ba1667d9
bd90d8f2
b8608eb1
bab9d732
ba3031b6
3f093dcf
b9895f5b
3f05f91e
ba389916
bea29299
b9af9752
388a1ca0
3c4cb5a1
b8c3b589
3c59433a
b6d7f64a
bc21d9a3
36bd75f5
3932dd3b
3cb0aedd
b8a67e82
3ccf50f4
b66444a8
bc9df544
37211dd9
398797c0
3cc217cf
b6b97385
3d0ee826
363f76e7
bcde7b5a
374291c1
39c4a0c1
3c78fd59
38d2699c
3d26abd8
37cff2e4
bd06820a
373c514d
39da4436
bbfdb5d8
38cff9a7
3d291c48
38121e87
bd115bbb
370e22be
39033895
bd48c5c9
b981eb2a
3d0fb204
b7cee7b9
bd0c1e9b
36ab8911
38aa9ef3
bde628bf
38ac40fe
3ca5cf64
388d3738
bce5d31f
367ae42a
398bb27b
bd8bc44e
398bf802
3c1c958b
38ee20c0
bca6a001
363049ee
394589d0
bcfcf61c
3945cf2e
3b3f4e58
3897c251
bc3238f3
35c923da
bf0f2a58
3e67f8a6
be36f275
bc2fc571
3f0b0fdc
3f1de2fc
3f125d20
3e042292
3e28a503
3d27683f
3cfb8def
bf13b2f3
3e7098dc
be3c70aa
bc34879c
3f0f5ed3
3f22d205
3f16f167
3e0780e4
3e2d6da3
3d2b7f3c
3d015c29
bf1abbcd
3e803ac5
be4693e9
bc3e5ed4
3f16170d
3f2a95a1
3f1e14c3
3e0aa3ed
3e32d088
3d2c77b6
3d03927a
bf227daa
3e8c7ebf
be562602
bc524847
3f1d768b
3f335413
3f25fd6e
3e0871bf
3e337ef6
3d1f9bdd
3cfba986
bf28397b
3e9e3003
be6c60cb
bc76b9d3
3f22c727
3f3a3334
3f2be572
3df21e18
3e275056
3ce8fd6a
3ccbe5d0
bf282df2
3eb6be71
be856393
bc9b4164
3f225105
3f3b4f8a
3f2c0262
3da35e87
3e036360
3bae6655
3c3cb8d1
bf1d8eed
3ed7e76e
be997fcf
bcd14ae6
3f17530c
3f31b650
3f2177e5
3b8edf8d
3d6998fc
bd159745
bc5335f6
bf028b78
3f01c449
beb38a4d
bd112fdc
3ef82b3d
3f174a4b
3f066b23
bdfc4fa3
bd89ffab
bdd8e250
bd5da4f4
bee4abee
3f0eeb36
bec1e2aa
bd27d6eb
3ed780e0
3f076177
3eec49f6
be4c83bb
be117e61
be16fcb5
bda18afd
bed6c836
3f15452f
bec806d7
bd31b7b1
3ec970ad
3f0094fe
3ede4b4a
be703570
be3411b1
be2a5784
bdb8964e
b9cd415e
bdefb949
b8aa3d1a
3c6bc9b8
be8b5bc4
bcece582
be576b95
b8b20c38
3f3a6c5f
b92c0a5f
be220e4d
b8ecd1b8
3c8cd770
bea99790
bcf6ebe6
beab2847
b7ef1899
3f78b628
b91f9a7a
be4e1648
b8deeae6
3cc4d071
bed2f943
bcfbe3e7
bf94a1d0
b93484ed
403fb0e6
b978e7b7
bf1cf625
b94c461e
3cf1feaa
bf9c2336
bcfba2bb
b8581b04
b70cd88d
bb99b276
b780818f
388bf167
36bd789b
b97e7c18
3c1b027d
b8a6aebc
3bb81df1
b84b1a8b
bc9f339b
b82ff10e
b9b1d437
b7c10a84
3b68ddb2
3c513354
bac09d5a
3c8d93ec
b9093a2c
bcbf1ed1
b85bbedd
bb51be63
b824b594
3bb14a6c
bb4d3cd3
bb83f920
3c862a3a
b8b11c4c
bce4f3e4
389a3b14
bc340955
b8a5a020
3c316300
bb80a957
bc03e6af
3c1efbc4
b93d5436
3cb423a0
37a8a1e7
bcd42e1c
b8d8c9e3
3c6ceb2c
bc71f6e3
bc59b7fa
bbdc1c5e
b97c3391
3e267490
37f65a5b
bd48cbfe
b9068976
3c8eee87
bda737ff
bc9c3386
bd11d134
b9811e47
3ebfcdf1
39170307
bda3d471
b91de87d
3cc7c99b
be0e2dfe
bcc7cfee
be04aed5
ba04ab64
3ef99ff5
b9bc4fe2
bdefa6a0
b8857cfb
3c74d6ba
be65e4d4
bced44fd
be53f228
b83b6abc
3f39c397
b920bc71
be2209dc
b8f7be1b
3c866431
bea85723
3d29c93d
39d8a50d
bd95a7de
ba99f4bd
bb947392
baa552af
3e69352e
bc12a409
b8c30a03
3d0209bc
38678563
bcbfc48a
36e8f49a
3b79133f
bcc19b48
b94095f9
3da35c23
38f5f29e
bd41e842
378aca3f
3beedbb3
bd47f6b8
b97bb476
3e1d2ce6
39443e3d
bd8c4b3e
3836d50f
3c2497e0
bd897921
b954763d
3e881dc4
39945452
bda0fdb9
3914a257
3c3bcb1e
bda791ea
b8b921ff
3ebc4cad
39d1c5b7
bd9a2750
3997df22
3c39709b
bdc8ccaf
387cf605
3ea523fd
39fcf255
bd6e89d8
39de7d7e
3c1dc3b9
be214e1e
3845afe3
be223937
39bc12ed
bd247332
39acc768
3bc85e61
bd952208
39071f86
bd965afb
398f6997
bc8fa0c7
3997ef2f
3b4a0f83
bcc62954
38d2d061
bcc89a57
3917efad
bbb7547e
392cbc4c
3a84312d
b9bf3c16
bab83d47
3dada6d8
3d5bc570
3af1f98c
3c0428ae
3ac3f636
bcdb331a
3c47ea1c
3cbf8404
3d8e776e
39a8dee2
bab5b653
3dbe9f4e
3d36b1c4
3b584a00
3a9e85d5
3a83298a
bc49e319
bba59833
3bef1993
3d5c92b3
3aafe4f0
baa84423
3ddd6727
3ca44e17
3bb96c22
bc8509fb
3954d9e3
3cbdef4b
bd461043
bd0ccafa
3c2e5492
3b3c624e
ba0105ae
3e059dca
bd010624
3c28aa08
bd440dbc
bac25d1b
3db286ae
be008454
bde65600
bd91893c
3b944de2
ba00310f
3e16635c
bdd45739
3cacffa7
bdd94032
bab178c4
3e502e0f
be8d02f9
be89709a
be748c1a
3bd7e7ae
393afb1b
3e1d735b
be4554d2
3d1884b9
be40db90
3ac69525
3ebc4ac3
befcac07
beffc2e1
befa38cb
3bfeb7fc
3a130c82
3e2b0d2f
be980c5d
3d49407e
be8381ec
ba5db187
3effd839
bf29cb38
bf2dc002
bf2f1345
3bbc3f87
3a4a6508
3e85d55a
bee83d1b
3ca431f8
be3eaba9
bd101566
3eb01d1c
bec5b06a
bec52420
bec207f8
3b943bc7
3a8c725f
3e9bfe94
bf06c323
3bf3b929
be1e6030
bd52f87e
3e8c84a9
be8603b0
be812f34
be756350
3b81c97f
3a8ecf38
3ea45d62
bf0dd87f
3b53db16
be1499ad
bd691bdb
3e817902
be63b803
be5721f6
be4730db
b98ccb12
bdc96c0e
b83e8140
b9ab693f
b909f64b
b9db3847
3e0223e6
37de161f
3e5a873f
b9a4bf34
bdec1e70
b829334c
ba6432d2
b9127e8e
b99da7f5
3e1a880c
399e9d52
3e71d8a9
b9ba6485
be07d7e6
b7abb1b6
bab9c305
b917db02
ba4cd8a4
3efcb46c
3a9d9740
3f3272e3
ba813471
be9b3006
b7782f1f
bb8f3722
b9188c3d
b6511535
b8f8d538
b792e3f9
b90efe2a
32b96642
39196cdc
36a5cefa
3887eb4e
b52a5293
b84ee33d
3c32aa46
b893e735
3cca32be
b8003ef5
bc4902e5
378c0324
37e2eba7
b70f284f
b689fd71
3cb83090
b8c80e49
3d4cdfd2
b883f88c
bccc5973
37b5fa2f
b882d8bf
b7973c56
b8836a59
3d10015d
b8f69d1f
3d9c3829
b8cae211
bd1be251
37e20751
b8fb9e52
b803d18c
b8883e0f
3d4a4b37
b91f228a
3dd46db3
b90b8436
bd546adc
3796cb60
b8fb7acb
b853b6f6
b8ff89be
3d8647fa
b9321a30
3e072b17
b9353c28
bd882267
37046610
b99f90a5
b8a00cd5
b91f3a4c
3dac02d9
b878d2f0
3e24a107
b96594ee
bda7db3e
b720fcef
ba26cf97
b8de9562
b9d2d099
3dd61046
ba110818
3e41578b
b98cc0e2
bdc95a24
b85ad4f2
b9a92ca1
b90a2dcd
b9d1e97f
3e022a7e
b8a140e3
3e5a745b
b9a4bb11
bdec08ee
b834c706
ba514df2
b9fa5b1b
3ea42f46
b8d941a7
3f5240b7
b99923c7
bf102592
b9056bc9
37db0b22
3c81bae1
b8531563
3c8316a8
b787d594
bc2c7112
370ce821
38d4704f
3cfd4ff5
386804c5
3ce91f55
b76918a1
bca7ee0d
3778081b
38c7e7dc
3d35ca84
39029040
3d0a4fe0
b7d4c48b
bceb99ff
379a5263
38775f0b
3d61d811
393d74e1
3ce79015
b80b8f1f
bd0d83d4
379a304f
b85f9506
3d7d1576
38d327a5
3c06fee7
b8790024
bd1732d3
378349e7
b817c0c3
3d7ff905
38cd155a
bcf5c4bc
b804e24f
bd0e71ae
37401441
38025124
3d609f5f
3800868a
bdb83963
3813d99a
bcdc536a
3701a070
38aec91f
3d123d21
38ae3056
bd6f5658
382ff31e
bc9aa457
3690a0ed
3899eb82
3c92a9d3
38999f33
bcec5d04
37f9fbd6
bc24920a
35c81810
beb8cde8
3f23cb77
bee29cac
bd588bc0
3eac9f7b
3ee6ad67
3ec1b878
bea1ef6f
be8282c0
be590354
bdefa39c
bec2cc46
3f272b25
bee6e6fc
bd5b6364
3eb625a5
3ef1d03c
3ecbe762
bea1a321
be81568a
be59edba
bdf03bb9
bed4debd
3f2b9da8
beec7a97
bd5deb5a
3ec793df
3f02d92d
3ede4b6c
be9e89f6
be79e856
be588454
bdedc969
beee195c
3f2f8fed
bef05d81
bd5ddf22
3ee01bc9
3f10834c
3ef7d14d
be96aecb
be66d550
be51bbac
bde48c23
bf0674e7
3f30a315
beee2554
bd57668b
3efe5a07
3f20cb98
3f0b597b
be873043
be43eab0
be413ee2
bdcf4f27
bf177660
3f2bb2b1
bedfed47
bd45afa6
3f1016d2
3f321b37
3f1c211c
be58e6cf
be0a1515
be215862
bda70fb2
bf2859e2
3f1ce5c9
bebe93a4
bd21f389
3f214156
3f4230cb
3f2c5fc5
be047034
bd46c27c
bdd78abf
bd490eb2
bf36bc93
3eff97a7
be81d507
bcca2595
3f307c0e
3f4e0ac1
3f397ebb
bc04389f
3d9ab0d7
bccc035f
39a9033d
bf40b09a
3eda0da7
be33fa8b
bc737734
3f3aefaa
3f5656cb
3f429754
3d92e5d0
3e21187d
3ce4a3aa
3d06810e
bf467d0d
3ec8281b
be0c6384
bc22d188
3f40e61f
3f5b5470
3f47eebf
3de5c924
3e4be711
3d5f9c45
3d4a2245
b9bdc792
bc16b3d8
be131e53
bc8ae145
bdf8c70b
b9831a1a
bdd480a6
b8d0510d
3ee2f125
b9c2112f
bc3fb69b
be2faead
bc870a70
be20aed5
b95271d8
be0933af
b89f7454
3f096d2e
b9be15ed
bc51316f
be5cb661
bc834956
befb59a4
b9f33695
beda4da8
b8d62762
3fc9f654
ba38d164
bc6f6025
bf21dbec
bc8120da
390b5e42
b68ba7bc
bacd23c6
b59edaa3
b945075e
34b711a7
b7e3a21b
3aa609c8
b90e657f
bb3ce1e4
b8ac6141
bb3d7fe1
b8279a28
3be5782f
b8979260
bab0b10e
3ab74298
baf64834
bb93f385
b92580b7
bb84a05c
b88d381c
3caa6bcd
b9116b47
bb3df301
bbf70c3b
bb819ebc
bc351ee9
b9606705
bbc4b445
b8b3188f
3d42b601
b956e4e6
bb845102
bc8f32ec
bbd2dfc9
bc89293b
b987bcdd
bc6d198c
b8b91b9d
3dbd75d9
b989388d
bbad40cc
bd07e68a
bc180231
bcf03cab
b999e01d
bcfb5db4
b90a3365
3e2306e0
b99f82f5
bbe91f41
bd636129
bc49051f
bd579e7d
b98a530e
bd8268eb
b9152a3c
3e7cc440
b9b5581a
bc0be6fb
bdbd09f2
bc7714eb
bdb8916e
b9c27938
bda2e8d6
b92f0f0d
3eb2122c
b9b8b661
bc11f887
be159572
bc8b1932
bdf5a95e
b97aa5d9
bdd55ab4
b8dc8419
3ee2eb22
b9c1d4c9
bc478efc
be2dffc3
bc0d108f
baf76f93
bbe09843
ba89ba5b
3d9000ee
bb4c653a
bd93b100
bba572f8
38b23309
bb4da1df
389ca059
3d80dfba
38efc1f5
bab228cb
bc1e1f30
3938fa8f
bbad720e
391ebb88
3dfe1843
39759aaa
bb2adc69
bc678c47
3993a1ff
bbf921e6
3972846b
3e341c5f
39bc1a95
bb6865fa
bc9de67c
39ce8908
bc53d6cb
39a0af87
3e54c29d
39fba841
bb864e20
bce3721e
39fd2eeb
bce72d88
39b9cf52
3e4cc4a9
3a150b34
bb8848df
bd21b273
3a090433
bd3b10dd
39bcf68c
3e0067d8
3a1c68e8
bb6f638c
bd22efcd
3a00b916
bd22f963
39aaae9b
bd45ef55
3a11f55d
bb2655f7
3af27cb3
39d60e1b
3af1b136
39850763
bc904827
39e20115
babc4ae3
3bf6ab5b
39688901
3bf691ec
39071c35
bb78b08d
396587e1
ba090e53
3a54ba7d
b7cb42b5
bd3188ed
bc432ec4
bb744fdb
3b417397
bb32d191
bc6447b6
3c909e55
3c14dc9a
bbf73bd4
b98f40f4
b7848150
bd7b99fb
bc8b5f34
bb8df4f6
3bb1a3b4
bb55c92f
bcce5cb0
3ce0e87b
3c477d0a
bc0835a4
bb19f4e3
38ac3ef6
bdc653b8
bcdb1275
bbab09d0
3c1f8d09
bb8a1032
bd3e9841
3d39e0b2
3c8ba2c4
bc327ed7
bbb19c79
392ea77d
be165f55
bd281662
bbdba7cd
3c84617e
bbb8fc67
bd9e118b
3d92ba9d
3cc91c9a
bc62c372
bc15c1dc
39648785
be5193fe
bd772324
bc10bc73
3cd0115b
bc00ddb2
bdef891d
3dde1263
3d2163d4
bc3740f0
bc56926f
39b21e95
be82b5b5
bdb439d1
bc55295f
3d256269
bc47e0c0
be2ca9ad
3e29eb6d
3d9da98d
3c80056b
bc853ffc
39dc31f8
be8d9ac6
be01dfa0
bca33f65
3d7d5c26
bca379fb
be6896bd
3e7c8ba6
3e1672b0
3da488d0
bc8a5dcd
39e1db87
be7aba1d
be2a828a
bcdc8a61
3da47b5b
bce963e8
be87203d
3ea23855
3e665efd
3e26d338
bc8c0608
3a01b6e3
be78d2ae
be2a409f
bcd8b0fe
3da4c574
bce5149e
be863053
3ea1c03c
3e6665ff
3e26cbbb
bc8e3c54
39fd047b
be7d74ed
be2407a0
bcccccb4
3d9f3d5a
bcd748ac
be83071d
3e9c273f
3e5a249f
3e19be59
b6d06106
bab2e839
b95525d7
b904b423
bd58b231
b7f070c3
bdd3575f
b9a93ea2
3e041ece
36972ff1
baefc8fd
b9594d65
39139aa1
bd861ff4
392bc13d
bdf523a1
b9a4c0d3
3e11d2e4
38128a4a
bb141260
b95be876
3a6faa4a
be62bd88
3a3d1784
bebc77c5
ba445120
3ea09d17
37fc9ba8
bbe6a92f
b95b6200
361de4d7
38b1bade
37e9f2b2
38b3c90f
b4140626
b8a1e59c
b63e1973
b877f468
b625860c
b8b113e8
bb460729
b8622720
bc287c0b
b89c1bf7
3c81dfb3
b759981b
b8af8f80
b7fea2b7
b95fbe4e
bbd5c738
b93b639e
bcabbc82
b9165a4f
3d02e40a
b79bc368
b917f0ad
b86ec757
b993db7c
bc31010e
b9909bb1
bd0411ed
b9562e33
3d45b75a
b7ebec7c
b95fe975
b8aefb13
b99e82ab
bc84b3d2
b990f176
bd35d73c
b984b63d
3d84ed85
b7de9268
b9c0b961
b8e9f837
b9b5b143
bcbc5ea8
b9a6d32f
bd6b8326
b996f3f0
3da76bc6
b7f950c1
ba181d21
b91574fa
b9bc1928
bd0099dd
b9f34472
bd92e91c
b9a228cf
3dc9d33b
b8030256
ba6a5f33
b937f241
b9ac9165
bd298b6a
b9aac723
bdb237f3
b9a7ecb7
3deb4153
b708489a
baaac206
b9557ba2
b8d084e2
bd58bd7b
b8bdc375
bdd3450d
b9a93a25
3e0412d4
36992c29
bae89e0b
b925bcbb
bdbc1823
b9cbd46e
beb02bfb
ba394441
3f37b2af
b7c70f31
378e8e6a
bc38c968
38c6a49c
bc243b0b
3853682f
3bb8bfe8
b626eb40
b701244a
bcb4c2fe
3845149b
bc9e335e
38a62183
3c1d5fa6
b68c0095
380ca61d
bd022809
3866049b
bcde050d
38ebd075
3c222fb3
b6ae2323
38c11dd0
bd228440
3905c2d2
bd05813b
390ee913
3b9b0f70
b6ae82c8
39006717
bd3794b8
38c252f2
bd0f0f7f
39070888
bbfecf9d
b6942666
39095f02
bd3c642c
37f9ba29
bd07d311
38d2422e
bcf1de9a
b64ab083
3945c894
bd2acd5d
3945e4d5
bcd71141
38af829d
bd7f9672
b5392ee9
398e5a76
bcf7015a
398e63db
bc55b2d7
38da64c3
bd14b4ee
3517a56b
39340835
bc867a89
3934118c
bb875453
3883592e
bc78f31e
354505cc
3deacece
be951f52
bc7aa456
3c24cdc5
bde601a6
be18da9a
bdd8cfbc
3e3c487d
3de387f7
3d7cd36b
3cb3076f
3e02583c
be987256
bc47a85e
3c286dcb
bdff08d3
be27274f
bdf2faf2
3e3a6e0f
3ddcf19a
3d798551
3cacc68a
3e1ad294
be9d7dcb
bbb5739c
3c2de9db
be173e4a
be420602
be126884
3e34d143
3dce2802
3d717d7d
3ca08a27
3e3dbaf2
bea3d101
3ba8c374
3c36ba55
be390fb0
be683c34
be36172a
3e2b5692
3db756ec
3d64c9fe
3c8e99fd
3e692538
beaac48c
3ca9a944
3c43c7a1
be63077a
be8bd414
be62ad67
3e1df659
3d994c0a
3d544ce2
3c717f70
3e8d0d6a
beb185b8
3d2d825a
3c55c6f1
be891936
bea67ac5
be8aaad2
3e0cc6fc
3d6c40cb
3d42cda7
3c483d62
3ea627da
beb719e8
3d92c4f3
3c6e40b7
bea127c7
bec1b67c
bea4f378
3df0cf42
3d224641
3d3410b7
3c2e2d4a
3ebcee49
beba6a22
3de24329
3c883ed5
beb6b9d7
beda572a
bebd4bf4
3dc49e10
3cbb450c
3d2c9728
3c3051f5
3ecddfbc
beba43ee
3e044624
3c8e6caf
bec6e84b
beec50f5
becf1133
3d9c2bce
3bad32f8
3d15ac5a
3c01cca9
3ed7e2e3
beb96737
3e0a2766
3c8e987b
bed0801d
bef6c2f0
bed95c1a
3d8212a0
bbe5919c
3d00eb5c
3ba357e1
bcb617ce
bb87b3b2
3ca3d92a
b875ae53
3ce31e83
b8503b4a
bc515430
36ae8a36
3de67e98
bd331a9a
bb996ec6
3cfec010
b7a2f149
3d2f802c
b80b83da
bc94a52a
36a447fe
3e00dacc
bd608df8
bba781dd
3dc8e3da
b844b15a
3e0acc8a
b86eab6b
bd75cbcc
36e9de00
3e0dcb47
be2c98d5
bbab400f
390b3b04
35b3b276
39b077f9
b53c5872
35e34472
b53a5eec
b89ed131
3ad03a8b
b78f0ce1
b91c43b2
34b3c9e7
bab41197
3645db1d
3923eddc
b60f58ef
3c5c22dc
3a76fcec
b95d4cd1
3a1c791b
35e55df1
ba622d62
36c2c992
3946a6b8
b60e0eee
3cdefcb1
3add7edd
b9ecd688
3a3bce22
36f0ea6f
ba7cea71
374151c0
b877d4ad
b68f934a
3d296f64
ba088f7e
ba5f995f
3a649c75
35f7d301
ba11a243
37a2c085
ba5adc27
b6298b07
3d637b68
ba2a49c7
bac14a13
3b4f3538
36b45e88
3bc76689
37d2c6db
bb1accde
b620bede
3d8f5b94
bc1c816e
bb180c17
3bfb2a48
37af3dab
3ca8f1eb
37aef87a
bb9ea1bd
b6b44f3a
3dad5201
bc5eb1e2
bb548b98
3c77cd58
b86c9428
3c80b6c0
b8568580
bc07a671
b536109a
3dc9cbeb
bc773746
bb87ea42
3ca4b486
b85356b9
3cd7f242
b82e9548
bc514fd7
366f48cb
3de6977d
bd29d5dc
3b6513bf
b8b4f58d
b98a1cf6
b89330c7
3abccf93
b807603a
3f4160cc
390f6688
36a07098
38c7d89f
372ae48c
ba991387
36e099c2
3bd472e0
39713d14
36ea9120
3a1f888e
37955022
bb3373ca
3733038d
3c3d9716
ba18c9cd
365a1a56
3aa2e136
37a66b03
bba65288
37072d53
3c5ce5fd
3a5e29b4
3531d3c1
3bbb7908
37aca644
bbed160d
36e4e12b
3c2ee3b9
3b99d774
b5cf0242
3c45c163
379ca0c8
bc15656c
36a88079
3ac96dd2
3c4596a8
36a7ec35
3cb53420
37a38134
bc17c77b
3741c525
bc7ebcee
3c551056
b7520ccd
3c54dab1
3697119e
bc255d99
b627b06d
bd2ce7b6
bb1e782d
b7c75213
bb1f0712
b6fc9017
bc08d2e2
b7944300
bcb2b841
bba3e432
b75a6cab
bba407e9
b6b6112c
bb8bb762
b73309db
bbf42df1
b9df4c5e
376b4b96
3e924651
3d215550
3be7dccb
bc426a93
bbe8ac51
bcfedc95
bcdad95b
bb2e8c8e
3e09b86e
b9d1e0b2
b59cdf38
3e94b27d
3d241793
3bed43f0
bc458a09
bbec6905
bd00e236
bce055b4
bb316a6c
3e0c4a51
b9c97eef
3752a90f
3e984bc8
3d28564b
3bf3eaed
bc4df2b2
bbf08bfe
bd00f275
bceba23f
bb56ded0
3e0f3a9a
b99fa112
384f8bbd
3e9cc18f
3d29af20
3bf9c1c4
bc562189
bbf88c52
bd00b124
bcf5fc56
bb5f9b1c
3e133f0b
b93dbe9b
385a0467
3ea07030
3d2fda35
3c06fb76
bc76e60a
bbf1bc90
bce4e72a
bd1446ad
bc0d79a5
3e11411c
382041f3
38e5b07e
3ea17d76
3d43d02a
3c1e0c60
bc9e12b5
bbc82804
bc97115c
bd515421
bcbdaad3
3e03b25e
39e35df3
38e4e473
3e9d3366
3d71aca5
3c4cb2a9
bce14f32
bb416722
3a7c79fe
bda58742
bd5d0a36
3dc3688e
3a5de739
38e65dc0
3e945fd4
3d8f5d1b
3c6dd5cd
bd06c0b8
39825da4
3c8a8aca
bdd340ea
bd9ea00b
3d86879a
3a812d13
3904c8c9
3e93226e
3d897f01
3c63a741
bd0287bd
b92b764f
3c85f526
bdcb9376
bd956c0c
3d8b0c72
3a824d98
38d868be
3e949ad5
3d7fd8ae
3c5595a7
bcf3c4a9
ba9e1d59
3c488505
bdbb6165
bd837c51
3d9e00b0
3d391c54
be0d3403
ba72ddd9
be0a307a
ba05ec23
bdcec4a9
ba577bf0
bcaabac2
3ec89bc2
3d2b8a06
be3d74b0
ba8172d2
be2cea47
ba1fab86
bdf9a9c4
ba6bda0f
bcaf539c
3ef739dc
3d279d4a
bf16bad3
bb45924e
bf0663af
baf84dea
beb6e4c5
bb014c59
bcb8bf9f
3fbabcbe
3d25e3ae
3b26aedb
37821777
3bdcda08
378c4c1c
3840190e
b715e00c
39e1efe4
bc38a7c0
394171d4
3ba81e49
b89c33c3
3c11f345
b87e52a2
bb487614
b8e76dd4
35d9dff0
bc96445a
3b45603e
3b30301f
b93c2965
b9eadc82
b95b1c0e
bbfd4f6f
b96e450b
39fdd9ee
3bc39e7c
3bf69a33
3ae6c686
b9cb673a
bbbb59d5
b9c55b0e
bc78b089
b9ae9a10
bb23268d
3cb2f8f1
3c6984e0
bc410777
ba0b80ff
bc514949
ba03c75b
bcd645ae
b9ed896c
bb44546d
3d3c21ba
3cbd7fc1
bd03f1f4
ba3bac96
bce414d6
ba0f4092
bd28435d
ba18461a
bb417c3e
3de77743
3d0840a4
bd7709d0
ba900e86
bd09cf87
ba23195c
bd72fa7f
ba28f892
ba1dd10d
3e5aa3a3
3d2d110f
bda62ded
ba12f27d
bdb32447
b987a105
bda375c0
ba4c68c9
bc078af9
3ec7747f
3d3966e7
be0bf328
ba703101
be0ab10e
ba066a42
bdcebf18
ba57823d
bcad8c7e
3ec9aae1
3b3c566b
bb817ccf
3c8dddb3
bb10536d
bcf5c34a
bba1b05a
bd546b54
bc19c2fb
b7839aec
bc29c1d7
b90ff3ce
bc736afb
b848155c
b9e7113a
bc8dae36
b6433ac8
bcb47b06
b97beab7
bcd9516f
b86c055b
ba69a353
bcc6c862
37f3715d
bced9949
b996f79f
bd0bc3a1
b782f60e
bab0894c
bd12b864
38bb3135
bd08af42
b98d8c82
bd1a2e81
38903605
bac471a3
bd1537a8
39581e8c
bc98402a
b923f76c
bd026bb8
396e2c44
bab91c39
bd1f42b7
39a9fffe
bc9e4cd6
b704ad4b
bcb07168
39c77110
ba9c72d1
bd1b56f3
39f17d9f
bd1b7340
38f2b517
bbcceea1
39f6dca7
baa72d0a
bbc57ccb
39c0c8d8
bbc6133a
38bb8910
3ac67472
39ae808c
ba6b9edc
3b0b48e4
3955ee45
3b0ab228
3823814f
3b0145ff
39266cad
b9c6de8f
3b931c75
b89fefe2
bc2f09df
38ac4394
bb3c7bcd
bc0e23f4
bb2611e6
3c667ae6
bc908b2c
bc836921
bcc834e3
3b9bf462
b960db34
baaadea3
bc0fce82
bb9df715
bb9622bf
bba26a8c
3bc2e3b5
ba9d0c0b
3b4012d4
bb825b9b
3b9957be
ba286e22
3c853e67
bcd11386
bc076088
3b951453
bc13444d
bc3ac4b7
3d072e30
3d2a4af4
3d1afa72
3b98f7ee
ba5d7565
3d21600e
bd4995df
bc59096e
3c850f21
bc71987e
bd0e0e1a
3da16d63
3dc027e1
3dbe719f
3b978c4d
ba83a50f
3d8ca9d8
bdacf46b
bca0e87e
3d01c948
bcba453e
bd85d257
3e0eaa71
3e25b60f
3e295cff
3b95716a
bac1389b
3dc1572b
bdf754de
bccca835
3d325863
bcf7f6bf
bdb75c83
3e41f03c
3e5eb1d2
3e657478
3b8207ff
bae32187
3df30766
be24d278
bcf9e05f
3d666d97
bd19cef5
bdf17703
3e794b47
3e8dd0fa
3e91fd70
3b491726
badb871e
3e0e1feb
be48b625
bd1a0235
3d99edb5
bd3d4bd2
be1f554c
3ea1c082
3eb23b36
3eb875fa
3b2026b8
baf203a9
3e0f9591
be520ac8
bd1c9b0d
3da01557
bd408996
be26ccdb
3ea7b3ec
3eba7659
3ec00e61
3b1b3f99
bb0349d8
3e0e9544
be518e4e
bd1d130f
3da0211e
bd3f6943
be25d750
3ea71f37
3eb9e9b7
3ebf7fe2
bd33e9e9
b9329882
bd392e27
b8dae49e
bc80c0f0
b930e67e
bb7a732d
3dec2a48
3cc52605
bd8bdf75
b9427df6
bd90f75d
b9026f02
bcb07baa
b94e5812
bb8de0c1
3e2b344a
3cbf7436
be724a05
ba24ccc5
be82ca93
b9be4310
bd8ca2eb
b9edd131
bbabd355
3f0ef9af
3cbd21b6
3a640eb1
36fd98a2
3b572259
36d61e1b
371afec3
b682fcf3
3949feb2
bba92862
b849a006
3b33d6b2
3784e7f2
3ba3a81a
376a0d4f
3a013064
b737330d
b957fcea
bc3467dd
b9a7eb36
3b0a8df5
37e53197
3adb99aa
b76c3842
3a301a5d
b7c2fbe4
b8b0bd06
bb83d97a
3951eb95
3bbc28a6
b8250d09
3bb18a95
b7dcbe41
39aae8ef
b8199e5e
baf84f9e
bbe7ab29
3af64484
3a435cb4
b88aa116
3bdeeee0
b8a4c52f
ba330a5b
b871d909
bb19086c
bbd64528
3ba45016
3b70da77
b90315ed
3ade8ef7
b824eebb
bb2c366b
b8aa0f83
bb4e79a0
3a8ac1ca
3c219a4b
bbf82771
b8d1bc98
bafcd599
b87c7d1c
bbbd5de1
b8e88b9b
bb60b37a
3c89840c
3c89107b
bcd11d4b
b9583bcc
bcc65cfc
b903be36
bc274d4e
b90a05fd
bb565b92
3d3d0d4d
3cd72b5f
bd307856
b929766d
bd3b40a9
b8d936dc
bc80bd56
b931a612
bb8445f9
3dee72ef
3a9729cb
b99d2878
3c033afe
39d819b4
3b947979
ba0ebee1
bd0be6ab
ba884c6e
b7efeb47
ba7a3833
b838a388
bb3d5cf1
b83454e3
ba4a08db
bb07aba7
b8535dd1
bb85f8d4
b8a9799e
bba4c21c
b89f9237
bac8e680
bb0fe2ea
b898bde8
bbcb44b5
b8dd6389
bbd26318
b8c74b7f
bb13025c
bc30192e
b8d4ec3c
bc88ec0a
b906a27a
bc13c4a0
b8f629c7
bb302c8d
bca6e212
b902b3f5
bce5830a
b911f47b
bc3dbf08
b909740d
bb38a4de
bcf51a0a
b8f4f004
bd01031e
b90e826e
bc48e1ff
b90373cd
bb2833d3
bcfc3326
b8b8ebcf
bcfc20cf
b8e8ef8a
bc269489
b8ca8d42
bb00eaa2
bc2579d6
b7b33572
bc256162
b875a8de
bb53d014
b820cc8f
ba94ebe1
baf31bce
36481342
baf2b9f7
b7da1700
ba0e1b42
b74e4201
b9de110d
39cb6c8c
3a0c4332
bc842f94
ba290fd7
38a96885
bb078dd8
3a0c408c
3baaff73
bbe1bcf5
bc111cfe
bc802af8
39dc64f8
3a08fab3
bc76e86d
badcc281
b984bd09
bae74c6a
39bfaf77
3b98328c
bbb1c13f
bbe678e0
bc614e71
39e670c4
39ec1729
bc4f8884
bb735de1
ba538f3e
b98873d1
b93226ca
3b00b3e7
37c84a24
ba7d9799
bbedc081
3a2e18ef
39d6e78d
bc244739
bbbc49c8
bac12cf2
3ac898de
ba8a3d90
bac4b8c0
3be0a4ce
3be3e5fd
3a187a46
3a2b5942
398f53e2
bb00377f
bc85119b
bb86a6bd
3bfef30f
bb7cbc53
bc6907f1
3cf7b9e3
3d05f461
3ce1b19c
3a19cce7
3972eb79
3c4585b6
bd14104e
bc0c5b4a
3c9b3402
bc1166c4
bd1bd655
3d92c732
3da0023e
3d998998
39bb6c5d
392a4d32
3cf83b26
bd85e5a7
bc684ffc
3d062070
bc81569a
bd8aecec
3e00ff67
3e0b53e0
3e0abe97
3883c654
3870d1fe
3d477a6e
bdc46c1a
bca4e29e
3d3ea8ea
bcbb0800
bdca49d7
3e391c1b
3e47b07a
3e4997c7
b65afbfc
38913a72
3d60455d
bdd9d478
bcb62e20
3d52fffe
bcce12d9
bde02b08
3e4d18f3
3e5cba5f
3e5f7150
b83c465a
37c9bf6c
3d65f452
bddf15fa
bcba00d0
3d577760
bcd2f60d
bde5830a
3e51ee2b
3e620eb7
3e650f35
ba1c55de
be89c489
b92d5de9
bdc53c49
b918e5b1
3c8a4807
be11eb60
bcb59c1d
3f373779
b9c24827
bec19af9
b9a13e8e
be04d4c6
b927300f
3c68e435
be3feb61
bcbd7dcd
4017c31c
ba973593
bfabdd14
ba60a42d
bed24576
b9b9462c
3c830fa1
bf1c6679
bcbe8433
baf9590c
b6dced2a
bb3878d6
b6fc6903
381760e8
369612b1
b9857f3c
3bb4ddbb
3755ac9c
bc4a547b
b8973b44
3b4b4fc2
b7dcc289
3acf772e
b7a18201
39dafc99
3c353dbd
b8edc395
bcba3500
b8d67b83
3c8223d0
36cef35f
3af17469
b8245d65
3ac572be
3b8e7e3e
ba8166af
bcd602db
b8be46da
3cd566bd
b809f626
ba27271a
b86e4153
3b81090f
3a41692a
bb3d1b52
bc4864a3
b88d620a
3ccdcb2a
379ec284
bbf02610
b89352b3
3bbd6f8b
bbede1bd
bbc50e91
3c868ca1
b889ac12
bb9f8b25
b8c8cbcf
bca127f0
b8b5f06c
3bda7ed2
bcaa2a43
bc2aba8e
3df3bee6
b840b29b
bd65ed57
b93b2f00
bd1f9cdc
b8fd41a5
3bd3aa96
bd464b05
bc7ebd22
3ea44df7
b886710c
be08da58
b995154d
bd857fe1
b911c792
3bdd23eb
bd595af7
bca5f6a5
3f0d870d
b9d4fc7c
be834697
b9232bf0
bdc53703
b91de756
3c89913a
be0cef35
bd4126bd
baa50b63
3cb81437
ba757c0d
3c6bc9e3
ba664604
3d665ffa
3c44d0fa
b7b2473f
3b04107c
b7579d79
bc49b48a
b701a467
3ab47b17
3d0a9ff9
b817d552
ba95aba8
b80cd2d9
bcd84e7e
b7c239ae
3b32391f
3d9cd448
b7c1a2df
bc8fadec
b873dcd0
bd263694
b8085403
3b7c6fc7
3e11eb30
3732de82
bd63f8b0
b8ab86e5
bd5eda87
b80e23ce
3b95a4ed
3e5dcd52
385406ef
bdff0577
b8f23341
bd887f55
b8167980
3b9a2610
3e93dff2
391a262f
be360548
b8c28cf6
bd876b28
38026603
3b88091b
3e8b7407
39930b2c
be24a033
364eba27
bd3ff347
3932e544
3b4ad800
bda2f8a7
398412b0
bda1b0fb
385b9342
bcb88e2f
393f136b
3adfeada
bcf2f9e0
391c7021
bcf06b2d
3824edce
bc08ad94
38e5dabf
3a20735b
3a10d1ff
b984c257
3d02840d
bd36702b
bb91af4c
3a61f934
bc11311c
bc81f708
3cd4f5bc
3cd8d972
3d0c71c7
3a7e641a
b9816d61
3d020cfb
bd071e6a
bb472786
bb09ce7e
bbe10c07
bbfd644c
3c4ed84d
3c67dacd
3cb99337
3af1d65c
b95f92cf
3cec14e5
39adf326
3a442adf
bc0cb9b9
bac3dc60
3c378818
bca6b562
bc884e11
bbc6d4e6
3b508565
b985c43f
3c8ebbf3
3d9f2285
3bff1356
bc9b9cf8
3c2c64df
3d349d23
bda95ccc
bd999bfa
bd74db16
3bb5a754
b9b4133c
bc082d88
3e622600
3ca3bf52
bd021b92
3d037153
3db991f1
be37059e
be299575
be11e1f9
3c0a2011
b9fedee7
bd443824
3ee1520c
3d120671
bd26c274
3d814698
3e0e31b2
be95c77d
be8a24af
be6e7ed1
3c442c2f
ba34dd6f
bddc1db2
3f3bcf06
3d64c24d
bd490cef
3dd5cd0a
3e479032
bedf1c18
becd9dbb
beb1f813
3c748038
ba6a5df8
be2e4791
3f819c90
3d9c1e82
bd71ecc8
3e1417bb
3e80bb4c
bf140477
bf093520
beef1f62
3c64f7e4
ba710780
bdfd04eb
3f71f69d
3d7ebb47
bcc4c421
3e03581a
3e330cd6
bee34f86
bec84430
bea13f06
3c5b1518
ba86a0ee
bdda03d9
3f6bb6f9
3d6b594b
bc2bfbe1
3dfaf89e
3e165aca
beca565c
bead8f75
be84a1cd
baad58da
3e00b618
b9fef6d0
bd604911
b8985ed5
ba98b768
b94aa8c9
39b7b98f
3e1cba93
ba994a74
3e166d41
ba10f80d
bd83bdbc
b87dd8fa
baafcb56
b95a77cf
3addf491
3ef17b07
bb790d2a
3ee8d964
bacac51e
be1925d1
b89938df
bba05f5d
b95d903a
b661818e
b909a70a
b73b980f
b9014cba
32a66611
38f16513
36b23a03
38695299
b595a2f9
b8c759bb
3c588ebd
b8c621a2
3c430ece
b86baaeb
bba6e9e1
37607711
380a4395
b76abe93
b8c27bb4
3cdec47d
b90c1b43
3cc7b9c2
b8eef27d
bc2c0687
3767f7eb
b8a2528e
b7e60850
b95e67ac
3d2d7678
b8ef4fa3
3d1a7da4
b93545bd
bc853479
375495a8
b93ce2b5
b83a4e19
b94edca8
3d71dd79
b9621cca
3d563cd4
b9746a0c
bcb8ce0f
379adb7f
b994a11b
b88ca78e
b97c5847
3d9e87b7
b9b7b8fa
3d8bdb54
b99a855b
bcf1c347
35c0561c
b9ae1685
b8c6c94b
b93911c4
3dc71ed0
ba1434c7
3daff8d5
b9baf8ac
bd185a73
b743b753
ba588e93
b9085c4e
38c9754c
3df0be09
b9e6d996
3dd74d54
b9dd42a3
bd3ae76f
b85683d2
ba8aa7c9
b93211e9
b9a492df
3e0c86d9
ba64bc91
3e00ab1d
b9feef9f
bd6034e8
b8bda0a0
baac62a0
ba37c319
3ec6a175
b8c6dbff
3eccc50a
ba0c8aa9
be746056
b9c398b0
38389534
3c8f9b90
b8d1371b
3c6becd3
b76e1d78
bc070978
3700b7b2
391e27c2
3d05d44e
b851f7a7
3ce3b2c6
b731a913
bc847d21
3761ffac
3960b723
3d2fae00
b76b7068
3d205cc9
b77646bf
bcbc688a
378da9b0
399ec85c
3d3a03f7
b75d5ef5
3d42110f
b74bfc20
bce75b14
3792b078
39d9578c
3d184702
b83c3af2
3d522a47
b66bd840
bd001a63
37750eca
39c31700
3c729f20
b982b038
3d4b5bea
b804d417
bd00a6f4
37191210
39d90495
bccf2cc9
b892a4fe
3d27a751
3726ec7e
bce47a43
36414da8
b8f452f6
bdb1ace5
b8f2b442
3cc02c7b
b7bcde1c
bca33601
35f0f1e5
3804354c
bd24109c
3805d34c
3c21048d
37918fac
bc2c6c93
3581747a
becfb943
3e3d6ecf
be15d057
bc25f701
3ec96a7e
3ee63bf1
3ed4aaa9
3d9dbefa
3dd501a0
3c9cac34
3c83c612
bedab667
3e440302
be1b14dc
bc27d2b0
3ed3fc97
3ef217c5
3edfcfa1
3dac0b9d
3de5bea8
3cb34e5e
3c93394a
beedd5ee
3e4fc6b8
be24bf77
bc2a9636
3ee6789a
3f0368c7
3ef3447d
3dc44fcd
3e00de7b
3cd740f3
3cab4ff5
bf034c12
3e61766b
be331245
bc31c299
3efe6703
3f10e7d1
3f06414f
3ddfc90d
3e1114f4
3cfb6f22
3cc4440a
bf108655
3e7a3ee9
be468904
bc412c06
3f0bf1dd
3f1f7a67
3f13c63e
3df3b4a4
3e1dfcfa
3d053a82
3cd0f086
bf1bd12d
3e8deb62
be5fdc3e
bc5ec4c9
3f16b70a
3f2c3808
3f1f60ce
3df0e215
3e1fc14d
3ce57994
3cbe9ab0
bf217caf
3ea444d0
be7ff5fb
bc8a9c5f
3f1bdebb
3f33509b
3f25556c
3dc2cc7b
3e0c45c6
3c4ca920
3c6d8d50
bf1ce49f
3ec199bc
be9412f9
bcb6c52a
3f16d738
3f2fe37f
3f20f539
3d212e72
3dac1508
bca9d56c
bba6c052
bf08684f
3ee77e83
beacafe9
bcfec8c0
3f020c8e
3f1c1d62
3f0c8897
bd84eca7
bc8e56de
bda05794
bd209460
befec978
3ef9cdc6
beb7f62c
bd0fa1c9
3ef1b419
3f1370bd
3f0387cf
bde7b1e2
bd837181
bdd721d1
bd61b111
b9d0b8d6
be016fa9
b9628f8f
3c4e100a
be41e9b6
bd0639e9
be6acea6
b94cb8b9
3f3558e0
b9a3b014
be30c7b9
b987acb6
3cabebcf
be8260bd
bd0cc70e
bf56354b
ba4e673d
400f60b2
ba329230
bf0d1c17
ba16c418
3cc2cf88
bf57f4a7
bd0d76c8
ba84ca68
b706d4bd
bb81bba4
b716f53e
384dceb4
36c319ed
b97f54e4
3be01a1e
b8442366
3b48b609
b7e21edd
bc6306be
b7c20e40
3b4eb913
b7a984c9
3ab17b72
3c3f4bf2
ba7f1325
3c4714c1
b894c646
bc8f3ede
b781062e
3b939470
b81fc80a
3ae21d04
ba83f318
bb3ec5b9
3c6302cc
b7f656c5
bcf596d4
38178fb4
3b076273
b8979e55
3b95fba2
ba8ecabf
bbcd8d4e
3c927c7b
b8bf5718
bcad9dad
37c58b82
bbd52284
b8b0f52a
3bb59820
bb1254a4
bc35fc6e
3c8b3735
b8ecf602
3d19dc66
38206d77
bcbdf44f
b8def6c7
3be5d05d
bd082cb3
bc8be86a
bb66d808
b8d7f620
3e0515f9
38be6e4c
bd4969d7
b9272e3c
3bf04903
bd98a963
bcc0b211
bd3bfcdc
b9821f16
3e997104
b8b3a5af
bdac748d
b958775f
3c672ec6
bdbb6b68
bcf40bcd
be0fbf40
ba10105c
3eebed54
b988e0b7
be016c31
b978777f
3c9abfb2
be17495e
3cecf501
3785e782
bd2f60be
ba54867f
3cee80a3
ba817f2a
3dd1d27f
3a949a47
b8aa2ae4
3bdd5580
37be5b0a
bc89ac43
b801ada7
3ae2e6f7
bb9cd916
b9349faf
3cb45ea6
38208fdd
bd15d24f
b89a2a8f
3b5b3f57
bcc71e65
b9876c4f
3d4d37f7
3838b375
bd71984e
b9014d92
3b999431
bd32e9ff
b99c594a
3dec710d
388520f4
bd9fb4da
b9080fcf
3bb0cc7c
bd83b745
b98acced
3e59e159
38e44a2f
bdb6bb7c
b8a4108a
3bb1ea86
bda75234
b92616e2
3e9a3afc
393c0c2d
bdb1b5c0
381dc64a
3b9e6811
bdc9f54e
b844e96b
3e851abb
3976090a
bd8bd632
392d6597
3b7a4ec1
be06b485
b8196562
be073858
393db881
bd20a9d1
391dddcb
3b08a484
bd2c7414
38736efe
bd2d7b75
38f8c3f8
bc46ebf7
39072f8b
3a3e4ce3
ba0d33aa
ba34c676
3cd76c02
3d0c6e96
3ac27f54
3b91ff96
3b15a7fc
bc7f4d50
3b8ee367
3bd2b917
3cd4f8e6
b8881751
ba4d9ed8
3cfca367
3d13b8aa
3b102942
3b1d7945
3b1b66c7
bc22a643
bb25484e
3a790500
3cb0dd6f
3a5d3f16
ba06a44f
3d2c9e44
3cfd79ca
3b2d896d
bb508cd6
3b0a7927
3b555028
bc8e2b35
bc2cfdaf
3c34b36c
3aee3ac4
b9ba3aae
3d83e488
3bc637c1
3b47c6df
bc45db10
b84d3100
3cc27632
bd122f4e
bccd4776
bae18241
3b48e2da
b93c76ab
3db96035
bd223f72
3bbb1d78
bd10468b
bb42c3bf
3d9245e1
bdb49ae2
bd99603d
bd5dc3fc
3ba7b762
397bf927
3dea172c
bddc2c8f
3c5403e1
bda43805
bb9dc322
3e26dd4d
be4be52b
be408128
be340d77
3bddba91
39fa72af
3e068d0d
be4850de
3cc826c1
be14d615
bbaf4e3b
3e963fe3
bebaa5e1
beb8a90c
beb9dc54
3c02f336
3a4385e7
3e1e6e41
be99ab27
3d017056
be498aef
bc259ebe
3ec8bd0d
bef5915f
bef6f5ad
beff203e
3bd14eb3
3a5cee4d
3e71cd45
bedccacf
3bee9cda
be0d7f11
bd227d00
3e872955
be805952
be710fcb
be7964b4
3bc2bdb5
3a6d545e
3e867371
bef309a7
38044ad8
bdf75829
bd493e74
3e66d58c
be3a653a
be272170
be27821a
b978cbec
bdbfa134
b896fb14
ba82393b
b8db98d0
b9aca7b7
3dfeba19
38446a14
3e504012
b994b8c6
bdde28a9
b80a2423
ba944482
b8f134f1
ba5a912d
3ed322c8
3a0c04a7
3f1bfcac
ba59abdf
be7f6106
b7eeab23
bb6a9a6f
b8f67c18
b700e718
b8e9367c
b8160e85
b93661e4
334b773c
3913e2f6
369e2772
38a20ae9
34d70d1a
b835bbc1
3c047dab
b899702e
3c94d7b4
b78fcde3
bc1cb7d7
378b1331
3881d0a1
36591be5
38229f53
3c89a8c6
b82cafb0
3d182dec
b819961b
bc9fe540
37a8a3f3
b8a4102d
35c03b26
b8233fd2
3cd97768
b8051632
3d6adc2c
b8759127
bcf4eb56
37ef6f7a
b905482a
b6eb1cbc
b81ef196
3d1aa8de
b8f6bc2c
3da22a8d
b8b170ba
bd27b0b2
37e17cf2
b908f7b2
b7bb0990
b89b491d
3d50335e
b923eaef
3dd24a2b
b8f3c049
bd582e1f
37975811
b95f6297
b8347df3
b8a9f7f6
3d875341
b89d6350
3e02eafd
b9217ac2
bd86244b
36da6a26
b9d1c0ca
b88b9590
b7c03bde
3daaf45f
37686f6c
3e1db95f
b94c7e8e
bda20b71
b7a66a96
ba0a8011
b8bcce68
b933558f
3dd3168d
ba07eb6f
3e386a99
b978c4c6
bdbf8fe3
b8a4564c
ba189717
b9e63ecd
3e74e129
b8e9d7f5
3f1c037d
b92c740b
bee20101
b92ed4c0
37c0d32f
3c72c968
b895b8ba
3ca68d67
b7b22af9
bc25d5b0
371133d8
38de7d91
3cede7ef
382d8fe1
3d1c11f0
b7c6afc8
bca24f22
3781a0f2
38bf323c
3d2bf15e
38d96253
3d4f83f3
b82a4563
bce5e94a
37a7641d
38895c02
3d58333e
3901adf0
3d622e10
b85dc58c
bd0c6537
37afccc2
384772c4
3d77469b
3915e055
3d47ee19
b874b2eb
bd1a5808
379b02a8
38d08649
3d81af16
397ee7f6
3ce7f53a
b8042a7b
bd195c27
37600c14
3878d16e
3d74eef5
39605b18
bc1b4e5c
b75050fa
bd059384
36edd670
b914aa38
3d4249ed
b914efb9
bd8ab2de
b823d356
bcb51a8f
3667d5bd
b85e8c51
3cbe7a0b
b85f172a
bd075503
b7765eb9
bc389d34
35a28abe
be89e05d
3ef2bd39
bea27dd9
bd1dae75
3e810472
3eabdbe8
3e90140f
be6fa27c
be3e6947
be1db286
bdac9d92
be930e6e
3efb2c06
bea8cfc7
bd22778a
3e89b31a
3eb65f52
3e998c86
be72b170
be3fd326
be210f3a
bdb031f4
bea3fe29
3f045bb9
beb359fb
bd29b3ea
3e99d9ee
3ec99e31
3eab05f6
be7530ce
be3fe21f
be2599ab
bdb50561
bebbf7f8
3f0c916d
bec0043e
bd31f9b2
3eb0d737
3ee49c90
3ec3b0ca
be746d34
be3bd469
be292133
bdb8586e
bed9c689
3f147ed6
becba252
bd387910
3ecd96d1
3f02d7e6
3ee22d2a
be6c5287
be2fbbca
be28892d
bdb66e75
befb9010
3f19cd8d
bed1de8c
bd3961a6
3eee6ebb
3f152f5d
3f023739
be577e29
be169114
be1fce06
bdaa7c10
bf0f5430
3f19897c
becd4769
bd2fa716
3f087e97
3f2795b5
3f13c58b
be2f710a
bdd50415
be0a22b4
bd8ef384
bf1fafde
3f102889
beb73bbb
bd160cb8
3f18eddc
3f37b5e6
3f23bdf5
bdda580f
bd1324b3
bdc359b7
bd395637
bf2c5a33
3ef33eb7
be88247b
bccdfa0f
3f263181
3f427f72
3f2f6d39
bc1b64d2
3d8328b5
bcff91a6
bbb842f3
bf33510e
3eddfabe
be62702e
bc9fd9f3
3f2d5f87
3f488fa0
3f35e20f
3d1e4316
3de924ec
3a055b87
3c65b12b
b9d163e4
bc12ef86
be164939
bc98060c
be01854d
b983714e
bdd35dbe
b91dcd6e
3eee9e35
b9db9772
bc12c8d5
be46ee86
bc9af43a
bed8df2c
ba4106d0
bebfdb94
b9a5de09
3fb6c728
ba64e9ad
bc263df4
bf18f0be
bc9a63b1
b97609b7
b6cdc0ce
bb2f4197
b64bc882
b9170710
364712f4
b8ca6c6d
3b48525f
b8651966
ba2b0fbd
b89c59c7
badb9bc2
b816a3ba
bb4974af
b882683b
ba847f99
3bbda1f7
ba74be2f
3a018696
b9178e24
3aa27d00
b84c3a64
ba79724a
b8ffea59
bb179fdf
bb0152d3
bb1abbc9
bb450d0a
b93b4d62
3a2048b0
b88b1999
3c3a8ad9
b9406263
bb29b965
bbf03c0d
bb91e577
bbac9295
b968be76
bb908da8
b8892cd8
3d203433
b9792e55
bb6b1532
bc8bda16
bbebb94a
bc658b47
b9858151
bc70630e
b8f4dc77
3db24239
b996b155
bb9bbe2e
bd107228
bc2af45c
bcec5cfe
b98ea482
bd1cc5d2
b90a7612
3e2204b2
b9b21d8f
bbb8a63f
bd84d534
bc6496e3
bd556a5a
b9ac515c
bd55a003
b91e92fe
3e80ff1d
b9c257b4
bbbecd58
bdc3a8ed
bc8e60b5
bda304e4
b9af32aa
bda95938
b9093bb9
3eb8cf71
b9d3d568
bc0bb7a2
be0ce9d4
3b59d03c
bac77904
3a5408ed
ba85c3f3
bcd9a099
bb356480
bd3d7d4f
bb824bd1
376b9279
bb2e9757
380a0e34
3d45606a
38203515
ba976454
bc0149bc
38214c0d
bb6e91cc
38925ab1
3dc970a7
38b02e5a
bb110ae2
bc4bad32
38b79ab3
bbc7410d
38ef808d
3e17e510
3917dbbe
bb449cb0
bc7ed93b
392dd355
bc1c9928
39303fb0
3e46bff1
396e3248
bb66128b
bcb455c8
39845be7
bcac4dc3
3962b34c
3e646ab5
39a388ef
bb6f38c5
bd041adc
39a9ed23
bd1a35f8
398329ea
3e5c8f8f
39c6a4b7
bb5ce260
bd26cb94
39bc82a9
bd307af7
398968bd
3e1320e4
39d8bcc3
bb2e4b8a
bd357eb7
39a01058
bd35829c
395ea32a
bd0336b6
39b9bfab
bace5de8
bc1ef90f
3947a436
bc1f00dd
38f5727e
bc176e4a
394e3670
ba1d1093
3b0195ee
b93bb6c6
bc1387d2
3a83fc60
bac8e75e
bb053216
ba434c47
3bc991a7
bb78894f
baf80152
bc104234
3aa4bc2c
b947eb37
bcb97eda
bb3a5214
bb04f047
b9213f7d
baa8107f
bb26a49a
3b7f1818
3a45b0db
bc14c07a
b9861138
b8cb0372
bd4f0a2e
bc313b70
bb384165
3b43c6ac
bb0d4db1
bc9ca9ec
3c8fce8e
3b8a8b56
bc3e03aa
bb345f29
b739da75
bdbcda0f
bcbe4c17
bb8d0a33
3c070b64
bb6775a0
bd384b18
3d22911b
3c2f103c
bc616f1a
bbc37553
3842a9cb
be167353
bd1f3615
bbc45895
3c7e2d65
bbad21e1
bda30a9f
3d8e171d
3ca2a7a1
bc830a89
bc216e40
39234ed7
be53f488
bd7899c8
bc154e29
3cdfc35d
bc09937f
be01f1ba
3ded52c7
3d322c3f
bb9a63e0
bc6571eb
395f0300
be8498ab
bdbd7ecf
bc6f0641
3d3b154e
bc67cca1
be400f61
3e3e0b48
3dbd4897
3d08c469
bc8d8a95
39849ddd
be9211e7
be07c4b6
bcaf6687
3d881558
bcb33e3f
be7d7eb9
3e881771
3e2322c0
3dc0d3ff
bc9326a0
39a4c44f
be831734
be3523db
bcf1902f
3db269d9
bd0197ff
be952cb2
3eb0da47
3e7c255a
3e3c9279
bc96d0e2
3995d47c
be802bac
be40690f
bcffc7bb
3dbcac33
bd0aa32b
be9ac756
3eba8fed
3e882961
3e5256b6
b809704e
bae4b175
b95b6435
b8b469ff
bd4424a4
366a7494
bdc59268
b9b9ae2a
3e098379
36aec754
bb100c6b
b9640436
39116423
be28abce
391dc766
be992cc2
ba66d0c5
3e998c51
361ba60e
bbe601e8
b9650a5f
360bc24e
388c5e24
37a8c9a7
389ca958
b3a33f43
b921e39a
b60cc056
b87dedf2
b60b33b4
b89b783c
baeb7959
b878756c
bc020555
b896ad6d
3c559d56
b73aef63
b8927c54
b7d677d2
b946cf9e
bb822532
b92d61d0
bc84d839
b912c200
3cd936fa
b7869f6a
b8f7c293
b8490c6a
b987d30f
bbdd9beb
b9882943
bcccf473
b9544356
3d25b5f5
b7c91f21
b92e86cc
b8938adb
b993d94d
bc2b2e94
b98f597b
bd0da972
b9860f99
3d61ab1c
b7c35e08
b9a00f6f
b8c6dc71
b9b749c1
bc7a35b1
b9aaca43
bd385de9
b99bce7b
3d905705
b7e21ca5
b9fa3e31
b9014f6a
b9caa2be
bcaf8799
b9f62d88
bd6750c3
b9aaeef6
3db13bef
b7e4e093
ba453cc5
b9247c22
b9d488a6
bced3728
b9b7dea3
bd8d378c
b9b43763
3dd30e63
b77d3f26
ba79d0e7
b94ac60b
b9695d35
bd1b1662
b994ff14
bda8a93a
b9b85589
3df4c972
b80eb1c7
bad92027
b91b2a21
bd639034
b9ae6018
be883c85
ba331181
3f1928b2
b7114fb5
353146e8
bc11f993
388a19d3
bc0ee101
3810d749
3c35e5ae
b5f81740
b7e0e126
bc8fa856
37e62f4f
bc8a5879
386a3783
3cabbee3
b64761ae
36b76848
bcd10300
381b1e5f
bcc420c7
38b3af76
3ce2df16
b670f79b
3880b229
bd047f3e
38ef1400
bcf00cf2
38f02e79
3cf43d8b
b66b391f
38bd6151
bd19028f
38ca72c5
bd0494af
38fe2295
3cd216d8
b6442542
38c6acc0
bd224961
37f95702
bd051b54
38e14ffb
3c5bcb3d
b605de2d
390658ae
bd1b788f
39037864
bced9444
38c68ec1
bc0f14a5
b544c335
38f8e3a1
bcfd2591
38f8ecdd
bcad2412
385933db
bd2eedb9
b31d33fc
3904c3c3
bc89251b
3904c5f6
bc043aac
38469d51
bc95ee83
34a5ae1b
3d97258a
be6f48ab
bcd1ba1e
3bf7c042
bd94d9eb
bdcd700b
bd864287
3e223465
3dc86d35
3d535553
3c958b16
3dab8a25
be75623c
bcd02efe
3bf9460c
bda8c12c
bde415dd
bd9a7db4
3e219a90
3dc397cd
3d4fd603
3c8e4eb0
3dd29c34
be7efded
bcc9b93d
3bf99868
bdcef864
be07935f
bdc17dd2
3e1eb469
3db849c7
3d476400
3c7f5b97
3e05823e
be85b0cc
bcbaaf64
3bfb35cc
be031058
be2691bd
bdf9ff49
3e1948b5
3da65919
3d39c3b6
3c530232
3e2929d9
be8cbf40
bc9ca7f4
3bffea01
be25dd6b
be4da78f
be20d7a0
3e1120c5
3d8e0396
3d274cb3
3c19745c
3e524b2e
be94042d
bc4b14c0
3c047e28
be4de913
be7a98f3
be4a6ed7
3e0617ed
3d614560
3d121c32
3bb5beb9
3e7dead1
be9ac6ba
ba652021
3c0cc26a
be783b20
be950e5e
be76ef3d
3df0f0a8
3d2150c8
3cfad119
3b098dcb
3e93e4d1
bea047c8
3c90eefb
3c1c2f5f
be90440c
beabd0a0
be912005
3dd2a65a
3cc6f313
3cdac4df
b9615bf8
3ea507fb
bea3ccbd
3d3db181
3c36738b
bea07d8c
bebe6ab6
bea36235
3db4da1d
3c523e66
3cd4066a
38c066cb
3eaef492
bea4aa07
3d685032
3c3de379
bea9f0aa
bec8fcb8
beadba68
3da04394
3b6b5fe5
3cbd49c3
bab21273
bc831613
bb415de9
3c4f5076
b8788c17
3cb3be74
b84204ee
bc3e4e9b
b8085209
3e053f87
bc9ddbc4
bb5bd758
3d12c90b
b926d097
3d99a78b
b8ec643e
bd20a766
b89a8373
3e14962a
bd8a0c15
bb62ad39
3a091073
36991ba6
3ac7a978
345d1e59
b6113ede
b6258182
b8d45670
3af75aaf
b7d3822b
b96e5b3e
3626678d
badbd7ef
3691bef5
b8a93f5f
b6c84383
3c4a22b9
b8d7fc68
b970c429
39f6ac89
36b9e796
bb01ecb3
358ef3f8
b958387c
b72cad80
3cd0dc5f
3b8c9ed5
b9a647d1
3a188cf0
36ef208b
b8404b53
b5e77922
b9e413d3
b76e898a
3d1ea039
39b27391
b9e0c5a3
3aae2787
b670a858
b94314b8
36b25b08
ba6ee5f5
b78fe454
3d5741b4
39dbb5de
ba2c533d
3b28ea41
b662e428
3b71c5c9
3630a923
bae74617
b7aeb479
3d89a7d0
bb90e77a
ba876735
3ba9919b
b6ecefe0
3c66a9b0
3694f94b
bb4cdc0d
b7d10760
3da98278
bbbfed21
bacae1bf
3c152b4c
b80d25c1
3c17b204
b7c6b120
bba6bb64
b7c37da9
3dca23ef
bc5acc13
bb1786fe
3c3a1ce6
b85f168e
3c0e565a
b874dcd3
bc021d4a
b7f818d4
3de93841
bc45ad9a
3b87373b
b9a7489a
3a5dfd97
b9552d75
ba475356
b92b0238
3f341182
b994bbec
3785bdab
39da2040
3690b026
b9ecac5f
36c0db11
3c506b91
b86d2e30
37fc64ee
3a85630d
370701a2
ba855eec
373b7db2
3cc715af
baa5c1fe
3810eb1e
3acdadec
36dee637
bb1c5942
3726ee6e
3d068185
ba58f1fd
381988a7
3b8eb504
36f05414
bb6df5c9
37347661
3d176986
3a0f7103
380f6c97
3c11754f
36e5a9df
bba01861
37363f10
3d0fcd10
3b1d8116
37f9838b
3c67ca35
36c60976
bbbf5e84
373a68b8
3cd1cb0c
bafb5d97
35528767
3b91d4fb
b74558c8
bc0ad6dd
b72f8f8d
3bdc5abe
3abcf544
b70e485a
3abb3177
b7893328
bbff95ef
b76b01c3
bcbf66a5
bb0eb371
b60dd69d
bb0f2470
b6f82a6e
bb6a7493
b6bfdaf0
bc037e1d
b8e25bb2
b834f72e
3e886102
3d19d4be
3bd5d1b7
bc41492c
bbdb5d38
bce3c972
bcdb1c68
bb89aada
3dfd15b8
b8d07aff
b84084f9
3e8be420
3d1be221
3bdb7ae4
bc459b7c
bbe26273
bce9cd8f
bce0cb3d
bb858391
3e024ee3
b9177629
b85ed483
3e91a569
3d21648d
3be85378
bc50e6ea
bbea62eb
bcef0c12
bcee2f4d
bb9d4228
3e072cf8
b93021bc
b88c9216
3e9978b5
3d235d4a
3bf31a12
bc5c922a
bbf9d995
bcf84e5d
bcf98edd
bb9c13e3
3e0ebb45
b942a8af
b8a8536b
3ea208f3
3d282397
3c035a12
bc7725f0
bc026758
bcf4618e
bd0db1fe
bbef5ffc
3e140efd
b91dc3f0
b8ac818e
3ea9f0d1
3d31b370
3c14bfa6
bc948bd5
bc008921
bcd4f8e4
bd32f897
bc78a1cb
3e138bc7
b7b45335
b8d1d4f9
3eaf8058
3d40d6b8
3c2ee2e0
bcbba0fb
bbe9ce23
bc92237a
bd706a28
bcf1d04e
3e0a66cb
38f998a2
b8e8527e
3eb363cd
3d3ae2a4
3c318ed0
bcc422a0
bbf1e92b
bc844e3d
bd79de95
bcfaafdc
3e0c22ca
39958cf0
b8f69d15
3eb0ebb0
3d3e6cf6
3c32ee91
bcc80926
bbe3b6ad
bc550f7b
bd81e79e
bd073fb7
3e07b911
39a24787
b915e633
3eb1ae38
3d354e77
3c2c7bc8
bcc0fcf8
bbf37d98
bc6e5640
bd76c747
bcee50e4
3e0bdce8
3d44bc8f
be500c80
ba7cfdfe
be67407d
ba099c2f
bdc4def1
ba7bd112
bc8f0787
3f0cbc35
3d3d1e28
bf291cdb
bb42ac9b
bf35269d
bad6976f
be97486e
bb0d0220
bc9c5b07
3fd42f79
3d3a674a
3b0e4551
377e0b0e
3bd8b2bd
377e6652
381517a9
b702f1e5
39d82343
bc3187c6
3881166a
3ba7a54d
b81363b3
3c0e6365
b7e6d2b6
ba503467
b8c17772
b98ad024
bca32d8b
3ab88343
3b40f299
b8b00f78
b89dad13
b90b4561
bb3971d8
b94e2cc3
b81fb767
b9a6d2cb
3b8ff179
3bb555bd
b98f60d0
ba73f6de
b9738450
bbe5864a
b9975d85
bb625344
3bd4c81d
3c1e1aeb
bbcec086
b9c304f1
baf0b718
b9c44efa
bc643ef2
b9d639e1
bb8b79cb
3ca74356
3c8ebc90
bc62311a
ba0dc64e
bc103e37
b9c95319
bcc5dc48
ba076a2d
bbabe34b
3d82533f
3ce09e76
bd0bded7
ba478fd3
bba2af46
b9e1c4e7
bd1a6f7a
ba1eaed1
bb769330
3e08aa55
3d1d6d61
bd986a20
ba313608
bd51f53b
b9d55ac4
bd5f2eb3
ba424624
bc513de9
3e4efb97
3d443f79
bdd51882
ba45f184
bddde6f0
ba2ca42c
bd98ba16
ba66bfc9
bc12c06a
3ed3ef5f
3ae180e7
bb353f5c
3c5dd90d
ba94c15a
bc06ba78
bb8cfd4e
bd842051
bbc8839c
b7dc3baf
bbc443d2
b9287231
bc3b6279
b8db1128
baa18cf8
bc31b608
b7f8daa1
bc5dea8a
b9997907
bca7b430
b9378b46
bb21585d
bc54f3c9
b79aaba4
bc7b6ab1
b9c6718c
bcd9c4cc
b94d8bb5
bb6d935d
bcc300de
3692fc3e
bca5d3ac
b9dab745
bd015da2
b9406b44
bb8e9caa
bcf565e2
388ba42d
bc7aacf0
b9c6bdd8
bd034257
b8e55e4e
bb973127
bd36e6ec
39099b80
bcccef72
b9a1c39e
bcff45c8
b7c2a6c3
bb8f00db
bd93c865
393ac12a
bd984890
b983146e
bcffe1f9
378330b5
bb7de203
bd41c857
39950ffc
bd41da22
b8ed040b
bc6a2989
39105ecd
bb25da1b
bc3b1269
3940df37
bc3b360f
b83a3c27
bb4fbd2b
38b557e5
ba75e3fc
3b456839
39fc5506
bcb77060
bacd1877
bb027f46
bbbcd91d
bab518fe
3c224a47
bc483e87
bc5c7de8
bccdf211
3b516b6b
39b0f4b0
bc848365
bbf3ad35
bb5b7c16
bb5c7a48
bb399b99
3baeb874
bb1339b3
bade2682
bc4e5b1c
3b47b507
b8328533
bb979931
bc93d465
bbb9473c
3b1dd6f8
bbac79f6
bba1cfce
3c9dcc3d
3cba8d73
3c61a197
3b5e8870
b9c81eb6
3c187f2a
bcfb6402
bc052227
3c0a09c2
bc0d437d
bc83d03d
3d326069
3d523d1b
3d3174a6
3b6e250f
ba62297b
3cf20f81
bd5e6c77
bc4b9109
3c93ee7e
bc627e89
bd0be4b7
3da83433
3dc34a1e
3db817d7
3b6b959b
bab43f5b
3d523162
bdac70ae
bc8cb991
3ce2c2bd
bca42977
bd5a1206
3dfb7b06
3e10dad2
3e0d5213
3b562f13
badf13cf
3da40246
be0451be
bcc23895
3d2e2647
bced820a
bdae6d22
3e3eb1c8
3e584a58
3e573102
3b22ec3c
bb05b955
3e00513e
be4d27f5
bd1a7305
3d9c844e
bd3a77b8
be20f596
3ea23a0f
3eb48d71
3eb69ab5
3ac78021
bb174141
3e1d2a1e
be7ce14b
bd3c9b9d
3dc9abfe
bd6523bb
be5039c6
3ed04444
3ee21bfa
3ee86726
3a9b5ba2
bb1bf3bd
3e24a1cc
be85b650
bd485626
3dd75be2
bd716a43
be6037df
3edc59c7
3ef1c095
3ef71715
bd3383ff
b8f086bc
bd0e5eae
b8d020ad
bc8fb1d1
b920a69c
bab1cfcf
3dd68bb9
3cbd0cfa
be2f741c
b9e98279
be26979f
b9888b7a
bd789ade
b9c004c6
baf434f0
3ecb4626
3cb9b8cb
39d716a7
369630a9
3afa7c67
365cbeef
36c8e740
b60aa844
38e0b15c
bb3e8f29
b85a1844
3ad598b8
374ae506
3b3e87ed
375a7f34
3a4727db
b6d2dd87
b916d687
bbdc9f68
ba029f26
3ab61f74
37bc8c6d
3a95be1c
354ba974
3aac4d11
b758a297
b8b7726f
bb6a2421
ba00ad6d
3b90370c
b78ce068
3b931a38
3583a67e
3ac48632
b7be0a8c
ba9b7293
bbea73fc
395295b6
3b161e12
b80fa650
3bd7ca03
b7fa33f0
3a983799
b814f2d1
bac1b8c2
bc1250cc
3aecadb0
3be5de18
b895b17a
3ba2ba28
b541060d
37695f32
b85d099d
bb09b5c9
bc168542
3b96599d
3af64ac6
b8175a08
3b7b6c55
b75d6684
bb179649
b8a79047
bb1a8b5e
bbcbe7b7
3c12e845
bbf7fd3e
b91f9e03
bc0bc32c
b8c0265b
bbc6eb24
b8c6b6fb
baa4cc15
3c48b338
3c8196c3
bcaeacf7
b9100988
bcd15a06
b854482a
bc38482e
b90480e7
baf07aab
3d6e5ee6
3a18110c
b888c800
3b814bc9
39d567e0
3be9b539
b9aed6b6
bca843e9
39a86454
b8043fcb
3a0b4977
b7d4ba63
baf8447e
b81a1159
ba13599e
3a09ec9c
b878dfb6
b9cf4146
b847a90c
bb6983d8
b88fb48c
ba92a33f
3aaf49f5
b8b7b069
ba503421
b886923f
bba5a0b6
b8c041b9
bad6c56f
bb86e4a0
b8fbe99a
bc010431
b8aed9c6
bc004efc
b8f808f9
bb023fdf
bc4c0ac6
b91e06c0
bc94cc05
b8d2904f
bc39c970
b914befe
bb0ade63
bcbc3269
b9237016
bcc4f70a
b8e48e5f
bc60a9ee
b91bf594
bb0124cc
bcf47dac
b913a641
bce5bff3
b8cdaf1e
bc5e7ea1
b9066f7c
bac9e252
bcfef00c
b8cc3916
bcfee92d
b891ca54
bc2e2b23
b8b8c5d2
ba81a0ac
bc3d9b01
b8071aa1
bc3d9425
b8011f79
bb806f5c
b81149a1
b9c7c3d0
387100fa
39d2cd18
bc34aaf3
ba02ceae
38c05811
ba5e0818
39ccec6b
3b0b12c8
bb53a3b9
bb9e82a4
bc15535a
38eccaad
39d09b11
bc32641a
b94d2398
3878a40b
ba9701cb
3a031b50
3b390f27
bb87f44b
bbb87ee5
bc2300fb
395c111e
39cad15b
bc28682e
398c8907
383077fb
ba98fe4a
3a0e9eb8
3b531a15
bb8c2d4e
bbb42877
bc1f1f6f
39ed4084
39ce7c1b
bc215fa1
3adbaf59
38c7de86
baba716b
3a154b1d
3b874177
bba9d611
bbc13906
bc29595a
3a0fe08e
39a6cdff
bbb77f3f
bb1aa5c5
ba96f18b
3aa27482
ba342163
ba73f6f0
3b9a1714
3bb25ef7
3ad989b9
3a2ccb8d
39b5cd86
3b8be742
bc6cd741
bb8386a2
3c06e8e0
bb7e2dc1
bc7f7498
3cf9edd7
3d0c7927
3d02f298
3a1db50a
39a63c54
3c9fecf8
bd167dec
bc097b37
3c99104d
bc18086c
bd1acdc6
3d92d6cd
3da13760
3da1323b
39dd576f
39864edb
3d1cfdf2
bd8791de
bc64f693
3d007d80
bc82ff07
bd879afb
3dfb923d
3e093bf5
3e0be24c
3955d8ca
39976b20
3d6ac031
bdc66bce
bca3ffd1
3d3add08
bcbcb739
bdc7c7c3
3e36b2aa
3e46bf5a
3e4b7358
389e0df2
3980ef6e
3d847ec8
bddecc54
bcb5e75c
3d508484
bcd340ff
bddfdfbd
3e4c8007
3e5db31a
3e6445ca
ba04e9b2
be83f7ef
b985dd42
bdd21b88
b963569f
3c4bac78
be3fb2ef
bcb7d860
3ff75cba
ba967010
bf7d6406
ba660759
beb44eda
ba10200a
3c101a1d
bf0eff20
bcbf80fd
ba014d0f
b6615f27
baf0651b
b6afd38d
37c028be
3645d238
b90468a5
3b7197a0
382f3dea
bc0dd142
b8515596
39b3637d
b7938a59
3b35f392
b78f9860
3a104b8a
3bf1ef8d
39be517b
bc829708
b8a67474
3c004555
364ff103
3b99db77
b81d7200
3aacdb92
3b634d4d
394f64e1
bcc48b57
b8a92462
3c82908b
b78155ee
3b9c9161
b8690665
3b5d9849
3b85dd9f
ba3279f7
bcbc2447
b894bde4
3cbc8975
38179544
3aedec5b
b898aaf9
3ba93c50
ba2bbc87
bb242509
bcc3e538
b8b1d4da
3c978a09
b8644c40
bbb6b1d0
b8bfd5da
3bcce346
bc101208
bbb3bb75
3cc9a88e
b90cfe56
3be3eef0
b8881b9e
bc9bd0f1
b900e1d3
3bd8da9e
bc84699d
bc1c0b56
3e12651a
b924e438
bd3cca53
b8f7ff7d
bd2252e1
b91d4ca6
3bb0294a
bcae59d7
bc6d4cdc
3e7d028a
b93819e1
be10d812
b97a6b98
bd8a999f
b955496e
3bcd0c24
bda635de
bd026b19
ba5acf41
3bd8c97c
ba25ea54
3cd51c07
ba6100e4
3d4b8437
3a6b02ea
b890abe5
3beb9e88
b6dec0ac
bc02dd2b
b80cc55a
3ac6af91
3c07ef56
b90c4713
3c45c07a
b79a0e2e
bc91b72a
b898251c
3b43da2d
3ced3c0e
b93e3dcc
3c1531c3
b8197413
bcf03c6a
b8e78aae
3b8ba3b1
3d8f926d
b960004d
bc0bc34b
b8798e66
bd2f319e
b917e1a5
3ba88b88
3e04932e
b978b242
bd60d851
b8d0b828
bd6e5b43
b9419c61
3bb2d860
3e5abf71
b96a79c0
bdebe83b
b8f2f0bc
bd8ce597
b942577c
3ba5d38c
3e8ec9b0
b938ee75
be33ae62
b8f054f3
bd9204d0
b92340bb
3b833e04
3e53619e
b91dca4a
be4cd9ad
b90263d4
bd85c1f1
b91e97ad
3b26379f
bdbb57b5
b87da2e8
bdbabdc2
b854b055
bcf4b36f
b8802d87
3a689bb2
b7441b71
b910625b
3cb6969a
bcf236cf
bb5ec986
3b404508
bbd0be56
bc91f9e8
3cccfe78
3cc8851d
3d0129fa
39b96c98
b9080e51
3cc60c01
bced607a
bb3a216d
3a39156b
bbc7ce7d
bc54b56d
3c963318
3c96198a
3cd20dec
3a66a562
b8153cbd
3cd6b45d
bcacbe25
baa0db41
bb8e65bc
bb91acb5
ba42c1a5
b8f109a0
3a83e160
3c146286
3ae707e0
386a27b8
3ccebea9
3bfad77e
3b13811d
bc50f5c4
3a1bddfe
3cae2d3b
bd16e256
bd08f379
bcbec82e
3b635f69
38aeb7d1
3c840850
3d9f1ae1
3c197ada
bcc71add
3c3fc869
3d6339da
bdcc3d22
bdbe7e73
bda1547c
3bbf8e61
3906834c
bb66a605
3e5523e9
3ca1c677
bd108e30
3cfaee29
3dc591c6
be3c3b3b
be2ea04d
be175f64
3c15adaa
38e8986d
bd2f8499
3ed921e4
3d11353e
bd3e065f
3d7af5f8
3e17aa5a
be9ba3c5
be8f88a3
be7a9c03
3c539a61
38bf24db
bdc832c3
3f35490e
3d5fa490
bd5d9c17
3dce77cb
3e4dde4c
bee11337
becf4a8a
beb41c29
3c8070fb
37ca34ec
bdff92ee
3f6c2aa2
3d82f559
bd28d700
3e01c8e8
3e515d69
bef873f1
bedf4fbf
beba74c1
3c71a667
b7a57893
bd91e9f5
3f57ea38
3d441103
bae8a4c3
3ddcce56
3df2d779
beab694a
be8b998e
be4542a9
ba48752e
3dfb7225
ba010584
bd47790e
b8d728d0
bac75e13
b912a613
39f3f3fd
3ee44778
bb27ea40
3ec5781e
baba9016
bde8f201
b8be5d4a
bba9c40d
b91a725b
b5f859f8
b921c5b8
b76654b1
b9043e2a
3328c523
38b943bb
36cab843
388556a2
b4dc8a6e
b89f66ac
3c0cca83
b8b0c41e
3c118b7a
b82be17b
bb7806d3
37635f8b
384ff514
b6a1dec8
b85095a2
3c93ffe1
b8b4f5a5
3c964dc6
b8b0ca4c
bbffd8e0
3799c6d2
b79a55e5
b71b1b80
b91f55d8
3ced216b
b808c4de
3ceb0fa5
b90843a6
bc464ec5
37c97208
b91ee84d
b78da26b
b92d3c61
3d2b33b3
b91a33f7
3d25296b
b93c6c0b
bc89bf86
37faad0e
b9805061
b7fd11dd
b978e4ba
3d6990ca
b992e661
3d5ae3cb
b976f8c5
bcb485af
37b19883
b98ab1f1
b849236d
b97ec598
3d993ce2
b9d827bd
3d8beaff
b99b70fa
bce40b67
3737e8e8
b9f88f7b
b89285c2
b891dcae
3dc23de2
b9c0b0ad
3dae00fd
b9bd37ca
bd0c48b9
b797e0da
ba2ab896
b8c87b26
b978ad5d
3deecd12
ba024e68
3dd3677b
b9de8e05
bd28e019
b865ddff
ba71459e
ba2e3e71
3e832b2a
36fccb10
3e99f19d
b9cd480a
be35d3b2
b9b9291c
37f670d2
3ca86f93
b8ab7695
3c70e902
b7b33328
bbcf5e36
3738f274
3900636e
3d2280af
b7764075
3ce9c1d1
b7ba3cff
bc4c44b6
37aa3189
390d070a
3d6431b9
b69bac43
3d264311
b82caf89
bc924886
37e1cac9
3923f05d
3d88bcc8
b8a898f4
3d4c8491
b86f8c34
bcb5a630
37fc5ed4
398a90c1
3d90738d
b903aa6e
3d6388d7
b84d629d
bccc9cdd
37f1887b
39cd2156
3d838b51
b927c7d0
3d66de4d
b8095355
bcd30d5b
37c18cb3
3a0e92f6
3d3699f0
b8531741
3d51a932
36d58a98
bcc44bcb
376e5261
3980f7ce
3c00b812
b92cd792
3d1e8812
b825dfff
bc9b2a38
36cf7e13
b97f33bf
bd4c9f29
b97ecacf
3c8ee5e8
b8a376fd
bc2265d2
3602f5c9
be8a194b
3e223da8
bdfd94c5
bc2b1fb4
3e85583b
3e9b070d
3e8dd46d
3cb96682
3d2f7d4a
bba28398
39d50117
be960c94
3e272fb5
be03efb3
bc2b201c
3e90e9bd
3ea7de95
3e99fcd0
3d02e238
3d598492
ba958b50
3b3ba102
beac2845
3e2f854f
be0d3da8
bc29181c
3ea66679
3ebfa1e7
3eb0873b
3d4c12fe
3d9431bd
3bc5d966
3bf1ce4a
becae79f
3e3b36e1
be1a5a71
bc273ce4
3ec44dd6
3ee0b58b
3ecfe32c
3d98adbe
3dcad8d5
3c82d316
3c5f73df
beefc21b
3e4a4e6a
be2ae538
bc26cd4f
3ee8200b
3f0437ee
3ef57c52
3dd384c6
3e056d50
3ce0a1c9
3cab4c1f
bf0b7cab
3e5d2150
be3e97d9
bc291eba
3f07172f
3f196973
3f0ec2e5
3e06e1fc
3e255f04
3d1c6d78
3ce3c2d7
bf1da842
3e74771c
be554fd2
bc3233f1
3f18aba6
3f2d31f5
3f215999
3e1d3d58
3e3e82e7
3d3917e0
3d04b7b2
bf2ae96a
3e88dd25
be6f35e6
bc47e1d1
3f255f0d
3f3be720
3f2efc61
3e23fb2d
3e477a99
3d341f38
3d02bc8a
bf2ec7d1
3e9b8b81
be8647bc
bc7aa983
3f28c4d6
3f40e3ba
3f331cf5
3e0efbc4
3e34c5ee
3cf1e692
3cc11dd8
bf23b4d2
3eb3c032
be970dc4
bcac63be
3f1d639c
3f365eec
3f281bc6
3d9eb340
3dee8ce3
bbaa5048
3b4ae0ea
b9cdb4de
be137d27
b9ccc128
3c54f07b
be77e0fa
bcf42948
bef8a349
ba8f370e
3fef1b50
ba4a2bdd
befbed2f
ba6d8d93
3c7af300
bf576189
bd001262
ba66c95f
b688e909
bb03f946
b63daa8c
381422fb
36823ba0
b925682e
3b5fd5f0
b7837a08
3ad1526e
b7aaf18e
bc0b5a95
b793d9db
3b93fd31
b7b3ef73
3a83aca1
3bdeebad
b9cd9f68
3be377b8
b861acea
bc53484e
b7178cdc
3bfe1cdc
b83d295d
3ad2cf61
3a26d84d
baad5b41
3c141341
b8402c83
bce02a36
36be2c4d
3c066dfe
b8a5363e
3b5beead
3b0318c8
bb4c781a
3c80536e
b8da7f89
bd10c562
b7c104d1
3b7a41c3
b8eda67c
3b81f818
3bde5cec
bbc24930
3c9ba8f7
b906bfc5
bc90c5ed
b62e7cf9
bbf56033
b9230374
3bafe68b
3a588c6f
bc1eddc3
3c2644c8
b91cba8a
3c89f5be
b849681a
bce14c60
b955bd09
3b9af88b
bc8d3275
bc6aa69a
bc5b3f49
b96b9871
3e13db51
b8763ffc
bd6a4e69
b992d194
3c249286
bd2e5137
bca33a83
bd24e923
b960839b
3e9eab9a
b8ac2d9c
bdc5623e
b98c1996
3c06663e
be1a4c7a
3c8993cd
b9b11f88
bcb9a54c
ba1b59f4
3d2d8a28
ba8c87ee
3d9409c6
3b81fd85
b89f162a
bba2833c
b80cd415
bc4330ed
b8904a29
3ad221e5
3b32037a
b92a0397
bbb6d037
b89bbfa1
bcdd9f95
b91c05b2
3b4c5d72
bc13d507
b986bc42
3ac4c3d4
b901f91a
bd3e80c0
b979f220
3b8fe3c8
bcb4c519
b9a97b51
3d25f8f7
b925abbf
bd888d53
b99d29b8
3ba9c436
bd155bca
b9b2b42d
3dfd950d
b9242d27
bdab5ac3
b9a0d4cc
3bb17895
bd55295c
b997c2d0
3e789bb1
b8fb1cb7
bdbe7ec7
b98314eb
3ba58bf0
bd912ee8
b9543521
3eb16279
b85ac1bc
bdba225c
b919e290
3b8c5228
bdeff74c
b939caeb
3e86d4a6
b84c0e96
bda5be1f
b8f580e3
3b3caa05
be0d70a6
b928a963
be0db51d
b892041a
bd3a279d
b8fd29e4
3a9965a0
b95de3fb
b95e8a4e
3c4814d6
3ca86f87
3a321436
3ada1fad
3a809c74
bc40fed7
3aa993cf
3912b2e5
3c48a1ed
b972a250
b9aca7c3
3c8210f3
3cc90640
3a5e4bd8
3b10d37d
3aa477dd
bc3a95d7
3a8ad341
3ac2375c
3c763edd
3a0ffcaa
b930621c
3ccf0e07
3ce54b1e
39e01a00
3b2b342e
3a8ae381
bc27a294
3ac93ac0
3bb50602
3cb09824
3ab34065
b9aefaa3
3d374d14
3c9b609c
ba1ade59
3b6bd181
ba867774
bc17c6e2
3bf6db8a
3c894bcd
3d166d3b
3b2a65eb
b9297750
3d8f523a
bb505302
ba491839
bb824727
bb663e47
3c041f7d
bbbc5112
3c17974d
3cfeaf37
3b895718
b922f364
3dc13413
bd2c565f
3b4f9e47
bcfb100b
bba63bc6
3d850ecb
bd939ad3
bd60cdba
bd128abf
3bd5c647
b8897222
3de30685
bdc9adf2
3c5f1fba
bdaff4a1
bb4e9e58
3e3719a0
be5f7fda
be521808
be492496
3c1210d5
b896de9d
3df4b9fb
be34ea89
3cf42233
be29443f
39aebc0d
3eadb740
bedc5633
beda65b2
bedf1a52
3c262491
b89fb650
3e1c2591
be99a5be
3d0d3f24
be5ba288
bc07f076
3edd7acc
bf08304e
bf08c570
bf0df5ae
3c138bd9
3640a64f
3e7527da
bedfb257
3c1857cc
be1c4eb8
bd1fa8bb
3e98b1bc
be95a024
be8da714
be93390f
b9b4a80e
bdb2f39b
b8b9cd6b
ba6753c1
b8e31893
ba93cad4
3eae16bd
389e1194
3f097dce
ba8f05e1
be4f1567
b87ed47d
bb1d0009
b8ed37e7
b72ca5ac
b8d5052b
b842727a
b94c4a79
33c58124
3908c0e1
369557ea
38aae5ea
357e7cde
b81a75a4
3bc3e8eb
b88dada2
3c4fb932
b6bdd7e6
bbf10086
3780cb5e
38a0beaa
371ca9e5
388c0289
3c4d5956
b70decc1
3cd71a37
b77b0568
bc76d452
378bc46c
b8a4c602
373f30dd
b7bf2a96
3ca4057f
387af3da
3d28bd9c
b7f4f692
bcbdd564
37e57fed
b9087f17
36b2a711
b7473f05
3cec5e46
b87b282e
3d6de68a
b8581006
bd02a1fc
37faa41c
b90c47e4
b70e52ea
b815c2e5
3d2151bb
b8fbf842
3d9e0ce9
b8b2e1cb
bd2962f5
37ccfe48
b914dcb5
b7e4f57d
b840046c
3d549b9b
b8ceb383
3dca4132
b90a3472
bd538afe
37901cfc
b986ab2d
b84d3d4c
361b20c9
3d880ed1
b840a7c1
3dfb2357
b947f0d3
bd80a00c
b62b9809
b9d28d86
b898c2c0
b96dc343
3daa0e24
b8050150
3e17c74a
b9890462
bd991890
b7c4c6e6
b9f7b499
b9d0c707
3e36311f
b8d90b61
3edc35bb
b869ecab
beaec7aa
b977bc3e
379e0e31
3c5d7e84
b8a66a57
3cba304f
b80bb521
bc1918d0
37149740
38dd44bd
3cd91437
382417d5
3d333ee4
b848c582
bc962e58
3787461f
38b04be8
3d1d0221
38da8c07
3d7b03cf
b8a40bcd
bcd5ac3f
37b65491
385066b1
3d45d373
38807d07
3d961a0b
b8e644a0
bd037d9b
37cbe67b
3877b406
3d635722
38843070
3d9ec891
b9000b75
bd12824b
37c34e99
38a61a16
3d70f758
38e15476
3d92519e
b8f9bde4
bd153299
379f6593
37d15e68
3d68f4ec
38c4ca9a
3d55b81b
b8ede2bc
bd08a940
375082a0
b9212dd8
3d443111
b8a27fbc
3c882dfe
b8fada98
bcd37a00
36d09e04
b971b618
3cf3fd72
b971c8eb
bd1d8426
b89cef0c
bc516c1c
35ff64b8
be4c488b
3ea8bdea
be542de1
bcd23153
3e403bf6
3e7c186d
3e53fded
be207156
bdf4f93a
bdcdbf16
bd5c6d33
be5cd2e0
3eb20fb1
be634d48
bcde368d
3e4fc4df
3e87bcf7
3e653c73
be25f9ee
bdfd0b21
bdd7b78f
bd6795d9
be7bbded
3ec2829c
be7ef8aa
bcf31b54
3e6cf5f7
3e99c8a5
3e82c425
be2ebfbb
be0515a1
bde9408d
bd7ba273
be93e7e0
3ed8b23c
be924e9e
bd07cdcc
3e8b58e1
3eb366b7
3e99c27f
be394bbf
be0c9587
bdffad16
bd8a8f6d
beaf7ef1
3ef2651e
bea817fd
bd181c4d
3ea58a37
3ed345dd
3eb67757
be434b24
be12b65b
be0b8e79
bd97a666
becf1714
3f063acf
bebdfcfd
bd27d7e8
3ec3a474
3ef765b2
3ed7377c
be49649f
be14884d
be155e48
bda248ba
bef07eb3
3f115ef1
bed03002
bd33ace4
3ee3aa97
3f0e7f82
3ef9a311
be47663a
be0e4ace
be1a05a9
bda6b0a1
bf085d2f
3f17fd4a
bed9c845
bd37cc16
3f016c2f
3f202b16
3f0d3e33
be385e1f
bdf69259
be155b13
bd9fd421
bf15e8ee
3f16e3fa
bed4c7ab
bd2fc74a
3f0ebed2
3f2e45b1
3f1abe9d
be16b969
bdac2899
be0257d6
bd87762c
bf1e4e43
3f0a518a
beba1d34
bd156a93
3f176969
3f35aab8
3f229278
bdb88939
bccab199
bdb78dd4
bd2f31dd
ba017e23
bbabf60f
be277ea9
bca6813f
bea0eb1b
ba85b728
be9ff4cb
ba01dfb5
3f9aaef2
ba908366
bbd5c3fe
bf08cd6a
bcaafd77
b9c67ae2
b6cc5b51
bb3aa1ba
b6630900
b8cb715e
368eefee
b8f7db41
3b676f85
35bc401e
3a3674a0
b8796551
ba60b393
b7e417d1
bc03a594
b858dfe8
ba2bae09
3beef1bc
b970613e
3b52605f
b8f30eb3
3b6ea6b8
b7dc387e
bc4e2208
b8dd51ef
bad339f7
3ac8d85c
ba87dbb8
3ae798dd
b910f402
3b62ab27
b823e765
bc2461c0
b929040b
bab2f6b7
b933cba4
bb26d58c
3ae3509e
b93909da
3a845b1a
b8272319
3b7df3cb
b962e194
bb06db17
bb9b7940
bb9c3311
bb8b6f03
b95a3704
bb82e637
b8b8da65
3d0ade77
b98e7c14
bb2dcec8
bc8c841b
bbf9d94f
bc4bc685
b98944b6
bc9204f1
b8dd80a9
3dad76fd
b9ae58a3
bb4857ec
bd1870c2
bc34c78d
bce13c78
b9a3ca19
bcddd991
b9090f64
3e233cd8
b9cc5220
bb741c5b
bd73d656
bc758afd
bd533a72
b9a9a651
bd66fe3a
b92438fa
3e83e4fb
b9e8cdfb
bbb84a3d
bdc93724
3c1ca0da
ba9428ed
3b93d7b3
ba581481
bd99140d
bb1dfef2
bcc716b5
bb3fcb73
b8320f0a
bb0c438c
b7031d70
3d04cbf0
b80ff5b0
ba551b4c
bbc5bf4c
b89b038c
bb190112
b73d0f45
3d8c6604
b87feed0
bacb89ad
bc266796
b8a557e7
bb8a7a78
b6d45960
3de02a74
b88e6f57
bb08ddd1
bc3ffa9d
b83fc576
bba89771
377ddbaa
3e1f1e2f
b82a9d9a
bb210820
bc809a88
37634ab1
bc310c1d
383dbfa4
3e4c817b
3745ff69
bb29a1e6
bcbcfa39
38a6f9ca
bcbb59d0
38a4c92a
3e6af1d3
389edd11
bb2116e2
bd0eb331
390dcf70
bd0d63ac
38d6fd72
3e654b34
390b8f22
bb08076b
bd62943b
3906a2e9
bd582493
38ad0eb1
3e19c97a
3907f178
babc91b1
bd6e64f3
38999daf
bd6e692e
3811cc65
bcce7088
38a4120b
ba105363
3b19ddf7
b919a362
3c3837fb
3c05ce42
b90b7b4e
bb9056ad
39dc80fa
3c81eaf3
bc728dee
bbf5640b
bc015216
3afb6c6a
b93f7084
3b1acc96
3bafd948
ba09ee23
bb4a3c30
b88f484a
3c200ed2
bc17172e
bba9dd5f
bbf61caa
3a7fa29a
b8c77567
bc89203d
ba29c528
baa16c02
ba81a3dd
ba5ed74c
baf31fcf
39d73838
bb247eb1
bc13ea54
ba45c913
b87d5bed
bd3fb6ec
bc303759
bb2704a9
3b3ad542
bb0e687c
bcae57f1
3c8dfe78
3b42c991
bc2011ba
bb4a17f8
b7c14bef
bdb9df00
bcb89c42
bb787571
3bfb2084
bb641a97
bd41f0b6
3d1c8912
3bf2518e
bc6e3084
bbcdca15
38014ccf
be15ef59
bd1c44d3
bbbdba0f
3c76900a
bbb3aa23
bdaa9e76
3d8dda47
3c8f68de
bc81ae59
bc262b4a
38824f67
be541c28
bd79cb37
bc196310
3ce12199
bc14b7f2
be084065
3df20d96
3d319a1b
bb1aa692
bc689f5c
387d191e
be857650
bdc30ebc
bc73cdcf
3d3903a6
bc780711
be46f6f6
3e4099a6
3dba7053
3d0b5ba4
bc8f8d09
3897aebd
be90397d
be198c3d
bcc7a3e2
3d91d320
bcd7541f
be892cad
3e952447
3e39df6a
3df35a2a
bc969733
384a87b4
be7c9214
be549889
bd0fc296
3dc88109
bd20bf48
bea74f50
3ec9ded8
3e959926
3e7010bb
b7f09a48
bae009bb
b958ecfc
ba65a901
bded57da
ba94869f
be73afb0
ba9865a5
3e936ccb
b7ed7c54
bbb8aa76
b95e1bfa
360a9bd7
384bbb8f
376e1963
387f7874
30cd6585
b9630efb
b5a54d26
b8834e7d
b5dc46aa
b8780317
ba87f525
b8756138
bbcab5db
b886c4a6
3c2a5a5d
b723c465
b8815092
b7a8a63b
b923bb71
bb19ed79
b91817b6
bc4f4df6
b90558eb
3caf33d3
b76eae66
b8c0c86f
b81bec18
b9670270
bb86a5be
b96dea71
bca01b22
b94545b0
3d075819
b7ba6f14
b9045c56
b8610bd2
b980d956
bbd5dac6
b9866b4c
bcdda7d0
b980582b
3d3b309b
b7bb2dda
b97c84d9
b89606f5
b9aa8f0c
bc20656f
b99f765d
bd107b82
b99abc54
3d73e6ac
b7e18928
b9c20de8
b8c34782
b9caf2d7
bc6655f8
b9e1f944
bd35a028
b9b10b81
3d98ec65
b7dbfb4c
ba17c208
b8fd35c1
b9e9cd25
bc9edb14
b9ba6719
bd5e3f0d
b9c38942
3dba6da3
b7e7c02b
ba4182a5
b923c9a5
b9cf4420
bcd37ee1
b9ed3f6c
bd850e94
b9d2fcee
3ddde54b
b844dac0
ba97da96
b9065792
bd05ba82
b98ba63c
be549131
ba207857
3ef892fe
b845001a
b75b01ae
bbd402a8
381df56b
bbe8ab9e
37569d75
3c7dea80
b62fcc30
b82dbb21
bc51bd1b
3709cf1e
bc6157b5
37a98eab
3cf70bf7
b698f83d
b7a7340b
bc99e15c
37a3bd49
bc9feed3
3822cc98
3d2cf263
b6c8e1bc
37b8d891
bcc57056
38c19842
bcc468f6
388224da
3d4ef2fa
b6dec2bf
3831b6a9
bce7aabf
38d3d458
bcda9f40
389c8e40
3d5b8473
b6e12f65
37eddda0
bcfb080a
382d3b8d
bcdf2c22
3892a6cd
3d4c016e
b6d185a1
36281570
bcf8112a
384b8bac
bccec5d1
38686ead
3d191497
b6b8afa5
b8ab6a30
bcd53a56
b80b1b93
bca63c72
3640f931
3c6afb63
b68fba8a
b8d55dea
bc86f1ab
b8d57774
bc44cfd0
b803454b
bcad2a64
b5b7a782
3d4135b5
be40a72a
bcc85eb1
3bc7d151
bd3edc13
bd8aba49
bd24487c
3e09cee7
3daf1973
3d3498f9
3c841bed
3d5f19e2
be460a13
bcdc913e
3bc402c9
bd5c6c1e
bd9b6bb7
bd410dd9
3e0a4809
3dabdc7c
3d30e77c
3c782997
3d8c7129
be4eacb9
bd015893
3bba1bfb
bd8ada34
bdbb6640
bd78f660
3e09bab5
3da3b751
3d27edd4
3c569939
3db689c5
be59e50d
bd1c2e9e
3babc379
bdb498b5
bde9ce7b
bda554c9
3e07cfee
3d963216
3d191ac1
3c224658
3dec6683
be66c19e
bd3c6a40
3b9a0a32
bde9efc0
be127bb7
bdd9b959
3e04246b
3d8309d0
3d043586
3bb6f6c2
3e15c2fe
be742430
bd5dd181
3b85a9e1
be142e0f
be35008a
be0bb1ec
3dfcb7bf
3d55a8b6
3cd4f049
39f21a4b
3e37f658
be80707a
bd79c9a6
3b6195a2
be35efe3
be5a3bb2
be2d4fa6
3decd928
3d1e5a78
3c9cb275
bba0bea2
3e59d664
be85f15e
bd83720f
3b41a808
be5739f5
be7ef9ec
be4eea6b
3dd9f0ab
3ccbddff
3c4eb51e
bc204bfc
3e772a0f
be8a29d3
bd7797ac
3b39d3d5
be73ca64
be8f58f6
be6c899f
3dc6bc73
3c5c6e59
3c06d290
bc51c2ce
3e851b0c
be8ce12a
bd3a459f
3b68d742
be82eaf7
be99ae4b
be805bc4
3db86def
3c041b00
3c07a793
bc49da6d
bcbf86b5
ba261d0c
3ca69d77
b965855b
3d334245
b93faeda
bc7690a0
b83d18e0
3e17e883
bd38ace1
ba43a0b9
3a5e1e00
36f2d06f
3b258ca2
357b480e
b6a74c07
b687a21d
b8fa882d
3b06f3e3
b81467ce
b9d63ce0
36f423e9
bad66c9b
370ebcd0
b9b6ac21
b6ca903a
3c344500
ba936b62
b9965ae3
3884d365
378d843e
bb1d4557
36bcda07
ba34932d
b724c60a
3cbe55c4
3bcd8271
b9919be3
392b1a0a
37a3213f
3ad45147
b63ebf3b
ba837dd9
b7472113
3d1066aa
3a09cb27
b927b11b
3a8ea8e9
3742b4b8
3a8ca5e1
36c0e72d
baafeda7
b7817b74
3d463026
3a18a2be
b814a171
3ae953a2
36c74fc9
3aea2ea0
3721e9b2
bae30469
b7915a3e
3d80837d
ba984cf7
38a068bc
3b7838c5
36eb81d8
3bfaac72
378167c2
bb0f1542
b79bc47d
3da0a3f8
ba5e01c6
39171d45
3bf2feaa
35c74c02
3b58b83e
36d9730d
bb308039
b77434d7
3dc277ba
bb8924d8
3795957c
3bc6b0df
b7047074
3c39148a
b5910d72
bb6273dd
b795ff13
3de694d9
bc4dab0b
3b7d8c5d
b9ddc09d
3b3067b3
b95cf7db
bb565143
b90af3d2
3f22f29c
ba214cea
37f13175
3a255d51
37232929
380530fc
373997e6
3c9161ed
b8c4ddbe
386c39b1
3a8912e6
37a7265a
3977c359
37c638cd
3d0dc4a8
ba7c72d2
3895e49f
3a82eaf9
37cdc0ac
b97f14c5
37f442bd
3d47388a
b99e006e
38a88e52
3a9cd714
38046bd2
b9fb2ebe
381739f3
3d70488e
3aa1d18b
38ad4c9e
3b4fcc87
381c3f81
ba1ac70a
382ffaa6
3d81670d
3b48ed47
38a5a5a8
3bd142ba
3825762a
ba20b77b
383e66ee
3d78176c
b9bee2e4
385c0e94
3a080f49
37cc5448
bb1d3b1f
37e86825
3d48e5b3
ba930bd5
37d38dd7
3a99ed70
371597ed
bb593741
373f7867
3cdaf3f5
b995864a
3588713b
b996ef6e
b6beb1c1
bb4c0481
b651b68a
bc08046c
38c7ab1a
b72105eb
3e7746ca
3d0bbebf
3bc210a8
bc3a4d92
bbc7183a
bcc3551a
bcd59274
bbb51b1d
3de194d1
3873ea6c
372aaf17
3e8003bc
3d0d402d
3bc7f27a
bc3f2d68
bbd111c3
bccbd3f8
bcdb3b75
bbab718c
3deb0787
b851ebe8
b7e3d037
3e877bab
3d145f35
3bd9ab90
bc4bdfdc
bbda72fa
bcd5a1df
bce9e0fa
bbc50500
3df800ae
b91832cb
b808978d
3e91e6b6
3d1aac77
3be9cd02
bc5974c7
bbed54a1
bce6ecd8
bcf7aa09
bbc45f06
3e064f6f
b990c2a1
b8446ed0
3e9e35d6
3d260812
3c00013d
bc6bf8fd
bbfe3978
bcf88cae
bd06c7d9
bbd5090e
3e119581
b9cdc0cf
b8611af2
3eab1a98
3d3826e4
3c115a1f
bc861b71
bc03967d
bcfd56cb
bd1ebeca
bc29f963
3e1a7fda
b9e8fbd7
b8573641
3eb6fca4
3d513a8b
3c29d2c5
bca0c77a
bc003fc8
bceb04a2
bd48b948
bc9b5806
3e1df164
b9ff30a6
b88487db
3ec21668
3d5a53fd
3c32476e
bca7766e
bc08a682
bcfc5664
bd50267a
bc98e0e7
3e28dd68
ba005f28
b881b7b0
3ec93370
3d5cbbec
3c377e73
bcacc61e
bc10bddd
bd0208ad
bd556ab0
bc9755e1
3e2fdf78
b9de1bda
b8ab694f
3ec974ec
3d5b6db2
3c356f1d
bcabf476
bc121f2d
bd0132e2
bd53c7d4
bc921994
3e3136b8
3d3f3d34
bf103067
bb61fc16
bee3730d
bb04a7f7
be93ba8d
bb0be50a
bc26690c
3fa6732e
3d3b5456
3ab2b34a
373bfe48
3ba02a94
372ff052
37f01bf9
b6a486a7
39959bf2
bbf9f4d6
b798dc2b
3b66454a
b7cb093b
3bd8466f
b6fd6c33
3a8a2ed2
b89ec8f9
b87265ed
bc7bbbb7
395e2370
3b056a01
b875b8fc
3a66d77a
b8a0a333
3a908343
b922fe4e
39abd9a2
bb586459
3ad440b2
3bbd8ddd
b93c3b10
3b76ab91
b91c7765
ba3469dd
b977e2d8
bb043132
bb5bbdb8
3b99d431
ba814ce9
b98ac42e
3bade75e
b977a269
bba66572
b9b020ff
bb1d51c9
3ac77a51
3c1f9440
b8997234
b9c96ca1
3a6a6f87
b97cf146
bc5496b3
b9ed43ed
bb4eb5a9
3cb10690
3c89f6db
bc49fbe9
b9f43d26
3aabbc53
b9b27132
bcce11ea
ba0fb92d
bb21435f
3d694994
3cd37a34
bd17a625
ba0aa154
bd024615
b9e9bc94
bd2c9fd7
ba312b06
bbaca8d2
3dd6e8a5
3d14ac28
bd72b44a
ba4c83f9
bcd20f99
ba190e92
bd831d10
ba53d987
ba4bca3e
3e61f42c
39724a2a
baf04f0b
3c1b0389
b9c2b6bb
3c1bf3c8
bb615966
bd173f69
bb0d7505
b7e80c5d
baf836f5
b92ac476
bc18586f
b90a50cc
ba43f25b
bb72e832
b82cd5d2
bbc6e18d
b9a15f68
bc90cb94
b97dc0a6
bac54f5d
bb5e1994
b8300372
bbf1a1e8
b9dba41c
bccd8f61
b9a500c4
bb13b521
bc4dee7f
b8278e9e
bc87bbef
ba037142
bd0a4514
b9bf13c1
bb326646
bcb57990
b787dbcf
bcca4d09
ba0b4bbb
bd28d423
b9c0a6d8
bb3ce930
bd196a9a
381829db
bd1133ee
ba060a44
bd3d3e77
b9aa7a91
bb2ff331
bd5eb6bd
38d076bd
bd774232
b9e51cdd
bd3e8d10
b97cf2e6
bb15193b
bd22c082
396ed8db
bd30efb6
b9811ec0
bcf8f659
b83615a9
bacaec02
bd08e708
3970d78d
bd08e507
b87b5e67
bc30d344
38cc4479
ba6e09bb
3ae83124
3a0730b0
bc895bf0
bb007165
bab5d993
bb70153e
ba919220
3b86847d
bbebd823
bc18e070
bc8a48fd
3affdbbc
39e76877
bc55ac32
bb817f65
baf7b42d
bb470924
bad49984
3b5815c4
bb85b394
bba79839
bc4736c0
3b03e909
b883acbc
bbb56871
bbf99e52
bb3b4346
ba479d38
bb33467a
397652cd
3b922bcc
3bb49f57
b966d18b
3b2d844a
b9b89d0a
3b789eec
bc2cf274
bb7092ed
3ac0813f
bb7fb704
bb0a5302
3c5593d1
3c8dcf5c
3c4b6943
3b36e9e1
ba5d9f4c
3ca98a0e
bcbbc946
bbda2131
3bfbd9ac
bbec3182
bc4c2603
3d19f1c8
3d40369a
3d36d093
3b55134c
bac7a5a0
3d36ddb9
bd36a6b3
bc333c84
3c93d12d
bc4cae68
bd01b402
3d9ec522
3dc01cfe
3dc27cb1
3b4e7d9c
bafacc84
3d9ecf77
bda6e94d
bc90b28f
3d0bd79d
bcabf44a
bd817368
3e10ee9d
3e29c491
3e2fae8e
3b3c0766
bb1f5026
3df65662
be0a2088
bce944ba
3d76ff74
bd0a0465
bdefa6f3
3e783b76
3e8e0b15
3e9416e6
3b22fbdd
bb366af2
3e1a5ef5
be32c65b
bd128b3b
3da1e89e
bd2e63aa
be1f65e4
3ea0addb
3eb6f305
3ebeecd4
3af48d1e
bb3c8643
3e2f77dd
be54e2e4
bd2d6b70
3dc484da
bd4eb964
be4302bf
3ec367a7
3ed9bc15
3ee42cf5
bdbe9bc4
b99364e6
bde7186e
b929f2c6
bd44d491
b9a2de91
b9a5ba17
3e87869c
3cc77419
393a958c
3634a076
3a907823
35dc02b1
36686f00
b5869b52
38769e99
bad4bee7
b8411155
3a6f6742
371ca27e
3ad9b57b
373df6cd
3a5476df
b665d628
b8d30e36
bb867527
ba01e645
3a5179b6
379a92e0
3a394225
370ebe20
3ac4eed2
b6f74004
b8a4d3d4
bb3c2bea
ba344e52
3b48439b
b6fb8386
3b5526ee
37810d71
3b00cbca
b776d614
ba44a1b8
bbc8a878
b9fa1c88
3b14fd56
b7a07762
3bac09f7
b6895daf
3b07c7a7
b7c60500
ba75e61d
bc0a8dc7
39a0dcf2
3be1db32
b83d417d
3baba216
37a071ea
3acee9da
b815947f
bab8524b
bc3ed315
3af833d5
3bacd1ee
b768900b
3bb824b9
3780c6f8
39077ebf
b87a9738
bad78b92
bc6442df
3b99671f
3afa788a
b900765b
b96f2e98
b866821d
bb28d6e0
b897b040
b9da33f7
baf2b231
3c1b69c0
bc1281f1
b8c41044
bc8dffa9
b744ef1b
bbdb39ac
b8cc1eb9
bab91be1
3cab8599
388d3a21
381c848f
3ae9dec5
39bd5793
3bfb0d22
b965e9df
bc4c0230
3a442eaa
b816b5ea
3a6b6c79
b750700b
ba901654
b8096eb8
b9cfa183
3ab93184
b892188b
3a66cfb0
b7c8d071
bb117b8c
b884b55d
ba4ebdb6
3b2c128a
b8da2094
3aa37bf4
b80d0efe
bb615c1c
b8b95fde
ba977c78
b9cb7bd2
b912fbcc
bb4ac125
b84833ad
bbbed987
b8f3b501
bab9459f
bbc79585
b9376400
bc2d426f
b886e623
bc16bc84
b9160842
bac7d9bf
bc685e8d
b9454513
bc799963
b8a2b5c3
bc45acc0
b9243ebb
babc2c43
bcb695d8
b941bc6e
bca8adc1
b8a6e979
bc5e08bb
b91beded
ba939b18
bd15b01f
b92f4461
bd155ac5
b8a92951
bc742e6a
b910e6d2
ba419286
bcff0d14
b8cb8a1c
bcff0a3f
b86e095b
bc2f5dc8
b8b7ccde
b9929940
b8b6c7e4
39abb629
bbfa5272
ba15b322
386fe8ee
b94fb330
398114da
39dbbe02
ba920f07
bb1dc814
bba89731
b815fd90
39a876b8
bc011250
39052f2d
38ffbfaa
ba2b7d7b
39e05ccd
3ab638f3
bb2f545e
bb8142cc
bbdd7aa9
38c05bb6
39c1d0da
bc04814d
3ac18745
3992f908
ba9cf5c3
3a31a8ab
3b3392e4
bb9b6df6
bbc26e33
bc0fc477
39a3d641
39d19376
bc0e8963
3b861c5f
3a1b63fd
bb1107ae
3a86372e
3ba72e24
bc0b38b4
bc1b9848
bc4e4cee
39fee94e
39c713fd
bbe2a06f
3b7355e6
3900f1f1
bac4d941
3a298861
3b848fb7
bbc49d2e
bbca115d
bc12af4e
3a3132e1
39f5e17a
ba730035
bb0e52ad
bac71da8
3b1433a3
ba937821
bb722b5f
3bfa5795
3c1cdea7
3bfd8445
3a504d37
39faf419
3c1bc011
bc816952
bb8dd1c7
3c0e4d69
bb96587a
bc8c7ec2
3d078da7
3d19428a
3d18b11b
3a4cdd07
39f1fcc3
3cc90f81
bd1a8af3
bc0b6026
3c926688
bc1df7a8
bd1ab793
3d90b429
3da093c9
3da4b700
3a1d3c93
3a063547
3d42d33b
bd968831
bc7fb40b
3d0cf268
bc934c14
bd97c7f2
3e0ac573
3e17feb8
3e1d09fe
39a8c1d3
39f8c3cc
3d891ea8
bdd55133
bcaf0945
3d45b79f
bccd0743
bdd6cd4b
3e427d15
3e53ecc9
3e5c59dc
ba3ff5bd
bec02a76
b9d12d2c
be307d62
ba0fbc43
3b944895
be9a0840
bc3ffd21
390589f6
b545e143
ba24a088
b5e0486d
370bacfc
35b273b1
b7d841d1
3aa4723e
37e84458
bb501eb5
b7b39cba
ba1f49c1
b70a42cc
3af8fba7
b740578f
3970ee2a
3b2892e4
399cf02e
bbbfdf25
b8241e47
3ad7400f
b6505d25
3b64516c
b7d72529
39e7255d
3aaf2a7a
39d39300
bc323124
b83ecf10
3ba14db3
b74f368f
3b8ebcaf
b82778ba
3aa66371
3b344aa2
3978ceaa
bc685218
b84ff4df
3c1e6201
3707463e
3b80bc1e
b86e385f
3b04607a
3ab1838d
b9ab286d
bcb6e617
b8847a8d
3c5effc2
b81e3420
3abd5fca
b8a31fb8
3b26d025
ba640621
babc35b8
bc6d76a1
b8e105f5
3c896044
b83c7ce8
bb865c13
b8d5821e
3b2dc67d
3a828024
bb4e8b48
3c957165
b90e8d21
bb2dbdf3
b88d8eeb
bc5fc560
b9095bc9
3afa84e5
bb8c3955
bbb751ca
3d9af865
b9098597
bd1521fb
b8e8f49d
bce4cc4d
b9371d56
3ac5d282
bcc6ce4d
bc3b1d84
b9c03e4b
ba972fda
b9969361
3c92f6bf
ba1b03a6
3c94e250
bb210980
b85d0f72
3b99ee67
b7dbdda4
bb4151f5
b83aaa7a
3a2ae52c
bb37895b
b8dadc47
3c108bcb
b863170b
bbe38a61
b8c01754
3aa893f9
3a5b51f4
b91e6afb
3c293c7d
b8b273fb
bc4cca1f
b911e483
3af1c445
3c566b09
b9494818
3bcdba4d
b8f72801
bca331b9
b9424e15
3b132864
3d1584dd
b96ff10a
bc31d3ec
b92443ed
bcf181dc
b97382a7
3b1dd0d6
3da49cde
b98267a5
bd23e9d3
b9404bf6
bd1e0fd9
b98854a0
3b141073
3e0e283a
b97ea117
bda47f27
b94e1144
bd38fb59
b98ab5ec
3aecb0c8
3e46bf1c
b945ba7d
bdd2c48e
b938f4dd
bd335cbc
b968cbf1
3a98260b
3e3c33c8
b8ce0deb
bdb57974
b8edb8b3
bcf45788
b907161e
3a00912e
b8cac3ba
b8834b12
3bc7fdef
bc2a9fd1
bac2843f
3afde238
bb1f25d1
bc16444d
3c43243c
3c3524a2
3c5ab067
384423b4
b8a61e7c
3bf7ea28
bc561ed1
babd6148
3a8c8864
bb35c289
bbfc8383
3c2ccbe2
3c20b417
3c46965c
397f447f
b8902576
3c2510f5
bc827f52
baa7e90a
ba6bacbd
bb4641f7
bb7691b3
3bc27a27
3bb647f6
3c0080c6
3a1d8e9d
b8746e55
3c5625b0
bc7f03a0
ba332756
bb84767e
bb2cf741
3b585d78
bb6ca0b0
bb4e3c05
b9d15e96
3aa79306
b8929820
3c6f85e5
bb3239fc
3a85a46f
bc0bdfe5
b9e5c325
3c7605e3
bcb4accd
bca459d6
bc846b78
3b18c631
b8f3e9e7
3c552b17
3d0b2156
3b852154
bc57c4f7
3b9ca470
3cf90bee
bd4ba116
bd376af5
bd1b29b3
3b812e80
b923e1a1
3b07e0f6
3deb0054
3c23724f
bc97786b
3c843c2c
3d5862f4
bdc8c166
bdb3e7d1
bd9ad7b2
3bc9974b
b966c8c6
bcbd2452
3e82b306
3ca167bd
bcc724c8
3d129afc
3dab1213
be2ec0bb
be1e3151
be08b6a8
3c11b0c0
b9a1f149
bd8770ce
3ee78eb7
3d0c7ef5
bd0df6c0
3d8326d8
3e051983
be8f6e82
be83c2ce
be67cd30
3c38466b
b9c61a11
bde55cdf
3f23cc17
3d479a77
bd3eff7c
3dbb9eb2
3e361cee
bec8185e
bebac077
bea630ac
bb634ab5
3ee19032
bb27a912
bde8f4d4
b8e603eb
bbb78c83
b929b64e
b633fe13
b971668d
b7e2ebb9
b9302ddf
3407bde9
38acc640
370ef446
38cfd32d
339b36cd
b8a521a4
3bcd2745
b8b5faeb
3c12b40c
b7fc0a02
bb7c4529
379cde9d
3870f1f1
3598f896
b7822a3e
3c627ba5
b8783fa6
3c990986
b88a21ab
bc01c6ab
37c1079f
36fffe60
35f81124
b8fec3b8
3cc09079
38a9cd38
3cf2564d
b8e545c9
bc48a4b2
380bfb72
b930970d
b6133964
b9194afb
3d149b93
b905c7a9
3d2ccd51
b92e8b3b
bc8af39c
38048bef
b9886dea
b77868dc
b9808558
3d592767
b97faa20
3d68ad7b
b980ae27
bcb58aed
37d47517
b99cfcf0
b80fa875
b9a12362
3d986fcd
b9b7e7ae
3d972038
b9b77f42
bce4afb5
3781f976
b9bdccab
b870a918
b98e354b
3dce56df
b9d7e7b8
3dbed995
b9fb978c
bd0c5ce2
b74d9008
ba1c40d8
b8b2db6a
b9de04fd
3e074440
ba2152d0
3deb36e0
ba26608b
bd28b908
b831f1df
ba4ffece
ba58908b
3e461770
39105fe5
3e9c8ba2
b9978df1
be38402d
ba1f214b
37dd8d8c
3cfb02d0
b8d8ed7b
3ca04be7
b85e0757
bbc1ac00
375715f4
391e106e
3d779760
384b23cc
3d1bc087
b89b5b38
bc3f703f
37c55521
390604e0
3db4e021
389f095c
3d5e2251
b90c2bad
bc89ee76
3802d156
387f13e4
3de6d96c
b900c2d4
3d893a02
b95acc0c
bcacdc3c
38129e94
38f406a4
3e06a1d9
b987bf47
3d99d4d0
b980a148
bcc54e2f
380eeca9
3990ee1e
3e10fc6a
b9a22776
3d9e4174
b97fb272
bccf712e
37ee8fef
39c8e6dc
3e0e6906
b9d71940
3d93cc66
b97b675c
bcc6ae7c
37a022f9
3991c014
3df37642
ba1796e1
3d6f7532
b985e235
bca5912b
371852ac
386779d9
3d995998
ba30a31e
3d0eae99
b96a1a9a
bc494aed
350c663e
be549354
3e4a7cdc
be1a8358
bc814458
3e4aed51
3e76fdbb
3e5c24bb
bd3306b5
bcbd91ad
bd29a0e1
bcb0b0cf
be7666d3
3e4f1cbc
be212bed
bc802062
3e6bd1a8
3e8d9c01
3e7ea69f
bceac122
bbe99fc9
bd0fdf78
bc9091f3
be9bdac9
3e55d881
be2cdba6
bc77402c
3e95c292
3eb07a2a
3ea0a851
3b0fd6a6
3ccc67ca
bcb6dffd
bc210df2
becb5913
3e5d851a
be3c38bf
bc687270
3ec4229b
3ee31b1d
3ed11b5f
3d473787
3d95ed70
bb2754d8
3b140e2b
bf03fa94
3e64943b
be4d747f
bc529c3f
3eff5654
3f11cd49
3f076e3a
3de0ed95
3e0c5f90
3cc7ca49
3c9a67b3
bf276705
3e697394
be5e9db9
bc327f9b
3f2248cf
3f376758
3f2b7de8
3e3c6124
3e5b816d
3d6c5926
3d21449b
bf4db5e8
3e6ae4c3
be6dc89d
bc06ae9d
3f47bfd7
3f5ff248
3f527497
3e88cdfc
3e99f54a
3dc3dcdb
3d805719
bf73a213
3e688bce
be795229
bba577c4
3f6cd767
3f83f9f2
3f78fa0b
3eb482f8
3ec73066
3e0a6dca
3db20859
bf8a478a
3e63889d
be803287
bb04f976
3f8682f6
3f954aa0
3f8d2edc
3edb9e8c
3eefc95d
3e2f8a90
3ddfd52f
bf952390
3e5f0c10
be81c35a
b70f3818
3f91163d
3fa0abc6
3f982971
3ef5d8d6
3f05a4a7
3e492e64
3dffd962
b9459070
be98d6fd
ba900c0f
3c0ae97a
bee3f1d7
bcc3f4ec
ba1e7702
b61c6bd6
ba904526
b5c10d2f
3770559c
36435686
b8c0a815
3af43a1c
370aee71
ba76c70c
b7396137
bb6b5cb2
33990eb6
3b630d9e
b7b92a6b
3991e1de
3b8a158e
361ea517
b84891f6
b7c2e12e
bb9812db
372919fb
3bd234b0
b8435ac4
39f06cfb
3a93f137
b9a5c861
b7054d9d
b7165fec
bc32c7c6
37871ac0
3c0575ec
b8a35960
3aaa96b9
3b2359cb
ba9789ee
3ba5c5dd
b7efe5a6
bc90f1a8
37fa7c5f
3bf6b905
b8e5be4e
3ac38cce
3b9268a3
bb30db43
3c08c8f6
b8053b3a
bca0b190
3708a1e6
3b50aa7a
b920eb8c
3b0d0d97
3bac0106
bba662a2
3c3849a9
b88ce12d
bca5ce00
b7c0d0c5
bbd57e0d
b95e563a
3aeebf02
bb054e18
bc0aae1c
3c0b4ec6
b88776d3
3c992f45
3807ea84
bcbe4127
b99160e4
3b75186e
bcc63659
bc56a18c
3b8b0775
b8d0a426
3d9ba050
37a4a4d0
bd44be3b
b9bbc52f
3b56d7b4
bd652045
3a617be0
b8ef915c
bbfbb2cc
37145c3f
3d0621a0
ba881943
3cd2b38f
3b591ccb
b825220a
bb4f79e7
b81f7a8f
bb9dfbe6
b8bbd06a
3a392488
3ba20b78
b8b4e9c9
bbb2959c
b8ac47f6
bc433cb3
b9445425
3ab5f242
3b3aaf6a
b91224c9
bbe0f26c
b90cb2a7
bcb8d545
b998c094
3b020812
3a569ccf
b94a5277
3b228ebd
b9427945
bd13c2cb
b9cabf8a
3b1c0b9f
bb8a878f
b97a4093
3ce0fdbf
b971839d
bd53534c
b9f2ebb0
3b26c005
bc623acc
b990a4f1
3d91a571
b988df71
bd89fe0d
ba0648ed
3b1f3cb3
bcc1f359
b991f2ef
3e11d7b6
b98705f0
bd9f0706
ba0403cc
3b0a1053
bcf3d3b5
b97c766f
3e4ce84d
b966ad0d
bd9c48d6
b9df4fa1
3ac44c2e
bcaf8b43
b90ca85d
3e4d90da
b908c0ee
bd55df4f
b9825236
3a39db5e
b9e0e628
38bc3b61
3a44a5d9
3b1fde86
b9585317
3acc1fd3
b9b6f9e2
bc0bd395
3bb066f3
3b52710a
3bd375a7
b9a40cbc
38d18c69
3aea779a
3bbd33f7
b8078d70
3ae6c4e4
b8798a93
bc0618bb
3b9813a5
3b4bcf37
3be5a08b
380a2e7f
3870454e
3ba32fcb
3c300801
388b9ad3
3b01cc56
39a82f59
bbf2d34e
3b704607
3b739e00
3c124e32
39ce6c71
b8431239
3c5229eb
3c644eb5
b9e08b7c
3b40c8e4
39318437
bbf124af
3bb60f69
3c0cc1bd
3c84290b
3aa2acc2
b87fb7c5
3cc9c654
3c757ecb
b9bc940b
3ad51db8
b51ce96f
bb020532
3aca29ce
3c0a90db
3c96897d
3b1429ea
b90dbc5a
3d22005b
3c2aca6c
3a46446f
bbb335a3
b7ea0be5
3c8490c9
bc92d1eb
bbe76aab
3b8f8fc5
3b768922
b99fcefb
3d69797c
bb98ea2f
3b6d01a1
bcb7cd06
39a7a8b3
3d5f148f
bd818786
bd49b914
bd1d7428
3bb67b42
b9b9681f
3d925ef0
bcfea74a
3c2d4d31
bd66d57c
3b0e20b7
3e02aae8
be210bf7
be121a2f
be0bf992
3bf77580
b9f94abc
3da2ce8d
bd85275f
3ca9c372
bdd63e8f
3bbf5d95
3e69d609
be94d717
be8f6d89
be90d0e6
3c17fc3a
ba167301
3d9db2dd
bdba08b6
3d044bab
be1e619f
3c390068
3eaa3230
beddfa6a
bedbacab
bee2fa2e
ba147c6f
be49d739
b83e3caf
bab259cb
b81e6608
b785fd30
b858a7bb
b88f60f8
b97f955c
33f99992
39150d5b
3652ad55
38affcbd
360d57fc
b78f3d57
3b9010ca
b86738b4
3c0fb691
375fa642
bbe127d1
37579ded
38e59335
37b7d586
390e20e4
3c14e6f4
387d80e5
3c98dcd5
37bf597a
bc677c33
37189ca7
b912fda3
3801a290
37e61c33
3c697214
3940ad9f
3cf7e782
37de52a5
bcb2c385
37bdf8b0
b929d2c5
37f217f1
382df716
3ca4533b
383ef5e3
3d35ccd3
37b4e885
bcf73510
3803064f
b90c663a
37a2f4c1
3821b9de
3cda5c93
b7d7bff4
3d7c56b3
36b6228e
bd211aa0
37dfeb74
b72f0a7f
37096bf1
378724c7
3d0bc87a
b810ad2e
3da9060c
b7b0b40d
bd4a43c9
37bba213
b8418200
b64007ed
3897b6ab
3d2da093
b55e6aeb
3ddbed8e
b8741b45
bd773a05
373fd9a5
b925b671
b76c57fd
b826119c
3d52a77f
3842241c
3e0b5caa
b8dc54c6
bd93d4f6
35eb4933
b8f9e6b1
b96fa080
3e04a0b4
b930ad6a
3e9c07e5
3902fc34
bea436a9
b984a3ff
36c43e2d
3be0ac2a
b8a7bf07
3ce8a9b5
b81356a0
bc2691fd
36e86728
389f55f1
3c57e124
3806976d
3d6493dd
b86b9ee2
bca31911
3755b341
38270e75
3c972362
38d86428
3da5ed78
b8ad5ab7
bce7699a
37983d83
370bc499
3cb5f37b
3777921b
3dd20283
b8e0e257
bd0df254
37b52bcc
388d49da
3cc52912
3818fb2c
3df289fa
b8d1d26e
bd1db7eb
37b81f16
38a53ba3
3cc2645e
384372c4
3e012a2c
b8d6688e
bd209400
37a1a92e
38c0ec9c
3cac66ab
3895d163
3dfacd7a
b8c42006
bd143ae6
376f0ace
3834bbb5
3c835105
38403bda
3dd3dce6
b8b3eee6
bced23e1
370af356
b8e396ba
3c1198e5
b88645ef
3d83e773
b8bb4c7d
bc89f043
36163b51
be153717
3e6d2775
bde19036
bc7cd7d2
3e0defba
3e36a5cc
3e17fada
bddf827e
bd997ab6
bd79a583
bcf6e11e
be1ecb3a
3e842a01
be071210
bc9309b3
3e165f4d
3e43a354
3e227684
be000d57
bdb6df0b
bd938691
bd15dff3
be30355d
3e9e049e
be32951f
bcba8946
3e25af0c
3e5b8ab8
3e35b7bc
be1f7478
bdf0c1bf
bdc02bab
bd4a8728
be4857b0
3ec37263
be722ed0
bcf4ecd8
3e3acc86
3e7d0e52
3e509136
be4d8404
be230369
be00d159
bd8bed3d
be658956
3ef317c8
bea1d7b7
bd201729
3e5426fe
3e931529
3e713785
be848bac
be5a2f5d
be2ae65f
bdbd9d15
be82ccd8
3f155d42
bed1b96e
bd4c20a7
3e6fc047
3eaa023c
3e8aaf6f
bea7d729
be8dfcb0
be5cd61b
bdf8c248
be92f605
3f3370f3
bf02e0f7
bd7c128a
3e85a21d
3ec18d35
3e9d111a
bece9dcd
beb24c87
be89d04a
be1ce8e8
bea1c8f8
3f513bf5
bf1cbd13
bd95e4ea
3e92146a
3ed7983e
3eae16c6
bef5a163
bed70312
bea55b8d
be3db529
beadb5a7
3f6b2bcf
bf333fb2
bdaad295
3e9bea5e
3ee9b5fd
3ebbe8d2
bf0c0bf8
bef78313
bebd9b9b
be5a9df8
beb526d8
3f7c6ce9
bf4205c8
bdb8f012
3ea1eeda
3ef533d7
3ec49130
bf17a190
bf069c76
becdb7ee
be6dc985
baea2e58
b8ab9f46
bf0edd78
bcda4881
ba076c6d
b6c0e07d
bb338382
b6794d14
b845732c
36b86a34
b90b6a56
3b764323
381c1e6d
39cb9ac5
b821ab8c
baa3f3de
b6a4172f
bbf7d92e
b85b6984
b9960818
3c04cbae
397903d3
3b36fcee
b89a956c
3b5e01b6
37a4ee1e
bc5c4826
b8e705f5
ba5dba40
3b642e2e
b9191638
3af145bb
b89075b0
3b3b0b4e
37cc3dfa
bc815f0f
b935daf5
b87ce3c0
3b96267e
baa9a514
3b7a4960
b8bb857f
3abdffc2
38574c7e
bc46a8b8
b97d4832
b9afc279
3b6a6c6a
bb58a92b
b8f71960
b8cc389a
b88ef1c1
374e1017
3a417987
b9a8cfac
b999f250
bb6885ea
bbcc2ce2
bad9692b
b9225974
bbe80a53
3446cd91
3cd9d4d0
b9d8de20
b9ec378a
bc85867c
bc25f531
bbdd6f69
b9365df8
bc121930
371b187c
3d8dae3a
ba07619b
ba507e40
bd1b843e
bc793516
bc6c26fb
b946fd24
bcacef0a
b7709f45
3e0663ea
ba25d590
baf51c99
bd9f8cdb
3c0eba69
ba0bdbfa
3b576668
b90bba59
bd91d1cc
bb24dbc3
bac10388
baa5d728
b861260b
ba88540d
b802c25e
3c8055b2
b907163e
b965991b
bb3fb25c
b8d51935
b9f11345
b882ad6d
3d0c81b8
b9856b02
b9cf666b
bbc5564e
b908db1f
bb027f68
b8c07af0
3d6d3bdc
b9be0398
b9f3f4b8
bbb35634
b908bde1
ba8c3a1c
b8e6914e
3db614d2
b9e316a8
ba0791dc
bbc731f4
b8e0b140
bb169ebb
b8fc2269
3e002821
b9f41d92
ba090dfa
bbea28ed
b89cddb3
bbfa8f81
b8f8ccd9
3e24d719
b9f04b71
ba023b92
bc144a3f
b804eae6
bc0e3ebc
b8de8ae2
3e3f189a
b9d4fef3
b9e86a17
bc49d836
34d743b8
bc085c9c
b8bdcf8d
3e3cd64f
b9a7b506
b9b5a752
bc31818f
37c2ac61
bb4fa735
b86f0530
3e06514b
b93e51f3
b93d127b
3ad4b0f3
39583d25
3c9aeb1f
3c0b976b
3a03d622
bb681ff1
3a36e21a
3c5de820
bc5e8948
bbc2b1da
bb18c2bf
3ac2c9e6
393ffdc0
3c721f9f
3befba9a
39c53951
bb42ee70
39d31693
3c2f262b
bc34c4b0
bba1d086
bb0f6d7b
3a8fc29a
394e8f6e
3bb1597a
3b901a98
37fc912d
bb1452b5
b8039492
3bb0075d
bbe7919a
bb8f9a6c
bb754b6e
395aedeb
393655ef
bc1f4456
bacae791
ba654434
b98b7e39
ba704a7a
bba79254
3b12696f
ba83122c
bb5f49c8
ba7ac7e8
392e03c9
bd0e9131
bbe69aa4
bab3a247
3ad62e33
bac0e8d1
bc97c64b
3c3ba0d5
baa78830
bc116e6d
bb3625d1
38e242e0
bd911d71
bc551c96
baff7505
3b88b1c3
bb055b4c
bd166519
3cc24422
bb2559ce
bc8e2cea
bba9b9f7
37b55263
bdef5473
bca53e0e
bb44e449
3c0fbe03
bb33c2bc
bd807a88
3d2da98a
ba11d0d6
bcc85334
bc042765
b8855edd
be2e7347
bcee2afe
bb83d74f
3c69e134
bb6a9f21
bdbe6005
3d84d708
3afcc30c
bd04d6d7
bc33dafc
b935b7a0
be63c050
bd29a38c
bbb34cae
3ca64201
bba5561d
bdff8755
3dba28e8
3c022f28
bd163db7
bc57c957
b9896677
be851f3a
bd5676e7
bbd5cae9
3cc8704b
bbcb7b98
be16faeb
3ddf659a
3c3a01c5
bd270207
b7f19ecf
bc45cf3a
ba0aebbd
b6c03fb5
376cb93b
b7bb5305
36ac180a
332dd4df
b9bc712a
b4a77fac
b81e8239
b59c2bc0
b8b98920
3a0ade71
b8fc95a9
bb9c09e0
b8bda712
3c267a5e
b7056be8
3706a77f
b789702d
b928366c
3a809ca2
b92c077c
bc1c717a
b93ca2ae
3cae5ac7
b783a00c
b8e3b30c
b8169bb3
b9980b62
3aaa00cd
b96c2c6b
bc6b608a
b98be867
3d0953a1
b7694f90
b92aba9b
b883981c
b99f82cd
3ab79f37
b9bb0ace
bc9d778c
b9b64673
3d425ee7
b74e8cc9
b9a86682
b8d2b34f
b9ec483f
3a9ea334
b9e938e3
bcc5060b
b9daec93
3d81ff77
b79ac6f5
b9fa1dfb
b91f311d
ba0ef9ef
3a286c35
ba30aeb9
bcec55ef
b9f64237
3da7bbf3
b7a37802
ba524b88
b9677c1b
ba1ff6f6
b9c37f27
ba1540cb
bd0966a4
ba02ec20
3dd2ba89
b7fa71c9
baa20281
b9a46dab
ba1a7ad6
baf558cc
ba31e09d
bd1bfbb5
ba03fea6
3e016250
b87bbdf1
bb0399a2
b9915027
3c6c94ae
b9ac6ae0
be20c8ce
ba61fc93
3ef9b6e4
b8cd1dc8
b7d1fe9d
baf95c0d
b50cc2f0
ba1c0c1e
3725e5ad
3cd23455
35953768
b8176422
bb80b3b1
3797a285
ba6a8920
37db352f
3d4fb4a3
363e0e06
b81099e1
bbc8dd9b
382ea2e7
ba32f799
386ae429
3d958765
36a6eb48
37a037ef
bc0ac507
38cb794e
392227a5
38e13a01
3dbb2553
36ddc506
38a097ed
bc3065b0
38f1045b
3acefec8
39331811
3dd53506
36ededd8
38c8b284
bc4f428f
381b5599
3b5b990a
39621cd2
3ddf979d
36cbb665
38e09e73
bc5d7cee
38c9547a
3ba350e3
3980d2cd
3dd57524
3661cf7d
384dac3a
bc4ce215
39053dd9
3bbb44cd
3957b103
3db12e7a
34968076
b7bc41ca
bc0ab1a2
38e9a66c
3b9333d5
38fe5bc2
3d566f53
b5a9353b
baea693e
be279ddb
bd6e2576
3b6cc51b
3998b5c1
bc553613
3c36995a
3e1264fe
3dc0ebe5
3d2caa0f
3c732bc1
39d73d17
be28b8e7
bd8fa61c
3b346afb
bb167f89
bc79c6f1
3c214322
3e12b6d6
3dbb8878
3d206824
3c4a94a3
3ba1fce0
be28ff5b
bdbfe6fb
3a831979
bbf8b5c1
bca174b9
3be619b8
3e11b042
3dae5f76
3d058f1c
3beaa8b7
3c43c17c
be27cfea
be037763
bad62743
bc80c7ad
bcd914a3
3b231b6e
3e0eb00c
3d989e58
3cb6ebb2
ba58aef9
3cb04b60
be247264
be315fcd
bba5fa6a
bcdadbd8
bd121ae5
bb807e9f
3e0906a1
3d72d608
3c066747
bc3e84a7
3d095e66
be1e4e21
be67c3b0
bc168ec7
bd257f69
bd40ca01
bc48dad7
3e00252f
3d21b8fa
bc1b2e40
bccc3100
3d42971d
be153de7
be91ad74
bc6283a6
bd663cd2
bd7668ab
bcb66fed
3de7dfe2
3c827515
bcf3e7ed
bd239ac4
3d7f4a5a
be09edcc
beaf9095
bc9832e7
bd95312c
bd977000
bd07e78d
3dcaca43
bc1d6be6
bd51a611
bd63aab1
3d9bb2b3
bdfca377
bec9cc2c
bcbb9d82
bdb47aea
bdb15eb3
bd322ad4
3dada2c3
bd091f68
bd90e3ef
bd8ec4ec
3daf142d
bdec2d82
bedb284a
bcd3d9b5
bdc9f762
bdc33589
bd4fc664
3d98eea5
bd4c5f93
bdac2584
bda25f10
bc757a96
3a9b0eca
3a87c4f7
3715343b
3b4c62ab
35922d5a
b6de7cf8
b6a68c38
b912433d
3b1cb49a
b83c4c2f
ba1ebe2f
371c43b9
baea09de
373c27ae
ba097c0e
b6f977f1
3c1a32e3
bac4619b
b9c109f5
b9569b82
37ba8897
bb327ceb
372207ed
ba855f81
b743e1b0
3ca6855d
3bf99453
b9bc458c
b9038152
37d394a8
3b4cb042
34dd21a0
babab746
b7748901
3cfd180a
39c6802e
b943afca
3aa80801
3787ac17
3b33b30c
3763a445
bae550b2
b79cd07c
3d2fb4af
b88f73e1
3829ba57
3ada2d0b
3746c87e
3ad8c587
37ab2f44
bb00c9e2
b7b439aa
3d671b6a
ba0f3bf2
39aa746f
3b4c5923
3758b501
3b8843e0
38022516
bb040230
b7b9bc39
3d928de4
ba3f5bca
3a28f84a
3bc4fd9c
37876684
3ac2fb38
37e77808
baee8d4f
b7995201
3db48b36
baf13478
3a70faa8
3b9d3a74
373065b2
3bc26249
37e5b4c5
bab85e92
b7a2617f
3dda1a65
bba4abbd
3b746a30
ba00896a
3b63611c
b976541e
bba1666d
b927242f
3f0def8f
ba3a6600
381061b7
3aa86edb
3783fa24
397f6f27
37553b9a
3cae685c
38c58525
388ec864
3b07541d
3808314a
3a56d0f8
37ea4320
3d2bd729
ba1971bc
38b9692b
3afe0d1b
3834e134
3a4bce8b
38162552
3d760fe2
38927014
38d2d55e
39432a67
386c25b3
3a8d0b7d
383cf790
3d98fb70
3a848d98
38de67d6
ba44c392
388c948f
3ad29cf9
385f3d60
3dacf698
3b050c29
38dcac8e
ba768a52
38998969
3b17ffbe
38777109
3db3ce55
b7217e25
38bb2aee
bba711c9
3889adb0
3b0acad6
3859cbc4
3daa0257
baa26e84
388cec06
bb9c8672
385869b1
3b02eb3a
382e83ae
3d8bb00b
bb52ace7
38166605
bb9c5ed8
37e9492f
3aa41fd6
37c06483
3d274d50
3983136b
379c9457
3e57c371
3cf620a1
3ba8bbb9
bc2ad90d
bbaf1ab3
bca29816
bcc565ef
bbc674aa
3dc216fc
395ab59f
38629f63
3e61898c
3cf96cc8
3bb01320
bc32caa9
bbb8ac0a
bca9fd73
bccf568e
bbcae786
3dcb932f
38a10c57
37c1f2c8
3e72b773
3d05cc0b
3bc7b64b
bc45a2c5
bbc08c40
bcb1710f
bce74b2e
bc044377
3dd870fb
b82046de
3753c932
3e858de6
3d0faee2
3bdf78ab
bc5aa4e4
bbd315b7
bcc18601
bd00882b
bc197d84
3dee2bc8
b978d731
377a1529
3e949d50
3d1fa36b
3bf9c747
bc6d59e8
bbe7c941
bcdcac5f
bd0b7dcc
bc1b1820
3e058662
b9e4b7f1
37fb5e2e
3ea58211
3d35161a
3c0cdf64
bc8035f1
bbfcf77a
bcfd15b2
bd17f8a7
bc21a2ae
3e1603ad
ba223acb
3851f890
3eb6d3fa
3d4fd7e2
3c1f8dbc
bc8bc2e0
bc07904b
bd0d90ea
bd28c115
bc38c3e4
3e2624c6
ba58f042
38846201
3ec81298
3d617296
3c284061
bc8a95c6
bc17b104
bd29a657
bd231dee
bbe2058d
3e3ba8e0
ba82f104
38b4fea6
3ed6d0c3
3d6bcb60
3c2d457c
bc871fa9
bc2a459f
bd4492da
bd18c592
bae125ee
3e4f8441
ba94ede2
38ad88a6
3ee0f866
3d68b7e6
3c292b11
bc7a89a1
bc3f047d
bd5eb28d
bd0210c4
3bb03b36
3e60b4c1
3d1348c1
3a1f425f
36d1f697
3b2135ae
36b3b0a2
376dd56b
34eca5d9
390ecf15
bb722e5a
b81f2324
3ae1b1c7
b7c869a2
3b55939f
37861220
3ab52c0d
b8d1f55a
38045a4e
bc03c25f
b98bf6ae
3a8fb0e1
b8716b77
3a0473a7
b6505464
3b147420
b95bcc67
39a47b1d
bb46223d
38ada59c
3b797e3a
b916424a
3b41ae7d
b7262a33
3b0fd1fb
b9ad4da6
ba520984
bbad88de
3aa64ed4
39d429de
b964b1dd
3b8b0f6c
b88dde57
3a3321de
b9f89875
ba6b431e
bba3624a
3b65939f
3b548a9b
b9a7857e
3b26ef91
b86d6ee6
bb3f9850
ba26f623
baa87cd9
383d675e
3be466f8
bb022801
b9c73e5f
3b796e38
b8d51ee2
bc18f7df
ba58a20d
ba9fd3dd
3c3338b4
3c42eace
bc4589e1
ba0ae6b5
bc21e692
b9627fab
bc9c6540
ba87febb
ba6a08f7
3d0af626
3c99950c
bcb4c374
ba2f2c1e
bc4ea54f
b9966eeb
bd0491de
baa6a620
b708aa37
3db65a8f
b93a3f34
baab03b6
3b86c36a
39f88d12
3c538621
bb9e682c
bc6658cf
b9a29570
b8cc78a5
b94d6032
b90ac136
bb97a4e6
b98e6215
b983cfd3
ba08222b
b9428fbe
baef6306
b986c340
bc16a0db
ba0b0284
ba0679ce
38e14bc6
b98b36ff
bb12bb81
b9c0a746
bc63c19c
ba453f92
ba4e9a5d
bbaaacb1
b9afc939
bc080146
b9f3cda4
bca5b2e0
ba7601b4
ba76fe6f
bc3872d7
b9c73353
bc715ae3
ba0c14f5
bcdd2833
ba8b464e
ba7bd2dc
bc94d3bb
b9c5626a
bc8a8a18
ba13cb64
bd0382be
ba8fcd14
ba54b467
bcb4e6b1
b9ac7dbb
bcb268f8
ba0babbb
bd09e0ff
ba856491
ba0b4341
bc890a15
b968a493
bca98d1f
b9da5913
bce566f8
ba4fd4c7
b95fe9a9
bc21b45c
b8e32792
bca7416b
b9774167
bc8c8646
b9ea22f4
3694df95
3a90de9b
3a927309
bc0974df
ba80b238
ba7d9162
bafb7023
ba8aeb19
ba10875f
bb53b981
bb957cca
bc007287
3a9eaf88
3a8a4acd
bbe1886f
ba99554d
baa8a87d
bb016d32
ba9aa9a7
b9841add
bb45baa8
bb802e3e
bbe262ed
3ac35d05
3a6a9164
bb549149
baf3edc7
bad59794
bad8634b
bada5371
ba162c56
ba8c5bfd
ba77e01b
bb573c48
3b0a58f9
3a3eda36
3ab1b61c
bacce49a
bafd563d
bacc7a66
bb0ea3ab
b89f2097
388dafe1
3b027234
38b4e2de
3b28ec7a
39c6df83
3c349886
bbd5c505
bb6bcd6d
3a85622a
bb845abc
bb9404ed
3c34cd4b
3c82a3a7
3c80383e
3b523f7e
38565074
3cd5a50f
bc8f7b57
bbcfc91e
3bd2bef8
bbec85da
bc75ffa5
3d05d874
3d2c842d
3d34bf0c
3b7671ca
b97fdfa6
3d3b0bcd
bd0fb40d
bc22fb8e
3c5e9a4c
bc42576f
bcedec6f
3d812419
3d9e6ef0
3da898bd
3b8c8414
ba298cf2
3d8b900a
bd691eeb
bc6d59ea
3cba86ad
bc8f2724
bd447790
3dcf566f
3df8b563
3e04e30c
3b982faf
ba6c2541
3db1dee6
bd9683f3
bc95ace2
3cfe2808
bcb2c07b
bd83835e
3e0869ca
3e22d580
3e2df258
3b9d99b3
ba8a9c57
3dcbc561
bdaa2880
bcacb04d
3d1c071c
bccc4e2c
bda10102
3e234ce1
3e41e0fd
3e4f3281
b8498e80
353079be
395e1f1e
32f9cdd8
b5058f57
b20b3ca7
37093ba1
b98ece3a
b803e9f1
397eec72
36d92c24
39d9c115
3702361e
3a079a31
36781e93
b8b32c12
ba94fea5
b9cb8142
39b49b73
3779f1bb
39cf7e6b
3758e056
3a8a3f4a
36f4858e
b90e8c1d
bae0f218
ba377b68
3ad21c1d
36d33cb2
3aec8df4
37b7e18c
3ad3b6d4
37053f85
b9bfda6a
bb853fc2
ba714357
3b03e755
365269c6
3b3f0332
379f7baf
3b0e872a
372758fe
b9ff6870
bbcf42ae
ba7c80a4
3bb359e4
b6d721ff
3b552dd2
37fc1d86
3b2ce1ec
3714ea8c
ba4813bb
bc33e478
ba30428d
3bbfd317
37ac8164
3b51e11f
37f38543
3b37feff
b63c76c0
ba8a3ae6
bc8b041a
3989a0e6
3bc91240
b88179bb
3b4f6c44
b765441a
3b23ccf2
b63378f0
393c7224
bc685f6c
3b22ad28
39aa0ead
b78779df
bc1c2122
380825bc
3ad29739
b77f2115
ba935921
bc355a0d
37b3143d
392dd224
3903aa4b
39875acc
3ba1df05
3905254d
bbbaf39f
3a71ab45
b8034ae7
3a50565e
b4a5d5db
393f8107
b78bd1bc
b9801f6b
3adae648
b882f430
3a9b2006
b605031e
39579e02
b80f8b70
b9fdb5a9
3b2621f1
b8c5c18c
3ac520a9
b6b7066e
b6c7981d
b8585f97
ba37ca69
3aae24e4
b904eb89
ba162dc7
b772d5e3
ba7e38fd
b89823e5
ba62e7f8
bb051614
b926ba0f
bb9fe9b7
b7f9111d
bb39252d
b8ca82c9
ba791951
bbdfb4dc
b938eb15
bbd2ba5c
b83c159c
bb962f6f
b8ee4cac
ba70d067
bc3dfc9f
b93bb81c
bbbc9116
b85f28b5
bbb9e0ec
b8f1bc02
ba409d6e
bcc658d4
b933cd3c
bc89fb03
b88d8782
bc05bc9b
b8ff7a84
ba06cc08
bca54556
b8d5de6b
bc2d42a5
b861e842
bbccaa9b
b8aeae08
b95bbd92
b95222ab
3937b90e
bb8405a0
b969dbdf
38d873db
39727b8b
397a9d92
b983879f
38a573d8
ba2dcafc
bb014353
b92082bf
3937978d
bb97f969
3a22b59e
3979b826
b951c5a9
39ddef6f
3a17ee69
bac2526c
bb18362f
bb755ba5
b855d267
397e9e04
bbb9c366
3b12cf38
39f0200b
ba652de0
3a44b1d7
3b00e5aa
bb85112a
bba5b915
bbd9ab84
387204a2
3993faa8
bbea03c8
3b9b693a
3a4257b6
baf6a594
3a94aff4
3b828908
bc00192c
bc134007
bc319c0c
395d7292
39a3353b
bbf9fb5e
3bc5d470
3a39a3ff
bb092593
3aa19bb2
3b9173cc
bc107718
bc221a38
bc414578
39b73a30
39e00761
bbbbfe6f
3b87642f
b81a09c1
ba10e659
39f159a0
3a8766d0
bb5ba5a0
bb6b43d3
bba9fbef
39ff9a61
39ea5972
bab4800c
bb1cec81
bab84256
3b12a600
baa249ee
bba6c9c4
3c0514d0
3c1035e4
3c017311
3a0d74c6
39f638cc
3bacec2b
bc637068
bb5577cf
3bb70dd6
bb6fc979
bc5ab161
3cc118b1
3cd1413c
3cd00a15
3a04e366
3a084aa0
3c9adc31
bd1a2ab6
bbf707cf
3c6f1dbc
bc1186bb
bd0a8a8c
3d79a80d
3d8638d4
3d88b35c
39d447b4
39fac831
3cf5410a
bd6bf771
bc2d22d4
3cab4e7e
bc5454c6
bd464532
3db44871
3dc17124
3dc74c92
b983ea80
3b624cd7
3a0bc378
386f1c64
b7984955
3c30dbbb
bda09349
392261f8
3d3959d7
3718d79f
bb9e2e45
3674a97d
b9486266
37191f30
bb004096
bcb668a2
3ac29a00
3c90a9eb
b7a051ec
bb0bbb50
37ad5265
b7c68091
3728d0f9
bb124a4d
bc5fe395
3b0120c8
3b0a42d5
b6f53c76
3a973010
3805006f
39bb493e
37146366
ba9d3ada
bc110211
3af0493e
bb1f2252
b58e062c
3a97a3e6
3811d26d
3a2d4668
37104f4e
ba857520
bb314fba
3ab72d58
bb0c3efb
371497e6
3ace1024
37e29240
3a4c5aa9
370610bf
ba312282
ba855d9f
3a7080e5
bb226721
3749b223
3a3a6de5
379c6e30
3a409d66
36dd2a33
b9b5d5f0
381a8e0d
3a07142b
bb196ec9
36b52e7c
3a31efe1
370b226c
3a179d83
36b63a8d
38aca705
39d1229d
39781e75
bab24bea
36e39833
38bc2872
369ca548
39c35400
3680605c
39b3414f
3a95c3c8
be320980
3967b2ea
bc16883e
b9f52bfd
bb1472d4
b8bc7c2e
3cbfc462
3d67e2f5
37844d0d
3c3785bb
38330b3c
3b7a1374
38229c7b
ba422a13
3d607abd
b79f4a20
3bc11293
384f6f89
3b04828d
37d50440
ba957072
3d1123f6
b85ef222
bac93bc8
38396727
ba34f5b9
3584f2c2
baa296e2
3c992bd4
b888add5
bb86a213
382b23d7
bae55acd
b72c8d22
ba9df820
3c0dd0cc
b87b902b
bb6229a2
381f0094
bacd486a
b738e4db
ba8a6029
3b32135f
b84c791b
baf68240
380a32d1
ba8cbcf7
b710ea05
ba59b31f
38a8ce47
b8122720
38aef6a8
37e06f73
b9fd22e4
b6978db2
ba15c671
ba6b5824
b7b57844
3a04db10
379aec15
b91196e6
b5f80c1d
b9a97a6b
ba3f857d
b7281f3c
39fb5fbb
371728c2
b7e37656
b540f246
b8f8e123
bb175dc9
b9faf971
3d99a4e9
be30722e
bca15a88
3d0e838e
bcf528a7
bdbb013d
3e354382
3e382f37
3e398b3a
bade9bbe
ba0ca601
3d4f5a43
bde95683
bc4bd2dd
3cae5117
bca22641
bd675cf6
3de28481
3de8c2f1
3df0107a
ba7f9c86
b9ef70a2
3cec54c7
bd784084
bbc3a11d
3c1adf46
bc27f8d6
bcdcbcb6
3d5c00c2
3d60a81e
3d6bc729
ba07cc97
b9cf1d6f
3c8324ca
bcd4289f
bb13e594
3b5320c5
bb8e2a95
bc2c8e30
3caba221
3cae6454
3cc67730
b937b2b4
b9a6d2e8
3c20d911
bbf6588a
ba03ef24
3a50bd62
bac4db42
bb68a682
3bc81a16
3bd5c740
3c1d24bd
b8142596
b9742c59
3bebdb03
3a946db9
3917a6ea
b85382ab
b94a240e
ba87b3eb
399d171a
3a7340c1
3b88b0f8
383033d1
b9342f7d
3bd4522e
3b7da40c
394de0a4
b86162d4
393a4acd
ba1d704f
ba76d485
b915366b
3b53552e
38c5ed9c
b91b10ca
3bd1b722
3b811817
396a83df
b911be3d
3915a4d7
b9eba102
ba948cfd
b996a950
3b47bdc4
38f7c5cd
b8f6116b
3bd7b8af
3b4731fa
39495514
b8aad990
b7bbe15f
ba253e33
ba34becd
392be664
3b6217eb
39262357
b8bd7e1f
3bdf52c1
3b18d773
39271788
b8f756b8
b8e52bed
ba4d97e1
b9dafd41
39df3011
3b72d303
b6c3a1eb
35a800a2
35368a6a
34c4ec16
b80413b5
b97af6f5
35e497a4
38357f81
3a4e7ad9
b71051f2
37bfaf1b
37033513
36cfba3c
b763d15c
b93352c3
376e71e5
3808453b
3a1cb41a
37dc7db0
3824dc3c
373e333d
372bbd04
b79ac580
b8fb6ac9
378b708d
37b2dd56
39e35af1
37d634a5
384e2f46
374435af
3757d099
b7478bcc
b89b99b9
377477aa
372b1d8c
399c1658
370f9bf6
385b04a5
3729f3d2
376df79c
b71a8334
b8017a30
373b6c98
365bdae3
3946deef
360af2e9
384e3247
3702f25b
3770f0e3
b6cc7aa9
b781f239
37023ddf
b57c9009
38df896b
b61ec183
382c830f
36b46769
37653315
b657950d
b6c0eff6
36a50059
b618aa4b
3837cf31
b604829e
37f59402
36588f57
374f9113
34a90b54
35a820aa
3644df21
b67ea52c
b66a5734
b6960f5c
37788edb
35cfe7ec
3733cd57
364867a4
36cd810f
3884f517
bbbfe345
392e808b
3a28a61d
388c9455
3958cebf
39631602
b853ca56
39ebd391
b8c8ffd0
b90bfe4e
b80c0b10
b81a51ba
b6b29228
b80774f9
3a36f37b
b878a9a7
b94d8020
b7fe2c26
b85f3890
b716cb82
b6e40a4e
3a508d6e
b7a7c425
b95c531b
b79a6a8b
b867c025
b72e1a52
36dee115
3a4e3b3e
b63f7993
b94bda80
b6fc3fa7
b84d99dd
b72d6bee
37015b60
3a395bef
b5395ccc
b92acc32
b590e648
b822e30c
b719ef0d
36c82154
3a193828
358dd7da
b9037240
3630b70f
b7e855ba
b6f535b4
36aab209
39e677c2
369ffa00
b8b8905a
3695f07f
b792d15b
b6aa982c
b1307884
39969bd7
35c57ebe
b863019d
3668b187
b71bf533
b6428958
b5a92554
3910d7c6
355206f2
b7d07835
35e19459
b665da1d
b590446a
3bb6269b
3b71e1ee
bb371634
b9e98b2f
bbb70506
bbb6270b
bbb4da99
bbc342e8
bbcdb04b
bb6ccb11
bb12b1ad
3ba945a8
3b5b815f
bb213d07
b9e192e3
bbaa3598
bba89b94
bba884c5
bbb55e36
bbb95b34
bb513b40
bafc922e
3b94439a
3b37f3a1
bb01bd51
b9cc4495
bb95136d
bb9389c0
bb94107f
bb9cdecb
bb9ccf01
bb2d80ae
bacca3fe
3b77ceb5
3b0f9628
babf914c
b9a50559
bb78d17b
bb774078
bb782839
bb7f1ee0
bb7c7776
bb096921
ba9f5460
3b473fb9
3ad0519c
ba7ee94d
b9703120
bb4773a8
bb47e886
bb48159f
bb4469b8
bb41cf39
bacf66ee
ba6da90c
3b1b4ca3
3a8a8187
ba0f5fc4
b91ee2b6
bb1ae001
bb1d2500
bb1c81a4
bb0fc848
bb0d9e6c
ba93dddc
ba269e0e
3aedb5d3
3a234f00
b9577890
b8b9f5bb
baebf747
baf34479
baf0a7ba
bac90b97
bac5bc82
ba46a7c2
b9d9f9d4
3ab6edd4
399dcc8d
38371fb3
b82d9d50
bab4557e
babdf380
baba3e07
ba880d4e
ba865a05
b9ff0a17
b9867b70
3a933d55
38c2d068
3956dfd0
b76d26a7
ba90261a
ba9b03b2
ba96e875
ba3cae03
ba396fe0
b9a07f1f
b91bd50c
3a829f4b
b6d3dfe0
39945d6e
b61c0009
ba7e6ddc
ba8abe0f
ba865d68
ba158994
ba11ce00
b9666739
b8ca3332
ba065acc
395e4e09
3980987c
bccb16dd
3b51e8d5
3a844aa3
3bda2afe
b82a15c5
3b887442
b5a89e94
3babe727
387a0f17
bba2b6a2
bdc4ac66
3c08a1ae
3c5c031c
b89285d3
3cb2ba9c
394a4bf8
3bfd1fc1
389a8d00
bc09685a
bd8c9a4c
3c1de253
3c6275ef
384418bd
3c8f403e
397abdad
3c02a851
3888fc4a
bbaaf6be
bd2b5cfc
3c0923ac
3c0db236
38759704
3bb9720d
39407fc0
3be255ec
388664b6
bb8792fa
bc8cfda3
3bd12293
3b805839
387f7ca9
3a1adcb7
39112b2d
3baec7e4
386dffe6
bb33cfc8
bc102a84
3b905a2c
3aa3fb42
388c3b11
bac22ab6
38c69eb1
3b71634f
383c4364
bac4f29f
bb390e02
3b34aff0
b8af2533
38309319
baf35888
384631f3
3b1159c6
3816aaa5
391eb8b8
3a7e04a7
3ad2791c
bab6940d
3825c577
bb471f8b
37c7382e
3a891426
37d25140
3aaf74fa
3b60a332
3e0339e1
3afb615a
3daf56a5
bb01a692
3d41c1f7
39c348d0
3dc43f13
bd75cbf2
b9ba42b4
bd717df4
b878b5ee
bcc14209
b978b4fe
bb191843
bd469c36
b9e89bb6
bd07eaa1
3829b968
bcaf0994
b973213c
bb84d0fc
bcbd1e72
b9d7ace0
bbdd9e26
3916b869
bc4ecf00
b9298563
bb9a6991
bbc5fdc5
b9b54548
3b535fd3
3953e52a
bba4784e
b8c81873
bb9a7e7b
b946204e
b991ea27
3b200093
395f7990
ba5044f4
b86279dc
bb895f07
3b1f7de7
b9591324
3b1c86d5
394d22f7
3ae4283a
b7c90e55
bb5b29a1
3b5331d8
b9147c13
3b40221f
3926982c
3b3670cf
b69f39d1
bb186787
3a67df5d
b8b85399
3a3910ac
38e0c56a
3b0fe660
34de0ced
baadafc2
b89a0657
b82996cc
39b84a09
3858e3cb
3a8e3180
35029fde
ba0039f3
ba0a7194
bb3cff58
bd18c0e3
3dff1930
3cb773da
bd38ff37
3cde5cfc
3dc959cb
be3ac658
be43056e
be469375
ba7ed07c
bb36b3c6
3a8f4bdb
3d92f9b0
3c453d49
bca4894d
3c60be57
3d3544bb
bdb13586
bdba1988
bda0ca7f
ba7fb186
bb1986c3
3ce1af42
3cc76e4f
3b77a267
bb5b12d3
3b550caa
3bb40fce
bc7ab603
bc5c027c
3a3fa054
ba4968a6
bb052841
3d2123ae
3ac51a11
b6717939
3b3322e7
bace2721
bc08d5d3
3c415c93
3c807888
3d011600
370e2e8f
bada1111
3d275ff0
bb9f99f3
ba4c1435
3b4d4318
bb50e8de
bc25c93d
3c7ac853
3ca072b2
3d0eb332
3967964c
baa216f7
3d20b8cf
bbb53eb6
ba77efea
3b15bb75
bb4e5e75
bc1920c4
3c5d6c77
3c923510
3d055cf2
39ae58f2
ba6e808e
3d147485
bb616fd7
ba985ab5
3a956b06
bb243909
bbf20f2c
3c129595
3c58bffe
3cdedb44
3a328f1b
ba539b09
3d06eb86
b9e71dcc
ba133432
b9d4ba1b
bb0fcd07
bb8e521d
3b6a22e6
3bebffa3
3ca9b914
3a070b4d
ba360985
3d00af15
39b0d099
b876135e
b9c265a5
bb0aeee3
bb82bd0c
3b0c3d87
3bb6a4ed
3c9a3b60
3a5bd8df
b9f19700
3cff1e0b
3974356a
b6a4be26
ba4ddd71
bb079d84
bb8e57af
3af8de4d
3ba9e03b
3c9663f8
b4c58f4d
b5eb9909
b748861b
38819058
35c856ba
3854c6c1
37f89904
38f7a00a
3a527041
3614fba1
b7533de1
b600105f
b937f55f
375eb1cc
37eeeb75
38540961
388701b2
3a241b9d
369e965b
b7b08143
b6c6f99e
b8f57f29
378a805d
3725ef40
38856320
37f6a62f
39f64c48
36d9cdb2
b7ddc296
b5fd9bca
b89c2668
377b651b
36d3134e
388e9502
b5b2cf4f
39b0c2f9
36ec67e1
b7f071ab
b618ac78
b7dfbc58
374246e0
366c9b92
388741eb
b78396eb
396e0eba
36dc4e84
b7ea4e90
b5a88783
b72fed7d
370431a2
35ea761a
386477d4
b73b527b
3910af7f
36b2c225
b7cf0c20
b54d03a6
b58e256a
369e2dc1
34d1f3d0
3824e678
b710d3f7
388aa8e6
367c4399
b7a32c99
34c72c76
3685fd01
3628a2ce
b5f70180
37ae850a
b6f39892
36f2c88c
3614a98e
b756f650
3535ee6f
370bb652
b8fe0a26
3a438cdd
ba022806
bbca4eaf
37cdbe52
b9e202cf
38341abf
3858dcf4
b91fdc29
3923be5e
39d7f280
b54e4dae
38a3eb66
b5fb744a
382adf51
b96b0758
392d6179
3a2908f0
b6f104fa
38fabd8b
b646830e
3790e507
b97c3c9d
38eb7a7c
3a427cab
b73f6dbc
390b0501
b65027e6
36aa2aef
b969851c
387aa371
3a421f24
b7271b40
3905698b
b646554d
b5fadd58
b943b846
378d6425
3a300743
b6f4366b
38e830d9
b627acfa
b56493f1
b916a2c2
b59c3e66
3a12a92e
b656dc0a
38b97c47
b600dd45
360a3b8e
b8d37664
b68bde29
39de0186
3439c994
3886a250
b5acf599
354010b3
b881f48d
b6b4228e
3991ad91
35a2dd23
3829a984
b54085b1
b3beef0a
b7ee5d62
b61f4eff
390c4228
35554311
379b8775
b489a0bf
ba01e2e8
bbcc282f
3bd4394a
3a29a885
3a330648
b7f384e3
39350c9d
3b9fe1be
3bbbda74
3b88aa1f
3b37450c
b9be96ec
bbbe15e3
3bc42ca0
3a257e75
3a11127a
b9312202
389d1a42
3b95e9bd
3ba80d6b
3b734bc5
3b1f3634
b93107cb
bba6f8f0
3bab0077
3a17bb2a
39b7b487
b9b5053a
b89addb7
3b839cc5
3b8c7100
3b4a0212
3b008f9a
38247dca
bb8c2af8
3b8eb14a
3a00c847
39007e39
ba0449b6
b979276c
3b59bbd3
3b5f747b
3b20af8a
3ac82ff4
39729bd4
bb62e8e1
3b65b90a
39ce6fdf
b8c46272
ba257748
b9ccc3c2
3b2abb76
3b2a4526
3af6f9e5
3a975c7f
39cd0df3
bb32b821
3b340032
399da1cb
b992963b
ba3d5371
ba079d6e
3afeb85f
3afa2f7b
3ab92cff
3a61b7d1
3a06c9db
bb0ae02d
3b0aed21
396be3e4
b9df08f6
ba4d4bac
ba20ce0f
3ab6af62
3ab19d2a
3a87eeb3
3a25b039
3a1d9bbe
bada0e9a
3ad81e76
39336360
ba0a9886
ba57cea0
ba325d88
3a810d58
3a7757d6
3a466221
39f1df7f
3a2c136a
bab37d61
3ab01cad
390e3477
ba1bc68c
ba5de165
ba3d6dc1
3a3c4989
3a32828a
3a17b8f3
39b9b368
3a338b56
baa1a808
3a9d7d29
38f8d734
ba246244
ba6178e2
ba431c2e
3a1b7c09
3a12288a
3a01e498
399f7482
b4bafceb
37158c92
b8b380f8
b4d6c699
b8c9cabc
3439c66e
b8475d8d
b4b6e426
3a305de8
b499e962
373a3c95
b8a7fdc6
b48da62e
b8ab0f30
b4224c90
b8bf04d8
b506052d
39d35402
b4a69088
375ceee2
b894b3b0
367e77b8
b8a2817d
b4963451
b8646e9f
b503e4b3
39563015
b4999aca
37398c39
b86a4ba7
36cef8e8
b7f87b9d
b44a662b
b7fcc49d
b4602399
3895ad12
b47fdb47
36f8f346
b7c420fd
36d0447c
b63c700a
b3d5080b
b7529c3e
b440bca8
b6f432fd
b43f08ac
36a55645
b6e35a0f
36a1f872
3744e8dd
b38c5b3f
36a0cf83
b3f8ea90
b84006db
b400dce8
35ad901b
36b485ce
364a8d6f
378cad69
b39fed71
37475506
b38b76d3
b86e6e73
b37f4246
b4e0e4b1
37080f74
35c251f5
37726428
b2e22124
373f087e
b1a89a06
b854db25
b1a09a5c
b64f9e2c
3737bfb3
b9b3ff34
b6c5e855
ba059e44
3570f1c8
bb4a7151
b5c61832
b94a6f81
3982387a
35c50aab
39ace384
3529935b
3a08fefd
35a56b86
36b3f077
393a6065
35d2ea41
396e9872
3503398a
3a3152ee
35a55ac2
371564d2
384c805f
35a5ef53
389d9a19
3431fdc5
3a269f44
35614cf2
372bf6b0
b7cced00
356ca067
b704abe1
b3a04863
3a0875b8
34fe2fa6
37250864
b849368a
351e74b3
b83de5b7
b46da14f
39caf9d8
345e2159
370cfe47
b834e1a9
34c7ecd6
b844ad03
b4904f8a
398af68c
335989e2
36d6a1e7
b7eb7bb8
3468fdd2
b800f1c6
b4825ba4
392e490b
b2a41ee2
36907007
b771121b
33f49ef5
b7897ff7
b43b4175
38c15eec
b31335b0
361f2e20
b6b1a565
33438834
b6a273e6
b3bd02a2
3821e68b
b2b6cc33
35668293
3833d3c4
36838dba
3a8ac227
b9ac9dcc
b8bbd16a
3935eb07
b8dd4792
b8c57247
3a2648ea
3a81f215
3a9a7e08
38227bd6
367fd78f
3a49beae
b8d1d67d
b81a29c6
38414969
b836bf3d
391383fd
392339aa
39e58f73
3a14a3e3
380473c1
36623b5d
39f8f925
3895e7e1
362847eb
b8293711
36644202
3990d241
b9354e56
37a6794a
38ca45b3
37ba8a5e
363e20f5
3987a3bd
38f7a584
37888b0d
b886662a
37b0bc6d
398ec60f
b9886167
b912b37c
b8d8637a
375f62be
361e5a13
38f07859
38c74119
378556fc
b85f7bf4
37ab7ee4
3952c3aa
b961db3d
b91b39af
b912e1e5
36cd981e
35f9cc07
37cb4811
38506e31
3714c971
b7faaabc
375b15fa
38eb33d1
b8fe84d2
b8bf1bca
b8d3c73b
35bf2550
35b97336
b8067c34
3711bee4
36171eb1
b6e50bad
36b07825
38207686
b80fa8cd
b7eeb598
b84e88eb
b60caac4
3595b6ae
b88b5769
b799892d
b60c0ef4
37043926
3504edd3
b72ba9cc
37bea2bd
3760013e
b7724679
b64ae131
35808d5e
b8b5d3ed
b806f529
b69fac38
377dfe44
b612159d
b816e1a2
385f1e6c
381349c4
36597f87
b6886804
3529ef8b
b8c96b71
b81d207c
b6baede8
3798147b
b646d3a7
b83e4889
388517c6
382d95ee
370308a1
372fef05
37803b52
b5a4e9dc
b8098e26
37692f56
b69f574f
b7b882c3
b6febe2b
3a5a015e
36f2504a
38ebe19d
b729c812
b7ec1034
37c3f447
b7f65ed7
b82141cf
b7407f6b
3a3165b7
373ceb1c
38a2f310
b74326d0
b7bafce6
37f3c334
b7ceb04b
b84b2883
b74de436
3a0b8c3c
36eb9bb7
384151c0
b727fd8d
b74e5376
38031f0d
b7348435
b8582d70
b73970ca
39d273a2
36ba1473
378eb128
b6fc6bbc
b6c446c3
37fe70fe
b695b72a
b84a203c
b714bff2
39948a7e
3675eeb2
3703c4ab
b6aa6695
b5de9162
37e27f27
b5183795
b8253a3c
b6d4aee2
393973d9
3603479f
35e0455e
b64d6fdc
350a37da
37b8dcd4
35983292
b7dc9a7e
b681f222
38a7ddec
b48d5ef8
b5ea617f
b5dde0ec
361d5151
3787700a
3674b22c
b72b4d3e
b5dfca2f
b7218561
b5fd7241
b68eb92d
b8b4cc99
39ad1e14
b8fea724
ba27fd1b
b88ed234
bbe9edce
b90842de
38614f12
b88d9ac9
38a22e00
39068651
38022776
399577c5
365e5acd
382459f2
b8cb17ed
3844b126
394b6555
37f80dc3
39f171a4
36be2bf1
376c0f61
b8d27f65
376d1199
3961218c
37a1cfc6
3a0d9f79
36dc2200
b58a249d
b8b948af
b33899c0
39573e2e
371f892b
3a0fc2b1
36dba0ae
b696fb75
b890079c
b602b5e1
393a11aa
3660de14
3a040900
36c30d3a
b6a356a4
b84578ef
b65f82e8
3912f4ae
b5109e5b
39dd80aa
369b594a
b690d682
b7e5ee82
b6954bf2
38d161cd
b624805f
39a762d9
3657d549
b55fe4db
b74b1066
b5daf9a4
388014f7
b6130bd3
3958e0b8
35f5a573
34c8e03c
b6320a56
b55a72d0
37e2984b
b59641d6
38c8cc18
35350018
b9c7b7bc
ba563c4a
3b7c4612
396969b6
3a013983
39a71258
38dcd882
3a1c71dd
3ac8bbd7
3aba6f91
3a8e32e4
b9a733d9
ba2d39f7
3b6956ea
397fdb9d
39e39545
397f0aa2
38916664
3a036d25
3aa3d239
3a9bc200
3a66ff33
b96f3a62
b9dd3e67
3b4cef24
397cdf28
39b0e565
3924f3d9
37225d84
39a338ab
3a6e0d23
3a6f1c79
3a2fc98a
b90bbbf2
b9259d86
3b2d936e
395aa328
39709567
38ac6827
b86c86aa
389a15ac
3a19d6a8
3a2e9a72
3a026973
b8506e9b
38c26b31
3b0f5afd
392aa5e8
390777f4
37c4d4be
b8f07c30
b9283518
39a086d3
39eece40
39bc4365
378944ff
39a120f7
3ae96556
38fa09f4
384aa8f0
b79c4249
b9267266
b9bc5619
3897ad73
39925ed7
398059b9
3882a427
39f92809
3abe7022
38ae87df
b71c2e25
b83b286f
b943f96c
ba063e51
b8ddf29f
39169835
3925a6b0
38bb1d4c
3a1bbeee
3a9f60f4
386d50ff
b840bfd2
b86d3281
b952801a
ba2234d0
b96e8313
3854c7ce
38d01a19
38d62ed3
3a2ee493
3a8c1dbf
383088ed
b88751dc
b87ecc2d
b956c53e
ba323cde
b99e78a4
b705aa1c
38800f5a
38dcc7d6
3a37e8e3
3a83d344
381948d9
b89385e4
b87a8e9d
b956b4e8
ba395eb5
b9afeb04
b80e1fe2
383975ea
3b9290e7
386916e0
3b409cae
b7be1269
370dd513
b7a93ef7
396a5418
33c3e753
39ccc20d
bbbe9a64
39f74099
3ad860f7
b7b206e6
3a714095
b6cf4aae
39b536ae
35c86dd3
38a90449
bb8176ed
3a1307ee
3a493e4b
b73ba94a
3a69d4cb
344d5c9a
39c6df89
35dfe551
391f67c8
bb212f13
3a01ec19
398ad1e8
b6e54899
39a98922
35942683
39b6d97c
360fc9e8
38b0d6aa
ba791fc7
39c6e010
388a65f3
b6585635
38f3a16c
35b85371
3995357a
36151490
384c1a75
b9f98ce2
3988af43
b89be1f3
b4ae5454
36c7b29c
35a61fcf
3959b75e
360401e1
374a3a9f
b9009463
3929a1f3
b9037a60
33d3b9d7
b871dc79
34dfcbf8
390ba495
35f1ec7c
3633830e
3893802b
38c24783
b9106b52
35eade78
b90eeb0a
3567c52b
3890e633
35c16236
b80c23a8
39655840
bb883b61
397419e3
3b461f67
37a0d7d2
3b0414a2
383c350d
bb0a94e8
3a0a0416
b7c001b0
bafd9636
b6f44ed8
ba5eb182
b73173b5
3846825c
3a7654e5
b80c4365
ba8adee4
b6dd5f11
ba5ec906
b74ef024
388615d6
3a7d7a07
b8173191
b9abac90
b68f14f6
ba209c67
b73af43e
38a0d75f
3a4d204e
b80e797c
b85b68d1
b60dc230
b9ac1ff9
b7142cd8
389d69b0
39fd4a3d
b7f728f8
b88e03f7
b5538740
b9032801
b6dfb928
388af1ff
3992c5b5
b7c51c08
37e5a30b
33476035
37b8b233
b6992c23
385c4fc3
3924e1a5
b7900062
3902d660
34f5d178
38cd0d0d
b63afe81
381bf48f
b62a0b85
b739cfe4
38538f97
34d742d5
38bb9556
b5d9e9a1
37b34f9a
b82626a1
b6b110fb
38236d1b
343d619b
383fca1f
b54b18e8
3709cae8
b99995b5
b8d4cf8d
b9ab2e2d
bb8b027d
b8ba1f24
39a62244
b9a9e220
ba281e9a
3b0c73a8
3af03d0c
3a29eb97
b9895d55
b8d3943c
38d8c1c7
bb6d677d
b9077968
3a219a54
b9a6e258
ba850866
3b3a9caf
3b28f2bf
3b064442
b95b635e
b8a7e737
39187aea
bb319afc
b90cd71f
3a2b664a
b9866f2e
ba882e6e
3b32b8c3
3b2c883e
3b0e28aa
b927708a
b88cfd88
388d5e5c
bae6b3da
b8d4c9d4
3a0d3230
b920d4e6
ba3bb1e4
3b05001c
3b0261e1
3ada2e55
b8bde3fc
b8572f72
b8c175da
ba82a7bb
b84297c5
39cd2bc6
b8aea7ca
b9d2738d
3aabd428
3aab1f96
3a848630
b87d3074
b8051662
b958957f
ba090738
b7dd8bdd
39939ff0
b7bc7b63
b9705d7b
3a654ac8
3a6a640a
3a251324
b8272737
b7927625
b9a18099
b9820364
b82241b0
395648e6
37955b8e
b8de20e6
3a10d49b
3a198feb
39aba8d3
b74f271e
b776dda8
b9d5364d
b8c7c139
b7909899
38fcb7da
37a8a99e
37f40125
399bb8fc
39a2ce82
3857b20c
b7530a6a
b724804e
b9e6edfc
b8d0a32f
b5099d8b
38faf758
370ccd3e
37fc4917
39853d01
3989d01f
b5d82b9d
36f215c4
35d8bd29
b9e68fec
b91250cb
b614cfbb
38c9975c
367e67f5
36b8c989
398692d4
39876591
b754480a
ba651a04
bcd09c60
b95f31c0
bcd48d3e
3916a2cb
bb551ecd
389c6663
bbfbd66c
3dbe0356
bbf428c1
bc8fcb0c
b8c14d26
bccaec9f
b86f4eea
bba85ca8
38254e01
bb3d6df8
3d7f5e5c
bc11e3fb
bc2a308a
b90a8892
bc82ee8f
b8f7a8eb
bbbb8f23
37aba385
bb6a60b7
3d1fbdbf
bc01734f
bbb74ebf
b8eec6d8
bb56270e
b8fa6179
bbaeb1fc
b480ec13
bb0ea62f
3c7366ce
bbc6ed1d
bb26ba50
b8cbd34e
3b0d767f
b8ce8355
bb9070c2
b75d0aea
bab4dde3
3be3a0a2
bb88f829
ba231d78
b8accf21
3b10a8ec
b89dc70e
bb550f42
b7a36432
ba0452c6
3ac057d5
bb29da9b
39b1620e
b82807f9
3b2d4696
b82b5fdd
bb09e8dc
b7db1da3
b814fd10
bac40ccc
bac2476f
3ab4ec4d
b7f59ce1
3b4940b4
b7db5193
ba9067b3
b7ef5c10
3a561dbd
bb6b70fe
bb446d87
39f14f7f
3d6bfa63
39a4a237
bcf5a091
bab84031
3d610171
3c0a1f38
384f0e69
bb3ab488
390d5aa9
3c448ac3
3947876d
ba9eb5f8
3ba23339
385f7f0c
bc8ce2a4
390d5795
3c4c9c1e
397da023
baea41ab
3a45e422
37fdd010
bc983845
38cde507
3c18c118
397654d4
bb0b2f69
bb053695
3605a66a
bc50bf66
386c1ab5
3ba9cdb8
3951146c
bb09efa8
bad611c0
b788994a
bb85dcbd
37dc4699
3b14cec3
392801c7
baf63bb9
bb029f4c
b7f4ef9d
ba86c69b
367f0142
b88dbe89
38f38ce1
bac4a375
bb10f3b1
b80443ab
ba1ab986
b714f32a
bab164d8
389e04a7
ba8ab678
ba052169
b7c70523
3a2c2aec
b72d7dd2
baac97c9
383addfc
ba1f45f9
38ddabef
b7506c68
39248303
b6c4a2d4
ba372463
37a74796
b971c4fd
399f0bab
b8ab9de6
3cc67af4
bb0e6f60
3b877f0d
bc7511f1
3ad59bdf
3cf41674
bd36aecc
bd1d8d3f
bd04f937
3902570f
392902f4
3c843440
3bc20c01
3ba715ab
bc792318
3b4c8242
3cfbf183
bd483cf4
bd479486
bd2e0663
b92b3640
38f25f7d
3c4fdbc9
3c3ba251
3b961d25
bc367348
3b63d4d1
3cb9b2bd
bd237b19
bd262f6a
bd06c0e5
b9c083bb
3960e7d3
3c33236b
3c4e7f50
3b71fac1
bbd96e96
3b3f72c5
3c4bffbd
bcd60a6f
bcd8069b
bc9d664f
ba638822
39909c2c
3c34795b
3c329f9c
3b25e149
bb543b49
3b1f8579
3ba027cd
bc6dccdc
bc6e0d1c
bbe2be42
ba597fd3
3980ac51
3c300245
3c1a1927
3b08e399
badef94e
3aea8501
3afc78f8
bc20fb9e
bc220640
bb214d28
ba4c8d05
397dbd96
3c35cb99
3bf40acc
3b082980
ba998d68
3a9baa93
39ec0282
bbe47567
bbea2ce0
39575b9d
ba66b205
39b64505
3c44c8d0
3babe07d
3acef5bf
ba0e8b1a
3a7fc720
ba957d73
bb9556d1
bb90d05c
3b3ba451
ba44ffbc
39ca11e8
3c4af428
3b9b1f92
3a9bc46e
ba7e3cc9
3a7cef3e
ba5a81bc
bb9ab63b
bb930119
3b376e65
ba7c2841
3984dfcf
3c4b9963
3b9ec582
3a94a4d6
ba53c74f
3a62a81f
b9d8c13d
bba14ccb
bb95f8e0
3b35168e
b71c173c
364ddff1
39921def
36078874
b8982e84
b4bf0671
38571056
b80d525d
3a0532b5
b9a31fe9
36af56fb
b9e6518c
b6276aae
b9099e85
b559cffd
39173af8
3aacd0fe
3961f603
b94d6714
34b7b6a3
b9f3ee58
b6977132
b92f55e8
b5608d76
37bc4305
3aa80179
385baed3
b9a55eaf
b58dc12d
b92e5f55
b6bee649
b9380404
b5a3f426
380acc74
3a3efe81
b7d5ce6d
b91db0f3
b62b750a
b85e528f
b65cd589
b92b32b6
b5c00520
37679404
3a2b7aac
b860f780
b9209397
b618fde0
38a89128
b624a303
b90ea189
b5be8563
37752a3f
39cc44d6
b86b03c2
b8cdbc1a
b613226c
b6ebd3e0
b5efffc1
b8d36c7f
b5b247bf
b6096ad9
394a4ccd
b851a472
b8266187
b5e79bd8
b70e0dd0
b547e687
b885ef2c
b5a0ab63
b76da205
38ef631b
ba96358a
b83c17e0
b8df8070
386a9c6e
ba3305ef
b762d0f6
ba94b76b
39755757
36add659
394af8c5
b593be2b
3903b165
35ec6239
37e31ab0
39a417f1
371b103d
b8c54740
b6246733
3966188f
365092b7
38449eca
39c96ecc
37355628
b9177b71
b66641fc
39891b70
36830082
384f61ae
3951ccfb
372aaea6
b9506fa8
b68baa5b
39504db6
366ff9cf
384daf7d
392df371
371171c8
3784fe25
b6872b90
39174e3f
365412e3
38356221
3882a8af
36e1a558
393340d0
b674a35d
38a1c03d
3620e6d1
3813282a
b7c8cf49
369b8026
39001513
b649fb4a
37950c44
35cdae2d
37d01aa5
b839d7ec
363d5fcd
38884a99
b60b9c65
b6f151ad
3569537b
3771c024
b7e1f235
35af5fc7
37c68a4c
b58c2f87
b71393ac
34c4e8da
36b712c8
3832c20c
389fcdc2
3926d19c
ba9ad0f7
b949b28f
39651cd3
b97b41ab
ba11fe2a
3a913ef7
3a9c4bb3
3a8e0155
382520d7
389a465a
37c15293
ba7d8bb5
b91fbe4e
39055fb7
b93df3cd
b9be9224
3a41b4b4
3a532d3a
3a2e82a8
37cc9423
38822478
b8dc83f0
ba2c4b27
b8f01652
390229b5
b9010b9a
b99f9fcc
3a164965
3a1d00b0
39ff0cec
37a808e9
3862fed4
b99b4387
b98d65c3
b87f2df8
38bac9fe
b860eacc
b95d99a4
39ad1432
39b42d72
3943da8c
35b0c718
3837a0db
b9c61400
b885fa94
b848fa3e
38dca4ad
b72b600f
b9559264
399b099a
399c3245
3925f585
b6872f00
380bb56a
b9f42cb4
38d6b6fe
b79970a2
38b41e92
37b48148
b8ff106d
39044ae8
38e46558
b8277cff
b722536b
37dd0e97
ba08b764
392da8de
37cb1d63
37ff7119
383c1bfe
3649644c
b85d8136
b8e228ee
b98c1de3
b7848cf1
37c3efba
ba090dc1
391438b2
37c527e2
36b19f73
385397ba
3857b120
b9005ffc
b942a4dc
b9ba68fd
b78bd504
37ab3f03
ba0547cd
38cde0f5
3788e5de
b6ac6821
3869b9ab
3892df0a
b903f385
b94e218d
b9c226db
b7b63ece
378ac2f3
ba034774
389943a7
3749e708
b674f090
38556858
38a4bfbc
b9002005
b9462997
b9c011c5
b9a83667
3befc98f
b9300d31
bbc3f974
b878ca32
3b17014e
ba8cd723
3a7c6c7e
3d9de9c4
b899a907
bca1bca7
b79fb262
bc145694
b86db5a3
3a84fa06
bcf91c6a
3b0dfc01
3d8a2f80
b6260b71
bc76131b
b7d0f0c3
bc2175d3
b894edcb
3a10f971
bcb3c653
3b23672a
3d1ebb14
b7b9ee59
bc5af16c
b7bce56d
bc123324
b89180e2
3a015122
bc129c84
3b1b2932
3c8e8743
b8025d98
bc223427
b7c8b0af
bbe73cee
b88af1aa
3a64d355
bbb56946
3afc668d
3c010cee
b80d0815
bb88aec4
b79c59bf
bba439f6
b880eb5d
3a0d72b7
bb289818
3ab167fe
3ab48dd7
b81f1e7b
b8f6fb12
b78f4bba
bb512dd9
b865a7e8
39ea4a78
b8a9d969
3a62f995
bafaebb0
b805145e
3a1b85e9
b7518ee0
bae03b48
b84602c6
38f3fedd
3ab77c1d
3ef6615f
babdee6b
bd79a9fd
ba6bd259
bd633420
ba8f9697
bca2bee2
bebd8556
398a6283
3d274b07
395c5949
3cd590d4
399e15af
3801397b
be29dd16
399a9718
3ce4fbb4
395c970c
3cb381d5
39a3bc3b
b71a657a
bd1c3a41
399e6cb1
3c941f6f
3947c254
3c872a9c
3998416f
371f4777
3c8f07da
39880615
3bb1f66e
391c247e
3c14f2e0
397282c4
38b996c4
3cdc3e9b
3947c2d7
bc055520
38cfef58
3aedf413
3923c73e
39452c84
3cbe2774
390b0b26
bc488a42
38837b6b
bb091c0c
38cfce07
3963edbc
3c81ccc8
38b88a09
bc145c01
381f90b5
bb52cd1d
387bad92
3951629d
3c0348be
38594c36
bbbc8dc3
37a85d71
bb3c4c9a
3804a225
390fe5df
3b49bb64
37c4408d
bb10484d
3704aade
bacf3a6c
375106d7
38730705
3bfdcea2
b8c66709
be21182c
3ef57afc
3d466c50
bd9d8d5f
3da0726f
3e584ee1
bed7620a
bed97ab1
bed6ad4f
3b3c9b32
b8241e4d
bd158ca7
3de67565
3c258bfe
bc8dfa26
3c90b1c5
3d47f9ec
bdc02455
bdbf8b85
bdc5d040
3a0c5044
378b8bfc
3c6422ae
bd59d0cb
bbd0d448
3bf2ed7e
bc1acac5
bca68dbc
3d39afd4
3d3da726
3d2c8e7b
b9fe1463
36a1b2af
3ca59fec
bdbc1c5c
bc153d75
3c2b0689
bc6eb637
bd00cede
3d8be384
3d8a4a84
3d7cd410
ba34c5c1
37a52d03
3c289928
bd9a09ac
bbd259ee
3bc81803
bc379627
bcaecc2a
3d46015e
3d3b0139
3d1f9f7a
ba2a0dc8
3852d358
3a9b276c
bd488ac4
bb81bb5f
3b58e292
bbe26b14
bc532d0d
3cf1cd62
3cd88c2c
3ca6778c
ba0bcfea
37e2df5e
bba3596d
bcd569ff
bb11dd23
3b1caedd
bb617dca
bbf8f7ab
3c89a6e9
3c6a1b46
3c1485e1
ba09c620
b59a04fc
bc0be4a7
bc290085
ba613445
3af25ef3
ba85ce0a
bb8dba5a
3c0d4552
3bd82f3c
3b138358
b9bfc76f
3805a428
bc210edb
bb1dc511
b9bc0f3a
3af0aa5d
389d13a6
bb49887e
3bb3c518
3b7f7f5b
38c6a482
b9c68228
b7c7019e
bc269fee
3a6fd15c
b8c8adf8
3afb5f65
3a009586
bb233086
3b89cd6f
3b313859
ba51ede6
39a6b877
3a876a34
b7952ea4
395f6a74
b8960792
ba469191
37fb9726
b7d53b22
3c71de72
38966249
3afccbcd
b8114512
39cc3c04
b800fad4
b9a149c8
3830952b
37a5ce39
3c89626c
3820879f
3b2cf77d
b8453f1b
3a09cbd1
b78e4343
b99b03a1
38358ac0
373a3574
3c89dce0
b8ffb885
3b4c5c9b
b860da26
3a20baac
b792932e
b95bf128
381d8399
b801fdf8
3c7ed092
b911d1a0
3b5af020
b86a29d4
3a2a027a
b72d4763
b93954e9
37e9ed22
b84df587
3c5bdbb6
b8fe7eb4
3b59defd
b8683c52
3a266b41
b707cb53
b8812f55
379dad8f
b89bbf75
3c2ffbf0
b8a36a7a
3b4b0022
b856127c
3a17b543
34b73763
b882ea67
375610e2
b839fa86
3bff0bbf
b85e3ce9
3b3151c3
b83524fb
3a006fa8
36231920
b7f715d7
3a342cb9
3e7a804d
ba17d7a9
3d03276e
b932b1cc
3c08d7f8
3943fe9f
ba088cef
bdd48c01
39202573
bb5697dc
37342bf1
ba6cd902
b7375d11
b988f853
bda0cb8d
39a6ccc5
bbbedfbf
3832962f
bad40c2f
b782dfe1
b881a460
bd68edef
398ad078
bbf2f13b
38656ad6
bb063aa0
b789af03
b49c9330
bd20e0ad
38a2bc92
bc03673d
383183f7
bb10501c
b780771e
35d20128
bcd27dbd
b8a8afd0
bbfe13c6
37de94bb
bb0a8f92
b756dbde
38722830
bc8119dc
b887652a
bbde964a
381ad79e
baf0ec6e
b724d845
3870f1f7
bc120c63
b832f8ae
bbaf0028
380e530f
babbda4f
b6d919d9
386bc772
bb932c56
b62f5da1
bb6be6d1
37f26a0b
ba7aecbf
b66ccb4b
38083b2c
bae7d5c2
36ed46d5
bae6b74b
377fbf0d
b9f048d1
b59e7377
be7a7a18
bdd0b7fd
3d5e3793
3c74f845
3e78f6a2
3e7e45d8
3e7c5db9
3e60a853
3e5faa74
3de9cfa5
3d8c5619
be12fddc
bd4af0f0
3ca742ce
3bed6f2c
3e116495
3e164f1a
3e147dd1
3df6f6b1
3df63c9f
3d7b4a88
3d172132
bd87fcb7
bc52e483
bae40615
3afc7a9a
3d852ff0
3d8d0ec5
3d8a3780
3d44487e
3d434aaf
3cb9a60f
3c5eefd2
bc24eda7
3c300407
bc6c1cff
babcbde0
3c13904b
3c3e43c3
3c2fdeee
bb296646
bb3f0b63
bb8017c5
bb1e9836
3cefbf06
3cc79c23
bca422f1
bb5e156a
bcf56c3c
bceac45e
bcedec54
bd120dbc
bd131132
bca9ecb9
bc4d2252
3d630887
3cfda4fd
bcabf0d1
bb8f4b6f
bd645223
bd63e94c
bd63b2f8
bd647e6f
bd6452c5
bcf8e2a3
bc955dc2
3d932909
3d07bb7e
bc9eebfd
bb99976c
bd93257f
bd952412
bd943bfa
bd88fbf5
bd889629
bd10c43f
bcad6811
3da70d17
3d0744ba
bc8a77a6
bb992ed1
bda6606c
bdaa32e0
bda89b5d
bd942678
bd938a82
bd198b7f
bcb7b90e
3db1efdb
3d03faa7
bc70ea91
bb95086d
bdb0ceee
bdb5dcf2
bdb3d88f
bd9909be
bd986e17
bd1cc28b
bcbba01d
3db73053
3d0203ff
bc5d9291
bb925b59
bdb5bed2
bdbb7833
bdb9388f
bd9b46b5
bd9aae63
bd1e29fd
bcbd69b2
b9857a5d
bb9394a6
b71ba566
3b90adb9
bdcb4456
3b6c6baa
bc2b3086
38263cee
3dc0db4f
b6c35e3e
bbda847b
3720f41d
3a7cdc51
bd88b795
3bc1ba9a
bc6be617
383ffaf3
3d950ab2
391fd059
bbe37581
b6f25b6b
3b8b1897
bd197cc5
3bc6c93b
bc107168
b7928652
3d0e6477
38bbb1e7
bbc2c388
b76ad473
3b31d36f
bc8f73b0
3ba9d1a2
bb6c3175
b8277afd
3c8351a1
3842df23
bb90f9f5
b7a260fe
3ac55baa
bc2fd6da
3b805c82
b929f0dd
b88a8c4a
3b820fd4
37ea5097
bb3f10c0
b7d1b6d9
3a564eae
bb4d7662
3b2e8df8
3ad34f6a
b833907e
bb15aa36
36013b7b
baddba6c
b7defe9e
391d914f
3afb42cb
3adae312
3aa4d001
b7f44d3d
bb9d2b45
b694e13f
ba54379a
b7fd7cdc
ba1d73b1
3b23390b
bd5af4e7
ba8db549
3edf3d6d
bacab38b
bd2bc561
baaffe84
bd2c06b6
3d29d989
39cd0104
becbff8a
38e5303f
3cada37f
397304e0
39c8621b
3cf1986a
39ca8558
be0c9056
3935165b
3c950782
39886eac
3a4b7d2d
3c4c2777
39a31b24
bb511a06
3961a96c
3c46c4e6
3980aa0e
3a9f2ecd
bb2e96f4
395dcb79
3d0bcbeb
395c0a03
3ba85a5e
394e6d35
3ab11c54
bc21a42a
390395c7
3d0b7b0a
393ea95c
b7fcfa9c
39165fc1
3aa63afb
bc2f6dea
3884f12a
3cb7bc58
39191fba
bb302ff9
38ce0f91
3a8a1063
bc06b224
3801ac2d
3c332825
38dcf225
bb5658bc
388418fb
3a45ceb2
bbbc5135
373ee5f6
3b4ebe07
3888761d
bb383e38
380fae54
39e29c72
bb3551f1
365a8656
3a3825b6
37f9535d
bac6e734
3766ab75
392d7214
3b539301
ba519bdd
bd2c3c6c
bd8508cc
3cb7bbc6
bdd8fdfe
3c240502
3e576e7f
be96cb86
bea21a60
beb4815d
3a83388a
ba60474a
bc0b3d84
bc862e00
b9bece08
bc16972f
bab617a3
3ca8f884
bc9c19de
bc99d969
bcfa47de
39cb8844
ba56d33b
bbca6361
3c8fb3a5
bbb4d595
3cae3eb1
bac64168
bd225316
3d7807a7
3d88276b
3d839e5a
ba31847e
ba3b474c
bc5de624
3cf64b41
bb95af36
3caa0c6a
b8b60d7a
bd17cb21
3d578c63
3d65d91c
3d62ca9f
39320fe2
b965bf4c
bc946fe3
3cdac693
bb1bdc61
3c5049a3
3b06da3e
bcb46780
3cefeb10
3cf48f68
3cdfdeae
39e1f770
ba21134f
bc9e82c5
3c8620e9
b9d164a9
3bbd3916
3aff675d
bc0e776b
3c44cbc4
3c32add0
3bc464df
b92f68de
b92b07a2
bc90fc86
3bad0479
b8f75c41
3af5a5db
3a32606e
bb432123
3b9baf84
3b527426
bb521bae
b7f00ccf
b9f7ee9a
bc77f15f
bb4e057d
b8fc688d
3aab702e
b9fac483
ba38c0ae
3b8e1289
3b0b0879
bb93fedc
ba4b64bb
ba08580f
bc4ab5b6
bc0fd143
ba9817c3
3ab5d94c
b98578dc
ba9d1f52
3be6463a
3bb459d4
bac186af
36e11f95
b8bebb29
bc36722e
bc3e9079
baa12135
3ae3227c
ba8da59d
bb0e207d
3c191cf8
3c008efc
3a655ead
b786d84d
ba10a3b9
b897487e
3998a3f2
37caa0c9
37a0d1a7
3afbbf0b
37bf1907
3c527ec7
b7cceeed
ba891de6
b80a8e4e
b99895bb
38147fc2
b82f9e21
3b2cceec
38ff2a5a
3c72b2d1
b7fa5b48
bac0c9a0
b7a33cf1
b984ac22
38107fcc
b7a516ea
3b4c7cb4
3693dfdb
3c789618
b80a0fbe
baed82f2
b70d305e
b93cd11a
37ed4028
b79ec6f3
3b5bcbb3
b7c26194
3c6b24b0
b80d9d20
bb0736b2
b6ff3db7
b88e72d2
37ba04de
b822e31d
3b5b9dba
b8885e35
3c50d499
b80252fb
bb120315
b68db907
b79448ed
379355dd
b81c7ff4
3b4d8109
b80d919c
3c2e0099
b7d7a71f
bb1806da
34042c77
b8240296
3767bcca
b75c2a58
3b34f31b
b7e76037
3c05f91f
b79cc145
bb1a57ea
365e707e
b818eeaf
39892e92
3ce6cd9c
3914757d
3e700b62
b91b303d
bcbb7af7
39310486
b84d758b
bb380b62
b926723b
bdbdc8c4
388d21a8
3ac98465
b7240951
b8c9174e
bba67eb8
b8a67095
bd937175
37f5f487
3b3576d9
b777d9b2
b8b4c4ea
bbd46d20
382420b7
bd5d22ce
37bbbaf7
3b675a3f
b78378fc
b8638830
bbe58738
3813436a
bd1fb568
37b904c3
3b7a358f
b770f327
370795cb
bbdd4041
3847dc77
bcdd3880
380c9c9a
3b70ef8a
b74ae546
3648e436
bbc0fb9d
3769cbdc
bc91cc69
37d79fcc
3b50fba9
b71aff25
b6b7ad2b
bb96cf06
b716821c
bc340e9f
37870c52
3b2140b4
b6cf7899
35d29f7c
bb499da7
b5e7341f
bbc8268e
3732e984
3ad29d88
b667a12a
37334f56
bac2f176
36f98359
bb2c3dda
36efbbe9
3a41abef
b5a024fe
bd1d7f2e
3e5eadee
be58eab1
bcc1ed8f
3cf24897
3d84844e
3d45119e
be1a1310
be1708ee
bde1559a
bd887cbb
bd02e472
3e046a59
bdfca863
bc5f2e33
3cd9e06b
3d44a6ae
3d1a22f3
bdacf63d
bda77dd6
bd7f5b55
bd1a0f6e
bcc4c40b
3d7d0ae2
bd64fd01
bbc6c604
3caf2a45
3d037b90
3cd9eb19
bd118739
bd08531b
bcda93c7
bc82645f
bc7c1999
3c488c80
bbda4455
ba258335
3c72552e
3c8ef3e4
3c808d26
ba9b6f25
3a0ef2f0
babab419
ba19d342
bbdef8ac
bcb919a7
3ce30124
3b4ca1bb
3bfb54d2
3b934d04
3bb47bdb
3cb0ad41
3cba7657
3c7f68ce
3c1f2d86
3a8d182c
bd3c4fc8
3d4f246a
3bb83b58
3a53226a
bbd36bcd
bb61cab7
3d124792
3d14c46f
3cd7aa4e
3c84763b
3bfdc368
bd798257
3d8520b9
3beabc9b
bbaa43cd
bc788136
bc318ce6
3d3359db
3d342480
3d0601c2
3ca3e5ad
3c5370ee
bd8f3248
3d96ad4f
3c03eeb0
bc22b4b4
bcb10c60
bc86835f
3d44bd19
3d44401b
3d1486bb
3cb55c1f
3c86180f
bd9997e2
3da06486
3c0bdb7b
bc56ffc1
bcd35e03
bca4d1c8
3d4d2796
3d4be153
3d1bf854
3cbe5017
3c94666e
bd9ec070
3da50c3f
3c0fdbad
bc718f26
bce4ad84
bcb40f7b
3d5134e1
3d4f7c9a
3d1f8912
3cc2a2b6
b7c6da39
b65eae89
bc04b209
ba0c6d7f
bc28de87
b80d49fe
bc4a6f80
b840349c
3d4c79be
b8303c65
399e374d
bc0627c7
ba0559a3
bc524147
b8888b97
bc3581d5
b87769ac
3d49aa45
b86adc62
b8955855
bc0ca69b
b98353d2
bc22f7af
b890b7ad
bc2a0f67
b845177c
3d2aab36
b8883754
37818faa
bc172774
382ecf21
bc0223ca
b88b8d47
bc1078e0
b85bfc92
3d0222da
b88c8d01
b8a13fb0
bbd84bf4
3992bed3
bbbd94b9
b88a25d5
bbe769fb
b834b730
3cb50df6
b8878254
b86583f3
bbb1ecec
39dfe4be
bb7bbbfb
b865a2de
bb5ee578
b7fdbc96
3c62b4b5
b87c0ca7
b96aea5b
bb782ff9
3a02d689
bad52010
b8347c0c
baac2687
b7bc647b
3becf198
b85fd5fd
b9b4c03d
bb1bf64a
bce579d5
ba628ac7
bcded357
b994e0c3
3eaeba46
ba667f94
bbcca5c9
3c10cf52
38fe7d30
3c3b158c
3886b884
be5dc3e9
38f85b2c
398c7e86
3c49f4b8
394cc191
3c51d706
38d0761c
be0640f6
3947d5a4
3a006d90
3c24e8f0
396a3f03
3c247113
38e719e6
bd87b6ef
3964f41a
3a1bde79
3bb3e21b
39642d25
3bbd1efb
38da6505
bcbf13e5
395ea3bb
3a223e89
3b07973f
39492a49
3ab182c6
38b8a53e
3aeb868e
394355e6
3a1485b2
ba702339
391fd673
bb34b89e
388c1d40
3c59988b
391a43c1
39f0ba7f
bb07da20
38ea33bb
bb663857
3842f0ab
3c8194af
38de64aa
39a5e67c
bacc9c32
38977c4f
bb18c926
37ee9070
3c51ac9e
388c3196
393833b7
ba52f615
3811af55
ba95d7fb
37594b49
3bdcc6b5
3800df31
3883975f
bb9722f7
393fd17f
bdbffd7b
bce22488
bba0d4df
3c68a278
bb9d7af8
bd890515
3d7509af
3ccd9e46
3bca59e3
babcf7de
393c4c46
bd037c37
bc9d3980
bb71da0b
3c0589fc
bb838690
bd05f758
3d117fcc
3cbd5ff9
3c81b068
39f4efa7
392f0b07
3ae78171
bbed3793
bad487ef
3aed560b
bafd85db
bbb4380a
3c1db6f9
3c240692
3c1be188
3ab5719d
391c323b
3c8c0856
3b2226fe
396c02c6
bb469c4b
38eef0bf
3c48d450
bc26c0c3
bb695882
ba758ab8
3ad18d40
3911530f
3cb1ab40
3c014cbf
3ab87a5f
bbb717f6
3abb1235
3cab1b5c
bcaba68a
bc491d12
bc0cbaa9
3ab86819
38e4f98c
3ca7b1e9
3c23bee7
3afb0272
bbc9c24c
3b05d512
3cb9b32c
bcc4b7b1
bc7fc4f1
bc44dacf
3a8a4ec5
38cfc467
3c8e3fdd
3c172a9b
3af5b297
bba4a170
3b02ff56
3c9fdd64
bca8d953
bc5adddc
bc27f98f
3a2d4f0a
38cb4867
3c6497be
3befdb5b
3aca17a6
bb65e060
3add3513
3c7730ed
bc7d0b0d
bc1d2500
bbe85885
39da801d
38a9eacb
3c34ce20
3bc02577
3aac2c02
bb23aace
3ac618db
3c4275cf
bc40779b
bbe7c408
bba6f216
397cddfb
388dbc14
3c1b82e2
3ba8451b
3a985648
bafeba76
3ab69883
3c27993e
bc22d2c2
bbbf492a
bb883723
3703d4c4
b8468522
b62d9d9a
b86bace4
39cdae98
b8850f8b
ba892e78
b834d842
3c028ab3
36f7d9a6
b8a1db70
b62a978a
b8b04505
3a0947f0
b8659267
bac030cf
b87034fb
3c18de47
36801e71
b8a82670
b5d7d532
b89ec868
3a1bf6d8
b8a5aef3
baea7d19
b88918b3
3c21d2b2
363c05c8
b8be1cd6
b49f1f75
b89a0643
3a1d588b
b8b0aae3
bb032dcc
b88ebc5b
3c208ea1
338ef67b
b8a0e6a3
358310a8
b89c744d
3a0d8360
b8b70e75
bb0a43ee
b88b09d2
3c17d573
b6015609
b8a4f7bc
36031410
b8843d6c
39db67bf
b8761bed
bb0b1f2f
b880895e
3c09f8d4
b6516b45
b8a8a6da
36357d31
b84b1eba
398156a1
b84c8fd1
bb06e322
b86286e8
3bf19125
b6ada43e
b86706f5
b94045e1
3bbca556
b975beb7
bc8e4839
b967d0c5
3e327348
b8f0c0c4
38412113
ba40772b
3890e26f
3aaebdbd
3813dfd4
bd70fba0
367de2f0
3872a777
baac84c8
38ba3bcf
3b1e6ffc
385a1126
bd45847d
36cfe513
385d5c0e
badd85e4
38aee0ca
3b4c7d98
386fe8fe
bd1bce34
36f4899c
381dcf74
baf43ad5
38588bb1
3b613795
385c06a9
bcee471b
36f895cd
37bb5423
baf3e9e0
378e781a
3b5eeb1f
3833c226
bcaf7fd9
36df7868
37086357
bae069ee
b7143533
3b493de6
38036565
bc762a54
36b37e98
3694dfd9
babcf82f
b7533706
3b244d3e
37b918f7
bc20be45
367aa23c
36df7ac3
ba8b9883
b634e771
3ae83917
37752fe5
bbb99c8a
3610eb2b
b42b89ca
ba19b5d0
b6a667d0
3a712769
36c23467
bb1e8060
355f6db7
bb3eadec
bca6fc90
bd71f908
bb4fcb61
3a587c1a
3b058372
3c0257b6
3cb56dfc
3baa0452
bbb4123e
bbeac22d
bb418440
bc9a756d
bd0e5b71
bacacb82
3ae1cc30
3af482a9
3bc94287
3c9fe19d
3c048b50
ba1b1fa3
bb40532e
bb194889
bc825c17
bc86983a
b9d0bc92
3ae74602
3a9e6b8a
3b857381
3c807f8b
3c0f337d
3b15d39d
b93ea3dc
baa4d817
bc454d8f
bb5ab906
39af0e8f
3a97a880
3967541b
3af7e18e
3c35d746
3bfc009a
3b68af71
3ab4a97d
38c80065
bbfd2e13
3bb3c15a
3a40c475
39025534
ba75779d
b98ad6ed
3bcb55f1
3bb5d107
3b70be8f
3b078bc6
3acac63a
bb5ee07d
3c346054
3a6a219b
ba932d74
bb0c4662
bb1513c5
3aba4420
3b3b00cf
3b4828bd
3b0dc67b
3b417e81
3a12f10e
3c673060
3a69e65a
bb1e09a3
bb57684f
bb84bf10
bb3e7ec4
38503717
3b06e5ee
3af9f956
3b894a5f
3b7c69a2
3c7f1762
3a550c77
bb6b0da1
bb8ca2ab
bbb487af
bbd4437f
bb2371c5
3a7e46e8
3ac191a5
3ba86bc3
3bcc4ec7
3c839215
3a3c3277
bb93cfaf
bba658de
bbd7ad68
bc145c30
bb926f86
37d7d686
3a884ef6
3bbaaeb0
3bf6d127
3c84399e
3a2a68a4
bba5bb0e
bbb5714b
bbeb9239
bc2ba3e9
bbb727a1
ba0bb9f8
3a4a88c8
3bf1edca
39f2e425
3b118d0b
b85f03b8
ba996e14
b81c9149
3891ddcd
36e7e51a
3bdec005
bad8f593
3a1bc79c
3a00f64b
b803e9a8
3ad7ccad
b7fad766
391913fa
36b323e9
3c0602ea
bb4dd89f
3a09f759
3a64e368
b7b7be46
3a8fcc08
b77c3b51
3937deae
36888fdd
3c1309c2
baba6a74
39bf4fb5
39ee15d1
b742567d
b9f916e0
b73cd513
392a197f
3628fe0e
3c1bb2e2
b9217b24
394f45ab
394e2e84
b6ff0754
bb15a1fc
b6bc6348
38ef59ba
35450bff
3c1da8c0
ba564793
384d7476
b9272ed3
b38e461e
3a0f5c2f
b5802e9f
37f86658
b590ab80
3c1fceda
b9ef66c3
b849366a
b90141ad
365faf84
39563301
361ebbcc
b828ec29
b5e16201
3c1e0808
39cf7d80
bc824e93
39990c49
bc5a8410
390ba8b7
b8ef49f2
b83b70c1
3e2e87f4
3bdd8ba3
b8082c94
3c3340a9
b7570867
3a4e1c3d
36ea49ab
bd43e3aa
3ba261c3
b8644f25
3bbf2460
b7bf54e8
382fcf65
b4cc2607
bd1fe8a6
3b21d1f4
b8847bef
3b1459e1
b7ecd962
b9e519f4
b6bc57b9
bcf9fb5a
3aba367e
b8812de1
b9c2cba8
b7e17db8
b9d608af
b6c3e701
bcbbcaa6
39d9c6e2
b865af8c
bb13231f
b7c9ab31
b9b23cd2
b6b93e06
bc85fbf6
b9eec131
b83f55f9
bb5cbdc8
b7aaad56
b9b122c5
b6b8e90a
bc323b87
38cbfb0a
b7fd3039
ba1438aa
b759c209
390a4c8d
b5701caf
bbd51c1e
b898885d
b7948067
b88b9486
b6f71a23
398610a0
3566581d
bb5423c8
b877960e
b7044ead
38d71b12
b64d5243
393c1251
3572b672
ba8b1cad
ba32efaf
b8018498
3d94a9bf
bbf75264
ba6698a0
3b8ce286
bb9c7d8b
bcb4f57c
3caa49d7
3ce3b75a
3d7493a8
ba086948
b80516a0
3d4fba47
bb5e0b02
391d189d
3a4fcf09
bb2e887d
bc3578b2
3beb5ab2
3c396213
3d0c2c9f
b9c44917
b78ce77a
3d0a61bd
b88a0a8c
3a50b469
ba9719c9
ba9976c2
bb7c229b
baa2d308
3aa8ff4f
3c89a534
b9292975
b776a5f6
3caf6563
3a6b1370
3a5c49e7
baff6b7b
ba01962a
b9564cf2
bb97c174
bb533356
3be5c06f
b9127e1e
3786a032
3c4d4762
3aa5a869
3a40d241
baec4a1d
b8655a78
3a9cc9ae
bba4f2d4
bb8a26b8
3af2c976
b74f2346
370a5221
3bdd0808
3a782975
39e0d8b7
ba922e19
b84e8024
3a599efe
bb4b5ed5
bb300ccd
3a3bc6e5
38902b9c
b7355c3d
3b5faa8e
3894effa
b79ac7b0
38f4c871
b917ac7c
ba24f2c6
3987be62
3a349d95
3b1f713c
38b34417
376799e1
3a83af7a
b8f91572
b8c3ac1c
395d189d
b92c449f
ba1a77c1
3a486fdc
3a7e4402
3ad2c264
369994e6
3798bb09
b9947165
b9c0b8d6
b904aa81
39a0ece1
b9544bd9
ba13a00d
3a867e1a
3a8e4ce8
3a91b503
389c948a
37ad8a91
ba4452a3
b9f5ab0b
b94d2838
392b0bd8
b918cbc4
ba1fc8ec
3a80dc32
3a8c7887
3a64198a
bbdc87f5
bd3e6d3e
38f30453
bcf10637
35eb26a4
bc45222b
b8815c13
3b8486f3
3e0f1850
bc63bd63
bd00a59c
b8cab4c6
bce5f925
b94ad89b
bc5ef7c6
b88df3ea
ba1a5dd1
3dc16114
bc69f67d
bca0acea
b912f2ad
bc0a8026
b96614fa
bc50e966
b8bb1138
39edd8e0
3d24b189
bc42b9aa
bc0a51ce
b9048e1a
ba98fab8
b9350081
bc2d9c75
b8c6300f
391e90c6
3cc96ef1
bc0ea950
bb481a4e
b8e5913a
3b2dfd72
b90bfac0
bc00ecb2
b8b3c8cb
39cf8e76
3c249278
bbbc6536
39a416c9
b898b460
3b0b0f0a
b8a151fc
bba8b913
b8a5208b
ba07bb6c
3a8c6c18
bb6a7fcc
3b3fd62b
b859daf8
3b87c8ea
b854c452
bb3514f6
b889c0fe
ba06ec5d
bb9b3f09
bd976ebf
39cf83b1
bd3f2f02
3a1518e3
bd8c2fb8
badc85fc
bcc7e109
3d56b82a
3920c236
3c99558b
39901c8c
3cc1cb1b
39b5795d
3b11d658
3d1d0c44
39bc2940
3ca7c603
399485b3
3cf5c7de
39f6005f
3b2ef167
3c729b81
39c7e913
3bea1925
3948149a
3cbdcbd7
39e64699
3b21e710
bb51973b
39a99f84
b9de8a71
38bbc02d
3c4f9550
39b64d39
3b1366ba
bbbe42f9
398af5b1
3b932dc3
37c488e1
3bb62911
398a9be2
3af4dc4f
bbf0c58c
394be352
3b64c96a
b7b5cf34
379008ea
393c165a
3abc3f1d
bbf178e8
39070fe3
ba8e7eaa
b8342a88
bb4ccfb2
38df2685
3a7a2f95
bb29cba8
38ab20e3
3857bc7b
b821abe8
bb4823f5
38783b04
3a0a0984
b99547ea
3828e355
ba0407c6
b7b0fcfb
bad34a01
37d8b03b
394193f3
39cbd965
39ffe84f
3d3b170a
bd9a2ee0
bc4e8140
3cd93497
bc7cacd9
bd6225bf
3dde587d
3dfb157a
3dfa9402
3adcfd69
3a7fab98
3c942a8e
bc9da055
bbc8d755
3c3605bf
bbaa1647
bc9ecd96
3d25a81e
3d37b472
3d3e293f
baa52c0d
3a52ca9f
bbec6bb4
3c6ee75a
3a72a2c2
38b904ca
3b0863a3
3b8d00fd
bc023e31
bbf04192
bbe2893d
ba11a29d
3a774660
bca57b95
3cf1c780
3b8e97ba
bbad5eee
3bc1538c
3c5cd7da
bce75a9b
bcf1a385
bd087264
b9c6ad99
3a75739f
bcb7f373
3cdbc86b
3b4cc89f
bb8fffaa
3bc4106a
3c3e0700
bcced5fa
bce45c61
bd01e9fe
ba7c9073
3a10e9e4
bcb72608
3cae65f3
3b5139ac
bb527606
3bbc6c81
3c40e162
bcc0087b
bcde2d1c
bd009f5f
bb134bbd
3a45f4d4
bca17d4e
3c67b929
3b90b22f
bb46edc9
3b8943b1
3c15fdda
bc97b5a1
bcbb1c68
bcdeaef9
ba94a44d
3a2af0cd
bc7c6743
3be84710
3b0c3f44
bb09037b
3b1ba456
3bc25e51
bc30c89b
bc716b3d
bc96d202
bab14131
39a03801
bc576700
3b94beca
3b3432bd
ba339bd9
3b16201a
3ba35b3c
bc088019
bc4df383
bc818d46
bae4e3ea
3a19d80a
bc57d819
3b8f24f0
3ad47206
ba87187a
3b4652d6
3ba0bd47
bc04e114
bc2c8b29
bc757681
bb4dff04
386c3c24
bb957164
b7acb3c5
ba99e114
b6fc6a59
3ab95e25
3c5651f1
3b5c9963
bae78767
35e8f835
bba985ff
b83c8bbb
bad3cc42
b7057966
370b3b1f
3c67c55a
3a9a3f73
bb6dc1fc
b769caa1
bafe1f8b
b8848a93
baeaa25c
b75557cf
39510c41
3c0a6768
384aac78
bae54381
b8040c05
ba41a4aa
b812463e
bae3a5f1
b782beed
37cd2391
3c02d3ce
b9e428dd
bafe11bc
b7dd293b
3a70ca05
b7df4bb5
bac4325c
b78562f2
38d1ddac
3ba088c5
ba140940
baaa443f
b7dcd2d4
b960b157
b7ae2f36
ba95ca05
b77c55e5
b7d7a41d
3b27c193
ba116a19
ba1f875f
b7a60eaf
b99707c1
b70f1b63
ba43e058
b7677e53
b8fd7ec5
3add359a
bc1dedd7
b9cb4795
39d7efb8
3a1abea7
bbb695c1
b90c8173
bc204176
3a049f20
382d5ab1
3a8055ba
b76b7c2f
355c9028
36f92a88
3989b775
3b001dc5
38b2f767
bb089fc6
b7d408e0
3aba27ae
37d1d04b
39dcb36d
3b830b7a
38de1ff9
baf7d237
b80794ef
3b24e128
38240fd3
39d8a0a5
3b1cb0fe
38d51198
bb18c0f4
b82308ab
3b1004aa
3822b1ba
39d2ca38
3b0fcd58
38b6fc06
3995befd
b81b7163
3aea8e1b
3817705a
39b775eb
3a7ce9c8
388e7566
3b155a27
b80d6ff3
3a905f89
37edcbca
39958346
b8fadd7d
38431dd9
3adf4a59
b7ec9ec3
39d715ee
379c69f7
3954c699
ba08a0c7
37eb6ce9
3a61a4b2
b7a58ab0
3868190a
3733c761
38f940b1
b9b8dcfa
3759cf7e
39a847ee
b728cf52
b8218c9b
3697bc40
383f2a19
39cda748
3a47190f
3a6f39ba
bc23d934
bacb3ee5
3ac74af0
bb01e5e6
bb87090f
3c068f15
3c1141f8
3bffb358
39c12370
3a417605
3a419c85
bc1cd1ef
babd59d2
3a93fc11
bae4dc2f
bb5bf12e
3be111cc
3bf5371f
3bd08f8d
393ae3df
3a239d40
3989b6d8
bbfb50d8
baa878f5
3ad709fa
babe2169
bb810dd5
3bf0c9d8
3bfe1a2c
3be61e01
3929a028
3a0fd5a8
bad89b55
bb6da067
ba44f240
3ab21bb3
ba464d03
bb4ef87d
3ba7575a
3bb32edf
3b8b1ddf
b7729e93
39e88504
bb2e0270
ba9afb29
ba23ae42
3aca621d
b9929dd5
bb48def0
3b98b0c9
3ba0c7f0
3b7e3095
b88d324b
39b31fc0
bb7e91ec
3a81dfc9
b987d344
3aa32d15
39119fa6
bb00dffa
3b195269
3b19d0f0
3a9b37a4
b90c26b9
3991a893
bb9c6310
3aff9ced
398f5f90
39f62edc
39f7ab07
b9942213
b95db573
ba347941
bb045f36
b9398db8
39828388
bba31424
3aee094c
3994f8a9
38547440
3a0fe90e
3a02c16c
bab71e6f
bb04053f
bb655e0a
b94c6499
3964826f
bb9ff9bf
3aaac547
3973883e
b88afaab
3a20c991
3a41b700
bac5dee1
bb12ddf3
bb7820d9
b97d6dc9
39431f76
bb9d766e
3a7f16b2
39333e33
b8a74499
3a1345b3
3a56bdb7
bac1d2c1
bb0d5132
bb769277
b9f67f3e
3c9bceb4
b9a599da
bc823123
b88b7bd0
3c258137
bc3a394b
bb3e0b0d
3e08ffcd
b89cf605
bd1682c1
b9ac0665
bc9a36d6
b8f23f8d
baaed156
bc418367
bacaac90
3d989233
b906d344
bcf1d2e3
b99125db
bc9293fb
b8fb7639
b9c6115a
bbddbfdd
b96381bf
3d049500
b9065339
bcab2c8a
b967a1e4
bc6f1ef8
b8f6d758
3a6ad390
bbb274c4
3a0885cb
3c71e607
b908ab2a
bc0d36b7
b91da5b0
bc2cc6a1
b8e4d1fa
3a62e6f8
bb836b24
3a35b96d
3b11bf17
b8df8865
3989f9b2
b8ba95b3
bbdd6115
b8d25802
3a416943
ba8ab1cb
3a1dbbb5
bb50a980
b8acaa1b
3b40a854
b83bc8c3
bb6c4f10
b8b99fec
3a06ce7c
b72a6eaf
3e9a41af
bb1ca106
bd83b501
3ad81225
bdad47f7
baff2a9b
bc6a43ff
bdc248e8
39ad363d
3ce721b9
38bdd031
3c9e86b0
399a4093
b80b0aa9
beae5812
3a1fb516
3d23484f
391286ca
3d1aeb04
3a0d3bad
b98e08ae
bd84fda6
3a39c6c4
3d295ac9
38a1d7b7
3d15cf35
3a158cc9
ba1c7e90
3d3a1db3
3a239e77
3c9048de
b7bcb517
3cbbb2b1
39f25909
ba07f1ea
3d769f15
39f41661
bc2e2a0a
b8e42ece
3bf2b2e1
39a1f44f
b990f2e7
3d448474
39a6c237
bcc1226c
b917f5a7
bb19e638
39428961
b8bfa127
3cf8e963
3956cdcb
bca68821
b910b20e
bbc54e17
38d7c3cb
379b996d
3c7cc1ea
38f8f52f
bc51c758
b8d9106e
bbbc26cf
3853145d
3852583c
3bc7ba22
385ea4cb
bbaa3b2c
b861b210
bb503ff4
379efa48
37e42e0d
3be2a19b
3b3e3373
bda834ca
3e9994e2
3cdb5d68
bd2ea056
3d3ca78c
3df74453
be7d0505
be76a775
be6e4205
3baf7c08
3b3af306
bd6c6109
3e5426b7
3c97d996
bd031b8d
3d02cf01
3db53bab
be37be18
be339113
be2d32f2
3943cfa4
3b2ab304
3d4919e4
be06631e
bc85bd5e
3cbc997c
bcc0efb5
bd7dfed0
3dfc6ec9
3e02ce40
3e001c93
bacc0e85
3b12679a
3d64cd18
be48eb05
bca1d531
3cce9ff0
bd01fb25
bd997292
3e1c4e41
3e1dff0d
3e17959e
baf4d82e
3af9735c
3cf68132
be1c3775
bc542ff1
3c53a81d
bcb8b74d
bd3ba8e8
3dc75f8a
3dc0784a
3daf1783
bafa1e7a
3ac1edc3
3bfb627d
bdc032a0
bbd90a33
3ba62e5c
bc4d40e3
bcb889cd
3d4b20db
3d3438b0
3d12b2c7
badc6f9b
3a9fcf29
bbbd1f0b
bd3e1e34
bb138c93
3b261f67
bbaca2bd
bc3510ba
3cb88b7e
3c8f92a7
3c31bd33
bac90bf9
3a894720
bc45c336
bc8333ef
b9bb4e83
3b13ecd1
ba80cec2
bbc49d25
3c181ee9
3bb01f7a
39c193ca
baaf521b
3a597797
bc67fca9
ba04e626
3a261d72
3b2e82f8
3aa31d53
bb927925
3b994420
3ac6600f
bb147d99
babec53a
3a42d596
bc71e0a3
3bbf9284
3a388477
3b4187f4
3b0a4401
bb7416c4
3b2d267d
397478f9
bb4e4b30
391238d7
3b66d8be
b88668ac
3a3879ea
b88a7d41
ba1e6390
38a3eeb4
b8a496ef
3cf938e5
39520e73
3b9f19ec
b8b52aac
3a7a3bb6
b82d574b
ba072066
38a7fdad
b7b0d0e3
3d002094
b91a17a0
3bbd349d
b8d0676a
3a92add0
b81aaf77
b9cebd01
38920244
b89731b3
3cf0a46b
b9551195
3bcc1da1
b8dbd66c
3a9bbf40
b7b48684
b9bb8e08
385bc2b4
b8b81bb3
3cd22dc9
b971b22f
3bcca6e7
b8dc468c
3a98d584
b78a6d95
b8fc564d
38193c6a
b906d29a
3caa1684
b9329911
3bc06a4e
b8cc950d
3a8b7b58
b43a2351
b8fc5d11
37d9b43d
b89193a8
3c79a481
b8df0d06
3baa1a2c
b8ae8f88
3a6c0f17
36945e65
b8791e68
3a99576d
3ec31d62
bab36411
3d6f97c3
b9b5b476
3c781ba3
39e13842
b93a3be9
bd9b9aac
3a02837f
bbb1c040
38b2a9a0
bac7f0c9
b7a90e24
ba224a9a
be212da9
39b35084
bc25f3e8
38557117
bb3a7a1b
b8040800
b9a329b8
bdecb980
3a0436c2
bc58697c
38b68c51
bb718cee
b810826a
b9358aa1
bda625b7
396e09fe
bc6de9ec
389976e3
bb83fe95
b80a024b
b8e615b0
bd5dae88
b8500570
bc68bb59
385908c8
bb805d69
b7eae54a
383e13c8
bd0b549f
b841f5d3
bc4db3f8
38999f41
bb618af8
b7b657f8
389dd76d
bca27c3f
b831d472
bc22cea5
388a3726
bb316a8b
b7731c4c
38cc021e
bc299c1f
37864466
bbdc83d1
386a1f70
baeec6f0
b7068ece
3884a41b
bb8a0dac
37bddaca
bb585061
37fd2f2a
ba66294d
b6373182
bec33175
be19b81d
3d99c5c3
3cb717de
3ec1d1eb
3ec6b5be
3ec4e4a7
3eab7842
3eaada8d
3e31546f
3dd50a91
be9e19e1
bdec7ee2
3d5c4845
3c8e360e
3e9cb733
3ea129cb
3e9f972a
3e888a93
3e87c74d
3e0bc971
3da7b38b
be1e5a15
bd26cdf4
3c016f4a
3bd26ccb
3e1bcb83
3e231ee6
3e2088b8
3df60473
3df45a72
3d70555a
3d10342a
bd256af5
3c133765
bca1c6c8
ba531bf7
3d1d5389
3d31bf32
3d2ad697
3c845d3b
3c7cf6cf
3b816772
3b14192c
3d265634
3d1fd644
bd093504
bbab9c4d
bd2bc7c6
bd20f58e
bd2434eb
bd5b49e4
bd5cfdff
bd020677
bc9cd1ce
3dc36c61
3d60df3e
bd1ab221
bbfb4401
bdc4cd87
bdc3e77e
bdc3f025
bdc74ed4
bdc7072c
bd59a71b
bd027a4f
3e05bf2d
3d7c3229
bd15db36
bc0e0eff
be05c9ae
be076502
be06a6a6
bdfb2aab
bdfa4eac
bd84fc4c
bd1f2d5c
3e1b8663
3d815125
bd07a548
bc12246a
be1afdaa
be1e438b
be1ced60
be0b45cc
be0aa762
bd90bc61
bd2d18b9
3e27b229
3d8070c5
bcf3732f
bc10c519
be26b64b
be2b2802
be29645a
be11db6e
be1138f2
bd95f1b9
bd336947
3e2d8c2f
3d7f4f59
bce407cf
bc0f5f67
be2c44ad
be3158cc
be2f5ecb
be14de34
be1446b4
bd984f9c
bd3661b3
b9a29b18
bc9e77ac
b921a955
bb926673
3d0850e0
bb8afd92
bd503606
38c87c11
3dff5cab
b821d173
bcb3d695
b916203a
3be35d3d
ba7255f2
bb1e8150
bd097f96
b8e2e698
3d910fdc
b91c1439
bca55c8c
b91d617e
3baa3c87
bbfa003d
ba6acc2c
bc81001c
b920c19e
3d315c96
b92ffede
bc848bed
b9181a94
3b389b12
bc14aa0d
38b2d948
bb90778c
b9339e2a
3c827a13
b8fa6a00
bc3c481a
b90b19e2
3b0187ef
bb79d36e
3a1203ae
3ad9df8d
b92d0993
3ade24cb
b8c42576
bbeb4503
b8f4ad69
39a32e20
3a8494b9
3a27b3c0
3b930a0c
b9014aab
bb68ae48
b855ed90
bb71f0ba
b8d2e5ed
ba3d2e61
bae947fc
be010ce8
bba101bd
3ebebd99
b9fca187
bdd5786e
bb19d5c8
bd77d9c0
3d2aa4c9
3a021c7b
bdc9b5d4
3942276c
3cd7088b
39cc9bb4
39a48f89
3dc8bcc5
3a7635a3
bec1ba48
39a784fb
3d5b38ce
3a40db59
3a44d05a
3d5325cf
3a74adfc
bd8f5681
398b530f
3d2a534f
3a34418d
3adc9eaa
3bad6c35
3a44da76
3d11929d
3922f96d
3cb36770
3a0a4e55
3b0ab3ec
bc826ea1
3a10e849
3d7ea0be
38852e85
3bdc1b9e
39c19a77
3b06f64d
bcc40dc3
39bf3471
3d42bbd1
b4da3ea7
bb62002d
39714b77
3ae653ec
bcb791c1
396473f1
3cc6bf12
b8096d67
bbff6a2e
39054de6
3aa54b04
bc6f7611
38f41c28
3c1eb7bd
b81b6756
bbf20a41
38802e78
3a3d76d7
bbddbfb1
3852549c
3b270a26
b7be9e17
bb8557fb
37bc4c0e
398ee0bf
3bccc477
3b02be4d
3b84dce9
be0b96fd
3be017de
bda00517
bc0755fa
3e1504c7
be36d379
be4050b2
be5ec88b
3b98715d
3b11f6bc
bbb94117
bdbee659
3bad9a34
bd777202
bba85a79
3de78db4
be11f391
be1969f9
be3275fd
3b2cddf6
3ae1ebf6
bbb67a62
3c423047
bc1bb239
3cb24ba4
bb9f7665
bd410e5d
3d8011b3
3d9938c4
3d95041a
3b143ff1
3ab84bfe
bcdc28a6
3d83dad9
bbcdf4ec
3d030185
3aa835f0
bd76ae90
3d9604e5
3da43849
3da68aa0
3a507602
3aaccaa5
bd210f9a
3d8df17a
bb679b19
3cb66e15
3ba78bb9
bd28d27d
3d2ec5fc
3d33ecca
3d2d52f6
3969b30c
3a77ca87
bd341643
3d577986
ba797a91
3c32af2b
3bb33534
bc8a5d0f
3c18416a
3be3a1d7
39ada698
3931fd86
3a4b8867
bd23d1b6
3ce71002
3aab7e7b
3b4d3cfe
3b8b3d3f
bb72ed61
bb9c5932
bc1c350d
bc9987aa
37aca6c0
3a3d776d
bd05c00e
3bba7684
b99143ce
3a7e03a4
3b0da8cc
ba8e749c
bb017753
bbdf93ed
bc8fd62e
b9b4c6cf
3a343fa5
bcd68e3a
bc10fef8
b9c9c3a2
3adbee26
ba00b5c9
bad9fbb1
3ba30fd4
b91d471c
bc30f1f0
39a328d4
39ca7b80
bcbcb59a
bc82293c
bae3c444
3aa16423
ba9e7d2f
bb51cc66
3c1201b5
3b9e7ce4
bbc462ac
b8bbe96c
baffca10
b80e3d66
3a21cf25
b7c17d76
b9901246
3b9c685f
38c00fc8
3cdccb4e
b8e1e79e
bb34c92f
b7fd3e74
b86b47e1
b785bbb4
b90e916d
3bbac0e8
3709a498
3ce75e15
b8e9b9c0
bb5ff151
b6da624c
b95e68fa
b726c879
b899e5c2
3bca89ed
b886362c
3cde28c2
b8ddbb63
bb803666
b73f60c1
b777faa6
b6370d90
b8ae1bbf
3bcc484d
b8a9ab25
3cc79824
b8be247f
bb8b4bc7
b67c7d13
b7d8fe55
36a4e04f
b884edf3
3bc13903
b88a1c2f
3ca80eb9
b893052c
bb91f769
b64ab398
b886b5b2
3720ed26
b6d69d08
3bac8735
b81808ba
3c82f545
b846e49d
bb953afe
b4b6436e
b8cc0e6b
39e79c98
3d4e7986
39b83a93
3ebf3607
b9fe2750
bd2ef266
38e0a563
390c877a
bb9326ad
3846640e
bd8f59bd
3903af36
3b28893a
b6fad80e
b7a95851
bc08f577
b9d96741
be13854a
3944c331
3b9e2df3
b72734d3
b943c9db
bc377ce4
b8d03b60
bddf8e5c
39101a15
3bcddfcb
b742592b
b954a134
bc4bc365
b7e14271
bda346ff
38c30ce2
3be1afc1
b72d9853
b88b1cd8
bc47fdfe
38dda228
bd64fb27
38bae3a8
3bdb6a61
b7134563
b86c0bd6
bc30adfb
3893d096
bd18fc68
385ea8b2
3bbfa106
b6e0b411
b86b2abc
bc0b5629
35e57af5
bcbfb232
37b16bf4
3b948f87
b6990151
b6f2bc37
bbbb72c9
37b2edf5
bc5818ed
373d2c15
3b42913d
b63356d1
37f1a14a
bb35e725
381ba151
bbbbf978
373806a5
3ab30338
b5719f59
bd88d2f7
3eafb9a3
beaa3b3b
bd17da98
3d584a4e
3dde4dff
3da7ef9c
be6fb307
be6a76ba
be2fc101
bdd4ca05
bd752443
3e8f26b7
be89769c
bcf31d56
3d4651d0
3dc06a9e
3d93c591
be3ff2c2
be3b88c7
be0d806d
bdab73ef
bd3b64ba
3e136d65
be081d33
bc6a399d
3d22cf1e
3d8312c6
3d54965b
bdb4be77
bdad13a5
bd8715cd
bd22afcc
bcf7393a
3d2ffb37
bd04dfa0
bb4f355b
3ce7bf4c
3d14ba22
3d01de49
bc8cbd07
bc684963
bc60da1f
bc023088
bc6dfb85
bcee60d2
3d1f1e89
3b960026
3c8005af
3c407be3
3c503e8e
3cfdcee4
3d0821e2
3cb63d9d
3c640a54
3780724f
bda0606b
3db2689f
3c20d2f3
3b5232aa
bc1509e9
bb86a96e
3d7d3775
3d813392
3d3a6da8
3ce4f640
3c4bb1a0
bde1f59f
3df22778
3c56deef
bbff851c
bcd357ea
bc93bf91
3da443b7
3da5435c
3d74db49
3d15b552
3cb4e85f
be0527f9
3e0c745c
3c76d33c
bc87908b
bd1c438f
bcea5fe3
3db90ecf
3db9020c
3d8b5654
3d2a1fe7
3cea1a6a
be10ae7a
3e175b22
3c846b2f
bcb84488
bd3d5728
bd120056
3dc3c808
3dc2eff7
3d94501e
3d34e94c
3d0278e9
be165b68
3e1c902c
3c890347
bcd0eaff
bd4df721
bd207b0d
3dc8f37d
3dc7932e
3d9890bb
3d39fcac
b8a1cf54
3a28625e
bc2ae67c
bab78afa
bca95283
b8e3861a
bc8eed8a
b8d9e194
3dac71c6
b8d92c3a
b8e07bcb
bc55d959
ba771de7
bc8da681
b902c714
bc90f065
b8be425b
3d98b279
b8feafee
38bf56f1
bc840860
b9a41245
bc6f6cc8
b9025b62
bc808f1b
b8d194a7
3d711b8b
b9049bab
b8d258c4
bc447407
39848a4b
bc35098b
b9031d42
bc581f53
b8aad89c
3d2d33f6
b900b437
b7b7760e
bc28920b
3a27de90
bbf9e75d
b8d9aecb
bbdc7920
b86e48e4
3ce08153
b8f19eea
b9d0daf2
bbef7677
3a60b14b
bb6070c4
b8ad5548
bb38624f
b83221b7
3c761f84
b8d8ba89
ba23fc13
bba0a923
bd24f8c0
bacdf841
bd07080e
b9e5b3af
3edad2ab
bad5d952
bc445ef2
3c15a32f
394b6487
3c37c78a
38ca7256
bde66658
3948839b
39fc1755
3c6709c6
39b379a1
3c3a38c4
39291ca3
be87be4c
39b111fb
3a6244fb
3c8d9f0a
39d76c25
3c872d7c
394766f2
be128945
39d27477
3a8a502b
3c40f523
39d5dd4c
3c4b6937
3940fe10
bd754827
39cfe583
3a92bb3b
3bc3c432
39be5910
3bac0167
39255bfa
bc16c647
39b7faec
3a888541
b8c9cd95
3997f01d
bb456da2
38fc58de
3c81f965
3991e6ee
3a60e335
bb43c56a
395f30ae
bbb3a9e9
38afa488
3cc22bd0
395297c6
3a1cb88e
bb23447b
3910a57a
bb7e61fe
3856be80
3ca84936
3904ccc2
39afc8d9
bab0e71c
388b701a
bb05c5f5
37c35793
3c3686d3
38742837
38fd2fd2
bbaebe6c
39d680b4
bdefc0ec
bd23c333
bbea9506
3c93df3b
bbf014d8
bdb02c2f
3da18321
3d118c28
3c3553c7
bb76cf6d
39d5bebe
bdb3ebea
bd004f2f
bbb6fd13
3c52d93c
bbbd48f4
bd82375a
3d6dc1d5
3cd1583e
3bdb082d
b8f457d0
39befa61
bc5f5e7a
bc906294
bb711bb4
3bbf7e07
bb88d1fe
bcb219a8
3ce291b9
3cb6090e
3c932f2b
3af73635
39a7e575
3cb1887e
ba6d6612
ba175e3f
bb21b2d3
ba62d86d
3c3ef383
bbd99f6f
3ae72a48
3b951cdd
3b26f0ff
39989908
3d0cf833
3c2eb328
3aed7a08
bc042ea6
3af0531f
3cfef64c
bcf52f90
bc845d92
bc2c3c11
3b1d96bb
39665755
3d0e89ca
3c87db4b
3b4e7232
bc281182
3b5e1930
3d1cd337
bd24948e
bcd373b8
bca26034
3af7dfc2
395099f5
3cfcb607
3c88ba7d
3b60a74c
bc14fbab
3b6e114c
3d106a6d
bd18ec27
bcc7694f
bc9ad626
3aa81c9e
3948fe14
3cd33285
3c653263
3b3eedca
bbdd8557
3b527472
3ceaae9f
bcf21ec6
bc98ca6f
bc66cac0
3a5f72c9
39202f90
3cad4950
3c3f5958
3b2a68ef
bba6171f
3b418f3c
3cc04b30
bcc0bbfb
bc6e2eaa
bc30ab06
3a1383a8
39097433
3c989590
3c2b9c39
3b16efac
bb8793a4
3b3588e7
3ca99a12
bca77ca5
bc49ff27
bc14aa3f
373dfd44
b8d068b7
b72c64cc
b9238bf5
3a77a868
b901f4d3
bb324691
b8d8f269
3c8c05eb
3614ea3d
b8c8d053
b702be6c
b915a91e
3a8dd0a1
b92c0712
bb5b7501
b8fc357b
3c979b08
3659ee75
b924cb6a
b6779230
b913be0d
3a8fdbb6
b92447ea
bb77cc11
b9053c7f
3c98d0a7
b52e568d
b916d5d6
34c81362
b9160471
3a81cb49
b920f25e
bb83d817
b90368df
3c9268ae
b655f0cc
b92e05eb
36633e8d
b8ffc15b
3a48f0b5
b8ea33ca
bb860e26
b8f63069
3c86b884
b6c8c3f9
b92f2306
36b2e312
b8c5f3f9
39e97973
b8cb48f6
bb83886e
b8dcb5ee
3c6f2ebd
b71d9932
b8fee0a3
b9a2aaf9
3c28a225
b99635af
bd028fd2
b9c8fe30
3e95e1a4
b9163939
3860e876
ba9cf16c
38fa3a7d
3b0ab4df
384300c9
bd405dc8
36b0da12
38bac8af
bb1266f2
38c455f8
3b81f1f3
38a3afaa
bdc5c459
370e9b9b
38d00cc1
bb452eb5
38eff042
3bb07a1b
38d0d5ea
bd9ce9e1
372e83f1
38a4bd24
bb5fe028
38af78c0
3bc80409
38cb3d49
bd715d18
373807b7
38565624
bb646a39
38092ea8
3bc9d9a8
38ac4737
bd32cbfc
37293e9c
3796778f
bb55b750
b7843af5
3bb8e0ee
387a8eaa
bcfc3649
370a6a89
36abf422
bb367229
b7fb02db
3b98aff9
382bc30b
bca59511
36c2a5e7
372e26f3
bb084f6c
b732d0de
3b59e1a5
37e3c09b
bc401f9a
36607112
b5b98a61
ba978052
b76074a9
3ae425c9
373555b3
bba4ac8e
35acd7ad
bbb0ca4b
bd18996e
bdc51177
bba2c9ef
3b03c80d
3b6b98c9
3c613743
3d2386cc
3c3953a5
bbf550fb
bc343389
bba0513f
bd0ec688
bda0a2d5
bb7ba4e7
3b0c415d
3b450544
3c4217dc
3d16287f
3c484e6f
bb960790
bc07ecb1
bb837abb
bcf60404
bd2782ca
babdf2f1
3b299bbe
3b015fb7
3c03675d
3cf58996
3c6f6313
3afb091a
bb178851
bb0ee45d
bcbf0e70
bc5ded8b
3916f5bc
3ae47ced
398609dc
3b810b8b
3cb2552d
3c5ea978
3baa3933
3aaa0fd9
397c8724
bc7fc7ab
3bacbb07
3a8d9408
b575f436
baf40f33
b91c0068
3c529dda
3c27f148
3bc7aec8
3b4ae08e
3b403bde
bbfd4fcf
3c8e31ee
3ac696d6
bb12efc6
bb8775dc
bb834ccf
3b831ab2
3bb83bd7
3bb126a8
3b6dc77f
3bb7406f
b9d7381f
3cc7f527
3ad2437c
bb97f939
bbcfc122
bbf421d9
bb86bfcc
3a208572
3b7bd878
3b5de54d
3c0299f3
3bbc61f1
3ce50bdc
3ac5491f
bbe16155
bc07ea80
bc28eccb
bc323ef4
bb84983e
3b0151d2
3b3336d9
3c20f5b4
3c27eeeb
3cf04782
3ab166ee
bc0dee14
bc212b37
bc4b7a3c
bc8190e2
bbfd517a
3994eedb
3b0281e6
3c32de19
3c506947
3cf30484
3aa1c784
bc1f6f14
bc303209
bc5f4a24
bc97fe2d
bc217012
ba41f387
3ac607ec
bc246b7a
3afeb857
bb519ea9
b84851ed
3c4a84b4
b78fa56b
3a54454e
370e4069
3c6af374
bc3943d9
3af0ddb8
38938852
b8094353
3bc6e31f
35a9603e
3a58032a
37010bce
3c8610b6
bbad69bb
3ab6fb26
39c73ea0
b7922feb
39504882
b65400d3
3a3d1888
36c0887c
3c9274f9
bae1c45f
3a69fbe0
3a14bc82
b70c5e67
bb9c397f
35cca0fe
3a0b5946
36316905
3c985f8c
bb0b5357
39e198a5
3941b370
b40abd80
39dc49be
3697d816
398a15b6
b4bcca3a
3c9e7982
ba431a75
38e69d71
38fb4029
36c01e56
b9e665c0
36f4b79a
37fd3bc6
b5b7d0be
3ca071bf
3a8bb03a
bc123e62
3a181659
bc301dce
b8c308cf
3b52afdd
368d9bf1
3ea17a94
3b9fe8e5
b86f3093
bad91987
b794e4ad
ba0b98c7
b71b955d
bd1d46df
3c302ddb
b8d9f670
3aa95532
b7eee258
ba8a539e
b7936df9
bda14895
3aca11eb
b902ded3
3bfbeccc
b7dadd2f
bac51de0
b7c64950
bd7e4700
bacaba6c
b9027b6d
3bb1eed7
b7987e99
ba941750
b7b02b3f
bd40a03f
bb46e65c
b8ecc51b
39fc882c
b7600359
ba5e47c3
b79b0330
bd0a9528
bb6a5947
b8c74171
bb7ab0ee
b72b0d96
ba3efc9f
b78a5e0a
bcb9e32d
baa0f0fe
b885d845
39652a95
b5d7c0ec
39a411b9
b6aa0504
bc602316
ba68f6b7
b81fd7c9
392f5e42
35e7fa8d
3a129fd4
b480f840
bbe11019
b9d7ced9
b78c7f44
39624dc6
35f595be
39cb1c9b
35763797
bb14e6c3
ba8c8290
b9d0d0cc
3dfdfbf3
3bcbd0ea
3ad9a2b5
3a09f123
bb97e0f5
bcc08f45
3c046918
3c9a9e91
3d9ca5c8
ba82e7aa
b9d6bfee
3ddf08f2
3c1cf886
3aef18ca
39f67283
bb680345
bca5b0fe
3bc371b7
3c7687ac
3d87d0f6
ba16fcb2
b9ae9564
3d9b85f6
3c8920f5
3b14e6e4
ba8d596a
ba6a3ff0
bc33457a
bb713971
3b5e2f2c
3d2515bc
b9d9acca
b9a05959
3d552f74
3c769d36
3b180380
bb299902
38b5018e
bb579a90
bc1e1f15
bbad12b5
3caf1cc7
b93757b4
b9853a41
3d0e9601
3c393b5b
3b043b7b
bb4c6b00
39cb8a85
3a0e7a03
bc34f246
bc05e81c
3c1e1346
b432b558
b95a7c33
3cc15b76
3bdba2ea
3aa48d6f
bb14e773
3948db31
3a34783f
bbf488ce
bbb3d3c0
3bd669d3
3882ca70
b92d4a4c
3c8d1c1d
3b1223b7
398f6ab9
b9adeae3
b9f45ed6
bb1488ee
b9c4016e
3abc1696
3c2126b7
378659a6
b90ba4b1
3c4c47c7
39ce3f5e
38783759
37a0edda
ba2088a8
bb097758
3a758a63
3b12b51d
3c076d8d
3795a2ab
b9063f4a
3c251173
ba6298cc
b8beaf5a
39875e99
ba3ee251
bb1836cf
3b004ffe
3b43aee6
3bfbeb91
38b74dc8
b8deafa9
3c180c27
bab4ea30
b94b550c
391222f0
ba47c332
bb1f4753
3b0ee614
3b4f5a36
3bf46efd
3c3cef45
bc7df66f
b9c862f4
bc810b32
39b905ac
bc32f9c1
b8b6c82e
bc542c0f
3d2629a0
3b9b1048
bc429db4
b985c68f
bc0fadaa
392a60a2
bc27dfe7
b8e6fc5a
bc13f12d
3cdc3afe
3a6b911f
bb6b8392
b94b2780
bc0414a5
39032b26
bc0f594c
b8fd5eda
bbc8ca7a
3cdb88fc
ba80b1d7
bb592163
b905c9fe
ba70eb03
38419f47
bbe17cd3
b8f999e6
bb39baee
3c89fcff
badcffcf
bab4f312
b8aa8807
bb28635a
b7892e2c
bba196c3
b8e57d73
b8784af8
3c152678
baefa6cc
ba0f91d6
b81e184a
bb115d2c
b82a2492
bb48c198
b8c80a7c
3b2b6449
3bd469c8
3d002e59
3ba6c1b4
bdf31554
bbbd4e5a
bd63a01f
bb065e76
3e3e1af2
bba6d896
b9121e28
bc2545cf
3a027ee0
3c9311c2
39ad2239
bb6bfcb9
3c2ac987
b9c3a17e
3d9b3931
3a81ee09
3ce4d113
3a156080
bbdbc807
bbf668ab
ba0c17f0
3d041cbb
3a87c8f5
3c8577c9
3a069ec7
bc077c99
bc599c08
ba15c435
3c080f60
3a7e449d
3c047a14
39e504e7
bc097ba4
bc01a78e
ba09b3bf
3b73c7ce
3a5e7162
3b6d1c37
39bcdb8b
bbf70d27
bb8d8255
b9e585cc
3bb56306
3a335d07
3a5735e9
39908c22
bbc576c9
bafc3c55
b9ad0d66
3b848dd2
3a039f85
ba462841
39486fc1
bb8a04fc
ba98247e
b9607c50
3acc1d75
39a8280f
ba96c114
38f1ecc8
bb1d8103
b9d3ad1c
b8d39f1e
3a025a25
391f5e95
ba3db1e7
38560384
ba69f841
bb8f0eff
bc0bdc6b
3dced876
3d2f1ec3
3aba0fa5
3cd76ae6
3ab65f15
bd291e4f
3d8734d3
3da98fea
3dfeae5f
bb82aab3
bc07e8fa
3dc6b0b4
3d17f4c1
b81fca74
3cf8d454
39b5d8f2
bd589b2f
3dab8593
3dcb6409
3e0eb7c8
bb448844
bbd7cc5f
3d8e9307
3d454147
3bbdaba0
3bb963a8
3bd86d7c
bbdf9b57
3b6f5f35
3c532196
3d35376f
bb81cb02
bbafb3ad
3d6b462d
3d18aae5
3bdd70fa
3ae5916d
3b95d283
3abd2ed8
bc205aba
bbd4f44f
3cb6ef05
bb3bc6cf
bb8a9ee7
3d603634
3cc25a4e
3bc76e35
3a9c750b
3b48564c
bb228175
bb8178b8
bb09778e
3ccb0195
bb236b73
bb3544d4
3d564c76
3c7b015c
3ba8b7b7
3abdbb8e
3b0616c3
bbccfe74
ba86e8fe
3a99deab
3cdd0659
bb14fed4
bb02fd08
3d4d5f29
3c2e3b1c
3b57ad84
38b7d338
3a9d61eb
bba8e32f
bb0ff0f4
b9aca2ee
3cc7cb8d
bb0a7571
badaa6ec
3d46066b
3c0b8d76
3b44d744
b9642db3
3a427a77
bb8f4088
bb864a86
bb1260dd
3cb3dcd4
bad2742c
ba924f9d
3d44a3b9
3bebe081
3b5a3e19
ba7795ea
37a761d5
bb98c2cd
bb961b8f
bb1995a9
3cae92a5
baa6754e
ba35df6f
3d455fb9
3bdf32be
3b848b79
ba155400
38ba6997
bb9beea2
bb8b78c6
bb4193f5
3cb01145
ba744fd5
36021667
bbcc1841
b880c9c7
bb027e0f
b72e2270
b92bbacb
3c970073
3b7b5936
bbb2a6ca
b7cf748b
bb1ee78f
b8d05584
bb1db7db
b798c3f5
3923ec8e
3c4ef9f9
3aaf15f2
bb2f3acd
b86e5379
ba93b987
b852bc4d
bb233766
b7c69e1e
b90003da
3c5aa63b
3830e67b
bb64f718
b8389c72
3ad226c4
b824010f
bb140546
b7d42905
3861d28c
3c0f14f9
ba09376f
bb24b385
b8479f58
ba3bb3f7
b80f0947
baec2b0b
b7cb0212
b87b391f
3ba4ebc4
ba3f586f
babbae55
b80dc35b
ba8f7e88
b7552019
baa1b00a
b7c0189c
b953b4f6
3b7cd0e9
bc2d8fc7
ba05e45d
3be564d0
3a74cbd4
bbb04126
b933807f
bc6ceec4
baaa34f7
385800da
ba9888ea
b80096d8
bab5e9da
b637435b
39d7a11c
ba873604
38f77c0f
bc0e7858
b860a00d
35db0643
378fcb70
3a31dee2
3bb07ae2
391fd484
bb91f8a2
b86c5506
3b39ef4c
38484509
3a1ebdcc
3b89a869
391b62e7
bb7b6495
b87e60c9
3b50f9da
38647f02
3a12515b
3b8dcdcb
39056e43
3a66c020
b862ce7b
3b45f7ae
3866b9b2
39f5c836
3b15570b
38d03860
3b9a39f1
b847678e
3b0dd940
383f0e4f
39c608fd
39a067eb
388d2071
3b755175
b824996d
3a8e5017
38030d33
398d1591
ba6403c9
3826dbaf
3ae89b48
b7e72664
39c380ae
37986ea7
3925eea1
ba38ddd5
37992137
3a36378c
b77058c6
387ea6b8
36fe50b4
38819773
3a13b616
3a96fa61
baee47bd
bc39b77f
bab3ace9
b7aef26f
bafcc885
baa693b3
3b70d403
3b7d7b21
3ad3ae3b
3a069591
3a92a924
ba0bccc1
bc4e2ce6
bad7ee24
39d158e7
bb072e94
bb138beb
3bb4c00e
3bc20d55
3b817f38
39352710
3a753795
3ad5acfc
bc5e857d
bb139201
3b5b7449
bb287da0
bbffc133
3c6d725a
3c79e0a2
3c6ae485
394144d1
3a570cbf
ba00ac96
bc03d6f6
bad408a4
3b619a6b
bae300bc
bbfbfb55
3c545b7a
3c63cd77
3c4b192a
b884f483
3a2c7dee
bb0c0624
bb78863f
bab99fe7
3b736848
ba7e3de5
bbf3a7b1
3c4505a0
3c5250be
3c3f2623
b903010c
3a0610a2
bb948e2d
39e9752c
ba41f1ec
3b432270
b9191681
bba81890
3beb3b08
3bf8e53b
3bca07f2
b96dedd4
39ddc1e6
bbd5cf96
3b2f72ca
3985f585
3aad1938
3a174de2
bacc32c0
3acd83b3
3a8b162a
ba417ed9
b98d0c08
39c5e31c
bbefb60c
3b3fefa5
39d22693
3986f1b9
3a550640
39df3d4d
bad229ef
bb209632
bb964c43
b9a5251b
39b0a648
bbef827d
3b072101
39b74218
37d74444
3a73378a
3a7a4869
bb0590bf
bb4c7c14
bbb11a5a
b9be32be
399a72bb
bbebbb35
3ab68e35
39828930
b8843e32
3a5a8c1c
3a8f7f87
bb04bb10
bb4732b8
bbb224e0
b9f7fcf2
3ab0d732
b92e41bf
bcaf687a
b9276995
3c0d0246
bd745c05
3a801874
3decdb45
b935cc4f
bcf25e23
b8e225ef
bcb06f91
b934daf2
39b9022e
bcdbf99d
3b2ce067
3d6c40bf
b947facf
bce7e450
b8fbc5d1
bc977960
b9344bbc
3ae01a11
bcaf37ec
3b5111f6
3d0ec330
b939de41
bc6beb9f
b8bdbb70
bc67b466
b92dded4
3a891373
bc5335a5
3b3f1e97
3c8a3314
b90fad46
bb89e956
b87b7ea6
bc1e570f
b92079fe
3a706f35
bb76ecb7
3b1dc157
3b245da6
b8deccd7
ba033d3e
b83280ca
bbb76610
b90e9cce
3a3bfd0a
baef9fc5
3e45865f
baf3317e
bd5d9e4c
bab6bbf5
bdb2ec69
bb2b5a3e
bc80d5ac
3d31a350
399d340a
3c6d91bc
392711f7
3c6b2790
399f316f
ba01f513
bc25dce1
3a113243
3cd2106a
39a6c5ca
3d007008
3a1c1f0a
ba7893aa
be9ac054
3a291109
3d1726f6
39e2f73a
3d2709b7
3a43ace4
ba5dcfe5
bd85c978
3a17153a
3d0da088
39cb02d3
3cf9fafd
3a30cd01
ba4904d5
3c7f7bb1
39d37c3e
ba0a73ae
39901630
3c50a255
3a012437
b9f6ce00
3d2ad867
39897ea5
bc9c5859
39400f9f
3abbcceb
39b035d1
b98b5ba0
3d22e8b2
3926dc37
bca733fe
38eccfeb
bb7b90c7
395ea46c
b8dbd9fb
3ccb0690
38ae0bd1
bc818910
38766d61
bba8bddd
38f07b9f
b792f48c
3c3947f7
3810a2ce
bbf284a6
37c1b8c0
bb4f13d7
3843d699
367b8a92
3bac3162
b9bd975c
bd24c0c0
3e44b710
3c8161f4
bcca4c10
3ce6eae9
3d9b7543
be16cfa2
be0e622f
be081b45
3bb02cd6
b9c73f74
bd8158d9
3e71f955
3cb51966
bd1591a1
3d17da92
3dd5708d
be4eb2f7
be4a47a2
be457b02
3b8ce602
b9c086ae
bd96a922
3e69b3b6
3cc13467
bd26a676
3d19d410
3de2204a
be59e47e
be5a45bd
be590eec
b9999c3d
b99194dc
3c95e871
bd8fcec3
bbe6d2d9
3bf64b14
bc350cc8
bcb8dd5e
3d5704ce
3d4dd08c
3d3b8dca
bb004f21
b953a0d7
3ce3fb86
be0d9c03
bc3a70fa
3c4099c7
bca62848
bd22b786
3db84ac7
3db00fb0
3d9d8f4f
bb20e42e
b952e372
3c962e5c
bdffc425
bc1cfb66
3c2387ff
bc8fa4c9
bd0be7bf
3da00c49
3d933d32
3d7f9157
bb176984
b90e694e
3ba05b0c
bdac02a6
bbbb6810
3bf4232d
bc362415
bcc68bdf
3d5a65e5
3d430e8b
3d1fd2b7
bb06543c
b82267c6
bbbea526
bd38c376
bb3295df
3bb2fb5c
bbab8e2b
bc781ecc
3cffa663
3cd56610
3c9bed51
bae9b4c2
b8cbfa32
bc383827
bca6833c
ba87551b
3ba2a330
badbd196
bc320f0c
3ca3602b
3c7f74bf
3c23acb9
bae7d9d4
b8d119cc
bc5db3ba
bc1804a2
ba0813df
3b9f8880
b8d0cd0c
bc111415
3c70b20b
3c3355a8
3bc3abe3
38e51ab0
3bd132f3
b925d73b
3aa2eefc
b7f0db00
b9a61cf7
b63315a0
b9078047
3d2b9890
b981f7bb
3bfb70aa
b93dc45e
3ac0249e
b858a57f
b93f64e1
b62ea88d
b917e67c
3d25671c
b9cb9e16
3c09256c
b943ca65
3acd1ed5
b80e88ca
b9832e5e
b6338c76
b916af4c
3d134217
b9a241a2
3c0b3204
b93d19c6
3aca0610
b7d3ff5e
b8967c78
b5ddb46a
b9466a07
3cf2589d
b969668e
3c04c851
b9287cfe
3ab8b534
b697fe33
b9176651
352db35d
b8a49559
3cb5367e
b8dc1975
3bef3628
b90a028c
3a9c2791
36c4e624
b9217278
3a61b31a
3edb8aeb
ba9b9df2
3d9bc379
ba1e36be
3ca0609d
3a126dc8
388990df
bd5273ce
3a0d20ba
bbcd1bec
38c43a83
baf019a3
b79fccac
b92265ae
bdde7dc8
3a204dff
bc427de3
390392ac
bb63ef12
b80ce2a5
ba11db8b
be3517d8
39ae8329
bc85872c
39311e14
bb998cc2
b8252c93
b9975b0d
be01cccb
38fe3801
bc978033
392c74c2
bbac7fe8
b81f2222
b9309ca7
bdb17db1
b9190663
bc9778e7
38f83a21
bbab531e
b80984d2
38748bde
bd65ba63
b85c92ae
bc880581
3904db3c
bb991235
b7d85569
38a60e13
bd0a9e18
b8896321
bc59d35c
38bf8fb8
bb743126
b7925dde
390c2290
bc9628a9
37cc59b9
bc14b985
3896e0d3
bb2641e7
b7235b6a
38c4a0b0
bbfc76d9
37e2e005
bb92a093
38224888
baa1e0a9
b65cc7cf
bedbcd7d
be228278
3d964c29
3cc00c89
3eda072b
3ee05c99
3eddf82f
3ebcee2a
3ebc3a45
3e41b25d
3de8a1ad
bec364e0
be0db306
3d7dc019
3ca903ed
3ec19d38
3ec76972
3ec557fb
3ea70e39
3ea600a1
3e2a208b
3dcbec25
be8d8921
bdbcc03a
3d1289c5
3c65a156
3e8be517
3e90b0ea
3e8f1299
3e6be77f
3e6978ab
3dec112b
3d8d0747
bdd1a734
bc4f8e3b
bc2c425b
3b1f904a
3dcc3035
3dda2e45
3dd59b59
3d8ccf1c
3d8987b4
3cf6ff47
3c91ee7f
3cc1cdf1
3d1c5a93
bd15324d
bba325f4
bcd167f2
bcb1204a
bcbae805
bd304ad9
bd33d499
bce19bdf
bc88de10
3de31d77
3d8a65d6
bd43e1cc
bc193c84
bde54161
bde30d6c
bde375dc
bded92a7
bded8653
bd82f814
bd1d2bff
3e2c6032
3da8cc4c
bd4dee08
bc3c51c4
be2c9827
be2e3d30
be2d7439
be244772
be23dbb2
bdaf1dc2
bd51d822
3e50e875
3db547cd
bd45bb98
bc4af2f6
be505ece
be543960
be52a257
be3e08dc
be3d5144
bdc6d7bc
bd6e0f57
3e65c36d
3db91385
bd397acd
bc4e5efb
be649f00
be6a0cde
be67e31d
be4b622e
be4aa6dc
bdd2bf86
bd7c77e7
3e6fbfe1
3dba5750
bd321a73
bc4ed368
be6e3559
be747fc7
be720eb7
be518da4
be50e045
bdd83ec1
bd819eb7
b96692a8
bcb18194
b94d02db
bc30291f
3d0d78d6
bb81d44d
bcf3ceef
b8f72947
3e21f93f
b9cd6d54
bcbbad67
b9585fd9
b9a763ac
bd1a1368
ba3f69be
bcb675e5
b9a399a2
3df290fd
b9c18ac7
bca61f96
b94ccfaf
bb143108
bd23c743
3ad63cdc
bc43dccb
b9b69bc3
3d42b55d
b992fd3f
bc7c1630
b93aa3c4
ba36feac
bcba3665
3b35fe38
bba7203e
b988b653
3c7a6777
b958360d
bc249452
b9215fe7
ba5b4b4a
bba6dc7d
3b3e3180
3b2e08cf
b94992d8
baeb004d
b90db409
bbafb8ba
b9046532
394ddde3
bc0138b7
bd950600
baadd23a
3e4d3d37
3b047a33
bda863f4
bb0490ef
3dae2045
390ea3f4
39a5f07c
3cd61a37
390e3d59
3c2515e4
398826c6
3934d969
3b673b22
3a216cf1
bd930164
395f2e0d
3cb273ca
3a0087b8
3875f835
3d46d61b
3a56cca7
becfa7e7
39806ec4
3d1f8190
3a36368c
bac58811
3d5e1175
3a555c2b
bd1f0b38
39306021
3d17fc88
3a338214
bb0757f9
3cd107d1
3a1fd7e8
3dc53870
3848c04f
3cb24e7e
3a08cdf2
bb151dc7
bbf20ffc
39bccb16
3dcba407
b882097f
3b935db7
39a6152f
bb027709
bcd00c01
3935c28a
3d7d1e37
b8ffeb18
bbc8058f
39208971
bac6b7d4
bccad3d9
387bd199
3ceee816
b8ff2584
bc13a847
385c1ac3
ba771f31
bc6b1104
37617cd0
3c1aeea4
b895e70c
bbba9edd
372af4a0
b9c23756
3b3d9c5e
3b52eeac
3d61a821
bd94df77
3b9c9eef
bd288e54
bbc53819
3d95daa9
bdc71858
bdc38724
bdb4468e
3b335981
3b51e01a
3d46f4d0
bd9679c2
3be6bb34
bd4ad648
bb793709
3db213d9
bdf43a6d
bdf6deb2
bdec2f8a
3a6d67e7
3b3be848
3d51f291
bd8d3935
3b411bf8
bcf1bc92
bbd9482d
3d4b4da2
bd819005
bd857fa2
bd6115fa
babed5bb
3b2c6d51
3d9a8f57
bc5deb5a
bc9dc475
3d8d3ab2
bc83671d
be160a9b
3e58c9d6
3e722c71
3e8864ce
bb23afc6
3b1158f2
3d466adf
3d2f8dda
bc6d8dcd
3d8ad748
bc010766
be110f06
3e4292b8
3e53ca98
3e76e16d
bb2cd7c3
3af5911e
3c926a57
3d87095e
bb84ea23
3d24be1f
3b099fc7
bda4108c
3dbc3076
3dcbb418
3dff940d
bb333216
3adadb0b
3ba86874
3d67cf6e
3b19191e
3c804a6c
3bcbe088
bd05568f
3cb35cea
3cbd72d5
3d2800b1
bb3421d5
3aefeb75
3bf5560f
3cf6ccb1
3b89473e
3ba01959
3ba29d3a
bc433e01
bada47e9
bb3ec00c
3c2c6ca6
bb12a767
3ad5ab70
3c77d383
3baae146
3b2b58c2
3afea3e7
3b055944
bbf86857
ba479e3c
bb285352
3c1a0c96
bb4dbb58
3ab73adf
3cab1d73
bc177624
3aa81bc3
3ae7b091
38e4ed85
bc0f70c6
3bb8ab3a
3b896d22
3c815baa
b909f4d1
bb75f9d6
b82a526b
39819eb3
b83d247c
b907bae9
3bf4391d
b8416443
3d1bba0d
b911d349
bb998e28
37320e47
b9bd34c8
b7d6ed66
b8b2cc9f
3c0636c9
b8b58a98
3d1913ad
b90d213d
bbb15b23
35e71497
b88243c8
b706ee13
b90033e1
3c09584d
b8dfc5c4
3d0befac
b8f69ea1
bbc27806
36974a1b
b87a8016
36fe9823
b8e104cf
3c04199a
b8463a3b
3cef4a9a
b8c285fd
bbcdc641
b3a1c3f7
b904a87f
378c98d8
b7c2f26c
3bf0df7e
b6aa20ac
3cbdae8d
b886dbd7
bbd48c9c
35490692
b93843a4
390bdb78
3d83d55c
39f61df1
3edc710c
ba0d3375
bd6c5c3f
b959bbb5
38c19c11
bba6737b
39f60267
bd4a672d
38d4e752
3b4591e1
b6818883
b881a034
bc1d39af
39586160
bdd38ceb
39339740
3bbc1da2
b69830d9
b8218854
bc56b0e0
b9d202db
be297686
394ca72d
3bff5bbe
b68dec68
b9000c20
bc7b913d
b9d23cc7
bdfb20b6
38f8c078
3c0f97fa
b59769ce
37d1f00b
bc7f34ab
b93a1fa9
bdb2d5b2
38fa2527
3c0e0cad
3487e273
b59c8d14
bc6689af
b8eb8ba2
bd72f386
389ee9d4
3bfb2507
35873b43
b804cbb3
bc38a439
b8a7e1c9
bd1ad500
3815087c
3bc44bc9
359138b5
3716a896
bbfafb9c
b5ce7103
bcb15a0a
37a6563b
3b812602
3537f557
383cb684
bb7501b8
38246039
bc1c1eb5
378dd417
3aede4a5
34c6971d
bdaaac0d
3ec8ca67
bec11ac5
bd2da7fd
3d89cdb4
3e069814
3dcdd4e3
be871cba
be836da3
be45ddc0
bdef0eb8
bd9d4ff5
3eb30b12
beab239a
bd198b81
3d8006dd
3df4d806
3dbc7f2c
be6f174c
be68f91f
be2fecd3
bdd50af4
bd81c6ab
3e82f908
be7632ad
bcdcfb7a
3d58ade9
3dc21462
3d9835df
be2a87be
be259dd0
bdfc6bde
bd98f0cc
bd329f69
3dcf4eb4
bdb112fc
bc1cdf4f
3d2150dd
3d684428
3d42ba87
bd635502
bd53a40f
bd2c890f
bccf556b
bcbea4f1
bc398e17
3ccdb48b
3b3972e9
3cc1c5fb
3cba7eef
3cb48ddb
3cb39b49
3ccc9374
3c7b6249
3c1f36cc
bb856795
bdb7d1f0
3dd190b0
3c3b34dc
3bfe80b5
bbcbd79e
ba46b191
3d95d954
3d99db01
3d5c1f75
3d072ae7
3c4db614
be1156f3
3e1d067a
3c8b4c40
bbd88d75
bcf22e3f
bca27c7a
3dd72b62
3dd952cd
3da01334
3d43ce88
3cd1b6f0
be32f1b8
3e3d9a48
3ca72673
bc9525dd
bd40465c
bd0cec8f
3dfd3c53
3dfe0af5
3dbe12b1
3d6831f2
3d0d1277
be4671b4
3e504497
3cb720d5
bcd64279
bd6f09f7
bd34bd43
3e08ed6e
3e08cab2
3dce94f9
3d7c2269
3d1f55da
be4ff714
3e59277d
3cbf198b
bcf738fe
bd833a60
bd48be0e
3e0dde0b
3e0d5b72
3dd6697d
3d82c352
b9102759
ba034694
bc7489f3
bac70000
bca295fd
b9286003
bca51139
b8f8a164
3dc52e1c
b92bcdbe
b8d2f5c9
bcb1a383
ba2fbd4b
bc9c5762
b93334d3
bc9ee245
b9090b97
3da5fec7
b9359c74
b9a7d1d1
bc8bbee7
393f2a81
bc7fb14a
b9363abe
bc93c989
b8e19526
3d7baa47
b932bd63
b868f988
bc77c708
3a555b90
bc3c6980
b9157f46
bc25ee2c
b89f10c5
3d2bf1c2
b92a4c63
ba11312e
bc30ab73
3a9c9a76
bbbceaf8
b8f1fbe5
bba11423
b8773900
3cc9448f
b91b2d27
ba4884d8
bbfaa187
bd18f72f
bae73287
bcec6809
ba0f0fd2
3ec033ab
bb0b9217
bc1f1647
3bb8e073
395526e0
3becb114
38d66a74
bd2407e3
395b2923
3a095c91
3c1b687e
39c4a81e
3bd47fa8
393f2c80
bde7d535
39cbc5f5
3a76d792
3c579046
39fb0afb
3c34a4e4
3973a1ec
be7cdb40
3a03eb0c
3a9205e8
3c83c6d7
3a045784
3c8cf7de
397ece99
bdfc86f1
3a08dc89
3a9d24bb
3c3fb246
39f2dbda
3c428bb2
39652c91
bd313016
39f9218e
3a952415
3b6b8f0e
39c5445f
3a46ef4e
3934cafa
3a3c00fa
39c905ec
3a7b535b
bac92ba9
39929710
bb8f8f5e
39008e53
3c9d8531
3992809b
3a312bec
bb0cb268
393f3e4a
bb776322
389ef899
3ca9d508
3939763d
39c86486
bab888ed
38b92fd1
bb1a7421
3811a561
3c46cfb2
38aaa10b
3910d3b5
bb8d258c
39d7bac7
bdcfc8f1
bd17b12f
bbe0faa8
3c8181de
bbec553d
bd9d448f
3d9123fb
3d075303
3c404abd
bb7c604a
39d46d10
bdbded2f
bd0224b9
bbbc4b32
3c5241fd
bbc393e0
bd87a6a7
3d71926f
3cc84d08
3b9f56b7
bb27043f
39bf6afa
bd808c91
bcb8f3b8
bb8aa876
3c15b777
bb90b987
bd3d1739
3d2be9cf
3c97bc94
3ba84bba
3a5230c2
39ab06f1
3bca3aad
bc20be3f
bb10cd3a
3b1e5975
bb2eda12
bbd28184
3c528c6e
3c7140cb
3c6da267
3b1a90a5
399b15e3
3d136665
3bc240ea
3a6f8f65
bbb9bd4d
3a372235
3ccb12f9
bca731c8
bbe2dfda
ba589c26
3b3258a0
396dc43a
3d333e10
3c8dcbd5
3b5ad75c
bc3032c8
3b60df47
3d2c43ea
bd2dc37a
bcceca9f
bc8d8db3
3b1ce241
3960b216
3d2eaa43
3cabed68
3b8e5a3d
bc39796a
3b9365ff
3d3682fb
bd3f061e
bcf154dd
bcaf9690
3aee644f
39639351
3d1cef7c
3ca1a109
3b86bce1
bc1c0813
3b90b13e
3d234938
bd2941d9
bcd3ed62
bc97b5ca
3ab1cbee
3937584c
3d097195
3c91c2eb
3b7ed1c9
bc016d18
3b8c637a
3d0f6ce8
bd129db7
bcb646de
bc809ae1
3a8570b0
3920abc0
3cfce2cb
3c87be81
3b6a2fea
bbe0da5b
3b86951a
3d03390b
bd04dedb
bca25465
bc61e480
37056a78
b910e7e9
b72887a0
b937e987
3abb82ee
b922144e
bb9599c9
b929135b
3cd07976
b3832484
b9804fa8
b6b080c8
b94a8190
3abf95c9
b94f73a2
bbaafe63
b9373c40
3cd6750f
b6d63207
b958e6cb
b227597e
b957cbc7
3aad9e69
b970a19b
bbb8592f
b93864dd
3cd0d355
b6f0a93d
b962f404
36826350
b93bca37
3a8634c2
b935f6ee
bbbe1599
b92fd1fe
3cc31643
b71f2e61
b976579d
36d1b4f6
b91421b4
3a190e2c
b91306ee
bbbd6390
b920b34c
3cb009a1
b7518fe9
b92fb5a7
b9a6e27c
3c5b07d8
b99059bf
bd2e28ed
b9fba7e9
3eb6f5f6
b9111f7e
38190fdc
babd4010
389cd402
3b1e1e4b
383bf821
bd11cdc9
36c6517d
3858bd84
bb340234
376c3211
3b96604c
38a1128a
bd97246c
37292751
387d996f
bb790450
382dac41
3bd06054
38d940c8
bdeb91d4
37474360
38fe54c8
bb944b0c
3917fd90
3bf9e27d
390750ec
bdb656bd
37467aac
38d49bc1
bb9c37b4
38f51a5f
3c0287e8
38f98ae5
bd87ec65
3731770a
38486259
bb95a76e
382a6a0e
3bf4ef62
38bba97c
bd40e87e
370fcb1c
377d25b8
bb821c91
b70d9a9e
3bcdf8bd
387e1636
bcfec240
36c89d74
37596976
bb453ee4
b5c2694c
3b9513a2
3822bd15
bc948d52
36684cc4
b6ceafec
baddbf10
b78860e7
3b1df622
3774d5c6
bbffa6bd
35b901e0
bbecbbca
bd4abbf5
bde89648
bbb5411c
3b54c966
3b9654c4
3c8d76d1
3d5662ec
3c8d02c3
bbe0a098
bc45f293
bbd0da62
bd3fa168
bdcf9566
bb9e17ce
3b395cda
3b75fee7
3c7ca448
3d484e7d
3c8a1e88
bbb00dfd
bc2be85b
bb9bdb3c
bd289fe8
bd995651
bb571ffc
3b0cc990
3b108bbd
3c3ed711
3d2ae297
3c880561
bae820d6
bbdce8d1
bb2c7b9d
bd07d9ae
bd031a5d
ba424aef
3aca88b9
38ee8fa4
3bc68d4d
3d003654
3c8cdfb9
3b96a2c1
b9c5c81e
39f51f0b
bcbfeed2
baf1c4ab
3a6b0a0f
b9f46a9b
bb31f9e5
39c7b4b3
3ca13607
3c64609d
3be91e87
3b4695f7
3b8627c7
bc571024
3c939980
3ae85e12
bb5b9fe8
bbc09050
bba5fa9c
3c00ce12
3c0990cd
3be5ebd0
3b8f6709
3bff6697
bb59ba17
3cf5fdeb
3b08bb4b
bbd810a4
bc13e5e5
bc23d02e
bb50ecc1
3aff802d
3bb0d22f
3b912f0c
3c36fca3
3ba6584b
3d152e9d
3b0716c7
bc1f3b2c
bc428933
bc67caf3
bc4dd56c
bb8bc0e2
3b4cb3a0
3b772eb6
3c62c9ef
3c393088
3d205ff9
3af9949a
bc490807
bc67b22c
bc8d4826
bc9faf5f
bc185c2d
3a75db3f
3b3c4a66
3c7d090f
3c71abfd
3d23aa2d
3ae5f21d
bc627df1
bc7ded4e
bc9be348
bcbf790e
bc48a2f1
b9e213ce
3b13d0e3
3b8397b1
ba10a2dd
bb32fb09
b881372e
3c16f9d1
b813193c
ba29a503
b6dba86b
3cc1f720
38e29703
ba251ae6
bac8e1da
b84e56d7
3b342649
b805f613
ba2b3404
b723675a
3cd59004
3af864a4
ba1e993d
ba45345b
b83124eb
bbacb41c
b7a8325d
ba14b87f
b7415c6b
3ce11b29
badced2f
ba1b314a
ba51239a
b7a00d4d
3affab6f
b6f50d74
ba08dd79
b76cc5df
3cea3698
ba99d570
ba167ee4
3942ceb8
b7122431
3a29efd5
b5ccb9fd
b9ecb208
b749e026
3ceeed02
39a833c4
bc13b383
3a1988a0
ba886137
38ea2441
ba4253eb
b8fa877e
3ec9d7bb
baae1cc4
b82ffbe1
3a4a2fce
b78e8956
ba3a570f
b5a0db14
bceb64af
baab45cc
b89dc7ab
3a85ca0d
b7f5055c
ba92f718
b4b5b1e7
bd737648
3c481d78
b89787ff
bb641b73
b7c71be7
3a8f959a
37bf5643
bdbcf0f0
3bcaff62
b8a27414
3b290fda
b7944e84
3aba5803
37d84b31
bd8f56c5
3a94806f
b8a7b45e
3abc06fa
b78db6d9
3a6298bd
37a2d08b
bd4e8de7
bb61f8b3
b8a753aa
bb8321da
b7a40b69
b9b33420
36d064f6
bd0ab303
bb22e7e3
b86bc48a
3a842307
b73bf7e2
3974db68
3713cdbc
bca77b40
bb08403f
b80fe671
3a59c742
b6ba5e65
39c99a78
370108ca
bc2869e4
ba85d97c
b7796696
39e866e2
b5e1c535
399f236a
369b05ed
bb5f44eb
ba77026f
b95f6185
3e1d8664
3c1f1cb0
3b47ed5b
bb50528c
bba551a4
bcafbc66
bb14a8db
3c313718
3da8b8f1
ba6b5307
b969ee71
3e141029
3bee950e
3b32c036
bb414082
bba1e4a6
bca7286b
ba464e66
3c35a197
3d9ff457
ba492dd7
b93df506
3dfd911f
3b5593c3
3afd3d00
bb13bd70
bb9a0825
bc9342b8
3a8dd0aa
3c3bda5b
3d8cc7e4
ba16f65b
b937d79e
3daf1469
3c3ac975
3b139e9d
bb16ce4b
bafa60c8
bc292bd1
bba100b2
3b1daee4
3d2fb60e
b9ab58f4
b920541f
3d68955c
3c66dbf7
3b24574f
bb5c8cb4
b96465e4
bb4f72d2
bc388bb5
bbd1695b
3cb6297c
b9335d71
b8fba589
3d18942a
3c5238f2
3b101614
bb55eeb0
3a079a43
380c98b4
bc42cf9a
bc10a218
3c339219
b8cf057a
b8e30530
3cda4630
3c0325e1
3a8f6d27
ba89fe46
38c58531
bb25e501
bb8d84a7
baf54073
3c49fbe5
b8d4da97
b8a231e9
3ca1cb90
3b9796d2
3a3b1643
ba315046
b993320f
bb13635f
bb155eea
ba11e0a8
3c243c6f
b8b85a22
b8c4aec6
3c870513
3b04cd77
39c8d02f
b9c0728a
b9f4daf0
bb2494ad
ba105ba8
3a4f1f4a
3c1a927a
b8df586c
b883a758
3c7e681e
3a65f12a
399b9f43
b996f6d9
ba0ea141
bb324a80
391a1596
3aba092e
3c1abd8f
3c3bf565
bcab7ca9
b83ded2c
bd5e88ac
3916edec
bc86ff66
b9312d63
bb3871da
3db115de
39ca673b
bbd20031
b9165787
bd07aba6
394f80d6
bc80655f
b953538a
bb1b1e96
3da7deae
bb94fa1d
bc355774
b89f62df
bad6a9b2
38c1b5eb
bc5e3525
b95ae22b
ba22d458
3d4b6ebc
bbc2678f
bbf9c297
b8b8635e
bb9a6931
360a0cb3
bc2c5cf4
b94dd650
b91ee44e
3cc6eab6
bbbe16c4
bb9c3f04
b8734ac0
bb022e4a
b774d3b6
bbe6240e
b935c791
39950f5b
3c8a27a7
3cce1040
3816c803
bd75a239
bbd55ef6
bd88df19
bb29874b
3b15ca32
3b8ba3fc
3811dfbf
3a860051
39b27e75
3c6b477e
39aeb268
ba9c1b47
3c66f48d
37747187
3d45faf4
3a327230
3cbf73bc
3a1c1fef
bad3a4ba
bcdf19d8
36f2a899
3d69f230
3a721348
3cb3fda0
3a35d87f
b97de325
bca6b674
38261f9c
bcbfbb3b
3a6ccc7e
3c7c4192
3a274fdb
b9c22e22
3975522c
389c184c
bcc78b62
3a5b2a28
3c4d578e
3a17102f
b9d0ef55
3bde96d6
38c5edb6
bb0af23f
3a370630
3c128dd6
39f6a1f2
b9959736
3bbe720c
38a60f91
3b4b432c
3a087c5d
3b925a38
39b059bf
b92dd680
3b302a33
386d4a32
3b1dd9be
39b189ba
3ae23942
395af63d
b87fa3d8
3a97b1e2
37f02b24
3aa4486a
392a6448
39df08d1
38c61647
b720982b
3a0c57fa
bbd33527
3ce4f48d
3cda58f8
bb0b27dd
3c1026e4
3a814243
bc02b87f
3cd99589
3d14b0de
3d2e4709
3a0bd17d
bbcf84a7
3caab550
3cf85205
ba4e276c
3c15e267
3a3dbf6e
bc00edf8
3cc5befe
3d06d646
3d18f4e6
3ad20c2a
bbb2ee46
ba06c1a7
3d326d2c
3b8b3e4b
bbd19570
3bd79108
3cbf6cdb
bcfe746a
bcd6a39c
bceb6851
3a8969b9
bb86f9a3
bb55e552
3c9955bf
3ba29d08
bc847ce7
3b8cf8db
3d1c2b14
bd579ab8
bd59831d
bd7666bb
391d7df9
bb730b66
b9eb16dc
bb8f3739
3a2cfc13
bb55ee92
b99aea95
3c3084ec
bc128e7a
bc3b905d
bc6ebb7b
b948504e
bb11128e
bb0569ef
bb837312
39568b5d
3a2d5e53
ba618d31
bb8bd487
3c028501
3bd68c06
3b9d0661
ba3df360
bae9311a
bc03f999
3b397797
ba202d92
39898201
39b3f9e8
bb10dd84
3b2aba21
b9d9f324
bb31563d
ba9a45c4
bae87148
bc509c17
3c0b69fb
3a9bd195
ba6525d6
3b00d522
3af8c018
bbb3350d
bc1dde4b
bc478f93
ba52fbd2
ba964cc0
bc78cd0e
3c3678f5
3afb36d9
badece72
3b357485
3b7c0184
bc2c57d7
bc6e5dac
bc901531
b99cc134
ba7bd70f
bc84077b
3c4a1f5c
3b5f1d56
bb251696
3b5d0045
3b99f976
bc4a2c9a
bc8e2ead
bca51166
bbc4be70
b7efeaf0
ba2c7dc8
b8db7664
bafb9947
b78f94de
b8e017fc
3c38ae4e
3b91941a
bb3ba0a5
b8981b70
ba2323cd
b8304e06
bb13c61c
b7ce2e9c
b9db2dec
3c7c92b2
3aee3a10
bb9a50ed
b84ae202
3b167f8d
b8115e35
bb13e769
b7f04d28
b90707ba
3c3a5771
39b8ed70
bb6ce79d
b8802d90
bac00272
b82401e5
bb001290
b7e90757
b7deb707
3bf622a7
b9d1d076
bb24d470
b826e64f
bb29ac88
b743354d
babdf8cc
b7e7cb42
b92072e7
3be01d94
bc09f220
b9934fce
3c1c5f26
3a8324c5
bb0d36fb
b9066c45
bc38637f
bb07a68c
381159db
bb0657f0
b8142f14
bb0eea28
b7626567
399410fa
bb51d445
38ae4985
bc358979
b8865e05
bafedcbd
b6c7c7cd
39dfca01
3b8b3b2a
38ec444a
bc1b5743
b890fa32
3a429f48
37ccc20e
3981ed32
3b7eaccb
38f17b70
bbc8513d
b887b794
3b1bca43
383038a0
394cf10b
3ba322e2
38d36694
3a63c686
b853c7a7
3b5043dc
385a69d2
391345ed
3b50d376
38aa63d2
3beed1eb
b8295708
3b3f4510
384d2012
38f651a0
3a8d04b6
3864afbc
3bd99342
b80508f0
3aff9e43
381a1e81
38c50509
ba96124a
3800d468
3b4d19c6
b7bc51a2
3a76a0a4
37b807e5
388156a9
ba920c1b
37688ebb
3aaf2b2c
b74f7589
399a6467
37160e62
37f30bdb
39b5c05b
3a8f7ccd
bb345759
bc14f4f3
ba35580a
ba6a9390
baa41940
3a4d8c3f
b98bdf5f
ba19c966
bb30694d
39a3ff7a
3a8b526a
ba65738b
bc3556b5
ba98cde3
b914ef44
bacd9921
ba7539e2
3b42e0ef
3b436628
3aa6c377
b72fabe3
3a6a036b
3b3e46bb
bc67c6b6
bb11071f
3b7586bc
bb279c2d
bc0b77aa
3c8105e3
3c86e048
3c839327
3827938e
3a4e4af2
3b19f81b
bc1e741a
bb07d0e6
3baf7788
bb12cca8
bc3b9bfe
3c9e0bd0
3ca9d631
3ca4f134
b9345594
3a2450d6
3aa6bb20
bbba5b32
bb0a2c3b
3bcc8073
badfea62
bc4c54af
3ca77bc7
3cb4d3d7
3cb3a91a
b94aa491
3a05b704
bac64071
ba652b95
bab857bc
3bb1900a
ba4e4b51
bc23b81a
3c7472a5
3c8519ef
3c816856
b9926914
39e4e891
bb946ede
3b0fc914
b91dc384
3b3e356c
396175bd
bb97a088
3bd386b5
3bd510d1
3bb27f0f
b99a9cac
39cd4867
bbce8f04
3b4d69c6
398d5c2f
3a6b67d6
3a37da9f
ba653bbc
398e6cf1
b99a00ce
bafeda6d
b9b14245
39c4187d
bbd7febb
3b0082d2
39848882
39d6c49d
3a59f4a3
3900539d
ba6c2b87
baee9e8f
bb78c7a2
b9c4496d
39b0e864
bbd47ced
3a67025b
393814af
39479bc1
3a38229d
39d896c9
ba8a50ef
bb02f442
bb86554c
ba0266b5
bc168273
b947b372
bcc87ec9
b983f57c
3c170621
bc556b72
bba803c5
3decc0be
b9854ee4
bd34ed59
b9738702
bccb2ef4
b983197e
ba801f61
bbde7be0
bb34f7cd
3d9db6b8
b98b0461
bca3cf71
b94408eb
bcb22721
b9840158
b948d4e8
bc3234b5
ba011e6a
3d422fe5
b92ce674
bc5cb332
b8e9ab8e
bc874eac
b978700d
b9d41ffe
bb53aa8c
3a872958
3c6ac2ec
b91df96f
bbcc8d7f
b8ba05aa
bc2b9127
b9599b4c
3a875a80
bc1165e6
3dc89dcf
baf33a92
bcdc9ad2
ba818107
bd8ec288
bb39df46
3d27c979
3d80299b
395a3f0e
bc0486ca
38e340ed
3b1667d4
3963b407
b96db0f5
3da0f760
39d6caae
bc37764d
39702d6c
3c1a1c71
39ed84cf
ba1100b6
bc99ce13
3a12a045
3c0b7863
39bc573f
3caeba7f
3a308965
ba706cf7
beba3ec3
3a25ad0e
3cec5058
39f3a16c
3d0c13be
3a564c26
ba3db47e
bd97279d
3a286c2b
3d1e9dac
39df32fa
3d045877
3a4be024
ba8420a4
3d3ef77e
3a09b377
3cb6b11d
39a8fc99
3cab57b9
3a209e09
ba821d94
3d90a872
39bbbe43
bb9c2c87
3951841c
3c03870d
39d344d1
ba495c20
3d4fb6af
39503fe6
bc83ddcd
38cbe5c1
b9e0ac0e
3961f105
b9e92beb
3cd0db18
38b21d23
bc3c480c
381abf45
baed190b
38b79be9
b937b555
3b810905
b4fe1b5c
3bdc3e3a
3dcc3956
3bf5d76f
bc6e16e1
3c4faccd
3d1e7275
bd9f9021
bd8d264b
bd62b76f
3b930be9
b767c9a3
bc82cb9a
3e26e799
3c676ad5
bcc67722
3cbf0d89
3d85ef21
be0820d8
be004b97
bde3c847
3b9b0865
b876d07c
bd3ec505
3e7835b5
3cba2e46
bd11a5f2
3d17d4e7
3dc80955
be4d4249
be482550
be391308
3b7e3bc2
37fd4986
bd476e84
3e6689dd
3cb5ea01
bd0acde4
3d104501
3dbc9c4c
be41147b
be3fc08c
be334de2
bac17445
394080fb
3d8f0a34
be0ba126
bc83f30e
3ce3da0a
bcc900ce
bd9eabf7
3e11a020
3e17c604
3e21292d
bb5a452f
3921cec4
3da4142d
be5760a4
bcac952f
3d084f07
bd0fa23a
bdc11c30
3e3cd337
3e3d3e3d
3e416ba6
bb6bfaf5
396689ce
3d595b15
be2a0ae4
bc5fdbd9
3c9e76ee
bcd02d72
bd7e5408
3dfc1135
3df58f16
3df5a80d
bb54d4a3
397b9b8d
3ccde936
bdc8cdf0
bbc528c3
3c0116b5
bc598c3a
bcfe229c
3d758eed
3d5d0b0d
3d5c6d48
bb3e76f3
397483eb
3c0f4db4
bd452dc6
baa4b629
3b3a12f3
bba92824
bc706d9d
3cc6764b
3c931591
3c9be37f
bb322ffd
397043d4
3abb31f1
bcb83e71
3a3f9f06
3a8a9fb1
bab0f3c5
bc0579ea
3c131a27
3b3af60e
3b9a766c
b90811b6
3c0dfb54
b94cf737
3ad4861c
b791ba44
b9747544
b7d3bc61
b97a73f0
3d43000a
b95cfe87
3c1d6584
b95c4f29
3ae44ca0
b7e4db2b
b9bddbae
b7a377d7
b95e4295
3d32f48f
b967fe7b
3c22b65a
b95bdb0b
3ae1f496
b7a58cf4
b8dadd88
b75d62bf
b98710ce
3d170444
b98dd2a8
3c1e9ee0
b94862c6
3aceeb8a
b6d60f6f
b94c1d82
b6eab463
b8b3135e
3ce80d87
b9208cbf
3c12dd06
b9283c87
3aae7e28
34853238
b942b490
39d0b6fd
3ed4bdb4
ba5aacd8
3dab5cc9
ba1627b4
3caf091a
3995a94d
3898873b
bd00ca3e
3942d659
bbc3b9a1
384b760e
baf48ba2
b7633ba7
b54cab14
bd8c26bd
392382a8
bc3ba4e9
389bb575
bb6b2c0a
b7d2ea69
b843a8a8
bdeda802
397b44d5
bc82eeb2
39160ff7
bba1a65f
b80750a5
b9c56423
be36c5f2
38d09a4d
bc9d4c2f
39332cab
bbbd5133
b7ff64f6
b97fd070
be00991c
37c97ea1
bca35650
3919cde2
bbc22250
b7d995e1
383c4495
bdabe523
39522c72
bc96a23c
3934c68c
bbb1e6f5
b7a90071
382e98a1
bd56e80b
38983eb7
bc75d9a5
38f6a397
bb90de14
b7609a43
3909a369
bcf13f2a
38f3e4e8
bc2a12a1
38bcde36
bb48b197
b6f7070f
38dbf13f
bc50c7c6
3897e308
bba9055b
384de15d
bac64f2a
b614a185
bed52fb7
be13541d
3d766c90
3cac779e
3ed339c9
3eda3088
3ed78550
3eb32fca
3eb284c3
3e360b8e
3dda6b10
bec6dbd4
be093496
3d64471c
3ca144a0
3ec4e047
3ecb62e8
3ec8f954
3ea72881
3ea66029
3e298e83
3dcb5b95
bea5785c
bddfc15c
3d33df18
3c8467e5
3ea39d15
3ea936e2
3ea73522
3e8a421d
3e898351
3e0bc3bc
3da7a06d
be56f627
bd8097a7
3ca0aad2
3c1d2c5a
3e53c385
3e5c5ce7
3e596b3b
3e2d3ab7
3e2be9ec
3dabda36
3d4de425
bd09636d
3c75e1cf
bcc50110
bad0758c
3cff1645
3d15ba5f
3d0e43c7
3bf64491
3bea52b5
ba35580a
b9dba6e5
3dbc6138
3d832541
bd442f0a
bc0ecf57
bdbf723b
bdbaccbc
bdbc4596
bdd22788
bdd12ea2
bd6a2173
bd0bfa2d
3e354ddd
3dbd058a
bd6fabe0
bc50426f
be35e34a
be36ae2b
be363ab0
be315892
be30b5fb
bdbe4a6a
bd6405af
3e6cf561
3ddb11b3
bd7b8b28
bc72d7f6
be6cb02f
be70062e
be6ea8ef
be5cdacd
be5bf901
bde8f884
bd8b94ef
3e86b7f5
3de90a90
bd7a3850
bc80ba51
be863c19
be88d1db
be87cd9e
be74c529
be73f363
be001257
bd99a396
3e8e7891
3def03ae
bd77a04d
bc836b65
be8dbfd1
be90d420
be8fa64c
be7fe812
be7f30c0
be057875
bda04373
b87b383f
bcb09d1f
b90d8415
3b4dc4e3
3c137109
39d71476
bcd19086
b8d218a3
3e2217ba
b8e5abe1
bcac5538
b948a67b
b78126f6
bd5b2d7d
3b04dda5
bcb60b64
b9314813
3da43e6c
b8db868b
bc91badc
b94ea81f
ba618b26
bd02c515
3b413331
bc6ec9b9
b909a9c1
3d32ef6d
b8a8c4ec
bc56f2d9
b943bc1f
b9fde12f
bc793d08
3b51763d
bb7d17ea
b907df88
3c8106bc
b891a99c
bc053caa
b9263c4d
b824cbfb
bc340f88
bd062740
baea9944
3d1030e6
39026e21
bd7b43b5
bb365671
3d416188
bc27b1ee
390eda1c
3d4af8de
390eb024
3ae88744
394b82ed
39c93a29
bc2cdf5d
39a09ed3
3d8c53bc
398c97d7
3bf0f45b
39d0dec0
3a387ce6
3c8c0348
3a0c4619
3be318e9
39ce4a1f
3caf8e51
3a2371d7
3a2f44b2
3d5bb34a
3a3d0391
bea9053f
39ec0ed9
3d13f2df
3a4a78ad
b9495bc7
3d00b7cc
3a2cb057
bd6b1cfa
39c1230a
3cd71f52
3a2cc0dc
ba3c0330
3ba7a419
3a05d0df
3d64c40a
39888cba
3c611b9d
3a006519
ba6f9b02
bc660b84
39b28c8f
3d99ee1a
3924080f
3b538e4d
39a41ddb
ba53d458
bca04523
39463cec
3d588236
3899053d
bb2c6e4d
392c3b62
ba0cb6a2
bc5ed5a9
38a72114
3cbf6a22
37c33cce
bb45cb88
388032c6
b964f4b7
3b193555
3a328b62
3d39252b
bcf98e06
bb40788a
bbce6732
bbe95d8c
3bbf26e6
ba85e1b4
3bd7abf7
3c886cd4
3b395587
3a15644d
3d2abfc0
bd2d3768
ba26ef36
bc8cb765
bbc968b6
3cdc7768
bcfac2bd
bcd4be4e
bc9d5af9
3b1cc718
3a4a73e6
3d0be7d8
bd5ef46e
3b79682b
bd066529
bb9032b9
3d6c91c2
bd987b5d
bd99d1e1
bd96a6b5
3aee1cd6
3a6a3afe
3ca72cc5
bd186952
3bf279f6
bd1b5783
b9665cbf
3d8de8cd
bdc79027
bdd2092f
bdd1fca5
b9cfc4be
3a696545
3d0c0f1d
3cbbabe0
bc163451
3d222141
bbb3fda3
bda82207
3de2ce21
3dff7ecb
3e136867
bac5f023
3a8f7169
3cb065f1
3d613163
bc156670
3d4ba673
bb20d983
bdcc98b4
3e049044
3e0faabf
3e27253e
bb073398
3a678805
3beb56f8
3d70a7b2
bb91dae2
3d0dd622
3b0bfb4c
bd8facef
3da81b4e
3db37ce8
3dd8a035
bb08398d
3a7b111e
3a0f2e20
3d2ff863
ba4be36a
3c96e81b
3b52b595
bd1bc0bc
3d187faf
3d1dca6a
3d504733
bb19675c
3a694280
3a840f4d
3cbae75e
3a951ecc
3c0a6800
3b2f965a
bca0b754
3c72e16b
3c5846c9
3cb57fd8
bb0c1363
3a6fc3d9
3b63361f
3c14a9a7
3ac946ac
3badace9
3afa9cfd
bc63351a
3c2099cc
3bf30b62
3c70c62f
b91308e3
bbb56ea5
b8a5f53f
39776ee3
b8af54a4
b95e44ee
3c17f794
382fefcd
3d355bbd
b91bface
bbd4381b
b7c23517
38eec854
b85a1411
b97371d2
3c1eb706
b929766c
3d2a5e59
b90dd7fb
bbebcf9f
b660e4e7
37c1ac58
b7a61006
b94504a6
3c1c5d7b
b882ae5a
3d150f3c
b8e440e8
bbfd0ffa
b6a93fad
b91836c9
354b7460
b81b17c3
3c12d910
b6783974
3cf23867
b8a216f0
bc04a003
367dce84
b974690a
37e33930
3d8f27e6
399e0c7d
3edb8177
b9d1b026
bd8937d5
38c175e3
b7e25b2f
bb9d629b
38fa36e9
bd039da1
37e7eb2a
3b3e1bef
b69ff9ce
b93ccad5
bc162fc5
b95f7c9b
bd8c6f51
384aec00
3bb6c7b7
b71a86de
b6d84b04
bc500ff3
b9f332d0
bde7e702
38bfeecb
3bfbcae1
b787c614
3918e278
bc77597a
b97e63c1
be2d73c3
392343aa
3c147a48
b79a1c42
3981d8e9
bc850f57
39786e05
bdfbc16c
395a679b
3c177f83
b77920e5
37980135
bc799515
3931cc7e
bdae623e
39032ee6
3c08c0e8
b73041f8
b8f430de
bc4cf55f
383bfc04
bd62a22f
3854e388
3bd8bc55
b6e5b469
b859ab63
bc0d9653
389a4440
bd041a28
37ddba58
3b8fb32b
b6816c00
37d9aee7
bb8b7a0a
3891385e
bc6b8f2f
37b51415
3b048908
b5aacf87
bdb604f5
3ec64bf5
bebce93e
bd2a4a51
3d9586af
3e0c10f9
3dd84ea0
be83bf99
be7ec710
be408123
bde7d33e
bdaad98b
3eb93395
beaf870c
bd1e8cee
3d8c780e
3e03159d
3dca9e79
be75ab48
be6d7257
be337e82
bdd843db
bd9366d4
3e9aaf79
be90eeb8
bd04016e
3d73e6f8
3ddfbfbf
3dad75ff
be4bfcd1
be4404c5
be145680
bdb24999
bd6115d6
3e4c59da
be394932
bca9f2a0
3d3f4058
3da38fd4
3d80f766
be02cbd3
bdf6f8dc
bdbc75a1
bd60d73e
bd06e9a2
3d2a9891
bcc511b3
bb3bfc20
3cff0e14
3d1fcba9
3d0a96aa
bc77b476
bc1d7c3a
bc24b204
bba91230
bc3dddb2
bd920816
3db31f3e
3c223b51
3c6dec84
3b76632a
3bf2ce2b
3d801817
3d86e0b9
3d3e3743
3cec7f70
3bee226e
be17e97a
3e27204c
3c9615f3
ba8b2da8
bccb1e91
bc755360
3de77705
3deb30b3
3dabc47e
3d52c026
3cb66d16
be4abf76
3e58d859
3cc0c762
bc6460f1
bd3cf8ba
bd044106
3e13453c
3e14452f
3ddbd57d
3d868405
3d0538d7
be68b91f
3e75ea97
3cd9a7eb
bcbb79e8
bd768509
bd33cff2
3e250e53
3e2565a6
3df73db4
3d97177e
3d1a6da3
be773c42
3e81dbab
3ce5eae1
bce09dce
bd89a3ea
bd4ba731
3e2d852c
3e2d6dc9
3e021af0
3d9eed5b
b9453e23
38900d94
bcb4bd60
ba9c1f18
bcab1d31
b94d6abe
bca58e1f
b9107f54
3dc71f54
b9571c3c
ba04acc2
bca2c5b9
b94daf88
bc9ed2e8
b953b768
bcac8baf
b8f5a208
3da3523a
b9595ab4
b8ae9990
bc9b9f65
3a362211
bc7c62cd
b92cf176
bc5a36f5
b8b0dbd3
3d6ed006
b95417e3
ba328893
bc6891be
3aad2e6b
bc10f59d
b911c900
bbf39701
b893085f
3d16751b
b9459bc8
ba59bfb5
bc2e5667
bce9ebfb
badf7001
bcadd222
ba26d650
3e8d0fbc
bb1bd235
bbd159dc
3b1150d0
3937e1d4
3b471459
38bd1c0e
3ac312e3
3945298e
39f55ab9
3b909f4e
39af5057
3ae1acec
3931684b
bca565f6
39bdf7f3
3a5e9912
3c03a243
39ec3fc4
3bd0cff1
39740c36
bdb59c20
3a022f15
3a871795
3c292ada
3a05710c
3c2dea78
398a7865
be684fc7
3a13d991
3a96c77f
3c7cd8c9
3a042b40
3c8039c5
3988f96a
bde2a185
3a0efa4a
3a92aa20
3c1dc2fd
39e25530
3bf71f90
3967143e
bd207e8b
39f09b69
3a7e408f
3b514f45
39ae0788
3a46a40e
392bd6bc
bb035c69
39b3db13
3a36c15c
39f11b84
39676e10
ba5c7ed1
38da2f1f
3c328624
39667e4c
39d33a2a
b9e2aed9
38e25b9b
bac2f9d0
384b06ae
3c0ddf4d
38d4f086
391b28d3
bb3550d1
399261bc
bd96160f
bce79ea0
bbb668f1
3c3a4461
bbc339c1
bd6a7084
3d5929bb
3cd09081
3c2380d1
bb3f8df3
398a7c8e
bd9a6bf4
bcd76415
bba49695
3c2a9b16
bbad278b
bd61b50a
3d48b9ba
3ca98b63
3b9ed7dd
bb44a0cf
3979584e
bd922c0b
bcb49c2b
bb882bb3
3c1c432e
bb8b7609
bd4df6e4
3d328461
3c89d725
3b0c768d
bb031ba7
39704b5b
bd469acc
bc692157
bb2936fe
3bc9fe99
bb2f88e8
bd080f99
3ce83d59
3c27c0a2
b9009599
3a717b4c
3954938f
3c7fe970
bb863c81
ba6983a9
395dcec8
baa42e61
3b3be24c
3b32f732
3bfed18e
3c259f92
3b162488
3934a520
3d2bbcfb
3c315bf0
3b07158b
bbe5f85f
3af834b5
3d005cb1
bce4f71b
bc4bff35
bb968beb
3b27c02b
3932be62
3d4c2873
3ca6345e
3b866467
bc2ff0af
3b880b37
3d377eb8
bd36c142
bccfe721
bc808826
3b18e86e
393730b4
3d4b183c
3cc147d9
3b9bd8e4
bc388aff
3ba51f7f
3d42cdde
bd4729a4
bcefc8dd
bc9eef67
3b03fed0
391c2bac
3d3e954f
3cc62c6f
3ba56858
bc332b09
3bb3a26b
3d3f58e2
bd45fa22
bcf62299
bca87a8e
3ae5c6ab
390cf9bc
3d364f9a
3cc454fc
3ba25e95
bc296ded
3bb51c4e
3d38ea9a
bd3f9aec
bcee3bd6
bca3ac16
371775f1
b98f81ab
b7716f56
b96ab0ee
3ada7de1
b9703662
bbcc5aae
b955eb02
3d029823
b7101c34
b97e71aa
b6dce336
b98451f9
3ac6e1e0
b9906ad7
bbe033f6
b95ddf00
3d02322c
b6eb81c2
b99930ee
3514e606
b9698620
3a99476d
b9646135
bbeb9096
b959c6e5
3cf87729
b7237bb9
b99edb19
36bdc033
b93e6e83
3a29a454
b941233f
bbef94c6
b94d1895
3ce53360
b76b9a65
b9762157
b99b79a3
3c74b670
b9916dd5
bd487747
ba0794dd
3ec28a27
b9153bc0
3834b901
bac7bb37
387a1af7
3b16dc8b
381b7939
bccef7f7
36ae4f0f
38839163
bb409305
37055ab3
3b90e53d
388a84cd
bd58dbb3
3716ba05
38818fdc
bb87dd3f
3824e7f4
3bcb9e97
38c4d84b
bdabd3a4
3734521a
384af887
bba59adc
391b375f
3bf7fe2c
38f7a28b
bdf57918
3747e2db
38d50562
bbb70109
391e1b68
3c0a503d
390c1d35
bdb86bb9
37399626
388b612a
bbb55cd7
388d0a9b
3c075fa7
38e7b678
bd83da00
371d7cf0
38150bc4
bba1c3af
3579c8f8
3beaaa57
38a6496c
bd2f57cc
36e2481a
37d8b623
bb7a26d5
36c92a50
3badd293
3854bda7
bccdbc9a
3686c13f
b6a92dd6
bb0ed3ba
b7c841db
3b3baa16
379daae6
bc31d9da
35d8e09a
bc06fbc9
bd6852a7
bdef2de8
bbafaa5b
3b88641c
3ba40f60
3c99b437
3d729afe
3cb27808
bba14db6
bc3b3646
bbeb9d2e
bd5dc2a2
bddf897d
bba26b56
3b5e20b5
3b83a860
3c8bc0fc
3d6598dd
3ca93995
bb92ec65
bc2f6b68
bba88758
bd474d4d
bdbc2cf7
bb84444e
3b005089
3b0b9105
3c5ddc66
3d49d50d
3c994b4e
bb48ee8c
bc0f7e15
bb174a5c
bd269f93
bd80edbe
bb211f4a
392eb24c
ba0895ae
3c07ab00
3d20ef7d
3c882c39
b880403d
bba8c39f
3a7ee1d9
bcfc288a
bc9fcf6c
b6c89330
bacc57cf
bb71bf56
3abaeaaa
3cda32f8
3c7bc687
3bb16760
3a44ea0c
3ba7a00f
bca0c5f0
3c240621
3ac12120
bb9751d8
bbf46c2d
bbad8749
3c593e31
3c2c61f4
3be6fd43
3b701c4a
3c1c63d3
bc0c6760
3ce9ab44
3b0e3dea
bc08e11f
bc3a3ad3
bc3c49b1
39c802e8
3b7dee66
3bccb1eb
3b961f85
3c60cedf
3a9ab1da
3d1f516f
3b1a4923
bc46a98a
bc75a32d
bc898339
bc31037b
bb473d34
3b88ff08
3b8cdc9a
3c8c2347
3c0c4dda
3d330c02
3b15683d
bc7ac110
bc92dcec
bcaa508c
bc9d8500
bc11d582
3af56591
3b63d19a
3c9cfafb
3c502b72
3d398e9f
3b0c5fe3
bc8d8573
bca16e70
bcbd5822
bcc49f52
bc4b7ae9
39accd22
3b396df7
bb3a350c
b991137b
bb972a1d
b7ecd320
3b674aef
b867c83a
389aecb7
b57db7d0
3d068d6c
3ae7a453
b9dbfa5b
bb27356a
b7e8fe2c
bbe7f53d
b80ea2f4
3860adfe
b67ebafd
3d0fede1
bb155dc8
ba17ba9c
bafc6cad
b6f5c56a
3b341027
b762fec5
b8d8c008
b70d471c
3d18431b
bad2a87a
ba310891
b86378c6
35b1a8eb
3a738afc
b5fa51e4
b980461c
b6fbe749
3d1d3d45
3a58c724
bb6555aa
39b8f82f
bb5101c2
398c5657
3a44060c
b840cfc2
3edf920d
b98db42c
b83c0572
3a7b9558
b721cf86
b991be3b
b6369900
bca00cee
ba1089fd
b8b1b677
3b33dc4e
b7a6dbb0
ba380dcb
b6ed4d81
bd27a502
3ba6c4da
b8d17a52
3aa4a015
b7ebd617
b9406012
b6779ca8
bd84a85e
3c6d27ae
b8c34977
3b2b82e9
b840bb4a
39f0e1c8
b58acfee
bdbda925
3a67c3dc
b8b9252a
ba9805db
b864b37e
b98e3d86
b72c6290
bd89399c
bbe074ec
b8ac84d1
bbf81ef2
b86c0ded
baa41deb
b7a76b9e
bd391104
bba71d40
b852460c
3a49d46a
b81f7007
3906b311
b6db0c92
bce0651c
bb777408
b7d7c4fe
3aa9f2dc
b7ba0e3a
3a278245
34a61420
bc629648
baec12d6
b715b162
3a67174c
b71c7f2c
3a0ad9c0
36095d15
bb96d440
ba3debd2
384322b9
3e2b8b09
3c8d5e5c
3b715362
bb94171e
bb9c0d93
bcb58b44
bbf620f1
3bdfa338
3db09e9f
ba39a1f2
37cfd386
3e253047
3c8584df
3b69be28
bb970ad6
bb97e8e4
bcac3315
bbf49fc9
3bc4be4b
3da91f95
ba0a7774
38de3c1d
3e168b15
3c641644
3b50d1aa
bb9b2fd4
bb8e7f7a
bc94f51b
bc0849bc
3b86ed6b
3d97c2c1
b9be3d94
38ea9f89
3df95a35
3c8359e2
3b52e91d
bbaadc99
bb3eb300
bc4ed1a9
bc47e8ac
baec5e2a
3d6887ab
36c5fce8
38fc7eaf
3da7ad3e
3cd5e26e
3b878fd5
bbf24e3b
3a0a03d0
b9143476
bcd08be1
bc9bdd00
3cbf720e
3956f03b
38d5c9f1
3d6ad99b
3cc22db6
3b676285
bbd46373
3a8e484c
3b0f3276
bcc18c9e
bc98a369
3c4aa31f
39394f7f
38d0f46d
3d36c3ff
3c788f1b
3ae06804
bb27b507
37848a4c
bb5bb115
bc1d3fe4
bbaa6d0f
3c9875fb
394779cf
38a8a58d
3d149ca1
3c128361
3a7c1368
bacbbb83
ba3103b1
bb86fba0
bb99cb61
ba9abf07
3c9263ba
394026f4
38475f65
3d0435ab
3b92eb6f
39fb44e1
ba78fd30
ba90bf9f
bb9e6fce
bacf76fe
3ac28779
3c9300a4
392b797a
38c08373
3cff02ce
3b24b951
39af7395
ba54719d
baade161
bba98cd4
b9e1f887
3b239005
3c949d83
3b840f4d
bc4c3223
b926c950
bd7928f1
3931d12f
bc945cde
b957b50a
baffded2
3dbe1c8d
bb20dd07
bc5a0d30
b8c1b269
bc88bb31
38babed8
bc7fb26d
b9624a9b
b8e3fef9
3d7377b0
bbaa405f
bc0cf49d
b9105e8e
bc5d7dd1
b6325ff7
bc465e7a
b9570c01
39cf558e
3cfdc09a
bbc3cc23
bba04a9e
b8cbfba3
bbccc606
b7163ca1
bc064bc0
b94ebb2f
39ee1695
3cc195f4
3b3d821e
bb09af9a
bc14110d
bb86a284
bd572b21
bb458a4c
bc6cec23
bbb48529
38cf27d1
bc26c9a4
38ca35bb
3afc6e94
39434df0
ba1f33ee
bbbee105
395d4a05
bbceff83
3969d8d1
3bcf1338
39c828ef
ba876946
bc26c79a
39c143c1
baa64ccf
39cb46da
3c7635a6
3a171b29
ba8457d5
3cbe3cb4
3a128e66
3d93a478
3a2b9ff7
3d0e6296
3a5683b7
ba936947
3bb32173
39dcd479
bb6004d4
3a18383e
3c9ae7f7
3a2aa73e
ba4dc8c9
ba2385cc
39aacdf0
bc5c811e
39fb107d
3c1eda3c
3a02fcdc
b9debe0c
ba82ac3e
397557df
bc5582cf
39bc83d1
3b85672c
39b9ce40
b93b1ea4
ba01e734
3922d985
bc1103f7
397916db
3adc00eb
396b2096
b81e55a9
39ffb5e8
389f76e6
bb4cb157
38f1b746
3a15510a
38d94422
372ae1a2
3b3c72a1
bb3e5869
3c7b2c06
3b271baa
bb3b35d5
ba99133b
bb1dcc29
3b789722
3b8fbfc2
3c2a97cb
3c320bc7
3b15ed7b
bb2ce6a1
3c928c6c
bb3be83a
bb6dd284
3b464921
bb80615d
bb94e62b
3c963fb3
3cce6c4e
3cd47a63
3b18283d
bb28fbd8
3c9324e7
bc0cdfe5
bb9f7554
3bbb96ca
bba95ed8
bc35bee1
3cea4d6e
3d129a9c
3d137ca7
3af9bd41
bb2cf0ce
3c8aca84
bca045d4
bbcd3bbb
3c198d2d
bbcadd92
bc9b237c
3d274ec0
3d417f6e
3d438cc3
3aa83b57
bb00076d
bc56d8db
3bcfaff5
3b356a9a
bc5b63e0
3adfe8ba
3cd6ec1b
bd1ed8b2
bd2afb9f
bd480da8
39437bc5
bad9eda1
bcb011b7
3bf76be8
3b62df58
bc543d10
3b56f76c
3cc89086
bd21b314
bd3404d3
bd553728
39d8245a
baa7e581
bcbc73bf
3bf5a153
3b07b690
bc0c7067
3b3c0012
3c8e3b23
bce78ab4
bd0bf05f
bd2b51e4
ba66738f
ba92e173
bcbc767f
3be22d70
3b01e72a
bb99ae78
3b350094
3c1e5eed
bc8b8700
bcbc6eb6
bcf46ba6
ba05cf72
ba90ed93
bcb5dbdd
3bd9a95b
3abcd7f5
bafcc5ee
3b1bb037
3b9411f4
bc203614
bc784116
bcb2868d
ba586db4
ba61b315
bcb8b8c6
3bf1034d
3ac8ad12
badf4824
3b0bbd9e
3b4c5714
bc026b4c
bc5e19ed
bca25def
ba9b6b7a
b89be44b
ba99417c
b75b2990
bad2c4fd
b7ba9b91
ba2f20af
3c6ae27f
3ba3d24a
bb9d34db
b81517e8
3b1c12cd
b774b717
bafa380e
b7fc6684
b9dd9ff7
3c551c49
3b0a5d2b
bb86e684
b88b5296
bb27e729
b8175538
baf708e6
b7f907ef
37dee3da
3c2423a4
39eb6fbe
bb778162
b82220d8
bb9874a3
b68dfa46
bacd2a6b
b8047755
b90c5cab
3c31176d
bb9052bb
b87bfa15
3bf885c1
3a56bc12
39928b37
b8a7605a
bc1994d6
ba877a11
376bb71a
bae9229e
b7f57b89
bb001538
b7877e94
38cd9335
bb15d8ba
3819270a
bc1504c7
b8652b9b
bb1b95f1
b7970602
38d47e80
3ae408af
383e174d
bc17b92a
b8837fb2
ba84a80b
b5a9b2e2
b8ec979a
baee0e3e
38368b22
bc2358c4
b883b0a9
39265863
37618b30
b94922da
3b24d4e7
3832e992
bb3106c3
b825bbf0
3b061683
380daaee
b964a287
3b6cbfb3
38379d03
3bfcbf52
b7c2a1b6
3b4b2688
383609d4
b93b499c
3b3ebb8f
38057e4a
3c17374d
b76068dd
3b390292
3824ecf9
b8e15ddc
ba2269ec
378d4f2c
3b927e06
b718b410
3ad915ba
37d1aec6
b8525a52
ba98ecb3
36ffd685
3b0c8af2
b6d622d9
3a2100a6
37288bad
b70f31ae
3906f66f
3a521e4e
bb77eaff
bba31328
b91c0811
ba826412
b9ec01f9
3ad8fd4a
bb10d46e
bb3710d6
bb9a5928
38fe6ac5
3a4c04a4
bb23908e
bbc2597a
ba0426b5
b9f6f813
ba23fbf5
3a0bbb4b
b8f30a17
b9e38d4b
bb056d3f
b8a2611b
3a2dd8c0
3a1c660f
bc04a70c
baafa569
3b294e15
bab141e9
bbb01b79
3c21ea4b
3c276950
3c1e6e3c
3755d7c9
3a1ec58b
3ab2ecdf
bbc68c28
bacb9df9
3b95093a
bacb663e
bc172a78
3c7e8303
3c889423
3c843daf
b938c6a5
39f550af
3b5dcc1b
bbfdc9bb
bb28d737
3bf63498
bb166cc5
bc760d94
3ccf2231
3cdf75f8
3ce119a2
b93b8688
39dfd6ff
3b1197c6
bbaecb46
bb20f3a7
3c031290
bb034770
bc806031
3ccb722f
3cdddd36
3cdf72be
b9763b01
39c758b9
ba9f00fd
baf613c9
baa0d6fe
3bad6beb
ba793ded
bc20f5d5
3c800cfb
3c870853
3c8331f8
b9622555
39b07716
bb8e0818
3a4e66b0
b9ceaae4
3b12a502
b7b1fcbf
bb815f37
3bb9186c
3bb76b11
3b8d7bc5
b9738442
39bcd845
bbac12dd
38a53b28
b9924a5a
3ab00d87
397064ce
bb0e07f9
3b4467ab
3b23505a
3a30ed27
b98006af
39ae1905
bbae7802
ba8c44e8
b97d0da1
3a68d7d3
391bf490
bac1d577
3b0fcf6d
3ac4dc38
b9e3d1fd
ba1a7477
bd15ab92
b8f5f4e2
bcc6d8ae
b99cc85c
3c261c32
bbce42b2
3a8633f0
3e0e758b
b9a0b3af
bd17896e
b986d91f
bcc3709f
b995ad14
3aa77a1b
bd1773f4
3b5fcb01
3dd47aa1
b92f17e7
bce6bc82
b90fc389
bca31e05
b9904ad3
3a2d231b
bc852e46
3ba2c2a9
3d2cb70b
b92f785f
bc86aae1
b8ea99ad
bc61cebc
b981efec
3b03820b
bca4bfb6
3cc097c6
baef695d
bb51cd6e
ba1fb92b
bd340a14
bb2e17aa
3cb5684b
3cf06540
38e58884
bc1083f8
38656e71
bb92218d
39029077
b9e39402
3d468989
39786e03
bc7272d7
38ff5d25
bba1ce02
398f4cda
ba7632ac
3d33f161
39ca3938
bbed4c3c
395ebda6
3b0c4a66
39eea145
bacc0cd2
bd25074b
3a116129
3c8a6325
39a7991a
3c917a74
3a2c2359
bb03a8c0
bea9b6c7
3a35cc3a
3d4c84ed
39e54b9d
3d1b056e
3a5766e6
bacf7353
bd2bf9aa
3a2daad7
3d1a96a7
39c35448
3d0a685a
3a3e9bf2
bab91b5c
3d903a8f
3a04f040
3b8e8637
3986dc16
3cac8a01
3a098834
ba878bd6
3d965c54
399f05ea
bc7d54f2
390c4064
3c00acfc
399b3fb7
ba1568b7
3d2ad588
390de194
bc6e10ce
385ba451
3ae7b105
39017c50
b95dd05e
3b323119
39b94546
3c72d38e
3cca05c8
3a4aead0
bbcf079f
3acbcfec
3c518b16
bcc57773
bc94e731
bc373d8b
3b47d847
39af93b8
3bdabe31
3d5effee
3b6561cf
bc1c0b6a
3bcaa9a4
3cbe6232
bd3c0500
bd22c324
bd02d080
3b5b8392
399f0fa6
bc0228a8
3dd39039
3c061460
bc6d4929
3c68bd74
3d23febd
bda69c3a
bd99d7d6
bd86fa7c
3b6824ca
39b4537b
bcca8dfb
3e172607
3c57a810
bca90986
3cb38289
3d6e6f15
bdf22dfa
bde7da42
bdd57508
3b16a9b7
39a2d30e
bca1f083
3ddd8a4a
3c2af91f
bc8a7f95
3c88f1f5
3d41a34d
bdc028f0
bdbb558d
bdad04c3
bb253ef4
39d4d42a
3da86055
be60d5da
bcb580de
3d05f4d3
bd14b955
bdc17237
3e40775b
3e47405f
3e45e651
bb887001
39bd6011
3da682e7
be863a7d
bcc263dd
3d054386
bd2854a6
bdc7534d
3e4dc60b
3e4c7fa3
3e47cd05
bb86e181
39c3f2c7
3d44d91f
be46b3d5
bc78f9b6
3c9c3bbc
bce84013
bd80fbb7
3e0728a0
3e0067ce
3df47997
bb76832f
39aff2e5
3caaf7da
bdfc4ee4
bbffc1b6
3c215cb3
bc85f544
bd145e5b
3d988e32
3d886475
3d7b097c
bb6714c3
39b00800
3be007ff
bda83740
bb88850f
3bc40033
bc20fe21
bcc3c19b
3d3ec9a9
3d1cb0bd
3d09bef7
39349a2c
3c23b199
b9734184
3ae087e3
b6e9366a
ba349cbb
b8831d86
b954616c
3d45e396
b940d73a
3c2d9449
b97ec087
3adeebb2
b78b14d7
37ba4848
b837e7b3
b997d881
3d2d6755
b993ea51
3c2e6953
b96dfc52
3acbdaa3
b6b22aeb
b96a09e9
b7e0f600
b8aee253
3d0a6420
b93e7450
3c279981
b94b3dff
3aaa3b56
368eaf22
b9859ae6
391291d9
3ebb6ff2
b9da9980
3da9b3dc
ba05702d
3ca972d1
393782ad
36f1ac69
bc870cb1
b8001501
bba1c705
3777da22
bae06626
b717634e
b8c08875
bd1aa801
b95d74d6
bc1c83a5
3765cd20
bb5a11f1
b7957b50
b90fe6ac
bd8c0512
b96c9a53
bc5d778e
385ec13b
bb986dbc
b7d3eed3
b91fc764
bde63e4a
39087903
bc87462a
390eb617
bbb67e46
b7e7a042
b9aac713
be3157b5
39529800
bc95d8db
394a35b0
bbc38e85
b7d6680a
3943826b
bdf4e36e
3a04e093
bc905a72
3985e82f
bbb9ae43
b7a26b67
39152908
bd9e47fe
39652e52
bc72ceb3
392ed7c4
bb9ba52a
b7501ba7
39693294
bd375cd5
39525bee
bc2b6930
38fb491c
bb5ce029
b6d94605
391d14ce
bca290ff
38d37090
bbac7058
387c19fb
badecf57
b5ea264a
bebc032a
bdf102b1
3d3099a4
3c8d247f
3eba155c
3ec0ef28
3ebe4c0f
3e9a5d1c
3e99a5b8
3e1b0a1c
3db9b58e
beb518f1
bdeae126
3d303377
3c894d09
3eb32104
3eb9a64c
3eb72fb7
3e953d7c
3e94993b
3e164003
3db42694
bea33381
bdd64046
3d25be63
3c78c958
3ea14d65
3ea7270f
3ea4f29f
3e86f005
3e86a34f
3e089ee9
3da44273
be817da7
bda7493e
3cff79ca
3c40efd0
3e7f8afc
3e849fa3
3e82c91c
3e54dd13
3e552cb9
3dd894a4
3d82c4a5
be120fb9
bd1963df
3c1360f7
3bb1d80c
3e0f342f
3e163e10
3e139594
3de1fafa
3de3a18a
3d62d183
3d09ff31
3cedbd55
3d1e0fe4
bd09d49a
bbb27022
bcfe3fd2
bcdde632
bceabe34
bd415a2a
bd3afbab
bcdf0beb
bc81ecec
3e1890a6
3db1dfe7
bd6dab68
bc448d18
be19b151
be18cd53
be1920dd
be1ccde5
be1ba35f
bda9a5aa
bd4ab515
3e6942cd
3dec00a3
bd8fa55d
bc81eaf1
be698550
be6b3aa3
be6a96c0
be617861
be605935
bdf04c89
bd8ff9a5
3e8ca90e
3e058e89
bd9a4dd5
bc91b85f
be8c6d0b
be8e3d81
be8d8e19
be847351
be8408ba
be0c608b
bda8940b
3e9816a1
3e0c94e0
bd9e35df
bc985cb3
be979af4
be99ee8d
be9913ff
be8daf3d
be8d5a39
be15d566
bdb425f2
38210e7b
bcae2af0
b973ca38
3ab402c9
bd65e25f
ba74c977
bcc497e4
b92a1e89
3dc68e1f
b877bb08
bcaa5e0e
b9862e14
3aceae1b
bd15afbd
3882ebe4
bccb1290
b8bc7629
3dac7f8c
b88b1792
bc915b8e
b98657c5
3b5eb178
bd08b242
3a9037ad
bc6c1a74
b918c719
3d55ec75
b8a4d249
bc502897
b96fcd1c
3b2109e9
bc70a9dc
bc3f3173
bb10eb12
bcbdbc8f
bb240319
bd33510a
bb351c4f
bce5dd5b
bc536b11
38597139
3d6c7eee
38e3d4d3
bb2d7282
390e74c8
ba3f5222
bc99d0b7
391ba8c2
3debfdf9
39737e0e
bad33d80
399a12e2
baabd7e9
bc38f84d
39a9b863
3e16a120
39c5dd13
3be6cd48
39fcf120
bac530af
3b74a9ad
3a0a2a1d
3c95f800
3a027b0d
3c988f36
3a27e88e
bacda561
3cf835cb
3a311a47
bed2acda
3a010a2a
3cdf1242
3a363e8d
bad85879
3d09f23b
3a2a7ff4
bdf5cb73
39df342e
3ccbcee5
3a21ca8e
baa5ecc8
3ccf40f7
3a0c3181
3d099a05
39aea19d
3c9ca3cd
39fd7645
ba47b6c1
3c208129
39b93ed4
3d83c341
3960bb5c
3c3241d0
39a17271
b9ad1099
ba18aff1
39279062
3d1d4c0a
38c9dadb
3b6ccd5e
390b74df
b8c180d4
3b1db5d3
baa101f2
3c51ceeb
bc41cf53
bba92405
3bc909e6
bbbf957b
bc467d28
3cec83a1
3d0f313d
3d0b40fc
3b1962c3
ba8c2aed
3c2683ba
bcd90f22
bb3c9f5e
bbe1612c
bba6243f
3c48b850
bb8d2f6a
ba8f7f9a
bbc880b6
3b250a51
ba7d3e00
3a5a0ace
bd45058e
3b6de736
bd0a23a1
bb034059
3d8452eb
bd9fe75e
bda66ac6
bdc28cae
3b56554a
ba318a12
bc97fa46
bd7f32f0
3c501bc6
bd8ea8cf
3b484c4c
3e0c9e68
be3ccb5c
be4af4da
be63db16
3b25cc33
ba247661
bcebc2cb
bd71026a
3c72aabf
bd98d9e0
3ba8d788
3e17787b
be4f09b0
be625ed2
be7d7f61
ba347434
b9c2b410
3bfb54d3
bcb49278
bc180b9a
3ce383eb
bbfd8eb2
bd727e40
3dc2705e
3dc6f1f7
3dc77164
bab070d9
b8b21742
3b36e705
3c807e23
bc5782f1
3d5f3445
bbe22dea
bddbef08
3e22e139
3e2abb49
3e32106a
bb1064d4
b9f4b8b1
bc8f9553
3d24c31e
bc00c7b6
3d2ac4ce
ba3c9930
bda23d8e
3ddf1daa
3de6a788
3ded6b93
bacdad8a
b9c71cb8
bd099b2f
3d464dba
ba968778
3cbfd9e3
3b94afbe
bd2cddc8
3d4be4c0
3d441610
3d3d7fd1
bb1379fa
b9957f3f
bd22e1f7
3d411583
3a423a1b
3c6c8475
3bcfb4cb
bcbdb96a
3cac5da2
3c86eb0f
3c3a3df5
b90a643d
bbe83d7c
b840d4ad
b9af51cf
374f624c
b92cae76
3c274c13
b98fa265
3d3cd2e2
b8fbd5ea
bc03558a
b631fd8c
b84713c3
37dbce46
b9227c5c
3c2a27e3
b9121d00
3d2afc84
b8d27d0f
bc0f9a09
3690ad03
b975a714
3805cccc
b80fe629
3c262408
b86ad309
3d0fd3a7
b8a2153b
bc19720f
364e19f0
b96ec729
b8206b62
3d8c5e44
38c3e24d
3ec6fe38
b9c1f3e1
bd9106f8
b5e2f52a
b7a6d17b
bb81216c
38fb2c44
bc976177
37aeaf1c
3b1a6198
b6ebf9d2
b8e369be
bbf87ba6
b832f733
bd26f5fc
384c24af
3b958784
b7706cd3
3818080c
bc2e3947
b89c0ec1
bd904257
38d9747b
3bd05edf
b7c58519
3907d1b2
bc520606
397abf87
bde2c841
392dcaa3
3bf95a1c
b7f32f65
3893b626
bc645675
38caa65a
be2829bc
391aa68f
3c06a804
b7dec33c
b895cb17
bc64ae56
b93e0ff0
bdedff90
389fa403
3bfc3f71
b7a0adbf
b8d74b9a
bc43ad40
b949fa25
bd9dd8f8
380cbe25
3bcca0c8
b74db9f2
b710fc8f
bc0aaec6
b826afec
bd3b52fb
37e19263
3b895ef7
b6ea1ef4
389134d8
bb8a80dd
386c5031
bca91f9e
37e93886
3afdb4ff
b61b95d7
bdafc274
3eb24dc3
bea7f2b2
bd17c6d4
3d9298fc
3e045c21
3dce20ac
be69eb61
be60a5ce
be2a529e
bdcc744e
bda78718
3eabb42d
bea10b9d
bd11e619
3d8b6afc
3dfcbba9
3dc48c92
be618d5c
be58a920
be242570
bdc52f9a
bd95c420
3e9ababe
be8ff244
bd035423
3d78db69
3de2407c
3daf8618
be4b93cc
be43065b
be138771
bdb10ff2
bd75e73d
3e76bd04
be616505
bccea6b4
3d4d9de4
3db7c319
3d8ee751
be2156db
be19a975
bde88f88
bd8b50b8
bd2fa5c3
3e0fb86e
bdf61f47
bc6323bc
3d186fa5
3d76c96e
3d44f410
bdb2b693
bda6ff17
bd8039c9
bd18ebe5
bcb57c65
bc5fa2da
3d0658f5
3b66b77f
3cbac22c
3cad082e
3ca732f6
3cbce858
3cdca91f
3c8e2975
3c35bb01
bb5898cb
bdf9469f
3e0f2ceb
3c7d6d9c
3c09ac81
bc306cea
bb5d177a
3dc85d8d
3dce40ae
3d949980
3d36fedb
3c44387f
be45a933
3e573878
3cbe2724
bb8099cb
bd0e6ee4
bcb3cd4d
3e14f9be
3e1747df
3dddbeaa
3d881a4f
3cb8da0e
be716cbf
3e8114b0
3ce42968
bc4fd226
bd4f79d8
bd0d42a9
3e316ce2
3e331d6b
3e044597
3da21d3a
3ce498fb
be8337e3
3e8b3ad1
3cf6c5eb
bc8c571a
bd6fd9ad
bd26edc9
3e3ef253
3e402282
3e0e5312
3dae47cc
b96a2966
b9bfcd51
bca2fe23
ba2a25ce
bcaa7e87
b95af83c
bcba2d8c
b8ec4d53
3dc18196
b9751891
b8b82cca
bcb20d8a
39c50d94
bc93f7c7
b933b71d
bc82cb4e
b8b1a5ae
3d9a2cbf
b976f1dc
ba2fe531
bc919ebf
3aa3befa
bc47d999
b9221ed8
bc2268e5
b8a20601
3d52649a
b96d76f7
ba49a9f9
bc5f8b89
bc9b0a76
bacaf02a
bc5ac861
ba3cee6e
3e349d33
bb1ef395
bbaab657
b9ec1aee
390a6bf3
39a95032
388cce8a
3ca524a0
3918679e
39b8a4b0
b8f7fff9
3988311a
baa57b17
390a7866
3cd6b6a6
39977e84
3a297f1a
3b19b608
39c156c0
3b1f6edd
394ccfbd
3a7362db
39da4bd3
3a53e5b6
3ba2e771
39eaeeff
3be6acea
3980479c
bd99a96a
3a051ae5
3a75d579
3c20ca50
39f9c709
3c052778
398afe08
be62a2cd
3a0daed4
3a7c7bff
3c6f44f3
39ebdf32
3c3c738b
398181a4
bde6ad28
3a000471
3a65ae50
3c368836
39c1827a
3c02e824
394e75dc
bd3e1b11
39c8e64c
3a2c1636
3bd19250
3985966f
3b9f861f
3908a96b
bc53e439
39843ce5
39d0c59e
3b19b33e
3904f149
3a695cfc
3881e0be
ba908f0f
38f6cf5e
391f97ca
baac949a
38f0eec8
bd3ecded
bc99e786
bb8561a0
3be0a27c
bb90b207
bd17b193
3d0c7501
3c89720e
3bda6aa5
bae574cd
38d74dbc
bd58ecd2
bc9e7762
bb82d0a7
3bebae39
bb8b85ea
bd222f54
3d1156aa
3c7e6bbe
3b8938e7
bb2181bb
38a52b3a
bd79e7e1
bca00257
bb7670c1
3c05814e
bb7fc141
bd328ea6
3d1c1334
3c77bfb3
3b200dd0
bb344f16
38aa9053
bd80d88f
bc8d9e7d
bb4067f6
3bf59fff
bb46beb7
bd299246
3d0cfaf2
3c31c225
bb189b09
bb0793bb
3889bb11
bd306b8a
bc4b1db8
badf9aac
3b96d5d2
baf254f8
bcdc5bbd
3cb3d2f0
3bb3c2b2
bb6eb464
3a52046d
388bd450
3ca22acc
bb439dcd
b98364f7
b9e9d612
ba3aad19
3bdc3815
ba55eaca
3bb63a28
3c0f638f
3b0ffd51
38b0da62
3d430f67
3c398a81
3b1b350b
bbd82fe6
3b0c6142
3d069c9d
bce2fe2a
bc27409f
baa36164
3b2fc20b
38a81cc4
3d6963e5
3cb71cb8
3b8e336f
bc30f6ef
3b9399c7
3d45b006
bd3e81e8
bccb5e9a
bc5f4217
3b36e1dc
388e6bcf
3d6ed630
3ceab56c
3bb9a6e3
bc58a209
3bc82395
3d6574df
bd6aa4e3
bd0d7591
bcba3801
3b30dd69
38891a4d
3d6dcbdc
3cff3d3d
3bc69133
bc62bcee
3bdb66c2
3d6e7fbb
bd786452
bd1a1ee1
bcd36ad9
3573bba7
b9852145
b76e697d
b98bcc99
3acdcf0d
b99a8fa2
bbfb0699
b9730ab3
3d152bc8
b6f00e1b
b9b0652f
b6935bf8
b9818897
3a9d6a7c
b9882645
bc070375
b977eed1
3d129953
b73b0a4d
b9bfbbd1
364083da
b963eb25
3a259fa9
b960369f
bc0cd9e1
b9734879
3d0b3c2b
b7807bdc
b9995795
b98e3a43
3c7973ce
b986d7f1
bd534876
ba055aa0
3ebe5786
b924f9e9
3804b293
bac35295
385133f1
3af886cf
37e27953
bc8464f8
36824476
383d6834
bb3e7bcc
3746e492
3b70b114
384e3dcb
bd0d116d
36e3c73c
3836ecae
bb88b365
382d0c4e
3bab35cd
3899e759
bd653c45
370a9f37
37e9f042
bbaa3434
38ceb29b
3bd39e78
38c9b9b5
bda8cc3b
3722d20d
3832f991
bbc050c0
38ae151c
3bef5d51
38e7fcf3
bdebb032
372cad78
38ab63e8
bbc7906c
389e7d74
3bfe0c17
38eacd92
bda9ffd1
3713d143
3890b88c
bbb827d5
37c31512
3be83d9f
38b88064
bd63e8f2
36d6d791
38843544
bb922ad3
3832a00f
3bb2d315
38826d5c
bd06a4a6
3682ded3
3739df22
bb2a654f
b74069b5
3b470390
37c9e16b
bc6a01a2
35dc42eb
bc0b7064
bd73b611
bde20c52
bb9bf851
3b990ff6
3ba13fd1
3c98bc40
3d7b725b
3cca3edc
bb240493
bc206047
bbf19ccd
bd6afc2b
bdd9ceb2
bb968585
3b716c24
3b7ca5b7
3c8c63f1
3d709944
3cbe33c1
bb337a8d
bc1e8145
bba76ce9
bd57be83
bdc5ac41
bb887fcc
3ae99500
3ae7c8ec
3c64ff83
3d58d578
3ca7752d
bb37458e
bc13f10a
baf6bf1c
bd3b2f24
bda1e8aa
bb5b734f
ba52757e
baa114c3
3c16d74a
3d353629
3c8a5d2c
bb0daa06
bbf55a50
3b04b429
bd1703c2
bd5223ef
baff8fea
bb72654f
bba18e19
3b3f5003
3d0740b3
3c5bf498
b7a375af
bb914821
3bcbbb2d
bcdb1912
bc228d5f
39a9a4df
bbd1c129
bc134569
bb9a8c12
3ca1b633
3c379690
3b9acf61
3a7b36f6
3c347180
bc82b571
3c8bb42f
3ad3aeb5
bc270976
bc5c0e66
bc430a5f
3bd20f8c
3bbff45a
3bbe33d3
3b6013a1
3c80e33d
bbc3d5da
3d06aaef
3b0ec8a0
bc6a4e2d
bc90f31e
bc94bd18
bbb66950
ba3584a1
3b99eff1
3b825f7c
3ca13630
3af20592
3d26c045
3b1784ab
bc92c90a
bcadf67e
bcbc12fe
bc72c38c
bbdcb135
3b3151ea
3b64c7b8
3cb54438
3bcf89fc
3d322c5a
3b13307c
bca5be01
bcbfdc7c
bcd323f4
bca52008
bc2c9bd3
3a9bb9f6
3b3f8ff4
39aea5b7
ba4e6e9d
bb852ac4
b855cf0e
bc11d58a
b81f8494
b99fcab6
b6f8af82
3d29eb6b
bab28cc2
ba751b7e
bb70e570
b7c7f2b0
3b3cc2ae
b795b6a9
b9c0b9f6
b7545711
3d37aa27
ba60f06a
ba85fcbe
ba4dbb2a
b72d88e0
3a377b14
b6e9fa7f
b9dd34c9
b73ce6af
3d419382
3ac9d6e6
39a665fb
399956a8
baada16c
38d8cacd
b94f3b0c
b8f52b92
3ee9bb36
39868e2b
b7d3af9a
ba69fc5a
b6f0334d
b92f4f16
b53ceee8
bc33a0e2
b99fe970
b84fb58f
ba8a2b63
b77030a5
b9f7563a
b63369df
bcc18c1d
3a7ce2c8
b88396c5
bb3488ca
b79f62b1
b99d831d
b5251c68
bd1fa8d7
3b3f8879
b882b5db
3aeaa3ab
b7d99ca4
399d89cf
3698248d
bd6fd289
3c3950b8
b860481c
3bc0f14b
b7f1c78e
3aa103f6
37526903
bdab2b42
bb5a951a
b8904c6c
bbbdfe74
b823d7e8
ba7cdf04
b711b542
bd68339a
bba1cde6
b83e92c8
3ac24420
b7dbbee5
3888a2e2
b4527a7a
bd0d96fd
bba0107b
b7cf2cd7
3a88753e
b77bb213
3a013d72
367228b7
bc8fcd2f
bb2a62a3
b71039d3
3a241446
b6be9a50
39f5925d
3678fa2f
bbc09549
ba14b057
b81458ee
3e32079f
3cb41399
3b8d107b
bbc8d566
bb8ec6da
bca3f505
bc59f476
3ac3a359
3dacf53f
ba16141f
b8547670
3e2f14d7
3cb3fdc8
3b8a3093
bbc243a0
bb8bcce8
bca3cd05
bc4ea1d8
3af070c2
3dab563e
b9fdb835
b7a15c9f
3e27917b
3caa1788
3b79ebc6
bbb0593f
bb8b6d75
bca23e51
bc35dd10
3b427bdd
3da7097d
b9d8f93f
36ade913
3e19e1c3
3ca4e3d8
3b5bd88b
bb8ef004
bb8025af
bc9f17e1
bc0dbba2
3b95080b
3d9d617e
b989daba
36e37e01
3e030073
3ca66cc6
3b58a288
bb9846dc
bb3e4516
bc71f324
bc3756a4
b90c9f3d
3d7ff035
37f42b7d
b7233bda
3dbc2e99
3ce3e289
3b8b4e0d
bbed4a89
3915d4fb
bb2933ef
bcc83e58
bc8b154b
3cf9a8da
3880a976
3682ccff
3d96bb8a
3cb1fe89
3b37ac42
bb89f086
b98c4813
bbaea048
bc7204bf
bc030104
3cf87cee
38cf82f7
b7969ece
3d803d52
3c7b2d06
3b063712
bb5b4a7e
ba4cb6ab
bbaf4bc5
bc2b2a12
bb9dd12b
3ce196c0
38b0b1a7
b796cb62
3d6cf54d
3c1e61cf
3ab6a02b
bb1faeae
bab92d57
bbd71a80
bbc3c286
ba5d2f66
3ce880a9
b62049c8
b66b7c40
3d684bf0
3be1abf7
3a9540a4
bb07ebd5
bae11611
bbf1ff94
bb7c8687
3a988238
3cf16192
3b94d6a6
bcb69744
373a14f1
bcdb9b9f
b88eab46
bc786e44
b951d86d
bbb0e90f
3dc51f63
bb4f56db
bc7fb960
b913426e
bd003016
b9107962
bc51ca87
b9526a7b
bb6555db
3d6b5021
bbdabd64
bc375f16
b89b2a8a
bcb5c41f
b878c59c
bc19d2bc
b9568fcf
bb22a00f
3d3ee551
bb58ac14
bb18b068
3ba9a03b
390e9179
bd03182d
bb28e6b2
3c643ac1
bbcc86dc
372732b1
bc1820b3
38ca4237
baa1e91b
38f926b9
3a3a6974
bc15273a
383e77db
bc857680
3948c275
ba01e911
39818d9e
3ab93941
bc3fe6dc
390aac50
bccd519d
398bb72a
3b3aeb5b
39c37d91
3b062b40
3c1ebd1d
398da005
3af0cb1f
39b01662
3c40ac5e
3a05f095
3b177199
3c9f986e
39eec6c2
3d5e44a9
39b59773
3cca3eb4
3a239c4d
3b009a21
3c14f3ab
39e374e3
3cab6836
39819d80
3c8df405
3a01f4e3
3a851f70
3b4777e5
39b47199
ba958fe9
3925faf5
3c283155
39b91fe9
39f4bb7a
bb3c0740
397ab02e
bc2f7ecc
38bb5c5a
3bb15077
396657c2
3936c9cd
bae3e64b
3900c26f
bbb08045
38192862
3b1174b0
38d0272f
385e9c54
3b415f56
3a9b894d
3c825e80
bb35d86c
bb200fa3
bb6f5ade
bb58f99d
3ada94d7
bb9275df
39ab718f
3b9e62dc
3b341916
3aac8e86
3ca39962
bc12d471
bb58f309
39fb4391
bb871211
bbce2052
3c11cc8b
3c71eb8d
3ca4b6de
3b25f285
3aeba38a
3cd88cb7
bc90b5da
bbb10a2c
3bc6db86
bbec7e63
bca01361
3cf948f0
3d1b2d2d
3d36ca42
3af52314
3ae14ab2
3d0abee3
bcefe125
bc0ddd74
3c7eae5a
bc28f766
bd21c653
3d7e2a2a
3d92d3be
3da5d406
3ad47146
3b06d9d8
3cde9fe6
bca26639
bbe8fb83
3c59b0d4
bc00dee6
bd13b014
3d52feac
3d749eaa
3d8d0264
3ab53c8b
3b022be1
3ba22e37
b97c3697
b9abee11
bb637e89
ba84c01a
3b39902f
bc2e2bcc
bbe0d9a9
bbd65750
3a85bd25
3b070c79
bbf1558d
3bef31bc
3b07c86c
bc276894
3aa6cb13
3c6e200b
bd08d3fe
bd129d2f
bd0eae59
39a6fdb0
3b07d9b3
bc3a585e
3c2c5275
3b566dfd
bc275089
3b48c844
3c6bfd33
bd0fefa0
bd200249
bd1d16cd
388db57f
3b0631ea
bc298a61
3c053e26
3b08bc8a
bbdab878
3af8c711
3bdcfed8
bcc1fd96
bcdfbfa2
bcd9c251
b9b224ea
3af5670e
bc1e2c73
3bdc5d98
3aaf9f76
bb982ebf
3ad775f3
3b5be62f
bc95f1aa
bcb7083c
bcab252e
bb8666b3
b701cc17
3b0c9d70
368b5fbd
ba8cd4d2
b7d13bad
ba5150d2
3c2fe385
3ba852b3
bb87dfa9
b888fa7c
bb59df34
b8151371
bab785ee
b7d15354
3914d2ef
3c35bd7a
3b0d7592
bba48c13
b8065ba2
bbdff4bb
363c6d46
bab8eaba
b7fc66a9
b9137234
3c748941
bb05158f
388f30dd
3ba514d6
3a1922d4
3b084401
b684ad8a
bc09aad8
b9684a95
b6afdfd8
ba5bd5fd
b7996a72
baaf73e0
b792ebd8
b8b45e5e
ba92ef9b
b6d00f30
bbb82bb4
b812b950
bafad6f5
b7e2e06a
b96c7d53
3a238bb0
b78e7e0c
bbda68a2
b82d90f0
bacf5dfd
b7d0cc0f
b9fc58f3
bb8dfa9b
b8070268
bc36e5af
b8399c73
bacdbdf4
b7c3df2a
ba208c5b
baeed9dd
b820eac0
bc227d24
b7f1fdd4
ba274c03
b733e699
ba298d99
3afd143c
b74c19f5
3b8c0ad4
b732db9c
3af2122b
37658d13
ba0d7b9c
3b830c54
b5b3d042
3c2b8802
35fae904
3b438f10
37dd4598
b9ba4939
b9b67213
b61073f0
3bb532d2
362a14e9
3b09d6c2
37a30d83
b947b1cf
baadf43b
b5155d23
3b4e76b6
b5bc4967
3a5d9c35
36f5541c
b86bedda
b76b51be
3a069854
bb8c8b7b
bb24f9c9
389d57bd
ba38842d
b8022963
3ac1de29
bb0d504c
bb3bcda2
bb98ccec
b7343d32
3a047154
bb738aa7
bb313caf
b8f968d5
ba0cbd50
b87472f7
3a9585bb
bac4792b
bb079c95
bb730ddb
b8b2e850
39ef3538
baf78f97
bb76929c
ba21783d
3aa47044
b9e86e16
bb17d9e0
3b8ebf6e
3b89f91e
3b5250c8
3836e4cb
39eaac4b
ba8564ed
bb3d94bb
ba69bdfc
3b330f29
ba4b5c5d
bbadb478
3c127bf2
3c1a6083
3c0a63a8
b88f6bac
39bf1cbf
3b1cc352
bbe6c642
bb187f10
3bd2c32e
bb09e794
bc5382f3
3cb410fa
3cc142e6
3cbfb438
b88c2816
39d2dccc
3b9255a2
bc10ad46
bb57458f
3c1bb9c5
bb41e1cc
bc9e7ac8
3d004cf4
3d0bbaae
3d0d62cd
b89ab511
39cc7e8d
3b1876ec
bbe47a87
bb2b6394
3c0319a6
bb1fc10b
bc82d72d
3cd83160
3ce6e434
3ce73afe
b7e8a2d1
39bc0021
bac18a14
bb57d6f8
bac9b3a6
3b8f8751
baa4a338
bc130ee7
3c6b2781
3c780fee
3c6a52c1
b6488749
39d95818
bb36e90f
bb78ba4e
bab17c50
3b513116
ba7da837
bbdb2e9f
3c2fa741
3c34ce00
3c1afad0
b6993d46
39ce165b
bb44197d
bba87e2a
ba9ef41e
3b224156
ba85f96d
bbb55555
3c169e3e
3c1602fe
3bf515b4
b9e291b1
bbf6ca68
b73ec15e
bcc2e9bf
b9a89203
3c46e3a1
bce17241
bb07bf83
3e25ab69
b92cbec1
bd023ea9
b9042fd5
bcbde751
b9a0b081
3a8b1e10
bc8e35d9
3a4560db
3dac7542
b9318039
bcbcb8b3
b8e610ea
bc955445
b9990647
3b35c998
bcbef6ac
3a604083
bad2ff8e
3bf85642
ba968d2f
bcbe02ca
bb28142e
3c87147b
3c9e9a9c
3839b330
bc19c58d
34c08c20
bbd037b6
385fac73
ba0ad27a
3d21ba40
38dbb044
bc995486
37656642
bc30ee4f
39021d4a
ba8e7b40
3d7ff56a
39524d2d
bcd25d0f
3874e625
bc1dba2b
39771798
bae26b4b
3d7517ff
39b0c5a8
bcc2998b
3919673f
ba0b5776
39cff6e1
bb1a733d
bd11d367
3a03314f
3b1cc36e
399a22a4
3c90695d
3a1d23b7
bb2c5bdd
beb65b53
3a2385da
3d2ff922
39e78ec9
3d2056b8
3a48db5e
bb092822
bd424055
3a27f30b
3d7c2107
39db0e15
3d299d8c
3a3aa6f9
bad6b9b4
3d4def06
39f05444
3d13924a
399437c9
3cde9c00
39fb95f9
ba75413a
3d3a4463
396c93cb
3c24bab3
390c771e
3c45e28c
3969e2e8
b9b23c53
3b06d893
b982d17d
3c647d41
3aadd568
ba7162a8
bb8bb0d1
bad8e63c
3bace40f
bc053cd6
bba301a5
ba9e3afe
3b157785
b99aed9e
3c2402be
3ca88f53
3a0b2855
bbb12dc6
3a9a4925
3c2e60d8
bca1f4b6
bc81a4f7
bc354eee
3b32ec50
b9b00afc
3a8b8d27
3d761720
3b7763a5
bc03dc62
3beb41c8
3cb0a7d1
bd3209a9
bd1cfe19
bd021c0f
3b5f4fe0
b9cde138
bc8308a6
3dfc6a6e
3c17b79a
bc54ae40
3c8a2f7d
3d246afe
bdac9c62
bd9ff9d8
bd8e7b7b
3b70f5f5
b9fa0c2e
bd13a906
3e3c9feb
3c7034d2
bc91e0be
3cd8ff7e
3d6deb62
bdfe6be7
bdf23a70
bddde0aa
3b265f0a
b9e57885
bcf8f6e4
3e190928
3c3c15af
bc366d39
3cb102ee
3d2730d4
bdbe2e39
bdb57bf2
bda3c883
bb3123c9
b956edaf
3da57ee6
be4ef0d3
bccc827d
3d397c6d
bd14a299
bdef5a44
3e604582
3e687bbb
3e68d891
bb8e183a
b990f386
3d9b6931
be80fe0d
bccc7256
3d21750f
bd26eea3
bde12c13
3e603ca7
3e5d55c8
3e5919e3
bb9066dd
b946bd37
3d34bde9
be51b5ff
bc8749a9
3cb0dc19
bcf6c592
bd8e81c3
3e13766c
3e0b5f73
3e02c2b3
bb8b4496
b92d767f
3cb7c820
be2583a7
bc2dba2a
3c3265f0
bcb1dd98
bd344234
3dc0d6f1
3daa3ba2
3d95926d
38c10d0b
3c2e8124
b95ee31e
3ac1f5f5
b81fdf66
b9597008
37843e2e
b9a931bd
3d3a6595
b9b311e7
3c3661ee
b9513d93
3aaf636c
36c376f7
ba0c6a4b
37d7621e
b68a7d24
3d1ceb9f
b9567443
3c37b4ab
b93e030a
3a8e3f50
36890bc4
b9e903a0
b894c7bc
3e9914d7
b940eb87
3d9c0951
b9e703b9
3c931a3b
b86dd3c1
36a77bc8
bbc45326
b8af11a3
bb636621
35866188
babe996b
b6f7426f
b8138416
bc8193a6
b9629d25
bbde0714
369723cb
bb3ae6b7
b7803cde
37178889
bd082a0b
b93e8e6b
bc1f504a
384182ec
bb8490e3
b7c60423
38d9e08e
bd7d6aa1
396f01b5
bc46185a
3908964b
bba1e4b1
b7eda842
3927dc77
bdd6ddfb
3a0ff386
bc5f9add
39596c95
bbb1b059
b7f96219
b90f6281
be28ce68
39a6d848
bc690895
393aaa1f
bbb0bc54
b7cd37ec
b998231c
bde0e490
b91dafa6
bc4e5735
3867aa3f
bb9a0398
b77d02b4
37ae2c0c
bd85cbd5
b6587fe9
bc169abc
387a5ad9
bb61c77b
b7075e2b
38d43972
bcf1eb53
3850ce43
bb9a7e2e
3838ad7f
baea4829
b610e981
be99bb3d
bdb388e1
3cd73e35
3c52e0cf
3e97f735
3e9e3e9e
3e9bcb71
3e7588ec
3e745bc7
3df3a60f
3d91baff
be97e429
bdb58f86
3ce83fd2
3c54837b
3e96160a
3e9c265b
3e99cf7c
3e743cc3
3e73465e
3df3823e
3d91dd72
be90f8c1
bdb35090
3cfc012b
3c506d28
3e8f311b
3e94ccc4
3e92a2d6
3e6b5b67
3e6af8d2
3decc3ec
3d8e3e82
be810f8d
bda39209
3cf784da
3c3df21d
3e7ec6a5
3e844842
3e8263bb
3e52f480
3e53288c
3dd5fe74
3d80f5c7
be44cbef
bd70f898
3cb28556
3c0ee19b
3e41e01a
3e49a08a
3e46b1fb
3e1f48e2
3e1f738b
3da120bb
3d42538b
bdb630c1
bc8031b6
ba52b7cb
3b3c176f
3db1949d
3dbc1f6c
3db85d73
3d816d2d
3d80cc16
3cf4edbe
3c92e21e
3d98ee31
3d7611ed
bd379382
bbfc2138
bd9c380b
bd9694e5
bd9894dc
bdb70e52
bdb71f51
bd50ce03
bcfbca44
3e3d8b25
3ddd95f1
bd90ec9d
bc6f6b69
be3e8bc4
be3db5b6
be3e28f1
be42eadc
be41da4f
bdd37ab7
bd7da1c5
3e811135
3e0b1516
bdad53aa
bc96ad55
be81434a
be81a3da
be819d35
be80201d
be7ee31c
be0991e8
bda51227
3e91559f
3e1826e5
bdb9a232
bca422a6
be914d76
be921eba
be91f6b6
be8e8264
be8dd531
be18986d
bdb741c8
ba25cda4
bcc3fb66
b9a92487
bc3d62c9
be014079
3a3b8dc2
bd441d30
b90813a8
3e1ebd6d
36a960a0
bcc14513
b9b074ed
3c593dd7
bd89a1ca
39d681f8
bd07d908
b95b08c9
3ded125e
b7eb5e6a
bc9d7b5a
b9a603b4
3c218393
bc654a24
bb811f92
baf79b90
bcad1bc4
bae298a0
bcfb86b2
bb4067a0
bdd7be86
bbd54f0c
385ad55b
3ce3faf6
3753445e
bbb7366c
38a05875
bb4bcb31
bc10f0fb
390efe62
3d7ce5e7
3844efea
bc048e50
393b0cd0
bbc2caa5
bb834bd5
39977141
3dc56e28
38f097dd
bb88c765
39a757ac
bc029075
3becc5dc
3a003bc4
3dac2cc2
394e043b
3bbe157c
39fc0a40
bc13a716
3c07eae8
3a3052dd
bd901414
3983952b
3c92e629
3a1f3ce6
bc0fbdb9
3c63355d
3a485910
beefb0ae
39921b6c
3ceb4872
3a2b1f9e
bbe5ab9d
3d3bd5dc
3a4749b3
bd6a68bc
39bd02f5
3d1d78ef
3a311dee
bb81b8df
3d1b0e97
3a1747ee
3da515af
39a19532
3d03dd87
3a091576
bae2db85
3c65d9c6
399249d2
3d86e6e4
39244cd7
3c765736
39833286
b9fefcb5
3b0d7988
ba84ac10
bcc2f40e
bc09e1cf
bb8eceb6
3bbff1d6
bb250dbc
bbb674b2
3cbba665
3cc9b9c7
3c0f627d
3aff8744
ba431d25
bccce4bd
bc820e2f
bb4de394
b8ae37cd
bb18ee37
3bdccd14
3be93a52
3c0291bc
bc28c917
3b1966f9
ba14cac7
bcf714c7
bcd668a5
b93a94b9
bc6cb08e
ba53b114
3d15571c
bd092c5d
bd11a5f7
bd72480a
3b140d89
ba936b5b
bd34d8e3
bd05cce9
3bcad227
bd1ffcbb
3b5718d6
3db1f6a4
bdd8e14b
bde9888d
be150bd2
3b2f1fde
ba414120
bd830b7c
bce6609e
3c5f3e53
bd7e31cc
3c1a879d
3e0ae457
be37944f
be478218
be6fb8a8
3a9cc78f
baaaf656
bd880783
bc963276
3c2be508
bd363509
3c0708e4
3dd25920
be062e1d
be13bc85
be39e011
baff4d37
baac1d07
bc9b9f8e
3b4900d6
bca5e180
3d9c4bce
bc23ce52
be10034f
3e6978ef
3e747906
3e68faf4
bb476b5b
baa6eed1
bd1f6877
3d539bf3
bc8f3644
3dabd75e
bb8f200e
be1afe08
3e69d24a
3e742824
3e6f19fd
bb430403
baae3539
bd988f2c
3db323c3
bbed5bcc
3d69ac43
3bdf9c94
bdc22c6d
3e0620c4
3e065b5e
3df326e5
bb55094a
ba99110d
bdc0f875
3dcdc7f7
ba83f6af
3d1c1497
3c507f80
bd63b1d6
3d8a3db5
3d7dff8c
3d2f607b
b90391c0
bc0a976e
b8252bfc
b9b19695
3785f413
b981c7fd
3c300f9a
b60cefe5
3d384753
b8f6cc30
bc1b1544
36a39b5f
b93eeff4
37c089b1
b8e19545
3c345ea3
38e1e8f9
3d22b6fe
b8d15628
bc29a87a
373fc586
b960d8f9
b859622a
3d7fdae2
b705fc95
3ea7ef66
b99aad5b
bd901518
361f913b
b7901bd4
bb32bea3
38af5b32
bc0777ec
36ffe3a9
3ac86086
b704aacd
b8998d70
bbad4a04
37172c59
bca1203d
37be381d
3b435ae7
b78919f4
b6a9e326
bbf5c398
b716fcdd
bd1890aa
38741249
3b898558
b7dad3b2
36978713
bc162382
3915db6b
bd82d81c
38cf5067
3ba6ca65
b80cb82a
b8f6781c
bc2548be
b8f5586e
bdd13762
38ac571a
3bb6f221
b81686ae
386db072
bc265252
ba1ff9eb
be1db4ad
38d95214
3bb97304
b8049941
388ec8a1
bc1a52aa
b8fae527
bdd57bb7
38cb00be
3b9d944c
b7b03fad
38e001ab
bbe525d8
39422b33
bd80db3e
38ad22ae
3b585d72
b74291e2
390679c3
bb6a3ecd
39525102
bceb69ae
386fe10b
3ac7907a
b68163f3
bd9dfe0f
3e952d10
be8a69d6
bcfad1ab
3d85b0c9
3de8f933
3db6dd91
be40f724
be37e81c
be0bec11
bda75b81
bd9900cb
3e932323
be880dd0
bcf734ce
3d810390
3de286a8
3db15fe8
be3ef41e
be361a39
be0a574e
bda5983b
bd8dadaf
3e8bfff0
be80b0ea
bceb4d68
3d6dc473
3dd332c4
3da4954d
be36b6b8
be2e0f81
be03d887
bd9dcaad
bd7856c3
3e78f2d4
be62244a
bccff74e
3d4ff6fa
3db99e25
3d901b12
be22ebe9
be1ac8ba
bde9ddca
bd8bd9cb
bd496f63
3e3f7aab
be28bd04
bc9cc040
3d2aab20
3d93c6fc
3d66bfda
bdf7a484
bde9523b
bdb08a35
bd52a53d
bd0f95d9
3dbe3700
bd912c82
bc0e362f
3d008061
3d3f7fe1
3d1b2a22
bd5f0315
bd453c61
bd191f6f
bcb22774
bc978040
bd5b1ff7
3d99867f
3c02235d
3ca9ae8e
3c561ca9
3c70c393
3d53f6a0
3d6b58d9
3d249bb3
3cd19668
bb995628
be1c3240
3e3171e3
3c9cb270
3c3355f3
bc4d49a8
bb6d07cf
3dfa61b8
3e020dac
3dbbb297
3d68e2b3
3ba50e49
be59e59e
3e6e7148
3cd488b5
3b75dd35
bcf2049e
bc836b30
3e287bb8
3e2c445d
3dfa8196
3d9a5ecd
3c22b6d5
be775133
3e859cff
3cef9070
38a24d94
bd1b7310
bcb5fd77
3e3d01ff
3e4006d0
3e0bf9ae
3dac1195
b98243f6
b9c3b2f5
bcbd9e41
b960dbf4
bc98ebbf
b92cdcd2
bc853e3f
b8ae675f
3db5c03f
b988802f
b9d8e311
bca9c6d8
3a478083
bc77d0ca
b92a34be
bc35e9e8
b8ac3bbd
3d881b91
b988d85a
b9ff2dc1
bc7cc7ca
bc2f9a5f
bab0b8c8
bbdff053
ba2a1714
3dc84ed3
bb1733a8
bbbd573f
bad7a85a
38ae63c7
ba95e19a
383216a2
3cc96392
38c369f4
39301e40
bb2121bb
3931e9ed
bb415e6e
38b70abe
3d2b326d
39486d5c
39a1eb09
bad26aa9
3985e27a
baba63db
390ff0ec
3d264f07
399777e0
39cbe48d
37ead124
39afde9b
3a5f5d61
39425ca1
3be7b810
39c4f5ff
39f8493c
3b925db5
39cda5b9
3aab68ac
3965e5ff
bd9cc8f6
39e30f49
3a06d18d
3c1d5642
39d9328d
3b9d91a9
396dae6f
be69abfe
39e8eb57
3a07b6b5
3c93ebb2
39c879e5
3c815c61
39560626
bdf8ba15
39c8f220
39e70521
3c6db70f
3994124c
3c6cc274
39183314
bd64b21c
398bd650
399f6d85
3be0c491
3917eb54
3bc2ebcc
38951375
bca0b101
3905510a
39063da9
b97476bb
3899d9f9
bcd84a35
bc30f3ed
bb33726e
3b5300d2
bb42c7ae
bca8692e
3c992e1a
3c14588e
3b3f65c5
ba3a4ca4
388bc620
bd08e9de
bc4c603b
bb3ec421
3b87f995
bb4aa632
bccbabae
3cb60199
3c21b8d4
3b1a8994
baccfd1a
388345df
bd38cc3f
bc74b9d5
bb4acd10
3bc28919
bb529bed
bd0516f9
3ceb3fff
3c437f80
3b128dfd
bb1cbe9c
3864e69c
bd6a29f0
bc8768d6
bb44418b
3becb7ed
bb4a5e6f
bd1e668e
3d07a865
3c42675e
b99347ea
bb3b5a23
3857d740
bd755e01
bc873b7a
bb2ba488
3bf29a22
bb2ddfa9
bd201d5c
3d0771d9
3c2eaf98
baf81945
bb0a867c
38433fcf
bd1eafdd
bc495bd1
baf77bad
3bca4617
bafd2248
bce4b018
3cd288fa
3c365765
3b38f76b
3a664f02
388d16bb
3cdaa74b
bb399eab
ba3f8261
3af1e181
ba84ca47
3b9c80ae
3bb062d2
3c6f0240
3c9b8fc9
3b26c8ff
3858cec5
3d626c86
3c748255
3b1dc49f
bbcc1bb2
3b21b9b8
3d135fad
bceae62a
bc034231
3b261a84
3b5e11cf
384ef3cb
3d860dc9
3ced74fb
3ba98118
bc542a29
3bb8c3e5
3d6b60bc
bd66297d
bcfa8327
bc908ae5
3b6e6b2a
38473f0e
3d8c8f15
3d12d80b
3bd20be9
bc81cf03
3bea2553
3d88893c
bd8c3f8c
bd28085c
bce04b57
b6386ae6
b9ceacaf
b7a67595
b9851686
3a94df77
b9695220
bc132cd1
b98704b0
3d23b6f7
b719c2d4
b9d6ddcd
b75fceb9
b98807af
3a10080e
b97357d3
bc1e156b
b98b871f
3d218204
b75b2846
b997b7fa
b972ff74
3c6ed870
b96a4fc3
bd5212b1
b9f5501f
3eaf7e57
b942eb17
37a5b526
bab543a8
3818e6b8
3aaa1070
3790ad92
bc08093a
359be788
37ce39a8
bb32b4de
36de6736
3b2657b6
3801835a
bc967953
35f68d49
37616571
bb8260bc
37af7cab
3b7036a1
38416963
bd00d6ab
36001c1d
b6be8c2d
bba5c73b
3820c774
3b97424f
387f0023
bd4924ef
362b8105
359cd85b
bbbfd7bb
b7519911
3bae9526
38913424
bd94cf22
36592090
b717fa06
bbcbcdd0
b8810382
3bbc835b
388fbee2
bdd3742c
36818067
390da461
bbc44847
38cd04c4
3bc11c6d
38cbaaa6
bd8f05f0
36538da4
3913b7e9
bba100d4
39193d4d
3ba01775
38ae258a
bd2a4857
361a930b
385c11d5
bb40a7f1
38577ede
3b3c08d3
3816adb2
bc94cf93
359c79e4
bc06b4ad
bd710f34
bdc87806
bb8009a4
3b9e590e
3b930912
3c8e9590
3d75b149
3cd5b2db
b7a82b3a
bbfac2d4
bbe7ae5e
bd6af553
bdc5f39c
bb80310a
3b74a133
3b5e08ca
3c83f6ed
3d6daa1c
3cc95b51
ba2aba2c
bc0219f0
bb9b7d71
bd5cbb8b
bdbdd71d
bb7c2d79
3acd373a
3a9e688b
3c5ae0e9
3d5b5ca0
3cb0f0f3
bad51bd2
bc0656c3
bab1b512
bd46f9ed
bdacfc62
bb6ce08c
bac4e3ec
bb01d5e4
3c16175a
3d3f3de1
3c8f9b28
bb2659e7
bc051fe4
3b3d50d1
bd2ab5bc
bd8eaafc
bb47c19a
bba9fda5
bbc54740
3b68e763
3d1a1947
3c558954
bb31f52e
bbebc6c2
3bfac31b
bd097e34
bd396f24
baf7f3cc
bc14553d
bc2dd4af
bb5ab887
3cda5713
3c148cf1
ba9f61f5
bb998a8b
3c4be228
bccac785
bbfadcea
3902fb9a
bc4c8993
bc7b2583
bc3890e8
3c69fa1f
3be0b596
3b4bac2a
398cd445
3c8eca56
bc81c4de
3c7b45d7
3aa89a54
bc87d87c
bca4b9d5
bc95b88d
3b31a265
3af2626e
3b77c269
3b0d61b2
3cb246d9
bc0a165e
3cdf88cb
3aea2184
bca73d03
bcc6364d
bcc28ce2
bbd70829
bb6f77bf
3b29d964
3b14ceff
3cc8eccd
bb83b274
3d02141a
3af534d9
bcbc2644
bcdb449f
bcdd2914
bc45a881
bbf2e6da
3aaa36b9
3af5e570
bc54f527
baa0bf5c
bb3819e8
b7ac3c0e
3c040954
b7d2de96
ba34c263
b765f364
3d5478b5
b992ab24
babb2ca8
bb25e321
b768ee76
3b33a5fa
b725bd9c
ba4e4810
b746551d
3d655aff
3b569287
3ae6453d
37ca3f05
3a01c655
37cd20f4
ba0529f2
b8e06d7c
3ee58579
b98d16ec
b778b371
ba11a566
b58c4683
396f37dc
355b1386
bb5549e7
bab79bd1
b7fee291
ba906865
b681a45e
3974d057
b4dfe613
bc02d5df
bb544f0b
b8366864
bb82db9c
b71f6397
b7b1e150
b6857abe
bc7d3ea4
bba5ca78
b859d32e
bbb6b990
b7a91dbe
ba07bec6
b7205630
bcde4f25
bb7b0739
b874f83d
bc10d519
b811f1ae
bab5c2d8
b7961b10
bd35bea8
3b98ba8b
b8535198
bc2968d6
b8325369
ba950219
b77c9305
bd8c1d34
3c026b6a
b72b0ebd
3c41dd35
b78389cb
3b0e5a54
378985d6
bd2bfd85
3b3440f9
35a20429
3c206f8a
b6ce2f2d
3b0b65c4
3793d97e
bcafad93
39aa9860
365724a2
3b99cad8
b5e6d994
3a97a7fc
372594cc
bbec95fd
b99736a8
38543309
3e2e10dc
3cbc89c3
3b8c0549
bbe83a9d
bb88db6d
bc946641
bc840708
badc98f5
3da34fa6
b99bd56b
37bc9292
3e2e1ab9
3cbab357
3b8a9501
bbe18041
bb8b7b81
bc983e7b
bc7cfab7
ba86a28a
3da5124a
b991f811
38869860
3e2cd912
3cade6fb
3b7f715d
bbcf2ddc
bb95f151
bca16530
bc582236
3a9f865c
3da88f6e
b99a61da
388d2cb0
3e29df7d
3c8fb775
3b4a7518
bb938dff
bbabc826
bcbc6588
bbd437f8
3c020c29
3db292fc
b9949c59
38b64fc6
3e237b00
3c3ba864
3af516ac
baf0bf9c
bbca514e
bce0fd2e
3b68d44e
3c90c2ec
3dbf4325
b994d06f
38a49f64
3e1693a6
3bc3faa8
39d79e13
3ae55235
bbe26aa3
bd034bc4
3c7b8f31
3ceea89c
3dc8eca8
b9175906
3897a8b0
3dfa8572
3c00db70
b9fa52af
3b93c309
bbc4e0e4
bd053cd4
3cabe103
3d07ae6a
3dbab487
368b700d
384fcdd1
3dd12f38
3c5e398a
3a817247
39b9bb2c
bb6f584b
bca929fc
3ba15e4b
3c710981
3d854153
3885a5c3
38643424
3dbbea59
3c75d13f
3ae2a678
bb1b0026
bb263504
bc5fa842
bb969f23
3b75be95
3d4bb665
38565a1a
383c5f3d
3db52443
3c76325a
3b0994f9
bb67bebf
bb0e7f50
bc336352
bc09cee5
ba26003d
3d340f9c
3a99d4fc
bd309d3a
ba20a474
bcf66958
b98b651e
bc8fe258
b98ec610
39f554a3
3db5f141
bbf4dfac
bcf19623
b9cad1ae
bcd6b755
b8d8e272
bc66a330
b9999075
38c607a7
3dac5d64
bb7b1ce7
baa2d605
3bae1b6d
b99844b5
bcd0da33
bb39076a
bd217612
bb806802
38fbb806
bb75b5ed
387b6645
bb852e9f
388e184e
ba45f5b7
bbbac2c7
398601c0
bc08c149
3904f6b7
bbbe73a3
3922b748
babca8fa
bb8211da
39d4a9e8
bc45ca76
395a5723
bb6c0a98
398cbb9c
bafee44d
3c12bffd
3a15300e
bada1588
39a3a7a1
3b93af07
39d9b93a
bb0eca27
3cb35b25
3a3e2fb0
3c8cb943
39dfe242
3ca1c3f3
3a1a287b
bb0d38e1
3c9babac
3a34cb73
bc93dac2
39e63375
3cdb074d
3a256d6d
bb0189b5
3bc3327f
39f8f250
3b995db2
39ba1124
3cb2038e
3a058740
ba95e069
bc04b1b9
3999a7a1
3ad87df9
397dbd70
3c6dc0c8
39b4227a
ba07c46d
bbdf85d8
39147ec2
3b944ed9
38e7cd1f
3bd6955e
39261f0d
b8f36666
3ab75838
3a057e6e
bbb4616e
bbba5e19
bace304c
baa8f847
bacd86cb
3b90855c
ba7e201e
3a5a93cc
bba3e823
3ab9f1c7
399442b8
bb1b535c
bc1de7ba
bb0794ba
391143e1
bb07f171
3a94a1a7
3bba85f5
3c07726c
3b31e1c8
3a9ef666
39be6f06
3af2f285
bc79d361
bb5bfd72
3b82cd38
bb6a5ca6
bbae1102
3c9397de
3cb261ec
3c8a1b0e
3a054705
39fc8f5a
3bacbf73
bc9d88cf
bb88aac4
3c05aaff
bb8404de
bc56ddde
3d023466
3d176161
3d05cc1b
b698f8a5
3a3d5e13
b98e0956
bc2ee30e
bb2e2af2
3bf84401
bae66bb7
bc22fe26
3ccc8e92
3cf068c5
3cc96bcf
b9c2af2c
39f2af93
bc921809
3c301edc
3ac480d8
b86b6186
3b563a02
3c0be84c
bbf42853
bc0e6c73
bc7cf1eb
bab06a05
39cdb3e9
bd01e892
3cf2e31a
3b4ffe87
3b2d40a8
3bdecca2
3bdd7e23
bc3ea246
bc33fa32
bcb41d20
baf3cef3
3a3aeee0
bd2accd3
3d0f841c
3b9a0d9a
39b0c897
3c0d1a8f
3c0c4559
bc9e494d
bcc6f8b8
bd0ac8fe
bb2c54bc
3a15548d
bd3276be
3ce02614
3b884365
3b037bcf
3bfc66d1
3b62c736
bc424554
bc946741
bcf3159c
bb473778
3a232d52
bd34624e
3caa1f2e
3b763ede
3b04f358
3bdaad4c
3b347eae
bc2271f9
bc920586
bcf07802
bb3c9014
b8971f30
bb867f4f
b823ba3f
ba47e5ec
b79dbd21
399309e1
3c19787a
3ba887f0
bbb48a24
b7f75844
bc189954
370e4670
ba92d2ef
b7e810cf
b977a1a4
3c94944d
ba65deb5
38c93600
3b3939fe
39df4e64
3b34089e
38348e23
bbf9f5b0
39a5f3f5
b79e09e2
b8dc1d61
b6dced6f
ba35af95
b78d2890
b96d7b0b
b7dd1eb2
b8146fab
bb30c086
b7631faf
ba9366ff
b7fd8607
b9f9aef1
3a3b4d54
b87186fa
bb7c536a
b78ceb13
baa92715
b81efa43
ba492bfb
bb7ac4ab
b8a8e097
bc1dd087
b7b94371
bb0583b4
b8478c71
ba79a8da
bb9bda5a
b8c55a49
bc5f032b
b7ac9f47
bb265153
b8547ab3
ba861f1f
bb63a8b1
b88933b6
bb180576
b7266ed3
ba1593b8
b7fad15a
ba739eb3
3b1df209
b81ca2f6
3c0ea4d0
36ce3d1f
3b057705
34eff54a
ba2572d8
bab7c59c
b7ca1dfb
3b9dc11e
36e050ab
3af35290
36b4fe6b
b9b9fe29
bb0235ed
b7295d93
3b6ede30
b499fb0c
3a4909d3
3518a69e
b8f07271
b86ac532
39b7eba7
bb89fc70
baa91767
38b08e69
b9b91c6a
38c64c71
3a666916
bab4831c
bb05999f
bb6fdea2
b8408c7e
39ba49a0
bb89e052
ba80d95e
37d63865
b9e88af1
3940d2f4
3a8dbf39
bae3d0a8
bb1b3b14
bb81e7c6
b7fb6cf4
39c2adb0
bb6b5409
ba83b314
b93547fb
3993cb70
38a557f7
b9a98448
3a13979c
39028341
ba9d327b
38e1aa74
39cf2b0b
bb5a656a
b90efcc7
b9b3c42d
3a8522e6
b9066009
baf0f5d2
3b374103
3b329f65
3ab0f281
38ada163
39c039cd
b9bac77c
bb792e03
bad53272
3b88fc9f
baaeedce
bc0a84e7
3c663e15
3c7586f4
3c69636d
38c5dcfc
39eddf60
3b729316
bc096bb9
bb53599f
3c0e38fe
bb3e2ae9
bc939d1d
3cee3323
3d01c3a7
3d022227
38c496cf
39f419b0
3ba3dde1
bc407b67
bb75de34
3c2230f6
bb73a87a
bca89a8f
3d0d5c7f
3d174de3
3d18a11b
39146f6a
39eb9d62
3b13edca
bc1e3bd4
bb40b12f
3be510ab
bb3d100e
bc79683a
3ccf6f78
3cdd548c
3cda8261
394a3d40
3a08bfe9
3ac3c1ba
bc37fdf3
bb4309da
3bcba0ed
bb3d542c
bc6496af
3cbfe04e
3ccb91aa
3cc23e2d
39459b91
3a027df0
3ac8bde8
bc59a352
bb3a9aaa
3bb3374e
bb46c903
bc51b546
3cb46a4e
3cbca9ac
3cb34cbe
b9f52af7
bb293cb9
3831af7b
bc9a8f97
b98e6d59
3c2aa5a8
bd083909
baa56a82
3e06dc96
b8bffd9b
bc825809
b8ad85cb
bc8ec2b5
b9a3b830
3b34b9e5
bcc7f07e
bc36e1ba
bacc0d8b
3c0363f6
ba599d32
bc255564
bafa4568
bbd4ec94
3c2754e6
b82da126
bb9948ae
b7aa4c07
bbaa8e0f
3750d6c9
ba56ee0a
3cd66c1f
b883f57a
bc2292db
b8097f6b
bc1af1ec
381b56a0
bad361c9
3d674ad6
b825eecc
bc869887
b7cd69c0
bc24554e
38c7abda
bb1b0463
3db60ba9
3810938e
bcb7dfa8
37409c12
bbbb50af
39497fb2
bb46185b
3db5a4ae
3921e2f4
bcba7a9e
38a62579
3b8de99f
39a8e8b8
bb611258
bcee2522
399926d7
bc433a5f
391e81f1
3c91d1ba
39e907a7
bb565f2c
bec958d4
39d95750
3d3556ca
3969394b
3d0542b3
3a0a19d9
bb25c62d
bdcb2540
39ee6cd8
3d93ebe4
397bace5
3d143392
39ff990b
bac58179
bb0a693a
398e1de3
3d25efcf
390fdbbc
3ca880af
3989d276
ba0fdc06
3ad7bf66
371a7e7a
3b9d6450
bc3acda0
bb19958f
bad2b183
bb56007b
ba762911
3b7a807a
3ba70704
3b842ac9
3aef5f1c
36901b43
3b46ca4a
bab97dac
bacffe68
bb171959
bae84b96
3b0d41e6
bb2654d0
ba132f6f
baa0d54d
3b19dd4c
380e767a
bb3c31e8
3cc9eda0
3a0fa601
bb9ea93e
3b0a3df9
3c323928
bca61cf9
bc8f623d
bc8bbbf9
3b4fc7c8
37429ca9
bc9cdc80
3da51968
3bb9dbdd
bc394378
3c33b12e
3cff8cbd
bd80387e
bd7217a1
bd6b1358
3b8aa94d
3750a04b
bd454b37
3e2e6f8f
3c6786b5
bcb61b32
3ccf0eff
3d8335be
be06a183
be03607d
be004204
3ba4048e
b62e94c1
bda54964
3e84d84b
3cba3564
bd070b97
3d236162
3dc41b41
be4d062c
be4b8c62
be476def
3b84cf93
37623d84
bd9ab898
3e6f3fde
3c9ccbc5
bcc3ef77
3d0f96d0
3d98ab4e
be2637c6
be25f2a7
be2209ff
baacfdc8
b80e6114
3d50b912
be1f09b6
bcb2e222
3d1fb2a6
bcefdb6c
bdcabb79
3e3c8cbb
3e434da5
3e3f8267
bb524208
b752ed0c
3d8720fd
be846cab
bcdcda4d
3d2359c2
bd2e9cd9
bde5f7cd
3e655cee
3e6346eb
3e5976c7
bb71cba1
b7989749
3d6254f2
be86a462
bcc72b1b
3cf90606
bd27a610
bdc33f9d
3e49b568
3e42f9f7
3e34f5e2
b8a51882
3c3891a5
b946a03f
3a76c4e2
b8054364
ba07b4cc
b8ae0db9
3716aff8
3d292046
b9a04f4c
3c4493e3
b94b6208
3a363e3f
b783ad25
b8eac30f
b93336b1
3e6698a9
b8b0fdbe
3d8691af
b9b51066
3c5ffe4c
37da9b98
37c40d9d
3a7e637c
b84ce3cc
bae7f685
3602ea24
ba96f081
b605a4ce
37ed2dd2
ba68952f
b90bee4f
bb65cab7
369e33f7
bb1541d5
b6a788d8
38ae87f7
bc0a357b
b88b8ae3
bba8866c
37e08993
bb56a29d
b71a6373
393f4b33
bcc92f5a
3979b174
bbd74f4e
389d40f5
bb8585dd
b75bba9b
392e5929
bd554ba8
39d923d9
bbfa76e8
38e17fb0
bb95ffcf
b78cb659
b99006cf
bdbf8b2d
36860356
bc0683a2
381daf82
bb993f90
b795ecd3
ba0d724f
be1a7434
b8be8636
bc063ecd
3862c996
bb8c27fd
b78367a3
3890b709
bdbc015d
39321e74
bbd24699
3903b3a7
bb5671d5
b71de358
393781a1
bd2cb203
391998b1
bb6048d8
38b69672
bae741f0
b62a0842
be67ef83
bd6c95b3
3c3d1732
3c0d5156
3e64ed33
3e6fb4b4
3e6b6861
3e326a20
3e31aa8e
3dae5df0
3d508826
be6ac62e
bd782911
3c6949d9
3c13d84e
3e67ac8c
3e724120
3e6e13f7
3e365110
3e35b0af
3db34300
3d56b360
be6bad2f
bd8358b9
3c978c9e
3c1c0db4
3e688dbf
3e72b116
3e6eae2c
3e39a22e
3e39580d
3db87536
3d5d79fe
be64d709
bd85945f
3cb4ab8c
3c1f9207
3e61c9ad
3e6b27a4
3e67740b
3e369bef
3e369310
3db71d72
3d5c48dc
be4d7940
bd716968
3caf475d
3c14273f
3e4a9e8a
3e52d1d1
3e4fa254
3e2471f8
3e242f37
3da4debb
3d462364
be19deee
bd1e4ede
3c4304d9
3bd22b7b
3e1752ee
3e1e1703
3e1b8517
3dee067f
3decb9f6
3d69fcfc
3d0c09d1
bd6e9cc5
3b7f244c
bc44be88
39acb400
3d6593a6
3d7b8736
3d729cde
3cf7cef1
3cf96743
3c4825da
3bf18acf
3dbb47ae
3da001e0
bd6a3c0e
bc295be9
bdbf21c0
bdb69a9b
bdbaa7b6
bde8c2ec
bde5a37c
bd82c307
bd1bfb26
3e3c4844
3dfb4c19
bdab249b
bc85a635
be3dc022
be3ab0d4
be3c5376
be4e0eaf
be4c7aec
bde29940
bd87d4a9
3e691056
3e12fd6e
bdc3b261
bc9b4b5d
be6a29dd
be67cf96
be6934cc
be78339b
be76dd7b
be08040b
bda36ec9
ba2878be
bc9ad513
b9ab81c8
bb86fbe3
bcd1f43b
bb5834fd
bca88282
38137ba7
3e14ecf1
b8fac14e
bc944c89
b9a2650c
bafc0e8b
bcb37b16
3bf6791b
ba274247
bc983263
ba18f9e2
bc0bba96
baf08064
3d32b229
bb87ab20
b84e1d64
3c269791
37149600
bba34877
35f1bf12
3a8a1665
bc10f2fc
b8b9b86c
3cece562
37fb460d
bc147335
378c52ba
3b04367c
bc8ac61e
b8b9e7c0
3d7425b3
388cd3c2
bc2f95a7
386a25ac
3b38a343
bcae8148
b80df11a
3dd254eb
38fb5a15
bbea75a7
391180fa
3b55d086
bc9ef36a
38b24d2f
3de86c8a
393edc78
3aea29f3
3985042d
3b54b82d
3a38cdda
398394b3
bc7db1cb
3981c11a
3c7a17e2
39c6a913
3b328702
3d24f05f
39f1ccbf
bee57a1c
397b2795
3d00f54c
39f5a554
3aa33abd
3da3f01d
3a0fc5ce
bde952e6
3990f93b
3d2569d7
3a012c63
39e80a57
3d549d0f
39a90dcd
3ad30c0a
392caaba
3cc3aeea
3992878a
3831abc3
3a6a1d9d
b9a21810
3ca7714a
3c287faa
ba3d5e4c
3adbfd10
ba9b5ad0
bbf22679
3bc15d03
3c1c3764
3c9c9073
3aa513c7
b9911a66
3cb96fe1
3bc4b430
ba11d90a
b9e61713
bacacd54
bb6f4854
3ae49965
3bb178ee
3c751f98
3acfbcbb
b9d6253a
3cd0e4ba
bb5f3af7
38bbe81d
bbce30e1
bafd9b8b
3c060a9a
bc5beaf7
bc22fed2
bad1384f
3ad173c9
380289e7
3ce69791
bcaf8760
3b0c1e15
bc9a8e0c
bb04e433
3d0440f9
bd3748c5
bd31811c
bd1a9b85
3b004076
b93a4296
3ccce4d7
bd37831a
3be3bb91
bd2cc9de
ba7a0530
3d9d9a1b
bdd9bde1
bde16a03
bde22d97
3b1eb798
38217b19
3c8c35ee
bd886e94
3c55a505
bd8c1fe0
3a97a208
3e0337b0
be36a79c
be41545d
be49570e
3af97c08
3891a9c4
3c776538
bd85e8b3
3c4749de
bd83f561
3a30408e
3df48c2f
be2d28fe
be36dd7b
be3d3e34
ba327d12
b862b585
3d52c188
bc9294fa
bc5fd36c
3d3df87c
bc4ab1d5
bdcdd831
3e18d30d
3e26275a
3e398f7a
bae2c7d3
3901395d
3cd03b1c
3d881b87
bc4471f3
3d7c5018
bb725c5a
be00f685
3e27489f
3e3364fd
3e50655f
bac1a690
38b55118
bac0cd96
3df1692d
bbba155b
3d54e33c
3bbf5673
bdd2f7b7
3de9b038
3dfba38e
3e18876d
b8d1f4e7
bc21bb78
b7726b16
b9548cbb
b81f344a
b951627c
3c3eea08
b925cdac
3d30114f
b8c9ba49
bc35ca33
b74abfa2
b863beca
b86626d7
3d5a2725
b88a98e1
3e83ea33
b9405fe8
bd88b1f2
39388af1
b64efc4a
baabe083
37d95f40
ba5fd357
36165c4d
3a0d64e2
b560913a
b7a1fea4
bb28430a
35a20ca8
bb866039
36e2c038
3a8b61ed
b62ae0cc
36aa754d
bb71ed8b
36b22ffa
bc46da80
37a54484
3ac791fa
b6c78452
36b368de
bb960d71
392e6dcd
bcdffbaa
3823a0c0
3af748b1
b727ae9e
b8c96862
bba75eca
38f13ff6
bd550884
37c0b1b2
3b0b2e15
b75fde6c
b7f8f046
bba96b73
382975cf
bdb49c89
384476f8
3b11fd4c
b778c64b
3916c13f
bb9bbf28
b9bb61b8
be0cbf3f
38b33dca
3b138b23
b75e1e8b
38ae4cbc
bb84aaba
b90310dc
bdaca60e
38971f13
3ad8bbfd
b70c0aa9
39154f92
bb0febf1
384a08a3
bd1f684e
38859eb0
3a4444ed
b63f8a81
bd84e88e
3e680319
be5284e1
bcbf9b2a
3d645bf1
3dbfb5c5
3d97a645
be13966d
be0b3094
bdd48fe7
bd7cd67c
bd834339
3e6a0bad
be53dbe3
bcc13874
3d60a92f
3dbe3cd9
3d9610e3
be158991
be0d2716
bdd72614
bd800f85
bd7d7527
3e697ccf
be529e82
bcc0d5fe
3d57b5ee
3db9232b
3d9152e2
be16443e
be0de4e9
bdd79000
bd805d5c
bd6e47c4
3e616001
be49d97f
bcb98ac4
3d49f41d
3daf267b
3d88d409
be11e00d
be09a603
bdd072a9
bd784370
bd589bd1
3e4a3d68
be322306
bca4a709
3d3834ed
3d9e44cf
3d778e1e
be026bf3
bdf55fa6
bdb9be79
bd5d19f0
bd3c39ac
3e1a1e84
be017d37
bc73a3b2
3d23affa
3d846321
3d52253d
bdc087ad
bdb1eefd
bd87bd13
bd207b5a
bd18e3b4
3d89b117
bd2f9cdc
bbb17682
3d0e27eb
3d3d3545
3d1f4396
bd06f6fa
bcd8cea4
bcb4dc1f
bc4a0e42
bcdc6475
bd86fb6d
3db8b941
3c2294de
3cf29ec9
3ca72ecd
3cb814f6
3d87d8a9
3d93d91a
3d4b4c65
3d00738b
bc9ed9a0
be17c640
3e306581
3c9e9a7d
3cd0494a
3b5ada6e
3c38324f
3e022864
3e079b50
3dbfb6fe
3d6e1ecc
bc8011fb
be3fb8fc
3e58023c
3cc3f365
3cbe863e
bba3bdf0
3bbc2daa
3e1f9b5f
3e2482da
3de9e69f
3d90a5fe
b98fd305
b909f1d5
bca5efbc
b8ce971f
bc829779
b92e5bb9
bc3961a6
b8b58069
3da07449
b9984c12
b9b930c2
bc720049
bba022b5
ba8dc5f6
bb2be750
ba086b6c
3d33e907
bb071393
bbc10c56
baef9a79
38272e07
bac152ef
37a4a405
3cafcc42
3825d2f3
376a1ab8
bb46616e
38b53f45
bb42799e
3835f565
3d238e3a
38b51aa2
37c50fe2
bb571b66
3914de73
bb407d17
389cf972
3d49e940
3915137d
37d9fdc3
bb31880a
39585336
bb3d16e8
38e93dee
3d273145
39559c6a
386ef83b
39bafe63
398c9248
bb7e3722
391788cd
3aa2d793
39885abc
38c1c98a
3bac306e
39a68b90
ba2ff70b
392dffad
bdaf80ba
399c9e2f
390955bb
3c6069b8
39ab76ab
3c46c93d
3931b827
be72866d
399fb410
393a3c46
3c9ce8e5
398f17c4
3ca4c589
391031e3
be004a0a
39791ecb
392f77dd
3c36b9f3
391bce7e
3c30b553
38951cc6
bd4f3767
38f90011
38b1a51e
39c4741d
3882e5f8
bc4e9651
bba7099d
badd9d57
3a697173
baefc4a6
bc1759f6
3c03f687
3b77cae2
39e2801b
b74efee2
385845ac
bc976c18
bbe2597e
bafea7af
3af2c6b5
bb05fa68
bc5b40a9
3c4159e5
3bac9fbe
3a433443
ba4057d6
385e368a
bcf081eb
bc22a2a2
bb15536d
3b6cb5d6
bb1b3f16
bcabec3f
3c987d58
3c02120f
3aa9e99a
bad4c7af
38595769
bd30d600
bc576eee
bb287698
3bb5ef62
bb2dd3aa
bcf382a3
3cd50961
3c25f1a4
3a353599
bb22e4cc
38450366
bd600f94
bc81749c
bb367602
3bf0f5bc
bb36cf45
bd18860e
3d058aa1
3c4a451e
3a3c2656
bb37f44c
380c4434
bd620473
bc7ed098
bb353d62
3c0e7421
bb2e53aa
bd21d65a
3d12e3f3
3c7e02f2
3b8117dc
baf510ce
38263765
bd00200a
bc29d77c
bb0f665d
3bfa9432
bb022ce4
bce3c32c
3cece28e
3c8ebf70
3c2db51b
3abce543
37737c34
3d0ca6c3
3b4f8d74
b92d395a
39e6a829
b934098e
3c41eea3
bad8b341
3c3238dd
3c8b069c
3b5be6ba
376ac19d
3d81640e
3cb1665e
3b573db0
bc15abb1
3b6a73ca
3d3d1b34
bd252ec3
bc826bd7
bb7b4255
3b87b186
370e8971
3d96f6f7
3d05b22f
3bac8de4
bc6ab87b
3bbf7e9b
3d81f555
bd7c031a
bd0487fe
bc944cd2
b6f20a76
b9cdef9c
b783e9c3
b996ad53
39dffe8f
b971b2a8
bc2b98a2
b99682ae
3d347966
b70b3e0e
b9ab0791
b94ac610
3c59c080
b940bf02
bd4842f9
b9d6ecdb
3e99fa4a
b94b28f4
371de4c5
baa0c4f9
37d5e999
3a1a3fd3
36cf5c8b
bacbd95e
b5c3d729
3728d307
bb2055f6
36abfd75
3a9a97d6
373c35be
bb93294a
b64de9fa
36db67bb
bb6e0ac9
379ff60d
3ae77b1a
37a6d70b
bc25782b
b69f4409
364f46fe
bb9abae7
37cf52f8
3b1868da
37fca24b
bca19e8c
b6b3a2c5
37a85ce4
bbb7bb92
b819653a
3b38c149
38198db2
bd0e110c
b6ae2ba3
3780a9fe
bbc8b40f
b8ea20ad
3b5167bf
3810a205
bd6634f7
b68953a7
38569937
bbc6a58a
379ebf46
3b5f8254
382e3baf
bdaee11f
b61f2e73
38f1b39e
bba962d8
3915d27f
3b62bc82
387b8306
bd51e727
b52b2526
38321f60
bb511f6e
3856d2c8
3b164280
37dfc177
bcb885a9
3456e674
bbf7278e
bd647159
bda7a05b
bb409e32
3b9acac6
3b7a6a7c
3c7ccd04
3d65c50b
3cd78012
3b19f997
bbad4d22
bbd2c023
bd6172da
bda980c3
bb48aadb
3b6b2de4
3b32ac47
3c6b3593
3d60f0e4
3ccc92ba
3ac72cae
bbbf1df5
bb884782
bd594852
bdaad5a7
bb5545e0
3aac674a
3a09c2fc
3c455a7f
3d54f53d
3cb5f7fd
37ca4ccf
bbdbacdc
ba4b74d0
bd4bfb23
bda9286b
bb610b84
bb030aaa
bb34084f
3c0ac979
3d41c5f1
3c956d5b
baf56e9a
bbfc4795
3b6a7ef4
bd39d1fa
bda0a91b
bb635526
bbc9cc41
bbe50861
3b6db387
3d277a30
3c5cf7be
bb711c26
bc09e55a
3c0dcd6e
bd237f65
bd8c2576
bb4ea276
bc315731
bc43ee5f
bb1e71a7
3d067ecb
3c0dc7c2
bb986fd8
bc07722c
3c65b2f7
bd0a3d4c
bd4a092a
bb142209
bc7d4ae2
bc8d7cb7
bc1af183
3cc01e3f
3b9ba026
bb797a36
bbd4a9b2
3c9bd05c
bce00c4b
bc8df728
b9eeb2d4
bc9dccf3
bcb77a48
bc8bfd35
3c5ba6c0
3b3c5bd1
b91aabe2
bb1d60bc
3cc10da0
bcaea7f7
3847355f
39e9a767
bcbd5500
bcdc786d
bcbd94ff
3b9f42ad
ba82fd64
39a2b18b
ba8cb2fc
3cd9a68d
bc8f1682
3bde7bea
3a35c2e8
bcd38510
bcf4410a
bcdb6cd3
b9e7bcf2
bb892d26
b9b7b933
ba82a014
ba8531f9
39d0bea7
ba928fac
b80a059c
ba17197c
b7fbd7cd
b8a00cbe
b70d3b94
3d80acc7
bb8f0ba3
3b29a938
b85c0cf5
3ae9456c
3755bf5f
ba273306
b7d27849
3edf40d5
b9c7a789
3713ed79
ba97a51e
35ba6a55
39072415
357160fa
3b84840f
ba984375
378209cd
bb16ac4f
35dc08ad
396d56d5
35b5eb0f
3bdfa497
bb44fcc0
3780d465
bb477ee4
332e6651
3801e75d
b5609fda
3bdfa8c2
bb937fd6
3761ba76
b9487d1d
b5ac5912
b7da5e54
b600e845
3b309120
bb22d9c0
373f2d65
3bee6804
b594cafd
39202cc8
b594adaf
bbe515b5
3b7e8b64
37669839
3c89c11e
35cc0833
3a8933ad
36cc7fe5
bcc1bc78
3c0ea7fc
b7354485
bb6977a9
b761773f
b9f99cb5
b7111b1c
bd47a911
baf11e58
b7a1990c
bc0d9e38
b79fc25c
babdadb0
b7920eae
bccd8f14
bb27ed74
b71ce0ac
bbaefbc4
b72417b6
ba37d574
b712df5d
bc0b9af0
b950411e
385e451d
3e28d437
3cbe7e12
3b8c06d5
bbf53fb8
bb813bbe
bc8764e7
bc902108
bb71e9e2
3d9a8d85
b94b1cfb
3829b91e
3e2bd4dd
3cbe6939
3b8a8981
bbebb599
bb871fc6
bc90d133
bc87dc87
bb17b34a
3da093f7
b9920a59
37e9c289
3e305e01
3cb93bae
3b841ec2
bbd4f688
bb941f5b
bca35f00
bc63d471
3a56fe6b
3dab5fc8
b9ac2bb3
37f3818a
3e35c4eb
3ca57212
3b6bcf4a
bbac9d3c
bbac7ea8
bcc07b5c
bc119cee
3bd3ee8a
3dbb677f
b9d0bd6e
36b51754
3e39c69c
3c82ee42
3b4d31eb
bb920550
bbc7bd88
bcd5c8ff
bb94dbbb
3c36d31a
3dc7b2a2
b9dabfff
3788cff9
3e3829ee
3c58e66d
3b5aad64
bbbdfc91
bbc8d7eb
bcbeb073
bc014728
3bf110a3
3dbdba22
b9a6840c
36a43b7c
3e2c2604
3c812a7f
3b9e4b5f
bc3059f5
bb922c5c
bc3d5109
bcc8ac7e
bc381c09
3d8e1cce
b91c9a24
3772788a
3e17ce80
3cb82856
3ba6fcd2
bc2ecf48
bb30d824
bbf8dbbe
bce8448e
bc8881b1
3d65ef40
b933d8e1
36b39545
3e119826
3ca04f5e
3b840802
bc00d4bc
bb547527
bc40ea37
bc9da10d
bbf1e5bb
3d7f64af
b951564f
b8101649
3e111b4e
3c8a6cd5
3b5aaf39
bbc09fb0
bb7dbc1c
bc7ed425
bc4c784e
b95e489a
3d8d28d5
3a4c727d
bc5dc6ec
b98e398b
bc81e43b
b6185c1d
bc809282
b98fac2b
bbbbebee
3dd56988
bb2433f7
bab760b0
3c005e82
ba26eac0
bc58791d
bb25676d
bce3c07d
ba848530
37765f7a
bab3f17e
b73aded0
bb6441e0
b6495972
b95d150c
bb059ca5
3838b490
bbe651b8
b75142ba
bbbae8fb
372767a6
b9c6fa74
bb0fd2b8
38a71f7e
bc848a9b
36fadcb6
bbbf7175
384bca4e
b9f95ee4
bb872646
38ffd878
bd093e26
387ce866
bb707645
38eded25
b9bb4886
bc1a3bb9
393e3f48
bd563331
3923f4ec
3b42b84c
39634348
b7bacc87
bca3814c
3960f35f
bd80f02e
398e2704
3c3cc02e
39aaab23
39e249f5
bcc4c81f
39b0f5fc
3c3caabc
39ccfd65
3cdf3096
39f322e3
3a24d363
3c8a4933
39a6f14e
3d582bf4
39b51937
3cf2120d
39decf53
38f980d8
3c696b6d
393a886f
3d25eb79
39330729
3c7b528a
395fef59
382f8f63
3ac9122e
b8991d6b
bbab08d8
bb818b29
baaf4896
bb29bdfc
baac4b1b
3ba04a34
bb804caf
bb59f8ec
bc03e846
3adac63f
387e8769
bb6e96e4
bba02a13
bab3b85d
bb1f53ee
bad3629c
3b882564
bb0671dd
ba84491d
bbb37257
3ac62efe
b958ab85
b9c5d3fd
bbdd9f1e
bb02a52f
3896e848
bb09f3ab
38867d65
3bb68589
3bf9082e
3b81388e
3aae30bd
b8b4eea9
3b8c8d64
bc0f10a9
bb698472
3b9a73c2
bb597fdc
bc1060fd
3ca70b47
3cc65107
3cb21b46
3a9e3f61
b85c7fe9
3c3a5e4e
bc47f86f
bbc95cbe
3c6af91c
bbb7198a
bce65286
3d50861f
3d6b3658
3d6b6ef2
3a0d55b6
b8dda805
3cad3a49
bca6f7c4
bc300df2
3cf75bcd
bc19326e
bd79926d
3dd1af7c
3de49d73
3dec8733
b9734fe7
38f18b09
3d0b87f8
bd222b9c
bc8cca4d
3d514ab0
bc7be445
bddb3626
3e315177
3e3e9f94
3e45c0d5
bab958a1
39c526c0
3d05bda7
bd81f8e6
bc9bca60
3d5e1dd6
bc9a3d5b
bdeb1d61
3e3b603e
3e4d3430
3e5527d0
bac98acb
39dccb34
3c12da2f
bd410644
bc4bc55d
3d155668
bc4b6a50
bda6cc8b
3e052789
3e08affa
3e0767d5
badd1766
3a0a5080
bbd55eaa
bd0b31d6
bc0551c9
3cc0ad87
bc00ce8c
bd5cd485
3dab6eef
3da755b8
3d9f52a0
bba7a49b
b7db1478
bc2feb92
379bc739
ba3bb071
b7e65f30
ba1b3dd5
3c8d0849
b9f8e444
390e176e
3a9325e5
39adc871
3b2e7775
385c826e
bc009416
3a0b1ec3
b7e0d556
39d96787
35800f1d
b9706774
b78793d2
b9a5c7db
3a2a599c
b85ca7be
ba008930
350ba5bc
b9e7a001
b8037d01
ba266ff8
3aa5b9b6
b8ab9698
ba8211e4
b4816b89
ba36b4de
b83927a8
ba775911
baea3eec
b8e8ab41
bbc02eb1
b6d8e580
bad4439c
b879d6af
ba9745bf
bb8d1ca4
b90d593f
bc487744
b779d522
bb3edc07
b89a159d
baa23052
bbe40da7
b903f36c
bc13b956
b79e347f
bb287898
b88fcb72
ba953d52
bb7a7f31
b8d9177c
3a3905af
b7226325
b9a21755
b8222645
ba4dcc4d
bbcc6eb1
b8933f98
383f99b8
b6a0a167
3999bfa9
b7b3f0ee
b9f5ebef
bb961a1f
b80506a4
3b2e1aa1
b6f3cc88
3738aefc
b75a3a56
b928dcb9
b8e683e2
397e7613
bb868a96
ba609fdc
384c1b97
38391adb
390d9fc9
3997ac55
b9a148fa
ba69239d
bb22cb78
b8bb6a40
398389a0
bb91467e
b9c2094b
38a35431
b95d9f12
398ffb94
3a501214
baa0c8c4
baf27aa8
bb661253
b788ff95
39a21a3a
bb999713
397a1fe9
38ae4dbf
b974cfac
39ba40d9
3a5d874e
babb9bd6
bb05fbd1
bb72be37
38e5150f
39ba7965
bbac7088
3acbc6db
38d63da5
b9b518c4
39c978de
3a852300
bb02b2e7
bb24b2e5
bb8f1067
39325b7e
39c21ed6
bb789cd1
b9276915
ba32e1f9
3abb8fb0
b9a06c85
bb331a0a
3b8b9e56
3b8ed0c1
3b38c2e9
39767440
39ffacc6
b8cea025
bb8c4767
bb0e563c
3bb13a30
bae7aef9
bc37e4b2
3c9151c3
3c9e9d2f
3c97e810
3989f069
3a06c55b
3b806038
bc33306a
bb7044dc
3c1364d1
bb6ac4a0
bc9aad8f
3d01cc59
3d0b2808
3d0aed24
3996de10
3a08fea6
3bab981f
bc74115a
bb876ab7
3c17dacc
bb8b3c4a
bca8c1bf
3d0e526c
3d1849c8
3d1852f2
39adb9ee
3a1d1014
3bf129a3
bcad60db
bba77dcc
3c2e37dd
bbb105c1
bcc62a95
3d299e4c
3d352457
3d334eae
39a5f595
3a15c2ab
3c0fdecb
bcd39072
bbaf5e07
3c2d9fd7
bbc6ae76
bcca702e
3d30b4f9
3d3b55fa
3d3a8480
b9dcf135
3c40e0af
b80c2ac9
bc763682
b9a17a16
3c23bc0a
bd85bf28
bbf6fc02
ba346d8f
3b85dc1f
b9951e05
baa22a64
babc05cd
376b5b55
3b202c0e
380b8ef1
ba538730
b62461ff
bb59a5ae
b7ea6a5c
b97d3df0
3c0fc457
389d3306
bb07e3bd
b6862661
bbde8031
b8594f49
b9f0e2c6
3cc5384c
39128818
bbf4cedb
b5c4688e
bc17690a
b873bc8c
ba2a407c
3d493f24
396f48cc
bc8e93fb
372ca09a
bc1dff34
b81c4e07
ba643c8f
3d9f1eda
39b1e44d
bce479ae
380baaad
bbcfd6eb
37a18733
ba938fdc
3dbe3838
39ff5c0a
bc79eadb
38c082bd
3ba55b32
3912c44a
baaf578c
3cb7942d
3a1f933f
3d1f3ca3
394b217b
3cc39a06
39a2f7c7
ba9bc63c
beac2266
3a05bf56
3d2387ce
3961688b
3cee053b
39ac9d0e
ba4a3ae3
bdfce820
399907c2
3cf40f8e
39046f79
3c907dd0
3947feb7
b9a4a44a
3a21117f
38c56aa8
3b5b7f57
bc0a0abb
baa34fbc
b999b6c8
bb03b37d
bb0a380e
3b849b48
3b9355f1
3b8ad3c1
3a275b47
38818594
3b6a7dfd
bbac9d63
ba853fad
ba0df33a
bac7e952
ba7581c8
3b1b94d6
3b45ae90
3b45ea00
3a58ea8a
3860572a
3b283aad
3b544d00
b9016451
bad987f5
b9507536
3b503a4d
bb9b379e
bb63e07c
bb44dd94
3a8a0e31
b836b9d1
bb2785ea
3ce5a110
3b0decc4
bb886658
3b796c50
3c494b53
bcb86543
bca64327
bc9a953f
3ac51a3c
b91b13bf
bc7a4abb
3d9c7644
3bdaf196
bc0f481c
3c3e4167
3ce97b4d
bd66e365
bd5b0836
bd4f21c1
3b06ffe5
b99ec3f4
bd1d5221
3e1e88ef
3c628d47
bc81474c
3cc4e7ac
3d595bd2
bde0831b
bdda2dfd
bdcfcf60
3b256c9d
b9fb4b04
bd94b281
3e7e062c
3cc2958a
bcec0ccc
3d23c76b
3dbaedcb
be4017ac
be3f74c7
be39abb3
3b068d0d
ba2ca7c4
bdc154a3
3e8ad652
3cf67f1a
bd2faaab
3d4010d0
3dfa6746
be77a101
be7c4b40
be7b1872
bb2c7a89
ba36a456
3c631368
bd745b5f
bb9947d3
3c315fc7
bc026839
bcc8cc4a
3d60984f
3d567c3f
3d324ab5
bb976292
ba3db2fe
3d4d6bef
be4068e8
bc8483a7
3cdee12d
bce5b166
bd951d7a
3e1c237e
3e197667
3e12ba8d
b7e95086
3c4f79c5
b93f567c
392dc2cb
b7cfaeb6
b9b114f2
b9668d99
3e1aef9c
380d5370
3d598c10
b97b1db5
3c096f42
b87452a6
373b46ee
3bb12248
b877528c
3804da7c
b70d761e
ba5d2a9a
35b5c7d6
37dfcd4c
3c12ebb5
b8f68f07
b6d162ce
b727540e
badc9cc2
35c17956
388430e8
3c0f4365
b8e36326
b9256a18
b648b26f
bb20e417
b4a737cf
38ff9501
3b2e3328
37b4e3a2
b9e20bed
379ac006
bb4c1bcf
b62d7c4b
3932aa06
bc3c948c
38fc8dc9
ba50b1fe
382b085d
bb6afc7d
b6c6fc55
3880bf3d
bd13a526
385fcb30
ba9cab61
37cbe705
bb773d78
b71859e4
38f50e1c
bd95c257
39c6e35e
bad01822
38903cb7
bb69dcb3
b737aabc
b9af8b76
bdfee6ad
b70ce292
bb04cd41
37955d66
bb3cd894
b6fa895f
b899590c
bd6d51b2
3896af10
baab0982
37e3dcb8
bad68e16
b5f5003b
be1c3d0e
bcf4ffc2
ba4b475f
3b99933e
3e19dad8
3e227a74
3e1eefe4
3de1c008
3de111b0
3d56d0d6
3d0048df
be2307be
bd079627
3acb692a
3ba90f8a
3e2088a4
3e293d5e
3e25aafa
3dee9b1c
3dee3262
3d652cf1
3d092820
be2d8341
bd1ce7b1
3bb7eb3c
3bc2c894
3e2ae65c
3e33b102
3e300e7d
3e01641e
3e0178a3
3d7c2c31
3d176305
be37d914
bd328bf1
3c2586d9
3bdeb536
3e352012
3e3df668
3e3a4419
3e0b7946
3e0bd78f
3d89ab06
3d25b89e
be3c1062
bd3be32c
3c537123
3bef9193
3e3947e6
3e420852
3e3e5958
3e0fbef7
3e103421
3d8eb3da
3d2be90f
be31e620
bd27250b
3c35638c
3be163ae
3e2f169e
3e379ddf
3e340239
3e05fb8f
3e065f9a
3d844cb1
3d1f503d
be0ea892
bcba03c2
3a46a69d
3b9596fc
3e0bd7c1
3e142334
3e108c08
3dc6bb13
3dc7f5a8
3d3ee1d7
3ce633bb
bd8ac4bd
3c7ca834
bcbc7905
b9dcc4d2
3d855089
3d94f514
3d8e227d
3cd9a3d8
3cdbe89e
3c06799f
3b9eed70
3d62f453
3da6dcf2
bd85ea5b
bc1ea6cd
bd6d9257
bd4f6ea0
bd5d72ac
bdc3e64b
bdc1a38a
bd6aef70
bd0d0d90
3de8d832
3de6c29d
bdae4326
bc642f97
bdedddba
bddf3efb
bde64637
be1d0d06
be1bb62d
bdb52e44
bd59c0ad
b9a5dab5
bc442cfb
b9932f31
bab22e17
bd1f2a12
3bea3a18
b99f0ae7
bc2d4a30
ba046d07
3a892dcc
baa8bb8f
3cb77376
bab8a1aa
b80682eb
383d7bc9
b781e4ec
bb317562
b84176b3
38a6cc1c
bb8a0dbe
b87f9e86
3bd645d5
b7ded2f2
bbbc5115
b8bac2a9
38fc3815
bc451b4a
b8a2b2f8
3cb14a66
b807bf70
bc0e2ce2
b8fa9096
39098712
bc88be12
b886b185
3d80fbf9
b7db520e
bc0d4983
b8e7f520
b7a8b13b
bc7320c8
36e20d4e
3df4cc11
b4bdb2d8
bb8ce9ae
b86332e1
b9addc69
b8ea0fc0
38e58c2a
3e05162c
382db554
3b943fd7
3839c42d
ba3ea0c2
3c86f5fc
3943c79d
bd2ff855
381560d0
3c426db1
38f7f097
ba92ed65
3cdc0942
397448f3
bef59f34
b562e7c2
3c6774fa
39064907
ba99876c
3d5a8e7b
39866777
be0ae071
38a80c0f
3ca866ac
394221d1
ba00d4d5
3941c663
b9d2b837
3bfd3653
3c12b90c
3939fe85
3a789af5
39c7c8f1
bb4640ab
3a56dab9
3b028bd6
3bd87cd8
39bc629f
b9f29d2d
3c1754a5
3c062a65
3929f0eb
3a768244
38e0acef
bb633c33
3b0d9f80
3b6f0902
3c0b41b7
3a16f0a5
b9fc9b6e
3c418f82
3b519e3f
b9125c87
b89bb220
ba43d3a4
bab61e31
3a130fbe
3b2a521a
3bee9e9f
3a347d86
b9b281ac
3c840fd4
bc15de4d
b6e3c209
bb633c8f
bad8688c
3ba0da0a
bba49f76
bb4d0859
3a5dabc7
3a35c61c
b9d914ab
3c84ff8c
bcdf68db
3b1622c2
bc8b27a4
baf47722
3cfd3673
bd2050e0
bd22f1a4
bd230ec1
3aa8e14e
b92d5d9a
3bd47e9e
bd35a03d
3c1331a8
bd3b6196
3abad0af
3db42c42
bdf5f37a
be028c8b
be0b0525
3ae0444b
b9a2fef6
bc592d4f
bd427418
3c944cac
bda41891
3bf7bc4a
3e20faec
be65ef65
be75f4c8
be83d450
3abced93
b9b5a444
bc9112bf
bcf9a1e9
3c8c5841
bd93c315
3c1294f4
3e10e638
be51e21e
be624bae
be724b69
ba8691f4
ba0d8c2d
3d095d5d
3b8b9f5d
bc54e0d1
3d4ac6a2
bc151cc5
bdcde2c6
3e19af28
3e26b09d
3e36f5d4
bada9ce3
ba243c64
3cdadd2a
3d7ef8d2
bc7ea692
3d99213b
bbcb112c
be16a54d
3e5145fe
3e631610
3e7dd2ca
b8c45c76
bc3df4c5
b7bd1f0e
39195455
b8a61230
3d2c5bd8
b8a9bdec
3e3c6ece
b8df149d
bd799da4
38d5ca46
b63d07ea
394e7a52
b72eda76
3b937b24
b700f78c
ba070ee1
3598daa8
36bc9204
39bd1f63
b630b4b1
3bf11b30
b72e4bb4
ba8276d4
35b11380
374ea1c5
39f90700
b6110623
3be0f51e
b6ee3883
bab53737
b1cef682
372f92e9
3a0ec7c6
389e37b6
3aa16401
36608b72
bad83727
b62138de
b7b19238
3a1bea6c
38a6ddf5
bc3b2300
35ce1b65
bae7dc9c
b6babda4
3815a679
3a2adea0
39134d7e
bd0724c5
37d8583a
badffd67
b70fe56f
38a36d7b
3a377bbb
b6964737
bd85b8cf
383006dc
bab97d21
b7385ff3
39231cba
3a213749
b95999e4
bde0e5c5
38604a28
ba4ba505
b716e9a1
38e0cce1
38509997
b86b0d3c
bd51b5c5
3819075c
b9d5ab16
b64c9124
bd4eeec1
3e23706e
be0eb63c
bc8359c1
3d34fb90
3d9159c4
3d67db95
bdcb2e61
bdbc433a
bd904f8f
bd2a2da8
bd52467c
3e296958
be13f3a8
bc884f7b
3d374463
3d945068
3d6c0e8d
bdd397d0
bdc4586c
bd964137
bd315e24
bd56d5d7
3e324043
be1bd843
bc8fab15
3d3a5b12
3d988be7
3d71ef03
bde031a6
bdd0856a
bd9f2b31
bd3c2a5a
bd5bcb33
3e3a96dc
be23128c
bc966b71
3d3df157
3d9ce01c
3d7815de
bdebe744
bddbc381
bda76ac1
bd4622e8
bd601594
3e3d4045
be248423
bc97deff
3d41cb0d
3d9f8787
3d7c9136
bdeebdee
bdde569a
bda97a08
bd48aeb6
bd626055
3e330be1
be1909af
bc8dbfa9
3d45a71b
3d9e47a3
3d7cacf2
bddddcfd
bdcd3766
bd9d5bff
bd39ea51
bd610cea
3e12d006
bdef4ec0
bc5dda29
3d4977a4
3d962b6d
3d755b27
bdab0a26
bd9abf47
bd72b29d
bd0e4b41
bd5a23a7
3da2e6c4
bd558d2b
bbc5bcdc
3d4ce9af
3d83d483
3d629685
bd0b19ca
bcd6fc49
bcc3dd87
bc58e4b1
bd4ae6f5
bced93d5
3d689fba
3bda0362
3d4f31d6
3d460549
3d3f6d4f
3d4b8c3d
3d6991db
3d12f3da
3cbdf55c
bd438ef9
bda49402
3dddb736
3c4fd9c2
3d50269d
3d26c5b0
3d2ea676
3db6d272
3dc5433c
3d83511e
3d257538
b9a35fe0
b9ce8bf0
bc594cab
baa42b3f
ba4e64b0
b99b925a
b9bdafef
3c35c668
bae452cf
bbb969f7
babe5a0c
364d1f79
ba984ae3
b60fe960
3c79f0e8
b7508326
b8baf3f2
bb25f6d7
375de04b
bb07b232
b43fefa8
3cf60f88
b79506b5
b9306d20
bb594cec
3814e673
bb380074
3719f7af
3d2ac45e
b7299c7e
b966d3f1
bb6b721c
38972703
bb90bf7a
37daa4cf
3d3b0657
374db250
b971ba7b
bb2757ee
38f6d2d9
bbed0f14
38436756
3d099a32
383f1027
b9540e6f
39b330c8
392f568f
bbc6819c
388e97e8
bbcbaa80
38b2cb8b
b910f792
3bfb1eab
39542f6a
3bd1e752
38b8e0ba
bdb528dc
3901ad80
b80285ff
3c661141
394c07ee
3c7f9423
38b54ef2
be6ae9ac
390b7ced
37e6c6ef
3c3afe78
38fc84ed
3c43bddd
3853046b
bdca1289
389d6882
38066ab5
3a1f58e4
38719bed
bb8947e6
bac93505
ba72ce1e
b9b0409e
ba8047f3
bb1abf3e
3ae12303
3a398f7d
ba6a24da
39bb0750
384c7cc3
bc07c532
bb4013ad
ba9650c8
39c03a47
ba9b3af4
bbb15b5e
3b966b3c
3b02edf5
b9e2e7d7
b901b00c
38386370
bc862f2d
bbb3747a
babf91d3
3ad4a01a
bac7efaf
bc364bdc
3c1fb442
3b8592c9
36bbba71
ba54e025
382cd760
bce373f0
bc0eb9bc
baf7ecdc
3b5bff51
bafffaa6
bc9b24ef
3c88c492
3bdbd522
39a514a9
bad367a9
37d4861b
bd245f1f
bc489147
bb1e6e6e
3bb83fd4
bb1f5821
bce73f71
3cd02464
3c2fd002
3afcd839
bb168844
343507e7
bd4824b8
bc71af2a
bb44ed87
3c0a67c7
bb3dd10f
bd18a28c
3d0fc095
3c8cbe07
3bde904a
bb1f8de7
b7516cb3
bd3f4bf9
bc6b8133
bb573b57
3c26e6aa
bb45289a
bd22dab7
3d2306ce
3cb9dcc5
3c5253a3
baa4a041
b85847a2
bcc1b0c1
bbdf78d3
bb047a3a
3bd96e3c
bae19594
bcbad50b
3cc8fd9c
3c84094f
3c341552
3b0bd5e2
b883f418
3d2076b1
3bdde427
392017fb
bad58393
39584d1e
3c92b73c
bc0f86ed
3bc545c0
3c52f0e0
3b6f678c
b8a1db0a
3d838de5
3c92808a
3b0836bb
bbf6e20d
3b110508
3d28a6a7
bd05a72c
bc03996b
3b7b3d2a
b754e473
b9cea114
b91be25b
3c3d83a2
b9186d97
bd38a1bc
b9b0648a
3e807d51
b90e082b
35b17b6e
ba871f2c
378eaab5
b9251215
b631826f
3b8c208c
b5dc692a
b5849c4e
bb089a1e
3722a7b2
b986e24b
b6aeb092
3bf7d097
b657d827
3490b475
bb4ef058
37e2e836
b9873970
b688cedd
3c0ce1c9
b69ca9a7
36d0d6b4
bb89f25c
37d98d62
b910f15e
b5de1f16
3bcd658b
b6afe079
37390d69
bba89869
b87a7ffe
38ca5954
b69c311f
ba298ba7
b6ab61f4
b79af09a
bbbe0b3a
b93866f9
39d6ffe1
b78a0f05
bc5bbde3
b6891c2d
b7d1a251
bbc2767f
b8cd5cc6
3a42e930
b78521ef
bd0873f5
b6304240
373bdebf
bbabaacc
b801efb0
3a86f580
b76281bd
bd7c5681
b5ae7d8b
384830a7
bb5b784d
38759b5a
3aa07662
370f6fca
bcdf2f02
b463cf98
bbd7ace4
bd5112f0
bd82d1a3
bafb1d36
3b902ec1
3b43f2dd
3c549074
3d4f04cb
3cd1ffdd
3b943029
bb3b4c73
bbb6133a
bd515bc0
bd881d16
bb0ad504
3b57e967
3afd981b
3c46d1ea
3d4d886f
3cc9832c
3b6da2a6
bb691d26
bb610058
bd4faf44
bd90fa7a
bb23625e
3a88ee21
b95ad696
3c28c495
3d48431e
3cb6eefc
3af5e13a
bb9e9b5b
b95f1f05
bd4b92ca
bd9baad5
bb433241
bb17b143
bb61e908
3bf2afad
3d3eb113
3c9aa1e8
ba1c9bd4
bbd830cd
3b84a9eb
bd4493e9
bda55957
bb643b7e
bbdaf175
bbfd27ed
3b5f52b3
3d303097
3c6c6f91
bb65045f
bc0c391b
3c167c80
bd3a71b3
bda9f5f7
bb7daba4
bc41cc0a
bc52c7d1
badd5071
3d1c47dd
3c1ad13a
bbcd1254
bc27f052
3c734f10
bd2d75c6
bda40d9b
bb827c2f
bc8df6b2
bc97d409
bbfd5eee
3d033a12
3b98e13a
bc04e9ff
bc34f106
3ca786de
bd1eb246
bd8cc5fd
bb681eb3
bcb7fae9
bcc675f9
bc6b2e12
3ccddf3d
3a7e2e0c
bc06cc65
bc29a7ed
3ccd57e0
bd1026a1
bd37559c
bb0f0028
bcd64dc3
bcee3aed
bcab4ee2
3c94a21e
b908ba49
bbac8708
bbebf2e8
3ce73f1b
bd04e4a9
bd1021cd
baddd719
bceceba1
bd044a7f
bccbe2ed
3c5db7d0
bb162a46
bba38aae
bbd432db
3b8a93ac
3b383cf5
b97774ef
3b26e501
b88fa8bf
baab3637
b86e97eb
3ece64df
b9aac4c3
37b2c258
ba17ad04
36918eb0
3957d540
36322a1f
3c28514e
b9e0b2a8
38281f46
ba97bb24
36fe13e1
39f4f6e8
36bc526c
3ca01e5e
bafe937a
3848db35
ba2cbb3c
3707f08c
39997fbb
3693c505
3cd65114
bb34f4ef
385137e9
3a3d2081
3726157e
3991e722
36998dc1
3cecd91e
bb42f539
384327d4
3b9c5d43
37332f86
39b9e390
36a8015f
3cd81c96
bb5a96ec
381de94e
3c0e3201
371a2c85
39c727bd
36a04a89
3c8bb216
bc0396e1
36efe470
bbf52cda
b728fc61
bad10515
b76dd19d
ba403c44
3ba93816
372662c5
badabe02
b6d82c1c
b7a6a7a2
b5424d2f
bcea8abb
3b1abbc8
36f9f4d1
baa58aa9
b5bbe58b
39b02ae0
362489d8
bc207f84
371fb342
382a5108
3e1c0f6d
3cb3bea5
3b7e2eba
bbf3c417
bb73c9a2
bc6f0dc4
bc8f89ea
bb989a4e
3d8c57e9
b6f947c1
38483f84
3e214a11
3cb5e51f
3b80f9e7
bbf1aedf
bb80a425
bc809798
bc8d04f4
bb748a5c
3d938ebc
b8dc4afa
379d6278
3e2a2254
3cbb5a45
3b85f7c7
bbee61cd
bb8abdcd
bc8fc3d8
bc86a2ea
bb15d663
3d9f29e4
b937dd8b
372ab83f
3e361efe
3cb6c54a
3b86e8e5
bbe9d93c
bb9e7631
bca487cd
bc7580cd
392f61cb
3daf8ef1
b99b910e
b75ec162
3e4350cd
3cad25fd
3b891501
bbec72e3
bbb5504e
bcb7f34f
bc6325be
3b1c7395
3dc00621
b9d11a5f
b7acd5ce
3e4f24a2
3c9fc4ec
3b932d01
bc07e500
bbc68b99
bcb993ed
bc808d49
3a9f9c69
3dc850f0
b9f0aa3d
b828355c
3e570d68
3c8b73f2
3ba3bd23
bc288f0f
bbd31805
bca830a7
bca458ca
bb45c01c
3dc680ac
ba14105c
b84f47ea
3e5cd5fc
3c1666fb
3b6745fa
bbdd7b25
bc0624d7
bceaa18d
bbcb725e
3c435eb1
3de7aeaf
ba0285c0
b876b6ff
3e517c49
3c5bdfd3
3b776f7d
bbe57210
bbea2fee
bcd598b2
bc1415c6
3c00d142
3dd79d64
ba0078a7
b89ebd1c
3e4e3901
3c7c3320
3b8053b4
bbe48975
bbdc3087
bcce2a1f
bc2b1c80
3bd8432c
3dd2ec8f
ba85b682
ba76e13f
3bbee8d7
ba2920da
bbad890b
badae164
3bea5f38
bad53b74
b7191add
bb41bd63
b8b95af9
bb61e220
b80a9ec8
3a2ec043
bb7daebd
b70501f6
bc16890d
b92b12ca
bbba80be
b85508b7
3aa42aae
bb933abb
b7408771
bc35dcaa
b95a3fd7
bbc8f2f7
b83303b5
3ad4d048
bbefa219
353c1b8c
bbd381f3
b957320f
bb92d905
b70c7d81
3afdb7dd
ba0fc113
38539811
3c724d9d
b90a1983
3ae9e1fc
389ba046
3b07abf0
3c25701f
38dbaada
3d1bd259
b7a2db13
3c2378d5
39333ed7
3afdce77
3a8b54a6
39189962
3c8c7986
387665e0
3c493848
39478b23
3a99df56
bcb9a3ed
38eb5e96
3ced0c38
38e9f944
3c4d9ba1
3936ce9e
3a73aa75
bd0b9c65
375d0064
bbfcac59
3794d64a
3a600a23
3809367d
399f1ffc
3a5c2a3b
38b2348c
3b9c6e24
ba62e5d7
ba087260
bb17a920
ba6ee914
3b1a2c4d
bb8e0b6e
bb6ff919
bb15fe6a
3aa87bef
b86e2d75
3bf19f89
bb141cbb
ba7d9a31
baae55c8
babc66f5
39ec4970
ba41e656
3a156fa8
3b26727d
3a731217
b95c61d5
3c4cd803
bbc1256b
bb0c7a6e
3af5182b
bb29ce19
bbbe391d
3c2c7ec9
3c5630e6
3c85f9a1
3a90d884
ba038557
3c96f962
bc2476b5
bb5e2dcb
3ba98dcb
bb824a2c
bc58168c
3cc159cb
3ce43c4d
3d03bf17
3a823df4
ba3e7866
3cc983d6
bc8d67cb
bb914c5b
3c0977fc
bbb76a5c
bca05948
3d12a6ef
3d29688d
3d3fa244
3a50b783
ba53f463
3cbda288
bc93ec7b
bb6ede0f
3b944e77
bbab1f64
bc4adb20
3ccc6d1a
3cf04d96
3d0c1d7d
3a78a510
ba6ca544
3c48cb42
bc188065
39c37dd4
bbf12cf3
baa0f5d2
3c340b2d
bc6f365f
bc5e48ad
bc418bea
3a8b8a83
ba835a2a
3bb9837f
bc0909ad
3abd6334
bc3b7343
ba109623
3c9e102c
bce3cb85
bceec900
bcfbb699
39d5a34d
ba4f1c73
3bb65090
bd0167e0
3a61a543
bc69f84c
bb451baa
3cad03af
bce1ba9d
bce1357a
bd0a3843
385965aa
ba5b7c02
3c9cf3ab
bd85e5d2
bb549c0a
bbc1db1c
bc0f84b6
3a8ed012
3c37f4e6
3c026ce9
3bcac150
bbeba567
bdfe8195
baf5fbeb
bd886fb0
babfe2e6
3cd0151f
bf1b6927
3a4cb9d1
3d9cd44d
399c703c
3cf95457
39cf942a
bb0a97e2
be4169fe
3a9c511c
3d49f568
39c821ef
3d043059
3a044bb2
bb3fe237
3c3df966
3aa882c9
3cc78e16
39b29268
3cb85800
39f1e455
bb4f1951
3d853c34
3a986f89
3b9de59f
39858423
3c17017c
39b486c5
bb353ceb
3d547536
3a77cc90
bc19bddb
39305916
baa3b854
3966f910
bb09c786
3ce90d11
3a39909b
bc72a0a2
38d9b8d9
bbd25671
3904019f
babacfb5
3c278cdf
3a0108eb
bc07b22e
38828187
bbe138b2
388e8117
ba5ba246
3b16352c
399f450f
bb2d9bea
38119e44
bba23546
38114630
b9d21fad
39857b57
3915cc35
ba48a8ea
37825a88
bb1f3a15
37715b02
b91132bd
3c783a72
3b02965e
be3cbc5e
3f218d20
3d61d947
bdc2d2af
3dc21dbc
3e7bae9b
bf061a5c
bf04d77c
bf006b22
3be4b352
3afdf9f1
3c75e03e
3d0687dd
bbcc399c
b967c3b0
bb7663a4
bc584a2f
3a25ebf5
3c3ec2fe
3ca95b89
3b502557
3ad31823
3d89eebd
be221121
bcba0e5b
3cccdd94
bd07813a
bda93e7c
3e1a18ef
3e207e61
3e250878
3b0065c6
3a9ef2ae
3d54227b
be1837c3
bc97f664
3c90b59b
bce77f5e
bd86d0ad
3df8e8ff
3dfdda8a
3dff0cc4
3ab26832
3a624f0e
3cc38417
bdad8237
bc22add0
3bad0659
bc80fb2b
bd003af7
3d67bc74
3d62e282
3d601cd2
3a7d3c86
39ea81bf
3bc5ccf3
bd0a1948
bb854a90
ba74348b
bbd6cdc0
bc26a396
3c794f69
3c53801c
3c4f72e0
3a37c7bd
394c0c9a
ba49b185
bbb753d8
ba6234fe
badcbd47
baea8f41
bb3e405c
b8d5ebd0
bacceb47
ba65966a
39a744ce
388c28d7
bab77f58
3b9ca3ff
b8091ff8
ba8434ee
b7536391
ba92e63c
bb55202c
bb812cc3
bb28d1a6
39a14906
b8b55069
b9e385bb
3be725fe
395f1584
ba2b5aa2
3a2c40f7
b9cc30ab
bb4badf0
bb6a2ce5
bad9925a
38a6d956
b961ac29
398ae84a
3bf51bb9
38a23bf7
b9a392b7
3a4d9409
b9820a17
bb3b6e47
bb406ec9
ba83fa53
3aaaf8f2
3d9851c4
ba7f1a63
3cc5535e
bb00b4ef
ba9fe745
bec823d9
b6f29f62
bc07b900
39684a79
bb255448
381d8a41
396f9b0d
be91b2c8
b8944ee0
bc70ac7d
39ce2c7b
bb94779d
3891d123
3a4660f0
be47c58a
38b64150
bc97109d
39ba4736
bbbad5ca
38b2757a
3a1958ca
bdff3164
b9852dfa
bca00ba8
39519ed1
bbc66650
38b6e5c1
39935829
bd94ee8a
ba220351
bc96d360
3891f134
bbbb3fc8
38a656d3
3970b3e2
bd1978a4
b9d96a3e
bc807144
3859e7a7
bb9f6ea3
3883c05a
38ed5e99
bc8340b0
b8ef67cb
bc4452c9
380aa12a
bb72e84b
3837adcc
39008a3d
bba81a05
388d2a1e
bc017fc0
37f9475d
bb1ea2bd
37cc8645
38aa62f5
bab8cd14
38876598
bb810a19
37ae776c
ba978abc
371aae52
bf5d51a7
becc8cf8
3e6ecd57
3d5d409e
3f5c5efe
3f5f847a
3f5e6648
3f4e7c05
3f4dd048
3eda600b
3e82f8a3
bef72526
be4aa17a
3dcf0779
3ccec9e4
3ef5152c
3efae3be
3ef8c7bc
3edc4d72
3edc00a6
3e65e44f
3e09f174
be4fe351
bd70a30f
3c60addf
3bd06f29
3e4c4393
3e55639d
3e5232be
3e25c8b3
3e255efd
3da4e715
3d44f8ab
bc215ef8
3cee17cb
bd191840
bba50357
3beb5087
3c525295
3c35f259
bc88bf28
bc91dfb3
bc739cdf
bc1c2a26
3deb6a86
3da004fb
bd7c2559
bc398299
bdeee593
bde9e8a0
bdeac13c
be01331b
be0253b7
bd92fa52
bd33386b
3e419de1
3dcda201
bd8b1986
bc6949e9
be426350
be42ce04
be424b9e
be3e962f
be3ec975
bdcef883
bd7a50d1
3e6a2239
3dd9c02c
bd8411dc
bc750457
be6a0226
be6d009a
be6b9d0e
be5a9526
be5a1eea
bde7e143
bd8bb8f7
3e7cf562
3dd569a4
bd6abd70
bc7034e7
be7c27fc
be808c7f
be7f08f5
be63be85
be62f1a1
bdedc361
bd8f10bb
3e825bb1
3dcd249c
bd4fce8c
bc665b7a
be81a0db
be84d684
be838cc4
be64d2aa
be6420b1
bdecc8b7
bd8e8340
3e843f56
3dc89ca0
bd416ccf
bc60954a
be8353a6
be86f2d8
be857c49
be6535b8
be648f0f
bdec2973
bd8e4022
bc15c44c
be0a1805
bb66e372
3d98d37d
3bf83665
3b3232d8
bf53e062
3a8f028e
3d95168b
3a7c57c6
bba6a490
3d962cc6
3ad53f14
3bb914ba
3ad1aec5
3d8ebfb3
3a995bda
bbf11b89
3d1b235c
3a211189
3e77a318
3adc53eb
3d1ef55b
3a8361ab
bbed6a0b
bb5d879c
b8da793a
3e393d24
3ac53222
3c0806cc
3a3bf195
bbd2fab5
bc93c400
b9f468cd
3da593a0
3aa0e92d
bc11bd94
39f653fb
bba7f18a
bc83c38e
ba17b218
3c816424
3a74f75a
bc749187
399638e8
bb6f14b0
bbf6a63f
ba080de7
bc3aea65
3a2caf0e
bc58b24c
3930bf85
bb160070
bb13b539
b9bf2107
bc718837
39d6d3f6
bc0edab4
38bea7b4
ba9b36f2
39967d2b
b9392c08
bbcddeef
394b6008
bb7be5b8
3829216d
b9dc33c9
ba4735c4
bc13c17d
3d873fa6
bda9941e
3c887aad
bd98acf9
3afc4d29
3e2282ef
be3decec
be4324f4
be44d95e
bbb921bf
bc2455e3
3e167561
bd6cf8f5
bd14fb3d
3e10fc8d
bd0d2294
be8fba04
3eead8b5
3efec6bf
3f0c4947
bbf07062
bc1867fd
3dc3c342
3c63b54a
bce40765
3e0340f4
bca8d1e1
be7c6dba
3ec664a0
3ed552e6
3ee83fb6
bbd4c7e7
bbf5599c
3d0a046a
3d396cd8
bbb91bf4
3d797283
39a2a02a
bddbc4fa
3e289ab6
3e2f69ca
3e450322
bbdf848c
bbcc57fa
3b50f530
3d16634a
3ba751c6
3c8cc464
3c017c99
bc8bcfc3
3ccf75a8
3caede05
3ceb823d
bbde4029
bba1a57f
bac79059
3c8ca127
3bffa9d2
bb602ede
3c17274a
3c85fa05
bcb2e3c3
bcf9ce16
bce379c0
bb8c1a93
bb80f19b
3b5d15a3
39865213
3c03579e
bbd11cd1
3bc735eb
3c95a089
bca91b19
bcddcb56
bcc9dd8f
bbd64759
bb1f0c10
3c343600
bbe3fd96
3ba8d78a
ba5aa33e
3b59553a
3c22f034
bbd55ec6
bc1b3558
bbd19077
bb771957
bb1d763e
3c7ced14
bc0c8cd4
3b8a0e21
3b20988f
3acac1ec
b87510a4
3bf0ce3f
3bb481e0
3c26ab55
bb8a3ec5
babae8d1
3c8b4ba0
bc04c45f
3b434698
3bbe539f
3b3613bf
bb6d7772
3c2c2900
3c1dd96b
3c80858e
b9ea6fc5
bd71ab41
ba3624e5
b97318e4
3c9eb555
babf46a2
bebce3c3
3924e56e
3b90e388
b718640f
39bc1853
3bcd020d
3a172104
be8d6dd1
39336701
3c02da92
b75f7e76
38b60303
bb553680
3aab688a
be498a84
38e77a10
3c258cc8
b6a0c78c
b7f29914
bc13a2ab
3a4ce440
be07d65b
3873fcac
3c305511
3658b418
38b83334
bc3ba123
395f6701
bdab79d6
38907194
3c2634b4
36e5fb4c
b7b55824
bc392431
b8b92737
bd479d88
381796d9
3c0c5d4e
3704e1c5
b7d415e4
bc198546
b89b2560
bcd1b501
37d842a6
3bd210fb
36ee0cab
366acec5
bbd39d17
b844682d
bc41e87b
37976109
3b856794
36993d9c
38018524
bb583630
37032cd0
bb9c0774
3783fd37
3afb8fbc
360adb7e
bd442e9c
3f5d6fd4
bf56befa
bdc821d4
3c668ff6
3e164be9
3dad2ca7
bf28ab02
bf25751a
beed31ce
be8f70a3
bd52eb6b
3efe07d0
bef275da
bd627c7e
3d021fa8
3de127c2
3d93c9c5
bebb4150
beb4d6f7
be82e239
be1d1185
bd3caf8d
3e644ad3
be515b70
bcc1891c
3d17909e
3d96a7d1
3d615376
be1ba382
be1266ca
bdd99206
bd81525f
bd0d7df8
3cff4825
bc878dc6
baf24b87
3d079f80
3d22b7b9
3d106ab4
bbbfb58a
ba33b22a
bb8c6ff4
baf65b1f
bca3d633
bdc3ae6f
3ddaa0f7
3c488359
3cc1bdba
3c2510c8
3c792550
3db1915e
3db6a5c7
3d7aa915
3d196f25
bba441d0
be31aa2b
3e3a3acf
3caa7b75
3c4281e2
bc6d9e11
bb4f1a84
3e0f943a
3e103c70
3dcc4c48
3d787e54
3c09bbd1
be5eb9e5
3e64f1ea
3cd034e6
3998046a
bd093a97
bc97cf4e
3e2b82fc
3e2b29ff
3df65e55
3d95a925
3c9b8ca9
be75b69d
3e7a348d
3ce248b9
bc18436f
bd410497
bcf6e41b
3e37963b
3e3693c8
3e04ce91
3da14a31
3cd620dd
be804a1c
3e81dc95
3cea3b8a
bc82b773
bd64835f
bd1aaf3c
3e3bf447
3e3a838b
3e08a9f1
3da5f04b
3cf4d3f1
be8301ca
3e8420d6
3cee43a2
bc9f572e
bd76f19e
bd2ae747
3e3e0c88
3e3c4c36
3e0a7cbb
3da824bf
bb08a9ee
bb92305e
bbf2650f
b99fb5f5
bc812515
b9259243
bf08af51
39b51bbb
387100fc
3c9b187b
34e92fe6
3cd3034d
37c4bb7f
be91c826
3a0a1708
397a0872
3c86fcb2
39200df6
3cf9a6c3
38de83a6
bde6f8f8
3a13d05b
39bb041c
3c0650e9
395a6d42
3c94fa8b
3905eafe
bc48c428
3a0672a6
39d4263d
3aa96f40
39583602
3b100e05
38e74a43
3d12498d
39da7334
39c80674
bb6cad78
392ec5ab
bc15664a
38a76da5
3d4a1068
399f7e01
39a42448
bb8fcddc
39003ea3
bc019f51
385fb8ad
3d363108
3955d4f2
3963696b
bb23c0e7
38a60327
bb84f5c4
3803f4aa
3cfdda23
38fcffeb
38ef0a0f
ba8e1093
3821ece0
bacb6252
3764aea3
3c744049
3862da1e
382813cc
bc36a535
3521767f
be5b140c
bcb2a78f
bb44d36a
3c9d4021
ba93633e
bde60d1f
3d9a4c18
bace1026
bd2d299c
bb4bf48f
b7152ca3
bd3a6b34
bcea7139
bbdf0cc2
3ca6e2ce
bbe138b7
bd85fc44
3d9dcefa
3d713be8
3d4cf86f
3aaf9e49
362885ef
3cfe86be
bc2c2e90
bb7c1a25
3c0595d3
bb8d2e2a
bc3824b2
3cf3a23c
3d235d49
3d39f95d
3b55c761
3818c068
3d635bf3
3ba47436
b7afd80d
bb6d5ecf
b9d0b41d
3cd213e6
bc64ef80
3bc4eeed
3c831701
3b5c7bb9
385b75d1
3d5d4721
3c527825
3b13bd52
bc20fa66
3b04c9fa
3d2807e8
bd17db14
bc8a1cb7
bbe9333c
3b29f764
37614091
3d2e92dc
3c672868
3b382fa5
bc29480a
3b384709
3d20e122
bd1fa964
bcb9eb77
bc75fad2
3ae8f4b9
3700c7ff
3cf819aa
3c30ed4f
3b1687ea
bbdfa6e4
3b0ff8f3
3ce1f335
bcdc091f
bc74e9d5
bc1ab488
3a409091
385fdf90
3ca0d453
3bdaf59f
3ab6ebb5
bb5f77dc
3abbecb8
3c88016a
bc7869f8
bbef7b49
bb73bb2f
39dec962
b6961f7f
3c4024e5
3b8e345f
3a8acbfe
badecfc7
3a948c87
3c22eaf9
bc0add54
bb76d0b0
bad389c3
3834e199
37227ce1
3bfedb28
3b5b4ed9
3a438b8e
ba555461
3a914e81
3be5e3bc
bbc1b9c8
bb27f97a
ba9360ea
3843b5bb
b938cb17
3bde2a75
b9e85122
bc858b2b
b9a38375
be9bb7a9
b6aad64b
39042663
3ae467e3
39a73f46
bbfcf6a8
b7865f90
be7a4d9a
b6e588ad
3925b90a
bb0689af
3a15672c
ba97f4ef
3916b792
be404943
b6e362d8
3918f297
bb94648e
39ca1620
3b522fa5
3950eede
be0e26e0
b6c56cfe
38c1d934
bbbdd16b
38b19939
3bb58256
3943ff8b
bdc8d587
b6ab9ab6
3667d2f1
bbc5b4c9
b9108ed0
3bca9dab
390cb71f
bd85efe9
b673a62c
b7616869
bbb272d5
b8f9651b
3bb69cd7
38b71fc0
bd250eab
b60452fe
377bbc79
bb8946bd
b81ffb70
3b8864ef
385f48f7
bcb3eaaf
b564672e
37cc2284
bb1b5a4e
35cce490
3b1ccaaf
38041ca1
bc191904
b3ae484e
3bf2af74
bc0dad97
bec75077
bcd92b63
bcac4bda
bb45446e
3cb2fb9b
3cd02a1e
bd7cda3c
bdb25656
bd94f36a
bb0d76ed
bceaa885
be71cb93
bc77556a
bbcb42c9
3b50a282
3ca94cad
3d1dfe5d
bc95ae8b
bd2e787d
bd1e8e05
bbd2b68e
bd19cec1
bdf701c4
bbd81d38
3b0c04b9
3ba76550
3c887e46
3d2c40ec
3c063718
bc4f46ab
bc7ab789
bbd80723
bd1b699a
bd1989ff
ba48c467
3bacd05e
3b7f49fa
3c2ebb0e
3d1bb2e0
3cafb344
3bbd3fc6
b97a552e
bb80301e
bd05ba7a
3c9d0cc4
3b3f8731
3b985d24
3a28aa7a
3b6ab536
3ced53a3
3ccf67ba
3c80870d
3c0e3fcc
39dfe5fb
bcc701e1
3d62af35
3ba32290
3ad722a4
bb71bd0c
bb763246
3c8ec27d
3cbe9b8b
3ca22d21
3c5a48b5
3bb0b4f7
bc770d4a
3d9cd232
3bc09234
bb267af1
bc08321a
bc2ebdbd
3bb4fc4f
3c94779c
3ca68674
3c790527
3c261157
bbdb51cf
3db36b17
3bc839b7
bbe0eede
bc4f3877
bc879b8c
bba29b4f
3c442a40
3c9aa456
3c7b160a
3c64898e
b9a50ee4
3dbd279f
3bc6a866
bc2b59ba
bc8406e6
bcabbcd5
bc51bc8f
3bd6042b
3c89f09a
3c6ff1c7
3c84cd65
3b5c75d3
3dc080c4
3bc3c532
bc4ee31b
bc94dc95
bcc0666c
bc8d9c7f
3b4e4567
3c7bebad
3c65992b
3b0f5898
ba0ca6d2
3c3ac235
b974a9a4
ba8ff244
36df4b33
be880465
3a394181
b9a1336e
3b8777e8
b94b0ddf
3a1abadd
37519477
be5b065d
bb07ebec
b917dc97
3c110af3
b9299010
3a0d7d23
36adef61
be280a64
3a6c8f75
b82b6c2d
3983d156
b8f7acc9
39dec415
35e41328
bdf639a1
b9e3590d
37917e8d
bc5a0cb5
b8adaca6
b8792115
b66f93e8
bda9e20c
bb66cce8
3820bf5e
bcc55ff9
b869ad06
ba850d2b
b7494bc4
bd57e64c
ba4c2191
3885fde7
bb0be527
b798047a
3a47a377
36b9de44
bcf1ee98
ba22230f
38711823
3b155489
b50c544a
3a949336
372d288c
bc5ce3b5
b9739ac8
380666cc
3ad7ed15
362d1caa
3a478a49
36f08f66
bb907fac
b994b0c6
b7037a3c
3eadeeb2
3d3d4e70
3c104906
bc85d944
bc08ec77
bd06897e
bd1994e6
bc1d31bc
3e1d0270
3a0786c5
392ffe13
3e74c33c
3d115aec
3bdf50d9
bc851af2
bbb1cc66
bc78eca9
bd287239
bcac42b7
3dc1aa0f
3a6f0d17
38a69d70
3e2339c2
3cd68f9b
3babe9f1
bc70589a
bb5421dc
bb891904
bd1c4b4c
bcd08857
3d558476
3aa58e5c
b7ff0f91
3dc8a0f2
3c869c59
3b83655f
bc6ec63f
bae60f5c
3bd9d552
bd1f9e63
bd02e49a
3c8a66a7
3aac58f7
b8d311d1
3d5873ec
3c449252
3b437731
bc57c5ac
b9aa6515
3c4a1181
bd157568
bd068ec8
bbc850e9
3aa59c43
b94a75f2
3cc65d7a
3c006f0f
3aad1a15
bc08771e
b99b1579
3c0993f0
bcb8b456
bcab9170
bbfc5aa9
3a980d2a
b98169cb
3c197c07
3b223c5d
ba9d9cd7
b9c79d0a
bad2e41c
bb7496b8
3af04fc2
3b5e19b7
3c127306
3a90e1dc
b99f88e3
baad8ab6
39ed64c9
bad01c90
3a2c7f0c
bab02ac2
bb7f2206
3ba0239e
3bb318b1
3bc21968
3a87c17b
b9a7d773
bbe0c942
ba79b323
baceeeb3
39ce8fb9
ba9b786d
bb1c477d
3b8b412e
3b8b611c
3af936ee
3a8750bb
b9c08266
bc151bbc
babb7202
bad23d8e
394998a5
ba948d6d
bac40171
3b61f000
3b4cd52a
b9b12856
ba8d81db
bc8256d3
b9794891
bc32e159
b9327599
3acc00f5
beb73630
ba013e29
badafcf9
b8d10bc5
ba0371e4
b80b7ed8
3a520c00
be03f133
b80e7d14
3c87bfbc
b69397fb
3c14cee1
38bbdbaa
38880896
bc826097
394de9c1
3c6f3b03
37b6540c
3c16420f
38f4f07a
b937df52
3c44660e
3988366d
39c3a401
374b4f16
3b83dfad
38af11a2
b939a5c9
3c81b2d7
3983d03a
bbd9fe42
3685e9e0
39a4379d
3854d122
b90ffb66
3c2fb354
3957fd14
bbc7a2c8
3368f1e2
bab3ce31
37e58b9d
b8a88ea0
3ba9ea7f
391319e2
bb659128
b5d8df5f
bacbb9f8
375886d8
b812c876
3b059cf2
388fb558
bad35f78
b5cf5e4a
ba64f535
36a64f32
b75e0772
bb000729
38fa836d
3d9aa4b8
be4ff70e
bcbecad3
3d1a33a0
bd11869f
bdcb6406
3e488fa0
3e4e8e2f
3e4e6ce5
3bec17bc
3a017910
be24e067
3ee8edb3
3d48c48f
bdad55a5
3d9cb9b1
3e5ea7b0
bede6785
bee252fa
bee1b3fd
3b52d87c
3a2ea1a1
bcf4ab59
3dcfb69e
3c0b0b3f
bc8bdf1f
3c6ed66a
3d2a3937
bdb42bf1
bdb345d3
bdae8708
3adf95b2
3a28f9b4
3c431afe
bcd6310e
bb9c6275
3b31c193
bbd4a8cc
bc5e80ae
3cb7153d
3ccb681a
3cd03066
3aa5a5ce
3a11773b
3c564dfa
bd2bee98
bbb04868
3b056a6b
bc078404
bc6c3fb3
3cde33db
3ce0fdc2
3cdc0b9b
3a9120fc
39cfe4b0
3bf919f3
bcfca566
bb7ce44b
3947dfa6
bbc809c7
bc116af9
3c868d2c
3c80e3aa
3c77098c
3a89c33b
398fdd58
3b30fc0c
bc7d7df8
bb10b253
ba6c5614
bb637cb7
bb96de42
3bd8f6ed
3bca1eb1
3bba0ef9
3a8088e0
39523dbf
385fac2f
bb99ab37
bab089fc
ba95e090
baf036cd
bb11b5d1
3aa0e5ff
3a73b8cf
3a712600
3a6894a6
38ce45b3
ba536ebb
39fb5776
ba68ab94
ba8eaf5d
ba6bbbb8
ba9c6ddc
ba61f4f4
ba89c258
ba2dfc83
3a55f44f
38752d71
ba8e23b7
3b2a79d2
ba5f4b23
ba803624
ba25893c
ba6f75bf
bac49491
bac9f288
ba930580
3a5d10d6
3c6461bc
b95fbfc2
3b7e4357
b9bde162
b9b98757
be892432
b90e6e03
3bcc1685
3692113d
3acf4d0f
b98a4026
39a905f9
be4a7a9e
b9537582
b99ae223
38f4aa7e
b9d4f8a5
b93e17f0
39c5d4e4
be0d7371
b9d25f4d
bb9e20f9
38d7c0bd
baeb25b3
b8f475f2
394a2091
bdb9e86f
ba211c42
bbec1d2f
38683baa
bb25801d
b88e182b
395d9b70
bd637afe
b9b5a342
bbfb7191
38a4b2c6
bb2e62d2
b812eabb
38dce3cb
bcff18cb
b8a31455
bbdaea07
388954d7
bb187bf0
b76646cb
390dd3aa
bc7f85c2
38b71116
bb9c359e
38711e16
badb700c
b657729b
38bb9829
bbd6c644
389b9cab
bb236e24
3811226d
ba5f8d22
b385ebcd
3dde70bd
3d85b7e1
bd3e0fb5
bc1b1960
bddecf81
bddd4dac
bdde0fd6
bde755b3
bde7f24b
bd802d2b
bd1b1f62
bf1ba1da
bea0d072
3e4f1a0c
3d2bbc80
3f1b5a42
3f1c2f98
3f1beefc
3f17dd8e
3f1781ef
3ea367a4
3e4452be
beb197f9
be286e1c
3dc9bb6a
3cae17e2
3eb0b9ca
3eb2ee8c
3eb23466
3ea76af4
3ea6fd03
3e31fda6
3dd5b2c6
be1cbf7e
bd6e93bc
3cdc25fb
3be8e441
3e1ae672
3e1f26f0
3e1dc9f7
3e08809f
3e0778b3
3d8bac9b
3d26914c
bc889986
3c441912
bc9578fb
bb0a2c59
3c76bc6e
3c96fe35
3c8ee17e
3a0379bc
b9bb87b7
bb5a7c0b
bb1c413d
3d9730bc
3d5f9bab
bd3217c3
bbfe69cd
bd99c68c
bd94f733
bd96853e
bdad8bf2
bdadbdc6
bd450626
bceec1ae
3e052a25
3d9f8642
bd633805
bc3086f1
be060426
be04de06
be053c30
be0a65d6
be0a149b
bd97ed74
bd37482b
3e2650bc
3db657c4
bd7482c6
bc4860e4
be26c816
be26b643
be26b745
be26523c
be25d0a8
bdb41b57
bd5917a7
3e37dcd0
3dbfe312
bd779c59
bc5100d7
be37e55f
be38c027
be386dde
be33f016
be33a2aa
bdc1ee95
bd6a037b
3e4030d6
3dc3f224
bd77bcf8
bc5412b9
be3ff606
be415c4a
be40cb22
be3a3fbe
be3a0d21
bdc858ed
bd720bfd
bab58e77
bc20e788
b99f11c2
3c204f8f
3c1deb51
3a80d532
bea9704f
ba27a233
3ba79e6c
b7dafbeb
3bd5b34a
3c909e3e
3a0ba0b3
bd8e691a
b8cab6cb
3c293aa9
390bbf8b
3b8ec41a
3b9885a8
391bde51
3c2ce6d7
3942cf41
3bd66b97
392b8fec
3b3106fb
bab86bfc
b8bfe902
3d05bc28
39a51167
3b2acc00
391ebe58
3ac17d83
bb9832a6
b95a0b8c
3ccdf99b
39aef47b
ba0b1886
38f43242
3a34aa31
bba45636
b96d1c8f
3c1d6f83
3993e329
bb0b8f31
38a15cb6
395f2405
bb80b248
b939f6f6
3a21f09d
394c2796
bb11a778
38346939
360ad048
bafe5371
b8be6c81
b9fd45ed
38c8e5b3
ba9aef73
379d44c0
b7ba4d24
bb4321d2
ba286e85
3d52e8d1
bbd0e730
bcb26653
3daad358
bc82e8ea
be2b591e
3e835dc0
3e8d9e48
3e991a53
3a2a3ebf
bb1f328c
bcd2a3b9
bcd33d8f
3cb3c110
bda667e0
3c4928c4
3e28b7fc
be723859
be822776
be8c2719
bae139d6
bb641af1
3c8fad02
bc05c34a
39e32530
3b4e55d8
ba78b2c5
bb1411d8
3c5c6f75
3c851277
3c8bb1ad
bb2295c0
bb7352e3
3ca4d16f
3c349e37
bac24862
3c9effcb
b99f4570
bd00a3d4
3d5bbbf7
3d6ac36e
3d858aa4
bb322ae4
bb6ebf34
3c823c12
3c76eb85
ba210cf7
3c8a82a0
3a94e7ca
bccf870c
3d2c41a0
3d352cb2
3d552aee
bb2ca945
bb5ff901
3c3985b6
3c57fe15
3aced037
3c0055aa
3b2adc86
bc190f02
3c90d7c1
3c8db1a8
3cbe31c5
baf40a43
bb46b980
3c19d4d8
3c009423
3b41d890
3a84f1f2
3b2c5f66
3ab18b4d
3ae61c78
3a3c4530
3ba8c7f3
bb262ed1
bb277f53
3c29cdab
3b317cce
3b260307
38ff94d0
3ae09fba
3b85f9da
bace0024
bb27944c
3aaed542
bb069ee1
bb24a400
3c497294
ba79afb6
3b201b9b
3a069be8
3a866035
3affb7f9
3abb68fe
3a432de1
3b9d489c
bafa3fe9
bb01d2eb
3c5b0e17
bb3c305b
3af9c75f
3ace4ae6
3a82e2ab
397feed1
3b5e5eec
3b3d9f2e
3bee9895
b8a97fa3
bc2a6b4b
b927844d
3920decb
3c22fb2e
b7e04243
be82fc6d
35bda63f
bbcda852
b90e1fe4
37ad19f9
3b30432c
3a56640e
be464aab
37eb90f6
bb2b5830
b8d4d793
b7ff66ad
bb22a360
3a0f3800
be0f2893
380d9d77
38784630
b8930188
38bc4608
bbb0b1f4
393e258f
bdc44896
38994fd6
3ad75519
b83f4c32
b7ce2eef
bbce24e6
b89410ab
bd7d64cf
384ecff1
3b12bf7b
b7e0298a
b8175532
bbb95d1b
b85a9d89
bd17ae42
381cab45
3b085880
b75e4e1a
b6bd5636
bb85805f
b7c2fb11
bca32762
37d484ed
3ac0cc91
b6af9fb1
3808fe0b
bb0db8b5
37c65ad9
bc0f6174
37ad474b
3a4303e3
b5a962dc
bb25e1e7
bdd65968
3dd7fb0a
3c456644
3bd4841a
bc0e4f87
bb107d47
3daace5a
3dadd147
3d778bad
3d18e2b2
bd1b7afd
3f1cc058
bf1b553e
bd8f6195
3c5cc55a
3dde5110
3d84e375
beed75f0
bee9d6ac
bea88ee5
be4c30ce
bd181f03
3eb7957a
beb3ba09
bd24fd54
3cb96a2c
3da272e7
3d5823c7
be86ee06
be83c986
be3fe4d4
bde7c8b8
bd020391
3e2c1b23
be2343ae
bc955468
3ccb94e9
3d55a68c
3d1f4201
bdec8ac3
bde3c64c
bda9d16a
bd4c7eee
bcc05804
3d035749
bcbbc0e2
bb2d68db
3cb4b76c
3ce65111
3cc89fef
bc4aa944
bc1ae0f9
bc1af91d
bbb2a2b8
bc6769a9
bd75a2b1
3d8dd20e
3c0172e0
3c86f64b
3c013106
3c33ee9e
3d626d55
3d6a360f
3d209826
3cc50cf8
bbacb904
bdf2fc4e
3e02e2c5
3c6cf1c6
3c245a2d
bc029ef4
ba177961
3dc5e37f
3dc8eaa6
3d8eafb0
3d2e7eeb
3aff4746
be1d36df
3e266948
3c95c8c5
3b8c4d89
bc9f6bd1
bc1a9bb2
3df5ee7e
3df86422
3db2b670
3d5a7212
3be23e07
be30c931
3e39a128
3ca6b700
390f7baa
bcdb759d
bc7a8038
3e0778ac
3e087def
3dc5cb87
3d71b968
3c1bef5a
be3a2c79
3e42aa9e
3caef84b
bb089428
bcfa4d24
bc9608d8
3e0d5acc
3e0e2b2f
3dceafc6
3d7c8ed1
b9812871
ba425dc7
bb762da6
b90e2e6c
bb36191d
b82590f7
be9c573b
b8a26918
b9f16585
3bd47936
37b0ee29
3c044e5f
380fb975
be2ff0e6
386fe2b1
b9868fd5
3bfd4b72
38e00b61
3c14ce0a
38943224
bd9d8f8f
39065cd3
b89ba114
3ba51664
390f0064
3b8006f7
38a150bd
bc9ae932
391a936f
381f1bca
3a427720
39029045
bb4890a7
3888ccf2
3c212f01
39087895
38ca2306
baaf8176
38cf4d86
bb519965
384db22b
3c9dd02e
38d12858
38c70d03
ba720e20
388bb556
bab5ed5b
3804fcce
3c8b2567
38886420
3882603a
b9bd13da
380a71e1
ba089d24
377cc761
3c0f67d5
3800db2f
37cd54df
3b389d45
3766e0cf
3d737fa2
bb8499db
baadecf9
b8a70e71
bb0db730
3c8f1609
b98b6c69
3ca64a46
3d000d20
bbdb6611
37ccd023
be0fc92d
bc04dff7
b9289fa5
3bd090ea
3a88d94f
bd73a0e8
3ce55678
bcb3317c
bd47cb21
bb1812cb
387b8131
bd3ce84c
bc406b4d
baee98a4
3bb61258
baed004a
bcf23e77
3cc64ea1
3be4dc18
bb165877
39982ac7
38a2f77d
3b2abbe9
bbb42c69
ba839b28
3a7c35c4
bab0e131
bb4d6a64
3bc41504
3bd3a73b
3bcd9eed
3abd9053
38bf47b5
3cb49a22
3b066de8
39b17011
bb5deb7c
38ad0851
3c67a701
bc38fe31
bb5cd57b
39de0a99
3ad99391
38939562
3cd11c2b
3be29783
3aa5f27a
bbae3c39
3a9584a2
3cac02a6
bca2af8a
bc277b5d
bbb7b4b3
3ab9a66c
38a38684
3cbae95a
3bfe369b
3ab09af4
bb942351
3aae3ec6
3c9a1724
bc92d0b5
bc137ff0
bb9cbb9b
3a847dfb
38bcbee3
3c933c8c
3bd6978f
3a8c20e9
bb52036a
3a938a80
3c6e9f68
bc5f4604
bbd482dd
bb486956
3a370b0f
38882321
3c5be654
3bba7c0a
3a8695a6
bb239c7f
3a93fcd2
3c3efefd
bc364555
bbbbec91
bb4e969e
3a04fbb5
389ebcc4
3c33e928
3bb043c1
3a729ffa
bb101c25
3a9397a8
3c29094a
bc268f8d
bbb6eceb
bb6392ff
36995d9f
b8bb1293
3b2ed562
b8157866
bc1df664
b910d5b8
be510b4f
35790e7c
3813d900
b8a734e3
397349d2
bba25b96
36a9a844
be25ed9c
b5b12aec
38c7f922
bb0dd1b1
3957270b
bab17c36
38aeeced
bdfd8c63
b61795c0
38b0b711
bb646067
388eb3b8
3a853ba9
38ddf33a
bdb9411e
b64155ca
3790e4d8
bb84e838
b88dda63
3b127b43
38b30af1
bd7fd02f
b62851ad
b67759e9
bb811b0b
b8926a43
3b24ad50
3874b0c4
bd233ac7
b5dd4a28
371935c1
bb51e827
b7c7da0b
3b0b7289
38157eed
bcb7c311
b5665799
37884e56
baf7a853
360dfc01
3ab5495c
37b74664
bc1f2b61
b410215e
bb4ae765
bbd1ee65
3d4012b0
3b65f3fe
3b9a03bd
3b0656d7
b94a1fa1
3b8df000
3c5fb283
3c631e6f
3c2d9801
3b863a8a
bc275128
be87cbb8
bc91ad7a
bc5ae51c
bac309b1
3c82f1a7
3cb0a873
bd1f41f9
bd6c5ece
bd47f631
ba001e35
bcaedff3
be297865
bc2b5860
bbae11d1
3a6e3617
3c5d5201
3ce36e04
bc545d70
bcf645ce
bce13d5c
bb095b0e
bcd88199
bdb77425
bba34db3
ba86796b
3a81076f
3c1dce55
3ceb34de
3b557d5a
bc337281
bc4b9313
bab14e2a
bcdbeae6
bd0d77a8
ba9581eb
3956b09c
ba346d82
3b9d3e34
3cd1a977
3c4084e2
3a9d18c5
bb1e3298
3a83052c
bcc62520
3b52410a
3aae4845
ba4a69e0
bb64251d
b9f58499
3ca306bc
3c70c7b9
3c04c6cb
3b750cc5
3b89ed8d
bca3a654
3ce055d4
3b322137
bb4b0c0b
bbde9e51
bbb96a28
3c5695e5
3c674b11
3c3a173b
3bea0f32
3bf88ea6
bc7e06c9
3d29c33e
3b5dac10
bbc2efe7
bc25b4f5
bc28268d
3bd6c556
3c3ef85c
3c47f82b
3c0cf2e9
3c2ba4cc
bc40e980
3d4687d3
3b6db3fe
bc0c1b64
bc535960
bc6294fb
3ab0eb77
3c0f8f64
3c412967
3c119ca6
3c4907c4
bc1b2bbc
3d517e0a
3b70d71d
bc277322
bc6f4e80
bc825c06
bae7e530
3bdae05a
3c367fb5
3c0f16e4
3ac03df7
b9ab8891
3bd84c84
b944cb53
39550bca
36ee83aa
be2e7d34
ba4f7d21
b945f857
3c0c2f19
b925a991
39242043
34b09578
be0900b0
3aa441d1
b8c480fc
3a786559
b8f99721
3908de82
b6308869
bdcd5503
b95b0464
b80f6b4a
bc2c7d29
b8b58965
b93fc57b
b6dc783e
bd90e700
bb487deb
b6ae75fd
bca17991
b87e7f91
ba6f3c8e
b75a009f
bd3c718a
ba455bd6
37e5ea41
bab521da
b7d53665
3a2ab8b9
3636ab79
bcd85e50
ba32b8ac
38063b15
3b03c99f
b6ecad46
3a7e9a84
36f7e62b
bc4ad863
b9980cf4
37a2364f
3ab95a3c
b5841c14
3a2bf407
36b6ba42
bb87809b
39b094f6
b615caf4
bcfc19ff
babb10b1
b922d68b
baaf855c
3aa4c31f
3c019ed3
bba6f427
bc07cf2b
bcb8a3b1
b83557a7
38c478ed
3e75140a
3d054d55
3bcd4a66
bc4f28dc
bbbf745a
bcad82ce
bcf6f2ba
bc233bf5
3dd6b028
39d00106
3833d772
3e33c0c6
3cd525e3
3bac3193
bc4d4806
bb7eba98
bc288e50
bd00b079
bc8cfba4
3d89f226
3a47a278
b8125361
3e0061cf
3c9b4e2e
3b8f8dcf
bc55c268
bb270b47
b9d779ee
bd0b6850
bcc894ce
3d168b2d
3a67bce8
b8abebc8
3db3ef9a
3c81222c
3b6b95ce
bc487900
baad24a3
3ba04e60
bd079ec7
bcd84034
3c885f40
3a6d066e
b91d04d2
3d824192
3c4b54aa
3b10ab4d
bc0a22f9
baa775ef
3b031aba
bcb554ae
bc8c3b67
3c6e6ece
3a614d30
b94851c0
3d4ffea3
3bfe06d5
38767140
baf89ea3
bb1c26e8
bc0246e7
bb02ae53
3b4252e8
3ce5acd4
3a5a8686
b974ac00
3d29e198
3bc1dd8b
b98df17b
ba9431ae
bb0fdc7e
bc014c85
39b3907c
3b91a1ca
3ccdd979
3a4f3605
b981ce8c
3d1696b9
3b9569d2
b9992687
bab1752b
bb099095
bbdad21f
b8e7c229
3b64ff5c
3cb2ab47
3a4ffdaf
b9940b98
3d0f9341
3b85ef9c
b9a4c991
baca6c1c
bb079fce
bbc48367
ba4554ad
3b2ab29c
3ca4b4d8
b9ee2574
bcff030f
38ad7f95
bc80cc90
b9523c3a
3af7072b
be9b47a4
b90342c7
bbcf73ff
38aa4fb8
ba71676f
b84657c0
3a91b364
bdfb3bbe
38ad8f45
3c3201f7
3889cc20
3bf3d35b
3859a292
3a2fd25c
bd2be93c
390e3e3d
3b74cc29
37de5aa3
3bc6e7b1
387c0b21
39da9bc4
bac32f86
39166991
3aa7d5c5
361f027c
3b84f3f3
38614160
3953f75c
3c38e181
38f7257a
bb0a6843
b739570b
3aea3f9b
3817d967
38afbe5a
3c170c6d
38a1aac0
bb31ba92
b7798c7f
398d4664
379ad22f
3801e225
3b93ca05
381a4f34
bae93bee
b7178f98
b8a16b22
36f283e8
36c3a9be
ba9b6eae
3909ea72
3d27843e
be009769
bc4b4e83
3c87521e
bca8474a
bd44cc56
3dcd353a
3dcf12bd
3dcad310
bb2430ad
3987b818
3daa88ec
be75a0ca
bccee2ee
3d18ce54
bd24903e
bdd2b011
3e56712a
3e5a547c
3e57fcb0
3bc95f50
3a1a74a7
be1fdf05
3edee231
3d46cc6b
bdab2b8d
3d98f617
3e5c7e77
bed9fd7d
bedeb88a
beddeeb5
3b2955e5
3a362522
bd37a39a
3e0d1e88
3c6a1ffa
bcce3ee6
3cb8d300
3d83fa60
be061ea3
be065d3b
be04ac79
3a86b9c6
3a3a28b4
bb658ab5
3c8d1385
3ad1b256
bba44eb6
3b15a723
3c1fb7f8
bca8cb3c
bca5728b
bc9d9d97
39e3508d
3a319cdf
3c214cc9
bccfaff3
bb3bf3d2
3b1ce0b8
bb9d64ea
bc20926a
3c959ec3
3c97e784
3c9eaf3a
38df439d
3a21adcd
3c15681b
bce12fa3
bb3de224
3b234aee
bb9c436a
bc284ee2
3c9a929b
3c9be874
3c9d5b55
396c7ce4
3a0a052c
3b9cecc2
bc8532d8
bad5127b
3a82e88a
bb387d7e
bbc67203
3c23ab70
3c1d7d7f
3c22b2a3
3891aa51
3a0372c8
3ae990ec
bbea6091
ba489c2b
38c7e192
baa80169
bb3cd918
3b5aa421
3b414afd
3b6522db
390b228a
39e7e28a
39e4b840
bb2e81c2
b9b87ece
b9adbefc
ba373e1b
bacbd30d
3a0cd318
38d2e287
3a396350
389ec28c
3c1bda2a
b8b8ec2c
3b022578
b9917f3a
380ba40c
be6c19ef
b8d2e5c2
3ba1d672
36c25134
3a1aa64b
b9525d21
3941293f
be31e235
b9b39c96
3a4fe063
37bf7a23
ba2fecee
b9107f94
38af6f91
bdfe26a7
ba18e17e
bb0a5fcc
36f10bfe
bac9fd45
b8b79cb6
3948e138
bdab1e90
b993107b
bb683c55
38886530
bafd5830
b8565907
38d07f57
bd561d86
b88c579a
bb6fb424
3881d8f2
baf56750
b7ceff7f
393123d9
bcf05488
38cf96ca
bb39d810
3884874a
babddee7
b719d4d4
38f3e716
bc5795f6
38b807ce
bacfe9ad
38273d3d
ba4c0def
b60dd042
3dd47b40
3d7aa5a0
bd3017b1
bc0f0a66
bdd4aa5b
bdd3cd7f
bdd430ad
bddacee1
bddc1d09
bd7312ab
bd1384f7
3e340663
3dd43121
bd94910e
bc70ca7f
be34342e
be335dc5
be33ba51
be398a51
be3a3416
bdcd4c10
bd78cf9b
bf0d11f8
be926192
3e3dbc61
3d1ca3d7
3f0cdfcb
3f0d944a
3f0d56f3
3f09dc5f
3f09a4c5
3e949dcb
3e32a797
bea73990
be2182dd
3dc61aa0
3cab08c0
3ea69415
3ea85aab
3ea7bd1c
3e9ec4ea
3e9e59a8
3e293326
3dcb174c
be20525a
bd81fa47
3d077221
3c07577d
3e1ed89b
3e22885d
3e2146e2
3e0e8f30
3e0dfcc2
3d941caa
3d313dcd
bd0ca194
3adda292
bc1b341e
ba054265
3d06e632
3d14cb76
3d0f69dd
3c951a79
3c9715e0
3bf30ad7
3b8ff6c5
3d474c1f
3d33cad4
bd132c68
bbc66e4d
bd4c46d1
bd40c9b0
bd4579d7
bd7f03ee
bd7cd534
bd122f20
bcb023c6
3dcf56fd
3d8ddba3
bd50cb41
bc1a2a6a
bdd169d9
bdccdba4
bdced8cc
bde5c623
bde45fa6
bd7ef264
bd19817b
3e069bd7
3daa55f1
bd70a57b
bc364ee3
be075627
be05ab62
be0672a1
be0f8941
be0f1d67
bd9e5d99
bd3f1ae1
3e153a30
3db771f3
bd7e8c40
bc428698
be15c230
be147c8b
be15115e
be1cf2e7
be1cb284
bdace852
bd5100bc
b8e8362a
bc78eeab
b919e65c
3bfcfac5
bc18fe9f
3937541b
bebac348
3646d80a
bb59f6bf
b7bcff8e
3bc49770
3bfd5e93
392082cd
be273ec9
3885267b
3b8ea8bc
38885d81
3b8f52b7
3c52d44d
38ba4149
bcc32f3f
38d57519
3be9dd07
38db4592
3b386a3e
3be1bb21
37ed8755
3ce7fc06
38cbe3ce
3bb91e95
38c8894f
3ad208b0
ba963ce2
b7a1e77d
3ceeb09e
388d1e38
3b1055d2
38787bb2
3a4545d6
bb8cd6cd
b81fd378
3c8786a6
38183638
b9256e17
37dc3593
398f569c
bb639c33
b7d58d3c
3bbad85a
377627dd
ba1ddc09
37005c2b
389384cd
b9ce9813
b91fd864
3c01a970
3c2afb00
bb9eb2d7
3caed2e1
bb1939a3
bd2d7260
3d783498
3d8595e2
3d917d58
bac223fc
b908245d
3cdc19d5
3be7b0e4
bc51f851
3d523597
bc0d7357
bdd2d201
3e1d6116
3e293bfd
3e378f82
3af9680f
b9b71308
bd5dcfd9
bc8f65ba
3d0429e2
bdfb4d37
3cb19a20
3e7d1a64
bebce32a
beca9f24
bed9f5d4
38aaddb0
b9ed40c0
3b11129c
bc94c8bc
3bd97e13
bcd3a797
3b2db2c4
3d54ad76
bd95d0ef
bd9e4585
bda67a17
ba481fc0
b9c65c26
3cb66749
bbde6080
bb6949e9
3c779af5
bb6c69d6
bcfb73b4
3d4824ef
3d5b08b3
3d7d50e1
ba4aad12
b9c16c99
3c9d9fc8
3bd57f9f
bb747fdc
3ca00316
bb31973d
bd1a0285
3d61fab4
3d77af59
3d8fd669
ba548545
b98ea62d
3c402f53
3c4fd6d7
ba848c12
3c2b4696
38a4c349
bca657e4
3cd8e5df
3ceea7eb
3d175c7d
ba055d11
b9610761
3bf4cce4
3c33d6a8
3a5bb972
3b59def5
3abc9c78
bbc6fa30
3b9f9910
3bb82aa5
3c3962fa
ba837ec9
b9173765
3be3cec9
3bd45eb2
3acddcf7
b88583b2
3ab45210
3a22cb72
bb883b3b
bb8d91c0
39f8c2f0
ba1511e2
b90e5461
3bfc8698
3b3ef643
3acd3605
ba9cd10a
3a5952ae
3af0fdb2
bbac6d21
bbb3bf1c
ba987b29
b83408e4
bc0e468c
b933ed37
b75eab9b
3bec5ef7
3a0cf3b1
be630a02
b7e6b8fb
bbc44402
b909567b
b81fc5f4
3b323af5
39bd3178
be2e17a8
b70598ef
bb65d9ac
b8c345bb
38d5f260
ba04a958
3903873b
bdfe481c
385e8197
bad559d0
b8833fb6
b7d04eb9
bb124365
b8aa68c4
bdafa0d8
38261359
b9f39fdc
b82090ab
b83931c5
bb2c245a
b82b3775
bd61c17c
3808e273
38872c5b
b7a9d639
b72b7157
bb0a127e
b530a594
bd01d4eb
37c16bad
39315391
b712752f
382fd2d1
baa10de1
383cb7ec
bc6c1f60
37bb326b
390def6e
b624009d
ba40a488
bdcdad22
3dcf583d
3c3e2704
3b9686e2
bc27586b
bb7994b2
3da25702
3da42592
3d6a6191
3d10254e
ba8d232e
be2e8b4d
3e2fa4f2
3ca17974
3bfbad4f
bc8f9e3f
bbd82c88
3e09c73b
3e0afe62
3dc66036
3d73c1e6
bd11d3a1
3f0e69ab
bf0d23a7
bd81f86f
3c5af97e
3dcc404b
3d7617b6
bed75e41
bed449d6
be9920a3
be39a492
bd09432e
3eacc1fe
bea9091f
bd1b937d
3ca387b9
3d9565ca
3d456e6d
be7e6bed
be798b2c
be359902
bddbeefb
bceeea38
3e2e5140
be254242
bc988a41
3cb66418
3d4b1ecf
3d14ca0d
bdf2dad6
bdeafa72
bdae1cf3
bd5236e0
bcc0b6a6
3d47a974
bd1f4569
bb933ea2
3cb03a82
3cf5c54b
3cce99a7
bcd1b234
bcb894a5
bc98ccaa
bc34270e
bc91af09
bd0eab5e
3d39900c
3ba66aa3
3c9ca3eb
3c6fdde4
3c80474b
3d183565
3d23b9f8
3cdb0aaf
3c88978a
bc53aed8
bdb55441
3dcb7ab1
3c3701ef
3c869f6e
3b671c3c
3c08493e
3d9d525b
3da2bbe1
3d63c5b8
3d0c7484
bc1c6c94
bdf56571
3e05ce7c
3c70f659
3c6ac454
bb65c99c
3b6598f5
3dcbe291
3dd0fc71
3d93ebb1
3d35f7bf
bbfe5287
be09df95
3e14dd13
3c867c08
3c574ee8
bbe72a94
3a895aa1
3de1ce06
3de680ae
3da3c803
3d494380
b93b2337
39b4272e
bbcf4360
b8136bb3
bc2a1567
b75f648f
be7c2985
b89361cb
397611c4
3b9d6681
383d11c2
3ac9f258
38069c7b
be1a99a8
37cbd779
395605a4
3bf05455
38b2a8e3
3bb5ec59
386fcd06
bda03987
38a457f7
393ca869
3b97a730
38bd5907
3b329632
387cba8c
bd001dc7
38c07a61
392a1678
3af137d0
38a34b17
3ab36123
38560d0b
bbc37385
38a99821
38f5f83b
3a5412e1
386579ab
3a9866fa
381403a9
3b6303c0
386e0d49
3890711b
39fc58a7
37ea64c4
3a0c6302
3792d9df
3b3ee11b
37e8d9a4
37de526e
3b11d9cf
b7814d17
3d2ac86e
3b0f9dc3
39fccb9e
bb85e281
b89e4faa
3cb5cc68
bc7204cb
b6946659
3bf6e282
3b6c8072
b6d60ecd
3d9651fe
ba536845
b982032d
bb8479a7
baa599a9
3d00398e
bc6b7e9a
3c376a4c
3cc92678
bbd03985
b69ffb65
be08359e
bbc85078
3a59baee
3b52a11e
3af82504
bd4bcc2b
3c8a550f
bcf9665a
bd6512d1
bb402a7d
b631f400
bd5fb878
bc435358
baadcfa7
3bae96bc
baadd80e
bd00db31
3cbf135a
3b40b9fb
bc0213dc
ba3dbf12
36cbe637
bc2d759a
bbe83b07
ba89344e
3b3f104f
baac4c7a
bc3ed269
3c501a5f
3c032ff2
3bbeb0af
3a00d4d5
37884ef3
3c21a663
b81ac8eb
b658709d
b9b03a61
b96f0b46
3b675241
baa741e4
3afdd468
3b7e2089
3a6474d4
3811186b
3c8f50b6
3b934872
3a298a0f
bb06f288
3a27fdbc
3c3048da
bc128c40
bb28cd77
3a7410b4
3a7ef42f
37e606eb
3c97e687
3bcff0ba
3a87bb6e
bb356c96
3a8da4b0
3c582e93
bc461a2e
bba9adb2
baaee63a
3a54ffcb
383f0673
3c8c60f8
3be9e56e
3aa70b2d
bb4db191
3ab24a88
3c6552a2
bc61a0cd
bbef56a2
bb725882
3a4ea763
3829f10c
3c83d9df
3bfa1685
3aba2f4e
bb5d96c3
3ac0d567
3c6a74ed
bc6f9d7b
bc0ab830
bba4e6e6
3668d618
b8d8f26a
3a6f37c9
372c4743
bc0b617a
b8e1632a
be307697
b5127bf5
3822aa03
ba705678
38a715f3
bbac8a48
b74e9ec2
be0b3f81
b636557d
389e0ea5
bb18ebb6
384cd635
bb2d8485
38263746
bdd1e38b
b6868c90
37f32785
bb507330
b7e50e0e
ba581e65
384125b7
bd954f20
b681c4a5
36ff03ea
bb5e7c64
b82cf3ae
3974a2e5
3813d434
bd43ffa1
b63f96e0
3711a5ff
bb4170dc
b78329db
3a31a95b
37b5eb17
bce2247a
b5da9f5b
376ad430
baefe059
3682d96e
3a3e6af5
377eeb87
bc466f67
b4de2a09
bb1578e2
bbaaa485
3d354052
3b59ea59
3b7ab50d
3aa7cd12
ba5bedc7
3b4d78b7
3c412772
3c4b7759
3c1c32cf
bb752fb1
bc0f7875
3d97cb43
3bb4f716
3bcf1b4c
3b087f20
bac4d55d
3ba9ce9e
3ca25428
3cab2b1e
3c83ab6f
3b8626f6
bc3e500c
be7703a0
bc8389a4
bc4ca36f
bb046134
3c694abc
3cafda42
bd0c4974
bd54b1fe
bd352e02
3ace3766
bca954e9
be210dbf
bc234670
bbe6b859
bab63311
3c30bc21
3cd24af4
bc5c294b
bceecba3
bcd9d3ac
3a94e6fe
bcd1ac3c
bdbe44b9
bbadceb3
bb8d7eeb
bb191b6d
3bd7b057
3cd870fb
3960833c
bc53cd67
bc61e6b2
3b1c4740
bcdec222
bd3cfb98
bb0349f0
bb7e08fa
bb931bd5
3af80a48
3cc81d80
3c021dbd
bb13ab8c
bba6cbb3
3b9b80b4
bcd94f26
bc6a4bb4
38d95a01
bba67c34
bbf16055
bb3dd4ac
3ca984e4
3c389e9d
3b85fd4e
39c751de
3bf8b97a
bcca2d9f
3bb3f30a
3aaaf4de
bbebac84
bc2b7716
bbef5a9b
3c860f64
3c3ed56c
3bec25e2
3b5c4bc1
3c27a75b
bcb9433d
3c83f181
3af5c854
bc1a4fbe
bc5848cd
bc31874e
3c4ceee0
3c2c1fd7
3c06782d
3b96b303
3c440943
bcacd740
3ca6728c
3b071a55
bc33b8dc
bc74c175
bc541b2a
3c23dc3d
3c168e76
3c05da85
3b9f061e
3a02d2eb
b97752d6
3c38762c
b9469010
395a9d42
b634f9b6
be090612
3af7a74f
b914c0d2
3b2ffb3d
b917ac9a
3882de2f
b6c9f57b
bdd25ab4
b8c37ad9
b8a3583c
bc1fc479
b8e0993f
b99a54a7
b7264ac0
bd97e2ad
bb5a5055
b82def26
bca17961
b8a09142
ba885e2c
b78755d9
bd49fc33
ba72f5c1
358e2383
ba8bab59
b817a4f3
3a259b9a
35830b8a
bced33df
ba690f73
37808010
3b098d12
b7638c2f
3a80aee5
36d6e52e
bc63a115
b9d19366
3741cdb7
3abeb608
b684acea
3a311056
36aab1ba
bb9ac518
39a3a284
b73e23ce
bce7f16d
badf91d6
b980f00e
ba8276f5
3a8a123a
3bddaddc
bb79975f
bbdaf3bc
bca2b7ab
39f2ae77
388a49e5
bd3fd23c
bb7044ee
ba22116a
ba97183b
3ad58b3f
3c2a749a
bbaf302a
bc1946f8
bd0041dd
37c9b20b
37eac90c
3e6717b9
3cfd1ea4
3bc814aa
bc4c7be0
bbb1d7a9
bc9cf9d7
bcf2874e
bc34256b
3dc6894a
39eb37d2
b863b7b0
3e333e9b
3ccd8d4e
3bb536ef
bc653af3
bb78e8c3
bbf0df29
bd11b7e6
bcb28380
3d80a9fb
3a293904
b8d58e98
3e0bcf36
3cb7892e
3b9ffa54
bc61acae
bb1f0ebe
ba51dc9f
bd160255
bcd3c41a
3d252068
3a3d41f0
b92f8383
3de3ca42
3c9c0213
3b65405c
bc278325
bb191e36
bb4d7be6
bcd7e5ed
bc8e300f
3d178aa3
3a3bf493
b95878d5
3dc7f9a1
3c657c48
3aa49041
bb6eb8d4
bb64aa74
bc5760f0
bbc1df9e
3b44f3cf
3d4e6c6b
3a38f1cc
b97fdb1a
3db3b118
3c435b6d
3a6a5513
bb4000b9
bb5b45cd
bc53da8b
bb6f04ae
3b8ee87f
3d40fb92
3a339975
b9886c68
3da9aa4c
3c2932da
3a5b20eb
bb4dd0cf
bb5772eb
bc410574
bb819d8b
3b67c32d
3d339796
3a34a0da
b9968162
3da66ea0
3c1ffb5b
3a53f367
bb5aca44
bb56912b
bc36f1b7
bb954cff
3b31a8ca
3d2d4b2f
b8e6184d
bd290bd2
b8ab57d8
bc7e3558
b94cb3f4
3aaa3b3c
be9a83dd
b80d4a7d
bbecbe76
b7b5bae0
bb51e98c
b891f4df
3aa0fda8
be20061c
3568c2d3
3b846206
376e6663
3b35b64b
368c7910
3a6f43dd
bd51ea45
383a1254
3c87e446
381ea359
3bda5ff1
3869606e
39fc1601
3a9efd42
3842374a
3c1291e1
381a59d0
3bbe745d
3875f3c7
395afdbf
3c4057f4
37eb4dcf
3aefd90c
37bdcf80
3b5244db
381e2a4c
389e0660
3bf0a6d5
3751ceb6
b974872a
372fc7f7
3ab38cc3
37903bbe
37a4bd82
ba3b4f6a
b79f1832
3c6cfc41
bd6115cb
bb8ca43a
3b875355
bc045b5d
bc70405e
3d0c2cf6
3d06ea92
3cfd20d0
bae53004
b825209a
3d25891f
be030115
bc471dfa
3c892855
bca6b0ad
bd43202c
3dcf4125
3dcf5391
3dca7e1a
bb38e87d
b843a731
3d9ac2cd
be61e8ec
bcbaf155
3d0f56b9
bd154103
bdc284de
3e465938
3e499b97
3e478323
3bb963dc
b84fee9d
be2ad048
3eef9751
3d549cf3
bdae8d3f
3da44351
3e65cf93
bee431cb
bee8e2ec
bee7d137
3b0950ae
b8af1019
bd600a3a
3e2fd3d4
3c92fe8a
bcdc6bd1
3ce8e3fe
3d97dc48
be195cea
be1ac89b
be184efc
398b264e
b6af0401
3aaf8d6b
3c875ec2
3a35f5ca
3adaa887
3adfb1b5
ba2f0c02
baa8abdc
39759d56
3b3ed7ab
ba108254
b5b2319a
3c810024
bd1038ec
bb83b84f
3be84129
bbc7b85b
bc9040fd
3d0f1762
3d1539bd
3d185d72
ba0233d1
b8326192
3c4a37aa
bd0c837f
bb498720
3b97d64a
bbaf4e89
bc56b758
3ce01e7e
3cdec05e
3cdeeb47
ba0bfda8
37967f9c
3be1d428
bcbbb7dc
badde3b2
3b086a72
bb568328
bbde4642
3c714de4
3c68ea5b
3c64a262
b9e097ab
b283aa57
3b7c783a
bc80cfed
ba4589ca
3a33c7bf
bb076eb7
bb63c1d0
3c045e77
3be93ceb
3bdd5ded
b864d31d
3c0b154c
b88b9daf
3a5fea88
b94cc96f
b80ecc5b
be4d7a3a
b993f4a7
3bc940c8
b883b06a
39347c7c
b91411b3
b8873eae
be1d3b59
ba018233
3b679cbb
b874d2b1
ba12a734
b8c84545
3909cdff
bde27b5e
b92a8566
3ac32b9e
37f14889
ba8c4698
b87b910b
388d339f
bd973aa8
b81be8e9
3991b4c8
381e6c30
baa398ea
b805c49b
39437b4a
bd33b1d3
38e4f10b
b9577fef
3862b864
ba8e2b8e
b763fa6f
390dda89
bca5e189
38cd6713
b9a2a430
381e209e
ba259918
b67825e2
3dbee16c
3d5a20ec
bd15c45d
bbf458e9
bdbede95
bdbea5d1
bdbecb00
bdc1dce6
bdc2e169
bd5621e1
bd01da41
3e2487da
3dbcd4bb
bd81ab67
bc526f32
be248f7f
be243731
be24617a
be279579
be282807
bdb8aa5f
bd5fbdc2
3e629892
3e02957e
bdb37088
bc90a509
be628654
be61f628
be624b76
be67509a
be67de7a
bdfe9e23
bd9a16e9
bf03986e
be890af7
3e331c16
3d142aab
3f037994
3f0411ea
3f03d55d
3f00c38b
3f009d3d
3e8af928
3e27181b
bea35c2b
be1e29b7
3dc55387
3caa9242
3ea2d62b
3ea48b3c
3ea3df8c
3e9b1fa1
3e9b0b1d
3e26015a
3dc79a4b
be2d3d45
bd8c4660
3d1989d2
3c15ce19
3e2be02b
3e2ffcf1
3e2e35c1
3e197855
3e1a251c
3da1cdb2
3d431563
bd787f4e
bbebfd6e
bb8064d6
3a83782d
3d728d02
3d81e1c2
3d7c33c6
3d239b28
3d26efea
3c9c1e76
3c3d2f5f
3c492515
3d08b6a8
bcfc78ce
bb90209a
bc6170a0
bc1bf85c
bc3b3b85
bd093f32
bd057439
bcaafdf2
bc4cc506
3d65bea2
3d6b83ed
bd3ebea6
bbf4140a
bd6b4b61
bd5aa20f
bd623271
bd9e2bce
bd9cf3ee
bd381c3a
bcde1fcf
3d9d2eec
3d8cec10
bd5c759a
bc1096d1
bd9fc65a
bd97cb22
bd9b54ba
bdc84618
bdc78266
bd66c615
bd0b9822
39d543e6
bcdd5cd4
b940cb13
3c65e773
bca1dba6
38f29b40
bee4750e
39495aa7
bc00b202
b886884d
3c2983e6
3c6023a5
3951c29e
be15a956
38eeae00
3bdb8d2d
385b4547
3bdd5d9d
3c96380d
39637053
3c3f8507
385fa7b5
3c44593a
38d27274
3b7c62f5
3bfd752a
3925fb6c
3d5c01cd
b512510d
3c0f58d1
389fffa1
3af5defe
bab02f3e
38a90c9a
3d2a3275
b7ec5bbf
3b7de483
38162c02
3a410430
bb775d91
37eb4774
3c884469
b7ba7a9f
3a6254c7
370bd4f2
3958cc7e
3a9d8ac6
3a3b8398
bc835673
3cb53292
3b95c2c6
bc5d8c20
3bade318
3cdd5290
bd4e6494
bd5dae30
bd677908
b8767ba5
3a9d5ad5
bb77bf80
3cbb8085
b9a2fc42
3babc5b6
3b1065e0
bc293de8
3bc95652
3bcc7dbc
3c1ddb4e
ba4668f3
3aa6bbdc
3cab0bc0
3c778acc
bc2fa741
3d2e3cce
bbc5ea99
bdb2f2f2
3dfb671a
3e070e9e
3e17caae
3b26cde6
3acb859d
bd44e618
bc5e3ef0
3d014dad
bdf83469
3cabdaba
3e780e05
bebc403a
bec8d2a2
bed5d54c
398aeefa
3ae3492e
3cd408da
bcb4940a
ba2c27c0
bb46eef3
bb651eba
380152b8
3a657bc8
3b95dba8
3c45adc2
b9646ba3
3af574b7
3d267d21
bbaed357
bc11bcc9
3d0b1369
bc07e394
bd901d80
3dd1cd0b
3dea4446
3e078631
ba844560
3af0d2a3
3cf870e4
3c4ea24f
bbc98a3e
3ce22d89
bb7ef08a
bd69630e
3d9c823c
3dae5fcc
3dd17d1a
b814d26c
3ae5af1f
3c93bbea
3c9cec38
ba81ffb3
3c46cc4d
39da0f7b
bcd7559d
3ce0b9b1
3d029817
3d3858be
ba4894d3
3aed3f00
3c45f396
3c8a6174
3a88dd11
3af35980
3b0914d1
bba95e86
bb8004fd
bb1b67fc
3c0392d7
b9ec1c3a
3ace55af
3c360b2b
3c529efb
3b1a0b35
bb1b3e42
3af56496
3aed059f
bc5357eb
bc49fc56
bb5fab36
b87e34db
bc0b2680
b92a0e27
b8c18060
3c021851
39966c1f
be445adc
b868a144
bbe028ea
b8f7e12c
3885d943
3ba74ee8
38b21e10
be1790bd
374cddfd
bba54e34
b8aabbe6
b834ff90
3b38e163
b8d71b47
bddcadba
3743abef
bb6476bf
b8576384
b854270a
3ab13c59
b83e17eb
bd94f57a
3783c01a
bb15eec6
b7ed3920
b73e92ce
3a14a209
37189aec
bd328c35
3765930e
bab6373e
b756cd0a
385df3cc
389bab5d
387d6c92
bca5902a
37ad4a2e
ba1eb8f5
b6812965
3aa36bf1
bdba0531
3dbb9895
3c2bb302
3b168fd2
bc397827
bbafe430
3d90e554
3d91c2a3
3d5103b4
3d001df6
3aed177d
be206eef
3e218b62
3c944865
3b8e39a3
bc9d160f
bc1183e6
3dfa7b17
3dfb8339
3db41f93
3d5ca47e
3b016864
be5d0ad7
3e5e33b8
3cccb102
3bd4cb69
bcd44d02
bc3f6cf3
3e2cf6e6
3e2d42b4
3df7e07b
3d979827
bd05493e
3f04db6d
bf03971b
bd726f48
3c428ac0
3dbce7a2
3d62b80c
bec90783
bec671f7
be8f1ccd
be2da750
bd04fd1b
3ea885c1
bea4aaf2
bd17e286
3c9e0870
3d9128e9
3d3f7018
be7853a0
be73b33a
be313990
bdd6b9a4
bd00c8d2
3e3ad78f
be312d1c
bca2fcb2
3cc54c64
3d5a8c0e
3d204153
be021a30
bdfbe1f7
bdba998c
bd61269e
bcf4b89e
3d9ac6a2
bd84a63e
bbf55353
3cdaf38f
3d22ffb5
3d05f51c
bd325f81
bd21c166
bd0078a2
bc97a79e
bce814e8
3b54d84a
3c0af2a8
3a660ff2
3ce5b99d
3cf69289
3ce44539
3c4fd750
3c8919b7
3c1296ff
3bc7ce1f
bcdf32c7
bd25a645
3d5796ec
3bc2900e
3ceaf94c
3cc54362
3ccb16cd
3d3e9ac3
3d4ef0ad
3d0802c8
3cab2906
bcda690c
bd79dc33
3d963ca5
3c09321c
3cecc24d
3cad1ad5
3cbeb4cd
3d7fec7d
3d87c5b0
3d365131
3ce374fb
b938c61d
3a0bdb2a
bc1380e8
b83b356f
bc922259
b84a66e2
be6610ba
b8cff990
39cc9510
3b121787
372f7e1c
3a980157
353aaba1
be16c94a
b7a3b0fc
398f4cee
3bc56d61
3841d5d2
3c0f9e7a
37f75f36
bdac3fb0
37fdc27b
39484d75
3bb13d2d
38686671
3c0665b4
381a556e
bd28ac60
3841dc03
38f95ae8
3b562adb
383972f6
3bb0da29
37f74298
bc89f7a9
382241a9
388d53b8
3ae4ae91
37c906b0
3b1f356f
37829346
bbca0e1a
37a97262
37e32f44
3acc46ef
b52a456b
3ccfeb1d
3bd3cd19
3ab45ef9
bbad7637
3a9bf15b
3ca997c8
bca1dc4c
bc2958ed
bbb9d581
3b29f3bd
353fed6c
3d486ba7
3bdcfd0d
3a9f7353
bbc4e1b5
3a5351aa
3cf43ee9
bcbc3f36
bbaecce9
3b772723
3b715ac3
b7207043
3d97f3fd
3b77b20a
39a58fd0
bb9a60db
b9cf7928
3d0bc1e7
bc989966
3bfd22fb
3cb2a7b8
bbd419ec
b74d3792
be0a6886
baa8e0fc
3a9804ca
3b69f3bc
3b26e367
bd4d23db
3c80fcd6
bd0236c1
bd69b568
bb5f464c
b835a231
bd7b07d9
bc1e25e0
bae2846d
3c067a87
baab8c7c
bd21456d
3d010ee3
3c133d8e
bb1aa9cf
ba9fe24e
b7b36ada
bc8eeecd
bbf6fe81
baecc2e1
3bd491f1
baed75d7
bcb0e5e2
3cc2b9cc
3c89b513
3c635084
b7be25ce
b78e9302
3b9fb5a8
baea65a5
ba5be46e
3b260687
ba4e63b7
bb9b8779
3c08d06a
3c1e79f9
3c32ad06
3a3a725a
b8352204
3c6bf0e9
3b619cb7
39b51edd
ba6d9511
39bdedf4
3be02fe1
bb98f2b7
39d4b09c
3b6488ed
3a6c1190
b6c55498
3c912da1
3bd6d539
3a88597b
bb443e9f
3a8f408a
3c599790
bc504e28
bbca9ac6
bb225f0e
3a894e0b
b791119b
3c99daad
3c07243b
3ac5b201
bb855598
3ac03b6d
3c8506c3
bc87a826
bc1c564d
bbb79006
b699ac17
b8e78a38
38e4f16e
b8f173ab
bc14405f
b90af05f
be10ba81
b6d23124
b69ed7a1
ba923ef3
b78bafd8
bbd70883
b874ea3a
bde11a36
b6edadd9
3745395d
bb08ed77
370f2841
bb8cf801
b7925728
bda4c159
b6d9a89c
37856ea1
bb29db12
b5efbce7
bb222ab3
b65f0f6e
bd5dd908
b69fdf7d
3721aff0
bb228cf8
b43adbb3
ba910b20
b5bb5ffc
bd02b5db
b6366d54
375085a3
bad77291
3718f1f4
b8f3699c
3687e636
bc67e07b
b5565088
baa2f1f0
bb73ced4
3d224d69
3b425e11
3b2db8fa
39bbad56
bacec2d4
3ad5b571
3c19a11d
3c2b5e2a
3c04f7b0
bb0ce216
bbd9c9f8
3d89bd48
3ba3effd
3b94505d
3a2993fe
bb2d6413
3b450c1a
3c85264a
3c9366a6
3c64c3b2
bb41e5c6
bc1b10e4
3dbbac41
3bde0fdb
3bcaad6a
3a6ba6ac
bb6a4c28
3b902685
3cb89c87
3ccb24aa
3c9da255
3bade194
bc44d9ab
be6927d4
bc774f6c
bc583380
bb69cded
3c44d4a7
3ca71c8b
bd0595c6
bd4944ea
bd2bbd0f
3b828465
bcad6b81
be20fb42
bc22fdd9
bc1a10bf
bb82cce7
3c08eac2
3cca9929
bc6e48b9
bcf296f6
bcdc4fcb
3b8749a7
bcdf704f
bdd35d69
bbc4880b
bbf9aa24
bbb39e7c
3b8f43e2
3cdac29e
bb07b783
bc7c341e
bc81cba4
3bb3a4ed
bcfb2c23
bd843240
bb53c867
bbf84501
bbff1709
39672653
3cd9d907
3bb2f013
bbc1dec4
bc088a01
3bf85c16
bd02fff0
bd210da9
bac2f798
bc0f42e1
bc2bc797
bb74a4e7
3ccd7ea1
3c14f9dd
b9bf1191
bb777bed
3c203c6b
bd032518
bcce0890
ba149320
bc2a6ec0
bc552260
bbe5da8c
3cbcec5e
3c251109
3b12411d
bac51f38
3c39b591
bd012511
bc9ee3f8
b96dfdf7
bc4007ba
bc7082a5
bc13e2de
3cafa34a
3c1f9355
3b3ef530
ba4f7477
3b40fd04
b92d7c2f
3bf2a0fb
b928afd2
395121f1
b71a43cf
bdcafb2d
39619b54
b8df13fc
bbe897dd
b9000fff
b9b2abc9
b765f6ce
bd96525f
bb61145f
b891022e
bc970a5b
b8bbe541
ba987337
b7a69f1f
bd4caa56
ba9200a2
b7b84280
ba80684b
b842ab07
3a043bda
b6119d1b
bcf5de41
ba8c7c37
b50051c1
3aeae8ac
b7ab9647
3a68dc2d
368cbfa4
bc714ebf
b9fe6d75
36838435
3aa8aa23
b6f2dda4
3a273b6e
3688f012
bba6c6d9
3986e24e
b7e02fb7
bcc776c2
bb07c288
b9b5360d
ba058460
3a49dd76
3ba81c9e
bb02d88e
bb903c71
bc81df87
39d45b9e
37dab023
bd2747f5
bb7f8ae5
ba2a6e44
ba4e4d7f
3aa7f1ed
3c0ca705
bb6f8fc6
bbea51bf
bcd892f3
3a02dc04
b6fe56af
bd6198e9
bba65c66
ba29213e
baa79fcc
3af6a0cb
3c456750
bbb259f2
bc2cd2a4
bd16db6e
38cfcae8
b83246a6
3e61d593
3cf4b4cc
3bc8dc96
bc58de2a
bbacca5c
bc897cd7
bd02a66f
bc64e0c6
3dbc14fd
39bc91da
b8c6de70
3e3b0dff
3ce7dc90
3bc2d19d
bc6de39c
bb6acc1f
bbf515ac
bd1ae08d
bcbd724a
3d84dd0e
39fc11be
b92aa456
3e214cc9
3ccf2bf1
3b9c2c4f
bc415907
bb5b633f
bc08a772
bcf61f29
bc8cef77
3d723cac
3a06b04f
b9538daf
3e13646d
3ca4f009
3b28ea38
bbb6c664
bb92b2ce
bc917182
bc2d1fa8
3b0eebd8
3d92994e
3a062a1d
b9773470
3e0947dd
3c9253ef
3b0e71cc
bb9f81ed
bb9065fa
bc8fedea
bc065a88
3b6f6863
3d8c2e9a
3a06e08d
b985bbda
3e046bb5
3c83e031
3b07756c
bba3120c
bb9050e4
bc88c770
bc04cf9f
3b55e5d5
3d868f1f
3a071ed7
b98f2739
3e0312fa
3c7db0ca
3b04964c
bba821f3
bb909d22
bc851a12
bc0bddac
3b2e0f69
3d843309
b98076a3
bd3fcd2f
b92449f1
bc9b2385
b9620784
3b7dca6f
bead52e0
b9330c7a
bc55e138
b88dc61c
bbd7d2be
b8cd724d
3b39e1ee
be19aeb6
b7c9655f
3cf7666b
37832cd4
3bd7616f
380a6fa3
3acfe47b
bd028015
38170676
3ccb8c86
3840741a
3c1d00e5
389e13c8
3a40345d
3c04fa72
38206893
3c4ded58
3820e303
3be4442e
388019e4
398d0a31
3c15ca9a
37b21d51
3b93a1c3
37ab2cfb
3b617e8b
380250cb
389b2c43
b9d45db4
b8cc481a
3aebaa40
bc6a82f8
b9ea22b1
b9e37f22
bacebdde
ba67db04
3b8bbf2f
3b2ef5a5
3ae7089a
ba924176
b93c8c25
3c856848
bd642715
bb9cfb13
3bdfa71a
bc0ada5b
bca00d40
3d2cd9ef
3d28674d
3d249175
baf635ab
b975d3eb
3d28e9c3
bdfa6e85
bc4a4894
3ca09547
bca323ba
bd596377
3ddc6542
3ddecd86
3ddce965
bb480c41
b97379ed
3da0ee50
be5e923b
bcc17dc3
3d212cb0
bd170ad3
bdd37864
3e52fafe
3e56ed2f
3e56e6f3
3bb4b96e
b984dabb
be21ad12
3eecdc5a
3d4bd789
bd9fd63c
3d9fcacd
3e560ba8
bed73ed9
bedad575
bed89d51
3ad5d65d
b940f2c9
bcf5ce31
3e0513ea
3c340382
bc3833cd
3c9ea611
3d1ad386
bdadc2e0
bda90fbd
bd9ba715
b928899b
b9436b2c
3c99ab64
bc9f0b94
bb782d2f
3c1458b6
bb9d0dca
bca31646
3d10f29f
3d1fa509
3d2fab2a
ba0e9ed0
b9541d36
3cc6fb80
bd52efbe
bbb422ea
3c0e2d0a
bc1185f9
bcc211fe
3d42459d
3d4686e2
3d4f1909
ba1b1cd8
b91847e3
3c908ded
bd347b40
bb74a1fa
3b843366
bbe28c5d
bc644c34
3cf532ac
3cf59d15
3cfcb671
b9fa6a61
b9152151
3c50f841
bd0febf1
bb12adc6
3a990f4f
bba81879
bbf91d09
3c93d6d8
3c8bdf7d
3c8e17d5
b9731e76
3c2e643b
b90d93a7
3a0857b5
b90be8bc
b9905b5e
be33a00b
b9db5d8b
3c18742d
b90dcb39
398a8d5a
b8c74789
37988ad8
be0911b9
b87cc6bc
3be9c9cd
b7f560bb
b9354ed6
b8847531
3736a26b
bdc05be3
b768a646
3ba20338
b6b777ee
ba05af67
b81612a6
394888e5
bd6dac7b
38ee29e0
3b460d85
38036919
ba1f2e41
b789b16b
391b1cf2
bcdf7b0b
38dc396d
3aa95a75
37ef8b72
b9dc3e1b
b69f9189
3da35214
3d34025f
bcef8583
bbc674a2
bda327bc
bda3729e
bda37135
bda3691d
bda3e639
bd32e1f3
bcd87d1b
3e0efa05
3d9f3270
bd54e0bd
bc2ec184
be0ee14b
be0ef51f
be0efde6
be0fc9ae
be100e80
bd9d5760
bd3e5a3a
3e4883d8
3de1afb3
bd97bb00
bc76909f
be485012
be484136
be486a51
be4aa197
be4aecf2
bddde60f
bd862c23
3e7d82fb
3e102b87
bdc2d30f
bc9d0be4
be7d39a5
be7cec4a
be7d4dbe
be80b9c1
be80da68
be0d1daa
bdaa9916
befd3144
be830765
3e2c05c3
3d0eedfa
3efd0451
3efe49ca
3efdb35d
3ef6fd6e
3ef70335
3e8579f9
3e20a15d
bea6389f
be1cf4ac
3dc3d79d
3caa7f73
3ea5b199
3ea7ca81
3ea6cb76
3e9c0c6a
3e9c8ed2
3e278810
3dca0db4
be473db3
bd988f44
3d2473bb
3c27f5f5
3e45b425
3e4b0050
3e488ccd
3e2ce74f
3e2e08ee
3db5afd7
3d5b69c1
bdd2ea01
bc9b3d28
3aa5dc6e
3b38c5a5
3dcf30bb
3ddb6123
3dd5c42c
3d959951
3d981411
3d135c18
3cb2aa69
bd3d3d84
3c7fd5d9
bcbb4ff9
bad20462
3d3568ab
3d4f38c3
3d437db6
3c613d0e
3c6eeefa
3b40ce3f
3aea012f
bc9f6478
3d02f767
bd0c2f92
bb6e1d91
3c8f563d
3cc3d22a
3cac9553
bc68cfa6
bc5f90d0
bc50c47a
bbfe98e8
38b78ba8
bd007c7f
b99c1baf
3c177a0f
bcb0190a
b8890e5d
bed72bb0
38090a29
bc04b71f
b8f7103b
3bc99cc4
3c9e6df3
396658d1
bde7ea98
38388892
3c459e55
38866fe7
3b5ab4cd
3cd2443a
39975506
3d2c7958
383976f8
3c868018
38fd48d5
3ad6b5b9
3c698e4c
3961b5f9
3d88bd34
37c9eca0
3c407ce9
38c710da
3a368d6b
3b6052bd
38ccdcd9
3d02a808
36b296f4
3b9ad6b1
382248b7
395922ac
3afedf16
3a659707
bcbfa826
3cc9ab3f
3be1e21d
bcc86d66
3be3c1c0
3d432ee7
bdaa35f7
bdb698f2
bdc15fba
3a836924
3acd9061
bc86bc95
3ce814c0
3b6c30bc
bc458369
3bb3388d
3cc05e73
bd435e7c
bd52e0d5
bd5846ef
3a32a1cb
3ae8fe94
3b911334
3cc2e1a9
bbab9499
3cace368
bac2a693
bd3903b2
3d636100
3d729cdd
3d8f977c
b9895c62
3ae796e0
3d0ffb10
3c5326f8
bc987fe3
3d88f48b
bc4bb355
be0f2f6c
3e4cbc7e
3e5dfa8a
3e741edd
3b56df63
3b02ebbd
bd03a427
bc923832
3cbffc77
bdc54090
3c686986
3e407820
be91a01e
be9a23ff
bea455bf
3ab5a760
3b169152
3d187881
bcf17768
bc01d41a
3c9217dc
bc21e9a6
bd2c3d93
3d85d2d5
3d9a2cc9
3db0a05c
b78baf2a
3b0f8bb5
3d306b11
bbfd92d9
bc60e4f1
3d346854
bc386b01
bdbeca62
3e0c1be3
3e19e48d
3e2d024f
3a81ffcb
3b040e78
3cc0f08d
3c8a9fce
bbee5a11
3ce5aad2
bb8c02f8
bd771948
3da2820b
3db5265e
3dd43474
39947da3
3b09d5e9
3bc4ead7
3ceff497
bad36152
3c083966
3ac76801
bc9d8ff6
3c5e6bf8
3c8ad4ae
3cde3299
3a41db8c
3aed3977
ba82bd42
3d0398b7
3af90f42
ba7cfda2
3b56ce2d
ba9d64c2
bc62e81f
bc551655
bbc0ab6e
b8d26026
bc1ba272
b904852a
b7e9162b
3c37ccaa
b75427ff
be27f7ba
b8367b6c
bc076ebc
b8bbb025
b8aca4c8
3c0f9723
b9034d34
be004c75
b7f5096d
bbd780b1
b874e744
b875959b
3bccb4aa
b8173025
bdb466cd
b73174ba
bb9d9001
b80c1be1
b75bff38
3b814756
37e541b6
bd5f2e56
b6147757
bb4b8af4
b78466bb
3880342e
3ae5ace9
38a29006
bcd1eed5
377d33cb
babbdd65
b6a6c3bf
3b2c302d
bda04e50
3da1b259
3c138ca5
39f4cf02
bc3b63f1
bbcad791
3d768467
3d76f4dd
3d31d585
3cd96ed0
3b7bafff
be0c428e
3e0d4c0f
3c815b8c
3ad08ce8
bc9d69e1
bc248dfa
3dd8a3e9
3dd8c8f8
3d9bd215
3d3e7291
3b898daa
be448962
3e45b66c
3cb5b271
3b5e96ff
bcd2727a
bc529b26
3e1884eb
3e186562
3ddaa5ff
3d857f34
3b7b432a
be78581b
3e7989e7
3ce592b8
3bbc5efb
bcfd1d41
bc719174
3e41936b
3e414ec8
3e0a6c9b
3da90602
bd00e514
3eff7e90
befcc1cb
bd69103d
3c3ea84e
3db5f277
3d5a7e89
bec14267
bebecdc0
be8990dc
be26f105
bd12dc29
3eab65a9
bea746cb
bd19eeca
3cb7e7dd
3d99d0b5
3d4e4f26
be7b0b26
be7616d3
be335098
bdd90eed
bd21d2cb
3e55b368
be4b5b41
bcbae4bb
3cfdea93
3d84f2da
3d45ff17
be130772
be0dc41b
bdd30216
bd7dd388
bd2d2a74
3df530dc
bddd7ba9
bc4aed2e
3d186cce
3d6d2b7d
3d40e7f8
bd92f759
bd88183f
bd558830
bcfd1570
bd351aa7
3d8409d8
bd54fb2d
bbc0cc46
3d291e5a
3d5c373f
3d3ea79d
bcdd866b
bcb1ba88
bca81668
bc3e5164
bd393647
3d1e126e
bcd210df
bb34e420
3d314394
3d54712f
3d3e012d
bbc3174b
ba441afb
bbbd7168
bb2e9f82
b9693da1
39e300dd
bc4eaa34
b90b51d1
bc9318bd
b8c280fd
be623250
b91ee411
3985f8f6
3b2dbf0d
b82e65ec
3bd96d4a
b814e5bf
be1857cf
b889515d
38f3821f
3c0cc7ed
3736e2f1
3c5d4b39
b5b8681f
bdb4c1e2
b754fe24
385ba1da
3bde891a
37d332b5
3c2f60aa
3721ad0e
bd3b3946
36dab080
3804f6f1
3b7755e4
378f8a59
3baa7994
36ed2386
bc9eed98
36d2b861
37851bf4
3a83c59f
37ac7d31
3c5f3dbd
3be7b941
3ab18708
bb933dc1
3ab639c1
3c7b3d13
bc8c1702
bc3fc104
bc14875d
3ae549a3
3805adbe
3cf34aac
3c161ef0
3ac1bd65
bbb02a8e
3abf9617
3cbb033a
bcaedb79
bc265ae1
bb8ea4f6
3b313516
37d91b75
3d4cb9df
3c0a8e9c
3a6fafac
bb967aae
3a3f3c96
3cde1c10
bc9daccd
ba71157e
3c13c42a
3b6c97b8
37938273
3d978e8e
3b91ff69
b9dbfdf0
bb0c407a
ba6d19bd
3ce779c3
bc30e7eb
3c8075fa
3cf83b97
bbd6fbff
3737b447
be0b36b1
baf49c0e
39872095
3bdae0cf
3aef1433
bd6b9aa9
3cd3d412
bcb17f48
bd3ff808
bb6568f3
37afc0ee
bd7d7a0e
bc616eac
bb4ebaa6
3c4554cd
bb30f413
bd497966
3d38bbf5
3cb670cb
3c350273
baac9211
3536b5dd
bc97d862
bc393a39
bb41df75
3c0efac4
bb3d7d31
bce5eda5
3d058e83
3ccc8584
3cb25d79
39425796
b806a032
3b5e9794
bb4748ef
baa42fed
3b3df4ee
baa669b0
bbe6f8c4
3c325219
3c3deedd
3c4d5f9a
3a67cbdb
b7216059
3c5d3029
3b5ea745
38a6634e
bac1611b
38d4b736
3be59cdb
bbb843d3
ba44cade
3b08240b
3aa6aecb
b7e4b30d
3c8f8391
3be66657
3a763948
bb73b731
3a62ca07
3c6319fa
bc655635
bbf44609
bb7bb62f
b7255480
b92b621d
38d9caa2
b95c6514
bc2a4390
b946549f
bde27ab7
b72cb5d7
b848b1e9
ba524362
b7eb78c1
bc029665
b8ecd85f
bdaad8e2
b71eff99
377a8ab8
bac71a38
37ba894b
bbb34096
b8868f9d
bd6c01fe
b6ea9099
37666c26
bae6eac2
37b701e3
bb4e7f14
b81c1833
bd0de551
b6861720
376372d2
baab4eea
37a49410
ba928ee3
b75c1606
bc7e43f7
b5aa6873
b98d9d8b
bb20ab75
3d09fbce
3b236d43
3ac27997
b9f8cb4b
bb0d2a24
39c3dd93
3be5a3bc
3c094eb4
3bd7f48c
ba1b8a13
bb9b9dfc
3d6cee0b
3b8bfe69
3b2e9779
ba3834bc
bb69c23e
3a919496
3c4d88af
3c711516
3c3d197e
ba852104
bbf07af8
3da3add4
3bc11383
3b7d528b
ba543bb9
bb9a9040
3b12ea18
3c93e227
3caa3a2d
3c851e19
bac4e76e
bc2580da
3dcce4dc
3bf12596
3ba569b1
ba57c212
bbb999ca
3b6da5d5
3cc015b4
3cd97369
3ca98b99
3be489e3
bc51c4ec
be6429cd
bc71c929
bc70399e
bbb3312e
3c2382da
3ca2608e
bd043770
bd454f33
bd286b7e
3bc79286
bcbed608
be28940f
bc2b31f7
bc404e29
bbcd8189
3bdff04a
3cd27dac
bc7e297a
bcfddbc7
bce683c9
3bcea4a0
bcfddb53
bdf7a8df
bbeafd3c
bc2a3dfc
bc00642f
3b6aefb8
3cf2123d
bb74c6ff
bc9813ce
bc99ab29
3bf3972c
bd12f2e5
bdbabe4e
bba19e0c
bc2ae2d8
bc229417
39cc55c0
3d007c3c
3b5ea74d
bc2d4614
bc4fbd27
3c1310de
bd1d2dcb
bd974610
bb70223f
bc397595
bc453aea
bb1bf7a7
3d01974e
3bde450e
bbceaa51
bc19772c
3c27608e
bd2042f8
bd88a044
bb4f681b
bc4919fb
bc5d77b8
bb87812a
3cff61d7
3bf974da
bb9e8f93
bc05f956
3ae29716
b8ee2b7a
bb46c4fb
b9000d8c
b9682408
b7845b37
bd8ab71d
bb342f19
b8acef75
bc788b07
b8c28508
ba97eb31
b7bb167f
bd423365
ba972933
b81d61b2
ba07c697
b8595ca3
39a99a22
b6c168f6
bcef58b2
baa91ca9
b759e49c
3ab72748
b7d52d4e
3a357d0d
35897061
bc70a7fe
ba239bfe
b629d608
3a84e339
b7259c78
3a0b3480
36227a0a
bba929eb
394a6a6e
b80c8d26
bc9fdd58
bb01c975
b9c3047d
b8f00d06
3a0c3b72
3b68dd65
ba1e629c
bb220a90
bc3ff8c8
39a889e3
b62b000d
bd07c2e1
bb6036ab
ba1dc249
b9d3261f
3a7db630
3bd50743
bb0ac082
bba18e44
bca919a7
39d85e36
b800d0f5
bd396c3e
bb898156
ba0e6622
ba88a3e4
3ac8e7cd
3c22069e
bb906ee7
bc0cd3bf
bcf79697
3a0988cc
b8822ea3
bd65ecb4
bb97f8bf
b9ee8f39
bb035adf
3b07e15e
3c6112c4
bc025366
bc5a7eb4
bd22a584
3830bdbb
b8831007
3e642671
3d00b353
3bd174ac
bc60fb88
bba4f213
bc83a8a7
bd0abaea
bc8009fd
3dba5dcc
39564ef0
b906a322
3e4bae83
3cf6d867
3bbb3528
bc4c6073
bb907caf
bc6abf38
bcfe1a4f
bc7046ad
3da641a6
398cebf1
b92d2f0f
3e3e5d47
3cd2d520
3b7c3024
bbefd10b
bbadaa5b
bcb2f99e
bc749862
3aa41163
3db983ab
3992a511
b94c84e9
3e34df56
3cc06f8f
3b632536
bbdd104d
bbac91e3
bcb02ec2
bc53d8ff
3b1e2ef2
3db31a46
399be147
b961fc96
3e30895b
3cb0b7cd
3b58bfec
bbdc8b30
bbaedf9e
bcabf79d
bc4a90b5
3b2855e2
3daf1c24
399ab9bc
b96d6c1e
3e2f9c5f
3caaecd7
3b5460a8
bbdf4604
bbb084c2
bcaa499f
bc4ccb09
3b182e92
3dadf171
b9ff6ca0
bd52c495
b90090c2
bcb5e907
b992e6e3
3b0fe910
bea87cde
b9722410
3bfe7ac3
b85b909a
bb46f238
b8d76a08
3a97d061
be0002a0
b84ad2c0
3cdb3351
37488c37
3c0cdbcb
37cafe8b
39ea6ac6
bcb5bce2
38075c63
3ccd7706
380d2c4f
3c2b2927
3885efb9
38b45fa9
3ad6763d
38075ef6
3c5aaab3
37c30d7e
3bcbb5d0
38313f88
3715d5a9
b98b0ed3
37942737
bb0fd4fb
ba2b6464
3a1251c8
ba951f17
39c6b0c2
3b07e97b
bb5e9336
bb9a470a
bba82927
ba400cbc
3613c5fe
3bd8a593
bce37dae
bb11a512
3b5cffeb
bb84b4b7
bc1f58d7
3ca89c83
3c9ec9da
3c9ab750
baa90d6e
38225812
3cca5a14
bda14a92
bbfec999
3c4812bb
bc4f7f77
bd0a8c47
3d8af704
3d8bc275
3d89b2d7
bb133911
38b6322e
3d65b351
be25d123
bc8e25d4
3ce7d401
bcdfa5da
bd9a214b
3e19fffe
3e1c0696
3e1b6da7
bb612f11
39054eb3
3dca48ce
be8b009d
bcf8c2b9
3d502450
bd3f20ae
be083f8e
3e864f1f
3e89835d
3e8985e8
3bab05b9
3999f3aa
be09b8c9
3ece37a2
3d2b3f40
bd840c73
3d88b1ba
3e32692e
beb5ab3a
beb78c07
beb55265
3acf1c01
39aae424
bc777bd3
3da0fac4
3bb02a7a
bba3e509
3c2fe7e9
3c99a81e
bd3acd0d
bd2d8624
bd1aa5a4
39023d8f
39ad3772
3cc72dec
bd37dee5
bbd98d23
3c3cd769
bc166fd2
bceff1fc
3d5e730c
3d6949e6
3d758cba
b96716b3
39d0833a
3cd40a04
bd8b30e2
bbf1622f
3c189eef
bc41d373
bce5cea7
3d6604f4
3d6ccd45
3d6ef6b3
b966b353
39ce0e49
3cb24e72
bd889322
bbcac3fc
3bb9efb0
bc31b832
bcad66b6
3d37638a
3d37ab3b
3d341b6e
b9ca2786
3c6d7844
b9615099
3a44dad0
b8b8732a
b964240b
be18e5dc
b83ad7ff
3c53fac0
b8f3b825
3a2b5083
b88130a6
b8f17285
bde0b18f
b7ffeef3
3c250972
b89b0c57
3998d795
b81a1833
392a1f80
bd8f8760
38dd69ea
3bdbb8a0
b703d2e8
b809d46b
b7956f86
39187709
bd09009a
38dff214
3b4f5332
373b7c6b
b9182d13
b6b3ce5d
3d85a02c
3d0efb9f
bcb7ba76
bb9b3df5
bd8561f2
bd85ef25
bd85e1a0
bd842505
bd842a3c
bd0f518b
bcacff6f
3ded53c2
3d811b5d
bd27c37a
bc0bec8b
bded012d
bded9882
bded959f
bdec7da8
bdec63bc
bd806f09
bd1b0ed3
3e292113
3dbb48e8
bd762e81
bc4a8a27
be28df9c
be2911fc
be292e4c
be29d048
be29bf3e
bdb8e44b
bd5f3d8a
3e599e2e
3df52939
bda2d6dd
bc848fb0
be594ea7
be593c6a
be5992e6
be5c3246
be5c0cc7
bdf050df
bd910eef
3e83958b
3e169d2c
bdc9ddf2
bca31aa0
be836726
be832877
be837628
be861cfe
be85efa2
be128ce3
bdb0dd6b
befb9774
be7f24d9
3e26e549
3d0bc14f
3efb61dc
3efd1401
3efc2efc
3ef33178
3ef3a7c8
3e837b10
3e1e70fd
beb1fbd7
be20e25a
3dc54096
3cb0e943
3eb155ea
3eb4155f
3eb2bf33
3ea43a49
3ea4df9e
3e2f858b
3dd3c083
be77aa09
bdb58d4f
3d3f24b3
3c4a4647
3e75b3ca
3e7cdcd5
3e797b53
3e53a583
3e552fdc
3ddd84eb
3d85da6f
be3299e2
bd364805
3c6e47c1
3bd983eb
3e3045be
3e3869c1
3e34adf2
3e08ff68
3e0a2a19
3d89b552
3d2643f3
be1219f2
bcc04a70
ba502e3b
3b82a8df
3e0f8ce4
3e18215e
3e145073
3dcb7275
3dcd2b52
3d4397e6
3ceb8ccd
b9839598
bd06259d
b9d4d4c5
bb58aa52
bc2b6d4a
b8a6ec56
bed4e93d
b931fa5e
baef0f45
b9015a9c
bb39e368
3d2951b7
3988cd60
bda37f0b
b7cc73c1
3c9bd859
38d2edab
bad43dc1
3d3212a2
39a12510
3d50307d
382e3825
3cb153a3
3927c971
ba295784
3cb43f50
392af5f3
3d18d9e7
37e04f25
3c36baef
38b58357
b9537f7e
3afc0f05
3a6678f3
bcb6673d
3c6a4b11
3bbac3d8
bcbf3033
3ba6296e
3d375380
bd9a29d0
bda5e7a4
bdb39403
3ac1ace2
3ad96b0c
bca96ac1
3c696c76
3b5e2eba
bc91a7f8
3b8ae84d
3d086ae4
bd6fff1f
bd8217f3
bd8e03f4
3ac633cb
3b04f015
bc06c8be
3c0d3d8a
bb190df9
3b84cff8
ba379ba3
bc51d257
3c352fdd
3c2dab14
3c490a95
3a90c870
3b05aed1
3c5efbc1
badcb6b6
bc55b4a5
3d1c986d
bc1f9158
bdac052f
3df66467
3e044ae3
3e0dae0e
3a3d82c8
3b13bbbd
3d332c64
bc89f647
bcd5ab47
3da758ae
bca8171b
be335e9a
3e85cef1
3e9074ff
3e9a8583
3b8170bf
3b138338
bcdaea56
bd4d54fa
3c7ca9c8
bda2b9db
3bc04657
3e1b2845
be61fe30
be707c36
be8458bd
3ad8081c
3b0b5457
3d061df9
bd508662
bc72e52d
3cfe22f0
bc7be135
bd8f52ff
3def363c
3e012849
3e06508d
3aed0363
3ae96762
3cb9c065
bbfc4bb4
bc7616a4
3d325bbc
bc3e4f9d
bdbe2ac6
3e0dbe07
3e1a6c5e
3e24c883
3ad33244
3af85c90
bbdbb2c3
3d09796c
bbdc8784
3cb7fbba
bab2111b
bd40f2ee
3d6c380b
3d82140d
3d8c9713
3af44855
3ad0bd30
bcc075df
3d5fdbb8
ba97e54c
3c0f4721
3b833e94
bc93388b
3c0b9cc1
3c2ae19b
3c3cc728
b8ea77b7
bc2f2e1c
b8be4ea3
b9162742
3c76761f
b998744a
be0a2da0
b8ba5962
bc185d8e
b8809c37
b88827d8
3c407d89
b8a9425f
bdca397c
b84b2a4d
bbec0720
b817fd81
b711df90
3c01009e
3811643f
bd80c485
b7c3e083
bb9d5647
b7948b08
3892fff1
3b7568a0
38c27c4f
bcf5586b
36dee4cd
bb14bc68
b6c15392
3b49764c
bd83f52a
3d851a34
3bf24625
ba033678
bc2a8a92
bbc50099
3d4919d1
3d48b0e4
3d10f0a1
3cb0c4cd
3b90b5a8
bde9f570
3debbdb1
3c5756eb
3918ba78
bc8e2960
bc1d446f
3db377f5
3db312c8
3d80ff67
3d1d5bd4
3b98fe3c
be26612b
3e277207
3c9997ad
3aeaec8f
bcbc28ba
bc44bb39
3e008f99
3e00399d
3db83a54
3d60adaa
3b809299
be55af9c
3e56d6d9
3cc57381
3b8e7823
bcdf7f6a
bc5a418c
3e2644ff
3e25deda
3dedaf97
3d90fe4c
3b1c40c5
be80f71e
3e818a3e
3cee6d39
3bf76741
bcf9201a
bc607e3e
3e49f438
3e49a6db
3e102c39
3db0043b
bd0ba28c
3efdeba9
befafb6f
bd675dba
3c6b62c4
3dbaf022
3d64a310
bebf4cc6
bebcbd5d
be8840e8
be25449f
bd3285c7
3eb785df
beb342aa
bd24f710
3cee726f
3db02dcf
3d724efb
be8508ac
be820ca1
be3e3c26
bde5ddda
bd52a2b8
3e83c128
be7d05bc
bce7c2e1
3d2718db
3daa02f1
3d7ff32a
be33c814
be2d6157
be01a078
bd9bd22b
bd697a72
3e458db5
be39c24a
bca8d1b6
3d47f558
3da7456a
3d8587b4
bdf8e00d
bdebc1c7
bdb5e27e
bd594ed5
bd756cc8
3e26c5f7
be1a2ca9
bc8a9c17
3d58806b
3da68139
3d88c387
bdc49ce9
bdb7b329
bd91d0b6
bd2d897e
b99c5016
b9bafe63
bc2871ff
b94cb47a
bc5957ac
b8f12fe8
be61715c
b9576f55
b9c46be2
3beb1399
b8b09b59
3c134450
b87bb9eb
be16f557
b8e6884a
b985834e
3c1f6e0d
b7be205e
3c550f59
b7cec4c3
bdad4e91
b84bf6d8
b8fc9879
3bca29a4
b60ff28c
3bf91db2
b70c711f
bd1a3860
b7942a79
b812b6e8
3a123854
38a364a9
3bc5b038
3b991f94
3a6fd644
bb4443b3
3a7b6d6f
3c17abca
bc3944f8
bc0e96a4
bbf6c197
3a8ce3ae
390327bc
3c85ed34
3bca032a
3a875ec2
bb7b48eb
3a8d020c
3c7030be
bc7454af
bc0baa63
bbaf85c9
3af22000
3929308a
3d01ac88
3bbadf63
3a38af9a
bb6ff1ba
3a128def
3c999c96
bc6e94b7
bb34760f
3b61317e
3b304bce
393423f4
3d55abad
3b190221
b9b85746
bb076ad7
ba4bc384
3caafd2f
bc122695
3c211f91
3ca3902e
3b6f9346
3944fa36
3d9ca5f0
bb745d21
bafc2538
3a556e0a
bb3472a3
3ca94c95
3ae04680
3ceb159e
3d3121f1
bbd6c24f
395ac279
be087a7c
bc325000
babab787
3c232f49
b93ebc69
bd86d519
3d223a51
bbf615f1
bd064fc2
bb601cd1
394af33b
bd7af1aa
bca96535
bb8f2ca2
3c5ed12e
bb881957
bd5c57ca
3d590e69
3cf4f642
3c94f88b
ba8aa50c
39239a34
bca6bb14
bc60967e
bb5f3c9b
3c0e7b9c
bb6287b2
bcf1856c
3d0c4922
3cd5ed60
3cb5cd5f
39ab30c0
39361b3e
390f9c1c
bb922d1d
bae5a71c
3b3a37e7
bae9366d
bc0dac43
3c438d36
3c438a4e
3c42c2c0
3a861ade
391b4dc5
3c0ba59c
3abfe816
ba1860b8
ba18aaff
ba22f38b
3b29a3dc
ba988d32
3b134fcb
3b7baf92
b7945d27
b9488cb5
3a14d3cb
b97bce76
bc38b4a8
b980d968
bda54c7f
b78045ff
b7ea55dd
b970cdca
b83f1373
bc095886
b9240421
bd6b0f92
b73494e2
373d9c54
ba548a78
37952b12
bbab9843
b8be0cb2
bd10739f
b6c8dba4
378c4c62
ba5675a2
37e198a2
bb0f166b
b81e7e39
bc82ccd1
b605a432
39e836e2
bad53469
3cde8686
3b019e1d
3a0f81be
ba8a3e6b
bb1e509a
b9b90dd3
3ba484ad
3bd2e691
3ba7bbee
3a17b24a
bb634f36
3d411225
3b613f0b
3a93bebd
badacee4
bb82d185
b71f1c1a
3c1880f4
3c3cd784
3c1554c0
3a03b22e
bbbeb975
3d870876
3b9de2f0
3af5a15f
bb082307
bbac1c67
3a72f61f
3c63e5c7
3c886063
3c565045
3974b5de
bc0cdd63
3dab6045
3bc8b29f
3b350d89
bb163778
bbcc6534
3b1a1a75
3c99d405
3cb282dc
3c8b655e
b920db64
bc3e685a
3dccd716
3bf00bf2
3b7386a7
bb1b672a
bbe53233
3b86578d
3cc21fa4
3cdb79f0
3caa8322
3c092653
bc6f55d8
be6793ed
bc761768
bc845a55
bbe66803
3c111d62
3ca975f5
bd04a0eb
bd46e110
bd2a329e
3bf320d7
bcd6fe97
be3889be
bc3cc0fa
bc5ed9a3
bbfc0ab5
3bdc3743
3ce775eb
bc89be0d
bd0a1898
bcfb0d5d
3bf29ccf
bd0e1242
be172139
bc126781
bc4b5bf2
bc123db1
3b95ce35
3d094ba3
bbccaf5a
bcc09195
bcbe1947
3c0476ed
bd22e0d6
be0306cf
bbf19c16
bc4a93e3
bc2a892a
3b29696f
3d14d2f1
b9c31915
bc9074ac
bc9b10ec
3c1158f8
bd2b73e7
bdf53a73
bbdc6e40
bc523cb1
bc3d533a
3aa47584
3d186b97
3ae07e5d
bc7c1399
bc8d9df8
baca2110
b8a80ace
bc5020b4
b8b2efad
ba8e0919
b7c02b44
bd2b26a1
ba0aa42d
b82cb392
392b5a2a
b8526e68
396ed01b
b701532c
bcd9ed37
ba88b9f3
b7979734
3acb93b5
b7dcb368
3a0ee92b
b595aff0
bc6193b0
ba16b7e8
b6bf6eff
3a830a07
b7347366
39dfffef
3590d0a6
bba1adc5
3919a8bc
b7dab7ff
bc6f2a70
bac598c8
b9976c62
b88443ad
39cca782
3b2a7196
b9c59cef
bae6c2bb
bc0e3972
397d453b
b6e5431c
bccbfafc
bb276a6d
b9f78b85
b97772b6
3a3b6905
3b9b5302
bab3bd16
bb645fee
bc7a859a
39a5dce1
b7e3ab4c
bd0c065d
bb4aa4af
b9eeec4f
ba287d90
3a94b18a
3beb2c0e
bb3e39f9
bbc5c4c5
bcb708ed
39d31c8c
b85e6f04
bd2ea92f
bb5a4c99
b9db35ed
baa55c41
3aca6db3
3c2295d9
bbad908f
bc18b333
bcf05587
39e6fc12
b86382f5
bd4c20e6
bb4db70f
b9d5df23
bacd1413
3b007697
3c42acd3
bbdf5a7a
bc3ac3f0
bd0f2e5a
b851e311
b8932b20
3e6e4ee6
3d056cb6
3bccf3b0
bc4c1fcf
bbb590a5
bca69c7f
bcf2cb37
bc2a00d4
3dcf095a
37b77325
b8d8842b
3e6298f3
3cf27932
3b9be46c
bc07e28b
bbc9ac9e
bcd6f0ed
bc8a6fc4
3b10b907
3ddd8107
385c9ca4
b90859e9
3e5a11c7
3ce63a53
3b93e036
bc03f196
bbc5af04
bcd00246
bc83f7bb
3b12f1fd
3dd5f9ac
389e77e1
b91b32a9
3e56496e
3cd938da
3b901eff
bc058143
bbc6f7ef
bccabd59
bc82dd64
3b03940c
3dd1e797
389c0c1c
b9240954
3e55bf3f
3cd435fb
3b8ee194
bc077232
bbc8a4fd
bcc93610
bc84a9bb
3ae22884
3dd11fe8
b9e43e21
bd46eeba
b9815fe6
bca9805a
b9a39a6d
baa2090e
bea78dcd
b985a7f5
bb96dae6
b8f90aaf
bb8beea2
b90dd81b
ba5558cf
bdfdc922
b87fa4f2
3ce4db2b
b706f0cb
3c07d74e
37611b7a
ba14e28c
bd1a80cb
36fdc214
3cba5b6e
378f3fc4
3bf1de68
381ca3e6
b95f8dc1
b990fb6f
b92894dc
bb5366e8
3ba97302
3a465d99
b94cb3d7
3a9471b9
3ad18fd8
bb46331f
bb788147
bb86a0fe
ba1acf85
b982dc96
39d48e9e
bc15f770
ba0e5df4
3afa4b58
ba8bb689
bb7a4976
3c0e8c87
3bfd5a12
3be6f3f9
ba7ff16c
b9977959
3c2700d1
bd286822
bb709b64
3bce0f3d
bbca683e
bc85efdd
3d0d9b89
3d0c4144
3d048bfa
bae2488b
b9b20b4a
3cf6ad36
bdcb7c06
bc211b27
3c80795f
bc828c8b
bd29ed17
3db1d330
3db18917
3dacad2a
bb2be46d
b9a9a883
3d789a3f
be3bcf75
bc9d8750
3cfe270d
bcf89b52
bda7046b
3e2a4492
3e2c899f
3e29ebc3
bb7ca0d2
b9b951fa
3dcf025e
be93f389
bd00d2cc
3d5416e9
bd47a6ad
be0a92d0
3e8b43c2
3e8e5733
3e8cebf4
3b9fdc88
b9bce258
be09aaa4
3ec4fd7f
3d26ba5f
bd830d5b
3d846e7f
3e31b2ea
beb195d9
beb48af3
beb3cf2d
3a9e34f3
b9b95edc
bc60003f
3d81f76e
3b7a820c
bae36460
3c0b3280
3c4815bb
bceeda30
bcdeeeb6
bcc74b2f
b930ed44
b9aef3db
3ccab81b
bd75075b
bc032243
3c69cc8d
bc3a2d27
bd0b5028
3d8b0823
3d91f600
3d91ca1c
ba30721d
b9a957d7
3d0916a9
bdc807a6
bc2f6860
3c7f40fe
bc88890c
bd2aa33f
3db21990
3db6fa4f
3db2bb1e
b9141a94
3c903d1b
b9653e57
3a9c4011
b878a4ca
b9c4d3bc
bdeeec62
b938b6e6
3c727e7d
b93cb540
3a87161c
b8196953
37edd258
bd9e116e
3755f686
3c294312
b8a250a3
3a17e28e
b79b677d
38bff17a
bd192f6f
389b9bc4
3ba636b0
b7afa51e
3936f32a
b6c112f6
3d4f3713
3cdaef96
bc884c82
bb6987f3
bd4ebf3e
bd4fc93e
bd4fcb30
bd4c1459
bd4b6222
bcdb7910
bc840add
3dba6d6a
3d498e1e
bcffb23a
bbd6fe5c
bdba1b19
bdbaaf02
bdbabfe9
bdb96e0c
bdb8df6f
bd483c78
bcf13650
3e06c4e1
3d953967
bd40c910
bc1f2027
be068990
be06b92d
be06dee8
be076358
be071950
bd92e1ca
bd311c06
3e30094d
3dc771c7
bd82f305
bc5507ad
be2fc73e
be2fae8a
be300b1f
be32a0d1
be324ddd
bdc29c25
bd6ac042
3e584881
3dfa4eb5
bda6a702
bc85ff89
be580242
be57774b
be5817a6
be5d8e37
be5d1f92
bdf2135c
bd92065f
3e7e352a
3e15e43d
bdc9e3cb
bca0eb2a
be7de4d9
be7ccdf8
be7dcd2e
be83550e
be8302f4
be0fc6b9
bdad6ed6
bf01defd
be804e77
3e261cd7
3d0d84b3
3f01b643
3f02d0ee
3f023f53
3ef86c79
3ef8d7ec
3e85cf45
3e212ef2
becadba9
be32bd94
3dd85336
3cc52c93
3eca0726
3ecd82eb
3ecbd0e7
3eb9535d
3eba1f68
3e45905f
3dee6db7
bea57667
bdfd7043
3d8a4e6e
3c8e3dd8
3ea44c86
3ea89b93
3ea698ed
3e8fa4b0
3e906380
3e16aae7
3db5e337
be93e0a7
bdcb96a1
3d49291e
3c69019f
3e9280a1
3e97363f
3e951838
3e77cef5
3e7913bc
3e004137
3d9ac77d
ba1f7c0d
bcf211b9
b9ecf785
bc60bfab
bbd6479e
390983b9
bec4dcab
b9982e66
3b3f9c78
b8dd56b7
bbf17b5d
3d43c75f
39aa1227
bdaa88fa
b81df812
3cbc0513
390a9c8b
bb4f6537
3d17f3f3
395af2f4
bb1a27c5
3795996b
3c829f43
38ea3106
ba8480ac
3ac0ff19
39bd53b1
bc94733e
3b5dfb6f
3b615bb1
bc845664
3b354ce5
3d020749
bd4b8a45
bd5cb432
bd7af12e
3ab6d134
3a82c96e
bcbcd311
3b5881e9
3b29e6e3
bc8557b8
3b486d16
3d037cc6
bd4cc25d
bd5f8d22
bd83a535
3ad15f86
3aa6292f
bcb9a2b0
3b6e0034
3a24c4b7
bbec2eb2
3ab432cd
3c5fcc45
bcb54807
bcd2a797
bd098919
3a9ee795
3a83d9aa
bc8f1f50
3ba84174
bb9ba1b7
3c17fac0
bb19135b
bca81214
3cf00703
3cf57bbb
3cc9e09b
3aaebf47
3aa8f900
bb5bf481
3ba0891e
bc4cf038
3d1c15e6
bbff3b1b
bda1a0f8
3df0fb7d
3e0044ea
3e016350
399ebaf1
3a8e23ee
3cbb0118
bb4d30d6
bccb4109
3da797b3
bc8cfee0
be2c7a2f
3e827209
3e8c164a
3e91edae
3b6923b4
3a19ca2a
bd5205d8
bd13868d
3c7dc13c
bd9c9964
3c14daa6
3e1eb50d
be5eaa85
be71a896
be8a21e1
3ae0a2d4
390a5a71
3ac910e6
bd07b0cb
bc3424c6
3cc2ba32
bc26a82c
bd43e7b8
3db18838
3dbe36b7
3db22ad8
3aae7902
3846f60c
bc4b0796
3c80e0d7
bc36e70d
3d169085
bbad499d
bd8fe877
3ddc4de1
3deb2a77
3de5d7a9
3a8b6554
b945247e
bd001471
3d567504
bbe4eef3
3cfb3a65
3a66e5ed
bd61307b
3d99583d
3da40fda
3d9bca0e
b9269816
bc31ca21
b8858b35
b92fe23c
3c88c894
b9a082cc
bdcf5cb2
b8da73eb
bc11f9af
b82098e3
b836dcb3
3c3f08c5
b829b39d
bd884f5a
b85ccf43
bbc8fbfa
b7a061b1
38840399
3bbbf1d3
38a2cbca
bd03a288
b6aabb15
bb41ec12
b6d61073
3b311122
bd4d828d
3d4f344b
3bbc6702
ba336c0a
bc0a834e
bba36e81
3d1c18fe
3d1b3bf3
3ce05eb0
3c8879d9
3b738b17
bdb85b05
3db9b597
3c299041
b8e6c364
bc64a8d9
bbff7a29
3d8d4865
3d8c9f48
3d4a973d
3cf6ac46
3b6c4b4c
be04d65c
3e05ab92
3c753b5b
3acc6125
bc956682
bc1af1a8
3dcd8d32
3dccbae1
3d92f59b
3d330559
3b1f28f6
be2cff11
3e2dec04
3c9fff9e
3b8bb4be
bcaea366
bc243bb6
3e0715e2
3e06ad7d
3dc0b2db
3d6aeebd
39b1e02d
be53e982
3e54de56
3cc43e46
3bffb432
bcbec3f0
bc1d885c
3e26e25d
3e26a171
3dedb9c5
3d9110dd
bb1d0a55
be786f86
3e795e34
3ce638b1
3c42b4a8
bcc6fcd0
bc0a8fec
3e451ed3
3e4525f8
3e0c47a9
3dab6e92
bd2344ba
3f03275f
bf01bc5f
bd6ee232
3c9eb8a9
3dcb4b2d
3d7f6fea
bec4574f
bec1828f
be8c0b1a
be29c210
bd570c69
3ed0a5e2
beccaa96
bd3be3bb
3d131a2c
3dcecdbd
3d901771
be9662e0
be930843
be57b35a
be024d32
bd7cc3d3
3ead7ae3
bea8b04a
bd1a12c8
3d434744
3dd2f589
3d9cc0d1
be6fe200
be68be61
be2d6c20
bdd0fba1
bd8852aa
3e9d201c
be97c793
bd09d037
3d5bf265
3dd5ea12
3da3ce58
be5312a5
be4bf014
be19b95a
bdb91520
b9bb9463
baba5b73
bc3f08ee
b96592a4
bc788796
b927fec3
be5873ac
b984d459
ba61cc7c
3b28e6a3
b8ea7fb4
3b300ea6
b8b3e18a
be073bea
b9128461
b9e01662
3b9121ea
b831eec0
3baab4d9
b8160401
bd78743c
b874796f
b91531e4
39347626
36d3f63e
3adc8851
3b0f0ca1
39d4825b
ba8c5c5d
39fc55c4
3b6c478a
bb8f2eb0
bb6196c7
bb519468
3a045535
37db0bee
3beed927
3b6f3770
3a2867ac
bb04f1ec
3a3fbe30
3c017403
bc04ec13
bba33adb
bb757084
3a8dc221
38209543
3c8d643b
3b97cd96
3a4cf398
bb431aae
3a42b351
3c5b0069
bc407a26
bba1cca6
bafe1962
3ae9a472
378c8c06
3d030520
3b8cf8a3
3a12fba3
bb63fd35
39c980b8
3c9bb6c9
bc5def2b
bacaf8b4
3b899313
3b312ee0
37fc7d47
3d527298
3b106a28
b8852951
bb3f18ff
ba02cf7d
3cbfa04f
bc3f11ab
3be7592e
3c85ebf3
3b6e59e4
37562803
3d98cbf8
bb1914fd
baaa5a5d
ba74031a
bb07649f
3cce6b3f
bb8a05c0
3cb75350
3d130ecb
bbd60f96
33ecc19f
be0b87fb
bc15cda1
ba40d6ba
3c020c04
3a183d1e
bd78103b
3d061cf7
bc7b4ff3
bd2b0329
bb660742
b834aa8f
bd87483d
bca5eadf
bb7d791a
3c492f20
bb6fadbc
bd52163f
3d48c87a
3cc9903f
3c389509
babf6ae6
b88d5cb1
bce025ee
bc91d0cc
bb806541
3c24abe8
bb84b6e8
bd0c943c
3d2524d1
3cf43252
3cc177a6
b9f93ed7
b8bb623f
bc356da4
bc5ed2f5
bb5777a4
3bf27974
bb64ff0a
bcbaa9af
3cf69a02
3cd25304
3cb9268d
b7d43bfc
b96cc8b0
3a8a7099
b99d1568
bc2bc55e
b996c142
bd58569e
b78aac28
b8a16253
3982cb36
b8cb774d
bbe28e85
b935cbe7
bd089b93
b7156393
b7681481
b96f54c5
b6e30dd4
bb4b57d5
b89e6135
bc7a9167
b64c9a4c
3a570cac
ba9a5dd3
3ca861c8
3ac18501
b885591e
baab2b03
bb1824e9
ba195af2
3b643186
3b9ab7f5
3b77c928
3aa008c3
bb318867
3d137dfc
3b2ae561
38c97e41
bb0a4671
bb7b6421
b9c9849c
3bdaab99
3c0cd5ad
3bdf5c51
3ab3b29f
bb9da2e5
3d5090b3
3b73d58d
39fed8db
bb3012b4
bba5187b
39f0d303
3c290804
3c4f36bc
3c22a18f
3aa79650
bbf355b3
3d85ead4
3b9de1bc
3a8f45d6
bb475391
bbc31edb
3af572d6
3c6bb6d9
3c8a42a2
3c56ea7c
3a822e6c
bc2acb71
3da22128
3bc06882
3af4687a
bb520ca4
bbd8ba8c
3b7490cd
3c9993fa
3cad8c3d
3c85c9e8
3a19553c
bc5ecb91
3dbc225e
3bdfeb35
3b31d943
bb52edac
bbe7b11d
3bbf24e6
3cbdecfe
3cd037d4
3c9f7f8d
3c14d6f0
bc883323
be735fff
bc810297
bc8d5d12
bbffd76d
3c145508
3cb9980f
bd08c41f
bd4f8694
bd32355d
3c023674
bce3723e
be51b7c2
bc5829e0
bc759b9d
bc035844
3c04339e
3cfad515
bca48703
bd1f12a3
bd0f78b4
3bfb7abf
bd0f778e
be3cbb91
bc3d0667
bc65292f
bc0dfcba
3be6a7b0
3d12283c
bc447782
bd018ded
bcf52ccb
3c01b8e6
bd1cedd7
be33db86
bc31572c
bc63e1c3
bc19223f
3bcd1b0e
3d1af425
bc0eff1e
bceb1e04
bce4794e
b9cbc1bc
b81ca4de
bb2397cf
b83f39c4
b89c18f9
b72c715d
bcb7e30a
b9ca799c
b78a11c8
3a50fea9
b7cb3e74
39df50aa
b610032b
bc45f54f
b91eb02d
b6b19edc
3a60ce2e
b7274c84
39c49a8e
35275fd2
bb917566
38eaa11e
b76ed3eb
bc24b78e
ba83e310
b93419b3
b92d6149
3994e793
3b02f345
ba25db9a
bad19e0d
bbd048d4
3936b331
3548c25b
bc8c41f5
bae6e05b
b9a5b0f3
b9804b5b
3a02271c
3b5dc317
ba98bf58
bb2d2931
bc304e97
39708bfd
b723d55b
bcc07cab
bb119df1
b9b8e8d6
b9c64aa7
3a42d66d
3b9c2388
bae4356b
bb7ec5d0
bc77433c
3995106d
b801d3d4
bcf00918
bb259422
b9d94c14
ba119ca5
3a7a9ea4
3bc9c80c
bb27e364
bbac8e2f
bc9c2797
39a5186d
b7fd8a87
bd0c2ccb
bb2b793e
ba089d4a
b9d47ddf
3a96deac
3bdecbc5
bb1f3774
bbb2c0ed
bcb1c8d9
39acafe2
b8362d17
bd1b3442
bb490d07
ba4a101b
399325da
3a9463c3
3bc7fc8f
b9b94f84
bb6c77e7
bcb10f0f
b931c8d0
b83e5c2b
3e7d7943
3d036cdf
3bb86307
bc1fee89
bbdb6311
bce6254e
bca7c5d2
3a196b9d
3df3252b
b917f5d5
b893fdef
3e772abb
3cfe06f9
3bac499c
bc11fb0f
bbdc8d3e
bceb9c51
bc926dd4
3b38031c
3df2522d
b900c7a3
b8b327c1
3e74254b
3cf77787
3ba9d190
bc12d990
bbdbe4e0
bce7c024
bc925b5b
3b27460d
3def43ef
b9019d16
b8c50572
3e73e624
3cf65028
3baa9aeb
bc15e831
bbdbca69
bce57b6f
bc96e951
3b01a4f9
3dee6282
ba32d6d0
bd82f2e7
b9a4e085
bcf3586b
b9db2c6e
b803a405
bea9913c
b9b7f214
bbfb34b9
b918cfef
bc0e2637
b944ac52
b9929adf
be0bd84c
b8ee17c0
3c58ae41
b8359d65
3a6889a2
b8469099
b90dae24
b97fcb99
b96afb05
badbff7d
3bd4c982
39bd5064
3aa591a4
3a7b6c3b
ba93415e
3a8b7420
3a85dfe5
3ab1c34b
b9b339a3
b9b91d9a
ba8c73e6
3adb8358
38fe4100
3ade07f9
3989464e
bb1bbe26
3b8a02e6
3b7f627c
3b82b9da
ba1460c7
b9e95cc1
3b1418fe
bc5f1851
ba876b73
3b187043
baf6e617
bbb28478
3c44e999
3c3e7606
3c2af184
ba82806d
b9ed9b50
3c3a2006
bd3daad7
bb7b4aaa
3ba98ed6
bbddc896
bc71f96f
3d0b7f4b
3d0621fa
3cf9ea96
bac6f02a
b9fca582
3ce1e1cb
bdc932bc
bc0f8812
3c3c5af9
bc77cc20
bd07ca8b
3d9613b8
3d93ed16
3d8d4b2c
bb17d9d9
ba05eec8
3d5c89ef
be330278
bc883a2e
3cb98afe
bce2c7e5
bd84321c
3e0d68b9
3e0da1de
3e093d52
bb5de05d
ba02a252
3dc48064
be910904
bceff036
3d33d567
bd4060ba
bdf5b3ef
3e7cb454
3e80607a
3e7cf645
3bb0cd58
b9d8f4b3
be051648
3ec25e48
3d2497e0
bd871016
3d81f449
3e33d2a5
beb2c296
beb52c8a
beb3e9b0
3af79bb1
b9d87861
bbdcbf52
3d5cdaf8
3b3b7019
bb23a06c
3bd4feb2
3c4d16da
bcd8cdbf
bcb73f7f
bca074eb
39b954cf
b9cdc09e
3d2a31f8
bda5e592
bc403045
3ca153f7
bc84b760
bd438b4f
3dc1367d
3dd02f12
3dd5372c
b9888113
3c8d011f
b991dc96
3aba82d0
b7cbbdab
b9925e45
bd9a44f0
b918db51
3c4fb7de
b93387ac
3a8b7375
b762d49f
b88738b3
bd186663
b7401447
3bd30b75
b8936205
39f67461
b691b371
3d14348c
3c9deb2b
bc3ff68f
bb250ee1
bd13df22
bd147b2f
bd14b229
bd12baa0
bd118f96
bc9ca193
bc3baf67
3d86dd30
3d13c90f
bcb87055
bb9ad183
bd86a2e3
bd86ea89
bd872252
bd8711e6
bd863d55
bd113d80
bcae7a30
3dc55f78
3d5e8977
bd0e4c65
bbe998ac
bdc510a6
bdc5164a
bdc58982
bdc7fc97
bdc72915
bd589ad7
bd026277
3e028519
3d972d5c
bd457d21
bc1f4918
be025da2
be021801
be0282a0
be05c942
be056422
bd91cfd1
bd2fc04d
3e226a6f
3dc0d2b6
bd803cfc
bc4bef80
be2245b0
be21937e
be2239e7
be284b30
be27e774
bdb84897
bd5e501a
3e417083
3deabe70
bd9e765c
bc794bdb
be414b44
be40135f
be410b3f
be4a7175
be4a0004
bdde7033
bd86393a
3e5e33ea
3e096236
bdbba74a
bc9285d0
be5e172a
be5c4586
be5d978d
be6a9a73
be6a00ec
be012e81
bd9be271
bf0c2545
be89407d
3e30eb10
3d175823
3f0beda5
3f0d38d3
3f0c90c6
3f058daf
3f05ceb8
3e8fc5e9
3e2d41ea
bef48e6e
be5e0f4e
3e08a96c
3cf4ecd7
3ef3a6d3
3ef75532
3ef591f3
3ee2180a
3ee2db88
3e71a04f
3e11c851
bee3c40a
be44c0a7
3de9d03b
3cd97e18
3ee28c94
3ee6ca1d
3ee4d985
3ece9b1f
3ecf68ed
3e5b99ce
3e049519
ba0dd93f
bd084e5e
ba07eab5
bac3769d
bc0e5a09
b8a7f7e9
bec8c38c
b9836244
bb89e4b2
b9475c3a
ba16610e
3cc50ba8
38591997
be10208e
b892f562
3bd7f725
b75c351e
b9628aeb
3a1d9c01
b81f157b
bb9b7927
bb832d2c
3a1375c5
bbac0955
b854c29d
3c1ed6f4
bc5d001b
bc710582
bc914fc6
3a80abdf
397b3828
bc0ff368
bb8e11d7
3a666534
bc0a336e
39eea60b
3c7d436a
bcb68de7
bcc7441b
bcefe6f2
3a8e5cc7
3981c821
bc592de0
bacd05f0
3ae11e56
bc255157
3a8efd96
3c9d193e
bcea249c
bd023f14
bd1acd55
3a72a53e
39a3023b
bc904407
3ba3a17f
3ab492f3
bc297a7b
3ae6b161
3c9cdc7b
bcf83ef2
bd0aae54
bd2597bf
3a9987c0
399285bd
bc8d5b96
3c47ac00
b9324008
bb0c21a0
3a9f4e94
3b68e7c3
bc126d4e
bc39b41d
bc81dd8a
3a39d3e6
38fb63de
bba39347
3c4af8f8
bbd0d1aa
3ca67a7f
bb47ed0c
bd2f3d21
3d7a8611
3d841128
3d86c75f
39340792
38b17ec2
3cb3d167
b9eac415
bc94cfb2
3d773bc8
bc51d2cf
bdfeca3c
3e3f7917
3e4de5e7
3e5902fe
3b68087b
b9e8024b
bd41caf9
bd1b4db5
3cc1919d
bdd4435d
3c5a5879
3e54893c
be998f78
bea4dc26
beb529a9
3af35d14
ba1362c1
3c26893c
bd1614e7
bb833aec
ba2f5a69
bbd4f998
ba3bcfd7
3c8305d1
3c913af8
3c510695
3a7be27e
ba450997
3c957e4d
bc24f92e
bc3876b4
3cff08c4
bc14dc87
bd8114d6
3dd24350
3de6a70e
3df1410a
b93afaa3
bc152804
b7e7fa94
b9409550
3c627800
b9955b04
bd80ac96
b8f0451e
bbd79481
b774f7f8
b6bc713c
3be606be
b81d86c1
bcfd033e
b816f002
bb55b7ea
b6aa41ef
3afb094a
bd13635f
3d1477f6
3b86ff21
b9f41aa7
bbc634d0
bb68a9ce
3ce03157
3cde7ece
3ca0a315
3c432372
3b2023c1
bd859503
3d86730b
3bf5ba43
392fbb25
bc219baf
bbb0a773
3d4d745d
3d4c2c8f
3d12d28b
3cb29051
3b01ea92
bdc2a878
3dc3b8d7
3c33d220
3aeb0ea7
bc4fc44b
bbcceb00
3d977106
3d96af36
3d57cd13
3d03555e
3a150d03
be003794
3e00cd84
3c6d9b91
3b8f55f5
bc6dd11f
bbca4619
3dc9bd15
3dc8fd2e
3d8f577d
3d2ea369
badd5646
be1eeddc
3e1f8669
3c93970f
3bfe8a4d
bc7cd552
bbab6773
3dfca830
3dfc21bf
3db32c60
3d5a8937
bb96a44b
be3ca4a8
3e3d376a
3caf6289
3c40a5b1
bc7e72f6
bb6bc2fd
3e175458
3e174d49
3dd66149
3d82ed22
bc00a0be
be581cb1
3e589556
3cc8d4ef
3c82f8b1
bc75b096
bac81146
3e2eb1d2
3e2f0859
3df7695f
3d9755ec
bd3a3b1a
3f0d798e
bf0c5514
bd80f879
3cbe86ab
3de0a4a2
3d8f21d3
bed3038a
bed01968
be96e5f2
be36f847
bd693689
3ef9cbfe
bef69067
bd623e99
3d17d1f3
3deabb8c
3da0c560
beb593c7
beb225c5
be8265ad
be1dcc40
bd81356b
3eea72a2
bee68137
bd52f757
3d3564ca
3df0fe67
3daaa784
bea79c70
bea408f2
be71ae5a
be12267f
b9d1c1cc
b94213b4
bcaf009e
b989ee99
bcd9cca5
b931aa18
be34294f
b98cda28
b937f8f8
bbd8577e
b8f59546
bc0361c3
b8a56bb3
bdabbc39
b900d054
b8a6ff13
b88092fe
b8060b62
3963cf69
3a044767
b82081a7
39f793e4
382e18db
ba3d84f7
3a99b35d
3aab5e58
3abcca01
39316c3a
b83838e2
3b4db531
3aeb23f9
397ff929
b9dd7a26
3992e900
3b1ab80d
bb0aec6f
ba56efab
b907840d
3a144d6f
b874390e
3c18688f
3b65cb79
3a29780d
bb07da62
3a1f180d
3c0746ce
bc04a3aa
bb928b31
bb3731e4
3a9534b2
b86363f3
3c9cacee
3ba55d51
3a8832e7
bb8634f1
3a74692d
3c82ca9e
bc781932
bc02ffa7
bb9465f3
3afc72eb
b88a6644
3d070c15
3bbde1d7
3aa56f48
bbbc88f9
3a739634
3cc50c44
bcacd3be
bc14ccb8
bb4ae958
3b387a78
b8a99216
3d51b4d5
3b8a7a52
3a74b7ab
bbcfbfa9
39a4b82b
3cf95e05
bcb8429d
bb8ba7d8
3ba48c84
3b770de2
b8bd8bc5
3d96db7f
babb9db6
b9a5d20e
bb941605
babdb1b8
3d030399
bc790833
3c2d5269
3cc45d51
bbd67be3
b8b03595
be0c9e18
bc35646f
b8ebc4c1
3ba70684
3a36e23b
bd6712d1
3ccf6b22
bcc32d3f
bd4efb59
bb8838ac
b9028755
bd953b49
bd009c42
bba5b001
3c6db77e
bbb5b622
bd7d4590
3d7b090e
3d063f47
3c9174b3
bb4393c0
b914db52
bd335e3b
bd1b1439
bbddddbb
3c8c9d47
bbfc9eb5
bd771f90
3d92437b
3d57418f
3d300949
b718f6e7
b9a2608d
3a930c37
b9ce11f6
bbf6d632
b9971b75
bcea746b
b6c4a4b1
b9000183
39a9a483
b914e264
bb69b0cb
b90b658b
bc5af71d
b6160760
3a689545
ba6a7cb1
3c69481d
3a84be71
b9bc847b
baa335b9
bafcfe01
ba0a4ebf
3b15ee65
3b535ee3
3b29fe52
3ab2e100
bb0b659a
3cce10f8
3aee2ac8
b9e4c128
bb057c95
bb511f05
b9bcd3f7
3b93bff7
3bc2d6e8
3b9a7e08
3ad364dc
bb7d6cbf
3d13122c
3b2cb16f
b99781b6
bb2c60ae
bb894d8a
39c5b8ef
3beacb24
3c116438
3be34411
3ad62c76
bbc72c6d
3d3ebfc6
3b635d7e
38a21d63
bb464a77
bba1f2fd
3ad67475
3c27dbb8
3c44da22
3c17d236
3abefab2
bc0e1ced
3d695fa0
3b8cd05e
3a25285f
bb5426dc
bbb30d01
3b5a6fa6
3c5ff207
3c7ad90e
3c3f53d8
3a93518d
bc3c9d51
3d88f34b
3ba656c4
3aac203d
bb570300
bbbdb3c5
3bae4f48
3c8dd5db
3c990aae
3c67769f
3a383eb4
bc6b6ca5
3d9b6045
3bbc81c7
3b05b563
bb519dc6
bbc39f0c
3bf1782a
3cabb8c7
3cb4031b
3c876a04
3c1713f5
bc8ab174
be83ab45
bc8c4007
bc941cdd
bbfc739c
3c2a23f0
3cc45a09
bd1553ef
bd616c99
bd411f33
3c05e384
bcce493f
be73c831
bc80d5fa
bc86737a
bbf56a31
3c27af7e
3cf6f633
bcddfcfb
bd413d23
bd2a4610
3c01a0e3
bceeb3d3
be6b6fc9
bc77a948
bc821af6
bbfa60f7
3c23f382
3d077385
bcbc8e71
bd337d0c
bd20bb1d
b9793ef9
b76da451
392c759e
b7987467
390c8bb7
b675d622
bc1e1119
b8f89f35
b6aee02c
39b848d2
b701c67e
3935eb27
b53f60e0
bb715ede
38851cc7
b710361f
bbc2a079
ba20a575
b8e0a608
b89a2211
392b7d66
3a94a65f
b99d6d5f
ba62eb35
bb7118ab
38d12659
b60661cd
bc265ba0
ba8d6929
b94e9a60
b8d38301
3995ebdc
3afbf74e
ba0f0c62
baba6a22
bbcc923e
390a7fa7
b708737b
bc654778
bab664b9
b9729524
b922fbd1
39dec1fc
3b3128ea
ba532fd3
bb0813cd
bc0f7825
392bd721
b7ae42c8
bc8f94d6
bad5c244
b993cfa8
b96b91a5
3a0e2145
3b63b2bb
ba98def5
bb359727
bc3503a1
39403c96
b7b248b3
bca8928b
bae7cf86
b9bcb456
b8d97f47
3a299951
3b79e618
ba7dc8e6
bb35f16e
bc4e03ed
394a4a38
b7f3e461
bcbbe881
bb0ae161
ba08f108
39ab5191
3a25083a
3b5e209f
39b7db59
bad228fc
bc4d973a
395a1566
b8029a62
bcca0f93
bb2e6cad
ba4b1db2
3a869136
3a08ac83
3b1eeff6
3b214861
39fb8d2b
bc3aab7a
b9a3a094
b811000a
3e85fec9
3d079654
3bc3e9fc
bc24e251
bbe8972d
bcf63366
bcaaa35a
3ab5a6cf
3e01520c
b99a9d30
b83b6a5f
3e85173d
3d059b57
3bc18202
bc242cbb
bbe8e501
bcf545bd
bca8a917
3ac5b00f
3e00d352
b99ae706
b8547657
3e8542ab
3d056bb3
3bc1e990
bc259b2b
bbe9ba38
bcf54731
bcaaaa46
3aaed358
3e011979
ba06959d
bd907283
b9a53bbb
bd1e689a
b9f79d73
b7a1d04e
be8bdef5
b984b329
bd0bd383
b928dc8d
bc9d57f9
b9792d1a
376b18c6
b9cbbeaa
b959caaf
b949b18f
3ba301d3
38a0eb4c
3b1f5337
3a2b418d
bb5bb873
3ba02a18
3baabc6d
3bc1be09
b9e60b2e
b9d274dd
ba4315dc
3ba6210b
39c22f0e
3b1c06e9
3a43e038
bb40fd2a
3b95ab27
3b978597
3baae18b
ba28699a
ba06d273
ba594f50
38032ae9
39c57f5b
3aab03c3
39d0ba40
ba8e5b37
3b3a8dfd
3b28372a
3b05143b
ba69cec5
ba13b5a0
3ac0caba
bc637d98
b89e893a
39dfd197
ba8d5bda
ba2db882
3bbf4186
3b8db077
3b30ecce
baa3001b
ba2a13c1
3be5a2e1
bd211729
bac6f06f
39ca6898
bb90bafb
bb44d101
3c762928
3c4c19b1
3c1a36d4
badb3b58
ba35cd41
3c99661e
bda86233
bb9a9300
3b176ddd
bc2db006
bc409bec
3d1bc26a
3d0e75f2
3cf5c682
bb19d49f
ba3a7342
3d370b32
be1e826c
bc44ace9
3c4d5579
bcb9581d
bd2790bb
3dca21e9
3dc706cd
3dbc2453
bb67c56a
ba3390dd
3daf874b
be852307
bcc7ea78
3d087a9a
bd28d79b
bdc07d71
3e50d436
3e53ae84
3e4df690
3bb48c54
ba4a08a4
be1279cf
3ed7149f
3d409579
bda0166a
3d93c9aa
3e55834d
becea19f
bed1c8bc
bed15c3c
3b28e91a
ba490ba5
bd05edc7
3e1bf8c5
3c64f46a
bc96c6e1
3cc31f32
3d739faf
bdeea260
bde2fca9
bdd720ba
b99e1c70
3c44231f
b981edd2
3a962a7b
b7063eca
b98d9044
bcfde9d6
b91b297a
3bd1b692
b905506c
3a214904
b6329f29
3cb8e624
3c496621
bbf04966
bace419a
bcb8872b
bcb8f1b2
bcb9905e
bcb9154f
bcb6c6f8
bc4475b6
bbea76a8
3d29c34c
3cbec1eb
bc6b3469
bb4431c9
bd2984f4
bd298b58
bd2a1d8c
bd2c132e
bd2a7730
bcb87fc0
bc5d0912
3d7ac609
3d115a43
bcb89784
bb961858
bd7a780c
bd79f9ac
bd7af51f
bd80b4fa
bd7fcb38
bd0b4d17
bca76d27
3da763a2
3d47c0f7
bd021071
bbcf5a49
bda74369
bda68a7a
bda75522
bdadf589
bdad362e
bd3dc900
bce48bbd
3dd23f9d
3d80cbb4
bd2b4cb1
bc064e8d
bdd22a73
bdd0c5b1
bdd1ea5e
bddd0504
bddc6374
bd72a5ce
bd12552e
3dfccb52
3d9e8267
bd568663
bc260c33
bdfcbd5c
bdfa8a05
bdfc230b
be06456c
be06018f
bd9421dd
bd32da71
3e12a1d2
3dbba098
bd80b87c
bc459bbc
be12a5f5
be111271
be1221ea
be1d3e90
be1cf0fa
bdae06e4
bd522b2d
3e249b6f
3dd61f0e
bd945994
bc633348
be24aa58
be22927c
be23f131
be31fc28
be31731e
bdc5207d
bd6de59c
bf1d21b4
be9dfe23
3e4ddc58
3d2da503
3f1ceba7
3f1e1377
3f1d80e0
3f17625c
3f179caf
3ea36ec1
3e44fe2f
bf169d96
be938c41
3e3d0596
3d216439
3f1636b7
3f17ad74
3f16ff4d
3f0f89e0
3f0fe60b
3e9ab644
3e3ab91d
ba069b23
bd4c5125
ba27652d
39d17e15
bd29762e
b9463629
bea9c761
b96c72d6
bc9754e3
b988e10b
391b6322
b94addb1
b9597580
3b18d50b
bbe1b75a
ba6d4c04
3b03d22e
baa00bbb
bb8879d4
3c11679d
3c1905ce
3c12df1c
39ac76a3
b986d5d2
ba6faedf
bbdaa04d
36aa9d72
bae9efb5
ba2a1cb1
3b3b5651
baf5a811
bb18bec3
bb8920fe
39991029
b9b07673
bbf47903
bb2ab2ca
3b0a352a
bc09f31a
3a966195
3c8c8e76
bcc745b5
bcdbaa1b
bcff3a32
398cbd2b
b954be4d
bc87b5fa
3bd53d08
3b9b4eb1
bc8cf9e4
3b8c5847
3d0fba32
bd5c15e9
bd7142e2
bd85d1d5
39ba47c1
b9cacc0a
bcca6173
3c95a352
3be6d6ba
bcb41e72
3be3bad7
3d3f1c77
bd9880c3
bda7c682
bdb6e3e7
39b87088
b9f45dfd
bcca79c3
3cdbf67c
3bc8d832
bc8d73cc
3beac4d2
3d178beb
bd7b90f4
bd8aa1b4
bd9603c2
3908474c
ba0406ab
bc2413ad
3cc5ce33
b923e174
3bb532e3
3b04a06a
bc1a8757
3bfb5afa
3c15cdea
3c1d671d
ba36e8be
ba0d0a7c
3c9f33c2
3bd16e1f
bc4f3aeb
3d3dcdc5
bc075c46
bdbf358f
3e0fbd0f
3e1ae2c4
3e250bc3
3b4f135e
ba83b484
bd338f40
bd048970
3cf1089d
bdf1544b
3c90fa5b
3e764f5d
beb10409
bebd1d81
becddf39
3a99f8ad
ba9544d2
3cb4248d
bd86a181
3acd1070
bcce2a7f
bbaddc32
3d4d7717
bd4ca66a
bd4bfe06
bd642d03
b93a4a46
bbb79e6f
b7197b5c
b918c8b0
3bdbe66c
b9645a32
bccd5c50
b8a96dac
bb3f8893
b65dca24
3a955727
bcb82976
3cb91ff2
3b285de6
b976b09e
bb73c8cf
bb0d54c3
3c8c62ea
3c8b2dcf
3c48b16c
3bf3a2ea
3aae2e06
bd283ff1
3d28ffa0
3b9aa52e
39a2c3ba
bbc46431
bb5023cf
3d01ed0d
3d00fb52
3cb91e85
3c60fae2
3a52bbad
bd7742d9
3d78200e
3be47a6a
3acfb34f
bbf85430
bb65779c
3d417f8c
3d4058cf
3d095c83
3ca7133e
b9d93b54
bda4448f
3da4b360
3c186d2a
3b69c3ae
bc0b0277
bb4e97fd
3d8230ad
3d8192bd
3d383758
3ce041ca
bb140259
bdcd62a5
3dcdc3a4
3c3f3489
3bca1ccf
bc0f6baa
bb0eda85
3da4b24a
3da42750
3d686b4a
3d0d9a79
bb96efc6
bdf5f534
3df63f82
3c65692f
3c178a57
bc0a65a0
ba35fc79
3dc74b12
3dc6fc8b
3d8c5f5d
3d2b4501
bbeddd73
be0e3436
3e0e435e
3c84a085
3c4e1e7d
bbfbc3d3
3a954bf6
3de8771a
3de89e63
3da3a67d
3d47fe23
bc22779c
be1f3e40
3e1f2c28
3c943e7a
3c819831
bbda3ec0
3b491b51
3e030fde
3e0375ec
3db898ba
3d61fd65
bd3ee406
3f1e37a9
bf1d841d
bd90a8b9
3cb2346b
3df1f7b6
3d97b6da
beed0995
beea3f97
bea9b704
be4e04ac
bd57840c
3f186338
bf1740fa
bd8af900
3ce9c86c
3df9adba
3da1e488
bee2147d
bedeec51
bea21881
be44a114
b9c20802
36b2ccfe
bcfe0026
b93e04d0
bd0d8e50
b904eb87
bdbf44cc
b949c6f8
b7e8985a
b94e4f47
b84013cb
b759a3f9
b9c770c4
b981cfc6
3aad06f3
b92d2f69
bb3a404c
3b8606d6
3b828562
3b88ed85
b849b0b3
b8c4a4c7
3aae6b5f
3a26a7b5
37cb0f90
3a2b4739
37f795a4
ba5d7ae6
3ad82344
3b0711fa
3b27ab47
3933caff
b9015144
3b97386b
3b1e4674
3a0534fd
ba8ffff7
39fb46d6
3b905b63
bb97a050
bb40e5ab
bb04a539
3a16180f
b8fddfd9
3c26772e
3b99a854
3aa0e2fb
bb6f35dc
3a96afe3
3c4603da
bc5d0e11
bc205384
bc01499d
3a919b17
b9237ad0
3c961ef4
3be41d7b
3b001aa8
bbd32352
3ae2bf7d
3cae40a3
bcbff891
bc89d3c7
bc5d2c09
3aec8112
b932e826
3cf39e39
3c020af7
3b1d1c36
bc121bca
3afec829
3cf79235
bd00deb8
bcab2dc4
bc7f3226
3b28dcc3
b93f7088
3d3a4891
3baf1914
3b05a8d7
bc1731f9
3a99789f
3d0ed1f5
bd020a9b
bc805000
bbf6e436
3b522ccc
b9349d0d
3d85890f
bb44dd62
3968f7d1
bbbed18c
ba8fcc27
3d027582
bc9623f6
3b8196fe
3c7ac3ad
bbf101ad
b9575e73
be18ebd9
bc70244a
35ffd48f
3bb2593a
3a1fb150
bd7c8002
3ce750cd
bcd4d563
bd623542
bbd28e72
b969fb66
bdd77a64
bd36a3fa
bbd02746
3c9f7bf9
bbe8374f
bdae78d6
3da8c5c0
3d27b211
3ca09d87
b641093c
b9b00661
3a27acd4
b9ca1865
bb567fae
b94d63d3
bc25f293
b5abf2d4
3a3d860d
ba1e97dd
3c0c2bf4
3a1dd8f0
b9d457f8
ba790454
bab124c5
b9c69928
3aad6df3
3afcb59b
3acc4125
3a94c73a
babe83c7
3c794ffb
3a8fc5aa
ba152d1b
bace058d
bb12be67
b9877aeb
3b2e4e0b
3b6a93b1
3b3a0927
3ab515d6
bb2e752a
3cb3422d
3ad38da5
ba1470f4
bb06ccb6
bb411a93
398e2283
3b8d3777
3bb08fa9
3b896a94
3abfb6ee
bb89fc1f
3cea49e3
3b0d4ee3
b9cffaf2
bb1d80d4
bb6415ed
3a9add96
3bcd7526
3bf135f3
3bb89671
3ab67a9e
bbc63b38
3d1077e7
3b31839a
b8a479d7
bb2b6832
bb7c3861
3b1ee1c8
3c0b3e15
3c1b1e50
3bea0ed5
3a9c4033
bc049a50
3d2aff3e
3b5479d1
39bbbe4f
bb30bbc8
bb855528
3b8008d2
3c332d10
3c3f4421
3c0eb992
3a6b625e
bc273eb8
3d43d1a8
3b735c77
3a623efc
bb2e32ef
bb88aa7e
3bb3719d
3c5cebbc
3c641ee9
3c2929c9
3a14db52
bc47e62a
3d599898
3b857073
3ab23168
bb257685
bb89763a
3be32935
3c82e5e1
3c83e992
3c434f27
3c16ca1a
bc62436b
be9111b6
bc9c6c27
bc9baa2a
bbe57ae4
3c48f44e
3cbb1b4e
bd2e9f67
bd7e015d
bd5739ae
3c0de751
bc8fb3c2
be8dd5da
bc9a3b5d
bc95f99c
bbdbc73f
3c4b6c7c
3cd1eee9
bd1d89b5
bd7070b0
bd4d6d34
37a4542b
b66eaf20
39b94b19
b69a0f65
385a14c1
b577fdeb
bb315a4b
37eb7ee3
b69f3c48
bb3a4a25
b99c0dde
b8661ee5
b78665fd
38a063fe
3a055804
b8ba5fc3
b9ba7966
badf3589
383c320c
b6420646
bb9fe5d6
ba0b3de3
b8d19eee
b794b2e1
390bbec5
3a63aac4
b92fae51
ba1a2314
bb3e857a
387bec28
b6c16c25
bbdd5d81
ba38fd1e
b900569a
b80b267e
394dd236
3aa0eb16
b9859e4b
ba625f40
bb861c43
389c918b
b7479220
bc0b36fb
ba6283c7
b92078fb
b858e418
3981f287
3acebed6
b9c2cea9
ba95ee36
bba9782c
38b08893
b7515171
bc245041
ba821094
b94e0a5e
375e41bd
3999111f
3ae38b23
b978d688
ba924feb
bbc1b7d9
38bb10d5
b7885e21
bc386f9f
baa153ca
b9921007
396065bb
3992ec1d
3acc714a
39d029bc
ba13a80d
bbc388d5
38cb4c61
b794c02c
bc47f213
bacd9f72
b9d2df22
3a0c580b
396d2370
3a95965a
3ab62c1c
39d28c15
bbb4c34d
38ceea1d
b7a245fb
bc566606
bae3c9a0
b9e33c0b
3a1a6089
3975f600
3a9cb9c0
3acbfa76
3a0068a4
bbbfc068
b9db2930
b7ac804a
3e8c5fae
3d0bb889
3bd04bd4
bc2dee97
bbf22c2b
bcffb215
bcb4980c
3a9724f0
3e071fc1
b9da8e1e
b7c66f57
3e8cc922
3d0c51d4
3bd1cc0a
bc302e5a
bbf29415
bcff758e
bcb815b3
3a5cd460
3e0786df
b9a657eb
bd91ce77
b93ea920
bd000a0e
b9a54921
3928258b
b99f42bf
b8bf3034
396df462
3b32373b
b7cfebc1
3af2e61c
39b037da
bb355e3e
3b869af9
3b8f167d
3ba1d3b6
b9ad5cc8
b9645b19
b99239f3
3b6af952
398bf748
3ae94078
3a0a072a
bb169bb2
3b5ca6e2
3b643a77
3b8409f6
b9f6a07b
b98cec84
ba64dc49
3b174c03
39f7442a
3a52ab75
3a2f495c
b97466b6
3a0c300b
39d95f4d
39a6d8e3
ba18ca80
b99b64be
ba24ff49
bb40cd22
3a31b307
b9f3a0d9
39c7434a
3aff7aea
baa8b1cc
bb1141e1
bb440cda
ba4b6480
b9ac1861
3a5de2da
bc622cb7
39f2a730
baf245f5
ba3f294c
3b7a9c77
bada21b2
bb65871e
bbabe53c
ba7ca198
b9b2410f
3baeea9b
bd0b45f2
ba12dc43
bb304588
bb592c37
3b5b53ac
3b73445c
3a8c674c
bafa0688
baaa4346
b9b1c70a
3c9590a1
bd93321e
bb803525
3a8f411b
bc178535
bc0fd562
3cfb6611
3ceb8f78
3cce467e
bb0039a5
b9a2b2ee
3d2b7765
be07e130
bc3241d2
3c4a8856
bca2bc3c
bd1aa3f8
3db6af1a
3db7d76f
3daf8c38
bb2fbfc1
b9b606af
3d957aab
be533067
bca48743
3cef56f9
bd086140
bda28dad
3e2e4ef4
3e31f8f6
3e2ef37a
3bd9e87f
b9a9b628
be346942
3f064c42
3d6a1b38
bdbb2145
3db69421
3e7c71c1
bef98971
befc801d
befa2e2c
b96de91c
3b8b4fe4
b90612e7
39fe96da
b5949804
3c2e008b
3bbf0eb7
bb5da215
ba40d7d0
bc2da22a
bc2df076
bc2ebc4f
bc2efd1b
bc2c2c43
bbb899e8
bb5b9c23
3ca06ced
3c3617e9
bbdbaaa5
bab8cace
bca02e44
bca01db9
bca0d5ed
bca37909
bca17ee5
bc2e88dc
bbd09ea4
3cee0081
3c8b98d2
bc2e4e50
bb0e61be
bcedb47e
bced1481
bcee41b9
bcf5c075
bcf3b538
bc84a14e
bc1f28e3
3d1f8a7e
3cc0f163
bc77f875
bb45fb4b
bd1f6c98
bd1e9d42
bd1f8546
bd26e02d
bd25ea2e
bcb5c980
bc5aaf73
3d493bdc
3cfa2815
bca4ab23
bb80fcbe
bd492b1a
bd47a96b
bd48ef34
bd5501da
bd54335d
bce9c36b
bc8ce48c
3d72f9f3
3d1abf8d
bccfd0c5
bba05bec
bd72f302
bd709c20
bd7257da
bd8200b9
bd81b00a
bd0f824d
bcad3d85
3d8d8cc4
3d38295e
bcfb3a0a
bbc0028d
bd8d9673
bd8beb19
bd8d0e1c
bd98fab2
bd98a857
bd298329
bcccb965
3d9fa3c7
3d5362b5
bd11d8c7
bbde6a86
bd9fbbd2
bd9d80d0
bd9ef8dc
bdae12b7
bdad81a8
bd410b83
bce8f639
3dae2d70
3d69c5e7
bd22863f
bbf7f37c
bdae4a8f
bdab8d10
bdad5922
bdbf4701
bdbe5d5d
bd540dff
bcff9bc1
bf32d829
bebcedf2
3e7b0aa0
3d4e305c
3f32b31d
3f335d16
3f330eac
3f2feb84
3f3018dc
3ebefe9f
3e66482d
b97b42f0
bd0ba203
b9b96825
399dd8b0
b98be67a
b8be21ff
3b1d0e90
bb8cd866
ba40185e
3b17e176
ba5cbedb
bb9662ae
3c0bf630
3c142b82
3c1830c6
36409a12
b9423eff
3a42d5d5
bb8503d0
b8e1bfad
3946159c
ba00b18d
ba12e915
3b18d2f0
3b182ba3
3af2a683
b88a3725
b95f7327
bb4ddfd2
baa825a0
3aa3e7aa
bb896fdf
3a4776df
3c12a7e8
bc4de3aa
bc61fce0
bc8186dd
b7f13f30
b91294fd
bc122fbf
3b906132
3b5905ea
bc29eb34
3b3fda11
3cb2973b
bd08b4cf
bd153d7f
bd232d75
b80350dc
b97338d2
bc737c55
3c45730a
3babd928
bc799aa5
3ba50f63
3d06b7c1
bd55741e
bd69508e
bd7b5047
38005566
b9900da4
bc8afe50
3c9808f3
3bba5000
bc8114af
3bc2e1fb
3d0bfcaa
bd623b78
bd76840d
bd838150
b81d4e9d
b9880893
bc30cd80
3c9a8f8c
3b544eb8
bbcf134a
3b82b726
3c76414e
bce0c72a
bcea0f8a
bcf4b2e2
b9faf53e
b9920635
3bbcae44
3c06a156
bb6d1752
3c80a175
badf78c3
bcf7f795
3d37f5c7
3d4832db
3d56b1b8
ba5bd758
b9a8ee67
3cf20eec
bc3781ec
bc4b760d
3d3505db
bc236197
bdb6886c
3e0eeffd
3e1aa047
3e256937
3b3a2537
ba01aaf3
bd5572e2
bd3ead4e
3d112be1
be11ec39
3cab94c8
3e93ce50
bed61d42
bee54ac3
bef7d0c8
b8b7ec72
baec805e
b5c79619
3a1a71f8
bc2cea82
3c2cc937
3a9d380f
b92e36af
baec5188
ba8b4ef2
3c036185
3c01fc0c
3bbb784d
3b635d1a
3a35ef05
bc9e9305
3c9e63be
3b111c57
389f2b58
bb3dbe06
bacc16a3
3c74698e
3c7225a2
3c2db98e
3bd2ead6
39e44866
bce9f765
3ce98d8c
3b5773a4
3a3506aa
bb6ec255
badee61a
3cb6f0d0
3cb57ee0
3c818689
3c1d620d
b93a1b84
bd1c0e18
3d1bb09e
3b907184
3adae2b2
bb84bcd6
bac4d164
3cf76af8
3cf5c1e5
3cae845b
3c543838
ba921600
bd43e50d
3d4354de
3bb61049
3b42d2d1
bb879172
ba80d01b
3d1d467c
3d1c6ed9
3cdd2e11
3c8698da
bb1800a1
bd6b8bc1
3d6ac50f
3bdb7762
3b949a1c
bb80bee9
b94cca55
3d3f415d
3d3e8d98
3d0631da
3ca386d4
bb7274d7
bd88c330
3d883db4
3bfee8cc
3bccc641
bb64113d
3a4d7673
3d603666
3d5fe598
3d1d35a2
3cbfe2e3
bba7931e
bd99dad2
3d992de4
3c0f0e45
3c024cb5
bb3cb560
3af078d7
3d7e2655
3d7e81ca
3d325253
3cda1910
bbd08a4c
bda7a18d
3da6c12f
3c1b3ea3
3c1a7f99
bb144fdd
3b36ce18
3d8b310d
3d8bc8e4
3d43a251
3cefc8f2
bd2a62f7
3f33574a
bf330c33
bda493cb
3c5df3ee
3df9c9ef
3d95253d
bf07d813
bf0696f6
bec25afa
be6c42de
b9373303
36f998a7
b918aa2a
b79b020b
385a06cc
b9a54dfa
b9340126
3a726745
b8f6d16e
bb029635
3b3b5f1a
3b36a167
3b415c1d
b8a05188
b860b8cd
3a1dc39a
398abca6
b6c312cc
3a1bc1f4
b6e3764b
ba868aea
3ad10f85
3ae2c512
3b060638
3756abd3
b88b0091
3b0493f7
3ab27a86
3996b2aa
b9de53b9
399a42bc
3af770dc
bb089fcb
bab587a9
ba6df61a
39612020
b8887083
3b924687
3b396c93
3a4d3d80
bb01cf16
3a44128b
3bcf1f2b
bbf72665
bbc2b3cf
bba52213
39f7de19
b8a5ff01
3c04d4e0
3b90f1a7
3aaaab6f
bb7b555a
3a9d729c
3c429d2d
bc6716e5
bc37808b
bc1e8b68
3a59f8d8
b8aea409
3c5ac825
3bb1ce7d
3ae16e1e
bbba37b1
3ac2d312
3c90ac07
bca57bc2
bc7d7f57
bc56053c
3aa164b1
b8b3bb72
3cacb174
3b8d8c35
3adf521a
bbd09980
3aa18a50
3caca0b8
bcb46b19
bc6e611a
bc311c34
3acc1b58
b89fec02
3d01b9cd
ba52981e
3a33e4c5
bb94dc3e
b894aee7
3c9e93e8
bc6e65b9
bb7a5bb1
3ac7d5ea
3aefbeda
b8c75115
3d34259c
bc1eaeaf
ba8dc5ac
ba249800
bb158606
3c51794c
3a3e441d
3c74b7ff
3cb826b8
bc16bb59
b8b8717f
be3ac8f4
bc969a71
ba07af2c
3c12822f
39fc4fef
bda3f5c2
3d27d636
bccd17cd
bd769d75
b4e5c920
39d6c572
b985fb1c
3b7cd1da
398c51b0
b98b5c88
ba06921e
ba3636cb
b977ca66
3a0e1fbe
3a5dfce8
3a3599a1
3a2bb367
ba2833f0
3be1ac91
3a010b51
b9d02373
ba60e3d4
ba97a6f1
b95f1f29
3a91f0f8
3acf0b5b
3aa587ee
3a566933
ba9e3c1c
3c22ef2c
3a3fa78a
b9e8d9d3
ba94eb85
bac8a94d
3786244e
3af14847
3b1cc832
3af51d1f
3a6b6cab
bafee2e6
3c55de69
3a812516
b9d4c816
bab07f3b
baee727b
39e59506
3b328e41
3b578829
3b2523e4
3a6bf23f
bb399235
3c847623
3aa394b0
b997e39b
bac3498a
bb04aae4
3a875788
3b758e59
3b8b768a
3b521c23
3a5a31af
bb7b159e
3c9d8503
3ac5404f
b8e1d8ea
bacd269f
bb0d190d
3ae68c99
3ba016ae
3bad1cb5
3b80af51
3a39a245
bba0072a
3cb551a5
3ae30922
38fa75f6
bace0ba8
bb1143a9
3b26a354
3bc82d3c
3bd04f6c
3b99b409
3a10592b
bbc16fc1
3ccab164
3af8e52e
39bb5650
bac64bda
bb125a06
3b575190
3bf160ac
3bf41907
3bb3e147
39cdef3a
bbdde2ac
3cdbf2f1
3b02880f
3a15bb4a
bab95160
bb11b78c
3b7f0cbf
3c0b6a9b
3c0a4da8
3bcc88c8
3c179243
bbf03ddf
bea0f02c
bcb02fc7
bca53d4f
bbc44530
3c6aff43
3c9c9ab1
bd5400d8
bd91f6f8
bd737172
37166ed3
b5f02caf
ba806c8e
b8db0f7b
b7a13c86
b6012965
37ddc73a
393212ad
b7b1d64c
b8ec3a8e
ba175ace
376faad3
b5b29ae5
badd0768
b944c355
b8139bca
356f7048
383f4b57
399769af
b81cb79f
b93fda53
ba811ea6
37a0fb2f
b6218f7a
bb19761e
b984e1f7
b83a5067
332b614c
388b5fdf
39d4e09a
b861519d
b98a5c9f
bab56557
37c721f7
b69495c3
bb419b24
b9a5b803
b86e6b54
b539f9b4
38aeccef
3a07d43b
b89d7eb5
b9b34fb7
bae4c973
37e1f8a5
b69ef92b
bb6566b2
b9c2897a
b899dc1b
37d9f44c
38ccb28e
3a14f8f3
b76c2646
b9a77ed3
bb02dbdd
37ef4b86
b6cd7b5c
bb816f24
b9f29043
b8d6cbc4
38c95b58
38c4727a
3a06184d
3959bf59
b90658c8
bb04fe1e
38027130
b6e2535b
bb8d434d
ba19798e
b917a048
39551203
38a0de6e
39c755d9
3a0d7aa9
394775b3
baf9c136
38062e80
b6f70a3e
bb989190
ba294c1d
b92299b7
3965f2c6
38ab9532
39d868f0
3a19ae43
395830bd
bb06b230
380f101b
b703a6b6
bba21ae3
ba2e79c4
b9240e2d
395a6d1c
38c6ff07
3a008812
3a0ef85e
390e1200
bb14ddfd
ba0063ce
b709e47a
3e91a0d6
3d1173a3
3bdb417a
bc3578aa
bbf84fe5
bd03b849
bcbeb01f
3a4b2d44
3e0bd41b
3e44f936
bdf6a010
bcbdb1da
bece8db5
bed0c7f9
becf795f
bec319fd
bec33fa1
be508f47
bdf9702f
3e91bd97
3dff2d09
bd9620d5
bc7978d4
be9104a8
be92d82e
be921995
be85dd78
be83d51f
be09d79b
bda1ef82
3e3ddc1b
3d8e6fa8
bd129465
bc0ba82a
be3c209c
be3fd71b
be3e9f5e
be25ba5d
be214856
bda3df8f
bd3edb38
3dd83c05
3cd45ee4
bbdd01f5
bb46782c
bdd421b0
bddc7648
bdda3c2d
bda73b10
bda14fee
bd1b4d6d
bcb1a8e0
3d311383
bbf6bbb1
3c77ad9f
3aa88f4a
bd28c7ee
bd3b8012
bd336d26
bc9b99bb
bc958ba5
bbc2d77f
bb4ee24d
bb82a8bd
bd050aca
3cff626b
3b942806
3bc8f7ed
3a9888ee
3b688eee
3ce5ffb5
3cdbacf5
3c92f5c3
3c2cb627
bd1c4825
bd4da976
3d2d5931
3bdb0a50
3d24d20d
3d0f6056
3d19a3bd
3d7dbf76
3d74bdbd
3d10bc46
3ca98f73
bd7b48b4
bd7ee986
3d4c8ba9
3c045bb3
3d819223
3d6f2b02
3d78689a
3dacb32b
3da8a1b6
3d42ae6a
3ce5d644
bd9ab1d1
bd8e9dae
3d5fe6a6
3c0f9359
3d9e8ce0
3d94ed3d
3d992004
3dc914b3
3dc586c4
3d630146
3d078ed3
bda96e61
bd969017
3d6991e0
3c14a2e8
3dacd712
3da2bffd
3da777aa
3dd7286e
3dd4b9c1
3d73e0b1
3d1250cd
bed81749
bd5a16e5
bdf7ab31
bd7da431
bdb70ade
bed5a676
bed2b7c2
be8c1354
be292824
3d83e378
3ea35e4c
be97465c
bd17a323
bd99ebfb
bd061acc
bd57e452
be945fd8
be917f5a
be425a2c
bdea228e
3cfdac60
3e577be5
be4380b0
bcc1727c
bd1ba598
bc1bd0e5
bcc06e68
be3d0df4
be3868c6
bdf8824e
bd9567f0
3b95f7ea
3dfb3c87
bddac91a
bc554764
bc0e4df9
3c0b1260
b9ad9a0f
bdcd6d38
bdc5645c
bd87b764
bd228c74
bc7e3c3b
3d5e5b2b
bd272214
bb9d3e2d
3c5f52af
3cb5f626
3c8c1b0c
bd0d1e3a
bcfe3150
bcbe2ccc
bc5ffb65
bcf8448c
3b12c408
3c0f4983
3ab86789
3cf7f1af
3d038174
3cf5bd5b
3c771096
3c93d7f6
3c170ad0
3bc227a4
bd27ac20
bd10ad5f
3d37ffb5
3bbdc022
3d2be584
3d20540e
3d209367
3d4fe08e
3d5d5848
3d074fcd
3ca7ee73
bd44b190
bd7b1d68
3d8e5285
3c0eb375
3d4cdde4
3d344ac8
3d39a9d7
3d995d8e
3da08300
3d4a4af7
3cfaf62c
bd572989
bd9daf30
3dacbf48
3c2c28c4
3d6103a6
3d407473
3d495119
3db7c5f0
3dbfc45d
3d73c94e
3d16f412
bd608c94
bdada949
3dbc2887
3c3b281e
3d6babe8
3d4703cd
3d51d9ca
3dc753e1
3dcf21b4
3d844066
3d240e6a
bd0ff607
3cf101b0
b99ded1e
bbf47901
3e3581e7
3e83001f
3e5b3644
3e439b71
bc1dae50
be2928b1
3e98d91c
3bbc23f8
3cab2c97
bcb15bc7
bb9defb7
3e1965e3
3df1aec3
3db1e71c
3d9611c5
39b94e82
bdd6d36c
3e4b8704
3cb77e3e
3c3381aa
bce783b8
bbd333dc
3dd4dff0
3d2f4c30
3cc1a220
3cae6100
3beffcdd
bd677c8d
3e0396ad
3cb91191
39fe86a0
bcda0857
bc336b40
3d5d29ea
3c01121b
3a3bffb8
3be70fa6
3c4d88e1
bc96ceeb
3da0b999
3c871e83
bc0249ae
bcb73631
bc73f6d7
3c22457d
bc0ad6b7
bbaf736c
3c07d3d3
3c842930
3c245c08
3d2d36bd
3c21bfb9
bc68a2d5
bc8e37ea
bc92f61d
bcca6532
bc9253d1
bbe8af60
3c5849de
3c92cd14
3cfa3d98
3c8d256d
3b9189bc
bc9ab8c0
bc5f5bb0
bca29511
bd4846dd
bcc858a0
bc0cda49
3c84c92d
3ca1c415
3d35bf0c
b7f3700d
3ac28176
bcaa8325
bc57ee61
bca7b0a9
bd7ca5d7
bd0c847c
bc7926e9
3c4f8469
3ca39e50
3d585524
bc37bbee
39a839f3
bcb33eff
bc5a5960
bca85645
bd8a46a6
bd3053ed
bcb64c82
3bfa0249
3ca841c1
3d699751
bc84cd69
b8896d55
bcb59210
bc6322f8
bcab9017
bd8fefb9
bd443cc1
bcd225fb
3b9e44e3
3d364ac0
bd0478f6
3d6ec45f
3e228fe7
be480189
be55f2ff
be562d82
bbc32eec
bd0649ad
3caef04a
3dfe7146
3c98dbe1
bbaa98de
3cbbdfc7
3d72f83f
bd32b763
bd45ac62
bd40a620
bb2efade
bca9155f
3d2069cf
3cbf5cd9
3b805a08
3ba85816
3b1db70b
3c1f4c02
3cd2e1cb
3cbf708e
3cd50911
3a137071
bc348b75
3d114711
bc86069b
bb16dac6
3b253aab
bbb0215c
bbb021f5
3cf7f4fd
3cfda77c
3d09a68c
3b403350
bb666824
3cc5c2d8
bcc5a9e6
bb972b1c
bb62a327
bbfad6af
bbaa6218
3c533e5e
3c5a27f8
3c886af4
3b9c5db2
3b04daf8
3c698056
bcbc62d7
bbc1f5d2
bbfcddfb
bc0ab4fd
bbad4f49
bac6ae6e
b90103c1
3b59e92e
3bceab5a
3bc873a4
3be17ad3
bc9052aa
bbd1590e
bc1d9edc
bc0d7bf7
bbe69c7b
bc2af57f
bbfea7f3
bb62e51a
3be2837d
3c126208
3b1f7b7d
bc53507e
bbf19b97
bc1d0201
bc0fcefd
bc21e304
bc61843e
bc251f16
bb9f9521
3bfe97b0
3c2ca641
39a2be12
bc192d7d
bc021f62
bc16efdb
bc11280a
bc51c4d8
bc6945cf
bc228c47
bb78838b
3c00e8d9
3c3a9c26
ba4a2258
bc017565
bc0bd96a
bc1071e4
bc112ad2
bc6bbede
bc6c8cc8
bc1da7f8
bb3192b4
3e8f4119
3e8fe3af
3e657e44
3e4d8c34
3dbce91a
3d4873e6
be471b1f
bd3cb597
3c6dbb7e
3c554ce7
3e43b114
3e527de9
3e4998c4
3e0d365d
3e230a4c
3db00be1
3d700e7a
be037385
bcb1bf6f
3b928791
3b3bf024
3dfea25a
3e0e27aa
3e039672
3d9f2eac
3dde63dd
3d80dd9d
3d3ef0fb
bd991750
bb1c7b86
bbc13f0c
baab0d9d
3d92dd4a
3da957a1
3d99baea
3d14847a
3d6ce041
3d0a4bb6
3cdaace5
bd0719b7
3c470b0f
bc6ba63a
bb40af54
3cfcc175
3d1a2e7f
3d08e81b
3bb7eace
3c7ed349
3bfc5d71
3bf3a24d
bab93bb0
3cbac5ec
bca71333
bb7e01ad
37d4c3ed
3b5a411e
3afdfc09
bc8e10af
bc8602f0
bc41f65f
bbea33b4
3cb421b2
3cf9584a
bcc636e8
bb9890e0
bcb3a37f
bcad5008
bcaaf0d7
bd0b9cc7
bd1db025
bcc960ec
bc858938
3d185fc6
3d11f980
bcd5d386
bbb7b5b8
bd18cfa2
bd1808bf
bd1666cc
bd3ea977
bd5305e9
bd007e66
bca7dba1
3d4039e2
3d1e6e9f
bcdd23d2
bbd11561
bd407aa9
bd3e95bb
bd3e225a
bd632317
bd6fa456
bd0cbfdd
bcb240e6
3d531ab0
3d2563b8
bce01a47
bbe077c0
bd53bc52
bd503bc8
bd51efa6
bd74f304
bd7dcdf5
bd127dbe
bcb60173
3e616038
3e079742
3e3545df
3dc3f901
3d84825d
be2111fb
bc327c42
bcfff7ec
bbd37aa5
3e224beb
3e167a3d
3e278b36
3e0b63b8
3d383f6a
bc86ae52
bd316ea5
bdd4d1ab
3a8f4207
bd1834fc
3b1d72bc
3ddcf62d
3db791a6
3de4d82c
3dd21fb3
bbe4535d
bd464925
bd84c538
bd79b789
3c25cb5c
bd09f63f
3ac719bd
3d80f92b
3d54873f
3d878d08
3d6a9458
bc8ec022
bd200f25
bd496ccc
bce0f886
3c8a949e
bce2b938
badaacb8
3ce3f334
3cca2ce5
3cf6d743
3c8100e7
bc72dca1
bcafb77d
bcc937ca
bb01eecd
3cb1f44d
bcbb6548
bb82c045
3a5c7574
3bba02ff
3b324738
bc85bd9b
bc401c86
bbdd079b
bba1dba8
3c814bb8
3ccd4f4d
bca81d1e
bb8a3cbc
bc9a8123
bc14ce1f
bc89a594
bd16ea35
bc6165ec
bac7ca41
3b6fd5ac
3cf18d32
3cdd7477
bcab0601
bb2130fd
bcf9847c
bcb73901
bced29e5
bd3e5a36
bcb54ed8
bbb3a5f1
3b061708
3d14a57a
3ce9d02b
bcb690f2
b95d1f0b
bd1c0a0c
bcfe97da
bd14b348
bd492aa4
bd026009
bc49ba4f
bb890ff4
3d23da8b
3ceebaea
bcbdfcf4
3aa0fb41
bd271cff
bd14b2d5
bd254e8d
bd4cba9b
bd1788cd
bc87105f
bc07d163
3e197bd7
3dce5bdd
3d04bec0
3be4ffe8
be005f89
bccbaa45
bb344761
3c8759bb
3dfbe570
3e0bc941
3e041d28
3da6722c
3dd1ae24
3d6a0ee9
3d2ca86a
bdaa1451
bc37d871
bb405fe2
3b00337f
3da24b2a
3dc16f30
3daade78
3d281127
3da21e73
3d522b6d
3d2d5ecd
bd4789e2
ba076400
bbe839f8
bb4bd15e
3d3b80ff
3d696685
3d46f3bf
3c8c9824
3d3acf25
3cf8b301
3cda4408
bcb33dd7
3bf77826
bc3bfa8e
bb83dceb
3ca275a5
3cd4fddf
3cb26e97
3aef70a5
3c67c956
3c0ed74f
3c0c9c2d
ba8239de
3c5ca913
bc711557
bb832b17
39080454
3b0e9992
3ad5a435
bc228bba
bc269b9d
bc03822c
bbacef5a
3c5cc857
3c90190a
bc8599af
bb86839e
bc5fbe3c
bc71bb19
bc57b959
bc9a8deb
bcd2e9e1
bc93d3c6
bc5b978b
3cc172e0
3ca6de8e
bc897e3e
bb974f61
bcc38a07
bccca93f
bcc12dd8
bcd87afe
bd0bfcd4
bcb57931
bc82c647
3cf42585
3cb5e715
bc8805e9
bbab30e2
bcf4ff98
bcfe16ac
bcf35e86
bd0414c8
bd195a76
bcbcbb76
bc81d586
3d0690fd
3cbe16a4
bc86c6de
bbba61a0
bd07e376
bd09a9e5
bd07d564
bd10de74
bd200caf
bcbfc862
bc7dda27
3e210487
3d9b2153
3c622dee
bd887b21
be1ebf01
3df74437
3d10ec2f
3d7ec444
3db9c25e
3d71b292
3dbf4274
3e8438a6
3e592cdd
3e35ab35
bd250e4c
bdd401b2
3db300fa
3b9f53fd
3cefcced
3d95f683
3ce6b451
3cb97540
3e6ca4d6
3e51ca88
3e38b4cb
bc96b656
bd7d6034
3d386376
bb36800e
3c3a894f
3d2d9e4a
3c36c084
3ad83456
3e178a3d
3e07804a
3df3640f
bb11d086
bcf07b37
3bed49b6
bb458233
bb2a3ca6
3c56ac28
ba8ef63e
bae9da68
3d7f226a
3d611e07
3d3fedd2
3c27b8df
bba1bfa9
bcad6c94
bb3cefb9
bc44dab7
bc50c42b
bc23a48e
bb0b5536
bbb354b4
bbee3b6d
bc3174e8
3cab92d6
3c533120
bd239d10
bb9dcfe3
bc97ebab
bcf0765f
bc90ee56
bbcc6edc
bd44a3ba
bd30da80
bd332da1
3ccf1cbd
3cd131bc
bd46bacd
bc1f798c
bcd14932
bd0cec5a
bcc68283
bc8a15d4
bd8129e3
bd59837c
bd51bb87
3cfafc6d
3d063590
bd53e4ef
bc74acdf
bcf4a7d3
bd1476aa
bcecc6d1
bcf795aa
bd81a9bc
bd4ce9df
bd3b82fd
3d03c434
3d187455
bd590ce9
bc93d701
bd079d75
bd11245e
bcfbf303
bd1a4c9f
bd80d585
bd43dd74
bd29cd55
3e75a233
3e33f5ae
bd659615
bde45614
3d3847e7
bd284fe8
3d88559f
3a975009
3d67395a
3e575c90
ba36c354
bd88e847
be02589f
bcfd5564
bd8f4b24
bb87b52e
3ba8dd61
3d487816
bcee4d8d
3d3321dd
3e42681f
bdc943a5
be14b231
be3ea450
bc4c23d6
bd17b94e
bca3667c
3c49f276
3cc0f54d
bce79a6c
3cafd299
3df32de3
bdad5e66
bddca2c0
be0bbfe3
3b41cf77
bc373ab8
bcc2accb
3bc1467c
3b4796d9
bca17ca4
3b2e55ac
3d394046
bd2d00c7
bd445822
bd80bdc0
3c63c91d
3c0dffcd
bce459c9
b8396fc9
bc56b38a
bc0f4117
bc49af04
bc4e1193
bbf9ebd0
3a95d322
bba2d767
3ca51064
3cbad9e8
bd09bc2a
bada3dc4
bcd1db89
bb9d400a
bcab618f
bd3fce68
3bb273ee
3ca90841
3cabda60
3ce3fa8b
3d0293de
bd30ecfd
3acda8aa
bcf7e189
bc27460a
bccd0e45
bd736390
bb854ee7
3c72716f
3c9b1dea
3cee112d
3d1bd932
bd588af5
3bd707f0
bd07fb71
bc795a43
bcda7979
bd6f46e5
bcbbb295
bb009ff9
3b547692
3d00ec62
3d25f104
bd6e404d
3c215783
bd085077
bcaa6dd3
bcebb1f3
bd66ee91
bd07e46c
bc364992
bbcca61f
3e0969c8
bc952895
bd6bb273
3cc0668f
bd0d5908
3cef1202
bd0b78d5
3caa5815
3e1b03b0
bd93a8f4
bddf65b3
be176a5f
bc042f99
bd0f21dc
bc82d6f0
3bebdc44
3cd41196
bd4cde3e
3cacb66e
3e17d96b
be0f723f
be2cb400
be47408f
ba7d9ee6
bc8f163a
bcc01ce5
3c4bfc03
3c488b1e
bd1b9b94
3c1fb805
3dc09321
bdd627b4
bdf31bc2
be0ed452
3ba7fc88
bb64492b
bca6b289
3bc5bff6
3a1792d6
bcaecb65
b9491bf1
3d0da3e0
bd42e075
bd517f33
bd80b2f8
3c1b9baf
3bef9130
bc97c515
38471443
bc0fb9f3
bb9100a3
bc0c7562
bc4b48b9
bb03f876
3b962de2
ba67e5b4
3c2df913
3c7465d0
bca38bfc
baa11743
bc81f1bf
3b91bd49
bc4d8144
bd1fe8e3
3c9bc7c5
3ce7ea9e
3ceac300
3c748b10
3c9f21a2
bcdfcf80
3b19b691
bc8c6fe1
3afb5bc8
bc59c49f
bd3cfb95
3c80cc15
3cd620b7
3ce77d41
3c6af943
3cbc3e47
bd0c8594
3be97af5
bc951044
baabbd6f
bc548dbb
bd2b7198
3a433830
3c4cb9eb
3c7562ce
3c7a9b57
3cc3c11a
bd1caad9
3c2ebd03
bc8c7db4
bbb049ac
bc642de6
bd1e89bc
bbd1d83a
3b998eb5
3bb63da3
bc1cb79f
bc852f3a
3cba1935
bcee53ab
3cb76235
bd3c50f8
3c79c0bb
3dfc15d6
be089917
be1ec783
be2741f6
bb77698c
bc0225b9
bc05bbfa
3c2d692b
3cbe78ca
bd6dc65e
3c988a23
3e07536a
be3be0ee
be4f8a23
be52d301
b8b7bb75
bb0d5e17
bc10e78f
3c71753c
3c4e6ce6
bd2ec6f5
3c1ad296
3db06c7e
be077092
be119363
be1196c6
3b6cb9fb
3b4ec5ef
39d68400
3c07c18a
3b573f7b
bcbba452
3aad7fa4
3d008ae9
bd7c4091
bd7f50f7
bd70cf59
3bc72b28
3be19194
3c018a8e
3b1e75ea
bb973e8e
bb1e3309
bbc59a63
bc52711c
bb85851c
3b3c517b
3c2e96c9
3bbb2ab3
3c1d069f
3c306546
3a9c4671
bc335f15
3c100bb5
bc1736a0
bd1cb7c6
3cdff9a2
3d16464f
3d41506e
3c1b4714
3c303862
3bcf913e
3bb57599
bc38ab17
3bf35daf
bc16fc58
bd3100c9
3ce6ed70
3d16825e
3d4e30f5
3c067324
3c4d1175
3aa24f8a
3c3d9830
bc3fb3be
3b8db5e1
bc09cec0
bd171341
3c7660b3
3cca3d44
3d1458a1
3c135c7b
3c4a9abb
bb0f9f6d
3c7b0369
bc29b893
3a0122b0
bc175445
bd050979
3c02c589
3c8b5264
3ce6bbad
3e244f37
bdc66f2d
bc9d90a3
bec915c9
becf636b
becafa93
beaffdf7
beb93e3a
be483c0e
bdfd3aea
3e8e8e87
3dcdb69d
bd6a6225
bc40192e
be8cd7ad
be92925e
be8eddee
be6c586a
be7cd714
be082707
bdae95d2
3e3aaeb6
3d53d228
bcc9b752
bbcd5afd
be375adf
be4094bf
be3b4249
be0fd650
be199e2a
bda0a45a
bd4ecf29
3dd8425a
3c5c180c
3a809419
bb01c1f9
bdd3654a
bde19017
bdda7e40
bd8e1482
bd94666b
bd0fa6b9
bcb8e46f
3d4054ba
bc80ea7d
3ca40c0a
3abdcf76
bd37f251
bd4e0cac
bd45395e
bc72c385
bc62b62e
bb0fbd90
bad73bbc
3b80abc0
bd173f32
3d0925cb
3b89572c
baf717a2
bbd83e8f
bba88952
3cd43113
3ce5d638
3caa1638
3c4e4f5f
bcd0b900
bd537b5a
3d2d818b
3bd03e2f
3ce03b4b
3cb9a422
3cc82b17
3d5dbb62
3d645f51
3d1192e4
3caec1d5
bd331b85
bd7888a4
3d433d33
3bfe6b9b
3d3a0a6a
3d27302e
3d2e577c
3d93a5cb
3d94f998
3d357be9
3cd77a08
bd5754e5
bd8587ab
3d4de15c
3c0a8a5c
3d5e62a2
3d4a72ca
3d526798
3da5b87b
3da63c05
3d46a710
3ceafbdf
bed02794
bd65d71e
bdd19387
bd3eb0ae
bd93e3a7
bece252f
bed14227
be8cfe76
be2b7df2
3d4d4b12
3ea3d279
be91ce20
bd0ffde8
bd737270
bcb41efd
bd1c0ec5
be8cb545
be93af63
be4b56e2
bdfc176a
3c9f7b67
3e5922bc
be3bb3cd
bcaca3a9
bcd101e1
b9dbaea5
bc3e6e5a
be3298ba
be3b96e2
be02afd7
bda22c85
bb993bfa
3e0143ba
bdcf0a63
bc37be4c
3a84e04d
3c8ba5d3
3c133e96
bdc4eafc
bdc6ba90
bd8c7e78
bd295fa3
bcbc954f
3d76ccaf
bd1b9854
bb7b87e8
3cadf9d7
3cfb5352
3cc8515e
bd144281
bcf8ae78
bcbabef5
bc3f81dd
bd158dad
3c3e4d85
3c0b547a
3ac00657
3d12df39
3d259965
3d13304f
3c03dfdc
3c94d438
3c242e32
3c1c0b25
bd3b0711
bcb1d1ef
3d24ec17
3bb033db
3d3d6e97
3d3f0f19
3d344a56
3d2159f8
3d4e715f
3d00f000
3cba5513
bd540528
bd2e0d3f
3d74f07b
3c0231d8
3d582eb9
3d4f145f
3d498a00
3d73c729
3d8e337b
3d347e2f
3cf733ab
bd5fdb65
bd57b8b6
3d8d142f
3c1819e3
3d65f956
3d56315c
3d53c5a2
3d8dee93
3da10688
3d4d6999
3d09a5b3
bd24dd1a
3cbde0be
bb46b087
bc7bcd61
3e1b0771
3e7ecb1f
3e5c982c
3e5356ab
bbb6f0f2
be19c749
3ea65ad8
b9ced1df
3c7a204f
bc9cfad1
bc4b2ba7
3df0a184
3e02752c
3dd73e65
3dd98e67
3b539f46
bdbf9bbc
3e68aa08
3c74341e
3bb73584
bcc975ca
bc6637cc
3d9946aa
3d6e0f26
3d414741
3d67cea3
3c1fbabe
bd45f3b2
3e209530
3c916fa3
bb44778b
bcc90b43
bc867ac4
3d049dde
3c9a2282
3c928df3
3d0fb2d1
3c6ba188
bc5e81cd
3dd9b5d8
3c853450
bc21ed82
bcb180a6
bc9aee44
bb71b140
bb668e21
3b877d09
3ce4cb88
3c8c57db
3c3c693d
3d946494
3c5045d8
bc7d23a6
bc933145
bcac241b
bd044d6a
bc794bc1
baf1c2c3
3ce5cedd
3c9f92e5
3cea716b
3d4a8429
3c1d7a59
bc96f960
bc8c5be8
bcb4b048
bd4b64e4
bcdb7efb
bc1372cf
3ccb8eef
3ca59570
3d210cf3
3d12a65a
3bfd867e
bca55377
bc893e42
bcb8f244
bd708593
bd0f44df
bc727cad
3cae255f
3caa220a
3d34acbf
3cf2e804
3be51095
bca953f5
bc8b6c6e
bcbbf678
bd80acbf
bd21a45c
bc930c45
3c9b0276
3d46e94b
bd4a9bc6
3d7d83ee
3e42324f
be7dc997
be8746e1
be889b89
bb81d05b
bd062ef9
3c770690
3e1321b7
3cbe2091
bcc601f3
3cd9097f
3dc2fc64
bdd397de
bde8840c
bde63607
b980088f
bca14bba
3ceb39b2
3d438092
3c07f11f
bc6770f5
3bedde7b
3d326ea8
bd20db9d
bd2d8f59
bd264ee4
3b378057
bc18d90c
3ce826a3
3ba92aa7
3981560b
bc3ce98c
bb2d71a3
3c8fab33
bc7fa150
bc86c638
bc54d64b
3ba9925f
bac1e849
3ccdd987
bc8ef81a
bbac9a95
bc10ab97
bc0dd91f
bab8d45f
bacab247
b9d3ae6e
3baa236d
3be09aa0
3b8b3366
3ca4bd61
bcc59cee
bc05b147
bbf7fd1a
bc3b20bf
bc543832
3b29e785
3bcbd31f
3c4fe2be
3c05af1e
3c05eca6
3c76b513
bcb9632c
bc2181c0
bbf27e10
bc4a0be7
bc9b7289
3ab4871c
3bc81ae5
3c656017
3c110551
3c2ceeb5
3c3643f5
bc9b25d8
bc2de88e
bbfaff5c
bc4bdeb9
bcaf31ba
baf458fb
3b7ddbfd
3c52f5bc
3c15c77b
3c3e6401
3c14a0ae
bc8a0b81
bc3569b2
bc02998e
bc4d0202
bcb64911
bb785579
3b18da5d
3c3cdc58
3e90b90c
3e8f0f5d
3e54df35
3e4bba96
3dc34559
3d69e5bd
be46320f
bd178fc5
3c382161
3c788a06
3e41fb80
3e536497
3e484a41
3e02cd47
3e1e3d7f
3dadaf84
3d752272
be033bff
bc688392
3a6ca93e
3bb3c6ed
3dff8719
3e0f08dc
3e046993
3d959580
3dcd6ec4
3d670e4c
3d302ba9
bd9ccbc7
3b6a58d5
bc11b5fd
3a3cdcc8
3d966939
3dac34d3
3d9dfce4
3d0a6633
3d4d3ba3
3cdc702e
3cb35b4b
bd1711ed
3c8aee96
bc863d61
bb09480b
3d0d561c
3d27dced
3d175916
3baae665
3c2b00bd
3b27cec9
3b78619a
bbe99279
3cd9f1a4
bcb22fff
bb840f92
3bc7d337
3c120ff8
3c029ec5
bc852680
bc9413b3
bc6ddc5f
bc0f41fe
3c4b217e
3d09517e
bcc98f9f
bbb74160
bc6277d7
bc3b77f1
bc4bf318
bd02b000
bd132fca
bcc5422e
bc78efeb
3ccca88e
3d1a6d8b
bcd4c677
bbde47e1
bcd59887
bcc449cd
bccbf28d
bd2e9f9a
bd394504
bce9cfc5
bc8f9c98
3cfd7d2d
3d239fe5
bcda7eda
bbf5a123
bd028b56
bcf26209
bcfac582
bd4513f0
bd4c69fd
bcf9e3a8
bc96bb1d
3e647344
3e18ab24
3e193298
3d85d5ca
3d0064d9
be222916
bb908de8
bd08da8e
bc7fca9e
3e2428cb
3e15d5e4
3e28fcc0
3e0b9923
3d0e94ff
bcdc69be
bd4e56cd
bdd64781
3bfb687e
bd1bc7cc
bbb3ad3f
3ddae93b
3dbce4e9
3de2d4d6
3dbdc584
bb257ec5
bd26df27
bd6a8654
bd7c2ebf
3c8dec22
bd1033a3
bb805c52
3d80cb04
3d635cec
3d86fbaf
3d3a12da
bc23370d
bcedf18b
bd1ba4a6
bce990de
3cc7bcbc
bd0073bf
bb87efbb
3ceb2a74
3d004cfb
3cffe2ce
3b8d86e6
bc085aa5
bc47f3f1
bc7032d7
bbbf3487
3cf2358d
bceb8cab
bb70827e
3b286da6
3c65fd89
3bc1daf4
bcca0fbf
bc03f95a
bb12429d
38abaa3f
3c42ffb3
3d04fd1b
bcef2e76
bae314fe
bc59975e
bb232b58
bc267ec8
bd261f13
bc8049bd
bb5fe30f
3b1e75d9
3cab500a
3d0fa34b
bcfe2913
3a839ca4
bcbd5a67
bc58ebdd
bca4161e
bd3c22b1
bcd8885b
bc21d491
bb349dd7
3cd2e354
3d11c791
bd040a7f
3b397cf0
bcdf9a48
bca2caa3
bcce44f8
bd436c10
bd020adb
bc654d41
bbdcb864
3e0b0a69
3dd4d459
3d22e44d
3c970d6a
bdff3a23
bca3981a
bbd3e923
3ca95b96
3df9006a
3e0c7202
3e035a33
3d98b528
3dcd71c1
3d6adb1e
3d331b3c
bda9be8e
bbf5bfad
bbf08c11
3bdc93a7
3da363ce
3dc0a19b
3dac3ad5
3d261238
3d91657d
3d32eed2
3d1740d5
bd4c20ce
3b02333f
bc2da7d0
3a2969a0
3d41e74a
3d69c171
3d500231
3c97abb4
3d1ba8d4
3cb6c8d3
3ca42639
bcc65764
3c18bf4a
bc5f1b51
bb261065
3cb44b81
3cdf243c
3ccb9b19
3b81875e
3c19eae4
3b3ef775
3b803c61
bba4edeb
3c6e2778
bc8221d4
bb8c73b1
3ba8ee9d
3bab374f
3bc3e3c6
bbe6e4e3
bc3c017f
bc2f8bec
bbeeeb9c
3be113c8
3c971f4a
bc876afb
bbbbaf3d
bc02aece
bc069e66
bbee1af2
bc850c7a
bcbb36a3
bc8ac4d1
bc43d112
3c74f1c4
3ca806ea
bc85a851
bbe1dc35
bc810e05
bc84af3c
bc7b718b
bcbf04df
bce24e86
bc99fe0a
bc4c8e83
3c9c5daa
3cb39213
bc84fbf0
bbf9a47d
bca19124
bc9e867c
bca09fc9
bcdd402c
bcf4a985
bc9f3641
bc48e3e5
3e658a72
3e1986f4
3db987cc
bd8336e8
be2b003c
3de865a1
3d534b11
3d61de4b
3dcc4fc5
3d62eda8
3da34de8
3e9891fb
3e81def0
3e570a9f
bd1c6057
bdeacb99
3d9990a2
3c91616d
3cefd61a
3d95ead7
3cfb6cf1
3cf758fe
3e728c3a
3e52e90f
3e37706e
bc97c152
bd9559d8
3d02160f
3bae041b
3c310a90
3d227063
3c4f80a8
3c93ed6c
3e102dc8
3df49c0f
3dcef179
bb41b7fa
bd283498
bb7e4b9a
b9dae9f2
ba8cd837
3b864bc2
3ac7913b
3ca5597d
3d4ee5a9
3d0ecea6
3cb3723e
3c38fa45
bc8d0539
bcf6101d
bbb7918a
bc086b5f
bcb1fe10
bc06f13a
3caa6025
bc75e054
bcb8a2f6
bd05147a
3c8774e1
b991a71f
bd2e3b3b
bc4ee011
bc8ed5db
bcf90773
bc8a57ab
3c241819
bd2e6ba5
bd32a054
bd523101
3cc3fe67
3c1ec570
bd40c6e1
bca4acdc
bcb923c9
bd0c2291
bcbfdc36
bbab8aab
bd3eeeb1
bd34667b
bd4783bf
3cd8d8b5
3c7eceb9
bd485e47
bccd719f
bcdcbd14
bd078b3c
bcce04eb
bc7342e5
bd420b42
bd2ce1cd
bd361422
3e37ff8a
3dc38661
bd601601
bde6994e
3d0ec061
bd9b6e8c
3d8ccd03
bc301059
3d6245f6
3e6b159b
bcb4616d
bdc2106d
be217d09
bce8603d
bd89d59c
bc2eb3dc
bcbf6c8b
3d28cd5c
bcf948b6
3d0a0696
3e377f39
bda6c636
be00788f
be342b3d
bbc7223a
bcfcf6e4
bcdd42f5
bbf9c75e
3c84be01
bce4d470
3c553dd0
3dc96ee8
bd76115f
bda1223c
bde7ce34
3c250672
bb2dad83
bd16c452
bb14fe87
bbbded43
bc64abd1
bbc5c2a2
3cb26e89
bcbe4667
bca9a0a0
bd29ec72
3c941b61
3c8f2ed8
bd387605
3ada8f38
bcc2d6df
bb7f4c07
bc963421
bd01e042
3af3fa5d
3c7043b4
3b8bd8d3
3cf83044
3cf9e05f
bd6c7e18
3c027923
bcff8ac3
bc2073e4
bcc542e1
bd64ddf5
bb4e49e7
3c83016e
3c51f9bc
3d033778
3d227c78
bd8fbea3
3c7e35fa
bd156bee
bc745d1d
bcde76a8
bd704cba
bcb9e0e4
3a58e85c
ba54a963
3d0fb072
3d2eaa9a
bd9e4349
3ca6a575
bd16b268
bcb09863
bcf8edcd
bd6b6852
bd0a2737
bc25e528
bc3aec8f
3d5d28f1
bca39cc4
bd7b319a
3c9918dc
bd95b77a
3d16b87e
bd4f8217
3cc3864a
3e420687
bde16a0f
be21a84d
be4d0948
bbe58002
bd08308f
bc9dad8d
bcac425d
3cb2784f
bd64cedb
3c6b464c
3e1c3041
be0facf2
be2ca87f
be52dcf7
3b8d1d9b
bc2d6034
bced13ed
bbe49ab6
3be7f41e
bd264f05
3b34222e
3da3cb43
bdb95d76
bdcd9eb3
be00eef0
3c4a5fa5
3bd57a85
bcfeb3e1
bb263d3c
bbfd98c2
bc7c4771
bc173b2e
3c1bd089
bcfb01dc
bcc14ea4
bd21e07e
3c69f2f6
3c9ad4e1
bd090423
3aa182a4
bca93a73
3b078350
bc816400
bd1ea876
3c27591c
3cb67eed
3c781b6c
3cb88220
3cd6ba37
bd323fc9
3c035361
bcc1d903
3a2e1763
bc91eff5
bd6bffbc
3c6aa821
3cef5713
3ce7bf75
3caf6f77
3d0487a8
bd5aaf9f
3c869df6
bcd9b1eb
bb149e36
bc9372f6
bd64585a
bb159b6d
3c78d42c
3c6de374
3cbccc04
3d095a7b
bd7353b8
3cb3ea12
bccded52
bc0cc7ab
bca53f03
bd5523e8
bc3d8c99
3bd5fb2e
3b97cbda
bc8139f3
bca4b20e
3d082b3a
bd9924a0
3d193d09
bd917e61
3cc122af
3e3cfb05
be520967
be77f0a3
be7a314f
bba5e851
bbc22851
b8aa17b4
bc946cc8
3cc55bbf
bd95d1f2
3c7a17cd
3e1f21a3
be5d3b51
be728dc7
be7866e3
3b9ddf71
3bc03ab4
ba05a5b9
bb136655
3c26bad4
bd524d71
3b8633fb
3da53c1d
be0d90be
be117084
be0fa1b8
3c3b3484
3c73cb99
3bbb0983
3b151db3
bb992f80
bc95b8b8
bc0d937d
3b7e2ab4
bd4ab4c7
bd1f60b6
bceb5473
3c408dd3
3caf85f8
3c2961b9
3bd5aa6d
bc990133
3bc2a2b3
bc7c7927
bd4d6a00
3c6b4099
3cede98c
3d3cecf9
3ca59042
3cc6d3cf
3b92c289
3c7984bf
bcab8cab
3bbf5e86
bc8a6ffe
bd8d40ac
3cdb89da
3d36ea0d
3d86572a
3c93df4b
3ce53899
bb947cdc
3ccedc8c
bcc0468a
3b553649
bc875847
bd8310b0
3c432438
3d01064c
3d57c030
3ca11f31
3ce1e9b5
bc2330a1
3d0548de
bcafa48c
bb7f8eb9
bc99a8cd
bd6e92d2
3af75b61
3cb208c0
3d24f018
3e1fea2d
bdc47f0e
bcabc0ec
bec9b95e
bed0d12d
becbeda9
beadad0a
beb96fa3
be49a54e
be015c41
3e91109b
3dc5243c
bd62cbba
bc5371f8
be8f32fe
be95bbc9
be918aab
be6aa696
be7d3395
be07fe98
bdb17ecf
3e43a4b1
3d443751
bcb5f9ee
bbe4d1f9
be405fbb
be4b218e
be44af52
be113037
be1bee77
bda1d7b0
bd54db7d
3df45c50
3c277bfd
3b612fcc
bb1b5fd2
bdee0598
bdff5b24
bdf72f41
bd9836be
bd9f984c
bd159572
bcc77ea8
3d87038a
bc9008b9
3cb4e06c
3aa55230
bd81709d
bd906ef0
bd8a3a5c
bcc0ec20
bcbd3999
bbc0bb76
bb9c2b79
3cedd0e1
bd189083
3d0df2fc
3b87f6c2
bcda3fea
bd091388
bcf9d5a5
3c498ac0
3c5d926f
3c6970ac
3bfb67ee
3bcbc515
bd4a248b
3d2d2166
3bc7e114
bb801e31
bc331efd
bbfe1cb4
3d0f4088
3d11dcf2
3cd4b3bd
3c6f17ed
bb8f2187
bd638850
3d3c2c59
3be6fa22
3be7c39b
b9ac7aca
3b41ae1c
3d3cf990
3d3d0b27
3d019fbd
3c91c7d2
becd455c
bd6dcbc7
bdcb2f64
bd3344cd
bd8ea1a8
becea68f
bed1b4e1
be8d6a52
be2ae0bb
3d3d7b45
3ea7553c
be90ea2f
bd18b45e
bd6536c2
bc8bea41
bd0f1759
be8f31ca
be93cd59
be4aa1e4
bdf7f2cf
3c75c136
3e64a0d1
be3e30e0
bcbd6cca
bcaf946c
3bc5d956
bbf1d664
be3aef02
be3e0165
be037dce
bd9ef60a
bc1cbc62
3e118bf6
bde021b4
bc52cd78
3baedebb
3ccb5c00
3c645998
bddcd73c
bdd34044
bd9457c2
bd2a6e9f
bce6790c
3da78472
bd54c998
bbb74d74
3ccd5d7a
3d1fe8ea
3cf55329
bd570ee1
bd298e73
bcf875fe
bc6adda1
bd270a77
3d2412bd
bc4a6aa0
b9f3f101
3d216666
3d463792
3d2950c2
bc5443cb
399963fc
bb1e0eaf
3b5ff856
bd49ab50
3c66c42c
3c446f13
3b3a5c54
3d45fba6
3d5e2767
3d471673
3c497cab
3ccdf8bd
3c64ada2
3c581e67
bd5a59c4
3ad81a0a
3cc130c5
3b940c2e
3d58d0de
3d692974
3d559ea9
3ccacdf1
3d17ef08
3cb14645
3c900d60
bd2a396f
3cc2949d
ba9053dd
bc8330e8
3e0e775f
3e7dcbc4
3e5ed1f6
3e5e0ea7
bb9ea052
be14c3e3
3eb143e4
bba190ce
3c5d3d15
bc922514
bc831306
3dd737fc
3e092fab
3dec60e5
3dfd3252
3ba8f8c5
bdbb5c65
3e81a34c
3c4ea589
3b7b594b
bcd1aace
bc91f14e
3d87f390
3d80a693
3d648529
3d93fb7d
3c4c5a3a
bd4cb5ab
3e3f1b9a
3caa98a0
bb992324
bcdf9a76
bca7f90c
3ceb6195
3caa6e96
3cbf20bd
3d42f028
3c8d02c5
bc9b66f5
3e11d6fd
3cb459fb
bc479cda
bccfb241
bcc19a59
bb9cc81c
39eeeaed
3c29cd05
3d298c79
3cac56f4
3b0ffb23
3de75366
3ca56689
bc8a5c2b
bccc4465
bcd26d2e
bcde4a8f
bc5ae0f4
3ab0f3bd
3d1b31bc
3cba0033
3c78e59f
3dc49388
3c94443a
bca29a6a
bcc8c7cc
bcdd59e3
bd25b755
bcb794ed
bb7641d3
3d116069
3cc12f59
3caeb37e
3db50765
3c8d7d1e
bcac049f
bcca2ad4
bce592f7
bd3e85fd
bcd8e67b
bbcfb2d2
3d0bf4e4
3d616071
bd83d657
3d878e6a
3e65870b
be96b4e6
bea2f71c
bea450c3
bb6048db
bd05df34
3bdfc7ad
3e264c74
3cea22f3
bd28f7c0
3d024601
3e03f6f6
be266de0
be31d8c9
be3303b0
3ab464e9
bc965387
3cc90e87
3d87efcd
3c3b6015
bcd99898
3c242271
3d8365db
bd9fa1d3
bda9b32e
bda47768
3ba7acf1
bbf03f5c
3d0d4aa7
3b97b31b
babdd293
bc53da19
bbb0003e
3c670f9b
bc8853db
bc7fc601
bc172976
3be9368c
3a4ab749
3d1498ac
bcd30529
bc1a899d
bbb2320a
bc5b1c85
bc824cb1
3c617bd2
3c9b705d
3cde9a6e
3c239ccf
3bcc2e05
3d047d4c
bd0a542d
bc529949
bb913b26
bc88104d
bcef81c1
3cb12e94
3ce5b531
3d1e363d
3c2d7865
3c1fd24b
3cde712b
bd07f632
bc6dbd9e
bbab01a5
bc8e3d64
bd04b398
3c8dd947
3cced632
3d162349
3c37e5cc
3c356100
3cc58fd4
bcf7399a
bc7393ca
bbdd79b0
bc943086
bd0591bb
3c637325
3cb4aca1
3d087eb9
3e93b68d
3e8fb020
3e4b5aa5
3e544469
3dd98f3c
3d8c8013
be4a66c5
bd0c0f28
3c30cb36
3c9c660c
3e46b4be
3e5b1a07
3e4de242
3dfee89a
3e22bf00
3db5eb6d
3d874343
be0b8ba6
bc419f01
3839c03b
3c019f86
3e070e3e
3e18b774
3e0cc6b2
3d9632a3
3dd5f939
3d70f130
3d3f9fff
bdb4152e
3bb8600e
bc1f1edb
3a9ae779
3dad2d11
3dc525ad
3db6564d
3d1968bf
3d639f99
3ceaf67c
3cc74178
bd5277ab
3c98ca21
bc9039cc
bb3b01d6
3d4d4521
3d658390
3d582862
3c535e57
3c8c7c58
3b926fa3
3bb48039
bce446b9
3ce52bf2
bcb69684
bbb78ec7
3cce7c38
3cf58c37
3ce263ea
bbbd5698
bc00ed87
bc28fe1c
bbb5db69
bc4378cf
3d09afc1
bcca26bf
bbf8f66b
3c2922ce
3c6788d2
3c4883e1
bc9d1af0
bcab89a6
bc8e1dcf
bc22d5dd
bb983735
3d167849
bcd22702
bc10b428
3b552832
3bee0cac
3ba72a7d
bcd418fb
bcdda373
bca76ad8
bc3af87b
3e676a47
3e28407f
3e0582bc
3d2b8c88
3c1c268c
be258822
39a914df
bd114dfa
bcd11287
3e267f9b
3e1508c1
3e298f9f
3e0ee1ef
3cec4c68
bd03fb47
bd747193
bddc9080
3c7faff4
bd33c8db
bc362a8e
3de312ac
3dc17552
3de967b3
3dbd139a
bbee2448
bd379a56
bd818a4c
bd887fe6
3ce123fc
bd38261b
bba5ad5d
3d8c3963
3d83cc4e
3d933308
3d27fd4f
bc512bfa
bcf35d81
bd23c8cd
bd1d728d
3d143eaa
bd31fc9b
bb1da4f1
3d0f4433
3d37f39a
3d25840d
babb9844
bc13ce89
bc4e863b
bc7fe404
bc72e0cc
3d2a5d34
bd36d349
b8ae3401
3c657b7f
3cd866ae
3c9f284c
bce064e2
bc46d2f7
bbe56176
bb912604
bb852e79
3d3b3255
bd418c26
3b462133
3a710d1d
3c71ff68
3be03f6f
bd1b8d3b
bcadcccf
bc25f866
bbaf555a
3b047b0b
3d404b7b
bd490723
3bb52684
bb8c5ba3
3bdb9379
b82559fd
bd2a9072
bcdbbfbb
bc5739a1
bc059d53
3e04f0a7
3ddfb839
3d3e696a
3cd12f73
be01d364
bc9c8211
bc0925aa
3cd2d2cf
3dff6466
3e0fc48f
3e071890
3d998d5a
3dcbaf1c
3d638c2c
3d342f05
bdb46f46
bbf0b4f5
bc12705b
3c2390cc
3dad2661
3dcc63b8
3db7df35
3d2fb4f0
3d92a1ee
3d2cdea1
3d157011
bd6d1ea9
3ae9a913
bc3aed8b
3a45a488
3d5f003e
3d843b5f
3d6d1930
3cbabfd6
3d290a36
3cb7546a
3caa8d1a
bd0c568f
3c0eae33
bc6b812b
bb8cb9f5
3d075f3c
3d17dd91
3d109fe0
3c24ebfe
3c71b143
3b9bc22e
3bbea078
bc9ec148
3c6306f0
bc7ed3b3
bbead011
3c8e0f1e
3ca50431
3c9ac37a
38c36eec
badcb4eb
bbb038f9
bb2f1407
bc13f604
3c89f651
bc81ed75
bc133710
3c04fa72
3c1b095d
3c0f7861
bc02959f
bc1c5ea8
bc1dcbd3
bbad3aa8
bb974ea5
3c994e53
bc833899
bc28ae72
3b3b43ff
3bad6816
3b8f8508
bc4d9b1f
bc55f824
bc37813b
bbc1edbf
3e8a819a
3e4eb84f
3e0805b4
bd8536b5
be39d600
3ddeb89a
3d999daf
3d71b626
3ddf5328
3d7ff7d2
3daa535c
3ea31b2a
3e89666e
3e688658
bd33b85c
be08b544
3d995553
3cf7af11
3d03314a
3da989b3
3d11eb1a
3d24753c
3e834dd1
3e5f26a9
3e41fea6
bcd4f743
bdc49dbe
3d187adc
3be79dfe
3c855b7e
3d23f8dd
3ca2bae5
3d221f50
3e2272b4
3dff5436
3dd220ed
bbfbf1b5
bd8ad968
3b6b1304
bbb6f13b
3c251e5b
3aa054bc
3c016483
3d499f94
3d877b71
3d246aaa
3ca7570b
bb380024
bd3d675d
bc6760d4
bc79418c
b9e0945f
bc5ca285
bb12c102
3d448d98
3c7c3ab6
bb56d964
bcba5c2d
3bf0d82f
bd0e6fee
bcb1b8a7
bcc9924f
bbb932e8
bcb79d54
bc18d180
3d0f6c05
b91e2d0a
bc83e6b7
bd04bbe4
3c2b7963
bcdfae50
bcc7d3c9
bd000551
bc32a0ce
bcad60d9
bc29c27e
3ccf96ee
bba86c57
bc979026
bd0394d2
3dfbef22
3d21e191
bd5d4466
bdde07c6
3cf03817
bdf457ad
3d81b81c
bcd3b9b6
3d39592a
3e7ac01e
bd1fc6d8
bde4f1b8
be44018a
bc9f3d45
bd65b5ca
bccc84a2
bd41a10e
3d181546
bd447876
3cd77959
3e3ce559
bdd50751
be126f89
be52e8e4
3bb1a7f6
bc7bad2d
bd53b62c
bc305abe
3c04b1cc
bd0cc4c8
3b4c2d01
3dbb71d9
bdac21c9
bdb9d221
be0ac7e4
3c8d8d23
3c687301
bd83102f
3be7ac85
bca72ab7
bc6c9666
bc664772
3bee9fa1
bd288f69
bd00cfec
bd6f7a02
3d166845
3d0622fa
bda218e7
3c9433c9
bd066b8f
bc8c123b
bcc6c9cc
bd2f4c20
bcd023b2
bbbf3e65
bca8240d
3d1ea5d5
3d3f70a7
bdc00dfc
3ce78868
bd2fccda
bc9b2234
bcf2c772
bd6b8380
bd1ab66f
bc1339e8
bc9f399a
3d2e9864
3d4e8aad
bdd213f8
3d14a7f3
bd32f528
bce2966b
bd12a27b
bd75047d
bd3cd1f4
bc7bc952
bccf4d78
bc8b45cc
bca8e0ff
bd7318c0
3c817f9c
be069aa3
3d0cf263
bd98d8ff
3c669061
3e656f4e
be15ed17
be4a8500
be86057e
3b4a898f
bca620a2
bd1237d0
bd56182b
3c9b7261
bda950c1
3bc3673c
3e2df03d
be39f936
be51f9b9
be843d4c
3c9e546e
3c1ebe49
bd67ea2a
bc539449
bb2a0eb0
bd5232a4
bc20a4a6
3d9728a8
be0052ff
bdf9eee3
be229d7d
3cbbfc59
3d00258e
bd7f82f8
3be35eab
bce27886
bc8de081
bcaf1be9
bc70d636
bd568b8c
bd17bd1d
bd6d0c51
3d223a37
3d33830e
bd9ac38a
3ca52a76
bd117fde
bc6a5bc1
bcdb4acb
bd823b4f
bcb78e08
3aed089b
bc06d95b
3d19ef5d
3d5fac09
bdb66d17
3d05cd6a
bd306eaa
bc4ba217
bcee7118
bd970c72
bcf028e7
3abb3e9f
bba0450a
3d24b3dc
3d656c0a
bdc6f991
3d2e3c43
bd2b39bf
bcac60b0
bd0c75f6
bd95b71c
bd13afa2
bb98c39f
bc3dfd71
bc95fda5
bc8ce818
3d2f0cb9
be1329b3
3d15d4e0
bdcbc746
3c5f92f7
3e67f1fe
be81b564
be9591ba
be9faf3e
3bb70972
3c249324
bbb8121a
bd4ffa7d
3cbc23da
bdd9b429
3bea99a3
3e36f8f8
be8d16da
be948e99
be9c018c
3cb01c9a
3cfe4827
bc96da20
bbbbb110
39460042
bd854181
bc21cf6d
3d95b57d
be3ec1cf
be30de0b
be335fb5
3cc0837a
3d3bb6f9
bc7164f7
3c7f286d
bce4a780
bca24092
bcbb05fe
bcebb18d
bd9e11bd
bd560fe3
bd1f11ac
3d2a2e06
3d5956d3
bcb1e01c
3cfb6f95
bd129d72
bc5fa650
bce8df69
bdaba18f
bcef22fe
3b3125d8
3cef4fbc
3d1c21da
3d7a2286
bd06a549
3d3a66ff
bd342d1e
bc2196f4
bcfaa637
bdc021b6
bcf2083f
3c1f01f6
3d186f11
3d26dc9a
3d776a09
bd27b787
3d69f539
bd2b7c59
bca23a4b
bd162544
bdbb7e8e
bd0dc4bc
3ba86d7d
3d0050a9
3e1c81ad
bdc03359
bcb92db6
becbc783
bed38a90
bece5e04
beacf9f0
beb9aa72
be498701
be026e94
3e970090
3dc024d7
bd5a5904
bc60786f
be94d962
be9c5488
be979471
be6e2a2e
be819265
be0b0a64
bdb7d4cf
3e5789cf
3d4081be
bca98f63
bbefc1f7
be535a41
be605580
be58de12
be1a6efa
be27a144
bdac689c
bd671156
3e162648
3c3dbd6c
3b8daf28
bb32c0d3
be12f200
be1d3c21
be18324b
bdb85b26
bdc29a5d
bd3708dc
bcf81b08
3dd25c2b
bc5db754
3caf54a3
3a3d99af
bdcb0884
bddeae9c
bdd5c4d8
bd4030f8
bd436de0
bc916442
bc51aa70
3d99b61c
bcf082de
3d02f13b
3b47f33f
bd92fb5f
bda693da
bd9da6c8
bc9d9390
bc9dc04a
badbc1f0
bb3bd345
3d7f7075
bd17554b
3d1705b4
3b8d7caa
bd71b9ae
bd8ce06e
bd83c01e
bbc450ca
bbc2856e
3bbb2407
3ace14ef
becc7f5a
bd7659f6
bdc78df6
bd211b8c
bd8b4daf
bed1d6c6
bed012ac
be8b3fe9
be25ac5d
3d2fbaa5
3eae207e
be944969
bd230327
bd5a02ac
bc39253f
bd01c0e6
be94c37d
be95d299
be4bc231
bdf587a2
3c38bcda
3e7a9995
be4dee5f
bcce39f3
bc978285
3c50b3cb
bb541e1c
be4b89c5
be4b2a24
be0bd941
bda710bf
bc559568
3e30e2b7
be08793e
bc7b7437
3bf3108c
3d031884
3c9570aa
be05e699
bdfe34f0
bdb2526b
bd4c3faf
bcf595f2
3dfa29ad
bdafd582
bc11a5be
3cd6da2e
3d38a9a1
3d09c096
bda98558
bd93f68c
bd560669
bce2af86
bd28ca0a
3dba7062
bd6623a8
bba3fded
3d1b590f
3d5c0725
3d325172
bd56cc1b
bd25ec4c
bcff5fc7
bc6d28d8
bd3edd9a
3d9c65d3
bd2d3a28
bb42d92f
3d33e2e1
3d6c2927
3d457660
bd1a99b7
bcd42fdf
bcb051c2
bc0b0d02
bd40def3
3cb66c6c
bae0afda
bc998bef
3e06c41f
3e7de068
3e6144f6
3e65cbcc
bb3a3257
be144e85
3ebb91c3
bbd3b36e
3c4ade93
bcad6752
bc9aed89
3dd47efe
3e07131e
3ded9903
3e037c0d
3bff0888
bdc4cba0
3e8fd250
3c9a619f
3b41b1c4
bcfe83a8
bcabe435
3d90ec1a
3d70072a
3d59fcb8
3d984ccb
3c7b0421
bd73ed76
3e652b91
3cf5a6a4
bbcabfcb
bd067cd5
bcc95f1a
3d1240bd
3cb66aa7
3cd17634
3d610454
3cab6453
bd0c83a8
3e3fd567
3d0436c4
bc4fd8e6
bd0a560d
bce29f71
3c04e523
3b38ef96
3c50947f
3d450d9a
3cc2f3a3
bc96e247
3e2b3411
3d009709
bc8c2e61
bd083632
bcf767e9
bc1fd84b
bbcae6d2
3c00923d
3d401beb
3ccef778
bc3876ac
3e2209ed
3cfc166f
bc9bf8e2
bd090bbb
bd01e31b
bc93c0d4
bc2bb3dd
3bbb1447
3d40e1c4
3d7e7d20
bdb8a2e4
3d902357
3e8db4f9
bebcb9c0
becb495c
bed06365
391330b3
bcf75fc1
3b29ea59
3e2e2f4b
3d046b32
bd82f8ed
3d06fc50
3e26abd0
be601c7c
be6de914
be7352b9
3bf6ac3d
bc45d0bf
3cfccb71
3d615589
3bdecd74
bd01294d
3b248731
3d733dfc
bdab2998
bda98389
bda46009
3c27c3cc
3a98ef29
3d3ab887
bc4dc388
bc4927a6
bc12812e
bc80e89c
bc2c135c
3af442a0
3c32a214
3c988cb5
3c8d546d
3c1b4e61
3d3c1a76
bd26dd45
bca3d660
bb8e60c0
bcc65207
bd394ff2
3d14cea4
3d445cbc
3d792c8f
3c8e0272
3c80e727
3d241c17
bd3c75a2
bcc8eed4
bb803587
bcde55a9
bd5aa749
3d14c14a
3d545f1f
3d86e618
3c989ae3
3c8dbb1f
3d134068
bd376b39
bccb21ab
bbf71bb9
bcf340f2
bd5df8b8
3d073042
3d491c80
3d80e4af
3e95cc90
3e9177dc
3e497adf
3e55b47f
3ddade97
3d92f890
be539b79
bd084312
3c3063d9
3cafdcdd
3e4e5a97
3e66d824
3e565dcb
3dfe4070
3e2af325
3dc1d2fd
3d966093
be1aac5c
bc3be2f1
3a81ace2
3be09d1d
3e14f462
3e29f6de
3e1b9a9b
3d9cccd4
3df37513
3d8c1cf4
3d696674
bdddbbe2
3ba66bb8
bc11ccea
ba9b1617
3dd6ec38
3df259c4
3ddf693b
3d3bcb18
3d96ca6b
3d235a2f
3d0ed2b3
bda454d2
3c8d2705
bc82f4e0
bbae61b3
3d9c34b3
3db23080
3da323e1
3cd00a7f
3d245f85
3c96b097
3c90473b
bd7ae376
3cc85568
bca60b99
bbfec0e2
3d711314
3d885b08
3d7b8a26
3c37cf5a
3ca839cd
3bbcbc52
3c043efe
bd5931c2
3ceaf72e
bcb56c7f
bc181a8f
3d4d390d
3d704951
3d5c7242
3b83ff13
3c399b45
397e2f7c
3b8aa7f2
3e6ae92f
3e4c9ac3
3dbbf676
baa1f7a2
bd39553f
be298b16
3c1b2cd6
bd47eb21
bd10610a
3e316a21
3e085d92
3e320f64
3e2ebe26
bc9e5f3d
bdaa37d4
bdf41a13
bde7ade9
3cfb37e6
bd84af91
bc21b4ff
3df95c31
3dc2568c
3dfcdc76
3de048c2
bd468026
bdab02ec
bdde75f8
bda0a599
3d3e7d64
bd896b31
3a1eccd8
3d9d07e8
3d9e377c
3dac2cc8
3d34d6b6
bd15cbb5
bd577c42
bd86c566
bd3ffdf4
3d65b183
bd8f6b8a
3b90b9f2
3d492502
3d6dea8c
3d696fc6
bb451232
bcd24195
bcef7f13
bd056517
bd0c70c0
3d82b65f
bd965295
3c06effa
3cf6bbbc
3d4391a1
3d26f6eb
bccec458
bcdacc47
bca8bf67
bca300bc
bcda278b
3d86c72a
bd9baea6
3c429d9b
3cc325e4
3d1d7ffe
3cfbec31
bd06f97e
bcf0c209
bca1d509
bc938507
3e02b463
3ddf29cc
3d3db246
3cea8e8b
be0799cb
bca0fed5
bc056780
3cf10919
3e038aca
3e18bcd6
3e0be084
3d957971
3ddc9c1e
3d7f521d
3d58e789
bdc8b97e
bc10eeed
bbd8266f
3c07f74a
3dbddbe2
3de45d9a
3dcabfa7
3d2d9dd8
3db28012
3d5d48d4
3d4cefc8
bd914f52
b9a185e6
bc193fb0
bb44d0c8
3d8b1c88
3da28132
3d91aaa0
3cdadb91
3d6f2ce7
3d0fb04f
3d0abc28
bd5dcf13
3bcb62e1
bc40cc0d
bc018e1f
3d4c925b
3d6f65d8
3d565389
3c8f5b60
3d0f7a5d
3c99821f
3c9b2378
bd2baa86
3c2107b9
bc5a0b7c
bc2ccb10
3d219df5
3d3819c9
3d267750
3c2fdc67
3cadc6ed
3c0d8ca2
3c2a4401
bd15a7c8
3c477eda
bc683ab5
bc45caa0
3d0c0ede
3d242a8e
3d13a53a
3bde05e6
3c75535c
3b941ed9
3bede6b4
3ebc9c91
3e9a8d81
3e805906
bd9a3b28
be5d197b
3e0b3eb6
3dce090d
3d5c94d4
3e2150d4
3d84e948
3d101696
3ee65ef7
3ec9f464
3ebada5a
bd784b6b
be37fea3
3de9233a
3ce74af9
3d168a08
3de78cab
3d366b5c
3cdbe20b
3ec16399
3ea3f451
3e9829f8
bd22c197
be1b1725
3d9aec12
bbbb97cc
3d1a5645
3d59495f
3d0806f7
3d8837c9
3e7aa7f2
3e44a363
3e2951c4
bd288b10
be0332f9
3d51ca5c
bcac1a55
3cf33cfe
3ce2ae8f
3cc4e0d1
3dc4a145
3e169e93
3dc9f1cc
3d877df5
bcdd478e
bdf07042
3d21c9a8
bd08ea68
3cea8be7
3bfef9f7
3c93c7c2
3dc8cdff
3dd4daa3
3d5b0acd
3cb7a8fe
bcc32aca
bddcf22d
3d11b0c5
bd31b64a
3cbb478d
3c186e0a
3ca6a409
3dbf5ef7
3db24b74
3d1fad49
3c1f6bd8
39e2a903
be081c61
bd38fb64
bdad8c5d
bc883b4d
be3a9373
3da350c5
bdd904ce
3d41d6f6
3ebb3d31
be6ffb24
bea0b2d7
bede547d
3b02552e
bc81a2f2
bdcaaa80
bd47b172
3d1dca1f
bdd75020
3c9cdf84
3e85b71b
be99a3c9
bea6225b
bed6c2bd
3cb1533c
3d0eba85
bdfe9a78
3c6c5811
bc80930b
bd79d7bf
bc1595d7
3dd9663d
be606f3a
be592331
be8c11a4
3d7d05fa
3d85926e
be13e1d1
3d21bb60
bd29f3a2
bd604461
bced5c59
bc356356
be14effc
bdededa2
be1a0f22
3d80d727
3db74fe3
be24b697
3d69e352
bd83747c
bd30c40e
bd2907ee
bd7dd6f8
bdfbcfb6
bd98266c
bdc84ae8
3d8eeb6b
3dc00c35
be2fd7ec
3d91aa20
bd899e53
bd62f39f
bd64ef5c
bd9c6828
bdf05371
bd80995b
bdae14f7
be7a5fc5
bc442b20
bd0c634b
bd26829e
be6f4494
3d7bd28f
be464ffa
3c98c210
3ed5b5b9
bedcd724
befec81b
bf201815
3d0b9653
3d0f9ae3
be0d3576
bd7c05f1
3cb44d29
be2f764f
bb8b03f3
3e95bdc3
bef295e8
bef54273
bf14b5f8
3d3f2a0b
3dadfafa
be250924
3c9a4145
bd2084ab
bdc53e08
bcfebb19
3dc732d4
bea95068
be9bd63b
bebc4f7f
3dba6c1e
3de6c5f4
be3954b5
3d4ea35b
bd8435f4
bda0cf4f
bd48fac6
bd4f8ed7
be5780fa
be25a0c9
be4482d4
3db1bb63
3e0d2e77
be4b0154
3d98332b
bdb789fd
bd6a5674
bd781ff8
bde2fd19
be2d5e75
bdc7cae5
bdef6a81
3dbe34e0
3e0f3547
be580dc0
3dbdda33
bdb8c032
bd91cc4a
bd9e954d
be0128bd
be2010ce
bda42e79
bdc81442
bc58b740
3cc05ae5
bd144ab9
bed765f8
3de969aa
bec949ac
3d0ad1f9
3f3e5956
bf79e164
bf88f152
bf9b26f6
3d8c1666
3e02c8b0
be4729c9
bdc66e8e
3d30bd0e
beae3406
bc0375e1
3f03ca6d
bf80ec56
bf7daa42
bf8c3e51
3db283d3
3e4f22bd
be5b9450
3d506fcb
bd92c58a
be3da7b0
bd6de139
3e128803
bf2f6873
bf1d20ce
bf26a8e2
3e2da564
3e75dda8
be717278
3de1aaa1
bdf0b0e7
be15576c
bdbad8f5
be0a2a10
bedaa95b
bea2d146
be974fdf
3e229082
3e8f0e04
be85682f
3e1effd6
be27711a
bdd14a7b
bde4d33e
be7a2bde
beabb5a8
be3d2d65
be12c0a7
3e2d88e1
3e8ed959
be8f4ef5
3e44cea0
be27d0e3
be03a882
be13496b
be8aa72b
be9cb9de
be166b46
bdd5bf70
3e1a63a5
bdbd349d
bcb11d63
becf9d07
bed78220
bed27ba5
beaf69aa
beb9cd7c
be47109c
be00625d
3ea12ca6
3dc1aa52
bd59f31c
bc5f7420
be9ebcdd
bea6c31d
bea1eeda
be7a4fdf
be879982
be101193
bdbee51b
3e77da90
3d5290a8
bcb6369d
bc06dbe8
be73d47d
be8142b0
be7a0577
be2f8352
be3f8720
bdc55b77
bd85849a
3e44277b
3ca87c43
b8fab192
bb99cb73
be3f9371
be4e02e0
be4633df
bdf68e05
be058ed4
bd828e02
bd33ac38
3e239bf4
3a8269ec
3c653e8c
bb246a86
be1f5e90
be2d2c49
be25f85a
bdb5c1b5
bdc281c1
bd2f9d70
bcf6e590
3e14b700
bc09a5a9
3ca9dfac
bab8e916
be107c48
be1e6db0
be1790a4
bd96d652
bda0a336
bd07bcec
bcc3bc89
becd820b
bd501cab
bdc8743a
bcca7c37
bd879cb0
bedf3f82
bec49aa4
be7ad870
be0431b5
3d1fffe6
3eb7bb58
be9a1906
bd1db744
bd581bdd
3ab8dd36
bcea7242
bea34363
be91ec2a
be3f767a
bdcd1c28
3c091b2a
3e8ccf9d
be6666d2
bcec99f8
bc8c0b4a
3cabda60
39b169e0
be6952de
be58d445
be138d46
bda36d48
bc7a65fc
3e5d4495
be2e132d
bcb8ee5c
3bf619c3
3d18d54f
3caa8e15
be28dd81
be212e06
bde3220d
bd8104a9
bceea6dd
3e375fc1
be09e8aa
bc9f58f2
3cc0028a
3d4451a5
3d0a59bc
be02d350
bdf6d40f
bdb3c523
bd4a303d
bd13f286
3e26c896
bdf28e42
bc96effe
3cfa522c
3d5e2285
3d2640f1
bde37552
bdd2e7ee
bd9c7610
bd2caaa4
bd6a59dd
3cea7b78
bccc4b41
bc8b977a
3e2fbbfb
3e404750
3e20d395
3e203add
3b00c1cf
be1422e3
3ec1f65c
3ba0d278
3c81458f
bd31baba
bca06e56
3e0ecec8
3d94a147
3d6c8e07
3d8ab482
3c5933f3
bdcbccb6
3e9cf3e0
3d1a7eda
3a0533c4
bd37762c
bcccdd9e
3dbab0dd
3cd443b9
3cbd7dce
3d392626
3ccbec2e
bd8c8b19
3e85963a
3d4c30d1
bc1b9269
bd40644a
bcf8edab
3d4a8fd6
3be615f6
3c63fd79
3d3a9bf3
3cea4ba9
bd470802
3e71489e
3d5afce1
bc8eb607
bd396a03
bd0e7478
3cbb4dd9
ba04b70a
3c5e654c
3d5026dd
3cff51d6
bd264f0f
3e660a56
3d618431
bca5691d
bd3fbf63
bd1cff45
3c3a294e
bb5ff659
3c56994f
3d59e162
3dd3e77c
be6214bf
3db17837
3f08216d
bf30bd70
bf3fef4d
bf505471
3cc96d89
3b81707f
bd16d5e2
3e037b34
3d248d92
be2175c7
3cb5de02
3e9ac810
bef7e9db
bef96b03
bf07a726
3d10d7f3
3d42f059
bc08b593
3d0f8149
bcdf29ff
bd99351f
bcdeb867
3d975fd2
be71faac
be56c71e
be64e2da
3d919b9d
3d94a322
bb7716f4
bc8aa5ac
bd6807bc
bd54a0b4
bd631400
bd9a4a79
bda97552
bd2000cb
bcda4d19
3d8c3f60
3dc1391e
bc5d9f21
bce83681
bda2f75b
bd0fc5d6
bd8e52c8
be0535ee
bd1ef69e
3cc80d5d
3d360e79
3d970649
3dc658e1
bcb84c56
bcbe2a28
bda65e68
bd3fed5c
bdad00ef
be1364eb
bcdec2ac
3d24885b
3d771db3
3eb65b4c
3e929acb
3dc1b842
3eb2cdec
3e83cc10
3e799209
be6e8a7b
bd3ab620
3d0ef818
3cafac9a
3e5905c6
3e92f14d
3e67fb93
3d7d9bdb
3e9e4809
3e6a6401
3e641bc7
be3f84ea
bd114125
3cd26b41
bb867e78
3e3886a2
3e5cf502
3e3d02ba
3d8f5a52
3e627778
3e1d9d15
3e16a8bf
be294050
bcd2a72d
3c9b2093
bc66d33d
3e1ca517
3e32e383
3e1f5056
3da62c19
3e183cb4
3db968ec
3da6d24f
be11c51e
bcb24df0
3c7f02d6
bcab5f38
3e0e9e0c
3e150960
3e0d1184
3da3937b
3de438df
3d64bd50
3d43b67e
be098c84
bc899fb6
3c748a1b
bcd764af
3e04d96f
3e0e743a
3e081e3f
3d9b9ad7
3dc428cb
3d2ff3bf
3d151419
3e9dccca
3f3d23eb
bf099ce5
bf34f358
bf5d790f
be258622
3da6846b
be3cd35b
bd4e1e5f
3e7a8598
bd1c58a7
3e5c0fcb
3f0a0c6f
bf25cd39
bf369f9c
bf55cd20
bdcfbdc7
3e2164a0
be56acae
3d10b87e
3dea1aba
3cc2d87b
3e050aad
3e6d1ca2
beed91d8
bef00c9d
bf08b539
bc087a97
3e4d80cd
be6adea3
3d7abb66
3d3c1b09
3cb41f8c
3d8ed15b
bc1e610e
be9479a7
be81c6aa
be89397e
3b6dfc74
3e74e590
be7db302
3daa1b8d
bc1e0258
3d1cf620
3d04deca
bdf2e2a6
be65a04e
be16188a
be11b0e0
3ca6b24d
3e7965b3
be861e12
3dd683ff
bca7198c
3c467b56
ba9cda22
be1bf454
be4f30a1
bde91876
bdd8769d
bcd7df97
3e970109
3e8174b5
3e896f51
be16c031
bd21101b
3cf77273
3cfa673d
3df60583
3e5b954e
3e0d0eae
bcfb1410
3e9af6c3
3e821ca0
3e8a045a
bdfafbda
bd365ff9
3d0828a7
bc0bf329
3dea3086
3e20453f
3df139e8
3c6a8993
3e6697c0
3e353f7a
3e3c0fad
bdf5945d
bd38280c
3d0d4b7d
bcbf60ad
3dd54c88
3e020ba0
3dd503ce
3d63aaae
3e1ccd7c
3dd7a332
3dd23bb1
bdd6e8da
bd46d0f6
3d13040a
bd04ca16
3dd068f7
3dd33176
3dc4cb08
3d918a60
3df09914
3d865215
3d780928
bdcf9948
bd3c242f
3d1b28fe
bd2282d4
3dc61569
3dd0fd8f
3dc75c3e
3d95b8f9
3dd26fc8
3d5209b9
3d3f8383
c17785cc
c181aa91
c18eef4e
3f956ad9
405a2369
c070a614
bf981edc
3ef3deab
c0a3f492
be5ed4df
40cd93c5
c1830317
c17c2915
c188701f
3fa77f8a
40857389
c0702ef1
3f200bc3
bf7dc97e
c03c9ae1
bf5234ad
3fdb6356
c13d0530
c128409d
c12f7656
40184a0f
408ffca4
c07088d4
3f9b2284
bfc9e0d8
c0110ac1
bf9fbd2f
c0069ccb
c0f5f5d5
c0bdb0dd
c0b295f4
400a8ade
409d95d3
c077951e
3fd63810
c00c9cf9
bfc00007
bfc30b86
c06dcbd7
c0bc5542
c0636a12
c03cc7ce
4011f899
409b7c7c
c0809615
4006b9eb
c00c7a64
bfe59787
bffc3827
c084438a
c0a6d9d4
c031325b
c008f18f
3f807611
3f8c4bcf
bd9e762d
be65d79f
3e71b650
3d935ef9
bcb7cfb1
3ea2487d
3c9d270b
bebf2990
3f81d17b
3f7853e2
3f855cad
bdab2f52
be8883bd
3e6d2d05
bd19ebcb
3d84137b
3e3a8661
3d5ca152
bdb9b8a0
3f3b020b
3f258369
3f2b12c8
be168a0a
be9143a1
3e6ab4f1
bd958950
3dc98e7d
3e0e81b6
3da065d0
3e0dd14f
3ef38533
3ebad2d9
3ead8664
be0812ee
be9d9053
3e6fee4b
bdcf128b
3e0a410a
3dbba7e8
3dc0bbc3
3e702733
3eba59ce
3e606bdc
3e365ede
be0ec6b8
be9b1626
3e787c6f
be0274b2
3e0991ee
3ddf5515
3df75b28
3e849522
3ea4fb1d
3e2ef800
3e039764
3f186512
bcb887da
bdbc83be
3e025e25
3d333c18
bd06dd40
3e213d44
bc133921
be7a75b7
3f064abb
3f0459e3
3f128ebf
bd0607e6
bdfed15a
3e042410
bcad8096
3cb5e0ec
3db54df3
3c839c99
bda0e793
3ec29fe6
3eb0f403
3ebd2205
bd95eede
be0f987b
3e06ab93
bd2fd078
3d3bcb41
3d8e0eb1
3d0a1700
3d612a15
3e7dc6a0
3e46cf05
3e4238a6
bd8b77c5
be215414
3e0bf8bb
bd745e42
3d8da4f0
3d3bf22c
3d3995c8
3de5dbaa
3e4437cc
3dee6eb9
3dd0b9bf
bd9627fe
be20782c
3e11c6f3
bd98faa5
3d8f65c2
3d6a70d4
3d7c9046
3e0263bf
3e2f6351
3dbbe878
3d9a8455
bc5a79b9
bd05ec07
3def2082
3d3ed9a3
bce6d357
3dee083d
bc06bc24
be6249d7
3eb3d8b7
3eb8be89
3ee66e4d
bcc4aec1
bd8b7314
3e071043
bc18b775
3c7de869
3d8e146f
3c3b03df
bdbeca9c
3e88497b
3e811b14
3ea0faff
bd68a827
bdb34256
3e115f83
bce7e241
3d108aa1
3d683ae4
3cd4960b
3c588a62
3e34b4ff
3e1563f8
3e3b46dc
bd5e4f79
bdd78a6d
3e19c072
bd288d5f
3d5f29a3
3d213202
3d11dd4d
3d7bd272
3e0d6373
3db6268b
3df02e76
bd70aa5d
bddadba0
3e207cd5
bd56cebe
3d64be79
3d444c35
3d470c59
3d9ab529
3dfc445d
3d8f73a8
3dc64e34
3e1a98bc
bdbeab0e
bcac53c1
bed5988d
bede2514
bed891bf
beb20995
bebe9f62
be4cefa6
be058f2d
3eb05fb5
3dd082b7
bd6c4963
bc723c94
beadd52f
beb71bd0
beb134ac
be878cdb
be950bc7
be1f6a4b
bdd5b2d8
3e9469ec
3d87ad25
bcfefbc7
bc3a6834
be91b919
be9ad2cd
be957bf0
be54f807
be69eb6f
bdf471dc
bda5c2d6
3e830101
3d33606a
bc6337c1
bc1fae98
be8076e1
be88f426
be845fff
be31bb82
be3ffc91
bdc1675a
bd82dce8
3e76254f
3d07a414
bbb404cd
bc142f7d
be71601f
be810018
be7943bb
be218e99
be2c8c19
bda96cbc
bd64f548
bed4e491
bd7f4b09
bdba7f03
bd1e71c4
bd7d4bca
bed25cfe
bee11280
be9a824b
be435180
3d32c40e
3ecb2f0d
bead9ec3
bd27e9f3
bd5db2a2
bc40ff8c
bceed571
bea4c904
beb77e2b
be80d2e2
be268ca5
3ca12b87
3eabbb00
be9028fe
bcf8c45d
bce2c676
3c1858cd
bbd06997
be87251a
be9451eb
be51f504
be065264
3b564c8f
3e986b40
be7a734c
bcd11f35
bc39f5a1
3ccadeac
3c01a4d3
be6b1ab6
be78ba98
be2f66dc
bddacc9f
bb944930
3e8f94bc
be68cd7e
bcbfb918
bb6173e7
3d01695f
3c69e70f
be5b4226
be6256f1
be1f7d70
bdc35f98
bc02e13f
3ca084e0
3bb20b2a
bc9c15dc
3ddc92c6
3e85e1ae
3e75159f
3e84bbda
bb85dd31
be2ad42e
3ed9f82d
3cef40b1
3c8be52d
bc9777cf
bc8c7b8d
3ddd0aaa
3e20c255
3e0fb153
3e28bd8b
3a333fdb
be0e1443
3ebf6e9a
3d47ba56
3c4b471b
bcf5b782
bc90c9a1
3dd0e68d
3dbe9b5b
3da672f7
3ddea969
3bcca0d6
bdfac4e1
3eb16478
3d5f5dea
3c179f82
bd11ee1d
bc9eeab1
3db86965
3d87763f
3d67b66f
3db3d16f
3c04f7dd
bde9d14b
3eabda5e
3d626774
3bda705d
bd12e28e
bca17023
3da9938b
3d672313
3d476c24
3da83cec
3d11231c
bc7e0417
3d584fff
3ddda807
be10f487
be1b41c6
be06f1d5
bc1029d6
bd33e64a
3d8fd9f6
3d9c4ca0
3c806fc7
3c2d9ee4
3c759dcd
3cb9cb21
3d213bb7
3d05b9e4
3d430927
bc6bca02
bd2bccf1
3de18173
bd5d8b7a
3b756550
3ccc6bc9
bbb4bb9f
bc6ad40b
3dfd1c2e
3debb553
3e021bdc
bc4fb6e2
bd2b94a3
3dfdc43b
bde75bf5
3a993ceb
3cca7685
bc5e7d08
bcc22deb
3e16bda6
3e0d9d7e
3e16c67f
bc54be90
bd25ec74
3e04c92e
be0bf3c7
ba82e9d1
3cdc7677
bc6e209b
bce31b23
3e1da42a
3e1456f6
3e1ca938
3e8dd282
3e9714c9
3e81315a
3e11e063
3d0bcd3c
bc5ab49c
be6ed316
bccf8fb3
3a363c32
3c727074
3e6c8178
3e750f51
3e73ec9f
3e2c7ed9
3e06a76c
3d4d490a
3c95db96
be44d811
bb557e2d
bc358491
3c02dd62
3e432b8a
3e542003
3e4b0763
3de435bc
3df3830e
3d66fff2
3d14a3b9
be2e7d2a
3c40f3b3
bcab04aa
3bd1703f
3e293fbd
3e3fd2ef
3e3278bf
3da7a8e8
3dd1d178
3d583aa9
3d1d7936
be23b65e
3c91c93a
bcd6d13d
3be9fc49
3e1ea932
3e33c60b
3e260971
3d8fad45
3dbf0912
3d47a54b
3d160bb0
3e5a4630
3bd70881
3ea33be0
3e7ee8f3
3e7e5b28
be451457
bc640354
bc800226
bc818e3d
3e3efaee
3e5c28bc
3e454c06
3d9763a3
3e3aa6c3
3dea0ef8
3dd685d3
be39bff7
bc5be81c
bca58c34
bc7903fe
3e302d75
3e3666aa
3e3456fe
3de57c73
3dce48fe
3d0f7c81
3c9397a9
be28701f
bc7d2592
bc8d7ac0
bcb0a5e9
3e2894a3
3e1fa37d
3e27efb8
3df0aa89
3d98c232
3c038003
bc161388
be23a607
bc55f6ff
bc5f5f3b
bcebc999
3e217862
3e1dbeda
3e268d63
3dea8234
3d89e9cd
3b191870
bc5deb20
3e365bf5
3d54ba12
bc8ebef1
bd3ca159
be18d7ae
bc3bc098
bc94326d
3c72c7f7
3e169aaa
3e1ead31
3e1d73b0
3dd8804e
3d9d10f0
3cd42b31
3c07c411
bdf9d20a
3b0a237d
bcacb69c
3b0594ec
3df40343
3e0c22a3
3e012f4f
3d771b6b
3da9d4ad
3d376db5
3d109e76
bddd12cc
3c3fd370
bcd81312
bac354ee
3dd1074d
3dfdac76
3de1c512
3d23c614
3d99225d
3d383a2b
3d204bf3
bdce8221
3c7a32e4
bcf4a3c3
ba92228d
3dc39741
3decc843
3dd0b226
3d06ee56
3d8d312f
3d2d68a2
3d19ef60
bdbb12ab
be345eaf
be911164
bd487102
be0556dc
3d288e17
3d1cdcc4
3d5ee93d
3ca98327
3d5eb690
3e59240e
3d02ad81
bc87a1a1
bdb8d6c5
bc0a44eb
bdb4a70e
3c727de9
3cf0913c
3c969adc
3cb26299
3cb6e398
3dab5c26
3dc2acac
3d9085f7
3cbe708f
3a83659f
bd6e1c75
bc416dba
3d0ef8b6
bbd733b0
3caee057
3b985e7c
3d04b3ec
3dc38827
3db79c95
3d53c407
3c206c52
bd490309
bce26b3f
3d34ae5a
bc46654e
3bff7e7b
bc10dfb1
3c91e17a
3db425fa
3db3d691
3d52c021
3ee4c90e
3ed4762d
bd74275e
be2ad629
3da87932
bcf6d5e1
3d6b9f23
3d8bb3fc
3d49448e
3dbbd142
3e8b1eac
3e51c1ee
3e2370fd
bd8e864c
be21f9f1
3d6cfe7f
bc2f9a8c
3d83384c
3d180c38
3d6247b8
3e2fcefd
3e0a05f2
3d8488e0
3bfc370a
bd75dc83
be2065f4
3d59e2f5
bc4aea08
3d8f1665
3ca2a25b
3d6535b9
3e435dd6
3dbbd6bf
3c852673
bd2a8d1b
bd74aec8
be1af2c0
3d60d651
bca896ff
3d87f582
3cca2e70
3d7b43f4
3e42f136
3da436d6
3ba766a1
bd4e2ec5
3e9a0dab
bc868587
bda8b664
3d6a9503
bcb60ab3
3c8c2667
3ca4c8de
3c287bcf
3cf4ab69
3e0dc759
3de33829
3dc5ad7c
bd020abd
bdac7c9a
3d2a6b8c
bc1f8158
3ceb5aa0
3b2f0923
3cad6a7d
3dcd29a9
3d378be4
3c153f4c
bc99bfe2
bce9baee
bdb5950d
3d2b5b28
bc62db63
3d192e5d
bbb1a3ae
3ccd40d9
3df04a90
3cc6e57e
bc9d3784
bd4b637d
bcf909f3
bdb24ad1
3d397e45
bcb2678c
3d140f7d
3adc000a
3cfda1fc
3df0dca9
3cb4c274
bcb84b20
bd5147e4
bc2948b8
bcda5269
3db010db
bc0f09d1
3c16a146
3cadd870
3bc2b699
bd11663a
3db45fb9
3daf2cae
3e105dad
bce54dc1
bd214795
3daf3333
bb917cd3
3cb7d17a
3c1df2c9
3c8b00dc
3d0e3836
3cb98e2a
3c0c71b5
3d40d72c
bcdd4ad4
bd4da451
3dbc877e
bc1c4519
3d05c85d
3b1bc64e
3cb5878d
3d6e4c9c
3c081f00
bc864c6d
3c9949f7
bcf2a391
bd53a37b
3dc84e20
bc88b360
3d06e119
3c0bd0b5
3ce89a7a
3d808638
3be0b233
bc9bbdfb
3c72205a
3e1ed225
bdc492a5
bcb05b00
beddb95e
bee65846
bee0d8bb
beb93979
bec4323c
be520f99
be075f5c
3ec41ffc
3df0d103
bd8aab45
bc996bbb
bec1ba27
becb3566
bec55ef4
be99e72f
bea5e898
be30b059
bde8c1b0
3eb2fea3
3dbfd77d
bd47886a
bc9270ad
beb05c71
beb9e6c0
beb47431
be876321
be910bab
be180678
bdc88973
3eab6e05
3da94e5a
bd21e0e7
bc922d1d
bea8dc51
beb21f88
beacf8b8
be7e7c48
be874a94
be0c1995
bdb84166
bedb064d
bd6c50c9
bdbb6c28
bd15f1ea
bd77c31e
bed94fcb
bee7f49e
be9f4c7f
be470a02
3d50f5da
3edfe36e
bebf6f8d
bd30bd62
bd7de5d7
bc8771e8
bd0d1b52
beb700f7
becb24a2
be8e95d4
be367a05
3d0a4990
3ecc5489
beac9609
bd1ac730
bd337a40
ba3ee9d8
bc997e3f
bea436a0
beb436ae
be7dda2a
be212c36
3cd09f66
3ec3ff06
bea3d22e
bd14d9fa
bd118f40
3bf34df4
bc37fa20
be9c6247
bea94039
be6e6041
be15ba86
b9bb3f1c
3cc9769f
bb9a83cf
bc8cdd5d
3e0349bf
3e6eb495
3e584dcc
3e6af528
bbe1bfc5
be36f28f
3ee84db4
3d3617b0
3cb558a4
bcc88ca4
bc6a0e78
3e0aba66
3e1001ce
3dfb536c
3e12fda8
ba6f4e76
be25b13a
3ed6f7fd
3d84fd86
3ca0b139
bd0c2bfc
bc6a0463
3e06cb1d
3dc6c87c
3da55d2d
3dd86828
3ace4104
be1dc357
3ed01127
3d942ba5
3c8fe2c0
bd1824e8
bc6b6f73
3e03198a
3da492fd
3d85b728
3dbc4d01
3d2cb1c9
bd16738a
3d527da3
3e1d8298
be4537e0
be5274b3
be4ce91f
bc0cb127
bd17d562
3daa484b
3c911727
3c41b769
3b2f0e01
3bded397
3d0ecc60
3cddc1c9
3c984d48
3ce0ae43
bbf2e202
bd08e35f
3df8749f
bdd73b4c
bb3628ce
3c9cdfc1
bc7e4812
bc98740c
3e010f7d
3dfe80dc
3e06b41a
bbe54d46
bd0266f5
3e0d6b8f
be1f0da6
bc16f556
3ccf77a2
bcc8e9aa
bd28ce4e
3e296cb9
3e298c58
3e319d26
3e9d40d7
3e9a7a1b
3e5e75ad
3e503679
3dc1d5d9
3d5a98b1
be841058
bd0b229c
3c2ae75a
3c4d51d8
3e81cbb2
3e8f1156
3e86343a
3e21deef
3e4d21d5
3de2c9b7
3da4e075
be72a937
bca1d016
3ac0fb8d
3be5c941
3e6b17c8
3e84ef60
3e747b0d
3e052371
3e3cf0ad
3dd9ef48
3da6a908
be6889a7
bc5ee818
bb7de7c2
3bceef70
3e61781f
3e7ec61b
3e69aa3d
3df5124b
3e32ec84
3dcf11d2
3d9fb557
3e6f9929
3de52583
3e440ea3
3de1fa3b
3dbcacf9
be60dbf8
bc0115c4
bcf90cf7
bc4da9f2
3e5d115c
3e5556e9
3e620998
3e23539b
3da13ab9
ba0e5190
bcd2b2db
be500cd9
bbd3b14e
bd066e13
bc2b3b4b
3e53de80
3e3e3bb5
3e55f31b
3e28478d
3d3b5a14
bd04ae50
bd67d48b
be4ac991
bb65eb73
bcfd6e73
bc71c2f1
3e4cb9bf
3e3b37b4
3e528754
3e243555
3d1ec2d5
bd192127
bd74dc60
3e186d72
3dbf8eaf
3cd68861
3b295467
be23a82d
bc87dd26
bc489f70
3c2d7fd6
3e204cda
3e35c354
3e28df86
3dbc66fe
3dfe5df7
3d8f0415
3d610417
be167842
bbf50885
bc7028be
ba6793ec
3e0e9dfc
3e2b78cb
3e181774
3d8ae737
3e008345
3da23c2d
3d8acefd
be0fc020
bb75ee3a
bc8e34f8
bb6fc115
3e081435
3e2426f7
3e0f8e7e
3d73b111
3dfae95b
3da2ce03
3d8d40b5
3de72e2b
3cdeaaf6
bd92bc21
bd524ab9
be3df53a
3da79fde
3d32a4b8
3d682671
3d95b4a6
3d6f9c20
3e1aeb53
3e7a4e48
3e3ffb67
3df0c06a
bd245812
be1f0f2e
3d761733
3d0611e1
3cf47d6a
3d9a5cc5
3d19c5c9
3db403aa
3e86e3eb
3e6575aa
3e274774
bd00ae9e
be151480
3d343e5b
3d1770d4
3cc04b0a
3d833e63
3ccc3c92
3d8fe1bb
3e842c8d
3e65ebf0
3e298a6f
3e9de365
3e819aab
bdb29c29
be371179
3d90014a
bd0d6d02
3db090c4
3d010b88
3d92a0ce
3e6eff17
3de0e7e1
3cac0756
bd5f134f
bd9e3370
be3652a9
3d61517e
bbd9486a
3dc72b1c
3b6623c8
3da0f54c
3e8f2e3c
3cb2cabb
bd96c0ce
be1a1e7a
bd9d9e8a
be3174d2
3d6178af
bbd58487
3dc23e0e
3bcbe07f
3daf9c61
3e928668
3a62c33c
bdc30ec1
be2d7e69
3e47b697
bd247a7c
bdc793b6
3d5e7508
bcf47260
3d28b346
bc4f5360
3ce67425
3e1cd419
3bb07cb8
bd27b405
bda7355f
bd146e91
bdd34e93
3d2fe676
bc050e9f
3d652c39
bd057371
3d1de868
3e4b857a
bd7a769c
bdf3c8be
be278af4
bd1d285e
bdd033e3
3d381a40
bc25aed5
3d64a23e
bcdbed2a
3d407fca
3e52d344
bd9623f4
be0905a2
be3577f8
bd038867
bd0f3d71
3db3f56a
bc9d85a4
3cf9902d
bc00b821
3cb5deac
3d9010eb
bd1ac1b3
bd64001c
bc4dccb2
bcfb51e4
bd42e31f
3db17f35
bb7a1a57
3d3cace7
bccd297d
3d0606e9
3df1e3ee
bdb8c345
bdf7c2a5
bda93850
bd099ed8
bd4a9c32
3dbc3c8d
bbd6e963
3d404c68
bca0c714
3d28288e
3e02e26a
bdcb2497
be07fb97
bdc23c70
3e266208
bdd38fb2
bcd3ba60
bee572a1
bef3dc08
bee9287c
beb8d068
bed945ea
be76e229
be2ad340
3ed9b9cc
3e0f71fb
bdae3400
bcc96b60
bed5db65
bee5336b
beda616f
bea74c69
bec7c467
be636c06
be1f545c
3ed33668
3e056784
bd9a680e
bcd38cf3
becfaa36
bede17be
bed3de79
bea0a635
bebea102
be57907b
be16463a
bee1e583
bd6f012c
bdbea635
bd20631a
bd7b60f0
bedebac4
bef347ed
bea89021
be54518c
3d816ede
3ef6b0e5
bed2cd4a
bd4602d7
bd981cf6
bce08f84
bd37fccd
beca9d3e
bee48a1d
bea12270
be4ec007
3d624019
3eefb58f
becb9a20
bd3bbb15
bd8835bd
bca38a0e
bd17657b
bec2eeef
bedc9c13
be9c3c07
be48763b
3c6e7fb4
3cd753fc
bbca57be
bc81fc6b
3e0b466a
3e661548
3e51000c
3e624ca4
bc18509f
be463826
3ef8f820
3d6a946f
3cdf6e11
bcbb7927
bc3a7330
3e1a141c
3e1c7592
3e079c30
3e1ac9ae
bbe266ff
be3fcab5
3eefe355
3d9adc18
3ce05d91
bcf16a24
bc17788e
3e202ff9
3dfb5478
3dd11fc6
3df94597
3d2f0e02
bd1eba6b
3d465f93
3e22d4cb
be3fcd68
be5241c7
be4b6d63
bc48dfc7
bd1d39ff
3dc699de
bcccb72b
3c71b1ba
3b12ae77
3bc1195d
3d3b912b
3d018091
3ccac56f
3cf8105d
bc4d8c78
bd188238
3e0d61d7
be03fe05
3aa93887
3ca95777
bc5169fd
bbe3bc68
3e03e1b2
3e02ab46
3e0ad1ce
3ea3707d
3e9eab43
3e5a94b1
3e61da6d
3de31d57
3d8f8e07
be9159eb
bd2a7fad
3c706622
3c74a95a
3e8db8d6
3e9dd273
3e92df11
3e33853f
3e698bc3
3e054136
3dc2aefa
be8d16a1
bd13aa81
3c3c90b1
3c2e7f72
3e893230
3e99fe5e
3e8d9eac
3e256de1
3e68d704
3e098264
3dcfac7c
3e793ca1
3e1c9d6d
3e13a819
3d61e90a
3cf3037b
be72177b
bc79d264
bcd61ea8
bc5892af
3e773455
3e5aebf0
3e77b905
3e485a88
3d6a150e
bd1233d6
bd82763c
be6ea2ea
bc557003
bce90f0b
bc1671eb
3e73bb38
3e54e75f
3e79c342
3e52d2a8
3d019b2d
bd7f239a
bdb89f74
3e0e767a
3de42358
3d37c5f7
3cc5aa6a
be327fa7
bca5f9c5
bc2f20af
3c29040c
3e2bb6e4
3e47da5e
3e36558b
3dc9eba6
3e145537
3db3b588
3d916be9
be2cdbcb
bc8c500a
bc206d74
3a2bcc7d
3e24e580
3e44a31a
3e2d439c
3daafbbd
3e1ea050
3dcff680
3db1050d
3e78d58c
3e261bb4
3d89f6dd
bd8dc9e1
be5eb5dc
3dce624a
3d5411ff
3d64394d
3df39539
3d8870eb
3e0a1c01
3ebe6d71
3ea224ff
3e718d1a
bd75b14e
be5502d0
3dbcafa1
3d25a956
3d3a515d
3debb50b
3d407483
3dc02782
3ecf2aae
3eb7a318
3e9028dc
3e299cae
3dad5e50
bdc80ef3
be59fb4b
3da6e893
bd2826bc
3e01f9df
bc80288b
3dc0a113
3eb66de0
bc94768a
be15e566
be746165
bdcd91ad
be57109b
3d8bda72
bbda92b0
3e081b0e
bcc30f0c
3def6ecd
3ed1eec0
bddd05d6
be79d791
bead725d
3d300afc
bd5ef632
be11d8f4
3d9c1b2e
bd42f9ba
3db580ce
bd911633
3d5a442d
3e9dc1ab
be1465a0
be74595d
be99aaa7
bd753b94
be11c405
3d82d90c
bc6a4df9
3dc6d651
bd9cba65
3da33122
3ebbb248
be6fece7
bead59f9
bece88e9
bd53ea16
bda794d5
3df3b285
bd187704
3daf3d06
bd99d54b
3d5d17d3
3e7e7773
be6884c0
be96bcd5
be832230
bd6e8f5e
bdae5c80
3de3e1fc
bbc370a0
3dc332a6
bda45d63
3da7cb2e
3e9fc409
bea1bc94
beca838d
beb8f94f
3e2e18cf
bdde1032
bd028978
beebf0a2
beff090f
bef0fbcd
bebc8f52
bee8b719
be88f30d
be417c98
3eebdad1
3e26c886
bdd1191b
bcf9ed63
bee74d15
befa8382
beeb663b
beb4dc63
bee6cf2b
be89d354
be45e8ee
bee74c22
bd813baa
bdb7355f
bd5b8a63
bd7883aa
bed99f9d
bf0689f3
bec3187e
be826649
3d969164
3f04e61e
bee3bf7d
bd5be3bb
bda7ef56
bd4a6e9b
bd4df1dc
becef5b7
bf07cc9a
bec8dd79
be89a559
3c361ad4
3cc6846e
3a62dce0
bc946cf9
3dfd4372
3e7d84d8
3e6c48ba
3e7cba04
bc489101
be4febc2
3f051a12
3d2d6f17
3cdbb9a3
bc2284d5
bc635c16
3e0f803f
3e50a4f0
3e3daaa2
3e4d3c85
3d67bd44
bd79347d
3d6ed701
3e5cd03c
be87683e
be92bc5e
be90ea33
bc9723f4
bd39250e
3da26ffa
3d561c7c
3d1339bb
bcd7ec82
3d00a977
3e06fde7
bdd3ac81
bdf09bcf
bddeb3c9
3eb1e480
3ea20cca
3e40c540
3e8c7554
3e2eba03
3e040ca4
be9b5d57
bd453a7b
3c8d76ea
3ce51216
3e95f476
3eb0ac00
3e9b8459
3e2791d5
3e979b71
3e4ae2e7
3e2302fa
3e85bc1d
3e6e12fb
3d1a92f4
bd9fe35a
bdd497b3
be877b37
bcc263f6
bc8aeaa4
bd16d02b
3e8df903
3e502a2a
3e8edf04
3e919d33
bd3854a5
be2ce682
be4bb602
3df667af
3e12e64f
3dadd65f
3d83aebc
be39d762
bcc6b0e6
bc4f95d1
3ce41980
3e319517
3e59a82e
3e3caacc
3db9a144
3e3948e4
3e02a962
3de14e6c
3ee72653
3ecf028d
3e966fd3
bd884e7d
be8487ae
3de5152d
3df2c75c
3d2db54a
3e37d8b5
3d5268cf
3d86eb88
3f1be1c5
3f1576c3
3ef82c1a
bebfecda
bef2b71e
be41171d
be9448fb
3e12d2e0
be7bcbc9
3e87448c
be25897b
3e58b2b2
3f4f9afe
bf1370c3
bf615d95
bf809008
bfffa179
befdac71
bf343493
3ee872e0
bf5c7532
3f4a0787
bf4eb339
3f1ac52e
402d349b
c02b0d79
c0668940
c079a42d
3ef9da5f
3f21d435
befac7f1
3f587626
bf47235f
3f4d8ef4
bf19e7a1
c0276f3d
402f334b
40685539
40741ad9
3e88b125
be47bb9d
3dca6a91
bf0efc7c
beb13fe0
bf09b69b
bf421459
bc61a77a
3e9a3cc2
3ecaf7fe
befca3ab
3d6bc0c6
be294386
3dd205b3
bde0c1a4
bf409a5a
bd867124
3e3b8e2d
3ea19750
bd9d90ad
3d4d2bc9
bd5ef290
bb6866f1
3e6df912
3daefb84
3cf5b7cf
3d31c074
bd8bdf3a
3e4f6954
bcb49da4
bea2edf0
3f072fab
3f2f6a65
3f32016f
3e12a1d9
3eb5ad84
3f0bb4ce
be9cfd53
bf02d845
bf0d631c
3de15fb9
beef3e2c
3f851f03
3f919ede
3f8f5937
3eccc2e3
be8ddff9
bed7497d
bee19685
bf2093b9
bf500500
bf5dda62
3f3f5a1d
3f2e0b1e
3ee78c55
