/usr/lib/python3/dist-packages/scipy/__init__.py:146: UserWarning: A NumPy version >=1.17.3 and <1.25.0 is required for this version of SciPy (detected version 1.26.4
  warnings.warn(f"A NumPy version >={np_minversion} and <{np_maxversion}"
<frozen importlib._bootstrap>:241: RuntimeWarning: to-Python converter for std::vector<int, std::allocator<int> > already registered; second conversion method ignored.
[INFO] [1768290438.227422828] [moveit_rdf_loader.rdf_loader]: Loaded robot model in 0.00486933 seconds
[INFO] [1768290438.227491728] [moveit_robot_model.robot_model]: Loading robot model 'husky_fr3'...
[WARN] [1768290438.234290292] [moveit_robot_model.robot_model]: Link camera_base has visual geometry but no collision geometry. Collision geometry will be left empty. Fix your URDF file by explicitly specifying collision geometry.
[WARN] [1768290438.234320345] [moveit_robot_model.robot_model]: Link top_chassis_link has visual geometry but no collision geometry. Collision geometry will be left empty. Fix your URDF file by explicitly specifying collision geometry.
[ERROR] [1768290438.234560475] [moveit_robot_model.robot_model]: Group 'fr3' was specified as parent group for end-effector 'franka_hand' but it does not include the parent link 'fr3_link8'
[WARN] [1768290438.234569547] [moveit_robot_model.robot_model]: Could not identify parent group for end-effector 'franka_hand'
[INFO] [1768290438.243707238] [moveit_rdf_loader.rdf_loader]: Loaded robot model in 0.00099004 seconds
[INFO] [1768290438.243714703] [moveit_robot_model.robot_model]: Loading robot model 'husky_fr3'...
[WARN] [1768290438.245503597] [moveit_robot_model.robot_model]: Link camera_base has visual geometry but no collision geometry. Collision geometry will be left empty. Fix your URDF file by explicitly specifying collision geometry.
[WARN] [1768290438.245515294] [moveit_robot_model.robot_model]: Link top_chassis_link has visual geometry but no collision geometry. Collision geometry will be left empty. Fix your URDF file by explicitly specifying collision geometry.
[ERROR] [1768290438.245604047] [moveit_robot_model.robot_model]: Group 'fr3' was specified as parent group for end-effector 'franka_hand' but it does not include the parent link 'fr3_link8'
[WARN] [1768290438.245607194] [moveit_robot_model.robot_model]: Could not identify parent group for end-effector 'franka_hand'
[WARN] [1768290438.246234409] [moveit_ros.robot_model_loader]: No kinematics plugins defined. Fill and load kinematics.yaml!
[INFO] [1768290438.248499888] [moveit_ros.planning_scene_monitor.planning_scene_monitor]: Publishing maintained planning scene on '/planning_scene'
[INFO] [1768290438.248550454] [moveit_ros.planning_scene_monitor.planning_scene_monitor]: Starting planning scene monitor
[INFO] [1768290438.248820462] [moveit_ros.planning_scene_monitor.planning_scene_monitor]: Listening to '/planning_scene'
[INFO] [1768290438.248832485] [moveit_ros.planning_scene_monitor.planning_scene_monitor]: Updating internal planning scene state at most every 0.010000 seconds
link: base_link
link: base_footprint
link: default_mount
link: front_bumper_mount
link: front_left_wheel
link: front_right_wheel
link: fr3_base
link: fr3_link0
link: fr3_link1
link: fr3_link2
link: fr3_link3
link: fr3_link4
link: fr3_link5
link: fr3_link6
link: fr3_link7
link: fr3_link8
link: fr3_hand
link: fr3_leftfinger
link: fr3_rightfinger
link: fr3_hand_tcp
link: rgb_camera_link
link: depth_camera_link
link: camera_base
link: imu_camera_link
link: inertial_link
link: rear_bumper_mount
link: rear_left_wheel
link: rear_right_wheel
link: top_chassis_link
link: top_structure_link
Franka Panda Robot Model is loaded!
Franka Panda Robot Model is loaded!
Default initialization of bounds
Default initialization of model params
bounds initialized
Available cores: 28
Default threads: 28
Updated threads: 27
Franka Panda Robot Model is loaded!
Franka Panda Robot Model is loaded!
bounds initialized
param values:
	desired_s_velocity: 0.1
	tol_envcol: 1
	tol_selcol: 1
	tol_sing: 0.018
cost values:
	qC: 1000
	qCNmult: 10
	qL: 500
	qOri: 100
	qSing: 1
	qVs: 10
	rdVs: 0.1
	rddq: 50
	rdq: 0.002
bounds values:
normalization values:
sqp values:
generate new initial guess!!
BEFORE initial_guess_[0].uk: [0.000000, 0.000000, 0.000000, 0.000000, 0.000000, 0.000000, 0.000000, 0.000000]
[OSQP] Permutation vector loaded from ../reference_matrix/P_ref.txt (n=658)
Initialization finished.
Allocations finished.
Setup successful.
Solver is ready.
Starting solver...
Solver initialization verified.
Solver finished.
===== SQP Iteration: 0 =====
step_ (179 x 1): 
 -1.8405e-11 -9.36884e-10 -2.63275e-11  2.36657e-10  2.01352e-12  9.17821e-11 -5.65636e-11  3.33152e-12 -2.95475e-09 -2.50867e-05 -2.28258e-05 -3.00658e-05 -2.63598e-05   1.7451e-05  1.57092e-05 -0.000141389  1.49978e-05   0.00299954 -6.05759e-05 -4.60032e-05 -7.05337e-05 -5.24087e-05   3.0853e-05  3.14293e-05 -0.000283346  5.76082e-05   0.00552253 -0.000111828 -6.97865e-05 -0.000126764 -7.79081e-05  3.80855e-05  4.71853e-05 -0.000426351  0.000123543   0.00766437 -0.000179774 -9.43475e-05 -0.000199688 -0.000102682  3.87346e-05  6.30146e-05 -0.000570733  0.000209357    0.0094985 -0.000262918 -0.000119796 -0.000287809 -0.000126616  3.33419e-05  7.89594e-05 -0.000716633  0.000312198    0.0110697 -0.000358922 -0.000146193 -0.000388789 -0.000149652  2.28016e-05  9.50594e-05 -0.000864004  0.000429559    0.0124026 -0.000465403 -0.000173542 -0.000500245 -0.000171799  8.05446e-06  0.000111343  -0.00101263  0.000559133    0.0135122 -0.000580101 -0.000201783 -0.000619916 -0.000193134 -9.98369e-06  0.000127821  -0.00116218  0.000698746    0.0144104 -0.000700678 -0.000230761 -0.000745465  -0.00021382 -3.03585e-05  0.000144472  -0.00131227  0.000846345    0.0151095 -0.000824418 -0.000260192 -0.000874177  -0.00023412 -5.19765e-05  0.000161238  -0.00146258        0.001    0.0156213  -0.00334178  -0.00184985  -0.00400503  -0.00372291    0.0019372   0.00225855   -0.0156953    0.0599909  -0.00472748  -0.00187843   -0.0053907  -0.00367897   0.00148772   0.00226013   -0.0157582    0.0504598  -0.00682719  -0.00192754  -0.00749035  -0.00360135  0.000802851    0.0022653   -0.0158746    0.0428366   -0.0090511  -0.00199058  -0.00971418  -0.00349895  7.20673e-05   0.00227583   -0.0160275    0.0366825   -0.0110756  -0.00206255   -0.0117386  -0.00338018 -0.000598625   0.00229246   -0.0161961    0.0314233   -0.0127886  -0.00213932   -0.0134515  -0.00325349  -0.00117005   0.00231476   -0.0163593     0.026659   -0.0141842  -0.00221658   -0.0148469  -0.00312781  -0.00163704   0.00234122   -0.0164986    0.0221916   -0.0152787  -0.00228886   -0.0159412  -0.00301321  -0.00200237   0.00236904   -0.0166011    0.0179636   -0.0160619  -0.00234858   -0.0167243   -0.0029215  -0.00226177   0.00239408   -0.0166617    0.0139828   -0.0164833  -0.00238533   -0.0171455  -0.00286697  -0.00239975   0.00241051   -0.0166845    0.0102369
========================================
primal_step_norm SUCCESS
SOLVED , sqp_iter_: 0
AFTER initial_guess_[0].uk: [-0.007268, -0.004023, -0.008711, -0.008097, 0.005056, 0.005895, -0.040965, 0.299955]
BEFORE initial_guess_[0].uk: [-0.010282, -0.004086, -0.011725, -0.008002, 0.003883, 0.005899, -0.041129, 0.252299]
Initialization finished.
Allocations finished.
Setup successful.
Solver is ready.
Starting solver...
Solver initialization verified.
Solver finished.
===== SQP Iteration: 0 =====
step_ (179 x 1): 
-2.07702e-11 -8.32062e-09  -2.8233e-11  2.03462e-09 -8.66315e-12  9.87249e-10  1.40854e-10  -4.8311e-12 -3.20666e-09  -2.6584e-05 -1.24107e-05 -3.05197e-05 -1.01788e-05  1.30486e-05  1.03818e-05 -0.000128831  1.33156e-05   0.00266313 -5.74209e-05 -2.45666e-05 -6.52926e-05 -2.06332e-05  2.45641e-05  2.07249e-05 -0.000257151  5.08386e-05   0.00484146 -0.000100493 -3.65496e-05 -0.000112301 -3.13111e-05  3.14835e-05  3.10214e-05 -0.000385096  0.000108279   0.00664662 -0.000157889  -4.8407e-05 -0.000173636 -4.21528e-05  3.29726e-05  4.12759e-05 -0.000512856  0.000182325    0.0081625 -0.000228412 -6.01731e-05 -0.000248099  -5.3094e-05  2.94445e-05  5.14997e-05 -0.000640638  0.000270319   0.00943643 -0.000309695 -7.18844e-05 -0.000333324 -6.40671e-05  2.17621e-05  6.17067e-05 -0.000768636  0.000369951    0.0104899  -0.00039939 -8.35956e-05  -0.00042696 -7.49983e-05  1.07934e-05  7.19142e-05 -0.000896995  0.000479054    0.0113308 -0.000495644 -9.53949e-05 -0.000527157 -8.58006e-05 -2.76682e-06  8.21456e-05  -0.00102578  0.000595513     0.011961 -0.000720927 -0.000136849 -0.000761355 -0.000116667 -4.00416e-05  0.000109202  -0.00130525  0.000870883    0.0128939 -0.000826821 -0.000149295 -0.000871192  -0.00012686 -5.74018e-05  0.000119609  -0.00143463  0.000999998    0.0129292  -0.00354124   -0.0010048   -0.0040655  -0.00143802    0.0014485   0.00149241   -0.0143013    0.0532626  -0.00410775 -0.000984734  -0.00463207  -0.00147668   0.00127831   0.00148698   -0.0142445    0.0435669  -0.00573754 -0.000970772  -0.00626201  -0.00150821  0.000768097   0.00148028   -0.0142029    0.0361033  -0.00764573 -0.000960645  -0.00817036  -0.00153131  0.000165285   0.00147426   -0.0141823    0.0303173  -0.00939428 -0.000953275  -0.00991907  -0.00154534 -0.000391632   0.00146986   -0.0141848    0.0254782   -0.0108278 -0.000948887   -0.0113527  -0.00154981 -0.000852822   0.00146748   -0.0142088    0.0210702   -0.0119482 -0.000948943   -0.0124733  -0.00154384  -0.00121763   0.00146755   -0.0142488    0.0168174   -0.0128219 -0.000956118   -0.0133472  -0.00152566   -0.0015053   0.00147102   -0.0142963     0.012604   -0.0135265 -0.000974321   -0.0140518  -0.00149234  -0.00173804   0.00147963   -0.0143392   0.00842058    -0.014106   -0.0010086   -0.0146313  -0.00143955  -0.00192711   0.00149622   -0.0143622  0.000705581
========================================
primal_step_norm SUCCESS
SOLVED , sqp_iter_: 0
AFTER initial_guess_[0].uk: [-0.017984, -0.006271, -0.020567, -0.011129, 0.007664, 0.009794, -0.078455, 0.518612]
BEFORE initial_guess_[0].uk: [-0.023783, -0.006334, -0.026366, -0.011045, 0.005432, 0.009793, -0.078611, 0.432018]
Initialization finished.
Allocations finished.
Setup successful.
Solver is ready.
Starting solver...
Solver initialization verified.
Solver finished.
===== SQP Iteration: 0 =====
step_ (179 x 1): 
 2.34647e-12 -6.01032e-08 -3.82877e-11  9.88281e-09  1.13698e-10  1.07294e-08 -6.35834e-09  4.75241e-11  5.75054e-08  -2.9243e-05 -3.06871e-06 -2.94744e-05 -7.61749e-07  1.27178e-05  3.50309e-06  -0.00012534  1.11987e-05   0.00223963 -5.67664e-05 -5.71426e-06   -5.723e-05 -1.83992e-06  2.61585e-05  6.89623e-06 -0.000250372  4.25838e-05   0.00403736 -9.29915e-05 -7.95159e-06 -9.36893e-05 -3.23789e-06  3.63159e-05  1.01145e-05 -0.000375402  9.03595e-05   0.00551772 -0.000141364 -9.73657e-06 -0.000142299 -4.94733e-06  4.18221e-05   1.3109e-05 -0.000500768  0.000151818   0.00677408 -0.000201416 -1.10314e-05 -0.000202591 -6.94489e-06  4.27928e-05  1.58512e-05   -0.0006268  0.000224978   0.00785796 -0.000271261 -1.18254e-05 -0.000272678 -9.19159e-06  3.98911e-05  1.83317e-05 -0.000753775  0.000308228   0.00879191 -0.000348961 -1.21552e-05 -0.000350623 -1.16272e-05  3.38136e-05  2.05629e-05 -0.000881873  0.000400106   0.00958387 -0.000433065 -1.21244e-05 -0.000434974 -1.41613e-05  2.50986e-05  2.25846e-05  -0.00101114  0.000499209    0.0102367 -0.000752288 -5.38027e-05 -0.000763359 -4.71535e-05 -2.48662e-05  5.16429e-05  -0.00142111  0.000886932    0.0113012 -0.000846805 -5.37711e-05 -0.000858125 -4.94104e-05 -3.78394e-05  5.35263e-05  -0.00155196  0.000999977    0.0113076  -0.00389546 -0.000242127  -0.00392628 -0.000108806   0.00141174  0.000501327   -0.0139122    0.0447895  -0.00366638 -0.000212278  -0.00369732 -0.000152103     0.001492  0.000487054   -0.0138786    0.0359532  -0.00482549 -0.000179731  -0.00485672 -0.000196971   0.00112755  0.000462084   -0.0138784    0.0296068  -0.00644364 -0.000143425  -0.00647523 -0.000240773  0.000611221  0.000430037   -0.0139157     0.025126  -0.00799951 -0.000103986  -0.00803147 -0.000281334  0.000107781  0.000393892   -0.0139896    0.0216763  -0.00930393 -6.37119e-05  -0.00933625 -0.000316368 -0.000322099  0.000356442   -0.0140943    0.0186778   -0.0103505 -2.64827e-05   -0.0103831 -0.000342842 -0.000674611  0.000320846   -0.0142191    0.0158379   -0.0112034  2.22841e-06   -0.0112362 -0.000356455 -0.000967427  0.000291027   -0.0143484    0.0130556   -0.0119341  1.52223e-05   -0.0119671  -0.00035121  -0.00121963   0.00027196   -0.0144625    0.0103467   -0.0125906  1.17223e-06   -0.0126237 -0.000316555  -0.00144011  0.000272068   -0.0145258  0.000129961
========================================
primal_step_norm SUCCESS
SOLVED , sqp_iter_: 0
AFTER initial_guess_[0].uk: [-0.032256, -0.006861, -0.034906, -0.011281, 0.009116, 0.011102, -0.114922, 0.655965]
BEFORE initial_guess_[0].uk: [-0.040140, -0.006903, -0.042790, -0.011221, 0.006087, 0.011075, -0.115124, 0.543695]
Initialization finished.
Allocations finished.
Setup successful.
Solver is ready.
Starting solver...
Solver initialization verified.
Solver finished.
===== SQP Iteration: 0 =====
step_ (179 x 1): 
-1.59597e-11 -6.54816e-09 -3.80525e-11  9.44031e-10 -5.20943e-11  1.39277e-09 -1.09048e-09 -4.39937e-11 -5.94811e-08  -2.0541e-05  1.59427e-05 -1.92038e-05   1.3839e-05   7.6529e-06 -1.18333e-05 -6.99033e-05  3.64295e-06   0.00072904    -3.05e-05   3.1854e-05 -2.78251e-05  2.75831e-05   1.9257e-05 -2.35622e-05 -0.000140248  1.35137e-05    0.0012451 -4.00049e-05  4.77784e-05 -3.59932e-05  4.12661e-05  3.08435e-05 -3.52165e-05 -0.000211757  2.79795e-05   0.00164806 -5.33558e-05  6.37849e-05 -4.80094e-05  5.48846e-05  4.07322e-05 -4.68457e-05 -0.000284738  4.62869e-05   0.00201339 -7.16355e-05  8.00702e-05  -6.4956e-05  6.83697e-05  4.85376e-05 -5.85505e-05 -0.000359082  6.82596e-05   0.00238114 -9.44843e-05  9.67344e-05 -8.64743e-05  8.17062e-05  5.44092e-05 -7.03869e-05 -0.000434718  9.39967e-05   0.00276626 -0.000121402  0.000113755 -0.000112063  9.49429e-05  5.85458e-05  -8.2358e-05 -0.000511564  0.000123685   0.00317139 -0.000152284  0.000130963 -0.000141617  0.000108205  6.10027e-05  -9.4406e-05  -0.00058947   0.00015752   0.00359574 -0.000511662  0.000106177 -0.000508833  8.89553e-05  9.71875e-06  -7.7347e-05  -0.00107868  0.000591517   0.00459452 -0.000551613  0.000122946 -0.000547461  0.000102782  8.48799e-06 -8.92689e-05  -0.00115786  0.000637279   0.00455781  -0.00273621     0.001282   -0.0025581    0.0019563    0.0008496  -0.00169812  -0.00776184    0.0145863  -0.00132665   0.00128779  -0.00114847   0.00194081   0.00128814  -0.00168574  -0.00780955     0.010322  -0.00126613   0.00128917  -0.00108809   0.00193201   0.00128619  -0.00167515  -0.00793889   0.00806023  -0.00177845   0.00129611  -0.00160064   0.00192278    0.0010977  -0.00167166  -0.00810223   0.00730787  -0.00243501   0.00131903  -0.00225746   0.00190378  0.000866456  -0.00168273  -0.00825343   0.00735638  -0.00304369   0.00135014   -0.0028664   0.00188257  0.000651769  -0.00170188  -0.00839687   0.00770367  -0.00358564   0.00137954  -0.00340863    0.0018682  0.000459181  -0.00172156  -0.00853118   0.00810356  -0.00411374   0.00139533  -0.00393698    0.0018714   0.00027274  -0.00173298  -0.00864846   0.00848731  -0.00469249   0.00138369  -0.00451594   0.00190472  7.40705e-05  -0.00172605  -0.00873376   0.00890344  -0.00532192   0.00135879  -0.00514553   0.00195307 -0.000136593  -0.00171389  -0.00878877 -0.000734507
========================================
primal_step_norm SUCCESS
SOLVED , sqp_iter_: 0
AFTER initial_guess_[0].uk: [-0.046091, -0.004114, -0.048354, -0.006966, 0.008304, 0.006643, -0.135383, 0.616626]
BEFORE initial_guess_[0].uk: [-0.054100, -0.004165, -0.056363, -0.006890, 0.005174, 0.006637, -0.135893, 0.508347]
Initialization finished.
Allocations finished.
Setup successful.
Solver is ready.
Starting solver...
Solver initialization verified.
Solver finished.
===== SQP Iteration: 0 =====
step_ (179 x 1): 
 5.51785e-12 -6.82607e-09  -6.3776e-11  8.91859e-10 -5.41435e-11  1.58511e-09 -1.29087e-09 -4.31553e-11 -1.02785e-07  -1.8931e-05  7.95919e-07 -1.64233e-05 -1.99266e-06  8.10547e-07  1.35358e-06 -4.01179e-05  3.13854e-06  0.000627712 -2.69776e-05  1.56894e-06 -2.19602e-05 -4.05306e-06  5.92698e-06    2.854e-06 -7.92144e-05  1.15639e-05   0.00105739  -3.4215e-05  2.02901e-06 -2.66877e-05 -5.98562e-06  1.13866e-05  4.64452e-06 -0.000118023  2.37772e-05   0.00138529 -4.47098e-05  1.88124e-06 -3.46731e-05 -7.57787e-06  1.55119e-05  6.87885e-06 -0.000157249  3.91225e-05   0.00168378 -5.94513e-05  1.04556e-06 -4.69063e-05 -8.73544e-06  1.78801e-05  9.60566e-06 -0.000197143  5.74985e-05   0.00199141 -7.83581e-05 -3.12186e-07 -6.33057e-05 -9.50799e-06  1.85394e-05  1.27445e-05 -0.000237637  7.90671e-05   0.00232235 -0.000101039 -1.95531e-06  -8.3481e-05 -9.99305e-06  1.76295e-05  1.61641e-05 -0.000278824  0.000104073   0.00267874 -0.000127232 -3.54866e-06 -0.000107169 -1.03536e-05  1.52119e-05  1.96693e-05 -0.000320982  0.000132766    0.0030601 -0.000521238 -3.01307e-05  -0.00050651 -2.95076e-05  -4.1982e-05  4.03239e-05 -0.000853892  0.000606988   0.00398602 -0.000555373 -3.17503e-05 -0.000538145 -2.94937e-05 -4.77353e-05  4.38847e-05 -0.000897777  0.000646661   0.00394862   -0.0025218  6.42884e-05  -0.00218773 -0.000281438  8.99771e-05  0.000194681  -0.00445345    0.0125545  -0.00107187  6.26979e-05 -0.000737566 -0.000290995  0.000567974  0.000215691  -0.00433999   0.00859438 -0.000964082  3.72952e-05 -0.000629732 -0.000272914  0.000606072  0.000257408  -0.00430806   0.00655818  -0.00139801 -1.19976e-05  -0.00106373 -0.000224833   0.00045795  0.000321225   -0.0043543    0.0059699  -0.00196372 -6.77663e-05  -0.00162957 -0.000163437  0.000262897   0.00039202  -0.00442848   0.00615239  -0.00251855 -0.000110077  -0.00218456 -0.000109059  7.31942e-05  0.000451254  -0.00449505    0.0066187  -0.00302134 -0.000133199  -0.00268752 -6.84592e-05 -0.000101012  0.000491629   -0.0045721    0.0071278  -0.00348908 -0.000129179  -0.00315544 -5.08594e-05 -0.000268397  0.000503938  -0.00467985   0.00762657  -0.00398322   -0.0001208   -0.0036498 -3.47649e-05 -0.000445426  0.000504828  -0.00479568   0.00818008  -0.00454728 -0.000131676  -0.00421411  2.38715e-06 -0.000638652  0.000512145  -0.00487145 -0.000748183
========================================
primal_step_norm SUCCESS
SOLVED , sqp_iter_: 0
AFTER initial_guess_[0].uk: [-0.059585, -0.004026, -0.061121, -0.007502, 0.005409, 0.007146, -0.147517, 0.571119]
BEFORE initial_guess_[0].uk: [-0.067348, -0.004098, -0.068885, -0.007392, 0.002359, 0.007191, -0.148088, 0.469589]
Initialization finished.
Allocations finished.
Setup successful.
Solver is ready.
Starting solver...
Solver initialization verified.
Solver finished.
===== SQP Iteration: 0 =====
step_ (179 x 1): 
-5.66969e-11 -6.08961e-09 -3.40671e-11  7.87697e-10 -7.79184e-11  1.30741e-09  -1.2206e-09 -3.96315e-11 -3.46645e-08 -1.95766e-05  1.16912e-05 -1.73565e-05   1.1517e-05  8.40952e-06 -8.25231e-06  -7.5409e-05  2.98475e-06  0.000596669 -2.85392e-05  2.37886e-05 -2.40978e-05  2.26948e-05   2.1082e-05 -1.66602e-05   -0.0001496  1.09758e-05    0.0010015  -3.6657e-05  3.63187e-05 -2.99947e-05  3.35581e-05  3.41911e-05 -2.52501e-05 -0.000223286  2.25187e-05   0.00130708 -4.79966e-05   4.9313e-05 -3.91148e-05  4.41389e-05  4.60898e-05 -3.40363e-05 -0.000297082  3.69669e-05   0.00158258 -6.34242e-05  6.27919e-05 -5.23251e-05  5.44784e-05  5.63704e-05 -4.30207e-05 -0.000371449  5.42034e-05   0.00186472 -8.25792e-05  7.67378e-05 -6.92647e-05  6.46361e-05  6.51083e-05 -5.21875e-05 -0.000446727   7.4366e-05   0.00216778 -0.000105021  9.10666e-05 -8.94935e-05  7.47033e-05  7.24318e-05  -6.1493e-05 -0.000523098   9.7681e-05    0.0024952 -0.000130697  0.000105595 -0.000112959  8.48191e-05  7.83509e-05 -7.08546e-05 -0.000600542  0.000124393   0.00284725 -0.000558268  9.32939e-05 -0.000543657  7.62979e-05  2.37983e-05 -5.94334e-05  -0.00121239  0.000636008   0.00370555 -0.000591647  0.000107453 -0.000574829  8.70185e-05  2.65293e-05 -6.86001e-05  -0.00129119  0.000672891   0.00367104  -0.00260777  0.000947279  -0.00231205   0.00162648  0.000933533  -0.00118627  -0.00837117    0.0119324  -0.00119389  0.000980579 -0.000897992   0.00157858   0.00140674  -0.00120884  -0.00823584   0.00809699  -0.00108137   0.00101564 -0.000785529   0.00153418   0.00145521  -0.00123501   -0.0081797   0.00611155  -0.00151054   0.00105327   -0.0012149   0.00149428   0.00132084  -0.00126322  -0.00819199   0.00550992  -0.00205511   0.00109255  -0.00175973    0.0014602   0.00114123  -0.00129174  -0.00825532   0.00564288  -0.00255162   0.00113043  -0.00225652   0.00143451  0.000969968  -0.00131797  -0.00835646    0.0060615  -0.00298949   0.00116148  -0.00269468    0.0014217  0.000812959  -0.00133793  -0.00847772    0.0065484   -0.0034204    0.0011777  -0.00312587   0.00142857  0.000657093  -0.00134601  -0.00859686   0.00704092  -0.00390708    0.0011684  -0.00361282   0.00146448  0.000486461  -0.00133485  -0.00868704    0.0075758  -0.00444632   0.00114724  -0.00415235   0.00151443   0.00030313  -0.00131774  -0.00874722 -0.000690216
========================================
primal_step_norm SUCCESS
SOLVED , sqp_iter_: 0
AFTER initial_guess_[0].uk: [-0.073020, -0.002038, -0.073914, -0.003854, 0.004795, 0.004095, -0.169937, 0.529251]
BEFORE initial_guess_[0].uk: [-0.080362, -0.002078, -0.081257, -0.003764, 0.001901, 0.004122, -0.170545, 0.434505]
Initialization finished.
Allocations finished.
Setup successful.
Solver is ready.
Starting solver...
Solver initialization verified.
Solver finished.
===== SQP Iteration: 0 =====
step_ (179 x 1): 
-2.17347e-11 -6.49193e-10  7.03793e-12 -3.56122e-10 -5.55782e-11  1.13119e-09 -1.41284e-09 -5.07343e-11 -5.18063e-08 -1.83996e-05  9.42031e-06  -1.5659e-05  6.32183e-06  5.34233e-06  -5.4047e-06 -5.68685e-05  2.80541e-06  0.000560991 -2.67424e-05  1.88726e-05 -2.12585e-05  1.24978e-05  1.47106e-05  -1.0774e-05  -0.00011255  1.03009e-05  0.000938088 -3.42018e-05  2.81812e-05 -2.59736e-05   1.8686e-05  2.44636e-05 -1.59923e-05 -0.000167933  2.10894e-05    0.0012196 -4.44557e-05  3.71433e-05 -3.34834e-05  2.50633e-05  3.30546e-05 -2.09322e-05 -0.000223843  3.45484e-05   0.00147222 -5.84018e-05  4.57364e-05 -4.46861e-05   3.1703e-05  4.00852e-05 -2.55581e-05   -0.0002806  5.05682e-05   0.00173176 -7.59558e-05  5.41304e-05 -5.94977e-05   3.8562e-05  4.55969e-05  -2.9938e-05 -0.000338176  6.92865e-05   0.00201188  -9.6722e-05  6.24965e-05 -7.75229e-05  4.55876e-05    4.973e-05 -3.41567e-05 -0.000396656  9.09217e-05   0.00231513 -0.000120411  7.10156e-05 -9.84737e-05  5.27107e-05  5.25625e-05 -3.83208e-05 -0.000456256  0.000115704   0.00264126 -0.000578957  6.69693e-05 -0.000557414  5.18777e-05 -2.21128e-06 -3.08554e-05  -0.00112919  0.000662004   0.00343743 -0.000609621  7.52414e-05 -0.000585344   5.9575e-05 -2.31631e-06 -3.47823e-05  -0.00119027  0.000696219   0.00340556  -0.00245101  0.000762384  -0.00208594  0.000893116  0.000593029 -0.000776902  -0.00631295    0.0112194  -0.00111133  0.000765665 -0.000745896  0.000872398   0.00103995 -0.000771955  -0.00618103   0.00754302 -0.000993668  0.000753972 -0.000628103  0.000874154   0.00108265 -0.000750228  -0.00614789   0.00563064  -0.00136591  0.000725859  -0.00100036  0.000900895  0.000953677 -0.000710199  -0.00620636     0.005052  -0.00185775  0.000695917  -0.00149229   0.00093798  0.000780442 -0.000665048  -0.00630052   0.00519092  -0.00233834  0.000679789  -0.00197303  0.000968945  0.000611848   -0.0006297  -0.00639132   0.00560266  -0.00276624  0.000677529  -0.00240113  0.000992461  0.000458796 -0.000606527  -0.00649179   0.00606503  -0.00315566  0.000689954  -0.00279078   0.00100622  0.000314424 -0.000598688  -0.00661592   0.00652324  -0.00358716  0.000689679  -0.00322254   0.00103611  0.000158769 -0.000585819  -0.00672081   0.00702347  -0.00408486  0.000669651  -0.00372056   0.00108768  -1.1626e-05 -0.000564412  -0.00678016 -0.000637635
========================================
primal_step_norm SUCCESS
SOLVED , sqp_iter_: 0
AFTER initial_guess_[0].uk: [-0.085693, -0.000420, -0.085794, -0.001821, 0.003449, 0.002095, -0.187022, 0.490602]
BEFORE initial_guess_[0].uk: [-0.092560, -0.000464, -0.092662, -0.001714, 0.000724, 0.002152, -0.187692, 0.402198]
Initialization finished.
Allocations finished.
Setup successful.
Solver is ready.
Starting solver...
Solver initialization verified.
Solver finished.
===== SQP Iteration: 0 =====
step_ (179 x 1): 
-2.07093e-11  2.02995e-09 -1.56664e-11 -8.73696e-10 -4.94639e-11  1.21846e-09 -2.11937e-09  -3.4078e-11 -9.35815e-08 -1.75585e-05  6.22378e-06 -1.42645e-05  4.53504e-06  5.16661e-06 -2.50427e-06  -5.6272e-05  2.63269e-06  0.000526359 -2.57265e-05  1.26071e-05 -1.91356e-05  8.82664e-06   1.4168e-05 -5.08681e-06 -0.000111024  9.67114e-06  0.000881284 -3.31318e-05  1.90736e-05 -2.32427e-05  1.29865e-05  2.35953e-05 -7.67195e-06 -0.000165022   1.9811e-05   0.00114665 -4.33253e-05   2.5544e-05 -3.01381e-05  1.71299e-05  3.19763e-05 -1.01826e-05 -0.000218965   3.2464e-05   0.00138396 -5.69675e-05  3.19207e-05 -4.04829e-05  2.13793e-05  3.89531e-05   -1.254e-05 -0.000273446  4.75143e-05   0.00162611 -7.39117e-05  3.82877e-05 -5.41308e-05  2.57457e-05  4.45541e-05 -1.47621e-05 -0.000328633  6.50747e-05   0.00188597 -9.37689e-05  4.47365e-05 -7.06936e-05  3.02265e-05  4.88959e-05 -1.68845e-05 -0.000384718  8.53371e-05   0.00216653 -0.000116294  5.13634e-05 -8.99249e-05  3.48047e-05  5.20375e-05 -1.89611e-05 -0.000441917  0.000108511   0.00246823 -0.000604078  5.37016e-05 -0.000574816  3.91391e-05   -2.431e-06 -1.33227e-05  -0.00117352  0.000687166   0.00320663 -0.000633023  6.01135e-05 -0.000600474  4.43104e-05 -2.01566e-06 -1.51336e-05  -0.00123218  0.000719084   0.00317693  -0.00233897  0.000504271  -0.00190016  0.000640379  0.000573524 -0.000360012  -0.00624667    0.0105273  -0.00108805  0.000517217 -0.000648863  0.000606139  0.000999237 -0.000371339  -0.00607782   0.00709863 -0.000986442  0.000523905 -0.000547103  0.000587565   0.00104651 -0.000371707  -0.00599408   0.00530791  -0.00135786   0.00052419 -0.000918524  0.000585258  0.000930356 -0.000360985  -0.00598809   0.00474614  -0.00181727  0.000516576  -0.00137803  0.000600232  0.000774482 -0.000338953  -0.00604778   0.00484296  -0.00225711  0.000515789  -0.00181803  0.000616774  0.000621759 -0.000319498  -0.00612601   0.00519734  -0.00264516  0.000522413  -0.00220632  0.000632922  0.000481963 -0.000305163  -0.00622576    0.0056113  -0.00300038  0.000536833  -0.00256185  0.000646707  0.000348734 -0.000298595  -0.00634947   0.00603431  -0.00339696  0.000537187  -0.00295878  0.000678355  0.000204264 -0.000284072  -0.00645349    0.0065057  -0.00385572   0.00051862  -0.00341797   0.00073103  4.61101e-05 -0.000260187  -0.00651168 -0.000594189
========================================
primal_step_norm SUCCESS
SOLVED , sqp_iter_: 0
AFTER initial_guess_[0].uk: [-0.097648, 0.000633, -0.096795, -0.000321, 0.002221, 0.001213, -0.203996, 0.454834]
BEFORE initial_guess_[0].uk: [-0.104039, 0.000600, -0.103187, -0.000209, -0.000324, 0.001282, -0.204677, 0.372600]
Initialization finished.
Allocations finished.
Setup successful.
Solver is ready.
Starting solver...
Solver initialization verified.
Solver finished.
===== SQP Iteration: 0 =====
step_ (179 x 1): 
-8.75213e-12  8.20294e-09  4.63436e-11 -2.03738e-09 -5.45833e-11  1.02142e-09 -2.51501e-09 -2.66889e-11 -6.00328e-08 -1.66455e-05  5.49049e-06 -1.31621e-05  3.93914e-06   5.2056e-06  -1.5696e-06 -5.46311e-05  2.45663e-06  0.000491077 -2.45528e-05   1.1111e-05 -1.75835e-05  7.62353e-06  1.40053e-05 -3.24465e-06 -0.000107703  9.02179e-06  0.000821905 -3.17498e-05  1.68127e-05  -2.1294e-05   1.1162e-05  2.32194e-05  -4.9482e-06 -0.000159974  1.84754e-05   0.00106881 -4.15376e-05  2.25446e-05 -2.75958e-05  1.46624e-05  3.14726e-05 -6.60588e-06 -0.000212142  3.02648e-05   0.00128905  -5.4524e-05  2.82413e-05  -3.7098e-05   1.8235e-05  3.84284e-05   -8.146e-06 -0.000264795  4.42772e-05   0.00151343 -7.05749e-05  3.39944e-05 -4.96669e-05  2.18915e-05  4.41093e-05 -9.58286e-06  -0.00031811  6.06146e-05   0.00175406 -8.93185e-05  3.98855e-05 -6.49313e-05  2.56392e-05  4.86234e-05 -1.09406e-05  -0.00037229  7.94541e-05   0.00201382 -0.000110502  4.59815e-05 -8.26392e-05  2.94812e-05  5.20294e-05 -1.22533e-05 -0.000427561   0.00010099   0.00229327 -0.000625645  5.42105e-05 -0.000591419  3.82584e-05 -1.66229e-06 -7.65228e-06  -0.00121588  0.000709694   0.00297824 -0.000652729  6.01346e-05 -0.000615033   4.2701e-05 -7.79179e-07  -8.6791e-06  -0.00127257  0.000739339   0.00295072  -0.00221733  0.000444573  -0.00175333  0.000556284   0.00057786 -0.000225554  -0.00606463   0.00982081  -0.00105332  0.000455193 -0.000588981  0.000520422  0.000976831 -0.000240844  -0.00589127   0.00661657  -0.00095872  0.000461748 -0.000494285  0.000499833   0.00102284 -0.000244934  -0.00580248   0.00493807  -0.00130381  0.000464174 -0.000839462  0.000494474  0.000916169 -0.000238335  -0.00579098    0.0044052  -0.00172992  0.000461314  -0.00126579  0.000504676  0.000772152 -0.000221435  -0.00584489   0.00448762  -0.00213812  0.000465898   -0.0016743  0.000516535  0.000630626 -0.000206594   -0.0059183   0.00481231   -0.0024968  0.000477086  -0.00203335  0.000529396  0.000501096 -0.000195226  -0.00601428   0.00519515  -0.00282189  0.000493715  -0.00235887  0.000542727  0.000378102 -0.000188764  -0.00613533   0.00558913  -0.00318572  0.000495672  -0.00272315  0.000574896  0.000244416 -0.000173062  -0.00623705   0.00603137  -0.00360769  0.000478793  -0.00314562    0.0006282  9.80014e-05 -0.000147508  -0.00629345 -0.000550309
========================================
primal_step_norm SUCCESS
SOLVED , sqp_iter_: 0
AFTER initial_guess_[0].uk: [-0.108862, 0.001566, -0.107001, 0.001000, 0.001184, 0.000694, -0.220505, 0.421704]
BEFORE initial_guess_[0].uk: [-0.114793, 0.001543, -0.112932, 0.001115, -0.001186, 0.000774, -0.221185, 0.345274]
Initialization finished.
Allocations finished.
Setup successful.
Solver is ready.
Starting solver...
Solver initialization verified.
Solver finished.
===== SQP Iteration: 0 =====
step_ (179 x 1): 
 3.13815e-11  1.77598e-08  3.26409e-11 -4.06852e-09 -7.15638e-11  3.80577e-10 -3.44766e-09 -1.28267e-11 -6.53993e-08 -1.57446e-05  5.43528e-06 -1.21142e-05  3.82938e-06  5.23442e-06 -1.25178e-06 -5.27977e-05  2.28717e-06  0.000457257 -2.33833e-05   1.0965e-05 -1.61189e-05  7.39797e-06  1.38243e-05 -2.62773e-06 -0.000104022  8.39965e-06  0.000765214 -3.03659e-05  1.65561e-05 -1.94658e-05  1.08156e-05  2.28123e-05 -4.04626e-06  -0.00015442  1.71999e-05  0.000994811 -3.97534e-05   2.2174e-05 -2.52173e-05  1.41887e-05  3.09166e-05 -5.43106e-06 -0.000204675  2.81704e-05   0.00119929 -5.21062e-05  2.77698e-05 -3.39346e-05  1.76236e-05  3.78214e-05 -6.71068e-06 -0.000255364  4.12033e-05   0.00140729 -6.73014e-05  3.34437e-05 -4.54958e-05  2.11324e-05  4.35441e-05 -7.89693e-06 -0.000306668  5.63906e-05   0.00163018 -8.49846e-05  3.92785e-05  -5.9547e-05  2.47251e-05  4.81856e-05 -9.00904e-06 -0.000358796  7.38952e-05   0.00187079   -0.0001049  4.53357e-05 -7.58328e-05  2.84118e-05  5.18058e-05 -1.00734e-05 -0.000411982  9.38975e-05   0.00212976 -0.000645628   5.9454e-05 -0.000606577  4.14837e-05   -6.976e-07 -6.24275e-06  -0.00125488  0.000730503   0.00276535  -0.00067095  6.53779e-05 -0.000628279  4.57766e-05  5.91816e-07 -7.00482e-06  -0.00130944  0.000758029   0.00273988  -0.00209734  0.000440023  -0.00161371  0.000540878  0.000581065 -0.000179746  -0.00586105   0.00914461  -0.00101755   0.00044757 -0.000533451  0.000504191  0.000953549 -0.000197768  -0.00568626   0.00615985  -0.00093016  0.000452514  -0.00044584  0.000482899  0.000997735 -0.000203877  -0.00559449   0.00459234  -0.00125051  0.000454655 -0.000766146  0.000476623  0.000899651 -0.000199013  -0.00557855   0.00408974  -0.00164551   0.00045285  -0.00116122   0.00048539  0.000766481 -0.000183887  -0.00562684   0.00416024  -0.00202416  0.000459173  -0.00154005   0.00049581  0.000635265 -0.000170466  -0.00569514   0.00445791   -0.0023556  0.000472229  -0.00187176  0.000507673  0.000515245 -0.000159813  -0.00578661   0.00481206  -0.00265287  0.000490261   -0.0021694  0.000520952   0.00040184 -0.000152963  -0.00590397   0.00517906  -0.00298618   0.00049362   -0.0025032  0.000553466  0.000278335  -0.00013627  -0.00600251   0.00559422  -0.00337328  0.000478299  -0.00289091  0.000607211  0.000143136 -0.000109441  -0.00605656 -0.000509376
========================================
primal_step_norm SUCCESS
SOLVED , sqp_iter_: 0
AFTER initial_guess_[0].uk: [-0.119354, 0.002500, -0.116442, 0.002291, 0.000330, 0.000304, -0.236483, 0.390997]
BEFORE initial_guess_[0].uk: [-0.124849, 0.002487, -0.121938, 0.002408, -0.001873, 0.000393, -0.237154, 0.320004]
Initialization finished.
Allocations finished.
Setup successful.
Solver is ready.
Starting solver...
Solver initialization verified.
Solver finished.
===== SQP Iteration: 0 =====
step_ (179 x 1): 
 3.71083e-11  2.41853e-08  7.25088e-11 -5.77607e-09 -3.68034e-11  2.12406e-10 -3.83444e-09  -8.0004e-12 -3.87083e-08 -1.49954e-05  4.10435e-06 -1.11856e-05  3.18417e-06  5.87879e-06  1.63954e-08 -5.68538e-05  2.12515e-06  0.000424824 -2.24759e-05  8.31695e-06 -1.48527e-05  6.07806e-06   1.4913e-05  -1.3427e-07 -0.000111981  7.81585e-06  0.000713273 -2.93573e-05   1.2651e-05 -1.79193e-05  8.76993e-06  2.43804e-05 -3.91677e-07 -0.000165934   1.6036e-05   0.00093075 -3.85338e-05   1.7138e-05 -2.32811e-05   1.1335e-05  3.30976e-05 -7.07045e-07 -0.000219193  2.63194e-05   0.00112592 -5.06694e-05  2.18079e-05 -3.16029e-05    1.384e-05  4.07484e-05 -1.04211e-06 -0.000272123  3.85706e-05   0.00132431 -6.55064e-05  2.66929e-05 -4.26282e-05  1.63397e-05  4.73661e-05 -1.37192e-06 -0.000325096  5.28693e-05    0.0015354 -8.26466e-05  3.18226e-05 -5.59593e-05  1.88785e-05  5.30385e-05 -1.68399e-06  -0.00037849  6.93538e-05   0.00176147 -0.000101812  3.72191e-05 -7.13181e-05  2.14927e-05  5.78105e-05 -1.97812e-06 -0.000432682  8.81777e-05   0.00200333 -0.000666882  5.66062e-05 -0.000622606  3.77873e-05  7.85905e-06  1.85126e-06    -0.001331  0.000750948    0.0025941 -0.000690959  6.19104e-05 -0.000642887  4.10075e-05  1.05186e-05  1.85154e-06  -0.00138635  0.000776772   0.00257064  -0.00199752  0.000333422  -0.00149002  0.000449367  0.000652578  2.32494e-06  -0.00631141   0.00849578 -0.000996467  0.000341113 -0.000488512  0.000408809   0.00100286 -2.17144e-05  -0.00611939   0.00576894 -0.000916653  0.000350932 -0.000408493  0.000380287   0.00105095 -3.70525e-05  -0.00598908   0.00434964   -0.0012224  0.000363306 -0.000714237  0.000362395   0.00096768  -4.5376e-05  -0.00591217   0.00390399  -0.00161657   0.00037811  -0.00110855  0.000353922  0.000849301 -4.81992e-05  -0.00587547   0.00396767  -0.00197643  0.000395526  -0.00146868  0.000353177  0.000734618 -4.74399e-05   -0.0058803   0.00422212  -0.00228323  0.000415344  -0.00177585  0.000358734  0.000629693 -4.48743e-05   -0.0059271   0.00452186  -0.00255296  0.000436948    -0.002046  0.000369376  0.000529677 -4.22849e-05  -0.00601559   0.00483703  -0.00285544  0.000442053  -0.00234898  0.000401514  0.000418445  -2.7048e-05  -0.00609771    0.0052069  -0.00320734  0.000427818  -0.00270155  0.000455811  0.000295249  1.04137e-07   -0.0061447 -0.000469006
========================================
primal_step_norm SUCCESS
SOLVED , sqp_iter_: 0
AFTER initial_guess_[0].uk: [-0.129194, 0.003212, -0.125179, 0.003385, -0.000170, 0.000399, -0.253627, 0.362483]
BEFORE initial_guess_[0].uk: [-0.134278, 0.003213, -0.130264, 0.003497, -0.002206, 0.000486, -0.254234, 0.296815]
Initialization finished.
Allocations finished.
Setup successful.
Solver is ready.
Starting solver...
Solver initialization verified.
Solver finished.
===== SQP Iteration: 0 =====
step_ (179 x 1): 
-1.39274e-10 -2.32777e-09  1.61262e-10 -8.17266e-12  1.63174e-10  2.49424e-10 -3.47791e-10 -4.31943e-11  4.47343e-08 -2.59434e-05 -3.43595e-07     3.62e-06 -2.56845e-06  1.53234e-08  4.24144e-06 -2.61877e-05  1.96835e-06  0.000393579  -4.4935e-05  -7.6856e-07  1.41927e-05  -5.3278e-06   2.8961e-06   8.4201e-06 -5.10325e-05  7.22623e-06  0.000658042  -6.3319e-05 -1.44758e-06  2.53709e-05 -8.08782e-06  6.09427e-06  1.26922e-05 -7.52668e-05  1.47906e-05    0.0008548 -8.35917e-05  -2.5045e-06  3.46552e-05  -1.0678e-05  8.52565e-06  1.71987e-05 -9.96123e-05  2.42164e-05   0.00103034 -0.000106403 -3.91139e-06  4.13938e-05 -1.30256e-05  9.89203e-06  2.19903e-05 -0.000124339  3.54168e-05   0.00120977 -0.000131747 -5.47966e-06  4.55909e-05 -1.51614e-05  1.02027e-05  2.70227e-05 -0.000149435  4.84784e-05   0.00140247  -0.00015933 -7.02698e-06  4.75395e-05 -1.71253e-05  9.55396e-06  3.22335e-05 -0.000175049  6.35426e-05   0.00161031 -0.000188839 -8.36928e-06   4.7551e-05 -1.89722e-05  8.02465e-06  3.75384e-05 -0.000201502   8.0761e-05   0.00183335 -0.000788017  9.68611e-06  -0.00050834  -3.9765e-06 -4.54753e-05  4.69437e-05  -0.00112763  0.000767557   0.00238115 -0.000821747  8.52202e-06 -0.000512568 -5.35477e-06    -4.89e-05  5.24735e-05  -0.00115562  0.000791257   0.00235896  -0.00345585  -2.1304e-05  0.000482195 -0.000365379   1.6707e-06  0.000609706  -0.00290829   0.00786731  -0.00252982 -3.19899e-05   0.00140837 -0.000390738   0.00031979  0.000600626  -0.00275826   0.00528903  -0.00244887 -5.24679e-05   0.00148902 -0.000390915  0.000355015  0.000614025  -0.00269053   0.00393555  -0.00270049 -8.30272e-05   0.00123673 -0.000366996  0.000269896  0.000647692  -0.00270283   0.00351101  -0.00303862 -0.000111375   0.00089763 -0.000332766  0.000151669  0.000688678  -0.00274506   0.00358819  -0.00337596 -0.000124477  0.000559118 -0.000302855  3.45138e-05  0.000723291  -0.00278609   0.00385515  -0.00367424 -0.000122851  0.000259536 -0.000278551 -7.19831e-05  0.000748986  -0.00284342   0.00415699   -0.0039309 -0.000106382  1.54397e-06 -0.000261959  -0.00016973  0.000762558  -0.00293667   0.00446106  -0.00419174 -9.13153e-05 -0.000260559 -0.000238836 -0.000270662  0.000774389  -0.00304083   0.00481697  -0.00449325 -9.42958e-05 -0.000563182 -0.000194612 -0.000380176  0.000795103  -0.00310703 -0.000443627
========================================
primal_step_norm SUCCESS
SOLVED , sqp_iter_: 0
AFTER initial_guess_[0].uk: [-0.141795, 0.003167, -0.129215, 0.002702, -0.002202, 0.002077, -0.261825, 0.336152]
BEFORE initial_guess_[0].uk: [-0.146499, 0.003156, -0.133921, 0.002836, -0.004095, 0.002195, -0.262416, 0.275187]
Initialization finished.
Allocations finished.
Setup successful.
Solver is ready.
Starting solver...
Solver initialization verified.
Solver finished.
===== SQP Iteration: 0 =====
step_ (179 x 1): 
 5.41059e-11  8.85718e-08  2.62858e-10 -1.57213e-08 -1.98213e-10  -2.6087e-09 -1.15217e-08  6.26246e-11   2.4649e-07 -1.37372e-05  9.96141e-06 -1.03524e-05   9.1409e-06   9.0603e-06 -4.87983e-06 -6.28886e-05  1.82689e-06  0.000365316 -2.10345e-05  1.99897e-05 -1.42589e-05  1.79252e-05  2.08243e-05 -1.00279e-05  -0.00012446  6.70699e-06  0.000610822  -2.7799e-05   3.0283e-05 -1.76291e-05    2.639e-05  3.29426e-05 -1.54163e-05 -0.000185419  1.37253e-05  0.000792992 -3.64766e-05  4.09403e-05 -2.29108e-05  3.45804e-05  4.43922e-05  -2.1023e-05 -0.000246372   2.2461e-05   0.00095428 -4.75664e-05  5.20467e-05 -3.06054e-05  4.25378e-05  5.49092e-05 -2.68303e-05 -0.000307783  3.28206e-05   0.00111779 -6.08108e-05  6.36342e-05 -4.04569e-05  5.03227e-05   6.4531e-05 -3.28048e-05  -0.00036999  4.48743e-05   0.00129309 -7.58942e-05  7.56583e-05 -5.21515e-05  5.80283e-05  7.33362e-05 -3.88875e-05 -0.000433165  5.87556e-05   0.00148323 -9.27481e-05  8.79702e-05 -6.56205e-05  6.57956e-05  8.13337e-05 -4.49831e-05 -0.000497274  7.46178e-05   0.00168912 -0.000713092  0.000118305 -0.000639309  8.91378e-05  3.39426e-05 -4.14012e-05  -0.00148876  0.000783586   0.00219741 -0.000734199  0.000130467 -0.000657049  9.75526e-05  4.00944e-05 -4.71811e-05  -0.00155395  0.000805459   0.00217721  -0.00183001  0.000793674  -0.00137904    0.0012947   0.00100581 -0.000700975  -0.00697888   0.00729931 -0.000972125  0.000806647 -0.000520397   0.00124219   0.00130591 -0.000739897  -0.00683401   0.00490565  -0.00090112  0.000827805 -0.000448932   0.00119739   0.00134525 -0.000774247  -0.00676624   0.00363939  -0.00115597  0.000856934 -0.000703589   0.00115897   0.00127102 -0.000805457  -0.00676565   0.00322238  -0.00147731  0.000893076    -0.001025   0.00112631   0.00116747 -0.000834186  -0.00681671   0.00326605  -0.00176432  0.000931998  -0.00131231    0.0011021   0.00106809 -0.000858227  -0.00690527   0.00350233  -0.00200928  0.000967527  -0.00155782   0.00109091  0.000977412 -0.000873875  -0.00701287   0.00380036  -0.00224496  0.000991241  -0.00179426   0.00109947  0.000887749 -0.000875958  -0.00711675    0.0041157  -0.00251798  0.000992266  -0.00206829   0.00113672  0.000787542 -0.000857859  -0.00718973   0.00446945  -0.00281161  0.000980815  -0.00236316   0.00119006  0.000682869  -0.00083135  -0.00723642 -0.000403921
========================================
primal_step_norm SUCCESS
SOLVED , sqp_iter_: 0
AFTER initial_guess_[0].uk: [-0.150479, 0.004883, -0.136921, 0.005652, -0.001469, 0.000365, -0.280631, 0.311683]
BEFORE initial_guess_[0].uk: [-0.154825, 0.004897, -0.141269, 0.005767, -0.003220, 0.000461, -0.281210, 0.255089]
Initialization finished.
Allocations finished.
Setup successful.
Solver is ready.
Starting solver...
Solver initialization verified.
Solver finished.
===== SQP Iteration: 0 =====
step_ (179 x 1): 
 1.09559e-10  8.83998e-08  2.12978e-10 -1.57991e-08 -2.09508e-10 -2.36452e-09 -1.17081e-08  8.66516e-11  2.76868e-07 -1.26488e-05   7.4489e-06 -8.85954e-06  5.00819e-06   6.1952e-06 -2.48908e-06 -4.99547e-05  1.68843e-06  0.000338417 -1.93399e-05  1.48514e-05 -1.17548e-05  9.77925e-06   1.4887e-05 -5.10365e-06 -9.85263e-05  6.21916e-06  0.000567682 -2.55052e-05  2.20948e-05 -1.41201e-05  1.44642e-05  2.39051e-05 -7.72368e-06 -0.000146284  1.27571e-05  0.000739884 -3.33462e-05  2.91212e-05 -1.81592e-05  1.92017e-05   3.2315e-05 -1.02395e-05 -0.000193738  2.09287e-05  0.000894443  -4.3544e-05  3.60546e-05 -2.45554e-05  2.40143e-05  3.98411e-05 -1.26442e-05 -0.000240991  3.06614e-05   0.00105212 -5.59494e-05  4.30145e-05 -3.31615e-05  2.89149e-05  4.65118e-05 -1.49459e-05 -0.000288233  4.20247e-05   0.00122056 -7.02219e-05  5.01195e-05 -4.36388e-05  3.39046e-05  5.24164e-05 -1.71693e-05  -0.00033575  5.51341e-05   0.00140137 -8.60262e-05  5.74924e-05 -5.56537e-05  3.89689e-05  5.76276e-05 -1.93595e-05 -0.000383932   7.0116e-05   0.00159498 -0.000726084  9.51396e-05 -0.000645284  6.79752e-05  1.37348e-05  -1.7671e-05  -0.00142465  0.000799942   0.00206847 -0.000745566  0.000102505 -0.000660994  7.36331e-05   1.7329e-05 -1.95534e-05   -0.0014738  0.000820536   0.00205007  -0.00168493  0.000609806  -0.00118012    0.0007057  0.000687708 -0.000358168  -0.00554622    0.0067716 -0.000891329  0.000600417 -0.000385668   0.00067346  0.000964863 -0.000376179  -0.00539162   0.00458488 -0.000821278  0.000587576 -0.000315076  0.000661262   0.00100108 -0.000376952  -0.00530123   0.00344401  -0.00104448  0.000569892 -0.000538035  0.000668743   0.00093358 -0.000361899  -0.00526756   0.00309076  -0.00135844  0.000562178 -0.000852022  0.000679458  0.000835474 -0.000345822  -0.00524525    0.0031534  -0.00165251  0.000564123  -0.00114639   0.00069201   0.00074053 -0.000330912  -0.00524401   0.00336851  -0.00190122  0.000575648  -0.00139566  0.000704754  0.000655461 -0.000319542  -0.00527447   0.00361535  -0.00210523  0.000597057  -0.00160047  0.000715479   0.00057852 -0.000314621  -0.00534839   0.00387145  -0.00233242  0.000604263   -0.0018287  0.000746491   0.00049306 -0.000298778  -0.00541786   0.00417674  -0.00259515  0.000592225  -0.00209276  0.000800635  0.000399008 -0.000271034  -0.00545599 -0.000367322
========================================
primal_step_norm SUCCESS
SOLVED , sqp_iter_: 0
AFTER initial_guess_[0].uk: [-0.158490, 0.006223, -0.143836, 0.007302, -0.001425, -0.000474, -0.295686, 0.288947]
BEFORE initial_guess_[0].uk: [-0.162502, 0.006237, -0.147849, 0.007422, -0.003043, -0.000370, -0.296224, 0.236567]
Initialization finished.
Allocations finished.
Setup successful.
Solver is ready.
Starting solver...
Solver initialization verified.
Solver finished.
===== SQP Iteration: 0 =====
step_ (179 x 1): 
-2.52308e-10 -3.77141e-09  5.14624e-10   5.9998e-10 -1.47151e-10  4.05117e-10 -1.16392e-09 -1.07522e-10 -4.37241e-08 -3.10508e-05 -1.53458e-06  1.32844e-05 -3.27354e-06  3.60732e-07  5.21119e-06 -2.63905e-05   1.5589e-06  0.000312924 -5.66109e-05 -3.08071e-06  3.20614e-05  -6.7796e-06  3.03236e-06  1.03121e-05 -5.14222e-05  5.75572e-06   0.00052634 -8.16999e-05 -4.89733e-06  5.13077e-05 -1.03178e-05  6.00984e-06  1.54584e-05 -7.55426e-05  1.18267e-05  0.000687756  -0.00010834 -7.07516e-06  6.89966e-05 -1.37289e-05   8.4319e-06  2.07818e-05 -9.91947e-05  1.94324e-05  0.000833313 -0.000137181 -9.50679e-06  8.44754e-05 -1.69791e-05  1.00386e-05  2.63019e-05 -0.000122435  2.85084e-05  0.000981784   -0.0001681 -1.20637e-05  9.78622e-05 -2.00585e-05  1.08503e-05  3.20093e-05 -0.000145433  3.91169e-05   0.00113988 -0.000200792 -1.45884e-05  0.000109462 -2.29864e-05  1.09447e-05  3.78622e-05 -0.000168489    5.136e-05   0.00130873 -0.000234925 -1.68847e-05  0.000119606 -2.58179e-05  1.03944e-05  4.37802e-05 -0.000192048  6.53476e-05   0.00148871 -0.000912507   1.8524e-05 -0.000463298  8.90124e-07 -3.55634e-05   5.1644e-05  -0.00125737   0.00081463   0.00192898 -0.000949677  1.64858e-05 -0.000456223 -1.49837e-06 -3.75045e-05  5.77644e-05  -0.00128208  0.000833832   0.00191151  -0.00413611 -0.000104844    0.0017696 -0.000467733  4.00035e-05  0.000748574  -0.00293261   0.00627162  -0.00340478 -0.000118951   0.00250126 -0.000497002  0.000296545  0.000733008  -0.00277936   0.00427209  -0.00334203 -0.000140504   0.00256375 -0.000501862    0.0003305  0.000739347  -0.00267815   0.00323295  -0.00354866 -0.000169514    0.0023563 -0.000484187  0.000268849  0.000764692  -0.00262598    0.0029148  -0.00384177 -0.000189987    0.0020619 -0.000461606  0.000178348  0.000792948  -0.00258011   0.00297363  -0.00411875  -0.00020026   0.00178323 -0.000437515  9.01109e-05  0.000819963  -0.00255309   0.00316524  -0.00435475 -0.000198042   0.00154528 -0.000415955  1.05293e-05  0.000841081  -0.00255928   0.00337941  -0.00454661 -0.000180241   0.00135131 -0.000401973 -6.10456e-05    0.0008508  -0.00261495   0.00360092  -0.00473583 -0.000163574      0.00116 -0.000380763 -0.000135175  0.000860101  -0.00269264   0.00388093  -0.00495137 -0.000165133  0.000942497 -0.000337279 -0.000215494  0.000880037  -0.00274398 -0.000349696
========================================
primal_step_norm SUCCESS
SOLVED , sqp_iter_: 0
AFTER initial_guess_[0].uk: [-0.171498, 0.006009, -0.144001, 0.006405, -0.002939, 0.001584, -0.303878, 0.267925]
BEFORE initial_guess_[0].uk: [-0.175200, 0.006012, -0.147706, 0.006540, -0.004432, 0.001707, -0.304345, 0.219588]
Initialization finished.
Allocations finished.
Setup successful.
Solver is ready.
Starting solver...
Solver initialization verified.
Solver finished.
===== SQP Iteration: 0 =====
step_ (179 x 1): 
 1.49717e-10  8.51275e-08  2.19904e-10 -1.54424e-08  -3.0185e-10  -2.8287e-09 -1.15661e-08   1.2657e-10  2.67226e-07  -8.1214e-06  1.01277e-05 -1.14314e-05  9.49217e-06  8.53369e-06  -5.0648e-06 -5.53504e-05   1.4465e-06  0.000289046 -1.11717e-05  2.02791e-05 -1.77804e-05  1.86152e-05  1.92202e-05 -1.04216e-05 -0.000109637  5.31183e-06  0.000484101 -1.38099e-05  3.06855e-05 -2.37098e-05  2.73926e-05  3.02175e-05 -1.60546e-05 -0.000163387  1.08799e-05   0.00062958 -1.79909e-05   4.1479e-05 -3.11769e-05  3.58544e-05  4.07216e-05 -2.19552e-05 -0.000217039  1.78217e-05  0.000758919 -2.40994e-05  5.27521e-05 -4.05692e-05  4.40408e-05  5.05275e-05 -2.81074e-05 -0.000270967  2.60659e-05  0.000890042 -3.19202e-05  6.45391e-05 -5.16745e-05  5.20145e-05   5.9665e-05 -3.44758e-05 -0.000325444  3.56686e-05   0.00103066 -4.11837e-05  7.67923e-05 -6.42266e-05  5.98752e-05  6.81954e-05 -4.09952e-05 -0.000380613  4.67381e-05   0.00118331 -5.18055e-05  8.93524e-05 -7.81437e-05  6.77744e-05  7.61247e-05 -4.75591e-05 -0.000436453  5.93992e-05   0.00134886 -0.000743182  0.000137307 -0.000678165  0.000102949  3.66902e-05 -4.60074e-05  -0.00155853  0.000826417    0.0017579 -0.000756942  0.000149715 -0.000695245  0.000111488  4.32459e-05 -5.22764e-05  -0.00161511  0.000843916   0.00174187  -0.00108205  0.000807634   -0.0015227   0.00134432  0.000947345  -0.00072752  -0.00614243   0.00577058 -0.000406388  0.000817234 -0.000845722   0.00128982   0.00118631 -0.000769963  -0.00602538   0.00389638 -0.000351493  0.000837652 -0.000789832   0.00124127   0.00122082 -0.000809473    -0.005966   0.00290608 -0.000556995  0.000868685 -0.000994675     0.001197   0.00116607 -0.000847779  -0.00595531   0.00258128 -0.000813751  0.000907317  -0.00125114   0.00115836   0.00108855 -0.000883824  -0.00598599   0.00261813  -0.00104186  0.000948927  -0.00147934   0.00112847   0.00101433 -0.000914901  -0.00604715   0.00280836  -0.00123404  0.000986883  -0.00167205   0.00111247  0.000946916 -0.000936697  -0.00612425   0.00305064  -0.00141495   0.00101219  -0.00185394   0.00111773   0.00088019 -0.000943333  -0.00619903   0.00330881   -0.0016221   0.00101323  -0.00206256     0.001154  0.000804403 -0.000927375  -0.00624948   0.00360511  -0.00183289   0.00100155  -0.00227533   0.00120733  0.000727748 -0.000901658  -0.00628147 -0.000320056
========================================
primal_step_norm SUCCESS
SOLVED , sqp_iter_: 0
AFTER initial_guess_[0].uk: [-0.177554, 0.007768, -0.151018, 0.009464, -0.001960, -0.000192, -0.320376, 0.248441]
BEFORE initial_guess_[0].uk: [-0.180969, 0.007800, -0.154437, 0.009571, -0.003331, -0.000103, -0.320805, 0.203707]
Initialization finished.
Allocations finished.
Setup successful.
Solver is ready.
Starting solver...
Solver initialization verified.
Solver finished.
===== SQP Iteration: 0 =====
step_ (179 x 1): 
 4.61535e-11  2.51781e-08  7.36601e-11 -6.14065e-09  4.34468e-11 -3.88137e-10 -3.93664e-09 -1.21332e-11 -2.37526e-08 -6.31581e-06  1.86086e-07 -9.16482e-06 -3.08081e-06  4.60223e-07  3.99128e-06 -2.15881e-05  1.32264e-06  0.000265606 -7.87697e-06  8.92041e-08 -1.35641e-05 -6.26147e-06  2.84612e-06  7.99025e-06 -4.23115e-05  4.87962e-06  0.000445655 -8.82065e-06 -6.56327e-07 -1.73376e-05 -9.26485e-06  5.45055e-06    1.223e-05  -6.2742e-05  1.00156e-05  0.000581396 -1.10405e-05 -2.08359e-06 -2.23816e-05  -1.1963e-05  7.50629e-06  1.68216e-05 -8.30463e-05  1.64459e-05  0.000704538 -1.51742e-05 -4.00775e-06 -2.93368e-05 -1.43653e-05  8.79383e-06  2.17504e-05   -0.0001031  2.41262e-05  0.000831426 -2.11423e-05 -6.22988e-06 -3.81271e-05 -1.65019e-05  9.34818e-06   2.6972e-05 -0.000122935  3.31214e-05  0.000967547 -2.86605e-05 -8.51989e-06 -4.84717e-05 -1.84336e-05  9.26243e-06  3.24053e-05 -0.000142767  4.35266e-05   0.00111347 -3.73656e-05  -1.0595e-05 -6.00093e-05 -2.02659e-05  8.63684e-06  3.79216e-05 -0.000163019  5.54403e-05   0.00126927 -0.000740157  3.53712e-05 -0.000674304  1.35848e-05 -3.26535e-05  4.52245e-05  -0.00130625  0.000839101   0.00165033 -0.000751241  3.35872e-05 -0.000688245  1.21641e-05 -3.43903e-05  5.09212e-05  -0.00132751  0.000855531   0.00163553 -0.000841257  2.88117e-05  -0.00122076 -0.000438299  5.09996e-05  0.000573263  -0.00239886   0.00532769 -0.000207959 -4.31312e-06 -0.000586021 -0.000449928  0.000264801  0.000574662  -0.00230078   0.00360496 -0.000125704 -5.66041e-05 -0.000502651 -0.000425155  0.000289068  0.000609128  -0.00226814   0.00271925 -0.000295715 -0.000111661 -0.000671908 -0.000382252  0.000228166  0.000659616  -0.00225395   0.00246653 -0.000550643 -0.000151886 -0.000926482 -0.000340582  0.000142905   0.00070808  -0.00222594   0.00254127 -0.000795017 -0.000176157  -0.00117093 -0.000303056  6.15401e-05  0.000750268   -0.0022015    0.0027251  -0.00100151 -0.000181983  -0.00137794 -0.000273981 -9.48894e-06  0.000780889  -0.00220096   0.00292061   -0.0011595  -0.00016511  -0.00153691 -0.000259653   -6.936e-05  0.000793101   -0.0022478   0.00311684  -0.00130965 -0.000146264  -0.00168852 -0.000241213 -0.000129327  0.000801105  -0.00231573   0.00336657  -0.00147635   -0.0001462  -0.00185717 -0.000199891 -0.000192888  0.000819058  -0.00235968 -0.000295844
========================================
primal_step_norm SUCCESS
SOLVED , sqp_iter_: 0
AFTER initial_guess_[0].uk: [-0.182799, 0.007863, -0.157092, 0.008617, -0.003198, 0.001393, -0.327066, 0.230345]
BEFORE initial_guess_[0].uk: [-0.185936, 0.007861, -0.160233, 0.008758, -0.004470, 0.001523, -0.327477, 0.188936]
Initialization finished.
Allocations finished.
Setup successful.
Solver is ready.
Starting solver...
Solver initialization verified.
Solver finished.
===== SQP Iteration: 0 =====
step_ (179 x 1): 
-8.56408e-11 -1.10044e-09  1.68603e-10  2.50917e-10 -5.22064e-11  9.02799e-11  8.48964e-11  -1.2258e-11 -1.21284e-08 -1.50839e-05  1.15458e-05 -1.95397e-06  1.08996e-05  8.24663e-06 -6.37475e-06 -4.95958e-05   1.2339e-06  0.000246707 -2.58683e-05  2.32774e-05  4.00036e-07  2.13854e-05  1.83362e-05 -1.30609e-05 -9.82838e-05  4.53543e-06    0.0004136 -3.63059e-05  3.52687e-05  3.10649e-06   3.1516e-05  2.87043e-05 -2.00344e-05 -0.000146526  9.29451e-06  0.000538197 -4.80565e-05  4.76407e-05   4.5021e-06  4.13272e-05  3.86651e-05 -2.72827e-05 -0.000194718  1.52296e-05    0.0006488 -6.14458e-05  6.04829e-05  4.25787e-06  5.08617e-05  4.80427e-05 -3.47876e-05 -0.000243193  2.22781e-05  0.000760901 -7.62837e-05  7.38316e-05  2.56061e-06  6.01825e-05  5.68624e-05 -4.25135e-05 -0.000292191  3.04892e-05  0.000881289 -9.23246e-05  8.76421e-05 -3.47673e-07  6.93885e-05  6.51798e-05  -5.0395e-05  -0.00034183  3.99578e-05   0.00101244 -0.000109476  0.000101757 -4.37605e-06   7.8632e-05  7.30036e-05 -5.83247e-05 -0.000392076  5.07963e-05   0.00115524 -0.000831935  0.000161835 -0.000625246  0.000122281  3.84008e-05 -5.87134e-05  -0.00158633  0.000849686   0.00150954 -0.000851576  0.000175822 -0.000631797  0.000132156   4.5113e-05  -6.6355e-05   -0.0016372  0.000864713   0.00149585  -0.00200927  0.000941778 -0.000260303   0.00153684  0.000915465  -0.00091666  -0.00550675   0.00493229  -0.00143656  0.000952724  0.000313572   0.00148014   0.00112005 -0.000961338  -0.00540512   0.00333795  -0.00139036  0.000973827  0.000360508   0.00142992   0.00115094   -0.0010027  -0.00535557   0.00249233  -0.00156527    0.0010047  0.000185888   0.00138478   0.00110574  -0.00104222  -0.00535001   0.00221233  -0.00178355    0.0010428 -3.25648e-05   0.00134568   0.00104099  -0.00107913  -0.00538138   0.00224259   -0.0019765    0.0010838 -0.000226129    0.0013155  0.000979066  -0.00111089   -0.0054394   0.00240819  -0.00213676   0.00112114 -0.000387447   0.00129934  0.000923276  -0.00113323   -0.0055105   0.00262365  -0.00228458   0.00114566 -0.000536751   0.00130471  0.000868523  -0.00114013  -0.00557775   0.00285622  -0.00245325   0.00114536  -0.00070732   0.00134176  0.000805931  -0.00112382  -0.00562079   0.00312766  -0.00261633   0.00113344 -0.000872617    0.0013948  0.000745145  -0.00109859  -0.00564654 -0.000273605
========================================
primal_step_norm SUCCESS
SOLVED , sqp_iter_: 0
AFTER initial_guess_[0].uk: [-0.190307, 0.009910, -0.160799, 0.012101, -0.002080, -0.000870, -0.341849, 0.213598]
BEFORE initial_guess_[0].uk: [-0.193197, 0.009938, -0.163693, 0.012210, -0.003245, -0.000779, -0.342228, 0.175285]
Initialization finished.
Allocations finished.
Setup successful.
Solver is ready.
Starting solver...
Solver initialization verified.
Solver finished.
===== SQP Iteration: 0 =====
step_ (179 x 1): 
 5.79363e-11  1.95045e-08  7.44577e-11 -4.77454e-09  3.25172e-11 -8.69122e-10 -2.49563e-09  3.13807e-11  4.85924e-09 -5.10898e-06 -1.08798e-06 -7.95035e-06 -3.64145e-06  5.27874e-07  5.09759e-06 -2.26928e-05  1.13671e-06  0.000227319 -6.20247e-06  -2.5266e-06 -1.18731e-05 -7.40341e-06  2.72298e-06   1.0164e-05 -4.43799e-05   4.1952e-06  0.000384372 -6.83454e-06 -4.47018e-06 -1.53257e-05   -1.107e-05  5.14856e-06  1.53913e-05 -6.53574e-05  8.64589e-06  0.000505748 -8.74691e-06 -6.85596e-06 -2.00527e-05 -1.45687e-05  7.14101e-06  2.08404e-05 -8.55493e-05  1.42598e-05  0.000617027 -1.23624e-05 -9.59622e-06 -2.64806e-05 -1.78542e-05  8.52871e-06   2.6539e-05 -0.000104987  2.09997e-05  0.000730949 -1.75608e-05 -1.25641e-05 -3.44922e-05 -2.09157e-05  9.33661e-06  3.24762e-05 -0.000123832   2.8913e-05  0.000851666 -2.40657e-05 -1.55753e-05 -4.38149e-05 -2.37889e-05  9.63801e-06  3.85931e-05 -0.000142396  3.80701e-05  0.000979758  -3.1517e-05 -1.83638e-05 -5.40921e-05 -2.65706e-05  9.52438e-06  4.47711e-05  -0.00016117  4.85472e-05   0.00111564 -0.000763514  3.90141e-05 -0.000687354  1.47985e-05 -2.61528e-05  5.07768e-05  -0.00137489   0.00086202   0.00144654 -0.000772735  3.64575e-05 -0.000699431   1.2435e-05 -2.71086e-05  5.71137e-05  -0.00139443  0.000876422    0.0014339 -0.000680616 -9.10415e-05  -0.00105902 -0.000513162  5.85703e-05  0.000733012  -0.00251852   0.00454578 -0.000145677 -0.000117828 -0.000522537 -0.000530849  0.000243666  0.000728444   -0.0024072   0.00314079 -8.42098e-05 -0.000158734 -0.000459889 -0.000517369  0.000269252  0.000751599  -0.00232845   0.00242738 -0.000254755 -0.000194566 -0.000629666  -0.00049365  0.000221178  0.000783496  -0.00224126   0.00222519 -0.000481634 -0.000223276 -0.000856221 -0.000463537  0.000154043   0.00081937  -0.00215759   0.00227832 -0.000692479 -0.000241692  -0.00106721 -0.000431922  8.96902e-05  0.000853664  -0.00209178   0.00241424 -0.000866519  -0.00024512  -0.00124186 -0.000405342  3.34725e-05    0.0008795   -0.0020607   0.00256162 -0.000992595 -0.000226973  -0.00136905 -0.000392495 -1.25634e-05  0.000888245  -0.00208405    0.0027172  -0.00110729 -0.000207794   -0.0014854 -0.000374707 -5.84748e-05  0.000894086  -0.00213462   0.00293336  -0.00122831 -0.000208058  -0.00160865 -0.000333459 -0.000106131  0.000911043  -0.00216857 -0.000252853
========================================
primal_step_norm SUCCESS
SOLVED , sqp_iter_: 0
AFTER initial_guess_[0].uk: [-0.194677, 0.009740, -0.165996, 0.011094, -0.003092, 0.001134, -0.348801, 0.198014]
BEFORE initial_guess_[0].uk: [-0.197330, 0.009748, -0.168653, 0.011223, -0.004161, 0.001248, -0.349099, 0.162851]
Initialization finished.
Allocations finished.
Setup successful.
Solver is ready.
Starting solver...
Solver initialization verified.
Solver finished.
===== SQP Iteration: 0 =====
step_ (179 x 1): 
-4.09747e-10 -2.43583e-09  2.26663e-10  5.77871e-10 -1.58011e-10  7.07965e-10 -1.11775e-09  4.06357e-11    6.301e-08 -2.04169e-05  1.17759e-05  5.74456e-06  1.12094e-05  7.70307e-06 -6.53673e-06 -4.43149e-05  1.03988e-06   0.00020801 -3.71959e-05  2.37037e-05  1.51349e-05  2.20258e-05  1.69636e-05 -1.33669e-05   -8.796e-05  3.82757e-06  0.000349594 -5.36975e-05  3.59009e-05  2.48072e-05  3.24837e-05   2.6472e-05 -2.04867e-05 -0.000131256  7.85623e-06  0.000456122 -7.13233e-05  4.85054e-05  3.33553e-05  4.26079e-05  3.56586e-05 -2.78963e-05 -0.000174504  1.28935e-05  0.000551332 -9.03502e-05  6.16177e-05  4.04981e-05  5.24346e-05   4.4379e-05 -3.55857e-05  -0.00021796  1.88911e-05  0.000648152 -0.000110613   7.5278e-05  4.63967e-05  6.20247e-05  5.26564e-05 -4.35226e-05  -0.00026181  2.58939e-05  0.000752352 -0.000131889  8.94379e-05  5.12706e-05  7.14794e-05  6.05401e-05  -5.1641e-05 -0.000306143  3.39865e-05  0.000866135 -0.000154071  0.000103927  5.52236e-05  8.09583e-05  6.80387e-05 -5.98279e-05 -0.000350923  4.32683e-05  0.000990311 -0.000910168   0.00017579 -0.000576039   0.00013236  3.89837e-05 -6.17873e-05     -0.00161   0.00086984   0.00129841 -0.000934247  0.000190135 -0.000574022  0.000142476   4.5627e-05 -6.96994e-05  -0.00165519  0.000882765   0.00128673  -0.00271959  0.000958862  0.000765193   0.00158132  0.000855127 -0.000940248  -0.00491974   0.00415859  -0.00223508  0.000967876   0.00125086   0.00152718     0.001028 -0.000982129  -0.00484496   0.00283152  -0.00219811  0.000989707   0.00128842   0.00147653   0.00105552  -0.00102382  -0.00480617   0.00213098  -0.00234788    0.0010227   0.00113867    0.0014294   0.00101979  -0.00106548  -0.00480085   0.00190358  -0.00253451   0.00106382  0.000951481   0.00138739  0.000968023   -0.0011057  -0.00482394    0.0019364  -0.00269915   0.00110817  0.000785747     0.001354  0.000918877  -0.00114128  -0.00486762   0.00208413  -0.00283409   0.00114856   0.00064922   0.00133494  0.000875107  -0.00116732  -0.00492121   0.00227597  -0.00295485   0.00117511  0.000526447   0.00133842  0.000832415  -0.00117712  -0.00497107   0.00248326  -0.00308943   0.00117498  0.000389507   0.00137532   0.00078285  -0.00116217  -0.00500057   0.00272995  -0.00320751   0.00116232  0.000268772   0.00142897  0.000737505  -0.00113752  -0.00501721 -0.000233663
========================================
primal_step_norm SUCCESS
SOLVED , sqp_iter_: 0
AFTER initial_guess_[0].uk: [-0.203245, 0.011833, -0.166988, 0.014662, -0.001929, -0.001206, -0.361939, 0.183643]
BEFORE initial_guess_[0].uk: [-0.205696, 0.011881, -0.169443, 0.014748, -0.002901, -0.001143, -0.362183, 0.151183]
Initialization finished.
Allocations finished.
Setup successful.
Solver is ready.
Starting solver...
Solver initialization verified.
Solver finished.
===== SQP Iteration: 0 =====
step_ (179 x 1): 
 1.81955e-10  2.43954e-08  1.87002e-10 -3.37213e-09  1.23234e-10  -5.6611e-09  1.37496e-10  1.52126e-10  3.44829e-07 -4.14613e-06 -1.49671e-06 -6.90269e-06 -4.08692e-06  3.40189e-07  5.52789e-06  -2.0046e-05  9.55882e-07  0.000191156 -4.74245e-06  -3.5206e-06 -1.02409e-05 -8.19394e-06   2.0827e-06  1.11212e-05 -3.95159e-05  3.53351e-06  0.000324531 -5.06427e-06 -6.00981e-06 -1.32943e-05 -1.22239e-05  3.98624e-06  1.68648e-05 -5.82606e-05  7.30101e-06  0.000429108 -6.51652e-06 -8.91274e-06 -1.74717e-05  -1.6098e-05  5.51295e-06   2.2822e-05 -7.62108e-05  1.20752e-05  0.000525917 -9.42846e-06 -1.21515e-05 -2.31063e-05  -1.9765e-05  6.52715e-06  2.90229e-05 -9.33944e-05  1.78302e-05  0.000625214 -1.36857e-05 -1.56059e-05 -3.00879e-05   -2.321e-05  7.05428e-06  3.54577e-05 -0.000109955  2.46076e-05  0.000730383 -1.90365e-05 -1.90928e-05  -3.8169e-05 -2.64682e-05  7.16524e-06  4.20664e-05 -0.000126172  3.24691e-05   0.00084193 -2.51396e-05 -2.23406e-05 -4.70132e-05 -2.96413e-05  6.95629e-06  4.87252e-05 -0.000142483  4.14801e-05  0.000960391 -0.000788873  4.63645e-05 -0.000688687  1.90891e-05 -2.30242e-05  5.36268e-05  -0.00141834  0.000880636   0.00124865 -0.000796226  4.33588e-05 -0.000698815   1.6332e-05 -2.38409e-05  6.04295e-05  -0.00143519  0.000893069   0.00123785 -0.000552506 -0.000123163 -0.000919465 -0.000577573  3.77072e-05   0.00079605  -0.00222593   0.00381222 -7.94982e-05 -0.000162824 -0.000444666 -0.000581443  0.000193422   0.00080432  -0.00216188   0.00266252 -4.29104e-05 -0.000200148 -0.000406713 -0.000570725  0.000211312  0.000825929  -0.00208152    0.0020887 -0.000193508 -0.000233594  -0.00055644  -0.00054868  0.000169484  0.000856697  -0.00199349   0.00193279 -0.000387951 -0.000260806 -0.000750547  -0.00051934  0.000112573  0.000891794  -0.00190848    0.0019833  -0.00056714 -0.000278226 -0.000929962 -0.000487972  5.85455e-05  0.000925422  -0.00183935   0.00210072 -0.000712805 -0.000280681  -0.00107642 -0.000461655  1.23547e-05  0.000950321  -0.00180126   0.00222939 -0.000813107 -0.000260988  -0.00117811 -0.000449772 -2.32637e-05  0.000957351  -0.00181187   0.00236766 -0.000899068 -0.000240662  -0.00126608 -0.000432737 -5.75031e-05  0.000961543  -0.00184761   0.00256617 -0.000979478 -0.000240919  -0.00134919 -0.000391337 -9.06453e-05  0.000977575  -0.00187051 -0.000215942
========================================
primal_step_norm SUCCESS
SOLVED , sqp_iter_: 0
AFTER initial_guess_[0].uk: [-0.206897, 0.011613, -0.171443, 0.013492, -0.002803, 0.000934, -0.367993, 0.170244]
BEFORE initial_guess_[0].uk: [-0.209133, 0.011639, -0.173683, 0.013601, -0.003690, 0.001023, -0.368165, 0.140531]
Initialization finished.
Allocations finished.
Setup successful.
Solver is ready.
Starting solver...
Solver initialization verified.
Solver finished.
===== SQP Iteration: 0 =====
step_ (179 x 1): 
 -3.5018e-10 -7.85468e-10  1.28698e-10  1.28868e-09 -1.07771e-10  1.08016e-09  -1.5617e-09  2.06302e-11  4.22456e-08 -1.56791e-05  4.05427e-07  5.16821e-06 -5.53587e-07  1.08674e-06  3.60046e-06 -1.89413e-05  8.57676e-07   0.00017287 -2.80876e-05  5.85043e-07  1.36179e-05 -1.27197e-06  3.45945e-06  7.10945e-06 -3.77343e-05  3.18002e-06  0.000291606 -4.01961e-05  6.47146e-07  2.23744e-05 -2.11704e-06  5.99119e-06  1.05601e-05 -5.64197e-05   6.5502e-06  0.000382313 -5.32667e-05  7.20431e-07  3.01709e-05 -3.05694e-06  8.19778e-06   1.3966e-05 -7.50512e-05  1.07877e-05  0.000465101 -6.75762e-05  9.18775e-07  3.67256e-05 -4.06142e-06  9.96247e-06  1.73355e-05 -9.36956e-05  1.58657e-05  0.000550435 -8.30044e-05  1.33111e-06  4.21543e-05 -5.09652e-06  1.13147e-05  2.06762e-05 -0.000112429  2.18304e-05  0.000642487   -9.935e-05  2.00999e-06  4.66536e-05 -6.11944e-06  1.23102e-05  2.39995e-05  -0.00013133  2.87554e-05  0.000742527 -0.000116446  2.95919e-06  5.03869e-05 -7.07316e-06   1.2989e-05  2.73235e-05 -0.000150474  3.67231e-05  0.000850973 -0.000898525  7.28174e-05 -0.000588842  4.11439e-05 -1.69119e-05  3.56909e-05    -0.001446  0.000887173   0.00111937  -0.00091671   7.4009e-05  -0.00058624  4.06055e-05 -1.67661e-05  3.91229e-05  -0.00146569  0.000898315   0.00110914  -0.00208845  3.32005e-05  0.000688458 -7.65536e-05  0.000120679  0.000516264  -0.00210151   0.00347159  -0.00165287  1.22768e-05   0.00112554 -9.96901e-05  0.000263368  0.000504373  -0.00208532   0.00237641  -0.00161292  2.63394e-06   0.00116642  -0.00011762  0.000281039  0.000495878  -0.00207325   0.00181715  -0.00174109  3.52351e-06   0.00103852 -0.000131092  0.000244924  0.000489379  -0.00206715   0.00165682  -0.00190614  1.36067e-05  0.000873123 -0.000140244  0.000195885  0.000484134  -0.00206853    0.0017074  -0.00205515  3.07898e-05  0.000723125  -0.00014451  0.000150094   0.00048009  -0.00207837   0.00184167  -0.00217737  5.21055e-05  0.000599345 -0.000142623  0.000110525  0.000477755  -0.00209707   0.00200122  -0.00227732  7.36194e-05  0.000497301 -0.000132604  7.54453e-05  0.000478096  -0.00212431   0.00216894  -0.00236332  9.03724e-05  0.000408735 -0.000111751  4.20371e-05  0.000482476   -0.0021592   0.00238501  -0.00242249  9.55749e-05  0.000346547 -7.55989e-05  1.61005e-05  0.000493402   -0.0021858 -0.000204772
========================================
primal_step_norm SUCCESS
SOLVED , sqp_iter_: 0
AFTER initial_guess_[0].uk: [-0.213676, 0.011711, -0.172186, 0.013434, -0.003375, 0.002371, -0.373649, 0.157889]
BEFORE initial_guess_[0].uk: [-0.215713, 0.011735, -0.174228, 0.013543, -0.004185, 0.002457, -0.373813, 0.130449]
Initialization finished.
Allocations finished.
Setup successful.
Solver is ready.
Starting solver...
Solver initialization verified.
Solver finished.
===== SQP Iteration: 0 =====
step_ (179 x 1): 
-2.39632e-10 -3.35539e-10  1.00375e-10  9.77113e-10 -3.90783e-11  8.16893e-10 -1.58051e-09 -4.09776e-11  9.18738e-08 -1.17226e-05  1.70557e-05 -5.34993e-07  1.59278e-05  8.33178e-06  -1.0919e-05 -3.90434e-05  7.97746e-07   0.00015968 -2.06532e-05  3.41985e-05  1.73688e-06  3.14966e-05  1.78397e-05 -2.20948e-05 -7.77592e-05  2.94181e-06  0.000269205   -2.937e-05  5.16194e-05  4.23265e-06   4.6707e-05  2.75324e-05 -3.35548e-05 -0.000116375  6.04822e-06  0.000352131 -3.89571e-05  6.94888e-05  5.86347e-06  6.15654e-05  3.69817e-05 -4.53204e-05   -0.0001551  9.94201e-06  0.000426641 -4.96324e-05  8.79263e-05  6.40655e-06   7.6098e-05  4.60843e-05 -5.73946e-05 -0.000194103  1.45897e-05  0.000502902 -6.12623e-05  0.000106976  5.99063e-06  9.03649e-05  5.48665e-05 -6.97498e-05 -0.000233497  2.00323e-05  0.000585627 -7.36506e-05  0.000126575  4.80684e-06  0.000104475  6.33764e-05 -8.23157e-05 -0.000273313  2.63444e-05  0.000676782 -8.66741e-05  0.000146526  2.97159e-06  0.000118606  7.16304e-05 -9.49671e-05 -0.000313482  3.36136e-05  0.000777178 -0.000882908  0.000236376 -0.000639264  0.000181492  4.94442e-05 -9.90674e-05  -0.00164958  0.000894429   0.00102766 -0.000897065   0.00025616 -0.000642276  0.000196288  5.71623e-05 -0.000111449     -0.00169   0.00090466   0.00101851  -0.00156162   0.00138337 -7.12116e-05   0.00224914  0.000924891  -0.00156977  -0.00433443   0.00319487  -0.00118965   0.00138967  0.000302635   0.00219874   0.00105545  -0.00160671  -0.00429778   0.00218849  -0.00116113    0.0014122  0.000332482   0.00214812   0.00107598   -0.0016476  -0.00428663   0.00165837  -0.00127707   0.00144854  0.000217256    0.0020984   0.00104895  -0.00169154  -0.00429872   0.00149036  -0.00142203   0.00149457  7.23579e-05   0.00205239   0.00101044  -0.00173591  -0.00432971   0.00152508  -0.00154919   0.00154417 -5.53964e-05   0.00201485  0.000974885  -0.00177633  -0.00437303   0.00165389   -0.0016502    0.0015888 -0.000157689   0.00199277  0.000944614  -0.00180662   -0.0044199   0.00182319  -0.00173502   0.00161724 -0.000244452   0.00199559   0.00091622  -0.00181891  -0.00445927   0.00200739  -0.00182638    0.0016153 -0.000338417    0.0020355  0.000882313  -0.00180345  -0.00447782   0.00223127  -0.00188591   0.00160275 -0.000401183   0.00208989   0.00085686  -0.00178008   -0.0044868 -0.000183119
========================================
primal_step_norm SUCCESS
SOLVED , sqp_iter_: 0
AFTER initial_guess_[0].uk: [-0.219110, 0.014744, -0.174383, 0.018435, -0.001771, -0.001640, -0.385126, 0.146423]
BEFORE initial_guess_[0].uk: [-0.221017, 0.014830, -0.176296, 0.018481, -0.002506, -0.001626, -0.385231, 0.121046]
Initialization finished.
Allocations finished.
Setup successful.
Solver is ready.
Starting solver...
Solver initialization verified.
Solver finished.
===== SQP Iteration: 0 =====
step_ (179 x 1): 
 1.03614e-10 -2.59536e-09  7.90696e-11  1.72963e-09  2.71163e-10 -7.06965e-09  4.12931e-09  1.39456e-10  3.75519e-07 -1.18282e-06  -7.6502e-06 -5.64303e-06 -1.11778e-05 -3.27762e-06  1.11666e-05 -7.01014e-06  7.32769e-07  0.000146625  2.32081e-07 -1.59095e-05 -8.67125e-06 -2.23063e-05 -5.53771e-06   2.2501e-05 -1.33302e-05  2.73033e-06  0.000252977  1.80172e-06 -2.48663e-05 -1.15324e-05 -3.32123e-05 -7.71506e-06  3.41604e-05 -1.86781e-05  5.69549e-06  0.000340139  2.46241e-06 -3.45678e-05 -1.52948e-05 -4.37549e-05 -1.02227e-05  4.62709e-05 -2.28652e-05  9.51134e-06  0.000423155   1.9516e-06  -4.5011e-05 -2.02259e-05 -5.38352e-05 -1.31702e-05  5.89079e-05 -2.58158e-05  1.41723e-05  0.000509132  3.51021e-07 -5.61153e-05 -2.62493e-05 -6.34127e-05 -1.65363e-05  7.20821e-05 -2.75947e-05  1.97184e-05  0.000600197 -2.12558e-06 -6.76866e-05 -3.31565e-05 -7.25276e-05 -2.02505e-05  8.57212e-05 -2.84367e-05  2.62007e-05  0.000696279 -5.14961e-06 -7.93723e-05 -4.06252e-05 -8.13297e-05 -2.41986e-05  9.96468e-05   -2.878e-05  3.36687e-05  0.000797322  -0.00080527 -1.39238e-06 -0.000691235 -2.65601e-05  -5.0761e-05  0.000109843  -0.00136511  0.000904901   0.00103554 -0.000808968 -1.32801e-05 -0.000699419 -3.46538e-05 -5.50575e-05  0.000124194  -0.00136514  0.000915218   0.00102803 -0.000157674  -0.00061637 -0.000751654  -0.00158073 -0.000363897   0.00160703 -0.000779857   0.00292482  0.000188447 -0.000665034 -0.000403355  -0.00157425 -0.000250894   0.00162976 -0.000702598    0.0021242  0.000209069 -0.000720898 -0.000381094  -0.00154315 -0.000241699   0.00167642 -0.000594811   0.00174106  8.79956e-05 -0.000781011 -0.000501142  -0.00149192 -0.000278359   0.00174128 -0.000466056   0.00165782 -6.80515e-05 -0.000841025 -0.000656824  -0.00142662 -0.000327174   0.00181701 -0.000328856   0.00171813 -0.000213222 -0.000894521 -0.000802317   -0.0013556 -0.000373629   0.00189424 -0.000198813   0.00181924 -0.000329914  -0.00093222 -0.000920032  -0.00129036 -0.000412177   0.00196099 -9.48433e-05   0.00192071  -0.00040294 -0.000941232 -0.000994795  -0.00124637  -0.00043816   0.00200208 -3.94296e-05    0.0020207 -0.000458265 -0.000943322   -0.0010526  -0.00120408 -0.000460386   0.00203182 -1.74924e-05   0.00216857 -0.000492567 -0.000958013  -0.00109019  -0.00114627 -0.000477089   0.00206287 -3.72437e-06 -0.000150142
========================================
primal_step_norm SUCCESS
SOLVED , sqp_iter_: 0
AFTER initial_guess_[0].uk: [-0.221360, 0.013490, -0.177931, 0.015043, -0.003455, 0.002568, -0.387266, 0.135670]
BEFORE initial_guess_[0].uk: [-0.223090, 0.013533, -0.179667, 0.015135, -0.004124, 0.002640, -0.387267, 0.112728]
Initialization finished.
Allocations finished.
Setup successful.
Solver is ready.
Starting solver...
Solver initialization verified.
Solver finished.
===== SQP Iteration: 0 =====
step_ (179 x 1): 
-3.67597e-10 -1.25694e-09  1.06194e-10    9.481e-10 -1.61702e-10  1.17628e-09 -2.33465e-09 -9.54265e-11  1.01271e-07 -1.49176e-05  2.00282e-05  3.80207e-06  1.99913e-05   8.8287e-06 -1.34846e-05 -3.45165e-05  6.48113e-07   0.00013095 -2.74314e-05  4.01487e-05  1.00225e-05  3.96046e-05  1.86324e-05 -2.72883e-05 -6.93439e-05  2.39576e-06  0.000218525  -3.9717e-05  6.07274e-05  1.64817e-05  5.87464e-05  2.85976e-05 -4.15098e-05   -0.0001048  4.90031e-06  0.000282293 -5.26902e-05  8.20622e-05  2.22586e-05  7.73491e-05  3.83799e-05 -5.62431e-05 -0.000141148  8.00208e-06   0.00033799 -6.65272e-05  0.000104383  2.71717e-05  9.53767e-05  4.79056e-05 -7.15484e-05 -0.000178577  1.16667e-05  0.000394859  -8.1091e-05  0.000127812  3.13525e-05  0.000112847  5.72105e-05 -8.74322e-05 -0.000217178  1.59307e-05  0.000457947 -9.61723e-05   0.00015231  3.50048e-05  0.000129859  6.63479e-05 -0.000103825 -0.000256901  2.08712e-05   0.00053019 -0.000111619  0.000177615  3.82745e-05  0.000146628   7.5342e-05 -0.000120557 -0.000297522   2.6589e-05  0.000613251 -0.000927848  0.000280967 -0.000609773  0.000218707  5.74299e-05 -0.000126915  -0.00167481  0.000906239  0.000832121 -0.000943884  0.000306305 -0.000607142  0.000236019  6.61079e-05 -0.000143521  -0.00171594  0.000914515  0.000823097  -0.00198706   0.00161665  0.000506431   0.00282758   0.00098014  -0.00194056  -0.00382907   0.00263372  -0.00166694   0.00162585  0.000828568   0.00277288   0.00108829  -0.00198474  -0.00386481   0.00175367  -0.00163653    0.0016627  0.000860361   0.00270635   0.00110621  -0.00204485   -0.0039345   0.00127771  -0.00172812   0.00172389  0.000769467    0.0026302    0.0010859  -0.00211847  -0.00403338   0.00111524   -0.0018432   0.00180374  0.000654376   0.00254897    0.0010574   -0.0022007  -0.00415355   0.00113845     -0.00194   0.00189336  0.000556829    0.0024703   0.00103282   -0.0022838  -0.00428356   0.00126207  -0.00200892   0.00197975  0.000486449   0.00240579   0.00101423  -0.00235684  -0.00440818   0.00144476  -0.00205762   0.00204491  0.000435558   0.00237177  0.000998484  -0.00240535   -0.0045081   0.00166181  -0.00211148   0.00206504  0.000378798   0.00239016  0.000977112  -0.00241094  -0.00455973   0.00193221  -0.00213631    0.0020529  0.000350394   0.00244535  0.000963312  -0.00238743  -0.00456539  -0.00018085
========================================
primal_step_norm SUCCESS
SOLVED , sqp_iter_: 0
AFTER initial_guess_[0].uk: [-0.227412, 0.017050, -0.178565, 0.021285, -0.001566, -0.002425, -0.397261, 0.125897]
BEFORE initial_guess_[0].uk: [-0.228969, 0.017138, -0.180128, 0.021330, -0.002163, -0.002415, -0.397355, 0.104363]
Initialization finished.
Allocations finished.
Setup successful.
Solver is ready.
Starting solver...
Solver initialization verified.
Solver finished.
===== SQP Iteration: 0 =====
step_ (179 x 1): 
 1.24905e-11 -6.84256e-09  2.82618e-12  2.24827e-09   1.3031e-10 -7.09398e-09  4.37417e-09  4.85711e-10   3.8196e-07 -2.85672e-07 -7.51405e-06  -5.0292e-06 -1.13637e-05 -3.44044e-06  1.12608e-05 -4.64396e-06  6.15608e-07  0.000123079  1.54331e-06 -1.56658e-05 -7.92494e-06 -2.26644e-05 -6.07426e-06   2.2711e-05 -8.64988e-06  2.29975e-06  0.000213884  3.48273e-06 -2.45614e-05  -1.0697e-05 -3.37157e-05 -8.67842e-06  3.45188e-05  -1.1741e-05  4.81613e-06  0.000289484  4.65148e-06 -3.42621e-05 -1.42316e-05 -4.43651e-05 -1.16012e-05  4.68205e-05 -1.37294e-05  8.07319e-06  0.000362025  4.82591e-06  -4.4774e-05 -1.87581e-05 -5.45045e-05 -1.49379e-05  5.96994e-05 -1.45323e-05  1.20692e-05  0.000437256  4.07594e-06 -5.60176e-05 -2.42123e-05 -6.40901e-05 -1.86663e-05  7.31683e-05 -1.42027e-05  1.68392e-05  0.000516859  2.60548e-06 -6.77837e-05  -3.0396e-05 -7.31685e-05 -2.27095e-05  8.71474e-05 -1.29605e-05  2.24278e-05  0.000600931  7.54763e-07 -7.96813e-05 -3.69757e-05 -8.19126e-05 -2.69346e-05  0.000101438 -1.12277e-05    2.888e-05  0.000689527 -0.000817733  1.15968e-05 -0.000692058 -1.78757e-05  -4.9325e-05  0.000109753  -0.00138663  0.000917564  0.000898423  -0.00081981 -4.98273e-07 -0.000698908 -2.58922e-05 -5.37356e-05  0.000124488  -0.00138455  0.000926517  0.000892121 -3.81905e-05 -0.000604895 -0.000669872  -0.00160711 -0.000381973   0.00162075 -0.000517544   0.00245245  0.000243604 -0.000655996 -0.000385696  -0.00159866 -0.000292379   0.00164644 -0.000445809   0.00181246  0.000258333  -0.00071559 -0.000369203  -0.00156379 -0.000289067   0.00169774 -0.000344387    0.0015098  0.000155674 -0.000780555  -0.00047079  -0.00150713 -0.000324435   0.00176878 -0.000222055   0.00144889  2.32172e-05 -0.000846195 -0.000602913  -0.00143511 -0.000370327   0.00185179 -9.05783e-05   0.00150323 -9.99369e-05 -0.000905389 -0.000726493   -0.0013569 -0.000413833    0.0019366  3.50835e-05   0.00159057 -0.000195924 -0.000947612 -0.000823671  -0.00128542 -0.000448791   0.00200988  0.000136438    0.0016802 -0.000246621 -0.000957982 -0.000876327  -0.00123834 -0.000469116    0.0020545  0.000191128   0.00177149 -0.000276148 -0.000959966 -0.000908624  -0.00119451 -0.000483495   0.00208601  0.000214406   0.00191322 -0.000276506 -0.000974402 -0.000912621  -0.00113553 -0.000489413   0.00211801  0.000230048 -0.000125838
========================================
primal_step_norm SUCCESS
SOLVED , sqp_iter_: 0
AFTER initial_guess_[0].uk: [-0.229052, 0.015822, -0.181585, 0.017835, -0.003160, 0.001815, -0.398706, 0.116625]
BEFORE initial_guess_[0].uk: [-0.230460, 0.015866, -0.182999, 0.017930, -0.003705, 0.001889, -0.398701, 0.097229]
Initialization finished.
Allocations finished.
Setup successful.
Solver is ready.
Starting solver...
Solver initialization verified.
Solver finished.
===== SQP Iteration: 0 =====
step_ (179 x 1): 
-3.28042e-10 -1.67237e-09  1.96905e-10  9.14724e-10  -1.0366e-10  1.14818e-09  -2.6764e-09  -2.0737e-10  5.09676e-08 -1.48867e-05  2.11057e-05  5.12641e-06  2.10343e-05  8.74759e-06 -1.42558e-05 -3.12039e-05  5.38112e-07  0.000109115  -2.7823e-05  4.23033e-05  1.22195e-05  4.16781e-05  1.83022e-05 -2.88408e-05 -6.27197e-05  1.99711e-06  0.000182621 -4.05869e-05  6.39754e-05  1.94968e-05  6.18345e-05  2.80081e-05 -4.38578e-05 -9.48481e-05  4.09212e-06  0.000236306   -5.393e-05   8.6428e-05  2.62011e-05  8.14344e-05  3.75901e-05 -5.94031e-05 -0.000127834  6.68958e-06  0.000283138 -6.79939e-05  0.000109898  3.21847e-05  0.000100441  4.69916e-05 -7.55384e-05 -0.000161853  9.76029e-06  0.000330928 -8.26512e-05   0.00013451  3.75691e-05  0.000118873  5.62477e-05 -9.22696e-05 -0.000196981  1.33367e-05  0.000384334 -9.76991e-05  0.000160226  4.25512e-05  0.000136832  6.54092e-05 -0.000109525 -0.000233162  1.74896e-05  0.000446217  -0.00011297  0.000186776  4.72919e-05  0.000154542  7.45039e-05 -0.000127128 -0.000270172  2.23128e-05  0.000518323  -0.00094696  0.000304685 -0.000603333  0.000236839  6.10414e-05 -0.000136231  -0.00168285  0.000918184  0.000710364 -0.000962406  0.000331276 -0.000598821  0.000255104  6.99944e-05 -0.000153701  -0.00172028  0.000925249  0.000702548  -0.00198297   0.00170295  0.000682811   0.00297519  0.000971096  -0.00205135  -0.00346123    0.0021985  -0.00172322   0.00171278  0.000944812    0.0029186   0.00106062  -0.00209698  -0.00349717   0.00147245  -0.00170026   0.00175093  0.000969342   0.00284984   0.00107742  -0.00215911  -0.00356506   0.00107586  -0.00177741   0.00181408  0.000893003   0.00277124   0.00106359  -0.00223513  -0.00366018  0.000937823  -0.00187343   0.00189643   0.00079701   0.00268746   0.00104358  -0.00231993  -0.00377483  0.000957579  -0.00195248   0.00198887  0.000717185   0.00260636    0.0010274  -0.00240553  -0.00389799   0.00106847  -0.00200448   0.00207806  0.000663619   0.00253982   0.00101697   -0.0024807  -0.00401504   0.00123797  -0.00203424   0.00214543   0.00063149   0.00250469   0.00100961  -0.00253052   -0.0041075   0.00144272  -0.00206486    0.0021664  0.000597713   0.00252359  0.000997037  -0.00253595  -0.00415286   0.00170236  -0.00205756    0.0021545  0.000601087   0.00257993  0.000993892  -0.00251164  -0.00415497  -0.00015647
========================================
primal_step_norm SUCCESS
SOLVED , sqp_iter_: 0
AFTER initial_guess_[0].uk: [-0.234772, 0.019570, -0.181513, 0.024401, -0.001171, -0.003465, -0.407735, 0.108221]
BEFORE initial_guess_[0].uk: [-0.236031, 0.019661, -0.182778, 0.024448, -0.001652, -0.003455, -0.407819, 0.090002]
Initialization finished.
Allocations finished.
Setup successful.
Solver is ready.
Starting solver...
Solver initialization verified.
Solver finished.
===== SQP Iteration: 0 =====
step_ (179 x 1): 
 6.81729e-11 -9.40364e-09  2.12129e-11  2.64816e-09  1.50522e-10  -7.2671e-09  4.99597e-09  4.83397e-10  3.72079e-07   6.6435e-07 -7.60941e-06 -4.65781e-06 -1.15782e-05 -3.64771e-06  1.14627e-05 -2.43347e-06  5.14711e-07  0.000102818  3.02981e-06 -1.58748e-05 -7.59385e-06 -2.30921e-05 -6.66146e-06  2.31199e-05 -4.28065e-06  1.92867e-06  0.000180094  5.46554e-06 -2.49098e-05 -1.04453e-05 -3.43482e-05 -9.68232e-06  3.51456e-05 -5.27566e-06  4.05629e-06  0.000245518  7.24739e-06 -3.47801e-05  -1.3942e-05 -4.51876e-05 -1.30021e-05  4.76817e-05 -5.23681e-06  6.82735e-06  0.000308816  8.18778e-06 -4.54933e-05 -1.82777e-05 -5.54982e-05 -1.67033e-05  6.08155e-05 -4.08189e-06  1.02436e-05  0.000374489  8.35057e-06 -5.69673e-05 -2.33947e-05 -6.52339e-05 -2.07643e-05  7.45607e-05  -1.8556e-06  1.43355e-05  0.000443979   7.9342e-06 -6.89855e-05  -2.9101e-05 -7.44448e-05 -2.51044e-05  8.88351e-05  1.23881e-06  1.91426e-05  0.000517542  7.28482e-06 -8.11394e-05 -3.50551e-05  -8.3311e-05 -2.95793e-05  0.000103432  4.80612e-06  2.47075e-05  0.000595373 -0.000827351  2.44438e-05 -0.000691682 -9.16184e-06 -4.76127e-05  0.000109324  -0.00140411  0.000928413  0.000779202 -0.000827821   1.2096e-05  -0.00069751  -1.7286e-05 -5.21177e-05  0.000124379  -0.00140017  0.000936179  0.000773913   8.8379e-05  -0.00061238 -0.000620363  -0.00163756 -0.000404967   0.00164973   -0.0002723   0.00204689  0.000315075 -0.000665061 -0.000391057  -0.00162888  -0.00033455   0.00167614 -0.000206233   0.00154178   0.00032445 -0.000726724 -0.000379768  -0.00159283  -0.00033527   0.00172902 -0.000111755   0.00130609  0.000237354 -0.000794114 -0.000465723  -0.00153411 -0.000368439   0.00180241  2.93628e-06   0.00126312  0.000125274 -0.000862315 -0.000577475  -0.00145941 -0.000410737   0.00188835  0.000126787   0.00131204   2.1677e-05 -0.000923877 -0.000681572  -0.00137829 -0.000450707   0.00197625  0.000245672   0.00138844 -5.54908e-05 -0.000967799 -0.000760072  -0.00130424 -0.000481755   0.00205224  0.000342092   0.00146981 -8.63727e-05 -0.000978549 -0.000793109  -0.00125573 -0.000496755   0.00209848  0.000394845   0.00155599 -9.30654e-05 -0.000980386 -0.000802839  -0.00121086 -0.000504083    0.0021311  0.000418969   0.00169495 -6.26355e-05 -0.000994641 -0.000776403   -0.0011508 -0.000500233   0.00216401  0.000436352 -0.000106152
========================================
primal_step_norm SUCCESS
SOLVED , sqp_iter_: 0
AFTER initial_guess_[0].uk: [-0.235838, 0.018329, -0.184127, 0.020886, -0.002709, 0.000851, -0.408530, 0.100237]
BEFORE initial_guess_[0].uk: [-0.236966, 0.018374, -0.185261, 0.020984, -0.003147, 0.000927, -0.408520, 0.083905]
Initialization finished.
Allocations finished.
Setup successful.
Solver is ready.
Starting solver...
Solver initialization verified.
Solver finished.
===== SQP Iteration: 0 =====
step_ (179 x 1): 
-4.75187e-10 -2.23196e-09  8.46431e-11  8.81942e-10 -2.85872e-10  1.23885e-09  -3.1672e-09 -5.99168e-11   4.5577e-08 -1.51173e-05  2.88064e-05  5.52889e-06  2.74771e-05  1.11013e-05 -2.07721e-05   -3.374e-05  4.42887e-07  8.99932e-05 -2.86775e-05  5.77264e-05   1.2633e-05  5.45369e-05  2.28633e-05  -4.1889e-05 -6.77903e-05    1.649e-06  0.000151133 -4.21106e-05  8.71685e-05  1.98773e-05  8.10719e-05  3.47676e-05 -6.34552e-05 -0.000102429  3.38587e-06   0.00019615 -5.60195e-05  0.000117436  2.66529e-05  0.000107018  4.65973e-05  -8.5558e-05 -0.000137869  5.54589e-06   0.00023578 -7.05092e-05  0.000148727  3.28481e-05  0.000132363  5.83105e-05 -0.000108234 -0.000174241  8.10938e-06  0.000276848 -8.54631e-05  0.000181081  3.85725e-05  0.000157179  6.99333e-05 -0.000131442 -0.000211561  1.11119e-05  0.000323574 -0.000100714  0.000214312  4.39871e-05  0.000181657  8.14951e-05 -0.000155039 -0.000249697  1.46234e-05  0.000378604 -0.000116165  0.000247931  4.91804e-05  0.000206151  9.29828e-05 -0.000178744 -0.000288327  1.87325e-05  0.000443286 -0.000966107  0.000386997 -0.000602164  0.000305488  8.64068e-05  -0.00019624  -0.00173593  0.000928642   0.00061363 -0.000981351  0.000420368 -0.000596822  0.000330719  9.78885e-05 -0.000219638  -0.00177471  0.000934746   0.00060724  -0.00201366   0.00232652  0.000736444    0.0038853   0.00123238  -0.00298832  -0.00374243   0.00181587  -0.00180632   0.00233851  0.000946293   0.00382479   0.00130567  -0.00303614  -0.00377836   0.00122514  -0.00178941   0.00238051  0.000964954   0.00375077    0.0013214  -0.00310076  -0.00384361  0.000902074  -0.00185278   0.00244728   0.00090251   0.00366754   0.00131311  -0.00317794  -0.00393249  0.000793738  -0.00193014   0.00253016  0.000825197   0.00358272   0.00130019   -0.0032603  -0.00403596   0.00082235    -0.001992   0.00261616  0.000762505   0.00350811   0.00129023  -0.00333683  -0.00414131  0.000934855  -0.00203151   0.00268698   0.00072125   0.00346059   0.00128352  -0.00339249  -0.00423197   0.00110118  -0.00205837   0.00271816  0.000691723     0.003463   0.00127512  -0.00340779  -0.00428716   0.00129314  -0.00206938   0.00272141  0.000677208   0.00350085    0.0012679  -0.00339503    -0.004311   0.00153104  -0.00203066   0.00270402  0.000711606    0.0035638   0.00127437  -0.00336398  -0.00430441 -0.000128064
========================================
primal_step_norm SUCCESS
SOLVED , sqp_iter_: 0
AFTER initial_guess_[0].uk: [-0.241345, 0.023434, -0.183660, 0.029435, 0.000069, -0.006872, -0.418287, 0.092984]
BEFORE initial_guess_[0].uk: [-0.242341, 0.023531, -0.184662, 0.029480, -0.000310, -0.006862, -0.418361, 0.077650]
Initialization finished.
Allocations finished.
Setup successful.
Solver is ready.
Starting solver...
Solver initialization verified.
Solver finished.
===== SQP Iteration: 0 =====
step_ (179 x 1): 
-1.44919e-10 -1.83855e-09  1.65335e-10 -3.53322e-11  2.91805e-11  4.90868e-10 -1.30134e-09 -1.72263e-10 -1.98861e-08 -7.77221e-06 -8.37038e-06  5.09971e-06 -1.20017e-05 -4.07216e-06  1.21291e-05  1.31234e-07  4.22315e-07  8.47434e-05 -1.42162e-05 -1.74524e-05   1.1548e-05 -2.39178e-05  -7.6647e-06  2.44519e-05  8.00265e-07  1.59617e-06  0.000150037 -2.06413e-05 -2.73617e-05  1.80281e-05 -3.55513e-05 -1.12986e-05  3.71495e-05  2.24667e-06    3.377e-06  0.000206145 -2.76383e-05 -3.81364e-05  2.39421e-05 -4.67587e-05 -1.52147e-05  5.03481e-05  4.61991e-06  5.70951e-06  0.000260377 -3.53582e-05 -4.97049e-05  2.91321e-05 -5.74724e-05 -1.94763e-05  6.40963e-05   7.9585e-06  8.59259e-06  0.000316262 -4.37097e-05 -6.18401e-05  3.36821e-05 -6.77292e-05 -2.40412e-05  7.83408e-05  1.21547e-05  1.20495e-05  0.000375171 -5.24103e-05 -7.41035e-05  3.78681e-05 -7.77065e-05 -2.87802e-05  9.28971e-05  1.69222e-05  1.61146e-05  0.000437936 -6.11987e-05 -8.63094e-05  4.19447e-05  -8.7452e-05 -3.35905e-05  0.000107673  2.20232e-05  2.08313e-05  0.000505445 -0.000919551  4.03632e-05 -0.000605005  2.87553e-06 -4.49284e-05  0.000105369  -0.00142023  0.000937459   0.00066798 -0.000927811  2.80075e-05 -0.000600463 -6.14733e-06  -4.9635e-05  0.000120582  -0.00141477  0.000944115  0.000663174  -0.00103543 -0.000677758  0.000679343  -0.00169517 -0.000452111   0.00174405  1.37864e-05   0.00169916  -0.00085841  -0.00073561  0.000858981  -0.00168307 -0.000398792   0.00177174  7.40983e-05   0.00130773 -0.000855894 -0.000802653  0.000863216  -0.00164315 -0.000403371   0.00182565  0.000160386   0.00112357 -0.000932075 -0.000872773  0.000787808  -0.00158298 -0.000434706   0.00189766  0.000263381   0.00108611  -0.00102835 -0.000937082  0.000691353  -0.00151327 -0.000473063   0.00197665  0.000370521   0.00111914  -0.00111249 -0.000983014  0.000606103  -0.00144878 -0.000506781   0.00204799  0.000465746   0.00117893    -0.001159 -0.000993377  0.000557614  -0.00140933 -0.000526144   0.00209285  0.000529223   0.00125612  -0.00117071 -0.000988685  0.000543042  -0.00137661 -0.000534049   0.00212433  0.000566194   0.00135073  -0.00115897  -0.00098657  0.000551062  -0.00133547 -0.000535162   0.00215315  0.000586859   0.00150348  -0.00110035  -0.00100141  0.000605055  -0.00127423 -0.000522481    0.0021873  0.000606276 -9.61744e-05
========================================
primal_step_norm SUCCESS
SOLVED , sqp_iter_: 0
AFTER initial_guess_[0].uk: [-0.244593, 0.022057, -0.183185, 0.025793, -0.001490, -0.002310, -0.418325, 0.086146]
BEFORE initial_guess_[0].uk: [-0.245473, 0.022102, -0.184073, 0.025894, -0.001834, -0.002230, -0.418309, 0.072478]
Initialization finished.
Allocations finished.
Setup successful.
Solver is ready.
Starting solver...
Solver initialization verified.
Solver finished.
===== SQP Iteration: 0 =====
step_ (179 x 1): 
-8.59325e-12  1.41699e-09 -5.96226e-12  1.24937e-09 -2.09558e-10 -6.23557e-09  3.72485e-09   2.4033e-10  3.27223e-07  1.80094e-06  4.66217e-07 -5.86881e-06  1.25253e-06  4.23588e-08  3.69306e-06 -6.51533e-06  3.78775e-07  7.54305e-05  4.80141e-06  8.73512e-07 -1.05127e-05  2.18126e-06   5.9546e-07  7.15869e-06  -1.3212e-05  1.39844e-06  0.000128636    7.863e-06  1.43635e-06 -1.50758e-05  2.79032e-06  1.23979e-06  1.03675e-05 -2.01959e-05  2.89139e-06  0.000170095  1.04897e-05  2.34787e-06 -2.00599e-05  3.08415e-06  1.79324e-06  1.32988e-05 -2.75681e-05  4.77975e-06  0.000207685  1.25788e-05  3.77339e-06  -2.5574e-05   3.0738e-06  2.21606e-06  1.59401e-05 -3.54078e-05  7.04933e-06  0.000246326  1.42229e-05   5.8331e-06 -3.15325e-05  2.78565e-06  2.53412e-06  1.82938e-05 -4.37622e-05  9.72558e-06  0.000288972  1.56105e-05   8.5779e-06 -3.77544e-05  2.27314e-06  2.80297e-06  2.03869e-05 -5.26344e-05  1.28592e-05  0.000337792  1.69817e-05    1.196e-05 -4.40089e-05  1.63181e-06  3.09011e-06  2.22811e-05 -6.19697e-05  1.65196e-05  0.000394345 -0.000839368  0.000142287 -0.000696641  9.17786e-05 -7.77886e-06  2.20187e-05  -0.00151372  0.000938654  0.000544433 -0.000837205  0.000146229  -0.00070216  9.14243e-05 -7.22646e-06  2.38963e-05  -0.00152347  0.000944068  0.000538468   0.00023984  3.90988e-05  -0.00078171    0.0001753  4.74447e-06  0.000532368  -0.00072462   0.00149642  0.000399671  3.58034e-05 -0.000618587  0.000129167  6.14139e-05  0.000498437 -0.000744173   0.00105965  0.000407819   4.8934e-05 -0.000607822  8.37668e-05  7.15677e-05  0.000461435 -0.000776228  0.000824932  0.000349895  7.73827e-05 -0.000663898  3.91963e-05  6.15141e-05  0.000421571 -0.000819418  0.000748725  0.000278297  0.000119097 -0.000734496 -3.73001e-06  4.69899e-05  0.000379881 -0.000871387  0.000770063  0.000219011  0.000170551 -0.000793705 -4.29571e-05  3.53662e-05   0.00033852 -0.000928571  0.000850701  0.000184832  0.000226223 -0.000828807 -7.47146e-05  2.98762e-05  0.000300968 -0.000986032  0.000974805  0.000182511  0.000278119 -0.000833142 -9.30701e-05  3.19005e-05  0.000272211  -0.00103735    0.0011297  0.000207918  0.000315277 -0.000810926 -8.94443e-05   3.9474e-05  0.000259012  -0.00107457   0.00134948  0.000288219  0.000323973 -0.000735111 -5.27348e-05  6.12533e-05  0.000269504  -0.00108223  -0.00011935
========================================
primal_step_norm SUCCESS
SOLVED , sqp_iter_: 0
AFTER initial_guess_[0].uk: [-0.244951, 0.022187, -0.185774, 0.026276, -0.001822, -0.000840, -0.420200, 0.079960]
BEFORE initial_guess_[0].uk: [-0.245716, 0.022250, -0.186546, 0.026359, -0.002117, -0.000785, -0.420218, 0.067313]
Initialization finished.
Allocations finished.
Setup successful.
Solver is ready.
Starting solver...
Solver initialization verified.
Solver finished.
===== SQP Iteration: 0 =====
step_ (179 x 1): 
-3.45193e-10 -2.59491e-09  1.96133e-10  8.37251e-10 -5.84613e-10  1.22904e-09 -3.03832e-09  -2.3168e-10    6.424e-08 -1.34168e-05  2.03843e-05  6.78698e-06  1.87019e-05  7.57758e-06 -1.33882e-05 -2.30284e-05  3.31813e-07  6.76026e-05  -2.5801e-05  4.06964e-05  1.46275e-05  3.70956e-05  1.55837e-05 -2.70009e-05 -4.61175e-05   1.2522e-06  0.000116419  -3.8147e-05  6.12194e-05  2.25207e-05  5.51383e-05  2.36566e-05  -4.0887e-05 -6.94051e-05  2.60874e-06  0.000154868  -5.0884e-05  8.21765e-05  3.00301e-05  7.28145e-05  3.16433e-05 -5.50891e-05 -9.29952e-05  4.33365e-06  0.000190093 -6.40921e-05  0.000103725  3.70683e-05  9.01396e-05   3.9517e-05  -6.9622e-05 -0.000116956  6.41781e-06  0.000226718 -7.76763e-05  0.000125927  4.37225e-05  0.000107173  4.73088e-05   -8.446e-05 -0.000141306     8.89e-06  0.000267706 -9.14621e-05  0.000148723  5.01597e-05  0.000124033  5.50693e-05 -9.95267e-05 -0.000165999  1.18038e-05  0.000315062 -0.000105261  0.000171895  5.65616e-05  0.000140915  6.28446e-05 -0.000114682 -0.000190916  1.52283e-05  0.000369858 -0.000974733   0.00032546 -0.000589053  0.000248518  5.99536e-05 -0.000129899  -0.00166767  0.000942518  0.000511072 -0.000987885  0.000348384 -0.000582071  0.000266143  6.79106e-05 -0.000144748  -0.00169253  0.000947607  0.000506607  -0.00178716   0.00164747  0.000904027   0.00264483  0.000841209  -0.00192657  -0.00255394   0.00136625  -0.00164966   0.00164243   0.00104438   0.00260021  0.000888709  -0.00195731  -0.00256187  0.000978423  -0.00164458   0.00165932    0.0010514   0.00255065  0.000896094  -0.00199665  -0.00258382  0.000770061  -0.00169667   0.00169446   0.00100027   0.00249887  0.000886555  -0.00204212  -0.00261736  0.000705519  -0.00175943   0.00174232  0.000937489   0.00244925  0.000874023  -0.00208964  -0.00265852  0.000733349  -0.00180954   0.00179521  0.000886358   0.00240808  0.000864928  -0.00213343  -0.00270178  0.000819948  -0.00183643   0.00184307  0.000857447   0.00238377  0.000861486  -0.00216612  -0.00274013  0.000947631   -0.0018381   0.00187319  0.000852756   0.00238712  0.000863013  -0.00217866  -0.00276501    0.0010964  -0.00182798   0.00186992  0.000858899   0.00243158  0.000863755  -0.00216021  -0.00276649   0.00129213   -0.0017519    0.0018573  0.000930084   0.00248959  0.000883224  -0.00213476  -0.00275999 -8.94793e-05
========================================
primal_step_norm SUCCESS
SOLVED , sqp_iter_: 0
AFTER initial_guess_[0].uk: [-0.249603, 0.025833, -0.184580, 0.032111, 0.000078, -0.005814, -0.426884, 0.074145]
BEFORE initial_guess_[0].uk: [-0.250261, 0.025928, -0.185246, 0.032162, -0.000171, -0.005801, -0.426941, 0.062432]
Initialization finished.
Allocations finished.
Setup successful.
Solver is ready.
Starting solver...
Solver initialization verified.
Solver finished.
===== SQP Iteration: 0 =====
step_ (179 x 1): 
-2.99073e-10 -1.91012e-09  1.49136e-10  9.67222e-10 -3.45069e-10    1.026e-09 -2.13897e-09 -2.32724e-10  4.39401e-08 -5.79244e-06 -8.50195e-06  4.53552e-06 -1.23265e-05 -4.20301e-06  1.20894e-05  2.38898e-06  3.10358e-07  6.22641e-05 -1.07242e-05 -1.76772e-05  9.95479e-06 -2.46009e-05 -8.11459e-06  2.43567e-05   5.2255e-06  1.18379e-06  0.000112441 -1.56775e-05 -2.76422e-05  1.53673e-05 -3.66253e-05  -1.2098e-05  3.69855e-05  8.72986e-06  2.53262e-06  0.000157368 -2.10561e-05 -3.84664e-05  2.03611e-05 -4.82381e-05   -1.633e-05   5.0119e-05  1.30596e-05  4.32854e-06  0.000201851 -2.69668e-05 -5.01553e-05  2.48214e-05 -5.93256e-05 -2.08643e-05  6.38443e-05  1.82907e-05  6.57919e-06  0.000248307 -3.33493e-05 -6.26205e-05  2.88005e-05 -6.98432e-05 -2.56793e-05  7.81748e-05  2.43961e-05  9.30928e-06  0.000297712 -4.00091e-05 -7.56383e-05  3.24856e-05 -7.98417e-05 -3.06887e-05  9.30269e-05  3.12207e-05  1.25511e-05   0.00035068 -4.65851e-05 -8.87978e-05  3.62289e-05 -8.94993e-05 -3.57272e-05  0.000108195  3.84574e-05   1.6343e-05  0.000407804 -0.000921747  5.14201e-05 -0.000604826  9.17653e-06 -4.34117e-05   0.00010855  -0.00143078  0.000949098  0.000544038 -0.000927286  3.80486e-05 -0.000600115  2.67145e-07 -4.81587e-05  0.000124175  -0.00142313  0.000954521  0.000540576 -0.000771649 -0.000689067  0.000604227  -0.00174101 -0.000466611   0.00173827  0.000264691   0.00124675 -0.000656955 -0.000744006  0.000721918   -0.0017334 -0.000434192   0.00176376  0.000314823   0.00100388 -0.000659815 -0.000808024  0.000721016  -0.00169812 -0.000442211    0.0018157  0.000389018  0.000897867 -0.000716461 -0.000877655   0.00066525  -0.00163996 -0.000469781   0.00188824  0.000480654  0.000889483 -0.000787341 -0.000947736  0.000594167  -0.00156578  -0.00050334   0.00197333  0.000580739  0.000929021 -0.000850177  -0.00101064  0.000530076   -0.0014853 -0.000534502    0.0020603  0.000677784  0.000987743 -0.000887125  -0.00105539  0.000490869  -0.00141199 -0.000556066    0.0021353  0.000757623   0.00105912 -0.000876131  -0.00106685  0.000498659   -0.0013639 -0.000559343   0.00218081  0.000803216   0.00114227 -0.000834274  -0.00106955  0.000536345  -0.00131875 -0.000551576    0.0022133  0.000828167   0.00128168 -0.000737893  -0.00108465  0.000627527  -0.00125782 -0.000526854   0.00224656  0.000849206 -6.94754e-05
========================================
primal_step_norm SUCCESS
SOLVED , sqp_iter_: 0
AFTER initial_guess_[0].uk: [-0.251939, 0.024429, -0.183932, 0.028375, -0.001388, -0.001264, -0.426250, 0.068666]
BEFORE initial_guess_[0].uk: [-0.252500, 0.024476, -0.184502, 0.028476, -0.001611, -0.001186, -0.426228, 0.058330]
Initialization finished.
Allocations finished.
Setup successful.
Solver is ready.
Starting solver...
Solver initialization verified.
Solver finished.
===== SQP Iteration: 0 =====
step_ (179 x 1): 
-7.82402e-11 -4.97957e-10 -7.91986e-11  1.22588e-09 -1.95037e-10 -2.91533e-09  1.55458e-09  2.54924e-11  2.39562e-07  1.54515e-06  2.84462e-05 -8.49603e-06  2.73337e-05  1.01959e-05  -2.0739e-05 -2.54349e-05  2.70011e-07  5.39651e-05  3.82997e-06  5.70368e-05 -1.62228e-05  5.42204e-05  2.07482e-05  -4.1821e-05 -5.11877e-05  9.98271e-07  9.17286e-05  6.11606e-06  8.61418e-05 -2.39251e-05  8.05613e-05  3.14122e-05 -6.33739e-05 -7.74658e-05  2.05895e-06  0.000120469   8.0904e-06  0.000116069  -3.1922e-05  0.000106289  4.20908e-05 -8.54879e-05 -0.000104434  3.39172e-06  0.000146139  9.71345e-06  0.000147015 -4.02604e-05  0.000131393  5.27752e-05 -0.000108199 -0.000132185  4.98788e-06  0.000173145  1.10909e-05  0.000179015 -4.88424e-05  0.000155948  6.34918e-05 -0.000131464 -0.000160709  6.87754e-06  0.000204785  1.23907e-05  0.000211875  -5.7509e-05  0.000180155  7.42697e-05 -0.000155131 -0.000189868  9.11964e-06   0.00024366  1.37536e-05  0.000245093 -6.61296e-05  0.000204376  8.51027e-05 -0.000178913 -0.000219359   1.1793e-05  0.000291053 -0.000859066  0.000418356 -0.000714891  0.000327974  8.85577e-05 -0.000202023  -0.00171799  0.000948775  0.000418043 -0.000856685  0.000451363 -0.000722559  0.000352914  9.97188e-05 -0.000225502  -0.00174744  0.000952934  0.000413677  0.000205731   0.00230777  -0.00113167   0.00385903   0.00113172  -0.00298093  -0.00282456   0.00107465  0.000304331    0.0023195  -0.00102925   0.00379595   0.00117138  -0.00303092  -0.00285925  0.000753458    0.0003045   0.00236145  -0.00102599   0.00371871   0.00118375  -0.00309864  -0.00291759  0.000572655  0.000262985   0.00242817  -0.00106524   0.00363206    0.0011854  -0.00317934  -0.00299425  0.000511838  0.000216189   0.00251082  -0.00111072   0.00354397   0.00118604  -0.00326518  -0.00308112  0.000538594  0.000183497   0.00259625  -0.00114316   0.00346659   0.00118964  -0.00334481    -0.003167  0.000631617  0.000173129   0.00266597  -0.00115447   0.00341719   0.00119639  -0.00340283  -0.00323739   0.00077629  0.000181518   0.00269526  -0.00114836   0.00341907   0.00120249  -0.00341932  -0.00327437  0.000947341   0.00021573   0.00269645  -0.00111781   0.00345724   0.00121183  -0.00340696  -0.00328401   0.00116626  0.000317191   0.00267745  -0.00102146   0.00352079   0.00123891    -0.003376  -0.00326992 -8.73587e-05
========================================
primal_step_norm SUCCESS
SOLVED , sqp_iter_: 0
AFTER initial_guess_[0].uk: [-0.252052, 0.029495, -0.186963, 0.036870, 0.001343, -0.008966, -0.433600, 0.063704]
BEFORE initial_guess_[0].uk: [-0.252516, 0.029593, -0.187436, 0.036915, 0.001170, -0.008958, -0.433648, 0.054016]
Initialization finished.
Allocations finished.
Setup successful.
Solver is ready.
Starting solver...
Solver initialization verified.
Solver finished.
===== SQP Iteration: 0 =====
step_ (179 x 1): 
 -6.0122e-10 -7.92296e-09  1.16575e-10  1.21104e-09 -1.41895e-09  2.15558e-09 -6.97619e-09 -5.84494e-10 -2.42388e-08 -1.64163e-05 -9.57727e-06   1.6203e-05 -1.29716e-05 -4.60493e-06  1.27769e-05  4.43673e-06  2.41279e-07  4.93311e-05 -3.22536e-05 -1.98782e-05  3.30055e-05 -2.58588e-05 -9.03829e-06  2.57369e-05  9.29021e-06  9.43226e-07  9.10624e-05 -4.81609e-05 -3.10197e-05  4.97495e-05   -3.847e-05 -1.35798e-05  3.90649e-05  1.47477e-05  2.04518e-06  0.000129362 -6.44432e-05 -4.30469e-05  6.61208e-05 -5.06616e-05 -1.83671e-05  5.28854e-05  2.09388e-05  3.52885e-06  0.000167384 -8.11767e-05 -5.58916e-05  8.20339e-05 -6.23655e-05 -2.34357e-05  6.72457e-05   2.7899e-05  5.39968e-06  0.000206824 -9.82717e-05 -6.93273e-05  9.75705e-05 -7.36206e-05 -2.87404e-05   8.2091e-05  3.55434e-05  7.67679e-06  0.000248611  -0.00011545  -8.2909e-05  0.000113001 -8.46084e-05 -3.41419e-05  9.72334e-05   4.3637e-05  1.03893e-05  0.000293913 -0.000132429 -9.64505e-05  0.000128601  -9.5375e-05 -3.95159e-05   0.00011258  5.20138e-05  1.35775e-05   0.00034389  -0.00102104   6.3041e-05 -0.000503449  1.81923e-05 -4.10783e-05  0.000105224  -0.00143791  0.000955242  0.000465873  -0.00103671  4.92738e-05 -0.000486612  8.15253e-06 -4.60503e-05  0.000120993  -0.00142914  0.000959886  0.000462651  -0.00218668 -0.000777863   0.00215832  -0.00183022  -0.00051094   0.00183578  0.000494732  0.000999604  -0.00210962 -0.000836541   0.00223821  -0.00181881 -0.000492067   0.00186308   0.00053983  0.000836656  -0.00211897 -0.000904798   0.00223041  -0.00177981 -0.000504127   0.00191603  0.000606813  0.000766575  -0.00216892 -0.000976546   0.00218075  -0.00172057 -0.000531431   0.00198682  0.000688129  0.000761176  -0.00222905  -0.00104279   0.00211971  -0.00165179 -0.000562693   0.00206448  0.000773383    0.0007885  -0.00227719  -0.00109069   0.00206957  -0.00158839 -0.000588849   0.00213426  0.000849168  0.000835479  -0.00228828  -0.00110268   0.00205548  -0.00155051 -0.000599601   0.00217711  0.000898847   0.00090604  -0.00226189  -0.00109968   0.00207795  -0.00151913 -0.000596669   0.00220671  0.000929894  0.000999366  -0.00220538  -0.00109944   0.00212966   -0.0014787 -0.000583796   0.00223419  0.000951436     0.001153  -0.00208643  -0.00111611   0.00224292   -0.0014176 -0.000551994   0.00226747  0.000974054 -6.46419e-05
========================================
primal_step_norm SUCCESS
SOLVED , sqp_iter_: 0
AFTER initial_guess_[0].uk: [-0.257272, 0.027902, -0.182742, 0.032934, -0.000164, -0.004166, -0.432357, 0.059014]
BEFORE initial_guess_[0].uk: [-0.257651, 0.027945, -0.183131, 0.033036, -0.000317, -0.004089, -0.432330, 0.050542]
Initialization finished.
Allocations finished.
Setup successful.
Solver is ready.
Starting solver...
Solver initialization verified.
Solver finished.
===== SQP Iteration: 0 =====
step_ (179 x 1): 
-1.78552e-10 -2.00292e-09  1.28342e-10  5.26665e-10 -1.06974e-10  6.73445e-10 -1.99176e-09 -3.00863e-10  5.75314e-08 -2.71609e-06  -7.0314e-07  1.09329e-06  4.24786e-07 -7.89894e-07  4.18552e-06 -1.03443e-06  2.14475e-07  4.26336e-05 -4.95812e-06 -1.45129e-06  2.69096e-06  5.16063e-07 -1.34644e-06  8.13405e-06 -2.26489e-06  8.02562e-07  7.49523e-05  -7.2502e-06 -2.03681e-06  4.26016e-06  2.72772e-07 -1.84868e-06   1.1812e-05  -3.7624e-06  1.68565e-06  0.000101649 -9.82595e-06 -2.27616e-06  5.55951e-06 -3.03259e-07  -2.3739e-06  1.51941e-05 -5.59607e-06  2.82694e-06  0.000126587 -1.27229e-05 -2.01166e-06  6.54304e-06 -1.20173e-06  -2.9322e-06  1.82644e-05 -7.81507e-06  4.22288e-06  0.000152569 -1.58518e-05 -1.12939e-06  7.29162e-06 -2.39651e-06 -3.49351e-06  2.10242e-05 -1.04398e-05  5.89562e-06  0.000181956 -1.90205e-05  4.17504e-07   7.9879e-06 -3.83356e-06 -3.99878e-06  2.35003e-05 -1.34532e-05  7.88983e-06  0.000216849 -2.19569e-05  2.57909e-06  8.89619e-06 -5.41536e-06 -4.36275e-06  2.57556e-05 -1.67899e-05  1.02686e-05  0.000258785 -0.000912118  0.000164459 -0.000620935  0.000107017 -5.79584e-06  2.07769e-05  -0.00151005  0.000955698  0.000372064 -0.000913539  0.000167138 -0.000618586    0.0001057 -5.58851e-06  2.29822e-05  -0.00151357  0.000959398  0.000367951 -0.000361966 -5.78494e-05  0.000145689  5.99685e-05 -8.79458e-05  0.000602345 -0.000116524  0.000852244 -0.000298672 -6.08454e-05   0.00021285  1.28528e-05 -6.17772e-05  0.000567801  -0.00013689   0.00064715 -0.000305344  -4.7727e-05   0.00020906 -3.43947e-05 -5.57412e-05  0.000528893  -0.00016639  0.000534561 -0.000343114 -1.97282e-05  0.000173123 -8.13187e-05 -5.82569e-05  0.000486322 -0.000203569  0.000499404 -0.000385903  2.10639e-05  0.000131065 -0.000126839 -6.19093e-05   0.00044149 -0.000246209  0.000520565 -0.000416775  7.11644e-05  9.97649e-05  -0.00016871 -6.22598e-05  0.000396808 -0.000291166  0.000587732 -0.000422108  0.000125137  9.27875e-05 -0.000202993 -5.59698e-05  0.000355964 -0.000334241  0.000697992 -0.000390966  0.000175082  0.000120997 -0.000223555 -4.05856e-05  0.000324169 -0.000370116  0.000839328 -0.000325208  0.000210104  0.000182485 -0.000221527 -1.77071e-05  0.000308512 -0.000392324   0.00104424 -0.000189148  0.000216794  0.000312834 -0.000185831  2.29679e-05  0.000317139 -0.000390846 -8.25292e-05
========================================
primal_step_norm SUCCESS
SOLVED , sqp_iter_: 0
AFTER initial_guess_[0].uk: [-0.258439, 0.027819, -0.182814, 0.033166, -0.000546, -0.002517, -0.432634, 0.054803]
BEFORE initial_guess_[0].uk: [-0.258732, 0.027879, -0.183118, 0.033247, -0.000660, -0.002468, -0.432635, 0.047031]
Initialization finished.
Allocations finished.
Setup successful.
Solver is ready.
Starting solver...
Solver initialization verified.
Solver finished.
===== SQP Iteration: 0 =====
step_ (179 x 1): 
-9.88555e-11  -1.1138e-09 -2.73129e-11  6.88677e-10 -2.47081e-10 -1.44582e-09  4.07694e-10 -5.56348e-11  2.09677e-07   3.3709e-06  1.95522e-05 -7.78885e-06  1.81953e-05  6.80838e-06 -1.33064e-05 -1.58761e-05  1.90621e-07  3.80946e-05  7.08597e-06  3.90538e-05 -1.52017e-05  3.60715e-05  1.37814e-05 -2.68228e-05 -3.18706e-05  7.18005e-07  6.74403e-05  1.07254e-05  5.87711e-05 -2.26659e-05  5.35849e-05  2.07813e-05 -4.06235e-05 -4.80837e-05  1.51477e-06  9.19632e-05  1.41069e-05  7.89233e-05  -3.0371e-05  7.07136e-05  2.77553e-05 -5.47592e-05 -6.45965e-05  2.54994e-06  0.000115128  1.72132e-05  9.96594e-05 -3.83425e-05  8.74694e-05  3.47046e-05  -6.9249e-05  -8.1456e-05  3.82334e-06  0.000139607  2.01392e-05  0.000121033 -4.64941e-05  0.000103911   4.1663e-05 -8.40693e-05 -9.86615e-05  5.36011e-06  0.000167759  2.30676e-05  0.000142973 -5.46527e-05   0.00012016   4.8686e-05 -9.91424e-05 -0.000116155  7.20715e-06  0.000201685  2.62315e-05  0.000165253 -6.25954e-05  0.000136416  5.58312e-05 -0.000114325 -0.000133808  9.42827e-06  0.000242586 -0.000859352  0.000349414 -0.000699029  0.000265663  6.20473e-05 -0.000134315  -0.00164466  0.000958386  0.000349833 -0.000854813  0.000371424  -0.00070567  0.000282627  6.96701e-05 -0.000149224  -0.00166215  0.000961869  0.000346792  0.000448985   0.00158544  -0.00103749   0.00256923  0.000755767  -0.00191262  -0.00176308  0.000758163  0.000494871   0.00158155 -0.000987444   0.00252413  0.000774052  -0.00194319  -0.00177576  0.000584592  0.000484794   0.00159916 -0.000994274   0.00247283  0.000777053  -0.00198408  -0.00180002  0.000488861  0.000450446   0.00163445  -0.00102637   0.00241847  0.000774151  -0.00203226   -0.0018333  0.000461551  0.000413783   0.00168179  -0.00106185   0.00236581  0.000771405  -0.00208317  -0.00187176  0.000488247   0.00038977   0.00173348  -0.00108585   0.00232147   0.00077242   -0.0021307  -0.00191021  0.000561748  0.000390097   0.00177948  -0.00108678   0.00229418  0.000779523  -0.00216711  -0.00194217  0.000677345  0.000421436   0.00180709  -0.00105809   0.00229511  0.000793211  -0.00218297  -0.00195988   0.00081699  0.000473704   0.00180064  -0.00100998   0.00233821  0.000808443  -0.00216695  -0.00195438   0.00100582  0.000604815   0.00178516 -0.000884572   0.00239519  0.000846141  -0.00214359  -0.00194122 -6.11124e-05
========================================
primal_step_norm SUCCESS
SOLVED , sqp_iter_: 0
AFTER initial_guess_[0].uk: [-0.257756, 0.031328, -0.185375, 0.038835, 0.001312, -0.007460, -0.437236, 0.050822]
BEFORE initial_guess_[0].uk: [-0.257971, 0.031419, -0.185601, 0.038880, 0.001235, -0.007458, -0.437270, 0.043673]
Initialization finished.
Allocations finished.
Setup successful.
Solver is ready.
Starting solver...
Solver initialization verified.
Solver finished.
===== SQP Iteration: 0 =====
step_ (179 x 1): 
-7.41294e-10 -7.29025e-09  -2.2608e-11  9.84861e-10 -1.41708e-09  2.08958e-09 -7.90993e-09 -3.23164e-10 -2.08282e-08  -1.4373e-05 -1.00798e-05  1.52026e-05 -1.35754e-05 -4.67704e-06  1.26992e-05  6.05589e-06  1.62662e-07   3.3329e-05 -2.85207e-05 -2.08247e-05  3.06547e-05 -2.70854e-05 -9.32647e-06   2.5586e-05  1.24508e-05  6.50866e-07  6.42474e-05 -4.27769e-05 -3.23619e-05   4.6012e-05 -4.03412e-05  -1.4113e-05  3.88404e-05  1.93601e-05  1.44526e-06  9.45767e-05  -5.7303e-05 -4.47756e-05  6.11027e-05 -5.31837e-05 -1.91257e-05  5.25997e-05  2.69203e-05  2.54782e-06  0.000125868  -7.2137e-05 -5.80839e-05  7.58786e-05  -6.5502e-05 -2.43944e-05   6.6947e-05  3.52044e-05  3.97249e-06  0.000159012 -8.72122e-05 -7.22065e-05  9.03969e-05 -7.72544e-05 -2.98919e-05   8.1891e-05  4.42014e-05  5.74116e-06  0.000194639 -0.000102329 -8.69226e-05  0.000104849 -8.84956e-05 -3.55219e-05  9.73436e-05  5.37968e-05  7.88337e-06  0.000233664 -0.000117109 -0.000101818  0.000119605 -9.94105e-05  -4.1099e-05  0.000113094  6.37505e-05  1.04368e-05  0.000276953  -0.00101588  6.71858e-05 -0.000500558  1.96309e-05 -3.99416e-05  0.000109223   -0.0014368  0.000963222  0.000381238  -0.00102892   5.1981e-05 -0.000484157  9.44729e-06 -4.49638e-05  0.000125392   -0.0014264  0.000967023  0.000378983  -0.00191447 -0.000817445   0.00202512  -0.00191651 -0.000518975   0.00182484  0.000674163  0.000677562  -0.00188453 -0.000871537   0.00205834  -0.00190748 -0.000516035    0.0018525  0.000710795  0.000619828  -0.00189902 -0.000935802    0.0020457  -0.00187156 -0.000531294   0.00190536  0.000767761  0.000607247  -0.00193495   -0.0010068    0.0020102  -0.00181323  -0.00055644   0.00197798  0.000839915  0.000626141  -0.00197598  -0.00107925   0.00196826  -0.00173924  -0.00058485   0.00206253  0.000920111  0.000662375  -0.00200812  -0.00114527   0.00193396  -0.00165931  -0.00061028   0.00214839  0.000999098  0.000712377  -0.00201362  -0.00119347   0.00192517  -0.00158706 -0.000624977    0.0022216   0.00106537  0.000780795  -0.00196881  -0.00120819   0.00196566  -0.00154079 -0.000619041    0.0022645   0.00110498  0.000865771  -0.00188722  -0.00121412   0.00204195  -0.00149746    -0.000599   0.00229423   0.00113036   0.00100764  -0.00173811  -0.00123236   0.00218475  -0.00143801 -0.000557573   0.00232496   0.00115405 -4.53683e-05
========================================
primal_step_norm SUCCESS
SOLVED , sqp_iter_: 0
AFTER initial_guess_[0].uk: [-0.262135, 0.029641, -0.181196, 0.034711, -0.000120, -0.002695, -0.435511, 0.047061]
BEFORE initial_guess_[0].uk: [-0.262277, 0.029681, -0.181350, 0.034807, -0.000182, -0.002628, -0.435480, 0.040921]
Initialization finished.
Allocations finished.
Setup successful.
Solver is ready.
Starting solver...
Solver initialization verified.
Solver finished.
===== SQP Iteration: 0 =====
step_ (179 x 1): 
-1.36726e-09 -8.36708e-09 -1.24921e-09  2.23199e-09 -8.16033e-09  2.76337e-09 -1.96664e-08 -2.36595e-09  2.70603e-06  2.33478e-06  2.77352e-05 -7.34193e-06  2.69888e-05  9.49545e-06 -2.09083e-05 -1.89919e-05  1.55145e-07  3.19817e-05   4.7809e-06  5.56409e-05 -1.45365e-05  5.35345e-05  1.91231e-05 -4.21539e-05 -3.82788e-05  5.73659e-07  5.48914e-05  7.10105e-06  8.40883e-05 -2.18296e-05  7.95235e-05  2.88295e-05 -6.38779e-05 -5.80335e-05  1.20293e-06  7.39044e-05  9.20191e-06  0.000113374 -2.93222e-05   0.00010488   3.8609e-05 -8.61824e-05 -7.83817e-05  2.01729e-06  9.16117e-05  1.11031e-05  0.000143683 -3.70036e-05  0.000129588    4.848e-05 -0.000109111 -9.93833e-05  3.01666e-06  0.000110609  1.29139e-05  0.000175035 -4.47736e-05  0.000153722  5.84741e-05 -0.000132624 -0.000121009  4.22705e-06  0.000133502  1.48134e-05  0.000207221 -5.24642e-05  0.000177482  6.86227e-05  -0.00015657 -0.000143117  5.69983e-06  0.000162726  1.69871e-05  0.000239725 -5.99014e-05  0.000201238  7.89321e-05 -0.000180657 -0.000165425  7.50496e-06  0.000199556 -0.000877954  0.000440973 -0.000685931  0.000344715  9.09763e-05 -0.000208337  -0.00168806  0.000963296  0.000297969 -0.000874112   0.00047316 -0.000691782  0.000369166   0.00010188 -0.000232165  -0.00171018  0.000966261  0.000295197  0.000311102    0.0022487  -0.00097768   0.00381087    0.0010554  -0.00300618  -0.00210638  0.000529112  0.000325875   0.00226294 -0.000958286   0.00374839   0.00106912  -0.00305475  -0.00213979  0.000400107  0.000309044   0.00230676 -0.000971461   0.00366995   0.00107763  -0.00312338  -0.00219219  0.000324404  0.000279811   0.00237452 -0.000998082   0.00358078   0.00108554   -0.0032067  -0.00225864  0.000302903  0.000253189   0.00245729  -0.00102324   0.00348935   0.00109563  -0.00329632  -0.00233176  0.000333951  0.000241167   0.00254179  -0.00103507    0.0034083   0.00110923  -0.00338032  -0.00240161  0.000418256  0.000252968   0.00260947  -0.00102451   0.00335544   0.00112635  -0.00344273  -0.00245549  0.000552099  0.000289552   0.00263542 -0.000990781   0.00335479     0.001144  -0.00346295  -0.00247779  0.000712328  0.000360468   0.00263274 -0.000924354   0.00339104   0.00116671  -0.00345381  -0.00247616  0.000920244  0.000511773   0.00261006 -0.000779264   0.00345297   0.00121014  -0.00342573  -0.00245632 -6.26639e-05
========================================
primal_step_norm SUCCESS
SOLVED , sqp_iter_: 0
AFTER initial_guess_[0].uk: [-0.261601, 0.034571, -0.183476, 0.043095, 0.002572, -0.010474, -0.440978, 0.043566]
BEFORE initial_guess_[0].uk: [-0.261675, 0.034662, -0.183561, 0.043132, 0.002551, -0.010481, -0.441005, 0.037836]
Initialization finished.
Allocations finished.
Setup successful.
Solver is ready.
Starting solver...
Solver initialization verified.
Solver finished.
===== SQP Iteration: 0 =====
step_ (179 x 1): 
-4.61285e-10  -4.3682e-09 -1.72104e-10  1.45164e-09 -1.21721e-09  1.87558e-09 -7.28019e-09 -1.77078e-10  7.84523e-09 -1.41475e-05 -1.13386e-05  1.58821e-05 -1.43599e-05 -4.99481e-06  1.33602e-05  7.86064e-06  5.32544e-08  1.76904e-05 -2.82872e-05 -2.33958e-05   3.1799e-05 -2.86141e-05 -1.00716e-05  2.69414e-05  1.59813e-05  3.61519e-07  4.10503e-05   -4.258e-05 -3.62904e-05  4.75784e-05 -4.25796e-05 -1.53167e-05  4.09065e-05    2.456e-05  9.05692e-07  6.51826e-05 -5.71112e-05 -5.00833e-05  6.31236e-05 -5.61187e-05 -2.07874e-05  5.53707e-05  3.37074e-05  1.69564e-06  9.05027e-05 -7.18911e-05 -6.47215e-05  7.84138e-05 -6.91708e-05 -2.64943e-05  7.03732e-05  4.34582e-05  2.74495e-06    0.0001174 -8.68201e-05 -7.99859e-05   9.3539e-05 -8.17805e-05 -3.23839e-05  8.58507e-05   5.3747e-05  4.07286e-06  0.000146577 -0.000101615 -9.54341e-05  0.000108774 -9.41383e-05 -3.83057e-05  0.000101605  6.43819e-05  5.70924e-06  0.000179431 -0.000115972 -0.000110885  0.000124412 -0.000106295  -4.4119e-05  0.000117541  7.52553e-05  7.69644e-06  0.000217318  -0.00102343  7.45926e-05  -0.00048423  2.57317e-05 -3.72769e-05  0.000106158  -0.00143613  0.000966629  0.000312022  -0.00103583   5.8836e-05 -0.000466729  1.42626e-05 -4.24439e-05  0.000122467  -0.00142482   0.00096974  0.000309995  -0.00188489 -0.000921979    0.0021153  -0.00202673 -0.000556302   0.00192163  0.000868058  0.000525998  -0.00188354 -0.000978653   0.00212025  -0.00201263 -0.000563628   0.00195265  0.000900955  0.000522641  -0.00190389  -0.00104636   0.00210197    -0.001972 -0.000582159    0.0020077  0.000952379  0.000533386  -0.00193565  -0.00111898   0.00207079  -0.00191199 -0.000607138   0.00207931   0.00101615  0.000551634  -0.00196879  -0.00118728   0.00203682  -0.00184325 -0.000633354   0.00215666   0.00108362  0.000575949  -0.00198864    -0.001238   0.00201483  -0.00178085 -0.000653633   0.00222496   0.00114358  0.000614781  -0.00197073  -0.00125295   0.00202942   -0.0017452  -0.00065726   0.00226495   0.00118203  0.000681154  -0.00191247  -0.00125331    0.0020832  -0.00171649 -0.000645176   0.00229105   0.00120818   0.00077304  -0.00181877  -0.00125679   0.00217126  -0.00167857 -0.000620642   0.00231497   0.00123024    0.0009241  -0.00165189  -0.00127721   0.00233134  -0.00161956 -0.000573654   0.00234495   0.00125516 -4.07727e-05
========================================
primal_step_norm SUCCESS
SOLVED , sqp_iter_: 0
AFTER initial_guess_[0].uk: [-0.265774, 0.032657, -0.178961, 0.038724, 0.001099, -0.005465, -0.438740, 0.040466]
BEFORE initial_guess_[0].uk: [-0.265782, 0.032691, -0.178981, 0.038816, 0.001087, -0.005403, -0.438705, 0.035632]
Initialization finished.
Allocations finished.
Setup successful.
Solver is ready.
Starting solver...
Solver initialization verified.
Solver finished.
===== SQP Iteration: 0 =====
step_ (179 x 1): 
-4.21873e-09  8.20961e-11 -4.72936e-09 -6.47941e-08 -1.96013e-08 -1.45316e-08 -3.78867e-08 -7.27987e-09  8.60672e-06  2.97341e-06 -1.22293e-05 -1.42354e-06 -1.14361e-05  -4.9703e-06  1.34037e-05  8.77372e-06  1.50041e-07  3.36589e-05  5.84522e-06 -2.46486e-05 -2.91203e-06 -2.30376e-05 -9.92113e-06  2.66882e-05  1.74641e-05  5.55885e-07  5.77848e-05  8.52353e-06 -3.71057e-05 -4.56779e-06 -3.48417e-05 -1.49049e-05  3.98581e-05  2.60732e-05  1.20468e-06  8.13853e-05  1.09728e-05 -4.95194e-05 -6.43617e-06 -4.67948e-05 -1.99405e-05  5.29478e-05  3.46268e-05  2.09564e-06  0.000105108  1.32153e-05 -6.18379e-05 -8.50465e-06  -5.8836e-05 -2.50279e-05  6.59939e-05  4.31517e-05   3.2356e-06  0.000130008  1.53502e-05 -7.40315e-05 -1.06843e-05 -7.08983e-05  -3.0141e-05   7.9032e-05  5.16794e-05  4.64332e-06  0.000157536  1.75793e-05 -8.61072e-05 -1.27846e-05 -8.29046e-05 -3.52146e-05  9.21004e-05  6.02473e-05  6.35381e-06  0.000189417  2.02049e-05 -9.81235e-05 -1.45161e-05 -9.47594e-05 -4.01455e-05  0.000105243  6.88997e-05  8.41717e-06  0.000226619 -0.000882682  7.50209e-05 -0.000623034  2.61011e-05 -3.75801e-05  0.000107341  -0.00143346  0.000970538  0.000318224 -0.000878056  6.27053e-05 -0.000622853   1.4923e-05 -4.18346e-05    0.0001208  -0.00142444  0.000973706  0.000316515  0.000397053  -0.00097167 -0.000188404  -0.00160786 -0.000547783   0.00192736  0.000981321  0.000318066  0.000382862 -0.000979566 -0.000197864  -0.00164378 -0.000548657   0.00190761  0.000969215  0.000296046  0.000356918 -0.000980813 -0.000220328  -0.00167255 -0.000553226   0.00189225  0.000958965    0.0002938  0.000326295 -0.000976404 -0.000248753  -0.00169375 -0.000559569   0.00188142   0.00095113  0.000312858  0.000298716 -0.000967683 -0.000275462  -0.00170685 -0.000565572   0.00187517  0.000946327  0.000356626  0.000284395 -0.000956669 -0.000290295  -0.00171087 -0.000568331   0.00187376  0.000945319  0.000431621  0.000296956 -0.000946303 -0.000279711  -0.00170417 -0.000563856   0.00187776   0.00094906  0.000541741  0.000349619 -0.000940633 -0.000230572  -0.00168421 -0.000548271   0.00188828  0.000958687  0.000674101  0.000441944 -0.000944982 -0.000143387  -0.00164738 -0.000521997   0.00190716   0.00097547  0.000858817   0.00061637 -0.000964841  2.41821e-05  -0.00159023 -0.000472318   0.00193565   0.00100033 -5.61746e-05
========================================
primal_step_norm SUCCESS
SOLVED , sqp_iter_: 0
AFTER initial_guess_[0].uk: [-0.264919, 0.030578, -0.179391, 0.035319, -0.000343, -0.000373, -0.436144, 0.037222]
BEFORE initial_guess_[0].uk: [-0.264869, 0.030609, -0.179354, 0.035409, -0.000331, -0.000312, -0.436107, 0.032964]
Initialization finished.
Allocations finished.
Setup successful.
Solver is ready.
Starting solver...
Solver initialization verified.
Solver finished.
===== SQP Iteration: 0 =====
step_ (179 x 1): 
-1.01846e-10 -9.53674e-10 -2.44378e-11  1.41929e-10 -2.24702e-10  2.78792e-10 -1.17109e-09 -6.41658e-11  9.61081e-08 -3.07862e-06  4.86679e-05 -3.73497e-06  4.34903e-05  1.66637e-05  -3.9167e-05 -2.96894e-05 -1.55306e-07 -9.10695e-06 -6.30714e-06  9.73386e-05 -7.58434e-06  8.64918e-05  3.32933e-05 -7.86292e-05 -5.97222e-05  -1.5857e-07 -9.29084e-07 -9.64891e-06   0.00014656 -1.15197e-05   0.00012896  4.99707e-05 -0.000118492 -9.01009e-05   -8.307e-08  7.77523e-06 -1.30803e-05  0.000196484 -1.55273e-05  0.000170888  6.67207e-05  -0.00015878  -0.00012084   8.2958e-08  1.83732e-05 -1.65846e-05  0.000247025 -1.96009e-05  0.000212408  8.35405e-05 -0.000199404 -0.000151853  3.66435e-07  3.24407e-05 -2.01658e-05  0.000297771 -2.37562e-05  0.000253838  0.000100386 -0.000240119 -0.000182919  8.10324e-07  5.15786e-05 -2.36496e-05   0.00034848 -2.78293e-05  0.000295388  0.000117287 -0.000280768 -0.000213886   1.4719e-06  7.73723e-05 -2.67204e-05  0.000399021 -3.15162e-05  0.000337196  0.000134344 -0.000321259 -0.000244666  2.42105e-06  0.000110444 -0.000930632  0.000622203 -0.000641767  0.000500631  0.000154665 -0.000359252  -0.00177735  0.000966549  0.000197399 -0.000931599  0.000671723 -0.000643446   0.00054333  0.000172442 -0.000399306  -0.00180763  0.000968516   0.00019595 -0.000411523   0.00389763  -0.00049918    0.0061406   0.00184464  -0.00562833  -0.00331001  0.000363375 -0.000430213   0.00391582 -0.000512991   0.00607872   0.00184601  -0.00567226  -0.00333736  0.000342659  -0.00044519   0.00395942 -0.000524335   0.00600354   0.00185192  -0.00573051  -0.00337393  0.000336744 -0.000457086    0.0040154 -0.000533909   0.00592801   0.00186023  -0.00579183  -0.00341217  0.000353651 -0.000466792   0.00406445 -0.000542695   0.00587137   0.00186793  -0.00583983  -0.00344109  0.000399977 -0.000477061   0.00408039 -0.000553585   0.00585967   0.00187062  -0.00585268  -0.00344618  0.000478279 -0.000463926   0.00407666 -0.000542638   0.00587801   0.00187695   -0.0058431  -0.00343551  0.000585737 -0.000408826   0.00406213 -0.000491323    0.0059159   0.00189357  -0.00582061  -0.00341542  0.000705464 -0.000310634   0.00404133 -0.000398502    0.0059671    0.0019215  -0.00579157  -0.00339017  0.000866521 -0.000128903   0.00401352 -0.000223787   0.00603045   0.00197338  -0.00575868  -0.00336136 -2.89416e-05
========================================
primal_step_norm SUCCESS
SOLVED , sqp_iter_: 0
AFTER initial_guess_[0].uk: [-0.265764, 0.039086, -0.180440, 0.048765, 0.004483, -0.015002, -0.444746, 0.034780]
BEFORE initial_guess_[0].uk: [-0.265646, 0.039170, -0.180335, 0.048795, 0.004533, -0.015005, -0.444747, 0.030947]
Initialization finished.
Allocations finished.
Setup successful.
Solver is ready.
Starting solver...
Solver initialization verified.
Solver finished.
===== SQP Iteration: 0 =====
step_ (179 x 1): 
-9.01742e-10 -5.05574e-09 -5.36375e-10  1.46251e-09 -4.05892e-09  3.06478e-09 -1.54505e-08 -1.14279e-09  8.86711e-07  -1.2117e-05 -1.40704e-05  1.48625e-05 -1.46521e-05 -5.61786e-06  1.47961e-05  1.04902e-05  6.94944e-08  1.47278e-05 -2.45581e-05 -2.87514e-05   2.9432e-05 -2.92277e-05 -1.14075e-05  2.97404e-05  2.11199e-05  2.92959e-07  3.10606e-05 -3.72705e-05 -4.40711e-05  4.37495e-05 -4.36203e-05 -1.73755e-05   4.4916e-05  3.19461e-05  6.86576e-07  4.87268e-05 -5.02006e-05 -5.98637e-05  5.78572e-05 -5.78422e-05 -2.35033e-05  6.03042e-05  4.29527e-05  1.26053e-06  6.70227e-05 -6.32072e-05 -7.56911e-05  7.18857e-05 -7.20704e-05 -2.97096e-05  7.57442e-05  5.40059e-05  2.02303e-06  8.63018e-05 -7.61743e-05 -9.13392e-05  8.59417e-05 -8.63581e-05 -3.59343e-05  9.11711e-05  6.50556e-05  2.99108e-06  0.000108028 -8.89218e-05 -0.000106767  0.000100194 -0.000100665 -4.21031e-05  0.000106589  7.61192e-05   4.1994e-06  0.000134222 -0.000101169 -0.000122064  0.000114913 -0.000114882 -4.81097e-05  0.000122048  8.72581e-05  5.70011e-06   0.00016642  -0.00101516  8.54297e-05 -0.000478551  3.50224e-05 -3.30596e-05  9.98619e-05  -0.00143387  0.000972341  0.000249509  -0.00102518  6.98013e-05 -0.000461702  2.14481e-05 -3.83083e-05  0.000115638  -0.00142234  0.000974826  0.000247444  -0.00161391  -0.00114009   0.00197994  -0.00206954 -0.000622858   0.00212663   0.00116747  0.000261777  -0.00165721  -0.00118994   0.00194082  -0.00205848 -0.000642473   0.00214835   0.00118125  0.000306944  -0.00169338  -0.00124171   0.00190721  -0.00203265 -0.000662414   0.00218169   0.00120267  0.000332865  -0.00172238  -0.00127991   0.00187926  -0.00200853 -0.000680233   0.00221226   0.00122227  0.000346909   -0.0017326  -0.00128265   0.00186871  -0.00200948 -0.000688995   0.00221976   0.00122699  0.000368603  -0.00172737  -0.00126805   0.00187222  -0.00201789  -0.00069108   0.00221789    0.0012262  0.000419736  -0.00169811  -0.00125024   0.00189839  -0.00202049   -0.0006848   0.00221665   0.00122736  0.000512198  -0.00163148  -0.00123975   0.00196049  -0.00200788 -0.000666802   0.00222273   0.00123561  0.000634893  -0.00152478  -0.00124399   0.00206123  -0.00197405 -0.000637019   0.00223993   0.00125335  0.000812284  -0.00133433  -0.00126697   0.00224424   -0.0019168 -0.000582668   0.00226858   0.00127995 -4.40894e-05
========================================
primal_step_norm SUCCESS
SOLVED , sqp_iter_: 0
AFTER initial_guess_[0].uk: [-0.269156, 0.036690, -0.176028, 0.044294, 0.002907, -0.009455, -0.441700, 0.032256]
BEFORE initial_guess_[0].uk: [-0.268990, 0.036716, -0.175876, 0.044378, 0.002962, -0.009400, -0.441658, 0.029067]
Initialization finished.
Allocations finished.
Setup successful.
Solver is ready.
Starting solver...
Solver initialization verified.
Solver finished.
===== SQP Iteration: 0 =====
step_ (179 x 1): 
-7.20897e-10 -2.76392e-09 -5.57106e-10  1.36624e-09  -3.5976e-09  1.93878e-09   -1.127e-08 -8.10821e-10  8.23526e-07 -1.98843e-06 -1.43853e-05  4.72045e-06 -1.27925e-05 -5.47977e-06  1.44103e-05  1.10078e-05   2.6084e-08  7.72519e-06 -4.33051e-06 -2.88162e-05   9.1256e-06 -2.58369e-05 -1.10673e-05  2.86815e-05  2.18588e-05  1.60892e-07  1.91023e-05 -6.88746e-06 -4.32013e-05  1.33424e-05 -3.91014e-05  -1.6707e-05  4.28216e-05  3.25876e-05  4.18204e-07  3.22947e-05 -9.58947e-06 -5.74754e-05  1.74296e-05 -5.25444e-05 -2.23757e-05  5.68507e-05  4.32187e-05  8.14575e-07  4.69598e-05 -1.23808e-05 -7.15988e-05  2.14312e-05  -6.6113e-05 -2.80573e-05  7.07958e-05  5.37858e-05  1.36741e-06  6.36172e-05 -1.51574e-05 -8.55637e-05  2.54402e-05 -7.97414e-05 -3.37198e-05  8.46925e-05  6.43325e-05  2.10319e-06  8.35547e-05 -1.77133e-05 -9.94015e-05   2.9651e-05 -9.33483e-05 -3.92959e-05  9.85844e-05  7.49133e-05  3.06309e-06  0.000108483 -1.97359e-05 -0.000113191  3.43641e-05 -0.000106833 -4.46803e-05  0.000112525  8.55943e-05  4.30232e-06  0.000139475 -0.000933478  8.01426e-05 -0.000552213  3.02403e-05 -3.42323e-05  0.000104593  -0.00142444  0.000973151   0.00021913 -0.000933173  6.59929e-05 -0.000545271  1.73913e-05 -3.88108e-05   0.00011883  -0.00141335  0.000975334  0.000217395    -0.000265  -0.00116623   0.00062878  -0.00180677 -0.000608612   0.00207235    0.0012197  0.000179842 -0.000311981  -0.00116971  0.000586836  -0.00184234 -0.000620141   0.00205185   0.00120459  0.000230291 -0.000340615  -0.00116612  0.000561742   -0.0018734 -0.000625964   0.00203303   0.00119121  0.000264949  -0.00035993  -0.00115716  0.000544484  -0.00189857 -0.000629177   0.00201702   0.00118049    0.0002937 -0.000371848  -0.00114494  0.000533133  -0.00191634 -0.000630641   0.00200494   0.00117344  0.000332591 -0.000369877  -0.00113202  0.000534151  -0.00192486 -0.000628574   0.00199791   0.00117118  0.000397503 -0.000340514  -0.00112159  0.000560986   -0.0019219 -0.000619001   0.00199716   0.00117488  0.000496789   -0.0002695  -0.00111755  0.000627831  -0.00190467 -0.000597733   0.00200411   0.00118573  0.000617809 -0.000157112  -0.00112473  0.000734385  -0.00186965 -0.000565192   0.00202061   0.00120493  0.000788266  4.06638e-05  -0.00114708  0.000924549  -0.00181451 -0.000508288   0.00204704   0.00123123 -3.71084e-05
========================================
primal_step_norm SUCCESS
SOLVED , sqp_iter_: 0
AFTER initial_guess_[0].uk: [-0.269566, 0.034180, -0.174509, 0.040448, 0.001374, -0.003991, -0.438474, 0.029966]
BEFORE initial_guess_[0].uk: [-0.269344, 0.034206, -0.174301, 0.040527, 0.001451, -0.003942, -0.438433, 0.027250]
Initialization finished.
Allocations finished.
Setup successful.
Solver is ready.
Starting solver...
Solver initialization verified.
Solver finished.
===== SQP Iteration: 0 =====
step_ (179 x 1): 
 -5.8948e-10 -3.29547e-09 -3.73996e-10  1.36986e-09 -3.05813e-09  1.87946e-09 -1.02941e-08 -9.92428e-10  7.87928e-07 -2.16128e-06 -1.36087e-05  5.01477e-06 -1.20134e-05 -5.16575e-06  1.34969e-05  1.07811e-05  1.10453e-08  4.79802e-06 -4.76694e-06 -2.72478e-05  9.62421e-06 -2.42719e-05 -1.04759e-05  2.68577e-05   2.1411e-05  1.05692e-07  1.42171e-05 -7.61126e-06 -4.08273e-05  1.40223e-05 -3.67515e-05 -1.58501e-05  4.00845e-05  3.19152e-05  3.06316e-07   2.6029e-05 -1.05918e-05 -5.42834e-05     1.83e-05 -4.94143e-05 -2.12518e-05  5.31923e-05  4.23186e-05  6.33421e-07  3.95487e-05 -1.36406e-05 -6.75807e-05  2.25138e-05 -6.22094e-05 -2.66598e-05  6.62056e-05  5.26545e-05  1.10572e-06  5.50864e-05 -1.66495e-05 -8.07156e-05  2.67598e-05 -7.50724e-05   -3.204e-05  7.91585e-05  6.29672e-05  1.74976e-06  7.38535e-05 -1.94085e-05  -9.3721e-05  3.12362e-05 -8.79235e-05  -3.7322e-05  9.20925e-05  7.33113e-05  2.60605e-06  9.75644e-05 -2.15978e-05 -0.000106673  3.62501e-05 -0.000100665 -4.23957e-05  0.000105059    8.375e-05  3.73023e-06  0.000127306 -0.000935153  7.33591e-05 -0.000543039  2.42844e-05 -3.61942e-05   0.00011037  -0.00141545  0.000974634  0.000203758 -0.000934914  6.00668e-05 -0.000535699  1.21459e-05 -4.04188e-05  0.000123596   -0.0014046  0.000976663  0.000202151 -0.000287958   -0.0011028  0.000667966  -0.00169661 -0.000573664   0.00194073   0.00119555  0.000117166 -0.000347071  -0.00110539  0.000614038  -0.00173126  -0.00058937   0.00192094   0.00118015  0.000189209 -0.000378865  -0.00110064  0.000585871  -0.00176243 -0.000596512    0.0019017   0.00116633  0.000235959 -0.000396968  -0.00109066  0.000569863  -0.00178829 -0.000599594   0.00188458   0.00115513  0.000269444 -0.000406081  -0.00107777  0.000561313    -0.001807 -0.000600326   0.00187102   0.00114765    0.0003091 -0.000400762  -0.00106455  0.000565634  -0.00181662 -0.000597237   0.00186228   0.00114502  0.000373382 -0.000367484    -0.001054  0.000596301  -0.00181499 -0.000586332   0.00185957   0.00114839  0.000471963  -0.00029153  -0.00104964  0.000667969  -0.00179959 -0.000563261   0.00186416   0.00115887  0.000592503 -0.000172797  -0.00105575  0.000780717  -0.00176725 -0.000528305   0.00187765   0.00117752   0.00076182  3.19013e-05   -0.0010776  0.000977625  -0.00171411 -0.000468985   0.00190175   0.00120348 -3.46075e-05
========================================
primal_step_norm SUCCESS
SOLVED , sqp_iter_: 0
AFTER initial_guess_[0].uk: [-0.269970, 0.031807, -0.172848, 0.036837, -0.000047, 0.001123, -0.435312, 0.027836]
BEFORE initial_guess_[0].uk: [-0.269695, 0.031834, -0.172588, 0.036909, 0.000051, 0.001163, -0.435272, 0.025554]
Initialization finished.
Allocations finished.
Setup successful.
Solver is ready.
Starting solver...
Solver initialization verified.
Solver finished.
===== SQP Iteration: 0 =====
step_ (179 x 1): 
-4.56784e-09 -3.84694e-08 -3.88898e-09  9.82678e-08 -3.30199e-08  4.92952e-08 -5.36741e-08 -6.94626e-09  9.51343e-06 -1.58607e-07  5.94207e-05 -7.61938e-06  5.14208e-05  1.99418e-05 -4.91188e-05 -3.28868e-05  4.99384e-08  1.48775e-05 -8.41375e-07  0.000119113 -1.57213e-05  0.000102382  3.97713e-05  -9.8487e-05 -6.58655e-05   2.1122e-07  2.71918e-05 -1.78292e-06  0.000179155 -2.40507e-05  0.000152973  5.95792e-05 -0.000148076 -9.89179e-05  5.17561e-07  4.31443e-05 -2.86996e-06  0.000239484  -3.2508e-05  0.000203293  7.94039e-05 -0.000197813 -0.000131919  1.00199e-06  6.17331e-05 -4.13036e-06   0.00029974 -4.11337e-05  0.000253618  9.91973e-05 -0.000247482 -0.000164639  1.69066e-06  8.28084e-05 -5.46546e-06  0.000359739 -4.98418e-05  0.000304119  0.000118973 -0.000296958 -0.000196957  2.61148e-06  0.000106964 -6.62923e-06   0.00041941 -5.83988e-05   0.00035489  0.000138806 -0.000346189 -0.000228841  3.80039e-06  0.000135249 -7.24628e-06   0.00047875 -6.64417e-05  0.000405981  0.000158823 -0.000395168 -0.000260316  5.30097e-06  0.000168228 -0.000918961  0.000717526 -0.000651421  0.000582755  0.000185891 -0.000438432   -0.0017904  0.000978641  0.000244372 -0.000917067  0.000776144 -0.000657062  0.000634631  0.000206773 -0.000486942  -0.00182122  0.000981078  0.000243811 -2.02816e-05   0.00480577  -0.00101422   0.00724451    0.0022194  -0.00707098  -0.00364251  -4.4731e-05 -9.07647e-05   0.00481609  -0.00107913   0.00719827   0.00220287  -0.00709827  -0.00365746  5.78761e-05 -0.000125343   0.00483989  -0.00110972   0.00714833   0.00219963  -0.00712948  -0.00366714  0.000137208 -0.000145269   0.00486006  -0.00112729   0.00711205   0.00220071  -0.00715023  -0.00366325  0.000204858 -0.000168639   0.00485141  -0.00115001   0.00711493   0.00219715  -0.00713972   -0.0036338  0.000274884 -0.000178619   0.00482828  -0.00116102   0.00714157   0.00219515  -0.00711163  -0.00359088  0.000359493 -0.000155713   0.00480018   -0.0011408   0.00718138   0.00220146  -0.00707611  -0.00354391  0.000466322 -8.27882e-05   0.00477219  -0.00107227   0.00722812   0.00222193  -0.00703991  -0.00349918  0.000584766   3.9922e-05   0.00474538 -0.000955674   0.00727967   0.00225686  -0.00700652  -0.00345944  0.000744317  0.000251417    0.0047153  -0.00075212   0.00733939   0.00231787  -0.00697518  -0.00342487 -3.42532e-05
========================================
primal_step_norm SUCCESS
SOLVED , sqp_iter_: 0
AFTER initial_guess_[0].uk: [-0.269739, 0.042287, -0.174794, 0.052665, 0.005843, -0.017292, -0.444779, 0.025330]
BEFORE initial_guess_[0].uk: [-0.269415, 0.042344, -0.174485, 0.052700, 0.005968, -0.017287, -0.444739, 0.023505]
Initialization finished.
Allocations finished.
Setup successful.
Solver is ready.
Starting solver...
Solver initialization verified.
Solver finished.
===== SQP Iteration: 0 =====
step_ (179 x 1): 
-7.80943e-10 -4.51734e-09   -5.787e-10  2.00409e-09 -3.84281e-09  2.24776e-09 -1.23001e-08 -9.44749e-10  8.14713e-07 -9.95523e-06  -1.7087e-05  1.41581e-05 -1.54168e-05 -6.09647e-06  1.59407e-05  1.39472e-05 -2.50592e-07 -2.40966e-05 -2.05644e-05 -3.44476e-05  2.77006e-05 -3.07236e-05 -1.25308e-05  3.19824e-05  2.76551e-05 -4.47469e-07 -2.41722e-05 -3.14796e-05  -5.2053e-05  4.09629e-05 -4.60654e-05 -1.91229e-05  4.80281e-05  4.11549e-05 -6.34833e-07 -2.10649e-05  -4.2426e-05 -6.94942e-05  5.42081e-05 -6.16154e-05 -2.57442e-05  6.39182e-05  5.42977e-05  -7.8665e-07 -1.58344e-05 -5.32918e-05  -8.6586e-05  6.75362e-05 -7.74188e-05 -3.23425e-05  7.95978e-05  6.70553e-05 -8.79616e-07 -8.12319e-06 -6.39857e-05 -0.000103306  8.10258e-05 -9.34267e-05 -3.88812e-05  9.50873e-05  7.94994e-05 -8.80973e-07  3.68425e-06 -7.43342e-05  -0.00011975   9.4838e-05 -0.000109527 -4.52977e-05  0.000110456  9.17668e-05 -7.39428e-07   2.1605e-05 -8.40438e-05 -0.000136082  0.000109253 -0.000125569 -5.14896e-05  0.000125799  0.000104029 -3.87699e-07  4.70664e-05  -0.00100292  8.58918e-05 -0.000458868  3.58035e-05 -2.97288e-05  9.81803e-05  -0.00141334  0.000974167  0.000118156  -0.00101003  6.96081e-05 -0.000441962  2.02633e-05 -3.50183e-05  0.000113772  -0.00140063  0.000975343  0.000116984  -0.00132721  -0.00135254   0.00188513  -0.00216073  -0.00068424    0.0023014   0.00153559  8.43242e-05  -0.00141314  -0.00138075   0.00180433  -0.00216516 -0.000714834   0.00230614   0.00152056  0.000177818  -0.00145344  -0.00139751   0.00176747    -0.002172 -0.000731757   0.00230625   0.00149926  0.000224885  -0.00145737  -0.00138148   0.00176542  -0.00220346 -0.000734923   0.00228328    0.0014613  0.000245629  -0.00144663  -0.00135081   0.00177645  -0.00224123 -0.000732352   0.00225248   0.00142009  0.000271826  -0.00142388  -0.00131897   0.00179784  -0.00227192 -0.000725731   0.00222485   0.00138619  0.000328863  -0.00137794  -0.00129536   0.00184072  -0.00228645 -0.000712172   0.00220755   0.00136687  0.000427181  -0.00129288    -0.001286   0.00192095  -0.00227941 -0.000687202   0.00220445   0.00136561  0.000551905  -0.00116441  -0.00129418   0.00204288  -0.00224842 -0.000650018   0.00221666   0.00138163  0.000722955  -0.00094714   -0.0013201   0.00225186  -0.00219457 -0.000587182   0.00224187   0.00140961 -2.58832e-05
========================================
primal_step_norm SUCCESS
SOLVED , sqp_iter_: 0
AFTER initial_guess_[0].uk: [-0.272302, 0.039402, -0.170385, 0.048000, 0.004182, -0.011280, -0.440731, 0.023927]
BEFORE initial_guess_[0].uk: [-0.271942, 0.039420, -0.170042, 0.048069, 0.004311, -0.011242, -0.440683, 0.022449]
Initialization finished.
Allocations finished.
Setup successful.
Solver is ready.
Starting solver...
Solver initialization verified.
Solver finished.
===== SQP Iteration: 0 =====
step_ (179 x 1): 
-7.56349e-10 -3.24005e-09 -6.61088e-10  1.72964e-09 -3.68976e-09  1.78086e-09 -1.00868e-08 -7.93333e-10  8.52251e-07 -7.80589e-07 -1.63936e-05   4.5448e-06 -1.42418e-05 -5.81044e-06   1.5095e-05  1.25821e-05 -2.66089e-08 -2.96081e-06 -2.23109e-06 -3.27768e-05  8.46285e-06 -2.87118e-05 -1.18521e-05  3.00672e-05   2.4984e-05 -3.59288e-08   1.1498e-06 -3.98111e-06 -4.90637e-05  1.21111e-05 -4.34003e-05 -1.79846e-05  4.49057e-05  3.72313e-05  1.50091e-08  9.10049e-06 -5.84292e-06  -6.5199e-05   1.5665e-05 -5.82799e-05 -2.41399e-05  5.96149e-05   4.9351e-05  1.57113e-07  1.94257e-05 -7.71341e-06 -8.11597e-05  1.92152e-05  -7.3307e-05 -3.02834e-05  7.42133e-05  6.13818e-05  4.13401e-07  3.19382e-05 -9.46859e-06 -9.69572e-05  2.28729e-05 -8.84202e-05 -3.63743e-05  8.87314e-05  7.33772e-05  8.11104e-07  4.77436e-05 -1.08856e-05 -0.000112641  2.68481e-05  -0.00010354 -4.23364e-05  0.000103212   8.5402e-05  1.39157e-06  6.84892e-05 -1.16279e-05 -0.000128306  3.14623e-05 -0.000118563 -4.80541e-05  0.000117709  9.75324e-05  2.21013e-06   9.5229e-05 -0.000928603  7.75555e-05 -0.000529514  2.83899e-05 -3.10886e-05  0.000104848  -0.00140726  0.000978417  0.000163699 -0.000926662  6.14545e-05 -0.000522327  1.39527e-05 -3.58655e-05  0.000119587  -0.00139469  0.000980047  0.000162409 -0.000103991  -0.00132882  0.000605475  -0.00201131  -0.00064524   0.00217048   0.00139515 -4.09201e-05 -0.000193153  -0.00132796  0.000522022  -0.00204366 -0.000670647   0.00215258    0.0013768  8.18524e-05 -0.000233071  -0.00132023  0.000486088  -0.00207444 -0.000680735   0.00213335   0.00135985   0.00015806 -0.000247978    -0.001308  0.000473491  -0.00210142 -0.000683274   0.00211479   0.00134572   0.00020448 -0.000249138  -0.00129382  0.000472987  -0.00212225 -0.000681962   0.00209883   0.00133591   0.00024816 -0.000233799  -0.00128053  0.000487296  -0.00213448 -0.000676123   0.00208726   0.00133189   0.00031323 -0.000188753  -0.00127127  0.000529559  -0.00213541 -0.000661844   0.00208179   0.00133507  0.000411914  -9.8907e-05  -0.00126966  0.000614791  -0.00212195 -0.000634687   0.00208419    0.0013467  0.000531852   3.5597e-05  -0.00128001   0.00074282  -0.00209045 -0.000595091   0.00209654   0.00136783  0.000696745   0.00025854  -0.00130535  0.000957311  -0.00203881  -0.00053029   0.00211908   0.00139521  -2.8343e-05
========================================
primal_step_norm SUCCESS
SOLVED , sqp_iter_: 0
AFTER initial_guess_[0].uk: [-0.272168, 0.036530, -0.168725, 0.043695, 0.002627, -0.005577, -0.437041, 0.022244]
BEFORE initial_guess_[0].uk: [-0.271762, 0.036548, -0.168335, 0.043757, 0.002774, -0.005548, -0.436996, 0.021114]
Initialization finished.
Allocations finished.
Setup successful.
Solver is ready.
Starting solver...
Solver initialization verified.
Solver finished.
===== SQP Iteration: 0 =====
step_ (179 x 1): 
-2.72925e-09 -3.63151e-09 -2.05332e-09  1.68357e-09 -9.41898e-10  1.70978e-09 -8.60181e-09 -1.09304e-09  8.38524e-07 -1.66889e-06 -1.55378e-05   5.5346e-06  -1.3512e-05 -5.50447e-06  1.41009e-05  1.22848e-05 -4.04529e-08 -5.38821e-06 -4.08949e-06 -3.10717e-05  1.03614e-05 -2.72326e-05 -1.12731e-05  2.80993e-05  2.44054e-05 -8.16565e-08 -2.73284e-06 -6.83736e-06 -4.65243e-05  1.48913e-05 -4.11542e-05 -1.71408e-05  4.19804e-05  3.63888e-05 -7.47093e-08  4.28483e-06 -9.69566e-06 -6.18445e-05  1.93283e-05 -5.52525e-05 -2.30274e-05  5.57448e-05  4.82615e-05  1.52045e-08  1.38693e-05 -1.25475e-05  -7.7011e-05  2.37765e-05 -6.94882e-05 -2.88927e-05  6.94061e-05  6.00622e-05  2.12152e-07  2.57272e-05 -1.52619e-05  -9.2033e-05  2.83541e-05 -8.38051e-05 -3.46932e-05   8.2989e-05  7.18394e-05  5.43721e-07  4.08079e-05  -1.7609e-05 -0.000106955  3.32775e-05 -9.81299e-05 -4.03502e-05  9.65293e-05  8.36549e-05  1.05006e-06   6.0769e-05 -1.92446e-05 -0.000121861  3.88756e-05 -0.000112368 -4.57448e-05  0.000110074  9.55803e-05  1.78483e-06  8.66705e-05 -0.000935131   6.8664e-05 -0.000513891  2.09165e-05 -3.32135e-05  0.000110981  -0.00139686   0.00097953  0.000152741 -0.000934002  5.33359e-05 -0.000505641  7.23341e-06 -3.76304e-05  0.000124731   -0.0013845  0.000981052  0.000151545 -0.000222281  -0.00125906  0.000737264  -0.00190827 -0.000611602   0.00202752   0.00136252 -8.69266e-05 -0.000322371  -0.00125901  0.000643018  -0.00193776 -0.000640337   0.00201259   0.00134563  5.31964e-05 -0.000366002   -0.0012525   0.00060344   -0.0019661 -0.000651328   0.00199575   0.00133046  0.000139691 -0.000380732  -0.00124181  0.000591037  -0.00199106 -0.000653443     0.001979   0.00131823  0.000190551 -0.000379898  -0.00122932  0.000592502  -0.00201045 -0.000651088   0.00196416   0.00131017  0.000235147 -0.000361597  -0.00121757  0.000609713  -0.00202196 -0.000643895   0.00195289   0.00130755  0.000299508 -0.000312713  -0.00120939  0.000655721  -0.00202311 -0.000627998   0.00194674    0.0013116   0.00039687 -0.000218056  -0.00120809  0.000745642  -0.00201097 -0.000598905   0.00194738   0.00132351  0.000515106 -7.79212e-05   -0.0012177  0.000879157  -0.00198198 -0.000557039   0.00195685   0.00134437  0.000677217   0.00015035  -0.00124275    0.0010988   -0.0019323 -0.000490317   0.00197694   0.00137138 -2.63246e-05
========================================
primal_step_norm SUCCESS
SOLVED , sqp_iter_: 0
AFTER initial_guess_[0].uk: [-0.272245, 0.033810, -0.166731, 0.039606, 0.001178, -0.000256, -0.433440, 0.020680]
BEFORE initial_guess_[0].uk: [-0.271796, 0.033829, -0.166299, 0.039662, 0.001341, -0.000237, -0.433395, 0.019877]
Initialization finished.
Allocations finished.
Setup successful.
Solver is ready.
Starting solver...
Solver initialization verified.
Solver finished.
===== SQP Iteration: 0 =====
step_ (179 x 1): 
-1.39671e-08 -1.02709e-07 -1.18628e-08  8.29663e-08 -6.25352e-09  4.00775e-08 -4.75718e-08 -5.46125e-09  8.74865e-06   6.7546e-07  5.37591e-05 -6.61069e-06  4.66327e-05  1.73405e-05 -4.53392e-05 -2.38063e-05 -3.18441e-09  3.89994e-06  5.37414e-07  0.000107853 -1.39892e-05  9.28773e-05  3.44301e-05  -9.0869e-05 -4.76717e-05  2.05925e-08  9.86306e-06  4.97384e-08  0.000162281 -2.16848e-05  0.000138793   5.1466e-05 -0.000136588 -7.15292e-05  1.36921e-07  2.17846e-05  -5.7518e-07  0.000216979 -2.94991e-05   0.00018446  6.85311e-05 -0.000182441 -9.52208e-05  3.95887e-07  3.74621e-05 -1.32013e-06  0.000271593 -3.74293e-05  0.000230136  8.56047e-05 -0.000228232   -0.0001185  8.31036e-07  5.59764e-05 -2.06002e-06  0.000325937 -4.53641e-05  0.000275973  0.000102711 -0.000273853 -0.000141254   1.4723e-06  7.75054e-05 -2.52149e-06  0.000379936 -5.30438e-05  0.000322057  0.000119931 -0.000319259  -0.00016347  2.35401e-06  0.000102938 -2.29727e-06  0.000433578 -6.00754e-05  0.000368433  0.000137401 -0.000364451   -0.0001852  3.51601e-06  0.000132724 -0.000915162  0.000677082 -0.000617193  0.000548774  0.000168388 -0.000408396  -0.00169872  0.000983242  0.000199412 -0.000912097   0.00072996 -0.000621503  0.000595872  0.000186858 -0.000453194  -0.00171971  0.000985232  0.000199296  9.25294e-05    0.0043562 -0.000878357   0.00657295   0.00192598   -0.0065255  -0.00263524 -0.000228141 -1.75589e-05   0.00436851 -0.000982258   0.00653286   0.00189746  -0.00654683  -0.00264593 -5.14718e-05 -6.47641e-05   0.00439276  -0.00102513    0.0064875    0.0018913  -0.00657399  -0.00264623  7.26906e-05 -8.35342e-05   0.00441242  -0.00104143   0.00645381   0.00189438  -0.00659286   -0.0026292  0.000160187 -9.97885e-05   0.00440346  -0.00105714   0.00645645   0.00189522  -0.00658323  -0.00258499  0.000234265 -9.91453e-05   0.00437971  -0.00105779   0.00648081   0.00189879  -0.00655805  -0.00252808  0.000315198 -6.20123e-05   0.00435041  -0.00102379   0.00651699    0.0019115  -0.00652679  -0.00246949  0.000415234  2.92304e-05   0.00432054 -0.000937522   0.00655947   0.00193916  -0.00649554  -0.00241621  0.000525276  0.000173469    0.0042911  -0.00080011   0.00660685   0.00198177  -0.00646707  -0.00237063  0.000671836  0.000407647   0.00425809 -0.000574738    0.0066628   0.00205022  -0.00644019   -0.0023335 -2.48334e-05
========================================
primal_step_norm SUCCESS
SOLVED , sqp_iter_: 0
AFTER initial_guess_[0].uk: [-0.271594, 0.043304, -0.168209, 0.053958, 0.006368, -0.017268, -0.440273, 0.018736]
BEFORE initial_guess_[0].uk: [-0.271105, 0.043350, -0.167738, 0.053978, 0.006557, -0.017282, -0.440214, 0.018346]
Initialization finished.
Allocations finished.
Setup successful.
Solver is ready.
Starting solver...
Solver initialization verified.
Solver finished.
===== SQP Iteration: 0 =====
step_ (179 x 1): 
-2.55041e-09 -2.43502e-09 -1.78333e-09  1.12458e-09 -9.41105e-10  1.28392e-09 -7.26397e-09 -1.13848e-09  6.49347e-07 -8.41136e-06 -1.87201e-05  1.34317e-05 -1.65837e-05 -6.30976e-06  1.62749e-05  1.53129e-05 -2.77863e-07 -3.14801e-05 -1.77695e-05 -3.77445e-05  2.59641e-05 -3.30767e-05 -1.30214e-05  3.26584e-05  3.02829e-05 -5.83212e-07 -3.79708e-05  -2.7505e-05 -5.69566e-05   3.8149e-05 -4.96038e-05 -1.99276e-05  4.90528e-05  4.49029e-05 -9.35437e-07 -3.98677e-05 -3.72329e-05  -7.5983e-05  5.03583e-05 -6.63425e-05 -2.68659e-05   6.5291e-05  5.90119e-05  -1.2982e-06 -3.89756e-05  -4.6795e-05 -9.46637e-05  6.27373e-05 -8.33437e-05 -3.37658e-05    8.131e-05  7.25961e-05 -1.64361e-06 -3.52717e-05 -5.60821e-05 -0.000112995  7.53811e-05 -0.000100565   -4.058e-05  9.71223e-05  8.57546e-05 -1.93628e-06 -2.72961e-05 -6.49088e-05 -0.000131086  8.84613e-05 -0.000117898 -4.72371e-05  0.000112792   9.8663e-05 -2.12292e-06 -1.29915e-05 -7.29685e-05 -0.000149115   0.00010227 -0.000135198  -5.3624e-05  0.000128409  0.000111529 -2.13423e-06   8.8714e-06 -0.000991026  7.58079e-05 -0.000438289  2.84317e-05 -2.80179e-05   0.00010032  -0.00138865  0.000978334  7.08421e-05 -0.000996187  5.76227e-05 -0.000421702  1.16029e-05 -3.33892e-05  0.000116122  -0.00137535  0.000979038  6.98876e-05  -0.00112417  -0.00150017   0.00178615   -0.0023307  -0.00070196   0.00234791   0.00168748 -0.000106032  -0.00124664  -0.00152349   0.00166955  -0.00233207 -0.000745176    0.0023563   0.00166006  3.79222e-05  -0.00129646  -0.00153655   0.00162368   -0.0023381 -0.000766644   0.00235746   0.00162276  0.000115668  -0.00129524  -0.00151928   0.00162717  -0.00236956 -0.000770124    0.0023343   0.00156759  0.000152461  -0.00127312  -0.00148932   0.00164981  -0.00240823 -0.000765832   0.00230209   0.00151062  0.000187156  -0.00123657   -0.0014596   0.00168506  -0.00244073 -0.000756341   0.00227189   0.00146433  0.000249947  -0.00117527  -0.00143905   0.00174315  -0.00245792 -0.000738871   0.00225105   0.00143694  0.000352808  -0.00107298  -0.00143322   0.00184026  -0.00245419 -0.000708853   0.00224367   0.00143191   0.00048001 -0.000925118  -0.00144499   0.00198099  -0.00242689 -0.000665562   0.00225126   0.00144743  0.000647223 -0.000687497  -0.00147419    0.0022095  -0.00237669 -0.000596262   0.00227194     0.001476 -2.09079e-05
========================================
primal_step_norm SUCCESS
SOLVED , sqp_iter_: 0
AFTER initial_guess_[0].uk: [-0.273550, 0.040087, -0.163853, 0.048909, 0.004725, -0.011154, -0.435810, 0.017816]
BEFORE initial_guess_[0].uk: [-0.273031, 0.040095, -0.163351, 0.048962, 0.004915, -0.011138, -0.435759, 0.017621]
Initialization finished.
Allocations finished.
Setup successful.
Solver is ready.
Starting solver...
Solver initialization verified.
Solver finished.
===== SQP Iteration: 0 =====
step_ (179 x 1): 
 -6.4989e-09  2.52161e-08 -6.33803e-09 -3.96752e-08 -1.43421e-09 -9.50332e-09 -2.05922e-08 -2.56175e-09  4.61356e-06  5.95753e-06 -1.79888e-05 -1.46363e-06 -1.55283e-05 -5.89385e-06  1.53912e-05  1.33503e-05 -3.69681e-08 -4.60701e-06   1.0959e-05 -3.59984e-05 -3.83273e-06    -3.12e-05 -1.21284e-05  3.07049e-05  2.65293e-05 -1.00195e-07 -3.57769e-06  1.55535e-05 -5.38894e-05  -6.5739e-06 -4.70735e-05 -1.84973e-05   4.5899e-05  3.95448e-05 -1.24824e-07  2.78365e-06  2.00316e-05 -7.16182e-05 -9.41072e-06 -6.31335e-05 -2.48937e-05  6.09665e-05  5.24249e-05 -6.90824e-08  1.20581e-05  2.45476e-05 -8.91806e-05 -1.22021e-05 -7.93446e-05 -3.12629e-05  7.59165e-05  6.52127e-05  9.29893e-08  2.35373e-05  2.92544e-05 -0.000106603 -1.48093e-05 -9.56531e-05 -3.75522e-05  9.07707e-05  7.79642e-05  3.87104e-07  3.80295e-05  3.43981e-05 -0.000123946 -1.70008e-05 -0.000111985 -4.36761e-05  0.000105563  9.07485e-05  8.51487e-07  5.71002e-05  4.03383e-05 -0.000141315  -1.8434e-05 -0.000128241 -4.95086e-05  0.000120344  0.000103645  1.53687e-06  8.16881e-05 -0.000868847  6.56981e-05 -0.000557615  1.96919e-05 -2.87001e-05  0.000107233  -0.00138318   0.00098343  0.000142183 -0.000859946   4.7794e-05 -0.000556208  3.98221e-06 -3.34855e-05  0.000122188  -0.00136983  0.000984844  0.000141479  0.000794728  -0.00144556 -0.000193542  -0.00219086 -0.000654124   0.00221266   0.00148459 -0.000238336  0.000666836  -0.00144124 -0.000314877  -0.00221818 -0.000692011   0.00220039   0.00146482  -6.2298e-05  0.000612398  -0.00143129 -0.000364697  -0.00224612 -0.000707004   0.00218427   0.00144634  4.77735e-05  0.000596693  -0.00141819 -0.000377632  -0.00227214 -0.000710114   0.00216667   0.00143079   0.00011231   0.00060166  -0.00140449 -0.000371707  -0.00229359 -0.000707123   0.00214984   0.00141987  0.000164984  0.000627001  -0.00139288 -0.000347256  -0.00230774 -0.000698275   0.00213588   0.00141523  0.000235011  0.000685186  -0.00138627 -0.000291896  -0.00231157  -0.00067987   0.00212684    0.0014184  0.000336868  0.000791192  -0.00138793 -0.000190759  -0.00230167 -0.000647514   0.00212486   0.00143066  0.000458339  0.000944223  -0.00140184 -4.46814e-05  -0.00227399 -0.000601877   0.00213247   0.00145301  0.000618808   0.00118563  -0.00143063  0.000187548  -0.00222602 -0.000531208   0.00215041   0.00148087 -2.62442e-05
========================================
primal_step_norm SUCCESS
SOLVED , sqp_iter_: 0
AFTER initial_guess_[0].uk: [-0.271302, 0.036951, -0.163772, 0.044197, 0.003207, -0.005363, -0.431884, 0.016430]
BEFORE initial_guess_[0].uk: [-0.270747, 0.036959, -0.163236, 0.044243, 0.003410, -0.005356, -0.431836, 0.016488]
Initialization finished.
Allocations finished.
Setup successful.
Solver is ready.
Starting solver...
Solver initialization verified.
Solver finished.
===== SQP Iteration: 0 =====
step_ (179 x 1): 
-2.54415e-09 -5.93841e-09 -2.22591e-09  1.96741e-09 -8.65036e-10  1.33481e-09 -7.17101e-09 -6.37049e-10  6.73442e-07  -8.3015e-06 -1.71416e-05  1.32324e-05 -1.47453e-05 -5.80219e-06  1.43489e-05  1.35733e-05 -1.80644e-07 -2.34642e-05 -1.76256e-05 -3.43694e-05  2.54892e-05 -2.96798e-05 -1.19654e-05  2.86428e-05  2.69473e-05  -4.1961e-07 -2.83567e-05 -2.73579e-05 -5.14894e-05  3.73695e-05 -4.47917e-05 -1.82598e-05  4.28461e-05  4.01742e-05  -6.7905e-07 -2.70706e-05 -3.71789e-05 -6.84676e-05  4.91783e-05 -6.00727e-05 -2.45664e-05  5.69407e-05  5.32831e-05 -9.09877e-07 -2.21101e-05 -4.69201e-05 -8.52989e-05  6.10698e-05 -7.54959e-05 -3.08253e-05  7.09251e-05   6.6316e-05 -1.07936e-06 -1.42831e-05 -5.64237e-05 -0.000102007  7.31881e-05 -9.10163e-05 -3.69819e-05  8.48125e-05  7.93259e-05  -1.1549e-06 -2.84404e-06 -6.54405e-05 -0.000118646  8.57678e-05  -0.00010657   -4.295e-05    9.863e-05  9.23796e-05 -1.09326e-06  1.37273e-05 -7.36113e-05 -0.000135301  9.91528e-05 -0.000122069 -4.86037e-05  0.000112419  0.000105554 -8.38807e-07  3.63657e-05 -0.000987958  5.45395e-05 -0.000423759  1.08809e-05 -3.23793e-05  0.000113254  -0.00136764  0.000982015  9.45222e-05 -0.000993087  3.71197e-05 -0.000407456 -4.06827e-06 -3.69484e-05  0.000127183  -0.00135401  0.000982956  9.38323e-05   -0.0011078  -0.00141864    0.0017607  -0.00208042 -0.000644362   0.00206461   0.00150114 -0.000208887  -0.00124226  -0.00141506   0.00163252  -0.00210482 -0.000684094   0.00205543   0.00148359 -2.01719e-05  -0.00129649  -0.00140636   0.00158251  -0.00213018 -0.000698614   0.00204179   0.00146795  9.55346e-05  -0.00130824   -0.0013949   0.00157306  -0.00215402 -0.000699965   0.00202602   0.00145548  0.000159232  -0.00129764  -0.00138304   0.00158408  -0.00217387  -0.00069467   0.00201027   0.00144749  0.000206472  -0.00126601  -0.00137314   0.00161426  -0.00218717 -0.000683357   0.00199651   0.00144525  0.000268246  -0.00120123  -0.00136777   0.00167567  -0.00219113 -0.000662459   0.00198664   0.00145004  0.000360133  -0.00108854  -0.00136989   0.00178301  -0.00218249  -0.00062761   0.00198273   0.00146306  0.000470403 -0.000929167  -0.00138317   0.00193504  -0.00215733 -0.000579525   0.00198727   0.00148538   0.00061786 -0.000683276  -0.00141179    0.0021715  -0.00211132  -0.00050723   0.00200263   0.00151292 -1.57445e-05
========================================
primal_step_norm SUCCESS
SOLVED , sqp_iter_: 0
AFTER initial_guess_[0].uk: [-0.273157, 0.033874, -0.159407, 0.039718, 0.001729, 0.000032, -0.427918, 0.015443]
BEFORE initial_guess_[0].uk: [-0.272566, 0.033881, -0.158835, 0.039757, 0.001946, 0.000029, -0.427871, 0.015746]
Initialization finished.
Allocations finished.
Setup successful.
Solver is ready.
Starting solver...
Solver initialization verified.
Solver finished.
===== SQP Iteration: 0 =====
step_ (179 x 1): 
-1.00629e-08  -1.8876e-07  -7.7811e-09  9.93294e-08 -4.61985e-09   3.8293e-08 -3.07567e-08 -3.78617e-09  5.59332e-06  1.91218e-06   5.6868e-05 -7.26357e-06  4.75511e-05  1.79863e-05 -4.89103e-05 -2.25029e-05 -5.89912e-08 -8.40503e-06  2.75255e-06     0.000114 -1.55507e-05  9.48641e-05   3.5607e-05 -9.78375e-05 -4.49124e-05 -1.67637e-07 -7.65841e-06  3.12354e-06  0.000171056 -2.42745e-05  0.000142137   5.3095e-05 -0.000146671 -6.69742e-05 -2.22493e-07  1.98094e-06  3.24164e-06  0.000227707 -3.32352e-05   0.00018959  7.05174e-05 -0.000195237 -8.83546e-05  -1.5189e-07  1.68829e-05   3.2649e-06  0.000283813   -4.229e-05  0.000237328  8.79217e-05 -0.000243456 -0.000108891  8.66973e-08  3.49419e-05  3.39052e-06  0.000339351 -5.12563e-05   0.00028539  0.000105371  -0.00029132 -0.000128562  5.22882e-07   5.5701e-05  3.93043e-06  0.000394368 -5.98361e-05  0.000333771   0.00012297 -0.000338866 -0.000147445  1.18662e-06  7.97575e-05  5.31246e-06  0.000448935 -6.76149e-05  0.000382455   0.00014087 -0.000386155  -0.00016568  2.11343e-06  0.000107477 -0.000904556  0.000692601 -0.000595337  0.000564715  0.000176089 -0.000432306  -0.00165636  0.000986624  0.000166861 -0.000900023  0.000746351 -0.000600093  0.000614053  0.000195102  -0.00047923  -0.00167372  0.000988291  0.000166902  0.000256278   0.00461265 -0.000966545   0.00670243   0.00199733   -0.0070377  -0.00249387 -0.000354059  0.000112471   0.00461215  -0.00110369   0.00668508   0.00195631  -0.00703535   -0.0024859 -9.14213e-05  4.95165e-05   0.00460419  -0.00116229   0.00667947   0.00194146  -0.00702277  -0.00244793  8.93301e-05  1.55035e-05   0.00456946  -0.00119417   0.00670554   0.00193407  -0.00698394  -0.00237303  0.000201683  2.69779e-06   0.00452316  -0.00120688   0.00674743     0.001932  -0.00693325   -0.0022802  0.000275545  1.62903e-05   0.00447541   -0.0011951   0.00679456   0.00193694  -0.00688117  -0.00218487  0.000341979  7.14642e-05   0.00443192  -0.00114362   0.00684105   0.00195363  -0.00683459  -0.00209821   0.00042145    0.0001838   0.00439446   -0.0010369   0.00688528   0.00198696  -0.00679696  -0.00202647  0.000509422  0.000350338   0.00436122 -0.000877899   0.00692947   0.00203619  -0.00676835  -0.00197038  0.000630095   0.00060363   0.00432577 -0.000634242   0.00698073   0.00211051  -0.00674483  -0.00192938 -1.39081e-05
========================================
primal_step_norm SUCCESS
SOLVED , sqp_iter_: 0
AFTER initial_guess_[0].uk: [-0.272008, 0.043914, -0.160937, 0.054335, 0.007159, -0.018339, -0.434380, 0.013976]
BEFORE initial_guess_[0].uk: [-0.271382, 0.043912, -0.160331, 0.054378, 0.007395, -0.018329, -0.434268, 0.014817]
Initialization finished.
Allocations finished.
Setup successful.
Solver is ready.
Starting solver...
Solver initialization verified.
Solver finished.
===== SQP Iteration: 0 =====
step_ (179 x 1): 
-6.81387e-10  -2.4202e-09 -7.73751e-10   -3.688e-08  6.88791e-10 -1.21265e-08 -2.86918e-09 -1.51798e-10   6.2474e-07 -5.81292e-06 -2.17166e-05  1.12779e-05 -1.70758e-05 -6.68409e-06  1.73297e-05  1.72518e-05 -2.32454e-07 -3.13321e-05 -1.27727e-05 -4.33526e-05  2.14666e-05 -3.42445e-05 -1.38127e-05  3.45611e-05  3.38392e-05  -5.7994e-07 -4.34377e-05 -2.00667e-05 -6.44731e-05  3.13594e-05 -5.18427e-05 -2.10672e-05  5.14443e-05  4.95576e-05 -1.02563e-06 -5.03595e-05 -2.73101e-05 -8.49539e-05  4.13267e-05 -6.99222e-05 -2.82991e-05  6.79078e-05  6.43362e-05 -1.52678e-06 -5.38269e-05 -3.43395e-05 -0.000104836  5.15165e-05 -8.84346e-05 -3.54468e-05  8.39667e-05  7.82579e-05  -2.0486e-06  -5.3767e-05 -4.10346e-05 -0.000124264  6.20338e-05 -0.000107265 -4.24676e-05  9.96938e-05  9.15193e-05 -2.54879e-06 -4.87809e-05 -4.71932e-05 -0.000143451  7.30642e-05 -0.000126258 -4.92901e-05  0.000115197  0.000104385 -2.96869e-06 -3.70333e-05 -5.24902e-05 -0.000162639  8.49162e-05 -0.000145235 -5.57995e-05  0.000130596  0.000117138 -3.23637e-06 -1.75893e-05 -0.000964532  6.11889e-05 -0.000427958  1.85881e-05 -2.59845e-05  0.000100022  -0.00136029  0.000981676  3.74206e-05 -0.000966705  4.17566e-05  -0.00041311  3.59067e-08  -3.1389e-05  0.000115526  -0.00134713  0.000982045  3.64531e-05 -0.000776912  -0.00173364   0.00150067  -0.00239743  -0.00074333   0.00249911   0.00190735 -0.000297557 -0.000926998  -0.00171831   0.00135764  -0.00243058 -0.000791523   0.00247829   0.00184057 -0.000135938  -0.00097118  -0.00167389   0.00131857  -0.00249202 -0.000805391   0.00242856   0.00174511  -4.0609e-05 -0.000964263  -0.00161953   0.00132864  -0.00256153 -0.000802812   0.00236761   0.00164176  1.66771e-05 -0.000935732  -0.00156876   0.00135833  -0.00262458 -0.000793451   0.00230843   0.00154749  7.35172e-05 -0.000891228  -0.00153034   0.00140192  -0.00267146 -0.000779345   0.00225975   0.00147483  0.000157525 -0.000819802  -0.00150917   0.00147023  -0.00269641 -0.000757309   0.00222671   0.00143125  0.000277928 -0.000705026  -0.00150718   0.00157962   -0.0026968 -0.000722537   0.00221142   0.00141855  0.000417085 -0.000542172  -0.00152405   0.00173488  -0.00267249 -0.000674128   0.00221358   0.00143231   0.00058606 -0.000289244  -0.00155687   0.00197799  -0.00262624 -0.000599947   0.00222977   0.00146147 -2.12705e-05
========================================
primal_step_norm SUCCESS
SOLVED , sqp_iter_: 0
AFTER initial_guess_[0].uk: [-0.273072, 0.040141, -0.157067, 0.049164, 0.005455, -0.011806, -0.429290, 0.013330]
BEFORE initial_guess_[0].uk: [-0.272419, 0.040137, -0.156434, 0.049201, 0.005696, -0.011810, -0.429235, 0.014109]
Initialization finished.
Allocations finished.
Setup successful.
Solver is ready.
Starting solver...
Solver initialization verified.
Solver finished.
===== SQP Iteration: 0 =====
step_ (179 x 1): 
-4.25807e-10 -6.62186e-09 -6.38922e-10 -4.01061e-08  7.50029e-10  -1.2056e-08  -2.6318e-09 -3.32787e-10  6.52956e-07 -8.43763e-07  -1.9974e-05  6.29062e-06 -1.69278e-05  -6.2321e-06  1.58404e-05  1.45384e-05 -9.69316e-08 -1.74684e-05  -2.8889e-06 -3.99947e-05  1.14324e-05 -3.40015e-05 -1.29002e-05   3.1632e-05  2.88741e-05 -3.02197e-07 -2.34535e-05 -5.42054e-06 -5.98413e-05  1.61236e-05 -5.12672e-05 -1.97387e-05  4.73146e-05  4.30224e-05 -5.33337e-07 -2.26317e-05 -8.05023e-06 -7.94854e-05  2.07373e-05 -6.87281e-05 -2.66036e-05  6.28605e-05  5.70117e-05 -7.36839e-07 -1.79262e-05 -1.05694e-05 -9.89423e-05  2.54672e-05 -8.63612e-05 -3.34192e-05   7.8264e-05  7.08881e-05 -8.78923e-07 -1.03528e-05 -1.27953e-05 -0.000118261  3.04809e-05  -0.00010412 -4.01204e-05  9.35384e-05  8.47142e-05 -9.28118e-07  7.02043e-07 -1.44633e-05 -0.000137523   3.6028e-05 -0.000121935 -4.66125e-05  0.000108714  9.85667e-05 -8.42222e-07  1.66448e-05 -1.52023e-05 -0.000156845  4.24609e-05  -0.00013971 -5.27632e-05   0.00012384  0.000112534 -5.67953e-07   3.8262e-05 -0.000924801  4.70322e-05 -0.000460929  6.83738e-06 -2.79692e-05  0.000108519  -0.00135046  0.000985269   9.1686e-05 -0.000922336  2.68637e-05 -0.000451424 -1.04115e-05  -3.2981e-05  0.000123745  -0.00133603  0.000986181  9.09314e-05 -0.000112683  -0.00163298    0.0008377  -0.00238716  -0.00069178   0.00227824   0.00161332 -0.000337346 -0.000272425   -0.0016231  0.000684952  -0.00241087  -0.00074021   0.00226983   0.00159151 -0.000121143 -0.000337245  -0.00160839  0.000624916  -0.00243806  -0.00075912   0.00225437   0.00157078  1.45998e-05 -0.000350298  -0.00159193  0.000614584  -0.00246542 -0.000762066   0.00223499   0.00155313  9.21804e-05  -0.00033557  -0.00157666  0.000630043  -0.00248966 -0.000756602   0.00221465   0.00154056   0.00014941 -0.000296532  -0.00156534  0.000667813  -0.00250745 -0.000743905   0.00219608   0.00153492   0.00021882 -0.000222161   -0.0015607  0.000738845  -0.00251535 -0.000720699   0.00218183   0.00153786  0.000316336 -9.84831e-05  -0.00156559  0.000857018  -0.00250965 -0.000682908   0.00217446   0.00155063  0.000430123  7.25046e-05  -0.00158337   0.00102031   -0.0024861  -0.00063162   0.00217683   0.00157412  0.000575255  0.000328507  -0.00161582   0.00126633  -0.00244217  -0.00055638   0.00218989    0.0016024 -1.72788e-05
========================================
primal_step_norm SUCCESS
SOLVED , sqp_iter_: 0
AFTER initial_guess_[0].uk: [-0.272664, 0.036585, -0.154612, 0.044009, 0.003891, -0.005864, -0.425024, 0.012422]
BEFORE initial_guess_[0].uk: [-0.271982, 0.036582, -0.153950, 0.044037, 0.004142, -0.005881, -0.424974, 0.013378]
Initialization finished.
Allocations finished.
Setup successful.
Solver is ready.
Starting solver...
Solver initialization verified.
Solver finished.
===== SQP Iteration: 0 =====
step_ (179 x 1): 
-1.07664e-09 -1.90382e-08 -1.42549e-09 -4.01273e-08  6.46535e-10 -1.11741e-08 -5.04136e-09 -1.47454e-10  9.18122e-07 -2.34301e-07 -1.90607e-05  5.71626e-06 -1.62505e-05 -5.93054e-06  1.47611e-05  1.41486e-05 -1.00444e-07 -1.82673e-05 -1.73214e-06 -3.81935e-05  1.02226e-05 -3.26181e-05 -1.23144e-05  2.95105e-05  2.81264e-05 -3.17213e-07 -2.47836e-05 -3.74958e-06 -5.71951e-05  1.42461e-05 -4.91416e-05 -1.88719e-05  4.41879e-05   4.1954e-05 -5.63485e-07 -2.41819e-05 -5.87614e-06 -7.60424e-05  1.81814e-05 -6.58279e-05 -2.54497e-05  5.87606e-05  5.56616e-05 -7.83307e-07  -1.9517e-05  -7.8877e-06 -9.47491e-05  2.22373e-05 -8.26606e-05 -3.19663e-05  7.32153e-05  6.92923e-05 -9.41727e-07 -1.19405e-05 -9.58975e-06 -0.000113357  2.65932e-05 -9.96034e-05 -3.83535e-05  8.75552e-05  8.29017e-05 -1.00709e-06 -9.30381e-07 -1.07075e-05 -0.000131935  3.15082e-05 -0.000116597 -4.45142e-05  0.000101799  9.65572e-05   -9.385e-07  1.48503e-05 -1.08637e-05 -0.000150584  3.73421e-05 -0.000133558 -5.03164e-05  0.000115983  0.000110337 -6.84132e-07  3.61736e-05 -0.000917379  3.40244e-05 -0.000457109 -3.50483e-06 -3.01672e-05  0.000114932  -0.00133841  0.000986042  8.82131e-05 -0.000914275  1.45269e-05 -0.000448149 -1.99712e-05 -3.48018e-05  0.000129177  -0.00132417   0.00098692   8.7541e-05 -3.12272e-05  -0.00155919   0.00076144  -0.00229221  -0.00065826   0.00212302   0.00157047 -0.000362314 -0.000199426  -0.00155167  0.000600404  -0.00231103 -0.000708635   0.00211995   0.00155195 -0.000137017 -0.000268677  -0.00154037  0.000536047  -0.00233322 -0.000727921   0.00210972   0.00153531  5.21461e-06 -0.000283232   -0.0015278  0.000524275    -0.002356 -0.000730184   0.00209496   0.00152198  8.65532e-05 -0.000267919  -0.00151632  0.000540345  -0.00237658 -0.000723404   0.00207816   0.00151337  0.000145298   -0.0002267   -0.0015082  0.000580287  -0.00239206 -0.000709031   0.00206167   0.00151091  0.000214573 -0.000148866  -0.00150575  0.000654737  -0.00239924 -0.000683941   0.00204781   0.00151592  0.000310709 -2.08613e-05  -0.00151159  0.000777162  -0.00239447 -0.000644161   0.00203912   0.00152967  0.000422159  0.000154654  -0.00152899  0.000944882  -0.00237335 -0.000590865   0.00203862    0.0015532  0.000563264  0.000413634  -0.00156144   0.00119373  -0.00233137 -0.000514445   0.00204902   0.00158111  -1.6215e-05
========================================
primal_step_norm SUCCESS
SOLVED , sqp_iter_: 0
AFTER initial_guess_[0].uk: [-0.272050, 0.033191, -0.152294, 0.039051, 0.002424, -0.000340, -0.420875, 0.011566]
BEFORE initial_guess_[0].uk: [-0.271341, 0.033187, -0.151607, 0.039073, 0.002686, -0.000368, -0.420826, 0.012696]
Initialization finished.
Allocations finished.
Setup successful.
Solver is ready.
Starting solver...
Solver initialization verified.
Solver finished.
===== SQP Iteration: 0 =====
step_ (179 x 1): 
  4.6051e-10 -2.80112e-07  3.83036e-09  2.75465e-07 -2.62641e-09  8.97922e-08 -2.27667e-09    2.594e-10   3.8404e-06  -6.3317e-06  4.21644e-05  3.69664e-06  3.95376e-05  1.25674e-05 -3.83943e-05 -7.76149e-06 -9.45069e-08 -1.65885e-05 -1.39844e-05  8.50139e-05  6.12284e-06   7.8435e-05  2.47216e-05 -7.70264e-05  -1.5663e-05 -3.05679e-07 -2.30354e-05 -2.21773e-05  0.000128573  8.04608e-06   0.00011688  3.68022e-05  -0.00011597 -2.36412e-05 -5.40244e-07 -2.15577e-05 -3.04838e-05  0.000172925  9.87651e-06  0.000154807  4.89997e-05 -0.000155324  -3.1601e-05  -7.3359e-07 -1.51853e-05 -3.87006e-05   0.00021792  1.18007e-05  0.000192298  6.13893e-05 -0.000195052 -3.93923e-05 -8.43039e-07 -5.12956e-06 -4.67248e-05   0.00026309  1.39042e-05   0.00022963  7.39634e-05  -0.00023495 -4.67988e-05 -8.30723e-07  8.76006e-06 -5.42709e-05  0.000308143  1.64557e-05  0.000266986  8.67922e-05 -0.000274891 -5.37387e-05 -6.54831e-07   2.7287e-05  -6.0905e-05  0.000352901  1.98734e-05  0.000304487  0.000100001 -0.000314796 -6.02196e-05 -2.67794e-07  5.07058e-05 -0.000970781  0.000581458 -0.000468026  0.000472577  0.000134551 -0.000355597  -0.00151478  0.000987486  0.000102953 -0.000974124  0.000625007 -0.000461457  0.000510711   0.00014897 -0.000395279  -0.00152051  0.000988514  0.000102801 -0.000844302   0.00338666  0.000490513    0.0055295   0.00139582  -0.00553535 -0.000865026 -0.000425673  -0.00101966   0.00341559  0.000322445   0.00549045   0.00134959  -0.00555655 -0.000880125 -0.000183225  -0.00109185   0.00346422  0.000255239   0.00543018   0.00134137  -0.00560203 -0.000888854 -2.08282e-05  -0.00110718   0.00351954  0.000242707   0.00536253   0.00135427   -0.0056592 -0.000886835  8.31566e-05  -0.00109532   0.00356263  0.000255157   0.00530767   0.00137555  -0.00571025 -0.000868164  0.000163421  -0.00106968    0.0035682  0.000279064   0.00529268   0.00139647  -0.00573193 -0.000825476  0.000247175  -0.00100592   0.00355081  0.000338869   0.00530342   0.00142468  -0.00573579 -0.000773726  0.000346387 -0.000884305   0.00352082  0.000454333   0.00533026   0.00146667  -0.00573004 -0.000722757  0.000449693 -0.000707263   0.00348436  0.000623112   0.00536816   0.00152236  -0.00571942 -0.000676595  0.000573497 -0.000445594    0.0034424  0.000874337   0.00541749   0.00160043  -0.00570475   -0.0006389 -9.73251e-06
========================================
primal_step_norm SUCCESS
SOLVED , sqp_iter_: 0
AFTER initial_guess_[0].uk: [-0.273178, 0.040553, -0.150540, 0.051100, 0.006329, -0.014815, -0.423084, 0.010568]
BEFORE initial_guess_[0].uk: [-0.272444, 0.040593, -0.149828, 0.051067, 0.006618, -0.014907, -0.423028, 0.011915]
Initialization finished.
Allocations finished.
Setup successful.
Solver is ready.
Starting solver...
Solver initialization verified.
Solver finished.
===== SQP Iteration: 0 =====
step_ (179 x 1): 
-9.25755e-10 -6.11106e-08 -8.40566e-10 -3.34187e-08  5.85457e-10 -1.00604e-08 -5.56156e-09 -3.79565e-10  6.87763e-07  1.70737e-06 -2.08287e-05  4.38284e-06 -2.03072e-05 -6.15202e-06  1.59098e-05   1.5635e-05 -2.04426e-07  -2.8812e-05  2.02623e-06 -4.21418e-05  7.43907e-06 -3.99664e-05 -1.29319e-05  3.22511e-05  3.10721e-05 -5.33033e-07 -3.92224e-05   1.7556e-06 -6.40825e-05  9.94295e-06 -5.93321e-05  -2.0067e-05  4.89226e-05  4.62627e-05  -9.3223e-07 -4.24768e-05   1.3835e-06 -8.65411e-05  1.23666e-05 -7.84673e-05 -2.73802e-05  6.58475e-05  6.11409e-05 -1.34631e-06 -4.17925e-05  1.26515e-06 -0.000109144  1.50509e-05 -9.75941e-05 -3.47014e-05  8.28121e-05  7.55948e-05 -1.74098e-06 -3.81902e-05  1.61194e-06 -0.000131727  1.81921e-05 -0.000116803 -4.19267e-05  9.97031e-05  8.96658e-05 -2.08267e-06 -3.08521e-05  2.65857e-06 -0.000154284  2.20084e-05 -0.000136083  -4.8944e-05  0.000116484    0.0001035 -2.32533e-06 -1.81512e-05  4.73191e-06 -0.000176909  2.68095e-05  -0.00015535 -5.56142e-05  0.000133168  0.000117294 -2.41101e-06  9.31504e-07 -0.000899739  2.82793e-05 -0.000453095 -6.04903e-06 -2.65492e-05  0.000109133  -0.00132299  0.000985862  5.03893e-05 -0.000894314  6.10601e-06 -0.000445082   -2.512e-05 -3.20395e-05  0.000125816  -0.00130876  0.000986361  4.95774e-05  0.000228007  -0.00163187  0.000585725  -0.00280472  -0.00068396   0.00230722   0.00174023 -0.000380013  4.29873e-05  -0.00166598  0.000408048  -0.00277474 -0.000752922   0.00235162   0.00171692 -0.000155968 -3.53849e-05  -0.00170667  0.000334603  -0.00273931 -0.000792301   0.00239731   0.00168972  -2.0504e-05 -4.88499e-05  -0.00173914  0.000323934  -0.00271366 -0.000812047   0.00243117   0.00165513  5.04935e-05 -1.50133e-05  -0.00174173  0.000358661  -0.00271983 -0.000813415   0.00243417   0.00160805  0.000100933  4.68545e-05  -0.00173215  0.000419382  -0.00273859 -0.000802734   0.00242154    0.0015655  0.000168451  0.000140028  -0.00172368  0.000509197  -0.00275501  -0.00077948    0.0024049   0.00153916  0.000269579  0.000276764  -0.00172567  0.000640216  -0.00275803 -0.000740674   0.00239264    0.0015346  0.000390436  0.000459058  -0.00174416  0.000814416  -0.00274009 -0.000687039   0.00239039   0.00155072  0.000538709  0.000722681  -0.00178139    0.0010675  -0.00269752 -0.000609423   0.00240033   0.00157929 -1.87528e-05
========================================
primal_step_norm SUCCESS
SOLVED , sqp_iter_: 0
AFTER initial_guess_[0].uk: [-0.271948, 0.037044, -0.148554, 0.044966, 0.004833, -0.008885, -0.418486, 0.010015]
BEFORE initial_guess_[0].uk: [-0.271196, 0.037027, -0.147824, 0.044985, 0.005111, -0.008921, -0.418434, 0.011470]
Initialization finished.
Allocations finished.
Setup successful.
Solver is ready.
Starting solver...
Solver initialization verified.
Solver finished.
===== SQP Iteration: 0 =====
step_ (179 x 1): 
-1.07705e-09 -8.98059e-09   -4.079e-10 -1.76851e-08 -1.08741e-10 -8.64584e-09 -3.87469e-09 -3.71462e-10  5.76868e-07  2.37435e-07 -2.11197e-05  5.80922e-06 -1.78477e-05 -6.20077e-06  1.54647e-05  1.47313e-05 -1.20276e-07 -2.21454e-05 -9.36067e-07 -4.22589e-05  1.02647e-05 -3.58273e-05  -1.2914e-05  3.09589e-05  2.92755e-05 -3.87237e-07 -3.13619e-05 -2.69493e-06 -6.32508e-05   1.4174e-05 -5.39336e-05 -1.98322e-05  4.64244e-05  4.36545e-05 -7.07728e-07 -3.28149e-05 -4.56861e-06 -8.41009e-05  1.79907e-05 -7.21806e-05 -2.67816e-05  6.18156e-05  5.78975e-05 -1.02015e-06 -2.97372e-05 -6.29182e-06 -0.000104838   2.1964e-05 -9.05636e-05 -3.36636e-05   7.7104e-05  7.20483e-05 -1.28569e-06 -2.34224e-05 -7.64278e-06 -0.000125513  2.62995e-05 -0.000109057 -4.03985e-05   9.2279e-05  8.61662e-05 -1.47029e-06 -1.34958e-05 -8.33053e-06 -0.000146207  3.12712e-05 -0.000127609 -4.68823e-05  0.000107349  0.000100324 -1.53175e-06  1.19704e-06  -7.9725e-06 -0.000167031  3.72438e-05 -0.000146138 -5.29785e-05  0.000122344  0.000114604 -1.41974e-06  2.13005e-05 -0.000908708  1.66011e-05 -0.000433451 -1.49275e-05 -2.88031e-05  0.000113349  -0.00131092  0.000987554  6.94377e-05 -0.000904959 -5.15299e-06  -0.00042423 -3.30034e-05 -3.36857e-05  0.000128363  -0.00129618  0.000988244  6.88665e-05  3.13405e-05  -0.00173999  0.000773438  -0.00252071 -0.000688169   0.00222567   0.00163394 -0.000422476 -0.000156336  -0.00172882  0.000593426  -0.00253541 -0.000745155   0.00222912   0.00161408 -0.000182246 -0.000234327  -0.00171631  0.000520655  -0.00255394  -0.00076791   0.00222419   0.00159579  -2.7976e-05  -0.00024966  -0.00170436  0.000508287  -0.00257406 -0.000771254   0.00221309    0.0015807  6.20626e-05 -0.000229627  -0.00169483  0.000529131  -0.00259328 -0.000763817   0.00219813   0.00157049  0.000126316 -0.000180051   -0.0016896  0.000577364  -0.00260872 -0.000747535   0.00218166   0.00156681  0.000198015 -9.17083e-05  -0.00169073  0.000662135  -0.00261692 -0.000719693   0.00216633   0.00157117  0.000293304  4.75189e-05   -0.0017008  0.000795469   -0.0026137 -0.000676781    0.0021552   0.00158484  0.000400909  0.000233785   -0.0017232  0.000973504   -0.0025939 -0.000620424   0.00215207   0.00160875  0.000531998  0.000499294  -0.00176026   0.00122834  -0.00255348 -0.000542085   0.00215944   0.00163673 -1.38183e-05
========================================
primal_step_norm SUCCESS
SOLVED , sqp_iter_: 0
AFTER initial_guess_[0].uk: [-0.271128, 0.033242, -0.146142, 0.039503, 0.003315, -0.003112, -0.414170, 0.009358]
BEFORE initial_guess_[0].uk: [-0.270350, 0.033221, -0.145386, 0.039518, 0.003602, -0.003155, -0.414120, 0.010951]
Initialization finished.
Allocations finished.
Setup successful.
Solver is ready.
Starting solver...
Solver initialization verified.
Solver finished.
===== SQP Iteration: 0 =====
step_ (179 x 1): 
-1.06916e-09  9.34118e-09 -3.22655e-10 -1.34073e-08 -2.50138e-10 -7.96208e-09  -3.4541e-09 -2.90676e-10  5.42175e-07   5.1033e-07 -2.05521e-05  5.56567e-06 -1.70516e-05 -5.90858e-06  1.44955e-05  1.44384e-05 -1.22221e-07 -2.28088e-05 -4.46292e-07 -4.09211e-05  9.72334e-06  -3.4237e-05 -1.23485e-05   2.9013e-05  2.87074e-05 -3.99283e-07 -3.26202e-05 -2.01887e-06 -6.11129e-05  1.33049e-05 -5.15553e-05 -1.89998e-05  4.34959e-05  4.28274e-05 -7.34685e-07 -3.44516e-05 -3.71638e-06 -8.11411e-05  1.67841e-05 -6.90215e-05 -2.56777e-05  5.78953e-05   5.6829e-05   -1.065e-06 -3.15888e-05 -5.25787e-06 -0.000101044  2.04254e-05  -8.6631e-05 -3.22791e-05  7.21802e-05  7.07552e-05 -1.35011e-06 -2.54024e-05 -6.41013e-06 -0.000120884  2.44456e-05 -0.000104358 -3.87205e-05  8.63382e-05  8.46619e-05  -1.5553e-06 -1.56028e-05 -6.87423e-06 -0.000140746  2.91266e-05  -0.00012215 -4.48954e-05  0.000100376  9.86171e-05 -1.63914e-06 -1.06057e-06 -6.26487e-06 -0.000160745  3.48361e-05 -0.000139929 -5.06678e-05   0.00011432    0.0001127 -1.55106e-06  1.87935e-05 -0.000902973  2.16358e-06 -0.000426874 -2.60909e-05 -3.10372e-05  0.000119273  -0.00129828  0.000988087  6.57512e-05 -0.000898932 -1.86004e-05 -0.000417878 -4.34728e-05 -3.55747e-05    0.0001332  -0.00128373  0.000988741  6.51907e-05  6.78285e-05  -0.00166845  0.000741295  -0.00241138 -0.000655886   0.00208389   0.00160232 -0.000441825 -0.000127403  -0.00165514  0.000553857  -0.00242568 -0.000714855   0.00208814    0.0015839  -0.00019583 -0.000209463  -0.00164062  0.000477096  -0.00244471 -0.000738254    0.0020828    0.0015674 -3.67968e-05 -0.000226122  -0.00162719  0.000463438  -0.00246576 -0.000741237   0.00207052   0.00155426  5.66379e-05  -0.00020535  -0.00161692  0.000485017  -0.00248607 -0.000732757   0.00205391    0.0015459  0.000122825 -0.000153508  -0.00161165  0.000535479  -0.00250264 -0.000715007   0.00203553   0.00154373  0.000195007 -6.18676e-05  -0.00161318  0.000623481  -0.00251212 -0.000685479   0.00201802   0.00154908  0.000289363  8.11067e-05  -0.00162358  0.000760474  -0.00251059 -0.000640828   0.00200432   0.00156316   0.00039488  0.000270972  -0.00164559  0.000942003  -0.00249337 -0.000582774   0.00199792   0.00158696   0.00052193  0.000538127  -0.00168269   0.00119837  -0.00245492  -0.00050366   0.00200266   0.00161461 -1.30881e-05
========================================
primal_step_norm SUCCESS
SOLVED , sqp_iter_: 0
AFTER initial_guess_[0].uk: [-0.270203, 0.029592, -0.143774, 0.034274, 0.001890, 0.002284, -0.409938, 0.008742]
BEFORE initial_guess_[0].uk: [-0.269402, 0.029569, -0.142997, 0.034283, 0.002187, 0.002232, -0.409889, 0.010465]
Initialization finished.
Allocations finished.
Setup successful.
Solver is ready.
Starting solver...
Solver initialization verified.
Solver finished.
===== SQP Iteration: 0 =====
step_ (179 x 1): 
-9.97521e-10 -6.58138e-07 -2.05457e-09  2.30037e-07  5.82998e-10  1.33225e-07 -1.72027e-08 -5.64003e-10  2.98635e-06 -6.28353e-06  6.28031e-05  2.02862e-06  5.11053e-05  2.00315e-05 -5.66411e-05 -2.35719e-05 -1.18483e-07 -2.17731e-05 -1.42984e-05  0.000125879  2.37994e-06  0.000102239  3.94166e-05  -0.00011301 -4.65379e-05 -3.74989e-07 -2.69398e-05 -2.32189e-05  0.000188174  1.85328e-06  0.000153873  5.84633e-05 -0.000168768 -6.84061e-05 -6.20179e-07 -1.97422e-05 -3.25088e-05  0.000249552  9.64557e-07  0.000206072  7.73708e-05 -0.000223854 -8.89105e-05 -7.57076e-07  -5.5588e-06 -4.18183e-05  0.000310039   4.6438e-08  0.000258805  9.62678e-05 -0.000278307 -0.000107986 -7.32653e-07  1.22529e-05 -5.08388e-05  0.000369749 -6.08068e-07  0.000311988  0.000115265 -0.000332227 -0.000125727  -5.1669e-07  3.24271e-05 -5.91949e-05   0.00042882 -6.38234e-07  0.000365527  0.000134497 -0.000385743 -0.000142333 -8.53656e-08   5.5058e-05 -6.64292e-05  0.000487357  3.98701e-07  0.000419355   0.00015413 -0.000438982 -0.000158061  5.85619e-07  8.02574e-05 -0.000966846  0.000707852 -0.000456898  0.000587559   0.00019465 -0.000487065  -0.00158388  0.000991501  0.000129126 -0.000970485  0.000765309 -0.000452416  0.000641992  0.000215559 -0.000540021  -0.00159857  0.000992792  0.000129359 -0.000836756    0.0052272  0.000271051   0.00713635   0.00222352  -0.00818456  -0.00261313 -0.000520859  -0.00106724   0.00518154   4.7444e-05   0.00718811   0.00215182  -0.00811639  -0.00254745 -0.000150016  -0.00118797   0.00510557 -6.96093e-05   0.00726855   0.00211409  -0.00802328  -0.00242631  0.000100959  -0.00123725   0.00501808 -0.000117915   0.00735778   0.00209854  -0.00792299  -0.00227568  0.000245234  -0.00123985   0.00493185 -0.000121844   0.00744258   0.00209733  -0.00782843   -0.0021177   0.00032294  -0.00120131   0.00485454 -8.66985e-05   0.00751545   0.00210851  -0.00774819   -0.0019699  0.000375478   -0.0011128   0.00478963 -3.53032e-06   0.00757393   0.00213462  -0.00768688  -0.00184435   0.00043003 -0.000963525   0.00473693  0.000138461   0.00761989   0.00217896  -0.00764536  -0.00174684   0.00048672 -0.000761034   0.00469289  0.000331762   0.00765913   0.00223933  -0.00762082  -0.00167621  0.000563371 -0.000484558    0.0046492     0.000597   0.00770277    0.0023209  -0.00760577  -0.00163024 -1.50097e-06
========================================
primal_step_norm SUCCESS
SOLVED , sqp_iter_: 0
AFTER initial_guess_[0].uk: [-0.271222, 0.040938, -0.142407, 0.049805, 0.007991, -0.019130, -0.416709, 0.007860]
BEFORE initial_guess_[0].uk: [-0.270463, 0.040784, -0.141673, 0.049947, 0.008269, -0.019032, -0.416442, 0.010305]
Initialization finished.
Allocations finished.
Setup successful.
Solver is ready.
Starting solver...
Solver initialization verified.
Solver finished.
===== SQP Iteration: 0 =====
step_ (179 x 1): 
 4.90975e-10  2.17182e-07   1.3778e-09 -6.89366e-08 -2.54723e-11 -4.27836e-08   1.2624e-08  3.63144e-10  9.83446e-07  -4.9669e-07 -2.53289e-05  6.51417e-06 -1.91594e-05 -7.22549e-06  1.85027e-05  2.01632e-05 -2.12303e-07 -3.42676e-05 -2.25079e-06 -5.13674e-05   1.1839e-05 -3.83893e-05 -1.48933e-05  3.68121e-05  3.89113e-05  -6.4446e-07 -5.41815e-05 -4.38825e-06  -7.6255e-05  1.68338e-05 -5.83754e-05 -2.26764e-05   5.4476e-05  5.61148e-05 -1.24477e-06 -6.76253e-05 -6.45431e-06 -0.000100134  2.19351e-05 -7.90791e-05 -3.04065e-05  7.14761e-05  7.18085e-05 -1.95662e-06 -7.62594e-05 -8.22422e-06 -0.000123271  2.73488e-05 -0.000100375 -3.80044e-05  8.78798e-05  8.61966e-05 -2.73219e-06 -8.01817e-05 -9.52869e-06 -0.000145983  3.32247e-05  -0.00012209 -4.54133e-05  0.000103804   9.9604e-05 -3.51809e-06 -7.83252e-05 -1.01331e-05 -0.000168572  3.97767e-05 -0.000144041 -5.25537e-05  0.000119388  0.000112417 -4.25082e-06  -6.9334e-05 -9.69707e-06 -0.000191281  4.73232e-05 -0.000166055 -5.93073e-05  0.000134767  0.000125026 -4.85784e-06 -5.27871e-05 -0.000906198  5.64442e-06 -0.000399097 -1.94447e-05 -2.42982e-05  0.000102101  -0.00128767  0.000986003 -7.86554e-06 -0.000902336 -1.77509e-05 -0.000388272 -4.12176e-05 -2.98234e-05   0.00011739  -0.00127469  0.000985919 -8.85305e-06 -6.73902e-05  -0.00229143  0.000865858   -0.0025776 -0.000801909   0.00272266   0.00222867 -0.000545122 -0.000234016    -0.002189  0.000708715  -0.00268256 -0.000850789   0.00264364   0.00207848 -0.000362643 -0.000285046  -0.00207974  0.000664788  -0.00280094 -0.000863483   0.00254557   0.00190825 -0.000237822 -0.000275589   -0.0019808  0.000678934  -0.00291401 -0.000857632   0.00244536   0.00174174 -0.000146339  -0.00023622  -0.00190289  0.000720503  -0.00300929 -0.000843019   0.00235487   0.00159778 -5.61508e-05  -0.00017422  -0.00185146  0.000782086  -0.00307931  -0.00082205   0.00228161   0.00148961  5.53365e-05 -8.08186e-05  -0.00182789  0.000872331  -0.00312051 -0.000792121   0.00222948   0.00142404  0.000193353  5.78294e-05  -0.00183052   0.00100503  -0.00313242 -0.000749185   0.00219933   0.00140084  0.000339151  0.000244935  -0.00185547   0.00118349  -0.00311706 -0.000692775   0.00218955   0.00141207  0.000495669  0.000514622  -0.00189616   0.00144192  -0.00307918 -0.000613226   0.00219546   0.00144164 -2.18958e-05
========================================
primal_step_norm SUCCESS
SOLVED , sqp_iter_: 0
AFTER initial_guess_[0].uk: [-0.270609, 0.035800, -0.139790, 0.044341, 0.006176, -0.011926, -0.410625, 0.007580]
BEFORE initial_guess_[0].uk: [-0.269753, 0.035768, -0.138959, 0.044345, 0.006494, -0.011977, -0.410565, 0.009615]
Initialization finished.
Allocations finished.
Setup successful.
Solver is ready.
Starting solver...
Solver initialization verified.
Solver finished.
===== SQP Iteration: 0 =====
step_ (179 x 1): 
  3.4279e-10  2.15956e-07  1.11254e-09 -6.16439e-08 -2.26428e-10 -3.99816e-08  1.26824e-08  2.57036e-10  1.11707e-06  7.04337e-07 -2.43926e-05  6.17066e-06 -1.96686e-05 -6.58958e-06  1.64728e-05  1.58595e-05 -1.44545e-07  -2.5886e-05 -2.22111e-07 -4.82027e-05  1.07742e-05 -3.95348e-05 -1.37858e-05  3.29272e-05  3.15118e-05 -4.65287e-07 -3.80182e-05 -1.84091e-06 -7.17404e-05  1.47284e-05 -5.95528e-05 -2.12379e-05  4.93207e-05  4.69472e-05 -8.64642e-07 -4.15871e-05 -3.59288e-06 -9.50276e-05  1.85736e-05 -7.97542e-05 -2.87379e-05  6.55882e-05   6.2195e-05  -1.2737e-06  -3.9967e-05  -5.1496e-06 -0.000118125  2.26208e-05 -0.000100141 -3.61634e-05  8.16929e-05  7.73051e-05 -1.64893e-06  -3.4661e-05  -6.2496e-06 -0.000141127  2.71139e-05 -0.000120684 -4.34178e-05  9.76242e-05  9.23484e-05 -1.95039e-06 -2.55297e-05 -6.58212e-06 -0.000164155  3.23459e-05 -0.000141325 -5.03872e-05  0.000113397  0.000107411 -2.13677e-06 -1.16728e-05 -5.76656e-06 -0.000187362  3.86796e-05 -0.000161972 -5.69346e-05  0.000129051  0.000122592 -2.15934e-06  7.28098e-06 -0.000897942 -1.44876e-05 -0.000398048 -3.56295e-05 -2.72184e-05  0.000112023  -0.00127443  0.000989217  5.10587e-05 -0.000893609 -3.85401e-05 -0.000388352  -5.5883e-05 -3.25097e-05  0.000127657  -0.00125877  0.000989724  5.05812e-05   9.3907e-05  -0.00195361  0.000822216  -0.00278991 -0.000731581   0.00236379    0.0017619 -0.000504878 -0.000123351  -0.00193377  0.000613321  -0.00280323 -0.000798778   0.00236739   0.00173713 -0.000246682 -0.000215568  -0.00191224  0.000526797  -0.00282468 -0.000827177   0.00235819   0.00171303 -7.60529e-05 -0.000233331  -0.00189242   0.00051227  -0.00285041 -0.000832508   0.00234001   0.00169214  2.75295e-05 -0.000207388  -0.00187732  0.000539109  -0.00287644 -0.000824314   0.00231661   0.00167692  0.000101633 -0.000146556  -0.00186946  0.000598507  -0.00289873 -0.000805356   0.00229161   0.00166958  0.000178651 -4.43462e-05  -0.00187095  0.000696878   -0.0029131 -0.000773746   0.00226851   0.00167192  0.000273937  0.000108647   -0.0018838  0.000843543  -0.00291506 -0.000726859   0.00225086   0.00168519  0.000376687  0.000306569  -0.00191037   0.00103264  -0.00289967  -0.00066706   0.00224246   0.00171006  0.000494182  0.000576967  -0.00195095   0.00129167  -0.00286403  -0.00058727   0.00224499   0.00173848 -1.19137e-05
========================================
primal_step_norm SUCCESS
SOLVED , sqp_iter_: 0
AFTER initial_guess_[0].uk: [-0.269549, 0.031519, -0.137170, 0.038277, 0.004585, -0.005808, -0.405966, 0.007091]
BEFORE initial_guess_[0].uk: [-0.268681, 0.031488, -0.136327, 0.038271, 0.004906, -0.005875, -0.405914, 0.009182]
Initialization finished.
Allocations finished.
Setup successful.
Solver is ready.
Starting solver...
Solver initialization verified.
Solver finished.
===== SQP Iteration: 0 =====
step_ (179 x 1): 
-4.74843e-11  2.01126e-07  7.01285e-10 -5.22997e-08 -9.71065e-10 -3.46604e-08  5.05273e-09  1.48495e-10  5.96006e-07  9.45982e-07 -2.34566e-05  5.95232e-06 -1.90164e-05 -6.31728e-06  1.53285e-05  1.54421e-05 -1.53607e-07 -2.73442e-05  2.20686e-07 -4.63532e-05  1.02976e-05 -3.81871e-05 -1.32444e-05  3.06826e-05  3.07332e-05 -4.88231e-07 -3.99856e-05 -1.22809e-06 -6.90313e-05  1.39625e-05 -5.74648e-05 -2.04235e-05  4.60243e-05  4.58687e-05 -9.06048e-07 -4.38726e-05 -2.82654e-06 -9.15219e-05   1.7502e-05 -7.68821e-05 -2.76394e-05  6.12857e-05  6.08805e-05 -1.33637e-06 -4.23897e-05 -4.23017e-06 -0.000113884  2.12428e-05 -9.64484e-05  -3.4765e-05  7.64209e-05  7.58137e-05 -1.73335e-06 -3.70998e-05 -5.16229e-06 -0.000136201  2.54438e-05 -0.000116147 -4.17004e-05  9.14063e-05  9.07263e-05 -2.05755e-06 -2.79599e-05 -5.30126e-06  -0.00015858  3.04085e-05 -0.000135933 -4.83306e-05  0.000106242   0.00010569 -2.26703e-06 -1.41725e-05 -4.26256e-06 -0.000181153  3.65032e-05 -0.000155729 -5.45195e-05  0.000120951  0.000120786 -2.31387e-06  4.56557e-06 -0.000891857 -3.16923e-05 -0.000390741 -4.88348e-05 -2.97188e-05  0.000118574  -0.00126066  0.000989541  4.72894e-05 -0.000887271 -5.50939e-05 -0.000381252 -6.82687e-05  -3.4631e-05  0.000133227  -0.00124508  0.000990012  4.68327e-05  0.000126034  -0.00187422  0.000793044  -0.00269841 -0.000701365   0.00219852   0.00171737 -0.000505184 -9.65805e-05  -0.00185738  0.000578885  -0.00270581 -0.000768934   0.00220895   0.00169792  -0.00024456 -0.000192914  -0.00184046  0.000488285  -0.00272067 -0.000796871   0.00220688   0.00168043 -7.12893e-05 -0.000212852  -0.00182598  0.000471582  -0.00274008 -0.000800969   0.00219528   0.00166645  3.42535e-05 -0.000186928  -0.00181607  0.000498367  -0.00276087 -0.000790965   0.00217718   0.00165753  0.000108911 -0.000124139  -0.00181254   0.00055966  -0.00277961 -0.000769867   0.00215561   0.00165521   0.00018473 -1.85465e-05  -0.00181703  0.000661336  -0.00279243 -0.000736042   0.00213378   0.00166089  0.000277048  0.000138369  -0.00183132  0.000811831  -0.00279486 -0.000687103   0.00211523   0.00167583  0.000375496  0.000339693  -0.00185787   0.00100424  -0.00278165 -0.000625573   0.00210409   0.00170106  0.000486869  0.000610901  -0.00189873   0.00126397   -0.0027478 -0.000545274   0.00210388    0.0017291 -1.03657e-05
========================================
primal_step_norm SUCCESS
SOLVED , sqp_iter_: 0
AFTER initial_guess_[0].uk: [-0.268407, 0.027411, -0.134602, 0.032402, 0.003076, -0.000136, -0.401432, 0.006656]
BEFORE initial_guess_[0].uk: [-0.267526, 0.027377, -0.133746, 0.032391, 0.003402, -0.000213, -0.401381, 0.008821]
Initialization finished.
Allocations finished.
Setup successful.
Solver is ready.
Starting solver...
Solver initialization verified.
Solver finished.
===== SQP Iteration: 0 =====
step_ (179 x 1): 
-6.42835e-10  1.87237e-10 -9.88159e-11 -1.35632e-09 -5.59272e-10 -1.12263e-09 -7.00898e-10 -8.07524e-11  2.33761e-07  1.78405e-06 -9.68446e-06  3.71604e-06 -4.25733e-06 -3.09841e-06  2.87956e-06  1.51614e-05 -1.45308e-07 -2.71168e-05  1.84945e-06 -1.85052e-05  5.78028e-06 -8.77422e-06 -6.78123e-06  5.66838e-06  3.01893e-05 -4.80006e-07 -4.00611e-05  1.14465e-06 -2.68204e-05   7.1201e-06 -1.35614e-05 -1.06463e-05  8.24859e-06  4.51148e-05 -8.99843e-07 -4.40829e-05  2.48203e-07 -3.45366e-05  8.29568e-06 -1.87326e-05 -1.44383e-05  1.04581e-05  5.99902e-05 -1.33341e-06 -4.25388e-05  -4.9001e-07 -4.15973e-05  9.63929e-06 -2.43725e-05  -1.7998e-05  1.21706e-05  7.48776e-05 -1.73208e-06 -3.70266e-05 -7.88363e-07   -4.799e-05  1.14149e-05 -3.05265e-05  -2.1204e-05  1.33031e-05  8.98453e-05 -2.05585e-06  -2.7586e-05 -3.22473e-07 -5.37618e-05  1.39287e-05  -3.7188e-05 -2.39341e-05  1.38271e-05  0.000104967 -2.26235e-06 -1.35334e-05  1.29332e-06 -5.90445e-05  1.75475e-05 -4.42811e-05 -2.60628e-05  1.37806e-05  0.000120319 -2.30341e-06  5.31928e-06 -0.000881164  8.48786e-05 -0.000402707  5.54871e-05 -1.98121e-06  1.09027e-05  -0.00124522  0.000990029  4.72479e-05 -0.000876052  7.97286e-05 -0.000395743  4.81524e-05 -2.62681e-06  1.01847e-05  -0.00122927  0.000990499  4.68317e-05  0.000237847  -0.00072448  0.000495366 -0.000627169 -0.000344244  0.000400073   0.00168477 -0.000516735  8.82846e-06 -0.000696436  0.000275115  -0.00064399 -0.000408931   0.00039872    0.0016686 -0.000252928 -9.37414e-05 -0.000658468  0.000178644 -0.000680079 -0.000429118  0.000369787   0.00165704 -7.54165e-05 -0.000119284 -0.000613236  0.000156742 -0.000732187  -0.00042103  0.000317495    0.0016513  3.45528e-05  -9.8206e-05 -0.000563522  0.000179118 -0.000796264 -0.000395238  0.000246997   0.00165241  0.000112723 -3.96281e-05 -0.000512566  0.000236644 -0.000867056 -0.000355973  0.000164525   0.00166122  0.000190211  6.21222e-05 -0.000464678  0.000334903 -0.000937543 -0.000303187  7.76949e-05   0.00167828  0.000281776   0.00021534 -0.000426063   0.00048207 -0.000998287 -0.000236399 -4.09122e-06   0.00170376  0.000377145  0.000413337 -0.000405848  0.000671421  -0.00103674 -0.000160239 -6.91946e-05    0.0017374  0.000482423  0.000680953 -0.000417254  0.000927672    -0.001036 -7.16807e-05  -0.00010318   0.00177038 -8.90738e-06
========================================
primal_step_norm SUCCESS
SOLVED , sqp_iter_: 0
AFTER initial_guess_[0].uk: [-0.267009, 0.025801, -0.132669, 0.031027, 0.002504, 0.000831, -0.396983, 0.006238]
BEFORE initial_guess_[0].uk: [-0.266118, 0.025787, -0.131803, 0.030986, 0.002848, 0.000706, -0.396926, 0.008490]
Initialization finished.
Allocations finished.
Setup successful.
Solver is ready.
Starting solver...
Solver initialization verified.
Solver finished.
===== SQP Iteration: 0 =====
step_ (179 x 1): 
-5.46151e-10 -5.94444e-09 -3.68401e-10  1.46918e-07  -1.1213e-08  3.35671e-08  -9.6242e-09 -3.79755e-10   4.8156e-07 -3.36823e-06  5.26343e-05   1.4985e-06  3.88917e-05  1.62599e-05 -4.89574e-05 -1.40255e-05 -1.44551e-07  -2.8247e-05  -8.6842e-06  0.000104624  1.10581e-06  7.81895e-05   3.1713e-05 -9.72188e-05 -2.74884e-05 -4.75236e-07  -3.7788e-05 -1.50205e-05  0.000155394 -2.78782e-07  0.000118326  4.66551e-05 -0.000144492  -3.9904e-05 -8.35666e-07 -3.44027e-05 -2.17393e-05  0.000204642 -2.04026e-06  0.000159423  6.12942e-05 -0.000190666 -5.10149e-05 -1.12365e-06 -2.33277e-05 -2.84007e-05  0.000252257  -3.7579e-06   0.00020149   7.5774e-05 -0.000235748 -6.07651e-05 -1.27924e-06 -7.96204e-06 -3.46272e-05  0.000298264 -5.07119e-06  0.000244461  9.02263e-05 -0.000279833 -6.92538e-05 -1.26667e-06  1.02357e-05 -4.00043e-05   0.00034279 -5.58121e-06  0.000288219  0.000104813 -0.000323086  -7.6683e-05 -1.05926e-06  3.10525e-05 -4.40748e-05  0.000386053 -4.84574e-06  0.000332611   0.00011973 -0.000365723 -8.32947e-05 -6.32148e-07   5.4348e-05 -0.000926927  0.000572124 -0.000420849  0.000477236  0.000160045 -0.000411118  -0.00145455  0.000992673  9.78929e-05 -0.000927221  0.000613754 -0.000416501  0.000522377  0.000176232  -0.00045331  -0.00146013  0.000993654  9.79762e-05 -0.000448974   0.00425996  0.000199508   0.00545602   0.00180707  -0.00704536  -0.00155482 -0.000569035 -0.000708399   0.00419741 -5.25086e-05   0.00554099   0.00171628  -0.00693718   -0.0014929 -0.000194244 -0.000844326   0.00409219 -0.000184649   0.00566368   0.00165953  -0.00679374  -0.00137632  6.46092e-05 -0.000895291   0.00396407 -0.000234867   0.00580282   0.00162583  -0.00663515  -0.00123133  0.000218535 -0.000887659   0.00382764  -0.00022905   0.00594309   0.00160805  -0.00647759  -0.00108018  0.000304656 -0.000829725   0.00369383 -0.000175181   0.00607379   0.00160491  -0.00633395 -0.000940132  0.000361639 -0.000716609   0.00357122 -6.82046e-05    0.0061876   0.00161965  -0.00621444  -0.00082255  0.000414709 -0.000542628   0.00346718   9.7639e-05   0.00627931   0.00165626  -0.00612703  -0.00073197  0.000464324 -0.000320476   0.00338861  0.000309755   0.00634489   0.00171366  -0.00607783 -0.000665312  0.000523459 -3.94375e-05   0.00334058  0.000578813   0.00638286   0.00179675  -0.00606978 -0.000619125  1.93437e-06
========================================
primal_step_norm SUCCESS
SOLVED , sqp_iter_: 0
AFTER initial_guess_[0].uk: [-0.267094, 0.035052, -0.131369, 0.042853, 0.007565, -0.017683, -0.400984, 0.005645]
BEFORE initial_guess_[0].uk: [-0.266252, 0.034882, -0.130555, 0.042974, 0.007875, -0.017617, -0.400709, 0.008530]
Initialization finished.
Allocations finished.
Setup successful.
Solver is ready.
Starting solver...
Solver initialization verified.
Solver finished.
===== SQP Iteration: 0 =====
step_ (179 x 1): 
-6.65824e-10  5.58096e-09  7.89117e-11 -5.98052e-08  3.87874e-09 -1.48674e-08  2.03637e-09 -4.34573e-11  7.48326e-08  9.80294e-07 -2.92364e-05  5.50723e-06 -2.03116e-05 -7.30654e-06  1.87529e-05  2.04304e-05 -1.67519e-07 -3.17132e-05  5.20454e-07 -5.72283e-05  9.65264e-06 -4.09386e-05  -1.5151e-05  3.70964e-05  3.94431e-05 -5.91977e-07 -5.28972e-05 -4.17958e-07   -8.399e-05  1.33788e-05 -6.23087e-05 -2.31477e-05  5.48117e-05  5.68694e-05 -1.19392e-06 -6.71678e-05 -1.29632e-06 -0.000109674  1.72047e-05 -8.43994e-05 -3.10975e-05  7.18601e-05  7.27401e-05 -1.91269e-06 -7.61961e-05 -1.82334e-06  -0.00013456  2.14013e-05 -0.000107101  -3.8896e-05  8.82879e-05  8.72628e-05 -2.69689e-06 -8.02095e-05 -1.78485e-06 -0.000158979  2.61614e-05 -0.000130252 -4.64686e-05  0.000104194   0.00010077 -3.49199e-06  -7.8405e-05 -9.25136e-07 -0.000183264  3.17187e-05 -0.000153669 -5.37269e-05  0.000119703  0.000113661 -4.23532e-06 -6.97869e-05  1.09091e-06 -0.000207701  3.83839e-05 -0.000177171 -6.05557e-05  0.000134946  0.000126326 -4.85892e-06 -5.42231e-05 -0.000876138 -4.70649e-05 -0.000367507  -5.5692e-05 -2.57776e-05  0.000104731  -0.00123175  0.000988318 -1.42306e-05 -0.000870582 -7.19829e-05 -0.000357459  -7.8951e-05  -3.1341e-05  0.000119829  -0.00121875  0.000988169  -1.5299e-05  0.000131134  -0.00234402  0.000734027  -0.00280919 -0.000814943   0.00270356   0.00226342 -0.000611414 -6.08462e-05  -0.00223944  0.000552529  -0.00290475 -0.000871954   0.00263399   0.00210833 -0.000418658 -0.000124587  -0.00213246  0.000496696  -0.00301478 -0.000888789   0.00254249   0.00193202 -0.000281027 -0.000116572  -0.00203926  0.000509998  -0.00312113 -0.000883479   0.00244588   0.00175919 -0.000177012 -6.97686e-05  -0.00196953  0.000559377  -0.00321167 -0.000866537   0.00235615   0.00160953 -7.74648e-05  5.58886e-06  -0.00192768  0.000634468  -0.00327912 -0.000841298   0.00228108   0.00149685  3.80464e-05  0.000114958  -0.00191406   0.00074061  -0.00331995 -0.000806218   0.00222499    0.0014283  0.000173578  0.000268816  -0.00192603  0.000888235  -0.00333354 -0.000758343   0.00218928   0.00140357  0.000311428   0.00046817  -0.00195894   0.00107847  -0.00332159 -0.000697939   0.00217292   0.00141423  0.000450731  0.000740239  -0.00200565   0.00133863  -0.00328829 -0.000617523   0.00217202   0.00144332 -2.22248e-05
========================================
primal_step_norm SUCCESS
SOLVED , sqp_iter_: 0
AFTER initial_guess_[0].uk: [-0.265966, 0.029783, -0.128958, 0.036864, 0.005748, -0.010560, -0.394802, 0.005473]
BEFORE initial_guess_[0].uk: [-0.265028, 0.029727, -0.128046, 0.036852, 0.006098, -0.010642, -0.394741, 0.007919]
Initialization finished.
Allocations finished.
Setup successful.
Solver is ready.
Starting solver...
Solver initialization verified.
Solver finished.
===== SQP Iteration: 0 =====
step_ (179 x 1): 
-3.28292e-10  1.03967e-08  4.32705e-10  -5.0697e-08  2.85326e-09 -1.50587e-08  4.18227e-09  -1.3046e-10 -5.77128e-08  1.32417e-06 -2.63473e-05  6.28333e-06 -2.11992e-05 -6.70302e-06  1.64728e-05  1.62119e-05 -1.40129e-07 -2.80893e-05  8.06701e-07 -5.23851e-05   1.0794e-05 -4.25074e-05  -1.4088e-05  3.30255e-05  3.21995e-05 -4.93283e-07 -4.27265e-05 -5.25632e-07 -7.80855e-05  1.45362e-05 -6.39478e-05 -2.17772e-05  4.95486e-05  4.79685e-05 -9.47537e-07 -4.83004e-05 -2.02594e-06   -0.0001035  1.81367e-05 -8.55679e-05 -2.95296e-05  6.59559e-05  6.35476e-05 -1.42863e-06 -4.80844e-05   -3.289e-06 -0.000128719  2.19816e-05 -0.000107383 -3.71942e-05  8.21912e-05  7.89888e-05 -1.88666e-06 -4.36648e-05 -3.99679e-06 -0.000153863    2.637e-05 -0.000129377 -4.46523e-05  9.82281e-05  9.43636e-05 -2.28006e-06  -3.5186e-05 -3.81074e-06 -0.000179077  3.16215e-05 -0.000151501 -5.17785e-05  0.000114068  0.000109761  -2.5664e-06 -2.21045e-05 -2.35541e-06  -0.00020452  3.80932e-05 -0.000173668  -5.8436e-05  0.000129744   0.00012528 -2.69865e-06 -4.37411e-06 -0.000874509  -7.0302e-05 -0.000357864 -7.40464e-05 -2.90176e-05  0.000115085  -0.00121679   0.00099083  3.45633e-05 -0.000869435 -9.68879e-05 -0.000347936 -9.58971e-05 -3.43782e-05  0.000130609   -0.0012008  0.000991173   3.4091e-05  0.000176088  -0.00214539  0.000836781  -0.00299875 -0.000743579   0.00236942   0.00179957 -0.000553759  -6.8998e-05  -0.00211665  0.000600787  -0.00300733 -0.000819699   0.00238087   0.00177466 -0.000289926 -0.000177548  -0.00208868  0.000498419  -0.00302644  -0.00085347   0.00237617   0.00175037 -0.000108952 -0.000199924  -0.00206513  0.000479548  -0.00305197 -0.000860505   0.00235935   0.00172927   6.5758e-06 -0.000168323  -0.00204903  0.000512112  -0.00307959 -0.000850762   0.00233455   0.00171391  9.02493e-05 -9.43428e-05  -0.00204268  0.000584539  -0.00310491 -0.000827847   0.00230585   0.00170655  0.000171175  2.46915e-05  -0.00204777  0.000699455  -0.00312331 -0.000791047   0.00227733   0.00170898  0.000262825    0.0001939  -0.00206573  0.000861916   -0.0031299 -0.000739081   0.00225316   0.00172242  0.000355433  0.000404279   -0.0020982   0.00106294  -0.00311935 -0.000675315   0.00223772   0.00174743  0.000452792   0.00067585   -0.0021446   0.00132252  -0.00308846 -0.000595059   0.00223332   0.00177535 -9.82537e-06
========================================
primal_step_norm SUCCESS
SOLVED , sqp_iter_: 0
AFTER initial_guess_[0].uk: [-0.264645, 0.025061, -0.126226, 0.030329, 0.004157, -0.004457, -0.390044, 0.005150]
BEFORE initial_guess_[0].uk: [-0.263700, 0.025008, -0.125308, 0.030306, 0.004507, -0.004555, -0.389992, 0.007611]
Initialization finished.
Allocations finished.
Setup successful.
Solver is ready.
Starting solver...
Solver initialization verified.
Solver finished.
===== SQP Iteration: 0 =====
step_ (179 x 1): 
-4.31538e-10  6.44044e-08  3.31786e-10 -2.51826e-08 -7.36152e-11 -1.50183e-08  1.67363e-09  2.38779e-10 -4.60385e-08  1.39628e-06  -2.5385e-05   6.2145e-06 -2.05531e-05 -6.44581e-06  1.53072e-05  1.57976e-05 -1.34867e-07 -2.76536e-05  9.17084e-07 -5.04953e-05  1.06233e-05 -4.11927e-05 -1.35726e-05  3.07403e-05  3.14251e-05 -4.82544e-07 -4.21547e-05 -4.09917e-07 -7.53302e-05  1.42308e-05 -6.19121e-05 -2.09986e-05  4.62015e-05   4.6895e-05 -9.29622e-07 -4.75288e-05 -1.92591e-06 -9.99548e-05  1.76758e-05 -8.27594e-05 -2.84767e-05  6.16016e-05  6.22393e-05 -1.40112e-06 -4.70347e-05 -3.20936e-06 -0.000124457  2.13602e-05  -0.00010376 -3.58506e-05  7.68743e-05  7.75042e-05 -1.84655e-06 -4.23082e-05 -3.92686e-06 -0.000148944  2.55984e-05 -0.000124911 -4.29991e-05  9.19784e-05  9.27495e-05 -2.22405e-06 -3.35689e-05 -3.72969e-06  -0.00017354  3.07201e-05 -0.000146179 -4.97968e-05  0.000106899  0.000108048 -2.49127e-06 -2.03925e-05   -2.237e-06 -0.000198387  3.70847e-05 -0.000167495 -5.61086e-05  0.000121653  0.000123486 -2.60613e-06 -2.77027e-06 -0.000869263 -8.99847e-05 -0.000349033 -8.89136e-05 -3.16914e-05  0.000121589  -0.00120267  0.000991281  3.52474e-05 -0.000864137 -0.000115942 -0.000339198 -0.000109948 -3.66914e-05  0.000136163  -0.00118675  0.000991631  3.47899e-05  0.000185838  -0.00207327  0.000827795  -0.00291138 -0.000714752    0.0022019   0.00175495 -0.000553401 -6.38949e-05  -0.00204862  0.000587226  -0.00291297 -0.000790877   0.00222106   0.00173555 -0.000289466  -0.00017683  -0.00202642  0.000480501  -0.00292434 -0.000824097   0.00222451    0.0017181  -0.00010704 -0.000202007  -0.00200925  0.000458818  -0.00294246 -0.000829918   0.00221531   0.00170417  1.02228e-05 -0.000171032  -0.00199917  0.000490719  -0.00296396 -0.000818393    0.0021967   0.00169536  9.47675e-05 -9.55972e-05  -0.00199771  0.000564541  -0.00298509 -0.000793366   0.00217213    0.0016932  0.000174952  2.62931e-05   -0.0020061  0.000682235  -0.00300158 -0.000754432   0.00214535   0.00169912  0.000264032  0.000198673  -0.00202559  0.000847779  -0.00300849 -0.000700608   0.00212054   0.00171433  0.000352742  0.000411415    -0.002058   0.00105107  -0.00300012 -0.000635424   0.00210247   0.00173978  0.000444565  0.000682499  -0.00210458   0.00131008  -0.00297111 -0.000555067   0.00209531   0.00176735 -9.23233e-06
========================================
primal_step_norm SUCCESS
SOLVED , sqp_iter_: 0
AFTER initial_guess_[0].uk: [-0.263296, 0.020498, -0.123507, 0.023974, 0.002642, 0.001192, -0.385412, 0.004844]
BEFORE initial_guess_[0].uk: [-0.262343, 0.020443, -0.122581, 0.023945, 0.002996, 0.001084, -0.385361, 0.007340]
Initialization finished.
Allocations finished.
Setup successful.
Solver is ready.
Starting solver...
Solver initialization verified.
Solver finished.
===== SQP Iteration: 0 =====
step_ (179 x 1): 
-1.14055e-09  2.67533e-07 -8.57684e-10 -1.22198e-07 -1.91199e-09 -5.96868e-08 -2.03421e-08  -2.3732e-09 -4.40148e-07 -3.51036e-07 -2.44918e-05   7.9713e-06 -2.00522e-05  -6.1954e-06  1.42651e-05  1.55825e-05  -1.4613e-07 -2.83674e-05 -2.60292e-06 -4.87967e-05  1.41117e-05 -4.00226e-05 -1.30864e-05  2.87257e-05  3.10223e-05 -5.03791e-07  -4.3231e-05 -5.72276e-06  -7.2862e-05  1.94304e-05 -6.00462e-05 -2.02854e-05  4.32359e-05  4.63186e-05 -9.64028e-07 -4.89221e-05 -9.03908e-06 -9.67565e-05   2.4578e-05 -8.01745e-05 -2.75404e-05  5.77008e-05  6.15023e-05 -1.45123e-06 -4.86403e-05 -1.21164e-05 -0.000120577  2.99704e-05 -0.000100434 -3.46893e-05  7.20507e-05  7.66181e-05 -1.91381e-06 -4.40478e-05 -1.46096e-05 -0.000144435  3.59334e-05 -0.000120825 -4.16057e-05  8.62386e-05  9.17243e-05 -2.31059e-06 -3.54068e-05 -1.61648e-05 -0.000168453  4.28014e-05 -0.000141319 -4.81613e-05  0.000100242  0.000106889 -2.59921e-06 -2.23585e-05 -1.64041e-05 -0.000192759  5.09315e-05 -0.000161857 -5.42225e-05  0.000114065  0.000122191   -2.736e-06 -4.97511e-06 -0.000880023 -0.000109647 -0.000323573 -0.000103564 -3.45469e-05  0.000127624  -0.00118819  0.000991477  3.21376e-05 -0.000876623 -0.000134913 -0.000311965 -0.000123872 -3.92875e-05  0.000141224  -0.00117243  0.000991797  3.16742e-05 -4.66715e-05  -0.00201085   0.00106214  -0.00280961 -0.000687467   0.00206081   0.00173482 -0.000554042 -0.000300006  -0.00198522  0.000817957  -0.00280934 -0.000764913   0.00208318    0.0017159 -0.000292219 -0.000415636  -0.00196222  0.000708478  -0.00281957 -0.000799118   0.00208915   0.00169897 -0.000109843 -0.000441831  -0.00194438  0.000685672  -0.00283729 -0.000805347   0.00208161   0.00168553  8.61021e-06 -0.000410011  -0.00193373  0.000718269  -0.00285915 -0.000793591   0.00206374   0.00167714  9.43844e-05 -0.000332247  -0.00193174  0.000794246  -0.00288137 -0.000767798   0.00203891   0.00167528  0.000174834 -0.000207328  -0.00193956  0.000914793  -0.00289966 -0.000727783   0.00201088   0.00168134  0.000262674 -3.21572e-05  -0.00195829   0.00108296  -0.00290903 -0.000672826   0.00198385   0.00169651  0.000348891  0.000182498  -0.00198956   0.00128802  -0.00290379  -0.00060662    0.0019626   0.00172174  0.000436422  0.000452875  -0.00203597   0.00154619  -0.00287693 -0.000526228   0.00195277     0.001749 -8.79489e-06
========================================
primal_step_norm SUCCESS
SOLVED , sqp_iter_: 0
AFTER initial_guess_[0].uk: [-0.262444, 0.016069, -0.120271, 0.017834, 0.001201, 0.006463, -0.380833, 0.004570]
BEFORE initial_guess_[0].uk: [-0.261482, 0.016012, -0.119336, 0.017799, 0.001559, 0.006345, -0.380782, 0.007101]
Initialization finished.
Allocations finished.
Setup successful.
Solver is ready.
Starting solver...
Solver initialization verified.
Solver finished.
===== SQP Iteration: 0 =====
step_ (179 x 1): 
-1.23801e-09 -2.21634e-07 -1.53673e-09  8.19614e-08 -9.74168e-10  4.76121e-08 -1.57288e-08 -2.03374e-09  9.90518e-07 -1.95499e-06  6.24966e-05 -1.59197e-07  5.13768e-05  1.83283e-05 -6.01346e-05 -9.79569e-06  -1.3127e-07 -2.73163e-05 -6.09379e-06  0.000125479 -2.43895e-06   0.00010286  3.58342e-05  -0.00011984 -1.90016e-05 -4.65941e-07 -3.79868e-05 -1.14457e-05  0.000187745 -5.89819e-06  0.000154949  5.28776e-05 -0.000178814 -2.70653e-05 -8.41195e-07 -3.55705e-05 -1.73031e-05  0.000249103 -9.85333e-06  0.000207677  6.97205e-05 -0.000237038 -3.37068e-05  -1.1511e-06 -2.50161e-05 -2.31488e-05  0.000309514 -1.38079e-05  0.000260986  8.65545e-05 -0.000294589 -3.88564e-05 -1.33111e-06 -9.70632e-06   -2.854e-05  0.000369031  -1.7337e-05  0.000314764  0.000103542 -0.000351597 -4.26107e-05  -1.3417e-06  8.62054e-06 -3.30232e-05  0.000427751  -2.0004e-05  0.000368894  0.000120848 -0.000408225 -4.51793e-05 -1.15651e-06    2.933e-05 -3.61358e-05  0.000485753 -2.13628e-05  0.000423284  0.000138647 -0.000464627 -4.68247e-05 -7.55188e-07  5.18643e-05 -0.000899123  0.000625625 -0.000393649  0.000536372  0.000177459 -0.000507447  -0.00135794  0.000994356  9.10223e-05 -0.000898423  0.000682101 -0.000391369  0.000591299  0.000196612 -0.000563715   -0.0013585  0.000995266  9.13171e-05 -0.000260122   0.00518303 -2.06563e-05    0.0071783   0.00203442  -0.00868103  -0.00109284 -0.000608301 -0.000551076   0.00514826 -0.000303322   0.00724781   0.00194318  -0.00859162  -0.00102336  -0.00023786 -0.000712689   0.00507857 -0.000460467   0.00734233   0.00189175  -0.00848194 -0.000895406  2.62228e-05 -0.000780008   0.00499303 -0.000526536   0.00744124   0.00186948  -0.00837045 -0.000736419   0.00019132 -0.000778461   0.00490482 -0.000526472   0.00753094   0.00186846  -0.00827043 -0.000569969  0.000288745 -0.000717906   0.00482228 -0.000469815   0.00760399   0.00188548   -0.0081904 -0.000414747  0.000351869 -0.000596986   0.00474974 -0.000355035   0.00765832   0.00192087  -0.00813445 -0.000283547    0.0004026  -0.00041442   0.00468796 -0.000180777   0.00769657   0.00197507  -0.00810252 -0.000182309  0.000441972 -0.000185828   0.00463439  3.73909e-05   0.00772561   0.00204345  -0.00809057 -0.000109352  0.000480265  9.32954e-05   0.00458156  0.000303908   0.00775815   0.00212595  -0.00808924 -6.32918e-05  3.46886e-06
========================================
primal_step_norm SUCCESS
SOLVED , sqp_iter_: 0
AFTER initial_guess_[0].uk: [-0.262048, 0.027285, -0.119381, 0.033411, 0.006869, -0.016312, -0.383635, 0.004060]
BEFORE initial_guess_[0].uk: [-0.261149, 0.027094, -0.118513, 0.033516, 0.007200, -0.016272, -0.383355, 0.007175]
Initialization finished.
Allocations finished.
Setup successful.
Solver is ready.
Starting solver...
Solver initialization verified.
Solver finished.
===== SQP Iteration: 0 =====
step_ (179 x 1): 
-9.62979e-10  3.55826e-07  -5.6082e-11 -1.10924e-07 -4.45264e-09 -6.57107e-08  -4.6255e-08 -1.41599e-09 -6.98085e-07 -2.48777e-07 -3.05476e-05  7.26753e-06 -2.18133e-05  -7.5093e-06  1.86852e-05  2.07137e-05 -1.86925e-07 -3.54966e-05 -2.08309e-06 -6.07599e-05  1.30318e-05 -4.39067e-05 -1.55793e-05  3.71324e-05  4.00349e-05 -6.47766e-07 -5.85229e-05 -4.47074e-06 -8.96953e-05  1.83057e-05 -6.67241e-05 -2.38236e-05  5.49844e-05  5.77411e-05 -1.30337e-06 -7.42436e-05 -6.79996e-06 -0.000117547    2.368e-05 -9.02659e-05 -3.20148e-05  7.21746e-05  7.38617e-05  -2.0884e-06 -8.42244e-05 -8.71572e-06  -0.00014463  2.94876e-05 -0.000114438 -4.00243e-05  8.87283e-05  8.86066e-05 -2.94706e-06 -8.87929e-05 -9.96169e-06 -0.000171309   3.5962e-05 -0.000139092 -4.77623e-05  0.000104732  0.000102312 -3.82217e-06 -8.74338e-05 -1.02697e-05 -0.000197932  4.33479e-05 -0.000164055 -5.51403e-05  0.000120305  0.000115381 -4.65064e-06 -7.95552e-05 -9.32439e-06 -0.000224787  5.19345e-05 -0.000189156 -6.20456e-05  0.000135577  0.000128207 -5.37083e-06    -6.53e-05 -0.000867715 -0.000112903  -0.00030828 -0.000100896 -2.88259e-05  0.000107873  -0.00116959  0.000989463 -2.98248e-05 -0.000863203 -0.000140874 -0.000296291 -0.000125793  -3.4442e-05  0.000122908  -0.00115641  0.000989162 -3.08866e-05  -3.3728e-05  -0.00261722  0.000967145  -0.00300384 -0.000832935   0.00272478   0.00230933 -0.000622761  -0.00024459  -0.00250363  0.000767465  -0.00309642 -0.000895318   0.00266054   0.00215037 -0.000431003 -0.000318281  -0.00238879  0.000702188  -0.00320729 -0.000914639   0.00257036   0.00196929 -0.000288588  -0.00031049  -0.00228963   0.00071557  -0.00331735  -0.00090876   0.00247179   0.00179152 -0.000177575  -0.00025541  -0.00221624  0.000773321  -0.00341358 -0.000888636   0.00237756   0.00163742 -7.32869e-05 -0.000166185  -0.00217319  0.000862177  -0.00348786 -0.000858558   0.00229623   0.00152128  4.12391e-05 -4.13545e-05   -0.0021606   0.00098349  -0.00353593 -0.000818285   0.00223284   0.00145043  0.000168497  0.000125396  -0.00217543   0.00114357  -0.00355662 -0.000766158   0.00218944   0.00142444  0.000292504  0.000332727  -0.00221237   0.00134122  -0.00355134 -0.000703136   0.00216543   0.00143449  0.000409776  0.000600935  -0.00226336   0.00159692   -0.0035242 -0.000623836   0.00215728   0.00146292 -2.00197e-05
========================================
primal_step_norm SUCCESS
SOLVED , sqp_iter_: 0
AFTER initial_guess_[0].uk: [-0.261223, 0.021401, -0.116409, 0.026982, 0.005026, -0.009160, -0.377327, 0.004061]
BEFORE initial_guess_[0].uk: [-0.260225, 0.021330, -0.115439, 0.026947, 0.005398, -0.009273, -0.377267, 0.006725]
Initialization finished.
Allocations finished.
Setup successful.
Solver is ready.
Starting solver...
Solver initialization verified.
Solver finished.
===== SQP Iteration: 0 =====
step_ (179 x 1): 
-1.04081e-09  3.45956e-07 -1.10512e-10 -9.69985e-08 -4.93069e-09 -5.92196e-08 -3.69996e-08 -1.84994e-09 -4.64201e-07  2.11176e-06  -2.9023e-05  6.20144e-06 -2.26857e-05 -6.79474e-06  1.65107e-05  1.65254e-05 -1.30214e-07 -2.79321e-05  2.20583e-06 -5.71344e-05  1.04596e-05 -4.55288e-05 -1.43452e-05  3.30939e-05  3.27523e-05 -4.89834e-07  -4.3822e-05  1.36402e-06 -8.48594e-05  1.38321e-05 -6.84663e-05 -2.22456e-05  4.96911e-05  4.87543e-05 -9.62251e-07 -5.05025e-05  3.10337e-07 -0.000112281   1.7021e-05 -9.15624e-05 -3.02262e-05  6.61944e-05  6.45627e-05 -1.47048e-06 -5.09795e-05 -4.73727e-07 -0.000139518  2.04874e-05 -0.000114849 -3.81072e-05  8.25265e-05  8.02311e-05 -1.96051e-06 -4.68701e-05 -6.13384e-07 -0.000166717  2.45859e-05 -0.000138322 -4.57497e-05  9.86435e-05  9.58349e-05 -2.38873e-06 -3.85731e-05  2.52761e-07 -0.000194045  2.96572e-05 -0.000161941 -5.30173e-05  0.000114534  0.000111465 -2.71231e-06 -2.59522e-05   2.4865e-06 -0.000221686   3.6042e-05 -0.000185627 -5.97804e-05  0.000130221  0.000127222 -2.88854e-06 -9.28757e-06  -0.00085002  -0.00013856 -0.000314306  -0.00012082 -3.20124e-05  0.000117994  -0.00115434  0.000992203  2.52429e-05 -0.000844146 -0.000167369 -0.000304451  -0.00014423 -3.74656e-05   0.00013348  -0.00113812  0.000992453  2.47516e-05  0.000281381  -0.00231627  0.000826295  -0.00322312 -0.000754558   0.00236565   0.00182683 -0.000578507  1.25378e-05  -0.00228306  0.000567218  -0.00322311 -0.000838138   0.00238651   0.00180191 -0.000319939 -0.000112131  -0.00225296  0.000449207  -0.00323602 -0.000876988   0.00238818    0.0017775 -0.000135242 -0.000140354  -0.00222942  0.000424762  -0.00325786 -0.000885885   0.00237462   0.00175624 -1.09131e-05 -0.000104427  -0.00221519  0.000461729  -0.00328431 -0.000874805   0.00235009   0.00174074  8.09836e-05 -1.85837e-05  -0.00221224  0.000545913  -0.00331072 -0.000848172   0.00231903    0.0017333  0.000164809  0.000115391  -0.00222181  0.000675502  -0.00333212 -0.000806672   0.00228602    0.0017357  0.000251555  0.000297567  -0.00224487  0.000850525  -0.00334313 -0.000750609   0.00225585   0.00174912  0.000332862  0.000515624  -0.00228256    0.0010587   -0.0033379 -0.000684391   0.00223356   0.00177404  0.000410135  0.000782199  -0.00233358   0.00131272  -0.00331288 -0.000605595     0.002222   0.00180127 -8.98763e-06
========================================
primal_step_norm SUCCESS
SOLVED , sqp_iter_: 0
AFTER initial_guess_[0].uk: [-0.259613, 0.016292, -0.113642, 0.019937, 0.003428, -0.003099, -0.372499, 0.003833]
BEFORE initial_guess_[0].uk: [-0.258612, 0.016221, -0.112670, 0.019892, 0.003800, -0.003228, -0.372447, 0.006480]
Initialization finished.
Allocations finished.
Setup successful.
Solver is ready.
Starting solver...
Solver initialization verified.
Solver finished.
===== SQP Iteration: 0 =====
step_ (179 x 1): 
 -9.3667e-10  3.13389e-07 -2.26605e-10  -8.1527e-08 -4.26728e-09 -4.86157e-08 -3.07375e-08 -1.15444e-09 -2.06509e-07  2.17031e-06 -2.80813e-05  6.16532e-06 -2.20443e-05  -6.5421e-06   1.5344e-05  1.61372e-05 -1.31296e-07 -2.77997e-05  2.29465e-06 -5.52847e-05  1.03594e-05 -4.41943e-05 -1.38392e-05   3.0806e-05  3.20448e-05 -4.88314e-07 -4.34439e-05  1.45148e-06 -8.21575e-05   1.3636e-05 -6.63919e-05 -2.14811e-05  4.63338e-05   4.7792e-05 -9.55727e-07 -4.98648e-05  3.74085e-07 -0.000108793  1.67066e-05 -8.87007e-05 -2.91931e-05  6.18179e-05  6.34128e-05 -1.45599e-06 -5.00441e-05 -4.40423e-07 -0.000135308  2.00475e-05  -0.00011116 -3.67911e-05  7.71723e-05  7.89548e-05 -1.93508e-06  -4.5624e-05 -6.01723e-07 -0.000161839  2.40288e-05 -0.000133778 -4.41315e-05  9.23387e-05  9.44799e-05 -2.34884e-06 -3.70766e-05  2.61334e-07 -0.000188533   2.9001e-05  -0.00015653 -5.10793e-05  0.000107289  0.000110063 -2.65594e-06 -2.43588e-05  2.51119e-06 -0.000215553  3.53062e-05 -0.000179352 -5.75069e-05  0.000122031  0.000125788 -2.81683e-06 -7.81249e-06 -0.000844095 -0.000160563 -0.000305256 -0.000137163 -3.48487e-05  0.000124295  -0.00113957  0.000992536  2.58925e-05 -0.000838206 -0.000188727 -0.000295481 -0.000159741 -3.99578e-05  0.000138799  -0.00112338  0.000992794  2.54537e-05  0.000289187  -0.00223441  0.000821505  -0.00313301 -0.000726755   0.00219667   0.00178503 -0.000572458  1.66107e-05  -0.00220435  0.000558739  -0.00312686 -0.000810079   0.00222478   0.00176581 -0.000315635 -0.000112273  -0.00217921  0.000436523  -0.00313272 -0.000848348    0.0022342   0.00174852 -0.000130835 -0.000143475  -0.00216139  0.000409075  -0.00314765 -0.000856109   0.00222793   0.00173472 -5.62883e-06 -0.000108429  -0.00215272  0.000445111  -0.00316827 -0.000843348   0.00220937   0.00172603  8.65951e-05  -2.1404e-05  -0.00215439  0.000530413  -0.00319061 -0.000814705   0.00218229   0.00172401   0.00016926  0.000115055  -0.00216718  0.000662414  -0.00321005   -0.0007712   0.00215097   0.00173006  0.000253053  0.000299804  -0.00219183  0.000839943  -0.00322122 -0.000713473   0.00212018   0.00174536  0.000330144  0.000519333  -0.00222966   0.00104954  -0.00321793 -0.000646119   0.00209533   0.00177079  0.000401851  0.000784422  -0.00228111   0.00130201  -0.00319457 -0.000567525   0.00208107   0.00179769 -8.28514e-06
========================================
primal_step_norm SUCCESS
SOLVED , sqp_iter_: 0
AFTER initial_guess_[0].uk: [-0.257983, 0.011362, -0.110883, 0.013078, 0.001903, 0.002506, -0.367788, 0.003617]
BEFORE initial_guess_[0].uk: [-0.256980, 0.011287, -0.109909, 0.013029, 0.002276, 0.002368, -0.367738, 0.006267]
Initialization finished.
Allocations finished.
Setup successful.
Solver is ready.
Starting solver...
Solver initialization verified.
Solver finished.
===== SQP Iteration: 0 =====
step_ (179 x 1): 
-7.65037e-10  2.54024e-07   1.3527e-10  -7.0208e-08 -2.92503e-09 -3.80977e-08  -2.1688e-08 -8.71166e-10 -9.06706e-08  2.18174e-06 -2.72777e-05  6.13985e-06 -2.13454e-05 -6.27254e-06  1.43042e-05  1.59536e-05 -1.37273e-07 -2.81029e-05  2.29839e-06 -5.37273e-05  1.02897e-05 -4.27522e-05 -1.33087e-05  2.87563e-05  3.16926e-05 -4.97411e-07 -4.38653e-05  1.42965e-06 -7.98485e-05  1.35049e-05 -6.41935e-05 -2.06972e-05  4.32909e-05  4.72776e-05 -9.69537e-07 -5.04595e-05  3.18238e-07 -0.000105742  1.65059e-05 -8.57344e-05 -2.81594e-05  5.77951e-05  6.27404e-05  -1.4765e-06 -5.07698e-05 -5.25703e-07  -0.00013153   1.9782e-05 -0.000107417 -3.55051e-05  7.21776e-05  7.81286e-05  -1.9634e-06 -4.64396e-05 -7.01516e-07 -0.000157347  2.37131e-05 -0.000129255 -4.25863e-05  8.63733e-05  9.35026e-05 -2.38629e-06 -3.79667e-05   1.6585e-07  -0.00018334  2.86539e-05 -0.000151229 -4.92668e-05  0.000100347  0.000108934 -2.70327e-06 -2.53786e-05  2.43453e-06 -0.000209661  3.49422e-05 -0.000173283 -5.54189e-05  0.000114097  0.000124504 -2.87451e-06  -9.0801e-06 -0.000838258 -0.000182112 -0.000295855 -0.000152969 -3.75909e-05  0.000129821  -0.00112482  0.000992721  2.37908e-05 -0.000832354 -0.000209579 -0.000286103 -0.000174812 -4.24214e-05  0.000143293  -0.00110878  0.000992958  2.33766e-05   0.00029064   -0.0021698  0.000818041  -0.00303132  -0.00069688   0.00204729   0.00176534  -0.00056881  1.55676e-05  -0.00213901  0.000552867  -0.00302317 -0.000781144   0.00207867   0.00174661 -0.000315848 -0.000115682  -0.00211401  0.000428353  -0.00302709 -0.000820251   0.00209087   0.00172984 -0.000132359 -0.000147991  -0.00209699  0.000399843  -0.00304038 -0.000828393   0.00208668   0.00171657 -6.76007e-06 -0.000112372  -0.00208952   0.00043647   -0.0030598 -0.000815426   0.00206936   0.00170834  8.62109e-05 -2.33858e-05  -0.00209254  0.000523725  -0.00308157 -0.000786079   0.00204256   0.00170666  0.000168818  0.000115597  -0.00210653  0.000658225   -0.0031012 -0.000741611   0.00201049   0.00171289  0.000251149  0.000302423  -0.00213195  0.000837796  -0.00311346 -0.000682952   0.00197789   0.00172819  0.000325647  0.000522932  -0.00216978   0.00104833  -0.00311227 -0.000614854   0.00195016   0.00175344  0.000393318  0.000786368  -0.00222173    0.0012991  -0.00309048 -0.000536507   0.00193336   0.00178005 -7.98517e-06
========================================
primal_step_norm SUCCESS
SOLVED , sqp_iter_: 0
AFTER initial_guess_[0].uk: [-0.256347, 0.006568, -0.108130, 0.006436, 0.000457, 0.007711, -0.363130, 0.003423]
BEFORE initial_guess_[0].uk: [-0.255340, 0.006489, -0.107151, 0.006383, 0.000832, 0.007565, -0.363080, 0.006075]
Initialization finished.
Allocations finished.
Setup successful.
Solver is ready.
Starting solver...
Solver initialization verified.
Solver finished.
===== SQP Iteration: 0 =====
step_ (179 x 1): 
 1.17308e-09 -7.46591e-07  6.51827e-10  2.08267e-07  7.66806e-09  1.10202e-07  6.01167e-08  2.36813e-09  8.22785e-07 -2.46832e-06  5.61899e-05  2.03355e-06  4.67503e-05  1.65472e-05 -5.70847e-05   -5.384e-06 -1.37976e-07 -2.86234e-05 -7.29987e-06  0.000113377  1.77167e-06  9.36544e-05  3.21921e-05 -0.000113702 -1.02426e-05 -4.88809e-07 -4.08052e-05 -1.34964e-05   0.00016991  1.80566e-07  0.000141206  4.73277e-05 -0.000169552  -1.3944e-05 -8.97666e-07 -4.02317e-05 -2.02857e-05  0.000225589  -1.9929e-06  0.000189419  6.22234e-05 -0.000224641 -1.62075e-05 -1.25943e-06 -3.13527e-05 -2.70715e-05  0.000280365 -4.17449e-06  0.000238215  7.70991e-05 -0.000279065 -1.69636e-05 -1.50733e-06 -1.73811e-05 -3.33439e-05  0.000334281  -5.8733e-06  0.000287463  9.21444e-05 -0.000332977 -1.63123e-05 -1.60009e-06 -1.35812e-07  -3.8616e-05  0.000387417 -6.62002e-06  0.000337031  0.000107539 -0.000386556 -1.44696e-05 -1.50881e-06  1.94412e-05 -4.24331e-05  0.000439842 -5.97843e-06  0.000386813  0.000123451 -0.000439968 -1.17061e-05 -1.21371e-06   4.0472e-05 -0.000883207   0.00051849 -0.000332574  0.000457229   0.00015853 -0.000477741  -0.00125736  0.000995122  7.52691e-05 -0.000883224   0.00056946 -0.000328309  0.000507419  0.000175799 -0.000531133  -0.00125352  0.000995875  7.56216e-05 -0.000328994   0.00473375  0.000271092   0.00651538    0.0018348  -0.00825518 -0.000617202 -0.000608093 -0.000643504   0.00470581 -3.46399e-05     0.006592   0.00173611  -0.00815675 -0.000546138 -0.000256429   -0.0008253   0.00464019 -0.000211666   0.00669241   0.00167825  -0.00804046 -0.000415656  1.84556e-06 -0.000904205   0.00455607 -0.000289203   0.00679571   0.00165224  -0.00792502 -0.000253707  0.000170587 -0.000903716   0.00446684 -0.000290252   0.00688805   0.00165079  -0.00782377 -8.43433e-05  0.000274538  -0.00083532   0.00438121 -0.000225952   0.00696187   0.00167021  -0.00774512  7.33519e-05  0.000340931 -0.000702084     0.004304 -9.91643e-05   0.00701517   0.00170945  -0.00769282  0.000206336  0.000387979   -0.0005084   0.00423658  8.58241e-05   0.00705087   0.00176716  -0.00766625  0.000308582  0.000417368 -0.000274045   0.00417694  0.000309315   0.00707619   0.00183743  -0.00766073  0.000381904  0.000437234 -2.17681e-06   0.00411842  0.000568122   0.00710412   0.00191779   -0.0076663  0.000427466  5.03515e-06
========================================
primal_step_norm SUCCESS
SOLVED , sqp_iter_: 0
AFTER initial_guess_[0].uk: [-0.256055, 0.016785, -0.106562, 0.020554, 0.005621, -0.013982, -0.364691, 0.003035]
BEFORE initial_guess_[0].uk: [-0.255123, 0.016572, -0.105661, 0.020644, 0.005964, -0.013969, -0.364407, 0.006199]
Initialization finished.
Allocations finished.
Setup successful.
Solver is ready.
Starting solver...
Solver initialization verified.
Solver finished.
===== SQP Iteration: 0 =====
step_ (179 x 1): 
-1.59705e-10  9.97861e-08  6.71919e-10 -1.61171e-08 -1.22413e-09 -8.39988e-09 -1.86184e-09  4.00151e-11  1.06734e-07  3.50369e-06 -3.20417e-05   3.8421e-06 -2.31577e-05 -7.53824e-06  1.84249e-05  2.07549e-05 -1.81046e-07 -3.32226e-05  5.32268e-06 -6.42695e-05  6.08739e-06 -4.64677e-05  -1.5674e-05   3.6713e-05  4.01864e-05 -6.22216e-07 -5.56757e-05  6.52725e-06 -9.51514e-05  7.78598e-06 -7.04993e-05 -2.40015e-05  5.44322e-05  5.79753e-05 -1.25172e-06 -7.08712e-05  7.79012e-06 -0.000124929  9.58825e-06 -9.52586e-05 -3.22691e-05  7.15018e-05  7.41483e-05 -2.00347e-06 -8.01872e-05  9.52624e-06 -0.000153956  1.18859e-05 -0.000120661 -4.03257e-05  8.79312e-05  8.89192e-05 -2.82076e-06 -8.40484e-05  1.20314e-05  -0.00018262  1.49508e-05 -0.000146566 -4.80679e-05  0.000103791   0.00010263 -3.64819e-06 -8.22329e-05  1.55795e-05 -0.000211284  1.90317e-05 -0.000172808 -5.54039e-05  0.000119188  0.000115691 -4.42832e-06 -7.44688e-05  2.04584e-05 -0.000240248  2.43922e-05 -0.000199219 -6.22392e-05  0.000134243  0.000128508  -5.1045e-06 -6.11541e-05 -0.000811808 -0.000191816 -0.000293388 -0.000155014 -3.26904e-05  0.000111271  -0.00110384  0.000990953 -2.98092e-05 -0.000803395 -0.000221864 -0.000284664  -0.00018138 -3.82566e-05  0.000125933   -0.0010907   0.00099065 -3.08131e-05  0.000466725  -0.00278828  0.000511406  -0.00318134 -0.000834743   0.00269724   0.00232259 -0.000624279  0.000242162  -0.00266669  0.000298781  -0.00327005 -0.000901357    0.0026399   0.00216118 -0.000440563  0.000160283  -0.00254627  0.000225935  -0.00337964 -0.000923114   0.00255322   0.00197701 -0.000297757  0.000168013  -0.00244401  0.000239717  -0.00349065  -0.00091706   0.00245501   0.00179606 -0.000181917  0.000231022  -0.00236999  0.000305689  -0.00358957 -0.000894219   0.00235847    0.0016391 -7.38081e-05  0.000333464  -0.00232856  0.000407882  -0.00366776  -0.00085976   0.00227273   0.00152071  3.92631e-05  0.000472413  -0.00231955  0.000543283  -0.00372047 -0.000814829   0.00220346   0.00144833  0.000157979  0.000649533   -0.0023394  0.000713566  -0.00374613  -0.00075925   0.00215331   0.00142142  0.000268343  0.000860945  -0.00238208  0.000915017  -0.00374591 -0.000694773   0.00212211   0.00143083  0.000365534   0.00112065   -0.0024387   0.00116185  -0.00372379  -0.00061794   0.00210676   0.00145842 -1.99691e-05
========================================
primal_step_norm SUCCESS
SOLVED , sqp_iter_: 0
AFTER initial_guess_[0].uk: [-0.254108, 0.010508, -0.104549, 0.013724, 0.003785, -0.006929, -0.358346, 0.003078]
BEFORE initial_guess_[0].uk: [-0.253074, 0.010415, -0.103545, 0.013672, 0.004171, -0.007072, -0.358286, 0.005798]
Initialization finished.
Allocations finished.
Setup successful.
Solver is ready.
Starting solver...
Solver initialization verified.
Solver finished.
===== SQP Iteration: 0 =====
step_ (179 x 1): 
 -2.6106e-10   1.6061e-07 -8.52879e-11 -4.84926e-08 -1.29211e-09 -2.31098e-08 -5.60004e-09 -8.49409e-11  1.51223e-07  9.29893e-07  -3.0631e-05  8.11415e-06 -2.41483e-05 -6.87131e-06  1.62057e-05  1.66998e-05 -1.46038e-07 -2.86694e-05 -2.93254e-07 -6.07231e-05  1.41534e-05 -4.82416e-05 -1.45479e-05  3.26205e-05  3.31788e-05 -5.15549e-07 -4.50805e-05 -2.55738e-06 -9.03882e-05   1.9204e-05 -7.23987e-05 -2.26154e-05  4.90879e-05  4.94388e-05 -1.00383e-06 -5.24118e-05 -5.07602e-06 -0.000119741  2.40295e-05 -9.66964e-05 -3.07804e-05  6.54825e-05  6.55074e-05  -1.5333e-06  -5.3328e-05  -7.2977e-06 -0.000148929  2.91596e-05 -0.000121179 -3.88362e-05  8.17088e-05  8.14359e-05 -2.04767e-06  -4.9413e-05 -8.79548e-06 -0.000178123  3.49998e-05 -0.000145856 -4.66226e-05  9.77052e-05  9.72965e-05 -2.50148e-06 -4.13002e-05 -9.19085e-06 -0.000207501  4.19068e-05   -0.0001707 -5.39989e-05  0.000113444  0.000113177 -2.85364e-06 -2.92233e-05 -8.14518e-06  -0.00023724  5.01991e-05 -0.000195646 -6.08435e-05  0.000128934  0.000129177 -3.06829e-06 -1.37212e-05 -0.000835754 -0.000219789  -0.00025585 -0.000176225 -3.68402e-05  0.000121143   -0.0010867   0.00099316  1.67126e-05 -0.000831114 -0.000250721 -0.000244138 -0.000201027 -4.23926e-05  0.000136307  -0.00107024  0.000993325  1.63225e-05  0.000123923  -0.00248279   0.00108117  -0.00340473 -0.000762777    0.0023325   0.00185424 -0.000573879  -0.00016291  -0.00244206   0.00080456   -0.0033992 -0.000852135   0.00236186   0.00182942 -0.000329906 -0.000301574  -0.00240664  0.000672858  -0.00340886 -0.000895542   0.00236908   0.00180495  -0.00014858 -0.000335484  -0.00238005   0.00064286  -0.00342964 -0.000906393   0.00235812   0.00178354 -2.03759e-05  -0.00029594  -0.00236502   0.00068341  -0.00345698 -0.000894328   0.00233339   0.00176786  7.62998e-05 -0.000199512  -0.00236334  0.000778003  -0.00348593  -0.00086448   0.00229966   0.00176024  0.000160394 -5.26775e-05  -0.00237599  0.000920166  -0.00351112 -0.000818993   0.00226201   0.00176247  0.000240185  0.000139286   -0.0024035   0.00110463  -0.00352672  -0.00075984   0.00222579   0.00177568  0.000308875  0.000360799  -0.00244649   0.00131588  -0.00352652 -0.000692451   0.00219663   0.00180024  0.000366643  0.000617934  -0.00250288   0.00156008  -0.00350674 -0.000616424   0.00217784   0.00182661 -8.08284e-06
========================================
primal_step_norm SUCCESS
SOLVED , sqp_iter_: 0
AFTER initial_guess_[0].uk: [-0.252805, 0.005015, -0.101193, 0.006266, 0.002180, -0.000984, -0.353446, 0.002928]
BEFORE initial_guess_[0].uk: [-0.251772, 0.004925, -0.100191, 0.006204, 0.002563, -0.001142, -0.353396, 0.005603]
Initialization finished.
Allocations finished.
Setup successful.
Solver is ready.
Starting solver...
Solver initialization verified.
Solver finished.
===== SQP Iteration: 0 =====
step_ (179 x 1): 
-4.06756e-10  1.57625e-07 -2.78265e-11  -4.6208e-08  -5.1625e-09 -2.21416e-08 -5.68798e-09  3.74479e-11  2.11302e-07  2.70599e-06 -2.97925e-05  6.35574e-06  -2.3435e-05 -6.59959e-06  1.50563e-05  1.63371e-05 -1.42818e-07 -2.82035e-05  3.23793e-06 -5.89654e-05  1.06151e-05 -4.68362e-05  -1.3998e-05  3.03408e-05  3.25005e-05 -5.05106e-07 -4.42809e-05  2.69859e-06 -8.77654e-05  1.38563e-05 -7.02527e-05  -2.1781e-05  4.57309e-05  4.85105e-05 -9.83079e-07 -5.13471e-05  1.88027e-06 -0.000116314  1.68484e-05 -9.37632e-05 -2.96517e-05  6.10978e-05  6.43986e-05 -1.49964e-06 -5.19991e-05  1.34798e-06 -0.000144751  2.01348e-05 -0.000117421 -3.73994e-05  7.63368e-05    8.021e-05  -1.9985e-06 -4.78425e-05  1.54271e-06 -0.000173235  2.41354e-05  -0.00014125 -4.48616e-05  9.13722e-05  9.60048e-05 -2.43532e-06 -3.95652e-05  2.85171e-06 -0.000201927  2.92155e-05 -0.000165236 -5.18978e-05  0.000106161  0.000111855 -2.77036e-06 -2.74666e-05  5.61306e-06 -0.000230993  3.56914e-05 -0.000189327 -5.83889e-05  0.000120698  0.000127842 -2.96805e-06 -1.21576e-05 -0.000815639 -0.000243851 -0.000260461 -0.000193865 -3.95778e-05  0.000127095  -0.00107158  0.000993439  1.74465e-05 -0.000809301 -0.000274214 -0.000250582 -0.000217808 -4.47748e-05   0.00014128  -0.00105513  0.000993612  1.70938e-05  0.000360527   -0.0024042  0.000846716  -0.00331562 -0.000732505   0.00216157   0.00181326 -0.000563466  7.08843e-05  -0.00236729  0.000567397  -0.00330341  -0.00082125   0.00219833   0.00179442 -0.000322586 -7.18045e-05  -0.00233763  0.000431767  -0.00330531 -0.000863929   0.00221358   0.00177742  -0.00014234 -0.000108974  -0.00231761  0.000398595  -0.00331839  -0.00087364   0.00221025   0.00176384 -1.42128e-05 -7.08666e-05  -0.00230891  0.000437784  -0.00333912 -0.000859986   0.00219186    0.0017553  8.20527e-05  2.60029e-05  -0.00231252  0.000532878  -0.00336331 -0.000828298   0.00216247   0.00175337  0.000164438  0.000174398  -0.00232886  0.000676648  -0.00338598 -0.000781056   0.00212681   0.00175943  0.000240938  0.000367834  -0.00235828  0.000862614  -0.00340138 -0.000720568   0.00209021   0.00177461  0.000305353  0.000589622  -0.00240156   0.00107415  -0.00340294 -0.000652422   0.00205863   0.00179975  0.000357953   0.00084423  -0.00245829   0.00131581  -0.00338489 -0.000576923   0.00203715   0.00182578 -7.47295e-06
========================================
primal_step_norm SUCCESS
SOLVED , sqp_iter_: 0
AFTER initial_guess_[0].uk: [-0.250988, -0.000304, -0.098349, -0.001007, 0.000652, 0.004500, -0.348663, 0.002786]
BEFORE initial_guess_[0].uk: [-0.249957, -0.000398, -0.097348, -0.001074, 0.001035, 0.004333, -0.348614, 0.005437]
Initialization finished.
Allocations finished.
Setup successful.
Solver is ready.
Starting solver...
Solver initialization verified.
Solver finished.
===== SQP Iteration: 0 =====
step_ (179 x 1): 
-2.52846e-10  1.70509e-07  3.64678e-11  -5.1928e-08 -4.42706e-09 -2.48164e-08 -4.98471e-09 -1.73358e-10  2.14076e-07  2.64556e-06 -2.90252e-05  6.40635e-06 -2.27227e-05 -6.33715e-06  1.40227e-05  1.61936e-05 -1.44158e-07 -2.80079e-05  3.10713e-06 -5.74307e-05  1.07071e-05  -4.5391e-05 -1.34814e-05  2.82991e-05  3.22164e-05 -5.04791e-07 -4.40204e-05  2.48421e-06 -8.54686e-05  1.39767e-05 -6.80608e-05 -2.10165e-05  4.27002e-05  4.80905e-05 -9.81213e-07 -5.11375e-05  1.57476e-06 -0.000113266  1.69898e-05  -9.0812e-05 -2.86423e-05  5.70925e-05  6.38477e-05 -1.49706e-06 -5.18585e-05  9.53788e-07 -0.000140971  2.02989e-05 -0.000113701 -3.61441e-05  7.13657e-05  7.95321e-05  -1.9962e-06 -4.77519e-05  1.07086e-06 -0.000168739  2.43326e-05 -0.000136757 -4.33547e-05  8.54379e-05  9.52025e-05 -2.43351e-06 -3.95537e-05  2.31509e-06 -0.000196731  2.94587e-05  -0.00015997 -5.01329e-05  9.92591e-05   0.00011093 -2.77032e-06  -2.7613e-05  5.01889e-06 -0.000225108  3.59886e-05 -0.000183294 -5.63612e-05  0.000112816  0.000126794 -2.97092e-06 -1.25831e-05 -0.000809956 -0.000267589 -0.000250235  -0.00021105  -4.2481e-05  0.000132384   -0.0010563  0.000993603  1.61948e-05 -0.000803698  -0.00029725 -0.000240325 -0.000234257 -4.74171e-05  0.000145552  -0.00103998  0.000993765  1.58489e-05  0.000352334  -0.00234193  0.000853426  -0.00321389 -0.000703779   0.00201387   0.00179711 -0.000556088  6.14531e-05  -0.00230433  0.000572908  -0.00319977 -0.000793068   0.00205372   0.00177874 -0.000320276     -8.3e-05  -0.00227477  0.000435542  -0.00319984 -0.000836388    0.0020716   0.00176227 -0.000142461 -0.000121163  -0.00225544  0.000401391  -0.00321136 -0.000846437   0.00207026   0.00174921  -1.4894e-05 -8.27262e-05   -0.0022478  0.000440904  -0.00323098 -0.000832645   0.00205304   0.00174114  8.13522e-05  1.55533e-05  -0.00225257   0.00053739  -0.00325467 -0.000800418   0.00202394   0.00173954  0.000163117  0.000165632  -0.00226994  0.000682818  -0.00327759 -0.000752472   0.00198756   0.00174578  0.000237843  0.000360056  -0.00229999  0.000869745  -0.00329411 -0.000691393   0.00194922   0.00176097  0.000299656  0.000581587  -0.00234318     0.001081  -0.00329779 -0.000622896   0.00191484   0.00178595  0.000348688  0.000833455  -0.00240033    0.0013199  -0.00328139 -0.000547981   0.00189082    0.0018117 -7.35468e-06
========================================
primal_step_norm SUCCESS
SOLVED , sqp_iter_: 0
AFTER initial_guess_[0].uk: [-0.249191, -0.005492, -0.095492, -0.008064, -0.000802, 0.009589, -0.343923, 0.002656]
BEFORE initial_guess_[0].uk: [-0.248160, -0.005590, -0.094491, -0.008134, -0.000418, 0.009414, -0.343874, 0.005285]
Initialization finished.
Allocations finished.
Setup successful.
Solver is ready.
Starting solver...
Solver initialization verified.
Solver finished.
===== SQP Iteration: 0 =====
step_ (179 x 1): 
-5.02856e-11 -3.40671e-07 -3.17018e-10  1.03429e-07  7.19259e-09  4.91552e-08  6.59994e-09 -1.13859e-10 -3.59053e-07 -1.41893e-06  5.01048e-05  2.78797e-06  4.12327e-05  1.48069e-05 -5.34864e-05 -1.38033e-06 -1.56031e-07 -3.02234e-05 -5.33564e-06  0.000100705  3.14851e-06  8.28104e-05  2.86568e-05 -0.000106353 -2.13598e-06 -5.23572e-07 -4.35296e-05 -1.07576e-05  0.000150685  2.04273e-06  0.000125075  4.19308e-05 -0.000158403 -1.71586e-06 -9.63349e-07 -4.46458e-05 -1.68695e-05   0.00019982  2.57796e-07  0.000168025  5.49346e-05 -0.000209663  1.63031e-07 -1.37256e-06 -3.74877e-05 -2.30093e-05  0.000248034 -1.56517e-06  0.000211565  6.79086e-05  -0.00026025  3.56629e-06 -1.68406e-06 -2.50057e-05   -2.861e-05  0.000295347 -2.87933e-06  0.000255554  8.10651e-05 -0.000310336  8.38828e-06 -1.85415e-06 -9.12827e-06 -3.31582e-05  0.000341823 -3.19001e-06  0.000299844  9.45934e-05 -0.000360114  1.44034e-05 -1.85901e-06   8.9256e-06 -3.62147e-05  0.000387525 -2.07521e-06  0.000344319  0.000108655 -0.000409764  2.13352e-05 -1.67814e-06  2.80486e-05   -0.0008506  0.000389299 -0.000283719  0.000361281  0.000137903 -0.000440029  -0.00115394  0.000995468  5.84038e-05 -0.000849955  0.000433445 -0.000279086  0.000406068  0.000153286 -0.000489764  -0.00114595   0.00099605  5.86716e-05 -0.000188928   0.00415695  0.000371671   0.00577239   0.00164177  -0.00771469 -0.000155592 -0.000578147 -0.000521616   0.00413846  4.82361e-05   0.00585332   0.00153727  -0.00760886  -8.3977e-05 -0.000255698 -0.000722133   0.00408186 -0.000147115     0.005955   0.00147337   -0.0074884   4.7104e-05  -1.2093e-05 -0.000813882   0.00400558 -0.000237217   0.00605701   0.00144313  -0.00737176  0.000209567   0.00015344 -0.000817457   0.00392244 -0.000242181   0.00614598   0.00144018  -0.00727203  0.000379233  0.000259014 -0.000745457   0.00384076 -0.000174258   0.00621487   0.00146053  -0.00719723  0.000536935  0.000325491 -0.000605207    0.0037652 -4.05508e-05   0.00626222   0.00150184  -0.00715057  0.000669612  0.000367291 -0.000406575   0.00369713  0.000149209   0.00629149   0.00156107  -0.00713086  0.000771295  0.000386761 -0.000172943   0.00363479  0.000371732   0.00631047   0.00163115  -0.00713272  0.000843926  0.000390723  8.60995e-05   0.00357227  0.000617438   0.00633235   0.00170769   -0.0071458  0.000888473   6.0013e-06
========================================
primal_step_norm SUCCESS
SOLVED , sqp_iter_: 0
AFTER initial_guess_[0].uk: [-0.248571, 0.003451, -0.093683, 0.004421, 0.003867, -0.010721, -0.344280, 0.002394]
BEFORE initial_guess_[0].uk: [-0.247627, 0.003225, -0.092772, 0.004490, 0.004214, -0.010739, -0.343997, 0.005455]
Initialization finished.
Allocations finished.
Setup successful.
Solver is ready.
Starting solver...
Solver initialization verified.
Solver finished.
===== SQP Iteration: 0 =====
step_ (179 x 1): 
 1.44507e-10  7.88386e-08  5.13524e-10 -1.36209e-08 -2.34622e-09 -4.78468e-09  6.87625e-10   2.4556e-10  1.81774e-07  2.86881e-06 -3.44071e-05  4.79539e-06 -2.39433e-05 -7.58339e-06   1.8016e-05  2.09184e-05 -1.35173e-07 -2.87935e-05  3.99718e-06 -6.81101e-05   7.9411e-06 -4.82066e-05  -1.5774e-05  3.58204e-05  4.03962e-05 -5.29172e-07 -4.99331e-05  4.47981e-06 -0.000100418  1.05123e-05 -7.31643e-05 -2.41735e-05  5.30884e-05  5.82178e-05 -1.10043e-06 -6.41282e-05  5.03536e-06 -0.000131597  1.32024e-05 -9.88376e-05 -3.25061e-05  6.97204e-05  7.44105e-05 -1.78442e-06 -7.25305e-05  6.12904e-06  -0.00016202  1.64525e-05 -0.000125156 -4.06038e-05  8.57065e-05  8.91892e-05 -2.52525e-06 -7.55862e-05  8.08595e-06 -0.000192096  2.05624e-05 -0.000151993 -4.83515e-05    0.0001011  0.000102902 -3.26522e-06 -7.33152e-05  1.11758e-05 -0.000222209  2.57767e-05 -0.000179191 -5.56568e-05  0.000115996  0.000115962  -3.9566e-06 -6.57562e-05  1.56449e-05 -0.000252684  3.23171e-05 -0.000206583  -6.2439e-05  0.000130507  0.000128775 -4.54875e-06 -5.35249e-05 -0.000790745 -0.000282762 -0.000239436 -0.000216889 -3.87027e-05  0.000114399  -0.00103321  0.000992355 -2.63189e-05 -0.000782848 -0.000314538 -0.000229643 -0.000244246 -4.42479e-05  0.000128451  -0.00102009  0.000992088 -2.73061e-05  0.000381855  -0.00288513  0.000638247  -0.00333373 -0.000840472   0.00261242   0.00232317 -0.000602624  0.000150138  -0.00276211  0.000418785   -0.0034133 -0.000909167   0.00256484   0.00216172 -0.000431466  6.38921e-05  -0.00264371  0.000341795  -0.00351515 -0.000931974   0.00248534    0.0019774 -0.000292669  7.35385e-05  -0.00254595  0.000357586  -0.00362039 -0.000924898   0.00239142   0.00179625 -0.000176223  0.000145081  -0.00247806  0.000432058  -0.00371582 -0.000898914    0.0022962   0.00163914 -6.83388e-05  0.000260032  -0.00244366  0.000546623  -0.00379287 -0.000860079   0.00220906   0.00152064  3.95512e-05  0.000410945  -0.00244194  0.000693786  -0.00384664 -0.000811003   0.00213605   0.00144813  0.000146736  0.000594837  -0.00246878  0.000870606  -0.00387528 -0.000752987   0.00208031   0.00142095  0.000241659  0.000805572  -0.00251765   0.00107113  -0.00387961 -0.000688472   0.00204225    0.0014298  0.000319251   0.00105177  -0.00257929    0.0013042  -0.00386311 -0.000615602    0.0020194   0.00145636 -1.98305e-05
========================================
primal_step_norm SUCCESS
SOLVED , sqp_iter_: 0
AFTER initial_guess_[0].uk: [-0.246797, -0.003050, -0.091384, -0.002761, 0.002021, -0.003921, -0.337934, 0.002442]
BEFORE initial_guess_[0].uk: [-0.245748, -0.003162, -0.090366, -0.002830, 0.002413, -0.004091, -0.337875, 0.005084]
Initialization finished.
Allocations finished.
Setup successful.
Solver is ready.
Starting solver...
Solver initialization verified.
Solver finished.
===== SQP Iteration: 0 =====
step_ (179 x 1): 
 5.67017e-11  7.69732e-08  5.06744e-10 -1.23189e-08 -2.35972e-09  -4.1229e-09  9.83819e-10  4.24416e-10  1.73308e-07  3.28695e-06  -3.2405e-05  6.44508e-06 -2.51111e-05 -6.81345e-06  1.57253e-05  1.68545e-05 -1.40721e-07 -2.75359e-05  4.32961e-06 -6.41253e-05  1.07269e-05 -5.01647e-05  -1.4468e-05  3.17005e-05   3.3488e-05  -4.9707e-07 -4.37685e-05  4.24578e-06 -9.53593e-05  1.39373e-05 -7.52574e-05 -2.25483e-05  4.77641e-05  4.99013e-05 -9.72646e-07 -5.13909e-05  3.86651e-06 -0.000126251  1.68842e-05 -0.000100478 -3.07436e-05  6.37722e-05  6.61205e-05 -1.49267e-06 -5.26628e-05  3.79997e-06 -0.000156972  2.01531e-05 -0.000125885 -3.88257e-05  7.96113e-05  8.21959e-05 -2.00048e-06 -4.90582e-05  4.51496e-06 -0.000187713  2.41903e-05 -0.000151502 -4.66182e-05  9.52028e-05  9.81997e-05 -2.45159e-06 -4.13871e-05  6.39723e-06 -0.000218667  2.93597e-05 -0.000177311 -5.39767e-05  0.000110506   0.00011422 -2.80789e-06 -3.01649e-05  9.75617e-06 -0.000250029  3.59471e-05 -0.000203254 -6.07888e-05  0.000125518  0.000130357 -3.03839e-06 -1.61476e-05  -0.00078978 -0.000312832 -0.000225901 -0.000239417 -4.26056e-05  0.000124014  -0.00101504  0.000993971  1.01172e-05 -0.000782952  -0.00034551 -0.000216019 -0.000265294 -4.81674e-05  0.000138602 -0.000998458  0.000994073  9.74513e-06  0.000437938  -0.00261893   0.00085867  -0.00354929 -0.000756362    0.0022597   0.00187106 -0.000547961   0.00013887   -0.0025719  0.000570293  -0.00353782 -0.000849779   0.00229717   0.00184642 -0.000324805 -1.11958e-05  -0.00253289  0.000427602  -0.00354315 -0.000896989   0.00230994   0.00182195 -0.000152616 -5.05392e-05   -0.0025052  0.000392489   -0.0035613 -0.000909753   0.00230189   0.00180039 -2.55286e-05 -8.84307e-06   -0.0024913  0.000435394  -0.00358772 -0.000897176   0.00227752   0.00178447  7.18397e-05  9.52821e-05  -0.00249265  0.000537772  -0.00361737 -0.000865015   0.00224182   0.00177656   0.00015314  0.000250795   -0.0025098  0.000688605  -0.00364471 -0.000816832   0.00220022   0.00177844   0.00022419  0.000447348  -0.00254275  0.000877572  -0.00366376 -0.000756187   0.00215846   0.00179118  0.000279965  0.000666658  -0.00259149   0.00108647  -0.00366808  -0.00068936   0.00212259   0.00181506  0.000320281  0.000909338  -0.00265318   0.00131603  -0.00365372 -0.000617604   0.00209635   0.00184035 -7.47592e-06
========================================
primal_step_norm SUCCESS
SOLVED , sqp_iter_: 0
AFTER initial_guess_[0].uk: [-0.244795, -0.008858, -0.088498, -0.010549, 0.000439, 0.001807, -0.332992, 0.002344]
BEFORE initial_guess_[0].uk: [-0.243751, -0.008969, -0.087485, -0.010628, 0.000827, 0.001621, -0.332943, 0.004918]
Initialization finished.
Allocations finished.
Setup successful.
Solver is ready.
Starting solver...
Solver initialization verified.
Solver finished.
===== SQP Iteration: 0 =====
step_ (179 x 1): 
 3.65633e-11  7.22069e-08  3.08036e-10 -1.07289e-08  -3.1004e-09 -3.25091e-09  1.97317e-09  2.52513e-10  1.66265e-07  3.38507e-06 -3.14773e-05  6.42248e-06 -2.44964e-05 -6.58363e-06  1.45731e-05  1.65353e-05 -1.37801e-07 -2.68348e-05  4.51235e-06 -6.23018e-05  1.06678e-05 -4.88923e-05 -1.39987e-05  2.94476e-05  3.29069e-05 -4.84775e-07 -4.25802e-05  4.48492e-06 -9.27047e-05  1.38135e-05 -7.32754e-05 -2.18308e-05  4.44665e-05  4.91293e-05 -9.46746e-07 -4.98281e-05  4.13546e-06 -0.000122838  1.66687e-05 -9.77358e-05 -2.97679e-05  5.94832e-05  6.52321e-05 -1.44958e-06   -5.078e-05  4.08316e-06  -0.00015287  1.98298e-05 -0.000122339 -3.75787e-05   7.4375e-05  8.12594e-05 -1.93786e-06 -4.69225e-05   4.8087e-06 -0.000182976  2.37554e-05 -0.000147121 -4.50856e-05  8.90495e-05  9.72699e-05 -2.36808e-06  -3.9112e-05  6.70475e-06 -0.000213334  2.88161e-05 -0.000172081 -5.21458e-05  0.000103449  0.000113334 -2.70323e-06 -2.79184e-05  1.00772e-05  -0.00024412  3.52974e-05 -0.000197176 -5.86513e-05  0.000117556  0.000129531 -2.91254e-06 -1.41404e-05 -0.000782626 -0.000339074 -0.000216785 -0.000258376 -4.57214e-05   0.00012971  -0.00099922  0.000994215   1.1282e-05 -0.000775814 -0.000371172 -0.000207044 -0.000283432 -5.09797e-05  0.000143358 -0.000982575  0.000994328  1.09379e-05  0.000451019  -0.00254273  0.000855683  -0.00346278  -0.00073072   0.00209406   0.00183566 -0.000534201  0.000150109  -0.00249915  0.000565446  -0.00344497 -0.000823142   0.00213892   0.00181735 -0.000315201 -3.70059e-06  -0.00246535  0.000418985  -0.00344298 -0.000869448   0.00215972   0.00180077 -0.000145225 -4.65807e-05  -0.00244355  0.000380301  -0.00345393 -0.000881074   0.00215933   0.00178748  -1.9279e-05   -7.008e-06  -0.00243526  0.000421045  -0.00347426 -0.000867056   0.00214131   0.00177911  7.68195e-05  9.65858e-05  -0.00244117  0.000522853  -0.00349963 -0.000833314   0.00210997   0.00177719  0.000155858  0.000252505  -0.00246141  0.000674063  -0.00352487 -0.000783715   0.00207037    0.0017831  0.000223435  0.000449298  -0.00249589  0.000863258  -0.00354397 -0.000722118   0.00202826   0.00179792  0.000275117  0.000667674  -0.00254478   0.00107122  -0.00355011 -0.000654923   0.00199004   0.00182243  0.000310928  0.000906935  -0.00260689   0.00129737  -0.00353747 -0.000583979   0.00196114   0.00184737 -6.92396e-06
========================================
primal_step_norm SUCCESS
SOLVED , sqp_iter_: 0
AFTER initial_guess_[0].uk: [-0.242770, -0.014499, -0.085624, -0.018159, -0.001080, 0.007087, -0.328152, 0.002247]
BEFORE initial_guess_[0].uk: [-0.241733, -0.014614, -0.084617, -0.018241, -0.000694, 0.006893, -0.328104, 0.004773]
Initialization finished.
Allocations finished.
Setup successful.
Solver is ready.
Starting solver...
Solver initialization verified.
Solver finished.
===== SQP Iteration: 0 =====
step_ (179 x 1): 
-3.13134e-10   6.8693e-08  7.94834e-10 -1.02633e-08 -7.87526e-10 -3.03549e-09  1.55677e-09  5.19832e-10  1.50976e-07  3.46707e-06 -3.07344e-05   6.3376e-06 -2.37874e-05 -6.32988e-06  1.35594e-05  1.64203e-05 -1.34313e-07 -2.63109e-05  4.67947e-06 -6.08064e-05  1.05013e-05 -4.74604e-05 -1.34951e-05  2.74415e-05   3.2684e-05 -4.74676e-07  -4.1828e-05   4.7295e-06 -9.04605e-05  1.35582e-05 -7.11071e-05 -2.10807e-05  4.14863e-05  4.88036e-05 -9.28326e-07 -4.90217e-05  4.45158e-06 -0.000119856   1.6319e-05 -9.48191e-05 -2.87732e-05  5.55435e-05  6.48089e-05 -1.42293e-06 -4.99997e-05  4.47099e-06 -0.000149166   1.9386e-05 -0.000118665 -3.63388e-05  6.94849e-05  8.07429e-05 -1.90348e-06 -4.62138e-05  5.27364e-06 -0.000178567  2.32228e-05 -0.000142685 -4.35975e-05  8.32118e-05  9.66633e-05  -2.3267e-06 -3.85332e-05  7.25251e-06 -0.000208235  2.82006e-05 -0.000166882 -5.04057e-05  9.66598e-05  0.000112639 -2.65708e-06 -2.75687e-05  1.07083e-05 -0.000238339  3.45985e-05 -0.000191221 -5.66565e-05  0.000109804  0.000128749 -2.86588e-06 -1.41385e-05 -0.000775113  -0.00036477 -0.000207838 -0.000276729 -4.87325e-05  0.000134618 -0.000983448   0.00099437  1.04422e-05 -0.000768256 -0.000396185 -0.000198216 -0.000301057 -5.37443e-05  0.000147266 -0.000966893  0.000994475  1.01014e-05   0.00046214   -0.0024814  0.000844617  -0.00336289 -0.000702941   0.00194833   0.00182332 -0.000522939  0.000161503  -0.00243723  0.000554669  -0.00334316 -0.000795405   0.00199624    0.0018055 -0.000310046  6.74219e-06  -0.00240371  0.000407282  -0.00333925 -0.000842061   0.00201971   0.00178949 -0.000143634 -3.69325e-05  -0.00238282  0.000367827  -0.00334849 -0.000853924   0.00202139   0.00177676 -1.93449e-05  2.66736e-06  -0.00237578  0.000408614  -0.00336753 -0.000839829   0.00200469   0.00176888  7.58164e-05  0.000106986  -0.00238305  0.000511156   -0.0033922 -0.000805737   0.00197377   0.00176733  0.000153609  0.000263637  -0.00240449  0.000663105  -0.00341751 -0.000755719    0.0019336   0.00177342  0.000219155  0.000460332  -0.00243975  0.000852211  -0.00343758  -0.00069387   0.00188987   0.00178826  0.000268325  0.000677352  -0.00248873   0.00105883   -0.0034457  -0.00062668   0.00184897   0.00181261  0.000301129  0.000913068  -0.00255137   0.00128144  -0.00343468 -0.000556572   0.00181754   0.00183727  -6.8098e-06
========================================
primal_step_norm SUCCESS
SOLVED , sqp_iter_: 0
AFTER initial_guess_[0].uk: [-0.240728, -0.020011, -0.082780, -0.025555, -0.002529, 0.011978, -0.323345, 0.002158]
BEFORE initial_guess_[0].uk: [-0.239696, -0.020129, -0.081779, -0.025640, -0.002144, 0.011776, -0.323297, 0.004637]
Initialization finished.
Allocations finished.
Setup successful.
Solver is ready.
Starting solver...
Solver initialization verified.
Solver finished.
===== SQP Iteration: 0 =====
step_ (179 x 1): 
 3.25173e-10 -3.34332e-08 -1.17363e-10  5.99769e-09  3.07244e-10   1.9718e-09 -1.08472e-09  -2.2993e-10  -3.7415e-08  1.75969e-06  6.15596e-06  4.49771e-06  1.30606e-05  1.38414e-06 -1.87614e-05  1.96704e-05 -1.36402e-07 -2.61003e-05  1.23759e-06  1.33983e-05  6.79707e-06  2.60343e-05  2.01593e-06 -3.74102e-05  3.92839e-05 -4.76128e-07 -4.09486e-05 -5.11089e-07  2.17086e-05  7.92734e-06  3.86529e-05  2.38221e-06 -5.63174e-05  5.89435e-05 -9.21035e-07 -4.71551e-05 -2.68041e-06  3.11941e-05  8.67151e-06  5.06597e-05  2.85859e-06 -7.58117e-05   7.8756e-05 -1.39566e-06 -4.68712e-05 -4.66669e-06  4.18744e-05  9.61106e-06  6.18657e-05   3.7218e-06 -9.61475e-05  9.88209e-05 -1.84314e-06 -4.16946e-05 -6.00049e-06  5.36565e-05  1.11934e-05  7.21766e-05  5.16564e-06 -0.000117477  0.000119222 -2.21932e-06 -3.26905e-05 -6.29594e-06  6.62929e-05  1.37818e-05  8.16267e-05   7.3134e-06 -0.000139822  0.000140019 -2.49053e-06 -2.06821e-05 -5.24068e-06  7.93296e-05  1.76672e-05  9.04198e-05  1.02116e-05 -0.000163044  0.000161236 -2.63154e-06 -6.64289e-06 -0.000786684 -3.51714e-05 -0.000217736  1.35442e-05  2.23641e-05 -0.000162212  -0.00092913  0.000994778  1.76666e-05 -0.000782361 -2.31628e-05 -0.000210759  2.21419e-05  2.66155e-05 -0.000186267 -0.000907213  0.000994953  1.74983e-05  0.000234988  0.000527039  0.000600245   0.00183521  0.000153528   -0.0027005   0.00218464  -0.00051338 -6.93423e-05  0.000598961  0.000306743   0.00182817  7.01011e-05  -0.00268221   0.00217787 -0.000294675 -0.000232732  0.000684643  0.000150991   0.00177872  4.06238e-05  -0.00271868     0.002183 -0.000121922 -0.000288732  0.000778865  9.95725e-05   0.00169305  5.28582e-05  -0.00280257   0.00219997  7.67581e-06 -0.000264321  0.000874787  0.000125599   0.00158051   9.5777e-05   -0.0029231   0.00222799  0.000105329 -0.000177371  0.000963326  0.000211225   0.00145445  0.000160307  -0.00306568   0.00226536  0.000181561  -3.9076e-05   0.00103212  0.000345238   0.00133302  0.000238513  -0.00321157   0.00230928  0.000241268   0.00014088    0.0010643  0.000517915   0.00124017  0.000321924  -0.00333747   0.00235574  0.000281359  0.000347835   0.00103716  0.000714573    0.0012064  0.000399448  -0.00341526   0.00239938  0.000303015  0.000575977  0.000975367  0.000929614   0.00121381  0.000472047  -0.00345809   0.00243303 -3.44037e-06
========================================
primal_step_norm SUCCESS
SOLVED , sqp_iter_: 0
AFTER initial_guess_[0].uk: [-0.239184, -0.018983, -0.080473, -0.021648, -0.001743, 0.004728, -0.317595, 0.002070]
BEFORE initial_guess_[0].uk: [-0.238166, -0.019048, -0.079485, -0.021797, -0.001336, 0.004435, -0.317520, 0.004559]
Initialization finished.
Allocations finished.
Setup successful.
Solver is ready.
Starting solver...
Solver initialization verified.
Solver finished.
===== SQP Iteration: 0 =====
step_ (179 x 1): 
-3.45529e-10  7.90907e-08  9.68715e-10 -1.27151e-08 -9.67408e-10 -3.92698e-09  1.30636e-09  3.36216e-10  1.59715e-07  3.71861e-06 -2.82727e-05  6.21702e-06  -2.7832e-05  -5.2273e-06  1.17773e-05  1.54212e-05 -1.18958e-07 -2.51482e-05  5.04274e-06 -5.71197e-05  1.01131e-05 -5.48698e-05 -1.15379e-05  2.45424e-05  3.07567e-05 -4.42511e-07 -4.04963e-05  5.16879e-06  -8.6735e-05  1.28612e-05 -8.11356e-05 -1.85543e-05  3.82477e-05  4.59037e-05 -8.80388e-07 -4.79768e-05   5.0219e-06  -0.00011742  1.53621e-05 -0.000106648 -2.59794e-05  5.28239e-05  6.07911e-05 -1.36319e-06 -4.95337e-05  5.29787e-06 -0.000149394  1.82888e-05  -0.00013146 -3.35714e-05  6.81593e-05   7.5393e-05 -1.83858e-06 -4.65097e-05   6.5201e-06 -0.000182737  2.21428e-05 -0.000155682 -4.11174e-05  8.40818e-05  8.97361e-05 -2.26442e-06 -3.97013e-05  9.07218e-06 -0.000217321  2.72869e-05 -0.000179511 -4.84097e-05  0.000100336   0.00010391 -2.60668e-06 -2.96844e-05  1.31855e-05 -0.000252728  3.39323e-05  -0.00020327  -5.5244e-05  0.000116557  0.000118075 -2.83705e-06  -1.7233e-05 -0.000760777   -0.0004041 -0.000191635 -0.000303878 -4.87038e-05  0.000133095 -0.000957678  0.000994642  5.82122e-06 -0.000753285 -0.000441055 -0.000181788 -0.000327588 -5.43536e-05  0.000148861  -0.00094315  0.000994702  5.34657e-06  0.000495056  -0.00231623  0.000827352  -0.00392244 -0.000580071   0.00169611     0.001711  -0.00051054  0.000176093  -0.00235066   0.00051847  -0.00381408 -0.000700479   0.00183661   0.00170177 -0.000309739  1.64946e-05  -0.00241221  0.000365536  -0.00370569  -0.00077885   0.00197115   0.00168077 -0.000152151 -1.98829e-05  -0.00249783  0.000332605  -0.00360007 -0.000824158   0.00209571   0.00165194 -3.35086e-05  3.64348e-05   -0.0026012  0.000389324  -0.00350192 -0.000842746   0.00220431   0.00162023  5.83781e-05  0.000162484  -0.00271128  0.000512872  -0.00341906 -0.000837666   0.00228837   0.00159154  0.000134351  0.000339618  -0.00281126  0.000684741  -0.00336374 -0.000809628   0.00233591    0.0015727  0.000198924  0.000547484  -0.00287756  0.000884737  -0.00335393 -0.000758814   0.00233087   0.00157159  0.000248094  0.000768066  -0.00293429   0.00109481   -0.0033576 -0.000695777    0.0022997   0.00158783  0.000280831  0.000997768  -0.00300037   0.00131136  -0.00334748 -0.000627498   0.00226572   0.00161252 -9.41907e-06
========================================
primal_step_norm SUCCESS
SOLVED , sqp_iter_: 0
AFTER initial_guess_[0].uk: [-0.237089, -0.024086, -0.077686, -0.030329, -0.002850, 0.008862, -0.313054, 0.002006]
BEFORE initial_guess_[0].uk: [-0.236125, -0.024275, -0.076753, -0.030351, -0.002493, 0.008713, -0.312931, 0.004434]
Initialization finished.
Allocations finished.
Setup successful.
Solver is ready.
Starting solver...
Solver initialization verified.
Solver finished.
===== SQP Iteration: 0 =====
step_ (179 x 1): 
-4.44828e-10  6.38955e-08  9.65139e-10 -1.07042e-08 -8.53414e-10 -3.33231e-09  1.03337e-09  8.56913e-10  1.43281e-07  3.55519e-06 -2.37151e-05  7.08163e-06  -2.1713e-05 -3.18282e-06  6.92342e-06  8.55572e-06 -1.35176e-07 -2.56859e-05  4.62437e-06 -4.72879e-05  1.17546e-05  -4.2919e-05 -7.33674e-06  1.45675e-05  1.73606e-05  -4.6218e-07 -3.95609e-05  4.10469e-06 -7.14871e-05  1.48861e-05 -6.33927e-05 -1.21606e-05   2.3059e-05  2.67867e-05 -8.82687e-07 -4.43124e-05  2.87267e-06 -9.65517e-05  1.73275e-05 -8.31839e-05 -1.73393e-05  3.23009e-05  3.69312e-05 -1.31766e-06 -4.24589e-05  1.78938e-06 -0.000122304  1.99186e-05 -0.000102588 -2.25341e-05  4.19869e-05  4.76434e-05 -1.71084e-06 -3.59507e-05  1.48742e-06 -0.000148635  2.32714e-05 -0.000121836 -2.74924e-05  5.18535e-05  5.88082e-05 -2.02167e-06 -2.61034e-05  2.42802e-06 -0.000175502  2.78265e-05 -0.000141086 -3.20257e-05   6.1692e-05  7.03469e-05 -2.22199e-06 -1.38479e-05   4.9193e-06 -0.000202924  3.38716e-05 -0.000160413 -3.60064e-05  7.13594e-05  8.22141e-05 -2.29314e-06 -1.27776e-07 -0.000763153 -0.000383179 -0.000182431 -0.000280336 -3.22261e-05  9.70901e-05 -0.000981136  0.000995413    2.273e-05 -0.000757246 -0.000411971 -0.000173149 -0.000299683 -3.49836e-05  0.000106296 -0.000968703  0.000995642  2.25462e-05  0.000473877  -0.00190996  0.000943793  -0.00307077 -0.000353364  0.000994014  0.000950196 -0.000510874  0.000142484  -0.00190891  0.000622543   -0.0029953 -0.000461123   0.00109926  0.000977581 -0.000277552 -6.91597e-05  -0.00196013   0.00041719  -0.00289159 -0.000535486   0.00122123   0.00104649 -9.50347e-05 -0.000164037  -0.00203044  0.000325277  -0.00279515 -0.000574846   0.00132916   0.00112621  3.70068e-05 -0.000144221  -0.00208625  0.000345212  -0.00274045 -0.000576647   0.00139296   0.00118925   0.00013005 -4.01144e-05  -0.00213311  0.000446684  -0.00271854 -0.000550322   0.00141889   0.00123955  0.000196776  0.000125389  -0.00217636  0.000606844  -0.00271899 -0.000503136    0.0014148   0.00128101  0.000244828  0.000331882  -0.00222131  0.000805314  -0.00272993 -0.000441824   0.00139013   0.00131741  0.000273986  0.000554888  -0.00227354   0.00101767  -0.00273832  -0.00037468   0.00135579   0.00135218   0.00028633  0.000786665  -0.00233755   0.00123623   -0.0027315 -0.000306282   0.00132273   0.00137997 -3.64889e-06
========================================
primal_step_norm SUCCESS
SOLVED , sqp_iter_: 0
AFTER initial_guess_[0].uk: [-0.235094, -0.028429, -0.074700, -0.037030, -0.003415, 0.011307, -0.310451, 0.001880]
BEFORE initial_guess_[0].uk: [-0.234178, -0.028709, -0.073817, -0.036958, -0.003088, 0.011267, -0.310225, 0.004423]
Initialization finished.
Allocations finished.
Setup successful.
Solver is ready.
Starting solver...
Solver initialization verified.
Solver finished.
===== SQP Iteration: 0 =====
step_ (179 x 1): 
-3.75214e-10  6.26368e-09  9.02064e-11  1.50805e-10 -1.91962e-10   4.5207e-10  -1.3962e-10  5.04278e-10  1.52485e-08   3.5537e-06 -1.20641e-05  4.61286e-06 -5.45716e-06  -9.3065e-07 -4.08363e-06  1.24469e-05 -1.39582e-07 -2.64445e-05  5.00841e-06 -2.28483e-05  7.21454e-06 -1.11093e-05 -2.57607e-06 -8.11495e-06  2.44627e-05 -4.82716e-07 -4.19192e-05  5.24057e-06 -3.29448e-05  8.65157e-06 -1.68585e-05 -4.59412e-06 -1.21213e-05  3.63884e-05 -9.37134e-07 -4.87065e-05  4.90226e-06 -4.28161e-05  9.54988e-06 -2.26251e-05 -6.73155e-06 -1.61263e-05  4.85542e-05 -1.42622e-06 -4.88413e-05  4.69455e-06 -5.24328e-05  1.05878e-05  -2.8615e-05 -8.68825e-06 -2.03795e-05  6.10249e-05 -1.89166e-06 -4.39679e-05  5.15499e-06 -6.17939e-05  1.22807e-05 -3.49912e-05 -1.02383e-05 -2.50841e-05  7.38572e-05 -2.28942e-06 -3.53022e-05  6.69601e-06 -7.09403e-05  1.50193e-05 -4.18547e-05 -1.12187e-05 -3.03812e-05  8.70964e-05 -2.58675e-06 -2.38304e-05  9.61198e-06 -7.99744e-05  1.90772e-05 -4.92244e-05 -1.15292e-05 -3.63319e-05  0.000100772 -2.76016e-06 -1.06053e-05 -0.000752282 -0.000270135 -0.000190082 -0.000176888 -6.75084e-06 -1.73978e-05 -0.000948209  0.000995065  1.17286e-05 -0.000746193 -0.000279614 -0.000183028 -0.000184874 -5.70162e-06 -2.44161e-05 -0.000933743  0.000995181  1.14958e-05  0.000473673 -0.000960284  0.000615211 -0.000777008 -0.000103418 -0.000589388   0.00138231 -0.000521908  0.000193936 -0.000868226   0.00034684 -0.000800307 -0.000182716 -0.000580092   0.00133423  -0.00030769  3.10831e-05 -0.000813162  0.000191702 -0.000813496 -0.000224055 -0.000576116    0.0013242 -0.000134049 -4.48976e-05 -0.000795556  0.000119941 -0.000815518 -0.000237281 -0.000575631   0.00135087 -1.14269e-06 -2.74933e-05 -0.000775444  0.000138531 -0.000846753 -0.000217194 -0.000611077   0.00138471  9.88051e-05  6.15217e-05 -0.000755137  0.000225782 -0.000901117 -0.000172024  -0.00067585   0.00142484  0.000174371  0.000205446 -0.000737971  0.000365043 -0.000969899 -0.000108734 -0.000760965   0.00146999  0.000230219  0.000388657 -0.000728965  0.000540734  -0.00104139 -3.43164e-05 -0.000854902   0.00151839  0.000264896  0.000591435 -0.000735607  0.000733189  -0.00110053  4.25512e-05 -0.000943479   0.00156763  0.000279953  0.000811003 -0.000769217  0.000939694  -0.00112765  0.000116426  -0.00100912   0.00160584 -4.60659e-06
========================================
primal_step_norm SUCCESS
SOLVED , sqp_iter_: 0
AFTER initial_guess_[0].uk: [-0.233148, -0.030798, -0.072479, -0.038648, -0.003358, 0.009729, -0.306617, 0.001813]
BEFORE initial_guess_[0].uk: [-0.232228, -0.031060, -0.071591, -0.038600, -0.003021, 0.009656, -0.306381, 0.004348]
Initialization finished.
Allocations finished.
Setup successful.
Solver is ready.
Starting solver...
Solver initialization verified.
Solver finished.
===== SQP Iteration: 0 =====
step_ (179 x 1): 
-1.26361e-09  7.83107e-08 -1.56371e-10 -1.00488e-08 -1.09869e-09 -3.40864e-09  8.12342e-10  1.09192e-09  2.38189e-07  2.98483e-06 -2.88815e-05  6.38184e-06 -2.29384e-05   -4.798e-06  1.03706e-05  1.50045e-05 -1.22843e-07 -2.51765e-05   3.9187e-06  -5.6821e-05  1.07975e-05 -4.59466e-05 -1.03793e-05  2.09419e-05  2.93108e-05 -4.53132e-07  -4.1413e-05   3.7737e-06 -8.42635e-05  1.41929e-05 -6.89501e-05 -1.64217e-05  3.17137e-05  4.30298e-05 -9.08313e-07 -5.01462e-05  3.35055e-06 -0.000111698  1.73435e-05 -9.18684e-05 -2.26661e-05  4.26862e-05  5.62572e-05 -1.42101e-06 -5.29362e-05  3.28072e-06 -0.000139555  2.08568e-05 -0.000114638 -2.89069e-05  5.38455e-05  6.90971e-05 -1.93762e-06 -5.09728e-05  4.06483e-06 -0.000168187  2.52099e-05 -0.000137212 -3.49754e-05  6.51606e-05  8.16645e-05 -2.41487e-06 -4.51037e-05  6.09429e-06  -0.00019784  3.07716e-05  -0.00015957 -4.07266e-05  7.65785e-05  9.40852e-05 -2.81772e-06 -3.60457e-05  9.64022e-06 -0.000228622   3.7791e-05 -0.000181725 -4.60402e-05  8.80168e-05  0.000106498 -3.11888e-06 -2.46868e-05 -0.000745441 -0.000451045  -0.00016126 -0.000331596 -4.53904e-05  0.000117831  -0.00092958  0.000994677 -3.84737e-06 -0.000738623 -0.000483698 -0.000151145 -0.000353589 -4.95935e-05  0.000128904 -0.000916792  0.000994641 -4.35329e-06  0.000397619  -0.00235343  0.000850003  -0.00323589 -0.000532429    0.0014926   0.00166538 -0.000511836  0.000124234  -0.00227284  0.000587926  -0.00324668 -0.000619538   0.00152092    0.0015878 -0.000328492 -1.94966e-05  -0.00223226  0.000452014  -0.00324634 -0.000670714   0.00154932   0.00152252 -0.000178194 -5.65855e-05  -0.00223092  0.000419392  -0.00323484 -0.000693132   0.00157773   0.00146788 -5.91043e-05 -9.53581e-06   -0.0022645  0.000467682  -0.00321424  -0.00069277   0.00160421   0.00142486   3.6303e-05  0.000104214  -0.00232671  0.000579552  -0.00318708 -0.000673648   0.00162632   0.00139458  0.000114832  0.000270085    -0.002409  0.000740522  -0.00315675  -0.00063848   0.00164093   0.00137828   0.00017903  0.000472087  -0.00250025  0.000934715   -0.0031281 -0.000589966   0.00164379   0.00137737  0.000225577   0.00068767  -0.00258649   0.00113973  -0.00310819 -0.000532369   0.00162911   0.00139348  0.000253735  0.000908067  -0.00265235   0.00134698  -0.00310489 -0.000466894   0.00159075   0.00141941 -1.02179e-05
========================================
primal_step_norm SUCCESS
SOLVED , sqp_iter_: 0
AFTER initial_guess_[0].uk: [-0.231363, -0.036179, -0.069742, -0.045638, -0.004410, 0.013551, -0.302035, 0.001789]
BEFORE initial_guess_[0].uk: [-0.230425, -0.036431, -0.068837, -0.045611, -0.004072, 0.013460, -0.301854, 0.004167]
Initialization finished.
Allocations finished.
Setup successful.
Solver is ready.
Starting solver...
Solver initialization verified.
Solver finished.
===== SQP Iteration: 0 =====
step_ (179 x 1): 
 3.08759e-11   -3.408e-09  1.68587e-10   1.9422e-10  3.15949e-10  -5.2268e-10 -1.23286e-10 -1.86349e-11 -3.62757e-10  3.76741e-06  1.85015e-05  2.57686e-06  1.90441e-05  6.82881e-06 -3.05808e-05  9.62116e-06 -1.40905e-07 -2.54395e-05  5.23961e-06  3.79694e-05  2.94359e-06  3.81672e-05  1.28444e-05 -6.08537e-05   1.9213e-05 -4.67403e-07 -3.90986e-05  5.15671e-06  5.75121e-05  1.80867e-06  5.76249e-05  1.83214e-05 -9.07026e-05  2.93622e-05 -8.84891e-07 -4.36256e-05  4.24814e-06  7.68165e-05 -1.24624e-07  7.74041e-05  2.35519e-05 -0.000120219  4.03934e-05 -1.31376e-06 -4.13358e-05   3.2122e-06  9.59382e-05 -2.18087e-06  9.72742e-05  2.88406e-05 -0.000149669  5.23952e-05 -1.69569e-06 -3.42151e-05  2.71974e-06  0.000115285  -3.7095e-06  0.000116812  3.45062e-05 -0.000179474  6.52614e-05 -1.98971e-06 -2.38018e-05  3.25945e-06  0.000134991  -4.2421e-06  0.000135792  4.07563e-05 -0.000209886  7.88874e-05 -2.16909e-06 -1.13058e-05  5.16582e-06  0.000154863 -3.46443e-06  0.000154231  4.76873e-05  -0.00024095  9.31598e-05  -2.2187e-06  2.13668e-06 -0.000744811 -4.89126e-05 -0.000198717  2.25797e-05  5.65102e-05 -0.000242923 -0.000927899  0.000995805  2.31607e-05 -0.000739734  -3.0142e-05 -0.000194945  4.07508e-05  6.47033e-05 -0.000274749 -0.000912765  0.000996036  2.31237e-05  0.000501984   0.00152451  0.000343866   0.00268232  0.000757714  -0.00439926   0.00106863  -0.00049591  0.000196319   0.00158753  4.92271e-05   0.00269782  0.000667714  -0.00435308   0.00106522  -0.00026957 -1.07973e-05   0.00159298 -0.000150789   0.00274562  0.000607929  -0.00429165   0.00112717 -8.71351e-05 -0.000120766   0.00157296 -0.000257122   0.00279146  0.000580605   -0.0042434   0.00122509   4.8861e-05 -0.000137716   0.00155756 -0.000273484   0.00280463  0.000587105  -0.00423363    0.0013329  0.000145074 -6.53025e-05   0.00157539 -0.000203186   0.00275785  0.000629004  -0.00428448   0.00142888  0.000210464  7.22111e-05   0.00160419 -7.05109e-05   0.00267919  0.000693972  -0.00437154   0.00151322  0.000251541  0.000254327   0.00161758  0.000103988   0.00260256  0.000769624  -0.00446529     0.001585  0.000269725  0.000459897   0.00158416  0.000299103   0.00256822  0.000842054  -0.00453091     0.001642  0.000268541  0.000676425   0.00152196  0.000502488    0.0025661  0.000909497  -0.00457572    0.0016801 -7.70121e-07
========================================
primal_step_norm SUCCESS
SOLVED , sqp_iter_: 0
AFTER initial_guess_[0].uk: [-0.229333, -0.033115, -0.068089, -0.039777, -0.002095, 0.001978, -0.299065, 0.001688]
BEFORE initial_guess_[0].uk: [-0.228427, -0.033380, -0.067215, -0.039738, -0.001761, 0.001897, -0.298802, 0.004165]
Initialization finished.
Allocations finished.
Setup successful.
Solver is ready.
Starting solver...
Solver initialization verified.
Solver finished.
===== SQP Iteration: 0 =====
step_ (179 x 1): 
-2.41825e-09  9.79263e-08 -8.16721e-10 -6.56827e-09 -4.89637e-09 -4.69989e-09  4.28107e-10  1.05814e-09  4.36972e-07  1.93153e-06 -3.56059e-05  6.61775e-06 -2.59325e-05 -6.99173e-06  1.51794e-05  2.04324e-05 -1.11025e-07 -2.35882e-05  2.18683e-06 -6.96746e-05  1.16465e-05 -5.23232e-05 -1.45878e-05   3.0218e-05  3.95325e-05 -4.27126e-07 -4.04836e-05    1.836e-06 -0.000102407  1.61343e-05 -7.92506e-05 -2.24178e-05  4.49663e-05   5.7152e-05 -8.80974e-07 -5.12423e-05  1.60336e-06 -0.000134451  2.07802e-05  -0.00010656 -3.02615e-05  5.94711e-05  7.33879e-05 -1.41549e-06 -5.67304e-05  1.92774e-06 -0.000166762  2.59969e-05 -0.000133881 -3.80325e-05   7.3963e-05  8.85388e-05 -1.98139e-06 -5.75904e-05  3.17967e-06 -0.000199965    3.213e-05 -0.000161006 -4.56289e-05  8.85436e-05  0.000102903 -2.53499e-06 -5.43349e-05  5.65412e-06 -0.000234291  3.94506e-05 -0.000187919 -5.29253e-05  0.000103164  0.000116784  -3.0383e-06 -4.75358e-05  9.53513e-06 -0.000269515   4.8121e-05 -0.000214826 -5.97737e-05  0.000117595  0.000130495 -3.46037e-06 -3.80241e-05 -0.000733444 -0.000510114 -0.000135522 -0.000373447 -5.66677e-05  0.000129452 -0.000876422  0.000994388 -1.92044e-05 -0.000726511 -0.000547064 -0.000123975  -0.00040038 -6.24344e-05   0.00014331 -0.000862413  0.000994199   -1.987e-05  0.000257355  -0.00290763  0.000881241  -0.00365775 -0.000775552   0.00218461   0.00226777 -0.000488627  3.36553e-05  -0.00277592  0.000669355  -0.00372294 -0.000843246   0.00216368   0.00211967 -0.000345572  -4.7098e-05  -0.00266725  0.000597268  -0.00379928 -0.000869171   0.00212122    0.0019552 -0.000222489 -3.13931e-05  -0.00261054  0.000618304  -0.00385391 -0.000870701   0.00208556   0.00180153 -0.000116628  4.27575e-05  -0.00263131  0.000694293  -0.00385615 -0.000862649   0.00208315   0.00168102 -2.34254e-05  0.000166292  -0.00270279  0.000816343  -0.00382893 -0.000843316   0.00209557   0.00159362  5.96706e-05    0.0003291  -0.00279325  0.000974542  -0.00379909 -0.000810086   0.00210098    0.0015399  0.000131585  0.000516408  -0.00286568   0.00115434  -0.00379801 -0.000760473   0.00207371   0.00152112  0.000186953  0.000715041  -0.00293305   0.00134263  -0.00380466 -0.000702383    0.0020319   0.00153096  0.000223187   0.00092305   -0.0030043   0.00153756  -0.00380181 -0.000640605   0.00199065   0.00155455 -1.38393e-05
========================================
primal_step_norm SUCCESS
SOLVED , sqp_iter_: 0
AFTER initial_guess_[0].uk: [-0.227868, -0.039704, -0.065298, -0.047693, -0.003785, 0.007599, -0.292883, 0.001722]
BEFORE initial_guess_[0].uk: [-0.226852, -0.039850, -0.064313, -0.047798, -0.003404, 0.007367, -0.292830, 0.003876]
Initialization finished.
Allocations finished.
Setup successful.
Solver is ready.
Starting solver...
Solver initialization verified.
Solver finished.
===== SQP Iteration: 0 =====
step_ (179 x 1): 
-2.38901e-09  9.48075e-08 -1.02646e-09 -5.31155e-09 -4.77723e-09   -5.153e-09  1.68665e-10  6.99311e-10  4.67845e-07  4.77401e-06 -3.23769e-05  6.99384e-06 -2.55589e-05 -5.74983e-06  1.21734e-05  1.55803e-05 -1.25431e-07 -2.25123e-05  7.06957e-06 -6.42489e-05  1.15901e-05 -5.07369e-05 -1.24579e-05  2.49285e-05  3.12102e-05 -4.18027e-07 -3.59254e-05  8.02153e-06 -9.58808e-05  1.48978e-05 -7.56863e-05 -1.96991e-05  3.80483e-05  4.68407e-05  -8.0955e-07  -4.2244e-05  8.53907e-06 -0.000127403  1.78029e-05 -0.000100562 -2.71303e-05  5.13241e-05  6.24515e-05 -1.23661e-06  -4.3072e-05  9.32354e-06 -0.000158969   2.0984e-05 -0.000125489 -3.44842e-05   6.4575e-05  7.80501e-05 -1.65087e-06 -3.97015e-05  1.09043e-05 -0.000190746  2.49484e-05 -0.000150555 -4.15568e-05  7.76538e-05  9.36689e-05 -2.01498e-06 -3.31164e-05  1.36669e-05 -0.000222907  3.00597e-05 -0.000175802 -4.81985e-05  9.04544e-05   0.00010936 -2.30125e-06 -2.41405e-05  1.78559e-05 -0.000255627  3.65416e-05 -0.000201223  -5.4315e-05  0.000102918  0.000125191 -2.49038e-06 -1.36697e-05 -0.000717865 -0.000530557 -0.000137727 -0.000385355 -5.62162e-05  0.000126609 -0.000865472  0.000995406   4.3279e-06 -0.000710632 -0.000564775 -0.000128376 -0.000410894 -6.12316e-05  0.000138441 -0.000849217  0.000995454  4.05397e-06  0.000636269  -0.00260979  0.000932205    -0.003614 -0.000638312   0.00174883   0.00173011 -0.000443866  0.000305835  -0.00258361  0.000612312  -0.00355549 -0.000744726   0.00183456   0.00173521 -0.000269326   0.00012685  -0.00256459  0.000440663  -0.00352306  -0.00080387   0.00188692   0.00173518 -0.000127509  6.89941e-05   -0.0025557   0.00038704  -0.00351286  -0.00082493   0.00190919   0.00173298 -1.78237e-05  0.000104529  -0.00255909  0.000423785  -0.00352031  -0.00081632   0.00190546   0.00173163  6.60206e-05  0.000210605  -0.00257598  0.000528112  -0.00354007 -0.000785054   0.00188064   0.00173386  0.000130238  0.000368017  -0.00260685  0.000680861  -0.00356592 -0.000737202   0.00184055   0.00174188  0.000177913  0.000558091  -0.00265187  0.000863404  -0.00359062 -0.000678912   0.00179201   0.00175725  0.000207742  0.000758863   -0.0027112   0.00105384  -0.00360591 -0.000617637    0.0017428   0.00178078  0.000220365  0.000963062  -0.00278286   0.00124498  -0.00360511 -0.000557228   0.00169939   0.00180382 -6.12483e-06
========================================
primal_step_norm SUCCESS
SOLVED , sqp_iter_: 0
AFTER initial_guess_[0].uk: [-0.225468, -0.045526, -0.062285, -0.055659, -0.005070, 0.011932, -0.288314, 0.001657]
BEFORE initial_guess_[0].uk: [-0.224531, -0.045739, -0.061379, -0.055700, -0.004727, 0.011762, -0.288199, 0.003735]
Initialization finished.
Allocations finished.
Setup successful.
Solver is ready.
Starting solver...
Solver initialization verified.
Solver finished.
===== SQP Iteration: 0 =====
step_ (179 x 1): 
 1.44571e-11  1.45814e-09 -2.12334e-11  1.75194e-10  2.23161e-11 -2.51368e-10 -8.06767e-12  4.56077e-11  4.22163e-09  1.65167e-05 -3.15794e-05 -5.10435e-06 -2.39576e-05 -5.50123e-06  1.10967e-05  1.57176e-05 -1.32209e-07 -2.26292e-05  3.07055e-05 -6.23322e-05 -1.24456e-05 -4.76893e-05 -1.18741e-05  2.26504e-05  3.13352e-05 -4.30159e-07 -3.60999e-05  4.36167e-05 -9.26683e-05 -2.10008e-05 -7.13073e-05 -1.87188e-05  3.44746e-05  4.68636e-05 -8.29387e-07 -4.27852e-05   5.6104e-05 -0.000122772 -2.99403e-05 -9.49337e-05 -2.57139e-05  4.63827e-05  6.23268e-05 -1.26923e-06 -4.41467e-05  6.88385e-05 -0.000152842 -3.86159e-05 -0.000118668 -3.26075e-05  5.82109e-05  7.77603e-05 -1.70233e-06 -4.13847e-05  8.23373e-05  -0.00018308 -4.65333e-05 -0.000142578 -3.92068e-05  6.98246e-05  9.32116e-05 -2.09215e-06 -3.54445e-05  9.69818e-05 -0.000213682 -5.33337e-05 -0.000166695 -4.53713e-05  8.11267e-05  0.000108738 -2.41088e-06 -2.71388e-05  0.000113017 -0.000244836 -5.87945e-05 -0.000191004 -5.10142e-05  9.20629e-05  0.000124408 -2.63976e-06 -1.73361e-05 -0.000603666 -0.000552533 -0.000235691  -0.00039957 -5.74686e-05   0.00012602 -0.000850163  0.000995253  -2.8854e-07  -0.00058466 -0.000585174  -0.00023835 -0.000424035 -6.20307e-05  0.000136273 -0.000834068  0.000995248 -5.77413e-07   0.00220039  -0.00252517 -0.000679205  -0.00339185 -0.000611106   0.00159149   0.00174559 -0.000426243   0.00189042  -0.00247889  -0.00097742  -0.00335509 -0.000707424   0.00166037   0.00173433  -0.00026151   0.00172026  -0.00244605  -0.00113909  -0.00333826 -0.000759809   0.00169994   0.00172451 -0.000126298   0.00166384  -0.00242812  -0.00119024  -0.00333888 -0.000776494    0.0017125   0.00171732 -2.04799e-05   0.00169683  -0.00242618  -0.00115506  -0.00335368 -0.000765182   0.00170133   0.00171408  6.11138e-05   0.00179865  -0.00244035  -0.00105407  -0.00337839 -0.000732445   0.00167075   0.00171609  0.000123693   0.00195128  -0.00247018 -0.000905272  -0.00340769 -0.000684098   0.00162607    0.0017245  0.000169828    0.0021365  -0.00251495 -0.000726896   -0.0034352 -0.000626088   0.00157359   0.00174022  0.000198312   0.00233248  -0.00257389 -0.000540731  -0.00345353 -0.000565555   0.00152054    0.0017639  0.000209754   0.00253177  -0.00264557 -0.000354201  -0.00345534 -0.000506436   0.00147403    0.0017867 -5.78193e-06
========================================
primal_step_norm SUCCESS
SOLVED , sqp_iter_: 0
AFTER initial_guess_[0].uk: [-0.219745, -0.051231, -0.062857, -0.063078, -0.006322, 0.015916, -0.283643, 0.001603]
BEFORE initial_guess_[0].uk: [-0.218825, -0.051453, -0.061966, -0.063124, -0.005985, 0.015742, -0.283528, 0.003596]
Initialization finished.
Allocations finished.
Setup successful.
Solver is ready.
Starting solver...
Solver initialization verified.
Solver finished.
===== SQP Iteration: 0 =====
step_ (179 x 1): 
-1.47657e-10  6.79849e-10  -7.4087e-12  -9.7445e-12  4.98613e-11 -7.30119e-11 -3.92352e-11  8.77482e-11  5.28908e-09  9.40282e-06 -1.13149e-05  1.74835e-06 -8.31121e-06 -4.24601e-07 -6.33313e-06  1.26858e-05 -1.04051e-07 -2.08053e-05  1.63251e-05 -2.24078e-05  1.10464e-06 -1.60846e-05 -1.78882e-06 -1.19604e-05  2.56413e-05 -3.69929e-07 -3.23768e-05  2.15736e-05 -3.38653e-05 -1.15085e-06  -2.3205e-05 -3.80175e-06 -1.68682e-05  3.92555e-05 -7.14027e-07  -3.6448e-05  2.59766e-05 -4.58279e-05 -4.21405e-06 -2.98238e-05 -6.13113e-06 -2.12644e-05  5.36652e-05 -1.07053e-06 -3.48574e-05  3.03552e-05 -5.79923e-05 -7.28581e-06 -3.63505e-05 -8.40979e-06 -2.55693e-05  6.87869e-05  -1.3908e-06 -2.92033e-05  3.53175e-05 -7.01669e-05 -9.77963e-06  -4.3103e-05 -1.03636e-05 -3.01266e-05  8.45534e-05 -1.64063e-06 -2.07675e-05  4.12906e-05 -8.22743e-05 -1.12904e-05 -5.02921e-05 -1.18037e-05 -3.51861e-05  0.000100909 -1.79685e-06 -1.06113e-05  4.85359e-05 -9.43588e-05 -1.15782e-05 -5.80047e-05 -1.26255e-05 -4.08888e-05  0.000117805 -1.84861e-06  2.64832e-07 -0.000658043 -0.000415183 -0.000186071 -0.000274766 -1.87379e-05 -1.36157e-05 -0.000839174  0.000996217  1.72571e-05 -0.000648031 -0.000427927 -0.000183757 -0.000283202 -1.83487e-05 -2.05061e-05 -0.000821435  0.000996389  1.71533e-05   0.00125259 -0.000916809  0.000232891  -0.00117373 -4.71385e-05 -0.000910624   0.00140823  -0.00041608  0.000922144 -0.000898994 -8.57454e-05  -0.00109784 -0.000151441 -0.000809087   0.00143816 -0.000231453  0.000699159 -0.000928548 -0.000300451   -0.0010056  -0.00022345 -0.000705624   0.00151129 -8.14435e-05  0.000586538 -0.000969478 -0.000408046 -0.000934758 -0.000258577 -0.000632065   0.00159959  3.17945e-05  0.000583289 -0.000985865 -0.000409184 -0.000921756  -0.00025295 -0.000618956   0.00167863   0.00011307   0.00066105 -0.000986689 -0.000332198 -0.000953642 -0.000216884 -0.000655205   0.00175021  0.000168688  0.000795678 -0.000981253 -0.000201232  -0.00101528 -0.000159854 -0.000727408   0.00181565  0.000203118  0.000965135 -0.000979451 -3.83282e-05  -0.00108925 -9.12129e-05 -0.000819858   0.00187565  0.000217499   0.00114656   -0.0009923  0.000133634  -0.00115562 -2.11553e-05 -0.000914474   0.00193019  0.000214432   0.00133364   -0.0010329  0.000308309  -0.00119143  4.32089e-05 -0.000990696   0.00196915 -2.06815e-06
========================================
primal_step_norm SUCCESS
SOLVED , sqp_iter_: 0
AFTER initial_guess_[0].uk: [-0.216101, -0.053447, -0.061459, -0.065676, -0.006108, 0.013366, -0.279852, 0.001515]
BEFORE initial_guess_[0].uk: [-0.215253, -0.053740, -0.060637, -0.065645, -0.005802, 0.013268, -0.279631, 0.003561]
Initialization finished.
Allocations finished.
Setup successful.
Solver is ready.
Starting solver...
Solver initialization verified.
Solver finished.
===== SQP Iteration: 0 =====
step_ (179 x 1): 
-7.99646e-12  1.82618e-09 -1.85905e-11  1.01002e-10  1.35119e-11 -2.77759e-10  2.19601e-11  1.36665e-10  8.73265e-09  1.12528e-05 -3.24842e-05 -1.50157e-06  -2.3646e-05 -5.77266e-06  1.12327e-05  1.80579e-05 -1.02742e-07 -2.05384e-05  2.06786e-05 -6.35881e-05 -4.73842e-06 -4.75215e-05 -1.21978e-05  2.25467e-05  3.52758e-05 -3.77477e-07  -3.4422e-05  2.93025e-05 -9.35616e-05 -8.70898e-06  -7.1745e-05 -1.89048e-05  3.37562e-05    5.157e-05 -7.62591e-07 -4.26179e-05  3.77939e-05 -0.000123123 -1.27682e-05  -9.6137e-05 -2.56974e-05  4.49244e-05  6.70936e-05 -1.20593e-06 -4.60677e-05  4.67094e-05 -0.000152884 -1.63835e-05 -0.000120557 -3.24126e-05  5.60865e-05  8.20004e-05 -1.66393e-06 -4.55652e-05  5.65004e-05 -0.000183335 -1.91268e-05 -0.000144905 -3.89134e-05  6.72486e-05  9.64473e-05 -2.10029e-06 -4.17818e-05  6.75101e-05 -0.000214813 -2.06776e-05 -0.000169125 -4.50855e-05  7.83841e-05  0.000110599 -2.48554e-06 -3.53797e-05  7.99517e-05 -0.000247488 -2.08447e-05 -0.000193212 -5.08402e-05  8.94295e-05   0.00012463 -2.79778e-06 -2.71495e-05 -0.000611307 -0.000602651 -0.000192791 -0.000434232 -6.16568e-05   0.00012702 -0.000817893  0.000995159 -1.17744e-05 -0.000595968   -0.0006374 -0.000190224 -0.000458278 -6.64309e-05  0.000137512 -0.000803583  0.000995038  -1.2269e-05   0.00149892  -0.00263292 -0.000200022  -0.00333961 -0.000640797   0.00161501   0.00200455  -0.00041083    0.0012556  -0.00252102 -0.000431178    -0.003372  -0.00071324   0.00162669   0.00191131 -0.000277745   0.00114877  -0.00242939 -0.000528913  -0.00342114 -0.000744527   0.00161167   0.00180878 -0.000163986   0.00113113  -0.00239595 -0.000540727  -0.00344494  -0.00075403   0.00160571   0.00172323 -6.90614e-05   0.00118762  -0.00241222  -0.00048159  -0.00344888 -0.000745435   0.00160485   0.00165475  1.00093e-05   0.00130425  -0.00246801 -0.000365422  -0.00343875  -0.00072164   0.00160484   0.00160372  7.56375e-05   0.00146662  -0.00255136 -0.000206575  -0.00342072  -0.00068515   0.00160101   0.00157091  0.000128047    0.0016574  -0.00264831 -2.22816e-05  -0.00340181 -0.000638792   0.00158803   0.00155763   0.00016461    0.0018536  -0.00274257  0.000164544  -0.00339046 -0.000586549   0.00155952   0.00156575  0.000184213    0.0020433  -0.00281632  0.000342039  -0.00339608 -0.000529962    0.0015085   0.00158855 -9.87845e-06
========================================
primal_step_norm SUCCESS
SOLVED , sqp_iter_: 0
AFTER initial_guess_[0].uk: [-0.211993, -0.059467, -0.061072, -0.072909, -0.007475, 0.017483, -0.274399, 0.001506]
BEFORE initial_guess_[0].uk: [-0.211100, -0.059701, -0.060203, -0.072959, -0.007147, 0.017302, -0.274283, 0.003349]
Initialization finished.
Allocations finished.
Setup successful.
Solver is ready.
Starting solver...
Solver initialization verified.
Solver finished.
===== SQP Iteration: 0 =====
step_ (179 x 1): 
 5.60058e-11  8.67572e-10  4.40272e-11  7.19498e-11  1.15328e-11 -1.48209e-10   8.9054e-11 -7.88724e-12  6.42334e-10  7.22032e-06 -1.09928e-05  4.27139e-06 -8.06972e-06 -1.63949e-07 -7.26245e-06  1.33792e-05 -9.62947e-08  -1.9142e-05  1.20153e-05 -2.17551e-05  6.20517e-06  -1.5567e-05  -1.2682e-06 -1.37826e-05  2.69804e-05 -3.42025e-07 -2.99745e-05  1.51649e-05 -3.29122e-05  6.55491e-06 -2.23684e-05 -3.04267e-06 -1.95416e-05  4.11675e-05 -6.62083e-07 -3.40067e-05  1.74749e-05 -4.46252e-05  6.10259e-06 -2.86291e-05   -5.165e-06 -2.47521e-05  5.60711e-05 -9.96502e-07 -3.28467e-05  1.97437e-05 -5.65896e-05  5.62488e-06 -3.47737e-05 -7.26926e-06 -2.98488e-05    7.162e-05 -1.30102e-06 -2.79234e-05  2.25625e-05 -6.86108e-05  5.69189e-06 -4.11346e-05 -9.07923e-06 -3.51894e-05  8.77626e-05 -1.54347e-06 -2.04202e-05  2.63428e-05 -8.06062e-05  6.69361e-06 -4.79356e-05 -1.04037e-05 -4.10377e-05   0.00010446 -1.70311e-06 -1.13365e-05  3.13307e-05 -9.26156e-05  8.85598e-06 -5.52764e-05 -1.11367e-05 -4.75467e-05   0.00012168 -1.76912e-06 -1.61646e-06 -0.000652227 -0.000460887 -0.000158375 -0.000304172  -2.1571e-05 -1.75054e-05 -0.000802937  0.000996322  1.35813e-05 -0.000644626 -0.000473611  -0.00015376 -0.000312291 -2.11449e-05 -2.52623e-05 -0.000784889  0.000996457  1.34549e-05  0.000961791 -0.000890638  0.000568967  -0.00113968 -1.81957e-05  -0.00104423   0.00148518 -0.000382416  0.000638721 -0.000872193  0.000257587  -0.00105886 -0.000122581 -0.000937442   0.00150983 -0.000216555  0.000419543 -0.000904196  4.65765e-05 -0.000960586 -0.000196981 -0.000828006   0.00157489 -8.05661e-05  0.000307706 -0.000949253 -6.02693e-05 -0.000884211 -0.000235597 -0.000749132   0.00165441   2.3267e-05  0.000302199 -0.000969646 -6.36491e-05 -0.000867827 -0.000233594 -0.000732788   0.00172605  9.85088e-05  0.000375465 -0.000974236  8.90557e-06 -0.000898345 -0.000200938 -0.000767828   0.00179196  0.000150102  0.000503522 -0.000972184   0.00013342 -0.000960522 -0.000147058 -0.000840794    0.0018536  0.000181682  0.000664478 -0.000973293  0.000287991  -0.00103673 -8.13919e-05 -0.000935792   0.00191147  0.000194365    0.0008363  -0.00098863   0.00045058  -0.00110654 -1.41513e-05  -0.00103429   0.00196495  0.000190502   0.00101252  -0.00103123  0.000614765  -0.00114655   4.7289e-05  -0.00111528   0.00200353 -2.53684e-06
========================================
primal_step_norm SUCCESS
SOLVED , sqp_iter_: 0
AFTER initial_guess_[0].uk: [-0.209008, -0.061638, -0.058966, -0.075438, -0.007195, 0.014576, -0.270407, 0.001437]
BEFORE initial_guess_[0].uk: [-0.208189, -0.061949, -0.058167, -0.075408, -0.006902, 0.014474, -0.270193, 0.003299]
Initialization finished.
Allocations finished.
Setup successful.
Solver is ready.
Starting solver...
Solver initialization verified.
Solver finished.
===== SQP Iteration: 0 =====
step_ (179 x 1): 
 2.89461e-11  1.84256e-09  8.04171e-12  1.31027e-10 -1.76852e-12 -2.98866e-10  5.32752e-11  9.75526e-11   6.4711e-09  9.60051e-06  -2.9826e-05  9.15609e-07 -2.29752e-05 -4.59633e-06  8.51262e-06  1.58919e-05 -9.42247e-08 -1.88904e-05  1.73135e-05 -5.84874e-05  3.37031e-08 -4.59949e-05 -9.89159e-06  1.72819e-05  3.11392e-05 -3.45454e-07 -3.13754e-05  2.40077e-05 -8.65608e-05 -1.80132e-06 -6.89887e-05 -1.56086e-05  2.62895e-05   4.5828e-05 -6.94255e-07 -3.84069e-05  3.04386e-05 -0.000114613 -3.85753e-06 -9.18818e-05 -2.15129e-05  3.55204e-05  6.00303e-05 -1.09062e-06   -4.096e-05  3.72276e-05 -0.000143133 -5.53677e-06 -0.000114622 -2.74101e-05  4.49401e-05  7.38274e-05 -1.49434e-06 -3.98836e-05  4.48667e-05 -0.000172514 -6.36966e-06 -0.000137183   -3.314e-05  5.44926e-05  8.73127e-05  -1.8726e-06 -3.59035e-05  5.37161e-05 -0.000203029  -6.0185e-06 -0.000159564 -3.85734e-05  6.40987e-05  0.000100597 -2.20002e-06 -2.97113e-05  6.39862e-05 -0.000234802 -4.29419e-06 -0.000181799 -4.36135e-05  7.36514e-05  0.000113813 -2.45786e-06 -2.20746e-05 -0.000606533  -0.00063657 -0.000167192 -0.000453148 -5.80849e-05  0.000112487 -0.000797146  0.000995559 -8.23967e-06 -0.000593451 -0.000670469 -0.000162814 -0.000475389 -6.21892e-05  0.000121467 -0.000783627  0.000995475 -8.66389e-06   0.00127889  -0.00241744  0.000121984  -0.00324484 -0.000510222   0.00122392   0.00176413 -0.000378007   0.00102745  -0.00232303 -0.000117472  -0.00325112 -0.000587811   0.00126082   0.00169257  -0.00024978  0.000891728  -0.00227537 -0.000244435  -0.00324747 -0.000634632   0.00129507   0.00163057 -0.000140693  0.000856666  -0.00227363 -0.000273898  -0.00323322 -0.000655413   0.00132719   0.00157658 -5.11132e-05  0.000904364  -0.00231159  -0.00022368  -0.00321169 -0.000654617   0.00135432   0.00153158  2.14865e-05    0.0010176  -0.00238139 -0.000110939   -0.0031863  -0.00063605   0.00137342   0.00149696  7.95456e-05   0.00117881  -0.00247327  4.68171e-05   -0.0031609 -0.000603133   0.00138113   0.00147464  0.000123807   0.00136807  -0.00257516  0.000229714  -0.00314035  -0.00055948   0.00137344    0.0014671  0.000152721   0.00156069  -0.00267219  0.000413157  -0.00313115 -0.000509588   0.00134534    0.0014775  0.000165787   0.00174265  -0.00274747  0.000583163  -0.00314123 -0.000455612   0.00129099   0.00150072 -8.47726e-06
========================================
primal_step_norm SUCCESS
SOLVED , sqp_iter_: 0
AFTER initial_guess_[0].uk: [-0.205408, -0.067207, -0.057902, -0.082465, -0.008234, 0.017668, -0.265589, 0.001409]
BEFORE initial_guess_[0].uk: [-0.204579, -0.067505, -0.057092, -0.082464, -0.007941, 0.017542, -0.265429, 0.003113]
Initialization finished.
Allocations finished.
Setup successful.
Solver is ready.
Starting solver...
Solver initialization verified.
Solver finished.
===== SQP Iteration: 0 =====
step_ (179 x 1): 
-4.14886e-12  1.05559e-09 -1.25365e-11  7.73433e-11 -1.09046e-11 -1.63673e-10  2.21587e-11  7.32436e-11  4.66109e-09  7.00142e-06 -1.74015e-05   4.2182e-06 -9.63053e-06 -2.30501e-06 -2.87744e-06  1.79566e-05 -8.72286e-08 -1.73953e-05  1.19421e-05 -3.37122e-05  6.46508e-06 -1.91971e-05 -5.31584e-06 -5.47007e-06  3.56767e-05   -3.141e-07 -2.79716e-05  1.55403e-05 -4.95322e-05  7.43405e-06 -2.86199e-05  -8.7686e-06 -7.82477e-06  5.34678e-05 -6.18293e-07 -3.28321e-05  1.85886e-05 -6.49279e-05  7.89466e-06 -3.81336e-05 -1.23234e-05 -1.02401e-05  7.14072e-05 -9.48443e-07 -3.31589e-05  2.17149e-05 -7.99821e-05  8.45285e-06 -4.79424e-05 -1.57088e-05 -1.29798e-05  8.95758e-05 -1.26463e-06 -3.00329e-05  2.53971e-05 -9.47958e-05  9.56451e-06 -5.82072e-05 -1.87203e-05 -1.62595e-05  0.000108052 -1.53693e-06 -2.43945e-05  2.99768e-05 -0.000109494  1.15495e-05 -6.90294e-05 -2.12187e-05 -2.02317e-05  0.000126902 -1.74502e-06 -1.70955e-05  3.56658e-05 -0.000124241  1.45974e-05 -8.04323e-05 -2.31331e-05 -2.49688e-05  0.000146174 -1.87582e-06 -8.98583e-06 -0.000626614 -0.000541962 -0.000142859 -0.000363755 -3.84534e-05  8.01394e-06 -0.000744864  0.000996186   4.2739e-06 -0.000618513 -0.000557584 -0.000137553 -0.000375949 -3.92662e-05  1.94525e-06 -0.000724817  0.000996228  4.05934e-06  0.000932664  -0.00141009  0.000561909  -0.00136011 -0.000255873 -0.000413783   0.00199333 -0.000347746  0.000658144  -0.00132188  0.000299306   -0.0013511 -0.000334224 -0.000372764   0.00196707 -0.000211517  0.000479326  -0.00128212  0.000129075  -0.00133079 -0.000383281 -0.000338559   0.00197494 -9.72077e-05  0.000406054  -0.00124773  6.13595e-05  -0.00134363 -0.000394608 -0.000347272   0.00199142 -6.54131e-06  0.000416455  -0.00122007  7.43544e-05   -0.0013853  -0.00037581 -0.000393898   0.00201685  6.25323e-05  0.000490509  -0.00120057  0.000148084  -0.00144969 -0.000334295 -0.000471529   0.00205094  0.000112775  0.000610063  -0.00119125  0.000264418  -0.00152844 -0.000277345 -0.000571087   0.00209253  0.000145965  0.000757752  -0.00119529  0.000406018  -0.00161036 -0.000212524 -0.000681042    0.0021394  0.000162179  0.000915497  -0.00121773  0.000554833  -0.00168093 -0.000148208 -0.000787089    0.0021881   0.00016275   0.00107918  -0.00126607  0.000706751   -0.0017223 -9.02235e-05 -0.000872559   0.00222544 -4.28262e-06
========================================
primal_step_norm SUCCESS
SOLVED , sqp_iter_: 0
AFTER initial_guess_[0].uk: [-0.202550, -0.070572, -0.055870, -0.085422, -0.008609, 0.016462, -0.260226, 0.001375]
BEFORE initial_guess_[0].uk: [-0.201746, -0.070857, -0.055081, -0.085443, -0.008314, 0.016298, -0.260054, 0.003008]
Initialization finished.
Allocations finished.
Setup successful.
Solver is ready.
Starting solver...
Solver initialization verified.
Solver finished.
===== SQP Iteration: 0 =====
step_ (179 x 1): 
-2.59738e-10 -5.15989e-09  -8.0676e-11 -5.79453e-10  2.43064e-10 -4.42637e-10  -9.8131e-11 -4.42925e-10  1.07155e-08 -2.96041e-05  -2.9647e-05  4.14224e-05 -2.48237e-05 -4.41318e-06  7.83173e-06  1.55944e-05 -8.37303e-08  -1.6475e-05 -6.11488e-05 -5.85344e-05  8.09374e-05 -4.93581e-05 -9.61665e-06  1.62177e-05  3.07854e-05 -3.05092e-07 -2.71051e-05 -9.38878e-05 -8.75378e-05   0.00011927 -7.33755e-05 -1.54165e-05  2.52791e-05  4.57604e-05 -6.07861e-07 -3.27917e-05 -0.000126988 -0.000116976  0.000157233 -9.69706e-05 -2.15262e-05  3.48671e-05  6.04925e-05 -9.47528e-07 -3.44732e-05 -0.000159773 -0.000147152  0.000195487 -0.000120227 -2.77087e-05   4.4836e-05  7.49787e-05 -1.28802e-06  -3.2984e-05 -0.000191717 -0.000178327  0.000234542 -0.000143216 -3.37719e-05  5.50428e-05  8.92456e-05 -1.60096e-06 -2.90378e-05 -0.000222448 -0.000210695  0.000274754 -0.000166006 -3.95658e-05  6.53441e-05  0.000103354 -1.86602e-06 -2.32939e-05 -0.000251763 -0.000244347  0.000316311 -0.000188668  -4.4984e-05  7.55904e-05  0.000117402 -2.06784e-06 -1.64523e-05 -0.000940709 -0.000697539  0.000202887 -0.000494908 -6.47667e-05  0.000118006 -0.000759169  0.000995954 -4.31225e-06 -0.000967304 -0.000733392  0.000246983 -0.000517624   -6.929e-05  0.000127627 -0.000744837  0.000995906 -4.66616e-06  -0.00394342  -0.00240154   0.00551791  -0.00350581 -0.000489896   0.00112601   0.00173111 -0.000329757  -0.00420195  -0.00234043   0.00526381  -0.00346515 -0.000577594   0.00120565   0.00168632  -0.00021287  -0.00436104  -0.00234975   0.00510627  -0.00339216 -0.000643719   0.00130276   0.00166237 -0.000113969  -0.00440917    -0.002385   0.00505715  -0.00333255  -0.00067814   0.00137848   0.00163541 -3.38688e-05  -0.00436701  -0.00244473   0.00509599   -0.0032847 -0.000686266   0.00143325   0.00160815   2.9597e-05  -0.00425487  -0.00252573   0.00520269  -0.00324707 -0.000673048   0.00146746   0.00158382   7.8777e-05  -0.00409328  -0.00262245   0.00535682  -0.00321886 -0.000643133   0.00148107   0.00156617  0.000114752  -0.00390474  -0.00272641     0.005536  -0.00320077 -0.000601328   0.00147319   0.00155951  0.000136703  -0.00371571  -0.00282558   0.00571388  -0.00319562 -0.000553175   0.00144174   0.00156881  0.000144525  -0.00354249  -0.00290499   0.00587428  -0.00320854 -0.000501936   0.00138329   0.00159095 -7.19762e-06
========================================
primal_step_norm SUCCESS
SOLVED , sqp_iter_: 0
AFTER initial_guess_[0].uk: [-0.210323, -0.076080, -0.043079, -0.093068, -0.009592, 0.019237, -0.255536, 0.001360]
BEFORE initial_guess_[0].uk: [-0.209524, -0.076392, -0.042310, -0.093068, -0.009315, 0.019099, -0.255384, 0.002860]
Initialization finished.
Allocations finished.
Setup successful.
Solver is ready.
Starting solver...
Solver initialization verified.
Solver finished.
===== SQP Iteration: 0 =====
step_ (179 x 1): 
-4.92472e-12  1.07255e-09  1.28443e-11  5.45387e-11  2.19015e-11 -1.60968e-10  3.11462e-11  8.13231e-11  5.01935e-09  1.19657e-05 -1.73475e-05 -4.23851e-07 -9.49441e-06 -2.03614e-06 -3.34618e-06  1.78714e-05 -7.39445e-08 -1.56557e-05  2.19392e-05 -3.35833e-05 -2.75508e-06 -1.89174e-05 -4.74933e-06 -6.37759e-06  3.55234e-05 -2.75437e-07 -2.52896e-05  3.05977e-05  -4.9331e-05 -6.34061e-06 -2.81827e-05 -7.89657e-06 -9.14101e-06  5.32522e-05 -5.47952e-07 -2.98584e-05  3.87007e-05 -6.46746e-05 -1.04433e-05 -3.75301e-05 -1.11507e-05 -1.19441e-05  7.11332e-05  -8.4614e-07 -3.03823e-05  4.68553e-05 -7.97068e-05 -1.44784e-05 -4.71718e-05 -1.42474e-05 -1.50615e-05  8.92422e-05 -1.13415e-06 -2.78164e-05  5.55282e-05 -9.45327e-05 -1.80007e-05 -5.72778e-05 -1.69854e-05 -1.87213e-05  0.000107652 -1.38486e-06 -2.30092e-05  6.50537e-05  -0.00010928 -2.06973e-05 -6.79589e-05 -1.92269e-05 -2.30875e-05  0.000126425 -1.58044e-06 -1.67368e-05  7.56373e-05 -0.000124116 -2.23844e-05 -7.92435e-05 -2.09031e-05  -2.8242e-05  0.000145605 -1.71008e-06 -9.76265e-06 -0.000600292 -0.000593444 -0.000135231 -0.000397386 -4.13409e-05  7.84639e-06 -0.000711165  0.000996336  1.76024e-06  -0.00058741 -0.000609254 -0.000134787 -0.000409513 -4.19593e-05  1.29967e-06  -0.00069124  0.000996353  1.54595e-06   0.00159373  -0.00140796 -5.65939e-05  -0.00134089  -0.00022607 -0.000481126   0.00198385 -0.000312482   0.00132846  -0.00131682 -0.000310616   -0.0013307 -0.000301304  -0.00043579   0.00195949 -0.000192467   0.00115329  -0.00127728 -0.000477697  -0.00130839 -0.000349464 -0.000397276     0.001968 -9.11596e-05    0.0010791  -0.00124452 -0.000546759  -0.00131997 -0.000361288 -0.000402974   0.00198484 -1.03206e-05   0.00108595  -0.00121928 -0.000537717  -0.00136151 -0.000343775 -0.000448196   0.00201015   5.1451e-05   0.00115498   -0.0012026 -0.000469419  -0.00142706 -0.000303964 -0.000526171   0.00204355   9.6252e-05   0.00126859  -0.00119626 -0.000359482  -0.00150822 -0.000248962 -0.000627752   0.00208389  0.000125546   0.00140967  -0.00120344 -0.000225029  -0.00159349 -0.000186252 -0.000741093   0.00212907  0.000139571   0.00156048  -0.00122932 -8.38096e-05  -0.00166775 -0.000124128 -0.000851315   0.00217587  0.000139476   0.00171606  -0.00128135  5.92037e-05  -0.00171275 -6.86197e-05  -0.00094129    0.0022117 -4.27401e-06
========================================
primal_step_norm SUCCESS
SOLVED , sqp_iter_: 0
AFTER initial_guess_[0].uk: [-0.206057, -0.079454, -0.042433, -0.095984, -0.009905, 0.017843, -0.250207, 0.001298]
BEFORE initial_guess_[0].uk: [-0.205284, -0.079756, -0.041688, -0.096011, -0.009626, 0.017668, -0.250042, 0.002725]
Initialization finished.
Allocations finished.
Setup successful.
Solver is ready.
Starting solver...
Solver initialization verified.
Solver finished.
===== SQP Iteration: 0 =====
step_ (179 x 1): 
-3.53429e-11   1.8699e-09  5.15916e-13  3.91405e-11  -1.8295e-12 -2.75529e-10  8.50926e-11  8.08752e-10  1.27394e-08  1.37447e-05 -2.89475e-05 -1.83947e-06 -2.39836e-05 -4.03282e-06   6.8762e-06  1.55843e-05 -7.33013e-08 -1.48195e-05  2.56046e-05 -5.70876e-05 -5.47377e-06 -4.76795e-05 -8.82311e-06  1.43285e-05  3.07841e-05 -2.69428e-07 -2.44988e-05  3.62925e-05 -8.53145e-05 -1.02145e-05 -7.08606e-05 -1.41951e-05  2.24706e-05  4.57791e-05 -5.40456e-07 -2.97961e-05  4.66118e-05 -0.000113962  -1.5281e-05 -9.36281e-05 -1.98758e-05  3.11419e-05  6.05435e-05 -8.46603e-07 -3.15205e-05  5.72226e-05 -0.000143342 -2.00363e-05 -0.000116072 -2.56366e-05   4.0186e-05  7.50744e-05 -1.15574e-06 -3.04058e-05  6.86393e-05 -0.000173728 -2.39882e-05 -0.000138271 -3.12905e-05  4.94497e-05  8.93969e-05  -1.4426e-06 -2.71011e-05  8.12251e-05  -0.00020532 -2.67963e-05 -0.000160297 -3.66908e-05  5.87816e-05  0.000103568  -1.6883e-06 -2.22133e-05  9.51757e-05 -0.000238216 -2.82867e-05 -0.000182226  -4.1733e-05  6.80256e-05  0.000117682  -1.8808e-06 -1.63804e-05 -0.000564269 -0.000742333 -0.000140254 -0.000522613 -6.62985e-05  0.000112477  -0.00072457  0.000996111 -5.90541e-06 -0.000547707  -0.00077749 -0.000139297 -0.000544662 -7.04857e-05  0.000121022 -0.000710184  0.000996051 -6.22945e-06   0.00183092  -0.00234619 -0.000245029  -0.00338725 -0.000447659  0.000988628   0.00172996 -0.000296606   0.00157986  -0.00228077  -0.00048412  -0.00334664 -0.000531751   0.00107147    0.0016873 -0.000193709   0.00142374  -0.00228781 -0.000631498  -0.00327391 -0.000596321   0.00117063   0.00166456 -0.000106048   0.00137464  -0.00232189  -0.00067491  -0.00321552 -0.000630601   0.00124673   0.00163895 -3.45703e-05   0.00141346  -0.00238132 -0.000633432  -0.00316981 -0.000639487   0.00130031   0.00161304  2.22206e-05   0.00152081  -0.00246276 -0.000526436  -0.00313521 -0.000627617    0.0013319   0.00158989  6.60564e-05   0.00167654  -0.00256056 -0.000374064  -0.00311082 -0.000599468   0.00134168   0.00157307  9.77453e-05    0.0018584  -0.00266617 -0.000198541  -0.00309712 -0.000559726   0.00132906   0.00156673  0.000116699   0.00204045  -0.00276752 -2.58203e-05  -0.00309663 -0.000513728   0.00129237   0.00157565  0.000122836   0.00220601  -0.00284949  0.000127432  -0.00311425 -0.000464771   0.00122851   0.00159692 -6.46435e-06
========================================
primal_step_norm SUCCESS
SOLVED , sqp_iter_: 0
AFTER initial_guess_[0].uk: [-0.201302, -0.084859, -0.042221, -0.103378, -0.010794, 0.020249, -0.245527, 0.001242]
BEFORE initial_guess_[0].uk: [-0.200543, -0.085189, -0.041486, -0.103389, -0.010533, 0.020098, -0.245382, 0.002547]
Initialization finished.
Allocations finished.
Setup successful.
Solver is ready.
Starting solver...
Solver initialization verified.
Solver finished.
===== SQP Iteration: 0 =====
step_ (179 x 1): 
 4.85781e-11  1.73288e-09  3.55027e-11  1.39692e-10  1.59085e-10 -2.56234e-10   7.2859e-11  4.55029e-09  7.86037e-08  1.21033e-05 -2.95203e-05  5.32123e-07 -2.22381e-05 -4.18732e-06  6.68969e-06  1.52926e-05 -6.66716e-08 -1.46387e-05  2.23174e-05 -5.79871e-05 -7.32537e-07 -4.42981e-05 -9.05585e-06  1.38179e-05    3.031e-05 -2.57698e-07 -2.42549e-05  3.13093e-05 -8.62047e-05  -3.1503e-06 -6.60209e-05 -1.44132e-05   2.1424e-05  4.52733e-05 -5.23207e-07 -2.95394e-05   3.9835e-05  -0.00011441  -5.9877e-06 -8.75787e-05 -1.99725e-05   2.9277e-05  6.01995e-05 -8.23982e-07 -3.13014e-05  4.85136e-05  -0.00014283 -8.64777e-06 -0.000109123 -2.54973e-05  3.71638e-05   7.5118e-05  -1.1285e-06 -3.02927e-05  5.78284e-05 -0.000171679 -1.06695e-05 -0.000130778 -3.08019e-05  4.48975e-05  9.00697e-05  -1.4125e-06 -2.71859e-05  6.81266e-05  -0.00020115 -1.17278e-05 -0.000152629 -3.57517e-05  5.23265e-05  0.000105105 -1.65766e-06 -2.26026e-05  7.96153e-05 -0.000231411 -1.16381e-05 -0.000174716 -4.02661e-05  5.93436e-05  0.000120279 -1.85174e-06 -1.71696e-05 -0.000565855 -0.000767733 -0.000121187 -0.000537532 -6.84501e-05  0.000109904 -0.000706408  0.000996074 -7.48225e-06 -0.000551905 -0.000799962 -0.000118788 -0.000559976  -7.2077e-05  0.000115999 -0.000690848     0.000996 -7.68898e-06   0.00161225   -0.0023924  7.08736e-05  -0.00314075 -0.000464859   0.00096176   0.00169761 -0.000295033   0.00136056  -0.00230716  -0.00016848   -0.0031156 -0.000540456   0.00102485   0.00166704 -0.000193293   0.00119777  -0.00228697 -0.000322079  -0.00306798 -0.000594711   0.00109357   0.00166103 -0.000106479   0.00113567  -0.00228595 -0.000377978  -0.00304466 -0.000617132   0.00112906   0.00165692 -3.58617e-05   0.00115605  -0.00230341 -0.000354352   -0.0030428 -0.000613313   0.00113392   0.00165607  1.96985e-05   0.00124079  -0.00233817 -0.000269321  -0.00305838 -0.000588866   0.00111193   0.00165974  6.17954e-05   0.00137182  -0.00238856 -0.000140972  -0.00308611 -0.000549461   0.00106812   0.00166901  9.14189e-05   0.00153038  -0.00245263  1.19566e-05  -0.00311938 -0.000501122   0.00100891   0.00168456  0.000108528   0.00169593  -0.00252823  0.000168908  -0.00315007 -0.000450585  0.000942215   0.00170664  0.000113621   0.00185836  -0.00261214  0.000319524   -0.0031698 -0.000402568  0.000876191   0.00172724 -4.04188e-06
========================================
primal_step_norm SUCCESS
SOLVED , sqp_iter_: 0
AFTER initial_guess_[0].uk: [-0.197037, -0.090392, -0.041332, -0.110220, -0.011746, 0.022609, -0.240952, 0.001072]
BEFORE initial_guess_[0].uk: [-0.196298, -0.090734, -0.040613, -0.110232, -0.011494, 0.022456, -0.240813, 0.002292]
Initialization finished.
Allocations finished.
Setup successful.
Solver is ready.
Starting solver...
Solver initialization verified.
Solver finished.
===== SQP Iteration: 0 =====
step_ (179 x 1): 
-2.11031e-11  1.47938e-10 -3.93234e-11 -3.13201e-11 -1.35232e-10 -2.54211e-11 -8.21135e-11  2.89335e-10  3.31525e-09  6.40682e-06 -1.25042e-05   5.7913e-06 -7.27239e-06  4.89087e-08 -8.39427e-06  1.60434e-05 -7.06688e-08 -1.12901e-05  1.08746e-05  -2.3985e-05  9.72942e-06 -1.42902e-05 -5.86806e-07 -1.63074e-05  3.19888e-05  -2.1947e-07 -1.76872e-05  1.39521e-05 -3.53817e-05  1.23394e-05 -2.08216e-05 -1.75678e-06 -2.36496e-05  4.82115e-05 -4.12332e-07 -2.00953e-05  1.62569e-05 -4.70922e-05  1.42165e-05 -2.69495e-05  -3.2244e-06  -3.0588e-05  6.48899e-05 -6.13659e-07 -1.93794e-05  1.84321e-05 -5.89727e-05  1.59819e-05 -3.30598e-05 -4.68042e-06 -3.75352e-05  8.20349e-05 -7.96469e-07 -1.63689e-05  2.09765e-05 -7.09512e-05  1.81129e-05 -3.94607e-05 -5.88472e-06 -4.48338e-05  9.96589e-05 -9.41819e-07 -1.18088e-05  2.42507e-05 -8.30284e-05  2.09489e-05 -4.63655e-05 -6.66851e-06 -5.27398e-05  0.000117769 -1.03746e-06 -6.37165e-06   2.8481e-05 -9.52865e-05  2.46934e-05 -5.38741e-05 -6.93778e-06 -6.14056e-05  0.000136362 -1.07797e-06 -6.83893e-07 -0.000610496 -0.000645266 -7.90032e-05 -0.000424908 -3.44315e-05 -2.07583e-05 -0.000671088  0.000996931  8.57697e-06 -0.000604133 -0.000658555 -7.32836e-05 -0.000433368 -3.36987e-05 -3.08899e-05 -0.000651707  0.000997015  8.36871e-06  0.000853497  -0.00101305  0.000771507  -0.00102702  5.50717e-06  -0.00120698   0.00178098 -0.000221897  0.000595183 -0.000930382  0.000524627  -0.00099112 -7.05626e-05  -0.00113773   0.00177009 -0.000127073  0.000409964 -0.000923564  0.000347701  -0.00092242 -0.000129867  -0.00105564   0.00180086 -4.74774e-05  0.000307026  -0.00094899  0.000250071 -0.000865424  -0.00016289 -0.000997588   0.00185143  1.48323e-05  0.000289763 -0.000962793  0.000235185 -0.000862945 -0.000161609 -0.000998835   0.00190324  6.05719e-05  0.000338926 -0.000970744  0.000283878 -0.000903969 -0.000133682  -0.00104935    0.0019564  9.14186e-05  0.000436119 -0.000978798  0.000377767  -0.00097511 -8.70105e-05  -0.00113668    0.0020104  0.000108858   0.00056346 -0.000993471  0.000498802  -0.00106035 -2.99264e-05  -0.00124587   0.00206393  0.000113682  0.000702628  -0.00102289  0.000628893  -0.00114091  2.85764e-05  -0.00135925   0.00211474  0.000109056  0.000847472  -0.00107708  0.000761927  -0.00119481  8.13574e-05  -0.00145667   0.00215146 -4.15567e-06
========================================
primal_step_norm SUCCESS
SOLVED , sqp_iter_: 0
AFTER initial_guess_[0].uk: [-0.194442, -0.092937, -0.038935, -0.112466, -0.011480, 0.019306, -0.236165, 0.001183]
BEFORE initial_guess_[0].uk: [-0.193748, -0.093304, -0.038258, -0.112456, -0.011243, 0.019166, -0.235985, 0.002324]
Initialization finished.
Allocations finished.
Setup successful.
Solver is ready.
Starting solver...
Solver initialization verified.
Solver finished.
===== SQP Iteration: 0 =====
step_ (179 x 1): 
 1.44518e-10  1.61017e-09  1.53889e-10  6.02425e-11  4.29535e-11 -2.23005e-10  1.02154e-10  4.76244e-09  8.08149e-08  1.01037e-05 -3.32298e-05  1.05286e-06 -2.32179e-05 -5.58344e-06  9.36397e-06  1.87855e-05 -5.56486e-08 -1.28617e-05  1.86907e-05 -6.47545e-05  6.75174e-07 -4.66333e-05 -1.16558e-05  1.88715e-05   3.6884e-05  -2.2547e-07 -2.19379e-05    2.662e-05 -9.48991e-05 -2.95665e-07 -7.04016e-05  -1.7906e-05  2.82892e-05  5.42215e-05 -4.69043e-07 -2.76215e-05  3.44988e-05 -0.000124507 -1.27318e-06 -9.43511e-05 -2.41821e-05   3.7658e-05  7.08994e-05 -7.54937e-07 -3.04074e-05  4.28441e-05 -0.000154297 -1.76128e-06 -0.000118351 -3.03527e-05  4.69915e-05  8.70258e-05 -1.05659e-06 -3.07656e-05  5.20727e-05 -0.000184841 -1.36642e-06 -0.000142314 -3.63072e-05  5.62737e-05  0.000102718 -1.35215e-06 -2.91456e-05  6.24833e-05 -0.000216545  1.88368e-07   -0.0001662 -4.19558e-05  6.54553e-05   0.00011811 -1.62432e-06 -2.60086e-05  7.42337e-05 -0.000249619  3.03814e-06 -0.000190021 -4.72333e-05  7.44496e-05  0.000133352 -1.86001e-06 -2.18686e-05 -0.000550585 -0.000834696 -9.55552e-05  -0.00058527 -7.91232e-05  0.000123096 -0.000658494  0.000996021 -1.36727e-05 -0.000536331 -0.000870208 -9.03556e-05 -0.000609265 -8.35707e-05  0.000131273 -0.000643043  0.000995884 -1.39432e-05   0.00134585  -0.00269344  0.000140166  -0.00327915 -0.000619847   0.00134635   0.00208528 -0.000260063   0.00114384  -0.00255514 -5.03464e-05  -0.00330701 -0.000674085   0.00136697   0.00200906 -0.000182638   0.00105623  -0.00244329 -0.000129354  -0.00335688 -0.000693841   0.00135404   0.00192458 -0.000114581    0.0010495  -0.00239974 -0.000130238  -0.00338247 -0.000696709   0.00134701   0.00185137 -5.64287e-05   0.00111166  -0.00241454  -6.5037e-05   -0.0033896 -0.000685003   0.00134195   0.00179014 -7.69733e-06   0.00122932  -0.00247564    5.258e-05  -0.00338435 -0.000661005   0.00133454   0.00174199  3.20238e-05   0.00138679  -0.00256964  0.000207099  -0.00337347 -0.000627044   0.00132007   0.00170854  6.25063e-05   0.00156521  -0.00268072  0.000379626  -0.00336441  -0.00058584   0.00129313   0.00169205  8.27063e-05   0.00174113  -0.00279057  0.000546807  -0.00336606 -0.000540797   0.00124744   0.00169562  9.19663e-05   0.00189863  -0.00287823  0.000692663  -0.00338893 -0.000493651   0.00117551   0.00171506 -5.34654e-06
========================================
primal_step_norm SUCCESS
SOLVED , sqp_iter_: 0
AFTER initial_guess_[0].uk: [-0.190820, -0.099162, -0.037953, -0.119589, -0.012861, 0.022680, -0.230543, 0.001023]
BEFORE initial_guess_[0].uk: [-0.190088, -0.099460, -0.037236, -0.119676, -0.012597, 0.022441, -0.230449, 0.002031]
Initialization finished.
Allocations finished.
Setup successful.
Solver is ready.
Starting solver...
Solver initialization verified.
Solver finished.
===== SQP Iteration: 0 =====
step_ (179 x 1): 
 6.45574e-10 -3.64516e-10  8.46527e-10  4.87284e-10  1.70537e-10 -1.18856e-11   1.4214e-10  1.82115e-10  5.79527e-09 -2.09301e-05 -2.91662e-05  3.46816e-05 -2.35701e-05 -3.70342e-06  5.78754e-06  1.52383e-05 -6.28007e-08 -9.50728e-06 -4.38225e-05 -5.78325e-05  6.74338e-05 -4.65044e-05 -8.21665e-06   1.2413e-05   3.0478e-05 -1.91127e-07 -1.52094e-05  -6.7985e-05 -8.66465e-05  9.89304e-05 -6.87756e-05 -1.33273e-05  1.98105e-05  4.58502e-05 -3.61068e-07 -1.78189e-05 -9.26551e-05  -0.00011571  0.000129916 -9.06718e-05 -1.87282e-05  2.76534e-05  6.13152e-05 -5.44806e-07  -1.7962e-05 -0.000117206 -0.000145159  0.000161002 -0.000112436 -2.41621e-05  3.56512e-05  7.68556e-05 -7.20696e-07 -1.62294e-05 -0.000141149 -0.000175152  0.000192662 -0.000134256  -2.9425e-05  4.35569e-05  9.24763e-05 -8.72203e-07 -1.31524e-05 -0.000164135 -0.000205853  0.000225232 -0.000156265 -3.43666e-05  5.11737e-05  0.000108201 -9.88655e-07 -9.22054e-06 -0.000185957 -0.000237414  0.000258902 -0.000178528 -3.88953e-05  5.83632e-05  0.000124068  -1.0641e-06 -4.91659e-06 -0.000830199 -0.000856132   0.00019621 -0.000596448  -7.4449e-05  0.000113199 -0.000651546  0.000996843  2.69317e-06 -0.000849623  -0.00088979  0.000232105 -0.000619134 -7.81171e-05  0.000119382 -0.000635317  0.000996868  2.47043e-06  -0.00278809  -0.00236339   0.00461977  -0.00332898 -0.000411114  0.000832005   0.00169158 -0.000186217  -0.00304945  -0.00232316   0.00436284  -0.00323912 -0.000500994  0.000952541    0.0016917 -0.000113179   -0.0032186  -0.00233514   0.00419562  -0.00314547 -0.000567302   0.00106354   0.00170642 -5.15058e-05  -0.00328619  -0.00235534   0.00412759   -0.0030925 -0.000599507   0.00112759   0.00171671 -2.35706e-06  -0.00327033  -0.00238667   0.00414097  -0.00307378 -0.000603196   0.00114988   0.00172509   3.4996e-05  -0.00318936  -0.00243071   0.00421746  -0.00308184 -0.000584197   0.00113664     0.001734  6.17405e-05  -0.00306182  -0.00248811   0.00433859  -0.00310835 -0.000548554   0.00109513   0.00174554  7.86936e-05  -0.00290677  -0.00255787   0.00448518  -0.00314415 -0.000502716    0.0010337   0.00176133  8.59897e-05   -0.0027449  -0.00263872   0.00463658  -0.00317917 -0.000453827  0.000961897   0.00178237  8.55044e-05  -0.00258741  -0.00272794   0.00478163  -0.00320402 -0.000407152  0.000888968   0.00180162 -4.46145e-06
========================================
primal_step_norm SUCCESS
SOLVED , sqp_iter_: 0
AFTER initial_guess_[0].uk: [-0.196152, -0.104601, -0.027188, -0.126917, -0.013671, 0.024612, -0.226034, 0.001100]
BEFORE initial_guess_[0].uk: [-0.195461, -0.104965, -0.026525, -0.126939, -0.013440, 0.024436, -0.225909, 0.002001]
Initialization finished.
Allocations finished.
Setup successful.
Solver is ready.
Starting solver...
Solver initialization verified.
Solver finished.
===== SQP Iteration: 0 =====
step_ (179 x 1): 
 2.51223e-10  1.14422e-09  2.27225e-10  1.19668e-10  6.32753e-11 -1.14766e-10  1.10221e-10  5.92395e-09  1.09996e-07  1.12744e-05 -1.69661e-05  1.40205e-06 -8.65866e-06 -1.57337e-06 -5.17699e-06  1.92942e-05 -5.66956e-08 -1.36907e-05  2.07821e-05 -3.26146e-05  1.11712e-06 -1.71891e-05 -3.72312e-06 -9.96382e-06   3.8429e-05 -2.35786e-07 -2.32782e-05  2.90851e-05 -4.76729e-05 -3.15371e-07 -2.55206e-05 -6.25589e-06  -1.4434e-05  5.76687e-05 -4.92498e-07 -2.92322e-05  3.68288e-05 -6.22829e-05  -2.2713e-06 -3.39217e-05  -8.8803e-06 -1.89313e-05  7.70981e-05  -7.9366e-07 -3.21875e-05  4.45508e-05 -7.65888e-05 -4.23438e-06 -4.26289e-05 -1.13539e-05 -2.37625e-05  9.67966e-05 -1.11237e-06 -3.27566e-05  5.26786e-05 -9.07445e-05 -5.79852e-06 -5.18327e-05 -1.34881e-05 -2.91817e-05  0.000116835 -1.42756e-06 -3.15053e-05  6.15295e-05 -0.000104918 -6.66749e-06 -6.16595e-05 -1.51523e-05 -3.53745e-05  0.000137267 -1.72342e-06 -2.89546e-05  7.13086e-05 -0.000119305  -6.6581e-06 -7.21523e-05 -1.62789e-05 -4.24386e-05  0.000158125 -1.97289e-06 -2.56022e-05 -0.000560958 -0.000753961 -6.73095e-05 -0.000501341 -5.20048e-05  3.96352e-06 -0.000596031  0.000995772 -1.87901e-05 -0.000549108 -0.000769557 -6.53922e-05 -0.000512838 -5.21244e-05 -4.69464e-06 -0.000574431  0.000995601 -1.89621e-05   0.00150184  -0.00137541  0.000186968   -0.0012227 -0.000174675 -0.000744284   0.00214184 -0.000277635   0.00126643  -0.00126843 -3.79576e-05  -0.00120471  -0.00023867 -0.000688201   0.00212411 -0.000193319   0.00110595  -0.00122059 -0.000190826  -0.00117664 -0.000281205  -0.00064268   0.00213577 -0.000120399   0.00103142  -0.00118425 -0.000260584  -0.00118646  -0.00029136  -0.00064659   0.00215681 -6.01862e-05   0.00102854  -0.00115959 -0.000261558  -0.00122971 -0.000274611 -0.000694588    0.0021867 -1.22529e-05   0.00108259  -0.00114743 -0.000208396  -0.00129985 -0.000236929 -0.000779141   0.00222438  2.43792e-05   0.00117893  -0.00114889 -0.000115801  -0.00138787  -0.00018474 -0.000890337   0.00226813  5.05835e-05   0.00130256  -0.00116609  1.20853e-06  -0.00148188 -0.000125076  -0.00101565   0.00231542  6.68218e-05   0.00143754  -0.00120259  0.000126705  -0.00156658  -6.5803e-05  -0.00113968   0.00236276  7.39763e-05   0.00157863  -0.00126403  0.000255438  -0.00162384 -1.32378e-05  -0.00124485   0.00239782 -3.34704e-06
========================================
primal_step_norm SUCCESS
SOLVED , sqp_iter_: 0
AFTER initial_guess_[0].uk: [-0.192195, -0.107957, -0.026118, -0.129598, -0.013896, 0.022493, -0.220319, 0.000613]
BEFORE initial_guess_[0].uk: [-0.191530, -0.108310, -0.025479, -0.129651, -0.013663, 0.022275, -0.220177, 0.001506]
Initialization finished.
Allocations finished.
Setup successful.
Solver is ready.
Starting solver...
Solver initialization verified.
Solver finished.
===== SQP Iteration: 0 =====
step_ (179 x 1): 
  8.3134e-11  3.71405e-10 -2.79626e-11 -1.17165e-11  8.37724e-12 -5.23802e-11  2.70479e-11  9.20977e-10  1.54608e-08  1.13395e-05 -3.23046e-05  7.24635e-07 -2.44945e-05 -5.01907e-06  8.06063e-06  1.83404e-05 -4.45207e-08 -5.38522e-06  2.11521e-05  -6.3274e-05  7.09514e-09 -4.88204e-05 -1.06107e-05  1.66032e-05  3.62055e-05 -1.17556e-07 -8.29055e-06  3.01731e-05 -9.35669e-05 -1.43838e-06 -7.29741e-05 -1.65561e-05  2.55313e-05  5.36026e-05 -2.09848e-07 -9.23426e-06  3.90568e-05 -0.000123793 -2.97897e-06 -9.69588e-05 -2.26592e-05  3.47434e-05  7.05526e-05 -3.03599e-07 -8.57833e-06  4.83603e-05 -0.000154492 -4.07905e-06 -0.000120785 -2.87486e-05  4.41329e-05  8.70941e-05 -3.84556e-07 -6.67181e-06  5.85304e-05 -0.000186113 -4.31369e-06 -0.000144474 -3.46794e-05  5.35867e-05  0.000103288 -4.42108e-07 -3.84731e-06   6.9886e-05 -0.000218987 -3.38573e-06 -0.000168058 -4.03347e-05  6.29824e-05  0.000119221 -4.83773e-07 -4.42872e-07  8.25942e-05 -0.000253289 -1.14918e-06 -0.000191598 -4.56291e-05  7.21829e-05  0.000135016 -4.89058e-07  3.16964e-06 -0.000534568 -0.000924413 -5.73275e-05 -0.000644778 -8.57682e-05    0.0001267 -0.000603006  0.000997335  9.62499e-06 -0.000519332 -0.000961272 -5.27219e-05 -0.000668555 -9.02251e-05  0.000135001 -0.000587025  0.000997431  9.46603e-06    0.0015106  -0.00261801  9.66232e-05  -0.00345935 -0.000557101   0.00115887   0.00203595 -0.000102564   0.00130713  -0.00250995 -9.55564e-05  -0.00343561 -0.000620694   0.00122819   0.00198317  -5.6973e-05    0.0012017  -0.00245514 -0.000192529  -0.00341127  -0.00065998   0.00128362   0.00193121 -1.79439e-05   0.00118339   -0.0024497 -0.000205204   -0.0033874 -0.000677481   0.00132445   0.00188158   1.3858e-05   0.00123931  -0.00248803 -0.000146531  -0.00336505 -0.000675977   0.00134996   0.00183623  3.86909e-05   0.00135472  -0.00256279 -3.12527e-05  -0.00334556 -0.000658374   0.00135922   0.00179762  5.68641e-05   0.00151263  -0.00266434  0.000123612  -0.00333091 -0.000627784   0.00135087   0.00176875  6.82842e-05   0.00169298  -0.00278016  0.000297924  -0.00332444 -0.000587745    0.0013228   0.00175332    7.228e-05   0.00187119  -0.00289425   0.00046713    -0.003331 -0.000542476   0.00127193   0.00175587  7.02476e-05   0.00202963  -0.00298739  0.000613516  -0.00335817 -0.000494732   0.00119338   0.00177402 -3.16702e-06
========================================
primal_step_norm SUCCESS
SOLVED , sqp_iter_: 0
AFTER initial_guess_[0].uk: [-0.188244, -0.114004, -0.025269, -0.137175, -0.015117, 0.025299, -0.214863, 0.000993]
BEFORE initial_guess_[0].uk: [-0.187555, -0.114327, -0.024603, -0.137272, -0.014872, 0.025034, -0.214777, 0.001713]
Initialization finished.
Allocations finished.
Setup successful.
Solver is ready.
Starting solver...
Solver initialization verified.
Solver finished.
===== SQP Iteration: 0 =====
step_ (179 x 1): 
  8.3359e-11  3.93576e-10  7.03308e-11  1.08407e-10  5.69486e-11 -4.97434e-11  2.50793e-11  2.01275e-09  3.58421e-08  1.05906e-05 -2.80614e-05  3.41146e-06 -2.24877e-05 -3.48801e-06  4.54004e-06  1.56131e-05 -4.52408e-08 -9.26135e-06  1.93182e-05 -5.55578e-05  5.04071e-06 -4.43022e-05  -7.7477e-06  9.98816e-06  3.12307e-05 -1.68028e-07 -1.55027e-05  2.68328e-05 -8.31854e-05  5.51714e-06 -6.54172e-05 -1.25879e-05   1.6268e-05  4.69755e-05 -3.40193e-07 -1.91428e-05  3.38587e-05 -0.000111076  5.54407e-06 -8.61313e-05 -1.77146e-05  2.30356e-05  6.28126e-05  -5.3805e-07 -2.06496e-05  4.10037e-05  -0.00013938  5.70841e-06 -0.000106699 -2.28773e-05  2.99816e-05  7.87269e-05 -7.42502e-07 -2.04675e-05  4.87523e-05 -0.000168261  6.47343e-06 -0.000127324 -2.78724e-05  3.68394e-05  9.47227e-05 -9.34852e-07 -1.90003e-05  5.74596e-05 -0.000197884  8.17276e-06 -0.000148149 -3.25472e-05  4.33947e-05  0.000110821 -1.10799e-06 -1.66219e-05  6.73422e-05 -0.000228406  1.10013e-05  -0.00016925 -3.68046e-05   4.9494e-05  0.000127058 -1.25529e-06 -1.36979e-05  -0.00053751 -0.000932242 -4.00778e-05 -0.000644001 -8.03198e-05  0.000109027 -0.000594386  0.000996498 -7.77318e-06 -0.000525175 -0.000964952 -3.49533e-05 -0.000665588 -8.36913e-05  0.000114036 -0.000577807  0.000996424 -7.89491e-06   0.00141078  -0.00227431  0.000454407  -0.00317601 -0.000387206  0.000652729   0.00173318  -0.00018577    0.0011626  -0.00222852  0.000217019  -0.00308091 -0.000472865  0.000783299   0.00173368 -0.000125173   0.00100102  -0.00223916  6.34544e-05  -0.00298213 -0.000537302  0.000902882   0.00174779 -7.30956e-05  0.000935919  -0.00226049  3.57788e-06   -0.0029255 -0.000569109  0.000973013   0.00175804  -3.0385e-05  0.000951805  -0.00229404  2.18844e-05  -0.00290485 -0.000573103  0.000998646   0.00176661  3.44049e-06   0.00103223  -0.00234077  0.000101903  -0.00291286 -0.000554504  0.000985986   0.00177566  2.91884e-05   0.00115993  -0.00240087  0.000226361  -0.00294114 -0.000518942  0.000942487   0.00178708  4.74605e-05   0.00131641  -0.00247374  0.000376778  -0.00298021 -0.000472617  0.000876941   0.00180234  5.84136e-05   0.00148142  -0.00255809  0.000532856  -0.00301942 -0.000422543  0.000799616   0.00182236  6.27959e-05   0.00164307  -0.00265105  0.000682637  -0.00304893 -0.000374232  0.000720283   0.00184046 -2.40331e-06
========================================
primal_step_norm SUCCESS
SOLVED , sqp_iter_: 0
AFTER initial_guess_[0].uk: [-0.184487, -0.119274, -0.023615, -0.144180, -0.015882, 0.026737, -0.210253, 0.000784]
BEFORE initial_guess_[0].uk: [-0.183837, -0.119667, -0.022985, -0.144213, -0.015669, 0.026538, -0.210138, 0.001453]
Initialization finished.
Allocations finished.
Setup successful.
Solver is ready.
Starting solver...
Solver initialization verified.
Solver finished.
===== SQP Iteration: 0 =====
step_ (179 x 1): 
 1.05412e-10  5.09364e-10  4.22744e-11  3.30964e-11  8.01692e-11 -4.83239e-11  4.33341e-11  1.91203e-09  3.43338e-08  9.47225e-06 -3.20192e-05   3.5691e-06 -2.16701e-05 -4.99539e-06  7.22692e-06  1.78747e-05 -4.06715e-08 -7.58125e-06  1.73962e-05 -6.23933e-05   5.6677e-06 -4.33052e-05  -1.0476e-05  1.47982e-05   3.5423e-05 -1.42152e-07 -1.26907e-05  2.44414e-05 -9.16814e-05  6.94526e-06 -6.49778e-05 -1.62052e-05  2.25291e-05  5.27111e-05 -2.84139e-07 -1.56809e-05   3.1208e-05   -0.0001204   7.9819e-06 -8.67628e-05 -2.19718e-05  3.02404e-05  6.98074e-05 -4.47205e-07 -1.69054e-05  3.82134e-05  -0.00014901  9.27481e-06 -0.000108732 -2.75956e-05  3.77647e-05  8.67824e-05 -6.15743e-07 -1.67067e-05  4.58826e-05 -0.000177913  1.12284e-05 -0.000130948 -3.29302e-05   4.4954e-05  0.000103708 -7.76681e-07 -1.54071e-05  5.45362e-05 -0.000207439  1.41433e-05 -0.000153455 -3.78672e-05  5.16875e-05  0.000120656 -9.20917e-07 -1.33176e-05  6.43776e-05 -0.000237848  1.82014e-05 -0.000176266 -4.23419e-05   5.7881e-05  0.000137697 -1.04162e-06 -1.07565e-05 -0.000528169 -0.000974302 -2.65092e-05 -0.000674317 -8.94206e-05  0.000122477 -0.000566381   0.00099666 -5.29843e-06 -0.000515839  -0.00100694 -2.01154e-05  -0.00069762 -9.29688e-05  0.000127523 -0.000549025  0.000996611 -5.41828e-06   0.00126179   -0.0025951  0.000475451  -0.00306049 -0.000554525   0.00103903   0.00198422 -0.000151049   0.00105554  -0.00246177  0.000279556  -0.00305556 -0.000608397   0.00108856   0.00194799 -0.000102256  0.000938473  -0.00237375  0.000170186  -0.00306086 -0.000635979    0.0011115   0.00191911 -5.98692e-05  0.000901358  -0.00232758  0.000138091  -0.00307673 -0.000640144   0.00110868   0.00189782 -2.45533e-05   0.00093317  -0.00231886   0.00017223  -0.00310279 -0.000624285    0.0010818   0.00188435  3.91076e-06   0.00102157  -0.00234252  0.000260245  -0.00313765 -0.000592179   0.00103363   0.00187885  2.59321e-05   0.00115272  -0.00239305  0.000388291  -0.00317863 -0.000548044  0.000968111   0.00188135  4.17275e-05   0.00131087  -0.00246455  0.000540569  -0.00322164  -0.00049671  0.000890475   0.00189167  5.11626e-05   0.00147759  -0.00255075  0.000698576   -0.0032611 -0.000443854  0.000807319   0.00190947  5.58631e-05    0.0016424  -0.00264511  0.000851718  -0.00329103 -0.000393861  0.000725432   0.00192671 -2.36966e-06
========================================
primal_step_norm SUCCESS
SOLVED , sqp_iter_: 0
AFTER initial_guess_[0].uk: [-0.181093, -0.125312, -0.021951, -0.150870, -0.017116, 0.029250, -0.204959, 0.000698]
BEFORE initial_guess_[0].uk: [-0.180423, -0.125654, -0.021300, -0.150970, -0.016880, 0.028975, -0.204880, 0.001290]
Initialization finished.
Allocations finished.
Setup successful.
Solver is ready.
Starting solver...
Solver initialization verified.
Solver finished.
===== SQP Iteration: 0 =====
step_ (179 x 1): 
-1.24555e-10 -1.19819e-09 -1.43373e-10 -1.46828e-10 -1.90192e-10  1.24447e-10 -8.96386e-11  1.64301e-09  3.14437e-08  2.72813e-06  1.70501e-05   8.0611e-06  1.59681e-05  9.10122e-06 -3.47643e-05  1.82045e-05 -5.64261e-08 -1.06928e-05  3.47773e-06  3.46474e-05  1.42214e-05  3.26994e-05  1.74044e-05 -6.85474e-05  3.66499e-05 -2.01216e-07 -1.82122e-05  2.70913e-06  5.19068e-05  1.89226e-05  5.03075e-05  2.50366e-05 -0.000101357  5.56799e-05 -4.07679e-07  -2.3033e-05  9.46117e-07  6.84184e-05   2.2669e-05  6.86383e-05  3.22114e-05 -0.000133424  7.54834e-05 -6.51876e-07 -2.56526e-05 -1.26467e-06  8.42016e-05  2.59868e-05  8.73115e-05  3.92089e-05 -0.000165165  9.61162e-05 -9.13472e-07  -2.6548e-05 -3.39205e-06  9.96741e-05  2.93856e-05  0.000105753  4.63569e-05 -0.000197159  0.000117531   -1.177e-06 -2.61417e-05 -5.00537e-06  0.000114975   3.3275e-05   0.00012362  5.38843e-05 -0.000229786  0.000139654  -1.4317e-06 -2.47942e-05 -5.76683e-06  0.000129931   3.7971e-05  0.000140834  6.19101e-05 -0.000263201  0.000162374 -1.66887e-06 -2.28137e-05 -0.000596739 -0.000593601  1.40019e-07  -0.00034064  2.38012e-05 -0.000233269 -0.000518403  0.000995859  -1.7814e-05 -0.000595203 -0.000580654  6.98314e-06 -0.000324102  3.27831e-05 -0.000267963    -0.000495  0.000995684 -1.78519e-05  0.000363488    0.0013822   0.00107387   0.00225527   0.00101037  -0.00499825   0.00202087 -0.000213257  9.98858e-05   0.00142636   0.00082063   0.00236302  0.000921746  -0.00485718   0.00204759 -0.000150444 -0.000102351   0.00139897  0.000626262   0.00248685  0.000847249  -0.00471723   0.00211249 -9.64787e-05 -0.000234824   0.00133837  0.000499079   0.00258892  0.000796476  -0.00461033   0.00219834 -5.24623e-05 -0.000294468   0.00127933  0.000441973   0.00263729  0.000776794  -0.00456367   0.00229041 -1.79871e-05  -0.00028336   0.00125411  0.000452765   0.00260462  0.000793486  -0.00459983   0.00237718  8.04625e-06 -0.000214883   0.00124019  0.000518104   0.00252341  0.000835601  -0.00469091   0.00245586  2.68695e-05 -0.000101519   0.00121222  0.000625551   0.00243125  0.000890899  -0.00480419   0.00252203  3.95343e-05  4.48262e-05   0.00114173  0.000763263   0.00237111  0.000945694  -0.00490188   0.00256936  4.90709e-05  0.000204616   0.00104931   0.00091154   0.00233574  0.000997025  -0.00498805   0.00259795 -7.27491e-07
========================================
primal_step_norm SUCCESS
SOLVED , sqp_iter_: 0
AFTER initial_guess_[0].uk: [-0.179633, -0.122648, -0.018965, -0.146065, -0.014243, 0.015929, -0.199605, 0.000224]
BEFORE initial_guess_[0].uk: [-0.179042, -0.123077, -0.018391, -0.146079, -0.014049, 0.015739, -0.199431, 0.000845]
Initialization finished.
Allocations finished.
Setup successful.
Solver is ready.
Starting solver...
Solver initialization verified.
Solver finished.
===== SQP Iteration: 0 =====
step_ (179 x 1): 
 4.09808e-11  5.87128e-10  1.47979e-10  2.70616e-11  1.51535e-10 -5.08154e-11  3.35811e-13  1.78772e-09  3.07541e-08  7.93277e-06 -3.54131e-05  2.56872e-06 -2.30388e-05 -6.35164e-06  1.03453e-05  2.05648e-05 -1.79025e-08 -3.21465e-06  1.47997e-05 -6.84004e-05  4.13843e-06 -4.64831e-05 -1.29588e-05  2.06959e-05   4.0249e-05 -5.97692e-08 -5.17884e-06  2.13967e-05  -9.9416e-05  5.48647e-06 -7.04806e-05 -1.95408e-05   3.0798e-05  5.89412e-05 -1.15726e-07 -6.05863e-06  2.83365e-05 -0.000129304  7.20809e-06 -9.49169e-05 -2.59459e-05  4.06266e-05  7.66723e-05 -1.76055e-07 -6.00251e-06  3.60682e-05 -0.000159242  9.73531e-06 -0.000119437 -3.21394e-05  5.03647e-05  9.35836e-05 -2.32244e-07 -5.16145e-06  4.49429e-05 -0.000190042  1.34013e-05 -0.000143858 -3.80646e-05  6.00655e-05  0.000109847 -2.77167e-07 -3.69807e-06  5.51809e-05 -0.000222092  1.84074e-05  -0.00016819 -4.36402e-05  6.96343e-05  0.000125678 -3.05891e-07 -1.80559e-06  6.68311e-05 -0.000255297  2.47818e-05 -0.000192663 -4.87602e-05  7.88049e-05  0.000141354 -3.15963e-07  2.76215e-07 -0.000509908  -0.00101433 -4.24248e-06  -0.00069909 -9.10329e-05  0.000116772 -0.000523435  0.000997261  5.03902e-06 -0.000495567  -0.00104989  4.67407e-06 -0.000724004 -9.51801e-05  0.000124833 -0.000507551  0.000997314  4.92759e-06   0.00105666  -0.00287056  0.000342079  -0.00325388 -0.000705176   0.00148747   0.00228282 -6.37895e-05  0.000914724  -0.00267371  0.000209064  -0.00331112 -0.000733476   0.00148815   0.00218509 -3.93274e-05  0.000878764  -0.00251389  0.000179534  -0.00338924 -0.000730681   0.00145247   0.00207499 -1.76294e-05   0.00092443  -0.00242253  0.000229303  -0.00345122 -0.000711038   0.00141312   0.00196828  1.09512e-06   0.00102994  -0.00242656  0.000336624   -0.0034631 -0.000687546   0.00140007   0.00187728  1.67995e-05   0.00118221  -0.00249635  0.000488324  -0.00344903 -0.000657752   0.00139475   0.00180536  2.92394e-05   0.00136382   -0.0025977   0.00066685  -0.00343644 -0.000618933    0.0013757   0.00175743  3.78197e-05    0.0015519  -0.00269125  0.000849132  -0.00345642 -0.000568337   0.00131846   0.00174019  4.15864e-05   0.00173617  -0.00278511   0.00102487  -0.00348888 -0.000513528   0.00124143    0.0017464   4.5067e-05   0.00191047  -0.00288206   0.00118778  -0.00351872 -0.000460372   0.00115892    0.0017632 -2.20287e-06
========================================
primal_step_norm SUCCESS
SOLVED , sqp_iter_: 0
AFTER initial_guess_[0].uk: [-0.176743, -0.129320, -0.017647, -0.153157, -0.015889, 0.019622, -0.193473, 0.000526]
BEFORE initial_guess_[0].uk: [-0.176043, -0.129598, -0.016965, -0.153349, -0.015622, 0.019248, -0.193432, 0.001003]
Initialization finished.
Allocations finished.
Setup successful.
Solver is ready.
Starting solver...
Solver initialization verified.
Solver finished.
===== SQP Iteration: 0 =====
step_ (179 x 1): 
   2.027e-10  8.41349e-10  1.02833e-10  5.73344e-11  1.30781e-10 -6.12461e-11  1.60087e-10  1.93667e-09  3.41117e-08  8.82483e-06 -3.34899e-05  4.98814e-06 -2.41313e-05 -5.39583e-06  8.49957e-06  1.82159e-05 -2.43704e-08 -4.48715e-06  1.59945e-05 -6.57952e-05  8.39599e-06 -4.78562e-05 -1.14243e-05  1.76908e-05  3.62687e-05 -8.30521e-08 -7.38359e-06  2.22329e-05 -9.73097e-05  1.09283e-05  -7.1369e-05 -1.78137e-05  2.72873e-05  5.41533e-05 -1.63912e-07 -8.92843e-06  2.81849e-05 -0.000128424   1.3211e-05 -9.48407e-05 -2.43199e-05  3.70271e-05  7.18851e-05 -2.54617e-07 -9.35722e-06   3.4403e-05 -0.000159511  1.57778e-05 -0.000118414 -3.07317e-05  4.66792e-05  8.94994e-05 -3.45095e-07 -8.89358e-06  4.13385e-05 -0.000190917  1.90607e-05 -0.000142198  -3.6875e-05  5.60491e-05  0.000107048 -4.27438e-07 -7.74231e-06  4.93331e-05  -0.00022295  2.33817e-05 -0.000166264  -4.2618e-05  6.49855e-05  0.000124597 -4.95857e-07  -6.0983e-06  5.86068e-05 -0.000255871  2.89412e-05 -0.000190635 -4.78771e-05  7.33879e-05  0.000142216 -5.46781e-07  -4.1615e-06 -0.000506188  -0.00105011  7.99994e-06 -0.000721916 -9.44196e-05  0.000118609 -0.000504665  0.000997036  4.08609e-07 -0.000494192  -0.00108531  1.61357e-05  -0.00074677 -9.86698e-05  0.000125858  -0.00048677  0.000997042  3.49896e-07   0.00117551   -0.0027143  0.000664494  -0.00340812 -0.000598963   0.00122201   0.00202207 -8.94302e-05  0.000955039  -0.00261832   0.00045396  -0.00335072 -0.000669206   0.00132147   0.00200397 -5.80585e-05   0.00083098  -0.00255422  0.000337324  -0.00332078 -0.000709277   0.00137972   0.00198532 -3.10128e-05   0.00079282  -0.00252174  0.000304086  -0.00331497 -0.000722241   0.00140033   0.00196835 -8.67921e-06  0.000828264  -0.00251959  0.000341925  -0.00332932 -0.000711757   0.00138772   0.00195529  9.18719e-06  0.000923825  -0.00254547  0.000437321  -0.00335914  -0.00068196   0.00134716   0.00194806  2.29497e-05   0.00106488  -0.00259624  0.000575599  -0.00339888 -0.000637518   0.00128482   0.00194799  3.28067e-05   0.00123531  -0.00266808  0.000740567   -0.0034419 -0.000583797   0.00120805    0.0019557   3.8678e-05    0.0014168  -0.00275651  0.000913839  -0.00348033 -0.000527108   0.00112541   0.00197093  4.34146e-05   0.00159791  -0.00285277   0.00108378  -0.00351017 -0.000471781   0.00104217   0.00198649 -1.14801e-06
========================================
primal_step_norm SUCCESS
SOLVED , sqp_iter_: 0
AFTER initial_guess_[0].uk: [-0.173486, -0.135502, -0.015520, -0.160762, -0.017185, 0.022438, -0.188154, 0.000555]
BEFORE initial_guess_[0].uk: [-0.172781, -0.135785, -0.014833, -0.160957, -0.016917, 0.022056, -0.188123, 0.000961]
Initialization finished.
Allocations finished.
Setup successful.
Solver is ready.
Starting solver...
Solver initialization verified.
Solver finished.
===== SQP Iteration: 0 =====
step_ (179 x 1): 
 1.19756e-10  9.65848e-10  1.84915e-10  1.35376e-10  2.03987e-10 -5.32312e-11  1.43676e-10  2.03449e-09  3.54134e-08  8.10919e-06  -3.2831e-05  5.84954e-06 -2.35341e-05 -5.18111e-06  7.71131e-06  1.79067e-05 -2.41903e-08 -4.45031e-06  1.45222e-05 -6.44749e-05  1.00757e-05 -4.66452e-05 -1.09977e-05  1.61406e-05  3.57057e-05 -8.31562e-08 -7.41973e-06  1.99476e-05 -9.53383e-05   1.3369e-05 -6.95254e-05 -1.71789e-05  2.50003e-05  5.34064e-05 -1.65565e-07 -9.13318e-06  2.50271e-05 -0.000125816  1.63531e-05 -9.23474e-05 -2.34797e-05  3.40244e-05  7.10284e-05 -2.59979e-07 -9.80241e-06  3.03215e-05 -0.000156279  1.95701e-05 -0.000115258 -2.96863e-05  4.29759e-05  8.86013e-05 -3.56963e-07 -9.62411e-06  3.62991e-05 -0.000187072  2.34694e-05 -0.000138371 -3.56214e-05  5.16542e-05  0.000106164 -4.48852e-07 -8.77329e-06  4.33234e-05 -0.000218495  2.83954e-05 -0.000161759 -4.11485e-05  5.99031e-05  0.000123765 -5.29754e-07 -7.40924e-06  5.16381e-05 -0.000250803  3.45718e-05  -0.00018545 -4.61791e-05  6.76184e-05  0.000141456 -5.95704e-07 -5.69008e-06 -0.000502089  -0.00107962  2.24151e-05 -0.000740905 -9.67257e-05  0.000119398 -0.000487448  0.000996974 -1.31457e-06 -0.000490973  -0.00111419  3.12501e-05 -0.000765078 -0.000100709  0.000125954 -0.000469474  0.000996965 -1.36321e-06   0.00108027  -0.00266084  0.000779206  -0.00332378 -0.000575143   0.00110867    0.0019878 -8.85635e-05  0.000854281  -0.00256469  0.000562949  -0.00326405 -0.000645694    0.0012119   0.00197582 -5.94906e-05  0.000722711  -0.00250144  0.000438686  -0.00323142 -0.000686171    0.0012738   0.00196492 -3.43602e-05  0.000676655  -0.00247015  0.000397497   -0.0032232 -0.000699441   0.00129743   0.00195617 -1.34655e-05  0.000705287  -0.00246905  0.000428527   -0.0032357 -0.000688996   0.00128698   0.00195072  3.49582e-06  0.000796281  -0.00249567  0.000519413  -0.00326427 -0.000658844   0.00124772   0.00194964  1.69571e-05  0.000935713  -0.00254679  0.000656174  -0.00330322 -0.000613561     0.001186   0.00195381  2.72172e-05   0.00110759  -0.00261852  0.000822744  -0.00334585 -0.000558458   0.00110926   0.00196382  3.43189e-05   0.00129313  -0.00270618   0.00100024  -0.00338428  -0.00049982   0.00102617   0.00197997  4.06559e-05    0.0014808  -0.00280141   0.00117694  -0.00341399 -0.000442118  0.000942538   0.00199528 -9.48847e-07
========================================
primal_step_norm SUCCESS
SOLVED , sqp_iter_: 0
AFTER initial_guess_[0].uk: [-0.170431, -0.141572, -0.013138, -0.168187, -0.018419, 0.024950, -0.182934, 0.000518]
BEFORE initial_guess_[0].uk: [-0.169724, -0.141861, -0.012448, -0.168383, -0.018150, 0.024564, -0.182904, 0.000872]
Initialization finished.
Allocations finished.
Setup successful.
Solver is ready.
Starting solver...
Solver initialization verified.
Solver finished.
===== SQP Iteration: 0 =====
step_ (179 x 1): 
 1.98325e-10  9.59239e-10  9.25314e-11  1.17119e-10  1.37176e-10 -3.83775e-11  1.38806e-10  8.63461e-09  3.71127e-08   7.2053e-06 -3.22048e-05  6.61512e-06  -2.2917e-05 -4.96716e-06  7.01255e-06  1.77428e-05 -2.20206e-08 -4.10968e-06  1.27042e-05 -6.32026e-05  1.15953e-05 -4.54072e-05 -1.05743e-05  1.47545e-05  3.53828e-05 -7.64728e-08 -6.90764e-06  1.72037e-05   -9.341e-05  1.56296e-05 -6.76603e-05 -1.65504e-05  2.29379e-05  5.29308e-05 -1.53248e-07 -8.59345e-06  2.13474e-05 -0.000123228  1.93439e-05 -8.98472e-05 -2.26489e-05  3.12961e-05  7.04068e-05 -2.42081e-07 -9.34762e-06  2.57009e-05 -0.000153034  2.32857e-05 -0.000112114 -2.86536e-05  3.95909e-05  8.78403e-05 -3.34447e-07 -9.33344e-06  3.07403e-05 -0.000183169  2.79128e-05 -0.000134574 -3.43835e-05  4.76206e-05   0.00010527 -4.23418e-07 -8.69173e-06  3.68393e-05 -0.000213936    3.358e-05 -0.000157301 -3.96979e-05   5.5227e-05  0.000122741 -5.02843e-07 -7.54711e-06  4.42524e-05 -0.000245584  4.05228e-05 -0.000180323 -4.45034e-05  6.23036e-05  0.000140305 -5.69156e-07 -6.01895e-06 -0.000499224   -0.0011083  3.80053e-05 -0.000759279 -9.87895e-05  0.000120001  -0.00047075  0.000996985  -1.8208e-06 -0.000488923  -0.00114217  4.76968e-05 -0.000782775 -0.000102507   0.00012592 -0.000452903   0.00099697 -1.86049e-06  0.000959808  -0.00261007  0.000881244  -0.00323659 -0.000551356   0.00100821   0.00196961 -8.17519e-05  0.000732493  -0.00251232  0.000663418  -0.00317633  -0.00062243   0.00111308   0.00195817 -5.60759e-05  0.000599357  -0.00244826  0.000537419  -0.00314283 -0.000663388   0.00117657   0.00194797  -3.3823e-05  0.000551954  -0.00241671  0.000494783  -0.00313349 -0.000676975   0.00120168   0.00193998 -1.51808e-05  0.000579905  -0.00241569  0.000525101  -0.00314474 -0.000666562   0.00119258   0.00193526  1.93137e-07  0.000671263  -0.00244247  0.000616381  -0.00317202 -0.000636053   0.00115446    0.0019348  1.27506e-05  0.000812392  -0.00249362  0.000754926  -0.00320978 -0.000589936   0.00109362   0.00193944  2.28251e-05  0.000987489  -0.00256498  0.000924853  -0.00325144  -0.00053345   0.00101744   0.00194976  3.05116e-05   0.00117785  -0.00265164   0.00110734  -0.00328932 -0.000472824  0.000934498    0.0019661  3.80742e-05   0.00137228  -0.00274552   0.00129101  -0.00331853 -0.000412644  0.000850941   0.00198126 -7.62611e-07
========================================
primal_step_norm SUCCESS
SOLVED , sqp_iter_: 0
AFTER initial_guess_[0].uk: [-0.167637, -0.147538, -0.010531, -0.175422, -0.019589, 0.027195, -0.177763, 0.000464]
BEFORE initial_guess_[0].uk: [-0.166927, -0.147831, -0.009837, -0.175617, -0.019317, 0.026806, -0.177732, 0.000775]
Initialization finished.
Allocations finished.
Setup successful.
Solver is ready.
Starting solver...
Solver initialization verified.
Solver finished.
===== SQP Iteration: 0 =====
step_ (179 x 1): 
 1.39429e-10  1.02987e-09  1.71296e-10  2.42261e-11  1.88966e-10 -3.85471e-11  8.38244e-11  8.72971e-09  3.70992e-08  6.84952e-06 -3.15914e-05  6.80008e-06 -2.22933e-05 -4.75971e-06   6.3314e-06  1.75793e-05 -2.75448e-08  -3.7259e-06  1.19802e-05  -6.1961e-05  1.19501e-05 -4.41603e-05 -1.01678e-05  1.33999e-05   3.5056e-05 -7.74667e-08 -6.30417e-06  1.61005e-05  -9.1532e-05  1.61415e-05 -6.57879e-05 -1.59518e-05   2.0918e-05  5.24415e-05 -1.48253e-07 -7.91333e-06  1.98576e-05  -0.00012071  2.00046e-05 -8.73445e-05 -2.18628e-05  2.86185e-05  6.97557e-05 -2.30959e-07 -8.70484e-06  2.38232e-05 -0.000149873  2.40934e-05 -0.000108974 -2.76815e-05  3.62634e-05  8.70285e-05 -3.18067e-07  -8.8114e-06   2.8481e-05 -0.000179365   2.8874e-05 -0.000130789 -3.32227e-05  4.36504e-05  0.000104298 -4.03568e-07 -8.34156e-06  3.42141e-05 -0.000209482  3.47111e-05 -0.000152864 -3.83413e-05  5.06205e-05  0.000121611 -4.82091e-07 -7.38629e-06  4.12886e-05 -0.000240468  4.18511e-05 -0.000175226 -4.29386e-05  5.70657e-05  0.000139018 -5.49946e-07 -6.02866e-06 -0.000492188  -0.00113638  4.92611e-05 -0.000777013 -0.000100716  0.000120054 -0.000454344  0.000996984  -1.9849e-06 -0.000482135  -0.00116955  5.92416e-05  -0.00079984 -0.000104184  0.000125348 -0.000436654  0.000996968 -2.01689e-06  0.000912466  -0.00256036  0.000905825   -0.0031485  -0.00052836  0.000910288   0.00195146 -7.39888e-05  0.000683477  -0.00246141  0.000686016  -0.00308832 -0.000600348   0.00101627   0.00194006 -5.16604e-05  0.000548871  -0.00239669  0.000558324  -0.00305449 -0.000642074    0.0010809   0.00192992 -3.22704e-05  0.000500501  -0.00236482  0.000514578  -0.00304447 -0.000656178   0.00110715   0.00192202 -1.59101e-05  0.000528276  -0.00236365  0.000544655  -0.00305479 -0.000645929   0.00109914   0.00191741 -2.20077e-06  0.000620501  -0.00239024  0.000636807  -0.00308098 -0.000615138   0.00106206   0.00191708  9.33187e-06  0.000763742  -0.00244097  0.000777532  -0.00311762 -0.000568217   0.00100213   0.00192185  1.90464e-05  0.000942353  -0.00251149  0.000951091  -0.00315826 -0.000510346  0.000926675   0.00193232  2.70927e-05   0.00113772  -0.00259668   0.00113875  -0.00319542 -0.000447714  0.000844175   0.00194879  3.57448e-05   0.00133907  -0.00268879   0.00132952  -0.00322389 -0.000385014  0.000761076   0.00196383 -6.10683e-07
========================================
primal_step_norm SUCCESS
SOLVED , sqp_iter_: 0
AFTER initial_guess_[0].uk: [-0.164942, -0.153400, -0.007867, -0.182465, -0.020696, 0.029182, -0.172639, 0.000405]
BEFORE initial_guess_[0].uk: [-0.164225, -0.153696, -0.007165, -0.182659, -0.020422, 0.028792, -0.172608, 0.000680]
Initialization finished.
Allocations finished.
Setup successful.
Solver is ready.
Starting solver...
Solver initialization verified.
Solver finished.
===== SQP Iteration: 0 =====
step_ (179 x 1): 
 1.65445e-10   1.1189e-09  1.77409e-10  7.11081e-11  2.09385e-10 -1.25354e-11  3.86644e-11  9.04217e-09  3.80554e-08  6.58618e-06 -3.11271e-05  6.88755e-06 -2.17899e-05 -4.56815e-06   5.7142e-06  1.73937e-05 -2.53405e-08 -3.34332e-06  1.14325e-05 -6.10221e-05  1.21025e-05 -4.31563e-05 -9.79553e-06  1.21704e-05  3.46845e-05  -7.0186e-08 -5.69876e-06  1.52514e-05 -9.01136e-05  1.63407e-05 -6.42821e-05 -1.54077e-05  1.90821e-05  5.18837e-05 -1.34383e-07 -7.22179e-06  1.86958e-05  -0.00011881  2.02385e-05  -8.5333e-05 -2.11531e-05  2.61834e-05  6.90116e-05  -2.1027e-07 -8.03717e-06  2.23446e-05 -0.000147492  2.43579e-05  -0.00010645 -2.68087e-05  3.32367e-05  8.60982e-05 -2.91311e-07  -8.2487e-06  2.66903e-05   -0.0001765  2.91738e-05 -0.000127745 -3.21851e-05  4.00399e-05  0.000103182 -3.71609e-07 -7.93505e-06  3.21254e-05 -0.000206127  3.50611e-05  -0.00014929 -3.71322e-05  4.64345e-05   0.00012031 -4.46503e-07 -7.15472e-06  3.89267e-05 -0.000236614  4.22774e-05 -0.000171115 -4.15463e-05  5.23115e-05  0.000137533 -5.11263e-07 -5.95691e-06 -0.000484735  -0.00116518   5.9782e-05 -0.000795183 -0.000102591  0.000120031 -0.000438322  0.000997004 -2.05126e-06 -0.000474869  -0.00119781   6.9929e-05 -0.000817456 -0.000105836  0.000124769 -0.000420815  0.000996987  -2.0785e-06  0.000877346  -0.00252273  0.000917502  -0.00307744 -0.000507082  0.000821537   0.00193085 -6.63741e-05  0.000645571  -0.00242295  0.000694677  -0.00301762 -0.000580286  0.000928232   0.00191941 -4.72176e-05  0.000508703  -0.00235782  0.000564566  -0.00298365 -0.000623002  0.000993723   0.00190924 -3.05596e-05  0.000458819  -0.00232582  0.000519222  -0.00297306 -0.000637783   0.00102097   0.00190133 -1.63984e-05  0.000486042  -0.00232459  0.000548729  -0.00298246 -0.000627813   0.00101407   0.00189674 -4.31371e-06   0.00057886  -0.00235103   0.00064152  -0.00300749 -0.000596829  0.000978139   0.00189646  6.19712e-06  0.000723995  -0.00240131  0.000784241  -0.00304284  -0.00054918  0.000919359   0.00190132   1.5535e-05  0.000905922   -0.0024709  0.000961266  -0.00308223 -0.000489993  0.000844961   0.00191191  2.38977e-05   0.00110612  -0.00255447   0.00115394  -0.00311833 -0.000425417  0.000763313   0.00192853  3.35992e-05   0.00131427  -0.00264452    0.0013517  -0.00314578 -0.000360237  0.000681063   0.00194345 -5.12939e-07
========================================
primal_step_norm SUCCESS
SOLVED , sqp_iter_: 0
AFTER initial_guess_[0].uk: [-0.162317, -0.159183, -0.005170, -0.189352, -0.021745, 0.030936, -0.167568, 0.000348]
BEFORE initial_guess_[0].uk: [-0.161591, -0.159481, -0.004458, -0.189544, -0.021466, 0.030547, -0.167537, 0.000591]
Initialization finished.
Allocations finished.
Setup successful.
Solver is ready.
Starting solver...
Solver initialization verified.
Solver finished.
===== SQP Iteration: 0 =====
step_ (179 x 1): 
  1.9302e-10  -9.0845e-10  6.85731e-10  4.73915e-10 -4.38245e-10 -5.46855e-11  2.07811e-10  5.73743e-09  2.44176e-08 -8.24635e-07 -3.17861e-05  1.39677e-05 -2.22852e-05 -4.29604e-06  5.60786e-06  1.69738e-05 -4.29295e-08 -5.35272e-06 -3.41605e-06 -6.23271e-05  2.62273e-05 -4.41386e-05 -9.26422e-06  1.19589e-05   3.3844e-05 -1.20558e-07  -9.5352e-06 -7.06043e-06 -9.20676e-05  3.74777e-05 -6.57398e-05 -1.46288e-05  1.87691e-05  5.06216e-05 -2.35028e-07  -1.2715e-05 -1.11015e-05 -0.000121427  4.83592e-05 -8.72513e-05 -2.01357e-05  2.57751e-05  6.73266e-05 -3.76822e-07 -1.50036e-05 -1.49556e-05 -0.000150793  5.94396e-05 -0.000108813 -2.55589e-05  3.27414e-05  8.39889e-05 -5.37471e-07 -1.64843e-05 -1.81233e-05 -0.000180509  7.12022e-05 -0.000130533  -3.0705e-05  3.94682e-05  0.000100648 -7.09032e-07 -1.72078e-05 -2.02031e-05 -0.000210868  8.40315e-05 -0.000152484 -3.54196e-05  4.57978e-05  0.000117349 -8.84111e-07 -1.71979e-05 -2.09071e-05 -0.000242103  9.81974e-05 -0.000174696 -3.95937e-05  5.16221e-05  0.000134147 -1.05606e-06 -1.64598e-05 -0.000542184  -0.00120404  0.000132821 -0.000821411  -0.00010363  0.000124037 -0.000424625  0.000996331  -1.2678e-05 -0.000539759  -0.00123741  0.000149981 -0.000844044 -0.000106603  0.000128744 -0.000407544   0.00099621 -1.25942e-05 -0.000109829  -0.00257579   0.00186051   -0.0031475 -0.000476729  0.000806272   0.00188419 -0.000106011 -0.000345199  -0.00247513   0.00163304  -0.00308647 -0.000551445  0.000913115    0.0018727 -8.35535e-05 -0.000485457  -0.00241025   0.00149859  -0.00305084 -0.000595474  0.000979134   0.00186242 -6.35256e-05 -0.000538304  -0.00237941   0.00144945   -0.0030382 -0.000611296   0.00100727   0.00185436 -4.57287e-05 -0.000513386  -0.00237992   0.00147597  -0.00304523 -0.000602014   0.00100158   0.00184962 -2.95916e-05 -0.000421952  -0.00240833   0.00156682  -0.00306765 -0.000571293   0.00096715   0.00184922 -1.44733e-05 -0.000277022  -0.00246046   0.00170894   -0.0031003 -0.000523409  0.000910065   0.00185402  1.72519e-07 -9.38379e-05  -0.00253132   0.00188698  -0.00313707  -0.00046341  0.000837425   0.00186462  1.47154e-05  0.000109391  -0.00261511   0.00208258  -0.00317094 -0.000397355  0.000757403   0.00188132  3.16364e-05  0.000323085  -0.00270409   0.00228594  -0.00319654 -0.000330027  0.000676662   0.00189611  1.69438e-06
========================================
primal_step_norm SUCCESS
SOLVED , sqp_iter_: 0
AFTER initial_guess_[0].uk: [-0.161830, -0.165084, -0.000412, -0.196389, -0.022710, 0.032651, -0.162620, 0.000061]
BEFORE initial_guess_[0].uk: [-0.161093, -0.165382, 0.000309, -0.196573, -0.022426, 0.032262, -0.162588, 0.000308]
Initialization finished.
Allocations finished.
Setup successful.
Solver is ready.
Starting solver...
Solver initialization verified.
Solver finished.
===== SQP Iteration: 0 =====
step_ (179 x 1): 
 1.47421e-10 -6.70899e-10  4.32754e-10  3.25302e-10 -3.56782e-10 -2.74639e-11  5.28259e-11   2.1553e-09  8.18241e-09  2.33324e-06 -3.10013e-05  1.07145e-05 -2.14421e-05 -4.13832e-06  4.98366e-06   1.6906e-05 -1.31013e-08  3.26273e-08  2.87551e-06  -6.0757e-05  1.96969e-05 -4.24699e-05 -8.96367e-06  1.07089e-05  3.37094e-05 -1.46181e-08  3.43861e-07  2.35021e-06 -8.97014e-05   2.7655e-05 -6.32595e-05 -1.41953e-05  1.68936e-05  5.04218e-05 -1.20137e-08  8.32307e-07  1.42362e-06 -0.000118246  3.52401e-05 -8.39692e-05 -1.95746e-05  2.32755e-05  6.70637e-05 -3.81274e-09  1.43814e-06  6.89833e-07 -0.000146773  4.30307e-05 -0.000104735 -2.48708e-05   2.9621e-05  8.36654e-05  1.08877e-08  2.12231e-06  6.58135e-07 -0.000175618  5.15203e-05 -0.000125661 -2.98861e-05  3.57312e-05  0.000100266  3.29163e-08  2.87128e-06  1.73923e-06 -0.000205068  6.11027e-05 -0.000146819 -3.44607e-05  4.14498e-05  0.000116912  6.28527e-08  3.69163e-06   4.2282e-06 -0.000235353  7.20559e-05 -0.000168234 -3.84809e-05  4.66696e-05  0.000133657  1.03959e-07  4.60217e-06 -0.000511391  -0.00122967  0.000120667 -0.000836779 -0.000105319  0.000123194 -0.000408086  0.000997574  8.24938e-06 -0.000505689  -0.00126202  0.000134702 -0.000858599 -0.000108099  0.000127313 -0.000391056  0.000997658  8.11042e-06  0.000310834  -0.00251271   0.00142741  -0.00302821 -0.000459444  0.000716511   0.00187674  1.59788e-06  7.22307e-05  -0.00241167   0.00119656  -0.00296979 -0.000535639  0.000823145   0.00186533  6.39067e-06 -6.99833e-05  -0.00234589   0.00106012  -0.00293613 -0.000580726  0.000889184   0.00185522  9.89827e-06 -0.000123439  -0.00231355   0.00101042  -0.00292487 -0.000597126  0.000917561   0.00184739  1.22088e-05 -9.77557e-05    -0.002312   0.00103779  -0.00293273 -0.000587907   0.00091231   0.00184292  1.37486e-05 -4.23658e-06  -0.00233783   0.00113088   -0.0029555  -0.00055671  0.000878495   0.00184281  1.50136e-05  0.000143997  -0.00238694   0.00127647   -0.0029881 -0.000507811  0.000822182   0.00184788  1.64114e-05  0.000331538  -0.00245452   0.00145903  -0.00302445 -0.000446283   0.00075046   0.00185874  1.81823e-05  0.000539935  -0.00253505   0.00165996  -0.00305755 -0.000378249  0.000671513   0.00187568  2.72317e-05  0.000759707  -0.00262147   0.00186951  -0.00308173 -0.000308673  0.000592261   0.00189038 -2.77384e-06
========================================
primal_step_norm SUCCESS
SOLVED , sqp_iter_: 0
AFTER initial_guess_[0].uk: [-0.160417, -0.170847, 0.003413, -0.203160, -0.023625, 0.034132, -0.157690, 0.000316]
BEFORE initial_guess_[0].uk: [-0.159668, -0.171145, 0.004145, -0.203340, -0.023336, 0.033746, -0.157659, 0.000491]
Initialization finished.
Allocations finished.
Setup successful.
Solver is ready.
Starting solver...
Solver initialization verified.
Solver finished.
===== SQP Iteration: 0 =====
step_ (179 x 1): 
 2.64494e-10 -3.13867e-10  2.74004e-10  3.62758e-10  -2.6026e-10 -5.58306e-11  1.22731e-10  2.13285e-09  8.83645e-09  4.04208e-06 -3.07203e-05  8.87808e-06 -2.10731e-05 -4.00512e-06  4.47664e-06  1.67551e-05 -1.27269e-08 -2.10753e-06  6.26019e-06 -6.01979e-05  1.59917e-05   -4.174e-05 -8.71224e-06  9.69119e-06  3.34064e-05 -4.16045e-08 -3.68903e-06  7.38632e-06 -8.88668e-05  2.20574e-05 -6.21718e-05 -1.38371e-05  1.53646e-05  4.99653e-05 -8.40196e-08 -4.82088e-06  8.09532e-06 -0.000117138  2.77354e-05 -8.25227e-05 -1.91172e-05  2.12379e-05  6.64524e-05 -1.35679e-07 -5.56132e-06  8.99007e-06 -0.000145387  3.36133e-05 -0.000102924 -2.43179e-05    2.708e-05  8.28983e-05 -1.92972e-07 -5.94166e-06  1.05886e-05 -0.000173949  4.01933e-05 -0.000123478 -2.92368e-05  3.26949e-05  9.93427e-05 -2.52018e-07 -5.96288e-06  1.33106e-05 -0.000203105  4.78785e-05 -0.000144252 -3.37102e-05  3.79283e-05  0.000115833 -3.08192e-07 -5.59964e-06  1.74598e-05 -0.000233076  5.69552e-05 -0.000165272 -3.76191e-05  4.26741e-05  0.000132422 -3.58742e-07 -4.80813e-06 -0.000490767   -0.0012594  0.000117755  -0.00085523 -0.000107112  0.000122856 -0.000392445  0.000997099 -1.27982e-06 -0.000483332  -0.00129137  0.000129987 -0.000876632 -0.000109748  0.000126526 -0.000375571   0.00099709 -1.30675e-06  0.000538441  -0.00248994   0.00118275  -0.00297616 -0.000444659  0.000643632   0.00185994 -4.20644e-05  0.000295467  -0.00238914  0.000947601  -0.00291885 -0.000522525  0.000749728   0.00184841 -3.16661e-05  0.000149998  -0.00232357  0.000808018  -0.00288564 -0.000568883  0.000815689   0.00183816 -2.26681e-05   9.4437e-05  -0.00229132  0.000756366   -0.0028742 -0.000586128   0.00084443    0.0018302 -1.48369e-05  0.000119186   -0.0022896  0.000782993  -0.00288133 -0.000577302  0.000839961   0.00182562 -7.63088e-06  0.000212943  -0.00231491  0.000876524  -0.00290292 -0.000546028  0.000807302   0.00182545 -4.44633e-07  0.000362592  -0.00236304   0.00102374  -0.00293398 -0.000496563  0.000752442   0.00183055  7.24749e-06  0.000552745  -0.00242909   0.00120913  -0.00296864 -0.000433956  0.000682361    0.0018415  1.58179e-05  0.000764983   -0.0025074   0.00141409  -0.00300006 -0.000364308  0.000605092   0.00185862  2.76289e-05  0.000990326  -0.00259106   0.00162938  -0.00302258 -0.000292648  0.000527612   0.00187322 -5.31735e-07
========================================
primal_step_norm SUCCESS
SOLVED , sqp_iter_: 0
AFTER initial_guess_[0].uk: [-0.158497, -0.176560, 0.006718, -0.209813, -0.024496, 0.035426, -0.152804, 0.000281]
BEFORE initial_guess_[0].uk: [-0.157736, -0.176857, 0.007462, -0.209988, -0.024201, 0.035044, -0.152773, 0.000430]
Initialization finished.
Allocations finished.
Setup successful.
Solver is ready.
Starting solver...
Solver initialization verified.
Solver finished.
===== SQP Iteration: 0 =====
step_ (179 x 1): 
 7.83361e-11 -4.31916e-10   2.6743e-10  1.36489e-10 -2.46658e-10 -3.31699e-11  5.73129e-11  2.20061e-09  8.83894e-09  4.96578e-06 -3.05716e-05  7.81379e-06 -2.08078e-05 -3.87441e-06   4.0061e-06  1.65825e-05 -1.17838e-08 -1.93138e-06  8.07323e-06 -5.99085e-05  1.38275e-05 -4.12185e-05 -8.46637e-06  8.74404e-06  3.30606e-05 -3.85111e-08 -3.43371e-06  1.00629e-05 -8.84438e-05  1.87676e-05 -6.13979e-05 -1.34879e-05  1.39388e-05  4.94459e-05 -7.84794e-08 -4.57158e-06  1.16186e-05 -0.000116586  2.33035e-05 -8.14955e-05 -1.86726e-05  1.93356e-05  6.57591e-05 -1.28169e-07 -5.38698e-06  1.33521e-05 -0.000144707  2.80321e-05 -0.000101638 -2.37815e-05  2.47069e-05  8.20308e-05  -1.7866e-07 -5.89253e-06    1.579e-05 -0.000173135  3.34646e-05 -0.000121925 -2.86083e-05  2.98596e-05   9.8301e-05 -2.37885e-07 -6.06845e-06  1.93605e-05 -0.000202144  4.00127e-05  -0.00014242 -3.29847e-05  3.46418e-05  0.000114618 -2.96655e-07 -5.86624e-06  2.43749e-05 -0.000231949  4.79713e-05 -0.000163148 -3.67882e-05  3.89491e-05  0.000131034 -3.50457e-07 -5.21543e-06 -0.000475526  -0.00129004  0.000119912 -0.000874202 -0.000108798  0.000122375 -0.000377129   0.00099709 -1.80881e-06 -0.000467163  -0.00132178  0.000131092 -0.000895285 -0.000111298  0.000125634 -0.000360426  0.000997076 -1.83481e-06  0.000661554  -0.00247778   0.00104091  -0.00293862 -0.000430125  0.000575951    0.0018408  -3.8503e-05  0.000413958  -0.00237771  0.000801084  -0.00288262 -0.000509741  0.000681187    0.0018292 -3.00705e-05  0.000265048  -0.00231274  0.000658062  -0.00284996 -0.000557418  0.000746875   0.00181889 -2.27793e-05  0.000207239  -0.00228086  0.000604223  -0.00283839 -0.000575533    0.0007759   0.00181088 -1.63274e-05  0.000230919  -0.00227916  0.000629891  -0.00284477 -0.000567121  0.000772228   0.00180628 -1.01288e-05  0.000324759  -0.00230403  0.000723657   -0.0028651 -0.000535797  0.000740815   0.00180612 -3.53574e-06  0.000475614  -0.00235115  0.000872265  -0.00289453 -0.000485814  0.000687562   0.00181128  4.02844e-06   0.00066808  -0.00241553   0.00106017  -0.00292734 -0.000422213  0.000619329   0.00182236  1.30021e-05  0.000883738  -0.00249143   0.00126876  -0.00295692 -0.000351082  0.000543999   0.00183966  2.57232e-05    0.0011141  -0.00257212   0.00148925  -0.00297758 -0.000277515  0.000468554   0.00185417 -5.12909e-07
========================================
primal_step_norm SUCCESS
SOLVED , sqp_iter_: 0
AFTER initial_guess_[0].uk: [-0.156297, -0.182246, 0.009726, -0.216380, -0.025324, 0.036547, -0.147968, 0.000238]
BEFORE initial_guess_[0].uk: [-0.155522, -0.182539, 0.010484, -0.216550, -0.025023, 0.036170, -0.147937, 0.000366]
Initialization finished.
Allocations finished.
Setup successful.
Solver is ready.
Starting solver...
Solver initialization verified.
Solver finished.
===== SQP Iteration: 0 =====
step_ (179 x 1): 
 1.42453e-10 -7.44825e-11  2.56832e-10  1.45841e-10 -1.81514e-10 -2.60307e-11  9.23134e-11  2.24845e-09  9.49773e-09  5.46211e-06 -3.04586e-05  7.18865e-06 -2.05738e-05 -3.74261e-06   3.5612e-06  1.64219e-05 -1.06598e-08 -1.69591e-06  9.03047e-06 -5.96965e-05  1.25412e-05 -4.07621e-05 -8.21874e-06  7.84581e-06  3.27388e-05  -3.4358e-08 -3.06406e-06  1.14553e-05  -8.8143e-05  1.67938e-05 -6.07243e-05 -1.31363e-05  1.25837e-05  4.89623e-05 -7.03275e-08 -4.15625e-06  1.34295e-05 -0.000116202  2.06257e-05 -8.06044e-05 -1.82249e-05  1.75244e-05  6.51133e-05 -1.15405e-07 -4.99941e-06  1.55735e-05 -0.000144241  2.46428e-05 -0.000100525 -2.32414e-05  2.24449e-05  8.12225e-05 -1.67586e-07 -5.58919e-06  1.84223e-05 -0.000172581  2.93649e-05 -0.000120579 -2.79755e-05  2.71559e-05  9.73305e-05 -2.24473e-07 -5.88656e-06  2.24114e-05 -0.000201488  3.52117e-05  -0.00014083  -3.2255e-05  3.15086e-05  0.000113486 -2.83139e-07 -5.82139e-06  2.78604e-05 -0.000231167  4.24859e-05 -0.000161301 -3.59534e-05  3.54012e-05  0.000129742 -3.38169e-07 -5.29847e-06 -0.000463221  -0.00132084  0.000124945 -0.000893165 -0.000110346  0.000121686 -0.000361877  0.000997084 -2.00981e-06 -0.000454369  -0.00135238    0.0001355 -0.000913961 -0.000112713   0.00012456 -0.000345334  0.000997068 -2.03437e-06  0.000727601  -0.00246871  0.000957641  -0.00290566 -0.000415496  0.000512003   0.00182295  -3.3818e-05  0.000475334   -0.0023697  0.000713008  -0.00285124 -0.000496884  0.000616015    0.0018113 -2.73963e-05  0.000322996  -0.00230556  0.000566496  -0.00281932 -0.000545881  0.000681183   0.00180093 -2.18744e-05  0.000262971  -0.00227417  0.000510447  -0.00280771 -0.000564861  0.000710352   0.00179288 -1.68904e-05  0.000285588  -0.00227251  0.000535122  -0.00281337 -0.000556861  0.000707437   0.00178826 -1.18176e-05  0.000379451  -0.00229689  0.000629033  -0.00283241 -0.000525507  0.000677318   0.00178811 -5.96799e-06  0.000531352   -0.0023429  0.000778854  -0.00286011 -0.000475057  0.000625795   0.00179334  1.28525e-06  0.000725844  -0.00240548   0.00096898  -0.00289092 -0.000410555  0.000559599   0.00180454  1.04446e-05  0.000944483  -0.00247883   0.00118076  -0.00291846 -0.000338085  0.000486447   0.00182204  2.38802e-05   0.00117927  -0.00255638    0.0014059  -0.00293708 -0.000262795  0.000413279   0.00183646 -4.84291e-07
========================================
primal_step_norm SUCCESS
SOLVED , sqp_iter_: 0
AFTER initial_guess_[0].uk: [-0.153939, -0.187909, 0.012566, -0.222870, -0.026107, 0.037506, -0.143179, 0.000197]
BEFORE initial_guess_[0].uk: [-0.153152, -0.188199, 0.013337, -0.223033, -0.025801, 0.037136, -0.143147, 0.000304]
Initialization finished.
Allocations finished.
Setup successful.
Solver is ready.
Starting solver...
Solver initialization verified.
Solver finished.
===== SQP Iteration: 0 =====
step_ (179 x 1): 
  1.1399e-10  1.43632e-09  1.69392e-10  2.01619e-10  1.79178e-10 -1.73649e-11  9.22497e-11  4.43189e-09  1.72075e-08  8.26697e-06 -2.13631e-05  4.75804e-06  -1.1039e-05 -6.71583e-07 -4.49729e-06  2.29838e-05 -4.00968e-09 -1.20488e-06  1.45185e-05 -4.14523e-05  7.55444e-06 -2.17808e-05 -2.03701e-06 -8.35741e-06  4.59866e-05  -1.8393e-08 -2.10181e-06  1.94293e-05 -6.06042e-05  9.04982e-06 -3.24374e-05 -3.74758e-06 -1.19181e-05  6.91386e-05  -3.4173e-08 -2.74358e-06  2.36223e-05 -7.91329e-05  9.85308e-06 -4.32021e-05 -5.48378e-06 -1.54898e-05  9.25664e-05 -5.57969e-08 -3.17149e-06  2.76576e-05 -9.73222e-05  1.05096e-05 -5.42408e-05 -6.96427e-06 -1.93446e-05  0.000116387  -8.1308e-08 -3.39953e-06  3.20255e-05 -0.000115421  1.14946e-05 -6.56816e-05 -7.95451e-06 -2.37037e-05  0.000140699 -1.08374e-07 -3.40741e-06  3.71415e-05 -0.000133648  1.32077e-05 -7.76028e-05 -8.27567e-06 -2.87263e-05  0.000165573  -1.3429e-07 -3.13962e-06    4.334e-05 -0.000152197  1.59672e-05 -9.00195e-05 -7.81447e-06 -3.44961e-05  0.000191035 -1.57672e-07 -2.50688e-06 -0.000438452  -0.00126187   0.00010415 -0.000834861 -8.02495e-05  4.47681e-05  -0.00027443  0.000997275  7.77896e-07 -0.000429343   -0.0012816  0.000109692 -0.000847977 -7.81876e-05   3.7613e-05 -0.000248034  0.000997288  7.69441e-07   0.00110126   -0.0017317  0.000633871  -0.00155905 -7.46413e-05 -0.000646596   0.00255139 -2.42442e-05  0.000832767  -0.00162832   0.00037251  -0.00151709 -0.000151606 -0.000554984   0.00255349 -1.80638e-05  0.000654165  -0.00155235  0.000199205  -0.00150507 -0.000189909 -0.000511919   0.00257004  -1.2935e-05  0.000558553  -0.00150185  0.000107003  -0.00152035 -0.000192738 -0.000513513   0.00260066   -8.635e-06  0.000537542  -0.00147434   8.7452e-05  -0.00155903 -0.000164342 -0.000554194   0.00264428 -4.61716e-06  0.000581854  -0.00146701  0.000131214  -0.00161582 -0.000109913  -0.00062671   0.00269884 -1.97206e-07  0.000681506  -0.00147735   0.00022821  -0.00168367 -3.56319e-05   -0.0007221   0.00276113  5.33254e-06  0.000825741  -0.00150333  0.000367569  -0.00175352  5.12226e-05 -0.000829553   0.00282653  1.26409e-05   0.00100266  -0.00154371  0.000537248  -0.00181399  0.000142059 -0.000936223   0.00288878  2.42921e-05   0.00121352  -0.00159849  0.000738304  -0.00185255  0.000228935  -0.00102876   0.00293018 -1.57281e-07
========================================
primal_step_norm SUCCESS
SOLVED , sqp_iter_: 0
AFTER initial_guess_[0].uk: [-0.150757, -0.191965, 0.014716, -0.226424, -0.025995, 0.035448, -0.136488, 0.000183]
BEFORE initial_guess_[0].uk: [-0.149982, -0.192238, 0.015474, -0.226605, -0.025667, 0.035056, -0.136420, 0.000280]
Initialization finished.
Allocations finished.
Setup successful.
Solver is ready.
Starting solver...
Solver initialization verified.
Solver finished.
===== SQP Iteration: 0 =====
step_ (179 x 1): 
 2.58516e-10  1.14141e-09  4.11965e-10  2.84698e-10 -4.44033e-11 -4.27479e-11   1.4008e-10  4.52212e-09  1.77616e-08  3.92016e-06 -3.08213e-05  6.53649e-06 -2.23385e-05 -3.22809e-06  2.99082e-06   1.6552e-05 -1.18307e-08 -1.46983e-06  6.04592e-06 -6.06207e-05  1.13381e-05 -4.41854e-05 -7.32374e-06  6.82325e-06  3.27676e-05 -3.25133e-08 -2.84571e-06   7.2208e-06 -8.99057e-05  1.52368e-05 -6.56331e-05 -1.20294e-05  1.12994e-05  4.85629e-05  -6.6346e-08 -4.14843e-06  8.22105e-06 -0.000119146  1.89966e-05 -8.67655e-05 -1.70996e-05  1.62308e-05  6.38793e-05 -1.12657e-07 -5.35302e-06  9.73468e-06  -0.00014876  2.32925e-05 -0.000107656 -2.23044e-05  2.14408e-05  7.86909e-05 -1.69896e-07 -6.39457e-06  1.23408e-05 -0.000179101  2.86895e-05 -0.000128367 -2.74309e-05  2.67656e-05  9.30141e-05 -2.36622e-07 -7.16846e-06  1.64846e-05 -0.000210424  3.56171e-05 -0.000148955 -3.22855e-05  3.20525e-05  0.000106916 -3.08997e-07 -7.53611e-06  2.24452e-05 -0.000242865  4.43371e-05 -0.000169476 -3.66983e-05  3.71577e-05  0.000120529 -3.81291e-07 -7.33268e-06 -0.000449915  -0.00138676  0.000144593 -0.000935109 -0.000112181  0.000120562 -0.000331032  0.000997011 -4.25662e-06 -0.000440249  -0.00142119  0.000156905 -0.000955726 -0.000115306  0.000124874 -0.000317369  0.000996973 -4.29488e-06  0.000522172  -0.00249785   0.00087068  -0.00315491 -0.000358276  0.000430004   0.00183739 -2.91832e-05  0.000283145  -0.00241517  0.000639586   -0.0030855 -0.000454629  0.000550997   0.00180005 -2.75748e-05  0.000156484  -0.00237347  0.000519308  -0.00302911 -0.000522355  0.000643552   0.00175339 -2.61047e-05  0.000133221  -0.00236982  0.000500811   -0.0029846 -0.000562837  0.000709001   0.00170022 -2.41353e-05  0.000201611  -0.00240021   0.00057223   -0.0029504 -0.000577782  0.000749062   0.00164421 -2.08672e-05  0.000347139  -0.00245899  0.000718905  -0.00292507 -0.000569095  0.000765561   0.00158998 -1.55094e-05  0.000551967  -0.00253868  0.000922804  -0.00290767 -0.000538936  0.000760139   0.00154327 -7.38069e-06  0.000794001  -0.00262944   0.00116157  -0.00289821 -0.000489877  0.000734019   0.00151113  4.04514e-06    0.0010456  -0.00271855    0.0014072  -0.00289805 -0.000425176  0.000687826   0.00150216  2.02727e-05   0.00128759  -0.00279017   0.00164002  -0.00291174 -0.000346934  0.000619821   0.00151663 -7.52562e-07
========================================
primal_step_norm SUCCESS
SOLVED , sqp_iter_: 0
AFTER initial_guess_[0].uk: [-0.148846, -0.197671, 0.017368, -0.233466, -0.026602, 0.036179, -0.131624, 0.000134]
BEFORE initial_guess_[0].uk: [-0.148035, -0.197952, 0.018163, -0.233616, -0.026283, 0.035822, -0.131589, 0.000206]
Initialization finished.
Allocations finished.
Setup successful.
Solver is ready.
Starting solver...
Solver initialization verified.
Solver finished.
===== SQP Iteration: 0 =====
step_ (179 x 1): 
 3.07299e-10  2.13973e-09  5.26528e-10  1.31107e-10 -4.16647e-11  8.59631e-11  1.38207e-10   6.4392e-09  2.31856e-08  5.34303e-06 -3.06619e-05  6.93024e-06 -2.04947e-05 -3.48565e-06  2.81204e-06  1.57784e-05 -4.08865e-10 -1.10126e-06  8.71152e-06 -6.01755e-05  1.19379e-05 -4.06375e-05 -7.75779e-06  6.32274e-06  3.14222e-05 -8.69546e-09 -2.13375e-06  1.08934e-05 -8.89658e-05  1.57993e-05 -6.05603e-05 -1.25146e-05  1.02878e-05  4.69315e-05 -2.69574e-08 -3.12053e-06  1.26126e-05 -0.000117424  1.92267e-05 -8.03837e-05  -1.7475e-05  1.44781e-05  6.23222e-05  -5.5036e-08 -4.04929e-06  1.45127e-05 -0.000145894  2.28508e-05 -0.000100212 -2.23846e-05  1.86868e-05  7.76259e-05 -9.23052e-08 -4.87089e-06  1.71443e-05  -0.00017467  2.72089e-05 -0.000120129 -2.70218e-05  2.27363e-05  9.28897e-05 -1.36967e-07 -5.49645e-06  2.09541e-05 -0.000203986  3.27326e-05 -0.000140189 -3.12029e-05  2.64848e-05  0.000108172 -1.86874e-07 -5.79927e-06  2.62709e-05 -0.000234015  3.97355e-05 -0.000160409 -3.47904e-05  2.98343e-05  0.000123537 -2.38749e-07 -5.61867e-06 -0.000437254  -0.00140964  0.000150397 -0.000946495  -0.00011248   0.00011567 -0.000312381   0.00099713 -2.64944e-06 -0.000428396  -0.00144133  0.000160828 -0.000966927 -0.000114678  0.000118127 -0.000296746  0.000997111 -2.66888e-06   0.00071177  -0.00248518  0.000923194  -0.00289443 -0.000386938  0.000404237   0.00175155 -2.19757e-05  0.000448703  -0.00239211  0.000667045  -0.00284481 -0.000474246  0.000504729   0.00173658 -2.07643e-05  0.000290634   -0.0023335  0.000514368  -0.00281372 -0.000528044  0.000570051   0.00172166  -1.9828e-05  0.000229004  -0.00230653   0.00045654  -0.00279969 -0.000550639  0.000602435   0.00170847 -1.86464e-05  0.000253091  -0.00230756  0.000482746  -0.00280045 -0.000545019  0.000605095   0.00169883 -1.64834e-05  0.000350538  -0.00233234  0.000580508  -0.00281289 -0.000514776  0.000582202    0.0016944 -1.25455e-05  0.000507475  -0.00237614  0.000735805  -0.00283299 -0.000464163  0.000538926   0.00169646 -6.07529e-06  0.000708271  -0.00243393   0.00093281  -0.00285568 -0.000398253  0.000481544   0.00170568  3.60143e-06  0.000934909  -0.00250032   0.00115326  -0.00287475 -0.000323214  0.000417569   0.00172198  1.88982e-05   0.00118007  -0.00256846   0.00138947  -0.00288567 -0.000244061  0.000353001   0.00173561  -3.6847e-07
========================================
primal_step_norm SUCCESS
SOLVED , sqp_iter_: 0
AFTER initial_guess_[0].uk: [-0.146487, -0.203357, 0.020171, -0.239912, -0.027293, 0.036877, -0.127017, 0.000097]
BEFORE initial_guess_[0].uk: [-0.145661, -0.203635, 0.020982, -0.240051, -0.026970, 0.036533, -0.126986, 0.000151]
Initialization finished.
Allocations finished.
Setup successful.
Solver is ready.
Starting solver...
Solver initialization verified.
Solver finished.
===== SQP Iteration: 0 =====
step_ (179 x 1): 
 1.87544e-10  2.80741e-09  3.64806e-10  2.46038e-11 -3.42438e-10  1.41234e-10  7.27443e-11  2.86172e-08  2.41322e-08  5.76911e-06  -3.0694e-05  6.63877e-06 -2.02167e-05 -3.38981e-06  2.46622e-06  1.56136e-05 -4.75477e-09 -9.26765e-07    9.509e-06 -6.02394e-05  1.12987e-05 -4.01167e-05 -7.57211e-06  5.59553e-06  3.11236e-05 -1.39906e-08 -1.84277e-06  1.20076e-05 -8.90464e-05  1.47567e-05 -5.98295e-05 -1.22394e-05  9.14523e-06  4.65397e-05 -3.17501e-08 -2.77451e-06  1.39929e-05 -0.000117494  1.77295e-05 -7.94709e-05 -1.71063e-05  1.28907e-05  6.18816e-05 -5.81293e-08 -3.70259e-06  1.61162e-05 -0.000145921  2.08562e-05 -9.91379e-05 -2.19156e-05  1.66326e-05  7.71793e-05 -9.30944e-08 -4.56897e-06  1.89392e-05 -0.000174617  2.46857e-05 -0.000118903 -2.64445e-05  2.02029e-05  9.24733e-05   -1.355e-07 -5.27323e-06  2.29215e-05 -0.000203819  2.96633e-05  -0.00013881 -3.05091e-05  2.34707e-05  0.000107812 -1.83365e-07 -5.67346e-06   2.8405e-05 -0.000233696   3.6115e-05 -0.000158869 -3.39718e-05  2.63486e-05  0.000123249   -2.329e-07 -5.58936e-06 -0.000426091  -0.00144082  0.000156661  -0.00096521 -0.000113727  0.000114184 -0.000296954  0.000997111 -2.71101e-06 -0.000417047  -0.00147227  0.000166562 -0.000985447 -0.000115785  0.000116206 -0.000281241  0.000997093 -2.72577e-06  0.000768572  -0.00248763  0.000884442  -0.00285519 -0.000376225  0.000354556   0.00173326 -1.82582e-05  0.000498194  -0.00239467  0.000620745  -0.00281052 -0.000464237  0.000449902   0.00172173 -1.83926e-05  0.000332837  -0.00233483  0.000460626  -0.00278407 -0.000518089  0.000510332    0.0017113 -1.86937e-05  0.000264452  -0.00230569  0.000395973  -0.00277398 -0.000540248   0.00053848   0.00170305 -1.86087e-05   0.00028283  -0.00230401  0.000416475  -0.00277759 -0.000533883  0.000537972   0.00169817  -1.7363e-05  0.000376043  -0.00232586  0.000510079  -0.00279149 -0.000502755  0.000513313   0.00169774 -1.41089e-05  0.000530474  -0.00236677  0.000663006  -0.00281154 -0.000451234  0.000469841   0.00170269 -8.01548e-06  0.000730453  -0.00242163  0.000859377  -0.00283285 -0.000384443  0.000413739   0.00171363  1.68438e-06  0.000957525  -0.00248472   0.00108048  -0.00284979 -0.000308504  0.000352077    0.0017308  1.74689e-05    0.0012047  -0.00254905   0.00131891  -0.00285819  -0.00022842  0.000290539   0.00174431 -2.64091e-07
========================================
primal_step_norm SUCCESS
SOLVED , sqp_iter_: 0
AFTER initial_guess_[0].uk: [-0.143990, -0.209045, 0.022906, -0.246261, -0.027952, 0.037458, -0.122462, 0.000060]
BEFORE initial_guess_[0].uk: [-0.143154, -0.209316, 0.023728, -0.246392, -0.027625, 0.037125, -0.122432, 0.000099]
Initialization finished.
Allocations finished.
Setup successful.
Solver is ready.
Starting solver...
Solver initialization verified.
Solver finished.
===== SQP Iteration: 0 =====
step_ (179 x 1): 
 8.64775e-11  1.88707e-09  1.85593e-10 -4.76291e-11 -4.84173e-10  1.18467e-10  5.10936e-11  2.18274e-08  1.77953e-08  6.20173e-06 -2.52771e-05  6.91713e-06 -1.42594e-05 -5.39369e-07 -3.00556e-06  2.33996e-05 -4.76188e-08 -8.74142e-07  1.02486e-05 -4.93813e-05  1.17261e-05 -2.82681e-05 -1.82413e-06 -5.42556e-06  4.68395e-05 -6.68015e-08 -1.71483e-06  1.28394e-05 -7.26635e-05  1.51143e-05  -4.2193e-05 -3.48741e-06 -7.55039e-06  7.04653e-05 -9.36978e-08 -2.56388e-06  1.46193e-05 -9.54425e-05   1.7715e-05  -5.6185e-05 -5.19268e-06 -9.64587e-06  9.44174e-05 -1.28314e-07 -3.41332e-06  1.61672e-05    -0.000118   2.0095e-05  -7.0371e-05 -6.64393e-06 -1.19437e-05  0.000118823 -1.70192e-07 -4.21763e-06  1.79904e-05 -0.000140577  2.27483e-05  -8.4846e-05 -7.59462e-06 -1.46317e-05  0.000143789 -2.18368e-07 -4.88648e-06   2.0521e-05 -0.000163371  2.60928e-05 -9.96629e-05 -7.85627e-06 -1.78446e-05  0.000169386 -2.70381e-07  -5.2816e-06   2.4112e-05 -0.000186542   3.0467e-05 -0.000114824 -7.30772e-06  -2.1653e-05  0.000195636 -3.21961e-07 -5.21626e-06 -0.000423606  -0.00141813   0.00015846 -0.000936664  -8.4941e-05  6.13546e-05 -0.000197581  0.000996997 -2.37706e-06 -0.000417054   -0.0014424  0.000165679 -0.000952257 -8.27175e-05  5.64366e-05 -0.000170318  0.000996981 -2.37763e-06  0.000826186  -0.00204829  0.000921545  -0.00201385 -5.98626e-05  -0.00043208   0.00259754 -1.69424e-05  0.000539087  -0.00195353  0.000640631  -0.00197847 -0.000142588 -0.000347944   0.00260202 -1.68065e-05  0.000345129  -0.00188694   0.00045137  -0.00196664   -0.0001846 -0.000305503   0.00262265  -1.6985e-05  0.000237085  -0.00184616  0.000346467  -0.00197612 -0.000189266 -0.000301285   0.00265886 -1.70016e-05  0.000206186  -0.00182821  0.000317065  -0.00200353  -0.00016108 -0.000330374   0.00270925 -1.61048e-05  0.000242848  -0.00182978  0.000353467  -0.00204433 -0.000105523 -0.000386478   0.00277136 -1.33995e-05  0.000337049  -0.00184746  0.000445518  -0.00209266 -2.90393e-05 -0.000461917   0.00284142 -7.92751e-06  0.000478372  -0.00187805  0.000582648  -0.00214113  6.08682e-05 -0.000547549   0.00291407   1.2891e-06  0.000655745  -0.00191869  0.000753597  -0.00218062  0.000155449 -0.000632649   0.00298216  1.69464e-05  0.000872761  -0.00196662   0.00096168  -0.00220218  0.000246828 -0.000707024   0.00302635  1.72228e-08
========================================
primal_step_norm SUCCESS
SOLVED , sqp_iter_: 0
AFTER initial_guess_[0].uk: [-0.141357, -0.213771, 0.025732, -0.250772, -0.027781, 0.035997, -0.115652, 0.000015]
BEFORE initial_guess_[0].uk: [-0.140541, -0.214024, 0.026534, -0.250909, -0.027432, 0.035653, -0.115581, 0.000048]
Initialization finished.
Allocations finished.
Setup successful.
Solver is ready.
Starting solver...
Solver initialization verified.
Solver finished.
===== SQP Iteration: 0 =====
step_ (179 x 1): 
-1.47046e-11  2.26187e-09  1.33095e-10  2.72062e-11 -6.20064e-10  1.67302e-10  3.55002e-11  2.07726e-08  1.57712e-08  5.07969e-06  -3.0075e-05   5.1333e-06 -2.07139e-05 -2.78422e-06  1.77839e-06  1.61103e-05 -2.74282e-08 -5.58579e-07  8.27057e-06 -5.91738e-05  8.42757e-06 -4.10601e-05 -6.49379e-06  4.28564e-06  3.18561e-05 -3.72417e-08 -1.30795e-06  1.04575e-05 -8.77396e-05  1.07593e-05 -6.11117e-05 -1.08587e-05  7.33852e-06  4.71398e-05 -5.48372e-08 -2.24533e-06  1.24534e-05  -0.00011618  1.29322e-05 -8.09349e-05  -1.5622e-05  1.07641e-05  6.18911e-05 -8.18991e-08 -3.31464e-06  1.49774e-05 -0.000144857  1.56551e-05 -0.000100585  -2.0543e-05  1.44029e-05  7.60755e-05 -1.19197e-07 -4.41495e-06  1.86325e-05  -0.00017407  1.95198e-05 -0.000120107  -2.5399e-05  1.81103e-05  8.97051e-05 -1.66433e-07 -5.39963e-06   2.3881e-05  -0.00020404  2.49747e-05 -0.000139537 -2.99869e-05  2.17572e-05   0.00010285 -2.21745e-07 -6.07889e-06  3.10105e-05  -0.00023489   3.2292e-05 -0.000158904 -3.41261e-05  2.52285e-05   0.00011565 -2.80709e-07 -6.22463e-06 -0.000405997   -0.0014988  0.000171078  -0.00100023 -0.000114476  0.000110913 -0.000264485  0.000997005  -3.4985e-06  -0.00039504  -0.00153123  0.000182121  -0.00101958  -0.00011728  0.000113721 -0.000251678  0.000996977 -3.51623e-06  0.000676707  -0.00243743  0.000683831  -0.00292549 -0.000309054    0.0002557   0.00178837 -1.08683e-05  0.000425073  -0.00235843  0.000438826  -0.00287353 -0.000411771  0.000360463   0.00174791 -1.50111e-05  0.000291336  -0.00231525  0.000310599  -0.00283194 -0.000484509  0.000438904   0.00169661 -1.87706e-05  0.000265887  -0.00230511  0.000289445  -0.00279966 -0.000528746  0.000492483   0.00163749 -2.14059e-05   0.00033621  -0.00232424  0.000362705  -0.00277524 -0.000546271  0.000523132   0.00157459 -2.20236e-05  0.000486898  -0.00236768  0.000514783  -0.00275713  -0.00053906   0.00053301   0.00151299 -1.97078e-05   0.00069914  -0.00242909  0.000726618  -0.00274404 -0.000509295  0.000524303   0.00145913 -1.35968e-05  0.000949744  -0.00250036  0.000974688  -0.00273518 -0.000459518  0.000499075   0.00142092 -2.92017e-06   0.00120978  -0.00257123   0.00122962  -0.00273056 -0.000392913   0.00045916   0.00140805  1.46754e-05   0.00145945  -0.00262847   0.00147101  -0.00273345 -0.000311327  0.000403853   0.00142166 -3.23823e-07
========================================
primal_step_norm SUCCESS
SOLVED , sqp_iter_: 0
AFTER initial_guess_[0].uk: [-0.139069, -0.219326, 0.028021, -0.257272, -0.028239, 0.036321, -0.110913, -0.000006]
BEFORE initial_guess_[0].uk: [-0.138220, -0.219581, 0.028858, -0.257385, -0.027902, 0.036008, -0.110878, 0.000007]
Initialization finished.
Allocations finished.
Setup successful.
Solver is ready.
Starting solver...
Solver initialization verified.
Solver finished.
===== SQP Iteration: 0 =====
step_ (179 x 1): 
-8.03349e-12  1.83965e-09 -3.09043e-12 -5.45825e-11 -7.89494e-10  1.54816e-10  -2.3278e-12  1.68922e-08  1.14544e-08  6.15485e-06 -3.08886e-05  6.03003e-06 -2.00912e-05 -3.15425e-06  1.72589e-06  1.51796e-05 -3.22745e-08 -4.89124e-07  1.02316e-05 -6.07342e-05   1.0027e-05 -3.99171e-05 -7.14397e-06  4.06388e-06  3.02241e-05 -4.41623e-08 -1.17709e-06  1.30466e-05 -8.99275e-05  1.27986e-05 -5.95778e-05 -1.16549e-05  6.79956e-06  4.51316e-05 -6.33202e-08 -2.06608e-06   1.5348e-05 -0.000118822  1.50834e-05 -7.91645e-05 -1.63952e-05  9.73347e-06  5.99161e-05 -9.13912e-08 -3.10685e-06  1.77981e-05 -0.000147728  1.75336e-05 -9.87537e-05 -2.11011e-05  1.26874e-05  7.46087e-05 -1.29415e-07 -4.20548e-06  2.09623e-05 -0.000176903  2.07027e-05 -0.000118402  -2.5543e-05  1.55098e-05  8.92561e-05  -1.7683e-07 -5.21891e-06  2.52985e-05 -0.000206547  2.50359e-05 -0.000138143 -2.95298e-05  1.80827e-05  0.000103917 -2.32462e-07 -5.95392e-06  3.11469e-05 -0.000236799  3.08581e-05 -0.000157976 -3.29168e-05  2.03273e-05  0.000118657 -2.92562e-07 -6.16753e-06  -0.00039642  -0.00153234  0.000178956  -0.00101921 -0.000115229  0.000107511 -0.000246473  0.000996957 -3.51233e-06 -0.000386975  -0.00156393  0.000188276   -0.0010391 -0.000117192  0.000109036 -0.000231476  0.000996928 -3.51659e-06  0.000819913  -0.00250321  0.000803344   -0.0028375 -0.000350162  0.000248175   0.00168506 -9.42869e-06  0.000543061   -0.0024189  0.000532466  -0.00280004 -0.000442852  0.000336151   0.00167006   -1.375e-05  0.000374997  -0.00236604  0.000369224  -0.00277674  -0.00050071   0.00039332   0.00165485 -1.77775e-05  0.000306567  -0.00234186  0.000304372  -0.00276628 -0.000526173  0.000421818    0.0016412 -2.08182e-05  0.000326379  -0.00234276  0.000326391  -0.00276663 -0.000522382  0.000424682   0.00163098 -2.19775e-05  0.000421479  -0.00236456  0.000422164  -0.00277504 -0.000493068  0.000405795   0.00162596 -2.02739e-05  0.000577599  -0.00240261  0.000577224    -0.002788 -0.000442576  0.000369906   0.00162748 -1.47054e-05  0.000778985  -0.00245188  0.000775574  -0.00280114 -0.000376017  0.000322705   0.00163623 -4.27724e-06   0.00100784   -0.0025069  0.000999112  -0.00280919 -0.000299532  0.000270922   0.00165206  1.35849e-05   0.00125815  -0.00256034   0.00124136  -0.00280907 -0.000217899  0.000219318   0.00166473 -5.26874e-08
========================================
primal_step_norm SUCCESS
SOLVED , sqp_iter_: 0
AFTER initial_guess_[0].uk: [-0.136436, -0.225026, 0.030606, -0.263557, -0.028816, 0.036656, -0.106480, -0.000041]
BEFORE initial_guess_[0].uk: [-0.135577, -0.225275, 0.031453, -0.263659, -0.028478, 0.036357, -0.106450, -0.000042]
Initialization finished.
Allocations finished.
Setup successful.
Solver is ready.
Starting solver...
Solver initialization verified.
Solver finished.
===== SQP Iteration: 0 =====
step_ (179 x 1): 
 -1.4018e-10  1.43685e-09 -1.07424e-10 -1.16691e-10 -8.84841e-10  2.95312e-11  -7.2414e-11  1.29442e-08  6.84735e-09  6.30648e-06 -3.09977e-05   6.0854e-06 -1.99265e-05 -3.06508e-06  1.42898e-06  1.50939e-05 -2.84614e-08 -3.92942e-07  1.04923e-05 -6.09722e-05  1.00927e-05 -3.96218e-05 -6.96493e-06  3.43376e-06  3.00879e-05 -3.95299e-08 -1.04228e-06  1.33687e-05 -9.02988e-05  1.28251e-05 -5.91814e-05 -1.13809e-05    5.804e-06  4.49911e-05 -5.78904e-08 -1.94275e-06  1.56825e-05  -0.00011932  1.50211e-05 -7.86906e-05 -1.60181e-05  8.34661e-06   5.9822e-05 -8.54547e-08 -3.03895e-06  1.80997e-05 -0.000148336  1.73369e-05 -9.82178e-05 -2.06121e-05  1.08911e-05  7.46097e-05 -1.23809e-07 -4.22831e-06  2.11927e-05 -0.000177599  2.03339e-05 -0.000117811 -2.49336e-05  1.32954e-05  8.93934e-05 -1.72609e-07 -5.35583e-06  2.54292e-05 -0.000207306  2.44673e-05 -0.000137493 -2.87937e-05  1.54512e-05   0.00010422 -2.30013e-07 -6.21186e-06  3.11586e-05 -0.000237593  3.00721e-05 -0.000157257 -3.20499e-05  1.72894e-05  0.000119144  -2.9275e-07 -6.53095e-06 -0.000387095  -0.00156472  0.000187261   -0.0010383 -0.000116192   0.00010561 -0.000230797  0.000996916 -3.94207e-06 -0.000377785  -0.00159626  0.000196348  -0.00105808 -0.000118019  0.000106769  -0.00021561  0.000996884 -3.94323e-06  0.000840134  -0.00251208   0.00081066  -0.00281425 -0.000340254   0.00020549   0.00167555 -7.55606e-06  0.000557616  -0.00242935  0.000533823  -0.00278158 -0.000432878  0.000288233   0.00166446 -1.29622e-05  0.000383178  -0.00237685  0.000364007  -0.00276246 -0.000490164  0.000340791   0.00165438 -1.79925e-05  0.000308244  -0.00235205  0.000292541  -0.00275531 -0.000514737  0.000365555   0.00164635 -2.19146e-05  0.000322008  -0.00235167  0.000308486  -0.00275786 -0.000509944   0.00036582   0.00164156 -2.37841e-05  0.000412026  -0.00237174  0.000399227  -0.00276718 -0.000479704  0.000345673   0.00164111 -2.25507e-05  0.000564341  -0.00240775  0.000550599  -0.00277973 -0.000428495  0.000309954   0.00164591 -1.71205e-05  0.000763188  -0.00245462  0.000746578  -0.00279129 -0.000361475  0.000264265   0.00165659 -6.38132e-06  0.000990317  -0.00250661  0.000968588    -0.002797 -0.000284718  0.000215016   0.00167338  1.23151e-05   0.00124011  -0.00255619   0.00121053  -0.00279415 -0.000202957  0.000166692   0.00168593  1.20688e-08
========================================
primal_step_norm SUCCESS
SOLVED , sqp_iter_: 0
AFTER initial_guess_[0].uk: [-0.133749, -0.230739, 0.033216, -0.269780, -0.029366, 0.036894, -0.102077, -0.000080]
BEFORE initial_guess_[0].uk: [-0.132886, -0.230980, 0.034069, -0.269874, -0.029026, 0.036608, -0.102048, -0.000093]
Initialization finished.
Allocations finished.
Setup successful.
Solver is ready.
Starting solver...
Solver initialization verified.
Solver finished.
===== SQP Iteration: 0 =====
step_ (179 x 1): 
-4.02235e-10 -3.56197e-10 -1.75871e-10 -3.67104e-10 -1.08483e-09 -4.10937e-11 -1.67373e-10 -3.74823e-09 -9.14194e-09  6.85541e-06 -2.86775e-05  6.84186e-06 -1.72652e-05 -6.81143e-07 -1.19469e-06   2.4648e-05 -5.04773e-08 -4.59297e-07  1.14715e-05 -5.63512e-05  1.14838e-05 -3.43453e-05  -2.1418e-06 -1.86796e-06  4.93619e-05 -7.50538e-08 -1.14253e-06  1.45562e-05 -8.33699e-05  1.46257e-05 -5.13513e-05 -4.00417e-06 -2.25052e-06  7.43064e-05 -1.06841e-07 -2.05948e-06  1.67599e-05 -0.000110048  1.69088e-05 -6.83816e-05 -5.92318e-06 -2.55272e-06  9.96389e-05 -1.47259e-07 -3.16544e-06   1.8663e-05 -0.000136658  1.89041e-05 -8.55156e-05 -7.59658e-06 -2.95732e-06    0.0001255 -1.97485e-07 -4.36887e-06  2.07719e-05 -0.000163427  2.11066e-05 -0.000102808 -8.77342e-06 -3.61226e-06  0.000152003 -2.57975e-07  -5.5228e-06  2.35174e-05 -0.000190529  2.39348e-05 -0.000120283 -9.26247e-06 -4.62393e-06  0.000179224 -3.26233e-07 -6.41925e-06  2.72558e-05 -0.000218084  2.77305e-05 -0.000137925 -8.94066e-06 -6.05007e-06  0.000207177 -3.97381e-07 -6.78361e-06 -0.000384109   -0.0015739  0.000191764   -0.0010367  -9.1169e-05  8.00946e-05 -0.000114021  0.000996765 -4.22333e-06 -0.000377493  -0.00160247  0.000198336  -0.00105446 -8.91598e-05  7.78859e-05 -8.49609e-05  0.000996727 -4.21197e-06  0.000913264  -0.00232384  0.000911451  -0.00243835 -7.56372e-05 -0.000171673   0.00273613  -8.5317e-06  0.000614942  -0.00224276  0.000618368  -0.00241222  -0.00016209 -9.67945e-05   0.00274344 -1.34774e-05  0.000410952  -0.00218969  0.000418543  -0.00240176 -0.000206681 -5.50013e-05   0.00276904 -1.81964e-05  0.000293576  -0.00216208  0.000304157  -0.00240518 -0.000212981 -4.34585e-05   0.00281209 -2.20155e-05  0.000253543  -0.00215662  0.000265805  -0.00241983 -0.000185725 -5.81961e-05   0.00287078 -2.39988e-05  0.000280938  -0.00216949  0.000293404  -0.00244224  -0.00013062 -9.42078e-05   0.00294211 -2.30398e-05  0.000365736  -0.00219651  0.000376739  -0.00246799 -5.42809e-05 -0.000145478   0.00302161 -1.79112e-05  0.000498001  -0.00223322  0.000505654  -0.00249173  3.57111e-05 -0.000204954   0.00310304 -7.28176e-06  0.000667757  -0.00227498  0.000669914    -0.002507  0.000130649  -0.00026447   0.00317818   1.1728e-05  0.000881302  -0.00231587  0.000875444  -0.00250896  0.000222974 -0.000317442   0.00322589  2.56657e-07
========================================
primal_step_norm SUCCESS
SOLVED , sqp_iter_: 0
AFTER initial_guess_[0].uk: [-0.130900, -0.236034, 0.036051, -0.275177, -0.029223, 0.036160, -0.094907, -0.000136]
BEFORE initial_guess_[0].uk: [-0.130065, -0.236263, 0.036874, -0.275268, -0.028864, 0.035875, -0.094830, -0.000153]
Initialization finished.
Allocations finished.
Setup successful.
Solver is ready.
Starting solver...
Solver initialization verified.
Solver finished.
===== SQP Iteration: 0 =====
step_ (179 x 1): 
-5.46328e-10 -1.63407e-09 -3.72961e-10 -4.97783e-10  -1.4024e-09 -3.10309e-10 -2.60445e-10 -1.67114e-08 -2.28508e-08  5.05323e-06 -3.07976e-05  4.87721e-06 -2.00543e-05 -2.43377e-06  7.92245e-07  1.57155e-05 -2.47721e-08 -8.79885e-08   8.1782e-06 -6.06867e-05  7.86727e-06 -3.98772e-05 -5.82429e-06  2.16588e-06  3.10307e-05  -4.1742e-08 -6.35838e-07  1.02813e-05 -9.00421e-05  9.87075e-06 -5.95288e-05 -9.89426e-06  3.94889e-06  4.58306e-05 -6.57601e-08 -1.60572e-06   1.2192e-05 -0.000119205  1.17108e-05 -7.90622e-05 -1.43815e-05  5.98128e-06  6.00305e-05 -1.00154e-07 -2.90799e-06  1.46408e-05 -0.000148477  1.41099e-05 -9.85195e-05 -1.90413e-05  8.11899e-06  7.35849e-05 -1.47418e-07 -4.39842e-06  1.82372e-05 -0.000178103  1.76683e-05  -0.00011793 -2.36477e-05  1.02374e-05  8.65011e-05 -2.08331e-07 -5.87398e-06  2.34437e-05 -0.000208265  2.28368e-05 -0.000137307 -2.79948e-05   1.2234e-05  9.88512e-05 -2.80957e-07 -7.07149e-06  3.05425e-05 -0.000239067  2.98832e-05 -0.000156652 -3.18998e-05  1.40304e-05  0.000110788 -3.60783e-07 -7.66699e-06  -0.00037017  -0.00162684  0.000204425  -0.00107473 -0.000116605  0.000101351 -0.000198203  0.000996746 -5.21829e-06 -0.000359262  -0.00165881  0.000215192  -0.00109397 -0.000119175  0.000102602 -0.000186312  0.000996696 -5.22833e-06  0.000673145   -0.0024959  0.000649735  -0.00283233 -0.000270187  0.000113977   0.00174454 -1.40226e-06  0.000416299  -0.00242235  0.000398336   -0.0027996 -0.000376323  0.000197524   0.00170012 -1.07478e-05   0.00028017  -0.00237909  0.000266912  -0.00277541 -0.000451745  0.000256372   0.00164293 -1.92281e-05  0.000254545  -0.00236354  0.000245126  -0.00275871 -0.000498073  0.000292207   0.00157629 -2.59138e-05  0.000326222  -0.00237229  0.000319604  -0.00274797 -0.000517235  0.000307334   0.00150466 -2.97091e-05  0.000479077  -0.00240105  0.000474001  -0.00274133 -0.000511318   0.00030454   0.00143379 -2.94407e-05  0.000693556  -0.00244456  0.000688476  -0.00273673 -0.000482557  0.000286996   0.00137092 -2.39064e-05  0.000945654  -0.00249644  0.000938649  -0.00273204 -0.000433495   0.00025822   0.00132507 -1.18845e-05   0.00120549  -0.00254895   0.00119416  -0.00272516 -0.000367258  0.000222059    0.0013073  9.24502e-06   0.00145302  -0.00259161   0.00143425  -0.00271696 -0.000285471   0.00017988   0.00131995 -1.72927e-07
========================================
primal_step_norm SUCCESS
SOLVED , sqp_iter_: 0
AFTER initial_guess_[0].uk: [-0.128601, -0.241692, 0.038288, -0.281428, -0.029569, 0.036173, -0.090277, -0.000160]
BEFORE initial_guess_[0].uk: [-0.127737, -0.241917, 0.039143, -0.281503, -0.029224, 0.035910, -0.090243, -0.000197]
Initialization finished.
Allocations finished.
Setup successful.
Solver is ready.
Starting solver...
Solver initialization verified.
Solver finished.
===== SQP Iteration: 0 =====
step_ (179 x 1): 
-6.06972e-10 -2.63408e-09 -5.70713e-10 -6.32312e-10 -1.59885e-09 -5.08657e-10  -3.3297e-10 -2.81037e-08 -3.50764e-08  6.32427e-06 -3.14296e-05  5.91314e-06 -1.98984e-05 -2.81401e-06  6.72312e-07  1.47976e-05 -9.09314e-09 -5.20938e-08  1.05306e-05  -6.1954e-05  9.74516e-06 -3.96287e-05 -6.48869e-06  1.85367e-06  2.94602e-05 -2.49645e-08 -5.95627e-07  1.34439e-05 -9.19232e-05  1.23152e-05 -5.92603e-05 -1.07045e-05  3.35971e-06  4.39836e-05 -4.79563e-08 -1.58315e-06   1.5816e-05 -0.000121654  1.43683e-05  -7.8855e-05 -1.51666e-05  5.02051e-06    5.838e-05 -8.20909e-08 -2.92975e-06  1.83088e-05 -0.000151421  1.65587e-05 -9.84615e-05 -1.96095e-05  6.68601e-06  7.26791e-05 -1.29933e-07 -4.49461e-06  2.14835e-05 -0.000181449  1.94378e-05 -0.000118111 -2.38021e-05  8.23161e-06  8.69269e-05 -1.92385e-07 -6.07418e-06  2.57924e-05 -0.000211903   2.3447e-05 -0.000137813 -2.75531e-05  9.56354e-06  0.000101183 -2.68103e-07 -7.39656e-06  3.15701e-05 -0.000242884   2.8907e-05 -0.000157552 -3.07165e-05  1.06252e-05  0.000115511 -3.52305e-07 -8.11601e-06 -0.000359832  -0.00166272  0.000212351   -0.0010953 -0.000117169  9.84289e-05 -0.000178901  0.000996695 -5.76415e-06 -0.000350534  -0.00169474  0.000221243  -0.00111495 -0.000118923  9.89328e-05 -0.000164332  0.000996638 -5.76825e-06  0.000842448  -0.00254726  0.000787708  -0.00281033 -0.000312449  9.67338e-05   0.00164264  -9.2687e-07  0.000560346  -0.00247387   0.00051049  -0.00278652  -0.00040785  0.000169886   0.00162767 -1.06423e-05   0.00038811  -0.00242887  0.000342378  -0.00277261 -0.000467939  0.000216564   0.00161223 -1.95597e-05  0.000316018  -0.00240957  0.000273527  -0.00276738 -0.000495282    0.0002388   0.00159813 -2.67776e-05  0.000332092  -0.00241251   0.00029179  -0.00276905 -0.000493155  0.000239465   0.00158732 -3.11786e-05  0.000422916   -0.0024336  0.000383546  -0.00277516 -0.000465389   0.00022221   0.00158165 -3.15047e-05  0.000573999  -0.00246817  0.000534057  -0.00278262 -0.000416371  0.000191471    0.0015825 -2.63889e-05  0.000769686  -0.00251098  0.000727371  -0.00278764 -0.000351183   0.00015252   0.00159058 -1.43517e-05  0.000992676  -0.00255618  0.000945822  -0.00278569 -0.000275847  0.000111554    0.0016057  7.48912e-06   0.00123847  -0.00259559   0.00118437  -0.00277487 -0.000194832  7.24818e-05   0.00161729 -5.14282e-08
========================================
primal_step_norm SUCCESS
SOLVED , sqp_iter_: 0
AFTER initial_guess_[0].uk: [-0.125904, -0.247457, 0.040856, -0.287615, -0.030039, 0.036162, -0.085955, -0.000202]
BEFORE initial_guess_[0].uk: [-0.125036, -0.247676, 0.041715, -0.287680, -0.029695, 0.035913, -0.085927, -0.000253]
Initialization finished.
Allocations finished.
Setup successful.
Solver is ready.
Starting solver...
Solver initialization verified.
Solver finished.
===== SQP Iteration: 0 =====
step_ (179 x 1): 
-7.74815e-10 -3.00557e-09 -5.25297e-10 -5.55003e-10 -1.69926e-09 -6.77641e-10 -3.56872e-10 -1.95353e-08 -2.43379e-08  7.24126e-06 -3.19529e-05  6.94213e-06 -2.02068e-05 -1.07235e-06  6.89176e-07  2.50041e-05  2.76228e-08 -2.82406e-06  1.22305e-05 -6.30449e-05  1.16664e-05 -4.02756e-05 -2.93949e-06  1.85386e-06  5.00814e-05 -9.19277e-09 -5.80165e-06  1.56773e-05 -9.36287e-05  1.48772e-05 -6.02716e-05 -5.22579e-06   3.3128e-06  7.53996e-05 -7.62572e-08 -8.88303e-06  1.82299e-05 -0.000124025   1.7216e-05 -8.02506e-05 -7.58949e-06  4.90001e-06  0.000101119 -1.74407e-07 -1.20131e-05   2.0463e-05 -0.000154511  1.92502e-05 -0.000100255  -9.7318e-06  6.47113e-06  0.000127382 -3.03347e-07 -1.50769e-05  2.28747e-05 -0.000185311  2.14681e-05 -0.000120308 -1.14052e-05   7.9087e-06  0.000154303 -4.61433e-07 -1.78892e-05  2.58865e-05 -0.000216586  2.42802e-05 -0.000140411 -1.24209e-05  9.12704e-06  0.000181956 -6.44449e-07 -2.01855e-05  2.98462e-05 -0.000248429  2.80209e-05 -0.000160538 -1.26563e-05  1.00775e-05  0.000210355 -8.45306e-07 -2.16115e-05 -0.000354525  -0.00170117  0.000218186  -0.00111831 -9.77875e-05   9.8286e-05 -5.48697e-05   0.00099602 -1.96775e-05 -0.000347782  -0.00173406  0.000224621  -0.00113831 -9.63834e-05  9.87085e-05 -2.53565e-05  0.000995837 -1.97471e-05  0.000964605  -0.00258983   0.00092472  -0.00285396 -0.000119142  9.91299e-05   0.00277562 -5.73924e-05  0.000664647  -0.00251991  0.000629334  -0.00283437 -0.000207218  0.000167512   0.00278377 -5.96236e-05  0.000459186  -0.00247872  0.000427721  -0.00282407 -0.000253739  0.000209809   0.00281054 -6.16834e-05  0.000340049  -0.00246354  0.000311575  -0.00282169 -0.000262332  0.000228244   0.00285504 -6.26439e-05  0.000297501   -0.0024708  0.000270983  -0.00282525 -0.000237764  0.000225914   0.00291538 -6.13086e-05  0.000321275  -0.00249621  0.000295459  -0.00283214 -0.000185721  0.000206687   0.00298848 -5.62725e-05  0.000401208  -0.00253476   0.00037459  -0.00283922 -0.000112714  0.000175159   0.00306968 -4.59425e-05  0.000527524   -0.0025807  0.000498313  -0.00284278  -2.6119e-05  0.000136658   0.00315253 -2.85243e-05  0.000690772  -0.00262744  0.000656843  -0.00283858  6.56836e-05  9.72863e-05   0.00322848 -8.27602e-07  0.000898222  -0.00266591  0.000856978  -0.00282512  0.000155731  6.07606e-05   0.00327619 -1.34671e-06
========================================
primal_step_norm SUCCESS
SOLVED , sqp_iter_: 0
AFTER initial_guess_[0].uk: [-0.122938, -0.253309, 0.043726, -0.293887, -0.030006, 0.036171, -0.078683, -0.000540]
BEFORE initial_guess_[0].uk: [-0.122104, -0.253523, 0.044552, -0.293943, -0.029646, 0.035932, -0.078607, -0.000562]
Initialization finished.
Allocations finished.
Setup successful.
Solver is ready.
Starting solver...
Solver initialization verified.
Solver finished.
===== SQP Iteration: 0 =====
step_ (179 x 1): 
-8.08298e-10 -3.29725e-09  -6.4849e-10 -6.77973e-10 -1.77287e-09 -8.07989e-10 -3.47907e-10 -6.84739e-09 -1.05041e-08    5.253e-06 -3.16279e-05  4.77881e-06  -1.9626e-05 -2.24433e-06  8.29693e-08  1.54148e-05  2.97673e-08 -2.17819e-06  8.57586e-06 -6.23888e-05  7.66155e-06 -3.91328e-05 -5.44202e-06  6.24284e-07  3.04252e-05  4.92687e-09 -4.75383e-06  1.08722e-05 -9.26067e-05  9.54778e-06 -5.85783e-05 -9.31085e-06  1.45224e-06  4.49113e-05 -4.73534e-08 -7.65218e-06  1.29664e-05 -0.000122578  1.12571e-05 -7.80127e-05 -1.35863e-05  2.40832e-06  5.87835e-05 -1.30107e-07 -1.07747e-05   1.5582e-05  -0.00015256  1.35067e-05  -9.7474e-05 -1.80232e-05  3.35334e-06   7.1993e-05 -2.44277e-07 -1.39547e-05    1.932e-05 -0.000182763  1.68897e-05 -0.000116984 -2.23969e-05  4.17311e-06  8.45438e-05 -3.89249e-07 -1.69497e-05  2.46344e-05 -0.000213346  2.18498e-05 -0.000136542 -2.65053e-05  4.78371e-06  9.65067e-05 -5.61753e-07  -1.9435e-05  3.17991e-05 -0.000244403  2.86479e-05 -0.000156123 -3.01714e-05   5.1371e-06  0.000108036 -7.53602e-07 -2.09952e-05 -0.000341949  -0.00172917  0.000228986  -0.00113334 -0.000117568  9.31827e-05 -0.000145407  0.000995914 -1.91656e-05 -0.000331077  -0.00176114   0.00023941  -0.00115279 -0.000119922  9.30347e-05  -0.00013395  0.000995727 -1.90614e-05  0.000699689  -0.00256354  0.000636571  -0.00277187  -0.00024926    1.193e-05   0.00171113  -4.4419e-05  0.000442668  -0.00249308  0.000384046  -0.00275497 -0.000354922   7.7886e-05   0.00166628 -5.16437e-05  0.000305926  -0.00244905  0.000251298  -0.00274629 -0.000429422  0.000119085   0.00160809 -5.80683e-05  0.000278997  -0.00242904  0.000227722  -0.00274471 -0.000474561  0.000137494   0.00153994 -6.25279e-05  0.000348441  -0.00242991   0.00029969  -0.00274851  -0.00049248  0.000135898   0.00146637 -6.36552e-05  0.000497969   -0.0024479  0.000450674  -0.00275535 -0.000485489   0.00011786   0.00139324 -5.99363e-05  0.000707956  -0.00247861   0.00066075  -0.00276224 -0.000456052  8.77413e-05   0.00132799 -4.97229e-05  0.000954437  -0.00251701  0.000905573  -0.00276545 -0.000406942  5.07659e-05   0.00127984 -3.12095e-05   0.00120771  -0.00255732   0.00115493  -0.00276052 -0.000341506  1.31199e-05   0.00126017  -1.5359e-06   0.00144808  -0.00259136   0.00138843  -0.00274555 -0.000261468 -2.12641e-05   0.00127178  2.14488e-06
========================================
primal_step_norm SUCCESS
SOLVED , sqp_iter_: 0
AFTER initial_guess_[0].uk: [-0.120583, -0.259098, 0.045936, -0.299972, -0.030297, 0.035963, -0.074141, -0.000784]
BEFORE initial_guess_[0].uk: [-0.119723, -0.259304, 0.046789, -0.300019, -0.029952, 0.035734, -0.074108, -0.000798]
Initialization finished.
Allocations finished.
Setup successful.
Solver is ready.
Starting solver...
Solver initialization verified.
Solver finished.
===== SQP Iteration: 0 =====
step_ (179 x 1): 
-1.07347e-09 -4.35557e-09 -9.98837e-10 -7.52252e-10 -2.17248e-09 -1.16361e-09 -4.50502e-10 -2.13128e-08 -2.84002e-08   7.2507e-06 -3.41038e-05  6.91838e-06  -2.2088e-05 -1.44321e-06  1.82751e-06  2.43101e-05 -2.72587e-08 -2.13851e-07  1.22973e-05 -6.74275e-05  1.16639e-05 -4.40653e-05 -3.69764e-06  4.10486e-06  4.86475e-05 -4.96009e-08 -1.10124e-06  1.58628e-05 -0.000100334  1.49561e-05 -6.59699e-05 -6.39951e-06   6.6794e-06  7.31558e-05 -8.33286e-08 -2.62408e-06  1.86007e-05 -0.000133154  1.74436e-05 -8.78331e-05 -9.21691e-06   9.4112e-06  9.79784e-05 -1.34185e-07 -4.68419e-06  2.10831e-05 -0.000166173  1.96921e-05 -0.000109675 -1.18582e-05   1.2178e-05   0.00012325 -2.06853e-07 -7.11817e-06  2.37972e-05 -0.000199619  2.21807e-05   -0.0001315 -1.40799e-05  1.48794e-05  0.000149087 -3.03107e-07 -9.68485e-06   2.7148e-05 -0.000233652  2.53039e-05 -0.000153296 -1.56936e-05   1.7441e-05  0.000175572  -4.2337e-07  -1.2054e-05  3.14643e-05 -0.000268347  2.93776e-05 -0.000175034 -1.65736e-05  1.98185e-05  0.000202732 -5.41116e-07 -1.37897e-05 -0.000334937  -0.00178886  0.000236736  -0.00117378 -0.000103342  0.000109808 -2.28172e-05  0.000996005 -1.20808e-05 -0.000327859  -0.00182467  0.000243489  -0.00119525 -0.000102651  0.000111798  5.37069e-06  0.000995888 -1.20767e-05  0.000965873  -0.00276411  0.000921634  -0.00311961 -0.000160246  0.000262802   0.00269858 -3.75286e-06  0.000672297  -0.00270075  0.000632212  -0.00310389  -0.00025018  0.000327485   0.00270165 -1.74519e-05  0.000474992  -0.00266695  0.000438593  -0.00309364 -0.000299862  0.000370201   0.00272064 -3.02092e-05  0.000364744  -0.00265995  0.000331401  -0.00308779   -0.0003127  0.000392785    0.0027555  -4.1003e-05  0.000330689  -0.00267607  0.000299559  -0.00308472 -0.000293169  0.000397783   0.00280537 -4.85296e-05  0.000361532   -0.0027107  0.000331518  -0.00308239 -0.000246605  0.000388356   0.00286813  -5.1239e-05  0.000446341  -0.00275822  0.000416048   -0.0030784 -0.000179132   0.00036823   0.00293997 -4.73295e-05  0.000574983  -0.00281189  0.000542676  -0.00307008  -9.7724e-05  0.000341694   0.00301499 -3.47039e-05  0.000738206  -0.00286362  0.000701755  -0.00305457 -1.03724e-05  0.000313628   0.00308481  -6.0811e-06  0.000942684  -0.00290211  0.000899401  -0.00303232  7.65607e-05  0.000286164   0.00312906  1.52029e-07
========================================
primal_step_norm SUCCESS
SOLVED , sqp_iter_: 0
AFTER initial_guess_[0].uk: [-0.117622, -0.265316, 0.048793, -0.306805, -0.030370, 0.036420, -0.067065, -0.000817]
BEFORE initial_guess_[0].uk: [-0.116792, -0.265524, 0.049617, -0.306840, -0.030014, 0.036207, -0.066994, -0.000850]
Initialization finished.
Allocations finished.
Setup successful.
Solver is ready.
Starting solver...
Solver initialization verified.
Solver finished.
===== SQP Iteration: 0 =====
step_ (179 x 1): 
-1.24854e-09 -4.29436e-09 -1.13726e-09 -9.43568e-10 -2.43874e-09 -1.73446e-09 -4.86971e-10 -1.86053e-08 -2.67144e-08  5.44621e-06 -3.21069e-05  4.93095e-06 -1.92864e-05 -2.15108e-06 -4.61138e-07  1.50821e-05  2.20731e-08  2.87997e-07  8.96222e-06 -6.33652e-05  7.96045e-06 -3.85225e-05 -5.23714e-06 -5.38219e-07  2.97848e-05  2.08571e-08 -3.68737e-07  1.14377e-05 -9.40746e-05  9.97556e-06 -5.77679e-05 -8.97125e-06 -4.08122e-07  4.39949e-05  8.45762e-09 -1.87218e-06  1.36828e-05 -0.000124511  1.17826e-05 -7.70745e-05 -1.30864e-05 -2.32841e-07  5.76289e-05 -2.26004e-08 -4.08912e-06  1.64069e-05 -0.000154912  1.40858e-05 -9.64806e-05 -1.73366e-05  -1.5256e-07  7.06414e-05 -7.83991e-08 -6.81266e-06  2.01987e-05 -0.000185471  1.74666e-05 -0.000116006 -2.14998e-05 -2.78423e-07  8.30374e-05 -1.62291e-07 -9.75021e-06  2.55028e-05 -0.000216335  2.23606e-05 -0.000135644 -2.53786e-05 -6.85183e-07  9.48848e-05 -2.74799e-07 -1.25129e-05  3.25899e-05 -0.000247595  2.90262e-05 -0.000155352 -2.88041e-05 -1.40306e-06  0.000106328 -4.09724e-07 -1.46011e-05  -0.00032335  -0.00180027  0.000246346  -0.00117364 -0.000117627  8.73912e-05 -0.000107544  0.000996007 -1.31342e-05 -0.000312666  -0.00183234  0.000256531  -0.00119321 -0.000119759  8.61684e-05 -9.61697e-05   0.00099588 -1.31672e-05  0.000725444   -0.0026025  0.000656812  -0.00272391 -0.000238917 -6.62162e-05    0.0016742  5.29687e-06  0.000468415  -0.00253341  0.000403611  -0.00271671 -0.000342501 -1.09701e-05   0.00163212 -1.30745e-05  0.000329809  -0.00248893  0.000268478  -0.00271803 -0.000414446  1.88076e-05   0.00157747 -3.00136e-05  0.000299111  -0.00246676  0.000240755  -0.00272665 -0.000456739  2.52867e-05   0.00151349 -4.42896e-05  0.000362917  -0.00246389  0.000306835  -0.00274074 -0.000471757  1.16114e-05   0.00144451 -5.44245e-05  0.000505141  -0.00247676  0.000450387  -0.00275757 -0.000462093 -1.80736e-05   0.00137608 -5.87187e-05  0.000706606  -0.00250141   0.00065193  -0.00277348 -0.000430545 -5.85229e-05   0.00131513 -5.52367e-05  0.000944119  -0.00253348  0.000887884  -0.00278363 -0.000380258 -0.000103244   0.00127027 -4.17494e-05   0.00118914  -0.00256825   0.00112922  -0.00278183 -0.000314993 -0.000144327     0.001252 -1.10584e-05   0.00142304  -0.00259883   0.00135657  -0.00276409 -0.000236798 -0.000175814    0.0012626 -5.80946e-07
========================================
primal_step_norm SUCCESS
SOLVED , sqp_iter_: 0
AFTER initial_guess_[0].uk: [-0.115214, -0.271184, 0.051045, -0.312765, -0.030637, 0.036034, -0.062624, -0.000823]
BEFORE initial_guess_[0].uk: [-0.114363, -0.271382, 0.051890, -0.312798, -0.030295, 0.035822, -0.062594, -0.000890]
Initialization finished.
Allocations finished.
Setup successful.
Solver is ready.
Starting solver...
Solver initialization verified.
Solver finished.
===== SQP Iteration: 0 =====
step_ (179 x 1): 
-1.34087e-09  -2.8763e-09 -1.23602e-09 -9.82447e-10 -2.55373e-09 -2.53401e-09 -4.86792e-10 -1.07101e-08 -1.95308e-08  6.41992e-06 -3.20116e-05  6.20405e-06 -1.95441e-05 -2.37718e-06 -7.52467e-07  1.43645e-05  3.13095e-08  6.96208e-07  1.07537e-05 -6.32559e-05  1.03488e-05 -3.90302e-05  -5.6076e-06 -1.11039e-06  2.86091e-05  4.09112e-08  3.17199e-07  1.38101e-05 -9.40587e-05  1.32409e-05 -5.85016e-05 -9.37475e-06 -1.23544e-06  4.27294e-05  4.18087e-08 -1.03126e-06   1.6322e-05  -0.00012472  1.56099e-05 -7.79951e-05 -1.33885e-05 -1.27605e-06  5.67353e-05  2.50402e-08 -3.21159e-06  1.89304e-05 -0.000155498  1.80921e-05 -9.75355e-05 -1.73892e-05 -1.36111e-06  7.06529e-05 -1.66639e-08 -6.00919e-06  2.21745e-05 -0.000186602  2.12196e-05 -0.000117132 -2.11529e-05 -1.59449e-06  8.45232e-05 -8.73037e-08 -9.11805e-06  2.64851e-05 -0.000218173   2.5414e-05 -0.000136772 -2.44956e-05 -2.04909e-06  9.83993e-05 -1.92501e-07 -1.21241e-05  3.21769e-05 -0.000250283  3.09778e-05  -0.00015642 -2.72792e-05 -2.76113e-06  0.000112339 -3.23942e-07 -1.44869e-05 -0.000314745  -0.00183597  0.000257111  -0.00119417 -0.000117537  8.48519e-05 -8.73764e-05  0.000995964  -1.3301e-05 -0.000305755  -0.00186896  0.000265898  -0.00121363 -0.000118982  8.36738e-05 -7.32292e-05  0.000995837 -1.33517e-05  0.000855103  -0.00259499  0.000826348  -0.00276038 -0.000264018 -0.000108092   0.00159452  1.32772e-05  0.000577341  -0.00253239  0.000552152  -0.00275205  -0.00035853 -5.13098e-05   0.00158128  -7.6031e-06   0.00040718  -0.00249661  0.000385289  -0.00274999 -0.000418119 -1.78449e-05   0.00156748 -2.69788e-05  0.000334633  -0.00248516  0.000315605  -0.00275311 -0.000445492 -5.73713e-06   0.00155478 -4.36066e-05  0.000347475  -0.00249467  0.000330655  -0.00275975 -0.000444065 -1.21753e-05   0.00154497 -5.59464e-05  0.000432156  -0.00252096  0.000416623  -0.00276763 -0.000417777 -3.35438e-05   0.00153974 -6.21695e-05  0.000574208  -0.00255894  0.000558725  -0.00277389 -0.000371067 -6.54124e-05   0.00154036 -6.01233e-05  0.000758204  -0.00260252  0.000741162  -0.00277506  -0.00030899 -0.000102481   0.00154746 -4.72536e-05  0.000967304  -0.00264439  0.000946639  -0.00276704 -0.000237458 -0.000138486   0.00156082 -1.60707e-05    0.0011975  -0.00267428   0.00117046   -0.0027485 -0.000160623 -0.000169459   0.00157044 -9.09868e-07
========================================
primal_step_norm SUCCESS
SOLVED , sqp_iter_: 0
AFTER initial_guess_[0].uk: [-0.112504, -0.277026, 0.053687, -0.318802, -0.030984, 0.035540, -0.058433, -0.000824]
BEFORE initial_guess_[0].uk: [-0.111657, -0.277222, 0.054529, -0.318831, -0.030646, 0.035334, -0.058409, -0.000928]
Initialization finished.
Allocations finished.
Setup successful.
Solver is ready.
Starting solver...
Solver initialization verified.
Solver finished.
===== SQP Iteration: 0 =====
step_ (179 x 1): 
-1.30102e-09  1.62772e-09 -1.27915e-09 -1.10037e-09 -2.81276e-09 -3.82397e-09 -4.87809e-10  2.62828e-08  1.47883e-08  7.39185e-06 -3.71146e-05   7.6476e-06 -2.48761e-05 -1.70853e-06  3.72937e-06  2.50816e-05  8.20942e-08   1.0323e-06  1.25913e-05 -7.35535e-05  1.31296e-05 -4.96682e-05 -4.20952e-06   7.8881e-06  5.02459e-05  1.24404e-07  8.59074e-07  1.62939e-05 -0.000109713  1.71407e-05 -7.43777e-05 -7.14268e-06  1.23612e-05   7.5657e-05  1.59224e-07 -3.91808e-07  1.91296e-05 -0.000145962   2.0309e-05 -9.90026e-05 -1.01824e-05  1.70412e-05  0.000101469  1.76437e-07 -2.58117e-06  2.16525e-05 -0.000182615  2.31845e-05 -0.000123534 -1.30448e-05  2.18328e-05   0.00012782  1.67368e-07 -5.48973e-06  2.43371e-05 -0.000219924  2.62352e-05 -0.000147953 -1.54955e-05  2.66553e-05  0.000154817  1.03783e-07 -8.80049e-06  2.75796e-05 -0.000258056  2.98483e-05 -0.000172235 -1.73556e-05  3.14451e-05  0.000182529  6.36162e-09 -1.20769e-05  3.17024e-05 -0.000297067   3.4334e-05 -0.000196341 -1.85082e-05  3.61571e-05  0.000210964 -1.21801e-07 -1.47385e-05 -0.000308237  -0.00192294  0.000267741  -0.00125785 -0.000108472  0.000128166   4.0427e-05  0.000996034 -1.38827e-05 -0.000301542   -0.0019633  0.000274728  -0.00128151  -0.00010812  0.000132659  6.99245e-05  0.000995904 -1.39543e-05  0.000984548  -0.00300895   0.00101865   -0.0035134 -0.000189803  0.000536345   0.00278419  1.91074e-05  0.000692647  -0.00295363  0.000730299   -0.0035014 -0.000277539  0.000598156   0.00279344 -3.87065e-06  0.000493234  -0.00293103  0.000534356  -0.00348974 -0.000325524  0.000643309   0.00282083 -2.53292e-05  0.000377756  -0.00293818  0.000422077  -0.00347777 -0.000337358  0.000673018   0.00286538 -4.40165e-05  0.000336078  -0.00297098  0.000383064  -0.00346451 -0.000317702  0.000688985   0.00292514 -5.83284e-05  0.000357593  -0.00302408  0.000406389  -0.00344875 -0.000272026  0.000693319   0.00299696 -6.63024e-05  0.000431913  -0.00309065  0.000481291   -0.0034292 -0.000206489  0.000688491   0.00307622 -6.55642e-05  0.000549181  -0.00316206  0.000597478  -0.00340469 -0.000127965   0.00067733   0.00315651 -5.32332e-05  0.000700039  -0.00322746  0.000745081  -0.00337427 -4.41731e-05  0.000663056   0.00322943 -2.17252e-05  0.000891697  -0.00327149  0.000930613  -0.00334126  3.88347e-05  0.000645632   0.00327443 -1.28856e-06
========================================
primal_step_norm SUCCESS
SOLVED , sqp_iter_: 0
AFTER initial_guess_[0].uk: [-0.109515, -0.283767, 0.056744, -0.326472, -0.031142, 0.036734, -0.051142, -0.000832]
BEFORE initial_guess_[0].uk: [-0.108707, -0.283974, 0.057548, -0.326484, -0.030793, 0.036549, -0.051070, -0.000974]
Initialization finished.
Allocations finished.
Setup successful.
Solver is ready.
Starting solver...
Solver initialization verified.
Solver finished.
===== SQP Iteration: 0 =====
step_ (179 x 1): 
-8.52887e-10  5.35543e-09  -8.3173e-10 -9.36765e-10 -2.05357e-09 -3.88549e-09 -3.76294e-10  6.63713e-08   5.8259e-08  5.41227e-06 -3.19403e-05  5.11695e-06 -1.81246e-05 -1.79915e-06 -1.33574e-06  1.51333e-05  5.01361e-08  1.38694e-06  8.95357e-06 -6.30049e-05  8.38423e-06 -3.62901e-05  -4.5102e-06 -2.38583e-06  2.98798e-05  9.62922e-08  1.34185e-06  1.14994e-05 -9.34758e-05  1.06762e-05 -5.45672e-05 -7.84585e-06 -3.34194e-06  4.41208e-05  1.33852e-07 -4.40857e-09  1.38446e-05  -0.00012361  1.27858e-05 -7.30185e-05  -1.1541e-05 -4.38157e-06  5.77664e-05  1.50551e-07 -2.48037e-06  1.66836e-05  -0.00015363  1.54032e-05 -9.16912e-05 -1.53531e-05 -5.65597e-06  7.07658e-05  1.15669e-07 -5.82481e-06  2.05891e-05  -0.00018372  1.90959e-05 -0.000110609 -1.90644e-05 -7.28056e-06  8.31203e-05  4.49599e-08 -9.66955e-06  2.59892e-05 -0.000214022  2.42836e-05 -0.000129761 -2.24843e-05 -9.32329e-06  9.48953e-05 -6.40841e-08 -1.35166e-05  3.31355e-05 -0.000244636  3.12066e-05  -0.00014909 -2.54523e-05 -1.17906e-05  0.000106238 -2.08738e-07 -1.67097e-05  -0.00029644  -0.00190204  0.000274683  -0.00122974 -0.000117061  7.72725e-05 -5.27382e-05   0.00099579 -1.63497e-05 -0.000285846  -0.00193341  0.000284983  -0.00124899 -0.000118775   7.4228e-05 -4.14951e-05  0.000995636 -1.64659e-05  0.000720741  -0.00258907  0.000681407  -0.00255998 -0.000200077 -0.000192367   0.00167983  2.63138e-05  0.000471739  -0.00251798  0.000435231  -0.00256558 -0.000300919 -0.000150817   0.00163697 -1.55672e-06  0.000339142  -0.00246986  0.000305325  -0.00258132 -0.000370238 -0.000137291   0.00158087 -2.74598e-05  0.000312435  -0.00244257  0.000281017  -0.00260592 -0.000410127 -0.000149281   0.00151477 -4.99447e-05    0.0003782  -0.00243332  0.000348682  -0.00263723 -0.000423101 -0.000183037   0.00144307 -6.72226e-05  0.000520289  -0.00243893  0.000491917  -0.00267187 -0.000411919 -0.000233407   0.00137146 -7.71394e-05   0.00071937  -0.00245607   0.00069107  -0.00270494 -0.000379571  -0.00029359   0.00130714 -7.71012e-05  0.000951921  -0.00248146  0.000922235  -0.00272958 -0.000329444 -0.000354855    0.0012591 -6.39486e-05   0.00118888   -0.0025119   0.00115585   -0.0027366 -0.000265585 -0.000406201   0.00123841 -3.03586e-05   0.00141109  -0.00254234   0.00137202  -0.00271822 -0.000190469 -0.000437991   0.00124806  -2.1745e-06
========================================
primal_step_norm SUCCESS
SOLVED , sqp_iter_: 0
AFTER initial_guess_[0].uk: [-0.107139, -0.289606, 0.059030, -0.332052, -0.031315, 0.036047, -0.046686, -0.000843]
BEFORE initial_guess_[0].uk: [-0.106312, -0.289804, 0.059854, -0.332072, -0.030979, 0.035848, -0.046657, -0.001037]
Initialization finished.
Allocations finished.
Setup successful.
Solver is ready.
Starting solver...
Solver initialization verified.
Solver finished.
===== SQP Iteration: 0 =====
step_ (179 x 1): 
-1.62555e-09  4.78147e-08 -1.27242e-09 -2.15532e-09 -7.72497e-09  -1.5114e-08  5.52402e-09  4.00279e-07    3.575e-07  3.89736e-06 -3.86047e-05  1.09183e-05 -2.61519e-05 -1.58448e-06  4.50396e-06  2.44091e-05   6.2422e-07  7.53364e-06  5.68196e-06 -7.65724e-05  1.97423e-05 -5.22321e-05 -3.95701e-06  9.43756e-06  4.88506e-05  1.04004e-06  1.24781e-05  6.05167e-06 -0.000114297  2.71718e-05 -7.82323e-05 -6.77545e-06  1.46879e-05  7.34725e-05  1.48203e-06  1.52335e-05  5.63362e-06 -0.000152178  3.38339e-05  -0.00010414 -9.72418e-06   2.0156e-05  9.84148e-05  1.70731e-06  1.60161e-05  4.97263e-06  -0.00019056  4.02714e-05 -0.000129933 -1.25267e-05  2.57563e-05  0.000123809  1.92626e-06   1.5129e-05  4.52758e-06 -0.000229724  4.69382e-05 -0.000155586 -1.49532e-05  3.14154e-05  0.000149766  2.12371e-06  1.29856e-05  4.67439e-06 -0.000269857  5.42027e-05 -0.000181062 -1.68266e-05  3.70735e-05  0.000176362  2.28858e-06  1.01375e-05   5.7128e-06 -0.000311026  6.23529e-05 -0.000206325 -1.80294e-05  4.26859e-05   0.00020362  2.41715e-06   7.3097e-06 -0.000320035  -0.00201092  0.000316702  -0.00131186 -0.000109444  0.000137065  7.25997e-05  0.000998518  7.37352e-06 -0.000316477  -0.00205365  0.000327308  -0.00133661 -0.000109207  0.000142496  0.000100848  0.000998619  7.16141e-06  0.000519192  -0.00313505    0.0014544  -0.00369332 -0.000174937  0.000650315   0.00270837  0.000140577  0.000237653  -0.00308033   0.00117534  -0.00368328  -0.00026304  0.000710617   0.00271283  9.48563e-05  4.90916e-05  -0.00306049  0.000989492  -0.00367204 -0.000312716  0.000755745   0.00273301  5.20496e-05 -5.58813e-05  -0.00307279  0.000887239  -0.00365891 -0.000327335  0.000786841   0.00276876  1.34613e-05 -8.82892e-05  -0.00311323  0.000857268   -0.0036429 -0.000311273  0.000805453   0.00281905 -1.91773e-05 -5.95679e-05  -0.00317625  0.000887794  -0.00362297 -0.000269675  0.000813427   0.00288165 -4.36641e-05  1.92542e-05  -0.00325445   0.00096739  -0.00359816 -0.000208383  0.000812827   0.00295268 -5.72454e-05  0.000137999   -0.0033379   0.00108539  -0.00356799 -0.000133976  0.000805888   0.00302621 -5.64724e-05   0.00028739  -0.00341365   0.00123192  -0.00353264 -5.39379e-05  0.000795013   0.00309387 -3.38135e-05  0.000473759  -0.00346373   0.00141254  -0.00349658  2.58789e-05  0.000779448    0.0031359   -3.812e-06
========================================
primal_step_norm SUCCESS
SOLVED , sqp_iter_: 0
AFTER initial_guess_[0].uk: [-0.105182, -0.296623, 0.063017, -0.340105, -0.031436, 0.037545, -0.039588, -0.000334]
BEFORE initial_guess_[0].uk: [-0.104387, -0.296837, 0.063808, -0.340108, -0.031094, 0.037368, -0.039521, -0.000655]
Initialization finished.
Allocations finished.
Setup successful.
Solver is ready.
Starting solver...
Solver initialization verified.
Solver finished.
===== SQP Iteration: 0 =====
step_ (179 x 1): 
 6.11595e-09  9.38284e-08  6.20476e-09 -4.09596e-09  2.25717e-09   4.5633e-09  1.34229e-08  7.01362e-07  6.84398e-07   6.1506e-06 -3.09456e-05  4.71819e-06 -1.68911e-05  -1.5507e-06 -1.95692e-06  1.49756e-05  1.72397e-07  2.87251e-06  1.04528e-05  -6.0981e-05  7.60491e-06 -3.38575e-05 -4.00449e-06 -3.70029e-06  2.95803e-05  4.07463e-07  3.86151e-06  1.37711e-05 -9.03962e-05  9.52454e-06 -5.09821e-05 -7.06109e-06  -5.4092e-06  4.37041e-05  4.73028e-07  3.12952e-06  1.68846e-05 -0.000119452  1.12549e-05 -6.83376e-05 -1.04543e-05 -7.27184e-06  5.72613e-05  5.08783e-07  8.83884e-07  2.04723e-05 -0.000148375  1.34724e-05 -8.59804e-05 -1.39417e-05 -9.44897e-06  7.02048e-05  5.04986e-07 -2.56768e-06  2.50939e-05 -0.000177355  1.67316e-05 -0.000103941 -1.73076e-05 -1.20626e-05  8.25363e-05  4.55893e-07 -6.79204e-06  3.11663e-05 -0.000206544  2.14423e-05 -0.000122209 -2.03653e-05 -1.51815e-05   9.4319e-05  3.59488e-07 -1.12006e-05  3.89332e-05 -0.000236051  2.78379e-05  -0.00014072 -2.29611e-05  -1.8806e-05  0.000105692  2.20956e-07 -1.50093e-05 -0.000275923  -0.00196648   0.00029164  -0.00126461 -0.000115679   7.1421e-05 -1.37532e-05  0.000996148 -1.56955e-05 -0.000264815  -0.00199681   0.00030131   -0.0012831 -0.000117039  6.71422e-05 -2.47785e-06  0.000996003 -1.59028e-05  0.000817401  -0.00251123  0.000626643  -0.00238532  -0.00017475 -0.000287991   0.00166112  5.01079e-05   0.00057243  -0.00243674  0.000383898  -0.00239602 -0.000272978 -0.000251535   0.00162053  1.42067e-05  0.000441629   -0.0023856  0.000255334  -0.00241835  -0.00033955 -0.000245336   0.00156736 -1.92581e-05  0.000414539  -0.00235574  0.000230324  -0.00245101 -0.000376646 -0.000266723   0.00150472 -4.86928e-05  0.000477868  -0.00234443  0.000295356  -0.00249165 -0.000386911 -0.000311628   0.00143683 -7.20719e-05  0.000615688  -0.00234862  0.000434235  -0.00253658 -0.000373283  -0.00037434    0.0013691 -8.68768e-05  0.000809002  -0.00236513  0.000627641   -0.0025802 -0.000339006 -0.000447187   0.00130834 -8.99724e-05   0.00103479  -0.00239091  0.000852155  -0.00261455 -0.000287787 -0.000520154   0.00126297 -7.74206e-05   0.00126467  -0.00242315   0.00107888   -0.0026288 -0.000224086  -0.00058045   0.00124332 -4.57561e-05   0.00147971  -0.00245737   0.00128815  -0.00261278 -0.000150922 -0.000616047   0.00125204  -4.1751e-06
========================================
primal_step_norm SUCCESS
SOLVED , sqp_iter_: 0
AFTER initial_guess_[0].uk: [-0.102609, -0.302299, 0.065171, -0.345296, -0.031550, 0.036616, -0.035185, -0.000405]
BEFORE initial_guess_[0].uk: [-0.101796, -0.302505, 0.065980, -0.345313, -0.031219, 0.036415, -0.035159, -0.000787]
Initialization finished.
Allocations finished.
Setup successful.
Solver is ready.
Starting solver...
Solver initialization verified.
Solver finished.
===== SQP Iteration: 0 =====
step_ (179 x 1): 
 1.55195e-08  4.40374e-08  1.64019e-08 -3.09547e-09   2.1487e-08  5.70061e-08  1.14085e-08  2.64474e-07  4.23013e-07  7.09611e-06 -3.71195e-05  8.09398e-06 -2.52915e-05 -1.64823e-06  5.01099e-06  2.40991e-05  -1.5138e-06  1.70953e-06  1.21153e-05 -7.34341e-05    1.413e-05 -5.05142e-05 -4.10243e-06  1.03889e-05  4.82534e-05 -1.60979e-06  2.33196e-06  1.57485e-05 -0.000109551  1.88033e-05 -7.56471e-05 -7.00991e-06  1.60834e-05  7.25847e-05  -1.7188e-06  1.16013e-06  1.86149e-05 -0.000145905  2.27346e-05 -0.000100669 -1.00624e-05  2.20012e-05  9.72259e-05 -1.85527e-06 -1.60169e-06  2.12523e-05 -0.000182881   2.6461e-05 -0.000125554 -1.29896e-05  2.80588e-05  0.000122301  -2.0292e-06 -5.64317e-06   2.4113e-05 -0.000220785  3.04312e-05  -0.00015027 -1.55655e-05  3.41834e-05  0.000147916 -2.24538e-06 -1.05189e-05  2.75669e-05 -0.000259822  3.50075e-05 -0.000174781 -1.76146e-05  4.03146e-05   0.00017414 -2.50205e-06 -1.56149e-05  3.19055e-05  -0.00030006  4.04695e-05 -0.000199056 -1.90195e-05  4.64053e-05  0.000200994 -2.79042e-06 -2.01038e-05 -0.000275895  -0.00207223  0.000312391  -0.00134684 -0.000111786  0.000142399  0.000109063  0.000992829  -2.1587e-05 -0.000269096  -0.00211428   0.00032026  -0.00137058   -0.0001118  0.000148301  0.000136851  0.000992562 -2.17391e-05  0.000943854  -0.00299401   0.00107657   -0.0035725 -0.000186378   0.00070665   0.00267642  5.24637e-05  0.000667854  -0.00293915  0.000803203  -0.00356215 -0.000273595  0.000768659   0.00268099  1.31464e-05  0.000483568   -0.0029226  0.000622018  -0.00354942 -0.000323352  0.000816196   0.00270056 -2.36395e-05  0.000381753   -0.0029415  0.000523527  -0.00353375 -0.000338917  0.000850197   0.00273495 -5.62395e-05  0.000351517  -0.00299158  0.000496512  -0.00351439 -0.000324526  0.000871934   0.00278318 -8.25059e-05  0.000381508  -0.00306684  0.000529216  -0.00349056 -0.000285156  0.000882921    0.0028431 -9.97159e-05  0.000460659  -0.00315899  0.000610095  -0.00346174 -0.000226459  0.000884842   0.00291097 -0.000104434  0.000578559  -0.00325682  0.000728165  -0.00342799 -0.000154825  0.000879515   0.00298109  -9.2312e-05  0.000725434  -0.00334544  0.000872969  -0.00339023 -7.75665e-05  0.000868897   0.00304545 -5.94596e-05  0.000906353  -0.00340452   0.00104867  -0.00335364 -5.27309e-07  0.000851956    0.0030851 -4.45377e-06
========================================
primal_step_norm SUCCESS
SOLVED , sqp_iter_: 0
AFTER initial_guess_[0].uk: [-0.099744, -0.309017, 0.068321, -0.353083, -0.031706, 0.038259, -0.028173, -0.000525]
BEFORE initial_guess_[0].uk: [-0.098963, -0.309247, 0.069099, -0.353084, -0.031370, 0.038079, -0.028110, -0.000969]
Initialization finished.
Allocations finished.
Setup successful.
Solver is ready.
Starting solver...
Solver initialization verified.
Solver finished.
===== SQP Iteration: 0 =====
step_ (179 x 1): 
-3.33252e-09 -1.40782e-07 -3.98319e-09 -5.25936e-09  8.60488e-09  -5.7692e-09 -3.23006e-08 -2.75955e-07 -9.09359e-07  6.28016e-06 -2.85993e-05  4.63198e-06 -1.45032e-05 -1.20205e-06 -3.09922e-06  1.46097e-05 -9.36895e-07  8.20066e-07  1.07947e-05 -5.59508e-05  7.51201e-06 -2.91124e-05 -3.23128e-06 -5.82941e-06  2.89347e-05 -1.06822e-06  1.32543e-06  1.43479e-05 -8.25947e-05   9.4432e-06 -4.39203e-05 -5.83578e-06 -8.53998e-06  4.28168e-05 -1.14674e-06 -6.12946e-08  1.77005e-05 -0.000108822  1.11864e-05  -5.9013e-05 -8.75145e-06 -1.14532e-05  5.61763e-05 -1.20437e-06 -3.13737e-06  2.15162e-05 -0.000134881  1.34038e-05 -7.44608e-05 -1.17384e-05  -1.4759e-05  6.89666e-05 -1.26622e-06 -7.59431e-06  2.63421e-05 -0.000160979  1.66385e-05 -9.03061e-05 -1.45835e-05    -1.86e-05  8.11865e-05 -1.34819e-06 -1.29857e-05  3.25851e-05 -0.000187276  2.12914e-05 -0.000106547 -1.71041e-05 -2.30533e-05   9.2891e-05  -1.4571e-06 -1.86887e-05  4.04818e-05 -0.000213902  2.75903e-05 -0.000123116 -1.91538e-05  -2.8111e-05  0.000104206 -1.59044e-06  -2.3846e-05 -0.000256385  -0.00201385  0.000308788  -0.00128738   -0.0001127  6.22158e-05  2.37734e-05  0.000993905 -2.61595e-05 -0.000245242  -0.00204144   0.00031827  -0.00130404 -0.000113519  5.63423e-05  3.49728e-05  0.000993704 -2.62715e-05  0.000842514  -0.00229348  0.000623463  -0.00204663 -0.000128994 -0.000427057   0.00163213  7.06428e-05  0.000601953  -0.00221382  0.000384352  -0.00206108 -0.000224723 -0.000393016   0.00159366  2.48648e-05     0.000473  -0.00215893  0.000257024  -0.00208924  -0.00028884 -0.000392539   0.00154313 -1.81527e-05  0.000445514  -0.00212671  0.000231163  -0.00212971 -0.000323555 -0.000422712   0.00148353 -5.65897e-05  0.000506566   -0.0021144  0.000293619     -0.00218 -0.000331572 -0.000479051   0.00141886 -8.81205e-05  0.000640613  -0.00211887  0.000428577  -0.00223601 -0.000315938 -0.000555196   0.00135429 -0.000109798   0.00082904  -0.00213697  0.000617099  -0.00229145 -0.000280068 -0.000642501   0.00129629  -0.00011787   0.00104921  -0.00216572  0.000836137  -0.00233725 -0.000227921 -0.000729558   0.00125289 -0.000107524   0.00127308  -0.00220252   0.00105714  -0.00236085 -0.000164296 -0.000801659   0.00123391 -7.43283e-05   0.00148156   -0.0022433   0.00126022  -0.00234965 -9.28143e-05 -0.000844218   0.00124177 -4.65466e-06
========================================
primal_step_norm SUCCESS
SOLVED , sqp_iter_: 0
AFTER initial_guess_[0].uk: [-0.097131, -0.314236, 0.070455, -0.357536, -0.031707, 0.036964, -0.023850, -0.000616]
BEFORE initial_guess_[0].uk: [-0.096336, -0.314461, 0.071247, -0.357559, -0.031382, 0.036750, -0.023825, -0.001136]
Initialization finished.
Allocations finished.
Setup successful.
Solver is ready.
Starting solver...
Solver initialization verified.
Solver finished.
===== SQP Iteration: 0 =====
step_ (179 x 1): 
-1.67831e-11 -3.23592e-09 -3.73533e-11  3.52086e-10 -1.51593e-10  4.15901e-10  2.26445e-10  1.50432e-08  8.72627e-08  1.00627e-05 -5.32282e-05  6.97477e-06 -4.04392e-05 -2.07827e-06  1.91752e-05   3.7514e-05  7.31216e-07  5.06959e-06  1.80051e-05 -0.000106103   1.1851e-05 -8.07215e-05 -4.89135e-06  3.88962e-05  7.51162e-05  9.35466e-07  5.80767e-06  2.44307e-05 -0.000159059  1.52392e-05  -0.00012073 -8.10232e-06  5.91457e-05  0.000113107  1.11078e-06  4.06183e-06   2.9887e-05  -0.00021269  1.76914e-05 -0.000160382 -1.13944e-05  7.98926e-05  0.000151697  1.23712e-06  1.00905e-07  3.48683e-05 -0.000267497  1.97031e-05 -0.000199613 -1.44956e-05  0.000101083  0.000191055  1.29145e-06 -5.66872e-06  3.98249e-05 -0.000323839  2.17215e-05 -0.000238397 -1.71862e-05   0.00012263  0.000231283  1.25111e-06 -1.26632e-05  4.51783e-05  -0.00038187  2.41609e-05 -0.000276757 -1.93059e-05  0.000144403  0.000272383    1.095e-06 -2.00773e-05   5.1343e-05 -0.000441458  2.74224e-05 -0.000314791  -2.0761e-05  0.000166216  0.000314233  8.14124e-07 -2.68254e-05 -0.000236558  -0.00230253  0.000314633  -0.00151689 -0.000114432  0.000277874  0.000276175  0.000995967 -3.05695e-05 -0.000227655  -0.00236366   0.00032059  -0.00155474 -0.000114532  0.000299233  0.000318696  0.000995675 -3.08456e-05   0.00134026  -0.00433512  0.000928754  -0.00571691  -0.00022882   0.00275863   0.00415423  5.69608e-05   0.00105885  -0.00428778  0.000650387  -0.00569156 -0.000312241   0.00283803   0.00417221  8.69392e-06  0.000857185  -0.00429388  0.000452628  -0.00565252 -0.000356744    0.0029139   0.00421656  -3.6756e-05   0.00072842  -0.00434823  0.000328338  -0.00560173 -0.000366041   0.00298445   0.00428441 -7.74751e-05  0.000665473  -0.00444269   0.00027001   -0.0055424 -0.000345006   0.00304682   0.00437073 -0.000110938  0.000662396  -0.00456538  0.000271174  -0.00547945 -0.000299415   0.00309691   0.00446786 -0.000133887  0.000715369  -0.00469969  0.000327372  -0.00542019 -0.000235849   0.00312915   0.00456505 -0.000142137  0.000823278  -0.00482323  0.000436734  -0.00537495 -0.000161735   0.00313635   0.00464799 -0.000130315  0.000987856  -0.00490659  0.000600074  -0.00535764 -8.55145e-05   0.00310965   0.00469838 -9.34473e-05   0.00118605  -0.00495429  0.000793551  -0.00534601 -1.11584e-05   0.00307093   0.00472015 -5.47883e-06
========================================
primal_step_norm SUCCESS
SOLVED , sqp_iter_: 0
AFTER initial_guess_[0].uk: [-0.093421, -0.323889, 0.073267, -0.369993, -0.031979, 0.043950, -0.012982, -0.000851]
BEFORE initial_guess_[0].uk: [-0.092683, -0.324171, 0.074006, -0.369973, -0.031643, 0.043789, -0.012887, -0.001440]
Initialization finished.
Allocations finished.
Setup successful.
Solver is ready.
Starting solver...
Solver initialization verified.
Solver finished.
===== SQP Iteration: 0 =====
step_ (179 x 1): 
  1.2045e-09 -1.50533e-07  8.67227e-10 -6.77489e-09    9.895e-09  1.37697e-08 -2.06444e-08 -3.39682e-07 -8.95549e-07  2.97188e-06 -2.63345e-05  6.41267e-06 -1.08477e-05 -3.35817e-07   -4.226e-06  1.41421e-05 -6.52593e-07  4.23439e-06  4.35285e-06 -5.11247e-05  1.12349e-05 -2.19617e-05 -1.56476e-06 -8.37993e-06  2.77533e-05 -8.60894e-07  6.65562e-06  5.03257e-06 -7.47626e-05  1.53585e-05 -3.35276e-05 -3.40387e-06   -1.278e-05  4.06277e-05 -1.03638e-06  6.36069e-06  5.79789e-06 -9.75057e-05  1.95714e-05 -4.56894e-05 -5.59657e-06 -1.77106e-05   5.2639e-05 -1.21374e-06  3.60047e-06  7.30139e-06 -0.000119634  2.45262e-05 -5.85359e-05 -7.90271e-06 -2.33857e-05  6.37416e-05 -1.41849e-06 -1.24849e-06  1.00273e-05 -0.000141471  3.07054e-05 -7.20721e-05 -1.01013e-05 -2.99192e-05  7.39962e-05 -1.66378e-06 -7.64513e-06  1.42494e-05 -0.000163416  3.83798e-05 -8.61831e-05 -1.19933e-05 -3.72775e-05  8.35974e-05 -1.94986e-06 -1.48338e-05  1.99794e-05 -0.000185981  4.75554e-05  -0.00010059 -1.34069e-05 -4.52806e-05  9.29065e-05 -2.26551e-06 -2.17701e-05 -0.000259198  -0.00207097  0.000346881  -0.00131712 -0.000107237   5.7609e-05  6.43129e-05  0.000992558 -2.64438e-05 -0.000250424  -0.00209489  0.000359046  -0.00133162 -0.000107416  4.87349e-05  7.36336e-05  0.000992265  -2.6613e-05  0.000395467  -0.00211473  0.000853865  -0.00152894 -3.90769e-05 -0.000612884   0.00157448  0.000120493  0.000183476  -0.00200306  0.000641874  -0.00156745 -0.000136707 -0.000601645   0.00151277  5.83349e-05  8.98776e-05  -0.00191012   0.00054856  -0.00163161 -0.000204141 -0.000637041   0.00143026  -3.4417e-07  0.000101104  -0.00183745  0.000560226  -0.00171624 -0.000243016 -0.000712312   0.00133358 -5.35573e-05  0.000199293  -0.00178744  0.000658855  -0.00181329 -0.000255292 -0.000817469   0.00123187 -9.86822e-05  0.000361985  -0.00176418  0.000821802   -0.0019108  -0.00024315 -0.000938647   0.00113702 -0.000132274   0.00056121   -0.0017741   0.00102087  -0.00199179 -0.000209061  -0.00105736   0.00106404 -0.000149786  0.000762121   -0.0018267   0.00122091   -0.0020331 -0.000156015  -0.00114974   0.00103147 -0.000145213  0.000962916  -0.00189208   0.00141933  -0.00204758 -9.11482e-05  -0.00122122   0.00102711 -0.000111812   0.00116744  -0.00194172   0.00161895  -0.00204441 -2.05858e-05  -0.00127456   0.00103356 -6.53329e-06
========================================
primal_step_norm SUCCESS
SOLVED , sqp_iter_: 0
AFTER initial_guess_[0].uk: [-0.091823, -0.328770, 0.075863, -0.373298, -0.031745, 0.042189, -0.008778, -0.000837]
BEFORE initial_guess_[0].uk: [-0.091042, -0.329021, 0.076642, -0.373334, -0.031423, 0.041951, -0.008754, -0.001541]
Initialization finished.
Allocations finished.
Setup successful.
Solver is ready.
Starting solver...
Solver initialization verified.
Solver finished.
===== SQP Iteration: 0 =====
step_ (179 x 1): 
-5.51044e-11  9.07472e-10  3.33157e-11  4.31201e-11 -7.28581e-12 -2.21359e-10 -1.59418e-12  2.94365e-09  1.18853e-08   9.3763e-06  -2.4588e-05  3.61199e-06  -1.3078e-05 -1.04679e-06 -5.15495e-06  1.33497e-05  9.36672e-07  7.96372e-06  1.68642e-05 -4.84821e-05  5.34674e-06  -2.6148e-05  -2.8733e-06 -9.86126e-06  2.65471e-05  1.25897e-06  1.07909e-05  2.32183e-05 -7.18735e-05   5.9648e-06 -3.92637e-05 -5.19626e-06 -1.43658e-05  3.96203e-05  1.57908e-06  1.02604e-05  2.91224e-05  -9.5188e-05  6.15328e-06 -5.24874e-05 -7.74009e-06 -1.88623e-05  5.25736e-05  1.86767e-06  6.69332e-06  3.51703e-05 -0.000118817  6.50729e-06  -6.5866e-05 -1.02586e-05 -2.35238e-05  6.54295e-05  2.09196e-06   5.5979e-07  4.18565e-05 -0.000143094  7.51954e-06 -7.94262e-05 -1.25395e-05 -2.85114e-05  7.82259e-05  2.21781e-06 -7.47027e-06  4.95701e-05 -0.000168267  9.57334e-06 -9.31705e-05 -1.44103e-05 -3.39271e-05  9.10109e-05  2.21455e-06 -1.64655e-05  5.85849e-05 -0.000194459   1.2933e-05 -0.000107073 -1.57433e-05 -3.98305e-05  0.000103835  2.05924e-06 -2.51531e-05   -0.0002086  -0.00210718  0.000318549  -0.00133758 -0.000109663  5.63007e-05  8.82017e-05  0.000996629 -3.14861e-05  -0.00019661  -0.00213498  0.000324839  -0.00135162 -0.000109767  4.94916e-05  0.000101168  0.000996313 -3.18434e-05   0.00124992  -0.00201979  0.000481989  -0.00185217 -0.000114152 -0.000731195   0.00147556  0.000118934  0.000998133  -0.00194258  0.000231828  -0.00184774 -0.000202772 -0.000672171    0.0014639  5.18145e-05  0.000847274  -0.00190196  8.32909e-05   -0.0018537 -0.000258252 -0.000644204   0.00145097 -1.15752e-05  0.000787483  -0.00189587  2.62715e-05  -0.00186863 -0.000283085 -0.000644946   0.00143852 -6.91073e-05  0.000806772    -0.001921  4.84695e-05  -0.00189038  -0.00028047 -0.000670948   0.00142841 -0.000117942  0.000891905  -0.00197232  0.000136256  -0.00191618 -0.000254175  -0.00071769   0.00142226 -0.000154336    0.0010287  -0.00204262  0.000274967  -0.00194263 -0.000208585 -0.000779524   0.00142114 -0.000173337   0.00120182  -0.00212199  0.000448669  -0.00196571 -0.000148895 -0.000849513   0.00142528 -0.000168394   0.00139404  -0.00219723  0.000639391  -0.00198056 -8.14148e-05 -0.000919094   0.00143399 -0.000133098   0.00159709  -0.00225282  0.000837883    -0.001982 -1.15086e-05 -0.000978973   0.00143938 -7.13885e-06
========================================
primal_step_norm SUCCESS
SOLVED , sqp_iter_: 0
AFTER initial_guess_[0].uk: [-0.088324, -0.333414, 0.077691, -0.377362, -0.031721, 0.040043, -0.004903, -0.000947]
BEFORE initial_guess_[0].uk: [-0.087546, -0.333679, 0.078469, -0.377412, -0.031404, 0.039783, -0.004887, -0.001765]
Initialization finished.
Allocations finished.
Setup successful.
Solver is ready.
Starting solver...
Solver initialization verified.
Solver finished.
===== SQP Iteration: 0 =====
step_ (179 x 1): 
   9.521e-10 -7.71816e-08  1.92965e-09  2.53987e-10 -3.47546e-10  9.84539e-09  -1.7207e-09 -1.97613e-07 -5.94938e-07  5.22233e-06 -2.33766e-05   7.6781e-06 -1.25447e-05 -4.52393e-07 -5.05817e-06  1.29802e-05 -3.63173e-07  6.94871e-06   8.5389e-06 -4.57146e-05  1.34554e-05 -2.49981e-05 -1.68403e-06 -9.65455e-06   2.5909e-05  -4.6084e-07  1.06393e-05  1.06905e-05 -6.76109e-05  1.80805e-05 -3.74314e-05 -3.39295e-06 -1.40001e-05  3.87893e-05 -5.34896e-07  1.06617e-05  1.23526e-05 -8.95406e-05  2.22337e-05 -4.99141e-05  -5.3018e-06 -1.83059e-05  5.16316e-05 -6.19936e-07   7.3391e-06  1.41197e-05 -0.000111919  2.65122e-05 -6.25079e-05 -7.16374e-06 -2.27679e-05  6.44534e-05 -7.45573e-07  1.14943e-06  1.64945e-05 -0.000135081   3.1418e-05 -7.52601e-05 -8.76762e-06 -2.75452e-05  7.72787e-05 -9.34654e-07 -7.22278e-06  1.98766e-05 -0.000159262  3.73461e-05 -8.81961e-05 -9.94329e-06 -3.27643e-05  9.01354e-05 -1.19961e-06 -1.68214e-05  2.45482e-05 -0.000184561    4.457e-05 -0.000101313 -1.05683e-05 -3.85002e-05  0.000103054 -1.54048e-06   -2.633e-05 -0.000235007  -0.00212432  0.000360325  -0.00134508 -0.000103868  5.09543e-05  0.000100478  0.000992595 -3.41126e-05 -0.000227386  -0.00215145  0.000370456  -0.00135837 -0.000103246  4.42312e-05  0.000113535  0.000992179 -3.44465e-05  0.000695402  -0.00188236   0.00102231  -0.00177166 -5.00828e-05 -0.000730407   0.00144128  0.000160889  0.000441653  -0.00180483   0.00076934  -0.00175874 -0.000136529 -0.000662599   0.00143532  8.10834e-05  0.000286478  -0.00176916  0.000615864  -0.00175596 -0.000189484 -0.000626333   0.00142983   5.6234e-06  0.000221263  -0.00177197  0.000553012  -0.00176297 -0.000211637 -0.000620198   0.00142553  -6.3148e-05  0.000235262  -0.00180853  0.000569702  -0.00177866   -0.0002064 -0.000641635   0.00142317 -0.000122103  0.000316211  -0.00187251  0.000653264    -0.001801 -0.000177745 -0.000686754   0.00142346 -0.000167104  0.000450393  -0.00195562  0.000789475  -0.00182685 -0.000130222 -0.000750076   0.00142692 -0.000192659  0.000622205  -0.00204719  0.000962109   -0.0018518  -6.9132e-05 -0.000824199   0.00143377 -0.000191496  0.000813314  -0.00213362   0.00115204  -0.00186984 -8.31273e-07 -0.000899356    0.0014439  -0.00015645   0.00101502  -0.00219774   0.00134951  -0.00187557  6.90623e-05 -0.000965657   0.00144927 -7.93819e-06
========================================
primal_step_norm SUCCESS
SOLVED , sqp_iter_: 0
AFTER initial_guess_[0].uk: [-0.086034, -0.337773, 0.080693, -0.381265, -0.031534, 0.037876, -0.001125, -0.000960]
BEFORE initial_guess_[0].uk: [-0.085263, -0.338061, 0.081465, -0.381322, -0.031219, 0.037597, -0.001110, -0.001925]
Initialization finished.
Allocations finished.
Setup successful.
Solver is ready.
Starting solver...
Solver initialization verified.
Solver finished.
===== SQP Iteration: 0 =====
step_ (179 x 1): 
-1.01471e-08 -4.59396e-07 -7.69494e-09  2.45073e-08 -2.86857e-08  2.31315e-08 -1.89406e-08 -8.41518e-07 -3.75901e-06  6.09204e-06  -5.1392e-05   1.0645e-05 -3.95784e-05  -2.5897e-06  2.07937e-05  3.33664e-05 -1.01371e-06  8.66104e-07  1.01684e-05   -0.0001017  1.92844e-05 -7.89065e-05 -5.89412e-06  4.22895e-05  6.69197e-05 -1.50214e-06  8.24528e-07  1.28135e-05 -0.000152099   2.6517e-05 -0.000117861 -9.61259e-06  6.44298e-05  0.000100857 -1.96133e-06 -2.61195e-06   1.4578e-05 -0.000203359  3.29047e-05  -0.00015637 -1.34469e-05  8.71621e-05  0.000135364 -2.43009e-06 -9.11146e-06  1.59639e-05 -0.000256117  3.89561e-05 -0.000194392 -1.71369e-05  0.000110387  0.000170578 -2.92709e-06  -1.8183e-05  1.74275e-05 -0.000310816  4.51295e-05 -0.000231931 -2.04676e-05  0.000133973  0.000206575 -3.45291e-06 -2.91226e-05  1.93874e-05 -0.000367636  5.18383e-05 -0.000269057 -2.32751e-05  0.000157746  0.000243346 -3.98374e-06 -4.09571e-05  2.22328e-05 -0.000426419   5.9458e-05 -0.000305921 -2.54546e-05  0.000181479   0.00028077 -4.46738e-06 -5.23579e-05 -0.000231713   -0.0024271  0.000385566  -0.00158659  -0.00011964  0.000293879  0.000316063  0.000989192 -6.20331e-05 -0.000226161  -0.00248813  0.000395869  -0.00162351 -0.000120487  0.000316829  0.000354045  0.000988615 -6.24315e-05  0.000814071  -0.00411524   0.00142029  -0.00559458 -0.000281452    0.0029871   0.00370776  0.000127141   0.00054324   -0.0040573   0.00115088  -0.00555423 -0.000364315   0.00308906   0.00372645  4.49655e-05  0.000351799  -0.00406826  0.000962687  -0.00550039 -0.000410951   0.00318419    0.0037684  -3.3107e-05  0.000233759  -0.00414119  0.000849352  -0.00543635 -0.000424584   0.00326953   0.00383064 -0.000104293   0.00018263  -0.00426555  0.000803847  -0.00536679 -0.000409384   0.00334095   0.00390834 -0.000164956  0.000192417   -0.0044263  0.000819487  -0.00529822 -0.000370241   0.00339307   0.00399455 -0.000210377   0.00025817  -0.00460289  0.000890455   -0.0052395 -0.000312716   0.00341928   0.00407988 -0.000234445  0.000376115  -0.00476799   0.00101191  -0.00520238  -0.00024313   0.00341171   0.00415227 -0.000229215  0.000543319  -0.00488591   0.00117954  -0.00520198 -0.000168789    0.0033614   0.00419664 -0.000187014   0.00073708  -0.00496109   0.00136986  -0.00520964 -9.59581e-05   0.00329689   0.00421509  -8.2505e-06
========================================
primal_step_norm SUCCESS
SOLVED , sqp_iter_: 0
AFTER initial_guess_[0].uk: [-0.083492, -0.347011, 0.084554, -0.393490, -0.031953, 0.045393, 0.008567, -0.001289]
BEFORE initial_guess_[0].uk: [-0.082771, -0.347384, 0.085280, -0.393503, -0.031631, 0.045169, 0.008648, -0.002376]
Initialization finished.
Allocations finished.
Setup successful.
Solver is ready.
Starting solver...
Solver initialization verified.
Solver finished.
===== SQP Iteration: 0 =====
step_ (179 x 1): 
 -1.4787e-10 -6.22652e-09 -1.71015e-10  1.45478e-10 -3.37178e-10  1.19999e-09  1.00589e-10  1.23714e-08  6.19898e-08  7.42974e-06 -2.38124e-05  2.60408e-06 -8.65462e-06 -2.21579e-07  -5.7457e-06  1.39357e-05  2.45614e-06  1.73594e-05  1.32587e-05 -4.67004e-05  3.60365e-06 -1.75017e-05 -1.31831e-06 -1.12624e-05   2.7361e-05  3.29114e-06  2.25653e-05  1.83573e-05 -6.81703e-05  3.86827e-06  -2.6822e-05 -2.94485e-06 -1.70195e-05  4.01586e-05  4.10719e-06  2.28558e-05  2.34875e-05 -8.85876e-05  4.16368e-06 -3.68219e-05 -4.83128e-06 -2.33734e-05  5.22234e-05  4.84519e-06  1.86384e-05  2.92904e-05 -0.000108365  5.13355e-06 -4.76397e-05 -6.73126e-06 -3.06016e-05  6.35199e-05  5.43747e-06  1.05189e-05  3.62545e-05  -0.00012798  7.26862e-06 -5.93133e-05 -8.42592e-06 -3.88708e-05  7.41027e-05  5.80651e-06 -6.20407e-07  4.46781e-05 -0.000148002  1.08683e-05 -7.17403e-05 -9.72857e-06 -4.82002e-05  8.41394e-05  5.86794e-06 -1.35184e-05  5.46204e-05 -0.000169125  1.59917e-05 -8.46264e-05 -1.04921e-05 -5.84135e-05  9.39367e-05  5.63665e-06 -2.64022e-05 -0.000186408  -0.00219306  0.000350168  -0.00137849 -0.000104169  4.26103e-05  0.000139164  0.000998895 -3.79471e-05  -0.00017341  -0.00221625  0.000358317   -0.0013918 -0.000103671  3.11291e-05  0.000148995  0.000998518 -3.83404e-05  0.000987477  -0.00202206  0.000345615  -0.00121781 -3.35904e-05  -0.00081609    0.0015408  0.000155717  0.000777164  -0.00187636  0.000134168   -0.0012508 -0.000123809 -0.000793164    0.0014893  6.43175e-05  0.000680606  -0.00175815    3.704e-05   -0.0013187 -0.000181876 -0.000828861   0.00142061 -2.23599e-05  0.000685509  -0.00166956  4.18438e-05  -0.00141543 -0.000209934  -0.00091548   0.00134023 -0.000101849  0.000775673  -0.00161359  0.000132267  -0.00153153 -0.000210681   -0.0010415   0.00125574 -0.000170717  0.000930689  -0.00159494  0.000287788  -0.00165293 -0.000187308  -0.00119076   0.00117698 -0.000224189   0.00112501  -0.00162067  0.000482706  -0.00175957 -0.000143633   -0.0013415   0.00111642 -0.000255611   0.00132653  -0.00170105    0.0006848  -0.00182397 -8.44007e-05   -0.0014653   0.00108946 -0.000255745   0.00152908  -0.00179913  0.000886646  -0.00186079 -1.60151e-05  -0.00156789   0.00108622 -0.000214069   0.00173145  -0.00187904   0.00108558  -0.00187938  5.52101e-05  -0.00165065   0.00109138 -7.77629e-06
========================================
primal_step_norm SUCCESS
SOLVED , sqp_iter_: 0
AFTER initial_guess_[0].uk: [-0.080623, -0.351782, 0.086031, -0.396152, -0.031718, 0.043039, 0.012669, -0.001598]
BEFORE initial_guess_[0].uk: [-0.079861, -0.352121, 0.086797, -0.396235, -0.031400, 0.042715, 0.012690, -0.002819]
Initialization finished.
Allocations finished.
Setup successful.
Solver is ready.
Starting solver...
Solver initialization verified.
Solver finished.
===== SQP Iteration: 0 =====
step_ (179 x 1): 
-2.12602e-09 -1.02067e-08 -2.25752e-09  7.21096e-09 -9.10809e-09 -7.73202e-08 -1.74267e-09  1.91665e-07  2.45123e-07   6.1209e-06 -2.05676e-05  6.18831e-06 -9.77463e-06  7.79018e-08 -6.83138e-06  1.25116e-05  4.47928e-07  1.53589e-05  1.04112e-05 -3.98263e-05  1.05447e-05 -1.94251e-05 -6.15345e-07 -1.29611e-05  2.49337e-05  8.75797e-07  2.43937e-05   1.3618e-05 -5.83984e-05  1.38266e-05 -2.90681e-05 -1.78558e-06 -1.88188e-05   3.7257e-05   1.3904e-06  2.75854e-05  1.64209e-05 -7.68739e-05  1.67224e-05 -3.88162e-05 -3.15259e-06 -2.46747e-05  4.94877e-05  1.93978e-06  2.54121e-05  1.94146e-05 -9.57877e-05  1.98327e-05 -4.87643e-05 -4.46513e-06 -3.07704e-05  6.16458e-05  2.48142e-06  1.85282e-05   2.3097e-05 -0.000115592   2.3658e-05 -5.89833e-05 -5.50662e-06 -3.73085e-05   7.3764e-05  2.98354e-06   7.8287e-06  2.78597e-05 -0.000136626  2.85878e-05 -6.95142e-05 -6.10151e-06 -4.44425e-05  8.58824e-05  3.10289e-06 -5.46162e-06  3.39745e-05 -0.000159078  3.48864e-05 -8.03626e-05 -6.12211e-06 -5.22692e-05   9.8042e-05  3.09393e-06  -1.9627e-05 -0.000197937  -0.00220785  0.000378339  -0.00138548 -9.85366e-05  3.96409e-05  0.000155551  0.000996146 -3.33994e-05 -0.000188806  -0.00223284  0.000387633  -0.00139679 -9.72645e-05   3.0462e-05  0.000167826  0.000995913 -3.42773e-05  0.000815523  -0.00166934  0.000824574  -0.00138153  1.02935e-05 -0.000959178   0.00138948  0.000302227  0.000571015  -0.00156555  0.000579838  -0.00136205   -7.668e-05 -0.000878302   0.00137939  0.000179024  0.000426271  -0.00151207  0.000436294  -0.00136031 -0.000130136 -0.000839329   0.00136839  6.23661e-05  0.000372099  -0.00150618  0.000384484  -0.00137474 -0.000152484 -0.000839576   0.00135799 -4.49475e-05  0.000397193  -0.00154353  0.000412744  -0.00140289 -0.000146848 -0.000874962   0.00134982 -0.000139129  0.000488793  -0.00161752   0.00050783  -0.00144139 -0.000116984 -0.000939972   0.00134526 -0.000215051  0.000632715  -0.00171879   0.00065498  -0.00148596 -6.73833e-05  -0.00102753   0.00134517 -0.000265763  0.000812933  -0.00183443  0.000837424  -0.00153132 -3.52538e-06  -0.00112872   0.00134971  -0.00028174   0.00101056  -0.00194712    0.0010353   -0.0015708  6.77231e-05  -0.00123218   0.00135815 -0.000247501   0.00121461  -0.00203675    0.0012364   -0.0015964  0.000139538   -0.0013247    0.0013625 -1.32957e-05
========================================
primal_step_norm SUCCESS
SOLVED , sqp_iter_: 0
AFTER initial_guess_[0].uk: [-0.078088, -0.355751, 0.088590, -0.399239, -0.031373, 0.040211, 0.016317, -0.001307]
BEFORE initial_guess_[0].uk: [-0.077322, -0.356117, 0.089361, -0.399345, -0.031055, 0.039851, 0.016331, -0.002777]
Initialization finished.
Allocations finished.
Setup successful.
Solver is ready.
Starting solver...
Solver initialization verified.
Solver finished.
===== SQP Iteration: 0 =====
step_ (179 x 1): 
 1.19838e-08  1.80405e-07  1.20904e-08 -5.34828e-09 -2.91603e-09 -3.93981e-08  1.16131e-08  5.54965e-07  2.40199e-06  5.52119e-06  -3.0266e-05  8.75681e-06 -2.06703e-05 -6.77755e-07   2.9842e-06  1.97769e-05  4.87253e-07  1.69365e-05  9.10522e-06 -5.95111e-05  1.55749e-05  -4.1025e-05 -2.12996e-06  6.60848e-06  3.95842e-05  9.23278e-07  2.52041e-05  1.14455e-05 -8.83663e-05   2.1164e-05  -6.1135e-05 -4.02878e-06  1.07829e-05  5.95407e-05  1.41698e-06  2.71279e-05  1.31637e-05 -0.000117597  2.61589e-05 -8.10573e-05  -6.0839e-06  1.52987e-05  7.97451e-05  1.91078e-06  2.32006e-05  1.48112e-05 -0.000147908  3.11213e-05 -0.000100848 -8.03515e-06  1.99475e-05  0.000100286   2.3008e-06  1.41566e-05  1.68631e-05 -0.000179909  3.65319e-05 -0.000120562 -9.65574e-06  2.45195e-05  0.000121236  2.38239e-06  1.10836e-06  1.97036e-05 -0.000213993  4.27746e-05 -0.000140231 -1.07712e-05  2.88589e-05   0.00014264  2.29604e-06 -1.44806e-05  2.36207e-05 -0.000250331  5.01295e-05 -0.000159878  -1.1258e-05  3.28337e-05  0.000164504  2.03843e-06 -3.06271e-05 -0.000201589   -0.0023387  0.000403717  -0.00148482 -0.000102823  0.000127621  0.000244333  0.000994586 -4.69191e-05 -0.000195023  -0.00237864  0.000413727  -0.00150448 -0.000101938  0.000130666  0.000266854  0.000994172 -4.77801e-05   0.00073203  -0.00247327   0.00116285  -0.00291888 -7.75317e-05  0.000414771   0.00219214  0.000260012  0.000475668  -0.00237449  0.000906368  -0.00287703 -0.000162257  0.000522821   0.00219808  0.000132315  0.000310083  -0.00234282  0.000742776  -0.00284278 -0.000211619  0.000600493   0.00221538  1.15999e-05  0.000227501  -0.00237374  0.000663953  -0.00281622 -0.000228414  0.000648157   0.00224352 -9.89045e-05   0.00021839  -0.00246062  0.000659934  -0.00279697  -0.00021628  0.000666868   0.00228134 -0.000194892  0.000272172  -0.00259375  0.000719522  -0.00278429 -0.000179556  0.000658528   0.00232691 -0.000270585  0.000377255  -0.00275969  0.000830349  -0.00277712 -0.000123332  0.000626082   0.00237726 -0.000318129  0.000520684  -0.00294019  0.000978468  -0.00277422 -5.36696e-05  0.000573862   0.00242822 -0.000326869  0.000687322  -0.00311069   0.00114748  -0.00277415  2.20408e-05  0.000508044   0.00247425 -0.000285785   0.00087234  -0.00323993   0.00133098  -0.00277781  9.63424e-05  0.000434211   0.00250061 -1.40285e-05
========================================
primal_step_norm SUCCESS
SOLVED , sqp_iter_: 0
AFTER initial_guess_[0].uk: [-0.075730, -0.361496, 0.091890, -0.405694, -0.031258, 0.040933, 0.022053, -0.001477]
BEFORE initial_guess_[0].uk: [-0.074981, -0.361920, 0.092647, -0.405792, -0.030934, 0.040576, 0.022097, -0.003164]
Initialization finished.
Allocations finished.
Setup successful.
Solver is ready.
Starting solver...
Solver initialization verified.
Solver finished.
===== SQP Iteration: 0 =====
step_ (179 x 1): 
 6.98296e-09  1.74453e-07  7.20776e-09 -4.81499e-09  -2.5264e-09 -4.15729e-08  1.09185e-08  5.96056e-07  2.47379e-06  6.07628e-06 -2.93976e-05  6.34036e-06 -1.72539e-05 -5.03275e-07  2.32785e-06  1.94753e-05 -3.86663e-07  1.45793e-05  1.03769e-05 -5.70642e-05  1.08941e-05 -3.43308e-05 -1.78508e-06  5.23674e-06  3.88146e-05 -1.94894e-07  2.39041e-05  1.36264e-05 -8.38837e-05  1.43998e-05 -5.13822e-05 -3.53538e-06  8.44729e-06  5.80244e-05   4.9022e-08  2.63809e-05  1.65068e-05 -0.000110551  1.75521e-05 -6.85461e-05  -5.4628e-06  1.16638e-05  7.71294e-05  3.30143e-07   2.2556e-05  1.96185e-05 -0.000137682  2.09607e-05 -8.59411e-05 -7.30973e-06  1.46253e-05  9.61647e-05  1.03723e-06  1.31368e-05  2.34731e-05 -0.000165873   2.5144e-05  -0.00010368 -8.84331e-06  1.70703e-05  0.000115177  1.12829e-06  -7.5974e-07  2.84627e-05 -0.000195549  3.04949e-05 -0.000121814 -9.88569e-06  1.88335e-05  0.000134224  1.06439e-06 -1.76385e-05  3.48383e-05 -0.000226988  3.72607e-05 -0.000140331  -1.0311e-05  1.98324e-05  0.000153377  8.34612e-07 -3.54527e-05 -0.000181139   -0.0023503  0.000400476  -0.00148409 -0.000100935  0.000114367  0.000252792  0.000992871 -5.42561e-05 -0.000171847  -0.00238535  0.000410167  -0.00150296 -9.99617e-05  0.000114054  0.000272356  0.000992404 -5.51018e-05  0.000812985  -0.00237128  0.000848246  -0.00243598 -5.49487e-05  0.000330914   0.00216257  0.000324306  0.000573318  -0.00224039  0.000607042  -0.00241166  -0.00014234  0.000420634   0.00214643   0.00017937  0.000433036  -0.00217135  0.000467176  -0.00240811 -0.000194675  0.000464402    0.0021321  4.21344e-05  0.000383737   -0.0021603  0.000419967  -0.00242431 -0.000214502  0.000464579   0.00212058 -8.40177e-05  0.000414777  -0.00220155  0.000454394  -0.00245802 -0.000205131  0.000425148   0.00211297 -0.000194529  0.000513454  -0.00228757   0.00055727  -0.00250538 -0.000170559  0.000352177   0.00211049 -0.000283334  0.000664606  -0.00240878  0.000712813  -0.00256034  -0.00011557   0.00025433   0.00211445 -0.000342051  0.000849631  -0.00255304  0.000901618  -0.00261403 -4.60313e-05  0.000143681   0.00212631  -0.00035898   0.00104506  -0.00270491   0.00109915  -0.00265406  3.06496e-05  3.66341e-05   0.00214775 -0.000321546    0.0012354  -0.00284426   0.00128857   -0.0026675  0.000106605 -4.90971e-05   0.00217232 -1.30003e-05
========================================
primal_step_norm SUCCESS
SOLVED , sqp_iter_: 0
AFTER initial_guess_[0].uk: [-0.073213, -0.367077, 0.094492, -0.411090, -0.031078, 0.041440, 0.027742, -0.001542]
BEFORE initial_guess_[0].uk: [-0.072458, -0.367538, 0.095256, -0.411210, -0.030750, 0.041048, 0.027787, -0.003475]
Initialization finished.
Allocations finished.
Setup successful.
Solver is ready.
Starting solver...
Solver initialization verified.
Solver finished.
===== SQP Iteration: 0 =====
step_ (179 x 1): 
 1.56632e-09  2.88444e-08  1.51861e-09 -4.91137e-09  1.68192e-09 -1.46591e-08  1.74417e-09   8.1609e-08  2.35287e-07  6.70876e-06 -1.71988e-05  3.69967e-06 -5.21026e-06   6.3006e-07 -7.11273e-06  1.24798e-05 -1.47574e-06  1.37339e-05  1.16869e-05 -3.22352e-05  5.65033e-06 -1.02829e-05  4.52659e-07 -1.37166e-05   2.4734e-05 -1.76119e-06  2.39849e-05  1.57273e-05 -4.60809e-05  6.65748e-06 -1.54672e-05 -2.22516e-07 -2.01854e-05  3.66748e-05 -2.02102e-06  2.68319e-05  1.95726e-05 -5.93754e-05  7.47501e-06 -2.09923e-05 -1.10322e-06 -2.69248e-05  4.82509e-05 -2.28875e-06  2.28808e-05   2.3874e-05 -7.26756e-05  8.76269e-06 -2.70521e-05 -1.92976e-06 -3.42783e-05  5.94389e-05 -2.20541e-06  1.28988e-05  2.91799e-05 -8.65126e-05  1.10754e-05 -3.38116e-05 -2.46712e-06 -4.25512e-05  7.02491e-05 -2.23029e-06 -1.98833e-06  3.59071e-05 -0.000101319   1.4832e-05 -4.13661e-05 -2.52528e-06   -5.195e-05  8.07305e-05 -2.41044e-06 -2.02026e-05  4.43075e-05 -0.000117413  2.02826e-05 -4.97114e-05 -1.97071e-06 -6.25534e-05  9.09772e-05 -2.76129e-06 -3.95687e-05 -0.000160117  -0.00226006  0.000392104  -0.00140255 -9.06621e-05  1.96601e-05   0.00020077  0.000988626 -6.06771e-05 -0.000148367  -0.00227914  0.000400907  -0.00141189  -8.8709e-05  7.09842e-06   0.00021096  0.000988048  -6.1345e-05  0.000898457  -0.00136359  0.000497691 -0.000734415  7.16585e-05  -0.00103562   0.00138697  0.000394142  0.000665445  -0.00120924  0.000262137 -0.000715367 -1.83076e-05 -0.000950899   0.00135983  0.000231538  0.000540432  -0.00111081  0.000136322 -0.000731283 -7.38163e-05 -0.000929451    0.0013247  7.73442e-05  0.000514239  -0.00106528  0.000110845 -0.000779801 -9.71006e-05 -0.000966902   0.00128403  -6.4944e-05  0.000575129  -0.00106823  0.000173665 -0.000856826 -9.10737e-05  -0.00105645   0.00124092 -0.000190562  0.000708845  -0.00111385  0.000310141 -0.000955903 -5.93142e-05  -0.00118839   0.00119906  -0.00029303   0.00089805  -0.00119499   0.00050243  -0.00106751 -6.24574e-06  -0.00134952   0.00116273 -0.000363354   0.00112119  -0.00130254  0.000728291  -0.00117822   6.2487e-05  -0.00152234   0.00113682 -0.000388848   0.00135065  -0.00142525  0.000959173  -0.00126951  0.000139454  -0.00168394   0.00112684 -0.000355685   0.00156471  -0.00154945   0.00117211  -0.00131952  0.000216355  -0.00180803   0.00113128  -1.1737e-05
========================================
primal_step_norm SUCCESS
SOLVED , sqp_iter_: 0
AFTER initial_guess_[0].uk: [-0.070504, -0.370504, 0.096339, -0.412808, -0.030563, 0.038345, 0.031407, -0.001504]
BEFORE initial_guess_[0].uk: [-0.069724, -0.370981, 0.097129, -0.412978, -0.030232, 0.037877, 0.031426, -0.003706]
Initialization finished.
Allocations finished.
Setup successful.
Solver is ready.
Starting solver...
Solver initialization verified.
Solver finished.
===== SQP Iteration: 0 =====
step_ (179 x 1): 
 1.48165e-09  6.38507e-08  1.46684e-09 -2.92677e-10  5.56997e-09   1.7087e-09  3.29567e-09  3.12666e-07  1.40109e-06  4.78336e-06 -5.08029e-05  1.07269e-05 -3.96081e-05 -2.11278e-06  2.23824e-05  3.04871e-05  4.49104e-07  2.17972e-05  7.55952e-06 -0.000100177  1.94386e-05 -7.86655e-05 -5.01711e-06  4.58035e-05  6.10966e-05  8.94322e-07  3.34159e-05  8.97524e-06 -0.000149335  2.68074e-05 -0.000117169 -8.37683e-06  7.01083e-05  9.20108e-05  1.38223e-06   3.6332e-05  9.63315e-06 -0.000199393  3.34584e-05 -0.000155144 -1.18801e-05  9.50956e-05  0.000123392  1.74221e-06  3.12778e-05  1.00821e-05 -0.000251306  3.99579e-05  -0.00019264 -1.52489e-05  0.000120547  0.000155369  2.00944e-06  1.92632e-05  1.08179e-05   -0.0003058   4.6812e-05 -0.000229746 -1.82443e-05  0.000146215  0.000188019  2.12438e-06  1.66093e-06  1.22847e-05 -0.000363279  5.44661e-05  -0.00026661 -2.06747e-05  0.000171817  0.000221345  2.04265e-06 -1.96563e-05  1.48738e-05 -0.000423712  6.33013e-05  -0.00030346 -2.24056e-05  0.000197026  0.000255254  1.74275e-06 -4.21432e-05 -0.000183899  -0.00263069  0.000447044  -0.00169382 -0.000111371   0.00030282  0.000399362  0.000992486 -6.64675e-05 -0.000178259  -0.00269518  0.000458964  -0.00173138 -0.000111599  0.000326399  0.000433783  0.000991853 -6.73855e-05  0.000637435  -0.00411903   0.00142927  -0.00559608 -0.000235099   0.00321183   0.00338406  0.000395759  0.000369639  -0.00400207   0.00116032  -0.00551693 -0.000322789   0.00336596   0.00339784  0.000214957  0.000188403   -0.0039835  0.000981403  -0.00543857 -0.000373166   0.00349363    0.0034317  4.40104e-05  8.74215e-05  -0.00405532  0.000885741  -0.00536351 -0.000388981   0.00359269   0.00348355 -0.000112754  5.96034e-05  -0.00420483  0.000865545  -0.00529553 -0.000373864   0.00366008   0.00354967 -0.000249706  9.78375e-05  -0.00441341  0.000912781   -0.0052403 -0.000332223   0.00369172   0.00362432 -0.000359397  0.000195217  -0.00465506   0.00101935  -0.00520601 -0.000269334   0.00368243   0.00369945 -0.000431832  0.000344771  -0.00489456   0.00117672  -0.00520398 -0.000191605   0.00362608   0.00376423 -0.000453434  0.000538567  -0.00508541   0.00137497  -0.00524912 -0.000107042   0.00351589   0.00380484 -0.000410118  0.000750624  -0.00522626   0.00158708  -0.00530452 -2.55234e-05   0.00338991   0.00382117 -1.75125e-05
========================================
primal_step_norm SUCCESS
SOLVED , sqp_iter_: 0
AFTER initial_guess_[0].uk: [-0.068338, -0.379940, 0.100238, -0.425149, -0.030846, 0.046260, 0.040258, -0.001727]
BEFORE initial_guess_[0].uk: [-0.067584, -0.380521, 0.101008, -0.425282, -0.030505, 0.045832, 0.040330, -0.004218]
Initialization finished.
Allocations finished.
Setup successful.
Solver is ready.
Starting solver...
Solver initialization verified.
Solver finished.
===== SQP Iteration: 0 =====
step_ (179 x 1): 
-6.23622e-09  7.14805e-09 -7.02332e-09  3.01386e-08 -1.13693e-08  9.36734e-08  5.85538e-09 -4.51762e-08   4.8896e-07  6.44379e-06  -1.5726e-05  2.39763e-06 -1.41987e-06   1.0412e-06 -8.08261e-06  1.21806e-05 -9.90652e-07  2.20749e-05  1.12392e-05 -2.87203e-05   3.1094e-06 -2.86058e-06  1.27133e-06 -1.57702e-05  2.39431e-05 -1.23903e-06  3.65849e-05  1.52584e-05 -3.97436e-05  3.02075e-06 -4.68265e-06  9.87092e-07 -2.35701e-05  3.51539e-05 -1.01357e-06   4.1929e-05  1.92998e-05 -4.94493e-05  2.94368e-06 -7.22425e-06  4.89353e-07 -3.20116e-05  4.57213e-05 -8.07317e-07  3.88034e-05  2.40482e-05 -5.85102e-05   3.5753e-06 -1.07407e-05  5.32933e-08 -4.15216e-05  5.56145e-05 -6.93173e-07  2.81528e-05  3.00428e-05 -6.76422e-05  5.46634e-06 -1.53668e-05 -7.86815e-08 -5.23877e-05    6.488e-05 -7.30805e-07  1.12668e-05  3.76364e-05  -7.7631e-05  8.98017e-06  -2.1064e-05  2.94503e-07 -6.47111e-05  7.36639e-05 -9.64283e-07 -1.00476e-05  4.69413e-05 -8.93653e-05  1.42375e-05 -2.75608e-05  1.31994e-06  -7.8349e-05  8.22325e-05 -1.41492e-06 -3.32278e-05 -0.000139201  -0.00231187  0.000406591  -0.00142544  -8.5147e-05  1.17378e-05   0.00023503  0.000988518 -5.96317e-05 -0.000126464  -0.00232743  0.000415307  -0.00143305  -8.2642e-05 -4.12984e-06  0.000243604  0.000987759 -5.98535e-05  0.000860648  -0.00125918  0.000321817  -0.00020825  0.000119716  -0.00118654   0.00135177  0.000494572  0.000639084  -0.00104281  9.50921e-05 -0.000206395  2.65182e-05  -0.00111387   0.00130555  0.000298364  0.000535457 -0.000878741  -1.1824e-05 -0.000259549 -3.07778e-05  -0.00112684   0.00124412  0.000112242  0.000538326 -0.000768215 -1.04601e-05 -0.000360349 -5.44241e-05  -0.00121586   0.00117247 -6.01389e-05  0.000632489  -0.00071327  8.38765e-05 -0.000497317 -4.73775e-05  -0.00136669   0.00109738 -0.000213809  0.000798525 -0.000717481  0.000251642 -0.000653378 -1.33302e-05  -0.00155938    0.0010276 -0.000341587    0.0010116 -0.000786615  0.000467827 -0.000804198  4.30322e-05  -0.00176708  0.000974121 -0.000432939   0.00123964 -0.000928901  0.000700084  -0.00091637  0.000115551  -0.00195451  0.000950398 -0.000472527   0.00147073  -0.00109741  0.000934564  -0.00100389  0.000197095  -0.00212448  0.000947853   -0.0004433   0.00169642  -0.00124557   0.00116063  -0.00107327  0.000279015  -0.00227324    0.0009518 -1.30824e-05
========================================
primal_step_norm SUCCESS
SOLVED , sqp_iter_: 0
AFTER initial_guess_[0].uk: [-0.065712, -0.383260, 0.101708, -0.425735, -0.030193, 0.042735, 0.043859, -0.001745]
BEFORE initial_guess_[0].uk: [-0.064907, -0.383820, 0.102528, -0.425961, -0.029848, 0.042180, 0.043879, -0.004524]
Initialization finished.
Allocations finished.
Setup successful.
Solver is ready.
Starting solver...
Solver initialization verified.
Solver finished.
===== SQP Iteration: 0 =====
step_ (179 x 1): 
-1.90749e-09  1.13084e-08 -1.94984e-09  3.53838e-09  3.36922e-10  1.06624e-08  1.17045e-09   2.1177e-08  1.75633e-07  6.07033e-06 -1.44954e-05  5.02767e-06 -5.12114e-06  1.25152e-06 -9.13696e-06  1.11969e-05  5.99867e-07  2.65543e-05  1.02055e-05 -2.67989e-05  8.09028e-06  -9.7191e-06  1.64186e-06 -1.70925e-05  2.23143e-05  1.04934e-06  4.28647e-05  1.32172e-05 -3.78694e-05  1.00234e-05 -1.41069e-05  1.52525e-06 -2.45017e-05  3.33411e-05  1.63873e-06  4.87353e-05  1.58468e-05  -4.8652e-05  1.15887e-05 -1.85292e-05  1.21683e-06  -3.1811e-05  4.42855e-05  2.26052e-06  4.49704e-05  1.87522e-05 -6.00132e-05  1.34613e-05 -2.32044e-05  1.00278e-06 -3.94258e-05  5.51694e-05  2.81546e-06  3.26636e-05  2.24944e-05 -7.27039e-05  1.62144e-05 -2.83138e-05   1.1331e-06 -4.76959e-05  6.60262e-05  3.21754e-06  1.33193e-05  2.75205e-05 -8.73139e-05  2.03021e-05 -3.39911e-05    1.812e-06 -5.68982e-05  7.68961e-05  3.39943e-06 -1.10084e-05  3.41424e-05 -0.000104213  2.60336e-05 -4.03114e-05  3.18762e-06 -6.72179e-05  8.78183e-05  3.31765e-06 -3.74598e-05 -0.000141949  -0.00234775  0.000427585  -0.00144565 -8.03885e-05  1.03181e-05  0.000251654  0.000992757 -6.72113e-05 -0.000131844  -0.00236919  0.000436849  -0.00145318 -7.74858e-05 -2.37249e-06   0.00026269  0.000992064 -6.79156e-05  0.000808656  -0.00118416   0.00066969 -0.000713506  0.000136546  -0.00128276    0.0012436  0.000551266  0.000551505  -0.00100814  0.000408758 -0.000647788  4.27772e-05  -0.00113946   0.00123434  0.000330913  0.000401879  -0.00091176  0.000258397 -0.000618962 -1.37668e-05  -0.00106381   0.00122451  0.000122408  0.000350944 -0.000891027   0.00020944 -0.000624533 -3.54066e-05  -0.00105184   0.00121554 -6.97427e-05  0.000387639 -0.000939588  0.000250365 -0.000660685 -2.52418e-05  -0.00109766   0.00120892 -0.000239763  0.000499056  -0.00104809  0.000367659 -0.000722301  1.28511e-05  -0.00119335   0.00120589 -0.000379801  0.000670141  -0.00120325  0.000545467 -0.000802884  7.39954e-05  -0.00132874   0.00120715 -0.000478786  0.000882692  -0.00138676  0.000764502 -0.000894233  0.000151868   -0.0014908   0.00121269 -0.000520878   0.00111361  -0.00157381   0.00100018  -0.00098574  0.000238034   -0.0016626   0.00122162 -0.000488878   0.00134615  -0.00173501   0.00123394  -0.00106436  0.000322492  -0.00182389   0.00122501 -1.50599e-05
========================================
primal_step_norm SUCCESS
SOLVED , sqp_iter_: 0
AFTER initial_guess_[0].uk: [-0.063148, -0.386395, 0.103985, -0.427513, -0.029491, 0.038831, 0.047124, -0.001768]
BEFORE initial_guess_[0].uk: [-0.062323, -0.386995, 0.104828, -0.427772, -0.029139, 0.038221, 0.047139, -0.004872]
Initialization finished.
Allocations finished.
Setup successful.
Solver is ready.
Starting solver...
Solver initialization verified.
Solver finished.
===== SQP Iteration: 0 =====
step_ (179 x 1): 
 9.65075e-10 -3.73704e-07  5.16288e-09  5.24362e-09 -1.69613e-08 -2.26052e-09  2.56587e-08 -1.82952e-07 -8.84339e-07  3.70592e-06 -4.60226e-05   1.0872e-05 -3.55678e-05 -1.27625e-06  1.97586e-05  2.92322e-05 -1.89256e-07   2.6812e-05  5.29539e-06 -8.96724e-05  1.95998e-05 -7.03648e-05   -3.365e-06  4.08985e-05  5.85799e-05  8.99608e-08  4.30191e-05  5.46195e-06 -0.000132844  2.69169e-05 -0.000104461 -5.92578e-06  6.31044e-05  8.82673e-05  4.93797e-07  4.80474e-05  4.85394e-06 -0.000176882  3.35022e-05 -0.000137953 -8.62298e-06  8.60683e-05  0.000118465  9.01735e-07  4.28191e-05  4.06958e-06 -0.000222915  3.99787e-05 -0.000170971 -1.11533e-05  0.000109468  0.000149302  1.21152e-06  2.85787e-05  3.65383e-06 -0.000271797  4.69073e-05 -0.000203679 -1.32542e-05  0.000132964  0.000180848  1.34196e-06  7.00858e-06  4.09462e-06 -0.000324017  5.47814e-05 -0.000236294 -1.47141e-05  0.000156195  0.000213097  1.23666e-06 -1.96321e-05  5.81393e-06 -0.000379591  6.40145e-05 -0.000269095 -1.53866e-05  0.000178783  0.000245942  8.70741e-07 -4.82756e-05 -0.000165197  -0.00268346  0.000478223  -0.00170833 -9.80228e-05  0.000276747  0.000443023  0.000989524 -8.11078e-05 -0.000160115  -0.00274398  0.000490891   -0.0017423 -9.70092e-05  0.000297138  0.000476379  0.000988704 -8.16195e-05  0.000490824  -0.00368606   0.00144431  -0.00501846 -0.000138511   0.00284346   0.00324214   0.00057142  0.000207909  -0.00353252   0.00115831  -0.00490921 -0.000231576   0.00303714   0.00325857  0.000325929    1.765e-05  -0.00349504  0.000969613  -0.00481157 -0.000284289   0.00318934   0.00329594   9.4374e-05  -8.5904e-05  -0.00356378  0.000871699  -0.00472804 -0.000299494   0.00329832   0.00335173 -0.000117644 -0.000109636  -0.00372388  0.000856873  -0.00466208 -0.000280979   0.00336181   0.00342176 -0.000303257  -6.0755e-05  -0.00395435  0.000916823  -0.00461861 -0.000233391   0.00337703   0.00349991 -0.000453567  5.32016e-05  -0.00422675   0.00104262  -0.00460445 -0.000162383   0.00334075   0.00357779 -0.000556532  0.000223694  -0.00450324    0.0012239  -0.00462873 -7.49691e-05   0.00324967    0.0036445 -0.000595412  0.000439787  -0.00473453   0.00144739  -0.00470297  1.98713e-05   0.00310114   0.00368637 -0.000552694   0.00067239  -0.00491452   0.00168268  -0.00478773  0.000110368   0.00293682   0.00370261 -2.08228e-05
========================================
primal_step_norm SUCCESS
SOLVED , sqp_iter_: 0
AFTER initial_guess_[0].uk: [-0.061255, -0.395012, 0.107969, -0.438688, -0.029500, 0.045643, 0.055601, -0.002014]
BEFORE initial_guess_[0].uk: [-0.060449, -0.395728, 0.108800, -0.438914, -0.029133, 0.045067, 0.055673, -0.005478]
Initialization finished.
Allocations finished.
Setup successful.
Solver is ready.
Starting solver...
Solver initialization verified.
Solver finished.
===== SQP Iteration: 0 =====
step_ (179 x 1): 
 6.76383e-09 -1.57104e-07  9.62726e-09  4.90944e-10 -8.01768e-09 -1.03346e-08  8.85343e-09 -9.51272e-08 -4.89771e-07  6.51984e-06 -1.38371e-05  1.83699e-06 -6.07473e-08  1.53129e-06 -9.53249e-06  1.15486e-05  4.21843e-07  3.53014e-05  1.12597e-05  -2.4806e-05  1.83875e-06  8.85567e-08  2.14229e-06 -1.82401e-05  2.26943e-05  9.12288e-07  5.67513e-05  1.51489e-05 -3.33788e-05  9.50712e-07  1.85143e-08  2.20332e-06 -2.68213e-05  3.32808e-05  1.56152e-06  6.58631e-05  1.90404e-05  -4.0422e-05  4.62376e-08 -6.70551e-07  2.04473e-06 -3.58915e-05  4.32186e-05   2.2481e-06  6.35614e-05  2.36709e-05 -4.68163e-05  -1.1802e-07 -2.29403e-06  1.96786e-06  -4.5965e-05   5.2481e-05  2.86038e-06  5.10657e-05  2.96293e-05 -5.34697e-05  1.06545e-06  -5.0448e-06   2.2392e-06 -5.74143e-05  6.11204e-05  3.29921e-06  3.00148e-05  3.73154e-05 -6.13356e-05  4.01343e-06 -8.94144e-06  3.08158e-06 -7.04211e-05  6.92863e-05  3.48099e-06  2.68882e-06  4.68821e-05 -7.14286e-05   8.8937e-06 -1.37665e-05   4.6611e-06 -8.49197e-05  7.72464e-05   3.3457e-06  -2.7655e-05 -0.000110906  -0.00239011  0.000431704  -0.00145924 -7.47593e-05 -4.01595e-06  0.000282411  0.000991386  -6.3408e-05 -9.75314e-05  -0.00240494  0.000440464  -0.00146562 -7.15312e-05 -2.12512e-05  0.000290386   0.00099075 -6.37515e-05  0.000873502  -0.00115365  0.000250645 -1.58238e-05  0.000169579  -0.00136582   0.00128274  0.000695439  0.000635158 -0.000893014  4.32769e-06  1.89327e-05  6.91202e-05  -0.00124957   0.00123669  0.000437409  0.000521897 -0.000701282 -0.000114068 -1.08546e-05  7.58927e-06  -0.00123197   0.00117557  0.000192847  0.000522163 -0.000578741 -0.000116211 -9.76949e-05 -1.73266e-05  -0.00130316   0.00110433 -3.39359e-05  0.000620589 -0.000526107 -1.75874e-05 -0.000229866 -8.68268e-06  -0.00144847   0.00102972  -0.00023728   0.00079746 -0.000545258  0.000161925 -0.000390027  2.96772e-05  -0.00164741  0.000960434 -0.000408983   0.00102737 -0.000639757  0.000396678 -0.000553482  9.27976e-05  -0.00187238  0.000907372 -0.000536622   0.00127706 -0.000814821  0.000653019 -0.000686287  0.000174014  -0.00208703  0.000883864 -0.000601396   0.00153188  -0.00102087  0.000914025 -0.000799848  0.000265425  -0.00229099  0.000881501 -0.000581993   0.00178016  -0.00120751    0.0011654 -0.000897804  0.000356789  -0.00247676   0.00088513 -1.25953e-05
========================================
primal_step_norm SUCCESS
SOLVED , sqp_iter_: 0
AFTER initial_guess_[0].uk: [-0.058549, -0.398237, 0.109345, -0.438948, -0.028690, 0.041502, 0.059021, -0.002001]
BEFORE initial_guess_[0].uk: [-0.057683, -0.398933, 0.110234, -0.439265, -0.028315, 0.040800, 0.059042, -0.005786]
Initialization finished.
Allocations finished.
Setup successful.
Solver is ready.
Starting solver...
Solver initialization verified.
Solver finished.
===== SQP Iteration: 0 =====
step_ (179 x 1): 
 1.49492e-08 -5.10895e-09  1.85593e-08  -1.0068e-09  -3.5172e-09 -2.96275e-08  7.36585e-09   2.4828e-08  4.09645e-07  4.51377e-06 -2.12114e-05  7.34012e-06 -1.28548e-05   1.2064e-06 -1.38031e-06  1.68958e-05  4.81753e-07  3.86587e-05  6.89639e-06 -3.99999e-05  1.25054e-05 -2.49733e-05  1.49023e-06 -1.36933e-06  3.38047e-05  1.09639e-06  6.14329e-05  7.96674e-06 -5.74988e-05  1.63502e-05 -3.66087e-05  1.25019e-06 -4.74455e-07  5.08079e-05  1.88017e-06  7.03576e-05  8.47551e-06 -7.49846e-05  1.96576e-05 -4.80064e-05  8.43844e-07  8.39445e-07  6.79964e-05  2.69289e-06  6.66155e-05  9.09311e-06 -9.36161e-05  2.31253e-05 -5.93881e-05  5.94831e-07  2.14233e-06  8.54582e-05  3.40912e-06  5.17464e-05  1.03983e-05 -0.000114383  2.73531e-05 -7.09459e-05  7.86606e-07  3.05082e-06   0.00010327  3.92513e-06  2.77423e-05  1.28643e-05 -0.000138039  3.28277e-05 -8.28372e-05  1.64874e-06  3.24136e-06  0.000121487  4.16638e-06 -2.76067e-06  1.68362e-05  -0.00016501   3.9895e-05 -9.51785e-05  3.33821e-06  2.46765e-06  0.000140124  4.09769e-06 -3.62259e-05 -0.000133439  -0.00251622  0.000473407  -0.00155421 -7.26969e-05   8.0204e-05  0.000364345  0.000991449 -7.57427e-05 -0.000125998  -0.00254921  0.000484053  -0.00156765 -6.92645e-05  7.71453e-05  0.000383586  0.000990737 -7.67451e-05  0.000600049  -0.00174665  0.000976612  -0.00181612  0.000131686 -0.000191733   0.00187615  0.000742486  0.000316454  -0.00153738  0.000687132  -0.00170926  3.12043e-05  5.16287e-06   0.00187736  0.000451395  0.000141498  -0.00143579  0.000511082  -0.00164004 -2.72294e-05  0.000131736   0.00188814  0.000177074  6.64298e-05    -0.001436  0.000439246  -0.00160601 -4.62919e-05  0.000191489   0.00190881 -7.46443e-05  8.05157e-05  -0.00152892  0.000460236  -0.00160366 -2.95938e-05  0.000189485   0.00193918 -0.000296778  0.000171556  -0.00170134  0.000560988  -0.00162874  1.83308e-05  0.000132242   0.00197808 -0.000480094  0.000325667  -0.00193471   0.00072648  -0.00167646  9.17788e-05  2.78766e-05   0.00202308 -0.000611519  0.000526253   -0.0022034  0.000938593  -0.00174146  0.000183364 -0.000113327   0.00207011 -0.000672021  0.000752048   -0.0024726     0.001174  -0.00181733  0.000283222 -0.000277783   0.00211324  -0.00064116  0.000989693  -0.00269985   0.00141684  -0.00189757  0.000379334  -0.00044996   0.00213673 -1.88706e-05
========================================
primal_step_norm SUCCESS
SOLVED , sqp_iter_: 0
AFTER initial_guess_[0].uk: [-0.056378, -0.402732, 0.112358, -0.443215, -0.027971, 0.040300, 0.063939, -0.002074]
BEFORE initial_guess_[0].uk: [-0.055501, -0.403495, 0.113264, -0.443545, -0.027580, 0.039574, 0.063982, -0.006245]
Initialization finished.
Allocations finished.
Setup successful.
Solver is ready.
Starting solver...
Solver initialization verified.
Solver finished.
===== SQP Iteration: 0 =====
step_ (179 x 1): 
 6.28422e-09  3.68981e-08  8.05247e-09 -1.44131e-09  -8.2126e-10 -2.55832e-08  4.89277e-09  4.55955e-08  6.86735e-07  4.98935e-06  -2.1547e-05  5.54457e-06 -1.11701e-05   1.2272e-06 -1.06249e-06  1.71252e-05  1.36344e-07  4.12799e-05  7.89598e-06  -4.0047e-05  8.95103e-06 -2.16313e-05  1.49293e-06 -8.05489e-07  3.41215e-05  6.57649e-07  6.69998e-05  9.57954e-06 -5.68582e-05    1.111e-05 -3.17067e-05  1.19391e-06  2.25151e-07  5.10073e-05  1.36688e-06  7.79505e-05  1.08549e-05 -7.32096e-05  1.28698e-05 -4.17175e-05  6.92457e-07  1.48492e-06   6.7816e-05  2.12302e-06  7.53424e-05  1.24521e-05   -9.022e-05  1.49886e-05 -5.19565e-05  3.18336e-07    2.473e-06  8.45912e-05  2.79618e-06  6.07144e-05  1.49987e-05 -0.000108863  1.81166e-05 -6.26751e-05  3.62047e-07  2.75001e-06  0.000101385  3.27063e-06  3.60848e-05  1.89983e-05 -0.000129925  2.27737e-05 -7.40679e-05  1.06892e-06  1.95758e-06  0.000118258  3.44976e-06  4.16859e-06  2.47958e-05 -0.000153952  2.93115e-05 -8.62493e-05  2.62729e-06 -1.51482e-07  0.000135275  3.30026e-06 -3.12547e-05 -0.000115997  -0.00253513  0.000473157  -0.00155879 -7.00702e-05  7.29241e-05  0.000376943   0.00098992 -7.41921e-05 -0.000106432  -0.00256496  0.000483581  -0.00157236 -6.66822e-05  6.82538e-05  0.000394384  0.000989211 -7.51369e-05  0.000668757  -0.00173604   0.00074349  -0.00158142  0.000134718 -0.000155476   0.00190117  0.000824482  0.000388565  -0.00149466  0.000455284  -0.00147863  2.95193e-05  3.80082e-05   0.00188648  0.000512853  0.000225826  -0.00135895  0.000289321  -0.00142376  -3.2806e-05  0.000148953   0.00187445  0.000219275  0.000171623  -0.00132241  0.000236263   -0.0014145 -5.49378e-05   0.00018153   0.00186606 -5.05255e-05  0.000214634  -0.00137589  0.000284213  -0.00144688 -4.04272e-05  0.000142169   0.00186236 -0.000289792  0.000341178  -0.00150749  0.000418748  -0.00151494  6.31975e-06  3.98927e-05   0.00186434  -0.00048941  0.000534421  -0.00170199  0.000622055  -0.00161011   7.9774e-05 -0.000112974   0.00187292 -0.000635981  0.000772633  -0.00193981  0.000871087  -0.00172034  0.000172706 -0.000299635   0.00188892 -0.000709252   0.00102658  -0.00219527   0.00113476  -0.00182879  0.000275261 -0.000497089   0.00191309 -0.000686781   0.00127336  -0.00243601   0.00138787  -0.00191679  0.000375089 -0.000679287   0.00193677 -1.66262e-05
========================================
primal_step_norm SUCCESS
SOLVED , sqp_iter_: 0
AFTER initial_guess_[0].uk: [-0.054047, -0.407271, 0.114881, -0.446985, -0.027229, 0.039169, 0.068944, -0.002122]
BEFORE initial_guess_[0].uk: [-0.053144, -0.408084, 0.115816, -0.447341, -0.026824, 0.038399, 0.068990, -0.006671]
Initialization finished.
Allocations finished.
Setup successful.
Solver is ready.
Starting solver...
Solver initialization verified.
Solver finished.
===== SQP Iteration: 0 =====
step_ (179 x 1): 
 6.28002e-09  6.20979e-08  7.01612e-09 -2.92484e-09 -2.16659e-09 -2.62368e-08  6.00727e-09  5.80472e-08  8.49547e-07  4.91316e-06 -2.14979e-05  5.39765e-06 -1.09278e-05  1.33942e-06   -8.886e-07  1.70448e-05  1.51837e-07  4.47667e-05  7.67346e-06 -3.97074e-05  8.57513e-06 -2.10856e-05  1.69141e-06 -3.77491e-07  3.39383e-05  7.34842e-07  7.31685e-05  9.18537e-06  -5.6056e-05  1.04736e-05  -3.0831e-05  1.45655e-06  9.46402e-07  5.06999e-05  1.52674e-06  8.57563e-05  1.02881e-05 -7.18292e-05  1.19691e-05 -4.05087e-05  1.00826e-06  2.50877e-06  6.73629e-05  2.37497e-06  8.38467e-05  1.17311e-05 -8.82028e-05  1.38425e-05 -5.04297e-05  6.88856e-07  3.78565e-06   8.3974e-05  3.14028e-06  6.90841e-05  1.41577e-05 -0.000106206  1.67624e-05 -6.08582e-05  8.01214e-07  4.31964e-06  0.000100592   3.7008e-06  4.35913e-05  1.80829e-05 -0.000126679   2.1262e-05 -7.19963e-05   1.6009e-06  3.74126e-06  0.000117283  3.96586e-06  1.01979e-05  2.38523e-05 -0.000150192  2.76948e-05 -8.39548e-05  3.27026e-06  1.80906e-06   0.00013412  3.87489e-06 -2.72358e-05 -0.000107354  -0.00256115   0.00048192  -0.00156988 -6.59061e-05  7.02639e-05  0.000393063  0.000989773 -7.33989e-05 -9.76941e-05  -0.00259086   0.00049238  -0.00158332 -6.23426e-05  6.56329e-05  0.000410336  0.000989068 -7.43424e-05  0.000655837  -0.00173339  0.000720556  -0.00154611  0.000148972 -0.000130293   0.00189161  0.000900598  0.000368147  -0.00147332  0.000423677  -0.00143562   3.9644e-05  7.41478e-05   0.00187496  0.000565584  0.000201856  -0.00132344  0.000253414  -0.00137705 -2.54791e-05  0.000190962   0.00186056  0.000250468  0.000147394  -0.00127736  0.000199754  -0.00136731 -4.91062e-05  0.000225169   0.00184979 -3.87501e-05  0.000192759  -0.00132606  0.000250097   -0.0014016 -3.48233e-05  0.000184108   0.00184408 -0.000295234  0.000323678  -0.00145764    0.0003894  -0.00147319  1.29177e-05   7.7642e-05   0.00184474 -0.000509798  0.000522848  -0.00165674  0.000599345  -0.00157298  8.85045e-05 -8.12341e-05   0.00185284 -0.000668734   0.00076825   -0.0019032  0.000856534  -0.00168862  0.000184526 -0.000275266   0.00186915  -0.00075092   0.00103035  -0.00217013   0.00112949  -0.00180324  0.000290767 -0.000481174   0.00189399 -0.000732889   0.00128596  -0.00242364   0.00139257  -0.00189831  0.000394322 -0.000672732   0.00191803 -1.61074e-05
========================================
primal_step_norm SUCCESS
SOLVED , sqp_iter_: 0
AFTER initial_guess_[0].uk: [-0.051717, -0.411854, 0.117383, -0.450704, -0.026435, 0.038059, 0.073927, -0.002168]
BEFORE initial_guess_[0].uk: [-0.050784, -0.412713, 0.118351, -0.451090, -0.026016, 0.037245, 0.073974, -0.007094]
Initialization finished.
Allocations finished.
Setup successful.
Solver is ready.
Starting solver...
Solver initialization verified.
Solver finished.
===== SQP Iteration: 0 =====
step_ (179 x 1): 
 -1.7357e-09  6.34562e-08 -1.24833e-09 -1.45631e-09 -1.87529e-09 -2.25843e-08  2.46996e-09  6.02135e-08  1.01765e-06  4.85266e-06 -2.12937e-05  5.28745e-06 -1.07076e-05  1.47309e-06 -7.84883e-07  1.69348e-05  1.45499e-07  4.85376e-05  7.48494e-06 -3.90895e-05  8.27763e-06 -2.05729e-05  1.91856e-06 -8.64696e-08  3.37244e-05  7.68327e-07  7.96654e-05  8.82291e-06 -5.48947e-05  9.93799e-06 -2.99792e-05  1.75236e-06  1.48217e-06   5.0381e-05  1.62088e-06  9.38987e-05  9.73184e-06  -7.0046e-05  1.11721e-05 -3.92935e-05  1.36155e-06  3.31954e-06  6.69381e-05   2.5391e-06  9.26607e-05  1.09842e-05 -8.57702e-05  1.27875e-05 -4.88463e-05  1.10101e-06  4.87627e-06  8.34432e-05  3.37193e-06   7.7718e-05  1.32443e-05 -0.000103147  1.54768e-05 -5.89198e-05  1.28759e-06  5.67171e-06  9.99559e-05  4.00856e-06  5.13267e-05  1.70405e-05 -0.000123045  1.97881e-05 -6.97248e-05  2.17872e-06  5.32709e-06  0.000116545  4.33644e-06  1.64185e-05  2.27335e-05 -0.000146078  2.60904e-05 -8.13861e-05  3.96426e-06  3.58738e-06  0.000133286  4.29203e-06  -2.2985e-05 -9.88335e-05  -0.00258662  0.000490711   -0.0015805 -6.15072e-05  6.74917e-05  0.000409417  0.000989472 -7.21977e-05 -8.91234e-05  -0.00261617  0.000501187  -0.00159372 -5.77603e-05  6.29242e-05  0.000426603  0.000988769 -7.30791e-05  0.000649676  -0.00171312  0.000707836  -0.00151534  0.000163656 -0.000116975   0.00188047  0.000977324  0.000352399  -0.00143702  0.000400139  -0.00139519  5.03232e-05   0.00010015   0.00186345  0.000618836  0.000180209  -0.00127595  0.000223197  -0.00133029 -1.73087e-05  0.000225318   0.00184874  0.000282253  0.000123164  -0.00122321  0.000166595  -0.00131717 -4.20611e-05  0.000264016   0.00183777 -2.61424e-05  0.000168863   -0.0012694  0.000217303  -0.00135063 -2.76434e-05   0.00022408     0.001832 -0.000299487  0.000302676  -0.00140228  0.000359883  -0.00142358  2.13739e-05  0.000115842   0.00183279 -0.000528618  0.000506988  -0.00160614  0.000575662  -0.00152657  9.92515e-05  -4.7277e-05   0.00184123 -0.000699637  0.000759375  -0.00186043  0.000840773  -0.00164692  0.000198405 -0.000247576   0.00185805 -0.000790663   0.00102958  -0.00213764   0.00112294  -0.00176729  0.000308319 -0.000461171   0.00188357 -0.000777325   0.00129384  -0.00240299   0.00139582  -0.00186886  0.000415612  -0.00066138   0.00190808 -1.54925e-05
========================================
primal_step_norm SUCCESS
SOLVED , sqp_iter_: 0
AFTER initial_guess_[0].uk: [-0.049371, -0.416439, 0.119891, -0.454386, -0.025589, 0.036940, 0.078882, -0.002207]
BEFORE initial_guess_[0].uk: [-0.048408, -0.417341, 0.120893, -0.454799, -0.025154, 0.036082, 0.078931, -0.007510]
Initialization finished.
Allocations finished.
Setup successful.
Solver is ready.
Starting solver...
Solver initialization verified.
Solver finished.
===== SQP Iteration: 0 =====
step_ (179 x 1): 
-4.29442e-09  5.56001e-08 -5.02901e-09  1.16172e-09 -4.91258e-09 -8.42989e-09  5.07207e-10  4.41813e-08   1.0007e-06  4.93025e-06 -2.10001e-05  5.08947e-06 -1.04549e-05  1.58895e-06 -7.26288e-07   1.6869e-05  1.35035e-07  5.19197e-05  7.55169e-06 -3.83447e-05  7.78382e-06 -1.99936e-05  2.11481e-06   1.0816e-07  3.35883e-05  7.87056e-07   8.5641e-05  8.83193e-06 -5.35772e-05  9.09642e-06 -2.90279e-05  2.00356e-06  1.86945e-06  5.01735e-05  1.68571e-06   0.00010144  9.66216e-06 -6.80849e-05  9.95964e-06 -3.79453e-05  1.65678e-06  3.92881e-06  6.66588e-05  2.65466e-06  0.000100849  1.08385e-05  -8.3142e-05   1.1207e-05 -4.70947e-05  1.44468e-06  5.71295e-06  8.30918e-05  3.57341e-06  8.57771e-05    1.304e-05 -9.98556e-05  1.35486e-05 -5.67685e-05  1.68779e-06  6.73091e-06  9.95332e-05  4.27831e-06  5.85707e-05  1.68114e-05 -0.000119134  1.75518e-05 -6.71906e-05  2.65435e-06  6.58657e-06  0.000116053  4.66452e-06  2.22657e-05  2.25271e-05 -0.000141627  2.36013e-05 -7.84948e-05  4.54348e-06  5.00959e-06  0.000132729  4.66304e-06 -1.89842e-05 -8.92538e-05  -0.00261149  0.000498506  -0.00159051 -5.70504e-05  6.44147e-05  0.000425994  0.000989131 -7.10414e-05 -7.94077e-05  -0.00264081  0.000508856  -0.00160346 -5.31358e-05  5.98898e-05  0.000443129  0.000988423 -7.17899e-05  0.000656931  -0.00169215  0.000678432  -0.00147828  0.000176873 -0.000110965   0.00187312   0.00105447  0.000349649  -0.00140082  0.000359496   -0.0013487  5.93885e-05  0.000118508   0.00185577  0.000672834  0.000171208  -0.00122909  0.000175526  -0.00127744 -1.08656e-05  0.000252018    0.0018408  0.000315207  0.000111239  -0.00116988   0.00011565  -0.00126066 -3.68443e-05  0.000295499   0.00182965 -1.18413e-05  0.000156925  -0.00121338  0.000166379   -0.0012928 -2.24002e-05  0.000257256   0.00182384 -0.000301473  0.000293261    -0.001347   0.00031186  -0.00136645  2.77637e-05  0.000148044   0.00182476 -0.000544673  0.000502305  -0.00155471   0.00053305  -0.00147188  0.000107785 -1.83572e-05   0.00183351 -0.000727493  0.000761238   -0.0018157  0.000805638  -0.00159612  0.000209927 -0.000223894   0.00185084 -0.000827411   0.00103913    -0.002102   0.00109659  -0.00172146  0.000323399 -0.000444185   0.00187706 -0.000819286   0.00131175  -0.00237812     0.001379  -0.00182889  0.000434393  -0.00065222   0.00190211 -1.45839e-05
========================================
primal_step_norm SUCCESS
SOLVED , sqp_iter_: 0
AFTER initial_guess_[0].uk: [-0.046979, -0.421022, 0.122369, -0.458014, -0.024693, 0.035792, 0.083820, -0.002237]
BEFORE initial_guess_[0].uk: [-0.045985, -0.421965, 0.123406, -0.458453, -0.024243, 0.034893, 0.083869, -0.007909]
Initialization finished.
Allocations finished.
Setup successful.
Solver is ready.
Starting solver...
Solver initialization verified.
Solver finished.
===== SQP Iteration: 0 =====
step_ (179 x 1): 
-1.01113e-08  5.56007e-08 -1.13671e-08  6.26029e-09 -1.81997e-08  1.97275e-08 -1.28021e-09  3.63574e-08  1.42845e-06  3.88664e-06 -4.01052e-05  7.51808e-06 -2.75979e-05 -1.68455e-07  1.62223e-05  2.58673e-05  1.96197e-07  5.56418e-05  5.34136e-06 -7.66361e-05  1.25129e-05 -5.41065e-05 -1.42596e-06  3.41843e-05  5.16532e-05  8.93143e-07  9.13239e-05  5.31298e-06 -0.000111334  1.59885e-05 -7.98665e-05 -3.34109e-06  5.33212e-05  7.74405e-05  1.83906e-06  0.000107915  4.68318e-06  -0.00014578  1.88759e-05  -0.00010521 -5.49693e-06  7.30526e-05  0.000103314  2.89591e-06  0.000107148  4.24557e-06 -0.000181358  2.20105e-05 -0.000130456 -7.51945e-06  9.28331e-05  0.000129352  3.86605e-06  9.11172e-05  4.70097e-06 -0.000219201  2.61266e-05 -0.000155915 -9.07696e-06  0.000112151  0.000155614  4.61092e-06  6.23413e-05  6.64537e-06 -0.000260123  3.18418e-05 -0.000181896 -9.88915e-06   0.00013053  0.000182129  5.02053e-06  2.40398e-05  1.05431e-05 -0.000304519  3.96251e-05 -0.000208698 -9.74357e-06  0.000147549  0.000208887  5.02042e-06 -1.94423e-05 -9.30577e-05  -0.00282553   0.00052677  -0.00174939  -6.9115e-05  0.000220822  0.000529316  0.000988734 -7.43965e-05 -8.47167e-05  -0.00287641  0.000539172   -0.0017783 -6.68377e-05  0.000234489  0.000556395  0.000987974 -7.50166e-05  0.000518187  -0.00324519   0.00100191  -0.00389897 -1.63852e-05   0.00232368     0.002872   0.00111175  0.000193974  -0.00295612   0.00066553  -0.00374553 -0.000138069   0.00257974   0.00286231  0.000704355 -3.70194e-06  -0.00280596  0.000462955  -0.00363971 -0.000210926   0.00274959   0.00286228  0.000323834 -8.43194e-05  -0.00278397   0.00038402  -0.00358024 -0.000238073   0.00283658   0.00287179  -2.2413e-05 -5.90498e-05  -0.00287476  0.000416608   -0.0035659  -0.00022351   0.00284483   0.00288991 -0.000327194  5.97681e-05    -0.003058   0.00054717  -0.00359577  -0.00017202     0.002779   0.00291468 -0.000581507  0.000258073  -0.00330751  0.000760093  -0.00366925 -8.94237e-05   0.00264467   0.00294293 -0.000771555  0.000518281  -0.00358951   0.00103574   -0.0037855  1.67172e-05   0.00244933   0.00297006 -0.000874769  0.000816042  -0.00385996   0.00134698  -0.00394215  0.000135888   0.00220446   0.00298999 -0.000866211   0.00111039  -0.00411783   0.00165134  -0.00408447  0.000252332   0.00196661   0.00300589 -1.56208e-05
========================================
primal_step_norm SUCCESS
SOLVED , sqp_iter_: 0
AFTER initial_guess_[0].uk: [-0.044858, -0.429023, 0.125585, -0.466933, -0.024286, 0.040958, 0.091365, -0.002350]
BEFORE initial_guess_[0].uk: [-0.043848, -0.430040, 0.126645, -0.467364, -0.023820, 0.040060, 0.091436, -0.008396]
Initialization finished.
Allocations finished.
Setup successful.
Solver is ready.
Starting solver...
Solver initialization verified.
Solver finished.
===== SQP Iteration: 0 =====
step_ (179 x 1): 
-6.41305e-09  3.28545e-09 -6.38348e-09  3.09785e-09 -1.47301e-08  1.43142e-08 -5.41003e-11  1.90836e-09  4.00387e-07  7.08862e-06 -9.01395e-06  5.12537e-07  4.21334e-06  2.64964e-06 -1.22477e-05  9.51822e-06   2.0885e-07  5.80008e-05  1.18614e-05 -1.34448e-05 -1.41747e-06  9.19829e-06  4.13442e-06 -2.30153e-05  1.86261e-05  9.86832e-07  9.79474e-05  1.54416e-05 -1.45817e-05 -4.62378e-06  1.43384e-05  4.90612e-06  -3.3199e-05  2.71928e-05  2.07606e-06  0.000118802   1.8843e-05 -1.36474e-05 -8.05275e-06  1.90932e-05  5.38025e-06 -4.35981e-05  3.51328e-05  3.28743e-06  0.000122163  2.29462e-05  -1.1838e-05 -1.07862e-05  2.30209e-05   5.9346e-06 -5.48879e-05  4.24231e-05  4.45386e-06  0.000109879  2.84716e-05 -1.03433e-05 -1.20681e-05  2.58137e-05   6.9038e-06 -6.75841e-05  4.91163e-05  5.42982e-06  8.41722e-05  3.59434e-05 -1.03612e-05 -1.13409e-05  2.73449e-05   8.5689e-06 -8.19994e-05  5.53562e-05  6.09556e-06  4.79181e-05  4.56315e-05 -1.31128e-05 -8.30645e-06   2.7731e-05  1.11389e-05 -9.81846e-05  6.13936e-05  6.36762e-06  5.19407e-06 -4.37387e-05  -0.00254335  0.000486589  -0.00151467 -4.35754e-05  -4.4553e-05  0.000387987  0.000989585  -5.0999e-05 -2.93921e-05  -0.00255265  0.000494458  -0.00151644 -3.89165e-05  -6.4303e-05  0.000394035  0.000989067 -5.11229e-05  0.000942857 -0.000726043  6.66594e-05  0.000598632  0.000292227  -0.00175756   0.00105619   0.00122163  0.000635905 -0.000359476 -0.000256944  0.000705101   0.00016464  -0.00154793   0.00101081  0.000811031  0.000477559 -9.32985e-05 -0.000426403  0.000726067  8.58863e-05  -0.00146502  0.000950826  0.000426911  0.000453897  7.43695e-05 -0.000455889  0.000671197  5.28554e-05  -0.00149623  0.000881405  7.48341e-05  0.000547363  0.000145155  -0.00036322   0.00055429   6.1639e-05  -0.00162414   0.00080934 -0.000240097  0.000736785  0.000119474  -0.00016984  0.000394204  0.000107577  -0.00182609  0.000743078 -0.000510504  0.000996064 -3.65682e-06   9.7804e-05  0.000216344  0.000184854  -0.00207304   0.00069277 -0.000722976   0.00129137 -0.000225799  0.000405303  5.47695e-05  0.000285575  -0.00232756  0.000670332 -0.000853329   0.00160211 -0.000493205  0.000729025 -9.99088e-05    0.0004006   -0.0025862  0.000668498 -0.000873569    0.0019111 -0.000750165   0.00104829 -0.000249341  0.000517084  -0.00283821  0.000671353 -4.58366e-06
========================================
primal_step_norm SUCCESS
SOLVED , sqp_iter_: 0
AFTER initial_guess_[0].uk: [-0.041797, -0.431619, 0.126790, -0.466062, -0.023058, 0.035473, 0.094193, -0.002288]
BEFORE initial_guess_[0].uk: [-0.040724, -0.432601, 0.127911, -0.466572, -0.022581, 0.034466, 0.094213, -0.008597]
Initialization finished.
Allocations finished.
Setup successful.
Solver is ready.
Starting solver...
Solver initialization verified.
Solver finished.
===== SQP Iteration: 0 =====
step_ (179 x 1): 
-5.77533e-09 -1.09686e-08 -5.98573e-09  2.24331e-09 -1.92082e-08  1.21924e-08   2.5386e-09 -8.09447e-09  4.25387e-07  4.36428e-06 -1.65812e-05  6.33108e-06  -9.2591e-06  2.46861e-06 -3.07549e-06   1.5585e-05  3.04242e-07  6.26674e-05  6.07689e-06 -2.94104e-05  9.90602e-06 -1.72753e-05  3.77877e-06 -4.15257e-06  3.11962e-05  1.13374e-06  0.000102964  6.14829e-06 -4.02463e-05  1.17995e-05 -2.44615e-05  4.41806e-06 -3.92345e-06  4.69352e-05  2.26045e-06  0.000122159   5.4964e-06 -5.07239e-05  1.29844e-05 -3.11931e-05  4.82941e-06 -3.02173e-06  6.29052e-05  3.48358e-06  0.000122297  4.93614e-06 -6.23137e-05  1.43238e-05 -3.78051e-05  5.41155e-06 -2.02441e-06  7.92051e-05  4.62457e-06  0.000105769  5.17259e-06 -7.62772e-05  1.65609e-05 -4.45901e-05  6.51355e-06 -1.44523e-06  9.59207e-05   5.5309e-06  7.53886e-05  6.79098e-06 -9.36016e-05  2.03085e-05 -5.17973e-05  8.42453e-06 -1.72822e-06  0.000113111  6.08219e-06  3.46265e-05  1.02347e-05 -0.000114915  2.60205e-05 -5.96343e-05  1.13551e-05 -3.23264e-06  0.000130794   6.1975e-06 -1.18936e-05 -7.12915e-05  -0.00267375  0.000531234  -0.00161171 -3.82535e-05  4.56676e-05  0.000475544  0.000988722 -7.11007e-05 -6.35533e-05  -0.00270287  0.000541469  -0.00162121 -3.31013e-05  4.10737e-05  0.000493909  0.000988002 -7.17734e-05  0.000580798  -0.00134439  0.000842634  -0.00130658  0.000273795 -0.000440426   0.00172967    0.0012587  0.000228522  -0.00104084  0.000476697  -0.00113197  0.000146109 -0.000155378   0.00173273  0.000803686  9.91307e-06 -0.000879188  0.000252615  -0.00101486  7.12966e-05  3.24167e-05   0.00174705    0.0003812 -8.65065e-05 -0.000849925  0.000158141 -0.000950709  4.56574e-05  0.000129247   0.00177279 -3.73546e-07 -7.43103e-05 -0.000939975  0.000178683 -0.000933859  6.44532e-05    0.0001431   0.00180951 -0.000333922  3.18342e-05  -0.00113232  0.000298325 -0.000958266  0.000122085  8.30091e-05   0.00185571 -0.000611057  0.000215962   -0.0014048  0.000499536  -0.00101791  0.000211839 -4.09575e-05   0.00190846 -0.000818475  0.000459149  -0.00172794   0.00076137  -0.00110654  0.000325123 -0.000216804   0.00196304 -0.000933237  0.000736174  -0.00206184    0.0010558   -0.0012165  0.000450133 -0.000428595   0.00201272 -0.000930749   0.00103141  -0.00235797    0.0013639  -0.00134122  0.000571842 -0.000659378   0.00203868  -1.6187e-05
========================================
primal_step_norm SUCCESS
SOLVED , sqp_iter_: 0
AFTER initial_guess_[0].uk: [-0.039461, -0.435525, 0.129744, -0.469414, -0.021866, 0.033317, 0.098728, -0.002304]
BEFORE initial_guess_[0].uk: [-0.038374, -0.436563, 0.130885, -0.469922, -0.021371, 0.032306, 0.098776, -0.008984]
Initialization finished.
Allocations finished.
Setup successful.
Solver is ready.
Starting solver...
Solver initialization verified.
Solver finished.
===== SQP Iteration: 0 =====
step_ (179 x 1): 
 5.39834e-09 -1.13404e-08  6.51584e-09 -4.32026e-09   7.0056e-09 -1.20471e-08    2.862e-10 -1.72498e-09  4.61734e-07  4.99841e-06 -1.80056e-05  4.60434e-06 -8.15127e-06  2.43683e-06 -2.59949e-06  1.63317e-05  3.48391e-07  6.62739e-05  7.35556e-06 -3.18673e-05  6.44149e-06 -1.51227e-05  3.61687e-06 -3.23869e-06  3.25257e-05  1.23667e-06  0.000109611  8.16693e-06 -4.32555e-05  6.66858e-06 -2.13905e-05  4.07003e-06 -2.69988e-06  4.86015e-05  2.45192e-06  0.000131328  8.41621e-06  -5.3731e-05  6.32447e-06 -2.73907e-05  4.24524e-06 -1.68098e-06  6.45976e-05  3.78774e-06  0.000133492   8.9764e-06 -6.46952e-05  6.33043e-06 -3.35165e-05  4.54713e-06 -8.14896e-07  8.05641e-05  5.06034e-06  0.000118489  1.05971e-05  -7.7365e-05  7.47644e-06 -4.01076e-05  5.33209e-06 -6.55425e-07  9.65608e-05  6.11111e-06   8.9026e-05   1.3886e-05 -9.27414e-05  1.04006e-05 -4.74358e-05  6.89968e-06 -1.65971e-06  0.000112656  6.81169e-06  4.84595e-05  1.92699e-05  -0.00011156  1.55494e-05 -5.56827e-05  9.47789e-06 -4.15966e-06  0.000128926  7.07334e-06  1.32527e-06 -5.23796e-05  -0.00269668  0.000530627  -0.00161787 -3.53235e-05  3.89801e-05   0.00049044  0.000989023 -6.00801e-05 -4.24547e-05  -0.00272311  0.000540549  -0.00162799 -3.04896e-05  3.31976e-05  0.000507214  0.000988429 -6.05641e-05  0.000662858  -0.00146308  0.000610055  -0.00114911  0.000264311 -0.000366597   0.00181365   0.00133239  0.000314132  -0.00112764  0.000244824 -0.000983719  0.000130398 -9.05681e-05   0.00179747  0.000865367  0.000108482 -0.000928132  3.06886e-05 -0.000884431  4.99251e-05  7.81638e-05   0.00178449  0.000432291  3.37189e-05 -0.000854654 -4.52544e-05 -0.000846764  1.91019e-05  0.000146657   0.00177582  4.08909e-05  7.52328e-05 -0.000894605    1.489e-06 -0.000864637  3.32401e-05  0.000124216   0.00177265 -0.000302939  0.000216634  -0.00103314  0.000153474  -0.00093047  8.69801e-05  2.21586e-05   0.00177609 -0.000592088  0.000438985  -0.00125275  0.000390483  -0.00103472  0.000174024 -0.000145615   0.00178713 -0.000813934  0.000718362  -0.00153169  0.000686902  -0.00116465  0.000286283  -0.00036103   0.00180663 -0.000944801   0.00102155  -0.00184122   0.00100711   -0.0013022  0.000412339 -0.000599086   0.00183528 -0.000958185   0.00132355  -0.00214502   0.00132311  -0.00142871   0.00053726 -0.000832741    0.0018621 -1.09063e-05
========================================
primal_step_norm SUCCESS
SOLVED , sqp_iter_: 0
AFTER initial_guess_[0].uk: [-0.036932, -0.439745, 0.132212, -0.472422, -0.020682, 0.031349, 0.103509, -0.002322]
BEFORE initial_guess_[0].uk: [-0.035819, -0.440817, 0.133384, -0.472941, -0.020171, 0.030318, 0.103562, -0.009312]
Initialization finished.
Allocations finished.
Setup successful.
Solver is ready.
Starting solver...
Solver initialization verified.
Solver finished.
===== SQP Iteration: 0 =====
step_ (179 x 1): 
 2.96819e-08 -6.60109e-09  3.43027e-08 -1.14309e-08  3.75239e-09 -1.66924e-08  1.50025e-08  -7.9112e-09  5.70715e-07  3.96769e-06 -3.75307e-05  6.95543e-06 -2.52646e-05  6.19299e-07  1.47012e-05  2.62424e-05  3.24267e-07  6.87069e-05  5.18298e-06 -7.09516e-05  1.10274e-05   -4.924e-05 -1.01823e-09  3.14499e-05  5.23807e-05  1.23097e-06  0.000113271  4.73217e-06 -0.000102172  1.33757e-05 -7.23153e-05 -1.36403e-06  4.95743e-05  7.85194e-05  2.47052e-06  0.000135224  3.58107e-06  -0.00013293  1.50286e-05 -9.48592e-05 -3.01325e-06  6.84368e-05  0.000104753  3.82829e-06  0.000136859  2.59425e-06  -0.00016474   1.6904e-05 -0.000117225 -4.53536e-06  8.74398e-05  0.000131168  5.11453e-06  0.000120782  2.53197e-06  -0.00019884  1.98047e-05 -0.000139756 -5.56358e-06  0.000106024  0.000157829  6.16763e-06  8.99121e-05   4.0435e-06  -0.00023613  2.44083e-05 -0.000162793 -5.78508e-06   0.00012367   0.00018477  6.85718e-06  4.77686e-05  7.64296e-06  -0.00027708  3.12417e-05 -0.000186676 -4.95699e-06   0.00013991  0.000211978  7.09179e-06 -9.83649e-07 -5.57257e-05  -0.00291048  0.000558067  -0.00177481 -4.66209e-05  0.000195871   0.00060114  0.000988409 -6.45911e-05 -4.72979e-05  -0.00295844   0.00056996  -0.00180098  -4.3438e-05  0.000208525  0.000628701  0.000987772 -6.50294e-05  0.000522255  -0.00304327  0.000919353  -0.00356655  7.00296e-05   0.00211366   0.00291017   0.00137855  0.000159183  -0.00271191  0.000539363  -0.00338427 -6.81278e-05   0.00240851   0.00290023  0.000887054 -6.31405e-05  -0.00253422  0.000309392  -0.00325688 -0.000151298   0.00260642   0.00290091  0.000433194  -0.00015663  -0.00249695  0.000216584  -0.00318186 -0.000183474   0.00271251     0.002912  2.56595e-05 -0.000134762  -0.00258228  0.000246246  -0.00315687 -0.000169526   0.00273251   0.00293243 -0.000329516 -1.14932e-05  -0.00276799  0.000382947  -0.00318039 -0.000114898   0.00267212   0.00296001 -0.000625699  0.000198305  -0.00302666  0.000610025   -0.0032519 -2.58194e-05   0.00253717   0.00299123 -0.000851085  0.000476741  -0.00332376  0.000907279  -0.00337112  8.98513e-05   0.00233487   0.00302106 -0.000982653  0.000798656  -0.00361426   0.00124639  -0.00353629  0.000221049   0.00207645   0.00304286 -0.000995075   0.00112181  -0.00389672   0.00158358  -0.00369386  0.000350972   0.00181753   0.00305984 -1.18416e-05
========================================
primal_step_norm SUCCESS
SOLVED , sqp_iter_: 0
AFTER initial_guess_[0].uk: [-0.034683, -0.447436, 0.135383, -0.480699, -0.019988, 0.035834, 0.111158, -0.002420]
BEFORE initial_guess_[0].uk: [-0.033557, -0.448571, 0.136573, -0.481198, -0.019463, 0.034821, 0.111235, -0.009725]
Initialization finished.
Allocations finished.
Setup successful.
Solver is ready.
Starting solver...
Solver initialization verified.
Solver finished.
===== SQP Iteration: 0 =====
step_ (179 x 1): 
 1.62166e-08  4.39224e-09  1.85317e-08  -5.8834e-09  3.40281e-10 -6.61635e-09  9.84109e-09  -3.6824e-09  2.52769e-07  7.69682e-06 -6.93518e-06 -4.62285e-07  6.13612e-06  3.20443e-06 -1.35918e-05  8.75668e-06  3.56832e-07    7.252e-05  1.28413e-05 -8.79333e-06 -3.63656e-06  1.31861e-05  5.09052e-06 -2.55013e-05  1.70951e-05  1.32873e-06  0.000121937  1.66315e-05 -6.97411e-06 -8.27826e-06  2.05249e-05   6.1556e-06 -3.66483e-05  2.48415e-05  2.68258e-06  0.000149121  2.01657e-05 -2.80141e-06 -1.32397e-05  2.75879e-05  6.85126e-06  -4.7872e-05  3.18992e-05   4.2065e-06  0.000156208  2.43894e-05  2.44067e-06 -1.75283e-05  3.39138e-05  7.58558e-06   -5.988e-05  3.82389e-05  5.71074e-06  0.000145464  3.00741e-05  7.48244e-06 -2.03282e-05  3.91772e-05  8.72102e-06 -7.32194e-05  4.39161e-05  7.02946e-06  0.000119356  3.77852e-05  1.10415e-05 -2.10312e-05  4.32286e-05  1.05687e-05 -8.82374e-05  4.90863e-05  8.02401e-06  8.09155e-05  4.78276e-05  1.18082e-05 -1.92949e-05  4.61531e-05  1.33736e-05  -0.00010503  5.40241e-05  8.59291e-06  3.43872e-05 -5.93517e-07  -0.00262774  0.000514397  -0.00154129 -2.31976e-05 -6.95109e-05  0.000448253  0.000989611 -2.92056e-05  1.44505e-05   -0.0026337  0.000521359  -0.00154064 -1.80986e-05  -9.0001e-05  0.000453183  0.000989326 -2.89931e-05    0.0010294  -0.00055685 -5.64449e-05  0.000862777  0.000354677  -0.00195729  0.000975171   0.00147869  0.000685958 -0.000148003 -0.000422066  0.000994678  0.000209757  -0.00171265  0.000925496    0.0009981   0.00050543  0.000149975 -0.000617737   0.00103584  0.000118725  -0.00160275   0.00085952  0.000553707  0.000471105   0.00034086 -0.000660575  0.000997091   7.7695e-05  -0.00161341  0.000782898  0.000151323  0.000562752  0.000427814   -0.0005712  0.000893085  8.20944e-05  -0.00172597  0.000703134 -0.000206255  0.000757197  0.000411974 -0.000373104  0.000742912  0.000126911  -0.00191726  0.000629568 -0.000514978   0.00102704  0.000292205 -9.40051e-05   0.00057152  0.000206312  -0.00215859  0.000573425 -0.000763887   0.00133734  6.62453e-05  0.000230641  0.000412056  0.000312517  -0.00241339  0.000547892 -0.000928124   0.00166782 -0.000212273  0.000577156  0.000253992  0.000436317  -0.00267913  0.000545131  -0.00097873   0.00200301 -0.000487906  0.000926299  9.37433e-05  0.000564406  -0.00294679  0.000547557  2.87918e-06
========================================
primal_step_norm SUCCESS
SOLVED , sqp_iter_: 0
AFTER initial_guess_[0].uk: [-0.031318, -0.449782, 0.136450, -0.479321, -0.018538, 0.029713, 0.113780, -0.002331]
BEFORE initial_guess_[0].uk: [-0.030135, -0.450863, 0.137697, -0.479885, -0.018005, 0.028611, 0.113801, -0.009780]
Initialization finished.
Allocations finished.
Setup successful.
Solver is ready.
Starting solver...
Solver initialization verified.
Solver finished.
===== SQP Iteration: 0 =====
step_ (179 x 1): 
 2.97759e-08  4.77929e-08  3.61581e-08 -1.16508e-08  5.01433e-09 -1.53498e-08  1.59672e-08  2.09976e-09  7.20593e-07  2.98987e-06 -3.25245e-05  8.58755e-06 -2.35785e-05  1.64723e-06  1.19391e-05  2.51546e-05   3.8073e-07   7.4259e-05  3.01227e-06 -6.11144e-05  1.40759e-05 -4.56959e-05  2.01109e-06  2.61477e-05  5.04311e-05  1.36588e-06   0.00012133  1.12835e-06 -8.78453e-05  1.76119e-05 -6.67019e-05  1.64158e-06  4.19748e-05  7.60101e-05  2.69835e-06  0.000143714 -1.70527e-06 -0.000114619   2.0225e-05 -8.69238e-05  1.02966e-06  5.88161e-05  0.000102064  4.14563e-06  0.000144234  -4.6391e-06 -0.000143078  2.28258e-05  -0.00010667  6.10642e-07  7.61053e-05  0.000128733  5.50489e-06  0.000126016 -6.92329e-06 -0.000174542  2.62112e-05 -0.000126249  7.62426e-07  9.33035e-05   0.00015611  6.60619e-06  9.24324e-05 -7.89923e-06 -0.000209926  3.10707e-05 -0.000145988  1.79842e-06  0.000109888   0.00018421  7.31505e-06  4.73735e-05 -7.00175e-06 -0.000249624  3.79764e-05 -0.000166261  3.95444e-06  0.000125342  0.000212948   7.5412e-06 -4.18935e-06 -4.97043e-05   -0.0029363  0.000583654  -0.00177608 -2.80593e-05  0.000172829   0.00063636  0.000987878 -7.08253e-05 -4.39908e-05  -0.00298352  0.000595649  -0.00179846 -2.34229e-05   0.00018483  0.000665674  0.000987182 -7.15902e-05  0.000397094  -0.00264036   0.00114204   -0.0033302  0.000182548   0.00171803   0.00279143   0.00147414  2.28943e-06  -0.00232162  0.000730106  -0.00312286  4.09907e-05   0.00204368   0.00280482  0.000934631 -0.000251963  -0.00217194  0.000469737  -0.00296539 -4.10315e-05   0.00227653   0.00283897  0.000440912 -0.000378721  -0.00217592  0.000346619  -0.00285442 -6.84367e-05    0.0024222   0.00289211   3.5904e-06 -0.000392144  -0.00231284  0.000344986  -0.00278731 -4.71996e-05   0.00248627   0.00296083  -0.00037122 -0.000305553  -0.00255659  0.000449602  -0.00276369  1.61155e-05   0.00247285   0.00303953 -0.000678082 -0.000131115  -0.00287437  0.000646027  -0.00278647  0.000114241   0.00238418   0.00311999 -0.000906935  0.000118501  -0.00322409  0.000918753  -0.00286195  0.000238388    0.0022214   0.00319088  -0.00103622   0.00042604  -0.00355046   0.00124676  -0.00299849  0.000376593   0.00198691    0.0032375  -0.00104389  0.000759632  -0.00383817   0.00159609  -0.00315847  0.000511859   0.00172291   0.00325452 -1.64105e-05
========================================
primal_step_norm SUCCESS
SOLVED , sqp_iter_: 0
AFTER initial_guess_[0].uk: [-0.029271, -0.456606, 0.140181, -0.487129, -0.017529, 0.033095, 0.121086, -0.002409]
BEFORE initial_guess_[0].uk: [-0.028096, -0.457770, 0.141427, -0.487650, -0.016977, 0.032042, 0.121162, -0.010200]
Initialization finished.
Allocations finished.
Setup successful.
Solver is ready.
Starting solver...
Solver initialization verified.
Solver finished.
===== SQP Iteration: 0 =====
step_ (179 x 1): 
 1.35945e-08  2.59561e-08  1.49991e-08  -5.4533e-09  1.40798e-09 -7.50005e-09    6.792e-09  1.83814e-09  3.80488e-07  7.77911e-06 -5.57076e-06 -6.06118e-07  6.82613e-06  3.51915e-06 -1.43705e-05  8.30492e-06  3.61007e-07  7.73706e-05  1.28875e-05 -5.93375e-06 -4.05549e-06  1.46542e-05  5.65619e-06 -2.69459e-05  1.62026e-05  1.39483e-06  0.000130245  1.65595e-05 -2.62565e-06  -9.0648e-06  2.28697e-05  6.92329e-06 -3.86455e-05  2.35154e-05  2.83924e-06  0.000159716   1.9926e-05  2.98711e-06 -1.44478e-05  3.09146e-05  7.78693e-06 -5.03051e-05  3.01436e-05  4.47256e-06  0.000168203  2.39571e-05  9.60534e-06 -1.91838e-05  3.83318e-05  8.66545e-06 -6.26339e-05   3.6054e-05  6.09727e-06  0.000158209  2.94435e-05  1.59651e-05 -2.24349e-05  4.47899e-05  9.93112e-06 -7.61874e-05  4.12966e-05  7.54157e-06  0.000132297  3.69677e-05  2.08052e-05 -2.35726e-05  5.01202e-05  1.19053e-05  -9.1335e-05  4.60247e-05  8.66131e-06  9.34683e-05  4.68509e-05  2.28496e-05 -2.22369e-05  5.43715e-05  1.48459e-05 -0.000108209  5.05145e-05  9.34901e-06  4.59486e-05    1.906e-05  -0.00266878  0.000530051  -0.00155343 -1.18753e-05 -8.12611e-05  0.000478543  0.000989473  -2.0083e-05  3.40639e-05  -0.00267349  0.000536756  -0.00155143 -6.58352e-06 -0.000101825  0.000483018  0.000989282 -1.97869e-05   0.00104226 -0.000437996 -7.31404e-05  0.000959749    0.0003903  -0.00206928  0.000925411   0.00157519  0.000682362 -2.36294e-05 -0.000457368   0.00110376  0.000237946  -0.00180865  0.000876523   0.00106494  0.000491011  0.000274041 -0.000665187   0.00115857  0.000141575  -0.00168235  0.000811309  0.000596859  0.000450198  0.000461029 -0.000715164    0.0011347  9.67578e-05  -0.00167624   0.00073516  0.000176939  0.000538564  0.000542683 -0.000629195    0.0010461  9.85024e-05  -0.00177215  0.000655375 -0.000193646   0.00073224  0.000521949  -0.00043157  0.000910551  0.000141661  -0.00194807  0.000581246 -0.000513324   0.00100357  0.000398955  -0.00015033  0.000751149  0.000220604  -0.00217707  0.000524214 -0.000773291   0.00131743  0.000172242  0.000178816  0.000598798  0.000328017  -0.00242474  0.000498037 -0.000949206   0.00165369 -0.000107133  0.000532373  0.000443993  0.000454681  -0.00268792  0.000494981  -0.00101271   0.00199821 -0.000386455  0.000892407  0.000283396   0.00058721  -0.00295767  0.000497076  5.51656e-06
========================================
primal_step_norm SUCCESS
SOLVED , sqp_iter_: 0
AFTER initial_guess_[0].uk: [-0.025829, -0.458722, 0.141268, -0.485563, -0.015959, 0.026641, 0.123578, -0.002324]
BEFORE initial_guess_[0].uk: [-0.024601, -0.459832, 0.142566, -0.486136, -0.015403, 0.025517, 0.123598, -0.010200]
Initialization finished.
Allocations finished.
Setup successful.
Solver is ready.
Starting solver...
Solver initialization verified.
Solver finished.
===== SQP Iteration: 0 =====
step_ (179 x 1): 
 1.76477e-08  4.77228e-08  2.19195e-08 -9.16612e-09  9.74609e-10 -1.03616e-08  7.06474e-09   3.8757e-09  6.21367e-07  4.40652e-06 -1.30063e-05  5.62534e-06 -6.29752e-06  3.57176e-06 -4.65821e-06  1.49928e-05  3.88739e-07    7.897e-05  5.80279e-06 -2.17551e-05  8.08929e-06 -1.12051e-05   5.8098e-06 -7.10564e-06  3.00373e-05  1.43317e-06  0.000129822  5.33499e-06 -2.82018e-05  8.62119e-06 -1.51671e-05  7.27656e-06 -8.08391e-06  4.52389e-05   2.8576e-06  0.000155015  4.02647e-06  -3.4122e-05  8.31885e-06   -1.858e-05  8.47925e-06 -8.26861e-06  6.07137e-05  4.42108e-06  0.000157629  2.76531e-06 -4.10842e-05  8.13275e-06 -2.17862e-05  9.86517e-06 -8.26297e-06  7.65732e-05  5.91445e-06  0.000140939  2.30832e-06 -5.04164e-05  8.86911e-06 -2.50822e-05  1.18207e-05 -8.59869e-06   9.2912e-05  7.16216e-06  0.000108346  3.28486e-06 -6.31584e-05  1.11922e-05 -2.87257e-05  1.46654e-05 -9.73875e-06  0.000109793  8.02281e-06  6.36439e-05  6.18343e-06 -7.99905e-05  1.56135e-05 -3.29443e-05   1.8636e-05  -1.2076e-05  0.000127232  8.40178e-06  1.17052e-05 -1.38985e-05  -0.00279618  0.000577417  -0.00164686 -1.66517e-06  9.17412e-06  0.000573226  0.000987966 -5.67238e-05 -6.32873e-06  -0.00282114  0.000586815  -0.00165277  4.80529e-06  3.67016e-06  0.000591429  0.000987399 -5.73736e-05  0.000587445  -0.00105287  0.000749474 -0.000889942  0.000396978 -0.000669745   0.00166437   0.00157759  0.000186304 -0.000708996  0.000328313 -0.000693339  0.000249215 -0.000351537   0.00166919   0.00101319 -6.21687e-05 -0.000522674  7.08862e-05 -0.000559502  0.000163241 -0.000140012   0.00168693  0.000500172 -0.000174271 -0.000480269 -4.03573e-05 -0.000481704  0.000133553 -2.58502e-05   0.00171761  4.87204e-05  -0.00016802 -0.000564939 -2.49314e-05 -0.000452504  0.000153675  1.48534e-06   0.00176055 -0.000337295 -6.09761e-05 -0.000757136  9.79399e-05 -0.000465199  0.000216743 -4.77166e-05   0.00181393 -0.000655304  0.000129932   -0.0010337  0.000309464 -0.000514427  0.000315365 -0.000163682   0.00187432 -0.000897375  0.000386225  -0.00136537  0.000588869 -0.000595651  0.000440639 -0.000335922   0.00193637   -0.0010419  0.000682911  -0.00171261  0.000908011 -0.000703243  0.000580175 -0.000550267   0.00199248  -0.00106678   0.00100853  -0.00202838   0.00125193 -0.000834624  0.000718221 -0.000793628   0.00202116 -1.31737e-05
========================================
primal_step_norm SUCCESS
SOLVED , sqp_iter_: 0
AFTER initial_guess_[0].uk: [-0.023323, -0.462122, 0.144196, -0.488071, -0.014367, 0.023769, 0.127942, -0.002312]
BEFORE initial_guess_[0].uk: [-0.022091, -0.463273, 0.145503, -0.488626, -0.013794, 0.022665, 0.127995, -0.010461]
Initialization finished.
Allocations finished.
Setup successful.
Solver is ready.
Starting solver...
Solver initialization verified.
Solver finished.
===== SQP Iteration: 0 =====
step_ (179 x 1): 
 2.15759e-08   8.3387e-08  2.61994e-08 -1.28509e-08  3.12614e-10 -1.78456e-08  5.18229e-09  1.09541e-08  9.63895e-07   3.5372e-06 -3.38018e-05  6.70945e-06 -2.21292e-05  1.87513e-06  1.26477e-05  2.64723e-05  4.04463e-07  8.07835e-05  4.06802e-06 -6.32256e-05  1.02477e-05 -4.28741e-05  2.35604e-06  2.74959e-05  5.28892e-05  1.48109e-06  0.000133067  2.75615e-06 -9.03036e-05  1.18653e-05 -6.26369e-05  2.01674e-06  4.38333e-05  7.93406e-05  2.94974e-06  0.000159352  6.46021e-07 -0.000116849  1.26828e-05 -8.17882e-05  1.36236e-06  6.10068e-05  0.000105929  4.56695e-06  0.000162872 -1.34644e-06 -0.000144415  1.36802e-05 -0.000100675  8.39135e-07  7.84143e-05  0.000132744  6.12231e-06  0.000146955 -2.42463e-06 -0.000174252  1.57055e-05 -0.000119633  8.35059e-07  9.54947e-05  0.000159848  7.43913e-06  0.000114963 -1.90417e-06 -0.000207264  1.94764e-05 -0.000139002  1.67372e-06  0.000111723  0.000187269  8.37365e-06   7.0526e-05  7.71133e-07 -0.000243942  2.55676e-05 -0.000159136  3.61793e-06  0.000126611  0.000214983  8.81891e-06  1.83379e-05 -1.16625e-05  -0.00300434  0.000598728  -0.00179523 -1.22292e-05  0.000159295  0.000689161  0.000987877 -5.16967e-05 -3.85903e-06  -0.00304821  0.000610238   -0.0018176  -7.7383e-06  0.000170605  0.000717245  0.000987364 -5.21262e-05  0.000472653  -0.00274025  0.000895475  -0.00312644  0.000208842   0.00181871   0.00293924   0.00161451  7.22485e-05  -0.00238596  0.000473004  -0.00293078  5.50995e-05   0.00213498   0.00293121   0.00104078 -0.000173286    -0.002196   0.00021702  -0.00279157  -3.6721e-05   0.00234965   0.00293542    0.0005213 -0.000279839  -0.00215317  0.000110248  -0.00270481 -7.23467e-05   0.00247009   0.00295115  6.60056e-05 -0.000264317  -0.00223609  0.000134097  -0.00266716 -5.82547e-05    0.0025037   0.00297668 -0.000322703 -0.000142598  -0.00242034  0.000270859  -0.00267717 -9.53047e-07   0.00245662   0.00300917 -0.000644361  7.03467e-05  -0.00267806  0.000503544  -0.00273541  9.29611e-05   0.00233377   0.00304451  -0.00089299  0.000357728  -0.00297572  0.000812873  -0.00284352   0.00021579   0.00214049   0.00307723   -0.0010477  0.000695072   -0.0032701   0.00117096  -0.00300159  0.000356588   0.00188612   0.00310049  -0.00108594   0.00104129  -0.00356217   0.00153531  -0.00315998  0.000498816   0.00162229   0.00311827  -7.8082e-06
========================================
primal_step_norm SUCCESS
SOLVED , sqp_iter_: 0
AFTER initial_guess_[0].uk: [-0.021063, -0.469233, 0.147451, -0.495426, -0.013249, 0.027412, 0.135666, -0.002388]
BEFORE initial_guess_[0].uk: [-0.019831, -0.470437, 0.148764, -0.495944, -0.012664, 0.026348, 0.135750, -0.010763]
Initialization finished.
Allocations finished.
Setup successful.
Solver is ready.
Starting solver...
Solver initialization verified.
Solver finished.
===== SQP Iteration: 0 =====
step_ (179 x 1): 
 8.83977e-09  5.60671e-08  1.11918e-08 -7.43906e-09 -8.59497e-10  -1.3538e-08    1.188e-09   9.6598e-09  7.68642e-07  8.68899e-06 -4.54827e-06 -1.58412e-06  8.24017e-06  3.78706e-06 -1.50003e-05  8.10866e-06  3.83404e-07   8.3411e-05  1.45738e-05 -3.67663e-06  -6.1778e-06  1.74692e-05   6.0882e-06 -2.82003e-05  1.57575e-05  1.50198e-06  0.000140636  1.89767e-05  1.07728e-06 -1.23979e-05  2.70505e-05  7.45926e-06  -4.0542e-05  2.27543e-05  3.06831e-06  0.000173229  2.30679e-05  8.35679e-06 -1.90144e-05  3.64335e-05  8.38239e-06 -5.28608e-05  2.89877e-05  4.85047e-06  0.000184049   2.7833e-05  1.68712e-05 -2.49865e-05  4.51793e-05  9.28036e-06 -6.58512e-05  3.44222e-05  6.64496e-06  0.000175853  3.40655e-05  2.53512e-05 -2.94688e-05  5.29804e-05  1.05572e-05 -8.00483e-05   3.9117e-05  8.27557e-06  0.000151222  4.23477e-05  3.25067e-05 -3.18292e-05  5.96932e-05   1.2534e-05 -9.58005e-05  4.32417e-05   9.5952e-06  0.000112977  5.30006e-05  3.69981e-05 -3.16997e-05  6.53888e-05  1.54828e-05 -0.000113222  4.70992e-05  1.04837e-05  6.51247e-05  5.63726e-05   -0.0027259   0.00054702  -0.00156716  5.02901e-06 -0.000101568  0.000525258  0.000989498 -3.30256e-06   7.2234e-05  -0.00272815  0.000552629  -0.00156361  1.03822e-05 -0.000122599  0.000529088  0.000989472 -2.82002e-06   0.00115956 -0.000358016 -0.000208059   0.00116212  0.000418369  -0.00215887  0.000903026   0.00169148  0.000784996  7.39964e-05 -0.000610609   0.00130205  0.000256333  -0.00189853  0.000848686   0.00114731  0.000587628  0.000389063 -0.000827261   0.00135188  0.000153077  -0.00177471  0.000776022  0.000654582  0.000545971  0.000593951 -0.000880229   0.00132407  0.000103302    -0.001771   0.00069125  0.000218857  0.000635642  0.000694059 -0.000794529    0.0012342   0.00010136  -0.00186728  0.000602651 -0.000162213  0.000830932  0.000691331 -0.000596291   0.00110096  0.000141886  -0.00204048  0.000520577 -0.000491816    0.0011037  0.000583846 -0.000313903  0.000947504  0.000219481  -0.00226365  0.000457509 -0.000765065   0.00141929   0.00036747  1.76027e-05  0.000804116  0.000327292  -0.00250314  0.000428139 -0.000958465   0.00175984  9.33779e-05  0.000376813  0.000657709  0.000456635  -0.00275906  0.000423907  -0.00104488   0.00211503 -0.000186508  0.000749596  0.000500665  0.000594656  -0.00302662  0.000425499  1.03247e-05
========================================
primal_step_norm SUCCESS
SOLVED , sqp_iter_: 0
AFTER initial_guess_[0].uk: [-0.017309, -0.471216, 0.148311, -0.493416, -0.011572, 0.020714, 0.138107, -0.002306]
BEFORE initial_guess_[0].uk: [-0.016027, -0.472347, 0.149672, -0.493984, -0.010986, 0.019585, 0.138127, -0.010665]
Initialization finished.
Allocations finished.
Setup successful.
Solver is ready.
Starting solver...
Solver initialization verified.
Solver finished.
===== SQP Iteration: 0 =====
step_ (179 x 1): 
-2.26266e-08 -1.80215e-08 -2.55932e-08  3.42498e-09 -9.99527e-09 -8.63509e-10 -5.37556e-11  2.87626e-09  1.42939e-06  2.46821e-06 -3.02278e-05  8.34564e-06 -2.15895e-05  2.72112e-06  1.14422e-05  2.54936e-05  3.74028e-07  8.35935e-05  1.78205e-06 -5.62775e-05  1.33835e-05 -4.17115e-05  4.04996e-06  2.51743e-05  5.11499e-05  1.45695e-06  0.000136285 -9.26783e-07 -8.04553e-05  1.63399e-05 -6.07112e-05  4.59658e-06  4.05504e-05  7.71609e-05  2.92697e-06  0.000161302 -4.63984e-06 -0.000104711  1.83204e-05 -7.89008e-05  4.89645e-06  5.69676e-05  0.000103712  4.52674e-06  0.000162468 -8.47835e-06 -0.000130698  2.02756e-05 -9.65624e-05  5.41704e-06  7.38783e-05  0.000130954  6.03799e-06  0.000143714 -1.16788e-05 -0.000159725  2.30222e-05 -0.000113974  6.55476e-06  9.07663e-05  0.000158983  7.29347e-06  0.000108906 -1.35739e-05  -0.00019268  2.72618e-05  -0.00013144  8.63365e-06  0.000107129  0.000187811  8.14091e-06  6.20448e-05 -1.35725e-05  -0.00022994  3.35965e-05 -0.000149333  1.18998e-05   0.00012245  0.000217339  8.48579e-06  8.04097e-06 -5.15623e-06  -0.00303754  0.000624029  -0.00180177  7.27936e-06  0.000146005  0.000725494  0.000986879 -6.31385e-05 -1.51553e-07   -0.0030823  0.000635716  -0.00182163  1.31794e-05  0.000157963  0.000755628  0.000986245 -6.38208e-05  0.000333461  -0.00243437   0.00111753  -0.00305075  0.000300802   0.00164165    0.0028324   0.00165647 -8.97967e-05   -0.0021039  0.000672923  -0.00284312  0.000147365   0.00197334   0.00284834   0.00103895 -0.000359367  -0.00195117  0.000395477  -0.00268487  6.04812e-05   0.00221002   0.00288723  0.000486023 -0.000493335  -0.00195689  0.000265307  -0.00257051  3.32254e-05   0.00236021   0.00294699  9.78661e-06 -0.000510146  -0.00209686  0.000261782  -0.00249588   5.7759e-05   0.00243165   0.00302366 -0.000387809 -0.000425465  -0.00234278   0.00036688  -0.00246042  0.000126239   0.00242913   0.00311092  -0.00070839 -0.000251377  -0.00266117  0.000565925  -0.00246845  0.000230858   0.00235379   0.00319961  -0.00094874  1.49949e-06  -0.00301048  0.000845228  -0.00252895   0.00036283   0.00220414    0.0032772  -0.00109038  0.000318368  -0.00333624   0.00118594   -0.0026537  0.000510129   0.00197935   0.00332751  -0.00111605  0.000670729  -0.00362727   0.00155777  -0.00280878  0.000656078   0.00171753   0.00334512 -1.67923e-05
========================================
primal_step_norm SUCCESS
SOLVED , sqp_iter_: 0
AFTER initial_guess_[0].uk: [-0.015302, -0.477642, 0.152102, -0.500619, -0.010201, 0.023869, 0.145519, -0.002383]
BEFORE initial_guess_[0].uk: [-0.014037, -0.478849, 0.153453, -0.501133, -0.009597, 0.022804, 0.145601, -0.011030]
Initialization finished.
Allocations finished.
Setup successful.
Solver is ready.
Starting solver...
Solver initialization verified.
Solver finished.
===== SQP Iteration: 0 =====
step_ (179 x 1): 
 -7.6819e-09   4.9745e-10 -8.94175e-09  2.17643e-09 -1.33929e-08  4.28766e-09  5.67637e-09  1.85357e-09  5.81207e-07  8.95222e-06 -3.18371e-06 -1.75969e-06  8.99463e-06  3.99432e-06 -1.55726e-05  7.81913e-06  3.99112e-07  8.45066e-05   1.4986e-05 -1.10873e-06 -6.66542e-06  1.89893e-05  6.47872e-06 -2.93248e-05  1.51513e-05  1.54093e-06  0.000143066  1.94989e-05   4.8056e-06 -1.32444e-05  2.93582e-05  8.00963e-06 -4.21852e-05  2.18371e-05  3.14165e-06  0.000176392  2.36775e-05  1.31983e-05 -2.02462e-05  3.95718e-05  9.07107e-06 -5.49741e-05  2.77643e-05  4.96393e-06  0.000187691  2.85149e-05  2.27992e-05 -2.66208e-05  4.92084e-05  1.00971e-05 -6.83699e-05  3.28923e-05  6.80378e-06  0.000179921   3.4807e-05  3.23735e-05 -3.15186e-05  5.79714e-05  1.14728e-05  -8.2898e-05  3.72734e-05  8.48276e-06   0.00015569  4.31387e-05  4.06666e-05 -3.43033e-05  6.57185e-05  1.35368e-05 -9.89046e-05  4.10737e-05  9.84894e-06  0.000117682  5.38362e-05  4.63182e-05 -3.46255e-05  7.25109e-05  1.65716e-05 -0.000116512  4.46012e-05  1.07845e-05  6.97308e-05   7.8159e-05  -0.00276254  0.000560988  -0.00157521  1.74762e-05 -0.000114117  0.000556401  0.000989173  4.49507e-07  9.40992e-05  -0.00276366   0.00056622  -0.00157047  2.29499e-05 -0.000135282  0.000559895  0.000989182  1.16319e-06   0.00118535 -0.000265602 -0.000242664   0.00127249  0.000443617  -0.00224031  0.000867496   0.00174945  0.000801344   0.00016438  -0.00065635   0.00141277  0.000276726  -0.00197765  0.000813896   0.00118523  0.000598618  0.000475585 -0.000879381   0.00146567  0.000170209  -0.00184947  0.000741892  0.000679455  0.000553872  0.000676705 -0.000935978   0.00144379   0.00011801  -0.00183893  0.000657453  0.000237457  0.000641323  0.000774747 -0.000852725   0.00136241  0.000113932    -0.001926   0.00056867 -0.000145833  0.000834663  0.000772542 -0.000656426   0.00123936  0.000152476  -0.00208839  0.000485862 -0.000477338   0.00110592  0.000668187 -0.000375306   0.00109638  0.000228582  -0.00230054  0.000421747 -0.000755363   0.00142085   0.00045679 -4.39191e-05  0.000962149   0.00033609  -0.00253053  0.000391632 -0.000957349   0.00176266  0.000187484  0.000317384  0.000823073  0.000466612  -0.00277921  0.000386936  -0.00105739   0.00212329 -9.04074e-05   0.00069685  0.000670394  0.000607644   -0.0030432  0.000388063  1.27454e-05
========================================
primal_step_norm SUCCESS
SOLVED , sqp_iter_: 0
AFTER initial_guess_[0].uk: [-0.011459, -0.479427, 0.152926, -0.498365, -0.008439, 0.016957, 0.147865, -0.002283]
BEFORE initial_guess_[0].uk: [-0.010150, -0.480561, 0.154318, -0.498919, -0.007838, 0.015837, 0.147885, -0.010864]
Initialization finished.
Allocations finished.
Setup successful.
Solver is ready.
Starting solver...
Solver initialization verified.
Solver finished.
===== SQP Iteration: 0 =====
step_ (179 x 1): 
-1.62768e-08  1.52773e-08 -1.61831e-08  5.59024e-09 -3.26724e-08  1.03919e-08  1.12552e-08  6.78645e-09  1.04022e-06  2.27817e-06  -2.8664e-05  8.22063e-06 -2.03125e-05  3.19487e-06   1.0759e-05  2.53506e-05  4.28762e-07  8.54855e-05   1.3398e-06 -5.32914e-05  1.30549e-05 -3.91996e-05  5.01176e-06  2.37868e-05  5.08481e-05  1.55113e-06  0.000138955  -1.6328e-06 -7.60715e-05  1.57916e-05  -5.6998e-05  6.04463e-06  3.84329e-05  7.67063e-05  3.06347e-06  0.000163969  -5.6079e-06 -9.89518e-05  1.75548e-05  -7.4002e-05  6.84416e-06  5.41083e-05  0.000103117  4.70475e-06  0.000164778 -9.70623e-06 -0.000123568  1.92981e-05 -9.04726e-05  7.88247e-06  7.02841e-05  0.000130235  6.25403e-06  0.000145622 -1.31729e-05   -0.0001512  2.18307e-05 -0.000106667   9.5566e-06  8.64658e-05  0.000158158   7.5323e-06  0.000110454 -1.53434e-05 -0.000182715  2.58521e-05 -0.000122874  1.21916e-05  0.000102164  0.000186899  8.39887e-06  6.31917e-05 -1.56208e-05 -0.000218483  3.19737e-05 -0.000139459  1.60352e-05  0.000116868  0.000216353  8.75642e-06  8.65021e-06  1.35236e-05  -0.00307051  0.000639133  -0.00180568  2.34037e-05  0.000130612  0.000758077  0.000986524 -6.35435e-05  1.83229e-05   -0.0031138  0.000650671  -0.00182416  2.99409e-05  0.000142004   0.00078815  0.000985886 -6.42537e-05  0.000305514  -0.00232546   0.00109701  -0.00286994  0.000358307   0.00154521   0.00281297   0.00170297 -0.000124131  -0.00199643  0.000644684  -0.00266775  0.000201972   0.00187284   0.00282982    0.0010611 -0.000395752  -0.00184626  0.000364657  -0.00251361  0.000114672   0.00210601   0.00287018  0.000491896 -0.000529713  -0.00185414   0.00023453  -0.00240114   8.8549e-05   0.00225437   0.00293182  7.77359e-06 -0.000546345  -0.00199468  0.000231597  -0.00232563  0.000114935   0.00232648   0.00301064 -0.000391722 -0.000462182  -0.00223905  0.000336806  -0.00228655  0.000185486   0.00232729   0.00310011 -0.000711888 -0.000289047  -0.00255404  0.000535667   -0.0022888  0.000292274   0.00225738   0.00319081 -0.000952903 -3.64698e-05  -0.00289903  0.000815559  -0.00234246  0.000426646   0.00211416   0.00326994  -0.00109772  0.000281936  -0.00322064   0.00115879   -0.0024605  0.000576672   0.00189558   0.00332098  -0.00113139  0.000639727  -0.00350957   0.00153731  -0.00261101  0.000726099   0.00163757   0.00333848 -1.70109e-05
========================================
primal_step_norm SUCCESS
SOLVED , sqp_iter_: 0
AFTER initial_guess_[0].uk: [-0.009485, -0.485619, 0.156704, -0.505162, -0.006903, 0.019870, 0.155227, -0.002349]
BEFORE initial_guess_[0].uk: [-0.008197, -0.486825, 0.158085, -0.505659, -0.006283, 0.018818, 0.155310, -0.011202]
Initialization finished.
Allocations finished.
Setup successful.
Solver is ready.
Starting solver...
Solver initialization verified.
Solver finished.
===== SQP Iteration: 0 =====
step_ (179 x 1): 
-7.83863e-09  7.44504e-09 -7.90002e-09  3.41317e-09 -2.83144e-09  5.09035e-09  5.60036e-09  2.55699e-09  5.14038e-07  9.02393e-06 -2.28469e-06 -1.90448e-06  9.76793e-06  4.27674e-06 -1.59983e-05  7.58164e-06  4.15575e-07  8.74735e-05  1.51026e-05  7.35436e-07 -6.98968e-06  2.04956e-05  6.96019e-06 -3.01867e-05  1.46884e-05  1.59459e-06  0.000147411  1.96473e-05  7.57747e-06 -1.37691e-05  3.15743e-05  8.65865e-06 -4.35015e-05  2.11352e-05  3.24253e-06  0.000181621  2.38568e-05  1.68974e-05 -2.09781e-05   4.2496e-05   9.8679e-06 -5.67433e-05  2.68058e-05   5.1213e-06  0.000193646  2.87226e-05  2.74488e-05 -2.75653e-05  5.28631e-05   1.1023e-05 -7.05693e-05  3.16587e-05  7.02457e-06  0.000186659  3.50327e-05  3.80242e-05 -3.26879e-05  6.24018e-05  1.25083e-05 -8.54821e-05  3.57472e-05  8.77496e-06  0.000163236  4.33671e-05  4.73854e-05 -3.57146e-05  7.09866e-05  1.46658e-05  -0.00010181  3.92423e-05  1.02209e-05  0.000125883  5.40502e-05  5.42186e-05 -3.62629e-05  7.86847e-05  1.77867e-05 -0.000119676   4.2455e-05  1.12404e-05  7.81815e-05  9.91308e-05  -0.00279779  0.000575908  -0.00158183  3.08044e-05 -0.000127266  0.000587504  0.000989079  8.23092e-06  0.000115122  -0.00279759  0.000580969   -0.0015761  3.64003e-05 -0.000148606  0.000590674  0.000989166  9.00994e-06   0.00119962 -0.000184571 -0.000255947   0.00138003  0.000469033  -0.00229901  0.000843485   0.00178862  0.000810248  0.000244058 -0.000676673   0.00151468  0.000298022  -0.00204063  0.000788909   0.00120773  0.000606009  0.000553887 -0.000902307   0.00156429  0.000188789  -0.00191501   0.00071543   0.00069284  0.000561267  0.000754918 -0.000959608   0.00154221  0.000134502   -0.0019043  0.000629142  0.000248749  0.000648428  0.000855023 -0.000877105   0.00146407  0.000128424  -0.00198792  0.000538316 -0.000132809   0.00084044  0.000857163 -0.000682397   0.00134738  0.000164961   -0.0021438  0.000453499 -0.000462956   0.00110969  0.000758817 -0.000403298   0.00121286  0.000239418   -0.0023474  0.000387699 -0.000743444   0.00142295  0.000553974  -7.3242e-05   0.00108767  0.000346296   -0.0025684   0.00035657 -0.000952657   0.00176493  0.000290458  0.000288908  0.000956783   0.00047763  -0.00280911  0.000351328  -0.00106614   0.00213031  1.55281e-05  0.000674271  0.000809441  0.000621457  -0.00306837  0.000351995  1.41925e-05
========================================
primal_step_norm SUCCESS
SOLVED , sqp_iter_: 0
AFTER initial_guess_[0].uk: [-0.005587, -0.487227, 0.157528, -0.502658, -0.005059, 0.012818, 0.157511, -0.002259]
BEFORE initial_guess_[0].uk: [-0.004257, -0.488356, 0.158947, -0.503192, -0.004444, 0.011716, 0.157530, -0.011001]
Initialization finished.
Allocations finished.
Setup successful.
Solver is ready.
Starting solver...
Solver initialization verified.
Solver finished.
===== SQP Iteration: 0 =====
step_ (179 x 1): 
-1.33832e-08  1.13049e-08 -1.22551e-08   4.7376e-09 -4.47076e-09  7.80775e-09  1.06111e-08  4.32545e-09  9.32777e-07   2.1117e-06 -2.76687e-05  8.06805e-06 -1.94553e-05  3.66121e-06  1.05248e-05  2.52951e-05  4.30626e-07  8.71448e-05  9.72435e-07 -5.13336e-05  1.27065e-05 -3.75338e-05  5.89649e-06  2.32776e-05  5.07479e-05   1.5697e-06  0.000141113  -2.2026e-06 -7.32129e-05  1.52447e-05 -5.45617e-05  7.34888e-06  3.76123e-05  7.65753e-05  3.10234e-06  0.000165936 -6.36989e-06 -9.52461e-05  1.68215e-05  -7.0812e-05  8.58069e-06  5.29583e-05  0.000102973  4.76067e-06  0.000166313 -1.06548e-05 -0.000119038  1.83843e-05 -8.65202e-05  1.00684e-05    6.881e-05  0.000130099  6.32319e-06  0.000146792  -1.4313e-05 -0.000145843  2.07381e-05 -0.000101919  1.22089e-05  8.46998e-05  0.000158051  7.61133e-06  0.000111416 -1.66861e-05 -0.000176505  2.45787e-05 -0.000117282   1.5327e-05   0.00010015  0.000186838  8.48612e-06   6.4038e-05 -1.71727e-05 -0.000211377  3.05173e-05 -0.000132965  1.96725e-05  0.000114661  0.000216351  8.85083e-06  9.27694e-06  3.25588e-05  -0.00310556  0.000654108  -0.00181099  3.97025e-05  0.000118309  0.000791386  0.000986067 -6.36615e-05  3.71895e-05  -0.00314787   0.00066552  -0.00182848  4.67934e-05  0.000129591  0.000821522  0.000985429 -6.44273e-05  0.000282155  -0.00224284   0.00107553  -0.00274786  0.000406689   0.00151256   0.00280725   0.00173577  -0.00015143  -0.00191796  0.000618169   -0.0025533  0.000248228   0.00183351   0.00282494   0.00107107 -0.000423042  -0.00177286  0.000337889  -0.00240468  0.000161139   0.00206135   0.00286672  0.000487971 -0.000555578  -0.00178511  0.000209481  -0.00229469  0.000136539     0.002207   0.00293025 -1.00488e-06 -0.000571355   -0.0019281  0.000208006  -0.00221812  0.000164897   0.00227977   0.00301127 -0.000399174 -0.000487754  -0.00217244    0.0003134  -0.00217453  0.000237388   0.00228467   0.00310303    -0.000716 -0.000316162  -0.00248512  0.000511532  -0.00216971  0.000346025   0.00222144   0.00319582  -0.00095546 -6.47373e-05  -0.00282628  0.000791149  -0.00221514  0.000482399   0.00208607   0.00327653   -0.0011021  0.000254374  -0.00314342   0.00113599  -0.00232542  0.000634783   0.00187488   0.00332826  -0.00114353  0.000617014  -0.00342952   0.00152056  -0.00247053  0.000787472   0.00162171   0.00334563 -1.77139e-05
========================================
primal_step_norm SUCCESS
SOLVED , sqp_iter_: 0
AFTER initial_guess_[0].uk: [-0.003643, -0.493234, 0.161286, -0.509169, -0.003382, 0.015664, 0.164857, -0.002323]
BEFORE initial_guess_[0].uk: [-0.002334, -0.494437, 0.162692, -0.509646, -0.002748, 0.014632, 0.164941, -0.011334]
Initialization finished.
Allocations finished.
Setup successful.
Solver is ready.
Starting solver...
Solver initialization verified.
Solver finished.
===== SQP Iteration: 0 =====
step_ (179 x 1): 
 2.34687e-09 -1.00476e-08  2.68696e-09  -3.5141e-09  1.43195e-09 -5.51384e-09  4.38084e-09 -7.31298e-10  4.89794e-07  9.21759e-06 -1.39716e-06 -2.10878e-06  1.05555e-05  4.44164e-06 -1.63576e-05  7.41541e-06  4.26138e-07   8.9229e-05  1.54582e-05  2.49494e-06 -7.44098e-06  2.20195e-05  7.30054e-06 -3.09472e-05  1.43465e-05  1.62468e-06  0.000150048  2.01619e-05   1.0193e-05 -1.44773e-05  3.37956e-05   9.1542e-06 -4.46973e-05  2.06025e-05  3.30141e-06  0.000184802   2.4537e-05  2.03747e-05 -2.19381e-05  4.53984e-05  1.05023e-05 -5.83882e-05  2.60632e-05  5.21475e-06  0.000197411  2.95685e-05  3.18307e-05 -2.87823e-05  5.64568e-05  1.17788e-05 -7.26537e-05  3.06855e-05  7.15964e-06  0.000191201  3.60331e-05  4.33843e-05 -3.41779e-05  6.67222e-05  1.33663e-05 -8.79693e-05  3.45234e-05  8.96056e-06  0.000168717  4.45002e-05  5.38162e-05 -3.74983e-05  7.60873e-05  1.56084e-05 -0.000104648  3.77511e-05  1.04661e-05  0.000132219  5.53004e-05  6.18131e-05 -3.83579e-05    8.463e-05  1.88053e-05 -0.000122802  4.06866e-05  1.15525e-05  8.49798e-05  0.000121116  -0.00283107  0.000589976  -0.00158674  4.45929e-05 -0.000140682  0.000618761  0.000988902  1.46135e-05  0.000137249  -0.00282958  0.000594764  -0.00158006  5.02923e-05 -0.000162212  0.000621643  0.000989054  1.54688e-05   0.00122435 -0.000110902 -0.000284234   0.00149253  0.000491963  -0.00234908  0.000825048   0.00181868  0.000831426  0.000315326 -0.000710026   0.00161904  0.000317436   -0.0020978  0.000769365    0.0012232  0.000627157  0.000623602 -0.000936681   0.00166294  0.000205964  -0.00197742  0.000694217  0.000701723  0.000583383  0.000825141 -0.000993684   0.00163845  0.000149876  -0.00196892  0.000605843  0.000258343  0.000670637  0.000928506 -0.000911588   0.00156167   0.00014187  -0.00205109  0.000512715 -0.000118834  0.000861156  0.000936516 -0.000718738   0.00144988  0.000176272  -0.00220195  0.000425645 -0.000445543    0.0011278  0.000845689 -0.000442396   0.00132298  0.000248802  -0.00239786  0.000357961 -0.000727278   0.00143854  0.000648463 -0.000114672   0.00120685  0.000354687  -0.00260987  0.000325713 -0.000943386    0.0017798  0.000391573  0.000247324   0.00108466  0.000486477   -0.0028421  0.000319857  -0.00107102   0.00214933  0.000120347  0.000637916  0.000943316  0.000632877  -0.00309588   0.00032003  1.58064e-05
========================================
primal_step_norm SUCCESS
SOLVED , sqp_iter_: 0
AFTER initial_guess_[0].uk: [0.000329, -0.494678, 0.162073, -0.506399, -0.001464, 0.008501, 0.167095, -0.002240]
BEFORE initial_guess_[0].uk: [0.001677, -0.495799, 0.163514, -0.506911, -0.000836, 0.007423, 0.167113, -0.011100]
Initialization finished.
Allocations finished.
Setup successful.
Solver is ready.
Starting solver...
Solver initialization verified.
Solver finished.
===== SQP Iteration: 0 =====
step_ (179 x 1): 
 3.21873e-09 -1.61481e-08   5.2281e-09 -4.90938e-09  2.42014e-09 -9.59595e-09   8.0366e-09 -1.99589e-09  8.71365e-07  1.98352e-06 -2.68157e-05  7.89795e-06  -1.8724e-05  4.07785e-06  1.04218e-05  2.52582e-05  4.31718e-07  8.82244e-05  6.98481e-07 -4.96997e-05   1.2339e-05 -3.61365e-05   6.7155e-06  2.30158e-05  5.06829e-05  1.58073e-06  0.000142321 -2.61598e-06 -7.08651e-05  1.46821e-05 -5.25424e-05   8.5752e-06    3.715e-05  7.64955e-05  3.12215e-06    0.0001667 -6.90858e-06 -9.22452e-05  1.60804e-05 -6.81901e-05  1.02297e-05  5.22798e-05  0.000102896  4.78471e-06   0.00016654 -1.13147e-05 -0.000115425    1.748e-05 -8.32872e-05  1.21578e-05  6.79206e-05  0.000130043   6.3473e-06  0.000146662 -1.50999e-05 -0.000141619  1.96693e-05 -9.80401e-05  1.47545e-05   8.3627e-05  0.000158036  7.63334e-06    0.0001112 -1.76135e-05  -0.00017164  2.33347e-05 -0.000112704  1.83432e-05  9.89449e-05  0.000186881  8.50618e-06  6.38798e-05 -1.82541e-05 -0.000205817  2.90913e-05 -0.000127624  2.31761e-05  0.000113381  0.000216466  8.87053e-06  9.08584e-06  5.20898e-05  -0.00314007  0.000668708  -0.00181564  5.65043e-05   0.00010676  0.000824599  0.000985593 -6.44077e-05   5.6596e-05  -0.00318158  0.000679985  -0.00183226   6.4126e-05  0.000118062  0.000854809  0.000984946  -6.5218e-05  0.000264341  -0.00217319   0.00105185  -0.00264442  0.000452602   0.00149882   0.00280345   0.00175934 -0.000171639   -0.0018541   0.00059114  -0.00245878  0.000292603   0.00181156   0.00282198   0.00107338 -0.000441997  -0.00171529  0.000311969  -0.00231655  0.000206211   0.00203306   0.00286515  0.000478555  -0.00057234  -0.00173275  0.000186118  -0.00220948  0.000183439   0.00217548   0.00293052 -1.26926e-05  -0.00058704  -0.00187863  0.000186334  -0.00213184  0.000213852    0.0022489   0.00301364 -0.000406967  -0.00050427  -0.00212305    0.0002916  -0.00208342  0.000288155   0.00225823   0.00310757 -0.000718351 -0.000334831  -0.00243328  0.000488313  -0.00207095   0.00039837    0.0022023   0.00320234 -0.000954909 -8.53082e-05  -0.00277023  0.000766798   -0.0021075  0.000536412   0.00207553   0.00328449  -0.00110283  0.000233785  -0.00308229   0.00111242  -0.00220944  0.000690831   0.00187241   0.00333675  -0.00115242  0.000600768   -0.0033649   0.00150244  -0.00234857  0.000846581   0.00162473   0.00335391 -1.85508e-05
========================================
primal_step_norm SUCCESS
SOLVED , sqp_iter_: 0
AFTER initial_guess_[0].uk: [0.002252, -0.500525, 0.165802, -0.512663, 0.000345, 0.011335, 0.174430, -0.002304]
BEFORE initial_guess_[0].uk: [0.003578, -0.501719, 0.167229, -0.513115, 0.000992, 0.010329, 0.174515, -0.011434]
Initialization finished.
Allocations finished.
Setup successful.
Solver is ready.
Starting solver...
Solver initialization verified.
Solver finished.
===== SQP Iteration: 0 =====
step_ (179 x 1): 
 2.82254e-09 -1.27693e-08  3.35327e-09 -3.67181e-09   2.0153e-09 -6.66215e-09  5.34597e-09 -9.41637e-10   6.1272e-07  9.18307e-06 -4.76812e-07 -2.15384e-06  1.13467e-05  4.66324e-06 -1.66424e-05   7.2448e-06  4.44405e-07  9.05676e-05  1.54046e-05  4.23687e-06 -7.52225e-06  2.35155e-05  7.73065e-06 -3.16117e-05  1.39898e-05  1.65924e-06  0.000151921  2.00983e-05  1.27265e-05 -1.45937e-05  3.59467e-05  9.77739e-06 -4.57901e-05  2.00449e-05  3.35573e-06  0.000186991  2.44736e-05  2.37058e-05 -2.20885e-05   4.8181e-05  1.13051e-05 -5.99312e-05  2.52873e-05  5.29241e-06  0.000200072  2.95037e-05  3.60015e-05 -2.89712e-05  5.98762e-05  1.27443e-05 -7.46383e-05  2.96718e-05   7.2668e-06  0.000194662  3.59494e-05  4.84727e-05  -3.4424e-05  7.08116e-05  1.44737e-05 -9.03629e-05  3.32528e-05  9.10618e-06  0.000173231  4.43724e-05   5.9921e-05 -3.78287e-05  8.09013e-05  1.68376e-05 -0.000107398  3.62077e-05  1.06605e-05  0.000137771  5.51037e-05  6.90333e-05 -3.87969e-05  9.02339e-05  2.01457e-05 -0.000125844  3.88612e-05  1.18049e-05  9.12469e-05  0.000141486  -0.00286268   0.00060549  -0.00159023  5.93731e-05 -0.000154188  0.000649745  0.000988719  2.06677e-05  0.000157568  -0.00285993  0.000610198  -0.00158265  6.52054e-05 -0.000175909  0.000652332  0.000988931  2.16021e-05   0.00122438 -4.06997e-05 -0.000285327   0.00160125  0.000518209  -0.00239531  0.000805316   0.00184163  0.000828974   0.00038204 -0.000715022    0.0017184  0.000340612  -0.00215253  0.000748632   0.00123336  0.000625354  0.000688158  -0.00094196    0.0017556  0.000227243  -0.00203849   0.00067195  0.000707288  0.000582797  0.000890009 -0.000998409   0.00172797  0.000169553  -0.00203306  0.000581641  0.000266677  0.000669975   0.00099676 -0.000916934   0.00165199   0.00015966  -0.00211437  0.000486363 -0.000104256   0.00085851   0.00101098 -0.000726522   0.00154478  0.000191829   -0.0022606  0.000397171  -0.00042614   0.00112189  0.000928095 -0.000453712   0.00142538  0.000262244  -0.00244896  0.000327702 -0.000708361   0.00142941  0.000738859 -0.000129115   0.00131845   0.00036691  -0.00265186  0.000294383 -0.000931159   0.00176936  0.000489016  0.000232024   0.00120527  0.000498931  -0.00287529  0.000287895   -0.0010734   0.00214265  0.000221955  0.000627399   0.00107033  0.000647773  -0.00312313  0.000287544  1.71083e-05
========================================
primal_step_norm SUCCESS
SOLVED , sqp_iter_: 0
AFTER initial_guess_[0].uk: [0.006241, -0.501808, 0.166608, -0.509632, 0.002345, 0.004077, 0.176617, -0.002226]
BEFORE initial_guess_[0].uk: [0.007604, -0.502917, 0.168068, -0.510118, 0.002983, 0.003027, 0.176635, -0.011167]
Initialization finished.
Allocations finished.
Setup successful.
Solver is ready.
Starting solver...
Solver initialization verified.
Solver finished.
===== SQP Iteration: 0 =====
step_ (179 x 1): 
 1.63778e-08 -9.31762e-09  4.78022e-09 -1.19041e-08   8.4756e-09 -2.19823e-08  6.02674e-09 -3.73302e-09  9.98291e-07  2.10019e-06 -2.59784e-05  7.53345e-06 -1.80214e-05  4.44661e-06  1.03231e-05  2.52346e-05  4.31366e-07  8.89447e-05  9.08519e-07  -4.8122e-05  1.15971e-05 -3.47934e-05  7.43736e-06  2.27743e-05   5.0648e-05  1.58635e-06  0.000142919 -2.30134e-06 -6.86387e-05  1.35823e-05 -5.06075e-05  9.65876e-06  3.67168e-05  7.64615e-05  3.13043e-06  0.000166707 -6.46822e-06 -8.94381e-05  1.46473e-05  -6.5686e-05  1.16924e-05  5.16244e-05  0.000102878  4.79003e-06  0.000165946 -1.07357e-05 -0.000112072   1.5728e-05 -8.02072e-05  1.40181e-05   6.7046e-05   0.00013006  6.34542e-06  0.000145765 -1.43894e-05 -0.000137719  1.75961e-05 -9.43503e-05  1.70278e-05   8.2564e-05  0.000158103  7.62342e-06  0.000110331 -1.67904e-05 -0.000167158  2.09261e-05 -0.000108349  2.10412e-05  9.77455e-05  0.000187014  8.48885e-06  6.32059e-05 -1.73364e-05 -0.000200697  2.63334e-05 -0.000122541  2.63105e-05  0.000112107  0.000216674  8.84641e-06  8.55625e-06  7.36942e-05  -0.00317302  0.000681591  -0.00181882  7.35549e-05  9.50466e-05   0.00085769  0.000985125 -6.52988e-05  7.83251e-05  -0.00321377  0.000692561   -0.0018346  8.16576e-05  0.000106373  0.000887977   0.00098447 -6.61536e-05   0.00027714  -0.00210648    0.0010035  -0.00254361  0.000492626    0.0014872   0.00280142   0.00177536 -0.000159815  -0.00179434  0.000541033  -0.00236794  0.000331577   0.00179053   0.00282075   0.00106938 -0.000427758  -0.00166258  0.000264251  -0.00223289  0.000246275   0.00200482    0.0028652  0.000464704 -0.000555166  -0.00168559  0.000141761  -0.00212923   0.00022556   0.00214347   0.00293224 -2.65639e-05  -0.00056851  -0.00183437  0.000143942  -0.00205075  0.000258069    0.0022173   0.00301727 -0.000414787 -0.000486675  -0.00207864  0.000248904  -0.00199751  0.000334066   0.00223106   0.00311314 -0.000719071  -0.00031973  -0.00238603  0.000443734  -0.00197729   0.00044564   0.00218259   0.00320962 -0.000951805 -7.25325e-05  -0.00271833  0.000720515  -0.00200475  0.000585104   0.00206462   0.00329298   -0.0011008  0.000246126  -0.00302481   0.00106636  -0.00209811  0.000741339   0.00186986   0.00334559  -0.00115918  0.000617222  -0.00330353   0.00146155  -0.00223097  0.000900054     0.001628   0.00336245 -1.96054e-05
========================================
primal_step_norm SUCCESS
SOLVED , sqp_iter_: 0
AFTER initial_guess_[0].uk: [0.008207, -0.507498, 0.170251, -0.515651, 0.004269, 0.006908, 0.183946, -0.002291]
BEFORE initial_guess_[0].uk: [0.009547, -0.508681, 0.171695, -0.516076, 0.004928, 0.005930, 0.184032, -0.011508]
Initialization finished.
Allocations finished.
Setup successful.
Solver is ready.
Starting solver...
Solver initialization verified.
Solver finished.
===== SQP Iteration: 0 =====
step_ (179 x 1): 
  1.0588e-08 -5.69061e-09  2.93157e-09 -7.17104e-09  5.34571e-09 -3.35664e-09  3.25163e-09 -2.36432e-09   5.8577e-07  8.97065e-06  4.29003e-07 -1.99686e-06  1.21295e-05  4.92638e-06 -1.69103e-05  7.03826e-06  4.45152e-07  9.09236e-05  1.49877e-05   6.0016e-06 -7.23112e-06  2.49987e-05  8.24107e-06 -3.22387e-05  1.35686e-05  1.66449e-06  0.000152363  1.94893e-05    1.531e-05 -1.41614e-05  3.80775e-05  1.05223e-05 -4.68249e-05  1.93974e-05  3.36543e-06  0.000187375  2.36862e-05  2.71015e-05 -2.15048e-05  5.09333e-05   1.2273e-05    -6.14e-05  2.43987e-05    5.307e-06   0.00020064   2.8539e-05  4.02443e-05 -2.82386e-05  6.32537e-05  1.39196e-05 -7.65383e-05  2.85257e-05  7.28998e-06  0.000195844  3.47914e-05  5.36341e-05 -3.35618e-05   7.4845e-05  1.58369e-05 -9.26639e-05  3.18325e-05  9.14619e-06  0.000175363  4.29937e-05  6.60959e-05 -3.68661e-05   8.5643e-05   1.8369e-05 -0.000110048  3.44994e-05  1.07272e-05  0.000140891  5.34766e-05  7.63237e-05   -3.776e-05  9.57499e-05  2.18318e-05 -0.000128781  3.68555e-05  1.19054e-05  9.50568e-05  0.000160315  -0.00289221  0.000622273   -0.0015921  7.51584e-05 -0.000167747  0.000680315  0.000988411  2.43351e-05  0.000176164  -0.00288822   0.00062708  -0.00158363  8.11684e-05 -0.000189647  0.000682595  0.000988661  2.53288e-05   0.00119818  3.35893e-05 -0.000265018    0.0017104   0.00054821  -0.00243711  0.000782502   0.00185987  0.000801561  0.000451563  -0.00069717    0.0018173  0.000368044   -0.0022039  0.000724966    0.0012393  0.000599661   0.00075443 -0.000923161   0.00184709  0.000253241  -0.00209712  0.000646943   0.00070989  0.000558996  0.000955761 -0.000978258   0.00181578  0.000194279  -0.00209542  0.000554928  0.000273825  0.000646307   0.00106533 -0.000897114   0.00174029   0.00018266  -0.00217633  0.000457744 -8.90793e-05  0.000832674   0.00108542 -0.000709281   0.00163749  0.000212602  -0.00231818  0.000366664 -0.000404787   0.00109238    0.0010103 -0.000440399   0.00152554  0.000280806  -0.00249912  0.000295597 -0.000686816   0.00139627  0.000829038 -0.000119368   0.00142786  0.000384123  -0.00269292  0.000261297 -0.000916249   0.00173458  0.000586357  0.000240534    0.0013238  0.000516254  -0.00290748  0.000254183  -0.00107379   0.00211152  0.000323654  0.000640544   0.00119545  0.000667511  -0.00314921  0.000253281  1.84641e-05
========================================
primal_step_norm SUCCESS
SOLVED , sqp_iter_: 0
AFTER initial_guess_[0].uk: [0.012153, -0.508608, 0.171119, -0.512356, 0.006359, -0.000431, 0.186075, -0.002208]
BEFORE initial_guess_[0].uk: [0.013528, -0.509703, 0.172595, -0.512815, 0.007007, -0.001452, 0.186092, -0.011203]
Initialization finished.
Allocations finished.
Setup successful.
Solver is ready.
Starting solver...
Solver initialization verified.
Solver finished.
===== SQP Iteration: 0 =====
step_ (179 x 1): 
 5.16807e-09 -1.11699e-08  5.75316e-09 -1.48809e-08  1.02553e-08 -6.45475e-09  6.69521e-09 -4.07447e-09  9.89525e-07  2.22942e-06  -2.5147e-05  7.14838e-06 -1.72865e-05  4.79644e-06   1.0222e-05  2.51932e-05  4.36577e-07  8.94824e-05  1.19229e-06  -4.6536e-05  1.08179e-05 -3.34007e-05  8.13481e-06  2.24847e-05  5.05674e-05  1.59502e-06  0.000143062 -1.83459e-06 -6.63891e-05  1.24316e-05 -4.86098e-05  1.07153e-05  3.61859e-05  7.63522e-05  3.13655e-06  0.000166052 -5.79492e-06 -8.65935e-05  1.31521e-05  -6.3108e-05  1.31272e-05  5.08249e-05  0.000102754  4.78619e-06  0.000164603 -9.84664e-06 -0.000108665  1.39019e-05 -7.70426e-05   1.5849e-05   6.5981e-05  0.000129935  6.32676e-06  0.000144116 -1.32942e-05 -0.000133742  1.54333e-05 -9.05637e-05  1.92677e-05  8.12647e-05  0.000157993  7.58885e-06  0.000108794 -1.55107e-05  -0.00016257   1.8409e-05 -0.000103885  2.37005e-05  9.62645e-05  0.000186933  8.44133e-06  6.19864e-05 -1.58923e-05 -0.000195433  2.34449e-05 -0.000117333     2.94e-05  0.000110505  0.000216631  8.78853e-06  7.56603e-06  9.57804e-05  -0.00320378   0.00069411  -0.00182013  9.12102e-05  8.28023e-05  0.000890256  0.000984646 -6.66061e-05  0.000100598  -0.00324374  0.000704746  -0.00183507  9.97833e-05  9.41108e-05  0.000920579  0.000983978 -6.75161e-05  0.000298652  -0.00203762  0.000951766  -0.00244009  0.000531876   0.00147013   0.00279622   0.00178626 -0.000138468  -0.00173307  0.000488444  -0.00227489  0.000370065   0.00176348   0.00281633   0.00106162  -0.00040345  -0.00160866  0.000214665  -0.00214729  0.000286046   0.00197019   0.00286199  0.000448808 -0.000527707  -0.00163719  9.57648e-05  -0.00204714  0.000267444   0.00210492   0.00293056 -4.06199e-05 -0.000539795  -0.00178861  9.97669e-05   -0.0019678  0.000301963   0.00217913   0.00301729 -0.000421142 -0.000459223  -0.00203231  0.000204006  -0.00190967  0.000379458   0.00219739   0.00311485 -0.000717215 -0.000295211  -0.00233639  0.000396417  -0.00188159  0.000492145   0.00215644   0.00321279 -0.000945718 -5.07584e-05  -0.00266361  0.000670999  -0.00189987  0.000632802   0.00204736   0.00329712  -0.00109602  0.000267145  -0.00296419   0.00101668  -0.00198451  0.000790679   0.00186105    0.0033499  -0.00116415  0.000642297  -0.00323884   0.00141694  -0.00211094   0.00095234   0.00162513   0.00336638  -2.0678e-05
========================================
primal_step_norm SUCCESS
SOLVED , sqp_iter_: 0
AFTER initial_guess_[0].uk: [0.014178, -0.514135, 0.174665, -0.518122, 0.008395, 0.002385, 0.193390, -0.002272]
BEFORE initial_guess_[0].uk: [0.015530, -0.515304, 0.176126, -0.518519, 0.009065, 0.001437, 0.193476, -0.011548]
Initialization finished.
Allocations finished.
Setup successful.
Solver is ready.
Starting solver...
Solver initialization verified.
Solver finished.
===== SQP Iteration: 0 =====
step_ (179 x 1): 
 3.16155e-09 -5.96584e-09  3.30668e-09 -9.09696e-09  6.27169e-09 -4.02449e-09  3.95509e-09 -2.57256e-09  6.18869e-07  8.66984e-06  1.33569e-06 -1.74164e-06  1.28765e-05  5.21211e-06 -1.71952e-05  6.82452e-06  4.48812e-07  9.15099e-05  1.43689e-05  7.74025e-06 -6.72802e-06  2.64121e-05  8.79635e-06 -3.28492e-05  1.31355e-05  1.67361e-06  0.000152915  1.85732e-05  1.78289e-05 -1.33948e-05  4.01001e-05  1.13383e-05 -4.78166e-05  1.87352e-05  3.37907e-06  0.000187774  2.24916e-05   3.0384e-05 -2.04588e-05  5.35355e-05  1.33415e-05 -6.28026e-05  2.34945e-05   5.3252e-06  0.000201206  2.70691e-05  4.43164e-05 -2.69127e-05  6.64362e-05  1.52272e-05 -7.83517e-05  2.73651e-05  7.31702e-06  0.000197068  3.30296e-05  5.85617e-05 -3.19755e-05   7.8638e-05  1.73636e-05 -9.48594e-05  3.04009e-05  9.18994e-06  0.000177622  4.09118e-05  7.19702e-05   -3.505e-05  9.00985e-05  2.00946e-05 -0.000112576  3.27842e-05  1.07982e-05  0.000144241  5.10474e-05  8.32377e-05 -3.57411e-05  0.000100931  2.37441e-05 -0.000131578  3.48503e-05  1.20142e-05  9.91803e-05  0.000178199  -0.00292013  0.000639929   -0.0015926  9.18505e-05 -0.000181353   0.00071062  0.000988137  2.83381e-05  0.000193715  -0.00291496  0.000644964  -0.00158329  9.80708e-05 -0.000203424  0.000712599  0.000988427  2.93767e-05    0.0011559  0.000106702 -0.000230823   0.00181567  0.000580202  -0.00247357   0.00075883   0.00187069  0.000759206  0.000518905 -0.000664148    0.0019116   0.00039793  -0.00225072  0.000700613   0.00123809  0.000559992  0.000817589 -0.000888074   0.00193337  0.000282136  -0.00215186  0.000621486  0.000706436   0.00052186   0.00101758 -0.000941052   0.00189791  0.000222247  -0.00215443  0.000528046  0.000276523  0.000609592   0.00112927 -0.000859868   0.00182258  0.000209112  -0.00223534  0.000429257 -7.66623e-05   0.00079382   0.00115465  -0.00067457   0.00172395   0.00023692  -0.00237312  0.000336574 -0.000384787   0.00104977   0.00108687 -0.000409746   0.00161929  0.000302929  -0.00254688  0.000264132 -0.000665677   0.00134996  0.000913292 -9.24049e-05   0.00153068  0.000404892  -0.00273181  0.000228967  -0.00090121    0.0016866  0.000677657  0.000266184   0.00143565  0.000537124  -0.00293765  0.000221242  -0.00107409   0.00206732  0.000419276  0.000670932   0.00131391   0.00069086  -0.00317332  0.000219771  1.92262e-05
========================================
primal_step_norm SUCCESS
SOLVED , sqp_iter_: 0
AFTER initial_guess_[0].uk: [0.018044, -0.515072, 0.175624, -0.514570, 0.010579, -0.005019, 0.195457, -0.002194]
BEFORE initial_guess_[0].uk: [0.019430, -0.516151, 0.177114, -0.515000, 0.011236, -0.006010, 0.195473, -0.011221]
Initialization finished.
Allocations finished.
Setup successful.
Solver is ready.
Starting solver...
Solver initialization verified.
Solver finished.
===== SQP Iteration: 0 =====
step_ (179 x 1): 
 5.98416e-09 -1.01346e-08  6.32294e-09  -1.6793e-08  1.15057e-08 -7.01032e-09  7.18092e-09 -4.68531e-09  1.03071e-06  2.67793e-06 -2.42623e-05  6.53526e-06 -1.65137e-05  5.08234e-06  1.00654e-05  2.51725e-05  4.36932e-07   8.9776e-05  2.07986e-06  -4.4868e-05  9.59324e-06 -3.19343e-05  8.70352e-06  2.20981e-05  5.05333e-05  1.59506e-06  0.000142785 -4.79336e-07 -6.40313e-05  1.06244e-05 -4.65054e-05   1.1581e-05  3.55136e-05  7.63144e-05  3.12888e-06   0.00016487 -3.94399e-06 -8.36133e-05  1.07933e-05 -6.03925e-05  1.43103e-05  4.98377e-05  0.000102724  4.76261e-06  0.000162681 -7.48889e-06 -0.000105091  1.10065e-05 -7.37116e-05  1.73677e-05    6.468e-05  0.000129927  6.28229e-06  0.000141923 -1.04393e-05 -0.000129563  1.19952e-05 -8.65836e-05  2.11348e-05  7.96799e-05   0.00015802  7.52313e-06  0.000106793 -1.21818e-05  -0.00015774  1.44075e-05 -9.92008e-05  2.59248e-05   9.4447e-05  0.000187004  8.35728e-06   6.0409e-05 -1.21112e-05 -0.000189887   1.8863e-05 -0.000111882  3.19908e-05  0.000108515  0.000216756  8.69128e-06  6.33305e-06  0.000120348  -0.00323223  0.000704619   -0.0018195  0.000108985  6.99322e-05  0.000922738  0.000984152 -6.81125e-05  0.000125643  -0.00327134  0.000714708  -0.00183356  0.000117966  8.11673e-05  0.000953107  0.000983469 -6.90727e-05  0.000356352  -0.00196615  0.000870062   -0.0023311  0.000563647   0.00144756   0.00279402    0.0017928 -7.99839e-05  -0.00166969   0.00040694  -0.00217686  0.000401408   0.00173041   0.00281486   0.00105001 -0.000341172  -0.00155284  0.000137052   -0.0020571   0.00031896   0.00192914    0.0028616  0.000430289 -0.000461715  -0.00158686  2.22948e-05  -0.00196076  0.000302644   0.00205966   0.00293151 -5.56967e-05 -0.000472311  -0.00174066  2.82996e-05  -0.00188078   0.00033921   0.00213404   0.00301972 -0.000427015 -0.000393023  -0.00198342  0.000131706  -0.00181795  0.000418129   0.00215661   0.00311872 -0.000713855 -0.000232064  -0.00228379  0.000321432   -0.0017822  0.000531802   0.00212302   0.00321787 -0.000937783  9.53105e-06  -0.00260561   0.00059355  -0.00179145  0.000673533   0.00202267   0.00330294  -0.00108964  0.000326625  -0.00290012  0.000938904  -0.00186744  0.000832982   0.00184471   0.00335574   -0.0011685  0.000706008   -0.0031707   0.00134437  -0.00198746  0.000997657   0.00161464   0.00337177   -2.175e-05
========================================
primal_step_norm SUCCESS
SOLVED , sqp_iter_: 0
AFTER initial_guess_[0].uk: [0.020205, -0.520428, 0.179006, -0.520070, 0.012707, -0.002232, 0.202765, -0.002257]
BEFORE initial_guess_[0].uk: [0.021567, -0.521582, 0.180481, -0.520439, 0.013388, -0.003148, 0.202852, -0.011572]
Initialization finished.
Allocations finished.
Setup successful.
Solver is ready.
Starting solver...
Solver initialization verified.
Solver finished.
===== SQP Iteration: 0 =====
step_ (179 x 1): 
  3.3412e-09 -5.86611e-09  3.76593e-09 -1.02204e-08  7.06831e-09 -4.04165e-09  4.28303e-09 -2.74702e-09  6.31573e-07  8.88004e-06  9.71879e-07 -8.83341e-07  1.36203e-05  4.80791e-06 -1.64283e-05  5.46168e-06  4.49941e-07  9.16396e-05  1.45604e-05  7.27577e-06 -5.27113e-06  2.76085e-05  8.10732e-06 -3.15751e-05  1.06626e-05  1.67303e-06  0.000152378  1.86015e-05  1.74485e-05 -1.15044e-05  4.15306e-05  1.04776e-05 -4.62442e-05  1.53521e-05  3.36878e-06  0.000186332  2.22648e-05  3.02271e-05 -1.82415e-05  5.50538e-05  1.24051e-05 -6.10837e-05  1.93534e-05  5.29761e-06   0.00019917  2.65198e-05  4.45023e-05 -2.44462e-05  6.79646e-05  1.42863e-05 -7.65787e-05  2.25766e-05  7.26901e-06  0.000195023  3.21012e-05  5.92028e-05 -2.93236e-05   8.0158e-05  1.64648e-05 -9.30698e-05  2.50406e-05  9.12415e-06  0.000176104  3.95559e-05  7.31729e-05 -3.22655e-05  9.16364e-05  1.92657e-05 -0.000110763  2.68992e-05  1.07207e-05  0.000143462  4.92324e-05  8.50963e-05 -3.28595e-05  0.000102544  2.30036e-05 -0.000129709  2.84696e-05  1.19318e-05  9.89744e-05  0.000196733  -0.00295149   0.00065803  -0.00159562  0.000106427  -0.00019022  0.000736111  0.000987654  2.79019e-05  0.000211813  -0.00294553  0.000663195  -0.00158613  0.000112785 -0.000212147  0.000737604   0.00098794  2.89524e-05   0.00118406  7.73948e-05 -0.000116389   0.00192039  0.000535527  -0.00236344  0.000607644    0.0018759  0.000756744  0.000510799 -0.000584451   0.00197555  0.000366352   -0.0021778  0.000577386   0.00122586  0.000538327  0.000824465 -0.000830378   0.00196646   0.00026308    -0.002109  0.000520429  0.000689223  0.000487906   0.00103577 -0.000897562   0.00191034  0.000213825  -0.00213339  0.000443878  0.000265403  0.000566674   0.00115714  -0.00082671   0.00182405  0.000208612  -0.00222756  0.000357347 -7.61878e-05  0.000743336   0.00119164 -0.000649937   0.00172284  0.000241571  -0.00237074  0.000273034 -0.000373871  0.000992886   0.00113252 -0.000392087   0.00162194  0.000310643   -0.0025436  0.000205901 -0.000650654   0.00128862  0.000966528 -7.93183e-05   0.00154105  0.000414718  -0.00272343  0.000173861 -0.000889702   0.00162385  0.000737229  0.000278187   0.00145491  0.000549027  -0.00292246   0.00016749  -0.00107628   0.00200902  0.000482478  0.000688361    0.0013401  0.000706145  -0.00315273  0.000166085  1.95579e-05
========================================
primal_step_norm SUCCESS
SOLVED , sqp_iter_: 0
AFTER initial_guess_[0].uk: [0.024142, -0.521414, 0.180228, -0.516262, 0.014785, -0.009317, 0.204438, -0.002192]
BEFORE initial_guess_[0].uk: [0.025471, -0.522417, 0.181656, -0.516727, 0.015490, -0.010346, 0.204527, -0.011263]
Initialization finished.
Allocations finished.
Setup successful.
Solver is ready.
Starting solver...
Solver initialization verified.
Solver finished.
===== SQP Iteration: 0 =====
step_ (179 x 1): 
 7.40659e-09 -1.20301e-08  8.64326e-09 -2.24842e-08  1.45785e-08 -8.36436e-09  8.99034e-09 -6.24493e-09  1.19112e-06  6.77383e-06 -2.40596e-05  3.30383e-06 -1.57223e-05  4.22866e-06  1.03039e-05   2.5532e-05  4.37371e-07  9.04422e-05  1.02297e-05 -4.44448e-05  3.07668e-06 -3.04899e-05  7.01788e-06   2.2452e-05  5.12996e-05   1.5973e-06  0.000142938  1.17112e-05 -6.33815e-05  8.04577e-07  -4.4523e-05  9.11184e-06  3.58745e-05  7.75451e-05  3.12578e-06  0.000164083  1.22781e-05 -8.27208e-05 -2.34101e-06 -5.79509e-05  1.11162e-05  5.01236e-05  0.000104482  4.74588e-06  0.000161107  1.27434e-05 -0.000103917 -5.46484e-06 -7.08497e-05  1.35052e-05  6.48429e-05  0.000132275  6.24677e-06  0.000140024  1.37658e-05 -0.000128043 -7.85158e-06 -8.33022e-05  1.66525e-05  7.97067e-05  0.000161018  7.46868e-06  0.000105058  1.59504e-05 -0.000155789 -8.86059e-06 -9.54697e-05  2.08617e-05  9.43537e-05  0.000190704  8.28658e-06  5.90976e-05  1.99113e-05  -0.00018742 -7.86293e-06 -0.000107652  2.63817e-05  0.000108338  0.000221191  8.60787e-06  5.36344e-06  0.000176634  -0.00326233  0.000689688  -0.00181929  0.000118207  5.90144e-05  0.000959802  0.000983652 -6.93886e-05  0.000185847  -0.00330081  0.000696357  -0.00183275  0.000126709  7.02417e-05  0.000990936  0.000982954 -7.03887e-05  0.000901614  -0.00194936   0.00043917  -0.00221815  0.000468343   0.00148222   0.00283357   0.00179962  0.000459872   -0.0016517 -3.08388e-05   -0.0020841  0.000308804   0.00174718   0.00285986   0.00103515   0.00019702  -0.00153442 -0.000303107  -0.00198068  0.000231798   0.00193022   0.00291312  0.000406505  7.53222e-05  -0.00156721 -0.000419288  -0.00189561   0.00022202    0.0020489   0.00299013 -7.65426e-05  6.19394e-05   -0.0017179 -0.000416211  -0.00182127  0.000264919   0.00211634   0.00308554 -0.000438084  0.000136263  -0.00195548 -0.000317854  -0.00175867  0.000349272   0.00213695   0.00319128 -0.000714532  0.000291216  -0.00224915 -0.000134158  -0.00171875  0.000467409    0.0021056   0.00329616 -0.000932599  0.000528003  -0.00256387  0.000133274  -0.00172096  0.000612948    0.0020103    0.0033854  -0.00108495   0.00084367  -0.00285204  0.000477563  -0.00178868  0.000775778   0.00183867   0.00344021  -0.00117435   0.00122785  -0.00311927  0.000888824  -0.00190171  0.000944606   0.00161364   0.00345665 -2.27729e-05
========================================
primal_step_norm SUCCESS
SOLVED , sqp_iter_: 0
AFTER initial_guess_[0].uk: [0.027432, -0.526657, 0.182611, -0.521552, 0.016713, -0.006477, 0.211923, -0.002265]
BEFORE initial_guess_[0].uk: [0.028740, -0.527732, 0.184028, -0.521960, 0.017445, -0.007439, 0.212082, -0.011644]
Initialization finished.
Allocations finished.
Setup successful.
Solver is ready.
Starting solver...
Solver initialization verified.
Solver finished.
===== SQP Iteration: 0 =====
step_ (179 x 1): 
 1.32547e-08  -2.5864e-08  1.49208e-08 -3.38952e-08  2.71273e-08 -1.54669e-08  1.80092e-08 -1.20317e-08  2.67399e-06  8.33133e-06  3.42491e-06 -2.03994e-06  1.37799e-05   5.9344e-06 -1.79927e-05  7.06978e-06  4.50708e-07  9.53244e-05  1.38677e-05  1.14949e-05 -7.14151e-06  2.82491e-05  1.00703e-05  -3.4418e-05  1.34012e-05  1.70229e-06  0.000157918  1.80873e-05  2.29197e-05 -1.37358e-05   4.2891e-05  1.30451e-05 -5.01365e-05  1.88395e-05  3.44736e-06  0.000193905  2.21564e-05  3.66146e-05 -2.05841e-05   5.7319e-05  1.53815e-05 -6.58334e-05  2.32871e-05  5.45013e-06  0.000209177  2.69544e-05  5.16254e-05 -2.67486e-05   7.1281e-05  1.75072e-05 -8.20216e-05  2.67256e-05  7.52466e-06  0.000207838  3.31414e-05  6.70044e-05 -3.15161e-05  8.46433e-05  1.97971e-05 -9.90645e-05   2.9239e-05   9.5155e-06  0.000191813  4.12117e-05  8.16842e-05 -3.43348e-05  9.73881e-05  2.26099e-05  -0.00011719  3.10375e-05  1.12784e-05  0.000161746  5.14853e-05  9.43928e-05 -3.48199e-05  0.000109638  2.63009e-05  -0.00013647  3.24863e-05  1.26781e-05  0.000119081  0.000223869  -0.00297385  0.000668007  -0.00159112  0.000124537  -0.00020795  0.000772612  0.000988186  4.83864e-05  0.000239563  -0.00296696  0.000673304  -0.00158018  0.000130855 -0.000230094  0.000773953  0.000988676   4.9647e-05   0.00110903  0.000278987 -0.000272574   0.00194709  0.000657212  -0.00258576  0.000783706   0.00187437  0.000736678  0.000655209 -0.000680502   0.00204535  0.000457657  -0.00236042  0.000701671   0.00121755  0.000561432   0.00092692  -0.00087914   0.00206925   0.00032911  -0.00225905  0.000602635  0.000682856  0.000541632   0.00111062 -0.000912711   0.00203843  0.000258674  -0.00225625  0.000492946  0.000267708  0.000639004   0.00121698  -0.00082135   0.00197194  0.000235738  -0.00232719  0.000381316  -6.3336e-05  0.000824216   0.00124659 -0.000635016   0.00188665  0.000254323  -0.00245035  0.000279006 -0.000353865    0.0010753   0.00118965 -0.000375172   0.00179882  0.000312729  -0.00260624  0.000200063 -0.000630534   0.00136898   0.00102978 -6.41966e-05   0.00172861  0.000410423  -0.00277241   0.00016157 -0.000876595   0.00170249  0.000807606  0.000291921   0.00165126  0.000542488  -0.00296105   0.00015227  -0.00107973   0.00209165  0.000557083  0.000707036   0.00154298  0.000701778  -0.00318509  0.000149813  1.83909e-05
========================================
primal_step_norm SUCCESS
SOLVED , sqp_iter_: 0
AFTER initial_guess_[0].uk: [0.031152, -0.527125, 0.183435, -0.517725, 0.019160, -0.014187, 0.214127, -0.002272]
BEFORE initial_guess_[0].uk: [0.032561, -0.528175, 0.184954, -0.518097, 0.019838, -0.015118, 0.214143, -0.011345]
Initialization finished.
Allocations finished.
Setup successful.
Solver is ready.
Starting solver...
Solver initialization verified.
Solver finished.
===== SQP Iteration: 0 =====
step_ (179 x 1): 
 1.94284e-08 -3.62215e-08  2.16495e-08 -4.87054e-08  3.88046e-08 -2.13611e-08  2.64061e-08 -1.70273e-08  3.63836e-06   4.0451e-06  -2.3012e-05  5.86834e-06 -1.42068e-05  5.17452e-06  1.00971e-05  2.45975e-05  4.00769e-07  8.86161e-05  4.61875e-06 -4.21987e-05   8.0299e-06 -2.77255e-05  9.03632e-06  2.18078e-05  4.96389e-05  1.53261e-06  0.000140255  3.13648e-06 -5.98481e-05  8.05155e-06 -4.06875e-05   1.2313e-05  3.46216e-05  7.53109e-05  3.02239e-06  0.000160273  6.98473e-07  -7.7851e-05  7.15258e-06 -5.31542e-05  1.55961e-05  4.81464e-05  0.000101788  4.59408e-06  0.000156518 -1.87064e-06 -9.76704e-05   6.2439e-06 -6.51396e-05  1.93384e-05  6.20808e-05  0.000129204  6.04249e-06   0.00013535 -3.91459e-06  -0.00012037  6.04027e-06 -7.66766e-05  2.38903e-05  7.61468e-05  0.000157625  7.21516e-06   0.00010094 -4.83006e-06 -0.000146627  7.18096e-06 -8.78901e-05  2.95378e-05  9.00192e-05  0.000187023  7.99198e-06  5.58451e-05 -3.99475e-06 -0.000176694  1.03041e-05 -9.90636e-05  3.65205e-05  0.000103274   0.00021724  8.27992e-06  3.02581e-06  0.000174508  -0.00328158  0.000721952  -0.00181218  0.000144661  4.23489e-05  0.000988061   0.00098309  -7.1411e-05  0.000180616  -0.00331837  0.000730776  -0.00182452  0.000154676   5.2944e-05   0.00101891  0.000982373 -7.21755e-05  0.000538498  -0.00186516  0.000781481  -0.00200574  0.000574226   0.00145171   0.00273039   0.00179688  7.53757e-05  -0.00155398   0.00028679  -0.00190635  0.000427035   0.00168489   0.00277849   0.00100969 -0.000198355  -0.00142953  1.86811e-06  -0.00182806  0.000362296   0.00184335   0.00284859  0.000372627 -0.000325462   -0.0014584 -0.000120523  -0.00175868   0.00036334   0.00194533   0.00293825 -0.000105829  -0.00034266  -0.00160595 -0.000121521  -0.00169141  0.000414718    0.0020039   0.00304284  -0.00045547 -0.000272438  -0.00183967 -2.73183e-05  -0.00162876  0.000505022    0.0020225   0.00315497 -0.000719591 -0.000121855  -0.00212838   0.00015208  -0.00158372  0.000627046   0.00199433   0.00326397   -0.0009304  0.000111645  -0.00243742  0.000416453  -0.00157805  0.000775261   0.00190526   0.00335538  -0.00108237  0.000426577  -0.00271988  0.000760415  -0.00163726  0.000940265   0.00174093   0.00341059  -0.00118193  0.000815256  -0.00298335   0.00117713  -0.00174381    0.0011123   0.00152146   0.00342652 -2.43447e-05
========================================
primal_step_norm SUCCESS
SOLVED , sqp_iter_: 0
AFTER initial_guess_[0].uk: [0.033732, -0.532232, 0.186654, -0.522459, 0.021337, -0.011330, 0.221270, -0.002361]
BEFORE initial_guess_[0].uk: [0.035054, -0.533292, 0.188088, -0.522840, 0.022082, -0.012263, 0.221427, -0.011773]
Initialization finished.
Allocations finished.
Setup successful.
Solver is ready.
Starting solver...
Solver initialization verified.
Solver finished.
===== SQP Iteration: 0 =====
step_ (179 x 1): 
  6.0614e-09 -1.07905e-08  6.76952e-09 -1.53737e-08  1.16769e-08 -6.45282e-09  7.68002e-09 -4.93994e-09  9.22135e-07  7.05462e-06  3.48827e-06  7.56601e-09  1.47664e-05  5.80489e-06 -1.71472e-05  5.27947e-06  4.10951e-07  8.56122e-05   1.1114e-05  1.18381e-05 -3.27804e-06  2.98547e-05  9.99952e-06 -3.30167e-05  1.01143e-05  1.58453e-06  0.000144517  1.37032e-05  2.37477e-05 -8.23452e-06  4.48942e-05  1.31508e-05 -4.83796e-05  1.42564e-05  3.20928e-06  0.000176677  1.60337e-05  3.80876e-05 -1.35721e-05  5.95755e-05  1.57601e-05 -6.38588e-05  1.75621e-05  5.05016e-06  0.000188708  1.90054e-05  5.38822e-05 -1.83286e-05  7.37199e-05  1.82266e-05 -7.99044e-05  1.99711e-05  6.92828e-06  0.000185144  2.32867e-05  7.01754e-05 -2.17792e-05  8.72569e-05  2.08957e-05 -9.68241e-05  2.15296e-05  8.70247e-06  0.000167919  2.93822e-05  8.58897e-05 -2.33589e-05  0.000100229  2.40955e-05 -0.000114804  2.24188e-05  1.02344e-05  0.000137378  3.76295e-05   9.9745e-05 -2.26627e-05  0.000112771  2.81833e-05 -0.000133891   2.2982e-05  1.13962e-05  9.45632e-05  0.000229775  -0.00299719  0.000695459  -0.00158903  0.000143162 -0.000216686  0.000794436  0.000986428  2.35636e-05  0.000243439    -0.002989  0.000701941  -0.00157767  0.000149909 -0.000238537  0.000794883  0.000986671  2.49689e-05   0.00094505  0.000276468  6.98473e-06   0.00207117  0.000653428  -0.00247183  0.000592604   0.00192027  0.000541459  0.000675848 -0.000436852   0.00212901  0.000466919  -0.00228256  0.000537586   0.00124873  0.000345135  0.000964944 -0.000659991   0.00212346  0.000350287  -0.00220912  0.000459866  0.000710891  0.000310202   0.00116249  -0.00071128   0.00207419  0.000289357  -0.00222525  0.000366219  0.000302173  0.000395221   0.00128091 -0.000634313   0.00199945  0.000272829  -0.00230619  0.000265972 -1.91267e-05  0.000569415   0.00132163 -0.000460625   0.00191439  0.000294887   -0.0024315  0.000171163 -0.000303557  0.000810934   0.00127495 -0.000211532   0.00183282  0.000354769  -0.00258373  9.67625e-05 -0.000582812   0.00109744   0.00112411  9.16517e-05   0.00177204   0.00045334  -0.00274292  6.08992e-05 -0.000840941   0.00142763  0.000909259  0.000444413   0.00170467  0.000586664  -0.00292366  5.26588e-05  -0.00106794   0.00182046  0.000662713  0.000864019   0.00160398   0.00074908  -0.00314182  5.01458e-05  2.59373e-05
========================================
primal_step_norm SUCCESS
SOLVED , sqp_iter_: 0
AFTER initial_guess_[0].uk: [0.037110, -0.532691, 0.188103, -0.518335, 0.023788, -0.018714, 0.222973, -0.002172]
BEFORE initial_guess_[0].uk: [0.038463, -0.533661, 0.189561, -0.518743, 0.024516, -0.019685, 0.223058, -0.011263]
Initialization finished.
Allocations finished.
Setup successful.
Solver is ready.
Starting solver...
Solver initialization verified.
Solver finished.
===== SQP Iteration: 0 =====
step_ (179 x 1): 
 9.34269e-09 -1.64984e-08   1.1013e-08 -2.38979e-08  1.83346e-08 -9.93759e-09  1.26397e-08 -7.91501e-09  1.51078e-06  3.39425e-06  -2.1223e-05  5.62899e-06 -1.33426e-05  6.12991e-06  9.16904e-06  2.50234e-05  4.35047e-07  9.03537e-05  3.49461e-06 -3.89607e-05  7.74282e-06 -2.59086e-05  1.08216e-05  2.00297e-05  5.02939e-05  1.58627e-06  0.000141296  1.68195e-06 -5.54116e-05  7.87416e-06 -3.78638e-05  1.48548e-05   3.2047e-05  7.60595e-05  3.08758e-06  0.000160369 -9.95215e-07 -7.23647e-05  7.18686e-06 -4.92804e-05  1.88481e-05  4.48226e-05  0.000102541  4.66262e-06  0.000155941 -3.76795e-06 -9.11896e-05  6.53161e-06 -6.01726e-05  2.32706e-05  5.80579e-05  0.000129911  6.11073e-06  0.000134629 -6.02752e-06 -0.000112871  6.57111e-06 -7.05673e-05   2.8482e-05  7.14815e-05  0.000158262  7.28247e-06  0.000100558 -7.19876e-06 -0.000138034  7.91426e-06 -8.05846e-05  3.47793e-05  8.47733e-05  0.000187586  8.06197e-06  5.60228e-05 -6.66089e-06 -0.000166909  1.11938e-05 -9.04994e-05   4.2409e-05  9.75091e-05   0.00021773  8.35777e-06  3.58357e-06  0.000191313  -0.00329915  0.000738302  -0.00180329  0.000167973  2.48501e-05    0.0010198  0.000982696 -7.12656e-05   0.00019713   -0.0033346  0.000747296  -0.00181426  0.000178671  3.50249e-05   0.00105058  0.000981979 -7.22761e-05  0.000451878  -0.00171989   0.00074941  -0.00188374  0.000679918    0.0013186   0.00277742   0.00180583  1.28696e-05   -0.0014371  0.000280972  -0.00177337  0.000519974    0.0015621   0.00280454   0.00100481 -0.000241866  -0.00133291  1.69641e-05  -0.00168732  0.000447002   0.00172828    0.0028596  0.000365353 -0.000356903  -0.00137377 -9.19357e-05  -0.00161158  0.000442771   0.00183717   0.00293931 -0.000105789 -0.000369486   -0.0015256 -8.75173e-05  -0.00153792  0.000490622   0.00190308   0.00303806 -0.000443773 -0.000300983  -0.00175728  5.19488e-06  -0.00146808  0.000578501   0.00192997   0.00314741 -0.000697954 -0.000155884  -0.00203966  0.000178969  -0.00141493  0.000699081   0.00191084   0.00325557 -0.000905227  7.17673e-05   -0.0023405  0.000437282  -0.00140054  0.000846991   0.00183095   0.00334702  -0.00106131  0.000383586  -0.00261517  0.000778126  -0.00145087    0.0010128   0.00167527   0.00340203  -0.00117613  0.000775602  -0.00287413   0.00119892  -0.00155005   0.00118781     0.001462   0.00341759 -2.39685e-05
========================================
primal_step_norm SUCCESS
SOLVED , sqp_iter_: 0
AFTER initial_guess_[0].uk: [0.039446, -0.537402, 0.191191, -0.522840, 0.026291, -0.016243, 0.230307, -0.002234]
BEFORE initial_guess_[0].uk: [0.040777, -0.538444, 0.192636, -0.523191, 0.027049, -0.017147, 0.230463, -0.011648]
Initialization finished.
Allocations finished.
Setup successful.
Solver is ready.
Starting solver...
Solver initialization verified.
Solver finished.
===== SQP Iteration: 0 =====
step_ (179 x 1): 
 5.84131e-09 -1.02979e-08  6.87445e-09 -1.48646e-08  1.20314e-08 -6.26887e-09  8.27792e-09 -5.34014e-09  9.79303e-07  6.77622e-06  5.49103e-06 -7.11432e-07  1.51553e-05  6.77889e-06 -1.83918e-05  6.42011e-06  4.47609e-07  9.18922e-05  1.07758e-05  1.54163e-05 -4.47081e-06  3.08274e-05  1.17328e-05 -3.53558e-05  1.21154e-05  1.67168e-06  0.000152177  1.35081e-05  2.85433e-05 -9.67358e-06   4.6573e-05  1.54949e-05 -5.16989e-05  1.69024e-05  3.36419e-06  0.000185827  1.61321e-05  4.38553e-05 -1.50875e-05  6.20679e-05  1.85844e-05 -6.80489e-05  2.06744e-05  5.29461e-06   0.00019977  1.94886e-05  6.04838e-05 -1.98156e-05  7.71288e-05  2.14111e-05 -8.48572e-05  2.34066e-05  7.28778e-06  0.000198542  2.41925e-05  7.75637e-05 -2.31918e-05  9.16756e-05  2.43384e-05 -0.000102433  2.51801e-05  9.20032e-06  0.000183847    3.071e-05  9.40884e-05 -2.46931e-05  0.000105728   2.7727e-05 -0.000120967  2.62094e-05   1.0897e-05   0.00015559  3.93584e-05  0.000108821 -2.39345e-05  0.000119423  3.19547e-05 -0.000140522  2.68704e-05  1.22453e-05  0.000114376  0.000251387  -0.00301445  0.000709727  -0.00158078  0.000164504 -0.000235405  0.000829649     0.000987  4.35923e-05  0.000265469  -0.00300526  0.000716295  -0.00156816  0.000171388 -0.000257612  0.000830172  0.000987442  4.48648e-05  0.000904337  0.000443128 -9.26906e-05   0.00213559  0.000755369  -0.00264629  0.000714773   0.00190017  0.000532794  0.000804386 -0.000500711   0.00221327   0.00054998  -0.00243902  0.000632174   0.00122114  0.000363847   0.00106403 -0.000693139   0.00222401  0.000417481  -0.00234957  0.000531096  0.000686867  0.000349313   0.00124123 -0.000721383    0.0021889  0.000342661  -0.00235046  0.000418199  0.000290336  0.000446816   0.00134802 -0.000630087   0.00212726  0.000313683  -0.00241624   0.00030263 -1.59216e-05  0.000626278   0.00138465 -0.000450023   0.00205468  0.000324845  -0.00252651  0.000196211 -0.000288586   0.00086788   0.00133961 -0.000200269   0.00198483  0.000376064  -0.00266446  0.000113706 -0.000563605   0.00115188    0.0011941  0.000100711   0.00193445  0.000469153  -0.00281119  7.30784e-05 -0.000825318   0.00148008   0.00098591  0.000451745    0.0018761  0.000600287  -0.00298171  6.23008e-05  -0.00106663   0.00187619  0.000743963  0.000875429   0.00178221  0.000764457  -0.00319319  5.85923e-05  2.29743e-05
========================================
primal_step_norm SUCCESS
SOLVED , sqp_iter_: 0
AFTER initial_guess_[0].uk: [0.042744, -0.537481, 0.192435, -0.518546, 0.029020, -0.024054, 0.232329, -0.002148]
BEFORE initial_guess_[0].uk: [0.044170, -0.538497, 0.193976, -0.518855, 0.029715, -0.024921, 0.232342, -0.011198]
Initialization finished.
Allocations finished.
Setup successful.
Solver is ready.
Starting solver...
Solver initialization verified.
Solver finished.
===== SQP Iteration: 0 =====
step_ (179 x 1): 
 9.06058e-09 -1.47299e-08  1.07836e-08 -2.25856e-08  1.91764e-08 -1.01008e-08  1.28491e-08 -9.03374e-09  1.58843e-06  3.81286e-06 -2.08249e-05  5.66787e-06 -1.22482e-05  6.09632e-06  9.36114e-06  2.43477e-05  4.30631e-07  8.98957e-05  4.19529e-06 -3.79901e-05  7.65686e-06 -2.39774e-05  1.08825e-05  2.01818e-05  4.91296e-05  1.56949e-06  0.000139473  2.60001e-06 -5.37683e-05  7.58211e-06 -3.52796e-05  1.51303e-05  3.19829e-05  7.45464e-05  3.04655e-06  0.000156976  1.09916e-07 -6.99875e-05  6.64926e-06 -4.61504e-05  1.94339e-05  4.44273e-05  0.000100779  4.58332e-06  0.000151433 -2.49842e-06 -8.80278e-05  5.72015e-06 -5.65449e-05  2.42397e-05  5.72754e-05  0.000127965  5.98425e-06  0.000129776 -4.62104e-06 -0.000108869  5.45469e-06 -6.64365e-05  2.98808e-05  7.03069e-05  0.000156172  7.10904e-06  9.60748e-05 -5.68655e-06 -0.000133127  6.45923e-06  -7.5906e-05  3.66305e-05  8.32387e-05   0.00018537  7.84738e-06  5.23003e-05 -5.06872e-06  -0.00016102  9.37478e-06 -8.52078e-05  4.47248e-05  9.56689e-05  0.000215392  8.10862e-06  5.74851e-07   0.00021288  -0.00331848  0.000751682  -0.00179567  0.000188351  1.07217e-05   0.00104865  0.000982139 -7.42459e-05  0.000218794  -0.00335282  0.000760334  -0.00180592  0.000199548  2.06907e-05   0.00107929  0.000981391 -7.52738e-05  0.000507669  -0.00168778  0.000754699   -0.0017293  0.000676147   0.00134626   0.00270253   0.00179684  5.04591e-05  -0.00139076  0.000264376  -0.00165523  0.000530421   0.00155634    0.0027503  0.000976597 -0.000212906  -0.00127841 -1.04489e-05  -0.00159511  0.000470783   0.00169722   0.00282088  0.000333018 -0.000331963  -0.00131427 -0.000124614  -0.00153511  0.000477598   0.00178955   0.00291166 -0.000129213 -0.000347578  -0.00146199 -0.000123971   -0.0014679  0.000533404   0.00184744   0.00301773 -0.000451899 -0.000282759  -0.00168914 -3.54373e-05  -0.00139697  0.000626164   0.00187365    0.0031314 -0.000691803 -0.000141818  -0.00196617  0.000133855  -0.00133745  0.000749293   0.00185921   0.00324161 -0.000891398  8.24821e-05  -0.00226107  0.000388697  -0.00131404  0.000898565   0.00178696   0.00333346  -0.00104795  0.000392893  -0.00252954  0.000728225  -0.00135516   0.00106556   0.00163954   0.00338787  -0.00117535  0.000788711  -0.00278425   0.00115358  -0.00144747   0.00124324   0.00143244   0.00340252 -2.48854e-05
========================================
primal_step_norm SUCCESS
SOLVED , sqp_iter_: 0
AFTER initial_guess_[0].uk: [0.045274, -0.542168, 0.195617, -0.522616, 0.031480, -0.021407, 0.239396, -0.002214]
BEFORE initial_guess_[0].uk: [0.046615, -0.543193, 0.197074, -0.522938, 0.032248, -0.022279, 0.239548, -0.011613]
Initialization finished.
Allocations finished.
Setup successful.
Solver is ready.
Starting solver...
Solver initialization verified.
Solver finished.
===== SQP Iteration: 0 =====
step_ (179 x 1): 
 6.78653e-09 -1.15012e-08  7.72546e-09 -1.60394e-08  1.37077e-08 -7.03732e-09  9.32517e-09 -5.86362e-09  1.08772e-06  7.46901e-06  4.95697e-06 -2.08545e-07  1.58319e-05   6.0865e-06 -1.74149e-05  5.31085e-06  4.46977e-07  9.14914e-05  1.19623e-05   1.4633e-05  -3.7008e-06  3.18717e-05  1.04997e-05 -3.36806e-05  1.01381e-05  1.66111e-06  0.000150534  1.50652e-05  2.77118e-05 -8.78517e-06  4.77477e-05  1.38643e-05 -4.95534e-05  1.42566e-05  3.33109e-06  0.000182791  1.79765e-05  4.31289e-05 -1.41826e-05  6.32113e-05  1.66781e-05 -6.56018e-05  1.75184e-05  5.22677e-06  0.000195829  2.15517e-05  5.99913e-05 -1.89769e-05  7.81468e-05  1.93231e-05 -8.22151e-05  1.98608e-05  7.18006e-06  0.000194486  2.64098e-05  7.74217e-05 -2.24949e-05  9.25394e-05  2.21296e-05 -9.96451e-05   2.1331e-05  9.05508e-06  0.000180374  3.30239e-05  9.44033e-05 -2.42035e-05  0.000106456  2.54332e-05 -0.000118038  2.21135e-05   1.0722e-05  0.000152994  4.17295e-05  0.000109682 -2.36988e-05  0.000120066  2.95977e-05 -0.000137423   2.2559e-05  1.20501e-05   0.00011253  0.000273801  -0.00303813  0.000724923  -0.00157779  0.000180187 -0.000244336   0.00085631  0.000986478  4.17395e-05  0.000287949  -0.00302827  0.000731255  -0.00156514  0.000187056 -0.000266288  0.000856627  0.000986902  4.30347e-05  0.000996387  0.000400413 -2.59848e-05   0.00223177  0.000678477  -0.00250571  0.000591465   0.00189354  0.000598494   0.00078433 -0.000465195   0.00226532  0.000489898   -0.0023386  0.000535736   0.00119599   0.00041317   0.00106025 -0.000677416   0.00224228  0.000373452  -0.00228198  0.000456775  0.000658581  0.000387552   0.00124984 -0.000719219   0.00218411  0.000312267  -0.00230713  0.000361461  0.000271881  0.000475912   0.00136706 -0.000638958   0.00210959  0.000293515  -0.00238824  0.000259263 -1.86648e-05  0.000646765   0.00141317 -0.000468974   0.00203295  0.000311408  -0.00250563  0.000162419 -0.000277446   0.00088065    0.0013768 -0.000227988   0.00196582  0.000366601  -0.00264402  8.61716e-05 -0.000546034   0.00115917   0.00123875  6.69806e-05   0.00192253  0.000462118  -0.00278658  4.90143e-05  -0.00080999    0.0014851   0.00103682   0.00041572   0.00187291  0.000595229  -0.00295071  3.95215e-05  -0.00106577    0.0018852  0.000798514   0.00084416   0.00178623  0.000762717  -0.00315676  3.57068e-05  2.27816e-05
========================================
primal_step_norm SUCCESS
SOLVED , sqp_iter_: 0
AFTER initial_guess_[0].uk: [0.048782, -0.542322, 0.197018, -0.518083, 0.034018, -0.028819, 0.241092, -0.002146]
BEFORE initial_guess_[0].uk: [0.050154, -0.543255, 0.198498, -0.518433, 0.034766, -0.029729, 0.241170, -0.011198]
Initialization finished.
Allocations finished.
Setup successful.
Solver is ready.
Starting solver...
Solver initialization verified.
Solver finished.
===== SQP Iteration: 0 =====
step_ (179 x 1): 
 1.47865e-09 -1.92219e-09  1.95061e-09 -3.43402e-09  2.71917e-09 -1.51676e-09   1.2528e-09  -3.9281e-10  1.11895e-07  6.45952e-06  -1.9043e-05  2.80248e-06 -1.14177e-05  6.07207e-06  8.55493e-06  2.52921e-05  4.32002e-07  8.72624e-05  9.66974e-06  -3.4802e-05  2.13061e-06 -2.22551e-05  1.07348e-05  1.86409e-05   5.0854e-05  1.55103e-06   0.00013515   1.1036e-05  -4.9425e-05  -4.5265e-07 -3.26004e-05  1.47745e-05  2.97712e-05  7.69219e-05  2.98759e-06  0.000150859  1.15905e-05 -6.46325e-05 -3.79782e-06 -4.24657e-05  1.88155e-05  4.16023e-05  0.000103718  4.46743e-06  0.000143947  1.20556e-05  -8.1707e-05 -7.10295e-06 -5.18025e-05   2.3315e-05  5.38956e-05  0.000131414  5.79999e-06  0.000121601  1.29904e-05 -0.000101551  -9.7583e-06 -6.05812e-05   2.8617e-05  6.64352e-05  0.000160101  6.85075e-06   8.7859e-05  1.49408e-05 -0.000124731 -1.11865e-05 -6.88785e-05   3.5006e-05  7.89409e-05  0.000189765  7.51408e-06  4.44544e-05  1.85324e-05 -0.000151447 -1.07471e-05   -7.695e-05  4.27307e-05  9.10081e-05  0.000220248  7.70337e-06 -6.91922e-06  0.000259504  -0.00333213  0.000744056  -0.00178372  0.000204062 -6.23685e-06   0.00108493  0.000981335  -8.2044e-05  0.000268397  -0.00336514  0.000750239  -0.00179262   0.00021492  3.47095e-06   0.00111602  0.000980509 -8.31522e-05  0.000862458  -0.00154564   0.00037553  -0.00161768  0.000677481    0.0012277   0.00281023   0.00181562  0.000427936  -0.00127763 -8.91714e-05  -0.00153082  0.000517751   0.00144973   0.00283801  0.000983757  0.000182157  -0.00118537 -0.000343959  -0.00146122   0.00044851   0.00160008   0.00289387  0.000339562  7.38583e-05  -0.00123254 -0.000445623  -0.00139334  0.000448595     0.001701   0.00297444 -0.000114556  6.18181e-05   -0.0013837 -0.000440455  -0.00131858  0.000499432   0.00176765   0.00307398  -0.00042612  0.000124283  -0.00160806 -0.000354025  -0.00123971  0.000588461   0.00180317    0.0031839 -0.000657932  0.000259503  -0.00187825 -0.000190652  -0.00117173  0.000709077    0.0017984   0.00329224  -0.00085682  0.000477951  -0.00216466  5.80296e-05  -0.00113955  0.000857291   0.00173557   0.00338324   -0.0010208  0.000785166  -0.00242522  0.000394243  -0.00117196   0.00102468   0.00159677   0.00343696  -0.00116765   0.00118452  -0.00267556  0.000823803  -0.00125713   0.00120536   0.00139563   0.00345104 -2.22359e-05
========================================
primal_step_norm SUCCESS
SOLVED , sqp_iter_: 0
AFTER initial_guess_[0].uk: [0.052030, -0.546617, 0.199315, -0.521951, 0.036535, -0.026525, 0.248504, -0.002120]
BEFORE initial_guess_[0].uk: [0.053378, -0.547622, 0.200780, -0.522243, 0.037314, -0.027367, 0.248654, -0.011494]
Initialization finished.
Allocations finished.
Setup successful.
Solver is ready.
Starting solver...
Solver initialization verified.
Solver finished.
===== SQP Iteration: 0 =====
step_ (179 x 1): 
 5.87828e-09 -9.22668e-09  7.10841e-09 -3.48333e-09  2.95352e-09 -5.66875e-09  5.50122e-09 -1.24025e-09  7.12812e-07  5.68288e-06  5.75549e-06   1.2681e-06  1.62966e-05  6.78739e-06 -1.75402e-05   4.8918e-06  4.71225e-07  9.50043e-05  8.40723e-06   1.6143e-05 -7.35005e-07  3.27493e-05  1.18658e-05 -3.39838e-05  9.26842e-06  1.71239e-06  0.000154147  9.79111e-06  2.98359e-05 -4.27867e-06  4.89878e-05   1.5891e-05 -5.00801e-05  1.29189e-05  3.41117e-06  0.000186532  1.10257e-05  4.58002e-05 -8.09082e-06  6.47948e-05  1.93574e-05 -6.63696e-05  1.56927e-05  5.34042e-06  0.000200184  1.29423e-05   6.3185e-05 -1.12804e-05   8.0086e-05  2.26377e-05 -8.32118e-05  1.75274e-05  7.33782e-06  0.000200068  1.61336e-05  8.11553e-05 -1.32019e-05  9.48728e-05   2.6054e-05 -0.000100834  1.84722e-05  9.27292e-06  0.000187582  2.10552e-05  9.87278e-05  -1.3341e-05   0.00010924  2.99415e-05 -0.000119364  1.87157e-05  1.10176e-05  0.000161783  2.80392e-05  0.000114668 -1.12973e-05  0.000123363  3.46734e-05 -0.000138826  1.86169e-05  1.24374e-05  0.000122508  0.000281424  -0.00305558  0.000751377  -0.00157018  0.000203561 -0.000258015  0.000883238  0.000986563  5.16768e-05  0.000293869  -0.00304494  0.000759274  -0.00155691  0.000211022 -0.000279953  0.000883008  0.000987086  5.28203e-05   0.00075602  0.000467527  0.000167787   0.00230161  0.000753436  -0.00252079  0.000542138   0.00187726  0.000362469  0.000842347 -0.000267344   0.00232397  0.000563548  -0.00236368  0.000485335   0.00116701  0.000184094   0.00111006 -0.000472375   0.00229362  0.000446708  -0.00231392  0.000404854  0.000630822  0.000164358   0.00129399 -0.000507954   0.00223259  0.000384739  -0.00234186   0.00030776  0.000256277   0.00025535   0.00140897 -0.000424863   0.00215965  0.000364142  -0.00242148  0.000203718 -1.80147e-05  0.000425262    0.0014563  -0.00025584   0.00208836  0.000379272  -0.00253367   0.00010516 -0.000263473  0.000655815   0.00142397 -1.83321e-05   0.00202909  0.000431604  -0.00266441  2.75267e-05  -0.00052651  0.000930539   0.00129174  0.000272727   0.00199465  0.000525342  -0.00279847 -1.04829e-05  -0.00079326   0.00125434   0.00109605  0.000619385   0.00195383  0.000658257  -0.00295436 -2.06587e-05  -0.00106381   0.00165813  0.000861748   0.00105224   0.00187419  0.000828379  -0.00315445 -2.51157e-05  2.09779e-05
========================================
primal_step_norm SUCCESS
SOLVED , sqp_iter_: 0
AFTER initial_guess_[0].uk: [0.055022, -0.546605, 0.201145, -0.517237, 0.039280, -0.033947, 0.250069, -0.002107]
BEFORE initial_guess_[0].uk: [0.056403, -0.547520, 0.202635, -0.517556, 0.040037, -0.034826, 0.250144, -0.011124]
Initialization finished.
Allocations finished.
Setup successful.
Solver is ready.
Starting solver...
Solver initialization verified.
Solver finished.
===== SQP Iteration: 0 =====
step_ (179 x 1): 
 1.22555e-09 -1.84226e-09  2.14458e-09 -8.28736e-10  8.01097e-10 -1.57586e-09  1.04836e-09   -4.398e-10  1.14649e-07  6.43241e-06 -2.59958e-05     3.03e-06 -1.57875e-05  5.76934e-06  1.43894e-05  2.91138e-05  4.29541e-07  8.75369e-05  9.63008e-06 -4.88221e-05  2.59743e-06 -3.10312e-05  1.01069e-05  3.02436e-05  5.84936e-05  1.54354e-06  0.000134405  1.10093e-05 -7.06229e-05  2.78356e-07 -4.58099e-05  1.38367e-05  4.70942e-05  8.83811e-05  2.96606e-06  0.000149324  1.15895e-05 -9.30618e-05 -2.79278e-06 -6.01073e-05  1.75828e-05  6.46161e-05   0.00011899  4.42844e-06  0.000142495  1.20736e-05 -0.000117312 -5.83988e-06 -7.38685e-05  2.17934e-05  8.25765e-05  0.000150472  5.75039e-06  0.000121377  1.30138e-05 -0.000144114 -8.26902e-06 -8.70943e-05  2.68033e-05  0.000100738  0.000182883  6.80826e-06  8.98577e-05  1.49822e-05 -0.000173816 -9.48745e-06 -9.99406e-05  3.28963e-05  0.000118762  0.000216156  7.50413e-06  4.90551e-05  1.86782e-05  -0.00020634  -8.7925e-06   -0.0001128  4.03349e-05  0.000136135  0.000250055  7.75006e-06 -2.72297e-08  0.000281121  -0.00341481  0.000760355  -0.00182007  0.000219704  3.18897e-05   0.00114891  0.000981151 -7.42597e-05  0.000290178  -0.00345306   0.00076683  -0.00183383    0.0002303  4.68313e-05   0.00118327  0.000980404 -7.50976e-05  0.000858528  -0.00210856  0.000405449  -0.00223073  0.000641112   0.00206717   0.00323338   0.00179673  0.000426157  -0.00185026 -5.74507e-05  -0.00215304  0.000481576   0.00227923   0.00326161  0.000953911  0.000183794  -0.00176699 -0.000308909  -0.00208726   0.00041406   0.00242264   0.00331777  0.000314183  7.72517e-05  -0.00181858 -0.000409216  -0.00201921  0.000415824   0.00251929   0.00339766  -0.00012242  6.43811e-05  -0.00196533 -0.000406111  -0.00194343  0.000467355    0.0025824   0.00349431 -0.000410552    0.0001251  -0.00217206 -0.000323852  -0.00186776  0.000556067   0.00261142   0.00359744 -0.000621584  0.000261996   -0.0024069  -0.00016264  -0.00181416  0.000676266   0.00259166   0.00369298 -0.000810095  0.000492081  -0.00263561  9.23099e-05  -0.00181616   0.00082561   0.00249829   0.00376266  -0.00097812  0.000802786  -0.00286325  0.000429146  -0.00185942  0.000993307    0.0023491   0.00380483  -0.00114809   0.00120652  -0.00310054  0.000862691  -0.00194298   0.00117623   0.00214824   0.00381441 -1.72419e-05
========================================
primal_step_norm SUCCESS
SOLVED , sqp_iter_: 0
AFTER initial_guess_[0].uk: [0.058270, -0.552106, 0.203517, -0.522408, 0.041711, -0.029430, 0.258583, -0.002140]
BEFORE initial_guess_[0].uk: [0.059623, -0.553096, 0.204989, -0.522664, 0.042499, -0.030240, 0.258730, -0.011461]
Initialization finished.
Allocations finished.
Setup successful.
Solver is ready.
Starting solver...
Solver initialization verified.
Solver finished.
===== SQP Iteration: 0 =====
step_ (179 x 1): 
-5.44262e-10  5.48458e-10 -1.40184e-10  2.89887e-10  1.18016e-10 -1.11807e-10 -1.03046e-09  5.62835e-12  5.94879e-08  3.43861e-05  1.39117e-05 -2.15492e-05  1.92977e-05  1.62514e-06 -1.84634e-05  1.07722e-05  3.24474e-07  6.49658e-05  6.59602e-05  3.18874e-05 -4.62912e-05  3.88546e-05  1.44224e-06 -3.57613e-05  2.07844e-05  1.12263e-06  9.44511e-05  9.62153e-05  5.25873e-05 -7.27224e-05  5.82452e-05  2.22375e-07 -5.27059e-05  2.98269e-05  2.07857e-06   9.6541e-05  0.000126209  7.48767e-05 -9.97996e-05  7.72218e-05 -1.43131e-06  -6.9895e-05  3.77698e-05  2.95636e-06  7.88467e-05  0.000156616  9.77082e-05 -0.000126882  9.57058e-05 -3.04818e-06 -8.77261e-05  4.45898e-05    3.582e-06  4.61476e-05  0.000187817  0.000119955 -0.000153622  0.000113768 -4.23292e-06 -0.000106428  5.04004e-05  3.81475e-06   3.8327e-07   0.00021996  0.000140269   -0.0001799  0.000131631 -4.62471e-06  -0.00012607  5.54844e-05  3.52861e-06 -5.76049e-05  0.000253098  0.000157662 -0.000205712  0.000149339 -3.86857e-06 -0.000146827  6.01362e-05  2.61772e-06  -0.00012472  0.000552573  -0.00303978  0.000541145  -0.00154102  0.000179266 -0.000274516  0.000963519  0.000973951  -0.00021465   0.00058732  -0.00302947   0.00051568  -0.00152385  0.000182815 -0.000298048  0.000967788  0.000971779 -0.000219858   0.00458106    0.0011271  -0.00286978   0.00272507  0.000180597  -0.00265508   0.00119635   0.00130694   0.00420604   0.00145685  -0.00329574   0.00276198  -2.0283e-05  -0.00248705   0.00111155  0.000593163   0.00403026   0.00167768   -0.0035208   0.00273852 -0.000135409   -0.0024362   0.00100376  4.52842e-05   0.00399544   0.00180657  -0.00360694    0.0026801 -0.000183581  -0.00247129  0.000881581 -0.000350571   0.00405038   0.00185054  -0.00360764   0.00261053   -0.0001795  -0.00256357  0.000756839 -0.000651144   0.00415631   0.00180314  -0.00356205   0.00255097 -0.000131512  -0.00268878  0.000644729 -0.000913412   0.00428172   0.00164641   -0.0035005   0.00252282 -4.34966e-05  -0.00282402  0.000563997  -0.00115871   0.00441408   0.00140975  -0.00343836   0.00250093  8.38799e-05  -0.00298427  0.000515849  -0.00134177    0.0045291   0.00113068   -0.0034028   0.00247263  0.000235167   -0.0031698  0.000492011   -0.0014441   0.00462877  0.000835829  -0.00339208   0.00242458  0.000394107  -0.00338347  0.000473934 -0.000104164
========================================
primal_step_norm SUCCESS
SOLVED , sqp_iter_: 0
AFTER initial_guess_[0].uk: [0.069587, -0.550645, 0.198747, -0.516737, 0.042971, -0.037170, 0.261852, -0.004926]
BEFORE initial_guess_[0].uk: [0.071004, -0.551627, 0.200254, -0.516959, 0.043709, -0.037959, 0.261850, -0.013829]
Initialization finished.
Allocations finished.
Setup successful.
Solver is ready.
Starting solver...
Solver initialization verified.
Solver finished.
===== SQP Iteration: 0 =====
step_ (179 x 1): 
-4.48004e-11  1.27901e-10  -7.0614e-11 -8.41812e-11  7.43918e-11  1.44559e-10 -3.84431e-10  5.66471e-11  2.97493e-08  1.52748e-05 -1.08458e-05  -4.3224e-06 -4.40589e-06  5.56121e-06  4.07424e-06  2.26436e-05  4.16578e-07  8.34754e-05  2.72477e-05 -1.81288e-05 -1.21367e-05 -8.53207e-06  9.75566e-06  9.41922e-06  4.57328e-05  1.45887e-06  0.000124942  3.73863e-05 -2.40048e-05 -2.18282e-05 -1.24242e-05   1.3403e-05  1.55905e-05  6.94565e-05  2.75706e-06  0.000134657  4.67354e-05 -3.01623e-05 -3.22512e-05 -1.60213e-05  1.71182e-05  2.23007e-05  9.39746e-05  4.04311e-06  0.000122515  5.60228e-05 -3.78663e-05 -4.26178e-05 -1.92154e-05  2.13519e-05  2.93558e-05  0.000119401  5.13139e-06  9.50975e-05  6.58384e-05 -4.80515e-05 -5.23069e-05 -2.19424e-05  2.64639e-05  3.65604e-05   0.00014578  5.88186e-06    5.499e-05   7.6805e-05 -6.13953e-05 -6.06821e-05 -2.42701e-05  3.27927e-05  4.36243e-05   0.00017306  6.16693e-06  2.04713e-06  8.96607e-05 -7.82997e-05 -6.70065e-05 -2.64595e-05  4.06824e-05  5.01107e-05  0.000201065  5.86116e-06 -6.31851e-05  0.000405383   -0.0032998   0.00067638  -0.00171967  0.000234987 -7.37139e-05   0.00113269  0.000975617  -0.00016234   0.00042102  -0.00332426  0.000672074  -0.00172246   0.00024625 -6.98624e-05   0.00116106   0.00097398 -0.000165128   0.00203454 -0.000878914 -0.000575836 -0.000622105  0.000617351  0.000585698   0.00251334    0.0016718   0.00159484 -0.000590249  -0.00104097 -0.000582694   0.00046561  0.000768447   0.00256303  0.000829979   0.00135048 -0.000476227  -0.00129103  -0.00054966  0.000404874  0.000887266   0.00263347  0.000194961    0.0012453 -0.000499064  -0.00138847 -0.000507961   0.00041241  0.000964722   0.00272169 -0.000242087   0.00123709 -0.000624445  -0.00138096 -0.000451071  0.000469957   0.00101433   0.00282252  -0.00054749   0.00130748 -0.000825596  -0.00129071 -0.000385074  0.000567463   0.00103581   0.00292828 -0.000801499    0.0014608  -0.00108155  -0.00111569  -0.00032868  0.000702546   0.00101562   0.00302832  -0.00105877   0.00171247  -0.00137006 -0.000842484 -0.000309306  0.000875771   0.00093255   0.00310889  -0.00130462   0.00206466  -0.00165444 -0.000472967 -0.000354535   0.00108088  0.000769221     0.003153  -0.00152408   0.00208291  -0.00198304 -0.000573488 -0.000394878   0.00125027  0.000553747   0.00314948 -5.57921e-05
========================================
primal_step_norm SUCCESS
SOLVED , sqp_iter_: 0
AFTER initial_guess_[0].uk: [0.075429, -0.553539, 0.199002, -0.518312, 0.045320, -0.036430, 0.268410, -0.005470]
BEFORE initial_guess_[0].uk: [0.076755, -0.554518, 0.200408, -0.518554, 0.046140, -0.037234, 0.268535, -0.014704]
Initialization finished.
Allocations finished.
Setup successful.
Solver is ready.
Starting solver...
Solver initialization verified.
Solver finished.
===== SQP Iteration: 0 =====
step_ (179 x 1): 
  5.9364e-09 -9.74151e-09  5.48078e-09 -2.61953e-09  2.72766e-09 -4.96133e-09   5.8489e-09 -9.84896e-10  6.36594e-07  1.82472e-05  7.57685e-06 -1.13893e-05  1.65347e-05  6.77223e-06 -1.93903e-05  7.54634e-06  5.17862e-07  0.000104175  3.38591e-05  1.92842e-05 -2.55301e-05  3.33807e-05  1.15733e-05 -3.74974e-05  1.44943e-05  1.89467e-06  0.000172111  4.84085e-05  3.39697e-05 -4.07209e-05  5.01986e-05  1.51025e-05 -5.50114e-05  2.07209e-05  3.82378e-06  0.000214601  6.30049e-05  5.08166e-05 -5.57593e-05  6.68197e-05  1.78629e-05  -7.2397e-05  2.61439e-05  6.09737e-06  0.000240919   7.8396e-05  6.92144e-05 -6.98285e-05  8.32095e-05  2.02175e-05 -8.99371e-05  3.07472e-05  8.58047e-06  0.000256385   9.5134e-05  8.85694e-05 -8.23098e-05   9.9412e-05  2.24795e-05 -0.000107801  3.46016e-05   1.1167e-05  0.000261474  0.000113736  0.000108109 -9.26103e-05  0.000115502  2.50012e-05 -0.000126107  3.78878e-05  1.37359e-05  0.000252783  0.000134765  0.000126736 -0.000100065  0.000131571  2.82304e-05 -0.000144952  4.09217e-05  1.61274e-05  0.000225901  0.000477989  -0.00308145  0.000642933  -0.00154645  0.000229035 -0.000290051   0.00097559   0.00098726  0.000148484  0.000508904  -0.00306687  0.000647166  -0.00153155  0.000235788 -0.000311192  0.000978617  0.000988783  0.000156138   0.00242925  0.000615555  -0.00151845   0.00233584  0.000751256  -0.00278649  0.000836269   0.00205691   0.00207922  0.000949355  -0.00188402   0.00237937  0.000532818  -0.00260292   0.00077061   0.00134224   0.00193787   0.00119054  -0.00202368    0.0023753  0.000391713  -0.00251786  0.000690611  0.000832765   0.00194427   0.00136555  -0.00200321   0.00234743  0.000306447  -0.00249957  0.000601518  0.000509932    0.0020502   0.00149114  -0.00187398   0.00231469  0.000261456  -0.00252187  0.000510658  0.000294397   0.00222967   0.00156868  -0.00166258   0.00228819  0.000251185  -0.00256847  0.000427658  8.90741e-05   0.00247804   0.00158359  -0.00137206    0.0022723  0.000280046  -0.00263218  0.000364715 -0.000184205   0.00280131   0.00150966 -0.000993119   0.00226929  0.000358585  -0.00270965   0.00033686  -0.00054575   0.00364505   0.00140775    4.881e-05    0.0021843  0.000552265  -0.00284322  0.000341641  -0.00103781   0.00411851    0.0011806   0.00056381   0.00210456  0.000749674  -0.00303996   0.00033622  0.000151302
========================================
primal_step_norm SUCCESS
SOLVED , sqp_iter_: 0
AFTER initial_guess_[0].uk: [0.082039, -0.553179, 0.197106, -0.513474, 0.048100, -0.044507, 0.270718, -0.004419]
BEFORE initial_guess_[0].uk: [0.083448, -0.554139, 0.198611, -0.513665, 0.048848, -0.045259, 0.270725, -0.013318]
Initialization finished.
Allocations finished.
Setup successful.
Solver is ready.
Starting solver...
Solver initialization verified.
Solver finished.
===== SQP Iteration: 0 =====
step_ (179 x 1): 
-2.36528e-10 -2.68869e-10 -2.85985e-10 -1.54362e-11  1.05143e-11  4.82308e-12 -2.58588e-10   5.0123e-11  4.98071e-08  0.000167693    2.344e-05 -0.000116899  1.19173e-05 -2.92217e-05  1.20849e-05  4.90607e-05 -7.97797e-07 -0.000158196  0.000332312  5.00616e-05 -0.000238985  2.38052e-05 -5.92154e-05  2.49334e-05  9.83568e-05  -3.3337e-06 -0.000349863  0.000494352  7.72842e-05 -0.000366233  3.53455e-05 -8.84887e-05  3.76109e-05  0.000147914 -7.94794e-06 -0.000573781  0.000654209  0.000102177 -0.000498677  4.65251e-05 -0.000115884   4.9447e-05  0.000197599 -1.49505e-05 -0.000827412   0.00081196  0.000122039 -0.000636703  5.72941e-05 -0.000140389  5.97523e-05  0.000247302 -2.46231e-05  -0.00110765  0.000967279  0.000134481 -0.000781123  6.75603e-05 -0.000161195   6.7821e-05  0.000296924 -3.71976e-05  -0.00140772   0.00111922  0.000137676 -0.000933423  7.72417e-05 -0.000177835   7.3011e-05  0.000346358  -5.2794e-05  -0.00171188   0.00126266  0.000130296  -0.00110031   8.6796e-05 -0.000190938  7.50207e-05  0.000395368 -7.13001e-05  -0.00198922   0.00174075  -0.00309776 -0.000539318  -0.00158198  9.88471e-07 -7.24899e-05   0.00137834  0.000878406  -0.00221862   0.00186865  -0.00312141 -0.000731831  -0.00157265 -7.08194e-06 -7.61132e-05   0.00142626  0.000855991  -0.00226443    0.0223402    0.0018979   -0.0155703   0.00168226  -0.00324314   0.00173582   0.00544814  -0.00312086    0.0219291   0.00215737   -0.0162628   0.00167885  -0.00332947   0.00184708   0.00547286  -0.00381651    0.0215852   0.00220625   -0.0169506   0.00162983  -0.00324957   0.00182265   0.00550173  -0.00446212    0.0212945   0.00201759   -0.0176429   0.00157897  -0.00304113   0.00170181   0.00551586   -0.0050578    0.0210139   0.00160978   -0.0183862     0.001521  -0.00272034   0.00148177    0.0055177  -0.00559213    0.0206898   0.00100844   -0.0192381   0.00145003  -0.00230974   0.00116029   0.00550858   -0.0059911    0.0202394  0.000259039   -0.0202878   0.00136745  -0.00184735  0.000746458   0.00548759   -0.0060757    0.0191086 -0.000598166   -0.0222309    0.0013494  -0.00145456  0.000289076   0.00544061  -0.00554297    0.0174922  -0.00138405   -0.0247599   0.00138625   -0.0011831 -0.000149744   0.00536742  -0.00422436    0.0170361  -0.00191624   -0.0256446   0.00131743 -0.000895947  -0.00052097   0.00531941 -0.000916181
========================================
primal_step_norm SUCCESS
SOLVED , sqp_iter_: 0
AFTER initial_guess_[0].uk: [0.132038, -0.550011, 0.164745, -0.510006, 0.040384, -0.040728, 0.284944, -0.028922]
BEFORE initial_guess_[0].uk: [0.133406, -0.551012, 0.165642, -0.510286, 0.041387, -0.041653, 0.285022, -0.037353]
Initialization finished.
Allocations finished.
Setup successful.
Solver is ready.
Starting solver...
Solver initialization verified.
Solver finished.
===== SQP Iteration: 0 =====
step_ (179 x 1): 
-1.55783e-09 -6.09879e-10 -2.49917e-09  4.07532e-10  5.11537e-10 -3.26495e-10 -4.17058e-09  1.58773e-10  3.74189e-07  0.000119499 -1.29559e-05 -8.90226e-05 -1.18249e-06 -2.86681e-05 -2.23856e-07  5.41709e-05  6.60886e-07  0.000132273  0.000236363 -2.19216e-05 -0.000178904 -1.54127e-06 -6.02121e-05  1.59451e-06  0.000108216  2.46416e-06  0.000228668  0.000352148 -2.77808e-05 -0.000267988 -1.34862e-06 -9.39685e-05  4.93447e-06  0.000162434  5.09904e-06  0.000298617   0.00046813  -3.1173e-05 -0.000354945 -7.57389e-07 -0.000129395  9.43221e-06  0.000217082  8.33054e-06  0.000348017  0.000585515 -3.26845e-05 -0.000438533  1.11298e-07 -0.000165944  1.47782e-05  0.000272369  1.19467e-05  0.000375567  0.000705772 -3.31208e-05 -0.000517266  1.04772e-06 -0.000202882  2.05715e-05   0.00032845   1.5682e-05  0.000371827  0.000830884 -3.37539e-05 -0.000589143  1.64584e-06  -0.00023911   2.6191e-05  0.000385444  1.91517e-05  0.000322312  0.000963362 -3.63954e-05 -0.000651633  1.28288e-06   -0.0002731  3.07645e-05  0.000443458  2.18474e-05  0.000216953   0.00156651  -0.00327868 -0.000166163  -0.00166831 -0.000111073 -0.000116376   0.00148462  0.000971488 -6.22461e-07   0.00169145  -0.00329259 -0.000241552  -0.00166909 -0.000141132 -0.000115858   0.00154326    0.0009715  2.85199e-06    0.0159187  -0.00105004   -0.0118581 -0.000167129  -0.00318248 -3.21063e-05   0.00601421    0.0026335    0.0155675 -0.000726613   -0.0119728 -5.07166e-05  -0.00350168  0.000261509    0.0059998   0.00192185    0.0154238 -0.000474802   -0.0118666  2.71951e-05  -0.00374727  0.000480317   0.00601877   0.00139276    0.0154498 -0.000274889   -0.0115834  8.35096e-05  -0.00393271  0.000646817    0.0060664  0.000981425    0.0156369 -0.000122453   -0.0111346  0.000122733  -0.00405732  0.000768794   0.00613702  0.000543973    0.0160195 -3.53041e-05   -0.0104879  0.000132284  -0.00410032  0.000833108   0.00622499 -8.19034e-05    0.0166663 -5.11956e-05  -0.00957449  8.44433e-05   -0.0040216  0.000807998    0.0063261 -0.000996445    0.0176474 -0.000214036  -0.00832406 -5.11838e-05  -0.00377285  0.000657205   0.00643927  -0.00211153     0.017115  -0.00062088   -0.0091754 -4.67292e-05  -0.00360585  0.000423975   0.00650651  -0.00307443     0.016644  -0.00112762   -0.0100423 -0.000110223  -0.00333642  7.41435e-05   0.00650999   7.0188e-05
========================================
primal_step_norm SUCCESS
SOLVED , sqp_iter_: 0
AFTER initial_guess_[0].uk: [0.168029, -0.553296, 0.139851, -0.510649, 0.033080, -0.041737, 0.300719, -0.024186]
BEFORE initial_guess_[0].uk: [0.169178, -0.554365, 0.140912, -0.510786, 0.033941, -0.042485, 0.300775, -0.032992]
Initialization finished.
Allocations finished.
Setup successful.
Solver is ready.
Starting solver...
Solver initialization verified.
Solver finished.
===== SQP Iteration: 0 =====
step_ (179 x 1): 
-3.04623e-09 -2.70987e-09 -5.92135e-09  3.17525e-10  1.27326e-09 -9.64728e-10  -8.8803e-09  3.15128e-10  9.01939e-07  0.000138782   1.2732e-05 -0.000113141  2.03687e-05 -1.28189e-05 -2.10067e-05  3.32688e-05    4.426e-07  8.95607e-05  0.000275368  3.01991e-05 -0.000228175  4.08794e-05  -2.7527e-05 -4.06885e-05   6.6202e-05  1.63154e-06  0.000148677  0.000411136  5.13421e-05 -0.000343722  6.13605e-05 -4.32284e-05 -5.95458e-05  9.86934e-05  3.30853e-06  0.000187175  0.000547034  7.53749e-05 -0.000458859  8.17946e-05 -5.92619e-05 -7.78802e-05  0.000130691   5.3078e-06  0.000213131  0.000683695  0.000101637  -0.00057296  0.000102277 -7.51634e-05 -9.58446e-05  0.000162214  7.51974e-06  0.000229697  0.000821651  0.000129357 -0.000685454  0.000122953 -9.05898e-05  -0.00011353  0.000193359   9.8349e-06  0.000233802  0.000961575  0.000157418 -0.000795565  0.000143939 -0.000105234 -0.000131055  0.000224314   1.2085e-05  0.000216597   0.00110459  0.000184612 -0.000902086  0.000165013 -0.000118474 -0.000148854  0.000255213  1.39989e-05  0.000166249   0.00185999  -0.00303827  -0.00051382  -0.00148545  3.64003e-05  -0.00031755   0.00132721   0.00096342  7.20092e-06   0.00201745  -0.00301707 -0.000603878  -0.00146654  2.95723e-05 -0.000338586   0.00135798  0.000963607   2.9786e-05    0.0184872   0.00103217   -0.0150707   0.00287677  -0.00142311  -0.00302012   0.00369377   0.00177733    0.0181948   0.00141584   -0.0153232   0.00289677  -0.00163279  -0.00282964   0.00365642   0.00117261    0.0180858   0.00171365   -0.0153919    0.0028926  -0.00174306  -0.00271107   0.00360725  0.000760535     0.018103   0.00194786   -0.0153371   0.00288596  -0.00177994  -0.00263586    0.0035523  0.000509846    0.0182048   0.00212851   -0.0151992   0.00289279  -0.00176527  -0.00258268   0.00349924  0.000322211    0.0183774    0.0022468   -0.0149851   0.00292003  -0.00171243  -0.00254256   0.00345705  7.28201e-05    0.0186394   0.00227429   -0.0146676    0.0029638  -0.00162554  -0.00251966    0.0034357 -0.000353254    0.0190505   0.00220391   -0.0141894   0.00297608  -0.00146953  -0.00255934   0.00342915  -0.00101298    0.0207528   0.00207868   -0.0120812   0.00276551  -0.00106315   -0.0027496   0.00341939  -0.00197553    0.0209756   0.00171834    -0.011996   0.00266933 -0.000757343  -0.00302503   0.00341532  0.000452979
========================================
primal_step_norm SUCCESS
SOLVED , sqp_iter_: 0
AFTER initial_guess_[0].uk: [0.209387, -0.552120, 0.108133, -0.504529, 0.030227, -0.050368, 0.310416, -0.024105]
BEFORE initial_guess_[0].uk: [0.210536, -0.553121, 0.109163, -0.504694, 0.031158, -0.051146, 0.310425, -0.032793]
Initialization finished.
Allocations finished.
Setup successful.
Solver is ready.
Starting solver...
Solver initialization verified.
Solver finished.
===== SQP Iteration: 0 =====
step_ (179 x 1): 
-2.74315e-09 -3.06842e-09 -5.10748e-09  1.67815e-11  9.45913e-10 -1.03851e-09 -6.75894e-09  3.01305e-10  7.90035e-07   0.00010008 -3.30948e-05 -4.83469e-05 -1.29841e-05 -6.94936e-05  2.68098e-05  6.85797e-05  3.98283e-07  8.23796e-05  0.000197712 -6.12863e-05 -9.88377e-05 -2.61028e-05 -0.000140622  5.46755e-05  0.000137476  1.46368e-06  0.000130565  0.000294312 -8.55161e-05 -0.000150099  -3.9732e-05 -0.000212143  8.28752e-05  0.000206898   2.8635e-06  0.000149234  0.000391233 -0.000106874 -0.000200793 -5.40474e-05 -0.000283066  0.000110895  0.000276911  4.30792e-06  0.000139453  0.000489979 -0.000126722 -0.000249394 -6.91785e-05 -0.000352499  0.000138275   0.00034747  5.48308e-06   9.5382e-05   0.00059241 -0.000146831  -0.00029397 -8.53533e-05 -0.000419484  0.000164449  0.000418463  5.99395e-06  6.65217e-06  0.000700745 -0.000169369 -0.000332182 -0.000102968  -0.00048294   0.00018868  0.000489743  5.36403e-06 -0.000132618  0.000797615 -0.000198117 -0.000387289 -0.000119979 -0.000545068  0.000210961  0.000561338  3.17196e-06 -0.000305727   0.00164711  -0.00346069 -6.13492e-05  -0.00178845 -0.000446864  6.01718e-05   0.00170504  0.000947678 -0.000518213   0.00173602  -0.00350222 -0.000130927  -0.00180613 -0.000503623  7.76435e-05   0.00177681  0.000942402 -0.000537189    0.0133312   -0.0026825  -0.00644121  -0.00183368   -0.0077141   0.00385436   0.00761157   0.00166837    0.0130055  -0.00228489  -0.00672581  -0.00185279  -0.00789579   0.00400629   0.00764808  0.000965791     0.012868   -0.0019638  -0.00682852   -0.0019249   -0.0079393   0.00405428   0.00770672  0.000376021    0.0129107  -0.00173104  -0.00675299  -0.00202182  -0.00787301   0.00402849   0.00777235 -0.000192335    0.0131538  -0.00160859  -0.00647424  -0.00213697  -0.00770763    0.0039365   0.00783314 -0.000877799    0.0136446  -0.00162972  -0.00593792  -0.00228433  -0.00743597   0.00376323   0.00788127  -0.00177115    0.0144313   -0.0018265  -0.00509024  -0.00248755  -0.00704429   0.00348398   0.00791322  -0.00278367    0.0129037  -0.00232936  -0.00734088  -0.00240236  -0.00689686   0.00320373   0.00794767  -0.00346175    0.0123113  -0.00285576  -0.00838789  -0.00244756  -0.00659685   0.00285038   0.00796376  -0.00349367    0.0118431  -0.00336592  -0.00926813  -0.00249714  -0.00630037   0.00251162    0.0079668 -0.000378827
========================================
primal_step_norm SUCCESS
SOLVED , sqp_iter_: 0
AFTER initial_guess_[0].uk: [0.239531, -0.558955, 0.095154, -0.508683, 0.011024, -0.041086, 0.330292, -0.024451]
BEFORE initial_guess_[0].uk: [0.240598, -0.559802, 0.096034, -0.508987, 0.012155, -0.042024, 0.330405, -0.033407]
Initialization finished.
Allocations finished.
Setup successful.
Solver is ready.
Starting solver...
Solver initialization verified.
Solver finished.
===== SQP Iteration: 0 =====
step_ (179 x 1): 
-2.45342e-09 -8.32421e-10 -1.29434e-09  8.95395e-11  9.42723e-10 -9.77315e-10 -6.34931e-09  3.36029e-10  7.96918e-07  5.46343e-05  3.14726e-05 -4.97938e-05  2.12893e-05  2.22641e-05 -2.14186e-05  6.41361e-06  2.30071e-07  4.83949e-05  0.000107308  6.57447e-05 -0.000100857  4.36749e-05  4.13675e-05 -4.06295e-05  1.22078e-05  8.11463e-07  6.79079e-05   0.00015932  0.000101384 -0.000151905  6.71499e-05  5.81222e-05 -5.79801e-05  1.73144e-05  1.47261e-06  6.43823e-05  0.000211593   0.00013739 -0.000202107  9.16316e-05   7.3365e-05 -7.38529e-05  2.17735e-05  2.00081e-06  4.13799e-05  0.000264887  0.000172969 -0.000250831  0.000116936  8.79934e-05 -8.87141e-05  2.57054e-05  2.19121e-06 -3.07667e-06  0.000320059   0.00020727 -0.000297358  0.000142729  0.000103027 -0.000103183  2.92675e-05  1.79463e-06 -7.60296e-05  0.000377347  0.000239114 -0.000341853   0.00016862  0.000119488 -0.000118034  3.26192e-05  4.88145e-07 -0.000185075  0.000435225  0.000266899 -0.000386855  0.000194354  0.000138128 -0.000134084  3.58975e-05 -2.08665e-06 -0.000329719   0.00133987  -0.00297942 -0.000113213  -0.00144933   0.00026068  -0.00030526   0.00118288  0.000936927 -0.000556179   0.00139509   -0.0029634 -0.000165493  -0.00142455  0.000285212 -0.000325649   0.00118615  0.000931353 -0.000558919   0.00727738   0.00255036  -0.00663416    0.0030067   0.00247159  -0.00307964  0.000711272  0.000981822   0.00701665    0.0027777  -0.00680209   0.00316155   0.00212061  -0.00276204  0.000643409  0.000389744   0.00692835   0.00288849  -0.00680013   0.00331544   0.00185984  -0.00249451  0.000567112 -7.13382e-05   0.00696292   0.00291843  -0.00668741   0.00345768   0.00169196  -0.00228196  0.000495291 -0.000461561   0.00709904   0.00288386  -0.00649058   0.00357385   0.00162371  -0.00213641  0.000436727 -0.000892005   0.00734929   0.00278032  -0.00619791   0.00364293   0.00166873  -0.00208002  0.000395545  -0.00146251   0.00763138   0.00258095   -0.0059271   0.00365663   0.00182719  -0.00213513  0.000372019  -0.00218445   0.00770984   0.00225197  -0.00599455   0.00363437   0.00206911  -0.00230784  0.000363667  -0.00289649   0.00781481    0.0018275  -0.00608625   0.00355013   0.00240637  -0.00259242  0.000361653  -0.00339508   0.00735569   0.00129831  -0.00696384   0.00349958   0.00272367  -0.00293142  0.000361809 -5.39185e-05
========================================
primal_step_norm SUCCESS
SOLVED , sqp_iter_: 0
AFTER initial_guess_[0].uk: [0.256426, -0.554255, 0.081605, -0.502447, 0.018606, -0.050062, 0.332261, -0.028498]
BEFORE initial_guess_[0].uk: [0.257515, -0.555247, 0.082505, -0.502586, 0.019626, -0.050823, 0.332263, -0.037296]
Initialization finished.
Allocations finished.
Setup successful.
Solver is ready.
Starting solver...
Solver initialization verified.
Solver finished.
===== SQP Iteration: 0 =====
step_ (179 x 1): 
-2.06531e-09 -4.14404e-10  -8.7703e-10   2.3251e-10  4.51387e-10 -7.10139e-10 -2.55094e-09  2.56277e-10  5.35924e-07  3.88734e-05  5.02173e-07 -1.08144e-05  5.05664e-06 -2.72631e-05   1.8221e-06  3.62984e-05 -2.86166e-08 -3.26763e-06   7.5285e-05   4.7391e-06 -2.35851e-05  1.04593e-05 -5.71153e-05  5.07826e-06  7.25954e-05 -2.09982e-07 -3.32521e-05  0.000110136  1.12094e-05  -3.7572e-05    1.617e-05 -8.87081e-05  9.28585e-06  0.000108908 -7.78089e-07 -8.06136e-05  0.000143851  1.89228e-05 -5.26202e-05  2.22128e-05 -0.000121271  1.40896e-05  0.000145227 -1.85194e-06 -0.000134381  0.000176434  2.74096e-05 -6.91299e-05  2.86234e-05 -0.000154033  1.92172e-05  0.000181509 -3.45283e-06 -0.000185947  0.000207595  3.62779e-05 -8.77848e-05  3.55888e-05 -0.000186491   2.4578e-05  0.000217673 -5.53875e-06 -0.000231379  0.000238852  4.53197e-05 -0.000106838  4.30888e-05 -0.000217963   3.0065e-05  0.000253608 -8.06631e-06 -0.000274151   0.00027038   5.3882e-05 -0.000126335  5.11824e-05 -0.000247979  3.55139e-05  0.000289215 -1.10704e-05 -0.000326582   0.00122141  -0.00318991  0.000144112  -0.00158661 -0.000147581 -0.000133731   0.00147119  0.000922799 -0.000475834   0.00127672  -0.00318428  0.000152896  -0.00158106 -0.000168749 -0.000131092    0.0015056  0.000918204 -0.000443059   0.00517793  4.05526e-05  -0.00144085  0.000714102  -0.00302617  0.000261677     0.004028 -4.06175e-05   0.00485032  0.000343339  -0.00170121  0.000762974  -0.00331375  0.000468027   0.00402916 -0.000594861   0.00464239  0.000524177  -0.00186326  0.000806488  -0.00350701  0.000604842    0.0040311 -0.000942221   0.00449114  0.000624987  -0.00200467  0.000853428  -0.00361469  0.000690593    0.0040319  -0.00107037   0.00434018  0.000687745  -0.00219933  0.000905424  -0.00363698   0.00073725   0.00402795  -0.00102708   0.00415088  0.000718783   -0.0024852   0.00098387  -0.00360327  0.000770895   0.00401499 -0.000904953   0.00416361  0.000732846  -0.00253826    0.0010594   -0.0034937  0.000789082   0.00398954 -0.000852967   0.00419959  0.000694112   -0.0025973   0.00114312  -0.00333222  0.000783621   0.00395304  -0.00104807   0.00663797  0.000734345  0.000451879  0.000882928  -0.00277685  0.000617088   0.00388406  -0.00179526   0.00736777  0.000456086   0.00117019  0.000783776   -0.0023496   0.00037945   0.00381984   0.00065586
========================================
primal_step_norm SUCCESS
SOLVED , sqp_iter_: 0
AFTER initial_guess_[0].uk: [0.268777, -0.555159, 0.079371, -0.501033, 0.011728, -0.050140, 0.342776, -0.037499]
BEFORE initial_guess_[0].uk: [0.269725, -0.556222, 0.080048, -0.501156, 0.012758, -0.050931, 0.342783, -0.046113]
Initialization finished.
Allocations finished.
Setup successful.
Solver is ready.
Starting solver...
Solver initialization verified.
Solver finished.
===== SQP Iteration: 0 =====
step_ (179 x 1): 
-2.41245e-08  3.12566e-09  -4.1417e-09  2.71334e-09 -5.74351e-09  5.28991e-09  4.53337e-08  2.70875e-09  1.49432e-06  0.000169141  3.64293e-05 -0.000131002  2.10386e-05  -2.5443e-05 -9.65718e-06  4.82805e-05 -1.78928e-08 -3.32624e-06   0.00033738  7.70945e-05 -0.000263011  4.25057e-05 -5.35269e-05 -1.75668e-05  9.63797e-05 -2.17458e-07 -3.67374e-05  0.000505996  0.000120137 -0.000394737  6.44639e-05 -8.34417e-05 -2.40526e-05  0.000144261 -9.11309e-07  -0.00010226  0.000676366   0.00016343  -0.00052472  8.69532e-05 -0.000114424 -2.95025e-05  0.000191867 -2.46392e-06 -0.000208472  0.000850199  0.000204684 -0.000651233  0.000109711  -0.00014532 -3.46367e-05  0.000239176 -5.34704e-06 -0.000368234   0.00102481   0.00024077 -0.000778515  0.000132793 -0.000175371 -4.03293e-05   0.00028621 -1.01376e-05 -0.000589793   0.00120017  0.000268895  -0.00090734  0.000155766 -0.000203216 -4.77036e-05  0.000333001 -1.74109e-05 -0.000864753   0.00136274  0.000285414  -0.00105613  0.000179922 -0.000229921 -5.71845e-05  0.000379867 -2.75067e-05  -0.00115432   0.00246775  -0.00295711 -0.000950918  -0.00143305 -0.000150776 -0.000239779   0.00160814  0.000892704    -0.001428   0.00261341  -0.00296032  -0.00112812  -0.00140758 -0.000172388  -0.00025377   0.00165472  0.000878214  -0.00147002    0.0225367   0.00295192   -0.0174499   0.00297066  -0.00282296  -0.00139028    0.0053487  -8.7294e-05    0.0224135   0.00329493   -0.0175845   0.00303165    -0.003117   -0.0011378    0.0053346 -0.000672854    0.0224617   0.00348792   -0.0175469   0.00310118  -0.00332047 -0.000932764   0.00531098  -0.00131073    0.0226952   0.00350848   -0.0173149   0.00317635   -0.0034392  -0.00078352   0.00528121  -0.00212205    0.0231564   0.00334361   -0.0168527   0.00321448  -0.00342977 -0.000737851   0.00524881  -0.00319301    0.0232594   0.00292502   -0.0169553   0.00326033  -0.00333615 -0.000817827   0.00521904  -0.00443034    0.0233603   0.00227995   -0.0171608   0.00324494  -0.00309136  -0.00105949   0.00519229  -0.00549941     0.021655   0.00133892   -0.0198202   0.00341231  -0.00296479   -0.0013628    0.0052012  -0.00579193    0.0197821   0.00038101   -0.0227297   0.00360495  -0.00278679  -0.00168153   0.00520414  -0.00494075    0.0194036 -0.000260205   -0.0236049   0.00359734  -0.00239917  -0.00201145    0.0051694 -0.000840781
========================================
primal_step_norm SUCCESS
SOLVED , sqp_iter_: 0
AFTER initial_guess_[0].uk: [0.318743, -0.549801, 0.042094, -0.494695, 0.005390, -0.054559, 0.356743, -0.046549]
BEFORE initial_guess_[0].uk: [0.319824, -0.550908, 0.042574, -0.494766, 0.006428, -0.055294, 0.356717, -0.054867]
Initialization finished.
Allocations finished.
Setup successful.
Solver is ready.
Starting solver...
Solver initialization verified.
Solver finished.
===== SQP Iteration: 0 =====
step_ (179 x 1): 
 -7.5232e-09 -2.97021e-11 -2.74774e-09  7.08616e-10 -9.33048e-10  4.07638e-10  1.55298e-08  7.72296e-10  9.56902e-07  0.000104029  1.08715e-05 -6.30545e-05  1.26114e-05 -4.12723e-05  2.59878e-06  3.51435e-05  -4.9554e-07 -9.31602e-05  0.000205168  2.66426e-05 -0.000127667  2.54662e-05 -8.46211e-05  6.65956e-06  7.00517e-05 -1.94074e-06 -0.000195396  0.000304072  4.61538e-05 -0.000193999   3.8589e-05 -0.000128571  1.17199e-05  0.000104255 -4.43712e-06  -0.00030342   0.00040104  6.85446e-05 -0.000262584  5.20025e-05 -0.000171691   1.7367e-05  0.000137381 -8.02379e-06 -0.000413543  0.000497038  9.29335e-05 -0.000332906  6.57294e-05 -0.000212777  2.32911e-05  0.000169142 -1.27228e-05 -0.000525986  0.000592954  0.000118288 -0.000404285  7.95405e-05  -0.00025116   2.9096e-05  0.000199959 -1.85833e-05 -0.000645857  0.000688481   0.00014316 -0.000477397   9.3117e-05 -0.000286771  3.42871e-05  0.000230798 -2.57179e-05 -0.000780844  0.000783787  0.000165661 -0.000552432  0.000106552 -0.000319189  3.84992e-05  0.000261476 -3.43062e-05 -0.000936889   0.00199006  -0.00306495 -0.000519196  -0.00149474 -0.000263782 -0.000144188   0.00151997  0.000873911  -0.00118827   0.00209108  -0.00305201 -0.000591339  -0.00148294  -0.00028731  -0.00014393   0.00155015  0.000862097  -0.00117481    0.0138504  0.000882408  -0.00840024   0.00178194  -0.00458309  0.000375527   0.00391258    -0.001835    0.0134724   0.00127875  -0.00860696   0.00181551  -0.00481227  0.000584004   0.00387763  -0.00205088    0.0131747   0.00158165  -0.00883591   0.00185325  -0.00487879   0.00072748   0.00379881  -0.00216842    0.0129168   0.00181483  -0.00913596   0.00189418  -0.00478663  0.000811649   0.00367836  -0.00221038    0.0127879   0.00197664  -0.00936735   0.00193837  -0.00456064  0.000851391   0.00352622  -0.00225615    0.0127769   0.00205485  -0.00950795   0.00195026  -0.00426056   0.00083417   0.00342109  -0.00240399    0.0127252   0.00201568  -0.00973876   0.00191714  -0.00395277  0.000745911   0.00342305  -0.00270609    0.0126955   0.00182356  -0.00999511   0.00189709  -0.00359825  0.000605184    0.0034045  -0.00312455    0.0138671   0.00160608    -0.008712   0.00165669   -0.0030222  0.000316004   0.00338885    -0.003655    0.0134575   0.00104886  -0.00960987   0.00166697  -0.00261133  3.68456e-05    0.0033493  0.000269984
========================================
primal_step_norm SUCCESS
SOLVED , sqp_iter_: 0
AFTER initial_guess_[0].uk: [0.349948, -0.548989, 0.024304, -0.490890, -0.005534, -0.054314, 0.366929, -0.064042]
BEFORE initial_guess_[0].uk: [0.350484, -0.550107, 0.024253, -0.490925, -0.004314, -0.055076, 0.366785, -0.070738]
Initialization finished.
Allocations finished.
Setup successful.
Solver is ready.
Starting solver...
Solver initialization verified.
Solver finished.
===== SQP Iteration: 0 =====
step_ (179 x 1): 
-9.56353e-10 -1.61324e-09 -1.64836e-09  7.22434e-10  2.34448e-10  2.20311e-10 -8.38387e-09  6.13166e-10  8.25049e-07  0.000129109  2.28412e-05 -9.45637e-05  1.80814e-05 -2.93008e-05 -8.25877e-06  4.12214e-05 -1.94734e-07 -3.58374e-05   0.00025716  5.04438e-05  -0.00018841  3.64505e-05 -6.20641e-05 -1.47308e-05  8.29596e-05 -8.08947e-07 -8.68795e-05  0.000384804  8.12916e-05 -0.000281085  5.53385e-05 -9.76488e-05 -1.95931e-05  0.000125136 -2.00131e-06 -0.000151383  0.000511047  0.000114077 -0.000374408  7.50403e-05  -0.00013539 -2.30622e-05  0.000167631 -3.89789e-06 -0.000227805  0.000637144  0.000148067 -0.000467343  9.53112e-05 -0.000174021 -2.56097e-05  0.000210407 -6.62726e-06  -0.00031799  0.000763936  0.000182289 -0.000559428  0.000115938 -0.000212312 -2.77441e-05  0.000253375 -1.03596e-05 -0.000428454  0.000892134  0.000215425 -0.000650403  0.000136653 -0.000248986 -3.00871e-05  0.000296414 -1.53375e-05  -0.00056707   0.00102071  0.000245544 -0.000742374   0.00015741 -0.000283045 -3.32589e-05  0.000339378  -2.1849e-05 -0.000735115   0.00235292  -0.00296644 -0.000809405  -0.00142326 -0.000254333 -0.000222529   0.00164028  0.000876533 -0.000980571   0.00247883   -0.0029475 -0.000909676  -0.00140255  -0.00028086  -0.00022895    0.0016827  0.000866753 -0.000975747    0.0171965   0.00185146   -0.0125974   0.00255376  -0.00325297  -0.00118729   0.00458303 -0.000697868    0.0170575   0.00223733   -0.0125013   0.00259435  -0.00363716 -0.000930397   0.00463604  -0.00102206    0.0170031   0.00250038   -0.0123455   0.00266767  -0.00395042 -0.000698893   0.00468478  -0.00129263    0.0168166   0.00265725   -0.0124315   0.00278249  -0.00418967 -0.000498814   0.00471981  -0.00153087    0.0167973   0.00275483   -0.0123798   0.00286283   -0.0042884 -0.000366388   0.00475063  -0.00180576    0.0168899   0.00277364   -0.0122665   0.00291307  -0.00425068 -0.000306977    0.0047716  -0.00221063    0.0170771   0.00268565   -0.0121188   0.00292558  -0.00407109 -0.000336927   0.00477901  -0.00277351    0.0171278   0.00244125   -0.0122514   0.00293153  -0.00378093 -0.000455979   0.00477009  -0.00336237    0.0171844   0.00206736   -0.0124587   0.00290265  -0.00337415 -0.000667217   0.00474786  -0.00380569     0.016773   0.00153555   -0.0133569   0.00292452  -0.00294451 -0.000923388   0.00470815  9.73503e-05
========================================
primal_step_norm SUCCESS
SOLVED , sqp_iter_: 0
AFTER initial_guess_[0].uk: [0.387886, -0.546080, -0.003146, -0.485370, -0.012804, -0.058175, 0.378747, -0.074227]
BEFORE initial_guess_[0].uk: [0.388115, -0.547249, -0.003610, -0.485328, -0.011616, -0.058881, 0.378601, -0.079764]
Initialization finished.
Allocations finished.
Setup successful.
Solver is ready.
Starting solver...
Solver initialization verified.
Solver finished.
===== SQP Iteration: 0 =====
step_ (179 x 1): 
 1.10621e-09 -1.34116e-09  1.39285e-09 -1.45937e-09  1.35592e-09 -1.76073e-09  2.70398e-09 -6.27253e-10 -2.62612e-07   0.00017179  0.000141815 -0.000117961  7.67003e-05 -3.29264e-05 -1.50208e-05  2.58452e-05 -3.10065e-06 -0.000616883  0.000343626  0.000290146 -0.000236868  0.000154153 -6.82917e-05  -2.8582e-05  5.16704e-05 -1.21981e-05  -0.00120305  0.000515222  0.000443934 -0.000358186  0.000232857 -0.000103934 -4.15952e-05  7.70275e-05 -2.72224e-05  -0.00180203  0.000690474   0.00060104 -0.000478101  0.000312249 -0.000136648 -5.58637e-05  0.000101824 -4.85432e-05  -0.00246229  0.000859696  0.000755743  -0.00061124  0.000393964 -0.000164283 -7.29456e-05  0.000124454 -7.69256e-05  -0.00321422   0.00102507   0.00090337 -0.000756243  0.000477414 -0.000183385 -9.52649e-05  0.000144786 -0.000113232  -0.00404699     0.001161   0.00103525 -0.000948198  0.000566944    -0.000196 -0.000123029  0.000162552 -0.000157905  -0.00488753   0.00125822   0.00114936  -0.00119919  0.000664879 -0.000203045 -0.000155924  0.000177935 -0.000210405  -0.00561238   0.00269255  -0.00196674  -0.00152049 -0.000820232 -0.000165443 -0.000386869   0.00149261   0.00062778  -0.00618122   0.00279556  -0.00187409  -0.00177607 -0.000725042 -0.000152588 -0.000431017    0.0015059  0.000565546  -0.00626567    0.0228833    0.0114936   -0.0157145    0.0108332   -0.0036553  -0.00215905   0.00286572   -0.0122853    0.0228899    0.0120219   -0.0158399    0.0109391  -0.00392594  -0.00194953   0.00286591   -0.0117105    0.0228579    0.0124642   -0.0161611    0.0111159  -0.00395677  -0.00187071   0.00281417   -0.0119705    0.0233448    0.0127329   -0.0159742    0.0112129   -0.0036316  -0.00205133    0.0027522   -0.0131985    0.0225417    0.0125383   -0.0177356     0.011541  -0.00306786  -0.00245581   0.00251193   -0.0150341    0.0220289    0.0119646   -0.0193161     0.011786  -0.00212075  -0.00320881   0.00225709   -0.0166531    0.0181073    0.0106885   -0.0255706    0.0126447  -0.00140046  -0.00399174   0.00197242     -0.01681    0.0129503   0.00924836   -0.0334351    0.0138318 -0.000782336  -0.00472943   0.00170766   -0.0144975    0.0140164    0.0083026   -0.0329721    0.0134737  0.000556821  -0.00573556   0.00156868    -0.010371    0.0137212   0.00750949   -0.0340457     0.013444   0.00142707  -0.00634755   0.00147553  -0.00168858
========================================
primal_step_norm SUCCESS
SOLVED , sqp_iter_: 0
AFTER initial_guess_[0].uk: [0.437886, -0.522251, -0.037789, -0.461766, -0.021157, -0.064516, 0.386080, -0.141190]
BEFORE initial_guess_[0].uk: [0.437782, -0.523216, -0.039598, -0.461415, -0.019765, -0.065224, 0.385787, -0.140712]
Initialization finished.
Allocations finished.
Setup successful.
Solver is ready.
Starting solver...
Solver initialization verified.
Solver finished.
===== SQP Iteration: 0 =====
step_ (179 x 1): 
-3.50442e-09  1.75282e-09 -5.05807e-09  3.52124e-09 -2.10123e-09  3.16771e-09 -1.25353e-08  2.13647e-09  1.80225e-06  0.000138405  1.75995e-05 -0.000105309  2.12331e-05 -4.94678e-05 -5.43437e-06  5.04853e-05 -1.50799e-07 -3.26077e-05  0.000276209  4.23558e-05 -0.000206352  4.20358e-05 -0.000103339 -8.39934e-06  0.000101687 -4.26845e-07 -2.20787e-05  0.000415955  7.57056e-05 -0.000300232  6.25631e-05 -0.000160981 -8.55061e-06  0.000153671 -4.72971e-07  1.30847e-05  0.000558088  0.000117852 -0.000387118  8.31237e-05 -0.000221566 -5.82492e-06  0.000206162 -2.19838e-07  3.74967e-05  0.000704615  0.000167794 -0.000465469  0.000103428 -0.000283445 -8.55765e-07   0.00025887 -1.50431e-08  3.13257e-06   0.00086182   0.00022342 -0.000528505  0.000122053 -0.000343517  4.70614e-06  0.000311536 -7.16963e-07 -0.000143806   0.00103542  0.000280615 -0.000570621  0.000137263  -0.00039806  8.49335e-06  0.000363896 -3.62152e-06 -0.000437278   0.00115985  0.000328229 -0.000679832  0.000163846 -0.000455269   1.2858e-05  0.000414844 -9.97329e-06 -0.000833239   0.00272805  -0.00275728  -0.00110722  -0.00129804 -0.000457737 -0.000222605   0.00177884  0.000814247  -0.00139112   0.00286182  -0.00272628   -0.0012132  -0.00127477 -0.000497588 -0.000227003   0.00182815   0.00080038  -0.00138243    0.0184381    0.0014258   -0.0140263    0.0029972  -0.00549039  -0.00078297   0.00560796 -0.000727072    0.0183574   0.00200623    -0.013459   0.00293731  -0.00597974 -0.000426986   0.00568537  0.000189124    0.0186161   0.00270281   -0.0125048   0.00289846  -0.00639836 -2.22684e-05   0.00577203  0.000689116     0.018934   0.00341581   -0.0115733   0.00290329  -0.00672516  0.000391423   0.00582788  0.000480399    0.0195193   0.00404789   -0.0104364   0.00286707  -0.00686871  0.000714045   0.00585173 -0.000689106    0.0209417    0.0045088  -0.00839628   0.00263006  -0.00666826  0.000799668   0.00584682  -0.00293761    0.0231261   0.00463629  -0.00561008    0.0021479  -0.00605462   0.00054481   0.00581268  -0.00586755    0.0165744   0.00385955   -0.0145475   0.00375432  -0.00635064  0.000627798   0.00565558  -0.00791762    0.0181272    0.0032737   -0.0130584    0.0033092  -0.00531823 -3.73147e-05   0.00556853  -0.00846151    0.0178192   0.00251272   -0.0141174   0.00328675  -0.00442358 -0.000632305   0.00547338  0.000174931
========================================
primal_step_norm SUCCESS
SOLVED , sqp_iter_: 0
AFTER initial_guess_[0].uk: [0.477885, -0.520114, -0.070105, -0.454896, -0.034095, -0.067267, 0.400424, -0.144348]
BEFORE initial_guess_[0].uk: [0.476572, -0.520721, -0.072838, -0.454387, -0.032744, -0.067759, 0.400051, -0.139991]
Initialization finished.
Allocations finished.
Setup successful.
Solver is ready.
Starting solver...
Solver initialization verified.
Solver finished.
===== SQP Iteration: 0 =====
step_ (179 x 1): 
 3.98648e-11 -1.37826e-10  6.02903e-11 -7.19059e-11 -1.74074e-11  5.77531e-11  1.43105e-10 -3.01875e-12 -2.75822e-09 -1.73069e-05  7.49298e-05  4.97766e-05  3.81584e-05  7.86831e-06 -2.58036e-06 -9.51595e-06 -1.19937e-06 -0.000232858 -4.17871e-05   0.00015106  9.24111e-05  7.69147e-05  1.13567e-05   -3.616e-06 -1.95583e-05 -4.72292e-06 -0.000472305 -7.24229e-05   0.00022825  0.000128543  0.000116233  1.20272e-05 -3.53591e-06 -3.03986e-05 -1.06397e-05  -0.00071119 -0.000108872  0.000306636   0.00015806  0.000156233  1.11617e-05 -2.58967e-06 -4.22712e-05 -1.89139e-05 -0.000943466 -0.000145362  0.000387373  0.000188131  0.000196084  1.09369e-05 -1.36301e-06 -5.52692e-05 -2.95182e-05  -0.00117713  -0.00018167  0.000469962  0.000218472  0.000235718   1.2773e-05 -3.69979e-07 -6.94808e-05 -4.25738e-05  -0.00143379 -0.000217005  0.000553069  0.000249433   0.00027475  1.84983e-05 -5.41369e-07 -8.49193e-05 -5.84271e-05  -0.00173677 -0.000252459  0.000634428  0.000278673  0.000313086  2.98484e-05 -2.98831e-06 -0.000101562 -7.75796e-05  -0.00209364   0.00126692  -0.00238408 -0.000144198  -0.00110925     5.24e-05 -0.000247733   0.00124376  0.000720339  -0.00260863    0.0012175  -0.00231368 -0.000139391  -0.00106994  7.75509e-05 -0.000256713   0.00122503  0.000694375  -0.00258425  -0.00230677   0.00607334   0.00662866    0.0053907  0.000872753 -0.000369664  -0.00106035  -0.00456937  -0.00326145   0.00617025   0.00567865   0.00547413  0.000387031 -0.000148532   -0.0011157  -0.00477214  -0.00408151   0.00625621   0.00481241   0.00555351  7.41435e-05  1.19376e-05  -0.00120387  -0.00476669  -0.00485583   0.00635314   0.00393128   0.00564981 -9.64641e-05  0.000136556  -0.00131811  -0.00464075  -0.00486122   0.00654336   0.00400515   0.00562874 -2.51959e-05  0.000176555  -0.00144285  -0.00467259  -0.00483688   0.00669337   0.00404126    0.0055979  0.000203669  0.000142728   -0.0015774  -0.00513404  -0.00470729   0.00673518   0.00412403   0.00551296  0.000635413 -2.48381e-05  -0.00171354  -0.00606053   -0.0047231   0.00659368   0.00389484   0.00541463   0.00125986 -0.000351833  -0.00184715  -0.00713804  -0.00619581   0.00619095   0.00165987    0.0056084   0.00188258 -0.000739541  -0.00197798  -0.00777956  -0.00658256    0.0057056  0.000640332   0.00555192   0.00279194  -0.00129112  -0.00207839   0.00048767
========================================
primal_step_norm SUCCESS
SOLVED , sqp_iter_: 0
AFTER initial_guess_[0].uk: [0.471555, -0.507511, -0.058420, -0.442663, -0.030467, -0.068724, 0.397283, -0.162838]
BEFORE initial_guess_[0].uk: [0.470542, -0.508339, -0.060888, -0.442297, -0.028738, -0.069533, 0.396847, -0.162845]
Initialization finished.
Allocations finished.
Setup successful.
Solver is ready.
Starting solver...
Solver initialization verified.
Solver finished.
===== SQP Iteration: 0 =====
step_ (179 x 1): 
-2.77114e-09  3.29972e-09 -3.67446e-09  3.02595e-09 -2.80753e-09  3.38748e-09 -1.08586e-09   1.7664e-09  1.10542e-06  6.08609e-05  4.42526e-05 -4.85224e-05  2.98901e-05 -9.73986e-06 -7.63652e-06  2.45207e-06 -1.44127e-06 -0.000289245  0.000122839  9.39717e-05 -9.23061e-05  5.96203e-05 -2.49736e-05  -1.2584e-05  5.91299e-06 -5.46842e-06 -0.000516014  0.000184027  0.000149513 -0.000134536  9.00326e-05 -4.49775e-05 -1.45352e-05  9.89359e-06 -1.15392e-05 -0.000698246  0.000245963  0.000211167 -0.000173953  0.000121236 -6.82127e-05 -1.36633e-05  1.39707e-05 -1.93201e-05 -0.000858195  0.000308044  0.000278055 -0.000212273  0.000153519 -9.32576e-05 -1.03188e-05   1.7739e-05 -2.86998e-05  -0.00101805  0.000370212  0.000348675 -0.000250607  0.000186898 -0.000118374 -5.16891e-06   2.0868e-05 -3.97661e-05  -0.00119556  0.000422345  0.000420232 -0.000303223    0.0002236 -0.000143368  1.59979e-06  2.30104e-05 -5.27406e-05  -0.00139955  0.000485528  0.000492181 -0.000343651  0.000258466 -0.000162803  7.57021e-06  2.42697e-05 -6.79542e-05  -0.00164336   0.00206559  -0.00246374 -0.000817084  -0.00112936 -0.000145552 -0.000236462   0.00136897  0.000708972  -0.00204047   0.00212633  -0.00239987 -0.000867379  -0.00109437 -0.000151524 -0.000234531   0.00136839  0.000688809  -0.00199191   0.00810797   0.00358603  -0.00646263   0.00422057  -0.00108059  -0.00109887  0.000272455  -0.00582359   0.00825643   0.00402938  -0.00583189   0.00419843  -0.00169074 -0.000711805  0.000384242  -0.00454609   0.00815127   0.00450123  -0.00562494   0.00429474  -0.00222023 -0.000281047  0.000441831  -0.00364973   0.00825073   0.00499687  -0.00525018    0.0044066  -0.00257902  0.000125028  0.000452508  -0.00319972   0.00827004   0.00542109  -0.00510423   0.00455913  -0.00278001  0.000480707  0.000418221  -0.00319496   0.00828159   0.00572382  -0.00510623     0.004714  -0.00278799  0.000740412  0.000347228  -0.00354611   0.00694474   0.00579976  -0.00700878   0.00518328  -0.00277456  0.000973192  0.000237771  -0.00407597   0.00841668   0.00583157  -0.00538537   0.00492435  -0.00215742  0.000858431  0.000139672  -0.00487279   0.00847107   0.00555807  -0.00571568   0.00493124  -0.00149781  0.000654012  3.15748e-05   -0.0059067     0.008091   0.00517712  -0.00669973   0.00494144 -0.000662999  0.000277805 -6.45429e-05  0.000971189
========================================
primal_step_norm SUCCESS
SOLVED , sqp_iter_: 0
AFTER initial_guess_[0].uk: [0.488177, -0.500539, -0.074944, -0.433117, -0.031559, -0.072402, 0.397558, -0.191963]
BEFORE initial_guess_[0].uk: [0.486346, -0.501415, -0.078578, -0.432543, -0.029840, -0.073135, 0.397042, -0.187798]
Initialization finished.
Allocations finished.
Setup successful.
Solver is ready.
Starting solver...
Solver initialization verified.
Solver finished.
===== SQP Iteration: 0 =====
step_ (179 x 1): 
  1.3616e-08 -1.51979e-08  1.64578e-08 -1.53175e-08  1.67411e-08 -2.08375e-08 -1.11785e-08 -8.37272e-09 -3.43686e-06 -0.000166203  0.000118641  0.000120119  0.000120317  5.37549e-05 -7.25393e-05 -7.21104e-05 -3.30937e-06 -0.000652461 -0.000334214  0.000250238  0.000249825  0.000240744  0.000101476 -0.000142144  -0.00014294 -1.23835e-05  -0.00116148  -0.00050639  0.000401662  0.000385498  0.000363004  0.000143429 -0.000208271 -0.000213011 -2.60645e-05  -0.00157323 -0.000682209  0.000579109  0.000527038  0.000487968  0.000180846 -0.000271033 -0.000282788  -4.3593e-05  -0.00193075 -0.000859868  0.000787883   0.00067577  0.000615877   0.00021567 -0.000331088 -0.000352689 -6.46164e-05   -0.0022721  -0.00104149   0.00103218  0.000827664  0.000747561  0.000249587 -0.000389167 -0.000423122 -8.90998e-05  -0.00262306  -0.00122665   0.00131602  0.000981944  0.000882981  0.000284937 -0.000446288 -0.000494373 -0.000117179  -0.00299175  -0.00141483   0.00164344   0.00113809   0.00102186  0.000324098 -0.000503343 -0.000566611 -0.000148973  -0.00336659 -2.92668e-05 -0.000941874  0.000813677  -0.00022362  0.000393808 -0.000807361  0.000703966  0.000590272  -0.00377245 -0.000226022 -0.000538952  0.000964403 -7.91584e-05  0.000445893 -0.000866103  0.000629824  0.000552592  -0.00376407   -0.0221446   0.00961892    0.0159951    0.0169983   0.00596256   -0.0104218  -0.00800257   -0.0128902   -0.0223828    0.0106669    0.0172754    0.0170107   0.00529533   -0.0100041  -0.00786155   -0.0101591   -0.0229372     0.012273    0.0180708    0.0172689   0.00465557  -0.00950524  -0.00777774  -0.00823627    -0.023422    0.0143811    0.0188528    0.0176501   0.00415281  -0.00902251   -0.0077457  -0.00716593   -0.0236668    0.0169196    0.0198114    0.0180656   0.00386524  -0.00863404  -0.00776012  -0.00685143   -0.0241939    0.0197977    0.0202329    0.0185982   0.00376509  -0.00835043  -0.00781962  -0.00704576   -0.0246663    0.0230023    0.0205511    0.0191254   0.00392464  -0.00821288  -0.00791095   -0.0073966    -0.025067     0.026534    0.0208002    0.0196136   0.00434772  -0.00820334  -0.00802064  -0.00751406   -0.0255289    0.0304155    0.0208347    0.0200928   0.00498926  -0.00824856  -0.00813353  -0.00706271   -0.0262093     0.032654     0.020078    0.0204021   0.00578213  -0.00844599   -0.0082312  0.000167803
========================================
primal_step_norm SUCCESS
SOLVED , sqp_iter_: 0
AFTER initial_guess_[0].uk: [0.438181, -0.480494, -0.043788, -0.395572, -0.014277, -0.100336, 0.376155, -0.252249]
BEFORE initial_guess_[0].uk: [0.433764, -0.480148, -0.048437, -0.394485, -0.012775, -0.100817, 0.375583, -0.235819]
Initialization finished.
Allocations finished.
Setup successful.
Solver is ready.
Starting solver...
Solver initialization verified.
Solver finished.
===== SQP Iteration: 0 =====
step_ (179 x 1): 
 1.42193e-08   -2.344e-08  1.84161e-08 -1.91786e-08  2.02568e-08 -2.58106e-08 -1.46208e-08 -8.69325e-09 -2.40822e-06 -0.000157391  3.45745e-05  0.000111431  3.07597e-06  6.68517e-05  2.41593e-05 -7.78842e-05 -1.55416e-06 -0.000322542 -0.000310317  6.66982e-05  0.000229813  4.34402e-06  0.000128121  5.07583e-05 -0.000154545 -5.94864e-06 -0.000556481 -0.000462887  9.53182e-05  0.000349339  4.91331e-06  0.000184196  8.04112e-05 -0.000230677 -1.24025e-05 -0.000734397  -0.00061795  0.000118334  0.000465619  5.41942e-06  0.000236109  0.000113125 -0.000306928 -2.05424e-05 -0.000893646 -0.000772276  0.000133047  0.000582083  4.87378e-06  0.000286323   0.00014798 -0.000383797 -3.03675e-05  -0.00107135 -0.000933645  0.000134806   0.00068756  4.61848e-06  0.000335846  0.000184252 -0.000461814 -4.22282e-05  -0.00130065  -0.00108443  0.000119514  0.000803264  1.27351e-08  0.000390153  0.000219087 -0.000541155 -5.67949e-05  -0.00161243  -0.00123649  8.07071e-05  0.000912802   -7.445e-06  0.000450214  0.000250943 -0.000622101 -7.49116e-05  -0.00201045 -4.05616e-05  -0.00252134  0.000648338  -0.00125398   0.00059022 -2.43563e-05  0.000564774  0.000639903   -0.0024699 -0.000229698  -0.00253811  0.000708492  -0.00125592  0.000662044  3.82228e-06  0.000480821  0.000615129  -0.00248529   -0.0209642   0.00280236    0.0148452  0.000433375   0.00742211   0.00347196  -0.00864615  -0.00650769   -0.0203713   0.00260416    0.0157693  0.000179586   0.00680103   0.00382492  -0.00850945  -0.00467533   -0.0203238   0.00232013    0.0159217  8.08335e-05   0.00622448   0.00426381  -0.00845064  -0.00355561   -0.0206559   0.00186588    0.0154893  7.18051e-05   0.00576246   0.00470395  -0.00846396   -0.0031831   -0.0205577   0.00119323    0.0155137 -7.66514e-05   0.00557379   0.00501134  -0.00853265  -0.00355349   -0.0214961  0.000143305    0.0140503 -3.57347e-05   0.00549722   0.00521507  -0.00866012  -0.00458695   -0.0200859  -0.00123852    0.0154126 -0.000650084   0.00602811   0.00500847  -0.00880743  -0.00623835   -0.0202567  -0.00314437    0.0145911  -0.00105303   0.00666696   0.00458015  -0.00898593  -0.00796534   -0.0245806  -0.00359416   0.00874249 -0.000458949   0.00701012   0.00432651  -0.00919401  -0.00830082   -0.0251947  -0.00136065   0.00801319 -0.000274715   0.00797327   0.00405103   -0.0093203 -0.000307631
========================================
primal_step_norm SUCCESS
SOLVED , sqp_iter_: 0
AFTER initial_guess_[0].uk: [0.388167, -0.474053, -0.016149, -0.393542, 0.006597, -0.091755, 0.353017, -0.268358]
BEFORE initial_guess_[0].uk: [0.384855, -0.473672, -0.020000, -0.392509, 0.008231, -0.092114, 0.352384, -0.244615]
Initialization finished.
Allocations finished.
Setup successful.
Solver is ready.
Starting solver...
Solver initialization verified.
Solver finished.
===== SQP Iteration: 0 =====
step_ (179 x 1): 
 4.60405e-09  3.19849e-10  5.63448e-09 -4.86447e-09  4.61811e-09 -5.50673e-09 -4.76432e-09 -2.26631e-09 -1.09746e-06 -0.000161165  0.000102227  0.000119345  0.000106731  4.02499e-05 -5.89073e-05 -6.26255e-05 -2.68891e-06  -0.00054932 -0.000323737  0.000211119  0.000248952  0.000212349   7.4157e-05 -0.000115327 -0.000123637 -1.01785e-05 -0.000949751 -0.000488615  0.000334647  0.000387263  0.000318625  0.000101669 -0.000168208 -0.000183542 -2.11589e-05  -0.00124708 -0.000658441  0.000479233  0.000530115  0.000427357  0.000123146 -0.000217056 -0.000242882 -3.48638e-05  -0.00149427  -0.00081573   0.00065165  0.000699236  0.000535253  0.000143029 -0.000263392 -0.000301962 -5.10578e-05  -0.00174462  -0.00100163  0.000853362  0.000840733   0.00065161  0.000156771 -0.000305558 -0.000361603 -6.98922e-05  -0.00202221  -0.00117987     0.001091   0.00099944  0.000768423  0.000172613 -0.000346761 -0.000421848 -9.17089e-05   -0.0023409  -0.00133103   0.00136981   0.00119868  0.000880992   0.00019664 -0.000389508 -0.000482779 -0.000117079  -0.00273266 -0.000325069 -0.000881985   0.00108993 -0.000245581  0.000370739 -0.000709313  0.000640412  0.000565666  -0.00322163 -0.000515237 -0.000536256   0.00124559 -0.000126953  0.000404813 -0.000755043  0.000576775  0.000533455  -0.00322099   -0.0214647   0.00828089    0.0159033    0.0150679   0.00447298  -0.00847744  -0.00695507     -0.01102   -0.0216556   0.00882568    0.0172656     0.014916   0.00376434  -0.00811216  -0.00677265  -0.00799084   -0.0219632    0.0100124    0.0184247    0.0150095    0.0030539  -0.00760252  -0.00664934  -0.00593022   -0.0226224    0.0117195    0.0190294    0.0153565   0.00238388   -0.0070229  -0.00658618  -0.00493185   -0.0209524     0.013975    0.0225286    0.0152387   0.00220674  -0.00666175   -0.0065572  -0.00499925   -0.0247634    0.0163492    0.0188487    0.0164338   0.00152514  -0.00606219  -0.00661933   -0.0055483    -0.023744    0.0192605    0.0211413    0.0164982   0.00175836  -0.00592363   -0.0066864  -0.00637403   -0.0201353    0.0225976    0.0265413    0.0158991    0.0026671  -0.00614578  -0.00676301  -0.00783819   -0.0246919    0.0261536    0.0214714    0.0167589   0.00282142  -0.00612318  -0.00694219  -0.00858238   -0.0253319    0.0280196    0.0207355    0.0167537   0.00378282  -0.00657499  -0.00706467  1.32883e-05
========================================
primal_step_norm SUCCESS
SOLVED , sqp_iter_: 0
AFTER initial_guess_[0].uk: [0.338170, -0.455661, 0.014589, -0.359737, 0.019906, -0.114240, 0.334231, -0.299715]
BEFORE initial_guess_[0].uk: [0.329664, -0.454139, 0.006532, -0.357695, 0.020661, -0.113912, 0.333563, -0.261581]
Initialization finished.
Allocations finished.
Setup successful.
Solver is ready.
Starting solver...
Solver initialization verified.
Solver finished.
===== SQP Iteration: 0 =====
step_ (179 x 1): 
 5.68757e-09 -9.07347e-09  6.72599e-09  -7.1233e-09  7.66049e-09 -9.67889e-09 -5.17564e-09 -3.56025e-09 -1.11446e-06 -0.000143219 -2.06587e-06  7.75697e-05 -1.21145e-05   5.7147e-05  2.64735e-05 -7.23892e-05 -1.87192e-06 -0.000377475 -0.000274167 -1.13612e-05  0.000171863 -2.80879e-05  0.000109727  5.44971e-05 -0.000142997 -6.69475e-06 -0.000587161 -0.000404963 -2.82425e-05  0.000267222 -4.45591e-05   0.00015584   8.6093e-05 -0.000212397 -1.30108e-05   -0.0006763 -0.000543221 -5.39229e-05   0.00035359 -5.93957e-05  0.000194854  0.000122418 -0.000281108 -1.97997e-05 -0.000681795 -0.000672104 -8.84109e-05  0.000452605 -7.63292e-05  0.000230596  0.000162518 -0.000349365 -2.64199e-05 -0.000642565 -0.000808307  -0.00013542  0.000542301 -9.17626e-05  0.000261879     0.000207 -0.000417671 -3.26221e-05 -0.000598093 -0.000941394 -0.000197722  0.000635037 -0.000108405  0.000292356  0.000254199 -0.000486248  -3.8555e-05 -0.000588428  -0.00106765 -0.000279134  0.000734422 -0.000127977  0.000325225  0.000302078  -0.00055528 -4.48231e-05 -0.000664993 -0.000177377  -0.00255326  0.000742966  -0.00127814  0.000547914  2.78491e-05   0.00049724  0.000627521 -0.000926183 -0.000293045  -0.00257525  0.000861112  -0.00130333  0.000595071  7.49563e-05   0.00042686   0.00061869 -0.000840173   -0.0190777 -0.000165957    0.0103335  -0.00171109   0.00634363   0.00380651  -0.00803617  -0.00755993   -0.0174435 -0.000753021    0.0125608  -0.00225587   0.00583671    0.0040292  -0.00783801  -0.00419054   -0.0174231  -0.00136816    0.0127028  -0.00232636   0.00511906   0.00454264  -0.00770395  -0.00177861    -0.018417  -0.00208134    0.0115052  -0.00209558   0.00433103   0.00522251  -0.00762746 -0.000104874   -0.0171684  -0.00279523    0.0131897  -0.00239166   0.00396783   0.00576526  -0.00757695  0.000790589   -0.0181437  -0.00380983    0.0119484   -0.0021797   0.00347262   0.00639532  -0.00758244  0.000894767   -0.0177285  -0.00504908    0.0123532  -0.00235039   0.00338309   0.00678611   -0.0076124  0.000196133   -0.0168187  -0.00659764    0.0132388  -0.00276357   0.00364838   0.00688394  -0.00766296  -0.00153167   -0.0147706  -0.00367475    0.0163611  -0.00332655    0.0044324   0.00700453  -0.00772247  -0.00403769    -0.015408  -0.00178302     0.015738  -0.00355731   0.00523484   0.00677272  -0.00781296   0.00172027
========================================
primal_step_norm SUCCESS
SOLVED , sqp_iter_: 0
AFTER initial_guess_[0].uk: [0.288170, -0.454500, 0.029007, -0.361417, 0.037218, -0.103977, 0.312588, -0.299380]
BEFORE initial_guess_[0].uk: [0.277282, -0.452817, 0.017307, -0.358600, 0.037034, -0.102740, 0.311938, -0.245286]
Initialization finished.
Allocations finished.
Setup successful.
Solver is ready.
Starting solver...
Solver initialization verified.
Solver finished.
===== SQP Iteration: 0 =====
step_ (179 x 1): 
 1.03336e-08 -1.92549e-08  1.14353e-08 -1.20059e-08  1.43116e-08 -1.79992e-08 -1.32471e-08 -6.41292e-09 -1.75728e-06 -0.000134947  1.78588e-05  9.88637e-05 -7.10388e-06   3.9603e-05  1.83855e-05 -5.53956e-05 -1.63279e-06 -0.000328966 -0.000269258  2.60571e-05  0.000198261 -1.51202e-05  7.40096e-05   3.7281e-05 -0.000109258 -5.82067e-06 -0.000508471 -0.000402936  2.62687e-05  0.000298462 -2.30252e-05  0.000102859  5.80878e-05 -0.000161948 -1.11911e-05 -0.000565403 -0.000535022  1.93501e-05  0.000400782  -3.0106e-05  0.000126329  8.17837e-05  -0.00021381 -1.66694e-05 -0.000530054   -0.0006662  5.05453e-06  0.000504106 -3.53369e-05  0.000144726  0.000109072  -0.00026519 -2.14826e-05  -0.00043246 -0.000796244 -1.76315e-05  0.000608297 -3.80471e-05   0.00015895  0.000140179   -0.0003164 -2.51659e-05 -0.000304117  -0.00092484 -5.05799e-05  0.000713074  -3.7809e-05  0.000170438  0.000174816  -0.00036772 -2.76113e-05 -0.000184946  -0.00103581 -9.66083e-05  0.000837914 -3.75246e-05  0.000184029  0.000211125 -0.000419152 -2.91901e-05 -0.000130774 -0.000255068  -0.00239747  0.000972971  -0.00118812   0.00043094  -2.7655e-05  0.000580719   0.00064039 -0.000160935 -0.000364629  -0.00242675   0.00109904  -0.00118633  0.000453268  9.45765e-06  0.000528278  0.000639172 -8.28453e-05   -0.0179767   0.00144839    0.0131692  -0.00100286   0.00439557   0.00264444  -0.00614803  -0.00656321    -0.017892  0.000665043    0.0132402   -0.0011316    0.0038188   0.00271689   -0.0059783  -0.00358356   -0.0178076  1.73428e-05    0.0133474  -0.00111611   0.00320221   0.00299162  -0.00584837  -0.00113747   -0.0175952 -0.000560887    0.0136297   -0.0009999   0.00260518    0.0034069  -0.00575666  0.000705414   -0.0174744    -0.001159    0.0137635 -0.000738795   0.00204239   0.00392337  -0.00570346    0.0019496    -0.017323  -0.00183911    0.0138791 -0.000382832   0.00157914   0.00447231  -0.00568486   0.00256457   -0.0171303  -0.00267097    0.0139573  3.34684e-05   0.00127546   0.00497979  -0.00569702   0.00238204   -0.0147822  -0.00373102    0.0166298  4.00415e-05    0.0015088   0.00522014  -0.00570978   0.00108175   -0.0139532  -0.00405915    0.0174757  0.000170346   0.00188649   0.00532838  -0.00575403  -0.00113651   -0.0145946  -0.00237375    0.0167936  0.000253406    0.0024787   0.00533571  -0.00582184   0.00156247
========================================
primal_step_norm SUCCESS
SOLVED , sqp_iter_: 0
AFTER initial_guess_[0].uk: [0.238183, -0.449666, 0.045950, -0.360781, 0.048506, -0.095838, 0.295891, -0.278102]
BEFORE initial_guess_[0].uk: [0.235838, -0.447340, 0.044965, -0.359850, 0.049256, -0.094833, 0.295410, -0.216320]
Initialization finished.
Allocations finished.
Setup successful.
Solver is ready.
Starting solver...
Solver initialization verified.
Solver finished.
===== SQP Iteration: 0 =====
step_ (179 x 1): 
 1.55532e-09 -8.09658e-10  1.88176e-09 -2.06232e-09  2.29902e-09 -6.83674e-10 -5.57568e-09 -9.01971e-10 -1.30701e-07 -0.000164498  2.20729e-05  0.000120744 -8.85908e-06  4.90717e-05  2.59349e-05 -6.73092e-05 -2.03925e-06 -0.000416659 -0.000327577  3.27635e-05  0.000240837 -1.92037e-05  9.43155e-05  5.11713e-05 -0.000133175 -7.52599e-06  -0.00068128 -0.000488102  3.34666e-05  0.000362142 -3.06287e-05  0.000135592  7.70772e-05 -0.000197723 -1.50605e-05 -0.000826098 -0.000647125  2.41833e-05  0.000483318 -4.22979e-05  0.000172871  0.000104697 -0.000261116 -2.36046e-05 -0.000883138 -0.000804531  4.23363e-06  0.000604358 -5.37356e-05  0.000206663  0.000134648 -0.000323483 -3.23636e-05 -0.000868974 -0.000966521 -2.76429e-05  0.000717142 -6.31473e-05  0.000236556    0.0001678 -0.000384962 -4.06005e-05 -0.000778666  -0.00115348 -7.33154e-05  0.000795431 -6.63122e-05  0.000259507   0.00020588 -0.000445847 -4.74771e-05 -0.000596841  -0.00130447  -0.00011919  0.000917337 -7.37279e-05  0.000286086  0.000246919 -0.000505329  -5.2328e-05 -0.000373357 -0.000652722  -0.00244813   0.00120066  -0.00123435  0.000569047  5.15474e-05  0.000435794  0.000614638 -0.000119248  -0.00077653  -0.00248417   0.00135409   -0.0012448  0.000603275  9.66135e-05  0.000378779   0.00061395 -1.81359e-05   -0.0219093   0.00178545    0.0160879  -0.00125509   0.00545094   0.00372352  -0.00747457  -0.00838255    -0.021723  0.000866532    0.0159979  -0.00146143    0.0050227   0.00362823  -0.00731164  -0.00528784   -0.0213831  5.74517e-05    0.0161593  -0.00161376   0.00458202   0.00372461  -0.00716491  -0.00288923   -0.0211831 -0.000751729     0.016142  -0.00164808   0.00413813   0.00397109  -0.00703644  -0.00113294   -0.0209678  -0.00161617    0.0161238  -0.00161532   0.00375097   0.00430622  -0.00692236  0.000290659   -0.0215784  -0.00258279    0.0150239   -0.0013291   0.00331816   0.00476653   -0.0068236    0.0018129   -0.0249046  -0.00370084    0.0104287 -0.000446806   0.00254758   0.00547511  -0.00675775   0.00364217   -0.0201134  -0.00371741    0.0162391  -0.00104737   0.00295021   0.00590051  -0.00660214   0.00447391   -0.0165417  -0.00396063    0.0204322  -0.00149961   0.00340927   0.00623387  -0.00645303   0.00298986   -0.0164926  -0.00291991    0.0204379  -0.00147532   0.00379929   0.00647941  -0.00632901   0.00202231
========================================
primal_step_norm SUCCESS
SOLVED , sqp_iter_: 0
AFTER initial_guess_[0].uk: [0.188185, -0.443457, 0.079957, -0.362580, 0.063483, -0.085115, 0.275901, -0.258233]
BEFORE initial_guess_[0].uk: [0.186505, -0.441285, 0.078876, -0.361704, 0.064025, -0.083903, 0.275524, -0.193428]
Initialization finished.
Allocations finished.
Setup successful.
Solver is ready.
Starting solver...
Solver initialization verified.
Solver finished.
===== SQP Iteration: 0 =====
step_ (179 x 1): 
 2.83807e-09 -6.32122e-09   4.7906e-09 -5.50894e-09   6.0182e-09 -1.84679e-09 -3.93321e-09  -2.1131e-09 -1.60388e-07 -0.000166822  3.16883e-06  0.000123508 -1.16123e-05  4.16575e-05  1.94094e-05 -5.51755e-05 -1.39283e-06 -0.000278279 -0.000332229 -3.94311e-06  0.000248092 -2.47358e-05  8.01464e-05  3.75581e-05 -0.000109153 -4.87559e-06  -0.00041776 -0.000497095 -1.98729e-05  0.000372977 -3.84212e-05  0.000114709  5.60642e-05  -0.00016202 -9.17617e-06 -0.000441868 -0.000661315 -4.37539e-05  0.000498481  -5.2017e-05  0.000145074  7.61871e-05 -0.000213869 -1.32466e-05  -0.00037189 -0.000824192 -7.51823e-05  0.000625513  -6.5078e-05  0.000171359  9.88949e-05 -0.000264805 -1.62271e-05 -0.000224056 -0.000993198 -0.000114317   0.00074459 -7.56102e-05  0.000192614  0.000125408 -0.000315007 -1.74054e-05 -1.15528e-05  -0.00114336 -0.000147209  0.000888281 -8.73838e-05  0.000213452  0.000155837  -0.00036433 -1.63002e-05  0.000232633  -0.00128801 -0.000175819   0.00103943 -9.83139e-05   0.00023314  0.000190426 -0.000413017 -1.28186e-05  0.000463578 -0.000774541  -0.00251845   0.00148101  -0.00126933  0.000540383  3.46298e-05  0.000481024  0.000662016  0.000856164 -0.000916844  -0.00253816   0.00163389  -0.00127885  0.000563161  7.50081e-05  0.000434099  0.000670755  0.000891672   -0.0222225  0.000257847    0.0164518  -0.00163923   0.00462359   0.00279085  -0.00612582  -0.00556556   -0.0220339 -0.000575955    0.0165953  -0.00185296   0.00427213   0.00260947  -0.00599213  -0.00279514   -0.0219618  -0.00129088    0.0166355  -0.00193251   0.00383649   0.00266077  -0.00586881 -0.000489444   -0.0218756  -0.00193555    0.0167182     -0.00192    0.0033707   0.00289318  -0.00575598   0.00139274   -0.0216967  -0.00254744    0.0169216  -0.00184464   0.00291782   0.00326474  -0.00565456   0.00295162   -0.0225132  -0.00317205    0.0158623  -0.00148752   0.00235958   0.00381181  -0.00557312   0.00424693   -0.0200031  -0.00266596    0.0191409  -0.00166276   0.00231316   0.00437496  -0.00547543   0.00488158   -0.0192686  -0.00231872    0.0201335  -0.00154382   0.00218554   0.00497296  -0.00540474   0.00461791   -0.0184687     -0.00215    0.0210763  -0.00149146    0.0023052   0.00544434  -0.00535048   0.00373505    -0.018956  -0.00159733    0.0203643  -0.00134532   0.00252835   0.00580534  -0.00520905  0.000710175
========================================
primal_step_norm SUCCESS
SOLVED , sqp_iter_: 0
AFTER initial_guess_[0].uk: [0.138171, -0.440724, 0.114659, -0.365269, 0.076092, -0.076619, 0.259536, -0.221256]
BEFORE initial_guess_[0].uk: [0.135682, -0.438919, 0.112165, -0.364240, 0.076324, -0.075263, 0.259262, -0.157142]
Initialization finished.
Allocations finished.
Setup successful.
Solver is ready.
Starting solver...
Solver initialization verified.
Solver finished.
===== SQP Iteration: 0 =====
step_ (179 x 1): 
 3.73935e-09 -1.14359e-08  4.72116e-09 -5.62336e-09  6.81214e-09 -2.11728e-09 -1.25358e-08 -2.72289e-09 -3.92071e-07 -0.000164002  5.04046e-05  0.000128753  2.40156e-05  4.15395e-05  5.20065e-06 -6.59647e-05 -2.32553e-06 -0.000465316 -0.000328808  9.37474e-05  0.000257601  4.66025e-05  8.04726e-05  8.58641e-06 -0.000131496 -8.66021e-06 -0.000801384 -0.000494007  0.000132863  0.000387035  6.79937e-05  0.000116543  1.11451e-05 -0.000197044 -1.78806e-05  -0.00104237 -0.000658471  0.000169682  0.000518256   8.8104e-05  0.000150066  1.33977e-05 -0.000263028 -2.91793e-05  -0.00121709 -0.000829653  0.000205394  0.000641556   0.00010842  0.000180251   1.6085e-05 -0.000329914  -4.1926e-05  -0.00133206   -0.0010075  0.000238925  0.000757755  0.000130559  0.000209199  1.99347e-05 -0.000396634 -5.54475e-05  -0.00137232  -0.00119567  0.000272307  0.000861965  0.000155257  0.000236473  2.57749e-05 -0.000463473 -6.89159e-05  -0.00132179  -0.00136515  0.000311353  0.000989875  0.000179041  0.000267355  3.35075e-05 -0.000529953 -8.15107e-05  -0.00119759  -0.00101561  -0.00197916   0.00156539 -0.000967031  0.000610377 -0.000109692  0.000299562  0.000585298  -0.00080022  -0.00117959  -0.00192824    0.0016992 -0.000941894  0.000646412 -9.72449e-05  0.000235168  0.000577305 -0.000798361   -0.0218465   0.00408586    0.0171516   0.00339124   0.00461149  0.000747624  -0.00732093  -0.00929227   -0.0219538   0.00351361    0.0171635   0.00319028   0.00432151  0.000486936  -0.00727336  -0.00672025   -0.0220062   0.00317079    0.0172419   0.00302128   0.00400386  0.000367955   -0.0072753  -0.00482207   -0.0219082   0.00298439    0.0174799   0.00284025   0.00372129  0.000323878  -0.00732398  -0.00349833    -0.022803   0.00289444    0.0164248   0.00286918   0.00335094  0.000386343   -0.0074242  -0.00230331   -0.0236902   0.00271736    0.0154789   0.00312648    0.0032138  0.000553404  -0.00740603 -0.000806727   -0.0250664   0.00270502    0.0138821   0.00348792    0.0030281  0.000839498  -0.00741939   0.00101387   -0.0225762   0.00316449     0.017039   0.00335884    0.0034286   0.00111164  -0.00737955   0.00248929   -0.0213503   0.00367172     0.018552   0.00337658   0.00374879   0.00145022  -0.00730406   0.00312404    -0.021843   0.00412767    0.0178252   0.00355048   0.00399973    0.0017896  -0.00714814  3.75409e-05
========================================
primal_step_norm SUCCESS
SOLVED , sqp_iter_: 0
AFTER initial_guess_[0].uk: [0.088166, -0.430032, 0.149469, -0.356864, 0.088360, -0.073311, 0.240154, -0.203604]
BEFORE initial_guess_[0].uk: [0.086680, -0.428299, 0.148271, -0.356191, 0.088676, -0.072078, 0.239873, -0.139809]
Initialization finished.
Allocations finished.
Setup successful.
Solver is ready.
Starting solver...
Solver initialization verified.
Solver finished.
===== SQP Iteration: 0 =====
step_ (179 x 1): 
 1.35374e-08 -2.84427e-08  1.68192e-08 -1.87318e-08  2.06197e-08  -6.4102e-09  -1.4914e-08 -1.01774e-08 -2.85183e-06 -0.000167468   0.00010983  0.000143576  9.70272e-05  2.27757e-05 -4.71377e-05 -4.71483e-05 -2.31087e-06 -0.000459239 -0.000339395     0.000218  0.000288935  0.000193745  4.31812e-05 -9.61317e-05 -9.33952e-05 -8.57072e-06 -0.000791726 -0.000520968    0.0003315  0.000429571  0.000292509  5.99188e-05 -0.000145784 -0.000138814 -1.77709e-05  -0.00104698  -0.00067949  0.000453679  0.000607367  0.000389593  8.03772e-05 -0.000197334  -0.00018172 -2.94899e-05   -0.0012954 -0.000857698  0.000595167  0.000768352  0.000489559  9.83241e-05 -0.000249292 -0.000223414 -4.38506e-05  -0.00157556  -0.00105168  0.000760351  0.000916736  0.000591812  0.000115893 -0.000302549 -0.000263899 -6.10357e-05   -0.0018606  -0.00124781  0.000955439   0.00106874  0.000694499  0.000136469 -0.000357682 -0.000302907 -8.08898e-05  -0.00210976  -0.00144582   0.00118713   0.00122426  0.000797563  0.000160902 -0.000414331 -0.000340377 -0.000102862   -0.0022846  -0.00130139 -0.000821849   0.00195111 -0.000243578  0.000534771 -0.000612302   0.00045467   0.00054401  -0.00210002  -0.00150755 -0.000529701   0.00210286  -0.00013936  0.000567291 -0.000669353  0.000420415  0.000522666  -0.00216859   -0.0223107   0.00890394    0.0191227    0.0137066   0.00252559  -0.00677608  -0.00523455  -0.00910351   -0.0229036   0.00876822    0.0193616    0.0136615   0.00226369  -0.00704348  -0.00513342  -0.00664145   -0.0241881   0.00919948    0.0187328    0.0139499   0.00185708  -0.00713834  -0.00504166  -0.00511162   -0.0211171   0.00990217     0.023683    0.0137123   0.00227058  -0.00741143  -0.00476304  -0.00498392   -0.0237394    0.0114665    0.0214441    0.0141187   0.00199219  -0.00747025  -0.00462876  -0.00562118   -0.0258409    0.0133867    0.0197659    0.0144415   0.00195064  -0.00765708  -0.00449477  -0.00571759   -0.0261257      0.01581    0.0202484    0.0145027   0.00228447  -0.00792696  -0.00433086  -0.00499564   -0.0263766    0.0187769    0.0207166    0.0145556   0.00271257  -0.00814476  -0.00416022  -0.00350457   -0.0268303    0.0223603    0.0208861    0.0146459   0.00317377  -0.00821455  -0.00398272  -0.00117503   -0.0274625    0.0236771    0.0202143     0.014719   0.00360975  -0.00820236   -0.0038029   -0.0013728
========================================
primal_step_norm SUCCESS
SOLVED , sqp_iter_: 0
AFTER initial_guess_[0].uk: [0.038154, -0.408932, 0.189863, -0.326379, 0.095268, -0.089764, 0.226211, -0.185327]
BEFORE initial_guess_[0].uk: [0.035603, -0.406282, 0.189203, -0.325682, 0.095423, -0.088596, 0.226035, -0.120260]
Initialization finished.
Allocations finished.
Setup successful.
Solver is ready.
Starting solver...
Solver initialization verified.
Solver finished.
===== SQP Iteration: 0 =====
step_ (179 x 1): 
 1.53794e-09 -1.91035e-09  1.70328e-09 -2.31632e-09  2.22361e-09 -7.14274e-10 -9.02825e-09 -9.54795e-10 -1.74085e-07 -0.000163802   1.2502e-05  0.000120832 -1.20055e-05  5.56154e-05  1.72313e-05 -7.43211e-05 -2.14698e-06 -0.000444364 -0.000325281  1.02792e-05  0.000241331 -2.51738e-05  0.000110032  3.25002e-05 -0.000148346 -8.22947e-06 -0.000773669  -0.00048642 -6.81117e-06  0.000359092 -3.82134e-05  0.000162696  4.69274e-05 -0.000222257 -1.69947e-05 -0.000980674 -0.000682726 -4.03442e-05  0.000428947 -4.22943e-05  0.000206592  6.34832e-05  -0.00029706 -2.70193e-05  -0.00102504 -0.000846573 -8.32115e-05   0.00053819 -5.20626e-05  0.000253214  8.09409e-05 -0.000371029 -3.66242e-05 -0.000896208  -0.00103013 -0.000138359  0.000622432 -5.92843e-05  0.000292761  0.000102529 -0.000445308  -4.4207e-05  -0.00062055  -0.00119663 -0.000200994  0.000727146 -6.73825e-05  0.000331086  0.000128526 -0.000519213  -4.8531e-05 -0.000244378  -0.00135046   -0.0002722  0.000846512 -7.51653e-05  0.000367989   0.00015933 -0.000592925 -4.90636e-05  0.000137731   -0.0013357  -0.00230923   0.00172585    -0.001125  0.000786505 -3.58195e-06  0.000128567  0.000602384  0.000592743  -0.00144954  -0.00233822    0.0018976   -0.0011348   0.00083137  3.32188e-05  5.34336e-05   0.00060881  0.000692445   -0.0218151   0.00100742    0.0161019  -0.00170243   0.00617961   0.00247507  -0.00825285  -0.00896213   -0.0215097 -0.000180314    0.0160528   -0.0018609   0.00604138     0.002195  -0.00821729  -0.00657234   -0.0214648  -0.00138453    0.0156875  -0.00184216   0.00584625   0.00207424  -0.00820415  -0.00412174   -0.0261497  -0.00271641   0.00930566 -0.000576304   0.00487235    0.0023805  -0.00830288 -0.000871042    -0.021826  -0.00347267    0.0145522  -0.00137944   0.00517468   0.00251025  -0.00821006   0.00258724   -0.0244508  -0.00446829    0.0112218   -0.0010198   0.00438963   0.00310408  -0.00824448   0.00551978   -0.0221797  -0.00507533    0.0139491  -0.00114353   0.00425419   0.00373786  -0.00820309   0.00752782   -0.0204916   -0.0057701    0.0159007  -0.00109946   0.00409625   0.00442888  -0.00818191   0.00764497   -0.0166409   -0.0035892    0.0209857  -0.00130114   0.00451967   0.00502875   -0.0083443   0.00560931   -0.0151636  -0.00234974     0.022878   -0.0013833   0.00498031   0.00529099  -0.00834016   0.00199406
========================================
primal_step_norm SUCCESS
SOLVED , sqp_iter_: 0
AFTER initial_guess_[0].uk: [-0.011844, -0.404090, 0.224225, -0.329385, 0.111552, -0.082136, 0.204495, -0.165071]
BEFORE initial_guess_[0].uk: [-0.023549, -0.402160, 0.210801, -0.326432, 0.109897, -0.080138, 0.204261, -0.096755]
Initialization finished.
Allocations finished.
Setup successful.
Solver is ready.
Starting solver...
Solver initialization verified.
Solver finished.
[solveQP FAIL] solver status=7 (not Solved/SolvedInaccurate) at solve_count=228, sqp_iter=0
QP solve FAILED : 7 
QP_MaxIterReached
NOT SOLVED , sqp_iter_: 0
===================================================
================ QP did not solved ================
================ Max Iter reached ==================
===================================================
/home/mms-wonchan/.local/lib/python3.10/site-packages/numpy/core/fromnumeric.py:3504: RuntimeWarning: Mean of empty slice.
  return _methods._mean(a, axis=axis, dtype=dtype,
/home/mms-wonchan/.local/lib/python3.10/site-packages/numpy/core/_methods.py:129: RuntimeWarning: invalid value encountered in scalar divide
  ret = ret.dtype.type(ret / rcount)
posx and posy should be finite values
track X:  [0.554 0.554 0.553 0.551 0.547 0.544 0.539 0.533 0.527 0.52  0.512 0.503
 0.494 0.484 0.473 0.462 0.45  0.438 0.426 0.413 0.4   0.386 0.373 0.359
 0.345 0.331 0.317 0.303 0.289 0.276 0.263 0.25  0.237 0.224 0.213 0.201
 0.19  0.18  0.171 0.162 0.153 0.146 0.139 0.133 0.128 0.123 0.12  0.117
 0.115 0.115 0.115 0.115 0.117 0.12  0.123 0.128 0.133 0.139 0.146 0.153
 0.162 0.171 0.18  0.19  0.201 0.213 0.225 0.237 0.25  0.263 0.276 0.289
 0.303 0.317 0.331 0.345 0.359 0.373 0.386 0.4   0.413 0.426 0.438 0.45
 0.462 0.473 0.484 0.494 0.503 0.512 0.52  0.527 0.533 0.539 0.544 0.547
 0.551 0.553 0.554 0.554]
track Y:  [ 0.    -0.028 -0.055 -0.082 -0.107 -0.13  -0.152 -0.171 -0.187 -0.2
 -0.21  -0.217 -0.22  -0.219 -0.215 -0.208 -0.197 -0.183 -0.166 -0.147
 -0.125 -0.101 -0.075 -0.048 -0.021  0.007  0.035  0.062  0.088  0.113
  0.136  0.157  0.175  0.191  0.203  0.212  0.218  0.22   0.219  0.214
  0.206  0.194  0.179  0.162  0.141  0.119  0.095  0.069  0.042  0.014
 -0.014 -0.042 -0.069 -0.095 -0.119 -0.141 -0.162 -0.179 -0.194 -0.206
 -0.214 -0.219 -0.22  -0.218 -0.212 -0.203 -0.191 -0.175 -0.157 -0.136
 -0.113 -0.088 -0.062 -0.035 -0.007  0.021  0.048  0.075  0.101  0.125
  0.147  0.166  0.183  0.197  0.208  0.215  0.219  0.22   0.217  0.21
  0.2    0.187  0.171  0.152  0.13   0.107  0.082  0.055  0.028  0.   ]
track Z:  [0.521 0.521 0.521 0.521 0.521 0.521 0.521 0.521 0.521 0.521 0.521 0.521
 0.521 0.521 0.521 0.521 0.521 0.521 0.521 0.521 0.521 0.521 0.521 0.521
 0.521 0.521 0.521 0.521 0.521 0.521 0.521 0.521 0.521 0.521 0.521 0.521
 0.521 0.521 0.521 0.521 0.521 0.521 0.521 0.521 0.521 0.521 0.521 0.521
 0.521 0.521 0.521 0.521 0.521 0.521 0.521 0.521 0.521 0.521 0.521 0.521
 0.521 0.521 0.521 0.521 0.521 0.521 0.521 0.521 0.521 0.521 0.521 0.521
 0.521 0.521 0.521 0.521 0.521 0.521 0.521 0.521 0.521 0.521 0.521 0.521
 0.521 0.521 0.521 0.521 0.521 0.521 0.521 0.521 0.521 0.521 0.521 0.521
 0.521 0.521 0.521 0.521]
track R:  [[[ 1.  0.  0.]
  [ 0. -1.  0.]
  [ 0.  0. -1.]]

 [[ 1.  0.  0.]
  [ 0. -1.  0.]
  [ 0.  0. -1.]]

 [[ 1.  0.  0.]
  [ 0. -1.  0.]
  [ 0.  0. -1.]]

 [[ 1.  0.  0.]
  [ 0. -1.  0.]
  [ 0.  0. -1.]]

 [[ 1.  0.  0.]
  [ 0. -1.  0.]
  [ 0.  0. -1.]]

 [[ 1.  0.  0.]
  [ 0. -1.  0.]
  [ 0.  0. -1.]]

 [[ 1.  0.  0.]
  [ 0. -1.  0.]
  [ 0.  0. -1.]]

 [[ 1.  0.  0.]
  [ 0. -1.  0.]
  [ 0.  0. -1.]]

 [[ 1.  0.  0.]
  [ 0. -1.  0.]
  [ 0.  0. -1.]]

 [[ 1.  0.  0.]
  [ 0. -1.  0.]
  [ 0.  0. -1.]]

 [[ 1.  0.  0.]
  [ 0. -1.  0.]
  [ 0.  0. -1.]]

 [[ 1.  0.  0.]
  [ 0. -1.  0.]
  [ 0.  0. -1.]]

 [[ 1.  0.  0.]
  [ 0. -1.  0.]
  [ 0.  0. -1.]]

 [[ 1.  0.  0.]
  [ 0. -1.  0.]
  [ 0.  0. -1.]]

 [[ 1.  0.  0.]
  [ 0. -1.  0.]
  [ 0.  0. -1.]]

 [[ 1.  0.  0.]
  [ 0. -1.  0.]
  [ 0.  0. -1.]]

 [[ 1.  0.  0.]
  [ 0. -1.  0.]
  [ 0.  0. -1.]]

 [[ 1.  0.  0.]
  [ 0. -1.  0.]
  [ 0.  0. -1.]]

 [[ 1.  0.  0.]
  [ 0. -1.  0.]
  [ 0.  0. -1.]]

 [[ 1.  0.  0.]
  [ 0. -1.  0.]
  [ 0.  0. -1.]]

 [[ 1.  0.  0.]
  [ 0. -1.  0.]
  [ 0.  0. -1.]]

 [[ 1.  0.  0.]
  [ 0. -1.  0.]
  [ 0.  0. -1.]]

 [[ 1.  0.  0.]
  [ 0. -1.  0.]
  [ 0.  0. -1.]]

 [[ 1.  0.  0.]
  [ 0. -1.  0.]
  [ 0.  0. -1.]]

 [[ 1.  0.  0.]
  [ 0. -1.  0.]
  [ 0.  0. -1.]]

 [[ 1.  0.  0.]
  [ 0. -1.  0.]
  [ 0.  0. -1.]]

 [[ 1.  0.  0.]
  [ 0. -1.  0.]
  [ 0.  0. -1.]]

 [[ 1.  0.  0.]
  [ 0. -1.  0.]
  [ 0.  0. -1.]]

 [[ 1.  0.  0.]
  [ 0. -1.  0.]
  [ 0.  0. -1.]]

 [[ 1.  0.  0.]
  [ 0. -1.  0.]
  [ 0.  0. -1.]]

 [[ 1.  0.  0.]
  [ 0. -1.  0.]
  [ 0.  0. -1.]]

 [[ 1.  0.  0.]
  [ 0. -1.  0.]
  [ 0.  0. -1.]]

 [[ 1.  0.  0.]
  [ 0. -1.  0.]
  [ 0.  0. -1.]]

 [[ 1.  0.  0.]
  [ 0. -1.  0.]
  [ 0.  0. -1.]]

 [[ 1.  0.  0.]
  [ 0. -1.  0.]
  [ 0.  0. -1.]]

 [[ 1.  0.  0.]
  [ 0. -1.  0.]
  [ 0.  0. -1.]]

 [[ 1.  0.  0.]
  [ 0. -1.  0.]
  [ 0.  0. -1.]]

 [[ 1.  0.  0.]
  [ 0. -1.  0.]
  [ 0.  0. -1.]]

 [[ 1.  0.  0.]
  [ 0. -1.  0.]
  [ 0.  0. -1.]]

 [[ 1.  0.  0.]
  [ 0. -1.  0.]
  [ 0.  0. -1.]]

 [[ 1.  0.  0.]
  [ 0. -1.  0.]
  [ 0.  0. -1.]]

 [[ 1.  0.  0.]
  [ 0. -1.  0.]
  [ 0.  0. -1.]]

 [[ 1.  0.  0.]
  [ 0. -1.  0.]
  [ 0.  0. -1.]]

 [[ 1.  0.  0.]
  [ 0. -1.  0.]
  [ 0.  0. -1.]]

 [[ 1.  0.  0.]
  [ 0. -1.  0.]
  [ 0.  0. -1.]]

 [[ 1.  0.  0.]
  [ 0. -1.  0.]
  [ 0.  0. -1.]]

 [[ 1.  0.  0.]
  [ 0. -1.  0.]
  [ 0.  0. -1.]]

 [[ 1.  0.  0.]
  [ 0. -1.  0.]
  [ 0.  0. -1.]]

 [[ 1.  0.  0.]
  [ 0. -1.  0.]
  [ 0.  0. -1.]]

 [[ 1.  0.  0.]
  [ 0. -1.  0.]
  [ 0.  0. -1.]]

 [[ 1.  0.  0.]
  [ 0. -1.  0.]
  [ 0.  0. -1.]]

 [[ 1.  0.  0.]
  [ 0. -1.  0.]
  [ 0.  0. -1.]]

 [[ 1.  0.  0.]
  [ 0. -1.  0.]
  [ 0.  0. -1.]]

 [[ 1.  0.  0.]
  [ 0. -1.  0.]
  [ 0.  0. -1.]]

 [[ 1.  0.  0.]
  [ 0. -1.  0.]
  [ 0.  0. -1.]]

 [[ 1.  0.  0.]
  [ 0. -1.  0.]
  [ 0.  0. -1.]]

 [[ 1.  0.  0.]
  [ 0. -1.  0.]
  [ 0.  0. -1.]]

 [[ 1.  0.  0.]
  [ 0. -1.  0.]
  [ 0.  0. -1.]]

 [[ 1.  0.  0.]
  [ 0. -1.  0.]
  [ 0.  0. -1.]]

 [[ 1.  0.  0.]
  [ 0. -1.  0.]
  [ 0.  0. -1.]]

 [[ 1.  0.  0.]
  [ 0. -1.  0.]
  [ 0.  0. -1.]]

 [[ 1.  0.  0.]
  [ 0. -1.  0.]
  [ 0.  0. -1.]]

 [[ 1.  0.  0.]
  [ 0. -1.  0.]
  [ 0.  0. -1.]]

 [[ 1.  0.  0.]
  [ 0. -1.  0.]
  [ 0.  0. -1.]]

 [[ 1.  0.  0.]
  [ 0. -1.  0.]
  [ 0.  0. -1.]]

 [[ 1.  0.  0.]
  [ 0. -1.  0.]
  [ 0.  0. -1.]]

 [[ 1.  0.  0.]
  [ 0. -1.  0.]
  [ 0.  0. -1.]]

 [[ 1.  0.  0.]
  [ 0. -1.  0.]
  [ 0.  0. -1.]]

 [[ 1.  0.  0.]
  [ 0. -1.  0.]
  [ 0.  0. -1.]]

 [[ 1.  0.  0.]
  [ 0. -1.  0.]
  [ 0.  0. -1.]]

 [[ 1.  0.  0.]
  [ 0. -1.  0.]
  [ 0.  0. -1.]]

 [[ 1.  0.  0.]
  [ 0. -1.  0.]
  [ 0.  0. -1.]]

 [[ 1.  0.  0.]
  [ 0. -1.  0.]
  [ 0.  0. -1.]]

 [[ 1.  0.  0.]
  [ 0. -1.  0.]
  [ 0.  0. -1.]]

 [[ 1.  0.  0.]
  [ 0. -1.  0.]
  [ 0.  0. -1.]]

 [[ 1.  0.  0.]
  [ 0. -1.  0.]
  [ 0.  0. -1.]]

 [[ 1.  0.  0.]
  [ 0. -1.  0.]
  [ 0.  0. -1.]]

 [[ 1.  0.  0.]
  [ 0. -1.  0.]
  [ 0.  0. -1.]]

 [[ 1.  0.  0.]
  [ 0. -1.  0.]
  [ 0.  0. -1.]]

 [[ 1.  0.  0.]
  [ 0. -1.  0.]
  [ 0.  0. -1.]]

 [[ 1.  0.  0.]
  [ 0. -1.  0.]
  [ 0.  0. -1.]]

 [[ 1.  0.  0.]
  [ 0. -1.  0.]
  [ 0.  0. -1.]]

 [[ 1.  0.  0.]
  [ 0. -1.  0.]
  [ 0.  0. -1.]]

 [[ 1.  0.  0.]
  [ 0. -1.  0.]
  [ 0.  0. -1.]]

 [[ 1.  0.  0.]
  [ 0. -1.  0.]
  [ 0.  0. -1.]]

 [[ 1.  0.  0.]
  [ 0. -1.  0.]
  [ 0.  0. -1.]]

 [[ 1.  0.  0.]
  [ 0. -1.  0.]
  [ 0.  0. -1.]]

 [[ 1.  0.  0.]
  [ 0. -1.  0.]
  [ 0.  0. -1.]]

 [[ 1.  0.  0.]
  [ 0. -1.  0.]
  [ 0.  0. -1.]]

 [[ 1.  0.  0.]
  [ 0. -1.  0.]
  [ 0.  0. -1.]]

 [[ 1.  0.  0.]
  [ 0. -1.  0.]
  [ 0.  0. -1.]]

 [[ 1.  0.  0.]
  [ 0. -1.  0.]
  [ 0.  0. -1.]]

 [[ 1.  0.  0.]
  [ 0. -1.  0.]
  [ 0.  0. -1.]]

 [[ 1.  0.  0.]
  [ 0. -1.  0.]
  [ 0.  0. -1.]]

 [[ 1.  0.  0.]
  [ 0. -1.  0.]
  [ 0.  0. -1.]]

 [[ 1.  0.  0.]
  [ 0. -1.  0.]
  [ 0.  0. -1.]]

 [[ 1.  0.  0.]
  [ 0. -1.  0.]
  [ 0.  0. -1.]]

 [[ 1.  0.  0.]
  [ 0. -1.  0.]
  [ 0.  0. -1.]]

 [[ 1.  0.  0.]
  [ 0. -1.  0.]
  [ 0.  0. -1.]]

 [[ 1.  0.  0.]
  [ 0. -1.  0.]
  [ 0.  0. -1.]]]
MPC did not solve properly!!

================================================================================
=== ReLU Deactivation Statistics ===
================================================================================
Layer    Total Units     Avg Deact       Min Deact       Max Deact       Deact %        
--------------------------------------------------------------------------------
================================================================================

Saved figure to ../result/main_w_sim_1/final_truncate_addertree_all/final_truncate_addertree_all_inference_times.png
Data written to ../result/main_w_sim_1/final_truncate_addertree_all/final_truncate_addertree_all_debug_data.mat
Data written to ../result/main_w_sim_1/final_truncate_addertree_all/final_truncate_addertree_all_time_data.mat
mean nmpc time[sec]: 0.057550 
max nmpc time[sec]: 0.082614 
Saved figure to ../result/main_w_sim_1/final_truncate_addertree_all/final_truncate_addertree_all_computation_times.png
Saved figure to ../result/main_w_sim_1/final_truncate_addertree_all/final_truncate_addertree_all_performance_metrics.png
posx and posy should be finite values
posx and posy should be finite values
posx and posy should be finite values
